chand_period,chand_mult,universe,window,return_pct,sharpe,max_dd_pct,trades,win_rate_pct,pass
10,1,Base5,0,-16.58,0.7756,66.60,21,28.57,false
10,1,Base5,1,537.37,5.3749,22.40,20,60.00,true
10,1,Base5,2,-15.09,0.7246,49.25,24,29.17,false
10,1,Base5,3,242.05,8.2128,27.61,24,54.17,true
10,1,Base5,4,6.54,1.4078,22.09,15,40.00,true
10,1,Base5,5,97.34,5.6163,10.89,20,60.00,true
10,1,NoDOGE,0,-5.47,1.2822,66.60,21,33.33,false
10,1,NoDOGE,1,171.61,20.0739,5.93,11,54.55,true
10,1,NoDOGE,2,61.94,4.6934,26.59,18,33.33,true
10,1,NoDOGE,3,321.86,9.4177,27.61,23,60.87,true
10,1,NoDOGE,4,21.86,3.1396,20.12,12,50.00,true
10,1,NoDOGE,5,37.41,3.8293,13.50,17,52.94,true
10,1,Legacy4,0,-26.23,-1.2465,45.32,25,40.00,false
10,1,Legacy4,1,121.37,8.1701,24.59,19,47.37,true
10,1,Legacy4,2,-18.48,-0.6906,32.75,19,42.11,false
10,1,Legacy4,3,-29.86,-1.3034,45.82,20,40.00,false
10,1,Legacy4,4,-27.60,-6.9261,31.59,10,40.00,false
10,1,Legacy4,5,-11.15,-2.3549,17.33,17,41.18,false
10,1,Legacy5BNB,0,-50.56,-4.5532,65.55,26,38.46,false
10,1,Legacy5BNB,1,114.35,9.2427,13.28,15,53.33,true
10,1,Legacy5BNB,2,29.03,2.6932,25.05,22,45.45,true
10,1,Legacy5BNB,3,12.01,1.6254,44.02,17,58.82,true
10,1,Legacy5BNB,4,5.94,1.7023,17.26,11,45.45,true
10,1,Legacy5BNB,5,-25.66,-4.3067,34.18,19,42.11,false
10,1,OldGuardNoBNB,0,28.20,2.1111,38.34,31,41.94,true
10,1,OldGuardNoBNB,1,61.04,4.9173,32.70,18,50.00,true
10,1,OldGuardNoBNB,2,-18.48,-0.6906,32.75,19,42.11,false
10,1,OldGuardNoBNB,3,-29.86,-1.3034,45.82,20,40.00,false
10,1,OldGuardNoBNB,4,-27.60,-6.9261,31.59,10,40.00,false
10,1,OldGuardNoBNB,5,26.03,4.5755,6.77,18,50.00,true
10,1,LargeCaps5,0,-40.78,-0.6948,66.60,24,29.17,false
10,1,LargeCaps5,1,176.25,21.4488,5.93,11,54.55,true
10,1,LargeCaps5,2,35.68,3.7663,35.95,18,27.78,true
10,1,LargeCaps5,3,232.74,8.5783,27.89,21,61.90,true
10,1,LargeCaps5,4,22.51,3.0945,20.12,12,50.00,true
10,1,LargeCaps5,5,23.08,2.6361,13.50,18,44.44,true
10,1,Legacy3,0,-5.64,0.3029,45.82,22,40.91,false
10,1,Legacy3,1,68.17,6.8764,22.24,16,50.00,true
10,1,Legacy3,2,118.52,7.7620,25.73,20,50.00,true
10,1,Legacy3,3,154.41,6.4644,14.41,18,61.11,true
10,1,Legacy3,4,-36.19,-5.1225,43.84,13,30.77,false
10,1,Legacy3,5,-4.95,-1.1646,13.86,14,42.86,false
10,1,LowVolume5,0,6.63,1.1759,23.70,22,45.45,true
10,1,LowVolume5,1,55.80,5.8053,15.17,15,46.67,true
10,1,LowVolume5,2,155.22,5.6029,31.76,25,32.00,true
10,1,LowVolume5,3,499.66,10.1395,24.15,21,57.14,true
10,1,LowVolume5,4,-42.84,-3.9705,42.84,17,29.41,false
10,1,LowVolume5,5,-14.07,-1.9087,23.93,22,50.00,false
10,1,OldGuard4,0,35.36,2.6437,37.77,25,56.00,true
10,1,OldGuard4,1,65.79,5.4976,24.30,20,50.00,true
10,1,OldGuard4,2,136.97,8.3699,17.32,20,55.00,true
10,1,OldGuard4,3,154.41,6.4644,14.41,18,61.11,true
10,1,OldGuard4,4,-24.67,-2.2071,31.62,15,33.33,false
10,1,OldGuard4,5,22.28,4.5839,13.48,17,47.06,true
10,1.5,Base5,0,-5.95,1.3276,67.12,17,35.29,false
10,1.5,Base5,1,178.37,2.8808,36.25,15,73.33,true
10,1.5,Base5,2,34.17,3.5832,34.47,14,35.71,true
10,1.5,Base5,3,282.10,9.5809,41.89,16,56.25,true
10,1.5,Base5,4,0.58,0.5376,15.76,10,60.00,true
10,1.5,Base5,5,51.95,3.3886,14.85,18,55.56,true
10,1.5,NoDOGE,0,-5.95,1.3276,67.12,17,35.29,false
10,1.5,NoDOGE,1,67.76,10.9591,12.67,10,60.00,true
10,1.5,NoDOGE,2,151.28,9.2531,14.85,10,50.00,true
10,1.5,NoDOGE,3,371.25,10.7649,41.89,15,66.67,true
10,1.5,NoDOGE,4,15.75,2.9071,10.33,8,62.50,true
10,1.5,NoDOGE,5,49.82,4.2292,17.03,13,53.85,true
10,1.5,Legacy4,0,152.47,6.2673,40.91,17,58.82,true
10,1.5,Legacy4,1,49.00,6.8634,15.57,13,61.54,true
10,1.5,Legacy4,2,-47.01,-3.2079,51.79,13,23.08,false
10,1.5,Legacy4,3,-16.09,-0.4892,33.51,12,50.00,false
10,1.5,Legacy4,4,-29.39,-6.6934,33.05,7,28.57,false
10,1.5,Legacy4,5,11.14,2.0990,23.92,13,38.46,true
10,1.5,Legacy5BNB,0,50.06,3.3726,50.78,17,64.71,true
10,1.5,Legacy5BNB,1,102.27,13.7962,14.18,9,66.67,true
10,1.5,Legacy5BNB,2,-48.28,-3.4411,55.04,14,21.43,false
10,1.5,Legacy5BNB,3,44.43,4.5669,21.46,10,50.00,true
10,1.5,Legacy5BNB,4,-27.33,-5.4218,27.33,8,37.50,false
10,1.5,Legacy5BNB,5,-15.02,-1.4359,22.01,12,50.00,false
10,1.5,OldGuardNoBNB,0,120.82,5.3767,42.13,22,50.00,true
10,1.5,OldGuardNoBNB,1,-0.21,0.5226,39.83,15,53.33,false
10,1.5,OldGuardNoBNB,2,-47.01,-3.2079,51.79,13,23.08,false
10,1.5,OldGuardNoBNB,3,-16.09,-0.4892,33.51,12,50.00,false
10,1.5,OldGuardNoBNB,4,-29.39,-6.6934,33.05,7,28.57,false
10,1.5,OldGuardNoBNB,5,109.87,8.2858,8.58,13,53.85,true
10,1.5,LargeCaps5,0,-22.05,0.6106,67.12,20,40.00,false
10,1.5,LargeCaps5,1,60.56,9.5676,16.25,10,60.00,true
10,1.5,LargeCaps5,2,114.91,7.9905,20.13,10,40.00,true
10,1.5,LargeCaps5,3,276.93,9.7488,48.43,12,50.00,true
10,1.5,LargeCaps5,4,30.82,5.1776,10.33,8,75.00,true
10,1.5,LargeCaps5,5,43.01,3.8128,17.03,13,46.15,true
10,1.5,Legacy3,0,110.31,5.2324,45.90,16,43.75,true
10,1.5,Legacy3,1,54.91,6.9932,19.26,13,61.54,true
10,1.5,Legacy3,2,41.51,3.9554,38.87,14,28.57,true
10,1.5,Legacy3,3,240.88,11.0407,16.93,12,75.00,true
10,1.5,Legacy3,4,-41.40,-4.7614,44.43,10,40.00,false
10,1.5,Legacy3,5,-10.16,-1.5135,21.43,10,20.00,false
10,1.5,LowVolume5,0,219.69,7.3634,21.86,16,62.50,true
10,1.5,LowVolume5,1,48.21,6.0170,13.83,12,58.33,true
10,1.5,LowVolume5,2,397.12,8.8694,37.06,16,43.75,true
10,1.5,LowVolume5,3,689.23,14.8720,26.31,14,57.14,true
10,1.5,LowVolume5,4,-38.93,-2.8734,47.17,12,41.67,false
10,1.5,LowVolume5,5,-24.65,-2.9064,32.78,16,31.25,false
10,1.5,OldGuard4,0,271.15,8.4252,36.60,18,66.67,true
10,1.5,OldGuard4,1,0.43,0.5745,24.79,16,43.75,true
10,1.5,OldGuard4,2,41.37,3.7203,37.31,14,28.57,true
10,1.5,OldGuard4,3,240.88,11.0407,16.93,12,75.00,true
10,1.5,OldGuard4,4,-30.82,-2.4521,39.56,12,41.67,false
10,1.5,OldGuard4,5,38.80,4.5827,13.36,13,30.77,true
10,2,Base5,0,279.78,10.3375,31.14,9,44.44,true
10,2,Base5,1,127.31,2.4912,21.86,12,41.67,true
10,2,Base5,2,104.47,7.3208,19.24,10,50.00,true
10,2,Base5,3,16.19,3.2932,50.57,12,41.67,true
10,2,Base5,4,-22.61,-3.8427,22.61,9,44.44,false
10,2,Base5,5,34.43,3.6548,31.82,12,50.00,true
10,2,NoDOGE,0,279.78,10.3375,31.14,9,44.44,true
10,2,NoDOGE,1,27.41,5.0813,24.92,9,44.44,true
10,2,NoDOGE,2,270.72,15.8589,12.68,6,66.67,true
10,2,NoDOGE,3,141.72,7.9895,42.98,11,54.55,true
10,2,NoDOGE,4,-7.67,-1.6121,15.27,7,42.86,false
10,2,NoDOGE,5,33.28,3.9737,21.77,11,54.55,true
10,2,Legacy4,0,320.80,15.8639,9.48,10,60.00,true
10,2,Legacy4,1,20.80,2.8365,22.35,11,36.36,true
10,2,Legacy4,2,-25.26,-1.5278,39.73,9,33.33,false
10,2,Legacy4,3,-25.90,-2.0958,39.03,10,30.00,false
10,2,Legacy4,4,-17.89,-5.2474,18.00,6,33.33,false
10,2,Legacy4,5,9.60,2.6296,23.54,10,40.00,true
10,2,Legacy5BNB,0,243.31,19.0128,9.48,10,70.00,true
10,2,Legacy5BNB,1,-1.69,0.6054,20.93,9,44.44,false
10,2,Legacy5BNB,2,-31.24,-2.0880,38.27,8,37.50,false
10,2,Legacy5BNB,3,-12.26,0.4224,39.03,9,22.22,false
10,2,Legacy5BNB,4,-15.67,-3.0900,15.67,6,50.00,false
10,2,Legacy5BNB,5,1.28,1.1994,25.00,10,40.00,true
10,2,OldGuardNoBNB,0,187.42,8.9292,25.07,15,53.33,true
10,2,OldGuardNoBNB,1,-37.07,-3.7490,45.86,11,45.45,false
10,2,OldGuardNoBNB,2,-25.26,-1.5278,39.73,9,33.33,false
10,2,OldGuardNoBNB,3,-25.90,-2.0958,39.03,10,30.00,false
10,2,OldGuardNoBNB,4,-17.89,-5.2474,18.00,6,33.33,false
10,2,OldGuardNoBNB,5,28.47,5.7050,16.60,10,50.00,true
10,2,LargeCaps5,0,248.01,9.0720,31.14,10,40.00,true
10,2,LargeCaps5,1,32.16,5.9642,22.12,9,44.44,true
10,2,LargeCaps5,2,164.72,11.7278,22.60,7,57.14,true
10,2,LargeCaps5,3,83.33,5.7891,47.37,10,40.00,true
10,2,LargeCaps5,4,8.11,2.4347,13.87,7,57.14,true
10,2,LargeCaps5,5,27.22,3.4326,21.77,11,45.45,true
10,2,Legacy3,0,134.99,7.1097,28.30,12,50.00,true
10,2,Legacy3,1,23.40,3.1783,31.26,10,60.00,true
10,2,Legacy3,2,24.90,2.6077,30.65,11,27.27,true
10,2,Legacy3,3,250.75,9.8705,31.05,9,55.56,true
10,2,Legacy3,4,-49.65,-6.6309,49.65,8,12.50,false
10,2,Legacy3,5,-12.71,-1.8883,19.10,8,25.00,false
10,2,LowVolume5,0,-7.68,1.0390,48.88,14,42.86,false
10,2,LowVolume5,1,78.57,6.8873,25.35,10,70.00,true
10,2,LowVolume5,2,314.82,10.1411,17.93,11,54.55,true
10,2,LowVolume5,3,663.88,16.1977,13.54,8,62.50,true
10,2,LowVolume5,4,-41.24,-5.1990,41.24,10,20.00,false
10,2,LowVolume5,5,-19.69,-3.0761,20.24,10,20.00,false
10,2,OldGuard4,0,413.27,14.1889,22.63,11,72.73,true
10,2,OldGuard4,1,-0.28,0.6672,33.46,12,33.33,false
10,2,OldGuard4,2,32.77,2.8572,30.65,11,27.27,true
10,2,OldGuard4,3,250.75,9.8705,31.05,9,55.56,true
10,2,OldGuard4,4,-35.13,-9.7219,35.13,9,22.22,false
10,2,OldGuard4,5,-11.04,-1.6765,19.10,9,33.33,false
10,2.5,Base5,0,1.20,2.2162,56.02,8,37.50,true
10,2.5,Base5,1,-5.92,0.4402,32.60,12,25.00,false
10,2.5,Base5,2,397.91,11.4541,28.23,9,55.56,true
10,2.5,Base5,3,8.19,2.7224,54.26,9,44.44,true
10,2.5,Base5,4,-37.32,-14.9889,37.32,8,12.50,false
10,2.5,Base5,5,73.84,6.6551,12.03,9,66.67,true
10,2.5,NoDOGE,0,85.38,7.0760,40.64,7,42.86,true
10,2.5,NoDOGE,1,35.26,5.9717,16.25,6,66.67,true
10,2.5,NoDOGE,2,807.96,14.6635,17.72,7,57.14,true
10,2.5,NoDOGE,3,125.09,6.7514,26.94,8,62.50,true
10,2.5,NoDOGE,4,-29.59,-12.3524,29.59,7,14.29,false
10,2.5,NoDOGE,5,6.48,1.7343,19.41,9,44.44,true
10,2.5,Legacy4,0,175.04,16.2015,9.48,9,55.56,true
10,2.5,Legacy4,1,44.05,5.2913,30.47,9,33.33,true
10,2.5,Legacy4,2,-8.02,-1.3814,20.24,6,33.33,false
10,2.5,Legacy4,3,-52.18,-9.4849,52.18,8,25.00,false
10,2.5,Legacy4,4,-33.85,-10.4378,33.85,6,16.67,false
10,2.5,Legacy4,5,29.38,7.0745,18.03,7,71.43,true
10,2.5,Legacy5BNB,0,162.58,14.6605,9.48,9,55.56,true
10,2.5,Legacy5BNB,1,38.08,6.4720,20.93,7,57.14,true
10,2.5,Legacy5BNB,2,-11.84,-2.9692,20.24,6,33.33,false
10,2.5,Legacy5BNB,3,-18.28,0.0216,42.06,7,28.57,false
10,2.5,Legacy5BNB,4,-22.38,-3.9295,24.69,5,40.00,false
10,2.5,Legacy5BNB,5,-10.70,0.0033,26.73,8,37.50,false
10,2.5,OldGuardNoBNB,0,73.23,7.6428,22.12,11,45.45,true
10,2.5,OldGuardNoBNB,1,-68.27,-10.8265,69.39,10,30.00,false
10,2.5,OldGuardNoBNB,2,-8.02,-1.3814,20.24,6,33.33,false
10,2.5,OldGuardNoBNB,3,-52.18,-9.4849,52.18,8,25.00,false
10,2.5,OldGuardNoBNB,4,-33.85,-10.4378,33.85,6,16.67,false
10,2.5,OldGuardNoBNB,5,55.22,13.5488,8.96,7,85.71,true
10,2.5,LargeCaps5,0,184.03,9.1431,40.64,7,42.86,true
10,2.5,LargeCaps5,1,40.31,7.2160,13.12,6,66.67,true
10,2.5,LargeCaps5,2,949.71,15.1536,13.86,6,66.67,true
10,2.5,LargeCaps5,3,119.65,6.5054,32.57,8,50.00,true
10,2.5,LargeCaps5,4,-24.13,-9.0750,24.13,7,42.86,false
10,2.5,LargeCaps5,5,6.48,1.7343,19.41,9,44.44,true
10,2.5,Legacy3,0,67.38,6.0233,34.38,10,40.00,true
10,2.5,Legacy3,1,13.10,2.7399,39.48,8,37.50,true
10,2.5,Legacy3,2,42.34,4.5674,26.12,8,25.00,true
10,2.5,Legacy3,3,33.93,4.5984,43.53,9,44.44,true
10,2.5,Legacy3,4,-22.95,-5.8990,28.06,5,20.00,false
10,2.5,Legacy3,5,11.12,4.3119,11.70,5,60.00,true
10,2.5,LowVolume5,0,-51.66,-3.1109,66.48,11,27.27,false
10,2.5,LowVolume5,1,67.65,6.2605,28.77,8,50.00,true
10,2.5,LowVolume5,2,1133.68,13.9766,26.87,8,50.00,true
10,2.5,LowVolume5,3,181.20,9.9946,15.15,8,62.50,true
10,2.5,LowVolume5,4,-31.98,-5.4678,31.98,7,28.57,false
10,2.5,LowVolume5,5,0.15,1.3684,13.90,7,42.86,true
10,2.5,OldGuard4,0,112.88,10.5179,20.49,10,50.00,true
10,2.5,OldGuard4,1,-31.08,-1.9738,37.79,9,22.22,false
10,2.5,OldGuard4,2,40.21,4.4576,25.29,8,25.00,true
10,2.5,OldGuard4,3,33.93,4.5984,43.53,9,44.44,true
10,2.5,OldGuard4,4,-29.82,-7.5122,29.82,6,16.67,false
10,2.5,OldGuard4,5,13.25,4.4231,11.70,6,66.67,true
10,3,Base5,0,14.66,3.3294,53.90,7,42.86,true
10,3,Base5,1,18.18,2.2262,35.87,10,40.00,true
10,3,Base5,2,698.11,13.1706,18.61,6,66.67,true
10,3,Base5,3,12.50,2.9076,45.51,8,50.00,true
10,3,Base5,4,113.17,16.2567,13.30,5,40.00,true
10,3,Base5,5,56.53,7.7464,16.32,7,71.43,true
10,3,NoDOGE,0,160.38,8.9662,36.31,6,50.00,true
10,3,NoDOGE,1,-5.43,-1.0380,17.07,6,50.00,false
10,3,NoDOGE,2,867.70,13.7214,16.93,6,50.00,true
10,3,NoDOGE,3,134.05,9.0206,14.25,7,71.43,true
10,3,NoDOGE,4,145.80,22.8830,5.11,4,50.00,true
10,3,NoDOGE,5,29.24,6.0696,20.94,6,66.67,true
10,3,Legacy4,0,100.66,14.1614,11.60,8,62.50,true
10,3,Legacy4,1,25.75,5.1490,35.18,7,42.86,true
10,3,Legacy4,2,-24.68,-8.0929,34.08,6,33.33,false
10,3,Legacy4,3,45.03,7.1349,29.17,6,33.33,true
10,3,Legacy4,4,-41.21,-18.9606,41.21,5,0.00,false
10,3,Legacy4,5,15.15,4.2568,25.36,7,57.14,true
10,3,Legacy5BNB,0,139.96,13.3566,11.60,9,55.56,true
10,3,Legacy5BNB,1,-10.35,-0.3600,38.05,7,42.86,false
10,3,Legacy5BNB,2,-27.81,-11.0466,34.08,6,33.33,false
10,3,Legacy5BNB,3,65.20,8.8646,15.32,5,40.00,true
10,3,Legacy5BNB,4,-28.97,-6.2145,28.97,5,20.00,false
10,3,Legacy5BNB,5,-8.98,0.0182,26.96,8,37.50,false
10,3,OldGuardNoBNB,0,6.12,2.2172,17.81,10,40.00,true
10,3,OldGuardNoBNB,1,-74.09,-11.0652,75.19,8,37.50,false
10,3,OldGuardNoBNB,2,-24.68,-8.0929,34.08,6,33.33,false
10,3,OldGuardNoBNB,3,45.03,7.1349,29.17,6,33.33,true
10,3,OldGuardNoBNB,4,-41.21,-18.9606,41.21,5,0.00,false
10,3,OldGuardNoBNB,5,24.26,6.7570,17.61,7,57.14,true
10,3,LargeCaps5,0,137.21,7.9965,36.31,7,42.86,true
10,3,LargeCaps5,1,-3.85,-0.8084,15.69,6,50.00,false
10,3,LargeCaps5,2,745.39,13.3309,16.93,6,50.00,true
10,3,LargeCaps5,3,61.79,5.7700,16.72,7,57.14,true
10,3,LargeCaps5,4,145.80,22.8830,5.11,4,50.00,true
10,3,LargeCaps5,5,29.24,6.0696,20.94,6,66.67,true
10,3,Legacy3,0,43.26,6.2853,18.48,8,50.00,true
10,3,Legacy3,1,10.05,2.9960,30.96,6,50.00,true
10,3,Legacy3,2,-29.17,-7.7018,34.75,7,28.57,false
10,3,Legacy3,3,5.84,2.6949,40.54,7,42.86,true
10,3,Legacy3,4,-24.46,-7.9635,26.10,5,20.00,false
10,3,Legacy3,5,-1.10,1.1188,19.17,5,40.00,false
10,3,LowVolume5,0,-30.61,-2.0483,41.56,9,33.33,false
10,3,LowVolume5,1,45.47,5.9368,30.96,8,50.00,true
10,3,LowVolume5,2,836.33,12.6419,32.89,8,37.50,true
10,3,LowVolume5,3,77.29,7.1070,20.41,7,42.86,true
10,3,LowVolume5,4,-34.89,-6.7299,34.89,7,28.57,false
10,3,LowVolume5,5,-22.51,-3.1349,32.31,7,28.57,false
10,3,OldGuard4,0,78.53,11.5742,10.17,8,62.50,true
10,3,OldGuard4,1,-24.80,-2.2843,35.18,8,37.50,false
10,3,OldGuard4,2,-31.89,-9.2537,35.60,7,28.57,false
10,3,OldGuard4,3,5.84,2.6949,40.54,7,42.86,true
10,3,OldGuard4,4,-32.57,-10.1606,32.57,6,16.67,false
10,3,OldGuard4,5,-9.33,-1.7778,20.09,6,33.33,false
10,3.5,Base5,0,131.44,10.6745,36.52,6,50.00,true
10,3.5,Base5,1,-36.18,-1.9971,46.73,9,22.22,false
10,3.5,Base5,2,838.64,13.1887,11.91,5,80.00,true
10,3.5,Base5,3,25.46,5.8428,19.81,7,42.86,true
10,3.5,Base5,4,107.22,13.8828,23.29,5,40.00,true
10,3.5,Base5,5,37.68,5.7561,16.32,7,71.43,true
10,3.5,NoDOGE,0,171.17,10.9649,36.52,6,50.00,true
10,3.5,NoDOGE,1,-3.02,-0.4613,17.32,5,60.00,false
10,3.5,NoDOGE,2,791.58,12.1006,11.91,6,66.67,true
10,3.5,NoDOGE,3,25.46,5.8428,19.81,7,42.86,true
10,3.5,NoDOGE,4,129.31,19.3000,11.48,4,50.00,true
10,3.5,NoDOGE,5,-2.41,0.8065,34.02,6,66.67,false
10,3.5,Legacy4,0,208.60,23.1634,11.36,6,66.67,true
10,3.5,Legacy4,1,37.80,7.1365,16.57,6,50.00,true
10,3.5,Legacy4,2,93.79,10.9900,21.28,5,40.00,true
10,3.5,Legacy4,3,85.68,8.8735,29.17,6,50.00,true
10,3.5,Legacy4,4,-33.90,-19.9359,33.90,4,0.00,false
10,3.5,Legacy4,5,-7.55,-0.4514,31.09,7,42.86,false
10,3.5,Legacy5BNB,0,323.60,21.1933,11.36,7,57.14,true
10,3.5,Legacy5BNB,1,-24.36,-2.7839,47.74,7,28.57,false
10,3.5,Legacy5BNB,2,85.74,10.6016,21.28,5,40.00,true
10,3.5,Legacy5BNB,3,88.12,9.6743,14.25,5,60.00,true
10,3.5,Legacy5BNB,4,-27.04,-3.2728,34.64,5,20.00,false
10,3.5,Legacy5BNB,5,-32.23,-3.3557,38.66,8,25.00,false
10,3.5,OldGuardNoBNB,0,76.47,9.9500,24.44,8,50.00,true
10,3.5,OldGuardNoBNB,1,-50.57,-13.7282,50.57,6,16.67,false
10,3.5,OldGuardNoBNB,2,93.79,10.9900,21.28,5,40.00,true
10,3.5,OldGuardNoBNB,3,85.68,8.8735,29.17,6,50.00,true
10,3.5,OldGuardNoBNB,4,-33.90,-19.9359,33.90,4,0.00,false
10,3.5,OldGuardNoBNB,5,-14.26,-4.1272,23.49,7,42.86,false
10,3.5,LargeCaps5,0,171.17,10.9649,36.52,6,50.00,true
10,3.5,LargeCaps5,1,-3.46,-0.5666,17.70,5,60.00,false
10,3.5,LargeCaps5,2,678.89,11.7387,11.91,6,66.67,true
10,3.5,LargeCaps5,3,25.17,5.5161,19.81,7,57.14,true
10,3.5,LargeCaps5,4,129.31,19.3000,11.48,4,50.00,true
10,3.5,LargeCaps5,5,-2.41,0.8065,34.02,6,66.67,false
10,3.5,Legacy3,0,270.37,24.2325,11.36,6,66.67,true
10,3.5,Legacy3,1,-0.89,1.5496,32.31,5,40.00,false
10,3.5,Legacy3,2,76.51,9.6537,21.97,6,33.33,true
10,3.5,Legacy3,3,-52.62,-12.1330,57.18,6,16.67,false
10,3.5,Legacy3,4,-15.67,-7.7999,17.50,4,25.00,false
10,3.5,Legacy3,5,-6.94,-0.6474,20.18,5,40.00,false
10,3.5,LowVolume5,0,36.68,5.8894,32.93,7,42.86,true
10,3.5,LowVolume5,1,-28.54,-2.7243,36.41,6,33.33,false
10,3.5,LowVolume5,2,2509.34,26.6913,15.46,6,66.67,true
10,3.5,LowVolume5,3,35.83,6.2186,18.84,7,42.86,true
10,3.5,LowVolume5,4,-60.10,-13.1641,60.10,7,14.29,false
10,3.5,LowVolume5,5,-29.69,-4.9254,33.16,7,28.57,false
10,3.5,OldGuard4,0,219.86,17.5238,11.36,7,71.43,true
10,3.5,OldGuard4,1,-30.57,-5.4641,32.49,6,16.67,false
10,3.5,OldGuard4,2,78.94,9.7982,20.90,6,33.33,true
10,3.5,OldGuard4,3,-52.62,-12.1330,57.18,6,16.67,false
10,3.5,OldGuard4,4,-23.49,-10.8331,23.49,5,20.00,false
10,3.5,OldGuard4,5,-31.45,-17.1263,33.33,6,33.33,false
10,4,Base5,0,108.70,9.1809,36.42,6,50.00,true
10,4,Base5,1,236.49,9.2606,47.29,8,37.50,true
10,4,Base5,2,539.35,12.1445,28.33,5,60.00,true
10,4,Base5,3,33.23,5.8891,22.43,7,28.57,true
10,4,Base5,4,104.87,13.4313,24.16,5,40.00,true
10,4,Base5,5,22.53,5.9195,15.52,6,83.33,true
10,4,NoDOGE,0,144.53,9.4414,36.42,6,50.00,true
10,4,NoDOGE,1,-6.41,-1.3109,20.22,5,60.00,false
10,4,NoDOGE,2,908.55,12.2866,12.98,5,80.00,true
10,4,NoDOGE,3,33.23,5.8891,22.43,7,28.57,true
10,4,NoDOGE,4,126.71,18.4588,12.48,4,50.00,true
10,4,NoDOGE,5,-16.34,-2.8271,33.86,6,66.67,false
10,4,Legacy4,0,209.71,23.2528,11.36,6,66.67,true
10,4,Legacy4,1,-10.92,-1.5563,20.79,6,33.33,false
10,4,Legacy4,2,38.17,5.0058,25.89,6,33.33,true
10,4,Legacy4,3,88.62,8.5075,24.13,6,33.33,true
10,4,Legacy4,4,-41.85,-17.6751,41.85,4,0.00,false
10,4,Legacy4,5,-19.71,-3.0270,36.03,7,42.86,false
10,4,Legacy5BNB,0,275.03,18.5413,13.93,7,57.14,true
10,4,Legacy5BNB,1,-50.15,-13.9517,54.37,7,14.29,false
10,4,Legacy5BNB,2,32.43,4.7421,28.96,6,33.33,true
10,4,Legacy5BNB,3,69.66,7.9574,16.65,5,20.00,true
10,4,Legacy5BNB,4,-12.37,-0.5598,21.18,4,25.00,false
10,4,Legacy5BNB,5,-50.18,-6.1769,50.18,8,25.00,false
10,4,OldGuardNoBNB,0,54.34,8.1710,22.55,8,37.50,true
10,4,OldGuardNoBNB,1,-50.35,-14.0449,50.35,6,16.67,false
10,4,OldGuardNoBNB,2,38.17,5.0058,25.89,6,33.33,true
10,4,OldGuardNoBNB,3,88.62,8.5075,24.13,6,33.33,true
10,4,OldGuardNoBNB,4,-41.85,-17.6751,41.85,4,0.00,false
10,4,OldGuardNoBNB,5,-39.55,-15.6289,39.55,7,28.57,false
10,4,LargeCaps5,0,144.53,9.4414,36.42,6,50.00,true
10,4,LargeCaps5,1,-2.40,-0.1815,16.79,5,60.00,false
10,4,LargeCaps5,2,882.67,12.1792,12.98,5,80.00,true
10,4,LargeCaps5,3,-0.18,2.3146,30.01,7,14.29,false
10,4,LargeCaps5,4,126.71,18.4588,12.48,4,50.00,true
10,4,LargeCaps5,5,-16.34,-2.8271,33.86,6,66.67,false
10,4,Legacy3,0,231.97,22.5402,11.36,6,66.67,true
10,4,Legacy3,1,0.03,1.7193,31.69,5,40.00,true
10,4,Legacy3,2,31.78,6.4865,40.65,6,16.67,true
10,4,Legacy3,3,-60.90,-10.1827,67.15,6,16.67,false
10,4,Legacy3,4,-23.85,-10.3257,26.15,4,25.00,false
10,4,Legacy3,5,-16.67,-2.7012,25.90,5,40.00,false
10,4,LowVolume5,0,22.51,4.5948,32.93,7,42.86,true
10,4,LowVolume5,1,-27.88,-2.6122,35.82,6,33.33,false
10,4,LowVolume5,2,1314.47,21.6719,27.25,6,50.00,true
10,4,LowVolume5,3,15.29,4.2113,28.36,7,28.57,true
10,4,LowVolume5,4,-66.55,-14.7887,66.55,7,14.29,false
10,4,LowVolume5,5,-37.17,-6.0408,37.84,7,28.57,false
10,4,OldGuard4,0,232.06,17.8546,11.36,7,71.43,true
10,4,OldGuard4,1,-39.31,-8.4521,39.31,6,16.67,false
10,4,OldGuard4,2,30.64,6.3101,41.16,6,16.67,true
10,4,OldGuard4,3,-60.90,-10.1827,67.15,6,16.67,false
10,4,OldGuard4,4,-28.50,-10.6321,28.50,5,20.00,false
10,4,OldGuard4,5,-39.88,-13.6370,40.19,6,33.33,false
15,1,Base5,0,19.62,2.2651,59.65,24,41.67,true
15,1,Base5,1,483.70,5.2703,22.40,20,50.00,true
15,1,Base5,2,-12.45,0.6454,40.74,26,34.62,false
15,1,Base5,3,367.82,10.2732,30.67,25,56.00,true
15,1,Base5,4,-10.89,-0.3549,26.43,16,37.50,false
15,1,Base5,5,104.64,5.7157,12.13,21,57.14,true
15,1,NoDOGE,0,35.36,2.7460,59.65,25,44.00,true
15,1,NoDOGE,1,124.79,15.4645,10.27,13,38.46,true
15,1,NoDOGE,2,38.27,3.4209,26.59,20,35.00,true
15,1,NoDOGE,3,476.97,11.4930,30.67,24,62.50,true
15,1,NoDOGE,4,5.85,1.3136,24.57,13,46.15,true
15,1,NoDOGE,5,21.50,2.4508,13.97,18,44.44,true
15,1,Legacy4,0,-6.43,0.2396,39.09,27,44.44,false
15,1,Legacy4,1,97.96,6.4068,25.17,20,45.00,true
15,1,Legacy4,2,-12.39,-0.1514,27.73,19,42.11,false
15,1,Legacy4,3,-59.59,-4.4327,68.08,24,25.00,false
15,1,Legacy4,4,-28.22,-5.8896,35.27,11,36.36,false
15,1,Legacy4,5,-5.57,-1.0080,17.33,18,50.00,false
15,1,Legacy5BNB,0,-41.00,-3.4593,60.16,27,37.04,false
15,1,Legacy5BNB,1,129.86,10.7354,12.16,16,56.25,true
15,1,Legacy5BNB,2,33.99,2.5146,25.05,23,47.83,true
15,1,Legacy5BNB,3,-30.78,-1.2230,64.04,20,40.00,false
15,1,Legacy5BNB,4,4.80,1.5204,17.26,12,41.67,true
15,1,Legacy5BNB,5,-24.01,-3.9401,32.72,19,47.37,false
15,1,OldGuardNoBNB,0,54.06,3.1557,34.08,31,45.16,true
15,1,OldGuardNoBNB,1,21.51,2.3786,40.24,20,50.00,true
15,1,OldGuardNoBNB,2,-12.39,-0.1514,27.73,19,42.11,false
15,1,OldGuardNoBNB,3,-59.59,-4.4327,68.08,24,25.00,false
15,1,OldGuardNoBNB,4,-28.22,-5.8896,35.27,11,36.36,false
15,1,OldGuardNoBNB,5,35.74,5.6901,6.35,19,57.89,true
15,1,LargeCaps5,0,-15.20,0.7017,59.65,28,39.29,false
15,1,LargeCaps5,1,128.64,16.3538,8.74,13,38.46,true
15,1,LargeCaps5,2,15.85,2.5283,35.95,20,30.00,true
15,1,LargeCaps5,3,238.72,8.7119,30.94,22,59.09,true
15,1,LargeCaps5,4,16.04,2.3815,24.57,13,46.15,true
15,1,LargeCaps5,5,8.83,1.2921,13.97,19,36.84,true
15,1,Legacy3,0,4.93,0.9287,42.46,22,45.45,true
15,1,Legacy3,1,50.76,5.3531,20.97,17,47.06,true
15,1,Legacy3,2,132.62,6.3315,25.73,21,57.14,true
15,1,Legacy3,3,124.98,6.2621,14.41,20,55.00,true
15,1,Legacy3,4,-36.19,-5.1225,43.84,13,30.77,false
15,1,Legacy3,5,-9.15,-3.1438,13.86,15,46.67,false
15,1,LowVolume5,0,25.59,2.3123,18.97,23,39.13,true
15,1,LowVolume5,1,38.93,4.5393,13.79,16,43.75,true
15,1,LowVolume5,2,144.95,4.7711,36.89,27,37.04,true
15,1,LowVolume5,3,453.67,10.7978,17.36,23,60.87,true
15,1,LowVolume5,4,-37.32,-3.0606,39.00,17,35.29,false
15,1,LowVolume5,5,-18.79,-2.7986,23.46,23,47.83,false
15,1,OldGuard4,0,51.83,3.4074,33.91,25,56.00,true
15,1,OldGuard4,1,46.40,3.7169,26.25,21,47.62,true
15,1,OldGuard4,2,152.26,6.9040,17.32,21,57.14,true
15,1,OldGuard4,3,124.98,6.2621,14.41,20,55.00,true
15,1,OldGuard4,4,-19.44,-1.2721,29.51,15,33.33,false
15,1,OldGuard4,5,18.45,4.0897,13.03,18,50.00,true
15,1.5,Base5,0,-5.81,1.4227,66.60,18,33.33,false
15,1.5,Base5,1,255.30,3.3866,22.40,14,64.29,true
15,1.5,Base5,2,-44.21,-1.1912,48.78,20,30.00,false
15,1.5,Base5,3,392.23,10.3386,28.39,17,58.82,true
15,1.5,Base5,4,1.67,0.8034,12.50,9,66.67,true
15,1.5,Base5,5,9.08,1.2165,40.98,18,44.44,true
15,1.5,NoDOGE,0,-5.81,1.4227,66.60,18,33.33,false
15,1.5,NoDOGE,1,81.20,10.3455,20.11,9,44.44,true
15,1.5,NoDOGE,2,30.30,2.8221,26.59,14,42.86,true
15,1.5,NoDOGE,3,507.07,11.6153,28.39,16,68.75,true
15,1.5,NoDOGE,4,17.00,5.4638,9.11,7,71.43,true
15,1.5,NoDOGE,5,45.95,3.7376,21.95,14,57.14,true
15,1.5,Legacy4,0,78.83,4.3903,41.00,19,57.89,true
15,1.5,Legacy4,1,21.47,2.7304,19.97,14,42.86,true
15,1.5,Legacy4,2,-29.51,-1.1488,37.33,15,46.67,false
15,1.5,Legacy4,3,-9.11,0.0863,34.27,13,46.15,false
15,1.5,Legacy4,4,-4.17,-0.5303,14.98,6,50.00,false
15,1.5,Legacy4,5,4.70,1.2108,23.92,14,42.86,true
15,1.5,Legacy5BNB,0,2.40,0.9490,50.86,19,63.16,true
15,1.5,Legacy5BNB,1,52.56,6.7541,13.83,11,63.64,true
15,1.5,Legacy5BNB,2,38.64,2.7890,25.05,17,47.06,true
15,1.5,Legacy5BNB,3,61.09,5.2946,21.46,10,50.00,true
15,1.5,Legacy5BNB,4,-14.61,-2.0008,21.71,8,37.50,false
15,1.5,Legacy5BNB,5,-13.64,-1.1733,26.34,15,40.00,false
15,1.5,OldGuardNoBNB,0,96.11,4.4818,41.75,24,54.17,true
15,1.5,OldGuardNoBNB,1,2.09,0.6720,34.15,15,46.67,true
15,1.5,OldGuardNoBNB,2,-29.51,-1.1488,37.33,15,46.67,false
15,1.5,OldGuardNoBNB,3,-9.11,0.0863,34.27,13,46.15,false
15,1.5,OldGuardNoBNB,4,-4.17,-0.5303,14.98,6,50.00,false
15,1.5,OldGuardNoBNB,5,37.76,4.4129,13.82,15,53.33,true
15,1.5,LargeCaps5,0,-25.16,0.5147,66.60,21,38.10,false
15,1.5,LargeCaps5,1,88.99,11.4157,20.11,9,44.44,true
15,1.5,LargeCaps5,2,12.77,2.1499,26.59,14,35.71,true
15,1.5,LargeCaps5,3,313.82,10.2504,28.58,13,46.15,true
15,1.5,LargeCaps5,4,32.24,9.5643,9.11,7,85.71,true
15,1.5,LargeCaps5,5,39.32,3.3691,21.95,14,50.00,true
15,1.5,Legacy3,0,52.05,3.3681,45.98,18,38.89,true
15,1.5,Legacy3,1,49.93,5.3650,23.47,13,61.54,true
15,1.5,Legacy3,2,192.77,9.3810,17.92,14,57.14,true
15,1.5,Legacy3,3,188.63,9.3643,16.93,14,64.29,true
15,1.5,Legacy3,4,-31.98,-3.5209,40.77,10,40.00,false
15,1.5,Legacy3,5,-14.88,-1.9940,20.72,11,18.18,false
15,1.5,LowVolume5,0,173.90,6.6565,21.86,17,58.82,true
15,1.5,LowVolume5,1,43.45,4.7686,13.83,12,58.33,true
15,1.5,LowVolume5,2,145.19,5.5187,38.42,20,35.00,true
15,1.5,LowVolume5,3,532.18,13.1435,34.60,17,58.82,true
15,1.5,LowVolume5,4,-30.31,-2.1673,37.87,13,38.46,false
15,1.5,LowVolume5,5,-43.29,-5.5993,43.29,19,21.05,false
15,1.5,OldGuard4,0,139.32,5.9353,36.69,20,70.00,true
15,1.5,OldGuard4,1,4.23,0.8933,28.71,16,37.50,true
15,1.5,OldGuard4,2,192.48,8.7638,15.83,14,57.14,true
15,1.5,OldGuard4,3,188.63,9.3643,16.93,14,64.29,true
15,1.5,OldGuard4,4,-29.11,-2.8061,36.33,12,41.67,false
15,1.5,OldGuard4,5,5.72,1.6591,15.30,13,30.77,true
15,2,Base5,0,134.81,7.8918,48.16,11,36.36,true
15,2,Base5,1,-41.29,-1.3501,60.19,14,57.14,false
15,2,Base5,2,545.70,12.7261,32.93,12,50.00,true
15,2,Base5,3,136.07,7.8002,26.94,12,58.33,true
15,2,Base5,4,-20.05,-3.3236,21.26,9,44.44,false
15,2,Base5,5,48.39,3.0941,14.46,13,61.54,true
15,2,NoDOGE,0,134.81,7.8918,48.16,11,36.36,true
15,2,NoDOGE,1,20.83,3.5999,35.00,8,37.50,true
15,2,NoDOGE,2,964.26,16.4238,12.68,7,71.43,true
15,2,NoDOGE,3,191.14,9.6962,26.94,11,72.73,true
15,2,NoDOGE,4,-4.70,-0.8446,13.87,7,42.86,false
15,2,NoDOGE,5,46.47,3.9776,16.99,10,60.00,true
15,2,Legacy4,0,132.40,5.7262,37.40,15,46.67,true
15,2,Legacy4,1,44.44,4.6611,22.35,10,50.00,true
15,2,Legacy4,2,-38.98,-2.3215,50.79,10,30.00,false
15,2,Legacy4,3,7.41,2.2510,30.96,10,40.00,true
15,2,Legacy4,4,-13.57,-3.6276,17.53,6,50.00,false
15,2,Legacy4,5,-1.64,0.5792,24.57,10,40.00,false
15,2,Legacy5BNB,0,28.28,2.3527,52.83,16,43.75,true
15,2,Legacy5BNB,1,61.94,10.7788,9.85,8,87.50,true
15,2,Legacy5BNB,2,-49.17,-3.3982,54.37,11,27.27,false
15,2,Legacy5BNB,3,25.80,4.0974,30.96,9,33.33,true
15,2,Legacy5BNB,4,-14.27,-2.7071,15.44,6,50.00,false
15,2,Legacy5BNB,5,-16.43,-1.5560,29.05,11,45.45,false
15,2,OldGuardNoBNB,0,124.35,5.6637,35.52,19,52.63,true
15,2,OldGuardNoBNB,1,5.08,1.6892,41.53,11,45.45,true
15,2,OldGuardNoBNB,2,-38.98,-2.3215,50.79,10,30.00,false
15,2,OldGuardNoBNB,3,7.41,2.2510,30.96,10,40.00,true
15,2,OldGuardNoBNB,4,-13.57,-3.6276,17.53,6,50.00,false
15,2,OldGuardNoBNB,5,15.29,2.7992,17.72,10,50.00,true
15,2,LargeCaps5,0,151.72,7.2963,48.16,13,30.77,true
15,2,LargeCaps5,1,25.33,4.0404,32.58,8,37.50,true
15,2,LargeCaps5,2,1269.93,17.0820,11.86,6,66.67,true
15,2,LargeCaps5,3,184.00,8.5088,32.57,9,55.56,true
15,2,LargeCaps5,4,17.29,4.4796,13.87,7,57.14,true
15,2,LargeCaps5,5,39.81,3.5597,16.99,10,50.00,true
15,2,Legacy3,0,47.79,3.1305,48.15,15,33.33,true
15,2,Legacy3,1,48.53,6.1930,31.26,9,66.67,true
15,2,Legacy3,2,48.99,3.5321,34.02,11,36.36,true
15,2,Legacy3,3,341.45,11.6207,24.29,9,55.56,true
15,2,Legacy3,4,-42.30,-4.9803,49.75,8,25.00,false
15,2,Legacy3,5,-27.66,-5.7247,27.66,9,22.22,false
15,2,LowVolume5,0,97.98,4.7037,21.86,14,42.86,true
15,2,LowVolume5,1,32.99,4.8569,25.35,9,55.56,true
15,2,LowVolume5,2,2037.88,14.7169,19.05,11,63.64,true
15,2,LowVolume5,3,509.13,11.5407,25.11,11,45.45,true
15,2,LowVolume5,4,-61.27,-6.1300,61.27,10,20.00,false
15,2,LowVolume5,5,-34.05,-6.5270,34.05,11,18.18,false
15,2,OldGuard4,0,382.91,10.1442,27.46,14,50.00,true
15,2,OldGuard4,1,19.24,2.5873,33.46,11,45.45,true
15,2,OldGuard4,2,58.38,3.6967,30.65,11,36.36,true
15,2,OldGuard4,3,341.45,11.6207,24.29,9,55.56,true
15,2,OldGuard4,4,-44.06,-5.2244,49.75,9,22.22,false
15,2,OldGuard4,5,-14.94,-2.4650,20.19,9,33.33,false
15,2.5,Base5,0,50.92,3.9493,50.45,9,44.44,true
15,2.5,Base5,1,-14.94,-0.4153,31.07,11,27.27,false
15,2.5,Base5,2,513.07,11.8878,25.77,8,62.50,true
15,2.5,Base5,3,8.75,2.7324,54.26,9,44.44,true
15,2.5,Base5,4,-36.15,-14.5482,36.15,8,12.50,false
15,2.5,Base5,5,50.66,3.4151,26.78,11,45.45,true
15,2.5,NoDOGE,0,176.47,9.5511,33.13,8,50.00,true
15,2.5,NoDOGE,1,41.18,6.8765,16.25,6,66.67,true
15,2.5,NoDOGE,2,826.74,14.1158,17.60,7,57.14,true
15,2.5,NoDOGE,3,126.26,6.7323,26.94,8,62.50,true
15,2.5,NoDOGE,4,-28.28,-11.8715,28.28,7,14.29,false
15,2.5,NoDOGE,5,20.19,3.0710,17.48,9,44.44,true
15,2.5,Legacy4,0,151.17,8.8033,20.34,12,41.67,true
15,2.5,Legacy4,1,43.01,5.8979,30.29,8,37.50,true
15,2.5,Legacy4,2,-24.55,-1.9600,35.72,8,37.50,false
15,2.5,Legacy4,3,29.57,5.4704,27.53,7,28.57,true
15,2.5,Legacy4,4,-33.85,-10.4378,33.85,6,16.67,false
15,2.5,Legacy4,5,30.51,7.0675,17.32,7,71.43,true
15,2.5,Legacy5BNB,0,197.05,11.5905,20.34,11,36.36,true
15,2.5,Legacy5BNB,1,29.09,5.3128,20.93,7,57.14,true
15,2.5,Legacy5BNB,2,-32.58,-3.0282,35.72,8,37.50,false
15,2.5,Legacy5BNB,3,75.67,8.2759,27.53,7,28.57,true
15,2.5,Legacy5BNB,4,-22.38,-3.9295,24.69,5,40.00,false
15,2.5,Legacy5BNB,5,-11.98,-0.1278,27.78,8,37.50,false
15,2.5,OldGuardNoBNB,0,130.09,7.7003,20.34,14,50.00,true
15,2.5,OldGuardNoBNB,1,-50.38,-3.1169,69.27,10,50.00,false
15,2.5,OldGuardNoBNB,2,-24.55,-1.9600,35.72,8,37.50,false
15,2.5,OldGuardNoBNB,3,29.57,5.4704,27.53,7,28.57,true
15,2.5,OldGuardNoBNB,4,-33.85,-10.4378,33.85,6,16.67,false
15,2.5,OldGuardNoBNB,5,56.57,13.3501,8.96,7,85.71,true
15,2.5,LargeCaps5,0,243.90,9.9606,33.13,8,50.00,true
15,2.5,LargeCaps5,1,46.45,8.2174,13.12,6,66.67,true
15,2.5,LargeCaps5,2,970.34,14.6286,11.86,6,66.67,true
15,2.5,LargeCaps5,3,77.25,5.1807,32.57,9,44.44,true
15,2.5,LargeCaps5,4,-18.81,-6.2669,20.33,7,42.86,false
15,2.5,LargeCaps5,5,14.73,2.5094,17.48,9,44.44,true
15,2.5,Legacy3,0,129.79,8.0938,20.34,12,41.67,true
15,2.5,Legacy3,1,14.91,3.3945,39.46,8,37.50,true
15,2.5,Legacy3,2,-16.36,-0.7370,38.42,8,25.00,false
15,2.5,Legacy3,3,189.28,9.1940,32.34,8,62.50,true
15,2.5,Legacy3,4,-37.91,-11.7178,37.91,7,14.29,false
15,2.5,Legacy3,5,12.09,4.3816,11.70,5,60.00,true
15,2.5,LowVolume5,0,64.99,5.2762,20.72,12,33.33,true
15,2.5,LowVolume5,1,91.20,8.6458,27.87,8,50.00,true
15,2.5,LowVolume5,2,1382.11,13.7461,22.00,9,55.56,true
15,2.5,LowVolume5,3,144.55,8.8847,29.91,8,50.00,true
15,2.5,LowVolume5,4,-58.31,-8.7989,58.31,9,11.11,false
15,2.5,LowVolume5,5,-1.58,0.9885,14.72,7,42.86,false
15,2.5,OldGuard4,0,240.46,11.4022,30.91,11,63.64,true
15,2.5,OldGuard4,1,4.08,2.3087,41.40,9,33.33,true
15,2.5,OldGuard4,2,-17.22,-0.8544,37.43,8,25.00,false
15,2.5,OldGuard4,3,189.28,9.1940,32.34,8,62.50,true
15,2.5,OldGuard4,4,-43.27,-13.1035,43.27,8,12.50,false
15,2.5,OldGuard4,5,14.24,4.5022,11.70,6,66.67,true
15,3,Base5,0,2.52,1.6687,58.16,7,42.86,true
15,3,Base5,1,-33.26,-1.7344,49.97,9,22.22,false
15,3,Base5,2,725.49,12.9874,26.05,6,66.67,true
15,3,Base5,3,-30.38,0.1390,59.17,9,33.33,false
15,3,Base5,4,134.49,17.2358,16.94,5,60.00,true
15,3,Base5,5,85.60,8.9800,16.44,7,71.43,true
15,3,NoDOGE,0,87.81,8.0989,43.53,6,50.00,true
15,3,NoDOGE,1,-14.45,-1.5332,29.67,6,50.00,false
15,3,NoDOGE,2,780.80,13.2964,16.93,6,66.67,true
15,3,NoDOGE,3,44.84,4.7965,31.92,8,50.00,true
15,3,NoDOGE,4,159.48,26.1180,4.15,4,75.00,true
15,3,NoDOGE,5,8.27,1.9410,19.77,7,57.14,true
15,3,Legacy4,0,88.92,12.2481,10.17,8,50.00,true
15,3,Legacy4,1,80.89,9.9446,20.33,7,42.86,true
15,3,Legacy4,2,48.05,8.1183,23.90,5,40.00,true
15,3,Legacy4,3,-26.61,-5.5764,29.17,7,42.86,false
15,3,Legacy4,4,-25.18,-9.3159,28.14,5,20.00,false
15,3,Legacy4,5,7.66,2.6221,30.21,7,57.14,true
15,3,Legacy5BNB,0,125.92,12.1874,8.98,9,44.44,true
15,3,Legacy5BNB,1,10.03,2.7832,31.73,7,42.86,true
15,3,Legacy5BNB,2,41.90,7.6808,23.90,5,40.00,true
15,3,Legacy5BNB,3,-16.40,-4.9139,17.90,6,50.00,false
15,3,Legacy5BNB,4,-29.31,-6.2321,29.31,5,20.00,false
15,3,Legacy5BNB,5,-12.79,-0.4227,26.63,8,37.50,false
15,3,OldGuardNoBNB,0,20.70,3.9482,20.42,10,40.00,true
15,3,OldGuardNoBNB,1,-75.39,-11.9962,76.00,9,22.22,false
15,3,OldGuardNoBNB,2,48.05,8.1183,23.90,5,40.00,true
15,3,OldGuardNoBNB,3,-26.61,-5.5764,29.17,7,42.86,false
15,3,OldGuardNoBNB,4,-25.18,-9.3159,28.14,5,20.00,false
15,3,OldGuardNoBNB,5,24.26,6.7570,17.61,7,57.14,true
15,3,LargeCaps5,0,71.10,7.0072,43.53,7,42.86,true
15,3,LargeCaps5,1,-12.27,-1.2722,27.88,6,50.00,false
15,3,LargeCaps5,2,669.47,12.9074,16.93,6,66.67,true
15,3,LargeCaps5,3,0.12,2.1561,41.29,8,37.50,true
15,3,LargeCaps5,4,159.48,26.1180,4.15,4,75.00,true
15,3,LargeCaps5,5,8.27,1.9410,19.77,7,57.14,true
15,3,Legacy3,0,91.33,13.9693,8.98,8,50.00,true
15,3,Legacy3,1,24.84,4.9168,30.96,6,50.00,true
15,3,Legacy3,2,43.27,7.1076,22.49,6,33.33,true
15,3,Legacy3,3,107.76,8.8266,14.25,7,57.14,true
15,3,Legacy3,4,-22.26,-7.7694,27.56,5,20.00,false
15,3,Legacy3,5,-1.10,1.1188,19.17,5,40.00,false
15,3,LowVolume5,0,8.29,2.8076,28.16,8,37.50,true
15,3,LowVolume5,1,44.76,5.7311,30.96,8,50.00,true
15,3,LowVolume5,2,1264.17,13.9206,14.25,6,66.67,true
15,3,LowVolume5,3,116.75,9.0690,14.59,7,57.14,true
15,3,LowVolume5,4,-36.55,-6.9784,36.55,7,28.57,false
15,3,LowVolume5,5,-25.28,-3.6701,32.31,7,28.57,false
15,3,OldGuard4,0,194.36,16.6413,8.98,8,62.50,true
15,3,OldGuard4,1,3.72,2.4791,21.41,7,28.57,true
15,3,OldGuard4,2,35.74,6.4379,24.62,6,33.33,true
15,3,OldGuard4,3,107.76,8.8266,14.25,7,57.14,true
15,3,OldGuard4,4,-29.47,-9.8541,29.47,6,16.67,false
15,3,OldGuard4,5,-9.33,-1.7778,20.09,6,33.33,false
15,3.5,Base5,0,178.65,11.8646,34.24,6,66.67,true
15,3.5,Base5,1,196.03,3.9931,31.18,9,33.33,true
15,3.5,Base5,2,737.85,13.1388,12.98,5,80.00,true
15,3.5,Base5,3,-50.98,-2.9725,62.58,8,25.00,false
15,3.5,Base5,4,107.22,13.8828,23.29,5,40.00,true
15,3.5,Base5,5,92.44,12.8948,15.72,6,83.33,true
15,3.5,NoDOGE,0,178.65,11.8646,34.24,6,66.67,true
15,3.5,NoDOGE,1,-10.85,-2.9318,21.09,5,40.00,false
15,3.5,NoDOGE,2,695.84,12.0287,12.98,6,50.00,true
15,3.5,NoDOGE,3,30.24,5.4545,24.01,7,42.86,true
15,3.5,NoDOGE,4,129.31,19.3000,11.48,4,50.00,true
15,3.5,NoDOGE,5,-0.37,1.2207,34.02,6,66.67,false
15,3.5,Legacy4,0,233.20,25.3919,8.81,6,83.33,true
15,3.5,Legacy4,1,-3.03,0.3670,18.13,6,50.00,false
15,3.5,Legacy4,2,47.67,7.7975,34.03,5,20.00,true
15,3.5,Legacy4,3,-58.23,-13.2864,58.23,7,14.29,false
15,3.5,Legacy4,4,-42.03,-18.0881,42.03,4,0.00,false
15,3.5,Legacy4,5,-7.40,-0.3548,30.84,7,42.86,false
15,3.5,Legacy5BNB,0,303.47,19.4206,13.93,7,71.43,true
15,3.5,Legacy5BNB,1,-42.06,-8.7571,48.71,7,28.57,false
15,3.5,Legacy5BNB,2,41.54,7.4882,36.77,5,20.00,true
15,3.5,Legacy5BNB,3,-44.95,-15.4714,44.95,6,16.67,false
15,3.5,Legacy5BNB,4,-23.56,-2.6423,31.52,4,25.00,false
15,3.5,Legacy5BNB,5,-42.37,-4.4326,48.42,8,25.00,false
15,3.5,OldGuardNoBNB,0,101.12,9.4083,19.35,8,62.50,true
15,3.5,OldGuardNoBNB,1,-52.93,-15.3152,52.93,6,16.67,false
15,3.5,OldGuardNoBNB,2,47.67,7.7975,34.03,5,20.00,true
15,3.5,OldGuardNoBNB,3,-58.23,-13.2864,58.23,7,14.29,false
15,3.5,OldGuardNoBNB,4,-42.03,-18.0881,42.03,4,0.00,false
15,3.5,OldGuardNoBNB,5,-34.59,-25.3086,34.59,7,14.29,false
15,3.5,LargeCaps5,0,178.65,11.8646,34.24,6,66.67,true
15,3.5,LargeCaps5,1,-7.03,-1.9135,17.70,5,40.00,false
15,3.5,LargeCaps5,2,595.25,11.6633,12.98,6,50.00,true
15,3.5,LargeCaps5,3,-9.97,0.8272,26.97,7,28.57,false
15,3.5,LargeCaps5,4,129.31,19.3000,11.48,4,50.00,true
15,3.5,LargeCaps5,5,-0.37,1.2207,34.02,6,66.67,false
15,3.5,Legacy3,0,257.14,24.2310,8.81,6,83.33,true
15,3.5,Legacy3,1,-5.38,0.2586,32.90,6,33.33,false
15,3.5,Legacy3,2,36.89,6.8888,38.85,6,16.67,true
15,3.5,Legacy3,3,-43.35,-3.7256,48.60,6,16.67,false
15,3.5,Legacy3,4,-27.78,-14.3853,27.78,4,25.00,false
15,3.5,Legacy3,5,-9.26,-1.3294,19.89,5,40.00,false
15,3.5,LowVolume5,0,41.17,6.6973,28.16,7,57.14,true
15,3.5,LowVolume5,1,-31.78,-3.0877,36.96,7,28.57,false
15,3.5,LowVolume5,2,1742.74,23.1300,40.63,7,57.14,true
15,3.5,LowVolume5,3,16.48,4.1626,24.01,7,28.57,true
15,3.5,LowVolume5,4,-67.09,-14.6495,67.09,7,14.29,false
15,3.5,LowVolume5,5,-31.70,-5.4151,32.92,7,28.57,false
15,3.5,OldGuard4,0,278.36,21.3577,8.81,7,85.71,true
15,3.5,OldGuard4,1,-27.16,-4.5820,30.61,6,33.33,false
15,3.5,OldGuard4,2,36.59,6.7099,38.98,6,16.67,true
15,3.5,OldGuard4,3,-43.35,-3.7256,48.60,6,16.67,false
15,3.5,OldGuard4,4,-34.36,-16.9124,34.36,5,20.00,false
15,3.5,OldGuard4,5,-38.58,-24.0264,38.90,6,16.67,false
15,4,Base5,0,71.31,8.7956,36.51,5,60.00,true
15,4,Base5,1,218.89,9.1025,40.28,8,37.50,true
15,4,Base5,2,580.48,12.3310,20.57,5,60.00,true
15,4,Base5,3,-8.34,0.4143,24.08,6,33.33,false
15,4,Base5,4,96.24,12.5876,27.36,5,40.00,true
15,4,Base5,5,-10.52,-3.0177,23.74,6,66.67,false
15,4,NoDOGE,0,71.31,8.7956,36.51,5,60.00,true
15,4,NoDOGE,1,-23.72,-9.6366,24.73,5,20.00,false
15,4,NoDOGE,2,810.41,12.2308,14.64,5,80.00,true
15,4,NoDOGE,3,-8.34,0.4143,24.08,6,33.33,false
15,4,NoDOGE,4,129.31,19.3000,11.48,4,50.00,true
15,4,NoDOGE,5,-9.13,-2.4450,23.74,6,66.67,false
15,4,Legacy4,0,205.81,21.0380,10.12,6,66.67,true
15,4,Legacy4,1,-27.81,-5.3068,30.17,6,16.67,false
15,4,Legacy4,2,13.52,3.3597,29.30,6,33.33,true
15,4,Legacy4,3,-32.86,-3.8534,36.46,6,33.33,false
15,4,Legacy4,4,-45.39,-17.6214,45.39,4,0.00,false
15,4,Legacy4,5,-40.45,-6.6051,45.86,6,33.33,false
15,4,Legacy5BNB,0,449.21,22.2738,9.25,6,83.33,true
15,4,Legacy5BNB,1,-55.67,-16.0317,56.26,7,14.29,false
15,4,Legacy5BNB,2,8.80,3.0080,32.24,6,33.33,true
15,4,Legacy5BNB,3,-26.84,-10.5437,26.84,5,40.00,false
15,4,Legacy5BNB,4,-31.92,-4.2730,37.74,4,25.00,false
15,4,Legacy5BNB,5,-40.12,-5.4557,52.25,7,14.29,false
15,4,OldGuardNoBNB,0,31.00,5.9458,28.01,7,42.86,true
15,4,OldGuardNoBNB,1,-62.62,-20.6084,62.62,6,0.00,false
15,4,OldGuardNoBNB,2,13.52,3.3597,29.30,6,33.33,true
15,4,OldGuardNoBNB,3,-32.86,-3.8534,36.46,6,33.33,false
15,4,OldGuardNoBNB,4,-45.39,-17.6214,45.39,4,0.00,false
15,4,OldGuardNoBNB,5,-63.32,-7.5171,63.39,7,14.29,false
15,4,LargeCaps5,0,130.99,10.2197,36.51,6,50.00,true
15,4,LargeCaps5,1,-20.44,-8.9835,21.50,5,20.00,false
15,4,LargeCaps5,2,787.05,12.1216,14.64,5,80.00,true
15,4,LargeCaps5,3,-31.93,-4.3573,31.93,6,33.33,false
15,4,LargeCaps5,4,129.31,19.3000,11.48,4,50.00,true
15,4,LargeCaps5,5,-9.13,-2.4450,23.74,6,66.67,false
15,4,Legacy3,0,144.63,14.4627,28.10,6,66.67,true
15,4,Legacy3,1,-16.77,-1.6781,34.47,5,40.00,false
15,4,Legacy3,2,43.07,7.1075,40.42,6,16.67,true
15,4,Legacy3,3,-55.71,-11.2430,55.71,6,16.67,false
15,4,Legacy3,4,-34.79,-19.2032,34.79,4,25.00,false
15,4,Legacy3,5,-15.50,-2.1337,25.90,5,40.00,false
15,4,LowVolume5,0,-12.60,0.3745,39.35,7,42.86,false
15,4,LowVolume5,1,-40.36,-5.0478,44.38,6,33.33,false
15,4,LowVolume5,2,1718.17,22.8766,40.63,7,57.14,true
15,4,LowVolume5,3,10.17,3.5973,26.49,6,33.33,true
15,4,LowVolume5,4,-64.26,-17.4904,64.26,7,14.29,false
15,4,LowVolume5,5,-29.24,-4.1153,37.95,6,33.33,false
15,4,OldGuard4,0,153.77,12.4398,10.12,7,57.14,true
15,4,OldGuard4,1,-46.99,-9.5049,46.99,6,16.67,false
15,4,OldGuard4,2,42.19,6.8996,40.78,6,16.67,true
15,4,OldGuard4,3,-55.71,-11.2430,55.71,6,16.67,false
15,4,OldGuard4,4,-40.66,-18.8649,40.66,5,20.00,false
15,4,OldGuard4,5,-58.08,-6.8058,58.16,6,16.67,false
20,1,Base5,0,31.34,2.7247,60.52,26,46.15,true
20,1,Base5,1,579.69,5.9160,22.40,21,52.38,true
20,1,Base5,2,-15.91,0.4106,37.69,27,33.33,false
20,1,Base5,3,398.21,9.6759,25.17,25,60.00,true
20,1,Base5,4,-6.82,0.0454,26.43,16,37.50,false
20,1,Base5,5,98.16,5.0041,12.13,22,54.55,true
20,1,NoDOGE,0,48.63,3.2094,60.52,27,48.15,true
20,1,NoDOGE,1,120.96,14.6847,10.27,13,38.46,true
20,1,NoDOGE,2,85.03,4.1044,26.59,23,39.13,true
20,1,NoDOGE,3,514.44,10.7752,25.17,24,66.67,true
20,1,NoDOGE,4,5.50,1.3057,24.57,13,46.15,true
20,1,NoDOGE,5,27.19,2.9410,14.05,18,44.44,true
20,1,Legacy4,0,11.51,1.4353,37.89,28,50.00,true
20,1,Legacy4,1,103.18,6.7661,25.17,21,47.62,true
20,1,Legacy4,2,66.49,3.9734,25.05,22,45.45,true
20,1,Legacy4,3,-53.86,-3.4500,63.55,23,30.43,false
20,1,Legacy4,4,-28.65,-5.7543,35.27,11,27.27,false
20,1,Legacy4,5,5.88,1.4971,17.33,18,50.00,true
20,1,Legacy5BNB,0,-41.36,-3.5239,57.86,29,37.93,false
20,1,Legacy5BNB,1,110.23,9.4850,15.49,18,55.56,true
20,1,Legacy5BNB,2,57.67,3.5480,25.05,24,50.00,true
20,1,Legacy5BNB,3,-14.50,0.1482,61.55,19,47.37,false
20,1,Legacy5BNB,4,12.13,2.8104,17.26,12,50.00,true
20,1,Legacy5BNB,5,-7.12,-0.7166,24.30,19,42.11,false
20,1,OldGuardNoBNB,0,78.82,3.6841,30.26,32,46.88,true
20,1,OldGuardNoBNB,1,35.42,2.8345,40.14,20,50.00,true
20,1,OldGuardNoBNB,2,66.49,3.9734,25.05,22,45.45,true
20,1,OldGuardNoBNB,3,-53.86,-3.4500,63.55,23,30.43,false
20,1,OldGuardNoBNB,4,-28.65,-5.7543,35.27,11,27.27,false
20,1,OldGuardNoBNB,5,52.20,7.1336,6.35,19,57.89,true
20,1,LargeCaps5,0,20.30,2.1710,60.52,31,45.16,true
20,1,LargeCaps5,1,124.74,15.5037,9.72,13,38.46,true
20,1,LargeCaps5,2,47.43,3.1650,35.95,24,33.33,true
20,1,LargeCaps5,3,416.47,10.0241,21.14,20,70.00,true
20,1,LargeCaps5,4,44.87,5.0930,24.57,13,69.23,true
20,1,LargeCaps5,5,18.56,2.2103,14.05,19,36.84,true
20,1,Legacy3,0,45.27,2.8125,30.40,22,59.09,true
20,1,Legacy3,1,46.70,5.4146,29.00,18,50.00,true
20,1,Legacy3,2,136.31,6.6640,24.06,21,47.62,true
20,1,Legacy3,3,242.38,8.8586,14.41,19,57.89,true
20,1,Legacy3,4,-33.55,-4.3656,43.84,12,25.00,false
20,1,Legacy3,5,-15.05,-4.4488,17.11,16,43.75,false
20,1,LowVolume5,0,53.33,3.5518,16.43,23,47.83,true
20,1,LowVolume5,1,35.91,4.3907,22.55,17,47.06,true
20,1,LowVolume5,2,180.62,5.4765,30.47,27,33.33,true
20,1,LowVolume5,3,502.45,10.7337,21.48,24,58.33,true
20,1,LowVolume5,4,-37.51,-2.9127,37.51,17,35.29,false
20,1,LowVolume5,5,-22.39,-3.2273,26.32,24,45.83,false
20,1,OldGuard4,0,61.23,3.8141,32.61,27,55.56,true
20,1,OldGuard4,1,49.23,3.2065,26.25,22,50.00,true
20,1,OldGuard4,2,156.26,7.2559,15.46,21,52.38,true
20,1,OldGuard4,3,242.38,8.8586,14.41,19,57.89,true
20,1,OldGuard4,4,-22.18,-1.6934,32.16,15,33.33,false
20,1,OldGuard4,5,10.75,2.7079,17.74,19,47.37,true
20,1.5,Base5,0,-24.75,0.2555,66.60,19,31.58,false
20,1.5,Base5,1,476.09,4.2260,22.40,15,66.67,true
20,1.5,Base5,2,-33.23,-0.6251,46.63,19,26.32,false
20,1.5,Base5,3,140.88,6.0488,27.01,20,55.00,true
20,1.5,Base5,4,-4.92,-0.2848,18.17,10,60.00,false
20,1.5,Base5,5,-10.12,-0.0234,40.98,19,42.11,false
20,1.5,NoDOGE,0,-14.73,0.7540,66.60,19,36.84,false
20,1.5,NoDOGE,1,134.84,17.2042,9.23,9,55.56,true
20,1.5,NoDOGE,2,60.48,4.3813,26.59,13,38.46,true
20,1.5,NoDOGE,3,209.56,7.5713,23.28,19,63.16,true
20,1.5,NoDOGE,4,10.88,3.1479,13.87,7,71.43,true
20,1.5,NoDOGE,5,33.52,3.1365,20.04,15,53.33,true
20,1.5,Legacy4,0,78.83,4.3903,41.00,19,57.89,true
20,1.5,Legacy4,1,38.04,4.2271,24.41,14,50.00,true
20,1.5,Legacy4,2,-23.05,-0.9980,31.58,15,40.00,false
20,1.5,Legacy4,3,-8.05,0.2119,29.02,15,40.00,false
20,1.5,Legacy4,4,-9.58,-1.9416,14.98,7,42.86,false
20,1.5,Legacy4,5,1.04,0.6439,24.91,15,53.33,true
20,1.5,Legacy5BNB,0,2.40,0.9490,50.86,19,63.16,true
20,1.5,Legacy5BNB,1,68.74,10.8172,10.61,9,77.78,true
20,1.5,Legacy5BNB,2,26.98,2.4349,31.18,18,44.44,true
20,1.5,Legacy5BNB,3,51.78,4.6897,24.80,11,45.45,true
20,1.5,Legacy5BNB,4,-15.95,-2.1171,21.71,9,33.33,false
20,1.5,Legacy5BNB,5,-29.83,-4.4731,37.76,16,37.50,false
20,1.5,OldGuardNoBNB,0,96.11,4.4818,41.75,24,54.17,true
20,1.5,OldGuardNoBNB,1,6.75,1.0770,33.56,15,53.33,true
20,1.5,OldGuardNoBNB,2,-23.05,-0.9980,31.58,15,40.00,false
20,1.5,OldGuardNoBNB,3,-8.05,0.2119,29.02,15,40.00,false
20,1.5,OldGuardNoBNB,4,-9.58,-1.9416,14.98,7,42.86,false
20,1.5,OldGuardNoBNB,5,123.87,5.6465,8.58,15,66.67,true
20,1.5,LargeCaps5,0,-48.51,-1.0851,66.60,22,36.36,false
20,1.5,LargeCaps5,1,144.94,19.3343,5.32,9,55.56,true
20,1.5,LargeCaps5,2,25.64,2.9775,27.77,14,28.57,true
20,1.5,LargeCaps5,3,106.78,5.6876,23.48,16,50.00,true
20,1.5,LargeCaps5,4,30.73,7.1669,13.87,7,85.71,true
20,1.5,LargeCaps5,5,27.45,2.7323,20.04,15,46.67,true
20,1.5,Legacy3,0,50.22,3.4904,45.98,18,44.44,true
20,1.5,Legacy3,1,80.92,8.5008,18.64,12,66.67,true
20,1.5,Legacy3,2,157.84,8.3433,27.25,15,53.33,true
20,1.5,Legacy3,3,228.55,10.6755,16.93,14,57.14,true
20,1.5,Legacy3,4,-35.82,-4.2377,44.11,11,36.36,false
20,1.5,Legacy3,5,-17.71,-4.4908,25.61,12,33.33,false
20,1.5,LowVolume5,0,150.63,6.2003,29.24,17,52.94,true
20,1.5,LowVolume5,1,59.85,6.3851,14.90,12,58.33,true
20,1.5,LowVolume5,2,154.86,5.8362,43.33,19,36.84,true
20,1.5,LowVolume5,3,430.90,11.5361,34.60,17,64.71,true
20,1.5,LowVolume5,4,-33.79,-2.2031,41.51,15,33.33,false
20,1.5,LowVolume5,5,-43.80,-7.8612,45.33,19,31.58,false
20,1.5,OldGuard4,0,118.39,5.4159,42.23,21,66.67,true
20,1.5,OldGuard4,1,25.74,2.8223,23.33,15,40.00,true
20,1.5,OldGuard4,2,157.58,7.7979,25.39,15,53.33,true
20,1.5,OldGuard4,3,228.55,10.6755,16.93,14,57.14,true
20,1.5,OldGuard4,4,-28.47,-2.4775,35.75,13,38.46,false
20,1.5,OldGuard4,5,61.59,4.8600,16.85,14,42.86,true
20,2,Base5,0,46.73,4.8715,54.35,13,30.77,true
20,2,Base5,1,59.91,1.5564,27.51,14,50.00,true
20,2,Base5,2,-9.57,0.9473,46.37,14,35.71,false
20,2,Base5,3,323.03,14.4590,15.96,12,58.33,true
20,2,Base5,4,-18.23,-3.1374,20.71,9,55.56,false
20,2,Base5,5,38.60,2.6224,25.98,15,53.33,true
20,2,NoDOGE,0,93.83,5.7381,49.65,13,38.46,true
20,2,NoDOGE,1,40.85,7.1144,24.38,8,37.50,true
20,2,NoDOGE,2,683.54,14.2009,16.38,10,60.00,true
20,2,NoDOGE,3,421.72,18.2502,6.19,11,72.73,true
20,2,NoDOGE,4,-2.44,-0.2411,14.83,7,57.14,false
20,2,NoDOGE,5,56.65,4.3417,17.32,11,63.64,true
20,2,Legacy4,0,196.01,7.8521,27.66,15,40.00,true
20,2,Legacy4,1,19.64,2.5020,25.90,12,41.67,true
20,2,Legacy4,2,-33.74,-2.2586,46.57,11,27.27,false
20,2,Legacy4,3,22.83,3.7665,24.10,10,50.00,true
20,2,Legacy4,4,-17.89,-5.2474,18.00,6,33.33,false
20,2,Legacy4,5,-6.32,-0.0167,28.30,11,36.36,false
20,2,Legacy5BNB,0,57.33,3.6679,44.05,16,50.00,true
20,2,Legacy5BNB,1,48.12,7.0205,9.85,9,66.67,true
20,2,Legacy5BNB,2,-49.06,-3.8048,54.28,12,25.00,false
20,2,Legacy5BNB,3,48.25,5.3840,24.10,9,44.44,true
20,2,Legacy5BNB,4,-15.67,-3.0900,15.67,6,50.00,false
20,2,Legacy5BNB,5,-14.71,-1.3798,23.03,11,36.36,false
20,2,OldGuardNoBNB,0,131.25,5.8176,34.32,19,52.63,true
20,2,OldGuardNoBNB,1,8.19,2.1489,39.80,11,45.45,true
20,2,OldGuardNoBNB,2,-33.74,-2.2586,46.57,11,27.27,false
20,2,OldGuardNoBNB,3,22.83,3.7665,24.10,10,50.00,true
20,2,OldGuardNoBNB,4,-17.89,-5.2474,18.00,6,33.33,false
20,2,OldGuardNoBNB,5,18.17,2.8131,17.72,10,50.00,true
20,2,LargeCaps5,0,72.21,4.5483,49.65,15,40.00,true
20,2,LargeCaps5,1,34.80,6.2180,27.48,8,37.50,true
20,2,LargeCaps5,2,585.75,13.6749,22.69,10,50.00,true
20,2,LargeCaps5,3,349.30,13.7376,7.99,9,55.56,true
20,2,LargeCaps5,4,20.08,6.1437,14.83,7,71.43,true
20,2,LargeCaps5,5,49.53,3.9640,17.32,11,54.55,true
20,2,Legacy3,0,51.12,3.2116,47.77,15,33.33,true
20,2,Legacy3,1,23.26,3.0461,34.40,11,54.55,true
20,2,Legacy3,2,49.62,3.7982,30.65,13,30.77,true
20,2,Legacy3,3,181.91,8.4777,18.83,11,54.55,true
20,2,Legacy3,4,-50.13,-5.4283,50.13,9,11.11,false
20,2,Legacy3,5,-30.12,-4.8020,30.66,10,20.00,false
20,2,LowVolume5,0,169.52,6.6123,16.42,14,50.00,true
20,2,LowVolume5,1,10.36,1.9185,28.77,11,45.45,true
20,2,LowVolume5,2,1054.66,10.2754,26.46,15,46.67,true
20,2,LowVolume5,3,537.39,12.1357,24.70,12,58.33,true
20,2,LowVolume5,4,-58.43,-5.8130,58.43,10,10.00,false
20,2,LowVolume5,5,-44.31,-6.5745,44.31,13,15.38,false
20,2,OldGuard4,0,316.00,9.3470,28.35,16,62.50,true
20,2,OldGuard4,1,-1.24,0.5861,36.50,13,38.46,false
20,2,OldGuard4,2,59.05,3.9862,30.65,13,30.77,true
20,2,OldGuard4,3,181.91,8.4777,18.83,11,54.55,true
20,2,OldGuard4,4,-51.65,-5.6329,51.65,10,10.00,false
20,2,OldGuard4,5,-11.59,-1.2166,20.19,9,33.33,false
20,2.5,Base5,0,71.16,6.4667,42.32,9,44.44,true
20,2.5,Base5,1,-22.48,-1.0039,36.27,10,30.00,false
20,2.5,Base5,2,558.54,12.1009,16.08,8,62.50,true
20,2.5,Base5,3,274.98,8.0760,26.94,9,55.56,true
20,2.5,Base5,4,-36.24,-12.3430,36.24,8,25.00,false
20,2.5,Base5,5,19.91,1.5705,24.15,13,46.15,true
20,2.5,NoDOGE,0,156.22,9.1302,36.39,8,50.00,true
20,2.5,NoDOGE,1,50.22,8.1172,16.25,6,66.67,true
20,2.5,NoDOGE,2,609.06,13.1980,23.90,7,57.14,true
20,2.5,NoDOGE,3,362.46,9.0993,26.94,8,62.50,true
20,2.5,NoDOGE,4,-21.35,-8.0539,21.35,7,28.57,false
20,2.5,NoDOGE,5,32.68,2.8597,17.48,10,50.00,true
20,2.5,Legacy4,0,124.77,6.6240,42.11,13,53.85,true
20,2.5,Legacy4,1,64.98,8.8649,18.77,7,42.86,true
20,2.5,Legacy4,2,-44.98,-2.6271,52.93,9,33.33,false
20,2.5,Legacy4,3,98.27,10.4459,24.98,7,28.57,true
20,2.5,Legacy4,4,-29.20,-8.3917,29.20,6,33.33,false
20,2.5,Legacy4,5,-0.86,0.7282,25.36,8,50.00,false
20,2.5,Legacy5BNB,0,194.91,9.7873,36.42,13,46.15,true
20,2.5,Legacy5BNB,1,26.61,4.9549,22.45,7,57.14,true
20,2.5,Legacy5BNB,2,-50.84,-3.2764,52.93,9,33.33,false
20,2.5,Legacy5BNB,3,105.38,9.9949,26.78,7,28.57,true
20,2.5,Legacy5BNB,4,-22.38,-3.9295,24.69,5,40.00,false
20,2.5,Legacy5BNB,5,-23.08,-1.9381,25.00,9,33.33,false
20,2.5,OldGuardNoBNB,0,110.24,6.7107,24.29,14,57.14,true
20,2.5,OldGuardNoBNB,1,-2.78,1.2961,45.90,10,50.00,false
20,2.5,OldGuardNoBNB,2,-44.98,-2.6271,52.93,9,33.33,false
20,2.5,OldGuardNoBNB,3,98.27,10.4459,24.98,7,28.57,true
20,2.5,OldGuardNoBNB,4,-29.20,-8.3917,29.20,6,33.33,false
20,2.5,OldGuardNoBNB,5,18.94,3.9893,16.67,8,62.50,true
20,2.5,LargeCaps5,0,263.12,9.5084,36.39,8,50.00,true
20,2.5,LargeCaps5,1,55.82,9.5803,13.12,6,66.67,true
20,2.5,LargeCaps5,2,755.56,13.9187,11.86,6,66.67,true
20,2.5,LargeCaps5,3,184.18,6.8098,32.57,9,44.44,true
20,2.5,LargeCaps5,4,-16.81,-5.5502,18.37,7,42.86,false
20,2.5,LargeCaps5,5,26.65,2.4752,17.48,10,50.00,true
20,2.5,Legacy3,0,16.88,2.7057,42.11,14,42.86,true
20,2.5,Legacy3,1,42.17,6.3744,29.61,7,42.86,true
20,2.5,Legacy3,2,-34.22,-1.5030,51.57,9,22.22,false
20,2.5,Legacy3,3,238.40,9.0045,31.05,9,55.56,true
20,2.5,Legacy3,4,-37.91,-11.7178,37.91,7,14.29,false
20,2.5,Legacy3,5,-14.85,-2.4960,19.17,6,33.33,false
20,2.5,LowVolume5,0,16.77,2.4554,38.38,14,42.86,true
20,2.5,LowVolume5,1,77.28,7.9243,29.61,8,50.00,true
20,2.5,LowVolume5,2,1640.89,14.0361,22.00,9,55.56,true
20,2.5,LowVolume5,3,716.79,14.0491,14.25,8,62.50,true
20,2.5,LowVolume5,4,-55.73,-7.6739,55.73,9,11.11,false
20,2.5,LowVolume5,5,-24.68,-4.4062,24.68,8,25.00,false
20,2.5,OldGuard4,0,195.54,7.9182,42.11,13,61.54,true
20,2.5,OldGuard4,1,33.33,3.8822,31.86,8,37.50,true
20,2.5,OldGuard4,2,-35.53,-1.5949,51.27,9,22.22,false
20,2.5,OldGuard4,3,238.40,9.0045,31.05,9,55.56,true
20,2.5,OldGuard4,4,-43.27,-13.1035,43.27,8,12.50,false
20,2.5,OldGuard4,5,-13.22,-2.1573,19.17,7,42.86,false
20,3,Base5,0,60.26,6.8534,43.03,7,57.14,true
20,3,Base5,1,387.89,5.0521,21.86,10,30.00,true
20,3,Base5,2,610.03,12.1325,23.63,8,50.00,true
20,3,Base5,3,-19.21,1.0138,51.83,9,33.33,false
20,3,Base5,4,-46.92,-12.8525,46.92,7,14.29,false
20,3,Base5,5,64.20,3.8510,16.44,8,62.50,true
20,3,NoDOGE,0,60.26,6.8534,43.03,7,57.14,true
20,3,NoDOGE,1,36.94,6.2372,16.25,6,66.67,true
20,3,NoDOGE,2,590.18,12.7145,23.90,7,57.14,true
20,3,NoDOGE,3,33.39,3.0577,36.25,8,50.00,true
20,3,NoDOGE,4,-34.53,-9.7874,34.53,6,16.67,false
20,3,NoDOGE,5,4.69,1.4639,19.77,7,57.14,true
20,3,Legacy4,0,91.12,6.7985,28.27,11,45.45,true
20,3,Legacy4,1,72.72,9.1164,21.58,7,42.86,true
20,3,Legacy4,2,-15.98,-2.7060,28.80,7,42.86,false
20,3,Legacy4,3,32.77,6.3623,29.90,6,33.33,true
20,3,Legacy4,4,-25.18,-9.3159,28.14,5,20.00,false
20,3,Legacy4,5,2.14,1.5324,30.21,7,57.14,true
20,3,Legacy5BNB,0,174.87,11.4951,21.93,9,55.56,true
20,3,Legacy5BNB,1,13.50,3.2339,29.73,7,57.14,true
20,3,Legacy5BNB,2,-24.92,-5.8059,28.80,7,42.86,false
20,3,Legacy5BNB,3,133.70,13.5309,17.58,5,40.00,true
20,3,Legacy5BNB,4,-29.31,-6.2321,29.31,5,20.00,false
20,3,Legacy5BNB,5,-18.91,-1.5486,27.36,8,37.50,false
20,3,OldGuardNoBNB,0,17.06,3.7067,45.85,13,38.46,true
20,3,OldGuardNoBNB,1,-72.48,-10.6488,74.59,9,44.44,false
20,3,OldGuardNoBNB,2,-15.98,-2.7060,28.80,7,42.86,false
20,3,OldGuardNoBNB,3,32.77,6.3623,29.90,6,33.33,true
20,3,OldGuardNoBNB,4,-25.18,-9.3159,28.14,5,20.00,false
20,3,OldGuardNoBNB,5,17.89,5.5696,17.61,7,57.14,true
20,3,LargeCaps5,0,46.00,5.6731,43.03,8,50.00,true
20,3,LargeCaps5,1,42.05,7.4949,13.12,6,66.67,true
20,3,LargeCaps5,2,697.92,13.1037,13.86,6,66.67,true
20,3,LargeCaps5,3,41.02,3.6988,36.25,8,37.50,true
20,3,LargeCaps5,4,-33.76,-9.4476,33.76,6,16.67,false
20,3,LargeCaps5,5,4.69,1.4639,19.77,7,57.14,true
20,3,Legacy3,0,46.58,4.1448,42.62,11,45.45,true
20,3,Legacy3,1,21.65,4.4370,32.04,7,42.86,true
20,3,Legacy3,2,-19.18,-2.7562,37.89,7,28.57,false
20,3,Legacy3,3,150.85,9.3644,17.58,7,71.43,true
20,3,Legacy3,4,-12.36,-2.4927,27.56,5,20.00,false
20,3,Legacy3,5,-6.17,-0.5372,19.17,5,40.00,false
20,3,LowVolume5,0,-20.24,0.3813,42.62,11,36.36,false
20,3,LowVolume5,1,75.94,7.9475,32.04,8,50.00,true
20,3,LowVolume5,2,602.09,16.3502,9.10,7,71.43,true
20,3,LowVolume5,3,44.86,5.0978,33.55,8,37.50,true
20,3,LowVolume5,4,-32.34,-5.3743,32.34,7,14.29,false
20,3,LowVolume5,5,-29.11,-4.9731,32.31,7,28.57,false
20,3,OldGuard4,0,200.29,11.2736,28.27,10,60.00,true
20,3,OldGuard4,1,-12.27,0.2116,34.21,8,37.50,false
20,3,OldGuard4,2,-20.57,-3.2836,37.34,7,28.57,false
20,3,OldGuard4,3,150.85,9.3644,17.58,7,71.43,true
20,3,OldGuard4,4,-19.94,-4.3332,27.56,6,16.67,false
20,3,OldGuard4,5,-13.98,-3.8178,20.09,6,33.33,false
20,3.5,Base5,0,51.07,6.6711,50.44,6,50.00,true
20,3.5,Base5,1,114.81,3.7561,39.36,9,22.22,true
20,3.5,Base5,2,513.57,11.9332,26.05,6,50.00,true
20,3.5,Base5,3,-58.74,-10.0371,58.74,7,14.29,false
20,3.5,Base5,4,122.12,15.7284,17.77,5,40.00,true
20,3.5,Base5,5,104.64,13.5246,13.30,6,83.33,true
20,3.5,NoDOGE,0,51.07,6.6711,50.44,6,50.00,true
20,3.5,NoDOGE,1,-0.72,0.7156,21.09,5,40.00,false
20,3.5,NoDOGE,2,908.59,13.5751,16.93,5,80.00,true
20,3.5,NoDOGE,3,-14.16,-2.7466,27.76,6,33.33,false
20,3.5,NoDOGE,4,145.80,22.8830,5.11,4,50.00,true
20,3.5,NoDOGE,5,19.38,4.4307,20.94,6,66.67,true
20,3.5,Legacy4,0,170.66,15.1356,20.45,6,66.67,true
20,3.5,Legacy4,1,50.43,7.0709,31.08,7,42.86,true
20,3.5,Legacy4,2,-6.09,0.2091,22.61,6,50.00,false
20,3.5,Legacy4,3,-50.47,-11.1903,50.47,7,14.29,false
20,3.5,Legacy4,4,-49.85,-15.6964,49.85,5,0.00,false
20,3.5,Legacy4,5,-8.49,-0.5816,30.84,7,28.57,false
20,3.5,Legacy5BNB,0,231.54,17.6066,20.45,6,66.67,true
20,3.5,Legacy5BNB,1,-0.16,1.3776,38.05,7,42.86,false
20,3.5,Legacy5BNB,2,-9.99,-0.1391,22.61,6,50.00,false
20,3.5,Legacy5BNB,3,-42.62,-11.8376,42.62,6,16.67,false
20,3.5,Legacy5BNB,4,-26.58,-2.8882,35.58,5,20.00,false
20,3.5,Legacy5BNB,5,-8.67,-0.1223,37.57,7,28.57,false
20,3.5,OldGuardNoBNB,0,87.54,9.3676,21.74,7,57.14,true
20,3.5,OldGuardNoBNB,1,-51.58,-8.1781,58.34,7,28.57,false
20,3.5,OldGuardNoBNB,2,-6.09,0.2091,22.61,6,50.00,false
20,3.5,OldGuardNoBNB,3,-50.47,-11.1903,50.47,7,14.29,false
20,3.5,OldGuardNoBNB,4,-49.85,-15.6964,49.85,5,0.00,false
20,3.5,OldGuardNoBNB,5,5.63,2.4263,18.35,7,28.57,true
20,3.5,LargeCaps5,0,51.07,6.6711,50.44,6,50.00,true
20,3.5,LargeCaps5,1,3.54,1.4653,17.70,5,40.00,true
20,3.5,LargeCaps5,2,882.70,13.4490,16.93,5,80.00,true
20,3.5,LargeCaps5,3,-40.66,-17.6272,40.66,6,16.67,false
20,3.5,LargeCaps5,4,145.80,22.8830,5.11,4,50.00,true
20,3.5,LargeCaps5,5,19.38,4.4307,20.94,6,66.67,true
20,3.5,Legacy3,0,95.97,10.5874,34.45,6,50.00,true
20,3.5,Legacy3,1,8.89,3.5470,32.31,5,60.00,true
20,3.5,Legacy3,2,38.00,6.6564,31.90,6,33.33,true
20,3.5,Legacy3,3,-33.37,-0.6737,47.10,7,14.29,false
20,3.5,Legacy3,4,-37.08,-11.8514,37.08,5,20.00,false
20,3.5,Legacy3,5,-10.33,-1.6437,19.89,5,20.00,false
20,3.5,LowVolume5,0,-32.18,-3.3018,42.89,7,28.57,false
20,3.5,LowVolume5,1,-21.49,-0.7837,32.31,6,50.00,false
20,3.5,LowVolume5,2,1449.13,21.9427,40.63,7,57.14,true
20,3.5,LowVolume5,3,-13.16,-0.7915,31.40,6,16.67,false
20,3.5,LowVolume5,4,-54.49,-13.5538,54.49,7,14.29,false
20,3.5,LowVolume5,5,-35.29,-6.2454,35.29,7,14.29,false
20,3.5,OldGuard4,0,102.27,9.5314,15.83,7,57.14,true
20,3.5,OldGuard4,1,-30.87,-3.7542,38.61,7,14.29,false
20,3.5,OldGuard4,2,36.80,6.4568,32.50,6,33.33,true
20,3.5,OldGuard4,3,-33.37,-0.6737,47.10,7,14.29,false
20,3.5,OldGuard4,4,-42.74,-11.6070,42.74,6,16.67,false
20,3.5,OldGuard4,5,-17.80,-4.9836,20.80,6,16.67,false
20,4,Base5,0,285.20,13.0524,14.90,4,75.00,true
20,4,Base5,1,183.38,7.0750,39.77,8,37.50,true
20,4,Base5,2,540.30,12.1362,22.44,5,60.00,true
20,4,Base5,3,-49.75,-6.5456,50.42,7,28.57,false
20,4,Base5,4,96.24,12.5876,27.36,5,40.00,true
20,4,Base5,5,40.84,6.8266,26.29,6,66.67,true
20,4,NoDOGE,0,285.20,13.0524,14.90,4,75.00,true
20,4,NoDOGE,1,-22.15,-8.1960,26.49,5,20.00,false
20,4,NoDOGE,2,777.36,12.0874,17.74,5,80.00,true
20,4,NoDOGE,3,4.54,2.2135,19.82,6,50.00,true
20,4,NoDOGE,4,129.31,19.3000,11.48,4,50.00,true
20,4,NoDOGE,5,-33.25,-7.0329,42.29,6,50.00,false
20,4,Legacy4,0,173.24,16.6048,16.06,6,66.67,true
20,4,Legacy4,1,-37.33,-6.1236,41.99,6,33.33,false
20,4,Legacy4,2,11.62,1.8937,30.49,6,33.33,true
20,4,Legacy4,3,-46.10,-7.7138,46.10,6,33.33,false
20,4,Legacy4,4,-42.19,-18.1111,42.19,4,0.00,false
20,4,Legacy4,5,-29.31,-5.8723,36.03,6,16.67,false
20,4,Legacy5BNB,0,402.08,19.7869,15.55,6,83.33,true
20,4,Legacy5BNB,1,-48.22,-12.4377,51.11,6,16.67,false
20,4,Legacy5BNB,2,6.99,1.7176,33.38,6,33.33,true
20,4,Legacy5BNB,3,-33.97,-10.8937,33.97,5,40.00,false
20,4,Legacy5BNB,4,-7.80,0.7969,37.74,4,50.00,false
20,4,Legacy5BNB,5,-24.09,-3.1962,37.45,6,16.67,false
20,4,OldGuardNoBNB,0,55.10,8.8213,23.74,7,71.43,true
20,4,OldGuardNoBNB,1,-53.78,-15.1519,53.78,6,16.67,false
20,4,OldGuardNoBNB,2,11.62,1.8937,30.49,6,33.33,true
20,4,OldGuardNoBNB,3,-46.10,-7.7138,46.10,6,33.33,false
20,4,OldGuardNoBNB,4,-42.19,-18.1111,42.19,4,0.00,false
20,4,OldGuardNoBNB,5,-63.98,-7.6684,63.98,7,0.00,false
20,4,LargeCaps5,0,249.85,10.5163,14.90,5,60.00,true
20,4,LargeCaps5,1,-20.90,-8.0384,25.31,5,20.00,false
20,4,LargeCaps5,2,754.85,11.9795,17.74,5,80.00,true
20,4,LargeCaps5,3,-32.81,-11.5457,32.81,6,33.33,false
20,4,LargeCaps5,4,129.31,19.3000,11.48,4,50.00,true
20,4,LargeCaps5,5,-33.25,-7.0329,42.29,6,50.00,false
20,4,Legacy3,0,147.17,11.6783,18.84,6,66.67,true
20,4,Legacy3,1,-18.26,-1.8646,35.64,5,40.00,false
20,4,Legacy3,2,14.16,4.6570,41.13,6,16.67,true
20,4,Legacy3,3,-57.37,-11.8268,57.37,6,16.67,false
20,4,Legacy3,4,-27.97,-14.7112,27.97,4,25.00,false
20,4,Legacy3,5,-17.02,-2.5052,25.90,5,20.00,false
20,4,LowVolume5,0,25.48,4.6186,40.39,7,57.14,true
20,4,LowVolume5,1,-41.07,-4.9671,45.04,6,33.33,false
20,4,LowVolume5,2,1015.63,19.8412,32.66,6,50.00,true
20,4,LowVolume5,3,-12.42,-0.5144,30.28,6,33.33,false
20,4,LowVolume5,4,-66.88,-15.4271,66.88,7,14.29,false
20,4,LowVolume5,5,-30.51,-4.3959,37.95,6,16.67,false
20,4,OldGuard4,0,78.44,9.2359,35.77,7,71.43,true
20,4,OldGuard4,1,-59.92,-10.3555,59.92,6,16.67,false
20,4,OldGuard4,2,15.04,4.6246,40.68,6,16.67,true
20,4,OldGuard4,3,-57.37,-11.8268,57.37,6,16.67,false
20,4,OldGuard4,4,-34.45,-15.4125,34.45,5,20.00,false
20,4,OldGuard4,5,-58.83,-6.9628,58.83,6,0.00,false
25,1,Base5,0,16.25,2.1293,60.52,26,50.00,true
25,1,Base5,1,630.00,5.9347,22.40,20,60.00,true
25,1,Base5,2,1.05,1.4480,37.69,27,33.33,true
25,1,Base5,3,398.21,9.6759,25.17,25,60.00,true
25,1,Base5,4,-6.15,0.0760,26.21,17,35.29,false
25,1,Base5,5,103.64,5.2450,12.13,22,54.55,true
25,1,NoDOGE,0,31.55,2.6475,60.52,27,51.85,true
25,1,NoDOGE,1,121.41,14.2858,11.63,13,46.15,true
25,1,NoDOGE,2,122.36,5.2826,26.59,23,39.13,true
25,1,NoDOGE,3,514.44,10.7752,25.17,24,66.67,true
25,1,NoDOGE,4,5.77,1.3362,24.33,14,42.86,true
25,1,NoDOGE,5,30.71,3.2633,15.43,18,44.44,true
25,1,Legacy4,0,5.94,1.0987,37.89,29,51.72,true
25,1,Legacy4,1,91.87,6.2281,22.32,21,47.62,true
25,1,Legacy4,2,71.79,4.1636,25.05,21,47.62,true
25,1,Legacy4,3,-31.18,-0.7952,57.99,23,39.13,false
25,1,Legacy4,4,-25.54,-4.8674,35.27,10,30.00,false
25,1,Legacy4,5,8.31,1.9015,16.78,18,50.00,true
25,1,Legacy5BNB,0,-41.36,-3.5239,57.86,29,37.93,false
25,1,Legacy5BNB,1,123.22,10.4799,15.49,17,64.71,true
25,1,Legacy5BNB,2,59.43,3.5892,25.05,23,52.17,true
25,1,Legacy5BNB,3,27.52,2.3841,55.68,19,57.89,true
25,1,Legacy5BNB,4,1.81,0.9946,17.26,13,46.15,true
25,1,Legacy5BNB,5,2.42,0.8922,22.01,18,44.44,true
25,1,OldGuardNoBNB,0,61.49,3.3311,30.26,32,50.00,true
25,1,OldGuardNoBNB,1,33.04,2.7440,37.86,20,50.00,true
25,1,OldGuardNoBNB,2,71.79,4.1636,25.05,21,47.62,true
25,1,OldGuardNoBNB,3,-31.18,-0.7952,57.99,23,39.13,false
25,1,OldGuardNoBNB,4,-25.54,-4.8674,35.27,10,30.00,false
25,1,OldGuardNoBNB,5,55.69,7.4488,6.11,19,57.89,true
25,1,LargeCaps5,0,12.00,1.7791,60.52,32,46.88,true
25,1,LargeCaps5,1,124.04,14.8221,11.63,13,46.15,true
25,1,LargeCaps5,2,77.18,4.3073,35.95,24,33.33,true
25,1,LargeCaps5,3,416.47,10.0241,21.14,20,70.00,true
25,1,LargeCaps5,4,45.31,5.4428,24.33,14,64.29,true
25,1,LargeCaps5,5,17.08,2.0606,15.43,19,36.84,true
25,1,Legacy3,0,45.27,2.8125,30.40,22,59.09,true
25,1,Legacy3,1,42.35,5.0646,29.00,18,50.00,true
25,1,Legacy3,2,157.61,7.4222,17.75,20,60.00,true
25,1,Legacy3,3,218.69,8.3982,14.41,20,55.00,true
25,1,Legacy3,4,-29.88,-3.8225,40.74,12,25.00,false
25,1,Legacy3,5,-12.26,-3.2581,14.39,16,43.75,false
25,1,LowVolume5,0,53.33,3.5518,16.43,23,47.83,true
25,1,LowVolume5,1,31.88,4.0508,22.55,17,47.06,true
25,1,LowVolume5,2,201.26,5.8221,28.81,26,42.31,true
25,1,LowVolume5,3,502.45,10.7337,21.48,24,58.33,true
25,1,LowVolume5,4,-36.10,-2.9643,36.47,17,35.29,false
25,1,LowVolume5,5,-20.61,-2.8647,24.63,24,45.83,false
25,1,OldGuard4,0,61.23,3.8141,32.61,27,55.56,true
25,1,OldGuard4,1,49.23,3.2065,26.25,22,50.00,true
25,1,OldGuard4,2,164.07,7.5448,13.45,21,57.14,true
25,1,OldGuard4,3,218.69,8.3982,14.41,20,55.00,true
25,1,OldGuard4,4,-17.88,-1.2365,29.51,15,33.33,false
25,1,OldGuard4,5,14.39,3.1570,16.95,19,47.37,true
25,1.5,Base5,0,-20.31,0.4722,66.92,18,33.33,false
25,1.5,Base5,1,621.55,4.8237,22.40,16,62.50,true
25,1.5,Base5,2,-32.64,-0.4900,48.57,21,28.57,false
25,1.5,Base5,3,229.86,7.4081,23.28,21,47.62,true
25,1.5,Base5,4,-4.69,-0.0517,18.17,12,50.00,false
25,1.5,Base5,5,5.42,1.0656,40.98,19,42.11,true
25,1.5,NoDOGE,0,-9.70,0.9573,66.92,18,38.89,false
25,1.5,NoDOGE,1,173.96,17.4056,9.23,9,55.56,true
25,1.5,NoDOGE,2,51.22,3.9382,26.59,14,35.71,true
25,1.5,NoDOGE,3,306.81,8.3530,23.28,20,55.00,true
25,1.5,NoDOGE,4,11.15,2.9656,13.87,9,55.56,true
25,1.5,NoDOGE,5,33.52,3.1365,20.04,15,53.33,true
25,1.5,Legacy4,0,61.20,3.8142,41.00,20,55.00,true
25,1.5,Legacy4,1,68.22,4.5125,25.28,15,46.67,true
25,1.5,Legacy4,2,-26.26,-1.2508,32.91,15,40.00,false
25,1.5,Legacy4,3,-12.48,-0.0254,33.51,14,42.86,false
25,1.5,Legacy4,4,-33.52,-8.5246,36.96,8,25.00,false
25,1.5,Legacy4,5,5.28,1.3486,24.73,15,53.33,true
25,1.5,Legacy5BNB,0,-7.70,0.3416,50.86,20,60.00,false
25,1.5,Legacy5BNB,1,76.22,7.5177,12.58,11,63.64,true
25,1.5,Legacy5BNB,2,23.81,2.3083,32.90,18,44.44,true
25,1.5,Legacy5BNB,3,54.23,4.9362,24.80,11,45.45,true
25,1.5,Legacy5BNB,4,-25.31,-4.3282,29.83,11,36.36,false
25,1.5,Legacy5BNB,5,-23.87,-3.1410,33.67,15,40.00,false
25,1.5,OldGuardNoBNB,0,70.48,3.7531,41.75,26,53.85,true
25,1.5,OldGuardNoBNB,1,20.62,2.0670,33.56,14,50.00,true
25,1.5,OldGuardNoBNB,2,-26.26,-1.2508,32.91,15,40.00,false
25,1.5,OldGuardNoBNB,3,-12.48,-0.0254,33.51,14,42.86,false
25,1.5,OldGuardNoBNB,4,-33.52,-8.5246,36.96,8,25.00,false
25,1.5,OldGuardNoBNB,5,38.20,5.1588,13.82,16,62.50,true
25,1.5,LargeCaps5,0,-49.00,-1.1128,66.92,22,36.36,false
25,1.5,LargeCaps5,1,162.21,15.8402,13.12,9,55.56,true
25,1.5,LargeCaps5,2,19.54,2.6946,31.28,15,26.67,true
25,1.5,LargeCaps5,3,152.40,6.6487,23.48,17,41.18,true
25,1.5,LargeCaps5,4,-1.59,0.3812,29.54,10,50.00,false
25,1.5,LargeCaps5,5,27.45,2.7323,20.04,15,46.67,true
25,1.5,Legacy3,0,50.22,3.4904,45.98,18,44.44,true
25,1.5,Legacy3,1,77.40,6.1904,18.64,13,61.54,true
25,1.5,Legacy3,2,154.48,8.3346,28.66,15,53.33,true
25,1.5,Legacy3,3,273.16,11.8978,16.93,14,64.29,true
25,1.5,Legacy3,4,-33.63,-3.9641,42.21,11,36.36,false
25,1.5,Legacy3,5,-17.71,-4.4908,25.61,12,33.33,false
25,1.5,LowVolume5,0,170.28,6.6281,29.24,17,52.94,true
25,1.5,LowVolume5,1,56.74,4.9528,14.90,13,53.85,true
25,1.5,LowVolume5,2,151.11,5.5912,44.25,22,36.36,true
25,1.5,LowVolume5,3,500.69,11.9670,33.75,18,55.56,true
25,1.5,LowVolume5,4,-33.79,-2.2031,41.51,15,33.33,false
25,1.5,LowVolume5,5,-43.80,-7.8612,45.33,19,31.58,false
25,1.5,OldGuard4,0,80.55,4.4207,42.23,22,63.64,true
25,1.5,OldGuard4,1,42.30,3.2838,24.21,16,37.50,true
25,1.5,OldGuard4,2,154.23,7.7726,26.84,15,53.33,true
25,1.5,OldGuard4,3,273.16,11.8978,16.93,14,64.29,true
25,1.5,OldGuard4,4,-16.21,-0.7320,34.15,13,38.46,false
25,1.5,OldGuard4,5,2.21,1.1398,16.85,14,42.86,true
25,2,Base5,0,-30.67,-1.0982,54.35,16,25.00,false
25,2,Base5,1,105.94,1.9977,22.40,14,64.29,true
25,2,Base5,2,9.58,1.9933,40.13,14,35.71,true
25,2,Base5,3,192.08,10.2446,28.32,14,57.14,true
25,2,Base5,4,-18.42,-3.2443,19.99,9,44.44,false
25,2,Base5,5,20.44,1.7024,25.98,16,50.00,true
25,2,NoDOGE,0,-8.41,0.6123,49.65,16,31.25,false
25,2,NoDOGE,1,51.07,7.5362,23.15,9,44.44,true
25,2,NoDOGE,2,750.55,14.0096,16.38,10,60.00,true
25,2,NoDOGE,3,260.22,12.7693,20.42,13,69.23,true
25,2,NoDOGE,4,-1.86,-0.0385,14.83,7,57.14,false
25,2,NoDOGE,5,36.12,3.0154,22.86,12,58.33,true
25,2,Legacy4,0,165.55,6.7920,36.45,15,46.67,true
25,2,Legacy4,1,25.12,2.9849,27.33,12,50.00,true
25,2,Legacy4,2,6.12,1.4444,30.36,11,36.36,true
25,2,Legacy4,3,1.91,1.6910,36.64,10,40.00,true
25,2,Legacy4,4,-15.39,-3.6885,20.84,6,33.33,false
25,2,Legacy4,5,-10.25,-0.5986,28.30,11,36.36,false
25,2,Legacy5BNB,0,24.18,2.2937,50.94,17,47.06,true
25,2,Legacy5BNB,1,51.75,7.5063,11.59,9,77.78,true
25,2,Legacy5BNB,2,-23.52,-2.9768,35.05,12,33.33,false
25,2,Legacy5BNB,3,23.54,3.4154,36.64,9,33.33,true
25,2,Legacy5BNB,4,-15.19,-2.6418,20.65,6,50.00,false
25,2,Legacy5BNB,5,-27.88,-3.1895,31.60,11,36.36,false
25,2,OldGuardNoBNB,0,116.98,5.1879,36.19,21,52.38,true
25,2,OldGuardNoBNB,1,-17.56,-1.4321,38.32,12,50.00,false
25,2,OldGuardNoBNB,2,6.12,1.4444,30.36,11,36.36,true
25,2,OldGuardNoBNB,3,1.91,1.6910,36.64,10,40.00,true
25,2,OldGuardNoBNB,4,-15.39,-3.6885,20.84,6,33.33,false
25,2,OldGuardNoBNB,5,19.64,2.4153,17.72,11,45.45,true
25,2,LargeCaps5,0,-11.58,0.5853,49.65,18,33.33,false
25,2,LargeCaps5,1,44.59,6.6900,26.29,9,44.44,true
25,2,LargeCaps5,2,644.41,13.5322,22.69,10,50.00,true
25,2,LargeCaps5,3,234.93,10.1436,22.58,10,50.00,true
25,2,LargeCaps5,4,20.79,6.3823,14.83,7,71.43,true
25,2,LargeCaps5,5,29.94,2.6589,22.86,12,50.00,true
25,2,Legacy3,0,80.58,4.0618,45.98,15,33.33,true
25,2,Legacy3,1,25.82,3.2710,34.40,11,54.55,true
25,2,Legacy3,2,153.68,6.7157,31.83,14,50.00,true
25,2,Legacy3,3,89.70,5.1785,38.97,12,50.00,true
25,2,Legacy3,4,-51.98,-5.9026,51.98,10,20.00,false
25,2,Legacy3,5,-25.88,-2.9652,30.66,9,22.22,false
25,2,LowVolume5,0,239.87,8.3749,14.46,14,50.00,true
25,2,LowVolume5,1,12.65,2.1544,28.77,11,45.45,true
25,2,LowVolume5,2,915.52,10.4722,28.66,16,50.00,true
25,2,LowVolume5,3,373.10,9.9921,35.77,13,53.85,true
25,2,LowVolume5,4,-51.21,-4.1592,54.87,12,25.00,false
25,2,LowVolume5,5,-38.84,-4.1811,38.84,12,16.67,false
25,2,OldGuard4,0,244.62,8.4045,30.63,16,62.50,true
25,2,OldGuard4,1,5.31,1.1117,36.50,13,46.15,true
25,2,OldGuard4,2,148.24,6.6842,31.52,14,50.00,true
25,2,OldGuard4,3,89.70,5.1785,38.97,12,50.00,true
25,2,OldGuard4,4,-53.45,-6.1100,53.45,11,18.18,false
25,2,OldGuard4,5,-9.42,-0.2226,20.19,10,30.00,false
25,2.5,Base5,0,75.16,6.2275,41.71,10,40.00,true
25,2.5,Base5,1,-19.69,-0.8243,33.98,10,30.00,false
25,2.5,Base5,2,522.06,11.8140,17.01,8,62.50,true
25,2.5,Base5,3,113.46,4.9280,27.19,12,50.00,true
25,2.5,Base5,4,-37.95,-9.2894,37.95,8,37.50,false
25,2.5,Base5,5,41.62,2.6372,16.44,11,54.55,true
25,2.5,NoDOGE,0,162.21,8.5543,35.72,9,44.44,true
25,2.5,NoDOGE,1,5.68,1.7428,20.94,7,42.86,true
25,2.5,NoDOGE,2,609.69,13.0953,23.90,7,57.14,true
25,2.5,NoDOGE,3,163.26,5.6464,26.94,11,63.64,true
25,2.5,NoDOGE,4,-23.46,-5.7278,25.70,7,42.86,false
25,2.5,NoDOGE,5,29.75,2.6335,17.85,9,55.56,true
25,2.5,Legacy4,0,209.10,7.8482,35.06,13,53.85,true
25,2.5,Legacy4,1,6.95,2.4740,32.78,9,33.33,true
25,2.5,Legacy4,2,-44.93,-2.6028,52.88,9,33.33,false
25,2.5,Legacy4,3,58.15,6.0983,27.53,8,50.00,true
25,2.5,Legacy4,4,-29.20,-8.3917,29.20,6,33.33,false
25,2.5,Legacy4,5,0.72,1.0080,25.36,8,50.00,true
25,2.5,Legacy5BNB,0,174.71,9.3895,35.06,12,58.33,true
25,2.5,Legacy5BNB,1,0.53,0.9862,21.39,8,50.00,true
25,2.5,Legacy5BNB,2,-50.79,-3.2471,52.88,9,33.33,false
25,2.5,Legacy5BNB,3,70.51,6.7162,27.53,7,42.86,true
25,2.5,Legacy5BNB,4,-15.64,-1.7546,24.69,5,40.00,false
25,2.5,Legacy5BNB,5,-21.85,-1.4475,25.00,9,33.33,false
25,2.5,OldGuardNoBNB,0,64.48,3.8030,41.40,16,50.00,true
25,2.5,OldGuardNoBNB,1,-1.45,1.4146,45.16,10,50.00,false
25,2.5,OldGuardNoBNB,2,-44.93,-2.6028,52.88,9,33.33,false
25,2.5,OldGuardNoBNB,3,58.15,6.0983,27.53,8,50.00,true
25,2.5,OldGuardNoBNB,4,-29.20,-8.3917,29.20,6,33.33,false
25,2.5,OldGuardNoBNB,5,20.84,3.4654,16.67,8,62.50,true
25,2.5,LargeCaps5,0,307.04,9.6113,35.72,8,50.00,true
25,2.5,LargeCaps5,1,9.62,2.4438,17.99,7,42.86,true
25,2.5,LargeCaps5,2,552.51,12.9277,33.73,8,50.00,true
25,2.5,LargeCaps5,3,130.26,5.4488,32.57,9,44.44,true
25,2.5,LargeCaps5,4,-12.01,-1.9046,24.35,7,57.14,false
25,2.5,LargeCaps5,5,23.85,2.2740,17.85,9,55.56,true
25,2.5,Legacy3,0,33.36,3.1253,39.61,14,42.86,true
25,2.5,Legacy3,1,17.65,3.5997,41.75,8,37.50,true
25,2.5,Legacy3,2,40.38,3.1710,39.71,11,36.36,true
25,2.5,Legacy3,3,288.27,8.8380,32.34,9,55.56,true
25,2.5,Legacy3,4,-32.24,-7.6841,37.88,7,14.29,false
25,2.5,Legacy3,5,-13.49,-1.4415,20.40,6,33.33,false
25,2.5,LowVolume5,0,34.01,2.9637,38.38,14,42.86,true
25,2.5,LowVolume5,1,83.78,8.3662,30.45,8,50.00,true
25,2.5,LowVolume5,2,1442.04,13.5466,42.67,12,50.00,true
25,2.5,LowVolume5,3,284.19,7.8158,41.05,10,50.00,true
25,2.5,LowVolume5,4,-54.52,-7.3933,54.52,9,11.11,false
25,2.5,LowVolume5,5,-33.10,-4.5438,33.80,9,22.22,false
25,2.5,OldGuard4,0,262.07,8.1827,35.06,13,61.54,true
25,2.5,OldGuard4,1,-13.57,0.1966,43.61,10,30.00,false
25,2.5,OldGuard4,2,37.60,2.9925,39.33,11,36.36,true
25,2.5,OldGuard4,3,288.27,8.8380,32.34,9,55.56,true
25,2.5,OldGuard4,4,-38.10,-8.9768,38.10,8,12.50,false
25,2.5,OldGuard4,5,-11.83,-1.1927,20.40,7,42.86,false
25,3,Base5,0,159.52,9.8637,43.20,8,50.00,true
25,3,Base5,1,-33.62,-1.8475,45.43,10,20.00,false
25,3,Base5,2,465.60,11.6723,30.26,7,57.14,true
25,3,Base5,3,77.46,4.3290,36.25,9,44.44,true
25,3,Base5,4,-46.92,-12.8525,46.92,7,14.29,false
25,3,Base5,5,1.46,0.5594,30.34,10,50.00,true
25,3,NoDOGE,0,204.07,10.1498,43.20,8,50.00,true
25,3,NoDOGE,1,47.71,7.7832,16.25,6,66.67,true
25,3,NoDOGE,2,507.54,11.9920,31.12,7,57.14,true
25,3,NoDOGE,3,118.87,5.1067,36.25,8,50.00,true
25,3,NoDOGE,4,-34.53,-9.7874,34.53,6,16.67,false
25,3,NoDOGE,5,14.31,2.3389,19.77,8,62.50,true
25,3,Legacy4,0,293.53,12.9558,27.80,11,54.55,true
25,3,Legacy4,1,75.81,9.3247,22.57,7,42.86,true
25,3,Legacy4,2,-25.07,-4.5188,35.55,7,42.86,false
25,3,Legacy4,3,78.69,9.4458,29.90,6,33.33,true
25,3,Legacy4,4,-30.40,-11.8689,30.40,5,20.00,false
25,3,Legacy4,5,-33.90,-6.3728,33.90,8,25.00,false
25,3,Legacy5BNB,0,380.42,15.3760,27.80,11,45.45,true
25,3,Legacy5BNB,1,21.14,4.3904,31.73,7,42.86,true
25,3,Legacy5BNB,2,-33.58,-7.9041,36.05,7,28.57,false
25,3,Legacy5BNB,3,98.07,9.7402,26.78,6,33.33,true
25,3,Legacy5BNB,4,-26.27,-5.3209,26.27,5,40.00,false
25,3,Legacy5BNB,5,-45.41,-5.9137,45.41,9,22.22,false
25,3,OldGuardNoBNB,0,155.98,9.4520,27.80,13,53.85,true
25,3,OldGuardNoBNB,1,-17.48,-0.5759,48.28,8,50.00,false
25,3,OldGuardNoBNB,2,-25.07,-4.5188,35.55,7,42.86,false
25,3,OldGuardNoBNB,3,78.69,9.4458,29.90,6,33.33,true
25,3,OldGuardNoBNB,4,-30.40,-11.8689,30.40,5,20.00,false
25,3,OldGuardNoBNB,5,-15.18,-2.3977,20.05,8,37.50,false
25,3,LargeCaps5,0,340.72,12.4498,43.20,7,57.14,true
25,3,LargeCaps5,1,52.65,9.8793,13.45,6,66.67,true
25,3,LargeCaps5,2,683.51,12.9808,13.86,6,66.67,true
25,3,LargeCaps5,3,45.72,3.8585,36.25,9,33.33,true
25,3,LargeCaps5,4,-30.91,-8.2949,30.91,6,33.33,false
25,3,LargeCaps5,5,14.31,2.3389,19.77,8,62.50,true
25,3,Legacy3,0,212.88,11.5657,29.70,11,45.45,true
25,3,Legacy3,1,33.26,5.5609,32.90,7,42.86,true
25,3,Legacy3,2,-18.59,-2.6290,37.44,7,28.57,false
25,3,Legacy3,3,311.56,10.1303,17.58,7,71.43,true
25,3,Legacy3,4,-18.47,-4.3512,27.56,5,20.00,false
25,3,Legacy3,5,-19.92,-3.5480,21.09,6,33.33,false
25,3,LowVolume5,0,-27.78,-0.1387,51.04,13,30.77,false
25,3,LowVolume5,1,81.74,8.2080,32.90,8,50.00,true
25,3,LowVolume5,2,724.67,13.8589,9.10,7,71.43,true
25,3,LowVolume5,3,110.83,6.1949,33.55,8,37.50,true
25,3,LowVolume5,4,-37.06,-6.5810,37.06,7,14.29,false
25,3,LowVolume5,5,-39.50,-6.6161,39.50,8,25.00,false
25,3,OldGuard4,0,255.75,12.4052,27.80,11,63.64,true
25,3,OldGuard4,1,-3.61,1.0013,35.04,8,37.50,false
25,3,OldGuard4,2,-21.73,-3.4944,38.26,7,28.57,false
25,3,OldGuard4,3,311.56,10.1303,17.58,7,71.43,true
25,3,OldGuard4,4,-25.52,-6.0028,27.56,6,16.67,false
25,3,OldGuard4,5,-18.38,-3.1552,21.09,7,42.86,false
25,3.5,Base5,0,284.49,11.3410,35.86,5,60.00,true
25,3.5,Base5,1,118.63,3.9529,61.30,11,27.27,true
25,3.5,Base5,2,404.69,11.2844,39.18,6,50.00,true
25,3.5,Base5,3,-43.08,-13.5163,43.08,7,14.29,false
25,3.5,Base5,4,110.35,14.1845,22.13,5,40.00,true
25,3.5,Base5,5,48.02,3.3181,19.11,7,57.14,true
25,3.5,NoDOGE,0,284.49,11.3410,35.86,5,60.00,true
25,3.5,NoDOGE,1,12.16,2.6769,16.25,5,60.00,true
25,3.5,NoDOGE,2,893.99,13.4224,18.14,5,80.00,true
25,3.5,NoDOGE,3,-17.31,-3.3983,30.41,6,33.33,false
25,3.5,NoDOGE,4,145.80,22.8830,5.11,4,50.00,true
25,3.5,NoDOGE,5,-5.62,-0.5402,26.23,6,50.00,false
25,3.5,Legacy4,0,135.29,12.5525,27.07,6,50.00,true
25,3.5,Legacy4,1,46.72,6.7829,30.44,7,42.86,true
25,3.5,Legacy4,2,-10.13,-0.1035,22.61,6,50.00,false
25,3.5,Legacy4,3,-8.83,2.0342,39.98,6,33.33,false
25,3.5,Legacy4,4,-48.59,-12.6735,48.59,5,0.00,false
25,3.5,Legacy4,5,-30.40,-6.1548,30.84,7,28.57,false
25,3.5,Legacy5BNB,0,350.46,17.8344,18.61,6,66.67,true
25,3.5,Legacy5BNB,1,-2.41,1.0648,39.45,7,42.86,false
25,3.5,Legacy5BNB,2,-13.87,-0.4525,22.61,6,50.00,false
25,3.5,Legacy5BNB,3,5.62,3.3778,39.98,5,40.00,true
25,3.5,Legacy5BNB,4,-17.49,-3.5340,19.17,4,25.00,false
25,3.5,Legacy5BNB,5,-1.96,0.8500,23.60,6,33.33,false
25,3.5,OldGuardNoBNB,0,4.36,3.3328,57.10,10,40.00,true
25,3.5,OldGuardNoBNB,1,-59.23,-6.2214,66.42,8,50.00,false
25,3.5,OldGuardNoBNB,2,-10.13,-0.1035,22.61,6,50.00,false
25,3.5,OldGuardNoBNB,3,-8.83,2.0342,39.98,6,33.33,false
25,3.5,OldGuardNoBNB,4,-48.59,-12.6735,48.59,5,0.00,false
25,3.5,OldGuardNoBNB,5,-19.66,-4.7654,19.66,7,28.57,false
25,3.5,LargeCaps5,0,284.49,11.3410,35.86,5,60.00,true
25,3.5,LargeCaps5,1,13.14,3.3118,15.51,5,60.00,true
25,3.5,LargeCaps5,2,868.49,13.2984,18.14,5,80.00,true
25,3.5,LargeCaps5,3,-42.84,-17.6849,42.84,6,16.67,false
25,3.5,LargeCaps5,4,145.80,22.8830,5.11,4,50.00,true
25,3.5,LargeCaps5,5,-5.62,-0.5402,26.23,6,50.00,false
25,3.5,Legacy3,0,166.72,14.9094,17.33,6,50.00,true
25,3.5,Legacy3,1,8.90,3.4910,31.69,5,60.00,true
25,3.5,Legacy3,2,30.97,6.0778,32.46,6,33.33,true
25,3.5,Legacy3,3,83.37,5.7209,39.98,7,57.14,true
25,3.5,Legacy3,4,-35.49,-11.2607,35.49,5,20.00,false
25,3.5,Legacy3,5,-7.98,-0.8674,19.89,5,40.00,false
25,3.5,LowVolume5,0,3.63,1.6237,32.93,8,37.50,true
25,3.5,LowVolume5,1,-21.49,-0.7992,31.69,6,50.00,false
25,3.5,LowVolume5,2,1449.13,21.9427,40.63,7,57.14,true
25,3.5,LowVolume5,3,0.77,1.8504,20.55,6,33.33,true
25,3.5,LowVolume5,4,-52.83,-11.7569,52.83,7,14.29,false
25,3.5,LowVolume5,5,-22.95,-3.5653,32.92,6,33.33,false
25,3.5,OldGuard4,0,91.47,8.3509,27.02,7,57.14,true
25,3.5,OldGuard4,1,-20.12,-1.7351,31.69,7,42.86,false
25,3.5,OldGuard4,2,30.90,6.0213,32.50,6,33.33,true
25,3.5,OldGuard4,3,83.37,5.7209,39.98,7,57.14,true
25,3.5,OldGuard4,4,-42.24,-13.1240,42.24,6,16.67,false
25,3.5,OldGuard4,5,-15.65,-3.9539,20.80,6,33.33,false
25,4,Base5,0,151.63,10.9951,36.86,4,50.00,true
25,4,Base5,1,106.33,7.2843,42.86,8,25.00,true
25,4,Base5,2,540.30,12.1362,22.44,5,60.00,true
25,4,Base5,3,-54.32,-7.3681,54.89,7,28.57,false
25,4,Base5,4,78.27,10.6891,34.01,5,40.00,true
25,4,Base5,5,16.14,1.8173,28.47,7,57.14,true
25,4,NoDOGE,0,151.63,10.9951,36.86,4,50.00,true
25,4,NoDOGE,1,-7.37,-0.8948,22.89,5,40.00,false
25,4,NoDOGE,2,777.36,12.0874,17.74,5,80.00,true
25,4,NoDOGE,3,-4.96,0.1895,19.87,6,50.00,false
25,4,NoDOGE,4,129.31,19.3000,11.48,4,50.00,true
25,4,NoDOGE,5,-25.95,-5.6071,34.77,6,50.00,false
25,4,Legacy4,0,134.40,12.8825,27.61,6,66.67,true
25,4,Legacy4,1,-36.86,-3.6888,44.64,7,28.57,false
25,4,Legacy4,2,-23.97,-1.4491,25.89,6,33.33,false
25,4,Legacy4,3,-51.00,-8.8036,51.00,6,33.33,false
25,4,Legacy4,4,-47.41,-19.5455,47.41,4,0.00,false
25,4,Legacy4,5,-57.99,-5.7487,57.99,7,14.29,false
25,4,Legacy5BNB,0,381.29,19.1546,16.87,6,83.33,true
25,4,Legacy5BNB,1,-32.54,-6.4050,42.11,6,33.33,false
25,4,Legacy5BNB,2,-27.13,-1.7503,28.96,6,33.33,false
25,4,Legacy5BNB,3,-39.97,-12.6305,39.97,5,40.00,false
25,4,Legacy5BNB,4,-16.12,-0.5709,43.36,4,50.00,false
25,4,Legacy5BNB,5,-45.74,-3.3334,56.52,7,28.57,false
25,4,OldGuardNoBNB,0,14.35,4.0555,49.61,8,50.00,true
25,4,OldGuardNoBNB,1,-65.67,-15.8921,65.67,7,14.29,false
25,4,OldGuardNoBNB,2,-23.97,-1.4491,25.89,6,33.33,false
25,4,OldGuardNoBNB,3,-51.00,-8.8036,51.00,6,33.33,false
25,4,OldGuardNoBNB,4,-47.41,-19.5455,47.41,4,0.00,false
25,4,OldGuardNoBNB,5,-49.56,-20.2458,49.56,6,0.00,false
25,4,LargeCaps5,0,142.55,9.1336,36.86,5,40.00,true
25,4,LargeCaps5,1,-1.85,0.2674,18.31,5,40.00,false
25,4,LargeCaps5,2,754.85,11.9795,17.74,5,80.00,true
25,4,LargeCaps5,3,-38.91,-12.9734,38.91,6,33.33,false
25,4,LargeCaps5,4,129.31,19.3000,11.48,4,50.00,true
25,4,LargeCaps5,5,-25.95,-5.6071,34.77,6,50.00,false
25,4,Legacy3,0,283.03,26.2636,0.00,5,100.00,true
25,4,Legacy3,1,4.84,2.8785,34.62,5,60.00,true
25,4,Legacy3,2,19.03,4.8290,44.10,6,16.67,true
25,4,Legacy3,3,-61.25,-13.0802,61.25,6,16.67,false
25,4,Legacy3,4,-34.86,-15.3252,34.86,4,25.00,false
25,4,Legacy3,5,-39.56,-3.1776,39.56,5,20.00,false
25,4,LowVolume5,0,61.53,7.0964,32.93,7,71.43,true
25,4,LowVolume5,1,-24.41,-1.1477,34.62,6,50.00,false
25,4,LowVolume5,2,1000.40,19.4750,33.58,6,50.00,true
25,4,LowVolume5,3,-23.83,-2.5831,33.35,6,16.67,false
25,4,LowVolume5,4,-40.53,-10.0657,40.53,6,33.33,false
25,4,LowVolume5,5,-49.39,-4.2897,49.39,6,16.67,false
25,4,OldGuard4,0,172.71,13.5552,17.99,7,71.43,true
25,4,OldGuard4,1,-59.29,-8.1557,59.29,7,14.29,false
25,4,OldGuard4,2,22.40,4.8333,41.60,6,16.67,true
25,4,OldGuard4,3,-61.25,-13.0802,61.25,6,16.67,false
25,4,OldGuard4,4,-38.83,-13.5669,38.83,5,20.00,false
25,4,OldGuard4,5,-43.66,-16.6816,43.66,5,0.00,false
28,1,Base5,0,47.29,3.2035,60.52,26,53.85,true
28,1,Base5,1,389.85,4.8287,22.40,21,57.14,true
28,1,Base5,2,-3.30,1.1801,37.69,27,33.33,false
28,1,Base5,3,348.33,9.2584,25.17,26,57.69,true
28,1,Base5,4,-0.89,0.6554,26.21,16,37.50,false
28,1,Base5,5,99.88,5.2731,12.13,22,54.55,true
28,1,NoDOGE,0,66.67,3.7054,60.52,27,55.56,true
28,1,NoDOGE,1,112.14,14.4673,8.33,14,57.14,true
28,1,NoDOGE,2,122.19,5.0649,26.59,23,39.13,true
28,1,NoDOGE,3,452.93,10.3539,25.17,25,64.00,true
28,1,NoDOGE,4,11.75,1.9933,24.33,13,46.15,true
28,1,NoDOGE,5,30.71,3.2633,15.43,18,44.44,true
28,1,Legacy4,0,5.26,1.0232,37.89,29,51.72,true
28,1,Legacy4,1,80.66,5.8622,21.71,22,54.55,true
28,1,Legacy4,2,71.79,4.1636,25.05,21,47.62,true
28,1,Legacy4,3,-31.18,-0.7952,57.99,23,39.13,false
28,1,Legacy4,4,-30.88,-7.3184,37.28,10,30.00,false
28,1,Legacy4,5,8.31,1.9015,16.78,18,50.00,true
28,1,Legacy5BNB,0,-38.73,-3.1912,57.86,29,37.93,false
28,1,Legacy5BNB,1,98.27,9.4214,15.49,18,66.67,true
28,1,Legacy5BNB,2,59.43,3.5892,25.05,23,52.17,true
28,1,Legacy5BNB,3,27.52,2.3841,55.68,19,57.89,true
28,1,Legacy5BNB,4,1.81,0.9946,17.26,13,46.15,true
28,1,Legacy5BNB,5,2.42,0.8922,22.01,18,44.44,true
28,1,OldGuardNoBNB,0,67.27,3.6510,30.26,32,50.00,true
28,1,OldGuardNoBNB,1,35.69,2.8746,37.96,20,50.00,true
28,1,OldGuardNoBNB,2,71.79,4.1636,25.05,21,47.62,true
28,1,OldGuardNoBNB,3,-31.18,-0.7952,57.99,23,39.13,false
28,1,OldGuardNoBNB,4,-30.88,-7.3184,37.28,10,30.00,false
28,1,OldGuardNoBNB,5,55.69,7.4488,6.11,19,57.89,true
28,1,LargeCaps5,0,48.29,2.9857,60.52,32,53.12,true
28,1,LargeCaps5,1,113.11,14.6526,8.33,14,57.14,true
28,1,LargeCaps5,2,77.05,4.1224,35.95,24,33.33,true
28,1,LargeCaps5,3,316.61,9.2272,21.14,21,61.90,true
28,1,LargeCaps5,4,53.45,6.0052,24.33,13,69.23,true
28,1,LargeCaps5,5,17.08,2.0606,15.43,19,36.84,true
28,1,Legacy3,0,40.94,2.6395,30.40,23,56.52,true
28,1,Legacy3,1,43.11,4.9267,29.00,18,50.00,true
28,1,Legacy3,2,157.61,7.4222,17.75,20,60.00,true
28,1,Legacy3,3,185.01,7.0981,24.02,21,52.38,true
28,1,Legacy3,4,-29.88,-3.8225,40.74,12,25.00,false
28,1,Legacy3,5,-11.02,-2.8135,14.39,16,43.75,false
28,1,LowVolume5,0,107.07,5.4240,16.43,22,50.00,true
28,1,LowVolume5,1,31.88,4.0508,22.55,17,47.06,true
28,1,LowVolume5,2,191.73,5.5515,28.57,27,44.44,true
28,1,LowVolume5,3,482.01,11.0523,21.48,24,58.33,true
28,1,LowVolume5,4,-36.10,-2.9643,36.47,17,35.29,false
28,1,LowVolume5,5,-20.61,-2.8647,24.63,24,45.83,false
28,1,OldGuard4,0,87.81,4.9505,32.61,26,57.69,true
28,1,OldGuard4,1,51.62,3.3417,25.06,22,54.55,true
28,1,OldGuard4,2,164.07,7.5448,13.45,21,57.14,true
28,1,OldGuard4,3,185.01,7.0981,24.02,21,52.38,true
28,1,OldGuard4,4,-17.88,-1.2365,29.51,15,33.33,false
28,1,OldGuard4,5,16.01,3.3737,16.95,19,47.37,true
28,1.5,Base5,0,-6.17,1.1158,64.63,18,38.89,false
28,1.5,Base5,1,662.64,5.0556,22.40,16,62.50,true
28,1.5,Base5,2,-35.67,-0.7491,48.58,20,25.00,false
28,1.5,Base5,3,229.86,7.4081,23.28,21,47.62,true
28,1.5,Base5,4,-4.69,-0.0517,18.17,12,50.00,false
28,1.5,Base5,5,34.32,2.5219,24.80,18,50.00,true
28,1.5,NoDOGE,0,6.18,1.5850,64.63,19,42.11,true
28,1.5,NoDOGE,1,180.66,18.5932,9.23,9,55.56,true
28,1.5,NoDOGE,2,51.22,3.9382,26.59,14,35.71,true
28,1.5,NoDOGE,3,306.81,8.3530,23.28,20,55.00,true
28,1.5,NoDOGE,4,11.15,2.9656,13.87,9,55.56,true
28,1.5,NoDOGE,5,40.97,3.7877,15.58,14,57.14,true
28,1.5,Legacy4,0,66.14,4.0905,40.20,20,55.00,true
28,1.5,Legacy4,1,80.22,5.8936,25.28,15,46.67,true
28,1.5,Legacy4,2,-26.26,-1.2508,32.91,15,40.00,false
28,1.5,Legacy4,3,-6.56,0.3416,29.02,15,40.00,false
28,1.5,Legacy4,4,-29.55,-7.2167,33.19,7,28.57,false
28,1.5,Legacy4,5,5.98,1.5740,21.38,14,57.14,true
28,1.5,Legacy5BNB,0,-3.68,0.6574,50.19,20,60.00,false
28,1.5,Legacy5BNB,1,76.22,7.5177,12.58,11,63.64,true
28,1.5,Legacy5BNB,2,40.90,2.9037,32.90,17,47.06,true
28,1.5,Legacy5BNB,3,54.23,4.9362,24.80,11,45.45,true
28,1.5,Legacy5BNB,4,-25.81,-4.3141,30.30,11,36.36,false
28,1.5,Legacy5BNB,5,-26.63,-3.9147,33.67,15,40.00,false
28,1.5,OldGuardNoBNB,0,85.35,4.3418,37.72,26,53.85,true
28,1.5,OldGuardNoBNB,1,30.68,2.7732,33.56,14,50.00,true
28,1.5,OldGuardNoBNB,2,-26.26,-1.2508,32.91,15,40.00,false
28,1.5,OldGuardNoBNB,3,-6.56,0.3416,29.02,15,40.00,false
28,1.5,OldGuardNoBNB,4,-29.55,-7.2167,33.19,7,28.57,false
28,1.5,OldGuardNoBNB,5,33.19,4.8344,13.82,16,62.50,true
28,1.5,LargeCaps5,0,-39.48,-0.5559,64.63,23,39.13,false
28,1.5,LargeCaps5,1,168.62,16.8516,13.12,9,55.56,true
28,1.5,LargeCaps5,2,43.79,3.6673,26.59,14,28.57,true
28,1.5,LargeCaps5,3,152.40,6.6487,23.48,17,41.18,true
28,1.5,LargeCaps5,4,-1.59,0.3812,29.54,10,50.00,false
28,1.5,LargeCaps5,5,34.56,3.3627,15.58,14,50.00,true
28,1.5,Legacy3,0,62.22,4.0185,42.63,18,44.44,true
28,1.5,Legacy3,1,68.96,6.0910,21.64,13,61.54,true
28,1.5,Legacy3,2,127.83,7.9558,28.66,15,53.33,true
28,1.5,Legacy3,3,273.16,11.8978,16.93,14,64.29,true
28,1.5,Legacy3,4,-29.66,-3.2396,38.75,10,40.00,false
28,1.5,Legacy3,5,-17.71,-4.4908,25.61,12,33.33,false
28,1.5,LowVolume5,0,191.88,7.2810,29.24,17,52.94,true
28,1.5,LowVolume5,1,54.99,5.1948,14.90,13,53.85,true
28,1.5,LowVolume5,2,156.93,5.4384,42.95,22,36.36,true
28,1.5,LowVolume5,3,500.69,11.9670,33.75,18,55.56,true
28,1.5,LowVolume5,4,-26.25,-1.3525,38.52,13,38.46,false
28,1.5,LowVolume5,5,-43.80,-7.8612,45.33,19,31.58,false
28,1.5,OldGuard4,0,94.98,5.0510,38.65,22,63.64,true
28,1.5,OldGuard4,1,35.53,3.2664,27.00,16,37.50,true
28,1.5,OldGuard4,2,127.60,7.3642,26.84,15,53.33,true
28,1.5,OldGuard4,3,273.16,11.8978,16.93,14,64.29,true
28,1.5,OldGuard4,4,-11.20,-0.2103,34.15,12,41.67,false
28,1.5,OldGuard4,5,2.21,1.1398,16.85,14,42.86,true
28,2,Base5,0,-30.97,-1.1102,54.55,16,25.00,false
28,2,Base5,1,110.42,2.0798,22.40,14,64.29,true
28,2,Base5,2,34.46,2.9083,30.81,13,38.46,true
28,2,Base5,3,55.15,3.9390,32.12,17,41.18,true
28,2,Base5,4,-17.62,-3.0359,20.12,9,55.56,false
28,2,Base5,5,17.54,1.5744,28.84,16,43.75,true
28,2,NoDOGE,0,-8.81,0.5818,49.87,16,31.25,false
28,2,NoDOGE,1,32.49,5.2582,28.84,9,33.33,true
28,2,NoDOGE,2,188.82,7.8112,26.59,9,44.44,true
28,2,NoDOGE,3,91.34,5.0783,32.12,16,50.00,true
28,2,NoDOGE,4,-1.86,-0.0385,14.83,7,57.14,false
28,2,NoDOGE,5,37.59,3.1113,23.19,12,58.33,true
28,2,Legacy4,0,98.21,4.7295,41.00,17,41.18,true
28,2,Legacy4,1,31.57,3.5282,27.33,12,50.00,true
28,2,Legacy4,2,7.41,1.6242,30.36,11,36.36,true
28,2,Legacy4,3,-50.88,-3.9600,50.88,12,25.00,false
28,2,Legacy4,4,-15.39,-3.6885,20.84,6,33.33,false
28,2,Legacy4,5,-10.25,-0.5986,28.30,11,36.36,false
28,2,Legacy5BNB,0,24.18,2.2937,50.94,17,47.06,true
28,2,Legacy5BNB,1,57.77,8.2916,11.59,9,77.78,true
28,2,Legacy5BNB,2,-22.59,-2.8357,35.05,12,33.33,false
28,2,Legacy5BNB,3,-15.46,0.5329,45.86,10,20.00,false
28,2,Legacy5BNB,4,-15.19,-2.6418,20.65,6,50.00,false
28,2,Legacy5BNB,5,-32.54,-3.7250,36.01,11,36.36,false
28,2,OldGuardNoBNB,0,149.66,5.8363,45.61,23,47.83,true
28,2,OldGuardNoBNB,1,-14.29,-1.0117,38.32,12,50.00,false
28,2,OldGuardNoBNB,2,7.41,1.6242,30.36,11,36.36,true
28,2,OldGuardNoBNB,3,-50.88,-3.9600,50.88,12,25.00,false
28,2,OldGuardNoBNB,4,-15.39,-3.6885,20.84,6,33.33,false
28,2,OldGuardNoBNB,5,19.64,2.4153,17.72,11,45.45,true
28,2,LargeCaps5,0,-11.97,0.5607,49.87,18,33.33,false
28,2,LargeCaps5,1,37.43,5.8363,28.84,9,33.33,true
28,2,LargeCaps5,2,108.95,5.9616,26.59,10,40.00,true
28,2,LargeCaps5,3,53.16,4.2595,36.60,13,30.77,true
28,2,LargeCaps5,4,27.66,7.0028,18.13,8,62.50,true
28,2,LargeCaps5,5,31.34,2.7569,23.19,12,50.00,true
28,2,Legacy3,0,80.58,4.0618,45.98,15,33.33,true
28,2,Legacy3,1,27.66,3.6661,34.40,10,50.00,true
28,2,Legacy3,2,157.03,6.9336,31.07,14,50.00,true
28,2,Legacy3,3,110.26,5.9406,29.73,13,53.85,true
28,2,Legacy3,4,-48.73,-5.7427,48.73,10,30.00,false
28,2,Legacy3,5,-25.88,-2.9652,30.66,9,22.22,false
28,2,LowVolume5,0,189.69,6.6497,21.86,15,46.67,true
28,2,LowVolume5,1,14.30,2.4572,28.77,10,40.00,true
28,2,LowVolume5,2,194.87,5.7627,27.87,16,43.75,true
28,2,LowVolume5,3,252.44,8.1824,35.39,15,53.33,true
28,2,LowVolume5,4,-43.50,-2.9409,51.93,12,33.33,false
28,2,LowVolume5,5,-40.93,-4.5938,40.93,12,16.67,false
28,2,OldGuard4,0,296.53,8.6782,40.87,18,61.11,true
28,2,OldGuard4,1,10.75,1.5503,36.50,13,46.15,true
28,2,OldGuard4,2,173.23,7.2515,24.78,14,50.00,true
28,2,OldGuard4,3,110.26,5.9406,29.73,13,53.85,true
28,2,OldGuard4,4,-46.15,-4.1721,47.31,12,33.33,false
28,2,OldGuard4,5,-9.42,-0.2226,20.19,10,30.00,false
28,2.5,Base5,0,83.13,6.5430,41.57,10,40.00,true
28,2.5,Base5,1,44.84,1.3920,27.08,13,46.15,true
28,2.5,Base5,2,30.22,3.2672,30.61,10,50.00,true
28,2.5,Base5,3,26.87,2.3808,27.19,13,53.85,true
28,2.5,Base5,4,-43.36,-11.9822,43.36,8,25.00,false
28,2.5,Base5,5,48.80,2.9614,16.44,11,63.64,true
28,2.5,NoDOGE,0,174.14,8.8250,35.56,9,44.44,true
28,2.5,NoDOGE,1,-2.99,0.3474,27.43,8,37.50,false
28,2.5,NoDOGE,2,364.99,11.1073,23.90,9,55.56,true
28,2.5,NoDOGE,3,56.46,3.4513,26.94,12,66.67,true
28,2.5,NoDOGE,4,-30.14,-8.3992,30.14,7,28.57,false
28,2.5,NoDOGE,5,33.51,2.8750,17.85,9,66.67,true
28,2.5,Legacy4,0,166.78,7.1566,37.81,14,42.86,true
28,2.5,Legacy4,1,9.76,2.5825,33.63,10,40.00,true
28,2.5,Legacy4,2,-45.20,-2.5691,53.11,9,33.33,false
28,2.5,Legacy4,3,86.17,8.7066,26.94,7,57.14,true
28,2.5,Legacy4,4,-27.87,-11.3884,27.87,6,33.33,false
28,2.5,Legacy4,5,-17.28,-2.0912,25.36,8,37.50,false
28,2.5,Legacy5BNB,0,67.42,4.1812,55.85,14,42.86,true
28,2.5,Legacy5BNB,1,3.03,1.4557,29.73,8,62.50,true
28,2.5,Legacy5BNB,2,-51.03,-3.1977,53.11,9,33.33,false
28,2.5,Legacy5BNB,3,114.00,8.9988,26.78,6,50.00,true
28,2.5,Legacy5BNB,4,-14.55,-1.8324,23.28,5,40.00,false
28,2.5,Legacy5BNB,5,-33.62,-3.4616,35.23,9,33.33,false
28,2.5,OldGuardNoBNB,0,28.69,2.4864,50.65,18,50.00,true
28,2.5,OldGuardNoBNB,1,-11.91,0.5551,50.98,10,50.00,false
28,2.5,OldGuardNoBNB,2,-45.20,-2.5691,53.11,9,33.33,false
28,2.5,OldGuardNoBNB,3,86.17,8.7066,26.94,7,57.14,true
28,2.5,OldGuardNoBNB,4,-27.87,-11.3884,27.87,6,33.33,false
28,2.5,OldGuardNoBNB,5,-0.76,0.5448,16.67,8,50.00,false
28,2.5,LargeCaps5,0,308.02,9.6521,35.56,8,50.00,true
28,2.5,LargeCaps5,1,0.63,0.8299,24.72,8,37.50,true
28,2.5,LargeCaps5,2,327.53,10.6669,33.73,10,50.00,true
28,2.5,LargeCaps5,3,45.90,3.4393,32.57,10,50.00,true
28,2.5,LargeCaps5,4,-19.69,-4.0641,24.35,7,42.86,false
28,2.5,LargeCaps5,5,27.44,2.5077,17.85,9,55.56,true
28,2.5,Legacy3,0,-8.42,1.3091,57.07,15,33.33,false
28,2.5,Legacy3,1,16.16,3.4605,42.48,8,37.50,true
28,2.5,Legacy3,2,40.38,3.1710,39.71,11,36.36,true
28,2.5,Legacy3,3,215.38,9.4481,26.94,9,66.67,true
28,2.5,Legacy3,4,-30.97,-8.5014,36.72,7,14.29,false
28,2.5,Legacy3,5,-14.29,-1.5719,21.09,6,33.33,false
28,2.5,LowVolume5,0,34.01,2.9637,38.38,14,42.86,true
28,2.5,LowVolume5,1,16.68,3.4540,31.33,8,37.50,true
28,2.5,LowVolume5,2,1240.76,11.8598,42.67,13,53.85,true
28,2.5,LowVolume5,3,128.33,6.1442,41.05,11,54.55,true
28,2.5,LowVolume5,4,-53.67,-7.3763,53.67,9,11.11,false
28,2.5,LowVolume5,5,-33.71,-4.6256,34.40,9,22.22,false
28,2.5,OldGuard4,0,210.82,7.4929,37.81,14,50.00,true
28,2.5,OldGuard4,1,-11.30,0.3929,44.32,11,36.36,false
28,2.5,OldGuard4,2,37.58,3.0255,39.35,11,36.36,true
28,2.5,OldGuard4,3,215.38,9.4481,26.94,9,66.67,true
28,2.5,OldGuard4,4,-36.94,-9.9241,36.94,8,12.50,false
28,2.5,OldGuard4,5,-12.64,-1.3073,21.09,7,42.86,false
28,3,Base5,0,158.87,9.9759,43.20,8,50.00,true
28,3,Base5,1,95.66,2.2235,47.96,12,33.33,true
28,3,Base5,2,477.42,11.8606,34.75,8,50.00,true
28,3,Base5,3,86.02,4.4460,36.25,9,44.44,true
28,3,Base5,4,-52.38,-15.3513,52.38,7,0.00,false
28,3,Base5,5,-23.67,-1.1829,38.09,11,45.45,false
28,3,NoDOGE,0,203.31,10.2702,43.20,8,50.00,true
28,3,NoDOGE,1,47.71,7.7832,16.25,6,66.67,true
28,3,NoDOGE,2,747.99,13.8020,29.89,6,50.00,true
28,3,NoDOGE,3,129.42,5.2242,36.25,8,50.00,true
28,3,NoDOGE,4,-37.98,-11.6181,37.98,6,0.00,false
28,3,NoDOGE,5,-3.24,0.3782,19.77,9,55.56,false
28,3,Legacy4,0,252.54,13.2876,20.91,8,62.50,true
28,3,Legacy4,1,60.86,7.9986,29.16,7,42.86,true
28,3,Legacy4,2,-40.02,-2.4542,48.19,8,37.50,false
28,3,Legacy4,3,88.92,10.1558,29.29,6,33.33,true
28,3,Legacy4,4,-38.09,-13.9170,38.09,5,0.00,false
28,3,Legacy4,5,-32.95,-6.2934,32.95,8,25.00,false
28,3,Legacy5BNB,0,331.46,15.5895,20.91,8,50.00,true
28,3,Legacy5BNB,1,21.14,4.3904,31.73,7,42.86,true
28,3,Legacy5BNB,2,-46.84,-3.2274,48.59,8,25.00,false
28,3,Legacy5BNB,3,105.93,10.0018,27.38,6,33.33,true
28,3,Legacy5BNB,4,-30.77,-5.9518,30.77,5,40.00,false
28,3,Legacy5BNB,5,-45.92,-6.3801,45.92,9,11.11,false
28,3,OldGuardNoBNB,0,139.35,9.3382,25.52,11,54.55,true
28,3,OldGuardNoBNB,1,-50.39,-5.1410,58.83,9,44.44,false
28,3,OldGuardNoBNB,2,-40.02,-2.4542,48.19,8,37.50,false
28,3,OldGuardNoBNB,3,88.92,10.1558,29.29,6,33.33,true
28,3,OldGuardNoBNB,4,-38.09,-13.9170,38.09,5,0.00,false
28,3,OldGuardNoBNB,5,-13.96,-2.2394,18.91,8,37.50,false
28,3,LargeCaps5,0,340.72,12.4498,43.20,7,57.14,true
28,3,LargeCaps5,1,52.65,9.8793,13.45,6,66.67,true
28,3,LargeCaps5,2,1119.71,15.2145,16.93,5,60.00,true
28,3,LargeCaps5,3,51.50,3.9379,36.25,9,33.33,true
28,3,LargeCaps5,4,-34.55,-9.9810,34.55,6,16.67,false
28,3,LargeCaps5,5,-3.24,0.3782,19.77,9,55.56,false
28,3,Legacy3,0,213.06,12.2200,22.59,9,44.44,true
28,3,Legacy3,1,21.92,4.4677,38.61,7,42.86,true
28,3,Legacy3,2,46.15,2.7384,30.65,9,33.33,true
28,3,Legacy3,3,335.14,10.2703,14.25,7,71.43,true
28,3,Legacy3,4,-23.45,-5.1158,31.98,5,20.00,false
28,3,Legacy3,5,-18.77,-3.3825,19.96,6,33.33,false
28,3,LowVolume5,0,-22.44,0.0453,46.09,12,33.33,false
28,3,LowVolume5,1,70.26,7.3895,38.61,8,50.00,true
28,3,LowVolume5,2,713.02,13.6456,9.10,7,71.43,true
28,3,LowVolume5,3,187.64,8.1511,20.08,7,42.86,true
28,3,LowVolume5,4,-34.22,-5.1941,34.22,7,28.57,false
28,3,LowVolume5,5,-38.63,-6.5275,38.63,8,25.00,false
28,3,OldGuard4,0,219.30,11.3899,25.18,8,75.00,true
28,3,OldGuard4,1,-11.81,0.3683,40.57,8,37.50,false
28,3,OldGuard4,2,39.74,2.5321,30.65,9,33.33,true
28,3,OldGuard4,3,335.14,10.2703,14.25,7,71.43,true
28,3,OldGuard4,4,-31.09,-6.8997,31.98,6,16.67,false
28,3,OldGuard4,5,-17.21,-2.9903,19.96,7,42.86,false
28,3.5,Base5,0,278.47,11.2191,36.86,5,60.00,true
28,3.5,Base5,1,66.59,3.5273,61.30,10,20.00,true
28,3.5,Base5,2,404.69,11.2844,39.18,6,50.00,true
28,3.5,Base5,3,-56.16,-3.4323,56.16,8,12.50,false
28,3.5,Base5,4,110.35,14.1845,22.13,5,40.00,true
28,3.5,Base5,5,46.69,3.2077,20.77,7,57.14,true
28,3.5,NoDOGE,0,278.47,11.2191,36.86,5,60.00,true
28,3.5,NoDOGE,1,22.58,5.1199,18.99,5,60.00,true
28,3.5,NoDOGE,2,893.99,13.4224,18.14,5,80.00,true
28,3.5,NoDOGE,3,-45.93,-2.3386,54.50,7,28.57,false
28,3.5,NoDOGE,4,145.80,22.8830,5.11,4,50.00,true
28,3.5,NoDOGE,5,-6.47,-0.6523,27.74,6,50.00,false
28,3.5,Legacy4,0,116.01,12.4478,29.33,6,50.00,true
28,3.5,Legacy4,1,60.22,7.7487,31.08,7,42.86,true
28,3.5,Legacy4,2,-27.55,-1.6926,27.55,6,33.33,false
28,3.5,Legacy4,3,-2.87,2.3923,34.21,6,33.33,false
28,3.5,Legacy4,4,-48.59,-12.6735,48.59,5,0.00,false
28,3.5,Legacy4,5,-18.10,-3.5299,30.84,6,33.33,false
28,3.5,Legacy5BNB,0,336.53,17.2081,21.13,6,66.67,true
28,3.5,Legacy5BNB,1,7.55,2.4582,33.27,7,42.86,true
28,3.5,Legacy5BNB,2,-30.56,-2.0092,30.56,6,33.33,false
28,3.5,Legacy5BNB,3,-31.39,0.7358,49.94,7,28.57,false
28,3.5,Legacy5BNB,4,-27.99,-6.4508,27.99,4,25.00,false
28,3.5,Legacy5BNB,5,-25.75,-2.1230,30.60,7,28.57,false
28,3.5,OldGuardNoBNB,0,2.75,3.2134,57.76,10,40.00,true
28,3.5,OldGuardNoBNB,1,-59.23,-6.2214,66.42,8,50.00,false
28,3.5,OldGuardNoBNB,2,-27.55,-1.6926,27.55,6,33.33,false
28,3.5,OldGuardNoBNB,3,-2.87,2.3923,34.21,6,33.33,false
28,3.5,OldGuardNoBNB,4,-48.59,-12.6735,48.59,5,0.00,false
28,3.5,OldGuardNoBNB,5,-5.47,-1.0305,18.35,6,33.33,false
28,3.5,LargeCaps5,0,278.47,11.2191,36.86,5,60.00,true
28,3.5,LargeCaps5,1,27.84,6.0926,15.51,5,60.00,true
28,3.5,LargeCaps5,2,868.49,13.2984,18.14,5,80.00,true
28,3.5,LargeCaps5,3,-70.00,-3.5790,70.00,8,12.50,false
28,3.5,LargeCaps5,4,145.80,22.8830,5.11,4,50.00,true
28,3.5,LargeCaps5,5,-6.47,-0.6523,27.74,6,50.00,false
28,3.5,Legacy3,0,258.83,18.5783,13.17,6,66.67,true
28,3.5,Legacy3,1,30.76,6.4014,32.31,5,60.00,true
28,3.5,Legacy3,2,24.03,5.8296,40.75,6,16.67,true
28,3.5,Legacy3,3,119.13,6.2169,34.21,7,57.14,true
28,3.5,Legacy3,4,-35.49,-11.2607,35.49,5,20.00,false
28,3.5,Legacy3,5,-7.32,-0.5913,19.89,5,40.00,false
28,3.5,LowVolume5,0,43.19,4.5509,32.93,9,55.56,true
28,3.5,LowVolume5,1,-5.72,1.8878,32.31,6,50.00,false
28,3.5,LowVolume5,2,511.40,18.2063,35.60,7,57.14,true
28,3.5,LowVolume5,3,8.67,3.3955,20.55,6,33.33,true
28,3.5,LowVolume5,4,-52.83,-11.7569,52.83,7,14.29,false
28,3.5,LowVolume5,5,-22.40,-3.3030,32.92,6,33.33,false
28,3.5,OldGuard4,0,88.50,8.1854,28.15,7,57.14,true
28,3.5,OldGuard4,1,-12.77,0.3117,32.31,7,42.86,false
28,3.5,OldGuard4,2,25.70,5.8140,39.95,6,16.67,true
28,3.5,OldGuard4,3,119.13,6.2169,34.21,7,57.14,true
28,3.5,OldGuard4,4,-42.24,-13.1240,42.24,6,16.67,false
28,3.5,OldGuard4,5,-15.04,-3.6028,20.80,6,33.33,false
28,4,Base5,0,246.84,10.8615,36.45,5,60.00,true
28,4,Base5,1,-44.26,-6.2574,54.18,8,25.00,false
28,4,Base5,2,540.30,12.1362,22.44,5,60.00,true
28,4,Base5,3,-37.71,-7.1120,37.71,7,28.57,false
28,4,Base5,4,78.27,10.6891,34.01,5,40.00,true
28,4,Base5,5,16.14,1.8173,28.47,7,57.14,true
28,4,NoDOGE,0,246.84,10.8615,36.45,5,60.00,true
28,4,NoDOGE,1,1.05,1.0958,22.89,5,60.00,true
28,4,NoDOGE,2,777.36,12.0874,17.74,5,80.00,true
28,4,NoDOGE,3,2.84,1.9004,23.81,6,50.00,true
28,4,NoDOGE,4,129.31,19.3000,11.48,4,50.00,true
28,4,NoDOGE,5,-25.95,-5.6071,34.77,6,50.00,false
28,4,Legacy4,0,96.00,10.0440,30.87,6,50.00,true
28,4,Legacy4,1,-39.17,-3.3127,48.90,7,28.57,false
28,4,Legacy4,2,-25.36,-1.5796,25.89,6,33.33,false
28,4,Legacy4,3,-21.12,0.9879,40.48,6,33.33,false
28,4,Legacy4,4,-42.19,-18.1111,42.19,4,0.00,false
28,4,Legacy4,5,-65.25,-6.7211,65.25,7,14.29,false
28,4,Legacy5BNB,0,302.45,16.5362,20.61,6,66.67,true
28,4,Legacy5BNB,1,-29.58,-4.7183,42.11,6,33.33,false
28,4,Legacy5BNB,2,-28.46,-1.8808,28.96,6,33.33,false
28,4,Legacy5BNB,3,3.95,3.1611,40.48,5,40.00,true
28,4,Legacy5BNB,4,-7.80,0.7969,37.74,4,50.00,false
28,4,Legacy5BNB,5,-47.40,-3.4988,56.52,7,28.57,false
28,4,OldGuardNoBNB,0,56.15,7.2398,31.24,7,42.86,true
28,4,OldGuardNoBNB,1,-71.29,-10.3079,72.14,8,25.00,false
28,4,OldGuardNoBNB,2,-25.36,-1.5796,25.89,6,33.33,false
28,4,OldGuardNoBNB,3,-21.12,0.9879,40.48,6,33.33,false
28,4,OldGuardNoBNB,4,-42.19,-18.1111,42.19,4,0.00,false
28,4,OldGuardNoBNB,5,-50.02,-24.1921,50.02,6,0.00,false
28,4,LargeCaps5,0,116.55,11.2975,36.45,5,60.00,true
28,4,LargeCaps5,1,7.07,2.0977,18.31,5,60.00,true
28,4,LargeCaps5,2,754.85,11.9795,17.74,5,80.00,true
28,4,LargeCaps5,3,-34.58,-10.9564,34.58,6,16.67,false
28,4,LargeCaps5,4,129.31,19.3000,11.48,4,50.00,true
28,4,LargeCaps5,5,-25.95,-5.6071,34.77,6,50.00,false
28,4,Legacy3,0,58.95,7.7757,43.93,6,50.00,true
28,4,Legacy3,1,8.52,3.4509,34.62,5,60.00,true
28,4,Legacy3,2,16.85,4.6598,44.10,6,16.67,true
28,4,Legacy3,3,50.44,4.3122,40.48,7,57.14,true
28,4,Legacy3,4,-27.97,-14.7112,27.97,4,25.00,false
28,4,Legacy3,5,-39.56,-3.1776,39.56,5,20.00,false
28,4,LowVolume5,0,-44.99,-5.5613,53.67,7,28.57,false
28,4,LowVolume5,1,-21.76,-0.6963,34.62,6,50.00,false
28,4,LowVolume5,2,1000.40,19.4750,33.58,6,50.00,true
28,4,LowVolume5,3,-16.46,-3.8661,24.50,6,33.33,false
28,4,LowVolume5,4,-67.15,-14.4959,67.15,7,14.29,false
28,4,LowVolume5,5,-49.39,-4.2897,49.39,6,16.67,false
28,4,OldGuard4,0,67.79,7.5932,30.18,7,57.14,true
28,4,OldGuard4,1,-53.95,-6.7722,55.32,7,28.57,false
28,4,OldGuard4,2,21.94,4.9349,41.67,6,16.67,true
28,4,OldGuard4,3,50.44,4.3122,40.48,7,57.14,true
28,4,OldGuard4,4,-32.37,-13.6826,32.37,5,20.00,false
28,4,OldGuard4,5,-44.17,-19.4547,44.17,5,0.00,false
30,1,Base5,0,50.83,3.3411,59.57,26,53.85,true
30,1,Base5,1,293.02,4.2283,22.40,23,52.17,true
30,1,Base5,2,-3.30,1.1801,37.69,27,33.33,false
30,1,Base5,3,345.94,8.5029,25.17,27,55.56,true
30,1,Base5,4,-0.89,0.6554,26.21,16,37.50,false
30,1,Base5,5,83.59,4.7153,19.29,23,52.17,true
30,1,NoDOGE,0,70.68,3.8458,59.57,27,55.56,true
30,1,NoDOGE,1,118.38,15.4960,5.75,13,61.54,true
30,1,NoDOGE,2,122.19,5.0649,26.59,23,39.13,true
30,1,NoDOGE,3,449.98,9.4815,25.17,26,61.54,true
30,1,NoDOGE,4,11.75,1.9933,24.33,13,46.15,true
30,1,NoDOGE,5,21.89,2.5840,19.29,19,42.11,true
30,1,Legacy4,0,7.79,1.1841,36.40,29,51.72,true
30,1,Legacy4,1,90.64,6.5239,21.71,21,57.14,true
30,1,Legacy4,2,79.70,4.4755,25.05,22,45.45,true
30,1,Legacy4,3,-31.18,-0.7952,57.99,23,39.13,false
30,1,Legacy4,4,-28.65,-5.7543,35.27,11,27.27,false
30,1,Legacy4,5,9.96,2.2151,16.78,18,50.00,true
30,1,Legacy5BNB,0,-29.86,-1.9456,56.84,28,39.29,false
30,1,Legacy5BNB,1,103.97,10.2845,15.49,17,70.59,true
30,1,Legacy5BNB,2,69.63,4.0144,25.05,24,50.00,true
30,1,Legacy5BNB,3,31.61,2.5833,55.68,19,57.89,true
30,1,Legacy5BNB,4,1.81,0.9946,17.26,13,46.15,true
30,1,Legacy5BNB,5,2.42,0.8922,22.01,18,44.44,true
30,1,OldGuardNoBNB,0,75.61,3.9501,28.59,32,50.00,true
30,1,OldGuardNoBNB,1,36.96,2.7744,37.38,20,50.00,true
30,1,OldGuardNoBNB,2,79.70,4.4755,25.05,22,45.45,true
30,1,OldGuardNoBNB,3,-31.18,-0.7952,57.99,23,39.13,false
30,1,OldGuardNoBNB,4,-28.65,-5.7543,35.27,11,27.27,false
30,1,OldGuardNoBNB,5,58.07,7.8125,6.11,19,57.89,true
30,1,LargeCaps5,0,51.86,3.1086,59.57,32,53.12,true
30,1,LargeCaps5,1,119.37,15.7205,5.63,13,61.54,true
30,1,LargeCaps5,2,77.05,4.1224,35.95,24,33.33,true
30,1,LargeCaps5,3,348.78,9.0881,21.14,21,61.90,true
30,1,LargeCaps5,4,53.45,6.0052,24.33,13,69.23,true
30,1,LargeCaps5,5,9.18,1.4081,19.29,20,35.00,true
30,1,Legacy3,0,44.33,2.8035,28.73,23,56.52,true
30,1,Legacy3,1,43.81,4.9485,29.00,18,50.00,true
30,1,Legacy3,2,164.81,7.7989,17.75,21,57.14,true
30,1,Legacy3,3,197.48,6.9296,24.02,21,52.38,true
30,1,Legacy3,4,-29.88,-3.8225,40.74,12,25.00,false
30,1,Legacy3,5,-11.02,-2.8135,14.39,16,43.75,false
30,1,LowVolume5,0,95.62,4.9859,16.43,23,47.83,true
30,1,LowVolume5,1,32.53,4.0750,22.55,17,47.06,true
30,1,LowVolume5,2,212.62,5.9230,28.57,28,46.43,true
30,1,LowVolume5,3,507.46,10.6678,21.48,24,58.33,true
30,1,LowVolume5,4,-36.10,-2.9643,36.47,17,35.29,false
30,1,LowVolume5,5,-20.61,-2.8647,24.63,24,45.83,false
30,1,OldGuard4,0,92.33,5.1564,30.99,26,57.69,true
30,1,OldGuard4,1,46.05,3.0954,25.06,21,52.38,true
30,1,OldGuard4,2,171.45,7.9502,13.45,22,54.55,true
30,1,OldGuard4,3,197.48,6.9296,24.02,21,52.38,true
30,1,OldGuard4,4,-17.88,-1.2365,29.51,15,33.33,false
30,1,OldGuard4,5,16.01,3.3737,16.95,19,47.37,true
30,1.5,Base5,0,9.98,1.7595,64.63,18,50.00,true
30,1.5,Base5,1,542.40,4.7158,22.40,17,58.82,true
30,1.5,Base5,2,-32.64,-0.4900,48.57,21,28.57,false
30,1.5,Base5,3,309.07,8.6393,24.91,23,47.83,true
30,1.5,Base5,4,-4.69,-0.0517,18.17,12,50.00,false
30,1.5,Base5,5,62.24,3.6340,13.37,17,52.94,true
30,1.5,NoDOGE,0,24.45,2.2148,64.63,19,52.63,true
30,1.5,NoDOGE,1,169.01,17.4173,9.23,9,55.56,true
30,1.5,NoDOGE,2,51.22,3.9382,26.59,14,35.71,true
30,1.5,NoDOGE,3,404.50,9.6664,24.91,22,54.55,true
30,1.5,NoDOGE,4,11.15,2.9656,13.87,9,55.56,true
30,1.5,NoDOGE,5,40.98,3.6246,15.26,14,57.14,true
30,1.5,Legacy4,0,89.09,4.8939,40.20,20,65.00,true
30,1.5,Legacy4,1,80.22,5.8936,25.28,15,46.67,true
30,1.5,Legacy4,2,-15.41,-0.2845,29.97,15,40.00,false
30,1.5,Legacy4,3,-6.56,0.3416,29.02,15,40.00,false
30,1.5,Legacy4,4,-30.07,-7.3731,33.19,7,28.57,false
30,1.5,Legacy4,5,7.75,1.8961,21.38,14,57.14,true
30,1.5,Legacy5BNB,0,-3.68,0.6574,50.19,20,60.00,false
30,1.5,Legacy5BNB,1,76.22,7.5177,12.58,11,63.64,true
30,1.5,Legacy5BNB,2,51.42,3.2932,32.90,17,47.06,true
30,1.5,Legacy5BNB,3,54.23,4.9362,24.80,11,45.45,true
30,1.5,Legacy5BNB,4,-22.94,-3.7418,27.61,11,36.36,false
30,1.5,Legacy5BNB,5,-25.41,-3.7488,32.57,15,40.00,false
30,1.5,OldGuardNoBNB,0,97.24,4.7248,37.72,26,57.69,true
30,1.5,OldGuardNoBNB,1,30.68,2.7732,33.56,14,50.00,true
30,1.5,OldGuardNoBNB,2,-15.41,-0.2845,29.97,15,40.00,false
30,1.5,OldGuardNoBNB,3,-6.56,0.3416,29.02,15,40.00,false
30,1.5,OldGuardNoBNB,4,-30.07,-7.3731,33.19,7,28.57,false
30,1.5,OldGuardNoBNB,5,35.40,5.1557,13.82,16,62.50,true
30,1.5,LargeCaps5,0,-35.27,-0.3324,64.63,23,43.48,false
30,1.5,LargeCaps5,1,157.47,15.8429,13.12,9,55.56,true
30,1.5,LargeCaps5,2,43.79,3.6673,26.59,14,28.57,true
30,1.5,LargeCaps5,3,183.61,7.0967,23.48,18,38.89,true
30,1.5,LargeCaps5,4,21.32,4.6717,13.87,10,60.00,true
30,1.5,LargeCaps5,5,34.57,3.2169,15.26,14,50.00,true
30,1.5,Legacy3,0,62.22,4.0185,42.63,18,44.44,true
30,1.5,Legacy3,1,56.30,5.3110,21.64,13,61.54,true
30,1.5,Legacy3,2,144.83,8.3718,28.66,15,53.33,true
30,1.5,Legacy3,3,289.89,11.5935,16.93,15,60.00,true
30,1.5,Legacy3,4,-30.18,-3.2851,38.75,10,40.00,false
30,1.5,Legacy3,5,-16.34,-4.1182,24.37,12,33.33,false
30,1.5,LowVolume5,0,191.88,7.2810,29.24,17,52.94,true
30,1.5,LowVolume5,1,43.38,4.4126,14.90,13,53.85,true
30,1.5,LowVolume5,2,158.09,5.4680,42.69,22,36.36,true
30,1.5,LowVolume5,3,574.97,12.5999,28.75,19,57.89,true
30,1.5,LowVolume5,4,-23.56,-0.9144,38.97,13,38.46,false
30,1.5,LowVolume5,5,-42.87,-7.6989,44.42,19,31.58,false
30,1.5,OldGuard4,0,94.98,5.0510,38.65,22,63.64,true
30,1.5,OldGuard4,1,35.53,3.2664,27.00,16,37.50,true
30,1.5,OldGuard4,2,144.59,7.7330,26.84,15,53.33,true
30,1.5,OldGuard4,3,289.89,11.5935,16.93,15,60.00,true
30,1.5,OldGuard4,4,-7.96,0.2175,34.15,12,41.67,false
30,1.5,OldGuard4,5,3.91,1.4797,15.46,14,42.86,true
30,2,Base5,0,-36.47,-1.5368,59.40,16,25.00,false
30,2,Base5,1,122.15,2.1955,22.40,14,64.29,true
30,2,Base5,2,45.00,3.2936,30.61,13,38.46,true
30,2,Base5,3,72.93,4.4784,32.12,17,41.18,true
30,2,Base5,4,-17.62,-3.0359,20.12,9,55.56,false
30,2,Base5,5,50.64,3.1489,15.96,13,53.85,true
30,2,NoDOGE,0,-16.07,0.1932,55.23,16,31.25,false
30,2,NoDOGE,1,32.49,5.2582,28.84,9,33.33,true
30,2,NoDOGE,2,188.82,7.8112,26.59,9,44.44,true
30,2,NoDOGE,3,113.27,5.6309,32.12,16,50.00,true
30,2,NoDOGE,4,-1.86,-0.0385,14.83,7,57.14,false
30,2,NoDOGE,5,37.30,3.1013,23.36,10,60.00,true
30,2,Legacy4,0,98.21,4.7295,41.00,17,41.18,true
30,2,Legacy4,1,25.95,3.0828,27.33,12,41.67,true
30,2,Legacy4,2,7.30,1.6047,30.43,11,36.36,true
30,2,Legacy4,3,-41.26,-2.8817,41.26,12,25.00,false
30,2,Legacy4,4,-11.83,-3.0338,17.51,6,33.33,false
30,2,Legacy4,5,-18.77,-1.3421,28.30,12,33.33,false
30,2,Legacy5BNB,0,24.18,2.2937,50.94,17,47.06,true
30,2,Legacy5BNB,1,51.03,7.3897,11.59,9,66.67,true
30,2,Legacy5BNB,2,-22.67,-2.8349,35.12,12,33.33,false
30,2,Legacy5BNB,3,1.09,1.6002,34.89,10,20.00,true
30,2,Legacy5BNB,4,-11.62,-2.0470,17.31,6,50.00,false
30,2,Legacy5BNB,5,-28.61,-2.9961,36.49,12,41.67,false
30,2,OldGuardNoBNB,0,149.66,5.8363,45.61,23,47.83,true
30,2,OldGuardNoBNB,1,-22.26,-1.8066,40.96,13,46.15,false
30,2,OldGuardNoBNB,2,7.30,1.6047,30.43,11,36.36,true
30,2,OldGuardNoBNB,3,-41.26,-2.8817,41.26,12,25.00,false
30,2,OldGuardNoBNB,4,-11.83,-3.0338,17.51,6,33.33,false
30,2,OldGuardNoBNB,5,8.28,1.4434,17.72,12,41.67,true
30,2,LargeCaps5,0,-18.97,0.2266,55.23,18,33.33,false
30,2,LargeCaps5,1,37.43,5.8363,28.84,9,33.33,true
30,2,LargeCaps5,2,108.95,5.9616,26.59,10,40.00,true
30,2,LargeCaps5,3,70.71,4.7831,36.60,13,30.77,true
30,2,LargeCaps5,4,27.66,7.0028,18.13,8,62.50,true
30,2,LargeCaps5,5,31.06,2.7343,23.36,10,50.00,true
30,2,Legacy3,0,80.58,4.0618,45.98,15,33.33,true
30,2,Legacy3,1,27.66,3.6661,34.40,10,50.00,true
30,2,Legacy3,2,127.55,6.1941,38.97,15,46.67,true
30,2,Legacy3,3,153.33,7.3008,18.42,13,53.85,true
30,2,Legacy3,4,-46.74,-5.3925,46.74,10,30.00,false
30,2,Legacy3,5,-19.79,-1.7620,30.66,10,30.00,false
30,2,LowVolume5,0,189.69,6.6497,21.86,15,46.67,true
30,2,LowVolume5,1,14.30,2.4572,28.77,10,40.00,true
30,2,LowVolume5,2,201.04,5.6973,26.59,16,43.75,true
30,2,LowVolume5,3,333.60,9.5141,35.77,15,53.33,true
30,2,LowVolume5,4,-48.04,-3.3439,55.79,12,33.33,false
30,2,LowVolume5,5,-36.08,-3.4603,39.99,13,23.08,false
30,2,OldGuard4,0,296.53,8.6782,40.87,18,61.11,true
30,2,OldGuard4,1,6.01,1.2103,36.50,13,38.46,true
30,2,OldGuard4,2,122.66,6.1594,38.70,15,46.67,true
30,2,OldGuard4,3,153.33,7.3008,18.42,13,53.85,true
30,2,OldGuard4,4,-44.06,-3.8988,45.26,12,33.33,false
30,2,OldGuard4,5,-1.99,0.6561,20.40,11,36.36,false
30,2.5,Base5,0,83.13,6.5430,41.57,10,40.00,true
30,2.5,Base5,1,52.34,1.4852,27.08,13,46.15,true
30,2.5,Base5,2,19.36,2.0915,30.61,10,50.00,true
30,2.5,Base5,3,-1.34,1.7727,37.52,13,46.15,false
30,2.5,Base5,4,-43.36,-11.9822,43.36,8,25.00,false
30,2.5,Base5,5,55.04,3.3195,16.44,11,63.64,true
30,2.5,NoDOGE,0,141.92,7.0830,35.56,10,50.00,true
30,2.5,NoDOGE,1,-2.99,0.3474,27.43,8,37.50,false
30,2.5,NoDOGE,2,526.08,11.9533,23.90,10,50.00,true
30,2.5,NoDOGE,3,21.68,3.2129,30.64,12,58.33,true
30,2.5,NoDOGE,4,-30.14,-8.3992,30.14,7,28.57,false
30,2.5,NoDOGE,5,39.11,3.3181,17.85,9,66.67,true
30,2.5,Legacy4,0,208.09,8.0267,32.34,14,50.00,true
30,2.5,Legacy4,1,-5.97,0.3680,32.78,12,41.67,false
30,2.5,Legacy4,2,-47.62,-2.7677,55.18,10,30.00,false
30,2.5,Legacy4,3,83.97,8.6304,27.80,7,57.14,true
30,2.5,Legacy4,4,-27.87,-11.3884,27.87,6,33.33,false
30,2.5,Legacy4,5,-17.28,-2.0912,25.36,8,37.50,false
30,2.5,Legacy5BNB,0,93.35,4.9185,49.01,14,50.00,true
30,2.5,Legacy5BNB,1,-1.22,0.9135,29.73,9,55.56,false
30,2.5,Legacy5BNB,2,-56.31,-3.7246,58.17,10,30.00,false
30,2.5,Legacy5BNB,3,114.00,8.9988,26.78,6,50.00,true
30,2.5,Legacy5BNB,4,-18.93,-2.5818,23.28,5,40.00,false
30,2.5,Legacy5BNB,5,-33.74,-3.4707,35.35,9,33.33,false
30,2.5,OldGuardNoBNB,0,39.05,2.8762,46.68,18,50.00,true
30,2.5,OldGuardNoBNB,1,-11.91,0.5551,50.98,10,50.00,false
30,2.5,OldGuardNoBNB,2,-47.62,-2.7677,55.18,10,30.00,false
30,2.5,OldGuardNoBNB,3,83.97,8.6304,27.80,7,57.14,true
30,2.5,OldGuardNoBNB,4,-27.87,-11.3884,27.87,6,33.33,false
30,2.5,OldGuardNoBNB,5,-0.76,0.5448,16.67,8,50.00,false
30,2.5,LargeCaps5,0,260.06,8.4255,35.56,9,55.56,true
30,2.5,LargeCaps5,1,2.44,1.1036,23.37,8,37.50,true
30,2.5,LargeCaps5,2,475.64,11.5521,33.73,11,45.45,true
30,2.5,LargeCaps5,3,13.46,2.9947,38.67,10,40.00,true
30,2.5,LargeCaps5,4,-19.69,-4.0641,24.35,7,42.86,false
30,2.5,LargeCaps5,5,32.79,2.9438,17.85,9,55.56,true
30,2.5,Legacy3,0,-2.54,1.5307,54.31,15,33.33,false
30,2.5,Legacy3,1,1.84,1.2680,41.75,9,44.44,true
30,2.5,Legacy3,2,54.59,3.4613,39.71,11,36.36,true
30,2.5,Legacy3,3,151.83,7.5397,27.80,10,60.00,true
30,2.5,Legacy3,4,-30.97,-8.5014,36.72,7,14.29,false
30,2.5,Legacy3,5,-14.29,-1.5719,21.09,6,33.33,false
30,2.5,LowVolume5,0,85.84,4.7795,38.38,14,50.00,true
30,2.5,LowVolume5,1,2.29,1.2491,30.45,9,44.44,true
30,2.5,LowVolume5,2,1360.81,11.5345,42.67,13,53.85,true
30,2.5,LowVolume5,3,84.87,5.0768,42.35,12,41.67,true
30,2.5,LowVolume5,4,-53.67,-7.3763,53.67,9,11.11,false
30,2.5,LowVolume5,5,-33.71,-4.6256,34.40,9,22.22,false
30,2.5,OldGuard4,0,223.84,7.7835,35.20,14,50.00,true
30,2.5,OldGuard4,1,-35.41,-2.6482,43.68,13,30.77,false
30,2.5,OldGuard4,2,51.53,3.2796,39.33,11,36.36,true
30,2.5,OldGuard4,3,151.83,7.5397,27.80,10,60.00,true
30,2.5,OldGuard4,4,-36.94,-9.9241,36.94,8,12.50,false
30,2.5,OldGuard4,5,-12.64,-1.3073,21.09,7,42.86,false
30,3,Base5,0,47.82,5.7341,43.20,9,44.44,true
30,3,Base5,1,140.07,2.4600,38.94,12,33.33,true
30,3,Base5,2,334.07,11.4553,34.11,8,50.00,true
30,3,Base5,3,76.87,4.2653,36.25,9,44.44,true
30,3,Base5,4,-52.38,-15.3513,52.38,7,0.00,false
30,3,Base5,5,-23.67,-1.1829,38.09,11,45.45,false
30,3,NoDOGE,0,73.20,6.7948,43.20,9,44.44,true
30,3,NoDOGE,1,47.71,7.7832,16.25,6,66.67,true
30,3,NoDOGE,2,756.26,13.8977,29.89,6,50.00,true
30,3,NoDOGE,3,118.14,5.0326,36.25,8,50.00,true
30,3,NoDOGE,4,-37.98,-11.6181,37.98,6,0.00,false
30,3,NoDOGE,5,-3.24,0.3782,19.77,9,55.56,false
30,3,Legacy4,0,140.47,7.3645,42.11,13,53.85,true
30,3,Legacy4,1,60.86,7.9986,29.16,7,42.86,true
30,3,Legacy4,2,42.46,4.9045,30.65,7,42.86,true
30,3,Legacy4,3,-12.42,0.1562,27.57,7,28.57,false
30,3,Legacy4,4,-38.09,-13.9170,38.09,5,0.00,false
30,3,Legacy4,5,-32.97,-6.3432,32.97,8,12.50,false
30,3,Legacy5BNB,0,186.77,9.7958,36.42,13,46.15,true
30,3,Legacy5BNB,1,21.14,4.3904,31.73,7,42.86,true
30,3,Legacy5BNB,2,83.13,6.0656,30.65,6,50.00,true
30,3,Legacy5BNB,3,-38.56,-1.4747,52.13,7,28.57,false
30,3,Legacy5BNB,4,-30.77,-5.9518,30.77,5,40.00,false
30,3,Legacy5BNB,5,-45.28,-6.1592,45.28,9,11.11,false
30,3,OldGuardNoBNB,0,60.48,4.6662,25.07,15,53.33,true
30,3,OldGuardNoBNB,1,-52.84,-5.6702,60.86,9,44.44,false
30,3,OldGuardNoBNB,2,42.46,4.9045,30.65,7,42.86,true
30,3,OldGuardNoBNB,3,-12.42,0.1562,27.57,7,28.57,false
30,3,OldGuardNoBNB,4,-38.09,-13.9170,38.09,5,0.00,false
30,3,OldGuardNoBNB,5,-13.98,-2.2954,18.92,8,25.00,false
30,3,LargeCaps5,0,179.89,8.7460,43.20,8,50.00,true
30,3,LargeCaps5,1,52.65,9.8793,13.45,6,66.67,true
30,3,LargeCaps5,2,1119.71,15.2145,16.93,5,60.00,true
30,3,LargeCaps5,3,-5.04,2.7787,55.23,9,33.33,false
30,3,LargeCaps5,4,-34.55,-9.9810,34.55,6,16.67,false
30,3,LargeCaps5,5,-3.24,0.3782,19.77,9,55.56,false
30,3,Legacy3,0,13.65,2.5528,42.11,14,42.86,true
30,3,Legacy3,1,21.92,4.4677,38.61,7,42.86,true
30,3,Legacy3,2,86.87,6.2672,30.65,7,42.86,true
30,3,Legacy3,3,211.02,8.5424,27.57,8,50.00,true
30,3,Legacy3,4,-23.45,-5.1158,31.98,5,20.00,false
30,3,Legacy3,5,-18.78,-3.4326,19.57,6,16.67,false
30,3,LowVolume5,0,3.71,1.8491,38.38,14,42.86,true
30,3,LowVolume5,1,70.26,7.3895,38.61,8,50.00,true
30,3,LowVolume5,2,806.71,27.1495,9.10,6,83.33,true
30,3,LowVolume5,3,370.22,10.3059,24.01,8,50.00,true
30,3,LowVolume5,4,-34.22,-5.1941,34.22,7,28.57,false
30,3,LowVolume5,5,-39.92,-6.9193,39.92,8,12.50,false
30,3,OldGuard4,0,191.59,9.0512,42.11,12,58.33,true
30,3,OldGuard4,1,-11.81,0.3683,40.57,8,37.50,false
30,3,OldGuard4,2,79.54,5.7769,30.65,7,42.86,true
30,3,OldGuard4,3,211.02,8.5424,27.57,8,50.00,true
30,3,OldGuard4,4,-30.06,-6.5895,31.98,6,16.67,false
30,3,OldGuard4,5,-17.23,-3.0338,19.57,7,28.57,false
30,3.5,Base5,0,71.75,5.9819,52.15,7,57.14,true
30,3.5,Base5,1,71.40,3.5430,61.30,10,20.00,true
30,3.5,Base5,2,349.64,10.8999,42.26,6,50.00,true
30,3.5,Base5,3,-56.19,-3.4207,56.19,8,12.50,false
30,3.5,Base5,4,110.35,14.1845,22.13,5,40.00,true
30,3.5,Base5,5,19.62,2.1019,33.58,8,50.00,true
30,3.5,NoDOGE,0,71.75,5.9819,52.15,7,57.14,true
30,3.5,NoDOGE,1,27.56,5.7137,18.99,6,66.67,true
30,3.5,NoDOGE,2,893.99,13.4224,18.14,5,80.00,true
30,3.5,NoDOGE,3,-45.97,-2.3317,54.53,7,28.57,false
30,3.5,NoDOGE,4,145.80,22.8830,5.11,4,50.00,true
30,3.5,NoDOGE,5,2.65,1.1500,21.19,7,57.14,true
30,3.5,Legacy4,0,199.34,13.0134,22.15,7,71.43,true
30,3.5,Legacy4,1,50.24,7.0113,31.08,7,42.86,true
30,3.5,Legacy4,2,-26.07,-1.5736,26.07,6,33.33,false
30,3.5,Legacy4,3,-2.93,2.3760,34.25,6,33.33,false
30,3.5,Legacy4,4,-49.85,-15.6964,49.85,5,0.00,false
30,3.5,Legacy4,5,-47.76,-6.3170,48.23,8,25.00,false
30,3.5,Legacy5BNB,0,257.96,13.4713,22.15,8,50.00,true
30,3.5,Legacy5BNB,1,7.31,2.7038,38.42,7,42.86,true
30,3.5,Legacy5BNB,2,-29.14,-1.8917,29.14,6,33.33,false
30,3.5,Legacy5BNB,3,-31.44,0.7290,49.94,7,28.57,false
30,3.5,Legacy5BNB,4,-38.66,-7.8488,38.66,5,20.00,false
30,3.5,Legacy5BNB,5,-52.64,-5.3630,55.73,9,22.22,false
30,3.5,OldGuardNoBNB,0,1.88,1.8758,52.25,11,36.36,true
30,3.5,OldGuardNoBNB,1,-54.23,-4.7989,66.42,8,50.00,false
30,3.5,OldGuardNoBNB,2,-26.07,-1.5736,26.07,6,33.33,false
30,3.5,OldGuardNoBNB,3,-2.93,2.3760,34.25,6,33.33,false
30,3.5,OldGuardNoBNB,4,-49.85,-15.6964,49.85,5,0.00,false
30,3.5,OldGuardNoBNB,5,-39.70,-5.0765,40.25,8,25.00,false
30,3.5,LargeCaps5,0,66.36,8.1907,52.15,6,33.33,true
30,3.5,LargeCaps5,1,33.03,6.6868,15.51,6,66.67,true
30,3.5,LargeCaps5,2,868.49,13.2984,18.14,5,80.00,true
30,3.5,LargeCaps5,3,-70.02,-3.5649,70.02,8,12.50,false
30,3.5,LargeCaps5,4,145.80,22.8830,5.11,4,50.00,true
30,3.5,LargeCaps5,5,2.65,1.1500,21.19,7,57.14,true
30,3.5,Legacy3,0,73.06,7.8250,50.46,7,42.86,true
30,3.5,Legacy3,1,28.69,6.4357,32.31,5,60.00,true
30,3.5,Legacy3,2,26.57,6.0063,40.75,6,16.67,true
30,3.5,Legacy3,3,118.99,6.1787,34.25,7,57.14,true
30,3.5,Legacy3,4,-29.07,-6.5499,36.97,5,20.00,false
30,3.5,Legacy3,5,-29.69,-3.3962,30.37,6,33.33,false
30,3.5,LowVolume5,0,43.15,4.5354,32.93,9,55.56,true
30,3.5,LowVolume5,1,49.22,6.6457,32.31,7,57.14,true
30,3.5,LowVolume5,2,511.40,18.2063,35.60,7,57.14,true
30,3.5,LowVolume5,3,8.60,3.3787,20.60,6,33.33,true
30,3.5,LowVolume5,4,-48.14,-8.2762,48.14,7,14.29,false
30,3.5,LowVolume5,5,-41.13,-4.8846,41.66,7,28.57,false
30,3.5,OldGuard4,0,171.86,9.4678,26.36,8,75.00,true
30,3.5,OldGuard4,1,-13.35,0.1786,32.31,7,42.86,false
30,3.5,OldGuard4,2,27.55,5.9095,40.29,6,16.67,true
30,3.5,OldGuard4,3,118.99,6.1787,34.25,7,57.14,true
30,3.5,OldGuard4,4,-36.49,-8.2797,36.97,6,16.67,false
30,3.5,OldGuard4,5,-35.55,-4.5491,36.13,7,28.57,false
30,4,Base5,0,246.84,10.8615,36.45,5,60.00,true
30,4,Base5,1,-54.67,-8.0337,62.73,8,25.00,false
30,4,Base5,2,533.86,12.0247,22.44,5,60.00,true
30,4,Base5,3,69.51,7.4278,38.29,7,42.86,true
30,4,Base5,4,76.25,10.3710,34.76,5,40.00,true
30,4,Base5,5,29.97,2.5188,28.47,7,57.14,true
30,4,NoDOGE,0,246.84,10.8615,36.45,5,60.00,true
30,4,NoDOGE,1,3.42,1.4791,21.09,5,60.00,true
30,4,NoDOGE,2,768.53,11.9881,18.56,5,80.00,true
30,4,NoDOGE,3,146.25,10.9068,19.05,6,66.67,true
30,4,NoDOGE,4,126.71,18.4588,12.48,4,50.00,true
30,4,NoDOGE,5,-17.13,-2.7251,34.77,6,50.00,false
30,4,Legacy4,0,115.81,10.8621,30.19,6,50.00,true
30,4,Legacy4,1,-38.90,-3.2817,48.68,7,28.57,false
30,4,Legacy4,2,-32.38,-2.2429,32.38,6,33.33,false
30,4,Legacy4,3,58.78,7.0854,42.20,6,50.00,true
30,4,Legacy4,4,-48.00,-19.4518,48.00,4,0.00,false
30,4,Legacy4,5,-65.25,-6.7211,65.25,7,14.29,false
30,4,Legacy5BNB,0,331.46,17.0616,19.84,6,66.67,true
30,4,Legacy5BNB,1,-30.42,-4.9667,42.80,6,33.33,false
30,4,Legacy5BNB,2,-35.19,-2.5470,35.19,6,33.33,false
30,4,Legacy5BNB,3,109.23,10.2812,19.05,5,60.00,true
30,4,Legacy5BNB,4,-16.12,-0.5709,43.36,4,50.00,false
30,4,Legacy5BNB,5,-46.97,-3.4549,56.52,7,28.57,false
30,4,OldGuardNoBNB,0,67.41,8.0729,26.28,7,42.86,true
30,4,OldGuardNoBNB,1,-71.63,-10.4904,72.47,8,25.00,false
30,4,OldGuardNoBNB,2,-32.38,-2.2429,32.38,6,33.33,false
30,4,OldGuardNoBNB,3,58.78,7.0854,42.20,6,50.00,true
30,4,OldGuardNoBNB,4,-48.00,-19.4518,48.00,4,0.00,false
30,4,OldGuardNoBNB,5,-50.02,-24.1921,50.02,6,0.00,false
30,4,LargeCaps5,0,116.55,11.2975,36.45,5,60.00,true
30,4,LargeCaps5,1,7.07,2.0977,18.31,5,60.00,true
30,4,LargeCaps5,2,746.25,11.8814,18.56,5,80.00,true
30,4,LargeCaps5,3,70.22,7.5558,34.14,6,50.00,true
30,4,LargeCaps5,4,126.71,18.4588,12.48,4,50.00,true
30,4,LargeCaps5,5,-17.13,-2.7251,34.77,6,50.00,false
30,4,Legacy3,0,75.02,8.6316,43.39,6,50.00,true
30,4,Legacy3,1,3.18,2.6968,37.84,5,60.00,true
30,4,Legacy3,2,5.85,3.8490,44.10,6,16.67,true
30,4,Legacy3,3,107.92,9.7892,19.05,6,66.67,true
30,4,Legacy3,4,-34.86,-15.3252,34.86,4,25.00,false
30,4,Legacy3,5,-39.56,-3.1776,39.56,5,20.00,false
30,4,LowVolume5,0,-42.41,-4.1432,54.32,7,28.57,false
30,4,LowVolume5,1,-25.61,-1.1108,37.84,6,50.00,false
30,4,LowVolume5,2,1000.40,19.4750,33.58,6,50.00,true
30,4,LowVolume5,3,82.48,9.3783,19.05,6,50.00,true
30,4,LowVolume5,4,-39.50,-9.3443,39.50,6,33.33,false
30,4,LowVolume5,5,-49.39,-4.2897,49.39,6,16.67,false
30,4,OldGuard4,0,71.03,7.5427,29.50,7,57.14,true
30,4,OldGuard4,1,-56.03,-7.0409,57.33,7,28.57,false
30,4,OldGuard4,2,8.85,3.8596,41.60,6,16.67,true
30,4,OldGuard4,3,107.92,9.7892,19.05,6,66.67,true
30,4,OldGuard4,4,-38.83,-13.5669,38.83,5,20.00,false
30,4,OldGuard4,5,-44.17,-19.4547,44.17,5,0.00,false
35,1,Base5,0,50.83,3.3411,59.57,26,53.85,true
35,1,Base5,1,275.91,3.7114,22.40,23,52.17,true
35,1,Base5,2,-3.30,1.1801,37.69,27,33.33,false
35,1,Base5,3,332.69,8.2838,27.39,27,55.56,true
35,1,Base5,4,6.15,1.3512,26.21,17,41.18,true
35,1,Base5,5,85.24,4.7390,19.29,23,52.17,true
35,1,NoDOGE,0,70.68,3.8458,59.57,27,55.56,true
35,1,NoDOGE,1,102.49,13.0194,9.23,13,53.85,true
35,1,NoDOGE,2,122.19,5.0649,26.59,23,39.13,true
35,1,NoDOGE,3,433.64,9.2448,27.39,26,61.54,true
35,1,NoDOGE,4,19.69,2.7908,24.33,14,50.00,true
35,1,NoDOGE,5,21.14,2.4949,19.29,19,42.11,true
35,1,Legacy4,0,3.50,0.9059,36.40,29,51.72,true
35,1,Legacy4,1,67.03,5.4117,21.71,21,57.14,true
35,1,Legacy4,2,77.39,4.3212,25.05,22,45.45,true
35,1,Legacy4,3,-21.86,-0.2377,52.29,23,39.13,false
35,1,Legacy4,4,-25.46,-5.1574,32.37,11,27.27,false
35,1,Legacy4,5,9.28,2.1234,16.78,18,50.00,true
35,1,Legacy5BNB,0,-39.75,-3.3651,56.84,29,37.93,false
35,1,Legacy5BNB,1,79.71,8.5894,16.10,17,70.59,true
35,1,Legacy5BNB,2,83.18,4.4386,25.05,23,52.17,true
35,1,Legacy5BNB,3,49.45,3.3006,49.68,19,57.89,true
35,1,Legacy5BNB,4,-1.86,0.4575,20.24,13,46.15,false
35,1,Legacy5BNB,5,3.35,1.0721,22.01,18,44.44,true
35,1,OldGuardNoBNB,0,75.61,3.9501,28.59,32,50.00,true
35,1,OldGuardNoBNB,1,35.69,2.8746,37.96,20,50.00,true
35,1,OldGuardNoBNB,2,77.39,4.3212,25.05,22,45.45,true
35,1,OldGuardNoBNB,3,-21.86,-0.2377,52.29,23,39.13,false
35,1,OldGuardNoBNB,4,-25.46,-5.1574,32.37,11,27.27,false
35,1,OldGuardNoBNB,5,57.09,7.6426,6.11,19,57.89,true
35,1,LargeCaps5,0,51.86,3.1086,59.57,32,53.12,true
35,1,LargeCaps5,1,111.20,14.3286,7.49,13,53.85,true
35,1,LargeCaps5,2,77.05,4.1224,35.95,24,33.33,true
35,1,LargeCaps5,3,335.45,8.8444,23.48,21,61.90,true
35,1,LargeCaps5,4,53.45,6.0052,24.33,13,69.23,true
35,1,LargeCaps5,5,8.50,1.3413,19.29,20,35.00,true
35,1,Legacy3,0,38.59,2.5360,28.73,23,56.52,true
35,1,Legacy3,1,24.12,3.1853,31.62,19,52.63,true
35,1,Legacy3,2,169.00,7.7793,17.75,20,55.00,true
35,1,Legacy3,3,189.59,6.6825,24.02,21,52.38,true
35,1,Legacy3,4,-29.88,-3.8225,40.74,12,25.00,false
35,1,Legacy3,5,-9.28,-1.7186,15.80,16,37.50,false
35,1,LowVolume5,0,53.65,3.4284,20.60,24,50.00,true
35,1,LowVolume5,1,10.42,1.9822,22.55,20,40.00,true
35,1,LowVolume5,2,185.49,5.8066,33.93,27,33.33,true
35,1,LowVolume5,3,507.46,10.6678,21.48,24,58.33,true
35,1,LowVolume5,4,-36.10,-2.9643,36.47,17,35.29,false
35,1,LowVolume5,5,-20.61,-2.8647,24.63,24,45.83,false
35,1,OldGuard4,0,84.68,4.8427,30.99,26,57.69,true
35,1,OldGuard4,1,-0.27,0.5128,27.82,24,41.67,false
35,1,OldGuard4,2,175.74,7.9163,13.45,21,57.14,true
35,1,OldGuard4,3,189.59,6.6825,24.02,21,52.38,true
35,1,OldGuard4,4,-17.88,-1.2365,29.51,15,33.33,false
35,1,OldGuard4,5,18.28,3.2860,18.32,19,42.11,true
35,1.5,Base5,0,36.27,3.2170,62.80,19,47.37,true
35,1.5,Base5,1,494.77,4.3994,23.31,17,58.82,true
35,1.5,Base5,2,43.56,2.9096,36.66,21,38.10,true
35,1.5,Base5,3,304.77,8.5330,29.91,23,52.17,true
35,1.5,Base5,4,-4.69,-0.0517,18.17,12,50.00,false
35,1.5,Base5,5,24.24,1.7547,25.01,19,47.37,true
35,1.5,NoDOGE,0,54.20,3.6351,62.80,20,50.00,true
35,1.5,NoDOGE,1,121.00,12.7040,14.31,9,44.44,true
35,1.5,NoDOGE,2,199.58,6.8701,26.59,15,40.00,true
35,1.5,NoDOGE,3,399.20,9.5466,29.91,22,59.09,true
35,1.5,NoDOGE,4,11.15,2.9656,13.87,9,55.56,true
35,1.5,NoDOGE,5,40.97,3.7877,15.58,14,57.14,true
35,1.5,Legacy4,0,70.73,3.8438,35.59,21,57.14,true
35,1.5,Legacy4,1,60.18,4.4594,20.26,15,40.00,true
35,1.5,Legacy4,2,91.31,5.0648,25.05,14,57.14,true
35,1.5,Legacy4,3,-0.14,0.8582,29.02,15,46.67,false
35,1.5,Legacy4,4,-33.57,-8.6813,33.57,7,14.29,false
35,1.5,Legacy4,5,-1.33,0.1672,20.34,15,46.67,false
35,1.5,Legacy5BNB,0,10.86,1.5064,42.67,20,60.00,true
35,1.5,Legacy5BNB,1,59.56,6.6246,20.85,10,60.00,true
35,1.5,Legacy5BNB,2,60.60,3.6509,28.83,17,47.06,true
35,1.5,Legacy5BNB,3,64.83,5.4788,19.63,11,54.55,true
35,1.5,Legacy5BNB,4,-15.99,-2.5035,20.80,9,44.44,false
35,1.5,Legacy5BNB,5,-31.08,-5.1429,37.70,16,37.50,false
35,1.5,OldGuardNoBNB,0,78.09,3.7746,28.32,27,51.85,true
35,1.5,OldGuardNoBNB,1,23.65,2.2677,33.56,15,53.33,true
35,1.5,OldGuardNoBNB,2,91.31,5.0648,25.05,14,57.14,true
35,1.5,OldGuardNoBNB,3,-0.14,0.8582,29.02,15,46.67,false
35,1.5,OldGuardNoBNB,4,-33.57,-8.6813,33.57,7,14.29,false
35,1.5,OldGuardNoBNB,5,24.00,3.6696,13.82,17,52.94,true
35,1.5,LargeCaps5,0,3.05,1.7214,62.80,22,45.45,true
35,1.5,LargeCaps5,1,111.51,11.6596,14.31,9,44.44,true
35,1.5,LargeCaps5,2,126.05,5.5169,26.59,17,35.29,true
35,1.5,LargeCaps5,3,180.63,7.0115,28.58,18,44.44,true
35,1.5,LargeCaps5,4,21.32,4.6717,13.87,10,60.00,true
35,1.5,LargeCaps5,5,34.56,3.3627,15.58,14,50.00,true
35,1.5,Legacy3,0,46.47,3.0566,33.97,19,36.84,true
35,1.5,Legacy3,1,32.86,3.6054,27.48,12,58.33,true
35,1.5,Legacy3,2,140.57,7.7082,24.53,15,53.33,true
35,1.5,Legacy3,3,316.67,12.3168,16.93,15,66.67,true
35,1.5,Legacy3,4,-40.16,-4.9680,44.74,11,18.18,false
35,1.5,Legacy3,5,-17.25,-4.2073,25.19,12,33.33,false
35,1.5,LowVolume5,0,163.54,6.0415,18.56,18,44.44,true
35,1.5,LowVolume5,1,21.88,2.7830,21.25,12,50.00,true
35,1.5,LowVolume5,2,218.22,6.5768,33.10,19,42.11,true
35,1.5,LowVolume5,3,664.67,13.6544,28.75,19,68.42,true
35,1.5,LowVolume5,4,-43.87,-3.2213,44.09,15,26.67,false
35,1.5,LowVolume5,5,-43.49,-7.5899,45.02,19,31.58,false
35,1.5,OldGuard4,0,76.04,3.9877,29.39,23,56.52,true
35,1.5,OldGuard4,1,14.42,1.6398,31.66,16,37.50,true
35,1.5,OldGuard4,2,140.96,7.5076,22.40,15,53.33,true
35,1.5,OldGuard4,3,316.67,12.3168,16.93,15,66.67,true
35,1.5,OldGuard4,4,-29.92,-2.3495,34.15,14,28.57,false
35,1.5,OldGuard4,5,2.78,1.1957,15.63,14,42.86,true
35,2,Base5,0,-4.21,1.1612,52.93,17,29.41,false
35,2,Base5,1,210.94,2.8562,22.40,14,64.29,true
35,2,Base5,2,26.56,2.6178,34.87,14,35.71,true
35,2,Base5,3,86.72,4.9157,34.09,17,41.18,true
35,2,Base5,4,-17.62,-3.0359,20.12,9,55.56,false
35,2,Base5,5,46.35,2.7727,16.44,13,53.85,true
35,2,NoDOGE,0,-4.21,1.1612,52.93,17,29.41,false
35,2,NoDOGE,1,67.54,8.4050,16.25,8,50.00,true
35,2,NoDOGE,2,188.82,7.8112,26.59,9,44.44,true
35,2,NoDOGE,3,130.28,6.0764,32.12,16,50.00,true
35,2,NoDOGE,4,-1.86,-0.0385,14.83,7,57.14,false
35,2,NoDOGE,5,33.39,2.6020,23.36,10,60.00,true
35,2,Legacy4,0,98.21,4.7295,41.00,17,41.18,true
35,2,Legacy4,1,14.13,2.1988,34.15,12,41.67,true
35,2,Legacy4,2,25.45,3.8881,19.75,10,50.00,true
35,2,Legacy4,3,-40.62,-2.7258,40.62,12,33.33,false
35,2,Legacy4,4,-11.83,-3.0338,17.51,6,33.33,false
35,2,Legacy4,5,-17.97,-0.9567,29.94,12,33.33,false
35,2,Legacy5BNB,0,30.77,2.5604,50.86,17,47.06,true
35,2,Legacy5BNB,1,36.85,5.5493,19.89,9,66.67,true
35,2,Legacy5BNB,2,76.90,4.4817,19.75,12,58.33,true
35,2,Legacy5BNB,3,2.19,1.6872,28.42,10,30.00,true
35,2,Legacy5BNB,4,-11.62,-2.0470,17.31,6,50.00,false
35,2,Legacy5BNB,5,-26.21,-2.1322,31.75,12,41.67,false
35,2,OldGuardNoBNB,0,149.66,5.8363,45.61,23,47.83,true
35,2,OldGuardNoBNB,1,-38.28,-2.6606,53.12,14,42.86,false
35,2,OldGuardNoBNB,2,25.45,3.8881,19.75,10,50.00,true
35,2,OldGuardNoBNB,3,-40.62,-2.7258,40.62,12,33.33,false
35,2,OldGuardNoBNB,4,-11.83,-3.0338,17.51,6,33.33,false
35,2,OldGuardNoBNB,5,5.90,1.0028,17.72,11,45.45,true
35,2,LargeCaps5,0,-33.13,-0.5795,52.93,19,26.32,false
35,2,LargeCaps5,1,73.79,9.1974,15.68,8,50.00,true
35,2,LargeCaps5,2,106.01,5.8493,26.59,10,40.00,true
35,2,LargeCaps5,3,79.25,5.0770,36.60,13,30.77,true
35,2,LargeCaps5,4,27.66,7.0028,18.13,8,62.50,true
35,2,LargeCaps5,5,27.33,2.2852,23.36,10,50.00,true
35,2,Legacy3,0,34.21,2.8103,45.98,17,29.41,true
35,2,Legacy3,1,38.98,4.4189,39.48,9,55.56,true
35,2,Legacy3,2,130.51,6.6387,29.41,14,57.14,true
35,2,Legacy3,3,193.35,8.3851,24.98,13,53.85,true
35,2,Legacy3,4,-45.27,-5.2248,49.46,10,20.00,false
35,2,Legacy3,5,-13.80,-0.7039,30.66,10,30.00,false
35,2,LowVolume5,0,160.84,6.0646,21.86,16,43.75,true
35,2,LowVolume5,1,34.86,4.0410,28.77,9,44.44,true
35,2,LowVolume5,2,231.82,6.8408,26.59,16,50.00,true
35,2,LowVolume5,3,386.48,10.2956,40.94,15,53.33,true
35,2,LowVolume5,4,-51.07,-3.6800,58.37,12,25.00,false
35,2,LowVolume5,5,-31.31,-2.2309,35.51,13,23.08,false
35,2,OldGuard4,0,296.53,8.6782,40.87,18,61.11,true
35,2,OldGuard4,1,-2.19,0.6510,41.41,13,38.46,false
35,2,OldGuard4,2,145.04,6.9742,22.97,14,57.14,true
35,2,OldGuard4,3,193.35,8.3851,24.98,13,53.85,true
35,2,OldGuard4,4,-42.52,-3.7535,43.75,12,25.00,false
35,2,OldGuard4,5,9.05,1.4371,20.19,9,44.44,true
35,2.5,Base5,0,3.24,1.5284,41.57,12,33.33,true
35,2.5,Base5,1,59.78,1.5132,27.08,13,46.15,true
35,2.5,Base5,2,39.34,2.8298,30.61,10,50.00,true
35,2.5,Base5,3,91.79,6.1072,34.09,13,53.85,true
35,2.5,Base5,4,-37.95,-9.2894,37.95,8,37.50,false
35,2.5,Base5,5,61.50,3.4525,16.44,11,63.64,true
35,2.5,NoDOGE,0,36.39,2.9128,35.56,12,41.67,true
35,2.5,NoDOGE,1,8.61,2.0786,26.24,8,37.50,true
35,2.5,NoDOGE,2,579.63,11.7382,23.90,10,50.00,true
35,2.5,NoDOGE,3,136.54,7.6407,26.94,12,66.67,true
35,2.5,NoDOGE,4,-23.46,-5.7278,25.70,7,42.86,false
35,2.5,NoDOGE,5,44.91,3.4462,17.85,9,66.67,true
35,2.5,Legacy4,0,229.41,8.5136,27.66,14,50.00,true
35,2.5,Legacy4,1,3.58,1.4520,32.78,12,41.67,true
35,2.5,Legacy4,2,30.17,3.8663,31.14,10,50.00,true
35,2.5,Legacy4,3,81.27,8.2065,26.94,8,50.00,true
35,2.5,Legacy4,4,-28.57,-11.1579,28.57,6,33.33,false
35,2.5,Legacy4,5,-19.40,-1.6472,30.21,8,37.50,false
35,2.5,Legacy5BNB,0,71.63,4.5683,45.47,15,46.67,true
35,2.5,Legacy5BNB,1,8.81,2.3711,29.73,9,55.56,true
35,2.5,Legacy5BNB,2,8.57,1.8385,31.14,10,50.00,true
35,2.5,Legacy5BNB,3,108.37,8.6002,26.78,7,42.86,true
35,2.5,Legacy5BNB,4,-19.86,-2.7570,24.17,5,40.00,false
35,2.5,Legacy5BNB,5,-25.09,-2.0690,34.30,9,33.33,false
35,2.5,OldGuardNoBNB,0,66.93,3.7960,35.99,18,55.56,true
35,2.5,OldGuardNoBNB,1,2.40,2.1920,48.27,10,50.00,true
35,2.5,OldGuardNoBNB,2,30.17,3.8663,31.14,10,50.00,true
35,2.5,OldGuardNoBNB,3,81.27,8.2065,26.94,8,50.00,true
35,2.5,OldGuardNoBNB,4,-28.57,-11.1579,28.57,6,33.33,false
35,2.5,OldGuardNoBNB,5,3.43,0.9479,16.67,8,50.00,true
35,2.5,LargeCaps5,0,68.49,4.2248,35.56,12,41.67,true
35,2.5,LargeCaps5,1,12.24,2.6469,23.77,8,37.50,true
35,2.5,LargeCaps5,2,524.87,11.3873,33.73,11,45.45,true
35,2.5,LargeCaps5,3,98.53,5.9769,35.30,10,50.00,true
35,2.5,LargeCaps5,4,-12.01,-1.9046,24.35,7,57.14,false
35,2.5,LargeCaps5,5,38.32,3.0983,17.85,9,55.56,true
35,2.5,Legacy3,0,4.21,1.8310,51.15,15,33.33,true
35,2.5,Legacy3,1,1.84,1.2680,41.75,9,44.44,true
35,2.5,Legacy3,2,180.44,6.9209,30.06,12,58.33,true
35,2.5,Legacy3,3,113.19,5.9168,31.05,11,54.55,true
35,2.5,Legacy3,4,-31.64,-8.3079,37.45,7,14.29,false
35,2.5,Legacy3,5,-10.67,-0.5027,21.09,6,33.33,false
35,2.5,LowVolume5,0,98.70,5.1582,38.38,14,50.00,true
35,2.5,LowVolume5,1,4.45,1.4639,30.45,9,44.44,true
35,2.5,LowVolume5,2,1232.66,13.2813,33.49,14,57.14,true
35,2.5,LowVolume5,3,183.87,7.1083,46.63,13,46.15,true
35,2.5,LowVolume5,4,-54.11,-7.2141,54.11,9,11.11,false
35,2.5,LowVolume5,5,-40.15,-4.5354,40.15,9,22.22,false
35,2.5,OldGuard4,0,200.30,7.2736,30.18,15,60.00,true
35,2.5,OldGuard4,1,-35.41,-2.6482,43.68,13,30.77,false
35,2.5,OldGuard4,2,173.50,6.5471,29.98,12,58.33,true
35,2.5,OldGuard4,3,113.19,5.9168,31.05,11,54.55,true
35,2.5,OldGuard4,4,-37.54,-9.6686,37.54,8,12.50,false
35,2.5,OldGuard4,5,-8.96,-0.3788,21.09,7,42.86,false
35,3,Base5,0,68.88,6.4603,38.62,9,44.44,true
35,3,Base5,1,224.19,2.9400,27.08,13,53.85,true
35,3,Base5,2,429.18,11.9877,34.75,7,57.14,true
35,3,Base5,3,94.47,4.3773,36.25,9,44.44,true
35,3,Base5,4,-52.38,-15.3513,52.38,7,0.00,false
35,3,Base5,5,-9.75,-0.1531,26.81,11,45.45,false
35,3,NoDOGE,0,97.87,7.3468,38.62,9,44.44,true
35,3,NoDOGE,1,6.65,2.0946,20.22,7,42.86,true
35,3,NoDOGE,2,621.75,12.3964,22.61,6,66.67,true
35,3,NoDOGE,3,139.84,5.0448,36.25,8,50.00,true
35,3,NoDOGE,4,-37.98,-11.6181,37.98,6,0.00,false
35,3,NoDOGE,5,1.67,0.9400,19.77,9,55.56,true
35,3,Legacy4,0,143.71,7.4721,42.11,13,53.85,true
35,3,Legacy4,1,64.18,8.3003,29.16,7,42.86,true
35,3,Legacy4,2,-27.27,-0.8949,37.17,8,50.00,false
35,3,Legacy4,3,18.77,4.6159,29.17,7,57.14,true
35,3,Legacy4,4,-38.09,-13.9170,38.09,5,0.00,false
35,3,Legacy4,5,-47.82,-5.6137,47.82,9,11.11,false
35,3,Legacy5BNB,0,193.61,9.8543,36.42,13,46.15,true
35,3,Legacy5BNB,1,21.14,4.3904,31.73,7,42.86,true
35,3,Legacy5BNB,2,-5.60,0.2187,35.20,7,57.14,false
35,3,Legacy5BNB,3,29.24,4.1789,27.38,7,57.14,true
35,3,Legacy5BNB,4,-30.77,-5.9518,30.77,5,40.00,false
35,3,Legacy5BNB,5,-57.40,-6.5694,57.40,10,10.00,false
35,3,OldGuardNoBNB,0,62.64,4.7332,25.07,15,53.33,true
35,3,OldGuardNoBNB,1,-57.49,-5.7217,64.72,10,40.00,false
35,3,OldGuardNoBNB,2,-27.27,-0.8949,37.17,8,50.00,false
35,3,OldGuardNoBNB,3,18.77,4.6159,29.17,7,57.14,true
35,3,OldGuardNoBNB,4,-38.09,-13.9170,38.09,5,0.00,false
35,3,OldGuardNoBNB,5,-33.04,-3.2462,39.93,9,22.22,false
35,3,LargeCaps5,0,235.46,9.3414,38.62,8,50.00,true
35,3,LargeCaps5,1,9.41,2.5797,18.15,7,42.86,true
35,3,LargeCaps5,2,882.70,13.4490,16.93,5,80.00,true
35,3,LargeCaps5,3,58.37,3.9865,36.25,9,33.33,true
35,3,LargeCaps5,4,-34.55,-9.9810,34.55,6,16.67,false
35,3,LargeCaps5,5,1.67,0.9400,19.77,9,55.56,true
35,3,Legacy3,0,15.36,2.6641,42.11,14,42.86,true
35,3,Legacy3,1,21.92,4.4677,38.61,7,42.86,true
35,3,Legacy3,2,60.71,3.6956,30.65,9,44.44,true
35,3,Legacy3,3,265.10,8.3221,29.17,8,50.00,true
35,3,Legacy3,4,-23.45,-5.1158,31.98,5,20.00,false
35,3,Legacy3,5,-26.63,-2.7351,30.84,6,16.67,false
35,3,LowVolume5,0,15.92,2.4851,38.38,14,42.86,true
35,3,LowVolume5,1,70.26,7.3895,38.61,8,50.00,true
35,3,LowVolume5,2,585.01,12.5587,19.77,7,57.14,true
35,3,LowVolume5,3,440.70,9.5317,24.01,8,50.00,true
35,3,LowVolume5,4,-37.70,-5.5825,37.70,7,28.57,false
35,3,LowVolume5,5,-39.26,-5.5967,39.26,8,12.50,false
35,3,OldGuard4,0,189.25,8.1793,42.11,13,61.54,true
35,3,OldGuard4,1,-9.99,0.5233,40.57,8,37.50,false
35,3,OldGuard4,2,57.74,3.5108,30.65,9,44.44,true
35,3,OldGuard4,3,265.10,8.3221,29.17,8,50.00,true
35,3,OldGuard4,4,-31.09,-6.8997,31.98,6,16.67,false
35,3,OldGuard4,5,-25.22,-2.4704,30.84,7,28.57,false
35,3.5,Base5,0,77.23,6.0394,52.15,7,57.14,true
35,3.5,Base5,1,-36.64,-5.1520,47.91,8,25.00,false
35,3.5,Base5,2,349.64,10.8999,42.26,6,50.00,true
35,3.5,Base5,3,-56.16,-3.4323,56.16,8,12.50,false
35,3.5,Base5,4,110.35,14.1845,22.13,5,40.00,true
35,3.5,Base5,5,0.72,0.5064,33.58,9,55.56,true
35,3.5,NoDOGE,0,77.23,6.0394,52.15,7,57.14,true
35,3.5,NoDOGE,1,27.56,5.7137,18.99,6,66.67,true
35,3.5,NoDOGE,2,893.99,13.4224,18.14,5,80.00,true
35,3.5,NoDOGE,3,-45.93,-2.3386,54.50,7,28.57,false
35,3.5,NoDOGE,4,145.80,22.8830,5.11,4,50.00,true
35,3.5,NoDOGE,5,2.65,1.1500,21.19,7,57.14,true
35,3.5,Legacy4,0,201.80,11.5227,22.74,7,85.71,true
35,3.5,Legacy4,1,37.23,5.8699,31.08,7,42.86,true
35,3.5,Legacy4,2,157.55,9.2619,30.65,5,60.00,true
35,3.5,Legacy4,3,-56.86,-10.3680,56.86,7,14.29,false
35,3.5,Legacy4,4,-50.41,-13.1467,50.41,5,0.00,false
35,3.5,Legacy4,5,-56.78,-7.5213,57.17,8,25.00,false
35,3.5,Legacy5BNB,0,266.76,12.7058,22.74,8,62.50,true
35,3.5,Legacy5BNB,1,5.30,2.4739,40.17,7,42.86,true
35,3.5,Legacy5BNB,2,-5.60,0.2187,35.20,7,57.14,false
35,3.5,Legacy5BNB,3,-51.82,-2.9374,51.82,7,14.29,false
35,3.5,Legacy5BNB,4,-40.88,-9.0018,40.88,5,20.00,false
35,3.5,Legacy5BNB,5,-52.64,-5.3630,55.73,9,22.22,false
35,3.5,OldGuardNoBNB,0,82.12,6.0870,25.80,9,66.67,true
35,3.5,OldGuardNoBNB,1,-49.67,-2.8529,66.82,8,50.00,false
35,3.5,OldGuardNoBNB,2,157.55,9.2619,30.65,5,60.00,true
35,3.5,OldGuardNoBNB,3,-56.86,-10.3680,56.86,7,14.29,false
35,3.5,OldGuardNoBNB,4,-50.41,-13.1467,50.41,5,0.00,false
35,3.5,OldGuardNoBNB,5,-39.70,-5.0765,40.25,8,25.00,false
35,3.5,LargeCaps5,0,66.36,8.1907,52.15,6,33.33,true
35,3.5,LargeCaps5,1,33.03,6.6868,15.51,6,66.67,true
35,3.5,LargeCaps5,2,868.49,13.2984,18.14,5,80.00,true
35,3.5,LargeCaps5,3,-68.32,-3.0732,68.32,8,12.50,false
35,3.5,LargeCaps5,4,145.80,22.8830,5.11,4,50.00,true
35,3.5,LargeCaps5,5,2.65,1.1500,21.19,7,57.14,true
35,3.5,Legacy3,0,319.83,22.0308,0.00,5,100.00,true
35,3.5,Legacy3,1,17.54,5.0652,32.31,5,60.00,true
35,3.5,Legacy3,2,75.52,5.8910,30.65,7,42.86,true
35,3.5,Legacy3,3,148.16,6.2956,30.90,7,57.14,true
35,3.5,Legacy3,4,-29.85,-6.6669,37.67,5,20.00,false
35,3.5,Legacy3,5,-29.69,-3.3962,30.37,6,33.33,false
35,3.5,LowVolume5,0,67.53,5.8948,32.93,8,75.00,true
35,3.5,LowVolume5,1,55.38,7.5217,32.31,7,57.14,true
35,3.5,LowVolume5,2,511.40,18.2063,35.60,7,57.14,true
35,3.5,LowVolume5,3,5.76,2.3145,20.55,6,33.33,true
35,3.5,LowVolume5,4,-49.76,-8.9034,49.76,7,14.29,false
35,3.5,LowVolume5,5,-41.13,-4.8846,41.66,7,28.57,false
35,3.5,OldGuard4,0,228.08,10.9148,22.74,8,87.50,true
35,3.5,OldGuard4,1,-11.93,-0.0237,32.31,7,42.86,false
35,3.5,OldGuard4,2,73.76,5.5408,30.65,7,42.86,true
35,3.5,OldGuard4,3,148.16,6.2956,30.90,7,57.14,true
35,3.5,OldGuard4,4,-37.19,-8.3981,37.67,6,16.67,false
35,3.5,OldGuard4,5,-35.55,-4.5491,36.13,7,28.57,false
35,4,Base5,0,248.28,10.2763,38.81,5,60.00,true
35,4,Base5,1,-53.27,-7.3301,61.58,8,25.00,false
35,4,Base5,2,529.41,11.9324,22.99,5,60.00,true
35,4,Base5,3,149.52,11.3580,19.88,7,42.86,true
35,4,Base5,4,76.25,10.3710,34.76,5,40.00,true
35,4,Base5,5,31.44,2.5843,28.47,7,57.14,true
35,4,NoDOGE,0,248.28,10.2763,38.81,5,60.00,true
35,4,NoDOGE,1,22.34,4.8553,18.99,5,80.00,true
35,4,NoDOGE,2,768.53,11.9881,18.56,5,80.00,true
35,4,NoDOGE,3,207.74,14.2640,10.77,6,66.67,true
35,4,NoDOGE,4,126.71,18.4588,12.48,4,50.00,true
35,4,NoDOGE,5,-16.19,-2.4655,34.77,6,50.00,false
35,4,Legacy4,0,266.16,19.3166,0.00,5,100.00,true
35,4,Legacy4,1,-38.50,-3.2309,48.34,7,28.57,false
35,4,Legacy4,2,55.58,9.0059,27.17,4,25.00,true
35,4,Legacy4,3,98.42,9.3110,36.29,6,50.00,true
35,4,Legacy4,4,-43.04,-18.0572,43.04,4,0.00,false
35,4,Legacy4,5,-64.83,-6.4213,64.83,7,14.29,false
35,4,Legacy5BNB,0,706.51,30.2625,0.00,5,100.00,true
35,4,Legacy5BNB,1,-29.45,-5.0764,42.00,6,33.33,false
35,4,Legacy5BNB,2,49.11,8.6775,30.20,4,25.00,true
35,4,Legacy5BNB,3,109.91,9.3408,50.19,6,50.00,true
35,4,Legacy5BNB,4,1.42,2.3861,31.52,4,50.00,true
35,4,Legacy5BNB,5,-44.92,-3.1531,56.37,7,28.57,false
35,4,OldGuardNoBNB,0,158.60,13.8483,0.00,6,100.00,true
35,4,OldGuardNoBNB,1,-73.11,-11.2649,73.91,8,25.00,false
35,4,OldGuardNoBNB,2,55.58,9.0059,27.17,4,25.00,true
35,4,OldGuardNoBNB,3,98.42,9.3110,36.29,6,50.00,true
35,4,OldGuardNoBNB,4,-43.04,-18.0572,43.04,4,0.00,false
35,4,OldGuardNoBNB,5,-50.94,-4.5683,50.94,7,14.29,false
35,4,LargeCaps5,0,248.28,10.2763,38.81,5,60.00,true
35,4,LargeCaps5,1,24.30,5.1991,17.69,5,80.00,true
35,4,LargeCaps5,2,746.25,11.8814,18.56,5,80.00,true
35,4,LargeCaps5,3,70.77,7.1620,59.47,7,42.86,true
35,4,LargeCaps5,4,126.71,18.4588,12.48,4,50.00,true
35,4,LargeCaps5,5,-16.19,-2.4655,34.77,6,50.00,false
35,4,Legacy3,0,206.58,15.9569,7.71,5,80.00,true
35,4,Legacy3,1,10.68,3.7800,37.84,5,60.00,true
35,4,Legacy3,2,37.90,7.0603,35.45,5,20.00,true
35,4,Legacy3,3,153.17,12.6337,10.77,6,66.67,true
35,4,Legacy3,4,-28.21,-14.5263,28.21,4,25.00,false
35,4,Legacy3,5,-38.83,-2.9589,38.83,5,20.00,false
35,4,LowVolume5,0,35.08,3.9176,36.23,7,71.43,true
35,4,LowVolume5,1,-20.20,-0.2869,37.84,6,50.00,false
35,4,LowVolume5,2,300.35,14.4395,33.58,6,50.00,true
35,4,LowVolume5,3,128.04,12.7812,10.77,6,50.00,true
35,4,LowVolume5,4,-71.89,-16.6710,71.89,7,14.29,false
35,4,LowVolume5,5,-49.05,-4.0299,49.05,6,16.67,false
35,4,OldGuard4,0,152.47,11.3746,11.45,6,66.67,true
35,4,OldGuard4,1,-49.92,-6.1750,51.41,7,28.57,false
35,4,OldGuard4,2,37.90,7.0603,35.45,5,20.00,true
35,4,OldGuard4,3,153.17,12.6337,10.77,6,66.67,true
35,4,OldGuard4,4,-32.59,-13.4917,32.59,5,20.00,false
35,4,OldGuard4,5,-43.93,-3.7836,43.93,6,16.67,false
40,1,Base5,0,22.17,2.3602,62.86,24,54.17,true
40,1,Base5,1,318.70,3.9776,22.40,22,50.00,true
40,1,Base5,2,5.42,1.6054,34.95,27,33.33,true
40,1,Base5,3,339.80,8.2846,26.85,27,59.26,true
40,1,Base5,4,2.45,0.8795,26.21,18,44.44,true
40,1,Base5,5,74.85,4.2684,19.29,23,52.17,true
40,1,NoDOGE,0,38.25,2.8676,62.86,25,56.00,true
40,1,NoDOGE,1,117.87,13.9342,9.72,13,46.15,true
40,1,NoDOGE,2,131.98,5.2942,26.59,23,39.13,true
40,1,NoDOGE,3,442.41,9.2375,26.85,26,65.38,true
40,1,NoDOGE,4,16.04,2.2923,24.33,15,53.33,true
40,1,NoDOGE,5,11.51,1.6131,19.29,19,42.11,true
40,1,Legacy4,0,15.10,1.6911,36.35,27,55.56,true
40,1,Legacy4,1,75.10,5.7387,25.55,20,55.00,true
40,1,Legacy4,2,80.98,4.3904,25.05,22,45.45,true
40,1,Legacy4,3,-31.31,-0.8801,56.38,23,34.78,false
40,1,Legacy4,4,-25.46,-5.1574,32.37,11,27.27,false
40,1,Legacy4,5,3.01,0.7825,16.78,18,50.00,true
40,1,Legacy5BNB,0,-33.00,-1.9750,56.81,27,40.74,false
40,1,Legacy5BNB,1,83.91,8.2157,16.10,16,62.50,true
40,1,Legacy5BNB,2,91.24,4.7229,25.05,23,52.17,true
40,1,Legacy5BNB,3,49.45,3.3006,49.68,19,57.89,true
40,1,Legacy5BNB,4,1.81,0.9946,17.26,13,46.15,true
40,1,Legacy5BNB,5,-4.99,-0.3528,25.20,19,42.11,false
40,1,OldGuardNoBNB,0,116.85,5.0245,24.38,30,53.33,true
40,1,OldGuardNoBNB,1,29.04,2.5298,41.00,20,50.00,true
40,1,OldGuardNoBNB,2,80.98,4.3904,25.05,22,45.45,true
40,1,OldGuardNoBNB,3,-31.31,-0.8801,56.38,23,34.78,false
40,1,OldGuardNoBNB,4,-25.46,-5.1574,32.37,11,27.27,false
40,1,OldGuardNoBNB,5,48.07,5.9880,6.11,19,57.89,true
40,1,LargeCaps5,0,23.00,2.2219,62.86,30,53.33,true
40,1,LargeCaps5,1,127.23,15.1938,9.72,13,46.15,true
40,1,LargeCaps5,2,84.84,4.3428,33.12,24,33.33,true
40,1,LargeCaps5,3,352.76,9.1354,21.14,21,66.67,true
40,1,LargeCaps5,4,53.45,6.0052,24.33,13,69.23,true
40,1,LargeCaps5,5,-0.12,0.5192,19.29,20,35.00,false
40,1,Legacy3,0,67.74,3.8336,28.73,22,54.55,true
40,1,Legacy3,1,16.76,2.0736,31.62,20,55.00,true
40,1,Legacy3,2,169.46,7.8600,14.13,21,52.38,true
40,1,Legacy3,3,250.68,8.0275,14.41,20,55.00,true
40,1,Legacy3,4,-13.81,-2.4154,27.16,12,25.00,false
40,1,Legacy3,5,-9.28,-1.7186,15.80,16,37.50,false
40,1,LowVolume5,0,154.31,6.7432,16.43,21,52.38,true
40,1,LowVolume5,1,11.01,1.7564,22.55,21,47.62,true
40,1,LowVolume5,2,169.38,5.3663,31.26,29,34.48,true
40,1,LowVolume5,3,503.80,10.3636,21.48,25,56.00,true
40,1,LowVolume5,4,-21.46,-1.8002,23.61,17,35.29,false
40,1,LowVolume5,5,-20.61,-2.8647,24.63,24,45.83,false
40,1,OldGuard4,0,120.36,5.9302,24.84,25,60.00,true
40,1,OldGuard4,1,-16.24,-0.6453,34.36,26,30.77,false
40,1,OldGuard4,2,176.22,7.9936,10.80,22,54.55,true
40,1,OldGuard4,3,250.68,8.0275,14.41,20,55.00,true
40,1,OldGuard4,4,0.94,0.6019,15.92,15,33.33,true
40,1,OldGuard4,5,18.28,3.2860,18.32,19,42.11,true
40,1.5,Base5,0,32.73,2.9997,64.20,20,45.00,true
40,1.5,Base5,1,568.59,4.6600,23.31,17,58.82,true
40,1.5,Base5,2,42.19,2.8803,36.66,22,40.91,true
40,1.5,Base5,3,367.19,8.6049,28.39,23,60.87,true
40,1.5,Base5,4,-11.01,-0.4185,28.33,13,46.15,false
40,1.5,Base5,5,32.44,1.9950,14.57,19,47.37,true
40,1.5,NoDOGE,0,50.20,3.4065,64.20,21,47.62,true
40,1.5,NoDOGE,1,123.31,12.7790,13.41,9,44.44,true
40,1.5,NoDOGE,2,174.01,6.5440,26.59,16,43.75,true
40,1.5,NoDOGE,3,476.18,9.5747,28.39,22,68.18,true
40,1.5,NoDOGE,4,3.77,0.9249,24.57,10,50.00,true
40,1.5,NoDOGE,5,12.06,1.4223,17.59,15,53.33,true
40,1.5,Legacy4,0,117.63,5.9710,35.59,20,65.00,true
40,1.5,Legacy4,1,99.33,6.0106,21.17,13,53.85,true
40,1.5,Legacy4,2,78.02,4.6583,25.05,14,57.14,true
40,1.5,Legacy4,3,4.12,1.1513,29.49,15,46.67,true
40,1.5,Legacy4,4,-33.57,-8.6813,33.57,7,14.29,false
40,1.5,Legacy4,5,2.57,0.8846,20.34,15,46.67,true
40,1.5,Legacy5BNB,0,-5.37,0.4890,43.70,21,52.38,false
40,1.5,Legacy5BNB,1,93.14,9.7471,9.85,9,77.78,true
40,1.5,Legacy5BNB,2,33.99,2.4939,25.05,15,53.33,true
40,1.5,Legacy5BNB,3,63.37,5.2345,19.81,12,50.00,true
40,1.5,Legacy5BNB,4,-22.94,-3.7418,27.61,11,36.36,false
40,1.5,Legacy5BNB,5,-28.35,-4.7345,35.23,16,37.50,false
40,1.5,OldGuardNoBNB,0,127.01,5.7392,28.32,26,57.69,true
40,1.5,OldGuardNoBNB,1,23.59,2.2750,33.56,15,53.33,true
40,1.5,OldGuardNoBNB,2,78.02,4.6583,25.05,14,57.14,true
40,1.5,OldGuardNoBNB,3,4.12,1.1513,29.49,15,46.67,true
40,1.5,OldGuardNoBNB,4,-33.57,-8.6813,33.57,7,14.29,false
40,1.5,OldGuardNoBNB,5,28.90,4.3638,13.82,17,52.94,true
40,1.5,LargeCaps5,0,0.54,1.6901,64.20,25,40.00,true
40,1.5,LargeCaps5,1,113.72,11.7322,13.41,9,44.44,true
40,1.5,LargeCaps5,2,96.05,4.6417,26.59,17,41.18,true
40,1.5,LargeCaps5,3,182.56,6.8691,28.58,18,44.44,true
40,1.5,LargeCaps5,4,13.27,1.7995,24.57,11,54.55,true
40,1.5,LargeCaps5,5,6.97,1.0258,17.59,15,46.67,true
40,1.5,Legacy3,0,86.71,5.0029,33.97,18,44.44,true
40,1.5,Legacy3,1,51.29,5.0801,17.33,12,58.33,true
40,1.5,Legacy3,2,125.32,7.4749,24.53,15,53.33,true
40,1.5,Legacy3,3,332.94,12.2114,17.49,15,66.67,true
40,1.5,Legacy3,4,-40.16,-4.9680,44.74,11,18.18,false
40,1.5,Legacy3,5,-14.52,-3.5194,22.72,12,33.33,false
40,1.5,LowVolume5,0,235.94,8.5826,18.56,17,52.94,true
40,1.5,LowVolume5,1,38.78,4.1383,12.26,12,50.00,true
40,1.5,LowVolume5,2,226.70,6.5924,33.10,20,40.00,true
40,1.5,LowVolume5,3,705.41,13.6094,29.23,19,68.42,true
40,1.5,LowVolume5,4,-40.37,-3.0614,40.61,14,28.57,false
40,1.5,LowVolume5,5,-39.42,-6.7918,44.16,19,26.32,false
40,1.5,OldGuard4,0,124.41,6.2062,29.39,22,63.64,true
40,1.5,OldGuard4,1,62.32,4.1792,22.99,14,50.00,true
40,1.5,OldGuard4,2,125.69,7.2747,22.40,15,53.33,true
40,1.5,OldGuard4,3,332.94,12.2114,17.49,15,66.67,true
40,1.5,OldGuard4,4,-29.92,-2.3495,34.15,14,28.57,false
40,1.5,OldGuard4,5,-1.99,0.3680,19.55,15,40.00,false
40,2,Base5,0,0.22,1.4155,52.93,17,29.41,true
40,2,Base5,1,206.86,2.9319,22.40,13,53.85,true
40,2,Base5,2,29.34,2.7607,33.45,14,35.71,true
40,2,Base5,3,107.08,5.5171,32.12,17,41.18,true
40,2,Base5,4,-16.90,-2.9073,19.99,9,55.56,false
40,2,Base5,5,75.17,3.8332,16.44,12,58.33,true
40,2,NoDOGE,0,0.22,1.4155,52.93,17,29.41,true
40,2,NoDOGE,1,67.54,8.4050,16.25,8,50.00,true
40,2,NoDOGE,2,188.82,7.8112,26.59,9,44.44,true
40,2,NoDOGE,3,155.40,6.7418,32.12,16,50.00,true
40,2,NoDOGE,4,-1.86,-0.0385,14.83,7,57.14,false
40,2,NoDOGE,5,59.66,3.8802,17.85,9,66.67,true
40,2,Legacy4,0,76.97,4.1826,41.00,18,38.89,true
40,2,Legacy4,1,21.08,2.7356,34.15,12,50.00,true
40,2,Legacy4,2,23.95,3.6833,19.75,10,50.00,true
40,2,Legacy4,3,-35.43,-2.2547,35.43,12,33.33,false
40,2,Legacy4,4,-11.83,-3.0338,17.51,6,33.33,false
40,2,Legacy4,5,17.89,1.9842,29.94,11,45.45,true
40,2,Legacy5BNB,0,30.77,2.5604,50.86,17,47.06,true
40,2,Legacy5BNB,1,107.03,13.9073,19.89,7,85.71,true
40,2,Legacy5BNB,2,74.78,4.3806,19.75,12,58.33,true
40,2,Legacy5BNB,3,11.14,2.2096,28.42,10,30.00,true
40,2,Legacy5BNB,4,-11.62,-2.0470,17.31,6,50.00,false
40,2,Legacy5BNB,5,-32.43,-2.5016,36.31,11,36.36,false
40,2,OldGuardNoBNB,0,149.66,5.8363,45.61,23,47.83,true
40,2,OldGuardNoBNB,1,-35.26,-2.3389,51.06,14,42.86,false
40,2,OldGuardNoBNB,2,23.95,3.6833,19.75,10,50.00,true
40,2,OldGuardNoBNB,3,-35.43,-2.2547,35.43,12,33.33,false
40,2,OldGuardNoBNB,4,-11.83,-3.0338,17.51,6,33.33,false
40,2,OldGuardNoBNB,5,60.83,4.4935,17.72,11,54.55,true
40,2,LargeCaps5,0,-30.04,-0.3755,52.93,19,26.32,false
40,2,LargeCaps5,1,73.79,9.1974,15.68,8,50.00,true
40,2,LargeCaps5,2,108.95,5.9616,26.59,10,40.00,true
40,2,LargeCaps5,3,94.94,5.5446,36.60,13,30.77,true
40,2,LargeCaps5,4,27.66,7.0028,18.13,8,62.50,true
40,2,LargeCaps5,5,52.40,3.5656,17.85,9,55.56,true
40,2,Legacy3,0,34.21,2.8103,45.98,17,29.41,true
40,2,Legacy3,1,38.98,4.4189,39.48,9,55.56,true
40,2,Legacy3,2,134.42,6.8152,28.21,14,57.14,true
40,2,Legacy3,3,219.03,9.1528,18.42,13,53.85,true
40,2,Legacy3,4,-44.62,-5.1582,48.86,10,20.00,false
40,2,Legacy3,5,-12.23,-0.5381,30.66,10,30.00,false
40,2,LowVolume5,0,160.84,6.0646,21.86,16,43.75,true
40,2,LowVolume5,1,41.01,4.5623,28.77,9,44.44,true
40,2,LowVolume5,2,224.49,7.1679,28.22,17,47.06,true
40,2,LowVolume5,3,429.06,11.0105,35.77,15,53.33,true
40,2,LowVolume5,4,-50.49,-3.6269,58.37,12,25.00,false
40,2,LowVolume5,5,-35.23,-2.6275,36.99,14,21.43,false
40,2,OldGuard4,0,296.53,8.6782,40.87,18,61.11,true
40,2,OldGuard4,1,2.90,1.0267,41.41,14,50.00,true
40,2,OldGuard4,2,149.20,7.1548,21.66,14,57.14,true
40,2,OldGuard4,3,219.03,9.1528,18.42,13,53.85,true
40,2,OldGuard4,4,-41.84,-3.6909,43.75,12,25.00,false
40,2,OldGuard4,5,7.25,1.4166,20.19,11,36.36,true
40,2.5,Base5,0,8.61,1.8492,39.36,12,33.33,true
40,2.5,Base5,1,276.52,3.3383,27.08,13,53.85,true
40,2.5,Base5,2,18.59,2.1460,30.61,11,45.45,true
40,2.5,Base5,3,31.98,3.1055,36.60,16,37.50,true
40,2.5,Base5,4,-37.95,-9.2894,37.95,8,37.50,false
40,2.5,Base5,5,61.65,3.5215,16.44,11,63.64,true
40,2.5,NoDOGE,0,43.48,3.1803,33.13,12,41.67,true
40,2.5,NoDOGE,1,6.86,1.8481,27.43,8,37.50,true
40,2.5,NoDOGE,2,91.32,5.1828,26.59,10,40.00,true
40,2.5,NoDOGE,3,62.78,4.1687,36.60,15,46.67,true
40,2.5,NoDOGE,4,-23.46,-5.7278,25.70,7,42.86,false
40,2.5,NoDOGE,5,48.10,3.6945,17.85,9,66.67,true
40,2.5,Legacy4,0,292.42,10.4020,11.37,12,58.33,true
40,2.5,Legacy4,1,3.58,1.4520,32.78,12,41.67,true
40,2.5,Legacy4,2,-36.08,-2.3179,45.31,9,33.33,false
40,2.5,Legacy4,3,24.22,3.5308,24.98,9,33.33,true
40,2.5,Legacy4,4,-34.00,-9.9305,34.00,6,33.33,false
40,2.5,Legacy4,5,-10.27,-0.2281,30.21,8,37.50,false
40,2.5,Legacy5BNB,0,109.60,6.2380,33.49,13,53.85,true
40,2.5,Legacy5BNB,1,8.81,2.3711,29.73,9,55.56,true
40,2.5,Legacy5BNB,2,-47.60,-3.4393,49.82,9,33.33,false
40,2.5,Legacy5BNB,3,41.58,4.4328,26.78,8,25.00,true
40,2.5,Legacy5BNB,4,-16.12,-1.8447,24.69,5,40.00,false
40,2.5,Legacy5BNB,5,-19.39,-1.0750,29.82,9,22.22,false
40,2.5,OldGuardNoBNB,0,47.80,3.1059,40.75,18,55.56,true
40,2.5,OldGuardNoBNB,1,2.40,2.1920,48.27,10,50.00,true
40,2.5,OldGuardNoBNB,2,-36.08,-2.3179,45.31,9,33.33,false
40,2.5,OldGuardNoBNB,3,24.22,3.5308,24.98,9,33.33,true
40,2.5,OldGuardNoBNB,4,-34.00,-9.9305,34.00,6,33.33,false
40,2.5,OldGuardNoBNB,5,15.14,2.1496,16.67,8,50.00,true
40,2.5,LargeCaps5,0,80.19,4.5670,33.13,12,41.67,true
40,2.5,LargeCaps5,1,10.43,2.3909,25.00,8,37.50,true
40,2.5,LargeCaps5,2,75.91,4.8046,33.73,11,36.36,true
40,2.5,LargeCaps5,3,17.44,2.9620,41.49,13,30.77,true
40,2.5,LargeCaps5,4,-12.01,-1.9046,24.35,7,57.14,false
40,2.5,LargeCaps5,5,41.37,3.3418,17.85,9,55.56,true
40,2.5,Legacy3,0,0.11,1.6302,51.73,15,33.33,true
40,2.5,Legacy3,1,1.84,1.2680,41.75,9,44.44,true
40,2.5,Legacy3,2,41.77,2.8230,30.65,11,45.45,true
40,2.5,Legacy3,3,115.87,6.1795,31.05,11,54.55,true
40,2.5,Legacy3,4,-42.54,-6.3964,42.54,8,12.50,false
40,2.5,Legacy3,5,-9.89,-0.3888,20.40,6,33.33,false
40,2.5,LowVolume5,0,90.89,4.9415,38.38,14,50.00,true
40,2.5,LowVolume5,1,4.45,1.4639,30.45,9,44.44,true
40,2.5,LowVolume5,2,217.95,6.4968,27.42,14,50.00,true
40,2.5,LowVolume5,3,232.17,7.7954,40.94,14,50.00,true
40,2.5,LowVolume5,4,-57.60,-7.8840,57.60,9,11.11,false
40,2.5,LowVolume5,5,-42.10,-4.2348,44.99,9,22.22,false
40,2.5,OldGuard4,0,203.38,7.4549,27.46,15,60.00,true
40,2.5,OldGuard4,1,-35.41,-2.6482,43.68,13,30.77,false
40,2.5,OldGuard4,2,50.70,3.0499,30.65,11,45.45,true
40,2.5,OldGuard4,3,115.87,6.1795,31.05,11,54.55,true
40,2.5,OldGuard4,4,-47.51,-7.1734,47.51,9,11.11,false
40,2.5,OldGuard4,5,-8.16,-0.2936,20.40,7,42.86,false
40,3,Base5,0,78.11,6.2091,42.32,9,44.44,true
40,3,Base5,1,59.72,1.8302,51.82,13,46.15,true
40,3,Base5,2,-5.11,0.8034,34.11,9,44.44,false
40,3,Base5,3,5.67,2.0454,36.25,10,30.00,true
40,3,Base5,4,-52.38,-15.3513,52.38,7,0.00,false
40,3,Base5,5,-22.16,-0.7838,37.76,11,45.45,false
40,3,NoDOGE,0,166.63,8.3207,36.39,8,50.00,true
40,3,NoDOGE,1,51.47,9.4780,15.55,6,66.67,true
40,3,NoDOGE,2,385.81,10.7297,22.61,8,62.50,true
40,3,NoDOGE,3,30.33,3.0665,36.25,9,44.44,true
40,3,NoDOGE,4,-37.98,-11.6181,37.98,6,0.00,false
40,3,NoDOGE,5,-12.75,-0.2329,29.29,9,55.56,false
40,3,Legacy4,0,205.91,10.9537,22.89,11,63.64,true
40,3,Legacy4,1,64.18,8.3003,29.16,7,42.86,true
40,3,Legacy4,2,-26.56,-0.8473,37.17,8,50.00,false
40,3,Legacy4,3,70.04,8.4900,29.90,6,50.00,true
40,3,Legacy4,4,-38.09,-13.9170,38.09,5,0.00,false
40,3,Legacy4,5,-47.20,-5.5051,47.20,9,22.22,false
40,3,Legacy5BNB,0,198.89,12.2504,22.89,10,70.00,true
40,3,Legacy5BNB,1,21.14,4.3904,31.73,7,42.86,true
40,3,Legacy5BNB,2,-35.53,-1.5034,37.66,8,37.50,false
40,3,Legacy5BNB,3,23.24,5.1407,52.13,6,50.00,true
40,3,Legacy5BNB,4,-30.77,-5.9518,30.77,5,40.00,false
40,3,Legacy5BNB,5,-43.30,-3.7352,47.01,9,22.22,false
40,3,OldGuardNoBNB,0,32.40,3.2331,30.77,13,61.54,true
40,3,OldGuardNoBNB,1,-21.22,-0.9181,47.30,9,44.44,false
40,3,OldGuardNoBNB,2,-26.56,-0.8473,37.17,8,50.00,false
40,3,OldGuardNoBNB,3,70.04,8.4900,29.90,6,50.00,true
40,3,OldGuardNoBNB,4,-38.09,-13.9170,38.09,5,0.00,false
40,3,OldGuardNoBNB,5,-32.24,-3.1370,39.21,9,33.33,false
40,3,LargeCaps5,0,329.79,9.2927,36.39,8,50.00,true
40,3,LargeCaps5,1,51.53,9.4897,15.51,6,66.67,true
40,3,LargeCaps5,2,346.67,10.3274,32.60,9,55.56,true
40,3,LargeCaps5,3,-28.02,0.9770,53.27,9,33.33,false
40,3,LargeCaps5,4,-34.55,-9.9810,34.55,6,16.67,false
40,3,LargeCaps5,5,-12.75,-0.2329,29.29,9,55.56,false
40,3,Legacy3,0,33.98,3.6486,33.39,12,50.00,true
40,3,Legacy3,1,23.99,4.6496,38.61,7,42.86,true
40,3,Legacy3,2,97.92,6.9736,30.65,8,37.50,true
40,3,Legacy3,3,202.59,9.0821,29.90,9,66.67,true
40,3,Legacy3,4,-23.45,-5.1158,31.98,5,20.00,false
40,3,Legacy3,5,-25.76,-2.6005,30.37,6,33.33,false
40,3,LowVolume5,0,34.63,3.4315,38.38,12,50.00,true
40,3,LowVolume5,1,73.15,7.5231,38.61,8,50.00,true
40,3,LowVolume5,2,1472.60,16.3399,34.95,9,55.56,true
40,3,LowVolume5,3,79.49,4.9324,44.03,12,41.67,true
40,3,LowVolume5,4,-38.98,-6.0074,38.98,7,28.57,false
40,3,LowVolume5,5,-37.23,-5.1129,37.23,8,25.00,false
40,3,OldGuard4,0,270.94,13.0292,22.89,10,70.00,true
40,3,OldGuard4,1,-29.49,-1.3800,40.57,9,22.22,false
40,3,OldGuard4,2,94.54,6.7311,30.65,8,37.50,true
40,3,OldGuard4,3,202.59,9.0821,29.90,9,66.67,true
40,3,OldGuard4,4,-31.09,-6.8997,31.98,6,16.67,false
40,3,OldGuard4,5,-24.33,-2.3465,30.37,7,42.86,false
40,3.5,Base5,0,81.94,7.0749,43.20,7,57.14,true
40,3.5,Base5,1,100.36,2.0937,35.55,11,36.36,true
40,3.5,Base5,2,540.30,12.1362,22.44,5,60.00,true
40,3.5,Base5,3,-9.82,0.4309,30.46,7,14.29,false
40,3.5,Base5,4,110.35,14.1845,22.13,5,40.00,true
40,3.5,Base5,5,0.72,0.5064,33.58,9,55.56,true
40,3.5,NoDOGE,0,113.18,7.8569,43.20,7,57.14,true
40,3.5,NoDOGE,1,27.56,5.7137,18.99,6,66.67,true
40,3.5,NoDOGE,2,898.86,12.6316,17.74,5,80.00,true
40,3.5,NoDOGE,3,11.22,3.4316,30.46,6,33.33,true
40,3.5,NoDOGE,4,145.80,22.8830,5.11,4,50.00,true
40,3.5,NoDOGE,5,2.65,1.1500,21.19,7,57.14,true
40,3.5,Legacy4,0,163.81,9.1128,22.74,8,87.50,true
40,3.5,Legacy4,1,37.23,5.8699,31.08,7,42.86,true
40,3.5,Legacy4,2,157.55,9.2619,30.65,5,60.00,true
40,3.5,Legacy4,3,-38.91,-3.2682,38.91,7,14.29,false
40,3.5,Legacy4,4,-50.41,-13.1467,50.41,5,0.00,false
40,3.5,Legacy4,5,-51.68,-9.0088,51.77,7,28.57,false
40,3.5,Legacy5BNB,0,167.90,9.5406,22.74,9,66.67,true
40,3.5,Legacy5BNB,1,0.73,1.9246,42.70,7,42.86,true
40,3.5,Legacy5BNB,2,-5.60,0.2187,35.20,7,57.14,false
40,3.5,Legacy5BNB,3,-49.31,-2.6910,49.94,7,14.29,false
40,3.5,Legacy5BNB,4,-40.88,-9.0018,40.88,5,20.00,false
40,3.5,Legacy5BNB,5,-47.00,-5.4775,49.43,8,25.00,false
40,3.5,OldGuardNoBNB,0,60.46,4.4092,25.80,10,70.00,true
40,3.5,OldGuardNoBNB,1,-20.08,-0.9293,47.31,8,50.00,false
40,3.5,OldGuardNoBNB,2,157.55,9.2619,30.65,5,60.00,true
40,3.5,OldGuardNoBNB,3,-38.91,-3.2682,38.91,7,14.29,false
40,3.5,OldGuardNoBNB,4,-50.41,-13.1467,50.41,5,0.00,false
40,3.5,OldGuardNoBNB,5,-32.59,-6.5803,32.71,7,28.57,false
40,3.5,LargeCaps5,0,197.83,8.4482,43.20,8,50.00,true
40,3.5,LargeCaps5,1,32.24,6.5565,16.01,6,66.67,true
40,3.5,LargeCaps5,2,873.23,12.5195,17.74,5,80.00,true
40,3.5,LargeCaps5,3,-51.59,-2.7413,57.36,7,14.29,false
40,3.5,LargeCaps5,4,145.80,22.8830,5.11,4,50.00,true
40,3.5,LargeCaps5,5,2.65,1.1500,21.19,7,57.14,true
40,3.5,Legacy3,0,66.99,5.6581,37.90,7,71.43,true
40,3.5,Legacy3,1,17.54,5.0652,32.31,5,60.00,true
40,3.5,Legacy3,2,74.40,5.8178,30.65,7,42.86,true
40,3.5,Legacy3,3,160.87,6.3385,35.97,8,50.00,true
40,3.5,Legacy3,4,-29.85,-6.6669,37.67,5,20.00,false
40,3.5,Legacy3,5,-21.40,-3.5011,21.60,5,40.00,false
40,3.5,LowVolume5,0,34.32,3.2139,32.93,9,66.67,true
40,3.5,LowVolume5,1,55.38,7.5217,32.31,7,57.14,true
40,3.5,LowVolume5,2,745.37,26.8600,10.14,6,83.33,true
40,3.5,LowVolume5,3,91.10,8.3255,20.60,7,42.86,true
40,3.5,LowVolume5,4,-49.27,-9.0609,49.27,7,14.29,false
40,3.5,LowVolume5,5,-34.18,-5.4870,34.30,6,33.33,false
40,3.5,OldGuard4,0,235.38,10.8723,22.74,8,87.50,true
40,3.5,OldGuard4,1,-11.93,-0.0237,32.31,7,42.86,false
40,3.5,OldGuard4,2,74.82,5.1859,30.65,7,42.86,true
40,3.5,OldGuard4,3,160.87,6.3385,35.97,8,50.00,true
40,3.5,OldGuard4,4,-37.39,-8.4337,37.67,6,16.67,false
40,3.5,OldGuard4,5,-27.94,-5.5466,28.08,6,33.33,false
40,4,Base5,0,287.13,9.8122,38.81,5,60.00,true
40,4,Base5,1,-47.43,-6.7494,56.79,8,25.00,false
40,4,Base5,2,535.81,12.0417,22.99,5,60.00,true
40,4,Base5,3,180.86,12.8768,16.13,7,57.14,true
40,4,Base5,4,76.25,10.3710,34.76,5,40.00,true
40,4,Base5,5,4.83,1.1612,29.87,7,42.86,true
40,4,NoDOGE,0,287.13,9.8122,38.81,5,60.00,true
40,4,NoDOGE,1,10.93,2.9129,21.09,5,60.00,true
40,4,NoDOGE,2,777.36,12.0874,17.74,5,80.00,true
40,4,NoDOGE,3,246.39,16.1444,10.77,6,83.33,true
40,4,NoDOGE,4,126.71,18.4588,12.48,4,50.00,true
40,4,NoDOGE,5,-33.16,-8.1719,36.05,6,33.33,false
40,4,Legacy4,0,363.20,18.4229,0.00,6,100.00,true
40,4,Legacy4,1,-25.51,-1.7480,37.42,7,28.57,false
40,4,Legacy4,2,62.78,9.3477,26.36,4,25.00,true
40,4,Legacy4,3,113.35,10.0829,36.29,6,66.67,true
40,4,Legacy4,4,-42.24,-9.0306,46.39,5,20.00,false
40,4,Legacy4,5,-51.18,-10.4490,51.18,6,16.67,false
40,4,Legacy5BNB,0,706.51,30.2625,0.00,5,100.00,true
40,4,Legacy5BNB,1,-29.79,-5.1901,42.28,6,33.33,false
40,4,Legacy5BNB,2,56.01,9.0134,29.42,4,25.00,true
40,4,Legacy5BNB,3,125.70,9.9809,50.19,6,66.67,true
40,4,Legacy5BNB,4,-25.85,-3.2414,31.52,4,25.00,false
40,4,Legacy5BNB,5,-46.33,-3.2800,56.46,7,28.57,false
40,4,OldGuardNoBNB,0,172.53,11.1062,9.33,8,75.00,true
40,4,OldGuardNoBNB,1,-73.24,-11.2672,74.03,8,25.00,false
40,4,OldGuardNoBNB,2,62.78,9.3477,26.36,4,25.00,true
40,4,OldGuardNoBNB,3,113.35,10.0829,36.29,6,66.67,true
40,4,OldGuardNoBNB,4,-42.24,-9.0306,46.39,5,20.00,false
40,4,OldGuardNoBNB,5,-31.89,-10.9338,31.89,6,16.67,false
40,4,LargeCaps5,0,509.19,12.3137,38.81,5,60.00,true
40,4,LargeCaps5,1,12.71,3.2137,19.82,5,60.00,true
40,4,LargeCaps5,2,754.85,11.9795,17.74,5,80.00,true
40,4,LargeCaps5,3,92.22,7.9793,57.58,7,57.14,true
40,4,LargeCaps5,4,126.71,18.4588,12.48,4,50.00,true
40,4,LargeCaps5,5,-33.16,-8.1719,36.05,6,33.33,false
40,4,Legacy3,0,287.83,15.9642,2.63,6,83.33,true
40,4,Legacy3,1,16.40,4.5984,34.62,5,60.00,true
40,4,Legacy3,2,44.27,7.3636,34.73,5,20.00,true
40,4,Legacy3,3,182.76,15.5777,10.77,6,83.33,true
40,4,Legacy3,4,-39.13,-16.1897,39.13,5,20.00,false
40,4,Legacy3,5,-38.83,-2.9589,38.83,5,20.00,false
40,4,LowVolume5,0,47.24,4.7207,32.93,7,71.43,true
40,4,LowVolume5,1,-16.07,0.1480,34.62,6,50.00,false
40,4,LowVolume5,2,300.35,14.4395,33.58,6,50.00,true
40,4,LowVolume5,3,164.43,15.1605,10.77,6,66.67,true
40,4,LowVolume5,4,-76.50,-13.6942,76.50,8,12.50,false
40,4,LowVolume5,5,-49.05,-4.0299,49.05,6,16.67,false
40,4,OldGuard4,0,325.40,15.5212,0.00,7,100.00,true
40,4,OldGuard4,1,-47.01,-5.7540,48.58,7,28.57,false
40,4,OldGuard4,2,44.27,7.3636,34.73,5,20.00,true
40,4,OldGuard4,3,182.76,15.5777,10.77,6,83.33,true
40,4,OldGuard4,4,-44.61,-15.8122,44.61,6,16.67,false
40,4,OldGuard4,5,-23.92,-7.8761,26.70,5,20.00,false
45,1,Base5,0,21.48,2.2979,63.73,24,54.17,true
45,1,Base5,1,366.07,4.2581,22.40,23,52.17,true
45,1,Base5,2,3.20,1.4903,34.95,27,33.33,true
45,1,Base5,3,290.96,8.0090,38.62,29,51.72,true
45,1,Base5,4,-2.13,0.3667,26.21,18,44.44,false
45,1,Base5,5,76.68,4.3748,19.29,23,52.17,true
45,1,NoDOGE,0,37.47,2.7962,63.73,25,56.00,true
45,1,NoDOGE,1,125.25,14.6705,9.23,13,53.85,true
45,1,NoDOGE,2,170.85,6.1047,18.53,23,43.48,true
45,1,NoDOGE,3,382.18,8.9383,38.62,28,57.14,true
45,1,NoDOGE,4,16.44,2.3315,24.33,15,53.33,true
45,1,NoDOGE,5,12.68,1.7310,19.29,19,42.11,true
45,1,Legacy4,0,14.05,1.6266,40.08,26,53.85,true
45,1,Legacy4,1,76.34,5.7980,26.13,20,50.00,true
45,1,Legacy4,2,82.89,4.4836,25.05,22,45.45,true
45,1,Legacy4,3,-41.05,-1.7489,62.57,24,29.17,false
45,1,Legacy4,4,-25.46,-5.1574,32.37,11,27.27,false
45,1,Legacy4,5,0.70,0.4096,17.33,18,50.00,true
45,1,Legacy5BNB,0,-44.82,-3.6767,60.81,28,39.29,false
45,1,Legacy5BNB,1,88.18,8.5814,16.10,16,62.50,true
45,1,Legacy5BNB,2,81.85,4.4277,25.05,23,47.83,true
45,1,Legacy5BNB,3,41.82,3.1910,52.94,19,47.37,true
45,1,Legacy5BNB,4,1.81,0.9946,17.26,13,46.15,true
45,1,Legacy5BNB,5,-6.10,-0.5084,24.56,19,42.11,false
45,1,OldGuardNoBNB,0,107.12,4.7229,31.38,29,51.72,true
45,1,OldGuardNoBNB,1,33.26,2.6140,40.45,20,50.00,true
45,1,OldGuardNoBNB,2,82.89,4.4836,25.05,22,45.45,true
45,1,OldGuardNoBNB,3,-41.05,-1.7489,62.57,24,29.17,false
45,1,OldGuardNoBNB,4,-25.46,-5.1574,32.37,11,27.27,false
45,1,OldGuardNoBNB,5,27.46,3.8266,9.30,20,55.00,true
45,1,LargeCaps5,0,22.31,2.1684,63.73,30,53.33,true
45,1,LargeCaps5,1,134.94,16.0173,8.33,13,53.85,true
45,1,LargeCaps5,2,115.82,5.1333,33.12,24,37.50,true
45,1,LargeCaps5,3,421.14,10.0544,29.15,22,59.09,true
45,1,LargeCaps5,4,53.45,6.0052,24.33,13,69.23,true
45,1,LargeCaps5,5,0.93,0.6230,19.29,20,35.00,true
45,1,Legacy3,0,52.21,3.2129,35.32,22,50.00,true
45,1,Legacy3,1,25.76,3.0609,25.95,19,57.89,true
45,1,Legacy3,2,166.11,7.6727,15.20,21,52.38,true
45,1,Legacy3,3,253.84,8.0229,14.41,21,57.14,true
45,1,Legacy3,4,-13.81,-2.4154,27.16,12,25.00,false
45,1,Legacy3,5,-11.65,-2.3192,18.00,16,37.50,false
45,1,LowVolume5,0,109.68,5.6193,16.43,21,57.14,true
45,1,LowVolume5,1,2.12,0.7712,22.55,22,50.00,true
45,1,LowVolume5,2,227.77,6.3745,33.72,28,32.14,true
45,1,LowVolume5,3,503.93,10.1192,22.63,26,53.85,true
45,1,LowVolume5,4,-19.79,-1.5786,23.61,17,35.29,false
45,1,LowVolume5,5,-22.68,-3.2731,26.60,24,45.83,false
45,1,OldGuard4,0,99.96,5.2926,29.24,25,60.00,true
45,1,OldGuard4,1,-5.03,0.1903,25.57,25,32.00,false
45,1,OldGuard4,2,172.78,7.8014,11.91,22,54.55,true
45,1,OldGuard4,3,253.84,8.0229,14.41,21,57.14,true
45,1,OldGuard4,4,3.09,0.8640,15.92,15,33.33,true
45,1,OldGuard4,5,6.29,1.5480,18.63,19,42.11,true
45,1.5,Base5,0,10.39,2.1321,64.36,21,42.86,true
45,1.5,Base5,1,393.03,4.0742,25.57,18,55.56,true
45,1.5,Base5,2,50.04,3.0830,36.66,22,40.91,true
45,1.5,Base5,3,294.78,7.9801,28.39,24,58.33,true
45,1.5,Base5,4,-8.66,-0.1960,26.43,13,46.15,false
45,1.5,Base5,5,-13.95,-0.2988,41.14,21,38.10,false
45,1.5,NoDOGE,0,24.92,2.5502,64.36,22,45.45,true
45,1.5,NoDOGE,1,148.21,14.7105,16.25,9,55.56,true
45,1.5,NoDOGE,2,189.14,6.7922,26.59,16,43.75,true
45,1.5,NoDOGE,3,386.88,8.9626,28.39,23,65.22,true
45,1.5,NoDOGE,4,3.77,0.9249,24.57,10,50.00,true
45,1.5,NoDOGE,5,6.14,0.9712,21.95,16,50.00,true
45,1.5,Legacy4,0,79.40,4.6673,35.59,20,55.00,true
45,1.5,Legacy4,1,96.31,5.7272,26.72,13,53.85,true
45,1.5,Legacy4,2,134.92,8.1444,21.74,13,53.85,true
45,1.5,Legacy4,3,-32.93,-0.9090,55.68,18,38.89,false
45,1.5,Legacy4,4,-33.57,-8.6813,33.57,7,14.29,false
45,1.5,Legacy4,5,2.57,0.8846,20.34,15,46.67,true
45,1.5,Legacy5BNB,0,-5.37,0.4890,43.70,21,52.38,false
45,1.5,Legacy5BNB,1,106.94,11.1274,11.59,8,87.50,true
45,1.5,Legacy5BNB,2,76.82,4.9007,25.01,14,50.00,true
45,1.5,Legacy5BNB,3,5.24,1.7855,55.68,15,40.00,true
45,1.5,Legacy5BNB,4,-22.94,-3.7418,27.61,11,36.36,false
45,1.5,Legacy5BNB,5,-28.35,-4.7345,35.23,16,37.50,false
45,1.5,OldGuardNoBNB,0,101.55,4.9836,23.71,26,50.00,true
45,1.5,OldGuardNoBNB,1,7.14,1.1889,34.84,15,53.33,true
45,1.5,OldGuardNoBNB,2,134.92,8.1444,21.74,13,53.85,true
45,1.5,OldGuardNoBNB,3,-32.93,-0.9090,55.68,18,38.89,false
45,1.5,OldGuardNoBNB,4,-33.57,-8.6813,33.57,7,14.29,false
45,1.5,OldGuardNoBNB,5,28.90,4.3638,13.82,17,52.94,true
45,1.5,LargeCaps5,0,-16.38,0.9519,64.36,26,38.46,false
45,1.5,LargeCaps5,1,157.47,15.8429,13.12,9,55.56,true
45,1.5,LargeCaps5,2,106.88,4.8684,26.59,17,41.18,true
45,1.5,LargeCaps5,3,236.31,7.8269,28.58,18,44.44,true
45,1.5,LargeCaps5,4,13.27,1.7995,24.57,11,54.55,true
45,1.5,LargeCaps5,5,1.31,0.5741,21.95,16,43.75,true
45,1.5,Legacy3,0,63.78,4.1587,33.97,18,38.89,true
45,1.5,Legacy3,1,46.08,4.2056,31.26,13,61.54,true
45,1.5,Legacy3,2,123.86,7.3209,24.53,15,53.33,true
45,1.5,Legacy3,3,435.69,13.8561,17.49,14,71.43,true
45,1.5,Legacy3,4,-40.16,-4.9680,44.74,11,18.18,false
45,1.5,Legacy3,5,-14.52,-3.5194,22.72,12,33.33,false
45,1.5,LowVolume5,0,194.68,7.6645,18.56,17,47.06,true
45,1.5,LowVolume5,1,34.00,3.4881,25.35,13,53.85,true
45,1.5,LowVolume5,2,241.98,6.8025,32.39,18,44.44,true
45,1.5,LowVolume5,3,1073.93,16.8201,20.33,18,72.22,true
45,1.5,LowVolume5,4,-40.37,-3.0614,40.61,14,28.57,false
45,1.5,LowVolume5,5,-46.29,-8.3884,46.29,20,25.00,false
45,1.5,OldGuard4,0,96.85,5.2947,29.39,22,59.09,true
45,1.5,OldGuard4,1,52.35,3.5628,35.96,14,50.00,true
45,1.5,OldGuard4,2,124.23,7.1357,22.40,15,53.33,true
45,1.5,OldGuard4,3,435.69,13.8561,17.49,14,71.43,true
45,1.5,OldGuard4,4,-29.92,-2.3495,34.15,14,28.57,false
45,1.5,OldGuard4,5,-1.99,0.3680,19.55,15,40.00,false
45,2,Base5,0,44.77,3.6522,29.70,15,33.33,true
45,2,Base5,1,388.83,4.0499,23.40,14,57.14,true
45,2,Base5,2,29.34,2.7607,33.45,14,35.71,true
45,2,Base5,3,55.15,3.9040,34.09,18,38.89,true
45,2,Base5,4,-16.85,-2.6057,20.40,9,55.56,false
45,2,Base5,5,87.36,4.2277,10.62,12,58.33,true
45,2,NoDOGE,0,64.05,4.4552,29.70,15,40.00,true
45,2,NoDOGE,1,42.42,5.8584,22.04,8,50.00,true
45,2,NoDOGE,2,188.82,7.8112,26.59,9,44.44,true
45,2,NoDOGE,3,91.35,4.9561,32.12,17,47.06,true
45,2,NoDOGE,4,-3.84,-0.5727,15.27,7,57.14,false
45,2,NoDOGE,5,70.77,4.3595,17.85,9,66.67,true
45,2,Legacy4,0,159.87,6.6160,21.86,16,50.00,true
45,2,Legacy4,1,21.83,2.9032,34.15,12,41.67,true
45,2,Legacy4,2,23.95,3.6833,19.75,10,50.00,true
45,2,Legacy4,3,-37.72,-2.2897,40.87,13,30.77,false
45,2,Legacy4,4,-11.83,-3.0338,17.51,6,33.33,false
45,2,Legacy4,5,37.98,3.5159,22.09,10,60.00,true
45,2,Legacy5BNB,0,88.22,5.0903,30.65,15,53.33,true
45,2,Legacy5BNB,1,90.74,11.5683,19.89,8,75.00,true
45,2,Legacy5BNB,2,74.78,4.3806,19.75,12,58.33,true
45,2,Legacy5BNB,3,8.65,2.0917,28.71,11,27.27,true
45,2,Legacy5BNB,4,-11.62,-2.0470,17.31,6,50.00,false
45,2,Legacy5BNB,5,-29.23,-2.3160,36.31,11,36.36,false
45,2,OldGuardNoBNB,0,158.92,6.0506,45.61,23,47.83,true
45,2,OldGuardNoBNB,1,-40.60,-2.9683,53.12,14,42.86,false
45,2,OldGuardNoBNB,2,23.95,3.6833,19.75,10,50.00,true
45,2,OldGuardNoBNB,3,-37.72,-2.2897,40.87,13,30.77,false
45,2,OldGuardNoBNB,4,-11.83,-3.0338,17.51,6,33.33,false
45,2,OldGuardNoBNB,5,88.24,6.3493,8.96,10,70.00,true
45,2,LargeCaps5,0,16.41,2.1931,29.70,17,35.29,true
45,2,LargeCaps5,1,47.73,6.5188,19.13,8,50.00,true
45,2,LargeCaps5,2,106.01,5.8493,26.59,10,40.00,true
45,2,LargeCaps5,3,48.05,4.0928,36.60,14,28.57,true
45,2,LargeCaps5,4,18.99,4.6924,17.20,8,62.50,true
45,2,LargeCaps5,5,63.01,4.0379,17.85,9,55.56,true
45,2,Legacy3,0,34.21,2.8103,45.98,17,29.41,true
45,2,Legacy3,1,39.13,4.3269,39.48,9,55.56,true
45,2,Legacy3,2,133.95,6.7670,28.21,14,57.14,true
45,2,Legacy3,3,183.57,7.6335,24.98,13,53.85,true
45,2,Legacy3,4,-44.62,-5.1582,48.86,10,20.00,false
45,2,Legacy3,5,0.40,0.6935,22.89,9,44.44,true
45,2,LowVolume5,0,160.84,6.0646,21.86,16,43.75,true
45,2,LowVolume5,1,41.16,4.4462,28.77,9,44.44,true
45,2,LowVolume5,2,223.84,7.1230,28.22,17,47.06,true
45,2,LowVolume5,3,317.70,8.7339,40.94,16,50.00,true
45,2,LowVolume5,4,-48.30,-3.0232,58.37,12,25.00,false
45,2,LowVolume5,5,-25.92,-1.6665,27.92,13,30.77,false
45,2,OldGuard4,0,311.24,8.9464,40.87,18,66.67,true
45,2,OldGuard4,1,-0.61,0.8186,41.41,13,30.77,false
45,2,OldGuard4,2,148.70,7.1071,21.66,14,57.14,true
45,2,OldGuard4,3,183.57,7.6335,24.98,13,53.85,true
45,2,OldGuard4,4,-39.26,-3.0284,43.75,12,25.00,false
45,2,OldGuard4,5,22.69,2.5711,15.33,10,50.00,true
45,2.5,Base5,0,24.94,2.9706,39.36,12,41.67,true
45,2.5,Base5,1,408.02,3.8792,22.40,13,53.85,true
45,2.5,Base5,2,14.73,2.1680,30.88,12,41.67,true
45,2.5,Base5,3,49.98,3.7546,36.50,16,43.75,true
45,2.5,Base5,4,-37.95,-9.2894,37.95,8,37.50,false
45,2.5,Base5,5,41.34,2.7302,16.44,11,54.55,true
45,2.5,NoDOGE,0,65.05,4.0829,33.13,12,50.00,true
45,2.5,NoDOGE,1,8.61,2.0786,26.24,8,37.50,true
45,2.5,NoDOGE,2,83.95,5.3673,26.59,10,40.00,true
45,2.5,NoDOGE,3,84.98,4.8423,36.50,15,53.33,true
45,2.5,NoDOGE,4,-23.46,-5.7278,25.70,7,42.86,false
45,2.5,NoDOGE,5,25.60,2.4107,17.85,9,55.56,true
45,2.5,Legacy4,0,192.90,7.1448,21.86,14,50.00,true
45,2.5,Legacy4,1,15.77,2.6354,32.78,12,41.67,true
45,2.5,Legacy4,2,-33.29,-2.1137,42.93,9,33.33,false
45,2.5,Legacy4,3,-21.47,-0.3268,36.12,11,27.27,false
45,2.5,Legacy4,4,-33.54,-14.0347,33.54,6,33.33,false
45,2.5,Legacy4,5,-10.27,-0.2281,30.21,8,37.50,false
45,2.5,Legacy5BNB,0,255.24,14.9487,11.37,11,63.64,true
45,2.5,Legacy5BNB,1,17.80,3.4934,29.73,9,55.56,true
45,2.5,Legacy5BNB,2,-45.31,-3.2518,47.63,9,33.33,false
45,2.5,Legacy5BNB,3,-17.12,0.4390,36.12,10,20.00,false
45,2.5,Legacy5BNB,4,-18.38,-2.2284,24.17,5,40.00,false
45,2.5,Legacy5BNB,5,-19.84,-1.1213,30.20,9,22.22,false
45,2.5,OldGuardNoBNB,0,70.06,3.8751,49.50,20,50.00,true
45,2.5,OldGuardNoBNB,1,-11.28,0.8337,55.18,11,45.45,false
45,2.5,OldGuardNoBNB,2,-33.29,-2.1137,42.93,9,33.33,false
45,2.5,OldGuardNoBNB,3,-21.47,-0.3268,36.12,11,27.27,false
45,2.5,OldGuardNoBNB,4,-33.54,-14.0347,33.54,6,33.33,false
45,2.5,OldGuardNoBNB,5,15.14,2.1496,16.67,8,50.00,true
45,2.5,LargeCaps5,0,80.19,4.5670,33.13,12,41.67,true
45,2.5,LargeCaps5,1,9.56,2.2964,25.59,8,37.50,true
45,2.5,LargeCaps5,2,69.13,4.9047,30.84,11,36.36,true
45,2.5,LargeCaps5,3,33.46,3.5617,40.69,13,30.77,true
45,2.5,LargeCaps5,4,-10.38,-1.4187,24.35,7,57.14,false
45,2.5,LargeCaps5,5,25.60,2.4107,17.85,9,55.56,true
45,2.5,Legacy3,0,0.11,1.6302,51.73,15,33.33,true
45,2.5,Legacy3,1,13.82,2.4919,41.75,9,44.44,true
45,2.5,Legacy3,2,37.10,2.8430,30.65,11,45.45,true
45,2.5,Legacy3,3,254.53,9.8865,24.98,10,60.00,true
45,2.5,Legacy3,4,-42.14,-6.4663,42.14,8,12.50,false
45,2.5,Legacy3,5,-9.89,-0.3888,20.40,6,33.33,false
45,2.5,LowVolume5,0,62.71,3.7749,38.38,15,46.67,true
45,2.5,LowVolume5,1,81.55,7.5249,30.45,9,55.56,true
45,2.5,LowVolume5,2,156.66,5.9228,27.42,16,43.75,true
45,2.5,LowVolume5,3,349.92,9.6762,40.94,14,50.00,true
45,2.5,LowVolume5,4,-57.31,-7.9597,57.31,9,11.11,false
45,2.5,LowVolume5,5,-33.62,-3.8931,36.94,9,22.22,false
45,2.5,OldGuard4,0,249.08,7.6206,38.17,17,58.82,true
45,2.5,OldGuard4,1,-26.55,-1.4520,43.61,13,30.77,false
45,2.5,OldGuard4,2,49.61,3.1924,30.65,11,45.45,true
45,2.5,OldGuard4,3,254.53,9.8865,24.98,10,60.00,true
45,2.5,OldGuard4,4,-47.14,-7.2707,47.14,9,11.11,false
45,2.5,OldGuard4,5,-8.16,-0.2936,20.40,7,42.86,false
45,3,Base5,0,-5.89,0.8820,42.32,11,36.36,false
45,3,Base5,1,173.63,2.5730,31.65,11,54.55,true
45,3,Base5,2,13.70,1.6475,30.61,10,40.00,true
45,3,Base5,3,73.15,4.7679,36.25,11,45.45,true
45,3,Base5,4,-11.51,0.7129,44.27,6,16.67,false
45,3,Base5,5,-8.01,-0.0246,26.44,11,45.45,false
45,3,NoDOGE,0,40.87,4.1043,36.39,10,40.00,true
45,3,NoDOGE,1,2.21,1.4057,23.53,7,42.86,true
45,3,NoDOGE,2,385.62,10.6549,16.93,9,55.56,true
45,3,NoDOGE,3,113.55,5.7963,36.25,10,60.00,true
45,3,NoDOGE,4,9.15,3.7301,31.27,5,20.00,true
45,3,NoDOGE,5,3.11,1.1131,19.77,9,55.56,true
45,3,Legacy4,0,186.00,9.9714,27.91,11,63.64,true
45,3,Legacy4,1,64.18,8.3003,29.16,7,42.86,true
45,3,Legacy4,2,-25.87,-1.1732,36.57,9,44.44,false
45,3,Legacy4,3,88.32,9.3325,26.94,7,42.86,true
45,3,Legacy4,4,-38.09,-13.9170,38.09,5,0.00,false
45,3,Legacy4,5,-40.54,-6.1483,40.54,8,25.00,false
45,3,Legacy5BNB,0,179.43,10.9162,27.91,10,70.00,true
45,3,Legacy5BNB,1,26.28,5.0197,31.73,7,42.86,true
45,3,Legacy5BNB,2,-39.26,-2.2929,41.26,9,33.33,false
45,3,Legacy5BNB,3,82.03,7.9234,27.38,7,42.86,true
45,3,Legacy5BNB,4,-30.77,-5.9518,30.77,5,40.00,false
45,3,Legacy5BNB,5,-36.16,-3.3603,40.33,8,25.00,false
45,3,OldGuardNoBNB,0,32.40,3.2331,30.77,13,61.54,true
45,3,OldGuardNoBNB,1,-16.87,-0.5993,44.39,9,44.44,false
45,3,OldGuardNoBNB,2,-25.87,-1.1732,36.57,9,44.44,false
45,3,OldGuardNoBNB,3,88.32,9.3325,26.94,7,42.86,true
45,3,OldGuardNoBNB,4,-38.09,-13.9170,38.09,5,0.00,false
45,3,OldGuardNoBNB,5,-23.70,-2.8838,31.55,8,37.50,false
45,3,LargeCaps5,0,127.08,6.3387,36.39,10,40.00,true
45,3,LargeCaps5,1,5.82,1.9754,20.84,7,42.86,true
45,3,LargeCaps5,2,346.49,10.2645,26.92,10,50.00,true
45,3,LargeCaps5,3,63.96,4.4368,36.25,10,50.00,true
45,3,LargeCaps5,4,9.15,3.7301,31.27,5,20.00,true
45,3,LargeCaps5,5,3.11,1.1131,19.77,9,55.56,true
45,3,Legacy3,0,33.98,3.6486,33.39,12,50.00,true
45,3,Legacy3,1,23.99,4.6496,38.61,7,42.86,true
45,3,Legacy3,2,43.38,3.4484,30.65,9,44.44,true
45,3,Legacy3,3,295.65,8.9629,31.05,9,55.56,true
45,3,Legacy3,4,-16.46,-2.0507,31.98,5,20.00,false
45,3,Legacy3,5,-16.40,-1.8402,21.60,5,40.00,false
45,3,LowVolume5,0,39.76,3.6681,38.38,12,50.00,true
45,3,LowVolume5,1,62.21,7.0024,38.61,8,50.00,true
45,3,LowVolume5,2,1135.42,14.4565,29.46,10,60.00,true
45,3,LowVolume5,3,396.08,9.1685,37.81,11,45.45,true
45,3,LowVolume5,4,-33.41,-3.6769,33.41,7,28.57,false
45,3,LowVolume5,5,-37.43,-5.1403,37.43,8,25.00,false
45,3,OldGuard4,0,246.80,11.9411,27.91,10,70.00,true
45,3,OldGuard4,1,-29.49,-1.3800,40.57,9,22.22,false
45,3,OldGuard4,2,40.94,3.2956,30.65,9,44.44,true
45,3,OldGuard4,3,295.65,8.9629,31.05,9,55.56,true
45,3,OldGuard4,4,-24.81,-3.7786,31.98,6,16.67,false
45,3,OldGuard4,5,-14.79,-1.5306,21.60,6,50.00,false
45,3.5,Base5,0,81.94,7.0749,43.20,7,57.14,true
45,3.5,Base5,1,144.23,2.3817,35.55,11,54.55,true
45,3.5,Base5,2,535.81,12.0417,22.99,5,60.00,true
45,3.5,Base5,3,119.99,5.9138,36.25,8,50.00,true
45,3.5,Base5,4,32.79,5.7553,46.74,6,33.33,true
45,3.5,Base5,5,2.82,0.6340,32.19,9,55.56,true
45,3.5,NoDOGE,0,113.18,7.8569,43.20,7,57.14,true
45,3.5,NoDOGE,1,27.56,5.7137,18.99,6,66.67,true
45,3.5,NoDOGE,2,898.86,12.6316,17.74,5,80.00,true
45,3.5,NoDOGE,3,171.31,6.9586,36.25,7,71.43,true
45,3.5,NoDOGE,4,55.16,8.0213,35.10,5,40.00,true
45,3.5,NoDOGE,5,4.79,1.5866,20.94,7,71.43,true
45,3.5,Legacy4,0,163.81,9.1128,22.74,8,87.50,true
45,3.5,Legacy4,1,56.50,7.5828,31.08,7,42.86,true
45,3.5,Legacy4,2,157.55,9.2619,30.65,5,60.00,true
45,3.5,Legacy4,3,65.07,6.3659,37.03,7,57.14,true
45,3.5,Legacy4,4,-50.71,-13.0869,50.71,5,0.00,false
45,3.5,Legacy4,5,-51.73,-9.0758,51.73,7,14.29,false
45,3.5,Legacy5BNB,0,167.90,9.5406,22.74,9,66.67,true
45,3.5,Legacy5BNB,1,9.67,3.1740,38.19,7,42.86,true
45,3.5,Legacy5BNB,2,-5.60,0.2187,35.20,7,57.14,false
45,3.5,Legacy5BNB,3,36.98,5.4897,49.94,7,57.14,true
45,3.5,Legacy5BNB,4,-39.78,-8.3732,39.78,5,40.00,false
45,3.5,Legacy5BNB,5,-27.88,-3.1050,43.59,7,28.57,false
45,3.5,OldGuardNoBNB,0,60.46,4.4092,25.80,10,70.00,true
45,3.5,OldGuardNoBNB,1,-23.26,-1.2275,48.72,8,37.50,false
45,3.5,OldGuardNoBNB,2,157.55,9.2619,30.65,5,60.00,true
45,3.5,OldGuardNoBNB,3,65.07,6.3659,37.03,7,57.14,true
45,3.5,OldGuardNoBNB,4,-50.71,-13.0869,50.71,5,0.00,false
45,3.5,OldGuardNoBNB,5,-32.66,-6.7136,32.66,7,14.29,false
45,3.5,LargeCaps5,0,197.83,8.4482,43.20,8,50.00,true
45,3.5,LargeCaps5,1,29.61,6.0713,17.69,6,66.67,true
45,3.5,LargeCaps5,2,873.23,12.5195,17.74,5,80.00,true
45,3.5,LargeCaps5,3,18.10,3.6465,57.36,8,50.00,true
45,3.5,LargeCaps5,4,55.16,8.0213,35.10,5,40.00,true
45,3.5,LargeCaps5,5,4.79,1.5866,20.94,7,71.43,true
45,3.5,Legacy3,0,66.99,5.6581,37.90,7,71.43,true
45,3.5,Legacy3,1,29.55,6.4899,32.31,5,60.00,true
45,3.5,Legacy3,2,72.02,5.6914,30.65,7,42.86,true
45,3.5,Legacy3,3,203.14,13.6020,35.97,7,71.43,true
45,3.5,Legacy3,4,-30.28,-6.7338,37.67,5,20.00,false
45,3.5,Legacy3,5,-23.08,-3.9269,23.08,5,20.00,false
45,3.5,LowVolume5,0,42.82,3.5028,32.93,9,66.67,true
45,3.5,LowVolume5,1,75.34,8.4013,32.31,7,57.14,true
45,3.5,LowVolume5,2,733.83,25.9300,11.37,6,83.33,true
45,3.5,LowVolume5,3,484.86,23.1620,10.32,7,71.43,true
45,3.5,LowVolume5,4,-54.66,-10.6966,54.66,7,14.29,false
45,3.5,LowVolume5,5,-35.59,-5.8276,35.59,6,16.67,false
45,3.5,OldGuard4,0,235.38,10.8723,22.74,8,87.50,true
45,3.5,OldGuard4,1,0.44,1.4127,32.31,7,42.86,true
45,3.5,OldGuard4,2,70.40,4.9754,30.65,7,42.86,true
45,3.5,OldGuard4,3,203.14,13.6020,35.97,7,71.43,true
45,3.5,OldGuard4,4,-35.33,-7.4283,37.67,6,16.67,false
45,3.5,OldGuard4,5,-29.49,-5.9902,29.49,6,16.67,false
45,4,Base5,0,434.84,10.9166,20.02,5,60.00,true
45,4,Base5,1,166.00,8.6145,42.98,10,30.00,true
45,4,Base5,2,513.83,11.7943,25.65,5,60.00,true
45,4,Base5,3,278.01,16.1611,16.13,7,57.14,true
45,4,Base5,4,76.25,10.3710,34.76,5,40.00,true
45,4,Base5,5,-0.56,0.9533,38.21,8,50.00,false
45,4,NoDOGE,0,434.84,10.9166,20.02,5,60.00,true
45,4,NoDOGE,1,8.59,2.5650,22.89,5,60.00,true
45,4,NoDOGE,2,777.36,12.0874,17.74,5,80.00,true
45,4,NoDOGE,3,366.20,20.0888,10.77,6,83.33,true
45,4,NoDOGE,4,126.71,18.4588,12.48,4,50.00,true
45,4,NoDOGE,5,-26.60,-6.0918,34.77,7,42.86,false
45,4,Legacy4,0,263.04,22.9934,0.00,5,100.00,true
45,4,Legacy4,1,-11.76,0.1042,33.43,7,42.86,false
45,4,Legacy4,2,81.00,11.0550,24.99,4,50.00,true
45,4,Legacy4,3,187.15,13.1050,36.29,6,66.67,true
45,4,Legacy4,4,-51.24,-11.0947,51.24,5,20.00,false
45,4,Legacy4,5,-58.04,-9.8734,58.84,7,28.57,false
45,4,Legacy5BNB,0,602.75,31.6686,0.00,5,100.00,true
45,4,Legacy5BNB,1,-35.62,-5.4330,48.95,7,42.86,false
45,4,Legacy5BNB,2,73.48,10.6675,24.99,4,50.00,true
45,4,Legacy5BNB,3,125.70,9.9809,50.19,6,66.67,true
45,4,Legacy5BNB,4,-50.44,-17.8053,50.44,5,20.00,false
45,4,Legacy5BNB,5,-36.12,-4.4142,47.12,7,28.57,false
45,4,OldGuardNoBNB,0,144.62,11.9227,9.33,8,75.00,true
45,4,OldGuardNoBNB,1,-72.92,-8.9593,75.91,8,25.00,false
45,4,OldGuardNoBNB,2,81.00,11.0550,24.99,4,50.00,true
45,4,OldGuardNoBNB,3,187.15,13.1050,36.29,6,66.67,true
45,4,OldGuardNoBNB,4,-51.24,-11.0947,51.24,5,20.00,false
45,4,OldGuardNoBNB,5,-50.06,-21.4912,51.02,6,16.67,false
45,4,LargeCaps5,0,172.52,14.4081,20.02,5,60.00,true
45,4,LargeCaps5,1,3.01,1.6875,26.86,5,60.00,true
45,4,LargeCaps5,2,754.85,11.9795,17.74,5,80.00,true
45,4,LargeCaps5,3,92.22,7.9793,57.58,7,57.14,true
45,4,LargeCaps5,4,126.71,18.4588,12.48,4,50.00,true
45,4,LargeCaps5,5,-26.60,-6.0918,34.77,7,42.86,false
45,4,Legacy3,0,314.95,21.5860,0.00,5,100.00,true
45,4,Legacy3,1,10.88,3.8417,37.84,5,60.00,true
45,4,Legacy3,2,60.43,8.6224,27.42,5,40.00,true
45,4,Legacy3,3,182.76,15.5777,10.77,6,83.33,true
45,4,Legacy3,4,-36.11,-9.4292,37.95,5,20.00,false
45,4,Legacy3,5,-28.66,-4.5456,30.03,5,40.00,false
45,4,LowVolume5,0,45.91,5.3156,38.06,8,62.50,true
45,4,LowVolume5,1,-20.06,-0.2669,37.84,6,50.00,false
45,4,LowVolume5,2,356.37,16.2467,24.28,6,66.67,true
45,4,LowVolume5,3,164.43,15.1605,10.77,6,66.67,true
45,4,LowVolume5,4,-76.42,-7.9112,76.42,8,12.50,false
45,4,LowVolume5,5,-40.57,-5.9301,41.71,6,33.33,false
45,4,OldGuard4,0,303.05,19.3023,2.87,6,83.33,true
45,4,OldGuard4,1,-22.17,-1.2045,37.84,7,42.86,false
45,4,OldGuard4,2,60.43,8.6224,27.42,5,40.00,true
45,4,OldGuard4,3,182.76,15.5777,10.77,6,83.33,true
45,4,OldGuard4,4,-41.86,-9.7089,41.86,6,16.67,false
45,4,OldGuard4,5,-44.22,-17.5214,45.29,5,20.00,false
50,1,Base5,0,21.48,2.2979,63.73,24,54.17,true
50,1,Base5,1,361.29,4.2051,22.40,23,52.17,true
50,1,Base5,2,3.20,1.4903,34.95,27,33.33,true
50,1,Base5,3,245.71,6.7332,40.44,31,51.61,true
50,1,Base5,4,2.81,0.9150,26.21,18,44.44,true
50,1,Base5,5,90.42,4.9723,12.16,23,56.52,true
50,1,NoDOGE,0,37.47,2.7962,63.73,25,56.00,true
50,1,NoDOGE,1,120.48,13.9089,10.27,13,53.85,true
50,1,NoDOGE,2,170.85,6.1047,18.53,23,43.48,true
50,1,NoDOGE,3,326.37,7.6600,40.44,30,56.67,true
50,1,NoDOGE,4,16.44,2.3315,24.33,15,53.33,true
50,1,NoDOGE,5,21.45,2.5236,15.38,19,47.37,true
50,1,Legacy4,0,1.40,0.8342,42.94,27,51.85,true
50,1,Legacy4,1,80.92,6.0224,26.13,20,55.00,true
50,1,Legacy4,2,78.73,4.2748,25.05,22,45.45,true
50,1,Legacy4,3,-41.05,-1.7489,62.57,24,29.17,false
50,1,Legacy4,4,-25.46,-5.1574,32.37,11,27.27,false
50,1,Legacy4,5,-0.42,0.2211,17.33,18,50.00,false
50,1,Legacy5BNB,0,-48.28,-4.6337,59.18,29,37.93,false
50,1,Legacy5BNB,1,95.76,9.1361,16.10,16,68.75,true
50,1,Legacy5BNB,2,81.85,4.4277,25.05,23,47.83,true
50,1,Legacy5BNB,3,30.88,2.7455,52.94,20,50.00,true
50,1,Legacy5BNB,4,3.00,1.2531,20.24,13,46.15,true
50,1,Legacy5BNB,5,-6.10,-0.5084,24.56,19,42.11,false
50,1,OldGuardNoBNB,0,86.80,4.1946,30.26,30,50.00,true
50,1,OldGuardNoBNB,1,45.58,3.1102,36.00,20,55.00,true
50,1,OldGuardNoBNB,2,78.73,4.2748,25.05,22,45.45,true
50,1,OldGuardNoBNB,3,-41.05,-1.7489,62.57,24,29.17,false
50,1,OldGuardNoBNB,4,-25.46,-5.1574,32.37,11,27.27,false
50,1,OldGuardNoBNB,5,26.03,3.6364,9.30,20,55.00,true
50,1,LargeCaps5,0,22.31,2.1684,63.73,30,53.33,true
50,1,LargeCaps5,1,129.96,15.1477,10.27,13,53.85,true
50,1,LargeCaps5,2,115.82,5.1333,33.12,24,37.50,true
50,1,LargeCaps5,3,303.13,8.1634,31.25,25,60.00,true
50,1,LargeCaps5,4,53.45,6.0052,24.33,13,69.23,true
50,1,LargeCaps5,5,8.78,1.3493,15.38,20,40.00,true
50,1,Legacy3,0,35.33,2.3765,30.40,23,56.52,true
50,1,Legacy3,1,38.55,4.8222,25.95,18,61.11,true
50,1,Legacy3,2,166.11,7.6727,15.20,21,52.38,true
50,1,Legacy3,3,214.79,7.5575,14.41,22,54.55,true
50,1,Legacy3,4,-13.81,-2.4154,27.16,12,25.00,false
50,1,Legacy3,5,-6.06,-1.2219,13.86,15,40.00,false
50,1,LowVolume5,0,75.73,4.2874,16.43,22,59.09,true
50,1,LowVolume5,1,34.29,4.4836,22.55,19,57.89,true
50,1,LowVolume5,2,209.82,5.9577,33.72,29,34.48,true
50,1,LowVolume5,3,490.27,9.3579,22.63,27,55.56,true
50,1,LowVolume5,4,-19.79,-1.5786,23.61,17,35.29,false
50,1,LowVolume5,5,-17.79,-2.6121,22.91,23,47.83,false
50,1,OldGuard4,0,80.34,4.6439,32.61,26,57.69,true
50,1,OldGuard4,1,2.90,0.7524,23.61,24,37.50,true
50,1,OldGuard4,2,172.78,7.8014,11.91,22,54.55,true
50,1,OldGuard4,3,214.79,7.5575,14.41,22,54.55,true
50,1,OldGuard4,4,3.09,0.8640,15.92,15,33.33,true
50,1,OldGuard4,5,13.02,2.6879,13.48,18,44.44,true
50,1.5,Base5,0,4.46,1.9182,66.66,22,40.91,true
50,1.5,Base5,1,314.78,3.5212,22.40,20,50.00,true
50,1.5,Base5,2,139.29,4.9736,32.09,20,45.00,true
50,1.5,Base5,3,514.43,9.8552,28.39,23,65.22,true
50,1.5,Base5,4,-15.74,-0.8778,26.43,13,38.46,false
50,1.5,Base5,5,-13.95,-0.2988,41.14,21,38.10,false
50,1.5,NoDOGE,0,18.21,2.3356,66.66,23,43.48,true
50,1.5,NoDOGE,1,110.04,11.7791,16.25,9,44.44,true
50,1.5,NoDOGE,2,271.01,7.9129,26.59,15,46.67,true
50,1.5,NoDOGE,3,657.78,10.8493,28.39,22,72.73,true
50,1.5,NoDOGE,4,-4.27,0.1732,24.57,10,40.00,false
50,1.5,NoDOGE,5,6.14,0.9712,21.95,16,50.00,true
50,1.5,Legacy4,0,28.62,2.3299,36.45,22,50.00,true
50,1.5,Legacy4,1,145.92,9.0886,23.85,13,53.85,true
50,1.5,Legacy4,2,152.94,8.3278,21.74,13,53.85,true
50,1.5,Legacy4,3,-35.88,-1.1989,55.68,18,38.89,false
50,1.5,Legacy4,4,-33.57,-8.6813,33.57,7,14.29,false
50,1.5,Legacy4,5,1.92,0.7627,20.34,15,46.67,true
50,1.5,Legacy5BNB,0,-1.77,0.7183,43.44,21,52.38,false
50,1.5,Legacy5BNB,1,87.13,8.2454,15.80,11,63.64,true
50,1.5,Legacy5BNB,2,90.02,5.3186,25.01,14,50.00,true
50,1.5,Legacy5BNB,3,16.98,2.3286,55.68,16,50.00,true
50,1.5,Legacy5BNB,4,-22.94,-3.7418,27.61,11,36.36,false
50,1.5,Legacy5BNB,5,-28.81,-4.8009,35.64,16,37.50,false
50,1.5,OldGuardNoBNB,0,237.93,8.2715,28.64,25,56.00,true
50,1.5,OldGuardNoBNB,1,3.81,0.9554,34.84,14,50.00,true
50,1.5,OldGuardNoBNB,2,152.94,8.3278,21.74,13,53.85,true
50,1.5,OldGuardNoBNB,3,-35.88,-1.1989,55.68,18,38.89,false
50,1.5,OldGuardNoBNB,4,-33.57,-8.6813,33.57,7,14.29,false
50,1.5,OldGuardNoBNB,5,38.07,4.9554,13.82,17,52.94,true
50,1.5,LargeCaps5,0,-20.87,0.7792,66.66,27,37.04,false
50,1.5,LargeCaps5,1,117.87,12.6540,13.12,9,44.44,true
50,1.5,LargeCaps5,2,164.95,6.0397,26.59,16,43.75,true
50,1.5,LargeCaps5,3,481.84,10.4299,28.58,18,61.11,true
50,1.5,LargeCaps5,4,24.52,2.7300,24.57,11,54.55,true
50,1.5,LargeCaps5,5,1.31,0.5741,21.95,16,43.75,true
50,1.5,Legacy3,0,18.11,1.8298,37.83,19,36.84,true
50,1.5,Legacy3,1,42.80,4.5265,31.26,11,54.55,true
50,1.5,Legacy3,2,140.57,7.7082,24.53,15,53.33,true
50,1.5,Legacy3,3,412.10,13.3753,17.49,14,71.43,true
50,1.5,Legacy3,4,-40.16,-4.9680,44.74,11,18.18,false
50,1.5,Legacy3,5,-14.52,-3.5194,22.72,12,33.33,false
50,1.5,LowVolume5,0,98.12,5.1780,18.56,18,44.44,true
50,1.5,LowVolume5,1,30.99,3.7316,25.35,11,45.45,true
50,1.5,LowVolume5,2,241.98,6.8025,32.39,18,44.44,true
50,1.5,LowVolume5,3,1022.23,16.3336,20.33,18,72.22,true
50,1.5,LowVolume5,4,-40.37,-3.0614,40.61,14,28.57,false
50,1.5,LowVolume5,5,-47.14,-8.9602,47.14,20,25.00,false
50,1.5,OldGuard4,0,232.27,9.1447,33.51,21,66.67,true
50,1.5,OldGuard4,1,95.15,6.4709,33.46,15,53.33,true
50,1.5,OldGuard4,2,140.96,7.5076,22.40,15,53.33,true
50,1.5,OldGuard4,3,412.10,13.3753,17.49,14,71.43,true
50,1.5,OldGuard4,4,-29.92,-2.3495,34.15,14,28.57,false
50,1.5,OldGuard4,5,5.65,1.7370,19.55,15,40.00,true
50,2,Base5,0,-8.82,1.0330,70.58,17,41.18,false
50,2,Base5,1,388.83,4.0499,23.40,14,57.14,true
50,2,Base5,2,37.04,3.0225,32.91,14,42.86,true
50,2,Base5,3,174.21,6.4101,34.09,18,44.44,true
50,2,Base5,4,-18.58,-3.0577,20.40,9,55.56,false
50,2,Base5,5,51.68,3.2955,15.35,13,53.85,true
50,2,NoDOGE,0,3.32,1.5108,70.58,17,41.18,true
50,2,NoDOGE,1,22.64,3.7444,22.44,8,37.50,true
50,2,NoDOGE,2,175.45,7.3145,26.59,10,50.00,true
50,2,NoDOGE,3,238.19,7.3182,32.12,17,52.94,true
50,2,NoDOGE,4,-3.84,-0.5727,15.27,7,57.14,false
50,2,NoDOGE,5,38.25,3.3277,17.85,10,60.00,true
50,2,Legacy4,0,83.53,4.3900,41.00,18,44.44,true
50,2,Legacy4,1,42.06,4.2840,34.15,12,41.67,true
50,2,Legacy4,2,18.21,2.4730,19.75,11,54.55,true
50,2,Legacy4,3,-31.94,-1.7676,40.87,13,38.46,false
50,2,Legacy4,4,-15.39,-3.6885,20.84,6,33.33,false
50,2,Legacy4,5,13.33,2.6610,22.09,11,63.64,true
50,2,Legacy5BNB,0,36.12,2.8525,50.86,17,47.06,true
50,2,Legacy5BNB,1,90.74,11.5683,19.89,8,75.00,true
50,2,Legacy5BNB,2,74.78,4.3806,19.75,12,58.33,true
50,2,Legacy5BNB,3,18.74,2.7470,28.71,11,36.36,true
50,2,Legacy5BNB,4,-15.19,-2.6418,20.65,6,50.00,false
50,2,Legacy5BNB,5,-41.87,-6.0790,45.86,12,33.33,false
50,2,OldGuardNoBNB,0,204.33,6.7692,36.08,20,55.00,true
50,2,OldGuardNoBNB,1,-30.74,-1.5061,54.16,14,42.86,false
50,2,OldGuardNoBNB,2,18.21,2.4730,19.75,11,54.55,true
50,2,OldGuardNoBNB,3,-31.94,-1.7676,40.87,13,38.46,false
50,2,OldGuardNoBNB,4,-15.39,-3.6885,20.84,6,33.33,false
50,2,OldGuardNoBNB,5,54.62,7.3636,8.96,11,72.73,true
50,2,LargeCaps5,0,-9.47,0.9670,70.58,18,33.33,false
50,2,LargeCaps5,1,27.21,4.3348,19.55,8,37.50,true
50,2,LargeCaps5,2,96.48,5.4310,26.59,11,45.45,true
50,2,LargeCaps5,3,161.66,6.6924,36.60,14,35.71,true
50,2,LargeCaps5,4,18.99,4.6924,17.20,8,62.50,true
50,2,LargeCaps5,5,31.96,2.9391,17.85,10,50.00,true
50,2,Legacy3,0,34.21,2.8103,45.98,17,29.41,true
50,2,Legacy3,1,29.56,3.5177,39.48,9,55.56,true
50,2,Legacy3,2,155.89,7.1008,28.21,13,61.54,true
50,2,Legacy3,3,246.35,9.1667,24.98,13,69.23,true
50,2,Legacy3,4,-46.86,-5.4217,50.93,10,20.00,false
50,2,Legacy3,5,-17.54,-3.1429,29.35,10,50.00,false
50,2,LowVolume5,0,160.84,6.0646,21.86,16,43.75,true
50,2,LowVolume5,1,31.45,3.6107,28.77,9,44.44,true
50,2,LowVolume5,2,254.21,7.2503,28.22,16,50.00,true
50,2,LowVolume5,3,500.44,10.1736,40.94,17,58.82,true
50,2,LowVolume5,4,-56.65,-4.3086,60.05,13,30.77,false
50,2,LowVolume5,5,-39.15,-6.2915,40.80,14,35.71,false
50,2,OldGuard4,0,361.94,9.5255,33.58,17,70.59,true
50,2,OldGuard4,1,-5.87,0.4102,41.41,13,38.46,false
50,2,OldGuard4,2,172.02,7.4316,21.66,13,61.54,true
50,2,OldGuard4,3,246.35,9.1667,24.98,13,69.23,true
50,2,OldGuard4,4,-41.72,-3.2431,46.03,12,25.00,false
50,2,OldGuard4,5,0.77,0.8158,20.41,11,54.55,true
50,2.5,Base5,0,135.41,6.4723,30.79,12,50.00,true
50,2.5,Base5,1,441.87,3.9348,22.40,13,53.85,true
50,2.5,Base5,2,22.15,2.2437,30.61,12,41.67,true
50,2.5,Base5,3,76.12,4.6167,36.50,16,43.75,true
50,2.5,Base5,4,-39.08,-9.6088,39.08,8,37.50,false
50,2.5,Base5,5,43.48,2.8427,16.44,11,54.55,true
50,2.5,NoDOGE,0,135.41,6.4723,30.79,12,50.00,true
50,2.5,NoDOGE,1,20.94,3.7727,21.73,8,37.50,true
50,2.5,NoDOGE,2,101.91,5.5382,26.59,10,40.00,true
50,2.5,NoDOGE,3,117.21,5.7490,36.50,15,53.33,true
50,2.5,NoDOGE,4,-24.86,-6.0981,27.06,7,42.86,false
50,2.5,NoDOGE,5,27.50,2.5466,17.85,9,55.56,true
50,2.5,Legacy4,0,192.90,7.1448,21.86,14,50.00,true
50,2.5,Legacy4,1,29.10,4.2107,20.98,10,50.00,true
50,2.5,Legacy4,2,44.49,5.4233,24.86,9,55.56,true
50,2.5,Legacy4,3,-13.66,0.3002,29.77,11,36.36,false
50,2.5,Legacy4,4,-33.54,-14.0347,33.54,6,33.33,false
50,2.5,Legacy4,5,-7.20,0.0895,30.21,8,37.50,false
50,2.5,Legacy5BNB,0,109.60,6.2380,33.49,13,53.85,true
50,2.5,Legacy5BNB,1,46.68,7.0609,29.73,7,57.14,true
50,2.5,Legacy5BNB,2,18.47,2.8362,24.86,9,55.56,true
50,2.5,Legacy5BNB,3,-9.15,0.9933,29.77,10,30.00,false
50,2.5,Legacy5BNB,4,-18.38,-2.2284,24.17,5,40.00,false
50,2.5,Legacy5BNB,5,-17.10,-0.8267,30.20,9,22.22,false
50,2.5,OldGuardNoBNB,0,79.51,4.1407,46.70,21,47.62,true
50,2.5,OldGuardNoBNB,1,-47.93,-3.2593,64.74,13,38.46,false
50,2.5,OldGuardNoBNB,2,44.49,5.4233,24.86,9,55.56,true
50,2.5,OldGuardNoBNB,3,-13.66,0.3002,29.77,11,36.36,false
50,2.5,OldGuardNoBNB,4,-33.54,-14.0347,33.54,6,33.33,false
50,2.5,OldGuardNoBNB,5,19.08,2.4954,16.67,8,50.00,true
50,2.5,LargeCaps5,0,157.00,6.5670,30.79,12,41.67,true
50,2.5,LargeCaps5,1,23.85,4.1282,19.85,8,37.50,true
50,2.5,LargeCaps5,2,85.64,5.1498,30.07,11,36.36,true
50,2.5,LargeCaps5,3,51.95,4.2740,40.69,13,30.77,true
50,2.5,LargeCaps5,4,-16.26,-3.0178,27.96,7,57.14,false
50,2.5,LargeCaps5,5,27.50,2.5466,17.85,9,55.56,true
50,2.5,Legacy3,0,0.11,1.6302,51.73,15,33.33,true
50,2.5,Legacy3,1,41.85,5.2420,30.96,8,50.00,true
50,2.5,Legacy3,2,174.68,6.9975,31.50,12,58.33,true
50,2.5,Legacy3,3,337.63,11.9999,24.98,10,60.00,true
50,2.5,Legacy3,4,-42.14,-6.4663,42.14,8,12.50,false
50,2.5,Legacy3,5,-6.81,0.0740,19.17,6,33.33,false
50,2.5,LowVolume5,0,62.71,3.7749,38.38,15,46.67,true
50,2.5,LowVolume5,1,89.50,7.8753,30.96,9,55.56,true
50,2.5,LowVolume5,2,214.61,6.3077,29.17,14,50.00,true
50,2.5,LowVolume5,3,448.97,11.1010,40.94,14,50.00,true
50,2.5,LowVolume5,4,-59.80,-9.1716,59.80,9,11.11,false
50,2.5,LowVolume5,5,-33.04,-3.8077,36.39,9,22.22,false
50,2.5,OldGuard4,0,235.03,7.3650,40.66,17,58.82,true
50,2.5,OldGuard4,1,-29.14,-2.0428,39.00,12,25.00,false
50,2.5,OldGuard4,2,192.00,7.3053,25.24,12,58.33,true
50,2.5,OldGuard4,3,337.63,11.9999,24.98,10,60.00,true
50,2.5,OldGuard4,4,-47.14,-7.2707,47.14,9,11.11,false
50,2.5,OldGuard4,5,-5.02,0.0508,19.17,7,42.86,false
50,3,Base5,0,0.64,1.3337,40.14,11,36.36,true
50,3,Base5,1,203.55,2.7621,31.65,11,54.55,true
50,3,Base5,2,-11.47,0.5657,30.61,11,36.36,false
50,3,Base5,3,-7.24,2.0211,63.59,13,30.77,false
50,3,Base5,4,-19.76,-0.3970,49.47,7,28.57,false
50,3,Base5,5,7.73,1.2482,29.29,11,54.55,true
50,3,NoDOGE,0,50.65,4.4857,33.98,10,40.00,true
50,3,NoDOGE,1,2.21,1.4057,23.53,7,42.86,true
50,3,NoDOGE,2,387.56,11.0044,16.93,9,55.56,true
50,3,NoDOGE,3,14.41,2.8119,63.59,12,41.67,true
50,3,NoDOGE,4,4.51,3.1039,34.19,6,33.33,true
50,3,NoDOGE,5,-5.30,0.6227,29.29,9,55.56,false
50,3,Legacy4,0,186.00,9.9714,27.91,11,63.64,true
50,3,Legacy4,1,44.85,6.4222,29.16,8,50.00,true
50,3,Legacy4,2,-13.66,-0.4157,31.84,9,55.56,false
50,3,Legacy4,3,27.96,4.1567,27.57,8,25.00,true
50,3,Legacy4,4,-44.65,-17.8539,44.65,6,16.67,false
50,3,Legacy4,5,-11.96,-0.4295,30.21,8,37.50,false
50,3,Legacy5BNB,0,179.43,10.9162,27.91,10,70.00,true
50,3,Legacy5BNB,1,24.78,4.9194,32.54,7,42.86,true
50,3,Legacy5BNB,2,-29.54,-1.5973,36.63,9,44.44,false
50,3,Legacy5BNB,3,22.50,3.6403,27.57,8,25.00,true
50,3,Legacy5BNB,4,-30.77,-5.9518,30.77,5,40.00,false
50,3,Legacy5BNB,5,2.02,1.4496,19.05,8,37.50,true
50,3,OldGuardNoBNB,0,32.40,3.2331,30.77,13,61.54,true
50,3,OldGuardNoBNB,1,-5.61,0.3486,40.93,9,55.56,false
50,3,OldGuardNoBNB,2,-13.66,-0.4157,31.84,9,55.56,false
50,3,OldGuardNoBNB,3,27.96,4.1567,27.57,8,25.00,true
50,3,OldGuardNoBNB,4,-44.65,-17.8539,44.65,6,16.67,false
50,3,OldGuardNoBNB,5,12.97,1.9339,16.67,8,50.00,true
50,3,LargeCaps5,0,142.84,6.6920,33.98,10,40.00,true
50,3,LargeCaps5,1,5.82,1.9754,20.84,7,42.86,true
50,3,LargeCaps5,2,348.28,10.6005,26.92,10,50.00,true
50,3,LargeCaps5,3,-13.00,1.7097,63.59,12,33.33,false
50,3,LargeCaps5,4,12.39,4.2420,29.23,6,50.00,true
50,3,LargeCaps5,5,-5.30,0.6227,29.29,9,55.56,false
50,3,Legacy3,0,33.98,3.6486,33.39,12,50.00,true
50,3,Legacy3,1,7.32,2.1124,38.61,8,50.00,true
50,3,Legacy3,2,43.38,3.4484,30.65,9,44.44,true
50,3,Legacy3,3,295.65,8.9629,31.05,9,55.56,true
50,3,Legacy3,4,-16.46,-2.0507,31.98,5,20.00,false
50,3,Legacy3,5,-11.59,-0.6803,20.40,6,33.33,false
50,3,LowVolume5,0,86.70,6.0332,38.38,12,58.33,true
50,3,LowVolume5,1,43.37,5.3021,38.61,9,55.56,true
50,3,LowVolume5,2,1300.38,15.2515,20.46,10,70.00,true
50,3,LowVolume5,3,325.70,8.4735,46.63,12,41.67,true
50,3,LowVolume5,4,-32.02,-3.3975,32.02,7,28.57,false
50,3,LowVolume5,5,-34.83,-3.8569,34.83,8,25.00,false
50,3,OldGuard4,0,246.80,11.9411,27.91,10,70.00,true
50,3,OldGuard4,1,-49.31,-4.7776,55.80,11,27.27,false
50,3,OldGuard4,2,41.66,3.2504,30.65,9,44.44,true
50,3,OldGuard4,3,295.65,8.9629,31.05,9,55.56,true
50,3,OldGuard4,4,-24.81,-3.7786,31.98,6,16.67,false
50,3,OldGuard4,5,-9.89,-0.5110,20.40,7,42.86,false
50,3.5,Base5,0,82.45,6.4557,46.62,8,50.00,true
50,3.5,Base5,1,152.13,2.4408,35.55,11,54.55,true
50,3.5,Base5,2,801.75,13.4066,17.74,5,80.00,true
50,3.5,Base5,3,285.64,17.4784,10.32,7,71.43,true
50,3.5,Base5,4,46.87,7.0079,41.09,6,33.33,true
50,3.5,Base5,5,-20.99,-0.6321,45.76,10,50.00,false
50,3.5,NoDOGE,0,173.12,8.5446,41.13,7,57.14,true
50,3.5,NoDOGE,1,30.40,6.1162,20.84,6,66.67,true
50,3.5,NoDOGE,2,898.86,12.6316,17.74,5,80.00,true
50,3.5,NoDOGE,3,375.61,21.0944,10.32,6,83.33,true
50,3.5,NoDOGE,4,71.62,9.8553,28.22,5,40.00,true
50,3.5,NoDOGE,5,-19.47,-1.4778,33.43,8,62.50,false
50,3.5,Legacy4,0,198.45,17.4617,0.00,6,100.00,true
50,3.5,Legacy4,1,56.50,7.5828,31.08,7,42.86,true
50,3.5,Legacy4,2,183.61,10.1360,30.65,5,60.00,true
50,3.5,Legacy4,3,108.71,5.5004,28.68,7,57.14,true
50,3.5,Legacy4,4,-50.71,-13.0869,50.71,5,0.00,false
50,3.5,Legacy4,5,-52.92,-7.5098,52.92,7,14.29,false
50,3.5,Legacy5BNB,0,382.77,21.7773,0.00,6,100.00,true
50,3.5,Legacy5BNB,1,18.50,4.2134,33.22,7,42.86,true
50,3.5,Legacy5BNB,2,-5.60,0.2187,35.20,7,57.14,false
50,3.5,Legacy5BNB,3,51.27,4.5539,49.94,7,57.14,true
50,3.5,Legacy5BNB,4,-39.78,-8.3732,39.78,5,40.00,false
50,3.5,Legacy5BNB,5,-22.64,-1.8138,43.59,7,28.57,false
50,3.5,OldGuardNoBNB,0,136.91,8.6166,9.33,9,77.78,true
50,3.5,OldGuardNoBNB,1,-15.63,-0.6225,43.62,8,37.50,false
50,3.5,OldGuardNoBNB,2,183.61,10.1360,30.65,5,60.00,true
50,3.5,OldGuardNoBNB,3,108.71,5.5004,28.68,7,57.14,true
50,3.5,OldGuardNoBNB,4,-50.71,-13.0869,50.71,5,0.00,false
50,3.5,OldGuardNoBNB,5,-34.31,-4.9353,34.31,7,14.29,false
50,3.5,LargeCaps5,0,281.58,8.5304,41.13,8,50.00,true
50,3.5,LargeCaps5,1,23.69,5.0408,24.92,6,66.67,true
50,3.5,LargeCaps5,2,772.61,12.2617,17.74,5,80.00,true
50,3.5,LargeCaps5,3,107.04,8.4829,51.13,7,57.14,true
50,3.5,LargeCaps5,4,71.62,9.8553,28.22,5,40.00,true
50,3.5,LargeCaps5,5,-19.47,-1.4778,33.43,8,62.50,false
50,3.5,Legacy3,0,65.05,5.5432,37.90,7,71.43,true
50,3.5,Legacy3,1,35.54,7.1136,32.31,5,60.00,true
50,3.5,Legacy3,2,99.95,6.8621,30.65,7,42.86,true
50,3.5,Legacy3,3,247.08,15.5837,26.69,7,71.43,true
50,3.5,Legacy3,4,-30.28,-6.7338,37.67,5,20.00,false
50,3.5,Legacy3,5,-24.97,-3.1109,25.90,5,20.00,false
50,3.5,LowVolume5,0,41.16,3.4184,32.93,9,66.67,true
50,3.5,LowVolume5,1,83.45,8.8288,32.31,7,57.14,true
50,3.5,LowVolume5,2,818.22,24.1074,11.37,6,83.33,true
50,3.5,LowVolume5,3,570.38,25.2392,10.32,7,71.43,true
50,3.5,LowVolume5,4,-55.58,-10.8630,55.58,7,14.29,false
50,3.5,LowVolume5,5,-41.41,-5.5265,41.41,7,14.29,false
50,3.5,OldGuard4,0,181.20,14.5182,0.00,7,100.00,true
50,3.5,OldGuard4,1,0.44,1.4127,32.31,7,42.86,true
50,3.5,OldGuard4,2,103.48,6.1121,30.65,7,42.86,true
50,3.5,OldGuard4,3,247.08,15.5837,26.69,7,71.43,true
50,3.5,OldGuard4,4,-35.33,-7.4283,37.67,6,16.67,false
50,3.5,OldGuard4,5,-31.22,-4.3680,31.22,6,16.67,false
50,4,Base5,0,401.07,9.8652,33.17,6,66.67,true
50,4,Base5,1,262.22,9.3721,33.91,8,37.50,true
50,4,Base5,2,513.83,11.7943,25.65,5,60.00,true
50,4,Base5,3,317.70,16.8783,15.71,7,57.14,true
50,4,Base5,4,88.93,11.6085,30.06,5,40.00,true
50,4,Base5,5,-14.76,0.1574,38.21,8,50.00,false
50,4,NoDOGE,0,401.07,9.8652,33.17,6,66.67,true
50,4,NoDOGE,1,18.83,4.5242,16.78,4,75.00,true
50,4,NoDOGE,2,898.86,12.6316,17.74,5,80.00,true
50,4,NoDOGE,3,415.15,20.9101,10.32,6,83.33,true
50,4,NoDOGE,4,143.01,21.7206,6.19,4,50.00,true
50,4,NoDOGE,5,-37.08,-8.3294,44.00,7,42.86,false
50,4,Legacy4,0,333.74,19.2519,0.00,6,100.00,true
50,4,Legacy4,1,-11.76,0.1042,33.43,7,42.86,false
50,4,Legacy4,2,227.48,19.9896,11.82,4,75.00,true
50,4,Legacy4,3,99.80,7.3197,37.03,7,57.14,true
50,4,Legacy4,4,-56.67,-13.8402,56.67,5,0.00,false
50,4,Legacy4,5,-65.07,-10.9025,65.74,7,28.57,false
50,4,Legacy5BNB,0,706.51,30.2625,0.00,5,100.00,true
50,4,Legacy5BNB,1,-35.62,-5.4330,48.95,7,42.86,false
50,4,Legacy5BNB,2,20.03,2.0177,17.96,6,66.67,true
50,4,Legacy5BNB,3,57.04,6.1573,49.94,7,57.14,true
50,4,Legacy5BNB,4,-28.70,-7.1222,38.10,5,40.00,false
50,4,Legacy5BNB,5,-48.14,-5.9244,57.07,7,28.57,false
50,4,OldGuardNoBNB,0,159.12,10.4832,9.33,8,75.00,true
50,4,OldGuardNoBNB,1,-56.43,-6.1405,62.01,8,25.00,false
50,4,OldGuardNoBNB,2,227.48,19.9896,11.82,4,75.00,true
50,4,OldGuardNoBNB,3,99.80,7.3197,37.03,7,57.14,true
50,4,OldGuardNoBNB,4,-56.67,-13.8402,56.67,5,0.00,false
50,4,OldGuardNoBNB,5,-51.26,-8.8670,52.20,7,28.57,false
50,4,LargeCaps5,0,144.73,11.7559,33.17,6,66.67,true
50,4,LargeCaps5,1,4.43,1.9567,26.86,5,60.00,true
50,4,LargeCaps5,2,873.23,12.5195,17.74,5,80.00,true
50,4,LargeCaps5,3,112.41,8.5774,57.36,7,57.14,true
50,4,LargeCaps5,4,143.01,21.7206,6.19,4,50.00,true
50,4,LargeCaps5,5,-37.08,-8.3294,44.00,7,42.86,false
50,4,Legacy3,0,315.09,17.5304,2.63,6,83.33,true
50,4,Legacy3,1,12.42,4.0514,37.84,5,60.00,true
50,4,Legacy3,2,100.94,9.8233,15.42,6,50.00,true
50,4,Legacy3,3,295.85,18.1254,10.32,6,83.33,true
50,4,Legacy3,4,-41.87,-14.5510,41.87,5,20.00,false
50,4,Legacy3,5,-39.24,-5.7487,40.41,5,40.00,false
50,4,LowVolume5,0,11.00,1.9432,38.06,9,55.56,true
50,4,LowVolume5,1,-7.60,1.1672,37.84,6,50.00,false
50,4,LowVolume5,2,695.70,24.3579,15.42,6,83.33,true
50,4,LowVolume5,3,212.46,17.0606,10.32,6,66.67,true
50,4,LowVolume5,4,-66.77,-20.7871,66.77,7,14.29,false
50,4,LowVolume5,5,-49.38,-6.9330,50.36,6,33.33,false
50,4,OldGuard4,0,304.46,14.7643,0.00,7,100.00,true
50,4,OldGuard4,1,-20.63,-0.7212,37.84,7,42.86,false
50,4,OldGuard4,2,-37.32,-2.9937,41.32,7,28.57,false
50,4,OldGuard4,3,295.85,18.1254,10.32,6,83.33,true
50,4,OldGuard4,4,-46.43,-14.6886,46.43,6,16.67,false
50,4,OldGuard4,5,-44.30,-7.3864,45.37,6,33.33,false
60,1,Base5,0,17.25,2.1369,60.90,26,50.00,true
60,1,Base5,1,369.51,4.1831,22.89,23,52.17,true
60,1,Base5,2,-10.51,0.7784,41.09,27,29.63,false
60,1,Base5,3,304.50,6.7176,40.44,31,54.84,true
60,1,Base5,4,1.94,0.8063,21.85,18,44.44,true
60,1,Base5,5,102.53,5.2467,12.16,23,56.52,true
60,1,NoDOGE,0,32.68,2.6446,60.90,27,51.85,true
60,1,NoDOGE,1,121.37,12.7840,14.96,12,50.00,true
60,1,NoDOGE,2,168.24,5.8744,18.53,23,43.48,true
60,1,NoDOGE,3,398.87,7.5444,40.44,30,60.00,true
60,1,NoDOGE,4,15.46,2.3480,19.87,15,53.33,true
60,1,NoDOGE,5,20.75,2.4466,15.87,19,47.37,true
60,1,Legacy4,0,11.08,1.3963,37.89,28,50.00,true
60,1,Legacy4,1,67.80,5.4231,26.13,20,55.00,true
60,1,Legacy4,2,60.42,3.6839,25.05,21,42.86,true
60,1,Legacy4,3,-42.79,-1.8865,63.67,24,29.17,false
60,1,Legacy4,4,-25.46,-5.1574,32.37,11,27.27,false
60,1,Legacy4,5,25.91,3.7249,17.33,17,58.82,true
60,1,Legacy5BNB,0,-43.71,-4.2070,55.57,30,36.67,false
60,1,Legacy5BNB,1,74.58,8.0747,16.10,17,70.59,true
60,1,Legacy5BNB,2,63.23,3.8214,25.05,22,45.45,true
60,1,Legacy5BNB,3,27.03,2.5611,52.94,20,50.00,true
60,1,Legacy5BNB,4,-0.46,0.6898,20.24,12,41.67,false
60,1,Legacy5BNB,5,2.21,0.7228,20.17,18,44.44,true
60,1,OldGuardNoBNB,0,86.80,4.1946,30.26,30,50.00,true
60,1,OldGuardNoBNB,1,51.18,3.3375,36.00,19,57.89,true
60,1,OldGuardNoBNB,2,60.42,3.6839,25.05,21,42.86,true
60,1,OldGuardNoBNB,3,-42.79,-1.8865,63.67,24,29.17,false
60,1,OldGuardNoBNB,4,-25.46,-5.1574,32.37,11,27.27,false
60,1,OldGuardNoBNB,5,59.36,6.3934,9.30,19,63.16,true
60,1,LargeCaps5,0,18.05,2.0201,60.90,32,50.00,true
60,1,LargeCaps5,1,130.88,13.8457,14.96,12,50.00,true
60,1,LargeCaps5,2,115.82,5.1333,33.12,24,37.50,true
60,1,LargeCaps5,3,297.69,7.6772,31.25,25,60.00,true
60,1,LargeCaps5,4,26.47,3.7024,19.87,13,46.15,true
60,1,LargeCaps5,5,8.15,1.2848,15.87,20,40.00,true
60,1,Legacy3,0,35.33,2.3765,30.40,23,56.52,true
60,1,Legacy3,1,29.39,3.8355,30.75,18,50.00,true
60,1,Legacy3,2,138.85,6.9687,16.12,20,50.00,true
60,1,Legacy3,3,182.11,7.0367,16.93,22,54.55,true
60,1,Legacy3,4,-13.81,-2.4154,27.16,12,25.00,false
60,1,Legacy3,5,-3.76,-0.6925,13.86,14,42.86,false
60,1,LowVolume5,0,75.73,4.2874,16.43,22,59.09,true
60,1,LowVolume5,1,35.79,4.5950,21.56,18,50.00,true
60,1,LowVolume5,2,210.65,6.0093,37.15,29,37.93,true
60,1,LowVolume5,3,437.67,8.7133,22.63,27,55.56,true
60,1,LowVolume5,4,-19.79,-1.5786,23.61,17,35.29,false
60,1,LowVolume5,5,-3.07,-0.0091,23.46,22,50.00,false
60,1,OldGuard4,0,80.34,4.6439,32.61,26,57.69,true
60,1,OldGuard4,1,-0.16,0.5634,28.06,24,37.50,false
60,1,OldGuard4,2,144.84,7.0876,12.87,21,52.38,true
60,1,OldGuard4,3,182.11,7.0367,16.93,22,54.55,true
60,1,OldGuard4,4,3.09,0.8640,15.92,15,33.33,true
60,1,OldGuard4,5,15.78,3.3348,13.48,17,47.06,true
60,1.5,Base5,0,-0.49,1.7587,68.24,22,40.91,false
60,1.5,Base5,1,317.39,3.3663,22.40,19,57.89,true
60,1.5,Base5,2,159.10,5.3621,30.61,17,47.06,true
60,1.5,Base5,3,474.91,9.4269,28.39,23,65.22,true
60,1.5,Base5,4,-11.81,-0.5036,26.21,14,35.71,false
60,1.5,Base5,5,35.00,2.1948,14.57,20,50.00,true
60,1.5,NoDOGE,0,12.61,2.1783,68.24,23,43.48,true
60,1.5,NoDOGE,1,155.35,14.5079,16.25,8,62.50,true
60,1.5,NoDOGE,2,359.74,8.8978,26.59,13,46.15,true
60,1.5,NoDOGE,3,609.03,10.3918,28.39,22,72.73,true
60,1.5,NoDOGE,4,0.19,0.6573,24.33,11,36.36,true
60,1.5,NoDOGE,5,13.16,1.5848,17.60,15,53.33,true
60,1.5,Legacy4,0,70.28,3.7765,35.59,21,47.62,true
60,1.5,Legacy4,1,166.87,9.5685,22.35,14,50.00,true
60,1.5,Legacy4,2,122.36,6.9102,26.55,13,46.15,true
60,1.5,Legacy4,3,-52.78,-2.8326,61.55,19,31.58,false
60,1.5,Legacy4,4,-33.57,-8.6813,33.57,7,14.29,false
60,1.5,Legacy4,5,8.29,1.9150,20.34,14,50.00,true
60,1.5,Legacy5BNB,0,30.73,2.8152,42.67,20,50.00,true
60,1.5,Legacy5BNB,1,113.30,9.2250,12.16,11,63.64,true
60,1.5,Legacy5BNB,2,62.52,4.0040,29.62,14,42.86,true
60,1.5,Legacy5BNB,3,-13.86,0.7779,61.55,17,41.18,false
60,1.5,Legacy5BNB,4,-22.94,-3.7418,27.61,11,36.36,false
60,1.5,Legacy5BNB,5,-15.32,-2.4719,23.45,15,40.00,false
60,1.5,OldGuardNoBNB,0,203.24,6.8136,23.71,25,48.00,true
60,1.5,OldGuardNoBNB,1,32.41,2.9844,33.56,15,53.33,true
60,1.5,OldGuardNoBNB,2,122.36,6.9102,26.55,13,46.15,true
60,1.5,OldGuardNoBNB,3,-52.78,-2.8326,61.55,19,31.58,false
60,1.5,OldGuardNoBNB,4,-33.57,-8.6813,33.57,7,14.29,false
60,1.5,OldGuardNoBNB,5,48.66,5.5963,13.82,16,56.25,true
60,1.5,LargeCaps5,0,-22.47,0.7399,68.24,27,40.74,false
60,1.5,LargeCaps5,1,164.87,15.6408,13.12,8,62.50,true
60,1.5,LargeCaps5,2,213.97,6.8007,26.59,14,42.86,true
60,1.5,LargeCaps5,3,425.94,10.0788,28.58,18,61.11,true
60,1.5,LargeCaps5,4,47.62,4.9861,24.33,11,63.64,true
60,1.5,LargeCaps5,5,8.02,1.1729,17.60,15,46.67,true
60,1.5,Legacy3,0,48.26,3.1036,33.97,19,36.84,true
60,1.5,Legacy3,1,82.31,6.8959,21.64,10,60.00,true
60,1.5,Legacy3,2,154.75,7.6328,27.48,15,46.67,true
60,1.5,Legacy3,3,379.15,12.5828,18.37,14,71.43,true
60,1.5,Legacy3,4,-33.68,-3.7781,38.75,10,30.00,false
60,1.5,Legacy3,5,-15.92,-3.8926,23.99,12,33.33,false
60,1.5,LowVolume5,0,148.05,6.2612,18.56,18,44.44,true
60,1.5,LowVolume5,1,67.24,6.0001,14.90,10,50.00,true
60,1.5,LowVolume5,2,247.68,6.6276,30.78,18,44.44,true
60,1.5,LowVolume5,3,869.38,15.2600,23.86,18,72.22,true
60,1.5,LowVolume5,4,-31.48,-2.1225,38.42,13,38.46,false
60,1.5,LowVolume5,5,-38.75,-6.8602,38.75,18,27.78,false
60,1.5,OldGuard4,0,322.65,9.0355,27.14,19,63.16,true
60,1.5,OldGuard4,1,83.90,6.1224,24.14,15,46.67,true
60,1.5,OldGuard4,2,155.17,7.4534,25.44,15,46.67,true
60,1.5,OldGuard4,3,379.15,12.5828,18.37,14,71.43,true
60,1.5,OldGuard4,4,-22.33,-1.4800,34.15,13,38.46,false
60,1.5,OldGuard4,5,5.32,1.6277,20.87,15,40.00,true
60,2,Base5,0,-13.76,0.9137,74.75,18,44.44,false
60,2,Base5,1,333.23,3.7897,28.06,15,53.33,true
60,2,Base5,2,28.63,2.7184,30.96,14,42.86,true
60,2,Base5,3,133.30,5.3356,36.50,19,52.63,true
60,2,Base5,4,-21.36,-3.6553,21.36,9,44.44,false
60,2,Base5,5,51.68,3.2955,15.35,13,53.85,true
60,2,NoDOGE,0,-13.76,0.9137,74.75,18,44.44,false
60,2,NoDOGE,1,22.64,3.7444,22.44,8,37.50,true
60,2,NoDOGE,2,150.89,6.6671,26.59,11,45.45,true
60,2,NoDOGE,3,187.73,6.4111,36.50,18,61.11,true
60,2,NoDOGE,4,-7.12,-1.4640,15.27,7,42.86,false
60,2,NoDOGE,5,38.25,3.3277,17.85,10,60.00,true
60,2,Legacy4,0,96.29,4.7733,41.00,18,50.00,true
60,2,Legacy4,1,17.95,2.6549,34.15,12,41.67,true
60,2,Legacy4,2,59.35,5.2787,21.87,11,54.55,true
60,2,Legacy4,3,-33.51,-2.0886,36.87,14,28.57,false
60,2,Legacy4,4,-15.39,-3.6885,20.84,6,33.33,false
60,2,Legacy4,5,-1.96,0.2439,21.41,11,54.55,false
60,2,Legacy5BNB,0,14.18,1.7090,50.86,18,50.00,true
60,2,Legacy5BNB,1,78.07,10.2416,19.89,7,71.43,true
60,2,Legacy5BNB,2,149.96,6.2124,21.87,12,58.33,true
60,2,Legacy5BNB,3,13.13,2.3551,28.71,11,27.27,true
60,2,Legacy5BNB,4,3.54,1.9584,17.81,5,40.00,true
60,2,Legacy5BNB,5,-41.87,-6.0790,45.86,12,33.33,false
60,2,OldGuardNoBNB,0,204.33,6.7692,36.08,20,55.00,true
60,2,OldGuardNoBNB,1,-41.86,-2.7148,61.52,14,35.71,false
60,2,OldGuardNoBNB,2,59.35,5.2787,21.87,11,54.55,true
60,2,OldGuardNoBNB,3,-33.51,-2.0886,36.87,14,28.57,false
60,2,OldGuardNoBNB,4,-15.39,-3.6885,20.84,6,33.33,false
60,2,OldGuardNoBNB,5,33.76,5.0795,8.96,11,63.64,true
60,2,LargeCaps5,0,-33.57,-0.0323,74.75,19,36.84,false
60,2,LargeCaps5,1,27.21,4.3348,19.55,8,37.50,true
60,2,LargeCaps5,2,78.96,4.8667,29.58,12,41.67,true
60,2,LargeCaps5,3,65.01,4.1402,40.69,15,40.00,true
60,2,LargeCaps5,4,14.93,3.8618,17.20,8,50.00,true
60,2,LargeCaps5,5,31.96,2.9391,17.85,10,50.00,true
60,2,Legacy3,0,34.21,2.8103,45.98,17,29.41,true
60,2,Legacy3,1,29.56,3.5177,39.48,9,55.56,true
60,2,Legacy3,2,151.31,6.8998,28.54,13,53.85,true
60,2,Legacy3,3,233.10,8.8486,24.98,13,53.85,true
60,2,Legacy3,4,-47.48,-5.4854,51.50,10,20.00,false
60,2,Legacy3,5,-28.66,-6.5378,28.74,10,40.00,false
60,2,LowVolume5,0,184.94,6.6210,21.86,16,43.75,true
60,2,LowVolume5,1,31.45,3.6107,28.77,9,44.44,true
60,2,LowVolume5,2,235.37,6.9998,31.11,16,43.75,true
60,2,LowVolume5,3,376.20,9.6561,36.49,16,62.50,true
60,2,LowVolume5,4,-57.16,-4.3535,60.05,13,30.77,false
60,2,LowVolume5,5,-48.89,-10.0810,48.89,14,28.57,false
60,2,OldGuard4,0,361.94,9.5255,33.58,17,70.59,true
60,2,OldGuard4,1,-27.13,-1.6372,41.41,13,30.77,false
60,2,OldGuard4,2,167.16,7.2217,22.02,13,53.85,true
60,2,OldGuard4,3,233.10,8.8486,24.98,13,53.85,true
60,2,OldGuard4,4,-42.40,-3.3011,46.03,12,25.00,false
60,2,OldGuard4,5,-12.83,-1.4031,20.41,11,45.45,false
60,2.5,Base5,0,53.22,3.9754,29.70,14,35.71,true
60,2.5,Base5,1,335.43,3.7038,23.40,12,58.33,true
60,2.5,Base5,2,8.67,1.7191,30.61,12,41.67,true
60,2.5,Base5,3,64.81,4.1411,39.18,16,50.00,true
60,2.5,Base5,4,11.31,3.6313,29.90,7,42.86,true
60,2.5,Base5,5,39.89,2.6946,16.44,12,50.00,true
60,2.5,NoDOGE,0,53.22,3.9754,29.70,14,35.71,true
60,2.5,NoDOGE,1,21.45,3.7763,21.40,8,37.50,true
60,2.5,NoDOGE,2,94.71,5.3351,26.59,10,40.00,true
60,2.5,NoDOGE,3,103.26,5.2556,39.18,15,60.00,true
60,2.5,NoDOGE,4,37.30,7.7126,14.02,6,50.00,true
60,2.5,NoDOGE,5,27.50,2.5466,17.85,9,55.56,true
60,2.5,Legacy4,0,169.39,6.5436,21.86,15,46.67,true
60,2.5,Legacy4,1,32.70,4.6879,20.98,10,50.00,true
60,2.5,Legacy4,2,44.49,5.4233,24.86,9,55.56,true
60,2.5,Legacy4,3,-18.51,-0.4319,28.42,11,36.36,false
60,2.5,Legacy4,4,-37.60,-13.6110,37.60,6,33.33,false
60,2.5,Legacy4,5,1.44,1.0412,30.21,8,50.00,true
60,2.5,Legacy5BNB,0,210.25,12.2299,11.37,12,66.67,true
60,2.5,Legacy5BNB,1,42.21,6.6049,29.73,7,42.86,true
60,2.5,Legacy5BNB,2,112.38,5.0203,25.44,11,54.55,true
60,2.5,Legacy5BNB,3,-5.84,0.9141,28.42,10,30.00,false
60,2.5,Legacy5BNB,4,-11.05,-0.3392,22.28,6,50.00,false
60,2.5,Legacy5BNB,5,-9.78,0.0390,25.89,9,33.33,false
60,2.5,OldGuardNoBNB,0,75.83,4.0075,52.52,22,45.45,true
60,2.5,OldGuardNoBNB,1,-47.93,-3.2593,64.74,13,38.46,false
60,2.5,OldGuardNoBNB,2,44.49,5.4233,24.86,9,55.56,true
60,2.5,OldGuardNoBNB,3,-18.51,-0.4319,28.42,11,36.36,false
60,2.5,OldGuardNoBNB,4,-37.60,-13.6110,37.60,6,33.33,false
60,2.5,OldGuardNoBNB,5,48.03,5.0523,16.67,8,62.50,true
60,2.5,LargeCaps5,0,36.09,3.1951,29.70,13,38.46,true
60,2.5,LargeCaps5,1,20.89,3.7447,21.76,8,37.50,true
60,2.5,LargeCaps5,2,79.02,4.9520,30.07,11,36.36,true
60,2.5,LargeCaps5,3,44.57,3.8840,43.20,13,38.46,true
60,2.5,LargeCaps5,4,55.18,10.1848,13.87,6,66.67,true
60,2.5,LargeCaps5,5,27.50,2.5466,17.85,9,55.56,true
60,2.5,Legacy3,0,-0.20,1.5593,54.65,16,31.25,false
60,2.5,Legacy3,1,44.43,5.8397,30.96,8,50.00,true
60,2.5,Legacy3,2,141.37,6.6373,30.33,12,58.33,true
60,2.5,Legacy3,3,305.26,11.4814,24.98,10,60.00,true
60,2.5,Legacy3,4,-16.46,-2.0507,31.98,5,20.00,false
60,2.5,Legacy3,5,-6.81,0.0740,19.17,6,33.33,false
60,2.5,LowVolume5,0,73.97,4.0291,38.38,15,46.67,true
60,2.5,LowVolume5,1,95.89,8.7707,30.96,9,55.56,true
60,2.5,LowVolume5,2,223.92,6.7957,30.34,15,46.67,true
60,2.5,LowVolume5,3,396.72,10.3784,40.94,14,57.14,true
60,2.5,LowVolume5,4,-26.25,-2.5223,31.98,7,28.57,false
60,2.5,LowVolume5,5,-33.04,-3.8077,36.39,9,22.22,false
60,2.5,OldGuard4,0,226.38,7.2437,40.66,17,58.82,true
60,2.5,OldGuard4,1,-27.17,-1.8674,36.58,12,25.00,false
60,2.5,OldGuard4,2,156.59,6.9610,23.98,12,58.33,true
60,2.5,OldGuard4,3,305.26,11.4814,24.98,10,60.00,true
60,2.5,OldGuard4,4,-23.68,-3.5424,31.98,6,16.67,false
60,2.5,OldGuard4,5,13.88,2.9227,19.17,7,42.86,true
60,3,Base5,0,-6.86,0.8222,44.60,11,36.36,false
60,3,Base5,1,349.05,3.4668,24.42,11,54.55,true
60,3,Base5,2,30.66,3.0698,35.34,10,40.00,true
60,3,Base5,3,58.03,4.5049,43.33,13,30.77,true
60,3,Base5,4,-2.18,1.8410,40.44,7,42.86,false
60,3,Base5,5,27.31,2.0599,16.44,11,54.55,true
60,3,NoDOGE,0,39.43,4.0583,38.90,10,40.00,true
60,3,NoDOGE,1,3.05,1.6199,26.78,7,42.86,true
60,3,NoDOGE,2,78.30,5.1523,26.59,8,50.00,true
60,3,NoDOGE,3,94.90,5.5589,43.33,12,33.33,true
60,3,NoDOGE,4,20.65,4.7410,31.27,6,50.00,true
60,3,NoDOGE,5,11.91,1.8866,19.77,9,55.56,true
60,3,Legacy4,0,220.97,8.6083,22.13,9,66.67,true
60,3,Legacy4,1,-11.84,0.0159,36.74,10,40.00,false
60,3,Legacy4,2,105.46,6.0595,30.65,6,66.67,true
60,3,Legacy4,3,55.92,5.1440,22.87,8,25.00,true
60,3,Legacy4,4,-40.75,-14.5800,40.75,6,33.33,false
60,3,Legacy4,5,-12.75,-0.5120,30.84,8,37.50,false
60,3,Legacy5BNB,0,141.57,11.2707,22.13,9,66.67,true
60,3,Legacy5BNB,1,-22.99,-2.1415,43.89,9,33.33,false
60,3,Legacy5BNB,2,-2.30,0.3556,36.63,8,50.00,false
60,3,Legacy5BNB,3,42.60,4.2574,22.87,8,25.00,true
60,3,Legacy5BNB,4,-30.77,-5.9518,30.77,5,40.00,false
60,3,Legacy5BNB,5,2.55,1.4486,18.63,8,37.50,true
60,3,OldGuardNoBNB,0,63.61,3.8820,25.71,12,58.33,true
60,3,OldGuardNoBNB,1,-4.72,0.7314,42.13,9,44.44,false
60,3,OldGuardNoBNB,2,105.46,6.0595,30.65,6,66.67,true
60,3,OldGuardNoBNB,3,55.92,5.1440,22.87,8,25.00,true
60,3,OldGuardNoBNB,4,-40.75,-14.5800,40.75,6,33.33,false
60,3,OldGuardNoBNB,5,11.96,1.8388,17.41,8,50.00,true
60,3,LargeCaps5,0,86.55,5.4969,38.90,11,36.36,true
60,3,LargeCaps5,1,4.71,1.8658,25.61,7,42.86,true
60,3,LargeCaps5,2,217.97,8.4605,26.59,9,55.56,true
60,3,LargeCaps5,3,5.74,2.3079,47.69,13,30.77,true
60,3,LargeCaps5,4,29.74,5.8201,26.09,6,66.67,true
60,3,LargeCaps5,5,11.91,1.8866,19.77,9,55.56,true
60,3,Legacy3,0,31.06,2.9809,33.39,11,45.45,true
60,3,Legacy3,1,13.98,3.0975,40.27,7,57.14,true
60,3,Legacy3,2,49.50,3.6290,30.65,9,44.44,true
60,3,Legacy3,3,344.07,8.6662,31.05,9,55.56,true
60,3,Legacy3,4,-16.46,-2.0507,31.98,5,20.00,false
60,3,Legacy3,5,-12.38,-0.7959,20.40,6,33.33,false
60,3,LowVolume5,0,82.63,4.7365,38.38,11,54.55,true
60,3,LowVolume5,1,47.57,5.5189,40.27,9,55.56,true
60,3,LowVolume5,2,201.33,7.2217,26.59,13,53.85,true
60,3,LowVolume5,3,786.54,11.1204,25.11,11,54.55,true
60,3,LowVolume5,4,-32.02,-3.3975,32.02,7,28.57,false
60,3,LowVolume5,5,-35.41,-3.9335,35.41,8,25.00,false
60,3,OldGuard4,0,217.32,7.6897,35.14,10,70.00,true
60,3,OldGuard4,1,-41.48,-3.4656,48.97,11,27.27,false
60,3,OldGuard4,2,61.33,4.1141,30.65,9,44.44,true
60,3,OldGuard4,3,344.07,8.6662,31.05,9,55.56,true
60,3,OldGuard4,4,-24.81,-3.7786,31.98,6,16.67,false
60,3,OldGuard4,5,-10.70,-0.5971,20.40,7,42.86,false
60,3.5,Base5,0,-4.99,1.0348,49.62,10,40.00,false
60,3.5,Base5,1,320.04,9.9998,35.55,10,50.00,true
60,3.5,Base5,2,818.35,13.5328,17.74,5,80.00,true
60,3.5,Base5,3,61.44,4.0760,36.25,9,44.44,true
60,3.5,Base5,4,46.87,7.0079,41.09,6,33.33,true
60,3.5,Base5,5,-9.37,0.7034,45.76,9,44.44,false
60,3.5,NoDOGE,0,42.23,4.2169,44.44,9,44.44,true
60,3.5,NoDOGE,1,27.44,5.9043,20.84,5,60.00,true
60,3.5,NoDOGE,2,898.86,12.6316,17.74,5,80.00,true
60,3.5,NoDOGE,3,99.10,5.1797,36.25,8,50.00,true
60,3.5,NoDOGE,4,71.62,9.8553,28.22,5,40.00,true
60,3.5,NoDOGE,5,-19.55,-1.5801,31.13,8,62.50,false
60,3.5,Legacy4,0,202.47,17.2752,0.00,6,100.00,true
60,3.5,Legacy4,1,-1.00,1.8420,33.43,7,42.86,false
60,3.5,Legacy4,2,183.61,10.1360,30.65,5,60.00,true
60,3.5,Legacy4,3,102.27,9.7235,23.59,6,50.00,true
60,3.5,Legacy4,4,-54.63,-14.4987,54.63,5,0.00,false
60,3.5,Legacy4,5,-55.43,-8.1227,55.43,8,12.50,false
60,3.5,Legacy5BNB,0,394.29,21.1382,0.00,6,100.00,true
60,3.5,Legacy5BNB,1,-27.77,-3.5511,42.72,7,42.86,false
60,3.5,Legacy5BNB,2,-5.60,0.2187,35.20,7,57.14,false
60,3.5,Legacy5BNB,3,86.72,8.4285,23.43,6,50.00,true
60,3.5,Legacy5BNB,4,-39.78,-8.3732,39.78,5,40.00,false
60,3.5,Legacy5BNB,5,-25.14,-2.1938,43.59,7,28.57,false
60,3.5,OldGuardNoBNB,0,140.11,8.5687,9.33,9,77.78,true
60,3.5,OldGuardNoBNB,1,-11.79,-0.1092,44.71,8,50.00,false
60,3.5,OldGuardNoBNB,2,183.61,10.1360,30.65,5,60.00,true
60,3.5,OldGuardNoBNB,3,102.27,9.7235,23.59,6,50.00,true
60,3.5,OldGuardNoBNB,4,-54.63,-14.4987,54.63,5,0.00,false
60,3.5,OldGuardNoBNB,5,-30.87,-3.9347,32.35,8,25.00,false
60,3.5,LargeCaps5,0,98.71,5.4782,44.44,10,40.00,true
60,3.5,LargeCaps5,1,20.88,4.8306,24.92,5,60.00,true
60,3.5,LargeCaps5,2,1151.22,13.5109,17.74,6,83.33,true
60,3.5,LargeCaps5,3,15.06,2.3484,36.25,9,44.44,true
60,3.5,LargeCaps5,4,71.62,9.8553,28.22,5,40.00,true
60,3.5,LargeCaps5,5,-19.55,-1.5801,31.13,8,62.50,false
60,3.5,Legacy3,0,67.53,5.7314,37.81,7,71.43,true
60,3.5,Legacy3,1,34.38,6.5840,34.62,5,60.00,true
60,3.5,Legacy3,2,83.74,6.2843,30.65,8,37.50,true
60,3.5,Legacy3,3,372.95,9.1634,23.59,8,62.50,true
60,3.5,Legacy3,4,-35.83,-8.1485,37.67,5,20.00,false
60,3.5,Legacy3,5,-24.26,-3.1881,25.90,5,20.00,false
60,3.5,LowVolume5,0,41.16,3.4184,32.93,9,66.67,true
60,3.5,LowVolume5,1,18.65,4.3535,34.62,6,50.00,true
60,3.5,LowVolume5,2,808.61,23.7573,12.29,6,83.33,true
60,3.5,LowVolume5,3,438.84,9.3432,31.23,9,44.44,true
60,3.5,LowVolume5,4,-61.63,-12.2382,61.63,7,14.29,false
60,3.5,LowVolume5,5,-49.03,-7.0162,49.03,8,12.50,false
60,3.5,OldGuard4,0,184.99,13.8947,0.00,7,100.00,true
60,3.5,OldGuard4,1,-6.34,0.8785,34.62,7,42.86,false
60,3.5,OldGuard4,2,92.64,4.0084,30.65,10,50.00,true
60,3.5,OldGuard4,3,372.95,9.1634,23.59,8,62.50,true
60,3.5,OldGuard4,4,-40.48,-8.6382,40.48,6,16.67,false
60,3.5,OldGuard4,5,-22.80,-2.7236,25.90,6,33.33,false
60,4,Base5,0,242.48,9.1701,33.17,6,50.00,true
60,4,Base5,1,262.22,9.3721,33.91,8,37.50,true
60,4,Base5,2,497.89,11.6074,25.65,5,60.00,true
60,4,Base5,3,376.39,19.4225,10.77,7,71.43,true
60,4,Base5,4,32.79,5.7553,46.74,6,33.33,true
60,4,Base5,5,-6.68,0.6962,35.43,8,37.50,false
60,4,NoDOGE,0,242.48,9.1701,33.17,6,50.00,true
60,4,NoDOGE,1,24.33,5.4595,16.78,4,75.00,true
60,4,NoDOGE,2,872.91,12.4412,19.87,5,80.00,true
60,4,NoDOGE,3,487.53,23.2904,10.77,6,83.33,true
60,4,NoDOGE,4,55.16,8.0213,35.10,5,40.00,true
60,4,NoDOGE,5,-19.92,-3.3118,34.22,7,42.86,false
60,4,Legacy4,0,260.47,14.2120,0.00,7,100.00,true
60,4,Legacy4,1,-9.01,1.0532,38.70,6,33.33,false
60,4,Legacy4,2,183.61,10.1360,30.65,5,60.00,true
60,4,Legacy4,3,125.18,5.6407,36.29,7,57.14,true
60,4,Legacy4,4,-56.89,-13.7892,56.89,5,0.00,false
60,4,Legacy4,5,-56.15,-9.5273,56.99,7,28.57,false
60,4,Legacy5BNB,0,422.04,19.5640,0.00,6,100.00,true
60,4,Legacy5BNB,1,-27.92,-3.8561,40.74,6,33.33,false
60,4,Legacy5BNB,2,-5.60,0.2187,35.20,7,57.14,false
60,4,Legacy5BNB,3,120.47,5.3251,28.68,6,66.67,true
60,4,Legacy5BNB,4,-35.43,-9.4647,43.95,5,40.00,false
60,4,Legacy5BNB,5,-32.24,-3.9641,45.22,7,28.57,false
60,4,OldGuardNoBNB,0,135.46,10.0878,9.01,8,75.00,true
60,4,OldGuardNoBNB,1,-57.11,-13.8481,58.38,8,25.00,false
60,4,OldGuardNoBNB,2,183.61,10.1360,30.65,5,60.00,true
60,4,OldGuardNoBNB,3,125.18,5.6407,36.29,7,57.14,true
60,4,OldGuardNoBNB,4,-56.89,-13.7892,56.89,5,0.00,false
60,4,OldGuardNoBNB,5,-38.82,-7.4154,39.99,7,28.57,false
60,4,LargeCaps5,0,42.38,6.1100,33.17,7,42.86,true
60,4,LargeCaps5,1,9.26,2.8236,26.86,5,60.00,true
60,4,LargeCaps5,2,847.95,12.3313,19.87,5,80.00,true
60,4,LargeCaps5,3,201.76,13.9204,12.90,6,66.67,true
60,4,LargeCaps5,4,55.16,8.0213,35.10,5,40.00,true
60,4,LargeCaps5,5,-19.92,-3.3118,34.22,7,42.86,false
60,4,Legacy3,0,66.91,5.1810,40.96,8,75.00,true
60,4,Legacy3,1,28.78,5.8491,38.25,5,60.00,true
60,4,Legacy3,2,73.98,5.8770,30.65,7,42.86,true
60,4,Legacy3,3,222.76,15.1202,10.77,6,83.33,true
60,4,Legacy3,4,-42.56,-15.9019,42.56,5,20.00,false
60,4,Legacy3,5,-28.66,-4.5456,30.03,5,40.00,false
60,4,LowVolume5,0,20.47,2.5173,36.23,9,66.67,true
60,4,LowVolume5,1,8.38,3.2714,38.25,6,50.00,true
60,4,LowVolume5,2,776.23,22.8382,15.42,6,83.33,true
60,4,LowVolume5,3,190.73,15.6942,10.77,6,66.67,true
60,4,LowVolume5,4,-78.80,-8.7163,78.80,8,12.50,false
60,4,LowVolume5,5,-40.57,-5.9301,41.71,6,33.33,false
60,4,OldGuard4,0,291.86,14.7835,0.00,7,100.00,true
60,4,OldGuard4,1,-20.66,-0.7506,38.25,6,33.33,false
60,4,OldGuard4,2,35.86,2.2658,30.65,9,33.33,true
60,4,OldGuard4,3,222.76,15.1202,10.77,6,83.33,true
60,4,OldGuard4,4,-47.07,-15.8712,47.07,6,16.67,false
60,4,OldGuard4,5,-34.60,-6.3809,35.86,6,33.33,false
75,1,Base5,0,55.38,3.6753,61.07,24,50.00,true
75,1,Base5,1,344.47,4.3045,22.40,24,54.17,true
75,1,Base5,2,-17.30,0.0675,37.48,27,33.33,false
75,1,Base5,3,269.54,6.8542,40.51,31,51.61,true
75,1,Base5,4,-5.33,0.0756,21.85,16,37.50,false
75,1,Base5,5,54.35,3.2934,18.37,23,52.17,true
75,1,NoDOGE,0,75.83,4.1078,61.07,25,52.00,true
75,1,NoDOGE,1,98.03,9.3888,17.20,15,40.00,true
75,1,NoDOGE,2,152.28,6.0591,18.53,22,45.45,true
75,1,NoDOGE,3,355.75,7.7416,40.51,30,56.67,true
75,1,NoDOGE,4,11.05,1.9618,19.87,13,46.15,true
75,1,NoDOGE,5,34.05,3.5636,16.79,18,50.00,true
75,1,Legacy4,0,15.29,1.6382,37.89,29,51.72,true
75,1,Legacy4,1,52.36,4.0950,26.13,23,47.83,true
75,1,Legacy4,2,65.45,3.8629,25.05,21,47.62,true
75,1,Legacy4,3,-28.50,-0.4329,58.75,23,34.78,false
75,1,Legacy4,4,-26.55,-5.0617,35.27,10,20.00,false
75,1,Legacy4,5,18.30,2.7367,22.32,17,58.82,true
75,1,Legacy5BNB,0,-42.60,-4.0598,55.57,30,36.67,false
75,1,Legacy5BNB,1,53.70,5.4316,21.57,18,61.11,true
75,1,Legacy5BNB,2,54.55,3.4662,25.91,22,45.45,true
75,1,Legacy5BNB,3,26.88,2.6120,54.78,21,52.38,true
75,1,Legacy5BNB,4,3.26,1.2354,17.26,12,41.67,true
75,1,Legacy5BNB,5,13.25,2.1772,20.17,17,47.06,true
75,1,OldGuardNoBNB,0,39.24,2.6311,35.94,33,48.48,true
75,1,OldGuardNoBNB,1,37.97,2.7748,39.00,21,52.38,true
75,1,OldGuardNoBNB,2,65.45,3.8629,25.05,21,47.62,true
75,1,OldGuardNoBNB,3,-28.50,-0.4329,58.75,23,34.78,false
75,1,OldGuardNoBNB,4,-26.55,-5.0617,35.27,10,20.00,false
75,1,OldGuardNoBNB,5,33.13,4.0087,13.06,20,60.00,true
75,1,LargeCaps5,0,41.98,3.1011,61.07,31,45.16,true
75,1,LargeCaps5,1,89.53,8.6719,17.20,15,40.00,true
75,1,LargeCaps5,2,101.02,5.0282,29.71,23,39.13,true
75,1,LargeCaps5,3,317.24,8.1850,33.94,26,61.54,true
75,1,LargeCaps5,4,28.11,3.8972,19.87,13,46.15,true
75,1,LargeCaps5,5,20.06,2.3494,16.79,19,42.11,true
75,1,Legacy3,0,32.56,2.2646,30.40,23,52.17,true
75,1,Legacy3,1,30.80,3.6130,28.10,19,47.37,true
75,1,Legacy3,2,143.02,7.0644,18.12,19,52.63,true
75,1,Legacy3,3,247.71,9.1901,16.93,20,60.00,true
75,1,Legacy3,4,-18.32,-3.2664,30.97,12,25.00,false
75,1,Legacy3,5,-9.57,-2.1356,19.06,14,42.86,false
75,1,LowVolume5,0,27.45,2.1361,16.43,23,56.52,true
75,1,LowVolume5,1,32.22,3.8437,21.56,19,47.37,true
75,1,LowVolume5,2,166.69,5.2346,38.64,30,43.33,true
75,1,LowVolume5,3,618.21,10.5395,22.52,23,60.87,true
75,1,LowVolume5,4,-25.87,-2.2017,25.87,17,29.41,false
75,1,LowVolume5,5,-9.39,-0.9239,28.08,22,50.00,false
75,1,OldGuard4,0,35.68,2.7436,34.13,28,50.00,true
75,1,OldGuard4,1,0.93,0.6514,25.31,25,36.00,true
75,1,OldGuard4,2,149.12,7.1759,14.94,20,55.00,true
75,1,OldGuard4,3,247.71,9.1901,16.93,20,60.00,true
75,1,OldGuard4,4,-2.31,0.2307,20.33,15,33.33,false
75,1,OldGuard4,5,-12.87,-2.4822,21.07,18,44.44,false
75,1.5,Base5,0,7.38,1.9990,70.96,22,50.00,true
75,1.5,Base5,1,361.72,4.2115,28.06,18,44.44,true
75,1.5,Base5,2,135.33,5.0048,30.61,17,47.06,true
75,1.5,Base5,3,522.16,9.3969,28.39,23,65.22,true
75,1.5,Base5,4,-21.64,-1.2869,34.07,14,35.71,false
75,1.5,Base5,5,68.52,3.3016,14.23,20,60.00,true
75,1.5,NoDOGE,0,21.51,2.3989,70.96,23,52.17,true
75,1.5,NoDOGE,1,158.23,15.0659,9.23,8,62.50,true
75,1.5,NoDOGE,2,297.04,8.3969,26.59,14,42.86,true
75,1.5,NoDOGE,3,667.32,10.2948,28.39,22,72.73,true
75,1.5,NoDOGE,4,0.19,0.6573,24.33,11,36.36,true
75,1.5,NoDOGE,5,13.16,1.5848,17.60,15,53.33,true
75,1.5,Legacy4,0,96.41,4.4766,36.45,21,57.14,true
75,1.5,Legacy4,1,170.92,10.0487,18.09,14,42.86,true
75,1.5,Legacy4,2,157.12,7.8530,16.21,12,58.33,true
75,1.5,Legacy4,3,-29.58,-0.5023,55.68,19,42.11,false
75,1.5,Legacy4,4,-33.57,-8.6813,33.57,7,14.29,false
75,1.5,Legacy4,5,2.42,0.9176,30.98,14,50.00,true
75,1.5,Legacy5BNB,0,17.09,2.1430,44.66,21,42.86,true
75,1.5,Legacy5BNB,1,105.26,8.9255,15.36,11,54.55,true
75,1.5,Legacy5BNB,2,96.12,5.1992,16.21,12,58.33,true
75,1.5,Legacy5BNB,3,28.47,2.8630,55.68,17,52.94,true
75,1.5,Legacy5BNB,4,-23.17,-4.1826,27.61,11,36.36,false
75,1.5,Legacy5BNB,5,-20.74,-3.1162,26.53,13,46.15,false
75,1.5,OldGuardNoBNB,0,226.27,6.3750,28.64,25,52.00,true
75,1.5,OldGuardNoBNB,1,27.42,2.6254,33.56,15,46.67,true
75,1.5,OldGuardNoBNB,2,157.12,7.8530,16.21,12,58.33,true
75,1.5,OldGuardNoBNB,3,-29.58,-0.5023,55.68,19,42.11,false
75,1.5,OldGuardNoBNB,4,-33.57,-8.6813,33.57,7,14.29,false
75,1.5,OldGuardNoBNB,5,47.75,5.3977,21.54,15,60.00,true
75,1.5,LargeCaps5,0,-15.96,1.0485,70.96,27,44.44,false
75,1.5,LargeCaps5,1,147.15,13.7747,13.12,8,62.50,true
75,1.5,LargeCaps5,2,187.24,6.9278,27.15,15,40.00,true
75,1.5,LargeCaps5,3,469.17,10.1057,28.58,18,61.11,true
75,1.5,LargeCaps5,4,47.62,4.9861,24.33,11,63.64,true
75,1.5,LargeCaps5,5,8.02,1.1729,17.60,15,46.67,true
75,1.5,Legacy3,0,40.54,2.6707,37.83,19,36.84,true
75,1.5,Legacy3,1,92.53,8.1695,17.33,10,60.00,true
75,1.5,Legacy3,2,190.32,8.3480,17.27,14,57.14,true
75,1.5,Legacy3,3,346.00,11.6954,18.37,15,66.67,true
75,1.5,Legacy3,4,-33.68,-3.7781,38.75,10,30.00,false
75,1.5,Legacy3,5,-16.44,-3.5750,28.47,11,36.36,false
75,1.5,LowVolume5,0,127.74,5.7347,16.43,18,38.89,true
75,1.5,LowVolume5,1,76.62,6.9834,10.23,10,50.00,true
75,1.5,LowVolume5,2,199.55,5.9601,31.79,20,40.00,true
75,1.5,LowVolume5,3,949.07,14.7178,23.86,18,72.22,true
75,1.5,LowVolume5,4,-40.90,-2.7895,45.54,13,38.46,false
75,1.5,LowVolume5,5,-38.91,-6.7490,39.81,17,23.53,false
75,1.5,OldGuard4,0,322.38,8.8605,28.31,19,63.16,true
75,1.5,OldGuard4,1,93.96,7.0481,19.97,14,42.86,true
75,1.5,OldGuard4,2,190.79,8.1589,15.21,14,57.14,true
75,1.5,OldGuard4,3,346.00,11.6954,18.37,15,66.67,true
75,1.5,OldGuard4,4,-22.33,-1.4800,34.15,13,38.46,false
75,1.5,OldGuard4,5,4.67,1.5681,19.28,14,42.86,true
75,2,Base5,0,-10.93,1.0287,73.78,19,42.11,false
75,2,Base5,1,303.28,3.6157,28.06,16,50.00,true
75,2,Base5,2,77.31,3.7581,30.61,14,57.14,true
75,2,Base5,3,14.95,1.7687,34.09,22,45.45,true
75,2,Base5,4,-18.26,-2.4845,18.26,9,44.44,false
75,2,Base5,5,51.68,3.2955,15.35,13,53.85,true
75,2,NoDOGE,0,-10.93,1.0287,73.78,19,42.11,false
75,2,NoDOGE,1,22.64,3.7444,22.44,8,37.50,true
75,2,NoDOGE,2,156.60,6.5981,26.59,11,45.45,true
75,2,NoDOGE,3,41.77,2.7714,33.01,21,52.38,true
75,2,NoDOGE,4,-3.31,-0.3946,11.79,7,42.86,false
75,2,NoDOGE,5,38.25,3.3277,17.85,10,60.00,true
75,2,Legacy4,0,128.54,5.9236,36.45,19,47.37,true
75,2,Legacy4,1,17.95,2.6549,34.15,12,41.67,true
75,2,Legacy4,2,64.69,5.7423,19.25,10,60.00,true
75,2,Legacy4,3,7.58,1.8280,24.98,12,41.67,true
75,2,Legacy4,4,-20.74,-5.6341,20.84,6,33.33,false
75,2,Legacy4,5,-10.07,-1.1810,29.05,11,45.45,false
75,2,Legacy5BNB,0,33.10,2.7213,43.44,18,50.00,true
75,2,Legacy5BNB,1,46.68,7.0609,29.73,7,57.14,true
75,2,Legacy5BNB,2,158.34,6.4117,19.25,11,63.64,true
75,2,Legacy5BNB,3,27.45,3.1441,24.80,11,36.36,true
75,2,Legacy5BNB,4,1.94,1.8538,17.81,6,50.00,true
75,2,Legacy5BNB,5,-44.26,-6.7126,46.85,12,25.00,false
75,2,OldGuardNoBNB,0,218.51,7.5035,26.43,21,57.14,true
75,2,OldGuardNoBNB,1,-56.83,-4.5454,71.43,14,28.57,false
75,2,OldGuardNoBNB,2,64.69,5.7423,19.25,10,60.00,true
75,2,OldGuardNoBNB,3,7.58,1.8280,24.98,12,41.67,true
75,2,OldGuardNoBNB,4,-20.74,-5.6341,20.84,6,33.33,false
75,2,OldGuardNoBNB,5,32.26,4.3037,16.67,11,54.55,true
75,2,LargeCaps5,0,-30.51,0.1064,73.78,20,35.00,false
75,2,LargeCaps5,1,27.21,4.3348,19.55,8,37.50,true
75,2,LargeCaps5,2,83.03,4.8475,27.98,12,41.67,true
75,2,LargeCaps5,3,37.40,3.0818,33.19,17,41.18,true
75,2,LargeCaps5,4,19.65,3.6252,13.80,8,50.00,true
75,2,LargeCaps5,5,31.96,2.9391,17.85,10,50.00,true
75,2,Legacy3,0,35.16,3.1787,37.83,16,37.50,true
75,2,Legacy3,1,29.56,3.5177,39.48,9,55.56,true
75,2,Legacy3,2,159.86,7.1357,26.11,12,58.33,true
75,2,Legacy3,3,275.90,9.8131,24.98,12,50.00,true
75,2,Legacy3,4,-52.03,-5.8418,52.03,9,11.11,false
75,2,Legacy3,5,-34.56,-8.5548,34.63,10,30.00,false
75,2,LowVolume5,0,124.93,5.9682,28.16,15,40.00,true
75,2,LowVolume5,1,104.42,7.8380,28.77,9,55.56,true
75,2,LowVolume5,2,248.47,6.7634,33.77,16,43.75,true
75,2,LowVolume5,3,311.97,8.9013,40.94,16,56.25,true
75,2,LowVolume5,4,-57.51,-4.3103,60.05,11,18.18,false
75,2,LowVolume5,5,-53.11,-11.8620,53.11,14,21.43,false
75,2,OldGuard4,0,359.80,10.6357,23.56,17,70.59,true
75,2,OldGuard4,1,-32.53,-2.1376,43.01,13,30.77,false
75,2,OldGuard4,2,176.25,7.4635,19.37,12,58.33,true
75,2,OldGuard4,3,275.90,9.8131,24.98,12,50.00,true
75,2,OldGuard4,4,-47.39,-3.6509,50.54,11,18.18,false
75,2,OldGuard4,5,-15.28,-1.1349,20.52,12,33.33,false
75,2.5,Base5,0,14.21,1.7159,56.06,15,33.33,true
75,2.5,Base5,1,496.75,4.4285,22.40,13,61.54,true
75,2.5,Base5,2,0.07,1.3280,30.61,12,33.33,true
75,2.5,Base5,3,43.51,3.5282,36.50,17,41.18,true
75,2.5,Base5,4,11.31,3.6313,29.90,7,42.86,true
75,2.5,Base5,5,39.89,2.6946,16.44,12,50.00,true
75,2.5,NoDOGE,0,14.21,1.7159,56.06,15,33.33,true
75,2.5,NoDOGE,1,19.84,3.5193,22.44,8,37.50,true
75,2.5,NoDOGE,2,45.83,3.5844,26.59,11,36.36,true
75,2.5,NoDOGE,3,76.99,4.5493,36.50,16,50.00,true
75,2.5,NoDOGE,4,37.30,7.7126,14.02,6,50.00,true
75,2.5,NoDOGE,5,27.50,2.5466,17.85,9,55.56,true
75,2.5,Legacy4,0,139.94,5.9647,21.86,13,46.15,true
75,2.5,Legacy4,1,58.78,6.0587,36.23,10,40.00,true
75,2.5,Legacy4,2,180.34,11.4503,19.69,8,75.00,true
75,2.5,Legacy4,3,-2.09,0.9483,24.98,11,45.45,false
75,2.5,Legacy4,4,-37.60,-13.6110,37.60,6,33.33,false
75,2.5,Legacy4,5,6.57,1.6653,30.21,8,50.00,true
75,2.5,Legacy5BNB,0,197.99,13.2775,12.93,10,70.00,true
75,2.5,Legacy5BNB,1,42.21,6.6049,29.73,7,42.86,true
75,2.5,Legacy5BNB,2,212.13,12.9935,10.99,7,85.71,true
75,2.5,Legacy5BNB,3,24.45,2.9272,22.87,10,40.00,true
75,2.5,Legacy5BNB,4,-23.36,-3.0043,28.79,5,40.00,false
75,2.5,Legacy5BNB,5,-6.02,0.4934,26.51,9,33.33,false
75,2.5,OldGuardNoBNB,0,142.46,5.3750,40.22,18,55.56,true
75,2.5,OldGuardNoBNB,1,-47.93,-3.2593,64.74,13,38.46,false
75,2.5,OldGuardNoBNB,2,180.34,11.4503,19.69,8,75.00,true
75,2.5,OldGuardNoBNB,3,-2.09,0.9483,24.98,11,45.45,false
75,2.5,OldGuardNoBNB,4,-37.60,-13.6110,37.60,6,33.33,false
75,2.5,OldGuardNoBNB,5,55.52,6.0158,16.67,8,62.50,true
75,2.5,LargeCaps5,0,5.86,1.2922,56.06,15,33.33,true
75,2.5,LargeCaps5,1,20.89,3.7447,21.76,8,37.50,true
75,2.5,LargeCaps5,2,34.08,3.2573,30.74,12,33.33,true
75,2.5,LargeCaps5,3,38.49,3.7672,40.69,14,28.57,true
75,2.5,LargeCaps5,4,55.18,10.1848,13.87,6,66.67,true
75,2.5,LargeCaps5,5,27.50,2.5466,17.85,9,55.56,true
75,2.5,Legacy3,0,-5.40,1.1535,51.34,14,28.57,false
75,2.5,Legacy3,1,22.61,2.9981,41.39,9,44.44,true
75,2.5,Legacy3,2,220.41,11.1196,25.54,10,60.00,true
75,2.5,Legacy3,3,305.26,11.4814,24.98,10,60.00,true
75,2.5,Legacy3,4,-16.46,-2.0507,31.98,5,20.00,false
75,2.5,Legacy3,5,-4.15,0.4909,19.17,6,33.33,false
75,2.5,LowVolume5,0,84.12,4.3340,28.16,13,46.15,true
75,2.5,LowVolume5,1,95.72,7.4815,31.02,9,55.56,true
75,2.5,LowVolume5,2,272.89,7.7721,26.59,14,50.00,true
75,2.5,LowVolume5,3,284.41,8.6873,40.94,15,46.67,true
75,2.5,LowVolume5,4,-26.25,-2.5223,31.98,7,28.57,false
75,2.5,LowVolume5,5,-39.13,-4.6253,39.13,9,22.22,false
75,2.5,OldGuard4,0,280.81,7.9391,35.73,15,66.67,true
75,2.5,OldGuard4,1,-37.11,-2.6512,45.43,13,30.77,false
75,2.5,OldGuard4,2,240.61,11.6862,18.75,10,60.00,true
75,2.5,OldGuard4,3,305.26,11.4814,24.98,10,60.00,true
75,2.5,OldGuard4,4,-23.68,-3.5424,31.98,6,16.67,false
75,2.5,OldGuard4,5,17.13,3.3216,19.17,7,42.86,true
75,3,Base5,0,81.36,5.7038,35.52,11,36.36,true
75,3,Base5,1,468.03,10.4525,28.65,11,45.45,true
75,3,Base5,2,31.10,2.5767,30.61,9,44.44,true
75,3,Base5,3,69.74,4.7885,43.33,13,38.46,true
75,3,Base5,4,-2.18,1.8410,40.44,7,42.86,false
75,3,Base5,5,23.67,1.9615,16.44,12,50.00,true
75,3,NoDOGE,0,81.36,5.7038,35.52,11,36.36,true
75,3,NoDOGE,1,-9.09,-0.8083,25.27,6,33.33,false
75,3,NoDOGE,2,94.50,4.8967,26.59,8,50.00,true
75,3,NoDOGE,3,109.34,5.8669,43.33,12,41.67,true
75,3,NoDOGE,4,20.65,4.7410,31.27,6,50.00,true
75,3,NoDOGE,5,12.72,2.1342,20.94,9,55.56,true
75,3,Legacy4,0,166.25,7.4547,19.43,11,45.45,true
75,3,Legacy4,1,-4.61,0.6807,29.16,9,44.44,false
75,3,Legacy4,2,105.46,6.0595,30.65,6,66.67,true
75,3,Legacy4,3,-22.64,-0.0638,45.86,10,20.00,false
75,3,Legacy4,4,-40.75,-14.5800,40.75,6,33.33,false
75,3,Legacy4,5,-1.36,0.7299,30.84,8,50.00,false
75,3,Legacy5BNB,0,181.46,12.6050,17.52,9,55.56,true
75,3,Legacy5BNB,1,-19.28,-1.8530,36.11,8,37.50,false
75,3,Legacy5BNB,2,-2.30,0.3556,36.63,8,50.00,false
75,3,Legacy5BNB,3,-29.25,-0.8852,45.86,10,20.00,false
75,3,Legacy5BNB,4,-30.77,-5.9518,30.77,5,40.00,false
75,3,Legacy5BNB,5,15.93,2.6861,18.63,8,50.00,true
75,3,OldGuardNoBNB,0,30.35,2.3690,31.56,15,60.00,true
75,3,OldGuardNoBNB,1,-18.19,-0.2751,50.31,10,40.00,false
75,3,OldGuardNoBNB,2,105.46,6.0595,30.65,6,66.67,true
75,3,OldGuardNoBNB,3,-22.64,-0.0638,45.86,10,20.00,false
75,3,OldGuardNoBNB,4,-40.75,-14.5800,40.75,6,33.33,false
75,3,OldGuardNoBNB,5,43.94,4.6644,17.41,8,62.50,true
75,3,LargeCaps5,0,142.66,6.5358,35.52,12,33.33,true
75,3,LargeCaps5,1,-7.63,-0.5705,24.06,6,33.33,false
75,3,LargeCaps5,2,143.63,6.2059,26.59,9,55.56,true
75,3,LargeCaps5,3,13.57,2.5212,47.69,13,38.46,true
75,3,LargeCaps5,4,29.74,5.8201,26.09,6,66.67,true
75,3,LargeCaps5,5,12.72,2.1342,20.94,9,55.56,true
75,3,Legacy3,0,-13.57,0.8466,52.25,12,33.33,false
75,3,Legacy3,1,17.16,3.3058,38.61,7,57.14,true
75,3,Legacy3,2,32.36,3.0228,30.65,10,40.00,true
75,3,Legacy3,3,411.31,9.5653,20.61,9,55.56,true
75,3,Legacy3,4,-23.45,-5.1158,31.98,5,20.00,false
75,3,Legacy3,5,-11.58,-0.6772,19.89,6,33.33,false
75,3,LowVolume5,0,82.63,4.7365,38.38,11,54.55,true
75,3,LowVolume5,1,5.63,1.8598,38.61,8,50.00,true
75,3,LowVolume5,2,222.66,6.9351,26.59,13,53.85,true
75,3,LowVolume5,3,917.45,11.9182,20.01,11,63.64,true
75,3,LowVolume5,4,-37.70,-5.5825,37.70,7,28.57,false
75,3,LowVolume5,5,-35.80,-4.0955,35.80,8,25.00,false
75,3,OldGuard4,0,226.11,7.8475,16.28,11,81.82,true
75,3,OldGuard4,1,-22.91,-1.3180,40.57,10,40.00,false
75,3,OldGuard4,2,42.83,3.4824,30.65,10,40.00,true
75,3,OldGuard4,3,411.31,9.5653,20.61,9,55.56,true
75,3,OldGuard4,4,-31.09,-6.8997,31.98,6,16.67,false
75,3,OldGuard4,5,8.05,2.1714,19.89,7,42.86,true
75,3.5,Base5,0,-15.93,0.3848,55.42,10,40.00,false
75,3.5,Base5,1,441.33,10.4920,22.40,8,50.00,true
75,3.5,Base5,2,16.22,2.4339,35.07,8,50.00,true
75,3.5,Base5,3,85.33,5.3075,22.04,9,44.44,true
75,3.5,Base5,4,46.87,7.0079,41.09,6,33.33,true
75,3.5,Base5,5,4.62,1.0324,29.29,10,60.00,true
75,3.5,NoDOGE,0,25.84,3.6235,50.84,9,44.44,true
75,3.5,NoDOGE,1,26.44,5.7810,16.78,4,75.00,true
75,3.5,NoDOGE,2,85.55,5.4136,26.59,7,57.14,true
75,3.5,NoDOGE,3,128.57,6.6219,22.04,8,50.00,true
75,3.5,NoDOGE,4,71.62,9.8553,28.22,5,40.00,true
75,3.5,NoDOGE,5,-23.51,-2.1145,34.42,8,50.00,false
75,3.5,Legacy4,0,208.71,13.7911,6.10,7,85.71,true
75,3.5,Legacy4,1,-6.36,1.1800,31.08,7,28.57,false
75,3.5,Legacy4,2,105.46,6.0595,30.65,6,66.67,true
75,3.5,Legacy4,3,-12.44,0.6176,34.70,8,25.00,false
75,3.5,Legacy4,4,-54.96,-14.6728,54.96,5,0.00,false
75,3.5,Legacy4,5,-37.91,-3.8867,45.83,8,25.00,false
75,3.5,Legacy5BNB,0,308.28,19.5148,0.00,6,100.00,true
75,3.5,Legacy5BNB,1,-28.22,-4.0396,41.00,6,33.33,false
75,3.5,Legacy5BNB,2,-3.97,0.3252,34.09,7,57.14,false
75,3.5,Legacy5BNB,3,-18.35,-0.0175,34.70,8,25.00,false
75,3.5,Legacy5BNB,4,-49.61,-17.3996,49.61,5,20.00,false
75,3.5,Legacy5BNB,5,4.22,1.7707,22.33,7,42.86,true
75,3.5,OldGuardNoBNB,0,157.17,9.7391,9.33,9,88.89,true
75,3.5,OldGuardNoBNB,1,-51.29,-4.5421,58.09,9,33.33,false
75,3.5,OldGuardNoBNB,2,105.46,6.0595,30.65,6,66.67,true
75,3.5,OldGuardNoBNB,3,-12.44,0.6176,34.70,8,25.00,false
75,3.5,OldGuardNoBNB,4,-54.96,-14.6728,54.96,5,0.00,false
75,3.5,OldGuardNoBNB,5,-3.70,0.3795,23.56,8,37.50,false
75,3.5,LargeCaps5,0,75.82,4.9427,50.84,10,40.00,true
75,3.5,LargeCaps5,1,22.55,4.8998,24.92,5,80.00,true
75,3.5,LargeCaps5,2,132.44,6.8632,26.59,8,62.50,true
75,3.5,LargeCaps5,3,36.98,3.3203,22.04,9,44.44,true
75,3.5,LargeCaps5,4,71.62,9.8553,28.22,5,40.00,true
75,3.5,LargeCaps5,5,-23.51,-2.1145,34.42,8,50.00,false
75,3.5,Legacy3,0,73.24,5.9234,33.39,8,62.50,true
75,3.5,Legacy3,1,26.68,4.9142,40.27,6,50.00,true
75,3.5,Legacy3,2,40.48,3.2570,30.65,9,44.44,true
75,3.5,Legacy3,3,233.91,7.5884,22.10,8,50.00,true
75,3.5,Legacy3,4,-36.28,-8.4035,38.11,5,20.00,false
75,3.5,Legacy3,5,-24.99,-3.0698,25.85,6,16.67,false
75,3.5,LowVolume5,0,93.71,6.1154,38.38,10,70.00,true
75,3.5,LowVolume5,1,14.21,3.4608,40.27,7,42.86,true
75,3.5,LowVolume5,2,327.31,10.0087,26.59,9,66.67,true
75,3.5,LowVolume5,3,411.20,8.8954,34.76,9,44.44,true
75,3.5,LowVolume5,4,-61.91,-12.4451,61.91,7,14.29,false
75,3.5,LowVolume5,5,-47.47,-5.9672,47.47,8,12.50,false
75,3.5,OldGuard4,0,284.03,19.7798,0.00,6,100.00,true
75,3.5,OldGuard4,1,-40.07,-2.1453,47.74,8,25.00,false
75,3.5,OldGuard4,2,55.90,3.8529,30.65,9,44.44,true
75,3.5,OldGuard4,3,233.91,7.5884,22.10,8,50.00,true
75,3.5,OldGuard4,4,-40.91,-8.9049,40.91,6,16.67,false
75,3.5,OldGuard4,5,-23.56,-2.6532,25.85,7,28.57,false
75,4,Base5,0,197.97,8.0674,44.54,6,50.00,true
75,4,Base5,1,257.29,9.3106,33.12,8,37.50,true
75,4,Base5,2,782.27,13.2085,20.97,5,80.00,true
75,4,Base5,3,160.06,6.8646,36.25,8,62.50,true
75,4,Base5,4,33.43,5.9283,46.48,6,33.33,true
75,4,Base5,5,-36.39,-1.0901,53.99,9,33.33,false
75,4,NoDOGE,0,197.97,8.0674,44.54,6,50.00,true
75,4,NoDOGE,1,20.79,4.8558,19.15,4,75.00,true
75,4,NoDOGE,2,738.33,12.0011,20.97,5,80.00,true
75,4,NoDOGE,3,220.73,7.9945,36.25,7,71.43,true
75,4,NoDOGE,4,71.62,9.8553,28.22,5,40.00,true
75,4,NoDOGE,5,-45.41,-6.3147,51.52,8,37.50,false
75,4,Legacy4,0,273.67,15.1775,0.00,7,100.00,true
75,4,Legacy4,1,-8.82,1.0573,38.29,6,33.33,false
75,4,Legacy4,2,183.61,10.1360,30.65,5,60.00,true
75,4,Legacy4,3,119.39,5.6915,28.68,7,57.14,true
75,4,Legacy4,4,-57.95,-14.0061,57.95,5,0.00,false
75,4,Legacy4,5,-58.04,-9.8734,58.84,7,28.57,false
75,4,Legacy5BNB,0,419.79,19.3848,0.00,6,100.00,true
75,4,Legacy5BNB,1,-29.91,-4.1088,42.38,6,33.33,false
75,4,Legacy5BNB,2,-5.60,0.2187,35.20,7,57.14,false
75,4,Legacy5BNB,3,46.23,4.3593,50.19,7,57.14,true
75,4,Legacy5BNB,4,-34.31,-8.9861,42.97,5,40.00,false
75,4,Legacy5BNB,5,-35.31,-4.4023,47.58,7,28.57,false
75,4,OldGuardNoBNB,0,130.07,9.3975,13.76,8,62.50,true
75,4,OldGuardNoBNB,1,-53.35,-12.5016,55.34,8,37.50,false
75,4,OldGuardNoBNB,2,183.61,10.1360,30.65,5,60.00,true
75,4,OldGuardNoBNB,3,119.39,5.6915,28.68,7,57.14,true
75,4,OldGuardNoBNB,4,-57.95,-14.0061,57.95,5,0.00,false
75,4,OldGuardNoBNB,5,-34.91,-5.6248,36.16,7,42.86,false
75,4,LargeCaps5,0,367.71,8.1506,44.54,7,57.14,true
75,4,LargeCaps5,1,9.26,2.8236,26.86,5,60.00,true
75,4,LargeCaps5,2,738.33,12.0011,20.97,5,80.00,true
75,4,LargeCaps5,3,32.24,4.1353,50.31,8,62.50,true
75,4,LargeCaps5,4,71.62,9.8553,28.22,5,40.00,true
75,4,LargeCaps5,5,-45.41,-6.3147,51.52,8,37.50,false
75,4,Legacy3,0,73.29,5.5440,37.81,8,75.00,true
75,4,Legacy3,1,36.34,6.7280,34.62,5,60.00,true
75,4,Legacy3,2,48.97,2.6526,30.65,9,33.33,true
75,4,Legacy3,3,277.78,20.1107,10.77,6,83.33,true
75,4,Legacy3,4,-50.31,-28.8654,50.31,5,0.00,false
75,4,Legacy3,5,-28.66,-4.5456,30.03,5,40.00,false
75,4,LowVolume5,0,31.01,2.9142,32.93,9,66.67,true
75,4,LowVolume5,1,20.38,4.4749,34.62,6,50.00,true
75,4,LowVolume5,2,776.23,22.8382,15.42,6,83.33,true
75,4,LowVolume5,3,187.45,14.3482,25.19,7,57.14,true
75,4,LowVolume5,4,-78.96,-32.7415,78.96,7,0.00,false
75,4,LowVolume5,5,-45.94,-8.0801,46.98,6,33.33,false
75,4,OldGuard4,0,328.59,15.5609,0.00,7,100.00,true
75,4,OldGuard4,1,-16.38,-0.2337,34.62,6,33.33,false
75,4,OldGuard4,2,47.33,2.5638,30.65,9,33.33,true
75,4,OldGuard4,3,277.78,20.1107,10.77,6,83.33,true
75,4,OldGuard4,4,-54.21,-26.2343,54.21,6,0.00,false
75,4,OldGuard4,5,-27.29,-4.1462,28.69,6,50.00,false
100,1,Base5,0,41.83,3.0593,68.05,22,54.55,true
100,1,Base5,1,374.70,4.7229,22.40,24,50.00,true
100,1,Base5,2,9.40,1.4750,30.61,26,38.46,true
100,1,Base5,3,197.58,5.8412,38.69,31,51.61,true
100,1,Base5,4,3.26,1.0153,21.85,15,40.00,true
100,1,Base5,5,40.72,2.6304,21.35,23,52.17,true
100,1,NoDOGE,0,60.50,3.4523,68.05,23,56.52,true
100,1,NoDOGE,1,109.97,10.5659,20.26,15,40.00,true
100,1,NoDOGE,2,201.75,6.7818,16.38,22,45.45,true
100,1,NoDOGE,3,289.94,7.4994,38.69,30,56.67,true
100,1,NoDOGE,4,22.85,3.4003,19.87,12,50.00,true
100,1,NoDOGE,5,22.45,2.4951,17.55,18,50.00,true
100,1,Legacy4,0,40.14,2.7679,43.23,26,53.85,true
100,1,Legacy4,1,59.19,4.4452,26.13,22,50.00,true
100,1,Legacy4,2,80.66,4.3580,25.05,19,52.63,true
100,1,Legacy4,3,-20.46,0.0324,58.75,23,39.13,false
100,1,Legacy4,4,-22.18,-4.2590,29.39,10,30.00,false
100,1,Legacy4,5,-1.90,0.0713,22.34,17,47.06,false
100,1,Legacy5BNB,0,-50.21,-4.7896,60.85,30,33.33,false
100,1,Legacy5BNB,1,53.70,5.4316,21.57,18,61.11,true
100,1,Legacy5BNB,2,61.61,3.6258,25.05,20,50.00,true
100,1,Legacy5BNB,3,47.65,3.5036,54.78,21,57.14,true
100,1,Legacy5BNB,4,4.37,1.3774,17.26,11,45.45,true
100,1,Legacy5BNB,5,9.13,1.6292,14.92,16,50.00,true
100,1,OldGuardNoBNB,0,54.62,3.1731,34.81,32,43.75,true
100,1,OldGuardNoBNB,1,44.62,2.9476,38.18,19,52.63,true
100,1,OldGuardNoBNB,2,80.66,4.3580,25.05,19,52.63,true
100,1,OldGuardNoBNB,3,-20.46,0.0324,58.75,23,39.13,false
100,1,OldGuardNoBNB,4,-22.18,-4.2590,29.39,10,30.00,false
100,1,OldGuardNoBNB,5,10.39,1.6212,13.08,20,50.00,true
100,1,LargeCaps5,0,36.83,2.7506,68.05,29,48.28,true
100,1,LargeCaps5,1,93.55,9.0509,20.26,15,40.00,true
100,1,LargeCaps5,2,136.24,5.7123,30.00,23,39.13,true
100,1,LargeCaps5,3,302.47,8.8208,31.92,26,65.38,true
100,1,LargeCaps5,4,27.71,3.7491,19.87,12,50.00,true
100,1,LargeCaps5,5,9.68,1.3691,17.55,19,42.11,true
100,1,Legacy3,0,28.49,2.2450,36.43,24,45.83,true
100,1,Legacy3,1,31.82,3.8357,28.10,19,47.37,true
100,1,Legacy3,2,143.48,6.4749,19.12,18,55.56,true
100,1,Legacy3,3,220.68,9.0416,14.41,20,60.00,true
100,1,Legacy3,4,-9.47,-1.4160,23.49,11,36.36,false
100,1,Legacy3,5,-12.16,-2.7759,20.42,14,35.71,false
100,1,LowVolume5,0,27.69,2.3081,23.04,24,50.00,true
100,1,LowVolume5,1,43.64,4.8308,21.56,18,50.00,true
100,1,LowVolume5,2,270.64,6.1242,33.87,27,48.15,true
100,1,LowVolume5,3,571.36,9.3668,20.17,26,61.54,true
100,1,LowVolume5,4,-17.83,-1.2406,24.34,16,37.50,false
100,1,LowVolume5,5,-21.97,-2.9253,35.72,21,42.86,false
100,1,OldGuard4,0,43.13,3.0817,32.96,28,46.43,true
100,1,OldGuard4,1,22.97,1.9580,25.31,23,39.13,true
100,1,OldGuard4,2,149.59,6.5434,15.98,19,57.89,true
100,1,OldGuard4,3,220.68,9.0416,14.41,20,60.00,true
100,1,OldGuard4,4,8.28,1.4031,13.36,14,42.86,true
100,1,OldGuard4,5,-15.36,-3.0113,23.32,18,38.89,false
100,1.5,Base5,0,11.31,2.2485,70.96,21,47.62,true
100,1.5,Base5,1,375.72,4.2298,28.06,18,44.44,true
100,1.5,Base5,2,121.76,4.2758,30.61,17,47.06,true
100,1.5,Base5,3,369.35,7.2684,33.03,26,57.69,true
100,1.5,Base5,4,-14.99,-1.2977,19.81,10,50.00,false
100,1.5,Base5,5,34.64,2.2272,14.23,20,60.00,true
100,1.5,NoDOGE,0,11.31,2.2485,70.96,21,47.62,true
100,1.5,NoDOGE,1,118.85,11.6665,9.23,8,50.00,true
100,1.5,NoDOGE,2,324.34,8.2368,16.38,15,46.67,true
100,1.5,NoDOGE,3,478.85,8.1339,33.03,25,64.00,true
100,1.5,NoDOGE,4,5.89,1.3001,10.33,7,57.14,true
100,1.5,NoDOGE,5,11.95,1.4208,17.68,15,53.33,true
100,1.5,Legacy4,0,84.56,4.0962,36.45,21,52.38,true
100,1.5,Legacy4,1,157.75,9.4713,18.09,13,46.15,true
100,1.5,Legacy4,2,123.77,7.0162,17.89,13,46.15,true
100,1.5,Legacy4,3,-5.23,1.0781,52.94,18,38.89,false
100,1.5,Legacy4,4,-9.64,-2.2092,15.46,6,33.33,false
100,1.5,Legacy4,5,18.34,3.3741,20.26,12,66.67,true
100,1.5,Legacy5BNB,0,5.54,1.4325,47.40,22,40.91,true
100,1.5,Legacy5BNB,1,127.27,10.9283,9.85,10,70.00,true
100,1.5,Legacy5BNB,2,70.68,4.3741,17.89,13,46.15,true
100,1.5,Legacy5BNB,3,20.14,2.2337,52.94,20,50.00,true
100,1.5,Legacy5BNB,4,-12.64,-1.7111,21.71,8,37.50,false
100,1.5,Legacy5BNB,5,-22.29,-3.3838,27.96,13,46.15,false
100,1.5,OldGuardNoBNB,0,226.88,6.3552,28.64,25,48.00,true
100,1.5,OldGuardNoBNB,1,17.21,1.9208,35.63,13,53.85,true
100,1.5,OldGuardNoBNB,2,123.77,7.0162,17.89,13,46.15,true
100,1.5,OldGuardNoBNB,3,-5.23,1.0781,52.94,18,38.89,false
100,1.5,OldGuardNoBNB,4,-9.64,-2.2092,15.46,6,33.33,false
100,1.5,OldGuardNoBNB,5,51.74,5.9987,9.30,13,69.23,true
100,1.5,LargeCaps5,0,-18.39,1.0754,70.96,25,44.00,false
100,1.5,LargeCaps5,1,109.46,10.6798,13.12,8,50.00,true
100,1.5,LargeCaps5,2,206.99,6.8387,23.95,16,43.75,true
100,1.5,LargeCaps5,3,374.99,8.1228,37.45,22,59.09,true
100,1.5,LargeCaps5,4,29.58,3.3745,24.57,9,66.67,true
100,1.5,LargeCaps5,5,6.86,1.0239,17.68,15,46.67,true
100,1.5,Legacy3,0,40.54,2.6707,37.83,19,36.84,true
100,1.5,Legacy3,1,77.29,7.3898,17.33,10,60.00,true
100,1.5,Legacy3,2,138.07,7.0654,23.62,15,46.67,true
100,1.5,Legacy3,3,430.57,12.5929,16.93,13,69.23,true
100,1.5,Legacy3,4,-35.11,-3.5038,40.08,9,33.33,false
100,1.5,Legacy3,5,-16.21,-2.8916,28.22,10,50.00,false
100,1.5,LowVolume5,0,136.84,5.9635,16.43,18,38.89,true
100,1.5,LowVolume5,1,62.63,6.1241,10.23,10,50.00,true
100,1.5,LowVolume5,2,253.86,6.8570,34.29,20,40.00,true
100,1.5,LowVolume5,3,993.33,12.8372,20.83,18,72.22,true
100,1.5,LowVolume5,4,-50.43,-4.6626,50.43,10,30.00,false
100,1.5,LowVolume5,5,-32.44,-4.7838,37.72,14,35.71,false
100,1.5,OldGuard4,0,316.96,8.6678,31.95,19,63.16,true
100,1.5,OldGuard4,1,66.70,5.5380,19.97,14,42.86,true
100,1.5,OldGuard4,2,153.08,7.4130,16.65,15,46.67,true
100,1.5,OldGuard4,3,430.57,12.5929,16.93,13,69.23,true
100,1.5,OldGuard4,4,-37.09,-3.7405,40.08,10,30.00,false
100,1.5,OldGuard4,5,-4.71,0.0453,25.34,12,50.00,false
100,2,Base5,0,31.14,2.7025,49.58,19,36.84,true
100,2,Base5,1,312.16,3.6639,28.85,17,47.06,true
100,2,Base5,2,170.91,5.2573,30.61,15,60.00,true
100,2,Base5,3,123.29,4.7131,28.39,21,52.38,true
100,2,Base5,4,-18.58,-2.4818,18.58,9,44.44,false
100,2,Base5,5,71.40,3.6758,16.44,12,58.33,true
100,2,NoDOGE,0,31.14,2.7025,49.58,19,36.84,true
100,2,NoDOGE,1,41.73,5.0244,22.44,8,37.50,true
100,2,NoDOGE,2,274.04,7.6397,26.59,13,46.15,true
100,2,NoDOGE,3,175.39,5.7193,28.39,20,55.00,true
100,2,NoDOGE,4,-3.31,-0.3946,11.79,7,42.86,false
100,2,NoDOGE,5,56.23,3.6954,17.85,9,66.67,true
100,2,Legacy4,0,128.54,5.9236,36.45,19,47.37,true
100,2,Legacy4,1,36.31,3.5127,34.15,12,41.67,true
100,2,Legacy4,2,232.03,13.5294,14.02,8,75.00,true
100,2,Legacy4,3,-48.95,-1.9835,61.47,16,31.25,false
100,2,Legacy4,4,-26.44,-7.2982,26.44,6,33.33,false
100,2,Legacy4,5,22.33,2.8445,25.36,8,50.00,true
100,2,Legacy5BNB,0,19.21,2.0941,45.35,19,47.37,true
100,2,Legacy5BNB,1,69.51,7.4878,29.73,7,57.14,true
100,2,Legacy5BNB,2,191.47,11.9093,14.69,8,62.50,true
100,2,Legacy5BNB,3,-34.69,-0.4666,61.47,15,26.67,false
100,2,Legacy5BNB,4,-27.30,-5.8094,27.30,6,50.00,false
100,2,Legacy5BNB,5,2.97,1.6135,24.98,9,33.33,true
100,2,OldGuardNoBNB,0,243.48,7.9705,26.43,21,57.14,true
100,2,OldGuardNoBNB,1,-51.61,-3.5713,67.97,13,30.77,false
100,2,OldGuardNoBNB,2,232.03,13.5294,14.02,8,75.00,true
100,2,OldGuardNoBNB,3,-48.95,-1.9835,61.47,16,31.25,false
100,2,OldGuardNoBNB,4,-26.44,-7.2982,26.44,6,33.33,false
100,2,OldGuardNoBNB,5,79.90,6.3231,16.67,8,62.50,true
100,2,LargeCaps5,0,-13.64,0.5245,49.58,23,34.78,false
100,2,LargeCaps5,1,47.01,5.5131,19.55,8,37.50,true
100,2,LargeCaps5,2,243.90,7.3686,26.59,14,42.86,true
100,2,LargeCaps5,3,110.36,4.9088,28.58,17,47.06,true
100,2,LargeCaps5,4,13.22,2.5664,10.33,7,57.14,true
100,2,LargeCaps5,5,49.12,3.3862,17.85,9,55.56,true
100,2,Legacy3,0,31.09,2.9898,39.70,16,37.50,true
100,2,Legacy3,1,40.42,4.3442,34.40,9,55.56,true
100,2,Legacy3,2,193.64,10.9975,21.03,10,60.00,true
100,2,Legacy3,3,242.30,9.1035,24.98,13,53.85,true
100,2,Legacy3,4,-32.73,-4.8874,37.88,8,12.50,false
100,2,Legacy3,5,2.68,1.6207,19.17,6,33.33,true
100,2,LowVolume5,0,135.25,6.1760,28.16,15,40.00,true
100,2,LowVolume5,1,104.42,7.8380,28.77,9,55.56,true
100,2,LowVolume5,2,254.54,7.6122,29.21,15,46.67,true
100,2,LowVolume5,3,650.95,13.2303,26.83,14,64.29,true
100,2,LowVolume5,4,-54.52,-7.3933,54.52,9,11.11,false
100,2,LowVolume5,5,-30.15,-2.7399,32.31,9,22.22,false
100,2,OldGuard4,0,395.84,11.1989,23.56,17,70.59,true
100,2,OldGuard4,1,-26.87,-1.6185,38.23,13,30.77,false
100,2,OldGuard4,2,212.15,11.5850,13.82,10,60.00,true
100,2,OldGuard4,3,242.30,9.1035,24.98,13,53.85,true
100,2,OldGuard4,4,-38.55,-5.7712,38.55,9,11.11,false
100,2,OldGuard4,5,42.43,4.7685,19.17,7,42.86,true
100,2.5,Base5,0,49.79,4.2458,64.40,13,38.46,true
100,2.5,Base5,1,273.62,3.1999,31.00,16,43.75,true
100,2.5,Base5,2,-0.42,1.3732,34.48,11,45.45,false
100,2.5,Base5,3,73.71,3.6852,33.01,19,52.63,true
100,2.5,Base5,4,-33.86,-6.1122,33.86,9,33.33,false
100,2.5,Base5,5,32.76,2.4247,16.44,12,50.00,true
100,2.5,NoDOGE,0,49.79,4.2458,64.40,13,38.46,true
100,2.5,NoDOGE,1,19.42,3.6310,20.99,7,42.86,true
100,2.5,NoDOGE,2,61.20,3.9798,26.59,10,50.00,true
100,2.5,NoDOGE,3,114.23,4.7381,33.01,18,55.56,true
100,2.5,NoDOGE,4,-13.77,-3.3421,16.82,7,42.86,false
100,2.5,NoDOGE,5,21.01,2.2211,19.77,9,55.56,true
100,2.5,Legacy4,0,116.90,5.1112,28.00,15,60.00,true
100,2.5,Legacy4,1,-6.64,0.6675,36.88,11,36.36,false
100,2.5,Legacy4,2,346.78,21.8780,0.00,6,100.00,true
100,2.5,Legacy4,3,-18.52,-0.4986,31.31,11,36.36,false
100,2.5,Legacy4,4,-35.55,-11.9733,35.55,6,33.33,false
100,2.5,Legacy4,5,3.87,1.2684,30.21,8,50.00,true
100,2.5,Legacy5BNB,0,143.96,9.3005,22.46,12,75.00,true
100,2.5,Legacy5BNB,1,-17.80,-1.1215,42.43,9,33.33,false
100,2.5,Legacy5BNB,2,212.13,12.9935,10.99,7,85.71,true
100,2.5,Legacy5BNB,3,6.14,1.9629,31.31,10,30.00,true
100,2.5,Legacy5BNB,4,-23.36,-3.0043,28.79,5,40.00,false
100,2.5,Legacy5BNB,5,24.26,3.4553,18.63,8,50.00,true
100,2.5,OldGuardNoBNB,0,138.32,5.2031,39.99,18,66.67,true
100,2.5,OldGuardNoBNB,1,-55.64,-4.2010,69.29,13,30.77,false
100,2.5,OldGuardNoBNB,2,346.78,21.8780,0.00,6,100.00,true
100,2.5,OldGuardNoBNB,3,-18.52,-0.4986,31.31,11,36.36,false
100,2.5,OldGuardNoBNB,4,-35.55,-11.9733,35.55,6,33.33,false
100,2.5,OldGuardNoBNB,5,51.57,5.3262,16.67,8,62.50,true
100,2.5,LargeCaps5,0,46.76,3.6537,64.40,15,40.00,true
100,2.5,LargeCaps5,1,19.58,3.8175,20.88,7,42.86,true
100,2.5,LargeCaps5,2,131.23,6.0007,26.59,10,60.00,true
100,2.5,LargeCaps5,3,27.03,2.6974,33.19,17,41.18,true
100,2.5,LargeCaps5,4,-3.90,-0.4227,17.98,7,57.14,false
100,2.5,LargeCaps5,5,21.01,2.2211,19.77,9,55.56,true
100,2.5,Legacy3,0,7.08,1.6638,46.26,13,38.46,true
100,2.5,Legacy3,1,21.59,3.0590,40.64,8,50.00,true
100,2.5,Legacy3,2,212.73,10.6469,23.16,10,60.00,true
100,2.5,Legacy3,3,169.71,7.1537,24.98,12,50.00,true
100,2.5,Legacy3,4,-49.67,-23.5774,49.67,6,0.00,false
100,2.5,Legacy3,5,-4.58,0.3937,19.17,6,33.33,false
100,2.5,LowVolume5,0,108.41,4.7818,28.16,12,58.33,true
100,2.5,LowVolume5,1,93.72,7.3705,30.13,9,55.56,true
100,2.5,LowVolume5,2,269.08,7.7156,26.59,14,50.00,true
100,2.5,LowVolume5,3,485.47,11.3879,26.83,13,61.54,true
100,2.5,LowVolume5,4,-66.03,-10.4084,66.03,9,11.11,false
100,2.5,LowVolume5,5,-31.89,-3.6160,32.31,8,25.00,false
100,2.5,OldGuard4,0,247.92,7.6065,35.04,15,80.00,true
100,2.5,OldGuard4,1,-35.28,-2.4486,43.84,12,33.33,false
100,2.5,OldGuard4,2,243.01,11.8810,15.72,10,60.00,true
100,2.5,OldGuard4,3,169.71,7.1537,24.98,12,50.00,true
100,2.5,OldGuard4,4,-54.02,-24.7187,54.02,7,0.00,false
100,2.5,OldGuard4,5,16.60,3.2193,19.17,7,42.86,true
100,3,Base5,0,91.11,6.5169,33.91,11,36.36,true
100,3,Base5,1,400.85,3.7036,24.42,13,53.85,true
100,3,Base5,2,21.82,2.4822,35.07,9,44.44,true
100,3,Base5,3,33.78,3.6396,36.60,13,23.08,true
100,3,Base5,4,67.17,9.1611,32.95,7,42.86,true
100,3,Base5,5,50.26,3.3204,16.44,11,54.55,true
100,3,NoDOGE,0,91.11,6.5169,33.91,11,36.36,true
100,3,NoDOGE,1,42.86,7.8289,18.99,5,80.00,true
100,3,NoDOGE,2,94.50,4.8967,26.59,8,50.00,true
100,3,NoDOGE,3,64.99,4.7859,36.60,12,25.00,true
100,3,NoDOGE,4,84.99,11.9898,22.62,6,50.00,true
100,3,NoDOGE,5,36.95,3.3888,23.14,8,62.50,true
100,3,Legacy4,0,97.28,4.5799,32.89,13,46.15,true
100,3,Legacy4,1,13.14,3.6861,29.16,7,28.57,true
100,3,Legacy4,2,340.14,22.0625,0.00,6,100.00,true
100,3,Legacy4,3,-32.58,-0.6297,52.04,10,20.00,false
100,3,Legacy4,4,-54.03,-16.3677,54.03,6,16.67,false
100,3,Legacy4,5,-7.88,0.1018,36.03,8,50.00,false
100,3,Legacy5BNB,0,126.33,8.7260,19.40,10,70.00,true
100,3,Legacy5BNB,1,-9.83,-0.4747,29.94,6,33.33,false
100,3,Legacy5BNB,2,80.42,4.7499,17.96,8,75.00,true
100,3,Legacy5BNB,3,-34.92,-0.7763,52.04,10,20.00,false
100,3,Legacy5BNB,4,-36.06,-7.5748,36.06,5,40.00,false
100,3,Legacy5BNB,5,34.63,4.8885,16.55,7,57.14,true
100,3,OldGuardNoBNB,0,69.61,3.6566,46.75,16,56.25,true
100,3,OldGuardNoBNB,1,-8.92,0.4537,48.36,10,40.00,false
100,3,OldGuardNoBNB,2,340.14,22.0625,0.00,6,100.00,true
100,3,OldGuardNoBNB,3,-32.58,-0.6297,52.04,10,20.00,false
100,3,OldGuardNoBNB,4,-54.03,-16.3677,54.03,6,16.67,false
100,3,OldGuardNoBNB,5,34.43,3.7801,23.60,8,62.50,true
100,3,LargeCaps5,0,95.06,5.7445,33.91,13,30.77,true
100,3,LargeCaps5,1,32.41,6.2066,24.92,5,80.00,true
100,3,LargeCaps5,2,143.63,6.2059,26.59,9,55.56,true
100,3,LargeCaps5,3,-5.53,1.8232,41.49,13,23.08,false
100,3,LargeCaps5,4,98.93,13.6450,16.79,6,66.67,true
100,3,LargeCaps5,5,36.95,3.3888,23.14,8,62.50,true
100,3,Legacy3,0,20.24,2.3238,45.64,11,45.45,true
100,3,Legacy3,1,48.21,6.6755,38.61,6,50.00,true
100,3,Legacy3,2,175.06,9.3515,30.44,10,60.00,true
100,3,Legacy3,3,276.35,9.4143,22.09,9,66.67,true
100,3,Legacy3,4,-27.27,-6.0699,35.38,5,20.00,false
100,3,Legacy3,5,-17.43,-1.3888,25.90,6,33.33,false
100,3,LowVolume5,0,119.49,5.1190,28.16,11,63.64,true
100,3,LowVolume5,1,33.62,5.2017,38.61,7,42.86,true
100,3,LowVolume5,2,237.83,7.0774,26.59,13,53.85,true
100,3,LowVolume5,3,124.67,5.8022,42.22,12,41.67,true
100,3,LowVolume5,4,-46.83,-7.9804,46.83,7,14.29,false
100,3,LowVolume5,5,-35.47,-3.7976,37.95,7,28.57,false
100,3,OldGuard4,0,290.62,8.4735,32.89,11,63.64,true
100,3,OldGuard4,1,-19.51,0.0836,40.57,8,25.00,false
100,3,OldGuard4,2,208.32,10.7701,22.03,10,60.00,true
100,3,OldGuard4,3,276.35,9.4143,22.09,9,66.67,true
100,3,OldGuard4,4,-34.54,-7.7630,35.38,6,16.67,false
100,3,OldGuard4,5,0.91,1.3671,25.90,7,42.86,true
100,3.5,Base5,0,-11.60,0.7494,55.42,9,44.44,false
100,3.5,Base5,1,318.36,9.4317,39.05,11,36.36,true
100,3.5,Base5,2,16.07,2.3082,35.07,8,50.00,true
100,3.5,Base5,3,79.73,5.6943,58.53,10,40.00,true
100,3.5,Base5,4,46.87,7.0079,41.09,6,33.33,true
100,3.5,Base5,5,20.07,2.2993,29.74,10,40.00,true
100,3.5,NoDOGE,0,32.32,3.9114,50.84,8,50.00,true
100,3.5,NoDOGE,1,17.15,4.0718,22.89,5,60.00,true
100,3.5,NoDOGE,2,140.44,6.2064,26.59,8,62.50,true
100,3.5,NoDOGE,3,121.66,6.8067,58.53,9,44.44,true
100,3.5,NoDOGE,4,71.62,9.8553,28.22,5,40.00,true
100,3.5,NoDOGE,5,-7.86,0.3901,29.29,8,50.00,false
100,3.5,Legacy4,0,208.71,13.7911,6.10,7,85.71,true
100,3.5,Legacy4,1,1.83,2.1358,31.08,6,33.33,true
100,3.5,Legacy4,2,183.61,10.1360,30.65,5,60.00,true
100,3.5,Legacy4,3,78.73,4.7334,44.99,8,37.50,true
100,3.5,Legacy4,4,-55.18,-14.5129,55.18,5,0.00,false
100,3.5,Legacy4,5,-34.41,-3.3413,45.83,7,28.57,false
100,3.5,Legacy5BNB,0,322.00,19.2450,8.90,7,85.71,true
100,3.5,Legacy5BNB,1,-28.24,-3.8928,41.01,6,33.33,false
100,3.5,Legacy5BNB,2,-3.97,0.3252,34.09,7,57.14,false
100,3.5,Legacy5BNB,3,78.92,4.6541,44.99,8,37.50,true
100,3.5,Legacy5BNB,4,-39.06,-10.9995,41.98,5,20.00,false
100,3.5,Legacy5BNB,5,1.85,1.4844,22.33,7,42.86,true
100,3.5,OldGuardNoBNB,0,133.33,6.2799,10.36,9,88.89,true
100,3.5,OldGuardNoBNB,1,-46.86,-5.0077,54.28,8,37.50,false
100,3.5,OldGuardNoBNB,2,183.61,10.1360,30.65,5,60.00,true
100,3.5,OldGuardNoBNB,3,78.73,4.7334,44.99,8,37.50,true
100,3.5,OldGuardNoBNB,4,-55.18,-14.5129,55.18,5,0.00,false
100,3.5,OldGuardNoBNB,5,15.70,2.6426,23.56,7,42.86,true
100,3.5,LargeCaps5,0,57.83,4.7343,50.84,10,40.00,true
100,3.5,LargeCaps5,1,11.12,3.1388,26.86,5,60.00,true
100,3.5,LargeCaps5,2,140.44,6.2064,26.59,8,62.50,true
100,3.5,LargeCaps5,3,28.21,3.7482,61.72,10,40.00,true
100,3.5,LargeCaps5,4,71.62,9.8553,28.22,5,40.00,true
100,3.5,LargeCaps5,5,-7.86,0.3901,29.29,8,50.00,false
100,3.5,Legacy3,0,73.24,5.9234,33.39,8,62.50,true
100,3.5,Legacy3,1,26.68,4.9142,40.27,6,50.00,true
100,3.5,Legacy3,2,87.50,6.3976,30.65,8,37.50,true
100,3.5,Legacy3,3,340.82,23.3252,10.77,6,83.33,true
100,3.5,Legacy3,4,-37.05,-8.9946,38.85,5,20.00,false
100,3.5,Legacy3,5,-25.70,-3.0312,25.85,6,16.67,false
100,3.5,LowVolume5,0,108.74,5.3420,38.38,10,70.00,true
100,3.5,LowVolume5,1,14.21,3.4608,40.27,7,42.86,true
100,3.5,LowVolume5,2,242.26,9.0178,30.91,12,50.00,true
100,3.5,LowVolume5,3,231.21,16.1988,23.05,7,57.14,true
100,3.5,LowVolume5,4,-71.23,-15.1057,71.23,7,14.29,false
100,3.5,LowVolume5,5,-46.69,-6.1852,46.69,7,14.29,false
100,3.5,OldGuard4,0,284.03,19.7798,0.00,6,100.00,true
100,3.5,OldGuard4,1,-17.70,-0.1544,42.18,7,28.57,false
100,3.5,OldGuard4,2,91.30,6.7335,30.65,8,37.50,true
100,3.5,OldGuard4,3,340.82,23.3252,10.77,6,83.33,true
100,3.5,OldGuard4,4,-41.62,-9.4472,41.62,6,16.67,false
100,3.5,OldGuard4,5,-9.21,0.0627,25.85,7,28.57,false
100,4,Base5,0,57.62,5.3634,57.05,8,50.00,true
100,4,Base5,1,212.77,9.0079,33.97,8,37.50,true
100,4,Base5,2,-13.66,0.9312,36.23,7,42.86,false
100,4,Base5,3,206.05,9.1435,19.05,8,62.50,true
100,4,Base5,4,46.87,7.0079,41.09,6,33.33,true
100,4,Base5,5,-47.20,-6.9864,48.52,9,33.33,false
100,4,NoDOGE,0,135.95,7.3346,52.63,7,57.14,true
100,4,NoDOGE,1,7.53,2.9571,29.22,4,75.00,true
100,4,NoDOGE,2,100.26,5.9440,26.59,7,57.14,true
100,4,NoDOGE,3,277.45,10.5674,19.05,7,71.43,true
100,4,NoDOGE,4,71.62,9.8553,28.22,5,40.00,true
100,4,NoDOGE,5,-47.05,-7.6426,48.37,8,37.50,false
100,4,Legacy4,0,251.92,14.6719,0.00,7,100.00,true
100,4,Legacy4,1,-6.82,1.2733,38.29,6,33.33,false
100,4,Legacy4,2,7.02,0.9031,30.99,7,57.14,true
100,4,Legacy4,3,54.39,4.0579,44.99,8,37.50,true
100,4,Legacy4,4,-61.85,-14.9910,61.85,5,0.00,false
100,4,Legacy4,5,-54.22,-9.5413,55.10,6,33.33,false
100,4,Legacy5BNB,0,419.56,20.0634,0.00,6,100.00,true
100,4,Legacy5BNB,1,-32.02,-5.2921,44.12,5,20.00,false
100,4,Legacy5BNB,2,2.57,0.6308,30.99,7,57.14,true
100,4,Legacy5BNB,3,51.02,3.9415,44.99,8,37.50,true
100,4,Legacy5BNB,4,-47.92,-11.3274,54.78,5,40.00,false
100,4,Legacy5BNB,5,-35.09,-4.2979,47.58,7,28.57,false
100,4,OldGuardNoBNB,0,80.55,5.9814,13.76,9,66.67,true
100,4,OldGuardNoBNB,1,-59.74,-16.5695,61.46,8,25.00,false
100,4,OldGuardNoBNB,2,7.02,0.9031,30.99,7,57.14,true
100,4,OldGuardNoBNB,3,54.39,4.0579,44.99,8,37.50,true
100,4,OldGuardNoBNB,4,-61.85,-14.9910,61.85,5,0.00,false
100,4,OldGuardNoBNB,5,-3.92,0.7002,31.92,7,57.14,false
100,4,LargeCaps5,0,229.65,7.3398,52.63,8,50.00,true
100,4,LargeCaps5,1,3.61,2.1300,31.81,5,60.00,true
100,4,LargeCaps5,2,100.26,5.9440,26.59,7,57.14,true
100,4,LargeCaps5,3,128.40,6.9175,30.63,8,62.50,true
100,4,LargeCaps5,4,71.62,9.8553,28.22,5,40.00,true
100,4,LargeCaps5,5,-47.05,-7.6426,48.37,8,37.50,false
100,4,Legacy3,0,63.21,5.0382,37.81,8,75.00,true
100,4,Legacy3,1,38.65,6.8934,34.62,5,60.00,true
100,4,Legacy3,2,47.44,2.4934,30.65,9,33.33,true
100,4,Legacy3,3,281.79,19.6012,19.05,6,83.33,true
100,4,Legacy3,4,-49.47,-17.5825,49.47,5,20.00,false
100,4,Legacy3,5,-22.17,-3.4414,23.66,4,50.00,false
100,4,LowVolume5,0,23.39,2.4653,32.93,9,66.67,true
100,4,LowVolume5,1,22.42,4.6475,34.62,6,50.00,true
100,4,LowVolume5,2,233.11,9.8530,26.59,9,55.56,true
100,4,LowVolume5,3,178.89,13.5900,32.13,7,57.14,true
100,4,LowVolume5,4,-70.84,-5.1580,71.16,8,25.00,false
100,4,LowVolume5,5,-35.03,-6.5422,36.28,5,40.00,false
100,4,OldGuard4,0,303.65,14.9383,0.00,7,100.00,true
100,4,OldGuard4,1,-14.54,0.0437,34.62,6,33.33,false
100,4,OldGuard4,2,45.81,2.4090,30.65,9,33.33,true
100,4,OldGuard4,3,281.79,19.6012,19.05,6,83.33,true
100,4,OldGuard4,4,-53.14,-17.1785,53.14,6,16.67,false
100,4,OldGuard4,5,8.64,1.9165,22.06,6,66.67,true
