em,universe,window,return_pct,sharpe,max_dd_pct,trades,win_rate_pct,pass
0.00,Base5,0,379.5913,9.4792,54.60,14,57.14,true
0.00,Base5,1,925.6927,7.3288,11.73,11,63.64,true
0.00,Base5,2,213.4453,7.5610,25.05,12,75.00,true
0.00,Base5,3,68.7150,5.2642,40.25,15,66.67,true
0.00,Base5,4,3.3715,1.3314,29.61,13,53.85,true
0.00,Base5,5,3.1592,1.4874,27.10,13,38.46,true
0.00,NoDOGE,0,379.5913,9.4792,54.60,14,57.14,true
0.00,NoDOGE,1,-18.2889,-3.8160,26.61,9,44.44,false
0.00,NoDOGE,2,142.8462,5.8302,25.05,13,53.85,true
0.00,NoDOGE,3,185.3008,9.4825,31.91,14,78.57,true
0.00,NoDOGE,4,3.3715,1.3314,29.61,13,53.85,true
0.00,NoDOGE,5,3.1592,1.4874,27.10,13,38.46,true
0.00,Legacy4,0,129.0441,9.7389,10.77,14,57.14,true
0.00,Legacy4,1,18.6460,2.9607,27.97,13,46.15,true
0.00,Legacy4,2,133.1082,5.6641,25.05,12,50.00,true
0.00,Legacy4,3,74.5326,5.8099,42.16,14,57.14,true
0.00,Legacy4,4,31.5061,4.1342,27.05,12,58.33,true
0.00,Legacy4,5,-31.7390,-3.0525,35.32,14,21.43,false
0.00,Legacy5BNB,0,245.7301,13.0194,10.53,14,64.29,true
0.00,Legacy5BNB,1,18.6499,3.3978,22.71,11,36.36,true
0.00,Legacy5BNB,2,133.1082,5.6641,25.05,12,50.00,true
0.00,Legacy5BNB,3,154.1722,10.4739,17.58,13,61.54,true
0.00,Legacy5BNB,4,50.1173,6.5371,14.84,10,60.00,true
0.00,Legacy5BNB,5,-57.0628,-9.4403,57.64,12,25.00,false
0.00,OldGuardNoBNB,0,238.1288,8.3334,39.12,15,53.33,true
0.00,OldGuardNoBNB,1,-56.9111,-10.2018,57.66,13,30.77,false
0.00,OldGuardNoBNB,2,133.1082,5.6641,25.05,12,50.00,true
0.00,OldGuardNoBNB,3,74.5326,5.8099,42.16,14,57.14,true
0.00,OldGuardNoBNB,4,31.5061,4.1342,27.05,12,58.33,true
0.00,OldGuardNoBNB,5,-60.8128,-10.0923,60.81,15,20.00,false
0.00,LargeCaps5,0,379.5913,9.4792,54.60,14,57.14,true
0.00,LargeCaps5,1,-18.2889,-3.8160,26.61,9,44.44,false
0.00,LargeCaps5,2,142.8462,5.8302,25.05,13,53.85,true
0.00,LargeCaps5,3,72.2119,5.6281,39.57,13,69.23,true
0.00,LargeCaps5,4,15.6487,2.6896,23.49,12,58.33,true
0.00,LargeCaps5,5,3.1592,1.4874,27.10,13,38.46,true
0.00,Legacy3,0,298.3227,14.6048,9.04,13,69.23,true
0.00,Legacy3,1,1.1921,1.4398,29.93,13,46.15,true
0.00,Legacy3,2,68.2893,3.8552,29.00,15,33.33,true
0.00,Legacy3,3,93.1903,5.8778,44.33,15,46.67,true
0.00,Legacy3,4,-46.4541,-5.0444,49.53,12,25.00,false
0.00,Legacy3,5,-52.8482,-4.8005,58.45,16,25.00,false
0.00,LowVolume5,0,206.8880,8.2933,24.37,16,56.25,true
0.00,LowVolume5,1,-8.6510,0.1881,39.97,14,50.00,false
0.00,LowVolume5,2,464.1513,10.7860,31.65,15,60.00,true
0.00,LowVolume5,3,448.5580,9.6018,46.40,14,50.00,true
0.00,LowVolume5,4,-48.5591,-4.5931,49.42,13,30.77,false
0.00,LowVolume5,5,-71.3560,-6.4573,79.33,18,22.22,false
0.00,OldGuard4,0,167.7465,7.2335,35.13,15,53.33,true
0.00,OldGuard4,1,-17.4653,-0.9115,35.19,12,50.00,false
0.00,OldGuard4,2,73.1319,3.9605,28.85,15,40.00,true
0.00,OldGuard4,3,93.1903,5.8778,44.33,15,46.67,true
0.00,OldGuard4,4,-53.0784,-6.1421,53.08,13,15.38,false
0.00,OldGuard4,5,-72.9311,-9.9236,76.15,17,23.53,false
0.01,Base5,0,379.5913,9.4792,54.60,14,57.14,true
0.01,Base5,1,925.6927,7.3288,11.73,11,63.64,true
0.01,Base5,2,213.4453,7.5610,25.05,12,75.00,true
0.01,Base5,3,68.7150,5.2642,40.25,15,66.67,true
0.01,Base5,4,7.4113,1.7658,29.61,13,53.85,true
0.01,Base5,5,3.1592,1.4874,27.10,13,38.46,true
0.01,NoDOGE,0,379.5913,9.4792,54.60,14,57.14,true
0.01,NoDOGE,1,-18.2889,-3.8160,26.61,9,44.44,false
0.01,NoDOGE,2,142.8462,5.8302,25.05,13,53.85,true
0.01,NoDOGE,3,185.3008,9.4825,31.91,14,78.57,true
0.01,NoDOGE,4,7.4113,1.7658,29.61,13,53.85,true
0.01,NoDOGE,5,3.1592,1.4874,27.10,13,38.46,true
0.01,Legacy4,0,129.0441,9.7389,10.77,14,57.14,true
0.01,Legacy4,1,18.6460,2.9607,27.97,13,46.15,true
0.01,Legacy4,2,133.1082,5.6641,25.05,12,50.00,true
0.01,Legacy4,3,74.5326,5.8099,42.16,14,57.14,true
0.01,Legacy4,4,36.6454,4.5794,27.05,12,58.33,true
0.01,Legacy4,5,-31.7390,-3.0525,35.32,14,21.43,false
0.01,Legacy5BNB,0,245.7301,13.0194,10.53,14,64.29,true
0.01,Legacy5BNB,1,18.6499,3.3978,22.71,11,36.36,true
0.01,Legacy5BNB,2,133.1082,5.6641,25.05,12,50.00,true
0.01,Legacy5BNB,3,154.1722,10.4739,17.58,13,61.54,true
0.01,Legacy5BNB,4,55.9840,7.0776,14.84,10,60.00,true
0.01,Legacy5BNB,5,-57.0628,-9.4403,57.64,12,25.00,false
0.01,OldGuardNoBNB,0,238.1288,8.3334,39.12,15,53.33,true
0.01,OldGuardNoBNB,1,-56.9111,-10.2018,57.66,13,30.77,false
0.01,OldGuardNoBNB,2,133.1082,5.6641,25.05,12,50.00,true
0.01,OldGuardNoBNB,3,74.5326,5.8099,42.16,14,57.14,true
0.01,OldGuardNoBNB,4,36.6454,4.5794,27.05,12,58.33,true
0.01,OldGuardNoBNB,5,-60.8128,-10.0923,60.81,15,20.00,false
0.01,LargeCaps5,0,379.5913,9.4792,54.60,14,57.14,true
0.01,LargeCaps5,1,-18.2889,-3.8160,26.61,9,44.44,false
0.01,LargeCaps5,2,142.8462,5.8302,25.05,13,53.85,true
0.01,LargeCaps5,3,72.2119,5.6281,39.57,13,69.23,true
0.01,LargeCaps5,4,20.1683,3.1545,23.49,12,58.33,true
0.01,LargeCaps5,5,3.1592,1.4874,27.10,13,38.46,true
0.01,Legacy3,0,298.3227,14.6048,9.04,13,69.23,true
0.01,Legacy3,1,1.1921,1.4398,29.93,13,46.15,true
0.01,Legacy3,2,68.2893,3.8552,29.00,15,33.33,true
0.01,Legacy3,3,93.1903,5.8778,44.33,15,46.67,true
0.01,Legacy3,4,-46.4541,-5.0444,49.53,12,25.00,false
0.01,Legacy3,5,-52.8482,-4.8005,58.45,16,25.00,false
0.01,LowVolume5,0,206.8880,8.2933,24.37,16,56.25,true
0.01,LowVolume5,1,-8.6510,0.1881,39.97,14,50.00,false
0.01,LowVolume5,2,464.1513,10.7860,31.65,15,60.00,true
0.01,LowVolume5,3,454.9133,9.6579,45.78,14,50.00,true
0.01,LowVolume5,4,-48.5591,-4.5931,49.42,13,30.77,false
0.01,LowVolume5,5,-71.3560,-6.4573,79.33,18,22.22,false
0.01,OldGuard4,0,167.7465,7.2335,35.13,15,53.33,true
0.01,OldGuard4,1,-17.4653,-0.9115,35.19,12,50.00,false
0.01,OldGuard4,2,73.1319,3.9605,28.85,15,40.00,true
0.01,OldGuard4,3,93.1903,5.8778,44.33,15,46.67,true
0.01,OldGuard4,4,-53.0784,-6.1421,53.08,13,15.38,false
0.01,OldGuard4,5,-72.9311,-9.9236,76.15,17,23.53,false
0.02,Base5,0,379.5913,9.4792,54.60,14,57.14,true
0.02,Base5,1,925.6927,7.3288,11.73,11,63.64,true
0.02,Base5,2,213.4453,7.5610,25.05,12,75.00,true
0.02,Base5,3,68.7150,5.2642,40.25,15,66.67,true
0.02,Base5,4,3.8363,1.4052,29.61,13,53.85,true
0.02,Base5,5,5.5253,1.8275,25.43,12,41.67,true
0.02,NoDOGE,0,379.5913,9.4792,54.60,14,57.14,true
0.02,NoDOGE,1,-18.2889,-3.8160,26.61,9,44.44,false
0.02,NoDOGE,2,142.8462,5.8302,25.05,13,53.85,true
0.02,NoDOGE,3,185.3008,9.4825,31.91,14,78.57,true
0.02,NoDOGE,4,3.8363,1.4052,29.61,13,53.85,true
0.02,NoDOGE,5,5.5253,1.8275,25.43,12,41.67,true
0.02,Legacy4,0,129.0441,9.7389,10.77,14,57.14,true
0.02,Legacy4,1,18.6460,2.9607,27.97,13,46.15,true
0.02,Legacy4,2,133.1082,5.6641,25.05,12,50.00,true
0.02,Legacy4,3,74.5326,5.8099,42.16,14,57.14,true
0.02,Legacy4,4,32.0975,4.1891,27.05,12,58.33,true
0.02,Legacy4,5,-30.1734,-2.9596,33.84,13,23.08,false
0.02,Legacy5BNB,0,245.7301,13.0194,10.53,14,64.29,true
0.02,Legacy5BNB,1,18.6499,3.3978,22.71,11,36.36,true
0.02,Legacy5BNB,2,133.1082,5.6641,25.05,12,50.00,true
0.02,Legacy5BNB,3,154.1722,10.4739,17.58,13,61.54,true
0.02,Legacy5BNB,4,50.7924,6.5770,16.23,10,60.00,true
0.02,Legacy5BNB,5,-56.0780,-9.8388,56.67,11,27.27,false
0.02,OldGuardNoBNB,0,238.1288,8.3334,39.12,15,53.33,true
0.02,OldGuardNoBNB,1,-56.9111,-10.2018,57.66,13,30.77,false
0.02,OldGuardNoBNB,2,133.1082,5.6641,25.05,12,50.00,true
0.02,OldGuardNoBNB,3,74.5326,5.8099,42.16,14,57.14,true
0.02,OldGuardNoBNB,4,32.0975,4.1891,27.05,12,58.33,true
0.02,OldGuardNoBNB,5,-59.9140,-10.3681,59.91,14,21.43,false
0.02,LargeCaps5,0,379.5913,9.4792,54.60,14,57.14,true
0.02,LargeCaps5,1,-18.2889,-3.8160,26.61,9,44.44,false
0.02,LargeCaps5,2,142.8462,5.8302,25.05,13,53.85,true
0.02,LargeCaps5,3,72.2119,5.6281,39.57,13,69.23,true
0.02,LargeCaps5,4,16.1687,2.7522,23.49,12,58.33,true
0.02,LargeCaps5,5,5.5253,1.8275,25.43,12,41.67,true
0.02,Legacy3,0,298.3227,14.6048,9.04,13,69.23,true
0.02,Legacy3,1,1.1921,1.4398,29.93,13,46.15,true
0.02,Legacy3,2,68.2893,3.8552,29.00,15,33.33,true
0.02,Legacy3,3,93.1903,5.8778,44.33,15,46.67,true
0.02,Legacy3,4,-48.2363,-5.3729,51.21,12,25.00,false
0.02,Legacy3,5,-52.8482,-4.8005,58.45,16,25.00,false
0.02,LowVolume5,0,206.8880,8.2933,24.37,16,56.25,true
0.02,LowVolume5,1,-8.6510,0.1881,39.97,14,50.00,false
0.02,LowVolume5,2,464.1513,10.7860,31.65,15,60.00,true
0.02,LowVolume5,3,454.9133,9.6579,45.78,14,50.00,true
0.02,LowVolume5,4,-48.5591,-4.5931,49.42,13,30.77,false
0.02,LowVolume5,5,-71.3560,-6.4573,79.33,18,22.22,false
0.02,OldGuard4,0,167.7465,7.2335,35.13,15,53.33,true
0.02,OldGuard4,1,-17.4653,-0.9115,35.19,12,50.00,false
0.02,OldGuard4,2,73.1319,3.9605,28.85,15,40.00,true
0.02,OldGuard4,3,93.1903,5.8778,44.33,15,46.67,true
0.02,OldGuard4,4,-54.6401,-6.4673,54.64,13,15.38,false
0.02,OldGuard4,5,-72.9311,-9.9236,76.15,17,23.53,false
0.03,Base5,0,379.5913,9.4792,54.60,14,57.14,true
0.03,Base5,1,925.6927,7.3288,11.73,11,63.64,true
0.03,Base5,2,213.4453,7.5610,25.05,12,75.00,true
0.03,Base5,3,46.4878,4.3346,47.43,15,60.00,true
0.03,Base5,4,3.8363,1.4052,29.61,13,53.85,true
0.03,Base5,5,5.5253,1.8275,25.43,12,41.67,true
0.03,NoDOGE,0,379.5913,9.4792,54.60,14,57.14,true
0.03,NoDOGE,1,-18.2889,-3.8160,26.61,9,44.44,false
0.03,NoDOGE,2,142.8462,5.8302,25.05,13,53.85,true
0.03,NoDOGE,3,147.7141,8.2516,31.91,14,71.43,true
0.03,NoDOGE,4,3.8363,1.4052,29.61,13,53.85,true
0.03,NoDOGE,5,5.5253,1.8275,25.43,12,41.67,true
0.03,Legacy4,0,129.0441,9.7389,10.77,14,57.14,true
0.03,Legacy4,1,18.6460,2.9607,27.97,13,46.15,true
0.03,Legacy4,2,133.1082,5.6641,25.05,12,50.00,true
0.03,Legacy4,3,74.5326,5.8099,42.16,14,57.14,true
0.03,Legacy4,4,32.0975,4.1891,27.05,12,58.33,true
0.03,Legacy4,5,-30.1734,-2.9596,33.84,13,23.08,false
0.03,Legacy5BNB,0,245.7301,13.0194,10.53,14,64.29,true
0.03,Legacy5BNB,1,18.6499,3.3978,22.71,11,36.36,true
0.03,Legacy5BNB,2,133.1082,5.6641,25.05,12,50.00,true
0.03,Legacy5BNB,3,154.1722,10.4739,17.58,13,61.54,true
0.03,Legacy5BNB,4,50.7924,6.5770,16.23,10,60.00,true
0.03,Legacy5BNB,5,-56.0780,-9.8388,56.67,11,27.27,false
0.03,OldGuardNoBNB,0,238.1288,8.3334,39.12,15,53.33,true
0.03,OldGuardNoBNB,1,-56.9111,-10.2018,57.66,13,30.77,false
0.03,OldGuardNoBNB,2,133.1082,5.6641,25.05,12,50.00,true
0.03,OldGuardNoBNB,3,74.5326,5.8099,42.16,14,57.14,true
0.03,OldGuardNoBNB,4,32.0975,4.1891,27.05,12,58.33,true
0.03,OldGuardNoBNB,5,-59.9140,-10.3681,59.91,14,21.43,false
0.03,LargeCaps5,0,379.5913,9.4792,54.60,14,57.14,true
0.03,LargeCaps5,1,-18.2889,-3.8160,26.61,9,44.44,false
0.03,LargeCaps5,2,142.8462,5.8302,25.05,13,53.85,true
0.03,LargeCaps5,3,72.2119,5.6281,39.57,13,69.23,true
0.03,LargeCaps5,4,16.1687,2.7522,23.49,12,58.33,true
0.03,LargeCaps5,5,5.5253,1.8275,25.43,12,41.67,true
0.03,Legacy3,0,298.3227,14.6048,9.04,13,69.23,true
0.03,Legacy3,1,1.1921,1.4398,29.93,13,46.15,true
0.03,Legacy3,2,68.2893,3.8552,29.00,15,33.33,true
0.03,Legacy3,3,93.1903,5.8778,44.33,15,46.67,true
0.03,Legacy3,4,-48.2363,-5.3729,51.21,12,25.00,false
0.03,Legacy3,5,-52.8482,-4.8005,58.45,16,25.00,false
0.03,LowVolume5,0,179.5747,7.0783,24.37,16,56.25,true
0.03,LowVolume5,1,-8.6510,0.1881,39.97,14,50.00,false
0.03,LowVolume5,2,464.1513,10.7860,31.65,15,60.00,true
0.03,LowVolume5,3,349.9803,8.8470,45.78,14,50.00,true
0.03,LowVolume5,4,-48.5591,-4.5931,49.42,13,30.77,false
0.03,LowVolume5,5,-70.2550,-6.4730,79.33,17,23.53,false
0.03,OldGuard4,0,167.7465,7.2335,35.13,15,53.33,true
0.03,OldGuard4,1,-17.4653,-0.9115,35.19,12,50.00,false
0.03,OldGuard4,2,73.1319,3.9605,28.85,15,40.00,true
0.03,OldGuard4,3,93.1903,5.8778,44.33,15,46.67,true
0.03,OldGuard4,4,-54.6401,-6.4673,54.64,13,15.38,false
0.03,OldGuard4,5,-72.9311,-9.9236,76.15,17,23.53,false
0.04,Base5,0,379.5913,9.4792,54.60,14,57.14,true
0.04,Base5,1,925.6927,7.3288,11.73,11,63.64,true
0.04,Base5,2,228.0940,7.8437,25.05,12,75.00,true
0.04,Base5,3,46.4878,4.3346,47.43,15,60.00,true
0.04,Base5,4,79.3192,8.2089,14.84,12,66.67,true
0.04,Base5,5,5.5253,1.8275,25.43,12,41.67,true
0.04,NoDOGE,0,379.5913,9.4792,54.60,14,57.14,true
0.04,NoDOGE,1,-18.2889,-3.8160,26.61,9,44.44,false
0.04,NoDOGE,2,142.8462,5.8302,25.05,13,53.85,true
0.04,NoDOGE,3,147.7141,8.2516,31.91,14,71.43,true
0.04,NoDOGE,4,79.3192,8.2089,14.84,12,66.67,true
0.04,NoDOGE,5,5.5253,1.8275,25.43,12,41.67,true
0.04,Legacy4,0,129.0441,9.7389,10.77,14,57.14,true
0.04,Legacy4,1,18.6460,2.9607,27.97,13,46.15,true
0.04,Legacy4,2,133.1082,5.6641,25.05,12,50.00,true
0.04,Legacy4,3,74.5326,5.8099,42.16,14,57.14,true
0.04,Legacy4,4,32.0975,4.1891,27.05,12,58.33,true
0.04,Legacy4,5,-30.1734,-2.9596,33.84,13,23.08,false
0.04,Legacy5BNB,0,245.7301,13.0194,10.53,14,64.29,true
0.04,Legacy5BNB,1,18.6499,3.3978,22.71,11,36.36,true
0.04,Legacy5BNB,2,133.1082,5.6641,25.05,12,50.00,true
0.04,Legacy5BNB,3,154.1722,10.4739,17.58,13,61.54,true
0.04,Legacy5BNB,4,50.7924,6.5770,16.23,10,60.00,true
0.04,Legacy5BNB,5,-56.0780,-9.8388,56.67,11,27.27,false
0.04,OldGuardNoBNB,0,238.1288,8.3334,39.12,15,53.33,true
0.04,OldGuardNoBNB,1,-56.9111,-10.2018,57.66,13,30.77,false
0.04,OldGuardNoBNB,2,133.1082,5.6641,25.05,12,50.00,true
0.04,OldGuardNoBNB,3,74.5326,5.8099,42.16,14,57.14,true
0.04,OldGuardNoBNB,4,32.0975,4.1891,27.05,12,58.33,true
0.04,OldGuardNoBNB,5,-59.9140,-10.3681,59.91,14,21.43,false
0.04,LargeCaps5,0,379.5913,9.4792,54.60,14,57.14,true
0.04,LargeCaps5,1,-18.2889,-3.8160,26.61,9,44.44,false
0.04,LargeCaps5,2,142.8462,5.8302,25.05,13,53.85,true
0.04,LargeCaps5,3,72.2119,5.6281,39.57,13,69.23,true
0.04,LargeCaps5,4,52.7421,6.0491,14.84,12,58.33,true
0.04,LargeCaps5,5,5.5253,1.8275,25.43,12,41.67,true
0.04,Legacy3,0,298.3227,14.6048,9.04,13,69.23,true
0.04,Legacy3,1,1.1921,1.4398,29.93,13,46.15,true
0.04,Legacy3,2,68.2893,3.8552,29.00,15,33.33,true
0.04,Legacy3,3,93.1903,5.8778,44.33,15,46.67,true
0.04,Legacy3,4,-48.2363,-5.3729,51.21,12,25.00,false
0.04,Legacy3,5,-52.8482,-4.8005,58.45,16,25.00,false
0.04,LowVolume5,0,179.5747,7.0783,24.37,16,56.25,true
0.04,LowVolume5,1,-8.6510,0.1881,39.97,14,50.00,false
0.04,LowVolume5,2,464.1513,10.7860,31.65,15,60.00,true
0.04,LowVolume5,3,349.9803,8.8470,45.78,14,50.00,true
0.04,LowVolume5,4,-48.5591,-4.5931,49.42,13,30.77,false
0.04,LowVolume5,5,-71.7738,-6.7719,80.38,17,23.53,false
0.04,OldGuard4,0,167.7465,7.2335,35.13,15,53.33,true
0.04,OldGuard4,1,-17.4653,-0.9115,35.19,12,50.00,false
0.04,OldGuard4,2,73.1319,3.9605,28.85,15,40.00,true
0.04,OldGuard4,3,93.1903,5.8778,44.33,15,46.67,true
0.04,OldGuard4,4,-54.6401,-6.4673,54.64,13,15.38,false
0.04,OldGuard4,5,-72.9311,-9.9236,76.15,17,23.53,false
0.05,Base5,0,383.0829,9.5130,54.60,14,57.14,true
0.05,Base5,1,925.6927,7.3288,11.73,11,63.64,true
0.05,Base5,2,228.0940,7.8437,25.05,12,75.00,true
0.05,Base5,3,41.6629,4.1349,47.43,15,60.00,true
0.05,Base5,4,79.3192,8.2089,14.84,12,66.67,true
0.05,Base5,5,5.5253,1.8275,25.43,12,41.67,true
0.05,NoDOGE,0,383.0829,9.5130,54.60,14,57.14,true
0.05,NoDOGE,1,-21.6821,-4.2801,29.66,9,44.44,false
0.05,NoDOGE,2,142.8462,5.8302,25.05,13,53.85,true
0.05,NoDOGE,3,139.5552,8.1169,31.91,14,71.43,true
0.05,NoDOGE,4,79.3192,8.2089,14.84,12,66.67,true
0.05,NoDOGE,5,5.5253,1.8275,25.43,12,41.67,true
0.05,Legacy4,0,132.9201,9.8577,10.77,14,57.14,true
0.05,Legacy4,1,13.7190,2.6175,30.97,13,46.15,true
0.05,Legacy4,2,133.1082,5.6641,25.05,12,50.00,true
0.05,Legacy4,3,68.7840,5.6282,42.16,14,57.14,true
0.05,Legacy4,4,32.0975,4.1891,27.05,12,58.33,true
0.05,Legacy4,5,-33.4726,-3.4730,33.84,13,23.08,false
0.05,Legacy5BNB,0,245.7301,13.0194,10.53,14,64.29,true
0.05,Legacy5BNB,1,13.7227,2.9752,23.07,11,36.36,true
0.05,Legacy5BNB,2,133.1082,5.6641,25.05,12,50.00,true
0.05,Legacy5BNB,3,145.8006,10.4323,17.58,13,61.54,true
0.05,Legacy5BNB,4,50.7924,6.5770,16.23,10,60.00,true
0.05,Legacy5BNB,5,-56.0780,-9.8388,56.67,11,27.27,false
0.05,OldGuardNoBNB,0,238.1288,8.3334,39.12,15,53.33,true
0.05,OldGuardNoBNB,1,-58.7005,-10.2815,59.42,13,30.77,false
0.05,OldGuardNoBNB,2,133.1082,5.6641,25.05,12,50.00,true
0.05,OldGuardNoBNB,3,68.7840,5.6282,42.16,14,57.14,true
0.05,OldGuardNoBNB,4,32.0975,4.1891,27.05,12,58.33,true
0.05,OldGuardNoBNB,5,-54.0724,-9.4926,54.07,13,23.08,false
0.05,LargeCaps5,0,383.0829,9.5130,54.60,14,57.14,true
0.05,LargeCaps5,1,-21.6821,-4.2801,29.66,9,44.44,false
0.05,LargeCaps5,2,142.8462,5.8302,25.05,13,53.85,true
0.05,LargeCaps5,3,66.5397,5.4328,39.57,13,69.23,true
0.05,LargeCaps5,4,52.7421,6.0491,14.84,12,58.33,true
0.05,LargeCaps5,5,5.5253,1.8275,25.43,12,41.67,true
0.05,Legacy3,0,305.0633,14.7314,9.04,13,69.23,true
0.05,Legacy3,1,-13.5799,0.1043,31.45,13,38.46,false
0.05,Legacy3,2,68.2893,3.8552,29.00,15,33.33,true
0.05,Legacy3,3,93.1903,5.8778,44.33,15,46.67,true
0.05,Legacy3,4,-48.2363,-5.3729,51.21,12,25.00,false
0.05,Legacy3,5,-56.8962,-5.4967,62.02,16,25.00,false
0.05,LowVolume5,0,182.2509,7.1294,24.37,16,56.25,true
0.05,LowVolume5,1,-21.9861,-1.0940,47.74,14,42.86,false
0.05,LowVolume5,2,464.1513,10.7860,31.65,15,60.00,true
0.05,LowVolume5,3,294.9015,8.2540,45.78,14,50.00,true
0.05,LowVolume5,4,-48.5591,-4.5931,49.42,13,30.77,false
0.05,LowVolume5,5,-70.2872,-6.6827,79.35,17,23.53,false
0.05,OldGuard4,0,170.3095,7.2887,35.13,15,53.33,true
0.05,OldGuard4,1,-17.4653,-0.9115,35.19,12,50.00,false
0.05,OldGuard4,2,73.1319,3.9605,28.85,15,40.00,true
0.05,OldGuard4,3,93.1903,5.8778,44.33,15,46.67,true
0.05,OldGuard4,4,-54.6401,-6.4673,54.64,13,15.38,false
0.05,OldGuard4,5,-58.5586,-4.7698,63.58,17,29.41,false
0.06,Base5,0,383.0829,9.5130,54.60,14,57.14,true
0.06,Base5,1,925.6927,7.3288,11.73,11,63.64,true
0.06,Base5,2,228.0940,7.8437,25.05,12,75.00,true
0.06,Base5,3,41.6629,4.1349,47.43,15,60.00,true
0.06,Base5,4,79.3192,8.2089,14.84,12,66.67,true
0.06,Base5,5,5.5253,1.8275,25.43,12,41.67,true
0.06,NoDOGE,0,383.0829,9.5130,54.60,14,57.14,true
0.06,NoDOGE,1,-21.6821,-4.2801,29.66,9,44.44,false
0.06,NoDOGE,2,142.8462,5.8302,25.05,13,53.85,true
0.06,NoDOGE,3,139.5552,8.1169,31.91,14,71.43,true
0.06,NoDOGE,4,79.3192,8.2089,14.84,12,66.67,true
0.06,NoDOGE,5,5.5253,1.8275,25.43,12,41.67,true
0.06,Legacy4,0,132.9201,9.8577,10.77,14,57.14,true
0.06,Legacy4,1,13.7190,2.6175,30.97,13,46.15,true
0.06,Legacy4,2,133.1082,5.6641,25.05,12,50.00,true
0.06,Legacy4,3,66.6026,5.5095,42.91,14,57.14,true
0.06,Legacy4,4,32.0975,4.1891,27.05,12,58.33,true
0.06,Legacy4,5,-33.4726,-3.4730,33.84,13,23.08,false
0.06,Legacy5BNB,0,245.7301,13.0194,10.53,14,64.29,true
0.06,Legacy5BNB,1,13.7227,2.9752,23.07,11,36.36,true
0.06,Legacy5BNB,2,133.1082,5.6641,25.05,12,50.00,true
0.06,Legacy5BNB,3,145.8006,10.4323,17.58,13,61.54,true
0.06,Legacy5BNB,4,50.7924,6.5770,16.23,10,60.00,true
0.06,Legacy5BNB,5,-56.0780,-9.8388,56.67,11,27.27,false
0.06,OldGuardNoBNB,0,238.1288,8.3334,39.12,15,53.33,true
0.06,OldGuardNoBNB,1,-58.7005,-10.2815,59.42,13,30.77,false
0.06,OldGuardNoBNB,2,133.1082,5.6641,25.05,12,50.00,true
0.06,OldGuardNoBNB,3,66.6026,5.5095,42.91,14,57.14,true
0.06,OldGuardNoBNB,4,32.0975,4.1891,27.05,12,58.33,true
0.06,OldGuardNoBNB,5,-54.0724,-9.4926,54.07,13,23.08,false
0.06,LargeCaps5,0,383.0829,9.5130,54.60,14,57.14,true
0.06,LargeCaps5,1,-21.6821,-4.2801,29.66,9,44.44,false
0.06,LargeCaps5,2,142.8462,5.8302,25.05,13,53.85,true
0.06,LargeCaps5,3,66.5397,5.4328,39.57,13,69.23,true
0.06,LargeCaps5,4,52.7421,6.0491,14.84,12,58.33,true
0.06,LargeCaps5,5,5.5253,1.8275,25.43,12,41.67,true
0.06,Legacy3,0,281.9144,13.8912,9.04,13,69.23,true
0.06,Legacy3,1,-13.5799,0.1043,31.45,13,38.46,false
0.06,Legacy3,2,68.2893,3.8552,29.00,15,33.33,true
0.06,Legacy3,3,124.2258,7.2440,35.38,14,50.00,true
0.06,Legacy3,4,-48.2363,-5.3729,51.21,12,25.00,false
0.06,Legacy3,5,-56.8962,-5.4967,62.02,16,25.00,false
0.06,LowVolume5,0,166.1206,6.8182,24.37,16,56.25,true
0.06,LowVolume5,1,-21.9861,-1.0940,47.74,14,42.86,false
0.06,LowVolume5,2,464.1513,10.7860,31.65,15,60.00,true
0.06,LowVolume5,3,294.9015,8.2540,45.78,14,50.00,true
0.06,LowVolume5,4,-48.5591,-4.5931,49.42,13,30.77,false
0.06,LowVolume5,5,-70.2872,-6.6827,79.35,17,23.53,false
0.06,OldGuard4,0,170.3095,7.2887,35.13,15,53.33,true
0.06,OldGuard4,1,-17.4653,-0.9115,35.19,12,50.00,false
0.06,OldGuard4,2,73.1319,3.9605,28.85,15,40.00,true
0.06,OldGuard4,3,124.2258,7.2440,35.38,14,50.00,true
0.06,OldGuard4,4,-54.6401,-6.4673,54.64,13,15.38,false
0.06,OldGuard4,5,-58.5586,-4.7698,63.58,17,29.41,false
0.07,Base5,0,226.0924,8.4926,54.60,14,57.14,true
0.07,Base5,1,925.6927,7.3288,11.73,11,63.64,true
0.07,Base5,2,301.6793,9.3736,25.05,12,91.67,true
0.07,Base5,3,41.6629,4.1349,47.43,15,60.00,true
0.07,Base5,4,181.4672,17.4759,9.34,11,72.73,true
0.07,Base5,5,-2.4213,0.9888,31.04,12,41.67,false
0.07,NoDOGE,0,226.0924,8.4926,54.60,14,57.14,true
0.07,NoDOGE,1,-21.6821,-4.2801,29.66,9,44.44,false
0.07,NoDOGE,2,239.3192,7.3759,25.05,13,69.23,true
0.07,NoDOGE,3,139.5552,8.1169,31.91,14,71.43,true
0.07,NoDOGE,4,181.4672,17.4759,9.34,11,72.73,true
0.07,NoDOGE,5,-2.4213,0.9888,31.04,12,41.67,false
0.07,Legacy4,0,132.9201,9.8577,10.77,14,57.14,true
0.07,Legacy4,1,13.7190,2.6175,30.97,13,46.15,true
0.07,Legacy4,2,158.5790,6.1443,25.05,12,58.33,true
0.07,Legacy4,3,66.6026,5.5095,42.91,14,57.14,true
0.07,Legacy4,4,38.7821,5.6003,19.85,11,54.55,true
0.07,Legacy4,5,-33.4726,-3.4730,33.84,13,23.08,false
0.07,Legacy5BNB,0,245.7301,13.0194,10.53,14,64.29,true
0.07,Legacy5BNB,1,13.7227,2.9752,23.07,11,36.36,true
0.07,Legacy5BNB,2,158.5790,6.1443,25.05,12,58.33,true
0.07,Legacy5BNB,3,145.8006,10.4323,17.58,13,61.54,true
0.07,Legacy5BNB,4,92.1212,12.8848,16.23,9,66.67,true
0.07,Legacy5BNB,5,-56.0780,-9.8388,56.67,11,27.27,false
0.07,OldGuardNoBNB,0,238.1288,8.3334,39.12,15,53.33,true
0.07,OldGuardNoBNB,1,-58.7005,-10.2815,59.42,13,30.77,false
0.07,OldGuardNoBNB,2,158.5790,6.1443,25.05,12,58.33,true
0.07,OldGuardNoBNB,3,66.6026,5.5095,42.91,14,57.14,true
0.07,OldGuardNoBNB,4,38.7821,5.6003,19.85,11,54.55,true
0.07,OldGuardNoBNB,5,-54.0724,-9.4926,54.07,13,23.08,false
0.07,LargeCaps5,0,226.0924,8.4926,54.60,14,57.14,true
0.07,LargeCaps5,1,-21.6821,-4.2801,29.66,9,44.44,false
0.07,LargeCaps5,2,239.3192,7.3759,25.05,13,69.23,true
0.07,LargeCaps5,3,66.5397,5.4328,39.57,13,69.23,true
0.07,LargeCaps5,4,127.9446,13.2897,9.36,11,63.64,true
0.07,LargeCaps5,5,-2.4213,0.9888,31.04,12,41.67,false
0.07,Legacy3,0,281.9144,13.8912,9.04,13,69.23,true
0.07,Legacy3,1,-13.5799,0.1043,31.45,13,38.46,false
0.07,Legacy3,2,66.7455,3.8489,29.00,15,33.33,true
0.07,Legacy3,3,124.2258,7.2440,35.38,14,50.00,true
0.07,Legacy3,4,-48.2363,-5.3729,51.21,12,25.00,false
0.07,Legacy3,5,-56.8962,-5.4967,62.02,16,25.00,false
0.07,LowVolume5,0,133.5297,6.1429,24.37,16,56.25,true
0.07,LowVolume5,1,-22.6623,-1.1735,48.20,14,35.71,false
0.07,LowVolume5,2,492.9544,11.0996,25.30,14,64.29,true
0.07,LowVolume5,3,294.9015,8.2540,45.78,14,50.00,true
0.07,LowVolume5,4,-48.5591,-4.5931,49.42,13,30.77,false
0.07,LowVolume5,5,-70.6217,-6.4551,79.58,17,23.53,false
0.07,OldGuard4,0,144.5147,6.6844,35.13,15,53.33,true
0.07,OldGuard4,1,10.1618,2.6649,15.01,11,54.55,true
0.07,OldGuard4,2,71.5437,3.9549,28.85,15,40.00,true
0.07,OldGuard4,3,124.2258,7.2440,35.38,14,50.00,true
0.07,OldGuard4,4,-54.6401,-6.4673,54.64,13,15.38,false
0.07,OldGuard4,5,-58.5586,-4.7698,63.58,17,29.41,false
0.08,Base5,0,226.0924,8.4926,54.60,14,57.14,true
0.08,Base5,1,925.6927,7.3288,11.73,11,63.64,true
0.08,Base5,2,301.6793,9.3736,25.05,12,91.67,true
0.08,Base5,3,45.8382,4.3087,47.43,15,60.00,true
0.08,Base5,4,181.4672,17.4759,9.34,11,72.73,true
0.08,Base5,5,-2.4213,0.9888,31.04,12,41.67,false
0.08,NoDOGE,0,226.0924,8.4926,54.60,14,57.14,true
0.08,NoDOGE,1,-1.7440,0.2608,16.21,8,50.00,false
0.08,NoDOGE,2,239.3192,7.3759,25.05,13,69.23,true
0.08,NoDOGE,3,146.6157,8.2352,31.91,14,71.43,true
0.08,NoDOGE,4,181.4672,17.4759,9.34,11,72.73,true
0.08,NoDOGE,5,-2.4213,0.9888,31.04,12,41.67,false
0.08,Legacy4,0,132.9201,9.8577,10.77,14,57.14,true
0.08,Legacy4,1,42.6695,4.7103,30.97,12,50.00,true
0.08,Legacy4,2,158.5790,6.1443,25.05,12,58.33,true
0.08,Legacy4,3,132.7055,8.9565,22.72,14,57.14,true
0.08,Legacy4,4,38.7821,5.6003,19.85,11,54.55,true
0.08,Legacy4,5,-33.4726,-3.4730,33.84,13,23.08,false
0.08,Legacy5BNB,0,245.7301,13.0194,10.53,14,64.29,true
0.08,Legacy5BNB,1,42.6742,5.5987,23.07,10,40.00,true
0.08,Legacy5BNB,2,158.5790,6.1443,25.05,12,58.33,true
0.08,Legacy5BNB,3,153.6415,10.4727,17.58,13,61.54,true
0.08,Legacy5BNB,4,92.1212,12.8848,16.23,9,66.67,true
0.08,Legacy5BNB,5,-56.0780,-9.8388,56.67,11,27.27,false
0.08,OldGuardNoBNB,0,238.1288,8.3334,39.12,15,53.33,true
0.08,OldGuardNoBNB,1,-48.1865,-8.2137,49.56,12,33.33,false
0.08,OldGuardNoBNB,2,158.5790,6.1443,25.05,12,58.33,true
0.08,OldGuardNoBNB,3,132.7055,8.9565,22.72,14,57.14,true
0.08,OldGuardNoBNB,4,38.7821,5.6003,19.85,11,54.55,true
0.08,OldGuardNoBNB,5,-54.0724,-9.4926,54.07,13,23.08,false
0.08,LargeCaps5,0,226.0924,8.4926,54.60,14,57.14,true
0.08,LargeCaps5,1,-1.7440,0.2608,16.21,8,50.00,false
0.08,LargeCaps5,2,239.3192,7.3759,25.05,13,69.23,true
0.08,LargeCaps5,3,71.8523,5.6163,39.57,13,69.23,true
0.08,LargeCaps5,4,127.9446,13.2897,9.36,11,63.64,true
0.08,LargeCaps5,5,-2.4213,0.9888,31.04,12,41.67,false
0.08,Legacy3,0,281.9144,13.8912,9.04,13,69.23,true
0.08,Legacy3,1,-13.5799,0.1043,31.45,13,38.46,false
0.08,Legacy3,2,55.9875,3.6312,29.00,15,33.33,true
0.08,Legacy3,3,124.2258,7.2440,35.38,14,50.00,true
0.08,Legacy3,4,-48.2363,-5.3729,51.21,12,25.00,false
0.08,Legacy3,5,-56.8962,-5.4967,62.02,16,25.00,false
0.08,LowVolume5,0,133.5297,6.1429,24.37,16,56.25,true
0.08,LowVolume5,1,-22.6623,-1.1735,48.20,14,35.71,false
0.08,LowVolume5,2,492.9544,11.0996,25.30,14,64.29,true
0.08,LowVolume5,3,294.9015,8.2540,45.78,14,50.00,true
0.08,LowVolume5,4,-48.5591,-4.5931,49.42,13,30.77,false
0.08,LowVolume5,5,-70.6217,-6.4551,79.58,17,23.53,false
0.08,OldGuard4,0,144.5147,6.6844,35.13,15,53.33,true
0.08,OldGuard4,1,10.1618,2.6649,15.01,11,54.55,true
0.08,OldGuard4,2,60.4761,3.7370,28.85,15,40.00,true
0.08,OldGuard4,3,124.2258,7.2440,35.38,14,50.00,true
0.08,OldGuard4,4,-54.6401,-6.4673,54.64,13,15.38,false
0.08,OldGuard4,5,-58.5586,-4.7698,63.58,17,29.41,false
0.09,Base5,0,198.3979,7.9921,58.45,14,57.14,true
0.09,Base5,1,925.6927,7.3288,11.73,11,63.64,true
0.09,Base5,2,301.6793,9.3736,25.05,12,91.67,true
0.09,Base5,3,45.8382,4.3087,47.43,15,60.00,true
0.09,Base5,4,181.4672,17.4759,9.34,11,72.73,true
0.09,Base5,5,-2.4213,0.9888,31.04,12,41.67,false
0.09,NoDOGE,0,198.3979,7.9921,58.45,14,57.14,true
0.09,NoDOGE,1,-1.7440,0.2608,16.21,8,50.00,false
0.09,NoDOGE,2,239.3192,7.3759,25.05,13,69.23,true
0.09,NoDOGE,3,146.6157,8.2352,31.91,14,71.43,true
0.09,NoDOGE,4,181.4672,17.4759,9.34,11,72.73,true
0.09,NoDOGE,5,-2.4213,0.9888,31.04,12,41.67,false
0.09,Legacy4,0,126.4833,9.8208,10.77,14,57.14,true
0.09,Legacy4,1,42.6695,4.7103,30.97,12,50.00,true
0.09,Legacy4,2,158.5790,6.1443,25.05,12,58.33,true
0.09,Legacy4,3,119.7170,8.3117,22.72,14,57.14,true
0.09,Legacy4,4,38.7821,5.6003,19.85,11,54.55,true
0.09,Legacy4,5,-33.4726,-3.4730,33.84,13,23.08,false
0.09,Legacy5BNB,0,236.1757,13.0111,10.53,14,64.29,true
0.09,Legacy5BNB,1,42.6742,5.5987,23.07,10,40.00,true
0.09,Legacy5BNB,2,158.5790,6.1443,25.05,12,58.33,true
0.09,Legacy5BNB,3,139.4845,9.7288,17.58,13,61.54,true
0.09,Legacy5BNB,4,92.1212,12.8848,16.23,9,66.67,true
0.09,Legacy5BNB,5,-56.0780,-9.8388,56.67,11,27.27,false
0.09,OldGuardNoBNB,0,228.7845,8.2021,39.12,15,53.33,true
0.09,OldGuardNoBNB,1,-48.1865,-8.2137,49.56,12,33.33,false
0.09,OldGuardNoBNB,2,158.5790,6.1443,25.05,12,58.33,true
0.09,OldGuardNoBNB,3,119.7170,8.3117,22.72,14,57.14,true
0.09,OldGuardNoBNB,4,38.7821,5.6003,19.85,11,54.55,true
0.09,OldGuardNoBNB,5,-54.0724,-9.4926,54.07,13,23.08,false
0.09,LargeCaps5,0,198.3979,7.9921,58.45,14,57.14,true
0.09,LargeCaps5,1,-1.7440,0.2608,16.21,8,50.00,false
0.09,LargeCaps5,2,239.3192,7.3759,25.05,13,69.23,true
0.09,LargeCaps5,3,71.8523,5.6163,39.57,13,69.23,true
0.09,LargeCaps5,4,127.9446,13.2897,9.36,11,63.64,true
0.09,LargeCaps5,5,-2.4213,0.9888,31.04,12,41.67,false
0.09,Legacy3,0,271.3601,13.8574,9.04,13,69.23,true
0.09,Legacy3,1,-13.5799,0.1043,31.45,13,38.46,false
0.09,Legacy3,2,55.9875,3.6312,29.00,15,33.33,true
0.09,Legacy3,3,111.7106,6.8353,38.99,14,50.00,true
0.09,Legacy3,4,-48.2363,-5.3729,51.21,12,25.00,false
0.09,Legacy3,5,-56.8962,-5.4967,62.02,16,25.00,false
0.09,LowVolume5,0,133.5297,6.1429,24.37,16,56.25,true
0.09,LowVolume5,1,-28.4361,-1.8114,52.06,14,35.71,false
0.09,LowVolume5,2,492.9544,11.0996,25.30,14,64.29,true
0.09,LowVolume5,3,294.9015,8.2540,45.78,14,50.00,true
0.09,LowVolume5,4,-48.5591,-4.5931,49.42,13,30.77,false
0.09,LowVolume5,5,-70.6217,-6.4551,79.58,17,23.53,false
0.09,OldGuard4,0,137.7575,6.5427,35.13,15,53.33,true
0.09,OldGuard4,1,10.1618,2.6649,15.01,11,54.55,true
0.09,OldGuard4,2,60.4761,3.7370,28.85,15,40.00,true
0.09,OldGuard4,3,111.7106,6.8353,38.99,14,50.00,true
0.09,OldGuard4,4,-54.6401,-6.4673,54.64,13,15.38,false
0.09,OldGuard4,5,-58.5586,-4.7698,63.58,17,29.41,false
0.10,Base5,0,198.3979,7.9921,58.45,14,57.14,true
0.10,Base5,1,925.6927,7.3288,11.73,11,63.64,true
0.10,Base5,2,301.6793,9.3736,25.05,12,91.67,true
0.10,Base5,3,45.8382,4.3087,47.43,15,60.00,true
0.10,Base5,4,181.4672,17.4759,9.34,11,72.73,true
0.10,Base5,5,-16.8920,-0.7737,37.56,12,33.33,false
0.10,NoDOGE,0,198.3979,7.9921,58.45,14,57.14,true
0.10,NoDOGE,1,-1.7440,0.2608,16.21,8,50.00,false
0.10,NoDOGE,2,239.3192,7.3759,25.05,13,69.23,true
0.10,NoDOGE,3,146.6157,8.2352,31.91,14,71.43,true
0.10,NoDOGE,4,181.4672,17.4759,9.34,11,72.73,true
0.10,NoDOGE,5,-16.8920,-0.7737,37.56,12,33.33,false
0.10,Legacy4,0,126.4833,9.8208,10.77,14,57.14,true
0.10,Legacy4,1,42.6695,4.7103,30.97,12,50.00,true
0.10,Legacy4,2,158.5790,6.1443,25.05,12,58.33,true
0.10,Legacy4,3,119.7170,8.3117,22.72,14,57.14,true
0.10,Legacy4,4,38.7821,5.6003,19.85,11,54.55,true
0.10,Legacy4,5,-33.4726,-3.4730,33.84,13,23.08,false
0.10,Legacy5BNB,0,236.1757,13.0111,10.53,14,64.29,true
0.10,Legacy5BNB,1,42.6742,5.5987,23.07,10,40.00,true
0.10,Legacy5BNB,2,158.5790,6.1443,25.05,12,58.33,true
0.10,Legacy5BNB,3,139.4845,9.7288,17.58,13,61.54,true
0.10,Legacy5BNB,4,92.1212,12.8848,16.23,9,66.67,true
0.10,Legacy5BNB,5,-59.9677,-11.7051,59.97,11,18.18,false
0.10,OldGuardNoBNB,0,228.7845,8.2021,39.12,15,53.33,true
0.10,OldGuardNoBNB,1,-48.1865,-8.2137,49.56,12,33.33,false
0.10,OldGuardNoBNB,2,158.5790,6.1443,25.05,12,58.33,true
0.10,OldGuardNoBNB,3,119.7170,8.3117,22.72,14,57.14,true
0.10,OldGuardNoBNB,4,38.7821,5.6003,19.85,11,54.55,true
0.10,OldGuardNoBNB,5,-54.0724,-9.4926,54.07,13,23.08,false
0.10,LargeCaps5,0,198.3979,7.9921,58.45,14,57.14,true
0.10,LargeCaps5,1,-1.7440,0.2608,16.21,8,50.00,false
0.10,LargeCaps5,2,239.3192,7.3759,25.05,13,69.23,true
0.10,LargeCaps5,3,71.8523,5.6163,39.57,13,69.23,true
0.10,LargeCaps5,4,127.9446,13.2897,9.36,11,63.64,true
0.10,LargeCaps5,5,-16.8920,-0.7737,37.56,12,33.33,false
0.10,Legacy3,0,271.3601,13.8574,9.04,13,69.23,true
0.10,Legacy3,1,-13.5799,0.1043,31.45,13,38.46,false
0.10,Legacy3,2,55.9875,3.6312,29.00,15,33.33,true
0.10,Legacy3,3,111.7106,6.8353,38.99,14,50.00,true
0.10,Legacy3,4,-48.2363,-5.3729,51.21,12,25.00,false
0.10,Legacy3,5,-56.8962,-5.4967,62.02,16,25.00,false
0.10,LowVolume5,0,133.5297,6.1429,24.37,16,56.25,true
0.10,LowVolume5,1,-28.4361,-1.8114,52.06,14,35.71,false
0.10,LowVolume5,2,492.9544,11.0996,25.30,14,64.29,true
0.10,LowVolume5,3,294.9015,8.2540,45.78,14,50.00,true
0.10,LowVolume5,4,-48.5591,-4.5931,49.42,13,30.77,false
0.10,LowVolume5,5,-70.6217,-6.4551,79.58,17,23.53,false
0.10,OldGuard4,0,137.7575,6.5427,35.13,15,53.33,true
0.10,OldGuard4,1,10.1618,2.6649,15.01,11,54.55,true
0.10,OldGuard4,2,60.4761,3.7370,28.85,15,40.00,true
0.10,OldGuard4,3,111.7106,6.8353,38.99,14,50.00,true
0.10,OldGuard4,4,-54.6401,-6.4673,54.64,13,15.38,false
0.10,OldGuard4,5,-58.5586,-4.7698,63.58,17,29.41,false
0.11,Base5,0,198.3979,7.9921,58.45,14,57.14,true
0.11,Base5,1,925.6927,7.3288,11.73,11,63.64,true
0.11,Base5,2,301.6793,9.3736,25.05,12,91.67,true
0.11,Base5,3,45.8382,4.3087,47.43,15,60.00,true
0.11,Base5,4,181.4672,17.4759,9.34,11,72.73,true
0.11,Base5,5,-16.8920,-0.7737,37.56,12,33.33,false
0.11,NoDOGE,0,198.3979,7.9921,58.45,14,57.14,true
0.11,NoDOGE,1,-1.7440,0.2608,16.21,8,50.00,false
0.11,NoDOGE,2,239.3192,7.3759,25.05,13,69.23,true
0.11,NoDOGE,3,146.6157,8.2352,31.91,14,71.43,true
0.11,NoDOGE,4,181.4672,17.4759,9.34,11,72.73,true
0.11,NoDOGE,5,-16.8920,-0.7737,37.56,12,33.33,false
0.11,Legacy4,0,126.4833,9.8208,10.77,14,57.14,true
0.11,Legacy4,1,42.6695,4.7103,30.97,12,50.00,true
0.11,Legacy4,2,158.5790,6.1443,25.05,12,58.33,true
0.11,Legacy4,3,119.7170,8.3117,22.72,14,57.14,true
0.11,Legacy4,4,38.7821,5.6003,19.85,11,54.55,true
0.11,Legacy4,5,-33.4726,-3.4730,33.84,13,23.08,false
0.11,Legacy5BNB,0,236.1757,13.0111,10.53,14,64.29,true
0.11,Legacy5BNB,1,42.6742,5.5987,23.07,10,40.00,true
0.11,Legacy5BNB,2,158.5790,6.1443,25.05,12,58.33,true
0.11,Legacy5BNB,3,139.4845,9.7288,17.58,13,61.54,true
0.11,Legacy5BNB,4,92.1212,12.8848,16.23,9,66.67,true
0.11,Legacy5BNB,5,-59.9677,-11.7051,59.97,11,18.18,false
0.11,OldGuardNoBNB,0,228.7845,8.2021,39.12,15,53.33,true
0.11,OldGuardNoBNB,1,-48.1865,-8.2137,49.56,12,33.33,false
0.11,OldGuardNoBNB,2,158.5790,6.1443,25.05,12,58.33,true
0.11,OldGuardNoBNB,3,119.7170,8.3117,22.72,14,57.14,true
0.11,OldGuardNoBNB,4,38.7821,5.6003,19.85,11,54.55,true
0.11,OldGuardNoBNB,5,-54.0724,-9.4926,54.07,13,23.08,false
0.11,LargeCaps5,0,198.3979,7.9921,58.45,14,57.14,true
0.11,LargeCaps5,1,-1.7440,0.2608,16.21,8,50.00,false
0.11,LargeCaps5,2,239.3192,7.3759,25.05,13,69.23,true
0.11,LargeCaps5,3,71.8523,5.6163,39.57,13,69.23,true
0.11,LargeCaps5,4,127.9446,13.2897,9.36,11,63.64,true
0.11,LargeCaps5,5,-16.8920,-0.7737,37.56,12,33.33,false
0.11,Legacy3,0,271.3601,13.8574,9.04,13,69.23,true
0.11,Legacy3,1,-13.5799,0.1043,31.45,13,38.46,false
0.11,Legacy3,2,55.1203,3.6228,29.40,15,33.33,true
0.11,Legacy3,3,111.7106,6.8353,38.99,14,50.00,true
0.11,Legacy3,4,-48.2363,-5.3729,51.21,12,25.00,false
0.11,Legacy3,5,-49.4809,-4.5458,55.48,15,26.67,false
0.11,LowVolume5,0,133.5297,6.1429,24.37,16,56.25,true
0.11,LowVolume5,1,-28.4361,-1.8114,52.06,14,35.71,false
0.11,LowVolume5,2,489.6582,11.1077,25.71,14,64.29,true
0.11,LowVolume5,3,294.9015,8.2540,45.78,14,50.00,true
0.11,LowVolume5,4,-52.0831,-5.2663,52.89,13,23.08,false
0.11,LowVolume5,5,-65.2836,-5.7052,75.87,16,25.00,false
0.11,OldGuard4,0,137.7575,6.5427,35.13,15,53.33,true
0.11,OldGuard4,1,10.1618,2.6649,15.01,11,54.55,true
0.11,OldGuard4,2,59.5840,3.7290,29.24,15,40.00,true
0.11,OldGuard4,3,111.7106,6.8353,38.99,14,50.00,true
0.11,OldGuard4,4,-56.8840,-6.9576,56.88,13,15.38,false
0.11,OldGuard4,5,-51.4292,-3.9115,57.31,16,31.25,false
0.12,Base5,0,198.3979,7.9921,58.45,14,57.14,true
0.12,Base5,1,925.6927,7.3288,11.73,11,63.64,true
0.12,Base5,2,301.6793,9.3736,25.05,12,91.67,true
0.12,Base5,3,45.8382,4.3087,47.43,15,60.00,true
0.12,Base5,4,171.5242,16.2392,9.34,11,72.73,true
0.12,Base5,5,-23.2049,-1.6651,42.30,12,25.00,false
0.12,NoDOGE,0,198.3979,7.9921,58.45,14,57.14,true
0.12,NoDOGE,1,-1.7440,0.2608,16.21,8,50.00,false
0.12,NoDOGE,2,239.3192,7.3759,25.05,13,69.23,true
0.12,NoDOGE,3,146.6157,8.2352,31.91,14,71.43,true
0.12,NoDOGE,4,171.5242,16.2392,9.34,11,72.73,true
0.12,NoDOGE,5,-11.3203,-0.0756,33.38,11,36.36,false
0.12,Legacy4,0,126.4833,9.8208,10.77,14,57.14,true
0.12,Legacy4,1,42.6695,4.7103,30.97,12,50.00,true
0.12,Legacy4,2,158.5790,6.1443,25.05,12,58.33,true
0.12,Legacy4,3,119.7170,8.3117,22.72,14,57.14,true
0.12,Legacy4,4,24.2401,4.1261,19.85,11,54.55,true
0.12,Legacy4,5,-29.0125,-2.8609,29.40,12,25.00,false
0.12,Legacy5BNB,0,236.1757,13.0111,10.53,14,64.29,true
0.12,Legacy5BNB,1,42.6742,5.5987,23.07,10,40.00,true
0.12,Legacy5BNB,2,158.5790,6.1443,25.05,12,58.33,true
0.12,Legacy5BNB,3,139.4845,9.7288,17.58,13,61.54,true
0.12,Legacy5BNB,4,88.3355,15.2791,8.11,8,75.00,true
0.12,Legacy5BNB,5,-59.5768,-11.5764,59.58,11,18.18,false
0.12,OldGuardNoBNB,0,228.7845,8.2021,39.12,15,53.33,true
0.12,OldGuardNoBNB,1,-48.1865,-8.2137,49.56,12,33.33,false
0.12,OldGuardNoBNB,2,158.5790,6.1443,25.05,12,58.33,true
0.12,OldGuardNoBNB,3,119.7170,8.3117,22.72,14,57.14,true
0.12,OldGuardNoBNB,4,24.2401,4.1261,19.85,11,54.55,true
0.12,OldGuardNoBNB,5,-50.9934,-8.9041,50.99,12,25.00,false
0.12,LargeCaps5,0,198.3979,7.9921,58.45,14,57.14,true
0.12,LargeCaps5,1,-1.7440,0.2608,16.21,8,50.00,false
0.12,LargeCaps5,2,239.3192,7.3759,25.05,13,69.23,true
0.12,LargeCaps5,3,71.8523,5.6163,39.57,13,69.23,true
0.12,LargeCaps5,4,119.8923,12.3731,11.05,11,63.64,true
0.12,LargeCaps5,5,-11.3203,-0.0756,33.38,11,36.36,false
0.12,Legacy3,0,271.3601,13.8574,9.04,13,69.23,true
0.12,Legacy3,1,-13.5799,0.1043,31.45,13,38.46,false
0.12,Legacy3,2,73.9948,4.1498,25.05,14,35.71,true
0.12,Legacy3,3,111.7106,6.8353,38.99,14,50.00,true
0.12,Legacy3,4,-51.7144,-5.8069,54.49,12,25.00,false
0.12,Legacy3,5,-46.0940,-4.1295,52.50,14,28.57,false
0.12,LowVolume5,0,133.5297,6.1429,24.37,16,56.25,true
0.12,LowVolume5,1,-28.4361,-1.8114,52.06,14,35.71,false
0.12,LowVolume5,2,561.4057,12.2434,16.67,13,69.23,true
0.12,LowVolume5,3,294.9015,8.2540,45.78,14,50.00,true
0.12,LowVolume5,4,-71.5187,-9.8723,72.00,13,15.38,false
0.12,LowVolume5,5,-65.2836,-5.7052,75.87,16,25.00,false
0.12,OldGuard4,0,137.7575,6.5427,35.13,15,53.33,true
0.12,OldGuard4,1,10.1618,2.6649,15.01,11,54.55,true
0.12,OldGuard4,2,79.0016,4.2605,25.05,14,42.86,true
0.12,OldGuard4,3,111.7106,6.8353,38.99,14,50.00,true
0.12,OldGuard4,4,-59.7810,-7.3424,59.78,13,15.38,false
0.12,OldGuard4,5,-52.5499,-4.0659,58.30,16,31.25,false
0.13,Base5,0,181.7996,7.7228,58.45,14,57.14,true
0.13,Base5,1,847.6897,7.2572,11.73,11,63.64,true
0.13,Base5,2,301.6793,9.3736,25.05,12,91.67,true
0.13,Base5,3,45.8382,4.3087,47.43,15,60.00,true
0.13,Base5,4,171.5242,16.2392,9.34,11,72.73,true
0.13,Base5,5,-23.2049,-1.6651,42.30,12,25.00,false
0.13,NoDOGE,0,181.7996,7.7228,58.45,14,57.14,true
0.13,NoDOGE,1,-9.2163,-1.7346,22.58,8,50.00,false
0.13,NoDOGE,2,239.3192,7.3759,25.05,13,69.23,true
0.13,NoDOGE,3,146.6157,8.2352,31.91,14,71.43,true
0.13,NoDOGE,4,171.5242,16.2392,9.34,11,72.73,true
0.13,NoDOGE,5,-11.3203,-0.0756,33.38,11,36.36,false
0.13,Legacy4,0,126.4833,9.8208,10.77,14,57.14,true
0.13,Legacy4,1,31.8196,3.9885,36.22,12,50.00,true
0.13,Legacy4,2,158.5790,6.1443,25.05,12,58.33,true
0.13,Legacy4,3,119.7170,8.3117,22.72,14,57.14,true
0.13,Legacy4,4,24.2401,4.1261,19.85,11,54.55,true
0.13,Legacy4,5,-29.0125,-2.8609,29.40,12,25.00,false
0.13,Legacy5BNB,0,217.4761,13.1444,10.53,14,64.29,true
0.13,Legacy5BNB,1,31.8239,4.6914,28.92,10,40.00,true
0.13,Legacy5BNB,2,158.5790,6.1443,25.05,12,58.33,true
0.13,Legacy5BNB,3,139.4845,9.7288,17.58,13,61.54,true
0.13,Legacy5BNB,4,88.3355,15.2791,8.11,8,75.00,true
0.13,Legacy5BNB,5,-59.5768,-11.5764,59.58,11,18.18,false
0.13,OldGuardNoBNB,0,148.6496,6.7234,39.12,15,53.33,true
0.13,OldGuardNoBNB,1,-52.1269,-9.2990,53.40,12,33.33,false
0.13,OldGuardNoBNB,2,158.5790,6.1443,25.05,12,58.33,true
0.13,OldGuardNoBNB,3,119.7170,8.3117,22.72,14,57.14,true
0.13,OldGuardNoBNB,4,24.2401,4.1261,19.85,11,54.55,true
0.13,OldGuardNoBNB,5,-50.9934,-8.9041,50.99,12,25.00,false
0.13,LargeCaps5,0,181.7996,7.7228,58.45,14,57.14,true
0.13,LargeCaps5,1,-9.2163,-1.7346,22.58,8,50.00,false
0.13,LargeCaps5,2,239.3192,7.3759,25.05,13,69.23,true
0.13,LargeCaps5,3,71.8523,5.6163,39.57,13,69.23,true
0.13,LargeCaps5,4,119.8923,12.3731,11.05,11,63.64,true
0.13,LargeCaps5,5,-11.3203,-0.0756,33.38,11,36.36,false
0.13,Legacy3,0,271.3601,13.8574,9.04,13,69.23,true
0.13,Legacy3,1,-13.5799,0.1043,31.45,13,38.46,false
0.13,Legacy3,2,73.9948,4.1498,25.05,14,35.71,true
0.13,Legacy3,3,111.7106,6.8353,38.99,14,50.00,true
0.13,Legacy3,4,-51.7144,-5.8069,54.49,12,25.00,false
0.13,Legacy3,5,-46.0940,-4.1295,52.50,14,28.57,false
0.13,LowVolume5,0,133.5297,6.1429,24.37,16,56.25,true
0.13,LowVolume5,1,-28.4361,-1.8114,52.06,14,35.71,false
0.13,LowVolume5,2,561.4057,12.2434,16.67,13,69.23,true
0.13,LowVolume5,3,294.9015,8.2540,45.78,14,50.00,true
0.13,LowVolume5,4,-71.5187,-9.8723,72.00,13,15.38,false
0.13,LowVolume5,5,-65.2836,-5.7052,75.87,16,25.00,false
0.13,OldGuard4,0,137.7575,6.5427,35.13,15,53.33,true
0.13,OldGuard4,1,1.7841,1.1962,17.12,11,54.55,true
0.13,OldGuard4,2,79.0016,4.2605,25.05,14,42.86,true
0.13,OldGuard4,3,111.7106,6.8353,38.99,14,50.00,true
0.13,OldGuard4,4,-59.7810,-7.3424,59.78,13,15.38,false
0.13,OldGuard4,5,-52.5499,-4.0659,58.30,16,31.25,false
0.14,Base5,0,181.7996,7.7228,58.45,14,57.14,true
0.14,Base5,1,847.6897,7.2572,11.73,11,63.64,true
0.14,Base5,2,301.6793,9.3736,25.05,12,91.67,true
0.14,Base5,3,45.8382,4.3087,47.43,15,60.00,true
0.14,Base5,4,171.5242,16.2392,9.34,11,72.73,true
0.14,Base5,5,-1.8998,0.9616,27.92,11,36.36,false
0.14,NoDOGE,0,181.7996,7.7228,58.45,14,57.14,true
0.14,NoDOGE,1,-9.2163,-1.7346,22.58,8,50.00,false
0.14,NoDOGE,2,239.3192,7.3759,25.05,13,69.23,true
0.14,NoDOGE,3,146.6157,8.2352,31.91,14,71.43,true
0.14,NoDOGE,4,171.5242,16.2392,9.34,11,72.73,true
0.14,NoDOGE,5,-11.3203,-0.0756,33.38,11,36.36,false
0.14,Legacy4,0,105.7803,8.8926,10.77,14,57.14,true
0.14,Legacy4,1,31.8196,3.9885,36.22,12,50.00,true
0.14,Legacy4,2,166.8591,6.6520,25.05,11,72.73,true
0.14,Legacy4,3,119.7170,8.3117,22.72,14,57.14,true
0.14,Legacy4,4,24.2401,4.1261,19.85,11,54.55,true
0.14,Legacy4,5,-29.0125,-2.8609,29.40,12,25.00,false
0.14,Legacy5BNB,0,217.4761,13.1444,10.53,14,64.29,true
0.14,Legacy5BNB,1,31.8239,4.6914,28.92,10,40.00,true
0.14,Legacy5BNB,2,28.9390,2.3558,25.05,11,63.64,true
0.14,Legacy5BNB,3,139.4845,9.7288,17.58,13,61.54,true
0.14,Legacy5BNB,4,88.3355,15.2791,8.11,8,75.00,true
0.14,Legacy5BNB,5,-59.5768,-11.5764,59.58,11,18.18,false
0.14,OldGuardNoBNB,0,148.6496,6.7234,39.12,15,53.33,true
0.14,OldGuardNoBNB,1,-52.1269,-9.2990,53.40,12,33.33,false
0.14,OldGuardNoBNB,2,166.8591,6.6520,25.05,11,72.73,true
0.14,OldGuardNoBNB,3,119.7170,8.3117,22.72,14,57.14,true
0.14,OldGuardNoBNB,4,24.2401,4.1261,19.85,11,54.55,true
0.14,OldGuardNoBNB,5,-50.9934,-8.9041,50.99,12,25.00,false
0.14,LargeCaps5,0,181.7996,7.7228,58.45,14,57.14,true
0.14,LargeCaps5,1,-9.2163,-1.7346,22.58,8,50.00,false
0.14,LargeCaps5,2,239.3192,7.3759,25.05,13,69.23,true
0.14,LargeCaps5,3,71.8523,5.6163,39.57,13,69.23,true
0.14,LargeCaps5,4,119.8923,12.3731,11.05,11,63.64,true
0.14,LargeCaps5,5,-11.3203,-0.0756,33.38,11,36.36,false
0.14,Legacy3,0,237.4139,12.8871,9.04,13,69.23,true
0.14,Legacy3,1,-13.5799,0.1043,31.45,13,38.46,false
0.14,Legacy3,2,37.4265,3.1069,25.05,14,35.71,true
0.14,Legacy3,3,111.7106,6.8353,38.99,14,50.00,true
0.14,Legacy3,4,-51.7144,-5.8069,54.49,12,25.00,false
0.14,Legacy3,5,-46.0940,-4.1295,52.50,14,28.57,false
0.14,LowVolume5,0,112.1827,5.6261,24.37,16,56.25,true
0.14,LowVolume5,1,-28.4361,-1.8114,52.06,14,35.71,false
0.14,LowVolume5,2,538.6806,11.7852,13.98,13,69.23,true
0.14,LowVolume5,3,160.8379,6.5660,60.45,14,50.00,true
0.14,LowVolume5,4,-71.5187,-9.8723,72.00,13,15.38,false
0.14,LowVolume5,5,-65.2836,-5.7052,75.87,16,25.00,false
0.14,OldGuard4,0,116.0239,5.9758,35.13,15,53.33,true
0.14,OldGuard4,1,1.7841,1.1962,17.12,11,54.55,true
0.14,OldGuard4,2,41.3810,3.2311,25.05,14,42.86,true
0.14,OldGuard4,3,111.7106,6.8353,38.99,14,50.00,true
0.14,OldGuard4,4,-59.7810,-7.3424,59.78,13,15.38,false
0.14,OldGuard4,5,-52.5499,-4.0659,58.30,16,31.25,false
0.15,Base5,0,181.7996,7.7228,58.45,14,57.14,true
0.15,Base5,1,847.6897,7.2572,11.73,11,63.64,true
0.15,Base5,2,301.6793,9.3736,25.05,12,91.67,true
0.15,Base5,3,45.8382,4.3087,47.43,15,60.00,true
0.15,Base5,4,171.5242,16.2392,9.34,11,72.73,true
0.15,Base5,5,-1.8998,0.9616,27.92,11,36.36,false
0.15,NoDOGE,0,181.7996,7.7228,58.45,14,57.14,true
0.15,NoDOGE,1,-9.2163,-1.7346,22.58,8,50.00,false
0.15,NoDOGE,2,239.3192,7.3759,25.05,13,69.23,true
0.15,NoDOGE,3,123.7687,7.4200,31.91,14,71.43,true
0.15,NoDOGE,4,171.5242,16.2392,9.34,11,72.73,true
0.15,NoDOGE,5,-11.3203,-0.0756,33.38,11,36.36,false
0.15,Legacy4,0,105.7803,8.8926,10.77,14,57.14,true
0.15,Legacy4,1,31.8196,3.9885,36.22,12,50.00,true
0.15,Legacy4,2,166.8591,6.6520,25.05,11,72.73,true
0.15,Legacy4,3,106.7813,7.5037,27.27,14,57.14,true
0.15,Legacy4,4,24.2401,4.1261,19.85,11,54.55,true
0.15,Legacy4,5,-29.0125,-2.8609,29.40,12,25.00,false
0.15,Legacy5BNB,0,217.4761,13.1444,10.53,14,64.29,true
0.15,Legacy5BNB,1,31.8239,4.6914,28.92,10,40.00,true
0.15,Legacy5BNB,2,28.9390,2.3558,25.05,11,63.64,true
0.15,Legacy5BNB,3,139.4845,9.7288,17.58,13,61.54,true
0.15,Legacy5BNB,4,88.3355,15.2791,8.11,8,75.00,true
0.15,Legacy5BNB,5,-59.5768,-11.5764,59.58,11,18.18,false
0.15,OldGuardNoBNB,0,134.4381,6.2612,42.60,15,53.33,true
0.15,OldGuardNoBNB,1,-52.1269,-9.2990,53.40,12,33.33,false
0.15,OldGuardNoBNB,2,166.8591,6.6520,25.05,11,72.73,true
0.15,OldGuardNoBNB,3,106.7813,7.5037,27.27,14,57.14,true
0.15,OldGuardNoBNB,4,24.2401,4.1261,19.85,11,54.55,true
0.15,OldGuardNoBNB,5,-50.9934,-8.9041,50.99,12,25.00,false
0.15,LargeCaps5,0,181.7996,7.7228,58.45,14,57.14,true
0.15,LargeCaps5,1,-9.2163,-1.7346,22.58,8,50.00,false
0.15,LargeCaps5,2,239.3192,7.3759,25.05,13,69.23,true
0.15,LargeCaps5,3,71.8523,5.6163,39.57,13,69.23,true
0.15,LargeCaps5,4,119.8923,12.3731,11.05,11,63.64,true
0.15,LargeCaps5,5,-11.3203,-0.0756,33.38,11,36.36,false
0.15,Legacy3,0,237.4139,12.8871,9.04,13,69.23,true
0.15,Legacy3,1,-13.5799,0.1043,31.45,13,38.46,false
0.15,Legacy3,2,37.4265,3.1069,25.05,14,35.71,true
0.15,Legacy3,3,99.2463,6.3320,42.58,14,50.00,true
0.15,Legacy3,4,-51.7144,-5.8069,54.49,12,25.00,false
0.15,Legacy3,5,-46.0940,-4.1295,52.50,14,28.57,false
0.15,LowVolume5,0,112.1827,5.6261,24.37,16,56.25,true
0.15,LowVolume5,1,-28.4361,-1.8114,52.06,14,35.71,false
0.15,LowVolume5,2,538.6806,11.7852,13.98,13,69.23,true
0.15,LowVolume5,3,172.1542,6.8067,60.45,14,50.00,true
0.15,LowVolume5,4,-71.5187,-9.8723,72.00,13,15.38,false
0.15,LowVolume5,5,-65.2836,-5.7052,75.87,16,25.00,false
0.15,OldGuard4,0,116.0239,5.9758,35.13,15,53.33,true
0.15,OldGuard4,1,1.7841,1.1962,17.12,11,54.55,true
0.15,OldGuard4,2,41.3810,3.2311,25.05,14,42.86,true
0.15,OldGuard4,3,99.2463,6.3320,42.58,14,50.00,true
0.15,OldGuard4,4,-59.7810,-7.3424,59.78,13,15.38,false
0.15,OldGuard4,5,-52.5499,-4.0659,58.30,16,31.25,false
0.16,Base5,0,181.7996,7.7228,58.45,14,57.14,true
0.16,Base5,1,847.6897,7.2572,11.73,11,63.64,true
0.16,Base5,2,235.6426,8.2654,25.05,12,83.33,true
0.16,Base5,3,45.8382,4.3087,47.43,15,60.00,true
0.16,Base5,4,171.5242,16.2392,9.34,11,72.73,true
0.16,Base5,5,-1.8998,0.9616,27.92,11,36.36,false
0.16,NoDOGE,0,181.7996,7.7228,58.45,14,57.14,true
0.16,NoDOGE,1,-9.2163,-1.7346,22.58,8,50.00,false
0.16,NoDOGE,2,183.5346,6.6531,25.05,13,61.54,true
0.16,NoDOGE,3,123.7687,7.4200,31.91,14,71.43,true
0.16,NoDOGE,4,171.5242,16.2392,9.34,11,72.73,true
0.16,NoDOGE,5,-11.3203,-0.0756,33.38,11,36.36,false
0.16,Legacy4,0,105.7803,8.8926,10.77,14,57.14,true
0.16,Legacy4,1,9.9827,2.3384,36.22,12,50.00,true
0.16,Legacy4,2,122.9870,5.8266,25.05,11,63.64,true
0.16,Legacy4,3,106.7813,7.5037,27.27,14,57.14,true
0.16,Legacy4,4,24.2401,4.1261,19.85,11,54.55,true
0.16,Legacy4,5,-33.0476,-3.4768,33.42,12,25.00,false
0.16,Legacy5BNB,0,217.4761,13.1444,10.53,14,64.29,true
0.16,Legacy5BNB,1,9.9864,2.6923,28.92,10,40.00,true
0.16,Legacy5BNB,2,7.7412,1.1855,25.05,11,54.55,true
0.16,Legacy5BNB,3,139.4845,9.7288,17.58,13,61.54,true
0.16,Legacy5BNB,4,88.3355,15.2791,8.11,8,75.00,true
0.16,Legacy5BNB,5,-61.8745,-12.5399,61.87,11,18.18,false
0.16,OldGuardNoBNB,0,134.4381,6.2612,42.60,15,53.33,true
0.16,OldGuardNoBNB,1,-52.1269,-9.2990,53.40,12,33.33,false
0.16,OldGuardNoBNB,2,122.9870,5.8266,25.05,11,63.64,true
0.16,OldGuardNoBNB,3,106.7813,7.5037,27.27,14,57.14,true
0.16,OldGuardNoBNB,4,24.2401,4.1261,19.85,11,54.55,true
0.16,OldGuardNoBNB,5,-53.7790,-9.6709,53.78,12,25.00,false
0.16,LargeCaps5,0,181.7996,7.7228,58.45,14,57.14,true
0.16,LargeCaps5,1,-9.2163,-1.7346,22.58,8,50.00,false
0.16,LargeCaps5,2,183.5346,6.6531,25.05,13,61.54,true
0.16,LargeCaps5,3,71.8523,5.6163,39.57,13,69.23,true
0.16,LargeCaps5,4,119.8923,12.3731,11.05,11,63.64,true
0.16,LargeCaps5,5,-11.3203,-0.0756,33.38,11,36.36,false
0.16,Legacy3,0,237.4139,12.8871,9.04,13,69.23,true
0.16,Legacy3,1,-13.5799,0.1043,31.45,13,38.46,false
0.16,Legacy3,2,37.4265,3.1069,25.05,14,35.71,true
0.16,Legacy3,3,99.2463,6.3320,42.58,14,50.00,true
0.16,Legacy3,4,-51.7144,-5.8069,54.49,12,25.00,false
0.16,Legacy3,5,-46.0940,-4.1295,52.50,14,28.57,false
0.16,LowVolume5,0,112.1827,5.6261,24.37,16,56.25,true
0.16,LowVolume5,1,-28.4361,-1.8114,52.06,14,35.71,false
0.16,LowVolume5,2,538.6806,11.7852,13.98,13,69.23,true
0.16,LowVolume5,3,172.1542,6.8067,60.45,14,50.00,true
0.16,LowVolume5,4,-71.5187,-9.8723,72.00,13,15.38,false
0.16,LowVolume5,5,-65.2836,-5.7052,75.87,16,25.00,false
0.16,OldGuard4,0,116.0239,5.9758,35.13,15,53.33,true
0.16,OldGuard4,1,1.7841,1.1962,17.12,11,54.55,true
0.16,OldGuard4,2,41.3810,3.2311,25.05,14,42.86,true
0.16,OldGuard4,3,99.2463,6.3320,42.58,14,50.00,true
0.16,OldGuard4,4,-59.7810,-7.3424,59.78,13,15.38,false
0.16,OldGuard4,5,-52.5499,-4.0659,58.30,16,31.25,false
0.17,Base5,0,181.7996,7.7228,58.45,14,57.14,true
0.17,Base5,1,847.6897,7.2572,11.73,11,63.64,true
0.17,Base5,2,235.6426,8.2654,25.05,12,83.33,true
0.17,Base5,3,45.8382,4.3087,47.43,15,60.00,true
0.17,Base5,4,171.5242,16.2392,9.34,11,72.73,true
0.17,Base5,5,-1.8998,0.9616,27.92,11,36.36,false
0.17,NoDOGE,0,181.7996,7.7228,58.45,14,57.14,true
0.17,NoDOGE,1,-9.2163,-1.7346,22.58,8,50.00,false
0.17,NoDOGE,2,183.5346,6.6531,25.05,13,61.54,true
0.17,NoDOGE,3,123.7687,7.4200,31.91,14,71.43,true
0.17,NoDOGE,4,171.5242,16.2392,9.34,11,72.73,true
0.17,NoDOGE,5,-11.3203,-0.0756,33.38,11,36.36,false
0.17,Legacy4,0,105.7803,8.8926,10.77,14,57.14,true
0.17,Legacy4,1,9.9827,2.3384,36.22,12,50.00,true
0.17,Legacy4,2,122.9870,5.8266,25.05,11,63.64,true
0.17,Legacy4,3,106.7813,7.5037,27.27,14,57.14,true
0.17,Legacy4,4,24.2401,4.1261,19.85,11,54.55,true
0.17,Legacy4,5,-33.0476,-3.4768,33.42,12,25.00,false
0.17,Legacy5BNB,0,217.4761,13.1444,10.53,14,64.29,true
0.17,Legacy5BNB,1,9.9864,2.6923,28.92,10,40.00,true
0.17,Legacy5BNB,2,7.7412,1.1855,25.05,11,54.55,true
0.17,Legacy5BNB,3,139.4845,9.7288,17.58,13,61.54,true
0.17,Legacy5BNB,4,88.3355,15.2791,8.11,8,75.00,true
0.17,Legacy5BNB,5,-61.8745,-12.5399,61.87,11,18.18,false
0.17,OldGuardNoBNB,0,134.4381,6.2612,42.60,15,53.33,true
0.17,OldGuardNoBNB,1,-48.9086,-7.9244,53.40,12,33.33,false
0.17,OldGuardNoBNB,2,122.9870,5.8266,25.05,11,63.64,true
0.17,OldGuardNoBNB,3,106.7813,7.5037,27.27,14,57.14,true
0.17,OldGuardNoBNB,4,24.2401,4.1261,19.85,11,54.55,true
0.17,OldGuardNoBNB,5,-53.7790,-9.6709,53.78,12,25.00,false
0.17,LargeCaps5,0,181.7996,7.7228,58.45,14,57.14,true
0.17,LargeCaps5,1,-9.2163,-1.7346,22.58,8,50.00,false
0.17,LargeCaps5,2,183.5346,6.6531,25.05,13,61.54,true
0.17,LargeCaps5,3,71.8523,5.6163,39.57,13,69.23,true
0.17,LargeCaps5,4,119.8923,12.3731,11.05,11,63.64,true
0.17,LargeCaps5,5,-11.3203,-0.0756,33.38,11,36.36,false
0.17,Legacy3,0,237.4139,12.8871,9.04,13,69.23,true
0.17,Legacy3,1,-13.5799,0.1043,31.45,13,38.46,false
0.17,Legacy3,2,34.8277,3.0471,25.05,14,35.71,true
0.17,Legacy3,3,99.2463,6.3320,42.58,14,50.00,true
0.17,Legacy3,4,-51.7144,-5.8069,54.49,12,25.00,false
0.17,Legacy3,5,-46.0940,-4.1295,52.50,14,28.57,false
0.17,LowVolume5,0,112.1827,5.6261,24.37,16,56.25,true
0.17,LowVolume5,1,-28.4361,-1.8114,52.06,14,35.71,false
0.17,LowVolume5,2,526.6032,11.7660,13.98,13,69.23,true
0.17,LowVolume5,3,172.1542,6.8067,60.45,14,50.00,true
0.17,LowVolume5,4,-71.5187,-9.8723,72.00,13,15.38,false
0.17,LowVolume5,5,-65.2836,-5.7052,75.87,16,25.00,false
0.17,OldGuard4,0,116.0239,5.9758,35.13,15,53.33,true
0.17,OldGuard4,1,-30.0468,-2.7450,40.55,12,41.67,false
0.17,OldGuard4,2,41.3810,3.2311,25.05,14,42.86,true
0.17,OldGuard4,3,99.2463,6.3320,42.58,14,50.00,true
0.17,OldGuard4,4,-59.7810,-7.3424,59.78,13,15.38,false
0.17,OldGuard4,5,-52.5499,-4.0659,58.30,16,31.25,false
0.18,Base5,0,181.7996,7.7228,58.45,14,57.14,true
0.18,Base5,1,847.6897,7.2572,11.73,11,63.64,true
0.18,Base5,2,235.6426,8.2654,25.05,12,83.33,true
0.18,Base5,3,34.3039,3.7797,47.43,15,53.33,true
0.18,Base5,4,171.5242,16.2392,9.34,11,72.73,true
0.18,Base5,5,-6.3199,0.3850,27.92,11,27.27,false
0.18,NoDOGE,0,181.7996,7.7228,58.45,14,57.14,true
0.18,NoDOGE,1,-9.2163,-1.7346,22.58,8,50.00,false
0.18,NoDOGE,2,183.5346,6.6531,25.05,13,61.54,true
0.18,NoDOGE,3,106.0708,6.7952,36.71,14,64.29,true
0.18,NoDOGE,4,171.5242,16.2392,9.34,11,72.73,true
0.18,NoDOGE,5,-15.3160,-0.6207,33.38,11,27.27,false
0.18,Legacy4,0,105.7803,8.8926,10.77,14,57.14,true
0.18,Legacy4,1,9.9827,2.3384,36.22,12,50.00,true
0.18,Legacy4,2,122.9870,5.8266,25.05,11,63.64,true
0.18,Legacy4,3,90.4270,6.7382,27.27,14,50.00,true
0.18,Legacy4,4,24.2401,4.1261,19.85,11,54.55,true
0.18,Legacy4,5,-33.0476,-3.4768,33.42,12,25.00,false
0.18,Legacy5BNB,0,217.4761,13.1444,10.53,14,64.29,true
0.18,Legacy5BNB,1,9.9864,2.6923,28.92,10,40.00,true
0.18,Legacy5BNB,2,7.7412,1.1855,25.05,11,54.55,true
0.18,Legacy5BNB,3,120.5437,8.7774,20.55,13,53.85,true
0.18,Legacy5BNB,4,88.3355,15.2791,8.11,8,75.00,true
0.18,Legacy5BNB,5,-61.8745,-12.5399,61.87,11,18.18,false
0.18,OldGuardNoBNB,0,134.4381,6.2612,42.60,15,53.33,true
0.18,OldGuardNoBNB,1,-48.9086,-7.9244,53.40,12,33.33,false
0.18,OldGuardNoBNB,2,122.9870,5.8266,25.05,11,63.64,true
0.18,OldGuardNoBNB,3,90.4270,6.7382,27.27,14,50.00,true
0.18,OldGuardNoBNB,4,24.2401,4.1261,19.85,11,54.55,true
0.18,OldGuardNoBNB,5,-53.7790,-9.6709,53.78,12,25.00,false
0.18,LargeCaps5,0,181.7996,7.7228,58.45,14,57.14,true
0.18,LargeCaps5,1,-9.2163,-1.7346,22.58,8,50.00,false
0.18,LargeCaps5,2,183.5346,6.6531,25.05,13,61.54,true
0.18,LargeCaps5,3,58.2604,5.0583,43.84,13,61.54,true
0.18,LargeCaps5,4,119.8923,12.3731,11.05,11,63.64,true
0.18,LargeCaps5,5,-15.3160,-0.6207,33.38,11,27.27,false
0.18,Legacy3,0,237.4139,12.8871,9.04,13,69.23,true
0.18,Legacy3,1,-13.5799,0.1043,31.45,13,38.46,false
0.18,Legacy3,2,34.8277,3.0471,25.05,14,35.71,true
0.18,Legacy3,3,99.2463,6.3320,42.58,14,50.00,true
0.18,Legacy3,4,-51.7144,-5.8069,54.49,12,25.00,false
0.18,Legacy3,5,-46.0940,-4.1295,52.50,14,28.57,false
0.18,LowVolume5,0,112.1827,5.6261,24.37,16,56.25,true
0.18,LowVolume5,1,-28.4361,-1.8114,52.06,14,35.71,false
0.18,LowVolume5,2,526.6032,11.7660,13.98,13,69.23,true
0.18,LowVolume5,3,172.1542,6.8067,60.45,14,50.00,true
0.18,LowVolume5,4,-71.5187,-9.8723,72.00,13,15.38,false
0.18,LowVolume5,5,-65.2836,-5.7052,75.87,16,25.00,false
0.18,OldGuard4,0,116.0239,5.9758,35.13,15,53.33,true
0.18,OldGuard4,1,-30.0468,-2.7450,40.55,12,41.67,false
0.18,OldGuard4,2,41.3810,3.2311,25.05,14,42.86,true
0.18,OldGuard4,3,99.2463,6.3320,42.58,14,50.00,true
0.18,OldGuard4,4,-59.7810,-7.3424,59.78,13,15.38,false
0.18,OldGuard4,5,-52.5499,-4.0659,58.30,16,31.25,false
0.19,Base5,0,181.7996,7.7228,58.45,14,57.14,true
0.19,Base5,1,847.6897,7.2572,11.73,11,63.64,true
0.19,Base5,2,235.6426,8.2654,25.05,12,83.33,true
0.19,Base5,3,34.3039,3.7797,47.43,15,53.33,true
0.19,Base5,4,171.5242,16.2392,9.34,11,72.73,true
0.19,Base5,5,-6.3199,0.3850,27.92,11,27.27,false
0.19,NoDOGE,0,181.7996,7.7228,58.45,14,57.14,true
0.19,NoDOGE,1,-9.2163,-1.7346,22.58,8,50.00,false
0.19,NoDOGE,2,183.5346,6.6531,25.05,13,61.54,true
0.19,NoDOGE,3,106.0708,6.7952,36.71,14,64.29,true
0.19,NoDOGE,4,171.5242,16.2392,9.34,11,72.73,true
0.19,NoDOGE,5,-15.3160,-0.6207,33.38,11,27.27,false
0.19,Legacy4,0,105.7803,8.8926,10.77,14,57.14,true
0.19,Legacy4,1,9.9827,2.3384,36.22,12,50.00,true
0.19,Legacy4,2,122.9870,5.8266,25.05,11,63.64,true
0.19,Legacy4,3,90.4270,6.7382,27.27,14,50.00,true
0.19,Legacy4,4,24.2401,4.1261,19.85,11,54.55,true
0.19,Legacy4,5,-33.0476,-3.4768,33.42,12,25.00,false
0.19,Legacy5BNB,0,217.4761,13.1444,10.53,14,64.29,true
0.19,Legacy5BNB,1,9.9864,2.6923,28.92,10,40.00,true
0.19,Legacy5BNB,2,7.7412,1.1855,25.05,11,54.55,true
0.19,Legacy5BNB,3,120.5437,8.7774,20.55,13,53.85,true
0.19,Legacy5BNB,4,88.3355,15.2791,8.11,8,75.00,true
0.19,Legacy5BNB,5,-59.7120,-12.2293,59.71,10,20.00,false
0.19,OldGuardNoBNB,0,134.4381,6.2612,42.60,15,53.33,true
0.19,OldGuardNoBNB,1,-48.9086,-7.9244,53.40,12,33.33,false
0.19,OldGuardNoBNB,2,122.9870,5.8266,25.05,11,63.64,true
0.19,OldGuardNoBNB,3,90.4270,6.7382,27.27,14,50.00,true
0.19,OldGuardNoBNB,4,24.2401,4.1261,19.85,11,54.55,true
0.19,OldGuardNoBNB,5,-53.7790,-9.6709,53.78,12,25.00,false
0.19,LargeCaps5,0,181.7996,7.7228,58.45,14,57.14,true
0.19,LargeCaps5,1,-9.2163,-1.7346,22.58,8,50.00,false
0.19,LargeCaps5,2,183.5346,6.6531,25.05,13,61.54,true
0.19,LargeCaps5,3,58.2604,5.0583,43.84,13,61.54,true
0.19,LargeCaps5,4,119.8923,12.3731,11.05,11,63.64,true
0.19,LargeCaps5,5,-15.3160,-0.6207,33.38,11,27.27,false
0.19,Legacy3,0,237.4139,12.8871,9.04,13,69.23,true
0.19,Legacy3,1,-13.5799,0.1043,31.45,13,38.46,false
0.19,Legacy3,2,34.8277,3.0471,25.05,14,35.71,true
0.19,Legacy3,3,99.2463,6.3320,42.58,14,50.00,true
0.19,Legacy3,4,-51.7144,-5.8069,54.49,12,25.00,false
0.19,Legacy3,5,-46.0940,-4.1295,52.50,14,28.57,false
0.19,LowVolume5,0,112.1827,5.6261,24.37,16,56.25,true
0.19,LowVolume5,1,-28.4361,-1.8114,52.06,14,35.71,false
0.19,LowVolume5,2,526.6032,11.7660,13.98,13,69.23,true
0.19,LowVolume5,3,172.1542,6.8067,60.45,14,50.00,true
0.19,LowVolume5,4,-71.5187,-9.8723,72.00,13,15.38,false
0.19,LowVolume5,5,-65.2836,-5.7052,75.87,16,25.00,false
0.19,OldGuard4,0,116.0239,5.9758,35.13,15,53.33,true
0.19,OldGuard4,1,-30.0468,-2.7450,40.55,12,41.67,false
0.19,OldGuard4,2,41.3810,3.2311,25.05,14,42.86,true
0.19,OldGuard4,3,99.2463,6.3320,42.58,14,50.00,true
0.19,OldGuard4,4,-59.7810,-7.3424,59.78,13,15.38,false
0.19,OldGuard4,5,-52.5499,-4.0659,58.30,16,31.25,false
0.20,Base5,0,181.7996,7.7228,58.45,14,57.14,true
0.20,Base5,1,847.6897,7.2572,11.73,11,63.64,true
0.20,Base5,2,235.6426,8.2654,25.05,12,83.33,true
0.20,Base5,3,34.3039,3.7797,47.43,15,53.33,true
0.20,Base5,4,171.5242,16.2392,9.34,11,72.73,true
0.20,Base5,5,-6.3199,0.3850,27.92,11,27.27,false
0.20,NoDOGE,0,181.7996,7.7228,58.45,14,57.14,true
0.20,NoDOGE,1,-9.2163,-1.7346,22.58,8,50.00,false
0.20,NoDOGE,2,183.5346,6.6531,25.05,13,61.54,true
0.20,NoDOGE,3,106.0708,6.7952,36.71,14,64.29,true
0.20,NoDOGE,4,171.5242,16.2392,9.34,11,72.73,true
0.20,NoDOGE,5,-15.3160,-0.6207,33.38,11,27.27,false
0.20,Legacy4,0,105.7803,8.8926,10.77,14,57.14,true
0.20,Legacy4,1,9.9827,2.3384,36.22,12,50.00,true
0.20,Legacy4,2,122.9870,5.8266,25.05,11,63.64,true
0.20,Legacy4,3,90.4270,6.7382,27.27,14,50.00,true
0.20,Legacy4,4,31.4091,4.9089,19.85,11,54.55,true
0.20,Legacy4,5,-33.0476,-3.4768,33.42,12,25.00,false
0.20,Legacy5BNB,0,217.4761,13.1444,10.53,14,64.29,true
0.20,Legacy5BNB,1,9.9864,2.6923,28.92,10,40.00,true
0.20,Legacy5BNB,2,-23.3707,-0.7164,30.66,12,50.00,false
0.20,Legacy5BNB,3,120.5437,8.7774,20.55,13,53.85,true
0.20,Legacy5BNB,4,99.2030,16.6405,8.11,8,75.00,true
0.20,Legacy5BNB,5,-59.7120,-12.2293,59.71,10,20.00,false
0.20,OldGuardNoBNB,0,134.4381,6.2612,42.60,15,53.33,true
0.20,OldGuardNoBNB,1,-48.9086,-7.9244,53.40,12,33.33,false
0.20,OldGuardNoBNB,2,122.9870,5.8266,25.05,11,63.64,true
0.20,OldGuardNoBNB,3,90.4270,6.7382,27.27,14,50.00,true
0.20,OldGuardNoBNB,4,31.4091,4.9089,19.85,11,54.55,true
0.20,OldGuardNoBNB,5,-53.7790,-9.6709,53.78,12,25.00,false
0.20,LargeCaps5,0,181.7996,7.7228,58.45,14,57.14,true
0.20,LargeCaps5,1,-9.2163,-1.7346,22.58,8,50.00,false
0.20,LargeCaps5,2,183.5346,6.6531,25.05,13,61.54,true
0.20,LargeCaps5,3,58.2604,5.0583,43.84,13,61.54,true
0.20,LargeCaps5,4,119.8923,12.3731,11.05,11,63.64,true
0.20,LargeCaps5,5,-15.3160,-0.6207,33.38,11,27.27,false
0.20,Legacy3,0,237.4139,12.8871,9.04,13,69.23,true
0.20,Legacy3,1,-13.5799,0.1043,31.45,13,38.46,false
0.20,Legacy3,2,34.8277,3.0471,25.05,14,35.71,true
0.20,Legacy3,3,99.2463,6.3320,42.58,14,50.00,true
0.20,Legacy3,4,-55.3387,-6.6720,55.34,12,16.67,false
0.20,Legacy3,5,-46.0940,-4.1295,52.50,14,28.57,false
0.20,LowVolume5,0,112.1827,5.6261,24.37,16,56.25,true
0.20,LowVolume5,1,-28.4361,-1.8114,52.06,14,35.71,false
0.20,LowVolume5,2,526.6032,11.7660,13.98,13,69.23,true
0.20,LowVolume5,3,172.1542,6.8067,60.45,14,50.00,true
0.20,LowVolume5,4,-71.5187,-9.8723,72.00,13,15.38,false
0.20,LowVolume5,5,-65.2836,-5.7052,75.87,16,25.00,false
0.20,OldGuard4,0,116.0239,5.9758,35.13,15,53.33,true
0.20,OldGuard4,1,-30.0468,-2.7450,40.55,12,41.67,false
0.20,OldGuard4,2,41.3810,3.2311,25.05,14,42.86,true
0.20,OldGuard4,3,99.2463,6.3320,42.58,14,50.00,true
0.20,OldGuard4,4,-59.7810,-7.3424,59.78,13,15.38,false
0.20,OldGuard4,5,-52.5499,-4.0659,58.30,16,31.25,false
0.21,Base5,0,181.7996,7.7228,58.45,14,57.14,true
0.21,Base5,1,805.1392,7.1958,11.73,11,63.64,true
0.21,Base5,2,235.6426,8.2654,25.05,12,83.33,true
0.21,Base5,3,34.3039,3.7797,47.43,15,53.33,true
0.21,Base5,4,171.5242,16.2392,9.34,11,72.73,true
0.21,Base5,5,-6.3199,0.3850,27.92,11,27.27,false
0.21,NoDOGE,0,181.7996,7.7228,58.45,14,57.14,true
0.21,NoDOGE,1,7.8211,2.7331,22.58,8,62.50,true
0.21,NoDOGE,2,183.5346,6.6531,25.05,13,61.54,true
0.21,NoDOGE,3,106.0708,6.7952,36.71,14,64.29,true
0.21,NoDOGE,4,171.5242,16.2392,9.34,11,72.73,true
0.21,NoDOGE,5,-15.3160,-0.6207,33.38,11,27.27,false
0.21,Legacy4,0,105.7803,8.8926,10.77,14,57.14,true
0.21,Legacy4,1,9.9827,2.3384,36.22,12,50.00,true
0.21,Legacy4,2,122.9870,5.8266,25.05,11,63.64,true
0.21,Legacy4,3,90.4270,6.7382,27.27,14,50.00,true
0.21,Legacy4,4,31.4091,4.9089,19.85,11,54.55,true
0.21,Legacy4,5,-26.9665,-2.6555,33.42,11,27.27,false
0.21,Legacy5BNB,0,217.4761,13.1444,10.53,14,64.29,true
0.21,Legacy5BNB,1,9.9864,2.6923,28.92,10,40.00,true
0.21,Legacy5BNB,2,-23.3707,-0.7164,30.66,12,50.00,false
0.21,Legacy5BNB,3,120.5437,8.7774,20.55,13,53.85,true
0.21,Legacy5BNB,4,99.2030,16.6405,8.11,8,75.00,true
0.21,Legacy5BNB,5,-56.0527,-11.8057,56.05,9,22.22,false
0.21,OldGuardNoBNB,0,134.4381,6.2612,42.60,15,53.33,true
0.21,OldGuardNoBNB,1,-39.3203,-5.0984,53.40,12,41.67,false
0.21,OldGuardNoBNB,2,122.9870,5.8266,25.05,11,63.64,true
0.21,OldGuardNoBNB,3,90.4270,6.7382,27.27,14,50.00,true
0.21,OldGuardNoBNB,4,31.4091,4.9089,19.85,11,54.55,true
0.21,OldGuardNoBNB,5,-20.0252,-1.8487,31.60,11,36.36,false
0.21,LargeCaps5,0,181.7996,7.7228,58.45,14,57.14,true
0.21,LargeCaps5,1,7.8211,2.7331,22.58,8,62.50,true
0.21,LargeCaps5,2,183.5346,6.6531,25.05,13,61.54,true
0.21,LargeCaps5,3,58.2604,5.0583,43.84,13,61.54,true
0.21,LargeCaps5,4,119.8923,12.3731,11.05,11,63.64,true
0.21,LargeCaps5,5,-15.3160,-0.6207,33.38,11,27.27,false
0.21,Legacy3,0,237.4139,12.8871,9.04,13,69.23,true
0.21,Legacy3,1,-8.5264,0.4938,31.45,13,38.46,false
0.21,Legacy3,2,34.8277,3.0471,25.05,14,35.71,true
0.21,Legacy3,3,107.4758,6.4641,43.58,14,50.00,true
0.21,Legacy3,4,-55.3387,-6.6720,55.34,12,16.67,false
0.21,Legacy3,5,-42.6915,-3.6347,49.50,13,30.77,false
0.21,LowVolume5,0,112.1827,5.6261,24.37,16,56.25,true
0.21,LowVolume5,1,-28.4361,-1.8114,52.06,14,35.71,false
0.21,LowVolume5,2,526.6032,11.7660,13.98,13,69.23,true
0.21,LowVolume5,3,172.1542,6.8067,60.45,14,50.00,true
0.21,LowVolume5,4,-71.5187,-9.8723,72.00,13,15.38,false
0.21,LowVolume5,5,-65.2836,-5.7052,75.87,16,25.00,false
0.21,OldGuard4,0,116.0239,5.9758,35.13,15,53.33,true
0.21,OldGuard4,1,-30.0468,-2.7450,40.55,12,41.67,false
0.21,OldGuard4,2,41.3810,3.2311,25.05,14,42.86,true
0.21,OldGuard4,3,107.4758,6.4641,43.58,14,50.00,true
0.21,OldGuard4,4,-59.7810,-7.3424,59.78,13,15.38,false
0.21,OldGuard4,5,-12.4246,0.5534,51.58,15,40.00,false
0.22,Base5,0,181.7996,7.7228,58.45,14,57.14,true
0.22,Base5,1,805.1392,7.1958,11.73,11,63.64,true
0.22,Base5,2,235.6426,8.2654,25.05,12,83.33,true
0.22,Base5,3,34.3039,3.7797,47.43,15,53.33,true
0.22,Base5,4,171.5242,16.2392,9.34,11,72.73,true
0.22,Base5,5,-9.2711,0.0482,30.19,11,27.27,false
0.22,NoDOGE,0,181.7996,7.7228,58.45,14,57.14,true
0.22,NoDOGE,1,7.8211,2.7331,22.58,8,62.50,true
0.22,NoDOGE,2,183.5346,6.6531,25.05,13,61.54,true
0.22,NoDOGE,3,106.0708,6.7952,36.71,14,64.29,true
0.22,NoDOGE,4,171.5242,16.2392,9.34,11,72.73,true
0.22,NoDOGE,5,-17.9838,-0.8839,35.48,11,27.27,false
0.22,Legacy4,0,105.7803,8.8926,10.77,14,57.14,true
0.22,Legacy4,1,9.9827,2.3384,36.22,12,50.00,true
0.22,Legacy4,2,122.9870,5.8266,25.05,11,63.64,true
0.22,Legacy4,3,90.4270,6.7382,27.27,14,50.00,true
0.22,Legacy4,4,31.4091,4.9089,19.85,11,54.55,true
0.22,Legacy4,5,-29.2672,-2.8443,35.52,11,27.27,false
0.22,Legacy5BNB,0,217.4761,13.1444,10.53,14,64.29,true
0.22,Legacy5BNB,1,9.9864,2.6923,28.92,10,40.00,true
0.22,Legacy5BNB,2,-23.3707,-0.7164,30.66,12,50.00,false
0.22,Legacy5BNB,3,120.5437,8.7774,20.55,13,53.85,true
0.22,Legacy5BNB,4,99.2030,16.6405,8.11,8,75.00,true
0.22,Legacy5BNB,5,-57.4372,-11.6957,57.44,9,22.22,false
0.22,OldGuardNoBNB,0,134.4381,6.2612,42.60,15,53.33,true
0.22,OldGuardNoBNB,1,-39.3203,-5.0984,53.40,12,41.67,false
0.22,OldGuardNoBNB,2,122.9870,5.8266,25.05,11,63.64,true
0.22,OldGuardNoBNB,3,90.4270,6.7382,27.27,14,50.00,true
0.22,OldGuardNoBNB,4,31.4091,4.9089,19.85,11,54.55,true
0.22,OldGuardNoBNB,5,-22.5446,-2.0813,33.75,11,36.36,false
0.22,LargeCaps5,0,181.7996,7.7228,58.45,14,57.14,true
0.22,LargeCaps5,1,7.8211,2.7331,22.58,8,62.50,true
0.22,LargeCaps5,2,183.5346,6.6531,25.05,13,61.54,true
0.22,LargeCaps5,3,58.2604,5.0583,43.84,13,61.54,true
0.22,LargeCaps5,4,119.8923,12.3731,11.05,11,63.64,true
0.22,LargeCaps5,5,-17.9838,-0.8839,35.48,11,27.27,false
0.22,Legacy3,0,237.4139,12.8871,9.04,13,69.23,true
0.22,Legacy3,1,-8.5264,0.4938,31.45,13,38.46,false
0.22,Legacy3,2,34.8277,3.0471,25.05,14,35.71,true
0.22,Legacy3,3,107.4758,6.4641,43.58,14,50.00,true
0.22,Legacy3,4,-55.3387,-6.6720,55.34,12,16.67,false
0.22,Legacy3,5,-42.6915,-3.6347,49.50,13,30.77,false
0.22,LowVolume5,0,112.1827,5.6261,24.37,16,56.25,true
0.22,LowVolume5,1,-28.4361,-1.8114,52.06,14,35.71,false
0.22,LowVolume5,2,526.6032,11.7660,13.98,13,69.23,true
0.22,LowVolume5,3,172.1542,6.8067,60.45,14,50.00,true
0.22,LowVolume5,4,-71.5187,-9.8723,72.00,13,15.38,false
0.22,LowVolume5,5,-53.3762,-4.7966,67.60,15,26.67,false
0.22,OldGuard4,0,116.0239,5.9758,35.13,15,53.33,true
0.22,OldGuard4,1,-30.0468,-2.7450,40.55,12,41.67,false
0.22,OldGuard4,2,41.3810,3.2311,25.05,14,42.86,true
0.22,OldGuard4,3,107.4758,6.4641,43.58,14,50.00,true
0.22,OldGuard4,4,-59.7810,-7.3424,59.78,13,15.38,false
0.22,OldGuard4,5,-12.4246,0.5534,51.58,15,40.00,false
0.23,Base5,0,181.7996,7.7228,58.45,14,57.14,true
0.23,Base5,1,805.1392,7.1958,11.73,11,63.64,true
0.23,Base5,2,235.6426,8.2654,25.05,12,83.33,true
0.23,Base5,3,34.3039,3.7797,47.43,15,53.33,true
0.23,Base5,4,171.5242,16.2392,9.34,11,72.73,true
0.23,Base5,5,-9.2711,0.0482,30.19,11,27.27,false
0.23,NoDOGE,0,181.7996,7.7228,58.45,14,57.14,true
0.23,NoDOGE,1,7.8211,2.7331,22.58,8,62.50,true
0.23,NoDOGE,2,264.2343,7.6916,25.05,13,69.23,true
0.23,NoDOGE,3,106.0708,6.7952,36.71,14,64.29,true
0.23,NoDOGE,4,171.5242,16.2392,9.34,11,72.73,true
0.23,NoDOGE,5,-17.9838,-0.8839,35.48,11,27.27,false
0.23,Legacy4,0,99.7124,8.5587,10.77,14,57.14,true
0.23,Legacy4,1,5.4783,1.9162,36.22,12,50.00,true
0.23,Legacy4,2,186.4537,7.0089,25.05,11,72.73,true
0.23,Legacy4,3,90.4270,6.7382,27.27,14,50.00,true
0.23,Legacy4,4,31.4091,4.9089,19.85,11,54.55,true
0.23,Legacy4,5,-29.2672,-2.8443,35.52,11,27.27,false
0.23,Legacy5BNB,0,208.1145,12.7765,10.53,14,64.29,true
0.23,Legacy5BNB,1,5.4818,2.1812,28.92,10,40.00,true
0.23,Legacy5BNB,2,-1.5604,0.6310,30.66,12,58.33,false
0.23,Legacy5BNB,3,120.5437,8.7774,20.55,13,53.85,true
0.23,Legacy5BNB,4,99.2030,16.6405,8.11,8,75.00,true
0.23,Legacy5BNB,5,-57.4372,-11.6957,57.44,9,22.22,false
0.23,OldGuardNoBNB,0,165.8775,6.9551,42.60,15,53.33,true
0.23,OldGuardNoBNB,1,-39.3203,-5.0984,53.40,12,41.67,false
0.23,OldGuardNoBNB,2,186.4537,7.0089,25.05,11,72.73,true
0.23,OldGuardNoBNB,3,90.4270,6.7382,27.27,14,50.00,true
0.23,OldGuardNoBNB,4,31.4091,4.9089,19.85,11,54.55,true
0.23,OldGuardNoBNB,5,-22.5446,-2.0813,33.75,11,36.36,false
0.23,LargeCaps5,0,181.7996,7.7228,58.45,14,57.14,true
0.23,LargeCaps5,1,7.8211,2.7331,22.58,8,62.50,true
0.23,LargeCaps5,2,264.2343,7.6916,25.05,13,69.23,true
0.23,LargeCaps5,3,58.2604,5.0583,43.84,13,61.54,true
0.23,LargeCaps5,4,119.8923,12.3731,11.05,11,63.64,true
0.23,LargeCaps5,5,-17.9838,-0.8839,35.48,11,27.27,false
0.23,Legacy3,0,227.4644,12.5439,9.04,13,69.23,true
0.23,Legacy3,1,2.6323,1.3741,31.45,13,46.15,true
0.23,Legacy3,2,40.0421,3.1871,25.05,14,35.71,true
0.23,Legacy3,3,219.0765,9.7904,27.22,13,61.54,true
0.23,Legacy3,4,-55.3387,-6.6720,55.34,12,16.67,false
0.23,Legacy3,5,-42.6915,-3.6347,49.50,13,30.77,false
0.23,LowVolume5,0,112.1827,5.6261,24.37,16,56.25,true
0.23,LowVolume5,1,-28.4361,-1.8114,52.06,14,35.71,false
0.23,LowVolume5,2,615.3824,13.2228,8.84,12,75.00,true
0.23,LowVolume5,3,205.1741,7.5682,60.45,13,53.85,true
0.23,LowVolume5,4,-71.5187,-9.8723,72.00,13,15.38,false
0.23,LowVolume5,5,-53.3762,-4.7966,67.60,15,26.67,false
0.23,OldGuard4,0,144.9939,6.7092,35.13,15,53.33,true
0.23,OldGuard4,1,-30.0468,-2.7450,40.55,12,41.67,false
0.23,OldGuard4,2,46.5365,3.5278,25.05,13,38.46,true
0.23,OldGuard4,3,219.0765,9.7904,27.22,13,61.54,true
0.23,OldGuard4,4,-59.7810,-7.3424,59.78,13,15.38,false
0.23,OldGuard4,5,-12.4246,0.5534,51.58,15,40.00,false
0.24,Base5,0,181.7996,7.7228,58.45,14,57.14,true
0.24,Base5,1,805.1392,7.1958,11.73,11,63.64,true
0.24,Base5,2,235.6426,8.2654,25.05,12,83.33,true
0.24,Base5,3,34.3039,3.7797,47.43,15,53.33,true
0.24,Base5,4,171.5242,16.2392,9.34,11,72.73,true
0.24,Base5,5,-9.2711,0.0482,30.19,11,27.27,false
0.24,NoDOGE,0,181.7996,7.7228,58.45,14,57.14,true
0.24,NoDOGE,1,7.8211,2.7331,22.58,8,62.50,true
0.24,NoDOGE,2,264.2343,7.6916,25.05,13,69.23,true
0.24,NoDOGE,3,106.0708,6.7952,36.71,14,64.29,true
0.24,NoDOGE,4,171.5242,16.2392,9.34,11,72.73,true
0.24,NoDOGE,5,-17.9838,-0.8839,35.48,11,27.27,false
0.24,Legacy4,0,99.7124,8.5587,10.77,14,57.14,true
0.24,Legacy4,1,5.4783,1.9162,36.22,12,50.00,true
0.24,Legacy4,2,186.4537,7.0089,25.05,11,72.73,true
0.24,Legacy4,3,90.4270,6.7382,27.27,14,50.00,true
0.24,Legacy4,4,31.4091,4.9089,19.85,11,54.55,true
0.24,Legacy4,5,-2.2412,1.1672,27.89,10,30.00,false
0.24,Legacy5BNB,0,208.1145,12.7765,10.53,14,64.29,true
0.24,Legacy5BNB,1,5.4818,2.1812,28.92,10,40.00,true
0.24,Legacy5BNB,2,-1.5604,0.6310,30.66,12,58.33,false
0.24,Legacy5BNB,3,120.5437,8.7774,20.55,13,53.85,true
0.24,Legacy5BNB,4,99.2030,16.6405,8.11,8,75.00,true
0.24,Legacy5BNB,5,-28.3924,-2.9048,39.97,8,37.50,false
0.24,OldGuardNoBNB,0,165.8775,6.9551,42.60,15,53.33,true
0.24,OldGuardNoBNB,1,-38.7286,-4.7381,53.40,12,41.67,false
0.24,OldGuardNoBNB,2,186.4537,7.0089,25.05,11,72.73,true
0.24,OldGuardNoBNB,3,90.4270,6.7382,27.27,14,50.00,true
0.24,OldGuardNoBNB,4,31.4091,4.9089,19.85,11,54.55,true
0.24,OldGuardNoBNB,5,7.0500,2.1546,27.89,10,40.00,true
0.24,LargeCaps5,0,181.7996,7.7228,58.45,14,57.14,true
0.24,LargeCaps5,1,7.8211,2.7331,22.58,8,62.50,true
0.24,LargeCaps5,2,264.2343,7.6916,25.05,13,69.23,true
0.24,LargeCaps5,3,58.2604,5.0583,43.84,13,61.54,true
0.24,LargeCaps5,4,119.8923,12.3731,11.05,11,63.64,true
0.24,LargeCaps5,5,-17.9838,-0.8839,35.48,11,27.27,false
0.24,Legacy3,0,227.4644,12.5439,9.04,13,69.23,true
0.24,Legacy3,1,2.6323,1.3741,31.45,13,46.15,true
0.24,Legacy3,2,36.4207,3.0973,25.05,14,35.71,true
0.24,Legacy3,3,219.0765,9.7904,27.22,13,61.54,true
0.24,Legacy3,4,-56.8555,-6.8486,56.86,12,16.67,false
0.24,Legacy3,5,-45.5468,-4.0023,52.02,13,30.77,false
0.24,LowVolume5,0,112.1827,5.6261,24.37,16,56.25,true
0.24,LowVolume5,1,-36.3570,-2.8420,52.06,14,28.57,false
0.24,LowVolume5,2,862.4645,15.2508,5.39,12,83.33,true
0.24,LowVolume5,3,205.1741,7.5682,60.45,13,53.85,true
0.24,LowVolume5,4,-71.5187,-9.8723,72.00,13,15.38,false
0.24,LowVolume5,5,-55.6991,-5.1187,69.21,15,26.67,false
0.24,OldGuard4,0,144.9939,6.7092,35.13,15,53.33,true
0.24,OldGuard4,1,-29.3647,-2.5156,42.30,12,41.67,false
0.24,OldGuard4,2,46.5365,3.5278,25.05,13,38.46,true
0.24,OldGuard4,3,219.0765,9.7904,27.22,13,61.54,true
0.24,OldGuard4,4,-61.1469,-7.4920,61.15,13,15.38,false
0.24,OldGuard4,5,-16.7879,0.2307,53.99,15,40.00,false
0.25,Base5,0,181.7996,7.7228,58.45,14,57.14,true
0.25,Base5,1,805.1392,7.1958,11.73,11,63.64,true
0.25,Base5,2,235.6426,8.2654,25.05,12,83.33,true
0.25,Base5,3,34.3039,3.7797,47.43,15,53.33,true
0.25,Base5,4,171.5242,16.2392,9.34,11,72.73,true
0.25,Base5,5,-9.2711,0.0482,30.19,11,27.27,false
0.25,NoDOGE,0,181.7996,7.7228,58.45,14,57.14,true
0.25,NoDOGE,1,7.8211,2.7331,22.58,8,62.50,true
0.25,NoDOGE,2,264.2343,7.6916,25.05,13,69.23,true
0.25,NoDOGE,3,106.0708,6.7952,36.71,14,64.29,true
0.25,NoDOGE,4,171.5242,16.2392,9.34,11,72.73,true
0.25,NoDOGE,5,-17.9838,-0.8839,35.48,11,27.27,false
0.25,Legacy4,0,99.7124,8.5587,10.77,14,57.14,true
0.25,Legacy4,1,5.4783,1.9162,36.22,12,50.00,true
0.25,Legacy4,2,186.4537,7.0089,25.05,11,72.73,true
0.25,Legacy4,3,90.4270,6.7382,27.27,14,50.00,true
0.25,Legacy4,4,31.4091,4.9089,19.85,11,54.55,true
0.25,Legacy4,5,-2.2412,1.1672,27.89,10,30.00,false
0.25,Legacy5BNB,0,208.1145,12.7765,10.53,14,64.29,true
0.25,Legacy5BNB,1,5.4818,2.1812,28.92,10,40.00,true
0.25,Legacy5BNB,2,-1.5604,0.6310,30.66,12,58.33,false
0.25,Legacy5BNB,3,120.5437,8.7774,20.55,13,53.85,true
0.25,Legacy5BNB,4,99.2030,16.6405,8.11,8,75.00,true
0.25,Legacy5BNB,5,-28.3924,-2.9048,39.97,8,37.50,false
0.25,OldGuardNoBNB,0,165.8775,6.9551,42.60,15,53.33,true
0.25,OldGuardNoBNB,1,-38.7286,-4.7381,53.40,12,41.67,false
0.25,OldGuardNoBNB,2,186.4537,7.0089,25.05,11,72.73,true
0.25,OldGuardNoBNB,3,90.4270,6.7382,27.27,14,50.00,true
0.25,OldGuardNoBNB,4,31.4091,4.9089,19.85,11,54.55,true
0.25,OldGuardNoBNB,5,7.0500,2.1546,27.89,10,40.00,true
0.25,LargeCaps5,0,181.7996,7.7228,58.45,14,57.14,true
0.25,LargeCaps5,1,7.8211,2.7331,22.58,8,62.50,true
0.25,LargeCaps5,2,264.2343,7.6916,25.05,13,69.23,true
0.25,LargeCaps5,3,58.2604,5.0583,43.84,13,61.54,true
0.25,LargeCaps5,4,119.8923,12.3731,11.05,11,63.64,true
0.25,LargeCaps5,5,-17.9838,-0.8839,35.48,11,27.27,false
0.25,Legacy3,0,227.4644,12.5439,9.04,13,69.23,true
0.25,Legacy3,1,2.6323,1.3741,31.45,13,46.15,true
0.25,Legacy3,2,36.4207,3.0973,25.05,14,35.71,true
0.25,Legacy3,3,219.0765,9.7904,27.22,13,61.54,true
0.25,Legacy3,4,-56.8555,-6.8486,56.86,12,16.67,false
0.25,Legacy3,5,-51.4960,-5.2369,52.02,13,30.77,false
0.25,LowVolume5,0,149.0433,6.4157,24.37,16,62.50,true
0.25,LowVolume5,1,-36.3570,-2.8420,52.06,14,28.57,false
0.25,LowVolume5,2,862.4645,15.2508,5.39,12,83.33,true
0.25,LowVolume5,3,205.1741,7.5682,60.45,13,53.85,true
0.25,LowVolume5,4,-71.5187,-9.8723,72.00,13,15.38,false
0.25,LowVolume5,5,-55.6991,-5.1187,69.21,15,26.67,false
0.25,OldGuard4,0,144.9939,6.7092,35.13,15,53.33,true
0.25,OldGuard4,1,-29.3647,-2.5156,42.30,12,41.67,false
0.25,OldGuard4,2,46.5365,3.5278,25.05,13,38.46,true
0.25,OldGuard4,3,219.0765,9.7904,27.22,13,61.54,true
0.25,OldGuard4,4,-61.1469,-7.4920,61.15,13,15.38,false
0.25,OldGuard4,5,-25.8791,-0.6352,53.99,15,40.00,false
0.26,Base5,0,181.7996,7.7228,58.45,14,57.14,true
0.26,Base5,1,805.1392,7.1958,11.73,11,63.64,true
0.26,Base5,2,235.6426,8.2654,25.05,12,83.33,true
0.26,Base5,3,34.3039,3.7797,47.43,15,53.33,true
0.26,Base5,4,171.5242,16.2392,9.34,11,72.73,true
0.26,Base5,5,-9.2711,0.0482,30.19,11,27.27,false
0.26,NoDOGE,0,181.7996,7.7228,58.45,14,57.14,true
0.26,NoDOGE,1,7.8211,2.7331,22.58,8,62.50,true
0.26,NoDOGE,2,264.2343,7.6916,25.05,13,69.23,true
0.26,NoDOGE,3,106.0708,6.7952,36.71,14,64.29,true
0.26,NoDOGE,4,171.5242,16.2392,9.34,11,72.73,true
0.26,NoDOGE,5,-15.5796,-0.7009,33.58,11,27.27,false
0.26,Legacy4,0,42.1911,5.0124,20.65,13,53.85,true
0.26,Legacy4,1,5.4783,1.9162,36.22,12,50.00,true
0.26,Legacy4,2,186.4537,7.0089,25.05,11,72.73,true
0.26,Legacy4,3,90.4270,6.7382,27.27,14,50.00,true
0.26,Legacy4,4,31.4091,4.9089,19.85,11,54.55,true
0.26,Legacy4,5,-2.2412,1.1672,27.89,10,30.00,false
0.26,Legacy5BNB,0,119.3712,9.2207,20.65,13,61.54,true
0.26,Legacy5BNB,1,5.4818,2.1812,28.92,10,40.00,true
0.26,Legacy5BNB,2,-1.5604,0.6310,30.66,12,58.33,false
0.26,Legacy5BNB,3,120.5437,8.7774,20.55,13,53.85,true
0.26,Legacy5BNB,4,99.2030,16.6405,8.11,8,75.00,true
0.26,Legacy5BNB,5,-28.3924,-2.9048,39.97,8,37.50,false
0.26,OldGuardNoBNB,0,89.2993,5.2903,42.60,14,50.00,true
0.26,OldGuardNoBNB,1,-38.7286,-4.7381,53.40,12,41.67,false
0.26,OldGuardNoBNB,2,186.4537,7.0089,25.05,11,72.73,true
0.26,OldGuardNoBNB,3,90.4270,6.7382,27.27,14,50.00,true
0.26,OldGuardNoBNB,4,31.4091,4.9089,19.85,11,54.55,true
0.26,OldGuardNoBNB,5,7.0500,2.1546,27.89,10,40.00,true
0.26,LargeCaps5,0,181.7996,7.7228,58.45,14,57.14,true
0.26,LargeCaps5,1,7.8211,2.7331,22.58,8,62.50,true
0.26,LargeCaps5,2,264.2343,7.6916,25.05,13,69.23,true
0.26,LargeCaps5,3,58.2604,5.0583,43.84,13,61.54,true
0.26,LargeCaps5,4,119.8923,12.3731,11.05,11,63.64,true
0.26,LargeCaps5,5,-15.5796,-0.7009,33.58,11,27.27,false
0.26,Legacy3,0,182.8722,11.2394,10.94,13,69.23,true
0.26,Legacy3,1,2.6323,1.3741,31.45,13,46.15,true
0.26,Legacy3,2,36.4207,3.0973,25.05,14,35.71,true
0.26,Legacy3,3,219.0765,9.7904,27.22,13,61.54,true
0.26,Legacy3,4,-56.8555,-6.8486,56.86,12,16.67,false
0.26,Legacy3,5,-51.4960,-5.2369,52.02,13,30.77,false
0.26,LowVolume5,0,111.4560,5.6798,24.37,15,60.00,true
0.26,LowVolume5,1,-36.3570,-2.8420,52.06,14,28.57,false
0.26,LowVolume5,2,862.4645,15.2508,5.39,12,83.33,true
0.26,LowVolume5,3,192.0196,7.4138,60.45,13,53.85,true
0.26,LowVolume5,4,-71.5187,-9.8723,72.00,13,15.38,false
0.26,LowVolume5,5,-50.1463,-5.1200,65.36,15,26.67,false
0.26,OldGuard4,0,108.0177,5.9124,35.13,14,50.00,true
0.26,OldGuard4,1,-29.3647,-2.5156,42.30,12,41.67,false
0.26,OldGuard4,2,46.5365,3.5278,25.05,13,38.46,true
0.26,OldGuard4,3,219.0765,9.7904,27.22,13,61.54,true
0.26,OldGuard4,4,-61.1469,-7.4920,61.15,13,15.38,false
0.26,OldGuard4,5,-25.8791,-0.6352,53.99,15,40.00,false
0.27,Base5,0,181.7996,7.7228,58.45,14,57.14,true
0.27,Base5,1,805.1392,7.1958,11.73,11,63.64,true
0.27,Base5,2,235.6426,8.2654,25.05,12,83.33,true
0.27,Base5,3,34.3039,3.7797,47.43,15,53.33,true
0.27,Base5,4,171.5242,16.2392,9.34,11,72.73,true
0.27,Base5,5,-9.2711,0.0482,30.19,11,27.27,false
0.27,NoDOGE,0,181.7996,7.7228,58.45,14,57.14,true
0.27,NoDOGE,1,0.3064,0.9032,24.15,8,50.00,true
0.27,NoDOGE,2,264.2343,7.6916,25.05,13,69.23,true
0.27,NoDOGE,3,106.0708,6.7952,36.71,14,64.29,true
0.27,NoDOGE,4,171.5242,16.2392,9.34,11,72.73,true
0.27,NoDOGE,5,-15.5796,-0.7009,33.58,11,27.27,false
0.27,Legacy4,0,42.1911,5.0124,20.65,13,53.85,true
0.27,Legacy4,1,-3.3332,1.1032,36.22,12,41.67,false
0.27,Legacy4,2,186.4537,7.0089,25.05,11,72.73,true
0.27,Legacy4,3,90.4270,6.7382,27.27,14,50.00,true
0.27,Legacy4,4,31.4091,4.9089,19.85,11,54.55,true
0.27,Legacy4,5,-2.2412,1.1672,27.89,10,30.00,false
0.27,Legacy5BNB,0,119.3712,9.2207,20.65,13,61.54,true
0.27,Legacy5BNB,1,-3.3300,1.1729,28.92,10,30.00,false
0.27,Legacy5BNB,2,-1.5604,0.6310,30.66,12,58.33,false
0.27,Legacy5BNB,3,120.5437,8.7774,20.55,13,53.85,true
0.27,Legacy5BNB,4,99.2030,16.6405,8.11,8,75.00,true
0.27,Legacy5BNB,5,-28.3924,-2.9048,39.97,8,37.50,false
0.27,OldGuardNoBNB,0,89.2993,5.2903,42.60,14,50.00,true
0.27,OldGuardNoBNB,1,-47.1303,-6.6548,59.02,12,33.33,false
0.27,OldGuardNoBNB,2,186.4537,7.0089,25.05,11,72.73,true
0.27,OldGuardNoBNB,3,90.4270,6.7382,27.27,14,50.00,true
0.27,OldGuardNoBNB,4,31.4091,4.9089,19.85,11,54.55,true
0.27,OldGuardNoBNB,5,7.0500,2.1546,27.89,10,40.00,true
0.27,LargeCaps5,0,181.7996,7.7228,58.45,14,57.14,true
0.27,LargeCaps5,1,0.3064,0.9032,24.15,8,50.00,true
0.27,LargeCaps5,2,264.2343,7.6916,25.05,13,69.23,true
0.27,LargeCaps5,3,58.2604,5.0583,43.84,13,61.54,true
0.27,LargeCaps5,4,119.8923,12.3731,11.05,11,63.64,true
0.27,LargeCaps5,5,-15.5796,-0.7009,33.58,11,27.27,false
0.27,Legacy3,0,182.8722,11.2394,10.94,13,69.23,true
0.27,Legacy3,1,-0.1969,1.3289,31.45,12,41.67,false
0.27,Legacy3,2,36.4207,3.0973,25.05,14,35.71,true
0.27,Legacy3,3,219.0765,9.7904,27.22,13,61.54,true
0.27,Legacy3,4,-56.8555,-6.8486,56.86,12,16.67,false
0.27,Legacy3,5,-51.4960,-5.2369,52.02,13,30.77,false
0.27,LowVolume5,0,111.4560,5.6798,24.37,15,60.00,true
0.27,LowVolume5,1,-34.8540,-2.7731,52.06,13,30.77,false
0.27,LowVolume5,2,862.4645,15.2508,5.39,12,83.33,true
0.27,LowVolume5,3,192.0196,7.4138,60.45,13,53.85,true
0.27,LowVolume5,4,-65.6902,-8.8018,71.69,12,16.67,false
0.27,LowVolume5,5,-50.1463,-5.1200,65.36,15,26.67,false
0.27,OldGuard4,0,108.0177,5.9124,35.13,14,50.00,true
0.27,OldGuard4,1,-39.0504,-4.1881,46.56,12,33.33,false
0.27,OldGuard4,2,46.5365,3.5278,25.05,13,38.46,true
0.27,OldGuard4,3,219.0765,9.7904,27.22,13,61.54,true
0.27,OldGuard4,4,-61.1469,-7.4920,61.15,13,15.38,false
0.27,OldGuard4,5,-25.8791,-0.6352,53.99,15,40.00,false
0.28,Base5,0,181.7996,7.7228,58.45,14,57.14,true
0.28,Base5,1,805.1392,7.1958,11.73,11,63.64,true
0.28,Base5,2,235.6426,8.2654,25.05,12,83.33,true
0.28,Base5,3,34.3039,3.7797,47.43,15,53.33,true
0.28,Base5,4,171.5242,16.2392,9.34,11,72.73,true
0.28,Base5,5,-9.2711,0.0482,30.19,11,27.27,false
0.28,NoDOGE,0,181.7996,7.7228,58.45,14,57.14,true
0.28,NoDOGE,1,0.3064,0.9032,24.15,8,50.00,true
0.28,NoDOGE,2,264.2343,7.6916,25.05,13,69.23,true
0.28,NoDOGE,3,106.0708,6.7952,36.71,14,64.29,true
0.28,NoDOGE,4,171.5242,16.2392,9.34,11,72.73,true
0.28,NoDOGE,5,-15.5796,-0.7009,33.58,11,27.27,false
0.28,Legacy4,0,42.1911,5.0124,20.65,13,53.85,true
0.28,Legacy4,1,-3.3332,1.1032,36.22,12,41.67,false
0.28,Legacy4,2,186.4537,7.0089,25.05,11,72.73,true
0.28,Legacy4,3,90.4270,6.7382,27.27,14,50.00,true
0.28,Legacy4,4,31.4091,4.9089,19.85,11,54.55,true
0.28,Legacy4,5,-2.2412,1.1672,27.89,10,30.00,false
0.28,Legacy5BNB,0,119.3712,9.2207,20.65,13,61.54,true
0.28,Legacy5BNB,1,-3.3300,1.1729,28.92,10,30.00,false
0.28,Legacy5BNB,2,-1.5604,0.6310,30.66,12,58.33,false
0.28,Legacy5BNB,3,120.5437,8.7774,20.55,13,53.85,true
0.28,Legacy5BNB,4,99.2030,16.6405,8.11,8,75.00,true
0.28,Legacy5BNB,5,-28.3924,-2.9048,39.97,8,37.50,false
0.28,OldGuardNoBNB,0,89.2993,5.2903,42.60,14,50.00,true
0.28,OldGuardNoBNB,1,-54.2581,-9.0689,61.20,12,25.00,false
0.28,OldGuardNoBNB,2,186.4537,7.0089,25.05,11,72.73,true
0.28,OldGuardNoBNB,3,90.4270,6.7382,27.27,14,50.00,true
0.28,OldGuardNoBNB,4,31.4091,4.9089,19.85,11,54.55,true
0.28,OldGuardNoBNB,5,7.0500,2.1546,27.89,10,40.00,true
0.28,LargeCaps5,0,181.7996,7.7228,58.45,14,57.14,true
0.28,LargeCaps5,1,0.3064,0.9032,24.15,8,50.00,true
0.28,LargeCaps5,2,264.2343,7.6916,25.05,13,69.23,true
0.28,LargeCaps5,3,58.2604,5.0583,43.84,13,61.54,true
0.28,LargeCaps5,4,119.8923,12.3731,11.05,11,63.64,true
0.28,LargeCaps5,5,-15.5796,-0.7009,33.58,11,27.27,false
0.28,Legacy3,0,182.8722,11.2394,10.94,13,69.23,true
0.28,Legacy3,1,-0.1969,1.3289,31.45,12,41.67,false
0.28,Legacy3,2,36.4207,3.0973,25.05,14,35.71,true
0.28,Legacy3,3,219.0765,9.7904,27.22,13,61.54,true
0.28,Legacy3,4,-56.8555,-6.8486,56.86,12,16.67,false
0.28,Legacy3,5,-51.4960,-5.2369,52.02,13,30.77,false
0.28,LowVolume5,0,111.4560,5.6798,24.37,15,60.00,true
0.28,LowVolume5,1,-34.8540,-2.7731,52.06,13,30.77,false
0.28,LowVolume5,2,862.4645,15.2508,5.39,12,83.33,true
0.28,LowVolume5,3,192.0196,7.4138,60.45,13,53.85,true
0.28,LowVolume5,4,-65.6902,-8.8018,71.69,12,16.67,false
0.28,LowVolume5,5,-52.1251,-5.4874,66.73,15,26.67,false
0.28,OldGuard4,0,108.0177,5.9124,35.13,14,50.00,true
0.28,OldGuard4,1,-39.0504,-4.1881,46.56,12,33.33,false
0.28,OldGuard4,2,46.5365,3.5278,25.05,13,38.46,true
0.28,OldGuard4,3,219.0765,9.7904,27.22,13,61.54,true
0.28,OldGuard4,4,-61.1469,-7.4920,61.15,13,15.38,false
0.28,OldGuard4,5,-25.8791,-0.6352,53.99,15,40.00,false
0.29,Base5,0,171.1869,7.5645,58.45,14,57.14,true
0.29,Base5,1,805.1392,7.1958,11.73,11,63.64,true
0.29,Base5,2,235.6426,8.2654,25.05,12,83.33,true
0.29,Base5,3,34.3039,3.7797,47.43,15,53.33,true
0.29,Base5,4,168.4930,16.0259,9.34,11,72.73,true
0.29,Base5,5,-9.2711,0.0482,30.19,11,27.27,false
0.29,NoDOGE,0,171.1869,7.5645,58.45,14,57.14,true
0.29,NoDOGE,1,0.3064,0.9032,24.15,8,50.00,true
0.29,NoDOGE,2,264.2343,7.6916,25.05,13,69.23,true
0.29,NoDOGE,3,106.0708,6.7952,36.71,14,64.29,true
0.29,NoDOGE,4,168.4930,16.0259,9.34,11,72.73,true
0.29,NoDOGE,5,-15.5796,-0.7009,33.58,11,27.27,false
0.29,Legacy4,0,42.1911,5.0124,20.65,13,53.85,true
0.29,Legacy4,1,-3.3332,1.1032,36.22,12,41.67,false
0.29,Legacy4,2,186.4537,7.0089,25.05,11,72.73,true
0.29,Legacy4,3,90.4270,6.7382,27.27,14,50.00,true
0.29,Legacy4,4,29.9421,4.7510,19.85,11,54.55,true
0.29,Legacy4,5,-2.2412,1.1672,27.89,10,30.00,false
0.29,Legacy5BNB,0,119.3712,9.2207,20.65,13,61.54,true
0.29,Legacy5BNB,1,-3.3300,1.1729,28.92,10,30.00,false
0.29,Legacy5BNB,2,-1.5604,0.6310,30.66,12,58.33,false
0.29,Legacy5BNB,3,120.5437,8.7774,20.55,13,53.85,true
0.29,Legacy5BNB,4,99.2030,16.6405,8.11,8,75.00,true
0.29,Legacy5BNB,5,-28.3924,-2.9048,39.97,8,37.50,false
0.29,OldGuardNoBNB,0,89.2993,5.2903,42.60,14,50.00,true
0.29,OldGuardNoBNB,1,-54.2581,-9.0689,61.20,12,25.00,false
0.29,OldGuardNoBNB,2,186.4537,7.0089,25.05,11,72.73,true
0.29,OldGuardNoBNB,3,90.4270,6.7382,27.27,14,50.00,true
0.29,OldGuardNoBNB,4,29.9421,4.7510,19.85,11,54.55,true
0.29,OldGuardNoBNB,5,7.0500,2.1546,27.89,10,40.00,true
0.29,LargeCaps5,0,171.1869,7.5645,58.45,14,57.14,true
0.29,LargeCaps5,1,0.3064,0.9032,24.15,8,50.00,true
0.29,LargeCaps5,2,264.2343,7.6916,25.05,13,69.23,true
0.29,LargeCaps5,3,58.2604,5.0583,43.84,13,61.54,true
0.29,LargeCaps5,4,113.4543,11.7790,13.65,11,63.64,true
0.29,LargeCaps5,5,-15.5796,-0.7009,33.58,11,27.27,false
0.29,Legacy3,0,162.9731,10.3961,10.94,13,61.54,true
0.29,Legacy3,1,-0.1969,1.3289,31.45,12,41.67,false
0.29,Legacy3,2,36.4207,3.0973,25.05,14,35.71,true
0.29,Legacy3,3,133.0986,7.5937,38.72,13,61.54,true
0.29,Legacy3,4,-56.1965,-7.1570,56.20,11,18.18,false
0.29,Legacy3,5,-51.4960,-5.2369,52.02,13,30.77,false
0.29,LowVolume5,0,111.4560,5.6798,24.37,15,60.00,true
0.29,LowVolume5,1,-34.8540,-2.7731,52.06,13,30.77,false
0.29,LowVolume5,2,862.4645,15.2508,5.39,12,83.33,true
0.29,LowVolume5,3,192.0196,7.4138,60.45,13,53.85,true
0.29,LowVolume5,4,-65.6902,-8.8018,71.69,12,16.67,false
0.29,LowVolume5,5,-52.1251,-5.4874,66.73,15,26.67,false
0.29,OldGuard4,0,108.0177,5.9124,35.13,14,50.00,true
0.29,OldGuard4,1,-39.0504,-4.1881,46.56,12,33.33,false
0.29,OldGuard4,2,46.5365,3.5278,25.05,13,38.46,true
0.29,OldGuard4,3,133.0986,7.5937,38.72,13,61.54,true
0.29,OldGuard4,4,-60.5535,-7.8118,60.55,12,16.67,false
0.29,OldGuard4,5,-25.8791,-0.6352,53.99,15,40.00,false
0.30,Base5,0,171.1869,7.5645,58.45,14,57.14,true
0.30,Base5,1,805.1392,7.1958,11.73,11,63.64,true
0.30,Base5,2,235.6426,8.2654,25.05,12,83.33,true
0.30,Base5,3,34.3039,3.7797,47.43,15,53.33,true
0.30,Base5,4,168.4930,16.0259,9.34,11,72.73,true
0.30,Base5,5,-9.2711,0.0482,30.19,11,27.27,false
0.30,NoDOGE,0,171.1869,7.5645,58.45,14,57.14,true
0.30,NoDOGE,1,0.3064,0.9032,24.15,8,50.00,true
0.30,NoDOGE,2,264.2343,7.6916,25.05,13,69.23,true
0.30,NoDOGE,3,106.0708,6.7952,36.71,14,64.29,true
0.30,NoDOGE,4,168.4930,16.0259,9.34,11,72.73,true
0.30,NoDOGE,5,-15.5796,-0.7009,33.58,11,27.27,false
0.30,Legacy4,0,42.1911,5.0124,20.65,13,53.85,true
0.30,Legacy4,1,-3.3332,1.1032,36.22,12,41.67,false
0.30,Legacy4,2,186.4537,7.0089,25.05,11,72.73,true
0.30,Legacy4,3,90.4270,6.7382,27.27,14,50.00,true
0.30,Legacy4,4,29.9421,4.7510,19.85,11,54.55,true
0.30,Legacy4,5,-2.2412,1.1672,27.89,10,30.00,false
0.30,Legacy5BNB,0,119.3712,9.2207,20.65,13,61.54,true
0.30,Legacy5BNB,1,-3.3300,1.1729,28.92,10,30.00,false
0.30,Legacy5BNB,2,-1.5604,0.6310,30.66,12,58.33,false
0.30,Legacy5BNB,3,120.5437,8.7774,20.55,13,53.85,true
0.30,Legacy5BNB,4,99.2030,16.6405,8.11,8,75.00,true
0.30,Legacy5BNB,5,-28.3924,-2.9048,39.97,8,37.50,false
0.30,OldGuardNoBNB,0,89.2993,5.2903,42.60,14,50.00,true
0.30,OldGuardNoBNB,1,-54.2581,-9.0689,61.20,12,25.00,false
0.30,OldGuardNoBNB,2,186.4537,7.0089,25.05,11,72.73,true
0.30,OldGuardNoBNB,3,90.4270,6.7382,27.27,14,50.00,true
0.30,OldGuardNoBNB,4,29.9421,4.7510,19.85,11,54.55,true
0.30,OldGuardNoBNB,5,7.0500,2.1546,27.89,10,40.00,true
0.30,LargeCaps5,0,171.1869,7.5645,58.45,14,57.14,true
0.30,LargeCaps5,1,0.3064,0.9032,24.15,8,50.00,true
0.30,LargeCaps5,2,264.2343,7.6916,25.05,13,69.23,true
0.30,LargeCaps5,3,58.2604,5.0583,43.84,13,61.54,true
0.30,LargeCaps5,4,113.4543,11.7790,13.65,11,63.64,true
0.30,LargeCaps5,5,-15.5796,-0.7009,33.58,11,27.27,false
0.30,Legacy3,0,162.9731,10.3961,10.94,13,61.54,true
0.30,Legacy3,1,-0.1969,1.3289,31.45,12,41.67,false
0.30,Legacy3,2,36.4207,3.0973,25.05,14,35.71,true
0.30,Legacy3,3,133.0986,7.5937,38.72,13,61.54,true
0.30,Legacy3,4,-56.1965,-7.1570,56.20,11,18.18,false
0.30,Legacy3,5,-51.4960,-5.2369,52.02,13,30.77,false
0.30,LowVolume5,0,111.4560,5.6798,24.37,15,60.00,true
0.30,LowVolume5,1,-34.8540,-2.7731,52.06,13,30.77,false
0.30,LowVolume5,2,862.4645,15.2508,5.39,12,83.33,true
0.30,LowVolume5,3,296.0871,7.1934,65.29,13,53.85,true
0.30,LowVolume5,4,-65.6902,-8.8018,71.69,12,16.67,false
0.30,LowVolume5,5,-52.1251,-5.4874,66.73,15,26.67,false
0.30,OldGuard4,0,108.0177,5.9124,35.13,14,50.00,true
0.30,OldGuard4,1,-39.0504,-4.1881,46.56,12,33.33,false
0.30,OldGuard4,2,46.5365,3.5278,25.05,13,38.46,true
0.30,OldGuard4,3,133.0986,7.5937,38.72,13,61.54,true
0.30,OldGuard4,4,-60.5535,-7.8118,60.55,12,16.67,false
0.30,OldGuard4,5,-25.8791,-0.6352,53.99,15,40.00,false
0.31,Base5,0,171.1869,7.5645,58.45,14,57.14,true
0.31,Base5,1,805.1392,7.1958,11.73,11,63.64,true
0.31,Base5,2,235.6426,8.2654,25.05,12,83.33,true
0.31,Base5,3,34.3039,3.7797,47.43,15,53.33,true
0.31,Base5,4,168.4930,16.0259,9.34,11,72.73,true
0.31,Base5,5,-9.2711,0.0482,30.19,11,27.27,false
0.31,NoDOGE,0,171.1869,7.5645,58.45,14,57.14,true
0.31,NoDOGE,1,0.3064,0.9032,24.15,8,50.00,true
0.31,NoDOGE,2,264.2343,7.6916,25.05,13,69.23,true
0.31,NoDOGE,3,106.0708,6.7952,36.71,14,64.29,true
0.31,NoDOGE,4,168.4930,16.0259,9.34,11,72.73,true
0.31,NoDOGE,5,-15.5796,-0.7009,33.58,11,27.27,false
0.31,Legacy4,0,42.1911,5.0124,20.65,13,53.85,true
0.31,Legacy4,1,-3.3332,1.1032,36.22,12,41.67,false
0.31,Legacy4,2,186.4537,7.0089,25.05,11,72.73,true
0.31,Legacy4,3,90.4270,6.7382,27.27,14,50.00,true
0.31,Legacy4,4,27.1642,4.4728,19.85,11,54.55,true
0.31,Legacy4,5,-2.2412,1.1672,27.89,10,30.00,false
0.31,Legacy5BNB,0,119.3712,9.2207,20.65,13,61.54,true
0.31,Legacy5BNB,1,-3.3300,1.1729,28.92,10,30.00,false
0.31,Legacy5BNB,2,-1.5604,0.6310,30.66,12,58.33,false
0.31,Legacy5BNB,3,120.5437,8.7774,20.55,13,53.85,true
0.31,Legacy5BNB,4,99.2030,16.6405,8.11,8,75.00,true
0.31,Legacy5BNB,5,-28.3924,-2.9048,39.97,8,37.50,false
0.31,OldGuardNoBNB,0,89.2993,5.2903,42.60,14,50.00,true
0.31,OldGuardNoBNB,1,-54.2581,-9.0689,61.20,12,25.00,false
0.31,OldGuardNoBNB,2,186.4537,7.0089,25.05,11,72.73,true
0.31,OldGuardNoBNB,3,90.4270,6.7382,27.27,14,50.00,true
0.31,OldGuardNoBNB,4,27.1642,4.4728,19.85,11,54.55,true
0.31,OldGuardNoBNB,5,7.0500,2.1546,27.89,10,40.00,true
0.31,LargeCaps5,0,171.1869,7.5645,58.45,14,57.14,true
0.31,LargeCaps5,1,0.3064,0.9032,24.15,8,50.00,true
0.31,LargeCaps5,2,264.2343,7.6916,25.05,13,69.23,true
0.31,LargeCaps5,3,58.2604,5.0583,43.84,13,61.54,true
0.31,LargeCaps5,4,113.4543,11.7790,13.65,11,63.64,true
0.31,LargeCaps5,5,-15.5796,-0.7009,33.58,11,27.27,false
0.31,Legacy3,0,162.9731,10.3961,10.94,13,61.54,true
0.31,Legacy3,1,-0.1969,1.3289,31.45,12,41.67,false
0.31,Legacy3,2,36.4207,3.0973,25.05,14,35.71,true
0.31,Legacy3,3,133.0986,7.5937,38.72,13,61.54,true
0.31,Legacy3,4,-57.1330,-7.4971,57.13,11,18.18,false
0.31,Legacy3,5,-51.4960,-5.2369,52.02,13,30.77,false
0.31,LowVolume5,0,111.4560,5.6798,24.37,15,60.00,true
0.31,LowVolume5,1,-34.8540,-2.7731,52.06,13,30.77,false
0.31,LowVolume5,2,862.4645,15.2508,5.39,12,83.33,true
0.31,LowVolume5,3,296.0871,7.1934,65.29,13,53.85,true
0.31,LowVolume5,4,-66.4237,-9.1459,72.30,12,16.67,false
0.31,LowVolume5,5,-52.1251,-5.4874,66.73,15,26.67,false
0.31,OldGuard4,0,108.0177,5.9124,35.13,14,50.00,true
0.31,OldGuard4,1,-39.0504,-4.1881,46.56,12,33.33,false
0.31,OldGuard4,2,46.5365,3.5278,25.05,13,38.46,true
0.31,OldGuard4,3,133.0986,7.5937,38.72,13,61.54,true
0.31,OldGuard4,4,-61.3968,-8.1465,61.40,12,16.67,false
0.31,OldGuard4,5,-25.8791,-0.6352,53.99,15,40.00,false
0.32,Base5,0,171.1869,7.5645,58.45,14,57.14,true
0.32,Base5,1,687.9229,7.0614,21.47,11,63.64,true
0.32,Base5,2,235.6426,8.2654,25.05,12,83.33,true
0.32,Base5,3,34.3039,3.7797,47.43,15,53.33,true
0.32,Base5,4,168.4930,16.0259,9.34,11,72.73,true
0.32,Base5,5,-13.0166,-0.3776,33.08,11,27.27,false
0.32,NoDOGE,0,171.1869,7.5645,58.45,14,57.14,true
0.32,NoDOGE,1,0.3064,0.9032,24.15,8,50.00,true
0.32,NoDOGE,2,264.2343,7.6916,25.05,13,69.23,true
0.32,NoDOGE,3,106.0708,6.7952,36.71,14,64.29,true
0.32,NoDOGE,4,168.4930,16.0259,9.34,11,72.73,true
0.32,NoDOGE,5,-19.0647,-1.1021,36.33,11,27.27,false
0.32,Legacy4,0,42.1911,5.0124,20.65,13,53.85,true
0.32,Legacy4,1,-3.3332,1.1032,36.22,12,41.67,false
0.32,Legacy4,2,186.4537,7.0089,25.05,11,72.73,true
0.32,Legacy4,3,90.4270,6.7382,27.27,14,50.00,true
0.32,Legacy4,4,27.1642,4.4728,19.85,11,54.55,true
0.32,Legacy4,5,-6.2770,0.7384,30.87,10,30.00,false
0.32,Legacy5BNB,0,119.3712,9.2207,20.65,13,61.54,true
0.32,Legacy5BNB,1,-3.3300,1.1729,28.92,10,30.00,false
0.32,Legacy5BNB,2,-1.5604,0.6310,30.66,12,58.33,false
0.32,Legacy5BNB,3,120.5437,8.7774,20.55,13,53.85,true
0.32,Legacy5BNB,4,99.2030,16.6405,8.11,8,75.00,true
0.32,Legacy5BNB,5,-28.3924,-2.9048,39.97,8,37.50,false
0.32,OldGuardNoBNB,0,89.2993,5.2903,42.60,14,50.00,true
0.32,OldGuardNoBNB,1,-54.2581,-9.0689,61.20,12,25.00,false
0.32,OldGuardNoBNB,2,186.4537,7.0089,25.05,11,72.73,true
0.32,OldGuardNoBNB,3,90.4270,6.7382,27.27,14,50.00,true
0.32,OldGuardNoBNB,4,27.1642,4.4728,19.85,11,54.55,true
0.32,OldGuardNoBNB,5,2.6307,1.6842,30.87,10,40.00,true
0.32,LargeCaps5,0,171.1869,7.5645,58.45,14,57.14,true
0.32,LargeCaps5,1,0.3064,0.9032,24.15,8,50.00,true
0.32,LargeCaps5,2,264.2343,7.6916,25.05,13,69.23,true
0.32,LargeCaps5,3,58.2604,5.0583,43.84,13,61.54,true
0.32,LargeCaps5,4,113.4543,11.7790,13.65,11,63.64,true
0.32,LargeCaps5,5,-19.0647,-1.1021,36.33,11,27.27,false
0.32,Legacy3,0,162.9731,10.3961,10.94,13,61.54,true
0.32,Legacy3,1,-0.1969,1.3289,31.45,12,41.67,false
0.32,Legacy3,2,36.4207,3.0973,25.05,14,35.71,true
0.32,Legacy3,3,133.0986,7.5937,38.72,13,61.54,true
0.32,Legacy3,4,-57.1330,-7.4971,57.13,11,18.18,false
0.32,Legacy3,5,-47.4621,-4.6515,48.03,13,30.77,false
0.32,LowVolume5,0,111.4560,5.6798,24.37,15,60.00,true
0.32,LowVolume5,1,-34.8540,-2.7731,52.06,13,30.77,false
0.32,LowVolume5,2,862.4645,15.2508,5.39,12,83.33,true
0.32,LowVolume5,3,296.0871,7.1934,65.29,13,53.85,true
0.32,LowVolume5,4,-66.4237,-9.1459,72.30,12,16.67,false
0.32,LowVolume5,5,-42.4851,-3.9965,60.03,14,35.71,false
0.32,OldGuard4,0,108.0177,5.9124,35.13,14,50.00,true
0.32,OldGuard4,1,-39.0504,-4.1881,46.56,12,33.33,false
0.32,OldGuard4,2,46.5365,3.5278,25.05,13,38.46,true
0.32,OldGuard4,3,133.0986,7.5937,38.72,13,61.54,true
0.32,OldGuard4,4,-61.3968,-8.1465,61.40,12,16.67,false
0.32,OldGuard4,5,-19.7147,-0.1276,50.17,15,40.00,false
0.33,Base5,0,137.7123,6.8873,58.45,14,57.14,true
0.33,Base5,1,687.9229,7.0614,21.47,11,63.64,true
0.33,Base5,2,235.6426,8.2654,25.05,12,83.33,true
0.33,Base5,3,34.3039,3.7797,47.43,15,53.33,true
0.33,Base5,4,150.4528,14.4877,9.34,11,72.73,true
0.33,Base5,5,-13.0166,-0.3776,33.08,11,27.27,false
0.33,NoDOGE,0,137.7123,6.8873,58.45,14,57.14,true
0.33,NoDOGE,1,0.3064,0.9032,24.15,8,50.00,true
0.33,NoDOGE,2,264.2343,7.6916,25.05,13,69.23,true
0.33,NoDOGE,3,106.0708,6.7952,36.71,14,64.29,true
0.33,NoDOGE,4,150.4528,14.4877,9.34,11,72.73,true
0.33,NoDOGE,5,-19.0647,-1.1021,36.33,11,27.27,false
0.33,Legacy4,0,42.1911,5.0124,20.65,13,53.85,true
0.33,Legacy4,1,-4.0246,1.0372,36.67,12,41.67,false
0.33,Legacy4,2,186.4537,7.0089,25.05,11,72.73,true
0.33,Legacy4,3,90.4270,6.7382,27.27,14,50.00,true
0.33,Legacy4,4,27.1642,4.4728,19.85,11,54.55,true
0.33,Legacy4,5,-6.2770,0.7384,30.87,10,30.00,false
0.33,Legacy5BNB,0,92.2926,8.4332,20.65,13,61.54,true
0.33,Legacy5BNB,1,-3.3300,1.1729,28.92,10,30.00,false
0.33,Legacy5BNB,2,-1.5604,0.6310,30.66,12,58.33,false
0.33,Legacy5BNB,3,120.5437,8.7774,20.55,13,53.85,true
0.33,Legacy5BNB,4,99.2030,16.6405,8.11,8,75.00,true
0.33,Legacy5BNB,5,-28.3924,-2.9048,39.97,8,37.50,false
0.33,OldGuardNoBNB,0,89.2993,5.2903,42.60,14,50.00,true
0.33,OldGuardNoBNB,1,-54.2581,-9.0689,61.20,12,25.00,false
0.33,OldGuardNoBNB,2,186.4537,7.0089,25.05,11,72.73,true
0.33,OldGuardNoBNB,3,90.4270,6.7382,27.27,14,50.00,true
0.33,OldGuardNoBNB,4,27.1642,4.4728,19.85,11,54.55,true
0.33,OldGuardNoBNB,5,2.6307,1.6842,30.87,10,40.00,true
0.33,LargeCaps5,0,137.7123,6.8873,58.45,14,57.14,true
0.33,LargeCaps5,1,0.3064,0.9032,24.15,8,50.00,true
0.33,LargeCaps5,2,264.2343,7.6916,25.05,13,69.23,true
0.33,LargeCaps5,3,58.2604,5.0583,43.84,13,61.54,true
0.33,LargeCaps5,4,113.4543,11.7790,13.65,11,63.64,true
0.33,LargeCaps5,5,-19.0647,-1.1021,36.33,11,27.27,false
0.33,Legacy3,0,162.9731,10.3961,10.94,13,61.54,true
0.33,Legacy3,1,-0.1969,1.3289,31.45,12,41.67,false
0.33,Legacy3,2,42.7222,3.3043,25.05,14,35.71,true
0.33,Legacy3,3,133.0986,7.5937,38.72,13,61.54,true
0.33,Legacy3,4,-57.1330,-7.4971,57.13,11,18.18,false
0.33,Legacy3,5,-47.4621,-4.6515,48.03,13,30.77,false
0.33,LowVolume5,0,111.4560,5.6798,24.37,15,60.00,true
0.33,LowVolume5,1,-34.8540,-2.7731,52.06,13,30.77,false
0.33,LowVolume5,2,862.4645,15.2508,5.39,12,83.33,true
0.33,LowVolume5,3,296.0871,7.1934,65.29,13,53.85,true
0.33,LowVolume5,4,-66.4237,-9.1459,72.30,12,16.67,false
0.33,LowVolume5,5,-42.4851,-3.9965,60.03,14,35.71,false
0.33,OldGuard4,0,108.0177,5.9124,35.13,14,50.00,true
0.33,OldGuard4,1,-55.5991,-6.7844,55.60,12,25.00,false
0.33,OldGuard4,2,53.3052,3.7439,25.05,13,38.46,true
0.33,OldGuard4,3,133.0986,7.5937,38.72,13,61.54,true
0.33,OldGuard4,4,-61.3968,-8.1465,61.40,12,16.67,false
0.33,OldGuard4,5,-19.7147,-0.1276,50.17,15,40.00,false
0.34,Base5,0,137.7123,6.8873,58.45,14,57.14,true
0.34,Base5,1,687.9229,7.0614,21.47,11,63.64,true
0.34,Base5,2,235.6426,8.2654,25.05,12,83.33,true
0.34,Base5,3,34.3039,3.7797,47.43,15,53.33,true
0.34,Base5,4,150.4528,14.4877,9.34,11,72.73,true
0.34,Base5,5,-13.0166,-0.3776,33.08,11,27.27,false
0.34,NoDOGE,0,137.7123,6.8873,58.45,14,57.14,true
0.34,NoDOGE,1,0.3064,0.9032,24.15,8,50.00,true
0.34,NoDOGE,2,264.2343,7.6916,25.05,13,69.23,true
0.34,NoDOGE,3,106.0708,6.7952,36.71,14,64.29,true
0.34,NoDOGE,4,150.4528,14.4877,9.34,11,72.73,true
0.34,NoDOGE,5,-19.0647,-1.1021,36.33,11,27.27,false
0.34,Legacy4,0,42.1911,5.0124,20.65,13,53.85,true
0.34,Legacy4,1,-4.0246,1.0372,36.67,12,41.67,false
0.34,Legacy4,2,186.4537,7.0089,25.05,11,72.73,true
0.34,Legacy4,3,90.4270,6.7382,27.27,14,50.00,true
0.34,Legacy4,4,27.1642,4.4728,19.85,11,54.55,true
0.34,Legacy4,5,-6.2770,0.7384,30.87,10,30.00,false
0.34,Legacy5BNB,0,92.2926,8.4332,20.65,13,61.54,true
0.34,Legacy5BNB,1,-3.3300,1.1729,28.92,10,30.00,false
0.34,Legacy5BNB,2,-1.5604,0.6310,30.66,12,58.33,false
0.34,Legacy5BNB,3,120.5437,8.7774,20.55,13,53.85,true
0.34,Legacy5BNB,4,99.2030,16.6405,8.11,8,75.00,true
0.34,Legacy5BNB,5,-28.3924,-2.9048,39.97,8,37.50,false
0.34,OldGuardNoBNB,0,89.2993,5.2903,42.60,14,50.00,true
0.34,OldGuardNoBNB,1,-54.2581,-9.0689,61.20,12,25.00,false
0.34,OldGuardNoBNB,2,186.4537,7.0089,25.05,11,72.73,true
0.34,OldGuardNoBNB,3,90.4270,6.7382,27.27,14,50.00,true
0.34,OldGuardNoBNB,4,27.1642,4.4728,19.85,11,54.55,true
0.34,OldGuardNoBNB,5,2.6307,1.6842,30.87,10,40.00,true
0.34,LargeCaps5,0,137.7123,6.8873,58.45,14,57.14,true
0.34,LargeCaps5,1,0.3064,0.9032,24.15,8,50.00,true
0.34,LargeCaps5,2,264.2343,7.6916,25.05,13,69.23,true
0.34,LargeCaps5,3,58.2604,5.0583,43.84,13,61.54,true
0.34,LargeCaps5,4,113.4543,11.7790,13.65,11,63.64,true
0.34,LargeCaps5,5,-19.0647,-1.1021,36.33,11,27.27,false
0.34,Legacy3,0,162.9731,10.3961,10.94,13,61.54,true
0.34,Legacy3,1,-0.1969,1.3289,31.45,12,41.67,false
0.34,Legacy3,2,42.7222,3.3043,25.05,14,35.71,true
0.34,Legacy3,3,133.0986,7.5937,38.72,13,61.54,true
0.34,Legacy3,4,-57.1330,-7.4971,57.13,11,18.18,false
0.34,Legacy3,5,-47.4621,-4.6515,48.03,13,30.77,false
0.34,LowVolume5,0,111.4560,5.6798,24.37,15,60.00,true
0.34,LowVolume5,1,-34.8540,-2.7731,52.06,13,30.77,false
0.34,LowVolume5,2,862.4645,15.2508,5.39,12,83.33,true
0.34,LowVolume5,3,219.5589,6.6330,65.29,13,53.85,true
0.34,LowVolume5,4,-61.3682,-7.6828,68.13,12,25.00,false
0.34,LowVolume5,5,-42.4851,-3.9965,60.03,14,35.71,false
0.34,OldGuard4,0,108.0177,5.9124,35.13,14,50.00,true
0.34,OldGuard4,1,-55.5991,-6.7844,55.60,12,25.00,false
0.34,OldGuard4,2,53.3052,3.7439,25.05,13,38.46,true
0.34,OldGuard4,3,133.0986,7.5937,38.72,13,61.54,true
0.34,OldGuard4,4,-61.3968,-8.1465,61.40,12,16.67,false
0.34,OldGuard4,5,-19.7147,-0.1276,50.17,15,40.00,false
0.35,Base5,0,137.7123,6.8873,58.45,14,57.14,true
0.35,Base5,1,687.9229,7.0614,21.47,11,63.64,true
0.35,Base5,2,235.6426,8.2654,25.05,12,83.33,true
0.35,Base5,3,34.3039,3.7797,47.43,15,53.33,true
0.35,Base5,4,150.4528,14.4877,9.34,11,72.73,true
0.35,Base5,5,-13.0166,-0.3776,33.08,11,27.27,false
0.35,NoDOGE,0,137.7123,6.8873,58.45,14,57.14,true
0.35,NoDOGE,1,0.3064,0.9032,24.15,8,50.00,true
0.35,NoDOGE,2,264.2343,7.6916,25.05,13,69.23,true
0.35,NoDOGE,3,106.0708,6.7952,36.71,14,64.29,true
0.35,NoDOGE,4,150.4528,14.4877,9.34,11,72.73,true
0.35,NoDOGE,5,-19.0647,-1.1021,36.33,11,27.27,false
0.35,Legacy4,0,42.1911,5.0124,20.65,13,53.85,true
0.35,Legacy4,1,-4.0246,1.0372,36.67,12,41.67,false
0.35,Legacy4,2,186.4537,7.0089,25.05,11,72.73,true
0.35,Legacy4,3,90.4270,6.7382,27.27,14,50.00,true
0.35,Legacy4,4,27.1642,4.4728,19.85,11,54.55,true
0.35,Legacy4,5,-9.1242,0.3678,32.97,10,30.00,false
0.35,Legacy5BNB,0,92.2926,8.4332,20.65,13,61.54,true
0.35,Legacy5BNB,1,-3.3300,1.1729,28.92,10,30.00,false
0.35,Legacy5BNB,2,-1.5604,0.6310,30.66,12,58.33,false
0.35,Legacy5BNB,3,120.5437,8.7774,20.55,13,53.85,true
0.35,Legacy5BNB,4,99.2030,16.6405,8.11,8,75.00,true
0.35,Legacy5BNB,5,-30.5678,-3.3629,41.79,8,37.50,false
0.35,OldGuardNoBNB,0,89.2993,5.2903,42.60,14,50.00,true
0.35,OldGuardNoBNB,1,-54.2581,-9.0689,61.20,12,25.00,false
0.35,OldGuardNoBNB,2,186.4537,7.0089,25.05,11,72.73,true
0.35,OldGuardNoBNB,3,90.4270,6.7382,27.27,14,50.00,true
0.35,OldGuardNoBNB,4,27.1642,4.4728,19.85,11,54.55,true
0.35,OldGuardNoBNB,5,-0.4871,1.2956,32.97,10,40.00,false
0.35,LargeCaps5,0,137.7123,6.8873,58.45,14,57.14,true
0.35,LargeCaps5,1,0.3064,0.9032,24.15,8,50.00,true
0.35,LargeCaps5,2,264.2343,7.6916,25.05,13,69.23,true
0.35,LargeCaps5,3,58.2604,5.0583,43.84,13,61.54,true
0.35,LargeCaps5,4,113.4543,11.7790,13.65,11,63.64,true
0.35,LargeCaps5,5,-19.0647,-1.1021,36.33,11,27.27,false
0.35,Legacy3,0,162.9731,10.3961,10.94,13,61.54,true
0.35,Legacy3,1,-0.1969,1.3289,31.45,12,41.67,false
0.35,Legacy3,2,42.7222,3.3043,25.05,14,35.71,true
0.35,Legacy3,3,133.0986,7.5937,38.72,13,61.54,true
0.35,Legacy3,4,-57.1330,-7.4971,57.13,11,18.18,false
0.35,Legacy3,5,-55.1446,-5.3907,55.63,13,30.77,false
0.35,LowVolume5,0,111.4560,5.6798,24.37,15,60.00,true
0.35,LowVolume5,1,-34.8540,-2.7731,52.06,13,30.77,false
0.35,LowVolume5,2,862.4645,15.2508,5.39,12,83.33,true
0.35,LowVolume5,3,219.5589,6.6330,65.29,13,53.85,true
0.35,LowVolume5,4,-61.3682,-7.6828,68.13,12,25.00,false
0.35,LowVolume5,5,-54.1537,-6.7587,60.03,14,28.57,false
0.35,OldGuard4,0,108.0177,5.9124,35.13,14,50.00,true
0.35,OldGuard4,1,-55.5991,-6.7844,55.60,12,25.00,false
0.35,OldGuard4,2,53.3052,3.7439,25.05,13,38.46,true
0.35,OldGuard4,3,133.0986,7.5937,38.72,13,61.54,true
0.35,OldGuard4,4,-61.3968,-8.1465,61.40,12,16.67,false
0.35,OldGuard4,5,-31.4547,-1.0244,57.46,15,40.00,false
0.36,Base5,0,137.7123,6.8873,58.45,14,57.14,true
0.36,Base5,1,687.9229,7.0614,21.47,11,63.64,true
0.36,Base5,2,235.6426,8.2654,25.05,12,83.33,true
0.36,Base5,3,34.3039,3.7797,47.43,15,53.33,true
0.36,Base5,4,150.4528,14.4877,9.34,11,72.73,true
0.36,Base5,5,-13.0166,-0.3776,33.08,11,27.27,false
0.36,NoDOGE,0,137.7123,6.8873,58.45,14,57.14,true
0.36,NoDOGE,1,-6.6163,-0.7385,29.38,8,50.00,false
0.36,NoDOGE,2,264.2343,7.6916,25.05,13,69.23,true
0.36,NoDOGE,3,106.0708,6.7952,36.71,14,64.29,true
0.36,NoDOGE,4,150.4528,14.4877,9.34,11,72.73,true
0.36,NoDOGE,5,-19.0647,-1.1021,36.33,11,27.27,false
0.36,Legacy4,0,42.1911,5.0124,20.65,13,53.85,true
0.36,Legacy4,1,-10.6484,0.4262,36.67,12,41.67,false
0.36,Legacy4,2,186.4537,7.0089,25.05,11,72.73,true
0.36,Legacy4,3,90.4270,6.7382,27.27,14,50.00,true
0.36,Legacy4,4,27.1642,4.4728,19.85,11,54.55,true
0.36,Legacy4,5,-9.1242,0.3678,32.97,10,30.00,false
0.36,Legacy5BNB,0,92.2926,8.4332,20.65,13,61.54,true
0.36,Legacy5BNB,1,-10.0017,0.4191,28.92,10,30.00,false
0.36,Legacy5BNB,2,-1.5604,0.6310,30.66,12,58.33,false
0.36,Legacy5BNB,3,120.5437,8.7774,20.55,13,53.85,true
0.36,Legacy5BNB,4,99.2030,16.6405,8.11,8,75.00,true
0.36,Legacy5BNB,5,-30.5678,-3.3629,41.79,8,37.50,false
0.36,OldGuardNoBNB,0,89.2993,5.2903,42.60,14,50.00,true
0.36,OldGuardNoBNB,1,-61.1946,-9.9355,67.09,12,25.00,false
0.36,OldGuardNoBNB,2,186.4537,7.0089,25.05,11,72.73,true
0.36,OldGuardNoBNB,3,90.4270,6.7382,27.27,14,50.00,true
0.36,OldGuardNoBNB,4,27.1642,4.4728,19.85,11,54.55,true
0.36,OldGuardNoBNB,5,-0.4871,1.2956,32.97,10,40.00,false
0.36,LargeCaps5,0,137.7123,6.8873,58.45,14,57.14,true
0.36,LargeCaps5,1,-6.6163,-0.7385,29.38,8,50.00,false
0.36,LargeCaps5,2,264.2343,7.6916,25.05,13,69.23,true
0.36,LargeCaps5,3,58.2604,5.0583,43.84,13,61.54,true
0.36,LargeCaps5,4,113.4543,11.7790,13.65,11,63.64,true
0.36,LargeCaps5,5,-19.0647,-1.1021,36.33,11,27.27,false
0.36,Legacy3,0,162.9731,10.3961,10.94,13,61.54,true
0.36,Legacy3,1,-0.1969,1.3289,31.45,12,41.67,false
0.36,Legacy3,2,42.7222,3.3043,25.05,14,35.71,true
0.36,Legacy3,3,133.0986,7.5937,38.72,13,61.54,true
0.36,Legacy3,4,-57.1330,-7.4971,57.13,11,18.18,false
0.36,Legacy3,5,-45.8969,-4.6065,46.48,12,25.00,false
0.36,LowVolume5,0,111.4560,5.6798,24.37,15,60.00,true
0.36,LowVolume5,1,-34.8540,-2.7731,52.06,13,30.77,false
0.36,LowVolume5,2,862.4645,15.2508,5.39,12,83.33,true
0.36,LowVolume5,3,219.5589,6.6330,65.29,13,53.85,true
0.36,LowVolume5,4,-61.3682,-7.6828,68.13,12,25.00,false
0.36,LowVolume5,5,-54.1537,-6.7587,60.03,14,28.57,false
0.36,OldGuard4,0,108.0177,5.9124,35.13,14,50.00,true
0.36,OldGuard4,1,-62.3322,-7.8636,62.33,12,25.00,false
0.36,OldGuard4,2,53.3052,3.7439,25.05,13,38.46,true
0.36,OldGuard4,3,133.0986,7.5937,38.72,13,61.54,true
0.36,OldGuard4,4,-61.3968,-8.1465,61.40,12,16.67,false
0.36,OldGuard4,5,-38.0303,-1.6886,61.54,15,33.33,false
0.37,Base5,0,137.7123,6.8873,58.45,14,57.14,true
0.37,Base5,1,687.9229,7.0614,21.47,11,63.64,true
0.37,Base5,2,235.6426,8.2654,25.05,12,83.33,true
0.37,Base5,3,34.3039,3.7797,47.43,15,53.33,true
0.37,Base5,4,150.4528,14.4877,9.34,11,72.73,true
0.37,Base5,5,-13.0166,-0.3776,33.08,11,27.27,false
0.37,NoDOGE,0,137.7123,6.8873,58.45,14,57.14,true
0.37,NoDOGE,1,-6.6163,-0.7385,29.38,8,50.00,false
0.37,NoDOGE,2,264.2343,7.6916,25.05,13,69.23,true
0.37,NoDOGE,3,106.0708,6.7952,36.71,14,64.29,true
0.37,NoDOGE,4,150.4528,14.4877,9.34,11,72.73,true
0.37,NoDOGE,5,-19.0647,-1.1021,36.33,11,27.27,false
0.37,Legacy4,0,42.1911,5.0124,20.65,13,53.85,true
0.37,Legacy4,1,-10.6484,0.4262,36.67,12,41.67,false
0.37,Legacy4,2,186.4537,7.0089,25.05,11,72.73,true
0.37,Legacy4,3,90.4270,6.7382,27.27,14,50.00,true
0.37,Legacy4,4,30.6757,5.1199,19.85,10,60.00,true
0.37,Legacy4,5,-9.1242,0.3678,32.97,10,30.00,false
0.37,Legacy5BNB,0,92.2926,8.4332,20.65,13,61.54,true
0.37,Legacy5BNB,1,-10.0017,0.4191,28.92,10,30.00,false
0.37,Legacy5BNB,2,-1.5604,0.6310,30.66,12,58.33,false
0.37,Legacy5BNB,3,120.5437,8.7774,20.55,13,53.85,true
0.37,Legacy5BNB,4,99.2030,16.6405,8.11,8,75.00,true
0.37,Legacy5BNB,5,-30.5678,-3.3629,41.79,8,37.50,false
0.37,OldGuardNoBNB,0,89.2993,5.2903,42.60,14,50.00,true
0.37,OldGuardNoBNB,1,-61.1946,-9.9355,67.09,12,25.00,false
0.37,OldGuardNoBNB,2,186.4537,7.0089,25.05,11,72.73,true
0.37,OldGuardNoBNB,3,90.4270,6.7382,27.27,14,50.00,true
0.37,OldGuardNoBNB,4,30.6757,5.1199,19.85,10,60.00,true
0.37,OldGuardNoBNB,5,-0.4871,1.2956,32.97,10,40.00,false
0.37,LargeCaps5,0,137.7123,6.8873,58.45,14,57.14,true
0.37,LargeCaps5,1,-6.6163,-0.7385,29.38,8,50.00,false
0.37,LargeCaps5,2,264.2343,7.6916,25.05,13,69.23,true
0.37,LargeCaps5,3,58.2604,5.0583,43.84,13,61.54,true
0.37,LargeCaps5,4,113.4543,11.7790,13.65,11,63.64,true
0.37,LargeCaps5,5,-19.0647,-1.1021,36.33,11,27.27,false
0.37,Legacy3,0,162.9731,10.3961,10.94,13,61.54,true
0.37,Legacy3,1,-0.1969,1.3289,31.45,12,41.67,false
0.37,Legacy3,2,42.7222,3.3043,25.05,14,35.71,true
0.37,Legacy3,3,133.0986,7.5937,38.72,13,61.54,true
0.37,Legacy3,4,-55.9492,-7.6652,55.95,10,20.00,false
0.37,Legacy3,5,-45.8969,-4.6065,46.48,12,25.00,false
0.37,LowVolume5,0,111.4560,5.6798,24.37,15,60.00,true
0.37,LowVolume5,1,-34.8540,-2.7731,52.06,13,30.77,false
0.37,LowVolume5,2,862.4645,15.2508,5.39,12,83.33,true
0.37,LowVolume5,3,219.5589,6.6330,65.29,13,53.85,true
0.37,LowVolume5,4,-60.3014,-7.7948,67.25,11,27.27,false
0.37,LowVolume5,5,-54.1537,-6.7587,60.03,14,28.57,false
0.37,OldGuard4,0,108.0177,5.9124,35.13,14,50.00,true
0.37,OldGuard4,1,-62.3322,-7.8636,62.33,12,25.00,false
0.37,OldGuard4,2,53.3052,3.7439,25.05,13,38.46,true
0.37,OldGuard4,3,133.0986,7.5937,38.72,13,61.54,true
0.37,OldGuard4,4,-60.3308,-8.3239,60.33,11,18.18,false
0.37,OldGuard4,5,-38.0303,-1.6886,61.54,15,33.33,false
0.38,Base5,0,137.7123,6.8873,58.45,14,57.14,true
0.38,Base5,1,687.9229,7.0614,21.47,11,63.64,true
0.38,Base5,2,207.8623,7.6884,25.05,12,75.00,true
0.38,Base5,3,106.2053,6.9668,36.71,14,64.29,true
0.38,Base5,4,141.3935,14.3245,9.34,11,72.73,true
0.38,Base5,5,-14.6640,-0.5682,33.08,11,27.27,false
0.38,NoDOGE,0,137.7123,6.8873,58.45,14,57.14,true
0.38,NoDOGE,1,-6.6163,-0.7385,29.38,8,50.00,false
0.38,NoDOGE,2,193.2921,6.5107,26.39,14,57.14,true
0.38,NoDOGE,3,106.0708,6.7952,36.71,14,64.29,true
0.38,NoDOGE,4,141.3935,14.3245,9.34,11,72.73,true
0.38,NoDOGE,5,-20.5975,-1.2810,36.33,11,27.27,false
0.38,Legacy4,0,42.1911,5.0124,20.65,13,53.85,true
0.38,Legacy4,1,-10.6484,0.4262,36.67,12,41.67,false
0.38,Legacy4,2,162.7447,6.5476,25.05,11,63.64,true
0.38,Legacy4,3,90.4270,6.7382,27.27,14,50.00,true
0.38,Legacy4,4,30.6757,5.1199,19.85,10,60.00,true
0.38,Legacy4,5,-10.8452,0.1694,32.97,10,30.00,false
0.38,Legacy5BNB,0,92.2926,8.4332,20.65,13,61.54,true
0.38,Legacy5BNB,1,-10.0017,0.4191,28.92,10,30.00,false
0.38,Legacy5BNB,2,-9.7080,0.1711,30.66,12,50.00,false
0.38,Legacy5BNB,3,150.9992,10.9332,20.55,12,58.33,true
0.38,Legacy5BNB,4,84.5273,14.6846,10.31,8,75.00,true
0.38,Legacy5BNB,5,-25.5324,-2.3978,41.79,8,37.50,false
0.38,OldGuardNoBNB,0,89.2993,5.2903,42.60,14,50.00,true
0.38,OldGuardNoBNB,1,-61.1946,-9.9355,67.09,12,25.00,false
0.38,OldGuardNoBNB,2,162.7447,6.5476,25.05,11,63.64,true
0.38,OldGuardNoBNB,3,90.4270,6.7382,27.27,14,50.00,true
0.38,OldGuardNoBNB,4,30.6757,5.1199,19.85,10,60.00,true
0.38,OldGuardNoBNB,5,-2.3717,1.0772,32.97,10,40.00,false
0.38,LargeCaps5,0,137.7123,6.8873,58.45,14,57.14,true
0.38,LargeCaps5,1,-6.6163,-0.7385,29.38,8,50.00,false
0.38,LargeCaps5,2,193.2921,6.5107,26.39,14,57.14,true
0.38,LargeCaps5,3,131.8318,8.1304,43.84,12,66.67,true
0.38,LargeCaps5,4,131.2186,15.4688,9.34,10,70.00,true
0.38,LargeCaps5,5,-20.5975,-1.2810,36.33,11,27.27,false
0.38,Legacy3,0,162.9731,10.3961,10.94,13,61.54,true
0.38,Legacy3,1,-0.1969,1.3289,31.45,12,41.67,false
0.38,Legacy3,2,42.7222,3.3043,25.05,14,35.71,true
0.38,Legacy3,3,133.0986,7.5937,38.72,13,61.54,true
0.38,Legacy3,4,-55.9492,-7.6652,55.95,10,20.00,false
0.38,Legacy3,5,-45.8969,-4.6065,46.48,12,25.00,false
0.38,LowVolume5,0,111.4560,5.6798,24.37,15,60.00,true
0.38,LowVolume5,1,-34.8540,-2.7731,52.06,13,30.77,false
0.38,LowVolume5,2,862.4645,15.2508,5.39,12,83.33,true
0.38,LowVolume5,3,219.5589,6.6330,65.29,13,53.85,true
0.38,LowVolume5,4,-60.3014,-7.7948,67.25,11,27.27,false
0.38,LowVolume5,5,-54.1537,-6.7587,60.03,14,28.57,false
0.38,OldGuard4,0,108.0177,5.9124,35.13,14,50.00,true
0.38,OldGuard4,1,-62.3322,-7.8636,62.33,12,25.00,false
0.38,OldGuard4,2,53.3052,3.7439,25.05,13,38.46,true
0.38,OldGuard4,3,133.0986,7.5937,38.72,13,61.54,true
0.38,OldGuard4,4,-60.3308,-8.3239,60.33,11,18.18,false
0.38,OldGuard4,5,-38.0303,-1.6886,61.54,15,33.33,false
0.39,Base5,0,137.7123,6.8873,58.45,14,57.14,true
0.39,Base5,1,687.9229,7.0614,21.47,11,63.64,true
0.39,Base5,2,207.8623,7.6884,25.05,12,75.00,true
0.39,Base5,3,106.2053,6.9668,36.71,14,64.29,true
0.39,Base5,4,141.3935,14.3245,9.34,11,72.73,true
0.39,Base5,5,-14.6640,-0.5682,33.08,11,27.27,false
0.39,NoDOGE,0,137.7123,6.8873,58.45,14,57.14,true
0.39,NoDOGE,1,-6.6163,-0.7385,29.38,8,50.00,false
0.39,NoDOGE,2,193.2921,6.5107,26.39,14,57.14,true
0.39,NoDOGE,3,106.0708,6.7952,36.71,14,64.29,true
0.39,NoDOGE,4,141.3935,14.3245,9.34,11,72.73,true
0.39,NoDOGE,5,-20.5975,-1.2810,36.33,11,27.27,false
0.39,Legacy4,0,42.1911,5.0124,20.65,13,53.85,true
0.39,Legacy4,1,-36.8082,-3.1022,36.81,12,41.67,false
0.39,Legacy4,2,162.7447,6.5476,25.05,11,63.64,true
0.39,Legacy4,3,90.4270,6.7382,27.27,14,50.00,true
0.39,Legacy4,4,30.6757,5.1199,19.85,10,60.00,true
0.39,Legacy4,5,-10.8452,0.1694,32.97,10,30.00,false
0.39,Legacy5BNB,0,92.2926,8.4332,20.65,13,61.54,true
0.39,Legacy5BNB,1,-10.5800,-0.4541,28.92,9,33.33,false
0.39,Legacy5BNB,2,-9.7080,0.1711,30.66,12,50.00,false
0.39,Legacy5BNB,3,150.9992,10.9332,20.55,12,58.33,true
0.39,Legacy5BNB,4,84.5273,14.6846,10.31,8,75.00,true
0.39,Legacy5BNB,5,-25.5324,-2.3978,41.79,8,37.50,false
0.39,OldGuardNoBNB,0,89.2993,5.2903,42.60,14,50.00,true
0.39,OldGuardNoBNB,1,-61.1946,-9.9355,67.09,12,25.00,false
0.39,OldGuardNoBNB,2,162.7447,6.5476,25.05,11,63.64,true
0.39,OldGuardNoBNB,3,90.4270,6.7382,27.27,14,50.00,true
0.39,OldGuardNoBNB,4,30.6757,5.1199,19.85,10,60.00,true
0.39,OldGuardNoBNB,5,-2.3717,1.0772,32.97,10,40.00,false
0.39,LargeCaps5,0,137.7123,6.8873,58.45,14,57.14,true
0.39,LargeCaps5,1,-6.6163,-0.7385,29.38,8,50.00,false
0.39,LargeCaps5,2,193.2921,6.5107,26.39,14,57.14,true
0.39,LargeCaps5,3,131.8318,8.1304,43.84,12,66.67,true
0.39,LargeCaps5,4,131.2186,15.4688,9.34,10,70.00,true
0.39,LargeCaps5,5,-20.5975,-1.2810,36.33,11,27.27,false
0.39,Legacy3,0,162.9731,10.3961,10.94,13,61.54,true
0.39,Legacy3,1,-0.1969,1.3289,31.45,12,41.67,false
0.39,Legacy3,2,42.7222,3.3043,25.05,14,35.71,true
0.39,Legacy3,3,133.0986,7.5937,38.72,13,61.54,true
0.39,Legacy3,4,-55.9492,-7.6652,55.95,10,20.00,false
0.39,Legacy3,5,-45.8969,-4.6065,46.48,12,25.00,false
0.39,LowVolume5,0,111.4560,5.6798,24.37,15,60.00,true
0.39,LowVolume5,1,-34.8540,-2.7731,52.06,13,30.77,false
0.39,LowVolume5,2,862.4645,15.2508,5.39,12,83.33,true
0.39,LowVolume5,3,219.5589,6.6330,65.29,13,53.85,true
0.39,LowVolume5,4,-60.3014,-7.7948,67.25,11,27.27,false
0.39,LowVolume5,5,-54.1537,-6.7587,60.03,14,28.57,false
0.39,OldGuard4,0,108.0177,5.9124,35.13,14,50.00,true
0.39,OldGuard4,1,-62.3322,-7.8636,62.33,12,25.00,false
0.39,OldGuard4,2,53.3052,3.7439,25.05,13,38.46,true
0.39,OldGuard4,3,133.0986,7.5937,38.72,13,61.54,true
0.39,OldGuard4,4,-60.3308,-8.3239,60.33,11,18.18,false
0.39,OldGuard4,5,-38.0303,-1.6886,61.54,15,33.33,false
0.40,Base5,0,137.7123,6.8873,58.45,14,57.14,true
0.40,Base5,1,687.9229,7.0614,21.47,11,63.64,true
0.40,Base5,2,207.8623,7.6884,25.05,12,75.00,true
0.40,Base5,3,106.2053,6.9668,36.71,14,64.29,true
0.40,Base5,4,141.3935,14.3245,9.34,11,72.73,true
0.40,Base5,5,-14.6640,-0.5682,33.08,11,27.27,false
0.40,NoDOGE,0,137.7123,6.8873,58.45,14,57.14,true
0.40,NoDOGE,1,-6.6163,-0.7385,29.38,8,50.00,false
0.40,NoDOGE,2,193.2921,6.5107,26.39,14,57.14,true
0.40,NoDOGE,3,106.0708,6.7952,36.71,14,64.29,true
0.40,NoDOGE,4,141.3935,14.3245,9.34,11,72.73,true
0.40,NoDOGE,5,-20.5975,-1.2810,36.33,11,27.27,false
0.40,Legacy4,0,42.1911,5.0124,20.65,13,53.85,true
0.40,Legacy4,1,-36.8082,-3.1022,36.81,12,41.67,false
0.40,Legacy4,2,162.7447,6.5476,25.05,11,63.64,true
0.40,Legacy4,3,90.4270,6.7382,27.27,14,50.00,true
0.40,Legacy4,4,30.6757,5.1199,19.85,10,60.00,true
0.40,Legacy4,5,-10.8452,0.1694,32.97,10,30.00,false
0.40,Legacy5BNB,0,92.2926,8.4332,20.65,13,61.54,true
0.40,Legacy5BNB,1,-10.5800,-0.4541,28.92,9,33.33,false
0.40,Legacy5BNB,2,-9.7080,0.1711,30.66,12,50.00,false
0.40,Legacy5BNB,3,150.9992,10.9332,20.55,12,58.33,true
0.40,Legacy5BNB,4,84.5273,14.6846,10.31,8,75.00,true
0.40,Legacy5BNB,5,-25.5324,-2.3978,41.79,8,37.50,false
0.40,OldGuardNoBNB,0,89.2993,5.2903,42.60,14,50.00,true
0.40,OldGuardNoBNB,1,-61.1946,-9.9355,67.09,12,25.00,false
0.40,OldGuardNoBNB,2,162.7447,6.5476,25.05,11,63.64,true
0.40,OldGuardNoBNB,3,90.4270,6.7382,27.27,14,50.00,true
0.40,OldGuardNoBNB,4,30.6757,5.1199,19.85,10,60.00,true
0.40,OldGuardNoBNB,5,-2.3717,1.0772,32.97,10,40.00,false
0.40,LargeCaps5,0,137.7123,6.8873,58.45,14,57.14,true
0.40,LargeCaps5,1,-6.6163,-0.7385,29.38,8,50.00,false
0.40,LargeCaps5,2,193.2921,6.5107,26.39,14,57.14,true
0.40,LargeCaps5,3,131.8318,8.1304,43.84,12,66.67,true
0.40,LargeCaps5,4,131.2186,15.4688,9.34,10,70.00,true
0.40,LargeCaps5,5,-20.5975,-1.2810,36.33,11,27.27,false
0.40,Legacy3,0,162.9731,10.3961,10.94,13,61.54,true
0.40,Legacy3,1,-0.1969,1.3289,31.45,12,41.67,false
0.40,Legacy3,2,49.6218,3.6175,25.05,13,38.46,true
0.40,Legacy3,3,133.0986,7.5937,38.72,13,61.54,true
0.40,Legacy3,4,-55.9492,-7.6652,55.95,10,20.00,false
0.40,Legacy3,5,-45.8969,-4.6065,46.48,12,25.00,false
0.40,LowVolume5,0,111.4560,5.6798,24.37,15,60.00,true
0.40,LowVolume5,1,-34.8540,-2.7731,52.06,13,30.77,false
0.40,LowVolume5,2,908.9930,16.3947,5.39,11,90.91,true
0.40,LowVolume5,3,219.5589,6.6330,65.29,13,53.85,true
0.40,LowVolume5,4,-60.3014,-7.7948,67.25,11,27.27,false
0.40,LowVolume5,5,-54.1537,-6.7587,60.03,14,28.57,false
0.40,OldGuard4,0,108.0177,5.9124,35.13,14,50.00,true
0.40,OldGuard4,1,-62.3322,-7.8636,62.33,12,25.00,false
0.40,OldGuard4,2,60.7164,4.0896,25.05,12,41.67,true
0.40,OldGuard4,3,133.0986,7.5937,38.72,13,61.54,true
0.40,OldGuard4,4,-60.3308,-8.3239,60.33,11,18.18,false
0.40,OldGuard4,5,-38.0303,-1.6886,61.54,15,33.33,false
0.41,Base5,0,137.7123,6.8873,58.45,14,57.14,true
0.41,Base5,1,687.9229,7.0614,21.47,11,63.64,true
0.41,Base5,2,207.8623,7.6884,25.05,12,75.00,true
0.41,Base5,3,25.8109,3.5039,49.65,14,57.14,true
0.41,Base5,4,141.3935,14.3245,9.34,11,72.73,true
0.41,Base5,5,-14.6640,-0.5682,33.08,11,27.27,false
0.41,NoDOGE,0,137.7123,6.8873,58.45,14,57.14,true
0.41,NoDOGE,1,-6.6163,-0.7385,29.38,8,50.00,false
0.41,NoDOGE,2,193.2921,6.5107,26.39,14,57.14,true
0.41,NoDOGE,3,25.7289,3.5374,47.36,14,57.14,true
0.41,NoDOGE,4,141.3935,14.3245,9.34,11,72.73,true
0.41,NoDOGE,5,-20.5975,-1.2810,36.33,11,27.27,false
0.41,Legacy4,0,42.1911,5.0124,20.65,13,53.85,true
0.41,Legacy4,1,-13.2039,-0.4560,36.67,11,45.45,false
0.41,Legacy4,2,162.7447,6.5476,25.05,11,63.64,true
0.41,Legacy4,3,39.4704,4.1630,27.27,14,42.86,true
0.41,Legacy4,4,30.6757,5.1199,19.85,10,60.00,true
0.41,Legacy4,5,-10.8452,0.1694,32.97,10,30.00,false
0.41,Legacy5BNB,0,92.2926,8.4332,20.65,13,61.54,true
0.41,Legacy5BNB,1,-10.5800,-0.4541,28.92,9,33.33,false
0.41,Legacy5BNB,2,-9.7080,0.1711,30.66,12,50.00,false
0.41,Legacy5BNB,3,102.3808,8.5905,20.55,12,50.00,true
0.41,Legacy5BNB,4,84.5273,14.6846,10.31,8,75.00,true
0.41,Legacy5BNB,5,-25.5324,-2.3978,41.79,8,37.50,false
0.41,OldGuardNoBNB,0,89.2993,5.2903,42.60,14,50.00,true
0.41,OldGuardNoBNB,1,-61.1946,-9.9355,67.09,12,25.00,false
0.41,OldGuardNoBNB,2,162.7447,6.5476,25.05,11,63.64,true
0.41,OldGuardNoBNB,3,39.4704,4.1630,27.27,14,42.86,true
0.41,OldGuardNoBNB,4,30.6757,5.1199,19.85,10,60.00,true
0.41,OldGuardNoBNB,5,-2.3717,1.0772,32.97,10,40.00,false
0.41,LargeCaps5,0,137.7123,6.8873,58.45,14,57.14,true
0.41,LargeCaps5,1,-6.6163,-0.7385,29.38,8,50.00,false
0.41,LargeCaps5,2,193.2921,6.5107,26.39,14,57.14,true
0.41,LargeCaps5,3,86.9262,6.4716,43.84,12,58.33,true
0.41,LargeCaps5,4,117.4722,15.0610,9.34,10,70.00,true
0.41,LargeCaps5,5,-20.5975,-1.2810,36.33,11,27.27,false
0.41,Legacy3,0,162.9731,10.3961,10.94,13,61.54,true
0.41,Legacy3,1,-0.1969,1.3289,31.45,12,41.67,false
0.41,Legacy3,2,49.6218,3.6175,25.05,13,38.46,true
0.41,Legacy3,3,133.0986,7.5937,38.72,13,61.54,true
0.41,Legacy3,4,-55.9492,-7.6652,55.95,10,20.00,false
0.41,Legacy3,5,-45.8969,-4.6065,46.48,12,25.00,false
0.41,LowVolume5,0,111.4560,5.6798,24.37,15,60.00,true
0.41,LowVolume5,1,-34.8540,-2.7731,52.06,13,30.77,false
0.41,LowVolume5,2,908.9930,16.3947,5.39,11,90.91,true
0.41,LowVolume5,3,219.5589,6.6330,65.29,13,53.85,true
0.41,LowVolume5,4,-60.3014,-7.7948,67.25,11,27.27,false
0.41,LowVolume5,5,-54.1537,-6.7587,60.03,14,28.57,false
0.41,OldGuard4,0,108.0177,5.9124,35.13,14,50.00,true
0.41,OldGuard4,1,-48.2620,-5.7715,56.67,11,27.27,false
0.41,OldGuard4,2,60.7164,4.0896,25.05,12,41.67,true
0.41,OldGuard4,3,133.0986,7.5937,38.72,13,61.54,true
0.41,OldGuard4,4,-60.3308,-8.3239,60.33,11,18.18,false
0.41,OldGuard4,5,-38.0303,-1.6886,61.54,15,33.33,false
0.42,Base5,0,137.7123,6.8873,58.45,14,57.14,true
0.42,Base5,1,687.9229,7.0614,21.47,11,63.64,true
0.42,Base5,2,288.5783,18.6056,9.67,11,81.82,true
0.42,Base5,3,25.8109,3.5039,49.65,14,57.14,true
0.42,Base5,4,141.3935,14.3245,9.34,11,72.73,true
0.42,Base5,5,-14.6640,-0.5682,33.08,11,27.27,false
0.42,NoDOGE,0,137.7123,6.8873,58.45,14,57.14,true
0.42,NoDOGE,1,-6.6163,-0.7385,29.38,8,50.00,false
0.42,NoDOGE,2,270.1879,9.2919,26.39,13,61.54,true
0.42,NoDOGE,3,25.7289,3.5374,47.36,14,57.14,true
0.42,NoDOGE,4,141.3935,14.3245,9.34,11,72.73,true
0.42,NoDOGE,5,-20.5975,-1.2810,36.33,11,27.27,false
0.42,Legacy4,0,42.1911,5.0124,20.65,13,53.85,true
0.42,Legacy4,1,-13.2039,-0.4560,36.67,11,45.45,false
0.42,Legacy4,2,142.0600,8.2695,22.70,9,66.67,true
0.42,Legacy4,3,39.4704,4.1630,27.27,14,42.86,true
0.42,Legacy4,4,14.2731,3.0785,19.85,10,50.00,true
0.42,Legacy4,5,-10.8452,0.1694,32.97,10,30.00,false
0.42,Legacy5BNB,0,92.2926,8.4332,20.65,13,61.54,true
0.42,Legacy5BNB,1,-10.5800,-0.4541,28.92,9,33.33,false
0.42,Legacy5BNB,2,-16.8163,-0.6109,38.66,10,50.00,false
0.42,Legacy5BNB,3,102.3808,8.5905,20.55,12,50.00,true
0.42,Legacy5BNB,4,61.3652,11.2141,11.99,8,62.50,true
0.42,Legacy5BNB,5,-25.5324,-2.3978,41.79,8,37.50,false
0.42,OldGuardNoBNB,0,1.0207,1.4113,42.60,14,50.00,true
0.42,OldGuardNoBNB,1,-61.1946,-9.9355,67.09,12,25.00,false
0.42,OldGuardNoBNB,2,142.0600,8.2695,22.70,9,66.67,true
0.42,OldGuardNoBNB,3,39.4704,4.1630,27.27,14,42.86,true
0.42,OldGuardNoBNB,4,14.2731,3.0785,19.85,10,50.00,true
0.42,OldGuardNoBNB,5,-2.3717,1.0772,32.97,10,40.00,false
0.42,LargeCaps5,0,137.7123,6.8873,58.45,14,57.14,true
0.42,LargeCaps5,1,-6.6163,-0.7385,29.38,8,50.00,false
0.42,LargeCaps5,2,270.1879,9.2919,26.39,13,61.54,true
0.42,LargeCaps5,3,86.9262,6.4716,43.84,12,58.33,true
0.42,LargeCaps5,4,117.4722,15.0610,9.34,10,70.00,true
0.42,LargeCaps5,5,-20.5975,-1.2810,36.33,11,27.27,false
0.42,Legacy3,0,162.9731,10.3961,10.94,13,61.54,true
0.42,Legacy3,1,-16.2742,-0.3245,33.98,12,33.33,false
0.42,Legacy3,2,42.5588,4.2664,20.60,12,33.33,true
0.42,Legacy3,3,133.0986,7.5937,38.72,13,61.54,true
0.42,Legacy3,4,-55.9492,-7.6652,55.95,10,20.00,false
0.42,Legacy3,5,-45.8969,-4.6065,46.48,12,25.00,false
0.42,LowVolume5,0,29.6075,3.0043,26.18,14,57.14,true
0.42,LowVolume5,1,-54.2518,-5.3960,54.25,13,23.08,false
0.42,LowVolume5,2,410.6339,10.5227,17.14,12,75.00,true
0.42,LowVolume5,3,219.5589,6.6330,65.29,13,53.85,true
0.42,LowVolume5,4,-60.3014,-7.7948,67.25,11,27.27,false
0.42,LowVolume5,5,-54.1537,-6.7587,60.03,14,28.57,false
0.42,OldGuard4,0,11.0099,1.8406,35.13,14,50.00,true
0.42,OldGuard4,1,-48.2620,-5.7715,56.67,11,27.27,false
0.42,OldGuard4,2,53.1297,4.8918,20.60,11,36.36,true
0.42,OldGuard4,3,133.0986,7.5937,38.72,13,61.54,true
0.42,OldGuard4,4,-60.3308,-8.3239,60.33,11,18.18,false
0.42,OldGuard4,5,-38.0303,-1.6886,61.54,15,33.33,false
0.43,Base5,0,137.7123,6.8873,58.45,14,57.14,true
0.43,Base5,1,687.9229,7.0614,21.47,11,63.64,true
0.43,Base5,2,288.5783,18.6056,9.67,11,81.82,true
0.43,Base5,3,25.8109,3.5039,49.65,14,57.14,true
0.43,Base5,4,141.3935,14.3245,9.34,11,72.73,true
0.43,Base5,5,-14.6640,-0.5682,33.08,11,27.27,false
0.43,NoDOGE,0,137.7123,6.8873,58.45,14,57.14,true
0.43,NoDOGE,1,-6.6163,-0.7385,29.38,8,50.00,false
0.43,NoDOGE,2,192.5181,7.2987,41.84,12,66.67,true
0.43,NoDOGE,3,25.7289,3.5374,47.36,14,57.14,true
0.43,NoDOGE,4,141.3935,14.3245,9.34,11,72.73,true
0.43,NoDOGE,5,-20.5975,-1.2810,36.33,11,27.27,false
0.43,Legacy4,0,42.1911,5.0124,20.65,13,53.85,true
0.43,Legacy4,1,-13.2039,-0.4560,36.67,11,45.45,false
0.43,Legacy4,2,142.0600,8.2695,22.70,9,66.67,true
0.43,Legacy4,3,39.4704,4.1630,27.27,14,42.86,true
0.43,Legacy4,4,14.2731,3.0785,19.85,10,50.00,true
0.43,Legacy4,5,-10.8452,0.1694,32.97,10,30.00,false
0.43,Legacy5BNB,0,92.2926,8.4332,20.65,13,61.54,true
0.43,Legacy5BNB,1,-10.5800,-0.4541,28.92,9,33.33,false
0.43,Legacy5BNB,2,-16.8163,-0.6109,38.66,10,50.00,false
0.43,Legacy5BNB,3,102.3808,8.5905,20.55,12,50.00,true
0.43,Legacy5BNB,4,61.3652,11.2141,11.99,8,62.50,true
0.43,Legacy5BNB,5,-25.5324,-2.3978,41.79,8,37.50,false
0.43,OldGuardNoBNB,0,1.0207,1.4113,42.60,14,50.00,true
0.43,OldGuardNoBNB,1,-61.1946,-9.9355,67.09,12,25.00,false
0.43,OldGuardNoBNB,2,142.0600,8.2695,22.70,9,66.67,true
0.43,OldGuardNoBNB,3,39.4704,4.1630,27.27,14,42.86,true
0.43,OldGuardNoBNB,4,14.2731,3.0785,19.85,10,50.00,true
0.43,OldGuardNoBNB,5,-2.3717,1.0772,32.97,10,40.00,false
0.43,LargeCaps5,0,137.7123,6.8873,58.45,14,57.14,true
0.43,LargeCaps5,1,-6.6163,-0.7385,29.38,8,50.00,false
0.43,LargeCaps5,2,192.5181,7.2987,41.84,12,66.67,true
0.43,LargeCaps5,3,86.9262,6.4716,43.84,12,58.33,true
0.43,LargeCaps5,4,117.4722,15.0610,9.34,10,70.00,true
0.43,LargeCaps5,5,-20.5975,-1.2810,36.33,11,27.27,false
0.43,Legacy3,0,138.5957,9.3208,10.94,13,61.54,true
0.43,Legacy3,1,-16.2742,-0.3245,33.98,12,33.33,false
0.43,Legacy3,2,42.5588,4.2664,20.60,12,33.33,true
0.43,Legacy3,3,133.0986,7.5937,38.72,13,61.54,true
0.43,Legacy3,4,-55.9492,-7.6652,55.95,10,20.00,false
0.43,Legacy3,5,-45.8969,-4.6065,46.48,12,25.00,false
0.43,LowVolume5,0,29.6075,3.0043,26.18,14,57.14,true
0.43,LowVolume5,1,-53.8181,-5.2276,53.82,13,23.08,false
0.43,LowVolume5,2,415.3212,11.2779,16.38,11,81.82,true
0.43,LowVolume5,3,219.5589,6.6330,65.29,13,53.85,true
0.43,LowVolume5,4,-60.3014,-7.7948,67.25,11,27.27,false
0.43,LowVolume5,5,-54.1537,-6.7587,60.03,14,28.57,false
0.43,OldGuard4,0,11.0099,1.8406,35.13,14,50.00,true
0.43,OldGuard4,1,-48.2620,-5.7715,56.67,11,27.27,false
0.43,OldGuard4,2,53.1297,4.8918,20.60,11,36.36,true
0.43,OldGuard4,3,133.0986,7.5937,38.72,13,61.54,true
0.43,OldGuard4,4,-60.3308,-8.3239,60.33,11,18.18,false
0.43,OldGuard4,5,-38.0303,-1.6886,61.54,15,33.33,false
0.44,Base5,0,137.7123,6.8873,58.45,14,57.14,true
0.44,Base5,1,687.9229,7.0614,21.47,11,63.64,true
0.44,Base5,2,250.7641,16.3155,9.67,11,72.73,true
0.44,Base5,3,25.8109,3.5039,49.65,14,57.14,true
0.44,Base5,4,141.3935,14.3245,9.34,11,72.73,true
0.44,Base5,5,-14.6640,-0.5682,33.08,11,27.27,false
0.44,NoDOGE,0,137.7123,6.8873,58.45,14,57.14,true
0.44,NoDOGE,1,-6.6163,-0.7385,29.38,8,50.00,false
0.44,NoDOGE,2,267.4966,8.4505,41.84,12,66.67,true
0.44,NoDOGE,3,25.7289,3.5374,47.36,14,57.14,true
0.44,NoDOGE,4,141.3935,14.3245,9.34,11,72.73,true
0.44,NoDOGE,5,-20.5975,-1.2810,36.33,11,27.27,false
0.44,Legacy4,0,42.1911,5.0124,20.65,13,53.85,true
0.44,Legacy4,1,6.4357,2.1070,22.58,10,50.00,true
0.44,Legacy4,2,204.1050,9.7587,22.70,9,66.67,true
0.44,Legacy4,3,39.4704,4.1630,27.27,14,42.86,true
0.44,Legacy4,4,14.2731,3.0785,19.85,10,50.00,true
0.44,Legacy4,5,-10.8452,0.1694,32.97,10,30.00,false
0.44,Legacy5BNB,0,92.2926,8.4332,20.65,13,61.54,true
0.44,Legacy5BNB,1,-10.5800,-0.4541,28.92,9,33.33,false
0.44,Legacy5BNB,2,4.5054,1.6249,38.66,10,50.00,true
0.44,Legacy5BNB,3,102.3808,8.5905,20.55,12,50.00,true
0.44,Legacy5BNB,4,61.3652,11.2141,11.99,8,62.50,true
0.44,Legacy5BNB,5,-25.5324,-2.3978,41.79,8,37.50,false
0.44,OldGuardNoBNB,0,1.0207,1.4113,42.60,14,50.00,true
0.44,OldGuardNoBNB,1,-61.1946,-9.9355,67.09,12,25.00,false
0.44,OldGuardNoBNB,2,204.1050,9.7587,22.70,9,66.67,true
0.44,OldGuardNoBNB,3,39.4704,4.1630,27.27,14,42.86,true
0.44,OldGuardNoBNB,4,14.2731,3.0785,19.85,10,50.00,true
0.44,OldGuardNoBNB,5,-9.2576,0.1048,32.97,10,40.00,false
0.44,LargeCaps5,0,137.7123,6.8873,58.45,14,57.14,true
0.44,LargeCaps5,1,-6.6163,-0.7385,29.38,8,50.00,false
0.44,LargeCaps5,2,267.4966,8.4505,41.84,12,66.67,true
0.44,LargeCaps5,3,86.9262,6.4716,43.84,12,58.33,true
0.44,LargeCaps5,4,117.4722,15.0610,9.34,10,70.00,true
0.44,LargeCaps5,5,-20.5975,-1.2810,36.33,11,27.27,false
0.44,Legacy3,0,138.5957,9.3208,10.94,13,61.54,true
0.44,Legacy3,1,2.6707,1.7274,31.45,11,36.36,true
0.44,Legacy3,2,44.1197,4.3793,20.60,12,33.33,true
0.44,Legacy3,3,133.0986,7.5937,38.72,13,61.54,true
0.44,Legacy3,4,-55.9492,-7.6652,55.95,10,20.00,false
0.44,Legacy3,5,-45.8969,-4.6065,46.48,12,25.00,false
0.44,LowVolume5,0,29.6075,3.0043,26.18,14,57.14,true
0.44,LowVolume5,1,-53.8181,-5.2276,53.82,13,23.08,false
0.44,LowVolume5,2,415.3212,11.2779,16.38,11,81.82,true
0.44,LowVolume5,3,219.5589,6.6330,65.29,13,53.85,true
0.44,LowVolume5,4,-58.5867,-7.9313,67.25,10,30.00,false
0.44,LowVolume5,5,-76.1019,-12.3764,76.10,15,20.00,false
0.44,OldGuard4,0,11.0099,1.8406,35.13,14,50.00,true
0.44,OldGuard4,1,-48.2620,-5.7715,56.67,11,27.27,false
0.44,OldGuard4,2,54.8063,5.0125,20.60,11,36.36,true
0.44,OldGuard4,3,133.0986,7.5937,38.72,13,61.54,true
0.44,OldGuard4,4,-55.9492,-7.6652,55.95,10,20.00,false
0.44,OldGuard4,5,-38.0303,-1.6886,61.54,15,33.33,false
0.45,Base5,0,137.7123,6.8873,58.45,14,57.14,true
0.45,Base5,1,687.9229,7.0614,21.47,11,63.64,true
0.45,Base5,2,197.4832,13.8059,9.67,11,63.64,true
0.45,Base5,3,25.8109,3.5039,49.65,14,57.14,true
0.45,Base5,4,141.3935,14.3245,9.34,11,72.73,true
0.45,Base5,5,-14.6640,-0.5682,33.08,11,27.27,false
0.45,NoDOGE,0,137.7123,6.8873,58.45,14,57.14,true
0.45,NoDOGE,1,-6.6163,-0.7385,29.38,8,50.00,false
0.45,NoDOGE,2,218.4160,7.7184,43.30,12,58.33,true
0.45,NoDOGE,3,25.7289,3.5374,47.36,14,57.14,true
0.45,NoDOGE,4,141.3935,14.3245,9.34,11,72.73,true
0.45,NoDOGE,5,-20.5975,-1.2810,36.33,11,27.27,false
0.45,Legacy4,0,42.1911,5.0124,20.65,13,53.85,true
0.45,Legacy4,1,6.4357,2.1070,22.58,10,50.00,true
0.45,Legacy4,2,163.4906,8.6842,22.70,9,55.56,true
0.45,Legacy4,3,39.4704,4.1630,27.27,14,42.86,true
0.45,Legacy4,4,14.2731,3.0785,19.85,10,50.00,true
0.45,Legacy4,5,-10.8452,0.1694,32.97,10,30.00,false
0.45,Legacy5BNB,0,92.2926,8.4332,20.65,13,61.54,true
0.45,Legacy5BNB,1,-10.5800,-0.4541,28.92,9,33.33,false
0.45,Legacy5BNB,2,-9.4517,0.5501,38.66,10,40.00,false
0.45,Legacy5BNB,3,102.3808,8.5905,20.55,12,50.00,true
0.45,Legacy5BNB,4,61.3652,11.2141,11.99,8,62.50,true
0.45,Legacy5BNB,5,-25.5324,-2.3978,41.79,8,37.50,false
0.45,OldGuardNoBNB,0,1.0207,1.4113,42.60,14,50.00,true
0.45,OldGuardNoBNB,1,-61.1946,-9.9355,67.09,12,25.00,false
0.45,OldGuardNoBNB,2,163.4906,8.6842,22.70,9,55.56,true
0.45,OldGuardNoBNB,3,39.4704,4.1630,27.27,14,42.86,true
0.45,OldGuardNoBNB,4,14.2731,3.0785,19.85,10,50.00,true
0.45,OldGuardNoBNB,5,-9.2576,0.1048,32.97,10,40.00,false
0.45,LargeCaps5,0,137.7123,6.8873,58.45,14,57.14,true
0.45,LargeCaps5,1,-6.6163,-0.7385,29.38,8,50.00,false
0.45,LargeCaps5,2,218.4160,7.7184,43.30,12,58.33,true
0.45,LargeCaps5,3,86.9262,6.4716,43.84,12,58.33,true
0.45,LargeCaps5,4,117.4722,15.0610,9.34,10,70.00,true
0.45,LargeCaps5,5,-20.5975,-1.2810,36.33,11,27.27,false
0.45,Legacy3,0,138.5957,9.3208,10.94,13,61.54,true
0.45,Legacy3,1,2.6707,1.7274,31.45,11,36.36,true
0.45,Legacy3,2,0.5757,2.1770,34.99,12,25.00,true
0.45,Legacy3,3,118.5522,7.4245,38.72,13,61.54,true
0.45,Legacy3,4,-55.9492,-7.6652,55.95,10,20.00,false
0.45,Legacy3,5,-45.8969,-4.6065,46.48,12,25.00,false
0.45,LowVolume5,0,29.6075,3.0043,26.18,14,57.14,true
0.45,LowVolume5,1,-53.8181,-5.2276,53.82,13,23.08,false
0.45,LowVolume5,2,415.3212,11.2779,16.38,11,81.82,true
0.45,LowVolume5,3,219.5589,6.6330,65.29,13,53.85,true
0.45,LowVolume5,4,-58.5867,-7.9313,67.25,10,30.00,false
0.45,LowVolume5,5,-74.0010,-11.3720,74.28,15,26.67,false
0.45,OldGuard4,0,11.0099,1.8406,35.13,14,50.00,true
0.45,OldGuard4,1,-48.2620,-5.7715,56.67,11,27.27,false
0.45,OldGuard4,2,8.0335,2.7091,30.17,11,27.27,true
0.45,OldGuard4,3,118.5522,7.4245,38.72,13,61.54,true
0.45,OldGuard4,4,-55.9492,-7.6652,55.95,10,20.00,false
0.45,OldGuard4,5,-38.0303,-1.6886,61.54,15,33.33,false
0.46,Base5,0,98.6279,5.9407,58.45,14,57.14,true
0.46,Base5,1,512.8904,6.7000,21.47,11,54.55,true
0.46,Base5,2,190.7256,13.6080,9.67,11,63.64,true
0.46,Base5,3,25.8109,3.5039,49.65,14,57.14,true
0.46,Base5,4,141.3935,14.3245,9.34,11,72.73,true
0.46,Base5,5,-14.6640,-0.5682,33.08,11,27.27,false
0.46,NoDOGE,0,98.6279,5.9407,58.45,14,57.14,true
0.46,NoDOGE,1,-6.6163,-0.7385,29.38,8,50.00,false
0.46,NoDOGE,2,218.4160,7.7184,43.30,12,58.33,true
0.46,NoDOGE,3,25.7289,3.5374,47.36,14,57.14,true
0.46,NoDOGE,4,141.3935,14.3245,9.34,11,72.73,true
0.46,NoDOGE,5,-20.5975,-1.2810,36.33,11,27.27,false
0.46,Legacy4,0,18.8122,3.0979,20.65,13,53.85,true
0.46,Legacy4,1,6.4357,2.1070,22.58,10,50.00,true
0.46,Legacy4,2,163.4906,8.6842,22.70,9,55.56,true
0.46,Legacy4,3,39.4704,4.1630,27.27,14,42.86,true
0.46,Legacy4,4,14.2731,3.0785,19.85,10,50.00,true
0.46,Legacy4,5,-14.2548,-0.5904,32.97,9,33.33,false
0.46,Legacy5BNB,0,92.2926,8.4332,20.65,13,61.54,true
0.46,Legacy5BNB,1,-10.5800,-0.4541,28.92,9,33.33,false
0.46,Legacy5BNB,2,-9.4517,0.5501,38.66,10,40.00,false
0.46,Legacy5BNB,3,102.3808,8.5905,20.55,12,50.00,true
0.46,Legacy5BNB,4,61.3652,11.2141,11.99,8,62.50,true
0.46,Legacy5BNB,5,-25.5324,-2.3978,41.79,8,37.50,false
0.46,OldGuardNoBNB,0,-15.5890,0.1242,42.60,14,50.00,false
0.46,OldGuardNoBNB,1,-61.1946,-9.9355,67.09,12,25.00,false
0.46,OldGuardNoBNB,2,163.4906,8.6842,22.70,9,55.56,true
0.46,OldGuardNoBNB,3,39.4704,4.1630,27.27,14,42.86,true
0.46,OldGuardNoBNB,4,14.2731,3.0785,19.85,10,50.00,true
0.46,OldGuardNoBNB,5,-9.2576,0.1048,32.97,10,40.00,false
0.46,LargeCaps5,0,98.6279,5.9407,58.45,14,57.14,true
0.46,LargeCaps5,1,-6.6163,-0.7385,29.38,8,50.00,false
0.46,LargeCaps5,2,218.4160,7.7184,43.30,12,58.33,true
0.46,LargeCaps5,3,86.9262,6.4716,43.84,12,58.33,true
0.46,LargeCaps5,4,117.4722,15.0610,9.34,10,70.00,true
0.46,LargeCaps5,5,-20.5975,-1.2810,36.33,11,27.27,false
0.46,Legacy3,0,99.3661,7.7706,10.94,13,61.54,true
0.46,Legacy3,1,2.6707,1.7274,31.45,11,36.36,true
0.46,Legacy3,2,8.6587,2.7243,34.99,11,27.27,true
0.46,Legacy3,3,118.5522,7.4245,38.72,13,61.54,true
0.46,Legacy3,4,-55.9492,-7.6652,55.95,10,20.00,false
0.46,Legacy3,5,-47.9660,-5.9637,48.53,11,27.27,false
0.46,LowVolume5,0,29.6075,3.0043,26.18,14,57.14,true
0.46,LowVolume5,1,-53.8181,-5.2276,53.82,13,23.08,false
0.46,LowVolume5,2,415.3212,11.2779,16.38,11,81.82,true
0.46,LowVolume5,3,219.5589,6.6330,65.29,13,53.85,true
0.46,LowVolume5,4,-58.5867,-7.9313,67.25,10,30.00,false
0.46,LowVolume5,5,-74.0010,-11.3720,74.28,15,26.67,false
0.46,OldGuard4,0,-7.2422,0.3467,35.13,14,50.00,false
0.46,OldGuard4,1,-48.2620,-5.7715,56.67,11,27.27,false
0.46,OldGuard4,2,16.7159,3.3174,30.17,10,30.00,true
0.46,OldGuard4,3,118.5522,7.4245,38.72,13,61.54,true
0.46,OldGuard4,4,-55.9492,-7.6652,55.95,10,20.00,false
0.46,OldGuard4,5,-38.0303,-1.6886,61.54,15,33.33,false
0.47,Base5,0,98.6279,5.9407,58.45,14,57.14,true
0.47,Base5,1,512.8904,6.7000,21.47,11,54.55,true
0.47,Base5,2,190.7256,13.6080,9.67,11,63.64,true
0.47,Base5,3,53.3488,4.5165,49.65,14,57.14,true
0.47,Base5,4,141.3935,14.3245,9.34,11,72.73,true
0.47,Base5,5,-14.6640,-0.5682,33.08,11,27.27,false
0.47,NoDOGE,0,98.6279,5.9407,58.45,14,57.14,true
0.47,NoDOGE,1,-6.6163,-0.7385,29.38,8,50.00,false
0.47,NoDOGE,2,218.4160,7.7184,43.30,12,58.33,true
0.47,NoDOGE,3,53.2488,4.5133,47.36,14,57.14,true
0.47,NoDOGE,4,141.3935,14.3245,9.34,11,72.73,true
0.47,NoDOGE,5,-20.5975,-1.2810,36.33,11,27.27,false
0.47,Legacy4,0,18.8122,3.0979,20.65,13,53.85,true
0.47,Legacy4,1,6.4357,2.1070,22.58,10,50.00,true
0.47,Legacy4,2,163.4906,8.6842,22.70,9,55.56,true
0.47,Legacy4,3,39.4704,4.1630,27.27,14,42.86,true
0.47,Legacy4,4,14.2731,3.0785,19.85,10,50.00,true
0.47,Legacy4,5,-14.2548,-0.5904,32.97,9,33.33,false
0.47,Legacy5BNB,0,92.2926,8.4332,20.65,13,61.54,true
0.47,Legacy5BNB,1,-10.5800,-0.4541,28.92,9,33.33,false
0.47,Legacy5BNB,2,-9.4517,0.5501,38.66,10,40.00,false
0.47,Legacy5BNB,3,102.3808,8.5905,20.55,12,50.00,true
0.47,Legacy5BNB,4,61.3652,11.2141,11.99,8,62.50,true
0.47,Legacy5BNB,5,-25.5324,-2.3978,41.79,8,37.50,false
0.47,OldGuardNoBNB,0,-15.5890,0.1242,42.60,14,50.00,false
0.47,OldGuardNoBNB,1,-61.1946,-9.9355,67.09,12,25.00,false
0.47,OldGuardNoBNB,2,163.4906,8.6842,22.70,9,55.56,true
0.47,OldGuardNoBNB,3,39.4704,4.1630,27.27,14,42.86,true
0.47,OldGuardNoBNB,4,14.2731,3.0785,19.85,10,50.00,true
0.47,OldGuardNoBNB,5,-9.2576,0.1048,32.97,10,40.00,false
0.47,LargeCaps5,0,98.6279,5.9407,58.45,14,57.14,true
0.47,LargeCaps5,1,-6.6163,-0.7385,29.38,8,50.00,false
0.47,LargeCaps5,2,218.4160,7.7184,43.30,12,58.33,true
0.47,LargeCaps5,3,127.8411,7.1833,43.84,12,58.33,true
0.47,LargeCaps5,4,117.4722,15.0610,9.34,10,70.00,true
0.47,LargeCaps5,5,-20.5975,-1.2810,36.33,11,27.27,false
0.47,Legacy3,0,99.3661,7.7706,10.94,13,61.54,true
0.47,Legacy3,1,2.6707,1.7274,31.45,11,36.36,true
0.47,Legacy3,2,8.6587,2.7243,34.99,11,27.27,true
0.47,Legacy3,3,-37.9645,-0.5524,63.78,14,50.00,false
0.47,Legacy3,4,-55.9492,-7.6652,55.95,10,20.00,false
0.47,Legacy3,5,-47.9660,-5.9637,48.53,11,27.27,false
0.47,LowVolume5,0,29.6075,3.0043,26.18,14,57.14,true
0.47,LowVolume5,1,-53.8181,-5.2276,53.82,13,23.08,false
0.47,LowVolume5,2,415.3212,11.2779,16.38,11,81.82,true
0.47,LowVolume5,3,219.5589,6.6330,65.29,13,53.85,true
0.47,LowVolume5,4,-58.5867,-7.9313,67.25,10,30.00,false
0.47,LowVolume5,5,-74.0010,-11.3720,74.28,15,26.67,false
0.47,OldGuard4,0,-7.2422,0.3467,35.13,14,50.00,false
0.47,OldGuard4,1,-48.2620,-5.7715,56.67,11,27.27,false
0.47,OldGuard4,2,16.7159,3.3174,30.17,10,30.00,true
0.47,OldGuard4,3,-37.9645,-0.5524,63.78,14,50.00,false
0.47,OldGuard4,4,-55.9492,-7.6652,55.95,10,20.00,false
0.47,OldGuard4,5,-38.0303,-1.6886,61.54,15,33.33,false
0.48,Base5,0,98.6279,5.9407,58.45,14,57.14,true
0.48,Base5,1,512.8904,6.7000,21.47,11,54.55,true
0.48,Base5,2,190.7256,13.6080,9.67,11,63.64,true
0.48,Base5,3,53.3488,4.5165,49.65,14,57.14,true
0.48,Base5,4,141.3935,14.3245,9.34,11,72.73,true
0.48,Base5,5,-5.8556,0.5107,33.08,10,30.00,false
0.48,NoDOGE,0,98.6279,5.9407,58.45,14,57.14,true
0.48,NoDOGE,1,-6.6163,-0.7385,29.38,8,50.00,false
0.48,NoDOGE,2,218.4160,7.7184,43.30,12,58.33,true
0.48,NoDOGE,3,53.2488,4.5133,47.36,14,57.14,true
0.48,NoDOGE,4,141.3935,14.3245,9.34,11,72.73,true
0.48,NoDOGE,5,-12.4015,-0.2818,36.33,10,30.00,false
0.48,Legacy4,0,18.8122,3.0979,20.65,13,53.85,true
0.48,Legacy4,1,6.4357,2.1070,22.58,10,50.00,true
0.48,Legacy4,2,163.4906,8.6842,22.70,9,55.56,true
0.48,Legacy4,3,39.4704,4.1630,27.27,14,42.86,true
0.48,Legacy4,4,14.2731,3.0785,19.85,10,50.00,true
0.48,Legacy4,5,-5.4042,0.6729,32.97,8,37.50,false
0.48,Legacy5BNB,0,92.2926,8.4332,20.65,13,61.54,true
0.48,Legacy5BNB,1,-10.5800,-0.4541,28.92,9,33.33,false
0.48,Legacy5BNB,2,-9.4517,0.5501,38.66,10,40.00,false
0.48,Legacy5BNB,3,102.3808,8.5905,20.55,12,50.00,true
0.48,Legacy5BNB,4,61.3652,11.2141,11.99,8,62.50,true
0.48,Legacy5BNB,5,-25.5324,-2.3978,41.79,8,37.50,false
0.48,OldGuardNoBNB,0,-15.5890,0.1242,42.60,14,50.00,false
0.48,OldGuardNoBNB,1,-61.1946,-9.9355,67.09,12,25.00,false
0.48,OldGuardNoBNB,2,163.4906,8.6842,22.70,9,55.56,true
0.48,OldGuardNoBNB,3,39.4704,4.1630,27.27,14,42.86,true
0.48,OldGuardNoBNB,4,14.2731,3.0785,19.85,10,50.00,true
0.48,OldGuardNoBNB,5,0.1089,1.3352,32.97,9,44.44,true
0.48,LargeCaps5,0,98.6279,5.9407,58.45,14,57.14,true
0.48,LargeCaps5,1,-6.6163,-0.7385,29.38,8,50.00,false
0.48,LargeCaps5,2,218.4160,7.7184,43.30,12,58.33,true
0.48,LargeCaps5,3,127.8411,7.1833,43.84,12,58.33,true
0.48,LargeCaps5,4,117.4722,15.0610,9.34,10,70.00,true
0.48,LargeCaps5,5,-12.4015,-0.2818,36.33,10,30.00,false
0.48,Legacy3,0,99.3661,7.7706,10.94,13,61.54,true
0.48,Legacy3,1,2.6707,1.7274,31.45,11,36.36,true
0.48,Legacy3,2,8.6587,2.7243,34.99,11,27.27,true
0.48,Legacy3,3,-37.9645,-0.5524,63.78,14,50.00,false
0.48,Legacy3,4,-55.9492,-7.6652,55.95,10,20.00,false
0.48,Legacy3,5,-47.9660,-5.9637,48.53,11,27.27,false
0.48,LowVolume5,0,29.6075,3.0043,26.18,14,57.14,true
0.48,LowVolume5,1,-53.8181,-5.2276,53.82,13,23.08,false
0.48,LowVolume5,2,462.1502,12.6700,16.38,10,90.00,true
0.48,LowVolume5,3,219.5589,6.6330,65.29,13,53.85,true
0.48,LowVolume5,4,-58.5867,-7.9313,67.25,10,30.00,false
0.48,LowVolume5,5,-74.0010,-11.3720,74.28,15,26.67,false
0.48,OldGuard4,0,-7.2422,0.3467,35.13,14,50.00,false
0.48,OldGuard4,1,-48.2620,-5.7715,56.67,11,27.27,false
0.48,OldGuard4,2,16.7159,3.3174,30.17,10,30.00,true
0.48,OldGuard4,3,-37.9645,-0.5524,63.78,14,50.00,false
0.48,OldGuard4,4,-55.9492,-7.6652,55.95,10,20.00,false
0.48,OldGuard4,5,-38.0303,-1.6886,61.54,15,33.33,false
0.49,Base5,0,98.6279,5.9407,58.45,14,57.14,true
0.49,Base5,1,512.8904,6.7000,21.47,11,54.55,true
0.49,Base5,2,190.7256,13.6080,9.67,11,63.64,true
0.49,Base5,3,53.3488,4.5165,49.65,14,57.14,true
0.49,Base5,4,141.4681,14.3318,9.31,11,72.73,true
0.49,Base5,5,-5.8556,0.5107,33.08,10,30.00,false
0.49,NoDOGE,0,98.6279,5.9407,58.45,14,57.14,true
0.49,NoDOGE,1,-6.6163,-0.7385,29.38,8,50.00,false
0.49,NoDOGE,2,218.4160,7.7184,43.30,12,58.33,true
0.49,NoDOGE,3,53.2488,4.5133,47.36,14,57.14,true
0.49,NoDOGE,4,141.4681,14.3318,9.31,11,72.73,true
0.49,NoDOGE,5,-12.4015,-0.2818,36.33,10,30.00,false
0.49,Legacy4,0,18.8122,3.0979,20.65,13,53.85,true
0.49,Legacy4,1,6.4357,2.1070,22.58,10,50.00,true
0.49,Legacy4,2,163.4906,8.6842,22.70,9,55.56,true
0.49,Legacy4,3,39.4704,4.1630,27.27,14,42.86,true
0.49,Legacy4,4,14.2731,3.0785,19.85,10,50.00,true
0.49,Legacy4,5,-5.4042,0.6729,32.97,8,37.50,false
0.49,Legacy5BNB,0,92.2926,8.4332,20.65,13,61.54,true
0.49,Legacy5BNB,1,-10.5800,-0.4541,28.92,9,33.33,false
0.49,Legacy5BNB,2,-9.4517,0.5501,38.66,10,40.00,false
0.49,Legacy5BNB,3,102.3808,8.5905,20.55,12,50.00,true
0.49,Legacy5BNB,4,61.3652,11.2141,11.99,8,62.50,true
0.49,Legacy5BNB,5,-25.5324,-2.3978,41.79,8,37.50,false
0.49,OldGuardNoBNB,0,-15.5890,0.1242,42.60,14,50.00,false
0.49,OldGuardNoBNB,1,-61.1946,-9.9355,67.09,12,25.00,false
0.49,OldGuardNoBNB,2,163.4906,8.6842,22.70,9,55.56,true
0.49,OldGuardNoBNB,3,39.4704,4.1630,27.27,14,42.86,true
0.49,OldGuardNoBNB,4,14.2731,3.0785,19.85,10,50.00,true
0.49,OldGuardNoBNB,5,0.1089,1.3352,32.97,9,44.44,true
0.49,LargeCaps5,0,98.6279,5.9407,58.45,14,57.14,true
0.49,LargeCaps5,1,-6.6163,-0.7385,29.38,8,50.00,false
0.49,LargeCaps5,2,218.4160,7.7184,43.30,12,58.33,true
0.49,LargeCaps5,3,127.8411,7.1833,43.84,12,58.33,true
0.49,LargeCaps5,4,117.5394,15.0702,9.31,10,70.00,true
0.49,LargeCaps5,5,-12.4015,-0.2818,36.33,10,30.00,false
0.49,Legacy3,0,99.3661,7.7706,10.94,13,61.54,true
0.49,Legacy3,1,2.6707,1.7274,31.45,11,36.36,true
0.49,Legacy3,2,8.6587,2.7243,34.99,11,27.27,true
0.49,Legacy3,3,-43.8787,-1.1135,67.23,14,42.86,false
0.49,Legacy3,4,-55.9492,-7.6652,55.95,10,20.00,false
0.49,Legacy3,5,-47.9660,-5.9637,48.53,11,27.27,false
0.49,LowVolume5,0,29.6075,3.0043,26.18,14,57.14,true
0.49,LowVolume5,1,-53.8181,-5.2276,53.82,13,23.08,false
0.49,LowVolume5,2,462.1502,12.6700,16.38,10,90.00,true
0.49,LowVolume5,3,219.5589,6.6330,65.29,13,53.85,true
0.49,LowVolume5,4,-58.5867,-7.9313,67.25,10,30.00,false
0.49,LowVolume5,5,-74.0010,-11.3720,74.28,15,26.67,false
0.49,OldGuard4,0,-7.2422,0.3467,35.13,14,50.00,false
0.49,OldGuard4,1,-48.2620,-5.7715,56.67,11,27.27,false
0.49,OldGuard4,2,16.7159,3.3174,30.17,10,30.00,true
0.49,OldGuard4,3,-43.8787,-1.1135,67.23,14,42.86,false
0.49,OldGuard4,4,-55.9492,-7.6652,55.95,10,20.00,false
0.49,OldGuard4,5,-38.0303,-1.6886,61.54,15,33.33,false
0.50,Base5,0,98.6279,5.9407,58.45,14,57.14,true
0.50,Base5,1,512.8904,6.7000,21.47,11,54.55,true
0.50,Base5,2,190.7256,13.6080,9.67,11,63.64,true
0.50,Base5,3,53.3488,4.5165,49.65,14,57.14,true
0.50,Base5,4,141.4681,14.3318,9.31,11,72.73,true
0.50,Base5,5,-5.8556,0.5107,33.08,10,30.00,false
0.50,NoDOGE,0,98.6279,5.9407,58.45,14,57.14,true
0.50,NoDOGE,1,-6.6163,-0.7385,29.38,8,50.00,false
0.50,NoDOGE,2,218.4160,7.7184,43.30,12,58.33,true
0.50,NoDOGE,3,53.2488,4.5133,47.36,14,57.14,true
0.50,NoDOGE,4,141.4681,14.3318,9.31,11,72.73,true
0.50,NoDOGE,5,-12.4015,-0.2818,36.33,10,30.00,false
0.50,Legacy4,0,18.8122,3.0979,20.65,13,53.85,true
0.50,Legacy4,1,6.4357,2.1070,22.58,10,50.00,true
0.50,Legacy4,2,283.1481,11.7073,9.67,9,66.67,true
0.50,Legacy4,3,39.4704,4.1630,27.27,14,42.86,true
0.50,Legacy4,4,14.2731,3.0785,19.85,10,50.00,true
0.50,Legacy4,5,-5.4042,0.6729,32.97,8,37.50,false
0.50,Legacy5BNB,0,92.2926,8.4332,20.65,13,61.54,true
0.50,Legacy5BNB,1,-10.5800,-0.4541,28.92,9,33.33,false
0.50,Legacy5BNB,2,31.6685,3.1943,30.66,10,50.00,true
0.50,Legacy5BNB,3,102.3808,8.5905,20.55,12,50.00,true
0.50,Legacy5BNB,4,61.3652,11.2141,11.99,8,62.50,true
0.50,Legacy5BNB,5,-25.5324,-2.3978,41.79,8,37.50,false
0.50,OldGuardNoBNB,0,-15.5890,0.1242,42.60,14,50.00,false
0.50,OldGuardNoBNB,1,-61.1946,-9.9355,67.09,12,25.00,false
0.50,OldGuardNoBNB,2,283.1481,11.7073,9.67,9,66.67,true
0.50,OldGuardNoBNB,3,39.4704,4.1630,27.27,14,42.86,true
0.50,OldGuardNoBNB,4,14.2731,3.0785,19.85,10,50.00,true
0.50,OldGuardNoBNB,5,0.1089,1.3352,32.97,9,44.44,true
0.50,LargeCaps5,0,98.6279,5.9407,58.45,14,57.14,true
0.50,LargeCaps5,1,-6.6163,-0.7385,29.38,8,50.00,false
0.50,LargeCaps5,2,218.4160,7.7184,43.30,12,58.33,true
0.50,LargeCaps5,3,127.8411,7.1833,43.84,12,58.33,true
0.50,LargeCaps5,4,117.5394,15.0702,9.31,10,70.00,true
0.50,LargeCaps5,5,-12.4015,-0.2818,36.33,10,30.00,false
0.50,Legacy3,0,60.4832,6.9635,10.94,13,61.54,true
0.50,Legacy3,1,2.6707,1.7274,31.45,11,36.36,true
0.50,Legacy3,2,8.6587,2.7243,34.99,11,27.27,true
0.50,Legacy3,3,-43.8787,-1.1135,67.23,14,42.86,false
0.50,Legacy3,4,-55.9492,-7.6652,55.95,10,20.00,false
0.50,Legacy3,5,-47.9660,-5.9637,48.53,11,27.27,false
0.50,LowVolume5,0,6.9242,1.4002,26.18,14,57.14,true
0.50,LowVolume5,1,-53.8181,-5.2276,53.82,13,23.08,false
0.50,LowVolume5,2,462.1502,12.6700,16.38,10,90.00,true
0.50,LowVolume5,3,75.6556,4.9003,65.29,13,46.15,true
0.50,LowVolume5,4,-58.5867,-7.9313,67.25,10,30.00,false
0.50,LowVolume5,5,-74.0010,-11.3720,74.28,15,26.67,false
0.50,OldGuard4,0,-7.7773,0.3089,35.13,14,50.00,false
0.50,OldGuard4,1,-48.2620,-5.7715,56.67,11,27.27,false
0.50,OldGuard4,2,16.7159,3.3174,30.17,10,30.00,true
0.50,OldGuard4,3,-43.8787,-1.1135,67.23,14,42.86,false
0.50,OldGuard4,4,-55.9492,-7.6652,55.95,10,20.00,false
0.50,OldGuard4,5,-38.0303,-1.6886,61.54,15,33.33,false
0.51,Base5,0,98.6279,5.9407,58.45,14,57.14,true
0.51,Base5,1,512.8904,6.7000,21.47,11,54.55,true
0.51,Base5,2,190.7256,13.6080,9.67,11,63.64,true
0.51,Base5,3,53.3488,4.5165,49.65,14,57.14,true
0.51,Base5,4,141.4681,14.3318,9.31,11,72.73,true
0.51,Base5,5,-5.8556,0.5107,33.08,10,30.00,false
0.51,NoDOGE,0,98.6279,5.9407,58.45,14,57.14,true
0.51,NoDOGE,1,-6.6163,-0.7385,29.38,8,50.00,false
0.51,NoDOGE,2,218.4160,7.7184,43.30,12,58.33,true
0.51,NoDOGE,3,53.2488,4.5133,47.36,14,57.14,true
0.51,NoDOGE,4,141.4681,14.3318,9.31,11,72.73,true
0.51,NoDOGE,5,-18.3928,-1.1178,40.68,10,20.00,false
0.51,Legacy4,0,18.8122,3.0979,20.65,13,53.85,true
0.51,Legacy4,1,6.4357,2.1070,22.58,10,50.00,true
0.51,Legacy4,2,283.1481,11.7073,9.67,9,66.67,true
0.51,Legacy4,3,39.4704,4.1630,27.27,14,42.86,true
0.51,Legacy4,4,14.2731,3.0785,19.85,10,50.00,true
0.51,Legacy4,5,-5.4042,0.6729,32.97,8,37.50,false
0.51,Legacy5BNB,0,92.2926,8.4332,20.65,13,61.54,true
0.51,Legacy5BNB,1,-10.5800,-0.4541,28.92,9,33.33,false
0.51,Legacy5BNB,2,31.6685,3.1943,30.66,10,50.00,true
0.51,Legacy5BNB,3,102.3808,8.5905,20.55,12,50.00,true
0.51,Legacy5BNB,4,61.3652,11.2141,11.99,8,62.50,true
0.51,Legacy5BNB,5,-25.5324,-2.3978,41.79,8,37.50,false
0.51,OldGuardNoBNB,0,-15.5890,0.1242,42.60,14,50.00,false
0.51,OldGuardNoBNB,1,-61.1946,-9.9355,67.09,12,25.00,false
0.51,OldGuardNoBNB,2,283.1481,11.7073,9.67,9,66.67,true
0.51,OldGuardNoBNB,3,39.4704,4.1630,27.27,14,42.86,true
0.51,OldGuardNoBNB,4,14.2731,3.0785,19.85,10,50.00,true
0.51,OldGuardNoBNB,5,0.1089,1.3352,32.97,9,44.44,true
0.51,LargeCaps5,0,98.6279,5.9407,58.45,14,57.14,true
0.51,LargeCaps5,1,-6.6163,-0.7385,29.38,8,50.00,false
0.51,LargeCaps5,2,218.4160,7.7184,43.30,12,58.33,true
0.51,LargeCaps5,3,127.8411,7.1833,43.84,12,58.33,true
0.51,LargeCaps5,4,117.5394,15.0702,9.31,10,70.00,true
0.51,LargeCaps5,5,-18.3928,-1.1178,40.68,10,20.00,false
0.51,Legacy3,0,60.4832,6.9635,10.94,13,61.54,true
0.51,Legacy3,1,2.6707,1.7274,31.45,11,36.36,true
0.51,Legacy3,2,8.6587,2.7243,34.99,11,27.27,true
0.51,Legacy3,3,-43.8787,-1.1135,67.23,14,42.86,false
0.51,Legacy3,4,-55.9492,-7.6652,55.95,10,20.00,false
0.51,Legacy3,5,-39.5809,-4.7514,43.95,10,30.00,false
0.51,LowVolume5,0,6.9242,1.4002,26.18,14,57.14,true
0.51,LowVolume5,1,-48.0141,-5.0566,52.06,12,25.00,false
0.51,LowVolume5,2,462.1502,12.6700,16.38,10,90.00,true
0.51,LowVolume5,3,75.6556,4.9003,65.29,13,46.15,true
0.51,LowVolume5,4,-58.5867,-7.9313,67.25,10,30.00,false
0.51,LowVolume5,5,-69.8113,-10.5257,70.14,14,28.57,false
0.51,OldGuard4,0,-7.7773,0.3089,35.13,14,50.00,false
0.51,OldGuard4,1,-48.2620,-5.7715,56.67,11,27.27,false
0.51,OldGuard4,2,16.7159,3.3174,30.17,10,30.00,true
0.51,OldGuard4,3,-43.8787,-1.1135,67.23,14,42.86,false
0.51,OldGuard4,4,-55.9492,-7.6652,55.95,10,20.00,false
0.51,OldGuard4,5,-28.0441,-0.7977,61.54,14,35.71,false
0.52,Base5,0,98.6279,5.9407,58.45,14,57.14,true
0.52,Base5,1,512.8904,6.7000,21.47,11,54.55,true
0.52,Base5,2,202.2669,13.9261,9.67,11,63.64,true
0.52,Base5,3,53.3488,4.5165,49.65,14,57.14,true
0.52,Base5,4,141.4681,14.3318,9.31,11,72.73,true
0.52,Base5,5,-5.8556,0.5107,33.08,10,30.00,false
0.52,NoDOGE,0,98.6279,5.9407,58.45,14,57.14,true
0.52,NoDOGE,1,-6.6163,-0.7385,29.38,8,50.00,false
0.52,NoDOGE,2,218.4160,7.7184,43.30,12,58.33,true
0.52,NoDOGE,3,53.2488,4.5133,47.36,14,57.14,true
0.52,NoDOGE,4,141.4681,14.3318,9.31,11,72.73,true
0.52,NoDOGE,5,-18.3928,-1.1178,40.68,10,20.00,false
0.52,Legacy4,0,18.8122,3.0979,20.65,13,53.85,true
0.52,Legacy4,1,6.4357,2.1070,22.58,10,50.00,true
0.52,Legacy4,2,283.1481,11.7073,9.67,9,66.67,true
0.52,Legacy4,3,39.4704,4.1630,27.27,14,42.86,true
0.52,Legacy4,4,14.2731,3.0785,19.85,10,50.00,true
0.52,Legacy4,5,-5.4042,0.6729,32.97,8,37.50,false
0.52,Legacy5BNB,0,92.2926,8.4332,20.65,13,61.54,true
0.52,Legacy5BNB,1,-10.5800,-0.4541,28.92,9,33.33,false
0.52,Legacy5BNB,2,31.6685,3.1943,30.66,10,50.00,true
0.52,Legacy5BNB,3,102.3808,8.5905,20.55,12,50.00,true
0.52,Legacy5BNB,4,61.3652,11.2141,11.99,8,62.50,true
0.52,Legacy5BNB,5,-25.5324,-2.3978,41.79,8,37.50,false
0.52,OldGuardNoBNB,0,-15.5890,0.1242,42.60,14,50.00,false
0.52,OldGuardNoBNB,1,-61.1946,-9.9355,67.09,12,25.00,false
0.52,OldGuardNoBNB,2,283.1481,11.7073,9.67,9,66.67,true
0.52,OldGuardNoBNB,3,39.4704,4.1630,27.27,14,42.86,true
0.52,OldGuardNoBNB,4,14.2731,3.0785,19.85,10,50.00,true
0.52,OldGuardNoBNB,5,0.1089,1.3352,32.97,9,44.44,true
0.52,LargeCaps5,0,98.6279,5.9407,58.45,14,57.14,true
0.52,LargeCaps5,1,-6.6163,-0.7385,29.38,8,50.00,false
0.52,LargeCaps5,2,218.4160,7.7184,43.30,12,58.33,true
0.52,LargeCaps5,3,127.8411,7.1833,43.84,12,58.33,true
0.52,LargeCaps5,4,117.5394,15.0702,9.31,10,70.00,true
0.52,LargeCaps5,5,-18.3928,-1.1178,40.68,10,20.00,false
0.52,Legacy3,0,60.4832,6.9635,10.94,13,61.54,true
0.52,Legacy3,1,-9.8918,0.0132,31.45,11,36.36,false
0.52,Legacy3,2,7.6604,2.6583,34.99,11,27.27,true
0.52,Legacy3,3,-43.8787,-1.1135,67.23,14,42.86,false
0.52,Legacy3,4,-32.0799,-5.0838,32.08,9,33.33,false
0.52,Legacy3,5,-39.5809,-4.7514,43.95,10,30.00,false
0.52,LowVolume5,0,6.9242,1.4002,26.18,14,57.14,true
0.52,LowVolume5,1,-54.3750,-7.2649,54.37,12,25.00,false
0.52,LowVolume5,2,462.1502,12.6700,16.38,10,90.00,true
0.52,LowVolume5,3,75.6556,4.9003,65.29,13,46.15,true
0.52,LowVolume5,4,-58.5867,-7.9313,67.25,10,30.00,false
0.52,LowVolume5,5,-69.8113,-10.5257,70.14,14,28.57,false
0.52,OldGuard4,0,-7.7773,0.3089,35.13,14,50.00,false
0.52,OldGuard4,1,-48.2620,-5.7715,56.67,11,27.27,false
0.52,OldGuard4,2,15.6436,3.2486,30.17,10,30.00,true
0.52,OldGuard4,3,-43.8787,-1.1135,67.23,14,42.86,false
0.52,OldGuard4,4,-32.0799,-5.0838,32.08,9,33.33,false
0.52,OldGuard4,5,-28.0441,-0.7977,61.54,14,35.71,false
0.53,Base5,0,129.2089,7.0478,58.45,13,53.85,true
0.53,Base5,1,512.8904,6.7000,21.47,11,54.55,true
0.53,Base5,2,202.2669,13.9261,9.67,11,63.64,true
0.53,Base5,3,-0.5273,2.0876,49.65,14,57.14,false
0.53,Base5,4,141.4681,14.3318,9.31,11,72.73,true
0.53,Base5,5,-0.2321,1.1132,29.08,10,30.00,false
0.53,NoDOGE,0,129.2089,7.0478,58.45,13,53.85,true
0.53,NoDOGE,1,-6.6163,-0.7385,29.38,8,50.00,false
0.53,NoDOGE,2,218.4160,7.7184,43.30,12,58.33,true
0.53,NoDOGE,3,-0.5921,2.1840,47.36,14,57.14,false
0.53,NoDOGE,4,141.4681,14.3318,9.31,11,72.73,true
0.53,NoDOGE,5,-13.5182,-0.5513,37.14,10,20.00,false
0.53,Legacy4,0,37.1047,4.8524,20.65,12,50.00,true
0.53,Legacy4,1,6.4357,2.1070,22.58,10,50.00,true
0.53,Legacy4,2,283.1481,11.7073,9.67,9,66.67,true
0.53,Legacy4,3,52.3015,5.0726,27.27,13,46.15,true
0.53,Legacy4,4,33.4104,6.6482,11.76,9,55.56,true
0.53,Legacy4,5,0.2463,1.3873,28.97,8,37.50,true
0.53,Legacy5BNB,0,92.2926,8.4332,20.65,13,61.54,true
0.53,Legacy5BNB,1,-10.5800,-0.4541,28.92,9,33.33,false
0.53,Legacy5BNB,2,31.6685,3.1943,30.66,10,50.00,true
0.53,Legacy5BNB,3,120.9997,10.2280,20.55,11,54.55,true
0.53,Legacy5BNB,4,61.3652,11.2141,11.99,8,62.50,true
0.53,Legacy5BNB,5,-21.0843,-1.8020,38.32,8,37.50,false
0.53,OldGuardNoBNB,0,-4.7249,0.9747,42.60,14,50.00,false
0.53,OldGuardNoBNB,1,-61.1946,-9.9355,67.09,12,25.00,false
0.53,OldGuardNoBNB,2,283.1481,11.7073,9.67,9,66.67,true
0.53,OldGuardNoBNB,3,52.3015,5.0726,27.27,13,46.15,true
0.53,OldGuardNoBNB,4,33.4104,6.6482,11.76,9,55.56,true
0.53,OldGuardNoBNB,5,6.0887,2.0154,28.97,9,44.44,true
0.53,LargeCaps5,0,152.8087,7.1630,58.45,14,64.29,true
0.53,LargeCaps5,1,-6.6163,-0.7385,29.38,8,50.00,false
0.53,LargeCaps5,2,218.4160,7.7184,43.30,12,58.33,true
0.53,LargeCaps5,3,47.7936,4.8404,43.84,12,58.33,true
0.53,LargeCaps5,4,117.5394,15.0702,9.31,10,70.00,true
0.53,LargeCaps5,5,-13.5182,-0.5513,37.14,10,20.00,false
0.53,Legacy3,0,85.1914,8.8101,10.94,12,58.33,true
0.53,Legacy3,1,-9.8918,0.0132,31.45,11,36.36,false
0.53,Legacy3,2,7.6604,2.6583,34.99,11,27.27,true
0.53,Legacy3,3,-43.8787,-1.1135,67.23,14,42.86,false
0.53,Legacy3,4,-20.7054,-3.2454,20.71,8,37.50,false
0.53,Legacy3,5,-39.5809,-4.7514,43.95,10,30.00,false
0.53,LowVolume5,0,6.9242,1.4002,26.18,14,57.14,true
0.53,LowVolume5,1,-54.3750,-7.2649,54.37,12,25.00,false
0.53,LowVolume5,2,462.1502,12.6700,16.38,10,90.00,true
0.53,LowVolume5,3,75.6556,4.9003,65.29,13,46.15,true
0.53,LowVolume5,4,-51.6512,-6.8667,61.76,9,33.33,false
0.53,LowVolume5,5,-69.8113,-10.5257,70.14,14,28.57,false
0.53,OldGuard4,0,4.0922,1.3174,35.13,14,50.00,true
0.53,OldGuard4,1,-48.2620,-5.7715,56.67,11,27.27,false
0.53,OldGuard4,2,15.6436,3.2486,30.17,10,30.00,true
0.53,OldGuard4,3,-43.8787,-1.1135,67.23,14,42.86,false
0.53,OldGuard4,4,-20.7054,-3.2454,20.71,8,37.50,false
0.53,OldGuard4,5,-28.0441,-0.7977,61.54,14,35.71,false
0.54,Base5,0,129.2089,7.0478,58.45,13,53.85,true
0.54,Base5,1,296.6662,7.1745,21.47,10,60.00,true
0.54,Base5,2,202.2669,13.9261,9.67,11,63.64,true
0.54,Base5,3,-0.5273,2.0876,49.65,14,57.14,false
0.54,Base5,4,141.4681,14.3318,9.31,11,72.73,true
0.54,Base5,5,-0.2321,1.1132,29.08,10,30.00,false
0.54,NoDOGE,0,129.2089,7.0478,58.45,13,53.85,true
0.54,NoDOGE,1,-6.6163,-0.7385,29.38,8,50.00,false
0.54,NoDOGE,2,219.9677,8.2273,43.30,11,54.55,true
0.54,NoDOGE,3,-0.5921,2.1840,47.36,14,57.14,false
0.54,NoDOGE,4,141.4681,14.3318,9.31,11,72.73,true
0.54,NoDOGE,5,-13.5182,-0.5513,37.14,10,20.00,false
0.54,Legacy4,0,37.1047,4.8524,20.65,12,50.00,true
0.54,Legacy4,1,6.4357,2.1070,22.58,10,50.00,true
0.54,Legacy4,2,187.2906,9.6480,16.63,10,50.00,true
0.54,Legacy4,3,52.3015,5.0726,27.27,13,46.15,true
0.54,Legacy4,4,33.4104,6.6482,11.76,9,55.56,true
0.54,Legacy4,5,0.2463,1.3873,28.97,8,37.50,true
0.54,Legacy5BNB,0,92.2926,8.4332,20.65,13,61.54,true
0.54,Legacy5BNB,1,-10.5800,-0.4541,28.92,9,33.33,false
0.54,Legacy5BNB,2,187.2906,9.6480,16.63,10,50.00,true
0.54,Legacy5BNB,3,120.9997,10.2280,20.55,11,54.55,true
0.54,Legacy5BNB,4,61.3652,11.2141,11.99,8,62.50,true
0.54,Legacy5BNB,5,-21.0843,-1.8020,38.32,8,37.50,false
0.54,OldGuardNoBNB,0,-4.7249,0.9747,42.60,14,50.00,false
0.54,OldGuardNoBNB,1,-61.1946,-9.9355,67.09,12,25.00,false
0.54,OldGuardNoBNB,2,187.2906,9.6480,16.63,10,50.00,true
0.54,OldGuardNoBNB,3,52.3015,5.0726,27.27,13,46.15,true
0.54,OldGuardNoBNB,4,33.4104,6.6482,11.76,9,55.56,true
0.54,OldGuardNoBNB,5,6.0887,2.0154,28.97,9,44.44,true
0.54,LargeCaps5,0,152.8087,7.1630,58.45,14,64.29,true
0.54,LargeCaps5,1,-6.6163,-0.7385,29.38,8,50.00,false
0.54,LargeCaps5,2,219.9677,8.2273,43.30,11,54.55,true
0.54,LargeCaps5,3,47.7936,4.8404,43.84,12,58.33,true
0.54,LargeCaps5,4,117.5394,15.0702,9.31,10,70.00,true
0.54,LargeCaps5,5,-13.5182,-0.5513,37.14,10,20.00,false
0.54,Legacy3,0,85.1914,8.8101,10.94,12,58.33,true
0.54,Legacy3,1,-9.8918,0.0132,31.45,11,36.36,false
0.54,Legacy3,2,7.6604,2.6583,34.99,11,27.27,true
0.54,Legacy3,3,-43.8787,-1.1135,67.23,14,42.86,false
0.54,Legacy3,4,-20.7054,-3.2454,20.71,8,37.50,false
0.54,Legacy3,5,-39.1218,-4.6453,43.52,10,30.00,false
0.54,LowVolume5,0,6.9242,1.4002,26.18,14,57.14,true
0.54,LowVolume5,1,-54.3750,-7.2649,54.37,12,25.00,false
0.54,LowVolume5,2,462.1502,12.6700,16.38,10,90.00,true
0.54,LowVolume5,3,75.6556,4.9003,65.29,13,46.15,true
0.54,LowVolume5,4,-51.6512,-6.8667,61.76,9,33.33,false
0.54,LowVolume5,5,-49.1996,-6.9119,56.86,13,38.46,false
0.54,OldGuard4,0,4.0922,1.3174,35.13,14,50.00,true
0.54,OldGuard4,1,-48.2620,-5.7715,56.67,11,27.27,false
0.54,OldGuard4,2,15.6436,3.2486,30.17,10,30.00,true
0.54,OldGuard4,3,-43.8787,-1.1135,67.23,14,42.86,false
0.54,OldGuard4,4,-20.7054,-3.2454,20.71,8,37.50,false
0.54,OldGuard4,5,-27.4973,-0.7500,61.24,14,35.71,false
0.55,Base5,0,129.2089,7.0478,58.45,13,53.85,true
0.55,Base5,1,296.6662,7.1745,21.47,10,60.00,true
0.55,Base5,2,202.2669,13.9261,9.67,11,63.64,true
0.55,Base5,3,-0.5273,2.0876,49.65,14,57.14,false
0.55,Base5,4,141.4681,14.3318,9.31,11,72.73,true
0.55,Base5,5,-0.2321,1.1132,29.08,10,30.00,false
0.55,NoDOGE,0,129.2089,7.0478,58.45,13,53.85,true
0.55,NoDOGE,1,-6.6163,-0.7385,29.38,8,50.00,false
0.55,NoDOGE,2,219.9677,8.2273,43.30,11,54.55,true
0.55,NoDOGE,3,-0.5921,2.1840,47.36,14,57.14,false
0.55,NoDOGE,4,141.4681,14.3318,9.31,11,72.73,true
0.55,NoDOGE,5,-13.5182,-0.5513,37.14,10,20.00,false
0.55,Legacy4,0,37.1047,4.8524,20.65,12,50.00,true
0.55,Legacy4,1,6.4357,2.1070,22.58,10,50.00,true
0.55,Legacy4,2,187.2906,9.6480,16.63,10,50.00,true
0.55,Legacy4,3,52.3015,5.0726,27.27,13,46.15,true
0.55,Legacy4,4,19.5486,4.2071,16.15,9,55.56,true
0.55,Legacy4,5,0.2463,1.3873,28.97,8,37.50,true
0.55,Legacy5BNB,0,92.2926,8.4332,20.65,13,61.54,true
0.55,Legacy5BNB,1,-10.5800,-0.4541,28.92,9,33.33,false
0.55,Legacy5BNB,2,187.2906,9.6480,16.63,10,50.00,true
0.55,Legacy5BNB,3,120.9997,10.2280,20.55,11,54.55,true
0.55,Legacy5BNB,4,61.3652,11.2141,11.99,8,62.50,true
0.55,Legacy5BNB,5,-21.0843,-1.8020,38.32,8,37.50,false
0.55,OldGuardNoBNB,0,-4.7249,0.9747,42.60,14,50.00,false
0.55,OldGuardNoBNB,1,-56.8407,-5.1741,61.80,12,25.00,false
0.55,OldGuardNoBNB,2,187.2906,9.6480,16.63,10,50.00,true
0.55,OldGuardNoBNB,3,52.3015,5.0726,27.27,13,46.15,true
0.55,OldGuardNoBNB,4,19.5486,4.2071,16.15,9,55.56,true
0.55,OldGuardNoBNB,5,6.0887,2.0154,28.97,9,44.44,true
0.55,LargeCaps5,0,152.8087,7.1630,58.45,14,64.29,true
0.55,LargeCaps5,1,-6.6163,-0.7385,29.38,8,50.00,false
0.55,LargeCaps5,2,219.9677,8.2273,43.30,11,54.55,true
0.55,LargeCaps5,3,47.7936,4.8404,43.84,12,58.33,true
0.55,LargeCaps5,4,117.5394,15.0702,9.31,10,70.00,true
0.55,LargeCaps5,5,-13.5182,-0.5513,37.14,10,20.00,false
0.55,Legacy3,0,85.1914,8.8101,10.94,12,58.33,true
0.55,Legacy3,1,-9.8918,0.0132,31.45,11,36.36,false
0.55,Legacy3,2,7.6604,2.6583,34.99,11,27.27,true
0.55,Legacy3,3,-43.8787,-1.1135,67.23,14,42.86,false
0.55,Legacy3,4,-20.7054,-3.2454,20.71,8,37.50,false
0.55,Legacy3,5,-39.1218,-4.6453,43.52,10,30.00,false
0.55,LowVolume5,0,6.9242,1.4002,26.18,14,57.14,true
0.55,LowVolume5,1,-46.3631,-6.0375,46.36,11,27.27,false
0.55,LowVolume5,2,462.1502,12.6700,16.38,10,90.00,true
0.55,LowVolume5,3,75.6556,4.9003,65.29,13,46.15,true
0.55,LowVolume5,4,-51.6512,-6.8667,61.76,9,33.33,false
0.55,LowVolume5,5,-49.1996,-6.9119,56.86,13,38.46,false
0.55,OldGuard4,0,4.0922,1.3174,35.13,14,50.00,true
0.55,OldGuard4,1,-29.3608,-2.3151,40.84,10,40.00,false
0.55,OldGuard4,2,15.6436,3.2486,30.17,10,30.00,true
0.55,OldGuard4,3,-43.8787,-1.1135,67.23,14,42.86,false
0.55,OldGuard4,4,-20.7054,-3.2454,20.71,8,37.50,false
0.55,OldGuard4,5,-27.4973,-0.7500,61.24,14,35.71,false
0.56,Base5,0,129.2089,7.0478,58.45,13,53.85,true
0.56,Base5,1,296.6662,7.1745,21.47,10,60.00,true
0.56,Base5,2,202.2669,13.9261,9.67,11,63.64,true
0.56,Base5,3,-0.5273,2.0876,49.65,14,57.14,false
0.56,Base5,4,79.0966,9.2754,19.42,11,54.55,true
0.56,Base5,5,-0.2321,1.1132,29.08,10,30.00,false
0.56,NoDOGE,0,129.2089,7.0478,58.45,13,53.85,true
0.56,NoDOGE,1,-6.6163,-0.7385,29.38,8,50.00,false
0.56,NoDOGE,2,219.9677,8.2273,43.30,11,54.55,true
0.56,NoDOGE,3,-0.5921,2.1840,47.36,14,57.14,false
0.56,NoDOGE,4,79.0966,9.2754,19.42,11,54.55,true
0.56,NoDOGE,5,-13.5182,-0.5513,37.14,10,20.00,false
0.56,Legacy4,0,37.1047,4.8524,20.65,12,50.00,true
0.56,Legacy4,1,6.4357,2.1070,22.58,10,50.00,true
0.56,Legacy4,2,187.2906,9.6480,16.63,10,50.00,true
0.56,Legacy4,3,52.3015,5.0726,27.27,13,46.15,true
0.56,Legacy4,4,12.3076,3.1692,17.10,9,55.56,true
0.56,Legacy4,5,0.2463,1.3873,28.97,8,37.50,true
0.56,Legacy5BNB,0,92.2926,8.4332,20.65,13,61.54,true
0.56,Legacy5BNB,1,-10.5800,-0.4541,28.92,9,33.33,false
0.56,Legacy5BNB,2,187.2906,9.6480,16.63,10,50.00,true
0.56,Legacy5BNB,3,120.9997,10.2280,20.55,11,54.55,true
0.56,Legacy5BNB,4,51.5915,9.5771,17.32,8,62.50,true
0.56,Legacy5BNB,5,-21.0843,-1.8020,38.32,8,37.50,false
0.56,OldGuardNoBNB,0,-4.7249,0.9747,42.60,14,50.00,false
0.56,OldGuardNoBNB,1,-56.8407,-5.1741,61.80,12,25.00,false
0.56,OldGuardNoBNB,2,187.2906,9.6480,16.63,10,50.00,true
0.56,OldGuardNoBNB,3,52.3015,5.0726,27.27,13,46.15,true
0.56,OldGuardNoBNB,4,12.3076,3.1692,17.10,9,55.56,true
0.56,OldGuardNoBNB,5,6.0887,2.0154,28.97,9,44.44,true
0.56,LargeCaps5,0,152.8087,7.1630,58.45,14,64.29,true
0.56,LargeCaps5,1,-6.6163,-0.7385,29.38,8,50.00,false
0.56,LargeCaps5,2,219.9677,8.2273,43.30,11,54.55,true
0.56,LargeCaps5,3,47.7936,4.8404,43.84,12,58.33,true
0.56,LargeCaps5,4,74.3238,10.5177,18.18,10,60.00,true
0.56,LargeCaps5,5,-13.5182,-0.5513,37.14,10,20.00,false
0.56,Legacy3,0,85.1914,8.8101,10.94,12,58.33,true
0.56,Legacy3,1,-9.8918,0.0132,31.45,11,36.36,false
0.56,Legacy3,2,7.6604,2.6583,34.99,11,27.27,true
0.56,Legacy3,3,-43.8787,-1.1135,67.23,14,42.86,false
0.56,Legacy3,4,-25.5082,-4.4078,25.51,8,37.50,false
0.56,Legacy3,5,-39.1218,-4.6453,43.52,10,30.00,false
0.56,LowVolume5,0,6.9242,1.4002,26.18,14,57.14,true
0.56,LowVolume5,1,-46.3631,-6.0375,46.36,11,27.27,false
0.56,LowVolume5,2,462.1502,12.6700,16.38,10,90.00,true
0.56,LowVolume5,3,75.6556,4.9003,65.29,13,46.15,true
0.56,LowVolume5,4,-51.6512,-6.8667,61.76,9,33.33,false
0.56,LowVolume5,5,-42.9420,-5.9920,51.55,12,41.67,false
0.56,OldGuard4,0,4.0922,1.3174,35.13,14,50.00,true
0.56,OldGuard4,1,-29.3608,-2.3151,40.84,10,40.00,false
0.56,OldGuard4,2,15.6436,3.2486,30.17,10,30.00,true
0.56,OldGuard4,3,-43.8787,-1.1135,67.23,14,42.86,false
0.56,OldGuard4,4,-25.5082,-4.4078,25.51,8,37.50,false
0.56,OldGuard4,5,-27.4973,-0.7500,61.24,14,35.71,false
0.57,Base5,0,129.2089,7.0478,58.45,13,53.85,true
0.57,Base5,1,296.6662,7.1745,21.47,10,60.00,true
0.57,Base5,2,202.2669,13.9261,9.67,11,63.64,true
0.57,Base5,3,-0.5273,2.0876,49.65,14,57.14,false
0.57,Base5,4,79.0966,9.2754,19.42,11,54.55,true
0.57,Base5,5,-0.2321,1.1132,29.08,10,30.00,false
0.57,NoDOGE,0,129.2089,7.0478,58.45,13,53.85,true
0.57,NoDOGE,1,-6.6163,-0.7385,29.38,8,50.00,false
0.57,NoDOGE,2,219.9677,8.2273,43.30,11,54.55,true
0.57,NoDOGE,3,-0.5921,2.1840,47.36,14,57.14,false
0.57,NoDOGE,4,79.0966,9.2754,19.42,11,54.55,true
0.57,NoDOGE,5,9.3081,2.3423,24.70,9,33.33,true
0.57,Legacy4,0,50.4625,6.3441,17.80,11,54.55,true
0.57,Legacy4,1,6.4357,2.1070,22.58,10,50.00,true
0.57,Legacy4,2,187.2906,9.6480,16.63,10,50.00,true
0.57,Legacy4,3,52.3015,5.0726,27.27,13,46.15,true
0.57,Legacy4,4,12.3076,3.1692,17.10,9,55.56,true
0.57,Legacy4,5,14.3060,3.5868,23.64,7,42.86,true
0.57,Legacy5BNB,0,111.0272,10.2920,17.80,12,66.67,true
0.57,Legacy5BNB,1,-10.5800,-0.4541,28.92,9,33.33,false
0.57,Legacy5BNB,2,187.2906,9.6480,16.63,10,50.00,true
0.57,Legacy5BNB,3,120.9997,10.2280,20.55,11,54.55,true
0.57,Legacy5BNB,4,51.5915,9.5771,17.32,8,62.50,true
0.57,Legacy5BNB,5,-2.0318,0.7838,23.42,7,42.86,false
0.57,OldGuardNoBNB,0,4.5575,1.6269,42.60,13,53.85,true
0.57,OldGuardNoBNB,1,-56.8407,-5.1741,61.80,12,25.00,false
0.57,OldGuardNoBNB,2,187.2906,9.6480,16.63,10,50.00,true
0.57,OldGuardNoBNB,3,52.3015,5.0726,27.27,13,46.15,true
0.57,OldGuardNoBNB,4,12.3076,3.1692,17.10,9,55.56,true
0.57,OldGuardNoBNB,5,20.9678,4.1900,23.64,8,50.00,true
0.57,LargeCaps5,0,152.8087,7.1630,58.45,14,64.29,true
0.57,LargeCaps5,1,-6.6163,-0.7385,29.38,8,50.00,false
0.57,LargeCaps5,2,219.9677,8.2273,43.30,11,54.55,true
0.57,LargeCaps5,3,47.7936,4.8404,43.84,12,58.33,true
0.57,LargeCaps5,4,74.3238,10.5177,18.18,10,60.00,true
0.57,LargeCaps5,5,9.3081,2.3423,24.70,9,33.33,true
0.57,Legacy3,0,121.5844,10.2415,17.93,12,58.33,true
0.57,Legacy3,1,-9.8918,0.0132,31.45,11,36.36,false
0.57,Legacy3,2,7.6604,2.6583,34.99,11,27.27,true
0.57,Legacy3,3,-43.8787,-1.1135,67.23,14,42.86,false
0.57,Legacy3,4,-25.5082,-4.4078,25.51,8,37.50,false
0.57,Legacy3,5,-23.0326,-2.9538,28.60,9,33.33,false
0.57,LowVolume5,0,27.9364,2.9594,29.31,14,57.14,true
0.57,LowVolume5,1,-46.3631,-6.0375,46.36,11,27.27,false
0.57,LowVolume5,2,462.1502,12.6700,16.38,10,90.00,true
0.57,LowVolume5,3,75.6556,4.9003,65.29,13,46.15,true
0.57,LowVolume5,4,-51.6512,-6.8667,61.76,9,33.33,false
0.57,LowVolume5,5,-42.9420,-5.9920,51.55,12,41.67,false
0.57,OldGuard4,0,24.5480,2.7931,38.87,14,50.00,true
0.57,OldGuard4,1,-29.3608,-2.3151,40.84,10,40.00,false
0.57,OldGuard4,2,15.6436,3.2486,30.17,10,30.00,true
0.57,OldGuard4,3,-43.8787,-1.1135,67.23,14,42.86,false
0.57,OldGuard4,4,-25.5082,-4.4078,25.51,8,37.50,false
0.57,OldGuard4,5,-8.3359,0.7973,51.00,13,38.46,false
0.58,Base5,0,129.2089,7.0478,58.45,13,53.85,true
0.58,Base5,1,296.6662,7.1745,21.47,10,60.00,true
0.58,Base5,2,202.2669,13.9261,9.67,11,63.64,true
0.58,Base5,3,-0.5273,2.0876,49.65,14,57.14,false
0.58,Base5,4,51.3369,6.6597,31.91,11,45.45,true
0.58,Base5,5,-0.2321,1.1132,29.08,10,30.00,false
0.58,NoDOGE,0,129.2089,7.0478,58.45,13,53.85,true
0.58,NoDOGE,1,-6.6163,-0.7385,29.38,8,50.00,false
0.58,NoDOGE,2,219.9677,8.2273,43.30,11,54.55,true
0.58,NoDOGE,3,-0.5921,2.1840,47.36,14,57.14,false
0.58,NoDOGE,4,51.3369,6.6597,31.91,11,45.45,true
0.58,NoDOGE,5,9.3081,2.3423,24.70,9,33.33,true
0.58,Legacy4,0,50.4625,6.3441,17.80,11,54.55,true
0.58,Legacy4,1,6.4357,2.1070,22.58,10,50.00,true
0.58,Legacy4,2,187.2906,9.6480,16.63,10,50.00,true
0.58,Legacy4,3,52.3015,5.0726,27.27,13,46.15,true
0.58,Legacy4,4,-23.7494,-1.6052,43.72,9,33.33,false
0.58,Legacy4,5,14.3060,3.5868,23.64,7,42.86,true
0.58,Legacy5BNB,0,111.0272,10.2920,17.80,12,66.67,true
0.58,Legacy5BNB,1,-10.5800,-0.4541,28.92,9,33.33,false
0.58,Legacy5BNB,2,187.2906,9.6480,16.63,10,50.00,true
0.58,Legacy5BNB,3,120.9997,10.2280,20.55,11,54.55,true
0.58,Legacy5BNB,4,41.1434,7.9865,23.02,8,50.00,true
0.58,Legacy5BNB,5,-2.0318,0.7838,23.42,7,42.86,false
0.58,OldGuardNoBNB,0,4.5575,1.6269,42.60,13,53.85,true
0.58,OldGuardNoBNB,1,-56.8407,-5.1741,61.80,12,25.00,false
0.58,OldGuardNoBNB,2,187.2906,9.6480,16.63,10,50.00,true
0.58,OldGuardNoBNB,3,52.3015,5.0726,27.27,13,46.15,true
0.58,OldGuardNoBNB,4,-23.7494,-1.6052,43.72,9,33.33,false
0.58,OldGuardNoBNB,5,20.9678,4.1900,23.64,8,50.00,true
0.58,LargeCaps5,0,152.8087,7.1630,58.45,14,64.29,true
0.58,LargeCaps5,1,-6.6163,-0.7385,29.38,8,50.00,false
0.58,LargeCaps5,2,219.9677,8.2273,43.30,11,54.55,true
0.58,LargeCaps5,3,47.7936,4.8404,43.84,12,58.33,true
0.58,LargeCaps5,4,62.3089,9.1464,23.82,10,50.00,true
0.58,LargeCaps5,5,9.3081,2.3423,24.70,9,33.33,true
0.58,Legacy3,0,121.5844,10.2415,17.93,12,58.33,true
0.58,Legacy3,1,-9.8918,0.0132,31.45,11,36.36,false
0.58,Legacy3,2,7.6604,2.6583,34.99,11,27.27,true
0.58,Legacy3,3,-43.8787,-1.1135,67.23,14,42.86,false
0.58,Legacy3,4,-25.5082,-4.4078,25.51,8,37.50,false
0.58,Legacy3,5,-23.0326,-2.9538,28.60,9,33.33,false
0.58,LowVolume5,0,27.9364,2.9594,29.31,14,57.14,true
0.58,LowVolume5,1,-46.3631,-6.0375,46.36,11,27.27,false
0.58,LowVolume5,2,462.1502,12.6700,16.38,10,90.00,true
0.58,LowVolume5,3,75.6556,4.9003,65.29,13,46.15,true
0.58,LowVolume5,4,-51.6512,-6.8667,61.76,9,33.33,false
0.58,LowVolume5,5,-42.9420,-5.9920,51.55,12,41.67,false
0.58,OldGuard4,0,24.5480,2.7931,38.87,14,50.00,true
0.58,OldGuard4,1,-29.3608,-2.3151,40.84,10,40.00,false
0.58,OldGuard4,2,15.6436,3.2486,30.17,10,30.00,true
0.58,OldGuard4,3,-43.8787,-1.1135,67.23,14,42.86,false
0.58,OldGuard4,4,-25.5082,-4.4078,25.51,8,37.50,false
0.58,OldGuard4,5,-8.3359,0.7973,51.00,13,38.46,false
0.59,Base5,0,129.2089,7.0478,58.45,13,53.85,true
0.59,Base5,1,296.6662,7.1745,21.47,10,60.00,true
0.59,Base5,2,202.2669,13.9261,9.67,11,63.64,true
0.59,Base5,3,-0.5273,2.0876,49.65,14,57.14,false
0.59,Base5,4,51.3369,6.6597,31.91,11,45.45,true
0.59,Base5,5,-5.5667,0.5261,32.87,10,30.00,false
0.59,NoDOGE,0,129.2089,7.0478,58.45,13,53.85,true
0.59,NoDOGE,1,-6.6163,-0.7385,29.38,8,50.00,false
0.59,NoDOGE,2,219.9677,8.2273,43.30,11,54.55,true
0.59,NoDOGE,3,-0.5921,2.1840,47.36,14,57.14,false
0.59,NoDOGE,4,51.3369,6.6597,31.91,11,45.45,true
0.59,NoDOGE,5,3.4634,1.6411,28.72,9,33.33,true
0.59,Legacy4,0,50.4625,6.3441,17.80,11,54.55,true
0.59,Legacy4,1,6.4357,2.1070,22.58,10,50.00,true
0.59,Legacy4,2,187.2906,9.6480,16.63,10,50.00,true
0.59,Legacy4,3,52.3015,5.0726,27.27,13,46.15,true
0.59,Legacy4,4,-23.7494,-1.6052,43.72,9,33.33,false
0.59,Legacy4,5,5.5467,2.1366,29.49,7,42.86,true
0.59,Legacy5BNB,0,111.0272,10.2920,17.80,12,66.67,true
0.59,Legacy5BNB,1,-10.5800,-0.4541,28.92,9,33.33,false
0.59,Legacy5BNB,2,187.2906,9.6480,16.63,10,50.00,true
0.59,Legacy5BNB,3,120.9997,10.2280,20.55,11,54.55,true
0.59,Legacy5BNB,4,41.1434,7.9865,23.02,8,50.00,true
0.59,Legacy5BNB,5,-2.0318,0.7838,23.42,7,42.86,false
0.59,OldGuardNoBNB,0,4.5575,1.6269,42.60,13,53.85,true
0.59,OldGuardNoBNB,1,-56.8407,-5.1741,61.80,12,25.00,false
0.59,OldGuardNoBNB,2,187.2906,9.6480,16.63,10,50.00,true
0.59,OldGuardNoBNB,3,52.3015,5.0726,27.27,13,46.15,true
0.59,OldGuardNoBNB,4,-23.7494,-1.6052,43.72,9,33.33,false
0.59,OldGuardNoBNB,5,11.6980,2.6690,29.49,8,50.00,true
0.59,LargeCaps5,0,152.8087,7.1630,58.45,14,64.29,true
0.59,LargeCaps5,1,-6.6163,-0.7385,29.38,8,50.00,false
0.59,LargeCaps5,2,219.9677,8.2273,43.30,11,54.55,true
0.59,LargeCaps5,3,47.7936,4.8404,43.84,12,58.33,true
0.59,LargeCaps5,4,62.3089,9.1464,23.82,10,50.00,true
0.59,LargeCaps5,5,3.4634,1.6411,28.72,9,33.33,true
0.59,Legacy3,0,121.5844,10.2415,17.93,12,58.33,true
0.59,Legacy3,1,-9.8918,0.0132,31.45,11,36.36,false
0.59,Legacy3,2,7.6604,2.6583,34.99,11,27.27,true
0.59,Legacy3,3,-43.8787,-1.1135,67.23,14,42.86,false
0.59,Legacy3,4,-25.5082,-4.4078,25.51,8,37.50,false
0.59,Legacy3,5,-23.0326,-2.9538,28.60,9,33.33,false
0.59,LowVolume5,0,27.9364,2.9594,29.31,14,57.14,true
0.59,LowVolume5,1,-46.3631,-6.0375,46.36,11,27.27,false
0.59,LowVolume5,2,462.1502,12.6700,16.38,10,90.00,true
0.59,LowVolume5,3,75.6556,4.9003,65.29,13,46.15,true
0.59,LowVolume5,4,-51.6512,-6.8667,61.76,9,33.33,false
0.59,LowVolume5,5,-42.9420,-5.9920,51.55,12,41.67,false
0.59,OldGuard4,0,24.5480,2.7931,38.87,14,50.00,true
0.59,OldGuard4,1,-29.3608,-2.3151,40.84,10,40.00,false
0.59,OldGuard4,2,15.6436,3.2486,30.17,10,30.00,true
0.59,OldGuard4,3,-43.8787,-1.1135,67.23,14,42.86,false
0.59,OldGuard4,4,-25.5082,-4.4078,25.51,8,37.50,false
0.59,OldGuard4,5,-8.3359,0.7973,51.00,13,38.46,false
0.60,Base5,0,129.2089,7.0478,58.45,13,53.85,true
0.60,Base5,1,296.6662,7.1745,21.47,10,60.00,true
0.60,Base5,2,202.2669,13.9261,9.67,11,63.64,true
0.60,Base5,3,-0.5273,2.0876,49.65,14,57.14,false
0.60,Base5,4,51.3369,6.6597,31.91,11,45.45,true
0.60,Base5,5,-5.5667,0.5261,32.87,10,30.00,false
0.60,NoDOGE,0,129.2089,7.0478,58.45,13,53.85,true
0.60,NoDOGE,1,-6.6163,-0.7385,29.38,8,50.00,false
0.60,NoDOGE,2,219.9677,8.2273,43.30,11,54.55,true
0.60,NoDOGE,3,-0.5921,2.1840,47.36,14,57.14,false
0.60,NoDOGE,4,51.3369,6.6597,31.91,11,45.45,true
0.60,NoDOGE,5,3.4634,1.6411,28.72,9,33.33,true
0.60,Legacy4,0,50.4625,6.3441,17.80,11,54.55,true
0.60,Legacy4,1,6.4357,2.1070,22.58,10,50.00,true
0.60,Legacy4,2,187.2906,9.6480,16.63,10,50.00,true
0.60,Legacy4,3,52.3015,5.0726,27.27,13,46.15,true
0.60,Legacy4,4,-23.7494,-1.6052,43.72,9,33.33,false
0.60,Legacy4,5,5.5467,2.1366,29.49,7,42.86,true
0.60,Legacy5BNB,0,111.0272,10.2920,17.80,12,66.67,true
0.60,Legacy5BNB,1,-10.5800,-0.4541,28.92,9,33.33,false
0.60,Legacy5BNB,2,187.2906,9.6480,16.63,10,50.00,true
0.60,Legacy5BNB,3,120.9997,10.2280,20.55,11,54.55,true
0.60,Legacy5BNB,4,41.1434,7.9865,23.02,8,50.00,true
0.60,Legacy5BNB,5,-2.0318,0.7838,23.42,7,42.86,false
0.60,OldGuardNoBNB,0,4.5575,1.6269,42.60,13,53.85,true
0.60,OldGuardNoBNB,1,-56.8407,-5.1741,61.80,12,25.00,false
0.60,OldGuardNoBNB,2,187.2906,9.6480,16.63,10,50.00,true
0.60,OldGuardNoBNB,3,52.3015,5.0726,27.27,13,46.15,true
0.60,OldGuardNoBNB,4,-23.7494,-1.6052,43.72,9,33.33,false
0.60,OldGuardNoBNB,5,11.6980,2.6690,29.49,8,50.00,true
0.60,LargeCaps5,0,152.8087,7.1630,58.45,14,64.29,true
0.60,LargeCaps5,1,-6.6163,-0.7385,29.38,8,50.00,false
0.60,LargeCaps5,2,219.9677,8.2273,43.30,11,54.55,true
0.60,LargeCaps5,3,47.7936,4.8404,43.84,12,58.33,true
0.60,LargeCaps5,4,62.3089,9.1464,23.82,10,50.00,true
0.60,LargeCaps5,5,3.4634,1.6411,28.72,9,33.33,true
0.60,Legacy3,0,121.5844,10.2415,17.93,12,58.33,true
0.60,Legacy3,1,-9.8918,0.0132,31.45,11,36.36,false
0.60,Legacy3,2,7.6604,2.6583,34.99,11,27.27,true
0.60,Legacy3,3,-43.8787,-1.1135,67.23,14,42.86,false
0.60,Legacy3,4,-25.5082,-4.4078,25.51,8,37.50,false
0.60,Legacy3,5,-23.0326,-2.9538,28.60,9,33.33,false
0.60,LowVolume5,0,27.9364,2.9594,29.31,14,57.14,true
0.60,LowVolume5,1,-46.3631,-6.0375,46.36,11,27.27,false
0.60,LowVolume5,2,462.1502,12.6700,16.38,10,90.00,true
0.60,LowVolume5,3,63.4495,4.7309,67.70,13,46.15,true
0.60,LowVolume5,4,-51.6512,-6.8667,61.76,9,33.33,false
0.60,LowVolume5,5,-42.9420,-5.9920,51.55,12,41.67,false
0.60,OldGuard4,0,24.5480,2.7931,38.87,14,50.00,true
0.60,OldGuard4,1,-29.3608,-2.3151,40.84,10,40.00,false
0.60,OldGuard4,2,15.6436,3.2486,30.17,10,30.00,true
0.60,OldGuard4,3,-43.8787,-1.1135,67.23,14,42.86,false
0.60,OldGuard4,4,-25.5082,-4.4078,25.51,8,37.50,false
0.60,OldGuard4,5,-8.3359,0.7973,51.00,13,38.46,false
0.61,Base5,0,129.2089,7.0478,58.45,13,53.85,true
0.61,Base5,1,296.6662,7.1745,21.47,10,60.00,true
0.61,Base5,2,202.2669,13.9261,9.67,11,63.64,true
0.61,Base5,3,-29.5315,0.5316,64.33,14,57.14,false
0.61,Base5,4,51.3369,6.6597,31.91,11,45.45,true
0.61,Base5,5,-5.5667,0.5261,32.87,10,30.00,false
0.61,NoDOGE,0,129.2089,7.0478,58.45,13,53.85,true
0.61,NoDOGE,1,-6.6163,-0.7385,29.38,8,50.00,false
0.61,NoDOGE,2,219.9677,8.2273,43.30,11,54.55,true
0.61,NoDOGE,3,-0.5921,2.1840,47.36,14,57.14,false
0.61,NoDOGE,4,51.3369,6.6597,31.91,11,45.45,true
0.61,NoDOGE,5,3.4634,1.6411,28.72,9,33.33,true
0.61,Legacy4,0,50.4625,6.3441,17.80,11,54.55,true
0.61,Legacy4,1,6.4357,2.1070,22.58,10,50.00,true
0.61,Legacy4,2,187.2906,9.6480,16.63,10,50.00,true
0.61,Legacy4,3,52.3015,5.0726,27.27,13,46.15,true
0.61,Legacy4,4,-23.7494,-1.6052,43.72,9,33.33,false
0.61,Legacy4,5,5.5467,2.1366,29.49,7,42.86,true
0.61,Legacy5BNB,0,111.0272,10.2920,17.80,12,66.67,true
0.61,Legacy5BNB,1,-10.5800,-0.4541,28.92,9,33.33,false
0.61,Legacy5BNB,2,187.2906,9.6480,16.63,10,50.00,true
0.61,Legacy5BNB,3,120.9997,10.2280,20.55,11,54.55,true
0.61,Legacy5BNB,4,41.1434,7.9865,23.02,8,50.00,true
0.61,Legacy5BNB,5,-2.0318,0.7838,23.42,7,42.86,false
0.61,OldGuardNoBNB,0,4.5575,1.6269,42.60,13,53.85,true
0.61,OldGuardNoBNB,1,-56.8407,-5.1741,61.80,12,25.00,false
0.61,OldGuardNoBNB,2,187.2906,9.6480,16.63,10,50.00,true
0.61,OldGuardNoBNB,3,52.3015,5.0726,27.27,13,46.15,true
0.61,OldGuardNoBNB,4,-23.7494,-1.6052,43.72,9,33.33,false
0.61,OldGuardNoBNB,5,11.6980,2.6690,29.49,8,50.00,true
0.61,LargeCaps5,0,152.8087,7.1630,58.45,14,64.29,true
0.61,LargeCaps5,1,-6.6163,-0.7385,29.38,8,50.00,false
0.61,LargeCaps5,2,219.9677,8.2273,43.30,11,54.55,true
0.61,LargeCaps5,3,47.7936,4.8404,43.84,12,58.33,true
0.61,LargeCaps5,4,62.3089,9.1464,23.82,10,50.00,true
0.61,LargeCaps5,5,3.4634,1.6411,28.72,9,33.33,true
0.61,Legacy3,0,121.5844,10.2415,17.93,12,58.33,true
0.61,Legacy3,1,-9.8918,0.0132,31.45,11,36.36,false
0.61,Legacy3,2,7.6604,2.6583,34.99,11,27.27,true
0.61,Legacy3,3,-43.8787,-1.1135,67.23,14,42.86,false
0.61,Legacy3,4,-25.5082,-4.4078,25.51,8,37.50,false
0.61,Legacy3,5,-23.0326,-2.9538,28.60,9,33.33,false
0.61,LowVolume5,0,27.9364,2.9594,29.31,14,57.14,true
0.61,LowVolume5,1,-46.3631,-6.0375,46.36,11,27.27,false
0.61,LowVolume5,2,462.1502,12.6700,16.38,10,90.00,true
0.61,LowVolume5,3,63.4495,4.7309,67.70,13,46.15,true
0.61,LowVolume5,4,-51.6512,-6.8667,61.76,9,33.33,false
0.61,LowVolume5,5,-42.9420,-5.9920,51.55,12,41.67,false
0.61,OldGuard4,0,24.5480,2.7931,38.87,14,50.00,true
0.61,OldGuard4,1,-29.3608,-2.3151,40.84,10,40.00,false
0.61,OldGuard4,2,15.6436,3.2486,30.17,10,30.00,true
0.61,OldGuard4,3,-43.8787,-1.1135,67.23,14,42.86,false
0.61,OldGuard4,4,-25.5082,-4.4078,25.51,8,37.50,false
0.61,OldGuard4,5,-8.3359,0.7973,51.00,13,38.46,false
0.62,Base5,0,129.2089,7.0478,58.45,13,53.85,true
0.62,Base5,1,296.6662,7.1745,21.47,10,60.00,true
0.62,Base5,2,202.2669,13.9261,9.67,11,63.64,true
0.62,Base5,3,-29.5315,0.5316,64.33,14,57.14,false
0.62,Base5,4,51.3369,6.6597,31.91,11,45.45,true
0.62,Base5,5,-5.5667,0.5261,32.87,10,30.00,false
0.62,NoDOGE,0,129.2089,7.0478,58.45,13,53.85,true
0.62,NoDOGE,1,-6.6163,-0.7385,29.38,8,50.00,false
0.62,NoDOGE,2,219.9677,8.2273,43.30,11,54.55,true
0.62,NoDOGE,3,-0.5921,2.1840,47.36,14,57.14,false
0.62,NoDOGE,4,51.3369,6.6597,31.91,11,45.45,true
0.62,NoDOGE,5,3.4634,1.6411,28.72,9,33.33,true
0.62,Legacy4,0,168.2699,13.8286,17.80,10,70.00,true
0.62,Legacy4,1,6.4357,2.1070,22.58,10,50.00,true
0.62,Legacy4,2,187.2906,9.6480,16.63,10,50.00,true
0.62,Legacy4,3,52.3015,5.0726,27.27,13,46.15,true
0.62,Legacy4,4,-23.7494,-1.6052,43.72,9,33.33,false
0.62,Legacy4,5,5.5467,2.1366,29.49,7,42.86,true
0.62,Legacy5BNB,0,214.6626,15.0850,17.80,11,72.73,true
0.62,Legacy5BNB,1,-10.5800,-0.4541,28.92,9,33.33,false
0.62,Legacy5BNB,2,187.2906,9.6480,16.63,10,50.00,true
0.62,Legacy5BNB,3,120.9997,10.2280,20.55,11,54.55,true
0.62,Legacy5BNB,4,41.1434,7.9865,23.02,8,50.00,true
0.62,Legacy5BNB,5,-2.0318,0.7838,23.42,7,42.86,false
0.62,OldGuardNoBNB,0,-10.5754,0.5968,42.60,13,46.15,false
0.62,OldGuardNoBNB,1,-56.8407,-5.1741,61.80,12,25.00,false
0.62,OldGuardNoBNB,2,187.2906,9.6480,16.63,10,50.00,true
0.62,OldGuardNoBNB,3,52.3015,5.0726,27.27,13,46.15,true
0.62,OldGuardNoBNB,4,-23.7494,-1.6052,43.72,9,33.33,false
0.62,OldGuardNoBNB,5,11.6980,2.6690,29.49,8,50.00,true
0.62,LargeCaps5,0,141.5054,6.9140,58.45,14,57.14,true
0.62,LargeCaps5,1,-6.6163,-0.7385,29.38,8,50.00,false
0.62,LargeCaps5,2,219.9677,8.2273,43.30,11,54.55,true
0.62,LargeCaps5,3,47.7936,4.8404,43.84,12,58.33,true
0.62,LargeCaps5,4,62.3089,9.1464,23.82,10,50.00,true
0.62,LargeCaps5,5,3.4634,1.6411,28.72,9,33.33,true
0.62,Legacy3,0,127.9531,8.6819,27.24,12,58.33,true
0.62,Legacy3,1,-9.8918,0.0132,31.45,11,36.36,false
0.62,Legacy3,2,7.6604,2.6583,34.99,11,27.27,true
0.62,Legacy3,3,-43.8787,-1.1135,67.23,14,42.86,false
0.62,Legacy3,4,-25.5082,-4.4078,25.51,8,37.50,false
0.62,Legacy3,5,-23.0326,-2.9538,28.60,9,33.33,false
0.62,LowVolume5,0,27.9364,2.9594,29.31,14,57.14,true
0.62,LowVolume5,1,-46.3631,-6.0375,46.36,11,27.27,false
0.62,LowVolume5,2,462.1502,12.6700,16.38,10,90.00,true
0.62,LowVolume5,3,63.4495,4.7309,67.70,13,46.15,true
0.62,LowVolume5,4,-51.6512,-6.8667,61.76,9,33.33,false
0.62,LowVolume5,5,-48.2692,-6.4319,56.07,12,41.67,false
0.62,OldGuard4,0,6.1221,1.8214,42.60,14,42.86,true
0.62,OldGuard4,1,-29.3608,-2.3151,40.84,10,40.00,false
0.62,OldGuard4,2,15.6436,3.2486,30.17,10,30.00,true
0.62,OldGuard4,3,-43.8787,-1.1135,67.23,14,42.86,false
0.62,OldGuard4,4,-25.5082,-4.4078,25.51,8,37.50,false
0.62,OldGuard4,5,-16.8940,0.1019,55.58,13,38.46,false
0.63,Base5,0,129.2089,7.0478,58.45,13,53.85,true
0.63,Base5,1,296.6662,7.1745,21.47,10,60.00,true
0.63,Base5,2,202.2669,13.9261,9.67,11,63.64,true
0.63,Base5,3,-29.5315,0.5316,64.33,14,57.14,false
0.63,Base5,4,51.3369,6.6597,31.91,11,45.45,true
0.63,Base5,5,-5.5667,0.5261,32.87,10,30.00,false
0.63,NoDOGE,0,129.2089,7.0478,58.45,13,53.85,true
0.63,NoDOGE,1,-6.6163,-0.7385,29.38,8,50.00,false
0.63,NoDOGE,2,219.9677,8.2273,43.30,11,54.55,true
0.63,NoDOGE,3,-0.5921,2.1840,47.36,14,57.14,false
0.63,NoDOGE,4,51.3369,6.6597,31.91,11,45.45,true
0.63,NoDOGE,5,3.4634,1.6411,28.72,9,33.33,true
0.63,Legacy4,0,168.2699,13.8286,17.80,10,70.00,true
0.63,Legacy4,1,6.4357,2.1070,22.58,10,50.00,true
0.63,Legacy4,2,187.2906,9.6480,16.63,10,50.00,true
0.63,Legacy4,3,52.3015,5.0726,27.27,13,46.15,true
0.63,Legacy4,4,-23.7494,-1.6052,43.72,9,33.33,false
0.63,Legacy4,5,5.5467,2.1366,29.49,7,42.86,true
0.63,Legacy5BNB,0,171.3840,13.3676,17.80,11,72.73,true
0.63,Legacy5BNB,1,-10.5800,-0.4541,28.92,9,33.33,false
0.63,Legacy5BNB,2,187.2906,9.6480,16.63,10,50.00,true
0.63,Legacy5BNB,3,120.9997,10.2280,20.55,11,54.55,true
0.63,Legacy5BNB,4,41.1434,7.9865,23.02,8,50.00,true
0.63,Legacy5BNB,5,-2.0318,0.7838,23.42,7,42.86,false
0.63,OldGuardNoBNB,0,-10.5754,0.5968,42.60,13,46.15,false
0.63,OldGuardNoBNB,1,-56.8407,-5.1741,61.80,12,25.00,false
0.63,OldGuardNoBNB,2,187.2906,9.6480,16.63,10,50.00,true
0.63,OldGuardNoBNB,3,52.3015,5.0726,27.27,13,46.15,true
0.63,OldGuardNoBNB,4,-23.7494,-1.6052,43.72,9,33.33,false
0.63,OldGuardNoBNB,5,11.6980,2.6690,29.49,8,50.00,true
0.63,LargeCaps5,0,141.5054,6.9140,58.45,14,57.14,true
0.63,LargeCaps5,1,-6.6163,-0.7385,29.38,8,50.00,false
0.63,LargeCaps5,2,219.9677,8.2273,43.30,11,54.55,true
0.63,LargeCaps5,3,47.7936,4.8404,43.84,12,58.33,true
0.63,LargeCaps5,4,62.3089,9.1464,23.82,10,50.00,true
0.63,LargeCaps5,5,3.4634,1.6411,28.72,9,33.33,true
0.63,Legacy3,0,127.9531,8.6819,27.24,12,58.33,true
0.63,Legacy3,1,-9.8918,0.0132,31.45,11,36.36,false
0.63,Legacy3,2,15.6436,3.2486,30.17,10,30.00,true
0.63,Legacy3,3,-43.8787,-1.1135,67.23,14,42.86,false
0.63,Legacy3,4,-25.5082,-4.4078,25.51,8,37.50,false
0.63,Legacy3,5,-23.0326,-2.9538,28.60,9,33.33,false
0.63,LowVolume5,0,27.9364,2.9594,29.31,14,57.14,true
0.63,LowVolume5,1,-46.3631,-6.0375,46.36,11,27.27,false
0.63,LowVolume5,2,462.1502,12.6700,16.38,10,90.00,true
0.63,LowVolume5,3,63.4495,4.7309,67.70,13,46.15,true
0.63,LowVolume5,4,-58.8940,-10.0726,61.76,9,33.33,false
0.63,LowVolume5,5,5.5693,1.6681,33.47,11,54.55,true
0.63,OldGuard4,0,6.1221,1.8214,42.60,14,42.86,true
0.63,OldGuard4,1,-29.3608,-2.3151,40.84,10,40.00,false
0.63,OldGuard4,2,15.6436,3.2486,30.17,10,30.00,true
0.63,OldGuard4,3,-43.8787,-1.1135,67.23,14,42.86,false
0.63,OldGuard4,4,-25.5082,-4.4078,25.51,8,37.50,false
0.63,OldGuard4,5,-16.8940,0.1019,55.58,13,38.46,false
0.64,Base5,0,129.2089,7.0478,58.45,13,53.85,true
0.64,Base5,1,296.6662,7.1745,21.47,10,60.00,true
0.64,Base5,2,202.2669,13.9261,9.67,11,63.64,true
0.64,Base5,3,-42.5766,-0.6241,64.33,14,50.00,false
0.64,Base5,4,51.3369,6.6597,31.91,11,45.45,true
0.64,Base5,5,14.9320,2.9783,18.30,9,33.33,true
0.64,NoDOGE,0,129.2089,7.0478,58.45,13,53.85,true
0.64,NoDOGE,1,-6.6163,-0.7385,29.38,8,50.00,false
0.64,NoDOGE,2,219.9677,8.2273,43.30,11,54.55,true
0.64,NoDOGE,3,-18.9946,0.9715,47.36,14,50.00,false
0.64,NoDOGE,4,51.3369,6.6597,31.91,11,45.45,true
0.64,NoDOGE,5,25.9223,4.5638,14.30,8,37.50,true
0.64,Legacy4,0,168.2699,13.8286,17.80,10,70.00,true
0.64,Legacy4,1,6.4357,2.1070,22.58,10,50.00,true
0.64,Legacy4,2,187.2906,9.6480,16.63,10,50.00,true
0.64,Legacy4,3,52.3015,5.0726,27.27,13,46.15,true
0.64,Legacy4,4,-23.7494,-1.6052,43.72,9,33.33,false
0.64,Legacy4,5,5.5467,2.1366,29.49,7,42.86,true
0.64,Legacy5BNB,0,171.3840,13.3676,17.80,11,72.73,true
0.64,Legacy5BNB,1,-10.5800,-0.4541,28.92,9,33.33,false
0.64,Legacy5BNB,2,187.2906,9.6480,16.63,10,50.00,true
0.64,Legacy5BNB,3,120.9997,10.2280,20.55,11,54.55,true
0.64,Legacy5BNB,4,41.1434,7.9865,23.02,8,50.00,true
0.64,Legacy5BNB,5,-2.0318,0.7838,23.42,7,42.86,false
0.64,OldGuardNoBNB,0,-10.5754,0.5968,42.60,13,46.15,false
0.64,OldGuardNoBNB,1,-56.8407,-5.1741,61.80,12,25.00,false
0.64,OldGuardNoBNB,2,187.2906,9.6480,16.63,10,50.00,true
0.64,OldGuardNoBNB,3,52.3015,5.0726,27.27,13,46.15,true
0.64,OldGuardNoBNB,4,-23.7494,-1.6052,43.72,9,33.33,false
0.64,OldGuardNoBNB,5,11.6980,2.6690,29.49,8,50.00,true
0.64,LargeCaps5,0,141.5054,6.9140,58.45,14,57.14,true
0.64,LargeCaps5,1,-6.6163,-0.7385,29.38,8,50.00,false
0.64,LargeCaps5,2,219.9677,8.2273,43.30,11,54.55,true
0.64,LargeCaps5,3,20.4340,3.2502,43.84,12,50.00,true
0.64,LargeCaps5,4,62.3089,9.1464,23.82,10,50.00,true
0.64,LargeCaps5,5,25.9223,4.5638,14.30,8,37.50,true
0.64,Legacy3,0,127.9531,8.6819,27.24,12,58.33,true
0.64,Legacy3,1,-9.8918,0.0132,31.45,11,36.36,false
0.64,Legacy3,2,15.6436,3.2486,30.17,10,30.00,true
0.64,Legacy3,3,-21.7137,0.4643,56.80,13,46.15,false
0.64,Legacy3,4,-25.5082,-4.4078,25.51,8,37.50,false
0.64,Legacy3,5,-23.0326,-2.9538,28.60,9,33.33,false
0.64,LowVolume5,0,27.9364,2.9594,29.31,14,57.14,true
0.64,LowVolume5,1,-46.3631,-6.0375,46.36,11,27.27,false
0.64,LowVolume5,2,462.1502,12.6700,16.38,10,90.00,true
0.64,LowVolume5,3,63.4495,4.7309,67.70,13,46.15,true
0.64,LowVolume5,4,-58.8940,-10.0726,61.76,9,33.33,false
0.64,LowVolume5,5,5.5693,1.6681,33.47,11,54.55,true
0.64,OldGuard4,0,6.1221,1.8214,42.60,14,42.86,true
0.64,OldGuard4,1,-29.3608,-2.3151,40.84,10,40.00,false
0.64,OldGuard4,2,15.6436,3.2486,30.17,10,30.00,true
0.64,OldGuard4,3,-21.7137,0.4643,56.80,13,46.15,false
0.64,OldGuard4,4,-25.5082,-4.4078,25.51,8,37.50,false
0.64,OldGuard4,5,-16.8940,0.1019,55.58,13,38.46,false
0.65,Base5,0,257.2158,9.5650,58.45,13,61.54,true
0.65,Base5,1,296.6662,7.1745,21.47,10,60.00,true
0.65,Base5,2,202.2669,13.9261,9.67,11,63.64,true
0.65,Base5,3,-42.5766,-0.6241,64.33,14,50.00,false
0.65,Base5,4,51.3369,6.6597,31.91,11,45.45,true
0.65,Base5,5,14.9320,2.9783,18.30,9,33.33,true
0.65,NoDOGE,0,257.2158,9.5650,58.45,13,61.54,true
0.65,NoDOGE,1,-6.6163,-0.7385,29.38,8,50.00,false
0.65,NoDOGE,2,219.9677,8.2273,43.30,11,54.55,true
0.65,NoDOGE,3,-18.9946,0.9715,47.36,14,50.00,false
0.65,NoDOGE,4,51.3369,6.6597,31.91,11,45.45,true
0.65,NoDOGE,5,25.9223,4.5638,14.30,8,37.50,true
0.65,Legacy4,0,168.2699,13.8286,17.80,10,70.00,true
0.65,Legacy4,1,6.4357,2.1070,22.58,10,50.00,true
0.65,Legacy4,2,187.2906,9.6480,16.63,10,50.00,true
0.65,Legacy4,3,52.3015,5.0726,27.27,13,46.15,true
0.65,Legacy4,4,-23.7494,-1.6052,43.72,9,33.33,false
0.65,Legacy4,5,11.4966,3.1765,29.49,6,50.00,true
0.65,Legacy5BNB,0,214.0636,16.3657,17.80,10,70.00,true
0.65,Legacy5BNB,1,-10.5800,-0.4541,28.92,9,33.33,false
0.65,Legacy5BNB,2,187.2906,9.6480,16.63,10,50.00,true
0.65,Legacy5BNB,3,120.9997,10.2280,20.55,11,54.55,true
0.65,Legacy5BNB,4,41.1434,7.9865,23.02,8,50.00,true
0.65,Legacy5BNB,5,-2.0318,0.7838,23.42,7,42.86,false
0.65,OldGuardNoBNB,0,-10.5754,0.5968,42.60,13,46.15,false
0.65,OldGuardNoBNB,1,-56.8407,-5.1741,61.80,12,25.00,false
0.65,OldGuardNoBNB,2,187.2906,9.6480,16.63,10,50.00,true
0.65,OldGuardNoBNB,3,52.3015,5.0726,27.27,13,46.15,true
0.65,OldGuardNoBNB,4,-23.7494,-1.6052,43.72,9,33.33,false
0.65,OldGuardNoBNB,5,-1.8791,1.1252,29.49,8,50.00,false
0.65,LargeCaps5,0,257.2158,9.5650,58.45,13,61.54,true
0.65,LargeCaps5,1,-6.6163,-0.7385,29.38,8,50.00,false
0.65,LargeCaps5,2,219.9677,8.2273,43.30,11,54.55,true
0.65,LargeCaps5,3,20.4340,3.2502,43.84,12,50.00,true
0.65,LargeCaps5,4,62.3089,9.1464,23.82,10,50.00,true
0.65,LargeCaps5,5,25.9223,4.5638,14.30,8,37.50,true
0.65,Legacy3,0,127.9531,8.6819,27.24,12,58.33,true
0.65,Legacy3,1,-9.8918,0.0132,31.45,11,36.36,false
0.65,Legacy3,2,15.6436,3.2486,30.17,10,30.00,true
0.65,Legacy3,3,-21.7137,0.4643,56.80,13,46.15,false
0.65,Legacy3,4,-25.5082,-4.4078,25.51,8,37.50,false
0.65,Legacy3,5,-23.0326,-2.9538,28.60,9,33.33,false
0.65,LowVolume5,0,27.9364,2.9594,29.31,14,57.14,true
0.65,LowVolume5,1,-46.3631,-6.0375,46.36,11,27.27,false
0.65,LowVolume5,2,462.1502,12.6700,16.38,10,90.00,true
0.65,LowVolume5,3,63.4495,4.7309,67.70,13,46.15,true
0.65,LowVolume5,4,-58.8940,-10.0726,61.76,9,33.33,false
0.65,LowVolume5,5,5.5693,1.6681,33.47,11,54.55,true
0.65,OldGuard4,0,6.1221,1.8214,42.60,14,42.86,true
0.65,OldGuard4,1,-29.3608,-2.3151,40.84,10,40.00,false
0.65,OldGuard4,2,15.6436,3.2486,30.17,10,30.00,true
0.65,OldGuard4,3,-21.7137,0.4643,56.80,13,46.15,false
0.65,OldGuard4,4,-25.5082,-4.4078,25.51,8,37.50,false
0.65,OldGuard4,5,-16.8940,0.1019,55.58,13,38.46,false
0.66,Base5,0,257.2158,9.5650,58.45,13,61.54,true
0.66,Base5,1,296.6662,7.1745,21.47,10,60.00,true
0.66,Base5,2,202.2669,13.9261,9.67,11,63.64,true
0.66,Base5,3,-42.5766,-0.6241,64.33,14,50.00,false
0.66,Base5,4,51.3369,6.6597,31.91,11,45.45,true
0.66,Base5,5,14.9320,2.9783,18.30,9,33.33,true
0.66,NoDOGE,0,257.2158,9.5650,58.45,13,61.54,true
0.66,NoDOGE,1,-6.6163,-0.7385,29.38,8,50.00,false
0.66,NoDOGE,2,219.9677,8.2273,43.30,11,54.55,true
0.66,NoDOGE,3,-18.9946,0.9715,47.36,14,50.00,false
0.66,NoDOGE,4,51.3369,6.6597,31.91,11,45.45,true
0.66,NoDOGE,5,25.9223,4.5638,14.30,8,37.50,true
0.66,Legacy4,0,168.2699,13.8286,17.80,10,70.00,true
0.66,Legacy4,1,6.4357,2.1070,22.58,10,50.00,true
0.66,Legacy4,2,187.2906,9.6480,16.63,10,50.00,true
0.66,Legacy4,3,32.1349,3.7994,31.79,13,46.15,true
0.66,Legacy4,4,-23.7494,-1.6052,43.72,9,33.33,false
0.66,Legacy4,5,11.4966,3.1765,29.49,6,50.00,true
0.66,Legacy5BNB,0,214.0636,16.3657,17.80,10,70.00,true
0.66,Legacy5BNB,1,-10.5800,-0.4541,28.92,9,33.33,false
0.66,Legacy5BNB,2,187.2906,9.6480,16.63,10,50.00,true
0.66,Legacy5BNB,3,120.9997,10.2280,20.55,11,54.55,true
0.66,Legacy5BNB,4,41.1434,7.9865,23.02,8,50.00,true
0.66,Legacy5BNB,5,-2.0318,0.7838,23.42,7,42.86,false
0.66,OldGuardNoBNB,0,-10.5754,0.5968,42.60,13,46.15,false
0.66,OldGuardNoBNB,1,-56.8407,-5.1741,61.80,12,25.00,false
0.66,OldGuardNoBNB,2,187.2906,9.6480,16.63,10,50.00,true
0.66,OldGuardNoBNB,3,32.1349,3.7994,31.79,13,46.15,true
0.66,OldGuardNoBNB,4,-23.7494,-1.6052,43.72,9,33.33,false
0.66,OldGuardNoBNB,5,-1.8791,1.1252,29.49,8,50.00,false
0.66,LargeCaps5,0,257.2158,9.5650,58.45,13,61.54,true
0.66,LargeCaps5,1,-6.6163,-0.7385,29.38,8,50.00,false
0.66,LargeCaps5,2,219.9677,8.2273,43.30,11,54.55,true
0.66,LargeCaps5,3,20.4340,3.2502,43.84,12,50.00,true
0.66,LargeCaps5,4,62.3089,9.1464,23.82,10,50.00,true
0.66,LargeCaps5,5,25.9223,4.5638,14.30,8,37.50,true
0.66,Legacy3,0,127.9531,8.6819,27.24,12,58.33,true
0.66,Legacy3,1,-9.8918,0.0132,31.45,11,36.36,false
0.66,Legacy3,2,15.6436,3.2486,30.17,10,30.00,true
0.66,Legacy3,3,-21.7137,0.4643,56.80,13,46.15,false
0.66,Legacy3,4,-25.5082,-4.4078,25.51,8,37.50,false
0.66,Legacy3,5,-23.0326,-2.9538,28.60,9,33.33,false
0.66,LowVolume5,0,27.9364,2.9594,29.31,14,57.14,true
0.66,LowVolume5,1,-46.3631,-6.0375,46.36,11,27.27,false
0.66,LowVolume5,2,462.1502,12.6700,16.38,10,90.00,true
0.66,LowVolume5,3,63.4495,4.7309,67.70,13,46.15,true
0.66,LowVolume5,4,-58.8940,-10.0726,61.76,9,33.33,false
0.66,LowVolume5,5,5.5693,1.6681,33.47,11,54.55,true
0.66,OldGuard4,0,6.1221,1.8214,42.60,14,42.86,true
0.66,OldGuard4,1,-29.3608,-2.3151,40.84,10,40.00,false
0.66,OldGuard4,2,15.6436,3.2486,30.17,10,30.00,true
0.66,OldGuard4,3,-21.7137,0.4643,56.80,13,46.15,false
0.66,OldGuard4,4,-25.5082,-4.4078,25.51,8,37.50,false
0.66,OldGuard4,5,-16.8940,0.1019,55.58,13,38.46,false
0.67,Base5,0,257.2158,9.5650,58.45,13,61.54,true
0.67,Base5,1,296.6662,7.1745,21.47,10,60.00,true
0.67,Base5,2,202.2669,13.9261,9.67,11,63.64,true
0.67,Base5,3,-42.5766,-0.6241,64.33,14,50.00,false
0.67,Base5,4,51.3369,6.6597,31.91,11,45.45,true
0.67,Base5,5,14.9320,2.9783,18.30,9,33.33,true
0.67,NoDOGE,0,257.2158,9.5650,58.45,13,61.54,true
0.67,NoDOGE,1,-6.6163,-0.7385,29.38,8,50.00,false
0.67,NoDOGE,2,219.9677,8.2273,43.30,11,54.55,true
0.67,NoDOGE,3,-18.9946,0.9715,47.36,14,50.00,false
0.67,NoDOGE,4,51.3369,6.6597,31.91,11,45.45,true
0.67,NoDOGE,5,25.9223,4.5638,14.30,8,37.50,true
0.67,Legacy4,0,168.2699,13.8286,17.80,10,70.00,true
0.67,Legacy4,1,6.4357,2.1070,22.58,10,50.00,true
0.67,Legacy4,2,13.1126,2.0968,37.27,10,40.00,true
0.67,Legacy4,3,32.1349,3.7994,31.79,13,46.15,true
0.67,Legacy4,4,-23.7494,-1.6052,43.72,9,33.33,false
0.67,Legacy4,5,11.4966,3.1765,29.49,6,50.00,true
0.67,Legacy5BNB,0,214.0636,16.3657,17.80,10,70.00,true
0.67,Legacy5BNB,1,-10.5800,-0.4541,28.92,9,33.33,false
0.67,Legacy5BNB,2,13.1126,2.0968,37.27,10,40.00,true
0.67,Legacy5BNB,3,120.9997,10.2280,20.55,11,54.55,true
0.67,Legacy5BNB,4,41.1434,7.9865,23.02,8,50.00,true
0.67,Legacy5BNB,5,-2.0318,0.7838,23.42,7,42.86,false
0.67,OldGuardNoBNB,0,-10.5754,0.5968,42.60,13,46.15,false
0.67,OldGuardNoBNB,1,-56.8407,-5.1741,61.80,12,25.00,false
0.67,OldGuardNoBNB,2,13.1126,2.0968,37.27,10,40.00,true
0.67,OldGuardNoBNB,3,32.1349,3.7994,31.79,13,46.15,true
0.67,OldGuardNoBNB,4,-23.7494,-1.6052,43.72,9,33.33,false
0.67,OldGuardNoBNB,5,-1.8791,1.1252,29.49,8,50.00,false
0.67,LargeCaps5,0,257.2158,9.5650,58.45,13,61.54,true
0.67,LargeCaps5,1,-6.6163,-0.7385,29.38,8,50.00,false
0.67,LargeCaps5,2,219.9677,8.2273,43.30,11,54.55,true
0.67,LargeCaps5,3,20.4340,3.2502,43.84,12,50.00,true
0.67,LargeCaps5,4,62.3089,9.1464,23.82,10,50.00,true
0.67,LargeCaps5,5,25.9223,4.5638,14.30,8,37.50,true
0.67,Legacy3,0,127.9531,8.6819,27.24,12,58.33,true
0.67,Legacy3,1,-9.8918,0.0132,31.45,11,36.36,false
0.67,Legacy3,2,-43.2469,-8.2574,43.25,9,22.22,false
0.67,Legacy3,3,-21.7137,0.4643,56.80,13,46.15,false
0.67,Legacy3,4,-25.5082,-4.4078,25.51,8,37.50,false
0.67,Legacy3,5,-23.0326,-2.9538,28.60,9,33.33,false
0.67,LowVolume5,0,27.9364,2.9594,29.31,14,57.14,true
0.67,LowVolume5,1,-46.3631,-6.0375,46.36,11,27.27,false
0.67,LowVolume5,2,140.7943,8.6076,16.38,10,80.00,true
0.67,LowVolume5,3,63.4495,4.7309,67.70,13,46.15,true
0.67,LowVolume5,4,-58.8940,-10.0726,61.76,9,33.33,false
0.67,LowVolume5,5,5.5693,1.6681,33.47,11,54.55,true
0.67,OldGuard4,0,6.1221,1.8214,42.60,14,42.86,true
0.67,OldGuard4,1,-29.3608,-2.3151,40.84,10,40.00,false
0.67,OldGuard4,2,-43.2469,-8.2574,43.25,9,22.22,false
0.67,OldGuard4,3,-21.7137,0.4643,56.80,13,46.15,false
0.67,OldGuard4,4,-25.5082,-4.4078,25.51,8,37.50,false
0.67,OldGuard4,5,-16.8940,0.1019,55.58,13,38.46,false
0.68,Base5,0,257.2158,9.5650,58.45,13,61.54,true
0.68,Base5,1,296.6662,7.1745,21.47,10,60.00,true
0.68,Base5,2,202.2669,13.9261,9.67,11,63.64,true
0.68,Base5,3,-42.5766,-0.6241,64.33,14,50.00,false
0.68,Base5,4,63.7540,8.2991,26.32,10,50.00,true
0.68,Base5,5,14.9320,2.9783,18.30,9,33.33,true
0.68,NoDOGE,0,257.2158,9.5650,58.45,13,61.54,true
0.68,NoDOGE,1,-6.6163,-0.7385,29.38,8,50.00,false
0.68,NoDOGE,2,219.9677,8.2273,43.30,11,54.55,true
0.68,NoDOGE,3,-18.9946,0.9715,47.36,14,50.00,false
0.68,NoDOGE,4,63.7540,8.2991,26.32,10,50.00,true
0.68,NoDOGE,5,25.9223,4.5638,14.30,8,37.50,true
0.68,Legacy4,0,168.2699,13.8286,17.80,10,70.00,true
0.68,Legacy4,1,10.0589,2.7443,22.58,9,55.56,true
0.68,Legacy4,2,13.1126,2.0968,37.27,10,40.00,true
0.68,Legacy4,3,32.1349,3.7994,31.79,13,46.15,true
0.68,Legacy4,4,-17.4931,-0.8572,39.10,8,37.50,false
0.68,Legacy4,5,11.4966,3.1765,29.49,6,50.00,true
0.68,Legacy5BNB,0,214.0636,16.3657,17.80,10,70.00,true
0.68,Legacy5BNB,1,-7.5360,0.0618,28.92,8,37.50,false
0.68,Legacy5BNB,2,13.1126,2.0968,37.27,10,40.00,true
0.68,Legacy5BNB,3,120.9997,10.2280,20.55,11,54.55,true
0.68,Legacy5BNB,4,52.7241,10.8734,16.70,7,57.14,true
0.68,Legacy5BNB,5,-2.0318,0.7838,23.42,7,42.86,false
0.68,OldGuardNoBNB,0,-10.5754,0.5968,42.60,13,46.15,false
0.68,OldGuardNoBNB,1,-56.8407,-5.1741,61.80,12,25.00,false
0.68,OldGuardNoBNB,2,13.1126,2.0968,37.27,10,40.00,true
0.68,OldGuardNoBNB,3,32.1349,3.7994,31.79,13,46.15,true
0.68,OldGuardNoBNB,4,-17.4931,-0.8572,39.10,8,37.50,false
0.68,OldGuardNoBNB,5,-1.8791,1.1252,29.49,8,50.00,false
0.68,LargeCaps5,0,257.2158,9.5650,58.45,13,61.54,true
0.68,LargeCaps5,1,-6.6163,-0.7385,29.38,8,50.00,false
0.68,LargeCaps5,2,219.9677,8.2273,43.30,11,54.55,true
0.68,LargeCaps5,3,20.4340,3.2502,43.84,12,50.00,true
0.68,LargeCaps5,4,75.6263,11.6957,17.57,9,55.56,true
0.68,LargeCaps5,5,25.9223,4.5638,14.30,8,37.50,true
0.68,Legacy3,0,127.9531,8.6819,27.24,12,58.33,true
0.68,Legacy3,1,-6.8244,0.4419,31.45,10,40.00,false
0.68,Legacy3,2,-43.2469,-8.2574,43.25,9,22.22,false
0.68,Legacy3,3,-21.7137,0.4643,56.80,13,46.15,false
0.68,Legacy3,4,-19.3962,-3.2293,20.34,7,42.86,false
0.68,Legacy3,5,-31.0826,-4.0486,31.82,9,33.33,false
0.68,LowVolume5,0,27.9364,2.9594,29.31,14,57.14,true
0.68,LowVolume5,1,-46.3631,-6.0375,46.36,11,27.27,false
0.68,LowVolume5,2,140.7943,8.6076,16.38,10,80.00,true
0.68,LowVolume5,3,63.4495,4.7309,67.70,13,46.15,true
0.68,LowVolume5,4,-58.8940,-10.0726,61.76,9,33.33,false
0.68,LowVolume5,5,32.3648,3.9307,33.47,11,63.64,true
0.68,OldGuard4,0,6.1221,1.8214,42.60,14,42.86,true
0.68,OldGuard4,1,-29.3608,-2.3151,40.84,10,40.00,false
0.68,OldGuard4,2,-43.2469,-8.2574,43.25,9,22.22,false
0.68,OldGuard4,3,-21.7137,0.4643,56.80,13,46.15,false
0.68,OldGuard4,4,-19.3962,-3.2293,20.34,7,42.86,false
0.68,OldGuard4,5,-25.5861,-0.6085,55.58,13,38.46,false
0.69,Base5,0,257.2158,9.5650,58.45,13,61.54,true
0.69,Base5,1,296.6662,7.1745,21.47,10,60.00,true
0.69,Base5,2,202.2669,13.9261,9.67,11,63.64,true
0.69,Base5,3,-42.5766,-0.6241,64.33,14,50.00,false
0.69,Base5,4,63.7540,8.2991,26.32,10,50.00,true
0.69,Base5,5,24.0443,4.6912,18.30,7,42.86,true
0.69,NoDOGE,0,257.2158,9.5650,58.45,13,61.54,true
0.69,NoDOGE,1,-6.6163,-0.7385,29.38,8,50.00,false
0.69,NoDOGE,2,219.9677,8.2273,43.30,11,54.55,true
0.69,NoDOGE,3,-18.9946,0.9715,47.36,14,50.00,false
0.69,NoDOGE,4,63.7540,8.2991,26.32,10,50.00,true
0.69,NoDOGE,5,29.3677,5.4183,13.25,7,42.86,true
0.69,Legacy4,0,139.7389,11.6167,17.80,10,70.00,true
0.69,Legacy4,1,10.0589,2.7443,22.58,9,55.56,true
0.69,Legacy4,2,258.1862,10.3011,9.67,9,55.56,true
0.69,Legacy4,3,32.1349,3.7994,31.79,13,46.15,true
0.69,Legacy4,4,-17.4931,-0.8572,39.10,8,37.50,false
0.69,Legacy4,5,11.4966,3.1765,29.49,6,50.00,true
0.69,Legacy5BNB,0,214.0636,16.3657,17.80,10,70.00,true
0.69,Legacy5BNB,1,-7.5360,0.0618,28.92,8,37.50,false
0.69,Legacy5BNB,2,258.1862,10.3011,9.67,9,55.56,true
0.69,Legacy5BNB,3,120.9997,10.2280,20.55,11,54.55,true
0.69,Legacy5BNB,4,43.0950,9.4426,16.70,7,57.14,true
0.69,Legacy5BNB,5,-2.0318,0.7838,23.42,7,42.86,false
0.69,OldGuardNoBNB,0,-10.5754,0.5968,42.60,13,46.15,false
0.69,OldGuardNoBNB,1,-56.8407,-5.1741,61.80,12,25.00,false
0.69,OldGuardNoBNB,2,258.1862,10.3011,9.67,9,55.56,true
0.69,OldGuardNoBNB,3,32.1349,3.7994,31.79,13,46.15,true
0.69,OldGuardNoBNB,4,-17.4931,-0.8572,39.10,8,37.50,false
0.69,OldGuardNoBNB,5,-1.8791,1.1252,29.49,8,50.00,false
0.69,LargeCaps5,0,257.2158,9.5650,58.45,13,61.54,true
0.69,LargeCaps5,1,-6.6163,-0.7385,29.38,8,50.00,false
0.69,LargeCaps5,2,219.9677,8.2273,43.30,11,54.55,true
0.69,LargeCaps5,3,20.4340,3.2502,43.84,12,50.00,true
0.69,LargeCaps5,4,64.5532,10.5421,17.57,9,55.56,true
0.69,LargeCaps5,5,29.3677,5.4183,13.25,7,42.86,true
0.69,Legacy3,0,103.7099,7.5195,27.24,12,58.33,true
0.69,Legacy3,1,-6.8244,0.4419,31.45,10,40.00,false
0.69,Legacy3,2,37.9709,4.5382,30.17,9,33.33,true
0.69,Legacy3,3,-21.7137,0.4643,56.80,13,46.15,false
0.69,Legacy3,4,-19.3962,-3.2293,20.34,7,42.86,false
0.69,Legacy3,5,-31.0826,-4.0486,31.82,9,33.33,false
0.69,LowVolume5,0,27.9364,2.9594,29.31,14,57.14,true
0.69,LowVolume5,1,-46.3631,-6.0375,46.36,11,27.27,false
0.69,LowVolume5,2,485.3883,12.4870,16.38,10,90.00,true
0.69,LowVolume5,3,63.4495,4.7309,67.70,13,46.15,true
0.69,LowVolume5,4,-34.3416,-4.2415,38.92,8,50.00,false
0.69,LowVolume5,5,32.3648,3.9307,33.47,11,63.64,true
0.69,OldGuard4,0,6.1221,1.8214,42.60,14,42.86,true
0.69,OldGuard4,1,-29.3608,-2.3151,40.84,10,40.00,false
0.69,OldGuard4,2,37.9709,4.5382,30.17,9,33.33,true
0.69,OldGuard4,3,-21.7137,0.4643,56.80,13,46.15,false
0.69,OldGuard4,4,-19.3962,-3.2293,20.34,7,42.86,false
0.69,OldGuard4,5,-25.5861,-0.6085,55.58,13,38.46,false
0.70,Base5,0,257.2158,9.5650,58.45,13,61.54,true
0.70,Base5,1,296.6662,7.1745,21.47,10,60.00,true
0.70,Base5,2,202.2669,13.9261,9.67,11,63.64,true
0.70,Base5,3,-17.9283,0.6199,45.35,13,53.85,false
0.70,Base5,4,63.7540,8.2991,26.32,10,50.00,true
0.70,Base5,5,41.0051,8.7043,11.96,6,50.00,true
0.70,NoDOGE,0,257.2158,9.5650,58.45,13,61.54,true
0.70,NoDOGE,1,-6.6163,-0.7385,29.38,8,50.00,false
0.70,NoDOGE,2,219.9677,8.2273,43.30,11,54.55,true
0.70,NoDOGE,3,15.7762,2.9616,36.71,13,53.85,true
0.70,NoDOGE,4,63.7540,8.2991,26.32,10,50.00,true
0.70,NoDOGE,5,47.0563,9.9591,11.96,6,50.00,true
0.70,Legacy4,0,139.7389,11.6167,17.80,10,70.00,true
0.70,Legacy4,1,10.0589,2.7443,22.58,9,55.56,true
0.70,Legacy4,2,258.1862,10.3011,9.67,9,55.56,true
0.70,Legacy4,3,32.1349,3.7994,31.79,13,46.15,true
0.70,Legacy4,4,-17.4931,-0.8572,39.10,8,37.50,false
0.70,Legacy4,5,26.7417,5.9679,19.85,5,60.00,true
0.70,Legacy5BNB,0,214.0636,16.3657,17.80,10,70.00,true
0.70,Legacy5BNB,1,-7.5360,0.0618,28.92,8,37.50,false
0.70,Legacy5BNB,2,258.1862,10.3011,9.67,9,55.56,true
0.70,Legacy5BNB,3,120.9997,10.2280,20.55,11,54.55,true
0.70,Legacy5BNB,4,43.0950,9.4426,16.70,7,57.14,true
0.70,Legacy5BNB,5,11.3635,3.6831,17.93,6,50.00,true
0.70,OldGuardNoBNB,0,-10.5754,0.5968,42.60,13,46.15,false
0.70,OldGuardNoBNB,1,-56.8407,-5.1741,61.80,12,25.00,false
0.70,OldGuardNoBNB,2,258.1862,10.3011,9.67,9,55.56,true
0.70,OldGuardNoBNB,3,32.1349,3.7994,31.79,13,46.15,true
0.70,OldGuardNoBNB,4,-17.4931,-0.8572,39.10,8,37.50,false
0.70,OldGuardNoBNB,5,11.5371,2.9582,23.47,7,57.14,true
0.70,LargeCaps5,0,257.2158,9.5650,58.45,13,61.54,true
0.70,LargeCaps5,1,-6.6163,-0.7385,29.38,8,50.00,false
0.70,LargeCaps5,2,219.9677,8.2273,43.30,11,54.55,true
0.70,LargeCaps5,3,20.4340,3.2502,43.84,12,50.00,true
0.70,LargeCaps5,4,64.5532,10.5421,17.57,9,55.56,true
0.70,LargeCaps5,5,47.0563,9.9591,11.96,6,50.00,true
0.70,Legacy3,0,103.7099,7.5195,27.24,12,58.33,true
0.70,Legacy3,1,-6.8244,0.4419,31.45,10,40.00,false
0.70,Legacy3,2,37.9709,4.5382,30.17,9,33.33,true
0.70,Legacy3,3,-21.7137,0.4643,56.80,13,46.15,false
0.70,Legacy3,4,-19.3962,-3.2293,20.34,7,42.86,false
0.70,Legacy3,5,-21.6595,-2.7903,25.15,8,37.50,false
0.70,LowVolume5,0,27.9364,2.9594,29.31,14,57.14,true
0.70,LowVolume5,1,-46.3631,-6.0375,46.36,11,27.27,false
0.70,LowVolume5,2,485.3883,12.4870,16.38,10,90.00,true
0.70,LowVolume5,3,63.4495,4.7309,67.70,13,46.15,true
0.70,LowVolume5,4,-36.4357,-4.6489,40.87,8,37.50,false
0.70,LowVolume5,5,32.3648,3.9307,33.47,11,63.64,true
0.70,OldGuard4,0,6.1221,1.8214,42.60,14,42.86,true
0.70,OldGuard4,1,-29.3608,-2.3151,40.84,10,40.00,false
0.70,OldGuard4,2,37.9709,4.5382,30.17,9,33.33,true
0.70,OldGuard4,3,-21.7137,0.4643,56.80,13,46.15,false
0.70,OldGuard4,4,-19.3962,-3.2293,20.34,7,42.86,false
0.70,OldGuard4,5,-15.4114,0.3068,49.50,12,41.67,false
0.71,Base5,0,32.4399,4.1002,58.45,13,46.15,true
0.71,Base5,1,296.6662,7.1745,21.47,10,60.00,true
0.71,Base5,2,202.2669,13.9261,9.67,11,63.64,true
0.71,Base5,3,-17.9283,0.6199,45.35,13,53.85,false
0.71,Base5,4,44.1996,6.2388,35.12,10,50.00,true
0.71,Base5,5,41.0051,8.7043,11.96,6,50.00,true
0.71,NoDOGE,0,32.4399,4.1002,58.45,13,46.15,true
0.71,NoDOGE,1,-6.6163,-0.7385,29.38,8,50.00,false
0.71,NoDOGE,2,219.9677,8.2273,43.30,11,54.55,true
0.71,NoDOGE,3,15.7762,2.9616,36.71,13,53.85,true
0.71,NoDOGE,4,44.1996,6.2388,35.12,10,50.00,true
0.71,NoDOGE,5,47.0563,9.9591,11.96,6,50.00,true
0.71,Legacy4,0,66.5739,6.6237,17.80,11,63.64,true
0.71,Legacy4,1,10.0589,2.7443,22.58,9,55.56,true
0.71,Legacy4,2,258.1862,10.3011,9.67,9,55.56,true
0.71,Legacy4,3,32.1349,3.7994,31.79,13,46.15,true
0.71,Legacy4,4,-27.3455,-2.2175,46.37,8,37.50,false
0.71,Legacy4,5,28.3643,6.2213,19.85,5,60.00,true
0.71,Legacy5BNB,0,118.2157,9.7675,17.80,11,63.64,true
0.71,Legacy5BNB,1,-7.5360,0.0618,28.92,8,37.50,false
0.71,Legacy5BNB,2,258.1862,10.3011,9.67,9,55.56,true
0.71,Legacy5BNB,3,120.9997,10.2280,20.55,11,54.55,true
0.71,Legacy5BNB,4,70.5362,13.5590,9.13,7,71.43,true
0.71,Legacy5BNB,5,3.5969,1.8291,24.62,6,50.00,true
0.71,OldGuardNoBNB,0,-10.5754,0.5968,42.60,13,46.15,false
0.71,OldGuardNoBNB,1,-56.8407,-5.1741,61.80,12,25.00,false
0.71,OldGuardNoBNB,2,258.1862,10.3011,9.67,9,55.56,true
0.71,OldGuardNoBNB,3,32.1349,3.7994,31.79,13,46.15,true
0.71,OldGuardNoBNB,4,-27.3455,-2.2175,46.37,8,37.50,false
0.71,OldGuardNoBNB,5,12.9651,3.1428,23.47,7,57.14,true
0.71,LargeCaps5,0,94.1907,5.8654,58.45,14,50.00,true
0.71,LargeCaps5,1,-6.6163,-0.7385,29.38,8,50.00,false
0.71,LargeCaps5,2,219.9677,8.2273,43.30,11,54.55,true
0.71,LargeCaps5,3,20.4340,3.2502,43.84,12,50.00,true
0.71,LargeCaps5,4,44.9034,7.4731,27.41,9,55.56,true
0.71,LargeCaps5,5,47.0563,9.9591,11.96,6,50.00,true
0.71,Legacy3,0,41.5405,4.2677,39.60,13,53.85,true
0.71,Legacy3,1,-6.8244,0.4419,31.45,10,40.00,false
0.71,Legacy3,2,37.9709,4.5382,30.17,9,33.33,true
0.71,Legacy3,3,-21.7137,0.4643,56.80,13,46.15,false
0.71,Legacy3,4,-19.3962,-3.2293,20.34,7,42.86,false
0.71,Legacy3,5,-40.5191,-5.6872,41.16,8,25.00,false
0.71,LowVolume5,0,27.9364,2.9594,29.31,14,57.14,true
0.71,LowVolume5,1,-46.3631,-6.0375,46.36,11,27.27,false
0.71,LowVolume5,2,485.3883,12.4870,16.38,10,90.00,true
0.71,LowVolume5,3,63.4495,4.7309,67.70,13,46.15,true
0.71,LowVolume5,4,-36.4357,-4.6489,40.87,8,37.50,false
0.71,LowVolume5,5,12.7648,2.6965,33.97,10,50.00,true
0.71,OldGuard4,0,6.1221,1.8214,42.60,14,42.86,true
0.71,OldGuard4,1,-29.3608,-2.3151,40.84,10,40.00,false
0.71,OldGuard4,2,37.9709,4.5382,30.17,9,33.33,true
0.71,OldGuard4,3,-21.7137,0.4643,56.80,13,46.15,false
0.71,OldGuard4,4,-19.3962,-3.2293,20.34,7,42.86,false
0.71,OldGuard4,5,-35.7751,-1.5547,61.66,12,33.33,false
0.72,Base5,0,32.4399,4.1002,58.45,13,46.15,true
0.72,Base5,1,296.6662,7.1745,21.47,10,60.00,true
0.72,Base5,2,202.2669,13.9261,9.67,11,63.64,true
0.72,Base5,3,-17.9283,0.6199,45.35,13,53.85,false
0.72,Base5,4,13.6643,3.0439,35.12,10,40.00,true
0.72,Base5,5,41.0051,8.7043,11.96,6,50.00,true
0.72,NoDOGE,0,32.4399,4.1002,58.45,13,46.15,true
0.72,NoDOGE,1,-13.7271,-2.5191,34.76,8,37.50,false
0.72,NoDOGE,2,219.9677,8.2273,43.30,11,54.55,true
0.72,NoDOGE,3,15.7762,2.9616,36.71,13,53.85,true
0.72,NoDOGE,4,13.6643,3.0439,35.12,10,40.00,true
0.72,NoDOGE,5,47.0563,9.9591,11.96,6,50.00,true
0.72,Legacy4,0,66.5739,6.6237,17.80,11,63.64,true
0.72,Legacy4,1,10.0589,2.7443,22.58,9,55.56,true
0.72,Legacy4,2,258.1862,10.3011,9.67,9,55.56,true
0.72,Legacy4,3,32.1349,3.7994,31.79,13,46.15,true
0.72,Legacy4,4,-42.7306,-5.3837,51.30,8,25.00,false
0.72,Legacy4,5,28.3643,6.2213,19.85,5,60.00,true
0.72,Legacy5BNB,0,118.2157,9.7675,17.80,11,63.64,true
0.72,Legacy5BNB,1,-7.5360,0.0618,28.92,8,37.50,false
0.72,Legacy5BNB,2,258.1862,10.3011,9.67,9,55.56,true
0.72,Legacy5BNB,3,120.9997,10.2280,20.55,11,54.55,true
0.72,Legacy5BNB,4,34.4239,7.7450,10.11,7,57.14,true
0.72,Legacy5BNB,5,3.5969,1.8291,24.62,6,50.00,true
0.72,OldGuardNoBNB,0,-10.5754,0.5968,42.60,13,46.15,false
0.72,OldGuardNoBNB,1,-56.8407,-5.1741,61.80,12,25.00,false
0.72,OldGuardNoBNB,2,258.1862,10.3011,9.67,9,55.56,true
0.72,OldGuardNoBNB,3,32.1349,3.7994,31.79,13,46.15,true
0.72,OldGuardNoBNB,4,-42.7306,-5.3837,51.30,8,25.00,false
0.72,OldGuardNoBNB,5,12.9651,3.1428,23.47,7,57.14,true
0.72,LargeCaps5,0,94.1907,5.8654,58.45,14,50.00,true
0.72,LargeCaps5,1,-13.7271,-2.5191,34.76,8,37.50,false
0.72,LargeCaps5,2,219.9677,8.2273,43.30,11,54.55,true
0.72,LargeCaps5,3,20.4340,3.2502,43.84,12,50.00,true
0.72,LargeCaps5,4,14.2190,3.4360,27.41,9,44.44,true
0.72,LargeCaps5,5,47.0563,9.9591,11.96,6,50.00,true
0.72,Legacy3,0,41.5405,4.2677,39.60,13,53.85,true
0.72,Legacy3,1,-6.8244,0.4419,31.45,10,40.00,false
0.72,Legacy3,2,37.9709,4.5382,30.17,9,33.33,true
0.72,Legacy3,3,-21.7137,0.4643,56.80,13,46.15,false
0.72,Legacy3,4,-19.3962,-3.2293,20.34,7,42.86,false
0.72,Legacy3,5,-40.5191,-5.6872,41.16,8,25.00,false
0.72,LowVolume5,0,27.9364,2.9594,29.31,14,57.14,true
0.72,LowVolume5,1,-46.3631,-6.0375,46.36,11,27.27,false
0.72,LowVolume5,2,485.3883,12.4870,16.38,10,90.00,true
0.72,LowVolume5,3,63.4495,4.7309,67.70,13,46.15,true
0.72,LowVolume5,4,-36.4357,-4.6489,40.87,8,37.50,false
0.72,LowVolume5,5,12.7648,2.6965,33.97,10,50.00,true
0.72,OldGuard4,0,6.1221,1.8214,42.60,14,42.86,true
0.72,OldGuard4,1,-29.3608,-2.3151,40.84,10,40.00,false
0.72,OldGuard4,2,37.9709,4.5382,30.17,9,33.33,true
0.72,OldGuard4,3,-21.7137,0.4643,56.80,13,46.15,false
0.72,OldGuard4,4,-19.3962,-3.2293,20.34,7,42.86,false
0.72,OldGuard4,5,-35.7751,-1.5547,61.66,12,33.33,false
0.73,Base5,0,32.4399,4.1002,58.45,13,46.15,true
0.73,Base5,1,296.6662,7.1745,21.47,10,60.00,true
0.73,Base5,2,202.2669,13.9261,9.67,11,63.64,true
0.73,Base5,3,-17.9283,0.6199,45.35,13,53.85,false
0.73,Base5,4,13.6643,3.0439,35.12,10,40.00,true
0.73,Base5,5,32.7838,7.8850,11.96,6,50.00,true
0.73,NoDOGE,0,32.4399,4.1002,58.45,13,46.15,true
0.73,NoDOGE,1,-13.7271,-2.5191,34.76,8,37.50,false
0.73,NoDOGE,2,219.9677,8.2273,43.30,11,54.55,true
0.73,NoDOGE,3,15.7762,2.9616,36.71,13,53.85,true
0.73,NoDOGE,4,13.6643,3.0439,35.12,10,40.00,true
0.73,NoDOGE,5,38.4821,9.2400,11.96,6,50.00,true
0.73,Legacy4,0,66.5739,6.6237,17.80,11,63.64,true
0.73,Legacy4,1,10.0589,2.7443,22.58,9,55.56,true
0.73,Legacy4,2,258.1862,10.3011,9.67,9,55.56,true
0.73,Legacy4,3,32.1349,3.7994,31.79,13,46.15,true
0.73,Legacy4,4,-42.7306,-5.3837,51.30,8,25.00,false
0.73,Legacy4,5,28.3643,6.2213,19.85,5,60.00,true
0.73,Legacy5BNB,0,103.0591,9.2951,17.80,11,63.64,true
0.73,Legacy5BNB,1,-7.5360,0.0618,28.92,8,37.50,false
0.73,Legacy5BNB,2,258.1862,10.3011,9.67,9,55.56,true
0.73,Legacy5BNB,3,120.9997,10.2280,20.55,11,54.55,true
0.73,Legacy5BNB,4,34.4239,7.7450,10.11,7,57.14,true
0.73,Legacy5BNB,5,3.5969,1.8291,24.62,6,50.00,true
0.73,OldGuardNoBNB,0,-16.7866,-0.0252,42.60,13,46.15,false
0.73,OldGuardNoBNB,1,-56.8407,-5.1741,61.80,12,25.00,false
0.73,OldGuardNoBNB,2,258.1862,10.3011,9.67,9,55.56,true
0.73,OldGuardNoBNB,3,32.1349,3.7994,31.79,13,46.15,true
0.73,OldGuardNoBNB,4,-42.7306,-5.3837,51.30,8,25.00,false
0.73,OldGuardNoBNB,5,12.9651,3.1428,23.47,7,57.14,true
0.73,LargeCaps5,0,80.7029,5.4911,58.45,14,50.00,true
0.73,LargeCaps5,1,-13.7271,-2.5191,34.76,8,37.50,false
0.73,LargeCaps5,2,219.9677,8.2273,43.30,11,54.55,true
0.73,LargeCaps5,3,20.4340,3.2502,43.84,12,50.00,true
0.73,LargeCaps5,4,14.2190,3.4360,27.41,9,44.44,true
0.73,LargeCaps5,5,38.4821,9.2400,11.96,6,50.00,true
0.73,Legacy3,0,17.5706,2.8389,39.60,13,46.15,true
0.73,Legacy3,1,-6.8244,0.4419,31.45,10,40.00,false
0.73,Legacy3,2,37.9709,4.5382,30.17,9,33.33,true
0.73,Legacy3,3,-30.0583,-0.3249,56.80,13,46.15,false
0.73,Legacy3,4,-19.3962,-3.2293,20.34,7,42.86,false
0.73,Legacy3,5,-42.9699,-6.2091,43.58,8,25.00,false
0.73,LowVolume5,0,6.2704,1.4431,29.31,14,50.00,true
0.73,LowVolume5,1,-46.3631,-6.0375,46.36,11,27.27,false
0.73,LowVolume5,2,485.3883,12.4870,16.38,10,90.00,true
0.73,LowVolume5,3,46.0272,4.3844,67.70,13,46.15,true
0.73,LowVolume5,4,-36.4357,-4.6489,40.87,8,37.50,false
0.73,LowVolume5,5,12.7648,2.6965,33.97,10,50.00,true
0.73,OldGuard4,0,-1.2488,1.2809,42.60,14,42.86,false
0.73,OldGuard4,1,-29.3608,-2.3151,40.84,10,40.00,false
0.73,OldGuard4,2,37.9709,4.5382,30.17,9,33.33,true
0.73,OldGuard4,3,-30.0583,-0.3249,56.80,13,46.15,false
0.73,OldGuard4,4,-19.3962,-3.2293,20.34,7,42.86,false
0.73,OldGuard4,5,-38.4215,-1.8414,63.24,12,33.33,false
0.74,Base5,0,32.4399,4.1002,58.45,13,46.15,true
0.74,Base5,1,296.6662,7.1745,21.47,10,60.00,true
0.74,Base5,2,202.2669,13.9261,9.67,11,63.64,true
0.74,Base5,3,-25.3388,-0.0832,45.35,13,53.85,false
0.74,Base5,4,13.6643,3.0439,35.12,10,40.00,true
0.74,Base5,5,32.7838,7.8850,11.96,6,50.00,true
0.74,NoDOGE,0,32.4399,4.1002,58.45,13,46.15,true
0.74,NoDOGE,1,-13.7271,-2.5191,34.76,8,37.50,false
0.74,NoDOGE,2,219.9677,8.2273,43.30,11,54.55,true
0.74,NoDOGE,3,5.3224,2.1860,36.71,13,53.85,true
0.74,NoDOGE,4,13.6643,3.0439,35.12,10,40.00,true
0.74,NoDOGE,5,38.4821,9.2400,11.96,6,50.00,true
0.74,Legacy4,0,66.5739,6.6237,17.80,11,63.64,true
0.74,Legacy4,1,10.0589,2.7443,22.58,9,55.56,true
0.74,Legacy4,2,258.1862,10.3011,9.67,9,55.56,true
0.74,Legacy4,3,52.3410,5.2530,31.79,12,50.00,true
0.74,Legacy4,4,-42.7306,-5.3837,51.30,8,25.00,false
0.74,Legacy4,5,28.3643,6.2213,19.85,5,60.00,true
0.74,Legacy5BNB,0,103.0591,9.2951,17.80,11,63.64,true
0.74,Legacy5BNB,1,-7.5360,0.0618,28.92,8,37.50,false
0.74,Legacy5BNB,2,258.1862,10.3011,9.67,9,55.56,true
0.74,Legacy5BNB,3,101.0449,9.2215,20.55,11,54.55,true
0.74,Legacy5BNB,4,34.4239,7.7450,10.11,7,57.14,true
0.74,Legacy5BNB,5,3.5969,1.8291,24.62,6,50.00,true
0.74,OldGuardNoBNB,0,12.0533,2.0727,22.71,12,50.00,true
0.74,OldGuardNoBNB,1,-56.8407,-5.1741,61.80,12,25.00,false
0.74,OldGuardNoBNB,2,258.1862,10.3011,9.67,9,55.56,true
0.74,OldGuardNoBNB,3,52.3410,5.2530,31.79,12,50.00,true
0.74,OldGuardNoBNB,4,-42.7306,-5.3837,51.30,8,25.00,false
0.74,OldGuardNoBNB,5,12.9651,3.1428,23.47,7,57.14,true
0.74,LargeCaps5,0,80.7029,5.4911,58.45,14,50.00,true
0.74,LargeCaps5,1,-13.7271,-2.5191,34.76,8,37.50,false
0.74,LargeCaps5,2,219.9677,8.2273,43.30,11,54.55,true
0.74,LargeCaps5,3,9.5596,2.4649,43.84,12,50.00,true
0.74,LargeCaps5,4,14.2190,3.4360,27.41,9,44.44,true
0.74,LargeCaps5,5,38.4821,9.2400,11.96,6,50.00,true
0.74,Legacy3,0,83.9415,7.3274,17.93,12,58.33,true
0.74,Legacy3,1,-6.8244,0.4419,31.45,10,40.00,false
0.74,Legacy3,2,37.9709,4.5382,30.17,9,33.33,true
0.74,Legacy3,3,-11.3591,1.0326,56.80,12,50.00,false
0.74,Legacy3,4,-19.3962,-3.2293,20.34,7,42.86,false
0.74,Legacy3,5,-42.9699,-6.2091,43.58,8,25.00,false
0.74,LowVolume5,0,6.2704,1.4431,29.31,14,50.00,true
0.74,LowVolume5,1,-46.3631,-6.0375,46.36,11,27.27,false
0.74,LowVolume5,2,485.3883,12.4870,16.38,10,90.00,true
0.74,LowVolume5,3,46.0272,4.3844,67.70,13,46.15,true
0.74,LowVolume5,4,-36.4357,-4.6489,40.87,8,37.50,false
0.74,LowVolume5,5,12.7648,2.6965,33.97,10,50.00,true
0.74,OldGuard4,0,32.9761,3.4160,22.71,13,46.15,true
0.74,OldGuard4,1,-29.3608,-2.3151,40.84,10,40.00,false
0.74,OldGuard4,2,37.9709,4.5382,30.17,9,33.33,true
0.74,OldGuard4,3,-11.3591,1.0326,56.80,12,50.00,false
0.74,OldGuard4,4,-19.3962,-3.2293,20.34,7,42.86,false
0.74,OldGuard4,5,-38.4215,-1.8414,63.24,12,33.33,false
0.75,Base5,0,32.4399,4.1002,58.45,13,46.15,true
0.75,Base5,1,296.6662,7.1745,21.47,10,60.00,true
0.75,Base5,2,202.2669,13.9261,9.67,11,63.64,true
0.75,Base5,3,-25.3388,-0.0832,45.35,13,53.85,false
0.75,Base5,4,13.6643,3.0439,35.12,10,40.00,true
0.75,Base5,5,32.7838,7.8850,11.96,6,50.00,true
0.75,NoDOGE,0,32.4399,4.1002,58.45,13,46.15,true
0.75,NoDOGE,1,-13.7271,-2.5191,34.76,8,37.50,false
0.75,NoDOGE,2,219.9677,8.2273,43.30,11,54.55,true
0.75,NoDOGE,3,5.3224,2.1860,36.71,13,53.85,true
0.75,NoDOGE,4,13.6643,3.0439,35.12,10,40.00,true
0.75,NoDOGE,5,38.4821,9.2400,11.96,6,50.00,true
0.75,Legacy4,0,66.5739,6.6237,17.80,11,63.64,true
0.75,Legacy4,1,10.0589,2.7443,22.58,9,55.56,true
0.75,Legacy4,2,258.1862,10.3011,9.67,9,55.56,true
0.75,Legacy4,3,52.3410,5.2530,31.79,12,50.00,true
0.75,Legacy4,4,-42.7306,-5.3837,51.30,8,25.00,false
0.75,Legacy4,5,28.3643,6.2213,19.85,5,60.00,true
0.75,Legacy5BNB,0,103.0591,9.2951,17.80,11,63.64,true
0.75,Legacy5BNB,1,-7.5360,0.0618,28.92,8,37.50,false
0.75,Legacy5BNB,2,258.1862,10.3011,9.67,9,55.56,true
0.75,Legacy5BNB,3,101.0449,9.2215,20.55,11,54.55,true
0.75,Legacy5BNB,4,34.4239,7.7450,10.11,7,57.14,true
0.75,Legacy5BNB,5,3.5969,1.8291,24.62,6,50.00,true
0.75,OldGuardNoBNB,0,12.0533,2.0727,22.71,12,50.00,true
0.75,OldGuardNoBNB,1,-56.8407,-5.1741,61.80,12,25.00,false
0.75,OldGuardNoBNB,2,258.1862,10.3011,9.67,9,55.56,true
0.75,OldGuardNoBNB,3,52.3410,5.2530,31.79,12,50.00,true
0.75,OldGuardNoBNB,4,-42.7306,-5.3837,51.30,8,25.00,false
0.75,OldGuardNoBNB,5,12.9651,3.1428,23.47,7,57.14,true
0.75,LargeCaps5,0,80.7029,5.4911,58.45,14,50.00,true
0.75,LargeCaps5,1,-13.7271,-2.5191,34.76,8,37.50,false
0.75,LargeCaps5,2,219.9677,8.2273,43.30,11,54.55,true
0.75,LargeCaps5,3,9.5596,2.4649,43.84,12,50.00,true
0.75,LargeCaps5,4,14.2190,3.4360,27.41,9,44.44,true
0.75,LargeCaps5,5,38.4821,9.2400,11.96,6,50.00,true
0.75,Legacy3,0,83.9415,7.3274,17.93,12,58.33,true
0.75,Legacy3,1,-6.8244,0.4419,31.45,10,40.00,false
0.75,Legacy3,2,51.6540,5.4327,23.25,8,37.50,true
0.75,Legacy3,3,-11.3591,1.0326,56.80,12,50.00,false
0.75,Legacy3,4,-19.3962,-3.2293,20.34,7,42.86,false
0.75,Legacy3,5,-42.9699,-6.2091,43.58,8,25.00,false
0.75,LowVolume5,0,6.2704,1.4431,29.31,14,50.00,true
0.75,LowVolume5,1,-46.3631,-6.0375,46.36,11,27.27,false
0.75,LowVolume5,2,485.3883,12.4870,16.38,10,90.00,true
0.75,LowVolume5,3,46.0272,4.3844,67.70,13,46.15,true
0.75,LowVolume5,4,-36.4357,-4.6489,40.87,8,37.50,false
0.75,LowVolume5,5,12.7648,2.6965,33.97,10,50.00,true
0.75,OldGuard4,0,32.9761,3.4160,22.71,13,46.15,true
0.75,OldGuard4,1,-29.3608,-2.3151,40.84,10,40.00,false
0.75,OldGuard4,2,51.9771,5.0659,23.25,9,44.44,true
0.75,OldGuard4,3,-11.3591,1.0326,56.80,12,50.00,false
0.75,OldGuard4,4,-19.3962,-3.2293,20.34,7,42.86,false
0.75,OldGuard4,5,-38.4215,-1.8414,63.24,12,33.33,false
0.76,Base5,0,32.4399,4.1002,58.45,13,46.15,true
0.76,Base5,1,251.4249,6.9452,21.47,10,50.00,true
0.76,Base5,2,202.2669,13.9261,9.67,11,63.64,true
0.76,Base5,3,-25.3388,-0.0832,45.35,13,53.85,false
0.76,Base5,4,13.6643,3.0439,35.12,10,40.00,true
0.76,Base5,5,32.7838,7.8850,11.96,6,50.00,true
0.76,NoDOGE,0,32.4399,4.1002,58.45,13,46.15,true
0.76,NoDOGE,1,-13.7271,-2.5191,34.76,8,37.50,false
0.76,NoDOGE,2,219.9677,8.2273,43.30,11,54.55,true
0.76,NoDOGE,3,5.3224,2.1860,36.71,13,53.85,true
0.76,NoDOGE,4,13.6643,3.0439,35.12,10,40.00,true
0.76,NoDOGE,5,38.4821,9.2400,11.96,6,50.00,true
0.76,Legacy4,0,66.5739,6.6237,17.80,11,63.64,true
0.76,Legacy4,1,10.0589,2.7443,22.58,9,55.56,true
0.76,Legacy4,2,258.1862,10.3011,9.67,9,55.56,true
0.76,Legacy4,3,52.3410,5.2530,31.79,12,50.00,true
0.76,Legacy4,4,-42.7306,-5.3837,51.30,8,25.00,false
0.76,Legacy4,5,39.4750,8.8016,19.85,4,75.00,true
0.76,Legacy5BNB,0,103.0591,9.2951,17.80,11,63.64,true
0.76,Legacy5BNB,1,-7.5360,0.0618,28.92,8,37.50,false
0.76,Legacy5BNB,2,258.1862,10.3011,9.67,9,55.56,true
0.76,Legacy5BNB,3,101.0449,9.2215,20.55,11,54.55,true
0.76,Legacy5BNB,4,34.4239,7.7450,10.11,7,57.14,true
0.76,Legacy5BNB,5,3.5969,1.8291,24.62,6,50.00,true
0.76,OldGuardNoBNB,0,12.0533,2.0727,22.71,12,50.00,true
0.76,OldGuardNoBNB,1,-56.8407,-5.1741,61.80,12,25.00,false
0.76,OldGuardNoBNB,2,258.1862,10.3011,9.67,9,55.56,true
0.76,OldGuardNoBNB,3,52.3410,5.2530,31.79,12,50.00,true
0.76,OldGuardNoBNB,4,-42.7306,-5.3837,51.30,8,25.00,false
0.76,OldGuardNoBNB,5,22.7429,4.5981,19.85,6,66.67,true
0.76,LargeCaps5,0,80.7029,5.4911,58.45,14,50.00,true
0.76,LargeCaps5,1,-13.7271,-2.5191,34.76,8,37.50,false
0.76,LargeCaps5,2,219.9677,8.2273,43.30,11,54.55,true
0.76,LargeCaps5,3,9.5596,2.4649,43.84,12,50.00,true
0.76,LargeCaps5,4,14.2190,3.4360,27.41,9,44.44,true
0.76,LargeCaps5,5,38.4821,9.2400,11.96,6,50.00,true
0.76,Legacy3,0,83.9415,7.3274,17.93,12,58.33,true
0.76,Legacy3,1,-6.8244,0.4419,31.45,10,40.00,false
0.76,Legacy3,2,51.6540,5.4327,23.25,8,37.50,true
0.76,Legacy3,3,-11.3591,1.0326,56.80,12,50.00,false
0.76,Legacy3,4,-19.3962,-3.2293,20.34,7,42.86,false
0.76,Legacy3,5,-38.0337,-5.3909,40.91,7,28.57,false
0.76,LowVolume5,0,6.2704,1.4431,29.31,14,50.00,true
0.76,LowVolume5,1,-46.3631,-6.0375,46.36,11,27.27,false
0.76,LowVolume5,2,485.3883,12.4870,16.38,10,90.00,true
0.76,LowVolume5,3,-55.1154,-1.8589,80.86,13,38.46,false
0.76,LowVolume5,4,-36.4357,-4.6489,40.87,8,37.50,false
0.76,LowVolume5,5,22.5253,3.5882,33.97,9,55.56,true
0.76,OldGuard4,0,48.6288,4.4330,22.71,12,50.00,true
0.76,OldGuard4,1,-29.3608,-2.3151,40.84,10,40.00,false
0.76,OldGuard4,2,51.9771,5.0659,23.25,9,44.44,true
0.76,OldGuard4,3,-11.3591,1.0326,56.80,12,50.00,false
0.76,OldGuard4,4,-19.3962,-3.2293,20.34,7,42.86,false
0.76,OldGuard4,5,-33.0915,-1.3022,63.24,11,36.36,false
0.77,Base5,0,32.4399,4.1002,58.45,13,46.15,true
0.77,Base5,1,251.4249,6.9452,21.47,10,50.00,true
0.77,Base5,2,202.2669,13.9261,9.67,11,63.64,true
0.77,Base5,3,-25.3388,-0.0832,45.35,13,53.85,false
0.77,Base5,4,13.6643,3.0439,35.12,10,40.00,true
0.77,Base5,5,32.7838,7.8850,11.96,6,50.00,true
0.77,NoDOGE,0,32.4399,4.1002,58.45,13,46.15,true
0.77,NoDOGE,1,-13.7271,-2.5191,34.76,8,37.50,false
0.77,NoDOGE,2,219.9677,8.2273,43.30,11,54.55,true
0.77,NoDOGE,3,5.3224,2.1860,36.71,13,53.85,true
0.77,NoDOGE,4,13.6643,3.0439,35.12,10,40.00,true
0.77,NoDOGE,5,38.4821,9.2400,11.96,6,50.00,true
0.77,Legacy4,0,66.5739,6.6237,17.80,11,63.64,true
0.77,Legacy4,1,10.0589,2.7443,22.58,9,55.56,true
0.77,Legacy4,2,258.1862,10.3011,9.67,9,55.56,true
0.77,Legacy4,3,52.3410,5.2530,31.79,12,50.00,true
0.77,Legacy4,4,-42.7306,-5.3837,51.30,8,25.00,false
0.77,Legacy4,5,39.4750,8.8016,19.85,4,75.00,true
0.77,Legacy5BNB,0,103.0591,9.2951,17.80,11,63.64,true
0.77,Legacy5BNB,1,-7.5360,0.0618,28.92,8,37.50,false
0.77,Legacy5BNB,2,258.1862,10.3011,9.67,9,55.56,true
0.77,Legacy5BNB,3,101.0449,9.2215,20.55,11,54.55,true
0.77,Legacy5BNB,4,34.4239,7.7450,10.11,7,57.14,true
0.77,Legacy5BNB,5,3.5969,1.8291,24.62,6,50.00,true
0.77,OldGuardNoBNB,0,12.0533,2.0727,22.71,12,50.00,true
0.77,OldGuardNoBNB,1,-56.8407,-5.1741,61.80,12,25.00,false
0.77,OldGuardNoBNB,2,258.1862,10.3011,9.67,9,55.56,true
0.77,OldGuardNoBNB,3,52.3410,5.2530,31.79,12,50.00,true
0.77,OldGuardNoBNB,4,-42.7306,-5.3837,51.30,8,25.00,false
0.77,OldGuardNoBNB,5,22.7429,4.5981,19.85,6,66.67,true
0.77,LargeCaps5,0,80.7029,5.4911,58.45,14,50.00,true
0.77,LargeCaps5,1,-13.7271,-2.5191,34.76,8,37.50,false
0.77,LargeCaps5,2,219.9677,8.2273,43.30,11,54.55,true
0.77,LargeCaps5,3,9.5596,2.4649,43.84,12,50.00,true
0.77,LargeCaps5,4,14.2190,3.4360,27.41,9,44.44,true
0.77,LargeCaps5,5,38.4821,9.2400,11.96,6,50.00,true
0.77,Legacy3,0,83.9415,7.3274,17.93,12,58.33,true
0.77,Legacy3,1,-6.8244,0.4419,31.45,10,40.00,false
0.77,Legacy3,2,51.6540,5.4327,23.25,8,37.50,true
0.77,Legacy3,3,-11.3591,1.0326,56.80,12,50.00,false
0.77,Legacy3,4,-34.5264,-8.0097,35.30,7,28.57,false
0.77,Legacy3,5,-38.0337,-5.3909,40.91,7,28.57,false
0.77,LowVolume5,0,6.2704,1.4431,29.31,14,50.00,true
0.77,LowVolume5,1,-46.3631,-6.0375,46.36,11,27.27,false
0.77,LowVolume5,2,485.3883,12.4870,16.38,10,90.00,true
0.77,LowVolume5,3,-55.1154,-1.8589,80.86,13,38.46,false
0.77,LowVolume5,4,-36.4357,-4.6489,40.87,8,37.50,false
0.77,LowVolume5,5,22.5253,3.5882,33.97,9,55.56,true
0.77,OldGuard4,0,48.6288,4.4330,22.71,12,50.00,true
0.77,OldGuard4,1,-29.3608,-2.3151,40.84,10,40.00,false
0.77,OldGuard4,2,51.9771,5.0659,23.25,9,44.44,true
0.77,OldGuard4,3,-11.3591,1.0326,56.80,12,50.00,false
0.77,OldGuard4,4,-34.5264,-8.0097,35.30,7,28.57,false
0.77,OldGuard4,5,-33.0915,-1.3022,63.24,11,36.36,false
0.78,Base5,0,32.4399,4.1002,58.45,13,46.15,true
0.78,Base5,1,251.4249,6.9452,21.47,10,50.00,true
0.78,Base5,2,202.2669,13.9261,9.67,11,63.64,true
0.78,Base5,3,-25.3388,-0.0832,45.35,13,53.85,false
0.78,Base5,4,13.6643,3.0439,35.12,10,40.00,true
0.78,Base5,5,32.7838,7.8850,11.96,6,50.00,true
0.78,NoDOGE,0,32.4399,4.1002,58.45,13,46.15,true
0.78,NoDOGE,1,-13.7271,-2.5191,34.76,8,37.50,false
0.78,NoDOGE,2,219.9677,8.2273,43.30,11,54.55,true
0.78,NoDOGE,3,5.3224,2.1860,36.71,13,53.85,true
0.78,NoDOGE,4,13.6643,3.0439,35.12,10,40.00,true
0.78,NoDOGE,5,38.4821,9.2400,11.96,6,50.00,true
0.78,Legacy4,0,66.5739,6.6237,17.80,11,63.64,true
0.78,Legacy4,1,10.0589,2.7443,22.58,9,55.56,true
0.78,Legacy4,2,258.1862,10.3011,9.67,9,55.56,true
0.78,Legacy4,3,52.3410,5.2530,31.79,12,50.00,true
0.78,Legacy4,4,-42.7306,-5.3837,51.30,8,25.00,false
0.78,Legacy4,5,39.4750,8.8016,19.85,4,75.00,true
0.78,Legacy5BNB,0,103.0591,9.2951,17.80,11,63.64,true
0.78,Legacy5BNB,1,-7.5360,0.0618,28.92,8,37.50,false
0.78,Legacy5BNB,2,258.1862,10.3011,9.67,9,55.56,true
0.78,Legacy5BNB,3,101.0449,9.2215,20.55,11,54.55,true
0.78,Legacy5BNB,4,34.4239,7.7450,10.11,7,57.14,true
0.78,Legacy5BNB,5,3.5969,1.8291,24.62,6,50.00,true
0.78,OldGuardNoBNB,0,12.0533,2.0727,22.71,12,50.00,true
0.78,OldGuardNoBNB,1,-56.8407,-5.1741,61.80,12,25.00,false
0.78,OldGuardNoBNB,2,258.1862,10.3011,9.67,9,55.56,true
0.78,OldGuardNoBNB,3,52.3410,5.2530,31.79,12,50.00,true
0.78,OldGuardNoBNB,4,-42.7306,-5.3837,51.30,8,25.00,false
0.78,OldGuardNoBNB,5,22.7429,4.5981,19.85,6,66.67,true
0.78,LargeCaps5,0,80.7029,5.4911,58.45,14,50.00,true
0.78,LargeCaps5,1,-13.7271,-2.5191,34.76,8,37.50,false
0.78,LargeCaps5,2,219.9677,8.2273,43.30,11,54.55,true
0.78,LargeCaps5,3,9.5596,2.4649,43.84,12,50.00,true
0.78,LargeCaps5,4,14.2190,3.4360,27.41,9,44.44,true
0.78,LargeCaps5,5,38.4821,9.2400,11.96,6,50.00,true
0.78,Legacy3,0,83.9415,7.3274,17.93,12,58.33,true
0.78,Legacy3,1,6.3003,2.1280,31.45,10,50.00,true
0.78,Legacy3,2,51.6540,5.4327,23.25,8,37.50,true
0.78,Legacy3,3,-11.3591,1.0326,56.80,12,50.00,false
0.78,Legacy3,4,-34.5264,-8.0097,35.30,7,28.57,false
0.78,Legacy3,5,-38.0337,-5.3909,40.91,7,28.57,false
0.78,LowVolume5,0,6.2704,1.4431,29.31,14,50.00,true
0.78,LowVolume5,1,-46.3631,-6.0375,46.36,11,27.27,false
0.78,LowVolume5,2,485.3883,12.4870,16.38,10,90.00,true
0.78,LowVolume5,3,-55.1154,-1.8589,80.86,13,38.46,false
0.78,LowVolume5,4,-36.4357,-4.6489,40.87,8,37.50,false
0.78,LowVolume5,5,22.5253,3.5882,33.97,9,55.56,true
0.78,OldGuard4,0,48.6288,4.4330,22.71,12,50.00,true
0.78,OldGuard4,1,-29.3608,-2.3151,40.84,10,40.00,false
0.78,OldGuard4,2,51.9771,5.0659,23.25,9,44.44,true
0.78,OldGuard4,3,-11.3591,1.0326,56.80,12,50.00,false
0.78,OldGuard4,4,-34.5264,-8.0097,35.30,7,28.57,false
0.78,OldGuard4,5,-33.0915,-1.3022,63.24,11,36.36,false
0.79,Base5,0,32.4399,4.1002,58.45,13,46.15,true
0.79,Base5,1,251.4249,6.9452,21.47,10,50.00,true
0.79,Base5,2,202.2669,13.9261,9.67,11,63.64,true
0.79,Base5,3,-25.3388,-0.0832,45.35,13,53.85,false
0.79,Base5,4,37.9685,5.7179,28.60,10,50.00,true
0.79,Base5,5,32.7838,7.8850,11.96,6,50.00,true
0.79,NoDOGE,0,32.4399,4.1002,58.45,13,46.15,true
0.79,NoDOGE,1,-28.6134,-7.9191,34.76,8,25.00,false
0.79,NoDOGE,2,219.9677,8.2273,43.30,11,54.55,true
0.79,NoDOGE,3,5.3224,2.1860,36.71,13,53.85,true
0.79,NoDOGE,4,37.9685,5.7179,28.60,10,50.00,true
0.79,NoDOGE,5,38.4821,9.2400,11.96,6,50.00,true
0.79,Legacy4,0,66.5739,6.6237,17.80,11,63.64,true
0.79,Legacy4,1,10.0589,2.7443,22.58,9,55.56,true
0.79,Legacy4,2,258.1862,10.3011,9.67,9,55.56,true
0.79,Legacy4,3,52.3410,5.2530,31.79,12,50.00,true
0.79,Legacy4,4,-30.4850,-2.8606,40.98,8,37.50,false
0.79,Legacy4,5,39.4750,8.8016,19.85,4,75.00,true
0.79,Legacy5BNB,0,103.0591,9.2951,17.80,11,63.64,true
0.79,Legacy5BNB,1,-7.5360,0.0618,28.92,8,37.50,false
0.79,Legacy5BNB,2,258.1862,10.3011,9.67,9,55.56,true
0.79,Legacy5BNB,3,101.0449,9.2215,20.55,11,54.55,true
0.79,Legacy5BNB,4,63.1671,13.2002,10.11,7,71.43,true
0.79,Legacy5BNB,5,3.5969,1.8291,24.62,6,50.00,true
0.79,OldGuardNoBNB,0,12.0533,2.0727,22.71,12,50.00,true
0.79,OldGuardNoBNB,1,-56.8407,-5.1741,61.80,12,25.00,false
0.79,OldGuardNoBNB,2,258.1862,10.3011,9.67,9,55.56,true
0.79,OldGuardNoBNB,3,52.3410,5.2530,31.79,12,50.00,true
0.79,OldGuardNoBNB,4,-30.4850,-2.8606,40.98,8,37.50,false
0.79,OldGuardNoBNB,5,22.7429,4.5981,19.85,6,66.67,true
0.79,LargeCaps5,0,80.7029,5.4911,58.45,14,50.00,true
0.79,LargeCaps5,1,-28.6134,-7.9191,34.76,8,25.00,false
0.79,LargeCaps5,2,219.9677,8.2273,43.30,11,54.55,true
0.79,LargeCaps5,3,9.5596,2.4649,43.84,12,50.00,true
0.79,LargeCaps5,4,38.6419,6.9857,20.12,9,55.56,true
0.79,LargeCaps5,5,38.4821,9.2400,11.96,6,50.00,true
0.79,Legacy3,0,83.9415,7.3274,17.93,12,58.33,true
0.79,Legacy3,1,6.3003,2.1280,31.45,10,50.00,true
0.79,Legacy3,2,51.6540,5.4327,23.25,8,37.50,true
0.79,Legacy3,3,127.5563,11.2856,14.52,11,63.64,true
0.79,Legacy3,4,-30.1746,-6.4872,35.30,7,28.57,false
0.79,Legacy3,5,-38.0337,-5.3909,40.91,7,28.57,false
0.79,LowVolume5,0,6.2704,1.4431,29.31,14,50.00,true
0.79,LowVolume5,1,-46.3631,-6.0375,46.36,11,27.27,false
0.79,LowVolume5,2,485.3883,12.4870,16.38,10,90.00,true
0.79,LowVolume5,3,-55.1154,-1.8589,80.86,13,38.46,false
0.79,LowVolume5,4,-36.4357,-4.6489,40.87,8,37.50,false
0.79,LowVolume5,5,22.5253,3.5882,33.97,9,55.56,true
0.79,OldGuard4,0,48.6288,4.4330,22.71,12,50.00,true
0.79,OldGuard4,1,-29.3608,-2.3151,40.84,10,40.00,false
0.79,OldGuard4,2,51.9771,5.0659,23.25,9,44.44,true
0.79,OldGuard4,3,127.5563,11.2856,14.52,11,63.64,true
0.79,OldGuard4,4,-30.1746,-6.4872,35.30,7,28.57,false
0.79,OldGuard4,5,-33.0915,-1.3022,63.24,11,36.36,false
0.80,Base5,0,32.4399,4.1002,58.45,13,46.15,true
0.80,Base5,1,251.4249,6.9452,21.47,10,50.00,true
0.80,Base5,2,198.3085,13.6562,10.85,11,63.64,true
0.80,Base5,3,-25.3388,-0.0832,45.35,13,53.85,false
0.80,Base5,4,37.9685,5.7179,28.60,10,50.00,true
0.80,Base5,5,32.7838,7.8850,11.96,6,50.00,true
0.80,NoDOGE,0,32.4399,4.1002,58.45,13,46.15,true
0.80,NoDOGE,1,-28.6134,-7.9191,34.76,8,25.00,false
0.80,NoDOGE,2,215.7775,8.1561,44.04,11,54.55,true
0.80,NoDOGE,3,5.3224,2.1860,36.71,13,53.85,true
0.80,NoDOGE,4,37.9685,5.7179,28.60,10,50.00,true
0.80,NoDOGE,5,38.4821,9.2400,11.96,6,50.00,true
0.80,Legacy4,0,66.5739,6.6237,17.80,11,63.64,true
0.80,Legacy4,1,10.0589,2.7443,22.58,9,55.56,true
0.80,Legacy4,2,253.4955,10.2006,10.85,9,55.56,true
0.80,Legacy4,3,52.3410,5.2530,31.79,12,50.00,true
0.80,Legacy4,4,-30.4850,-2.8606,40.98,8,37.50,false
0.80,Legacy4,5,39.4750,8.8016,19.85,4,75.00,true
0.80,Legacy5BNB,0,103.0591,9.2951,17.80,11,63.64,true
0.80,Legacy5BNB,1,-7.5360,0.0618,28.92,8,37.50,false
0.80,Legacy5BNB,2,253.4955,10.2006,10.85,9,55.56,true
0.80,Legacy5BNB,3,101.0449,9.2215,20.55,11,54.55,true
0.80,Legacy5BNB,4,63.1671,13.2002,10.11,7,71.43,true
0.80,Legacy5BNB,5,3.5969,1.8291,24.62,6,50.00,true
0.80,OldGuardNoBNB,0,12.0533,2.0727,22.71,12,50.00,true
0.80,OldGuardNoBNB,1,-56.8407,-5.1741,61.80,12,25.00,false
0.80,OldGuardNoBNB,2,253.4955,10.2006,10.85,9,55.56,true
0.80,OldGuardNoBNB,3,52.3410,5.2530,31.79,12,50.00,true
0.80,OldGuardNoBNB,4,-30.4850,-2.8606,40.98,8,37.50,false
0.80,OldGuardNoBNB,5,22.7429,4.5981,19.85,6,66.67,true
0.80,LargeCaps5,0,80.7029,5.4911,58.45,14,50.00,true
0.80,LargeCaps5,1,-28.6134,-7.9191,34.76,8,25.00,false
0.80,LargeCaps5,2,215.7775,8.1561,44.04,11,54.55,true
0.80,LargeCaps5,3,9.5596,2.4649,43.84,12,50.00,true
0.80,LargeCaps5,4,38.6419,6.9857,20.12,9,55.56,true
0.80,LargeCaps5,5,38.4821,9.2400,11.96,6,50.00,true
0.80,Legacy3,0,83.9415,7.3274,17.93,12,58.33,true
0.80,Legacy3,1,6.3003,2.1280,31.45,10,50.00,true
0.80,Legacy3,2,78.4989,6.4290,20.60,8,50.00,true
0.80,Legacy3,3,127.5563,11.2856,14.52,11,63.64,true
0.80,Legacy3,4,-30.1746,-6.4872,35.30,7,28.57,false
0.80,Legacy3,5,-38.0337,-5.3909,40.91,7,28.57,false
0.80,LowVolume5,0,6.2704,1.4431,29.31,14,50.00,true
0.80,LowVolume5,1,-46.3631,-6.0375,46.36,11,27.27,false
0.80,LowVolume5,2,485.3883,12.4870,16.38,10,90.00,true
0.80,LowVolume5,3,-55.1154,-1.8589,80.86,13,38.46,false
0.80,LowVolume5,4,-43.8858,-6.9940,47.80,8,37.50,false
0.80,LowVolume5,5,9.1640,2.5713,40.02,9,44.44,true
0.80,OldGuard4,0,48.6288,4.4330,22.71,12,50.00,true
0.80,OldGuard4,1,-29.3608,-2.3151,40.84,10,40.00,false
0.80,OldGuard4,2,78.8793,5.9998,20.60,9,55.56,true
0.80,OldGuard4,3,127.5563,11.2856,14.52,11,63.64,true
0.80,OldGuard4,4,-30.1746,-6.4872,35.30,7,28.57,false
0.80,OldGuard4,5,-33.0915,-1.3022,63.24,11,36.36,false
0.81,Base5,0,24.6746,3.7697,58.45,13,46.15,true
0.81,Base5,1,251.4249,6.9452,21.47,10,50.00,true
0.81,Base5,2,190.1330,13.3137,10.85,11,63.64,true
0.81,Base5,3,-25.3388,-0.0832,45.35,13,53.85,false
0.81,Base5,4,37.9685,5.7179,28.60,10,50.00,true
0.81,Base5,5,32.7838,7.8850,11.96,6,50.00,true
0.81,NoDOGE,0,24.6746,3.7697,58.45,13,46.15,true
0.81,NoDOGE,1,-28.6134,-7.9191,34.76,8,25.00,false
0.81,NoDOGE,2,256.5487,9.0981,35.59,10,60.00,true
0.81,NoDOGE,3,5.3224,2.1860,36.71,13,53.85,true
0.81,NoDOGE,4,37.9685,5.7179,28.60,10,50.00,true
0.81,NoDOGE,5,38.4821,9.2400,11.96,6,50.00,true
0.81,Legacy4,0,66.5739,6.6237,17.80,11,63.64,true
0.81,Legacy4,1,3.0398,1.5862,22.58,9,55.56,true
0.81,Legacy4,2,243.8076,10.0022,10.85,9,55.56,true
0.81,Legacy4,3,78.2190,7.1259,27.13,11,54.55,true
0.81,Legacy4,4,-30.4850,-2.8606,40.98,8,37.50,false
0.81,Legacy4,5,39.4750,8.8016,19.85,4,75.00,true
0.81,Legacy5BNB,0,91.1532,8.6527,17.80,11,63.64,true
0.81,Legacy5BNB,1,-13.4330,-1.5873,28.92,8,37.50,false
0.81,Legacy5BNB,2,243.8076,10.0022,10.85,9,55.56,true
0.81,Legacy5BNB,3,135.1961,12.5664,7.06,10,60.00,true
0.81,Legacy5BNB,4,63.1671,13.2002,10.11,7,71.43,true
0.81,Legacy5BNB,5,3.5969,1.8291,24.62,6,50.00,true
0.81,OldGuardNoBNB,0,12.0533,2.0727,22.71,12,50.00,true
0.81,OldGuardNoBNB,1,-56.8407,-5.1741,61.80,12,25.00,false
0.81,OldGuardNoBNB,2,243.8076,10.0022,10.85,9,55.56,true
0.81,OldGuardNoBNB,3,78.2190,7.1259,27.13,11,54.55,true
0.81,OldGuardNoBNB,4,-30.4850,-2.8606,40.98,8,37.50,false
0.81,OldGuardNoBNB,5,22.7429,4.5981,19.85,6,66.67,true
0.81,LargeCaps5,0,70.1077,5.1732,58.45,14,50.00,true
0.81,LargeCaps5,1,-28.6134,-7.9191,34.76,8,25.00,false
0.81,LargeCaps5,2,256.5487,9.0981,35.59,10,60.00,true
0.81,LargeCaps5,3,9.5596,2.4649,43.84,12,50.00,true
0.81,LargeCaps5,4,38.6419,6.9857,20.12,9,55.56,true
0.81,LargeCaps5,5,38.4821,9.2400,11.96,6,50.00,true
0.81,Legacy3,0,83.9415,7.3274,17.93,12,58.33,true
0.81,Legacy3,1,39.1545,6.5400,12.94,9,66.67,true
0.81,Legacy3,2,204.6218,10.4243,18.23,8,62.50,true
0.81,Legacy3,3,166.2109,15.6206,8.74,10,70.00,true
0.81,Legacy3,4,-34.1079,-7.2306,38.94,7,28.57,false
0.81,Legacy3,5,-38.0337,-5.3909,40.91,7,28.57,false
0.81,LowVolume5,0,6.2704,1.4431,29.31,14,50.00,true
0.81,LowVolume5,1,-46.3631,-6.0375,46.36,11,27.27,false
0.81,LowVolume5,2,485.3883,12.4870,16.38,10,90.00,true
0.81,LowVolume5,3,-55.1154,-1.8589,80.86,13,38.46,false
0.81,LowVolume5,4,-43.8858,-6.9940,47.80,8,37.50,false
0.81,LowVolume5,5,9.1640,2.5713,40.02,9,44.44,true
0.81,OldGuard4,0,48.6288,4.4330,22.71,12,50.00,true
0.81,OldGuard4,1,-29.3608,-2.3151,40.84,10,40.00,false
0.81,OldGuard4,2,205.2710,9.6164,18.23,9,66.67,true
0.81,OldGuard4,3,166.2109,15.6206,8.74,10,70.00,true
0.81,OldGuard4,4,-15.5437,-2.8842,25.33,7,42.86,false
0.81,OldGuard4,5,-33.0915,-1.3022,63.24,11,36.36,false
0.82,Base5,0,24.6746,3.7697,58.45,13,46.15,true
0.82,Base5,1,251.4249,6.9452,21.47,10,50.00,true
0.82,Base5,2,190.1330,13.3137,10.85,11,63.64,true
0.82,Base5,3,-25.3388,-0.0832,45.35,13,53.85,false
0.82,Base5,4,37.9685,5.7179,28.60,10,50.00,true
0.82,Base5,5,32.7838,7.8850,11.96,6,50.00,true
0.82,NoDOGE,0,24.6746,3.7697,58.45,13,46.15,true
0.82,NoDOGE,1,-28.6134,-7.9191,34.76,8,25.00,false
0.82,NoDOGE,2,256.5487,9.0981,35.59,10,60.00,true
0.82,NoDOGE,3,5.3224,2.1860,36.71,13,53.85,true
0.82,NoDOGE,4,37.9685,5.7179,28.60,10,50.00,true
0.82,NoDOGE,5,38.4821,9.2400,11.96,6,50.00,true
0.82,Legacy4,0,66.5739,6.6237,17.80,11,63.64,true
0.82,Legacy4,1,3.0398,1.5862,22.58,9,55.56,true
0.82,Legacy4,2,243.8076,10.0022,10.85,9,55.56,true
0.82,Legacy4,3,78.2190,7.1259,27.13,11,54.55,true
0.82,Legacy4,4,-30.4850,-2.8606,40.98,8,37.50,false
0.82,Legacy4,5,39.4750,8.8016,19.85,4,75.00,true
0.82,Legacy5BNB,0,91.1532,8.6527,17.80,11,63.64,true
0.82,Legacy5BNB,1,-13.4330,-1.5873,28.92,8,37.50,false
0.82,Legacy5BNB,2,243.8076,10.0022,10.85,9,55.56,true
0.82,Legacy5BNB,3,135.1961,12.5664,7.06,10,60.00,true
0.82,Legacy5BNB,4,63.1671,13.2002,10.11,7,71.43,true
0.82,Legacy5BNB,5,3.5969,1.8291,24.62,6,50.00,true
0.82,OldGuardNoBNB,0,12.0533,2.0727,22.71,12,50.00,true
0.82,OldGuardNoBNB,1,-56.8407,-5.1741,61.80,12,25.00,false
0.82,OldGuardNoBNB,2,243.8076,10.0022,10.85,9,55.56,true
0.82,OldGuardNoBNB,3,78.2190,7.1259,27.13,11,54.55,true
0.82,OldGuardNoBNB,4,-30.4850,-2.8606,40.98,8,37.50,false
0.82,OldGuardNoBNB,5,22.7429,4.5981,19.85,6,66.67,true
0.82,LargeCaps5,0,70.1077,5.1732,58.45,14,50.00,true
0.82,LargeCaps5,1,-28.6134,-7.9191,34.76,8,25.00,false
0.82,LargeCaps5,2,256.5487,9.0981,35.59,10,60.00,true
0.82,LargeCaps5,3,9.5596,2.4649,43.84,12,50.00,true
0.82,LargeCaps5,4,38.6419,6.9857,20.12,9,55.56,true
0.82,LargeCaps5,5,38.4821,9.2400,11.96,6,50.00,true
0.82,Legacy3,0,83.9415,7.3274,17.93,12,58.33,true
0.82,Legacy3,1,39.1545,6.5400,12.94,9,66.67,true
0.82,Legacy3,2,204.6218,10.4243,18.23,8,62.50,true
0.82,Legacy3,3,166.2109,15.6206,8.74,10,70.00,true
0.82,Legacy3,4,-34.1079,-7.2306,38.94,7,28.57,false
0.82,Legacy3,5,-31.7890,-4.3350,34.96,6,33.33,false
0.82,LowVolume5,0,6.2704,1.4431,29.31,14,50.00,true
0.82,LowVolume5,1,-46.3631,-6.0375,46.36,11,27.27,false
0.82,LowVolume5,2,485.3883,12.4870,16.38,10,90.00,true
0.82,LowVolume5,3,-55.1154,-1.8589,80.86,13,38.46,false
0.82,LowVolume5,4,-43.8858,-6.9940,47.80,8,37.50,false
0.82,LowVolume5,5,9.1640,2.5713,40.02,9,44.44,true
0.82,OldGuard4,0,48.6288,4.4330,22.71,12,50.00,true
0.82,OldGuard4,1,-29.3608,-2.3151,40.84,10,40.00,false
0.82,OldGuard4,2,205.2710,9.6164,18.23,9,66.67,true
0.82,OldGuard4,3,166.2109,15.6206,8.74,10,70.00,true
0.82,OldGuard4,4,-15.5437,-2.8842,25.33,7,42.86,false
0.82,OldGuard4,5,-26.3487,-0.6281,59.53,10,40.00,false
0.83,Base5,0,24.6746,3.7697,58.45,13,46.15,true
0.83,Base5,1,251.4249,6.9452,21.47,10,50.00,true
0.83,Base5,2,190.1330,13.3137,10.85,11,63.64,true
0.83,Base5,3,-27.5263,-0.3115,45.35,13,53.85,false
0.83,Base5,4,73.6256,10.5968,10.15,9,55.56,true
0.83,Base5,5,32.7838,7.8850,11.96,6,50.00,true
0.83,NoDOGE,0,24.6746,3.7697,58.45,13,46.15,true
0.83,NoDOGE,1,-28.6134,-7.9191,34.76,8,25.00,false
0.83,NoDOGE,2,256.5487,9.0981,35.59,10,60.00,true
0.83,NoDOGE,3,2.2365,1.9357,36.71,13,53.85,true
0.83,NoDOGE,4,73.6256,10.5968,10.15,9,55.56,true
0.83,NoDOGE,5,38.4821,9.2400,11.96,6,50.00,true
0.83,Legacy4,0,66.5739,6.6237,17.80,11,63.64,true
0.83,Legacy4,1,3.0398,1.5862,22.58,9,55.56,true
0.83,Legacy4,2,243.8076,10.0022,10.85,9,55.56,true
0.83,Legacy4,3,72.9972,6.8465,27.13,11,54.55,true
0.83,Legacy4,4,8.8769,3.0439,24.63,7,57.14,true
0.83,Legacy4,5,39.4750,8.8016,19.85,4,75.00,true
0.83,Legacy5BNB,0,91.1532,8.6527,17.80,11,63.64,true
0.83,Legacy5BNB,1,-13.4330,-1.5873,28.92,8,37.50,false
0.83,Legacy5BNB,2,243.8076,10.0022,10.85,9,55.56,true
0.83,Legacy5BNB,3,128.3050,12.1993,7.06,10,60.00,true
0.83,Legacy5BNB,4,63.1671,13.2002,10.11,7,71.43,true
0.83,Legacy5BNB,5,3.5969,1.8291,24.62,6,50.00,true
0.83,OldGuardNoBNB,0,12.0533,2.0727,22.71,12,50.00,true
0.83,OldGuardNoBNB,1,-56.8407,-5.1741,61.80,12,25.00,false
0.83,OldGuardNoBNB,2,243.8076,10.0022,10.85,9,55.56,true
0.83,OldGuardNoBNB,3,72.9972,6.8465,27.13,11,54.55,true
0.83,OldGuardNoBNB,4,8.8769,3.0439,24.63,7,57.14,true
0.83,OldGuardNoBNB,5,22.7429,4.5981,19.85,6,66.67,true
0.83,LargeCaps5,0,70.1077,5.1732,58.45,14,50.00,true
0.83,LargeCaps5,1,-28.6134,-7.9191,34.76,8,25.00,false
0.83,LargeCaps5,2,256.5487,9.0981,35.59,10,60.00,true
0.83,LargeCaps5,3,6.3496,2.2123,43.84,12,50.00,true
0.83,LargeCaps5,4,50.7038,9.2550,13.17,9,55.56,true
0.83,LargeCaps5,5,38.4821,9.2400,11.96,6,50.00,true
0.83,Legacy3,0,83.9415,7.3274,17.93,12,58.33,true
0.83,Legacy3,1,39.1545,6.5400,12.94,9,66.67,true
0.83,Legacy3,2,204.6218,10.4243,18.23,8,62.50,true
0.83,Legacy3,3,183.1733,19.7739,6.20,9,77.78,true
0.83,Legacy3,4,-34.1079,-7.2306,38.94,7,28.57,false
0.83,Legacy3,5,-31.7890,-4.3350,34.96,6,33.33,false
0.83,LowVolume5,0,-10.2242,0.0866,40.29,14,42.86,false
0.83,LowVolume5,1,-46.3631,-6.0375,46.36,11,27.27,false
0.83,LowVolume5,2,485.3883,12.4870,16.38,10,90.00,true
0.83,LowVolume5,3,-55.1154,-1.8589,80.86,13,38.46,false
0.83,LowVolume5,4,-43.8858,-6.9940,47.80,8,37.50,false
0.83,LowVolume5,5,9.1640,2.5713,40.02,9,44.44,true
0.83,OldGuard4,0,48.6288,4.4330,22.71,12,50.00,true
0.83,OldGuard4,1,-29.3608,-2.3151,40.84,10,40.00,false
0.83,OldGuard4,2,205.2710,9.6164,18.23,9,66.67,true
0.83,OldGuard4,3,183.1733,19.7739,6.20,9,77.78,true
0.83,OldGuard4,4,-15.5437,-2.8842,25.33,7,42.86,false
0.83,OldGuard4,5,-26.3487,-0.6281,59.53,10,40.00,false
0.84,Base5,0,95.0389,6.0141,58.45,14,50.00,true
0.84,Base5,1,125.8343,5.8642,35.94,10,40.00,true
0.84,Base5,2,190.1330,13.3137,10.85,11,63.64,true
0.84,Base5,3,-27.5263,-0.3115,45.35,13,53.85,false
0.84,Base5,4,59.1701,8.7365,17.63,9,55.56,true
0.84,Base5,5,32.7838,7.8850,11.96,6,50.00,true
0.84,NoDOGE,0,95.0389,6.0141,58.45,14,50.00,true
0.84,NoDOGE,1,-28.6134,-7.9191,34.76,8,25.00,false
0.84,NoDOGE,2,256.5487,9.0981,35.59,10,60.00,true
0.84,NoDOGE,3,2.2365,1.9357,36.71,13,53.85,true
0.84,NoDOGE,4,59.1701,8.7365,17.63,9,55.56,true
0.84,NoDOGE,5,38.4821,9.2400,11.96,6,50.00,true
0.84,Legacy4,0,49.4286,5.5774,23.78,11,54.55,true
0.84,Legacy4,1,3.0398,1.5862,22.58,9,55.56,true
0.84,Legacy4,2,243.8076,10.0022,10.85,9,55.56,true
0.84,Legacy4,3,72.9972,6.8465,27.13,11,54.55,true
0.84,Legacy4,4,8.8769,3.0439,24.63,7,57.14,true
0.84,Legacy4,5,39.4750,8.8016,19.85,4,75.00,true
0.84,Legacy5BNB,0,71.4779,7.3773,23.82,11,54.55,true
0.84,Legacy5BNB,1,-13.4330,-1.5873,28.92,8,37.50,false
0.84,Legacy5BNB,2,243.8076,10.0022,10.85,9,55.56,true
0.84,Legacy5BNB,3,128.3050,12.1993,7.06,10,60.00,true
0.84,Legacy5BNB,4,63.1671,13.2002,10.11,7,71.43,true
0.84,Legacy5BNB,5,3.5969,1.8291,24.62,6,50.00,true
0.84,OldGuardNoBNB,0,12.0533,2.0727,22.71,12,50.00,true
0.84,OldGuardNoBNB,1,-56.8407,-5.1741,61.80,12,25.00,false
0.84,OldGuardNoBNB,2,243.8076,10.0022,10.85,9,55.56,true
0.84,OldGuardNoBNB,3,72.9972,6.8465,27.13,11,54.55,true
0.84,OldGuardNoBNB,4,8.8769,3.0439,24.63,7,57.14,true
0.84,OldGuardNoBNB,5,22.7429,4.5981,19.85,6,66.67,true
0.84,LargeCaps5,0,95.0389,6.0141,58.45,14,50.00,true
0.84,LargeCaps5,1,-28.6134,-7.9191,34.76,8,25.00,false
0.84,LargeCaps5,2,256.5487,9.0981,35.59,10,60.00,true
0.84,LargeCaps5,3,6.3496,2.2123,43.84,12,50.00,true
0.84,LargeCaps5,4,38.1567,7.1432,20.40,9,55.56,true
0.84,LargeCaps5,5,38.4821,9.2400,11.96,6,50.00,true
0.84,Legacy3,0,63.7496,6.1800,24.37,12,50.00,true
0.84,Legacy3,1,39.1545,6.5400,12.94,9,66.67,true
0.84,Legacy3,2,272.5280,13.2185,15.03,7,71.43,true
0.84,Legacy3,3,183.1733,19.7739,6.20,9,77.78,true
0.84,Legacy3,4,-34.1079,-7.2306,38.94,7,28.57,false
0.84,Legacy3,5,-31.7890,-4.3350,34.96,6,33.33,false
0.84,LowVolume5,0,-10.2242,0.0866,40.29,14,42.86,false
0.84,LowVolume5,1,-46.3631,-6.0375,46.36,11,27.27,false
0.84,LowVolume5,2,485.3883,12.4870,16.38,10,90.00,true
0.84,LowVolume5,3,-55.1154,-1.8589,80.86,13,38.46,false
0.84,LowVolume5,4,-43.8858,-6.9940,47.80,8,37.50,false
0.84,LowVolume5,5,9.1640,2.5713,40.02,9,44.44,true
0.84,OldGuard4,0,48.6288,4.4330,22.71,12,50.00,true
0.84,OldGuard4,1,-29.3608,-2.3151,40.84,10,40.00,false
0.84,OldGuard4,2,273.3218,11.9647,15.03,8,75.00,true
0.84,OldGuard4,3,183.1733,19.7739,6.20,9,77.78,true
0.84,OldGuard4,4,-15.5437,-2.8842,25.33,7,42.86,false
0.84,OldGuard4,5,-26.3487,-0.6281,59.53,10,40.00,false
0.85,Base5,0,95.0389,6.0141,58.45,14,50.00,true
0.85,Base5,1,125.8343,5.8642,35.94,10,40.00,true
0.85,Base5,2,190.1330,13.3137,10.85,11,63.64,true
0.85,Base5,3,-27.5263,-0.3115,45.35,13,53.85,false
0.85,Base5,4,59.1701,8.7365,17.63,9,55.56,true
0.85,Base5,5,32.7838,7.8850,11.96,6,50.00,true
0.85,NoDOGE,0,95.0389,6.0141,58.45,14,50.00,true
0.85,NoDOGE,1,-28.6134,-7.9191,34.76,8,25.00,false
0.85,NoDOGE,2,256.5487,9.0981,35.59,10,60.00,true
0.85,NoDOGE,3,2.2365,1.9357,36.71,13,53.85,true
0.85,NoDOGE,4,59.1701,8.7365,17.63,9,55.56,true
0.85,NoDOGE,5,38.4821,9.2400,11.96,6,50.00,true
0.85,Legacy4,0,49.4286,5.5774,23.78,11,54.55,true
0.85,Legacy4,1,3.0398,1.5862,22.58,9,55.56,true
0.85,Legacy4,2,243.8076,10.0022,10.85,9,55.56,true
0.85,Legacy4,3,72.9972,6.8465,27.13,11,54.55,true
0.85,Legacy4,4,8.8769,3.0439,24.63,7,57.14,true
0.85,Legacy4,5,39.4750,8.8016,19.85,4,75.00,true
0.85,Legacy5BNB,0,71.4779,7.3773,23.82,11,54.55,true
0.85,Legacy5BNB,1,-13.4330,-1.5873,28.92,8,37.50,false
0.85,Legacy5BNB,2,243.8076,10.0022,10.85,9,55.56,true
0.85,Legacy5BNB,3,128.3050,12.1993,7.06,10,60.00,true
0.85,Legacy5BNB,4,63.1671,13.2002,10.11,7,71.43,true
0.85,Legacy5BNB,5,3.5969,1.8291,24.62,6,50.00,true
0.85,OldGuardNoBNB,0,12.0533,2.0727,22.71,12,50.00,true
0.85,OldGuardNoBNB,1,-56.8407,-5.1741,61.80,12,25.00,false
0.85,OldGuardNoBNB,2,243.8076,10.0022,10.85,9,55.56,true
0.85,OldGuardNoBNB,3,72.9972,6.8465,27.13,11,54.55,true
0.85,OldGuardNoBNB,4,8.8769,3.0439,24.63,7,57.14,true
0.85,OldGuardNoBNB,5,22.7429,4.5981,19.85,6,66.67,true
0.85,LargeCaps5,0,95.0389,6.0141,58.45,14,50.00,true
0.85,LargeCaps5,1,-28.6134,-7.9191,34.76,8,25.00,false
0.85,LargeCaps5,2,256.5487,9.0981,35.59,10,60.00,true
0.85,LargeCaps5,3,6.3496,2.2123,43.84,12,50.00,true
0.85,LargeCaps5,4,38.1567,7.1432,20.40,9,55.56,true
0.85,LargeCaps5,5,38.4821,9.2400,11.96,6,50.00,true
0.85,Legacy3,0,63.7496,6.1800,24.37,12,50.00,true
0.85,Legacy3,1,39.1545,6.5400,12.94,9,66.67,true
0.85,Legacy3,2,272.5280,13.2185,15.03,7,71.43,true
0.85,Legacy3,3,183.1733,19.7739,6.20,9,77.78,true
0.85,Legacy3,4,-34.1079,-7.2306,38.94,7,28.57,false
0.85,Legacy3,5,-31.7890,-4.3350,34.96,6,33.33,false
0.85,LowVolume5,0,-10.2242,0.0866,40.29,14,42.86,false
0.85,LowVolume5,1,-46.3631,-6.0375,46.36,11,27.27,false
0.85,LowVolume5,2,485.3883,12.4870,16.38,10,90.00,true
0.85,LowVolume5,3,-62.8812,-2.6413,84.17,13,38.46,false
0.85,LowVolume5,4,-43.8858,-6.9940,47.80,8,37.50,false
0.85,LowVolume5,5,9.1640,2.5713,40.02,9,44.44,true
0.85,OldGuard4,0,48.6288,4.4330,22.71,12,50.00,true
0.85,OldGuard4,1,-29.3608,-2.3151,40.84,10,40.00,false
0.85,OldGuard4,2,273.3218,11.9647,15.03,8,75.00,true
0.85,OldGuard4,3,183.1733,19.7739,6.20,9,77.78,true
0.85,OldGuard4,4,-15.5437,-2.8842,25.33,7,42.86,false
0.85,OldGuard4,5,-26.3487,-0.6281,59.53,10,40.00,false
0.86,Base5,0,118.5693,6.8694,58.45,13,53.85,true
0.86,Base5,1,125.8343,5.8642,35.94,10,40.00,true
0.86,Base5,2,190.1330,13.3137,10.85,11,63.64,true
0.86,Base5,3,-27.5263,-0.3115,45.35,13,53.85,false
0.86,Base5,4,59.1701,8.7365,17.63,9,55.56,true
0.86,Base5,5,32.7838,7.8850,11.96,6,50.00,true
0.86,NoDOGE,0,118.5693,6.8694,58.45,13,53.85,true
0.86,NoDOGE,1,-28.6134,-7.9191,34.76,8,25.00,false
0.86,NoDOGE,2,256.5487,9.0981,35.59,10,60.00,true
0.86,NoDOGE,3,2.2365,1.9357,36.71,13,53.85,true
0.86,NoDOGE,4,59.1701,8.7365,17.63,9,55.56,true
0.86,NoDOGE,5,38.4821,9.2400,11.96,6,50.00,true
0.86,Legacy4,0,49.4286,5.5774,23.78,11,54.55,true
0.86,Legacy4,1,3.0398,1.5862,22.58,9,55.56,true
0.86,Legacy4,2,243.8076,10.0022,10.85,9,55.56,true
0.86,Legacy4,3,72.9972,6.8465,27.13,11,54.55,true
0.86,Legacy4,4,8.8769,3.0439,24.63,7,57.14,true
0.86,Legacy4,5,39.4750,8.8016,19.85,4,75.00,true
0.86,Legacy5BNB,0,71.4779,7.3773,23.82,11,54.55,true
0.86,Legacy5BNB,1,-13.4330,-1.5873,28.92,8,37.50,false
0.86,Legacy5BNB,2,243.8076,10.0022,10.85,9,55.56,true
0.86,Legacy5BNB,3,128.3050,12.1993,7.06,10,60.00,true
0.86,Legacy5BNB,4,63.1671,13.2002,10.11,7,71.43,true
0.86,Legacy5BNB,5,3.5969,1.8291,24.62,6,50.00,true
0.86,OldGuardNoBNB,0,25.5720,3.1272,22.71,11,54.55,true
0.86,OldGuardNoBNB,1,-56.8407,-5.1741,61.80,12,25.00,false
0.86,OldGuardNoBNB,2,243.8076,10.0022,10.85,9,55.56,true
0.86,OldGuardNoBNB,3,72.9972,6.8465,27.13,11,54.55,true
0.86,OldGuardNoBNB,4,8.8769,3.0439,24.63,7,57.14,true
0.86,OldGuardNoBNB,5,22.7429,4.5981,19.85,6,66.67,true
0.86,LargeCaps5,0,118.5693,6.8694,58.45,13,53.85,true
0.86,LargeCaps5,1,-28.6134,-7.9191,34.76,8,25.00,false
0.86,LargeCaps5,2,256.5487,9.0981,35.59,10,60.00,true
0.86,LargeCaps5,3,6.3496,2.2123,43.84,12,50.00,true
0.86,LargeCaps5,4,38.1567,7.1432,20.40,9,55.56,true
0.86,LargeCaps5,5,38.4821,9.2400,11.96,6,50.00,true
0.86,Legacy3,0,63.7496,6.1800,24.37,12,50.00,true
0.86,Legacy3,1,39.1545,6.5400,12.94,9,66.67,true
0.86,Legacy3,2,272.5280,13.2185,15.03,7,71.43,true
0.86,Legacy3,3,183.1733,19.7739,6.20,9,77.78,true
0.86,Legacy3,4,-34.1079,-7.2306,38.94,7,28.57,false
0.86,Legacy3,5,-31.7890,-4.3350,34.96,6,33.33,false
0.86,LowVolume5,0,-10.2242,0.0866,40.29,14,42.86,false
0.86,LowVolume5,1,-46.3631,-6.0375,46.36,11,27.27,false
0.86,LowVolume5,2,485.3883,12.4870,16.38,10,90.00,true
0.86,LowVolume5,3,-62.8812,-2.6413,84.17,13,38.46,false
0.86,LowVolume5,4,-43.8858,-6.9940,47.80,8,37.50,false
0.86,LowVolume5,5,9.1640,2.5713,40.02,9,44.44,true
0.86,OldGuard4,0,77.0789,5.8682,22.71,12,58.33,true
0.86,OldGuard4,1,-29.3608,-2.3151,40.84,10,40.00,false
0.86,OldGuard4,2,273.3218,11.9647,15.03,8,75.00,true
0.86,OldGuard4,3,183.1733,19.7739,6.20,9,77.78,true
0.86,OldGuard4,4,-15.5437,-2.8842,25.33,7,42.86,false
0.86,OldGuard4,5,-26.3487,-0.6281,59.53,10,40.00,false
0.87,Base5,0,118.5693,6.8694,58.45,13,53.85,true
0.87,Base5,1,125.8343,5.8642,35.94,10,40.00,true
0.87,Base5,2,217.4809,15.8206,10.85,10,70.00,true
0.87,Base5,3,-27.5263,-0.3115,45.35,13,53.85,false
0.87,Base5,4,59.1701,8.7365,17.63,9,55.56,true
0.87,Base5,5,32.7838,7.8850,11.96,6,50.00,true
0.87,NoDOGE,0,118.5693,6.8694,58.45,13,53.85,true
0.87,NoDOGE,1,-28.6134,-7.9191,34.76,8,25.00,false
0.87,NoDOGE,2,290.1569,10.0949,35.59,9,66.67,true
0.87,NoDOGE,3,2.2365,1.9357,36.71,13,53.85,true
0.87,NoDOGE,4,59.1701,8.7365,17.63,9,55.56,true
0.87,NoDOGE,5,38.4821,9.2400,11.96,6,50.00,true
0.87,Legacy4,0,49.4286,5.5774,23.78,11,54.55,true
0.87,Legacy4,1,3.0398,1.5862,22.58,9,55.56,true
0.87,Legacy4,2,243.8076,10.0022,10.85,9,55.56,true
0.87,Legacy4,3,72.9972,6.8465,27.13,11,54.55,true
0.87,Legacy4,4,8.8769,3.0439,24.63,7,57.14,true
0.87,Legacy4,5,39.4750,8.8016,19.85,4,75.00,true
0.87,Legacy5BNB,0,71.4779,7.3773,23.82,11,54.55,true
0.87,Legacy5BNB,1,-13.4330,-1.5873,28.92,8,37.50,false
0.87,Legacy5BNB,2,243.8076,10.0022,10.85,9,55.56,true
0.87,Legacy5BNB,3,128.3050,12.1993,7.06,10,60.00,true
0.87,Legacy5BNB,4,63.1671,13.2002,10.11,7,71.43,true
0.87,Legacy5BNB,5,3.5969,1.8291,24.62,6,50.00,true
0.87,OldGuardNoBNB,0,25.5720,3.1272,22.71,11,54.55,true
0.87,OldGuardNoBNB,1,-56.8407,-5.1741,61.80,12,25.00,false
0.87,OldGuardNoBNB,2,243.8076,10.0022,10.85,9,55.56,true
0.87,OldGuardNoBNB,3,72.9972,6.8465,27.13,11,54.55,true
0.87,OldGuardNoBNB,4,8.8769,3.0439,24.63,7,57.14,true
0.87,OldGuardNoBNB,5,22.7429,4.5981,19.85,6,66.67,true
0.87,LargeCaps5,0,118.5693,6.8694,58.45,13,53.85,true
0.87,LargeCaps5,1,-28.6134,-7.9191,34.76,8,25.00,false
0.87,LargeCaps5,2,290.1569,10.0949,35.59,9,66.67,true
0.87,LargeCaps5,3,6.3496,2.2123,43.84,12,50.00,true
0.87,LargeCaps5,4,38.1567,7.1432,20.40,9,55.56,true
0.87,LargeCaps5,5,38.4821,9.2400,11.96,6,50.00,true
0.87,Legacy3,0,63.7496,6.1800,24.37,12,50.00,true
0.87,Legacy3,1,39.1545,6.5400,12.94,9,66.67,true
0.87,Legacy3,2,272.5280,13.2185,15.03,7,71.43,true
0.87,Legacy3,3,183.1733,19.7739,6.20,9,77.78,true
0.87,Legacy3,4,-34.1079,-7.2306,38.94,7,28.57,false
0.87,Legacy3,5,-31.7890,-4.3350,34.96,6,33.33,false
0.87,LowVolume5,0,-10.2242,0.0866,40.29,14,42.86,false
0.87,LowVolume5,1,-46.3631,-6.0375,46.36,11,27.27,false
0.87,LowVolume5,2,485.3883,12.4870,16.38,10,90.00,true
0.87,LowVolume5,3,-62.8812,-2.6413,84.17,13,38.46,false
0.87,LowVolume5,4,-43.8858,-6.9940,47.80,8,37.50,false
0.87,LowVolume5,5,9.1640,2.5713,40.02,9,44.44,true
0.87,OldGuard4,0,77.0789,5.8682,22.71,12,58.33,true
0.87,OldGuard4,1,-29.3608,-2.3151,40.84,10,40.00,false
0.87,OldGuard4,2,273.3218,11.9647,15.03,8,75.00,true
0.87,OldGuard4,3,183.1733,19.7739,6.20,9,77.78,true
0.87,OldGuard4,4,-15.5437,-2.8842,25.33,7,42.86,false
0.87,OldGuard4,5,-26.3487,-0.6281,59.53,10,40.00,false
0.88,Base5,0,118.5693,6.8694,58.45,13,53.85,true
0.88,Base5,1,125.8343,5.8642,35.94,10,40.00,true
0.88,Base5,2,217.4809,15.8206,10.85,10,70.00,true
0.88,Base5,3,31.6103,3.8903,45.35,12,66.67,true
0.88,Base5,4,53.5355,8.3197,17.63,9,55.56,true
0.88,Base5,5,32.7838,7.8850,11.96,6,50.00,true
0.88,NoDOGE,0,118.5693,6.8694,58.45,13,53.85,true
0.88,NoDOGE,1,-28.6134,-7.9191,34.76,8,25.00,false
0.88,NoDOGE,2,241.8562,9.4238,35.59,9,66.67,true
0.88,NoDOGE,3,85.6587,6.4137,36.71,12,66.67,true
0.88,NoDOGE,4,53.5355,8.3197,17.63,9,55.56,true
0.88,NoDOGE,5,42.9757,11.4810,11.96,5,60.00,true
0.88,Legacy4,0,49.4286,5.5774,23.78,11,54.55,true
0.88,Legacy4,1,3.0398,1.5862,22.58,9,55.56,true
0.88,Legacy4,2,222.8086,9.5821,15.07,9,55.56,true
0.88,Legacy4,3,72.9972,6.8465,27.13,11,54.55,true
0.88,Legacy4,4,5.0226,2.2709,24.63,7,57.14,true
0.88,Legacy4,5,39.4750,8.8016,19.85,4,75.00,true
0.88,Legacy5BNB,0,71.4779,7.3773,23.82,11,54.55,true
0.88,Legacy5BNB,1,-13.4330,-1.5873,28.92,8,37.50,false
0.88,Legacy5BNB,2,222.8086,9.5821,15.07,9,55.56,true
0.88,Legacy5BNB,3,128.3050,12.1993,7.06,10,60.00,true
0.88,Legacy5BNB,4,57.3910,12.7991,10.11,7,71.43,true
0.88,Legacy5BNB,5,3.5969,1.8291,24.62,6,50.00,true
0.88,OldGuardNoBNB,0,25.5720,3.1272,22.71,11,54.55,true
0.88,OldGuardNoBNB,1,-56.8407,-5.1741,61.80,12,25.00,false
0.88,OldGuardNoBNB,2,222.8086,9.5821,15.07,9,55.56,true
0.88,OldGuardNoBNB,3,72.9972,6.8465,27.13,11,54.55,true
0.88,OldGuardNoBNB,4,5.0226,2.2709,24.63,7,57.14,true
0.88,OldGuardNoBNB,5,22.7429,4.5981,19.85,6,66.67,true
0.88,LargeCaps5,0,118.5693,6.8694,58.45,13,53.85,true
0.88,LargeCaps5,1,-28.6134,-7.9191,34.76,8,25.00,false
0.88,LargeCaps5,2,241.8562,9.4238,35.59,9,66.67,true
0.88,LargeCaps5,3,93.1279,6.8148,43.84,11,63.64,true
0.88,LargeCaps5,4,33.2660,6.6814,20.40,9,55.56,true
0.88,LargeCaps5,5,42.9757,11.4810,11.96,5,60.00,true
0.88,Legacy3,0,63.7496,6.1800,24.37,12,50.00,true
0.88,Legacy3,1,39.1545,6.5400,12.94,9,66.67,true
0.88,Legacy3,2,272.5280,13.2185,15.03,7,71.43,true
0.88,Legacy3,3,183.1733,19.7739,6.20,9,77.78,true
0.88,Legacy3,4,-36.4404,-8.7011,38.94,7,28.57,false
0.88,Legacy3,5,-31.7890,-4.3350,34.96,6,33.33,false
0.88,LowVolume5,0,-10.2242,0.0866,40.29,14,42.86,false
0.88,LowVolume5,1,-46.3631,-6.0375,46.36,11,27.27,false
0.88,LowVolume5,2,485.3883,12.4870,16.38,10,90.00,true
0.88,LowVolume5,3,-52.8497,-1.3352,79.89,13,46.15,false
0.88,LowVolume5,4,-44.8301,-8.0718,47.80,7,28.57,false
0.88,LowVolume5,5,31.5121,4.7250,27.74,8,50.00,true
0.88,OldGuard4,0,77.0789,5.8682,22.71,12,58.33,true
0.88,OldGuard4,1,-29.3608,-2.3151,40.84,10,40.00,false
0.88,OldGuard4,2,273.3218,11.9647,15.03,8,75.00,true
0.88,OldGuard4,3,183.1733,19.7739,6.20,9,77.78,true
0.88,OldGuard4,4,-18.5335,-4.2044,25.33,7,42.86,false
0.88,OldGuard4,5,-11.2709,0.7904,51.25,9,44.44,false
0.89,Base5,0,118.5693,6.8694,58.45,13,53.85,true
0.89,Base5,1,125.8343,5.8642,35.94,10,40.00,true
0.89,Base5,2,217.4809,15.8206,10.85,10,70.00,true
0.89,Base5,3,31.6103,3.8903,45.35,12,66.67,true
0.89,Base5,4,53.5355,8.3197,17.63,9,55.56,true
0.89,Base5,5,32.7838,7.8850,11.96,6,50.00,true
0.89,NoDOGE,0,118.5693,6.8694,58.45,13,53.85,true
0.89,NoDOGE,1,-28.6134,-7.9191,34.76,8,25.00,false
0.89,NoDOGE,2,241.8562,9.4238,35.59,9,66.67,true
0.89,NoDOGE,3,85.6587,6.4137,36.71,12,66.67,true
0.89,NoDOGE,4,53.5355,8.3197,17.63,9,55.56,true
0.89,NoDOGE,5,42.9757,11.4810,11.96,5,60.00,true
0.89,Legacy4,0,49.4286,5.5774,23.78,11,54.55,true
0.89,Legacy4,1,3.0398,1.5862,22.58,9,55.56,true
0.89,Legacy4,2,222.8086,9.5821,15.07,9,55.56,true
0.89,Legacy4,3,30.5190,4.2927,29.87,11,54.55,true
0.89,Legacy4,4,5.0226,2.2709,24.63,7,57.14,true
0.89,Legacy4,5,39.4750,8.8016,19.85,4,75.00,true
0.89,Legacy5BNB,0,71.4779,7.3773,23.82,11,54.55,true
0.89,Legacy5BNB,1,-13.4330,-1.5873,28.92,8,37.50,false
0.89,Legacy5BNB,2,222.8086,9.5821,15.07,9,55.56,true
0.89,Legacy5BNB,3,72.2463,10.1192,7.45,10,60.00,true
0.89,Legacy5BNB,4,57.3910,12.7991,10.11,7,71.43,true
0.89,Legacy5BNB,5,4.5440,2.2088,24.62,5,60.00,true
0.89,OldGuardNoBNB,0,25.5720,3.1272,22.71,11,54.55,true
0.89,OldGuardNoBNB,1,-56.8407,-5.1741,61.80,12,25.00,false
0.89,OldGuardNoBNB,2,222.8086,9.5821,15.07,9,55.56,true
0.89,OldGuardNoBNB,3,30.5190,4.2927,29.87,11,54.55,true
0.89,OldGuardNoBNB,4,5.0226,2.2709,24.63,7,57.14,true
0.89,OldGuardNoBNB,5,22.7429,4.5981,19.85,6,66.67,true
0.89,LargeCaps5,0,118.5693,6.8694,58.45,13,53.85,true
0.89,LargeCaps5,1,-28.6134,-7.9191,34.76,8,25.00,false
0.89,LargeCaps5,2,241.8562,9.4238,35.59,9,66.67,true
0.89,LargeCaps5,3,141.1331,11.8739,7.06,10,70.00,true
0.89,LargeCaps5,4,33.2660,6.6814,20.40,9,55.56,true
0.89,LargeCaps5,5,42.9757,11.4810,11.96,5,60.00,true
0.89,Legacy3,0,63.7496,6.1800,24.37,12,50.00,true
0.89,Legacy3,1,16.8830,3.6902,21.41,9,55.56,true
0.89,Legacy3,2,272.5280,13.2185,15.03,7,71.43,true
0.89,Legacy3,3,183.1733,19.7739,6.20,9,77.78,true
0.89,Legacy3,4,-36.4404,-8.7011,38.94,7,28.57,false
0.89,Legacy3,5,-31.7890,-4.3350,34.96,6,33.33,false
0.89,LowVolume5,0,-10.2242,0.0866,40.29,14,42.86,false
0.89,LowVolume5,1,-58.9461,-8.6309,58.95,11,18.18,false
0.89,LowVolume5,2,485.3883,12.4870,16.38,10,90.00,true
0.89,LowVolume5,3,-52.8497,-1.3352,79.89,13,46.15,false
0.89,LowVolume5,4,-44.8301,-8.0718,47.80,7,28.57,false
0.89,LowVolume5,5,31.5121,4.7250,27.74,8,50.00,true
0.89,OldGuard4,0,77.0789,5.8682,22.71,12,58.33,true
0.89,OldGuard4,1,-29.3608,-2.3151,40.84,10,40.00,false
0.89,OldGuard4,2,273.3218,11.9647,15.03,8,75.00,true
0.89,OldGuard4,3,183.1733,19.7739,6.20,9,77.78,true
0.89,OldGuard4,4,-18.5335,-4.2044,25.33,7,42.86,false
0.89,OldGuard4,5,-11.2709,0.7904,51.25,9,44.44,false
0.90,Base5,0,118.5693,6.8694,58.45,13,53.85,true
0.90,Base5,1,125.8343,5.8642,35.94,10,40.00,true
0.90,Base5,2,217.4809,15.8206,10.85,10,70.00,true
0.90,Base5,3,31.6103,3.8903,45.35,12,66.67,true
0.90,Base5,4,53.5355,8.3197,17.63,9,55.56,true
0.90,Base5,5,32.7838,7.8850,11.96,6,50.00,true
0.90,NoDOGE,0,118.5693,6.8694,58.45,13,53.85,true
0.90,NoDOGE,1,-28.6134,-7.9191,34.76,8,25.00,false
0.90,NoDOGE,2,241.8562,9.4238,35.59,9,66.67,true
0.90,NoDOGE,3,85.6587,6.4137,36.71,12,66.67,true
0.90,NoDOGE,4,53.5355,8.3197,17.63,9,55.56,true
0.90,NoDOGE,5,42.9757,11.4810,11.96,5,60.00,true
0.90,Legacy4,0,49.4286,5.5774,23.78,11,54.55,true
0.90,Legacy4,1,3.0398,1.5862,22.58,9,55.56,true
0.90,Legacy4,2,222.8086,9.5821,15.07,9,55.56,true
0.90,Legacy4,3,30.5190,4.2927,29.87,11,54.55,true
0.90,Legacy4,4,5.0226,2.2709,24.63,7,57.14,true
0.90,Legacy4,5,39.4750,8.8016,19.85,4,75.00,true
0.90,Legacy5BNB,0,71.4779,7.3773,23.82,11,54.55,true
0.90,Legacy5BNB,1,-13.4330,-1.5873,28.92,8,37.50,false
0.90,Legacy5BNB,2,222.8086,9.5821,15.07,9,55.56,true
0.90,Legacy5BNB,3,72.2463,10.1192,7.45,10,60.00,true
0.90,Legacy5BNB,4,57.3910,12.7991,10.11,7,71.43,true
0.90,Legacy5BNB,5,4.5440,2.2088,24.62,5,60.00,true
0.90,OldGuardNoBNB,0,25.5720,3.1272,22.71,11,54.55,true
0.90,OldGuardNoBNB,1,-62.5086,-7.1743,66.82,11,18.18,false
0.90,OldGuardNoBNB,2,222.8086,9.5821,15.07,9,55.56,true
0.90,OldGuardNoBNB,3,30.5190,4.2927,29.87,11,54.55,true
0.90,OldGuardNoBNB,4,5.0226,2.2709,24.63,7,57.14,true
0.90,OldGuardNoBNB,5,22.7429,4.5981,19.85,6,66.67,true
0.90,LargeCaps5,0,118.5693,6.8694,58.45,13,53.85,true
0.90,LargeCaps5,1,-28.6134,-7.9191,34.76,8,25.00,false
0.90,LargeCaps5,2,241.8562,9.4238,35.59,9,66.67,true
0.90,LargeCaps5,3,141.1331,11.8739,7.06,10,70.00,true
0.90,LargeCaps5,4,33.2660,6.6814,20.40,9,55.56,true
0.90,LargeCaps5,5,42.9757,11.4810,11.96,5,60.00,true
0.90,Legacy3,0,63.7496,6.1800,24.37,12,50.00,true
0.90,Legacy3,1,16.8830,3.6902,21.41,9,55.56,true
0.90,Legacy3,2,272.5280,13.2185,15.03,7,71.43,true
0.90,Legacy3,3,183.1733,19.7739,6.20,9,77.78,true
0.90,Legacy3,4,-36.4404,-8.7011,38.94,7,28.57,false
0.90,Legacy3,5,-31.7890,-4.3350,34.96,6,33.33,false
0.90,LowVolume5,0,-10.2242,0.0866,40.29,14,42.86,false
0.90,LowVolume5,1,-52.5238,-6.7850,53.64,10,20.00,false
0.90,LowVolume5,2,485.3883,12.4870,16.38,10,90.00,true
0.90,LowVolume5,3,-52.8497,-1.3352,79.89,13,46.15,false
0.90,LowVolume5,4,-44.8301,-8.0718,47.80,7,28.57,false
0.90,LowVolume5,5,31.5121,4.7250,27.74,8,50.00,true
0.90,OldGuard4,0,77.0789,5.8682,22.71,12,58.33,true
0.90,OldGuard4,1,-18.3103,-0.5986,39.62,9,44.44,false
0.90,OldGuard4,2,273.3218,11.9647,15.03,8,75.00,true
0.90,OldGuard4,3,183.1733,19.7739,6.20,9,77.78,true
0.90,OldGuard4,4,-18.5335,-4.2044,25.33,7,42.86,false
0.90,OldGuard4,5,-11.2709,0.7904,51.25,9,44.44,false
0.91,Base5,0,118.5693,6.8694,58.45,13,53.85,true
0.91,Base5,1,113.6296,5.6995,35.94,10,40.00,true
0.91,Base5,2,217.4809,15.8206,10.85,10,70.00,true
0.91,Base5,3,31.6103,3.8903,45.35,12,66.67,true
0.91,Base5,4,53.5355,8.3197,17.63,9,55.56,true
0.91,Base5,5,32.7838,7.8850,11.96,6,50.00,true
0.91,NoDOGE,0,118.5693,6.8694,58.45,13,53.85,true
0.91,NoDOGE,1,-26.3594,-6.4995,34.76,8,25.00,false
0.91,NoDOGE,2,241.8562,9.4238,35.59,9,66.67,true
0.91,NoDOGE,3,85.6587,6.4137,36.71,12,66.67,true
0.91,NoDOGE,4,53.5355,8.3197,17.63,9,55.56,true
0.91,NoDOGE,5,42.9757,11.4810,11.96,5,60.00,true
0.91,Legacy4,0,49.4286,5.5774,23.78,11,54.55,true
0.91,Legacy4,1,6.2934,2.1434,22.58,9,55.56,true
0.91,Legacy4,2,222.8086,9.5821,15.07,9,55.56,true
0.91,Legacy4,3,30.5190,4.2927,29.87,11,54.55,true
0.91,Legacy4,4,5.0226,2.2709,24.63,7,57.14,true
0.91,Legacy4,5,39.4750,8.8016,19.85,4,75.00,true
0.91,Legacy5BNB,0,71.4779,7.3773,23.82,11,54.55,true
0.91,Legacy5BNB,1,-10.6996,-0.8857,28.92,8,37.50,false
0.91,Legacy5BNB,2,222.8086,9.5821,15.07,9,55.56,true
0.91,Legacy5BNB,3,72.2463,10.1192,7.45,10,60.00,true
0.91,Legacy5BNB,4,57.3910,12.7991,10.11,7,71.43,true
0.91,Legacy5BNB,5,4.5440,2.2088,24.62,5,60.00,true
0.91,OldGuardNoBNB,0,25.5720,3.1272,22.71,11,54.55,true
0.91,OldGuardNoBNB,1,-61.3248,-6.7339,65.77,11,18.18,false
0.91,OldGuardNoBNB,2,222.8086,9.5821,15.07,9,55.56,true
0.91,OldGuardNoBNB,3,30.5190,4.2927,29.87,11,54.55,true
0.91,OldGuardNoBNB,4,5.0226,2.2709,24.63,7,57.14,true
0.91,OldGuardNoBNB,5,22.7429,4.5981,19.85,6,66.67,true
0.91,LargeCaps5,0,118.5693,6.8694,58.45,13,53.85,true
0.91,LargeCaps5,1,-26.3594,-6.4995,34.76,8,25.00,false
0.91,LargeCaps5,2,241.8562,9.4238,35.59,9,66.67,true
0.91,LargeCaps5,3,141.1331,11.8739,7.06,10,70.00,true
0.91,LargeCaps5,4,33.2660,6.6814,20.40,9,55.56,true
0.91,LargeCaps5,5,42.9757,11.4810,11.96,5,60.00,true
0.91,Legacy3,0,63.7496,6.1800,24.37,12,50.00,true
0.91,Legacy3,1,26.4394,5.4665,21.41,8,62.50,true
0.91,Legacy3,2,272.5280,13.2185,15.03,7,71.43,true
0.91,Legacy3,3,183.1733,19.7739,6.20,9,77.78,true
0.91,Legacy3,4,-36.4404,-8.7011,38.94,7,28.57,false
0.91,Legacy3,5,-31.7890,-4.3350,34.96,6,33.33,false
0.91,LowVolume5,0,-10.2242,0.0866,40.29,14,42.86,false
0.91,LowVolume5,1,-45.7081,-5.7458,46.99,9,22.22,false
0.91,LowVolume5,2,485.3883,12.4870,16.38,10,90.00,true
0.91,LowVolume5,3,-52.8497,-1.3352,79.89,13,46.15,false
0.91,LowVolume5,4,-44.8301,-8.0718,47.80,7,28.57,false
0.91,LowVolume5,5,64.2747,7.2783,27.20,8,62.50,true
0.91,OldGuard4,0,77.0789,5.8682,22.71,12,58.33,true
0.91,OldGuard4,1,-22.7250,-1.3121,39.62,9,44.44,false
0.91,OldGuard4,2,273.3218,11.9647,15.03,8,75.00,true
0.91,OldGuard4,3,183.1733,19.7739,6.20,9,77.78,true
0.91,OldGuard4,4,-18.5335,-4.2044,25.33,7,42.86,false
0.91,OldGuard4,5,-11.2709,0.7904,51.25,9,44.44,false
0.92,Base5,0,118.5693,6.8694,58.45,13,53.85,true
0.92,Base5,1,113.6296,5.6995,35.94,10,40.00,true
0.92,Base5,2,217.4809,15.8206,10.85,10,70.00,true
0.92,Base5,3,22.6968,3.4982,47.55,12,66.67,true
0.92,Base5,4,53.5355,8.3197,17.63,9,55.56,true
0.92,Base5,5,32.7838,7.8850,11.96,6,50.00,true
0.92,NoDOGE,0,118.5693,6.8694,58.45,13,53.85,true
0.92,NoDOGE,1,-26.3594,-6.4995,34.76,8,25.00,false
0.92,NoDOGE,2,241.8562,9.4238,35.59,9,66.67,true
0.92,NoDOGE,3,73.0848,5.9203,41.00,12,66.67,true
0.92,NoDOGE,4,53.5355,8.3197,17.63,9,55.56,true
0.92,NoDOGE,5,42.9757,11.4810,11.96,5,60.00,true
0.92,Legacy4,0,49.4286,5.5774,23.78,11,54.55,true
0.92,Legacy4,1,6.2934,2.1434,22.58,9,55.56,true
0.92,Legacy4,2,222.8086,9.5821,15.07,9,55.56,true
0.92,Legacy4,3,21.6795,3.5068,29.87,11,54.55,true
0.92,Legacy4,4,5.0226,2.2709,24.63,7,57.14,true
0.92,Legacy4,5,39.4750,8.8016,19.85,4,75.00,true
0.92,Legacy5BNB,0,71.4779,7.3773,23.82,11,54.55,true
0.92,Legacy5BNB,1,-10.6996,-0.8857,28.92,8,37.50,false
0.92,Legacy5BNB,2,222.8086,9.5821,15.07,9,55.56,true
0.92,Legacy5BNB,3,60.5808,8.4971,13.35,10,60.00,true
0.92,Legacy5BNB,4,57.3910,12.7991,10.11,7,71.43,true
0.92,Legacy5BNB,5,4.5440,2.2088,24.62,5,60.00,true
0.92,OldGuardNoBNB,0,25.5720,3.1272,22.71,11,54.55,true
0.92,OldGuardNoBNB,1,-58.3027,-6.0615,63.10,11,18.18,false
0.92,OldGuardNoBNB,2,222.8086,9.5821,15.07,9,55.56,true
0.92,OldGuardNoBNB,3,21.6795,3.5068,29.87,11,54.55,true
0.92,OldGuardNoBNB,4,5.0226,2.2709,24.63,7,57.14,true
0.92,OldGuardNoBNB,5,22.7429,4.5981,19.85,6,66.67,true
0.92,LargeCaps5,0,118.5693,6.8694,58.45,13,53.85,true
0.92,LargeCaps5,1,-26.3594,-6.4995,34.76,8,25.00,false
0.92,LargeCaps5,2,241.8562,9.4238,35.59,9,66.67,true
0.92,LargeCaps5,3,124.8021,10.7209,13.35,10,70.00,true
0.92,LargeCaps5,4,33.2660,6.6814,20.40,9,55.56,true
0.92,LargeCaps5,5,42.9757,11.4810,11.96,5,60.00,true
0.92,Legacy3,0,63.7496,6.1800,24.37,12,50.00,true
0.92,Legacy3,1,26.4394,5.4665,21.41,8,62.50,true
0.92,Legacy3,2,272.5280,13.2185,15.03,7,71.43,true
0.92,Legacy3,3,183.1733,19.7739,6.20,9,77.78,true
0.92,Legacy3,4,-36.4404,-8.7011,38.94,7,28.57,false
0.92,Legacy3,5,-31.7890,-4.3350,34.96,6,33.33,false
0.92,LowVolume5,0,-10.2242,0.0866,40.29,14,42.86,false
0.92,LowVolume5,1,-45.7081,-5.7458,46.99,9,22.22,false
0.92,LowVolume5,2,485.3883,12.4870,16.38,10,90.00,true
0.92,LowVolume5,3,-52.8497,-1.3352,79.89,13,46.15,false
0.92,LowVolume5,4,-44.8301,-8.0718,47.80,7,28.57,false
0.92,LowVolume5,5,64.2747,7.2783,27.20,8,62.50,true
0.92,OldGuard4,0,77.0789,5.8682,22.71,12,58.33,true
0.92,OldGuard4,1,-22.7250,-1.3121,39.62,9,44.44,false
0.92,OldGuard4,2,273.3218,11.9647,15.03,8,75.00,true
0.92,OldGuard4,3,183.1733,19.7739,6.20,9,77.78,true
0.92,OldGuard4,4,-18.5335,-4.2044,25.33,7,42.86,false
0.92,OldGuard4,5,-11.2709,0.7904,51.25,9,44.44,false
0.93,Base5,0,118.5693,6.8694,58.45,13,53.85,true
0.93,Base5,1,113.6296,5.6995,35.94,10,40.00,true
0.93,Base5,2,217.4809,15.8206,10.85,10,70.00,true
0.93,Base5,3,22.6968,3.4982,47.55,12,66.67,true
0.93,Base5,4,53.5355,8.3197,17.63,9,55.56,true
0.93,Base5,5,32.7838,7.8850,11.96,6,50.00,true
0.93,NoDOGE,0,118.5693,6.8694,58.45,13,53.85,true
0.93,NoDOGE,1,-30.1222,-6.5301,38.09,8,25.00,false
0.93,NoDOGE,2,241.8562,9.4238,35.59,9,66.67,true
0.93,NoDOGE,3,73.0848,5.9203,41.00,12,66.67,true
0.93,NoDOGE,4,53.5355,8.3197,17.63,9,55.56,true
0.93,NoDOGE,5,42.9757,11.4810,11.96,5,60.00,true
0.93,Legacy4,0,49.4286,5.5774,23.78,11,54.55,true
0.93,Legacy4,1,0.8621,1.2720,26.54,9,55.56,true
0.93,Legacy4,2,222.8086,9.5821,15.07,9,55.56,true
0.93,Legacy4,3,21.6795,3.5068,29.87,11,54.55,true
0.93,Legacy4,4,5.0226,2.2709,24.63,7,57.14,true
0.93,Legacy4,5,18.4477,5.1598,19.85,4,75.00,true
0.93,Legacy5BNB,0,71.4779,7.3773,23.82,11,54.55,true
0.93,Legacy5BNB,1,-15.2626,-1.5162,32.55,8,37.50,false
0.93,Legacy5BNB,2,222.8086,9.5821,15.07,9,55.56,true
0.93,Legacy5BNB,3,60.5808,8.4971,13.35,10,60.00,true
0.93,Legacy5BNB,4,57.3910,12.7991,10.11,7,71.43,true
0.93,Legacy5BNB,5,4.5440,2.2088,24.62,5,60.00,true
0.93,OldGuardNoBNB,0,25.5720,3.1272,22.71,11,54.55,true
0.93,OldGuardNoBNB,1,-60.4333,-6.3075,64.98,11,18.18,false
0.93,OldGuardNoBNB,2,222.8086,9.5821,15.07,9,55.56,true
0.93,OldGuardNoBNB,3,21.6795,3.5068,29.87,11,54.55,true
0.93,OldGuardNoBNB,4,5.0226,2.2709,24.63,7,57.14,true
0.93,OldGuardNoBNB,5,22.7429,4.5981,19.85,6,66.67,true
0.93,LargeCaps5,0,118.5693,6.8694,58.45,13,53.85,true
0.93,LargeCaps5,1,-30.1222,-6.5301,38.09,8,25.00,false
0.93,LargeCaps5,2,241.8562,9.4238,35.59,9,66.67,true
0.93,LargeCaps5,3,124.8021,10.7209,13.35,10,70.00,true
0.93,LargeCaps5,4,33.2660,6.6814,20.40,9,55.56,true
0.93,LargeCaps5,5,42.9757,11.4810,11.96,5,60.00,true
0.93,Legacy3,0,63.7496,6.1800,24.37,12,50.00,true
0.93,Legacy3,1,26.4394,5.4665,21.41,8,62.50,true
0.93,Legacy3,2,272.5280,13.2185,15.03,7,71.43,true
0.93,Legacy3,3,183.1733,19.7739,6.20,9,77.78,true
0.93,Legacy3,4,-36.4404,-8.7011,38.94,7,28.57,false
0.93,Legacy3,5,-42.0725,-8.7599,42.70,6,33.33,false
0.93,LowVolume5,0,-16.6312,-0.4242,44.55,14,42.86,false
0.93,LowVolume5,1,-45.7081,-5.7458,46.99,9,22.22,false
0.93,LowVolume5,2,485.3883,12.4870,16.38,10,90.00,true
0.93,LowVolume5,3,-52.8497,-1.3352,79.89,13,46.15,false
0.93,LowVolume5,4,-44.8301,-8.0718,47.80,7,28.57,false
0.93,LowVolume5,5,39.5086,5.4567,27.20,8,62.50,true
0.93,OldGuard4,0,77.0789,5.8682,22.71,12,58.33,true
0.93,OldGuard4,1,-22.7250,-1.3121,39.62,9,44.44,false
0.93,OldGuard4,2,273.3218,11.9647,15.03,8,75.00,true
0.93,OldGuard4,3,183.1733,19.7739,6.20,9,77.78,true
0.93,OldGuard4,4,-18.5335,-4.2044,25.33,7,42.86,false
0.93,OldGuard4,5,-24.6477,-0.9247,51.25,9,44.44,false
0.94,Base5,0,118.5693,6.8694,58.45,13,53.85,true
0.94,Base5,1,113.6296,5.6995,35.94,10,40.00,true
0.94,Base5,2,217.4809,15.8206,10.85,10,70.00,true
0.94,Base5,3,22.6968,3.4982,47.55,12,66.67,true
0.94,Base5,4,70.8130,11.7113,17.63,8,62.50,true
0.94,Base5,5,32.7838,7.8850,11.96,6,50.00,true
0.94,NoDOGE,0,118.5693,6.8694,58.45,13,53.85,true
0.94,NoDOGE,1,-30.1222,-6.5301,38.09,8,25.00,false
0.94,NoDOGE,2,241.8562,9.4238,35.59,9,66.67,true
0.94,NoDOGE,3,73.0848,5.9203,41.00,12,66.67,true
0.94,NoDOGE,4,70.8130,11.7113,17.63,8,62.50,true
0.94,NoDOGE,5,42.9757,11.4810,11.96,5,60.00,true
0.94,Legacy4,0,49.4286,5.5774,23.78,11,54.55,true
0.94,Legacy4,1,0.8621,1.2720,26.54,9,55.56,true
0.94,Legacy4,2,222.8086,9.5821,15.07,9,55.56,true
0.94,Legacy4,3,21.6795,3.5068,29.87,11,54.55,true
0.94,Legacy4,4,16.8409,5.2920,16.15,6,66.67,true
0.94,Legacy4,5,18.4477,5.1598,19.85,4,75.00,true
0.94,Legacy5BNB,0,71.4779,7.3773,23.82,11,54.55,true
0.94,Legacy5BNB,1,-15.2626,-1.5162,32.55,8,37.50,false
0.94,Legacy5BNB,2,222.8086,9.5821,15.07,9,55.56,true
0.94,Legacy5BNB,3,60.5808,8.4971,13.35,10,60.00,true
0.94,Legacy5BNB,4,60.7325,11.5608,16.15,7,71.43,true
0.94,Legacy5BNB,5,4.5440,2.2088,24.62,5,60.00,true
0.94,OldGuardNoBNB,0,25.5720,3.1272,22.71,11,54.55,true
0.94,OldGuardNoBNB,1,-60.4333,-6.3075,64.98,11,18.18,false
0.94,OldGuardNoBNB,2,222.8086,9.5821,15.07,9,55.56,true
0.94,OldGuardNoBNB,3,21.6795,3.5068,29.87,11,54.55,true
0.94,OldGuardNoBNB,4,16.8409,5.2920,16.15,6,66.67,true
0.94,OldGuardNoBNB,5,22.7429,4.5981,19.85,6,66.67,true
0.94,LargeCaps5,0,118.5693,6.8694,58.45,13,53.85,true
0.94,LargeCaps5,1,-30.1222,-6.5301,38.09,8,25.00,false
0.94,LargeCaps5,2,241.8562,9.4238,35.59,9,66.67,true
0.94,LargeCaps5,3,124.8021,10.7209,13.35,10,70.00,true
0.94,LargeCaps5,4,23.5343,4.8482,20.40,9,55.56,true
0.94,LargeCaps5,5,42.9757,11.4810,11.96,5,60.00,true
0.94,Legacy3,0,63.7496,6.1800,24.37,12,50.00,true
0.94,Legacy3,1,26.4394,5.4665,21.41,8,62.50,true
0.94,Legacy3,2,272.5280,13.2185,15.03,7,71.43,true
0.94,Legacy3,3,183.1733,19.7739,6.20,9,77.78,true
0.94,Legacy3,4,-20.9545,-3.5734,24.07,7,42.86,false
0.94,Legacy3,5,-42.0725,-8.7599,42.70,6,33.33,false
0.94,LowVolume5,0,-16.6312,-0.4242,44.55,14,42.86,false
0.94,LowVolume5,1,-45.7081,-5.7458,46.99,9,22.22,false
0.94,LowVolume5,2,485.3883,12.4870,16.38,10,90.00,true
0.94,LowVolume5,3,-52.8497,-1.3352,79.89,13,46.15,false
0.94,LowVolume5,4,-31.3882,-4.4872,35.08,7,42.86,false
0.94,LowVolume5,5,39.5086,5.4567,27.20,8,62.50,true
0.94,OldGuard4,0,77.0789,5.8682,22.71,12,58.33,true
0.94,OldGuard4,1,-29.5802,-2.6681,41.02,9,44.44,false
0.94,OldGuard4,2,273.3218,11.9647,15.03,8,75.00,true
0.94,OldGuard4,3,183.1733,19.7739,6.20,9,77.78,true
0.94,OldGuard4,4,1.3155,1.2727,16.93,7,57.14,true
0.94,OldGuard4,5,-24.6477,-0.9247,51.25,9,44.44,false
0.95,Base5,0,118.5693,6.8694,58.45,13,53.85,true
0.95,Base5,1,113.6296,5.6995,35.94,10,40.00,true
0.95,Base5,2,217.4809,15.8206,10.85,10,70.00,true
0.95,Base5,3,140.4677,8.9254,45.35,10,80.00,true
0.95,Base5,4,70.8130,11.7113,17.63,8,62.50,true
0.95,Base5,5,32.7838,7.8850,11.96,6,50.00,true
0.95,NoDOGE,0,118.5693,6.8694,58.45,13,53.85,true
0.95,NoDOGE,1,-30.1222,-6.5301,38.09,8,25.00,false
0.95,NoDOGE,2,241.8562,9.4238,35.59,9,66.67,true
0.95,NoDOGE,3,239.2206,13.7896,22.45,10,80.00,true
0.95,NoDOGE,4,70.8130,11.7113,17.63,8,62.50,true
0.95,NoDOGE,5,42.9757,11.4810,11.96,5,60.00,true
0.95,Legacy4,0,49.4286,5.5774,23.78,11,54.55,true
0.95,Legacy4,1,-18.3155,-2.7498,27.85,9,44.44,false
0.95,Legacy4,2,222.8086,9.5821,15.07,9,55.56,true
0.95,Legacy4,3,62.3812,7.0365,29.87,10,60.00,true
0.95,Legacy4,4,16.8409,5.2920,16.15,6,66.67,true
0.95,Legacy4,5,18.4477,5.1598,19.85,4,75.00,true
0.95,Legacy5BNB,0,71.4779,7.3773,23.82,11,54.55,true
0.95,Legacy5BNB,1,-31.3743,-6.7407,39.20,8,25.00,false
0.95,Legacy5BNB,2,222.8086,9.5821,15.07,9,55.56,true
0.95,Legacy5BNB,3,35.2335,4.7945,36.89,10,60.00,true
0.95,Legacy5BNB,4,60.7325,11.5608,16.15,7,71.43,true
0.95,Legacy5BNB,5,4.5440,2.2088,24.62,5,60.00,true
0.95,OldGuardNoBNB,0,25.5720,3.1272,22.71,11,54.55,true
0.95,OldGuardNoBNB,1,-60.4333,-6.3075,64.98,11,18.18,false
0.95,OldGuardNoBNB,2,222.8086,9.5821,15.07,9,55.56,true
0.95,OldGuardNoBNB,3,62.3812,7.0365,29.87,10,60.00,true
0.95,OldGuardNoBNB,4,16.8409,5.2920,16.15,6,66.67,true
0.95,OldGuardNoBNB,5,22.7429,4.5981,19.85,6,66.67,true
0.95,LargeCaps5,0,118.5693,6.8694,58.45,13,53.85,true
0.95,LargeCaps5,1,-30.1222,-6.5301,38.09,8,25.00,false
0.95,LargeCaps5,2,241.8562,9.4238,35.59,9,66.67,true
0.95,LargeCaps5,3,89.3176,7.4645,36.89,10,70.00,true
0.95,LargeCaps5,4,23.5343,4.8482,20.40,9,55.56,true
0.95,LargeCaps5,5,42.9757,11.4810,11.96,5,60.00,true
0.95,Legacy3,0,63.7496,6.1800,24.37,12,50.00,true
0.95,Legacy3,1,8.2886,2.6792,21.41,8,62.50,true
0.95,Legacy3,2,272.5280,13.2185,15.03,7,71.43,true
0.95,Legacy3,3,183.1733,19.7739,6.20,9,77.78,true
0.95,Legacy3,4,-20.9545,-3.5734,24.07,7,42.86,false
0.95,Legacy3,5,-42.0725,-8.7599,42.70,6,33.33,false
0.95,LowVolume5,0,-16.6312,-0.4242,44.55,14,42.86,false
0.95,LowVolume5,1,-53.5019,-9.0203,53.50,9,22.22,false
0.95,LowVolume5,2,485.3883,12.4870,16.38,10,90.00,true
0.95,LowVolume5,3,-30.7548,0.2904,70.47,12,50.00,false
0.95,LowVolume5,4,-31.3882,-4.4872,35.08,7,42.86,false
0.95,LowVolume5,5,39.5086,5.4567,27.20,8,62.50,true
0.95,OldGuard4,0,77.0789,5.8682,22.71,12,58.33,true
0.95,OldGuard4,1,-42.9696,-6.2894,52.24,9,33.33,false
0.95,OldGuard4,2,273.3218,11.9647,15.03,8,75.00,true
0.95,OldGuard4,3,183.1733,19.7739,6.20,9,77.78,true
0.95,OldGuard4,4,1.3155,1.2727,16.93,7,57.14,true
0.95,OldGuard4,5,-24.6477,-0.9247,51.25,9,44.44,false
0.96,Base5,0,118.5693,6.8694,58.45,13,53.85,true
0.96,Base5,1,113.6296,5.6995,35.94,10,40.00,true
0.96,Base5,2,217.4809,15.8206,10.85,10,70.00,true
0.96,Base5,3,140.4677,8.9254,45.35,10,80.00,true
0.96,Base5,4,-0.3236,1.0970,25.24,8,50.00,false
0.96,Base5,5,32.7838,7.8850,11.96,6,50.00,true
0.96,NoDOGE,0,118.5693,6.8694,58.45,13,53.85,true
0.96,NoDOGE,1,-30.1222,-6.5301,38.09,8,25.00,false
0.96,NoDOGE,2,241.8562,9.4238,35.59,9,66.67,true
0.96,NoDOGE,3,239.2206,13.7896,22.45,10,80.00,true
0.96,NoDOGE,4,-0.3236,1.0970,25.24,8,50.00,false
0.96,NoDOGE,5,42.9757,11.4810,11.96,5,60.00,true
0.96,Legacy4,0,49.4286,5.5774,23.78,11,54.55,true
0.96,Legacy4,1,-18.3155,-2.7498,27.85,9,44.44,false
0.96,Legacy4,2,222.8086,9.5821,15.07,9,55.56,true
0.96,Legacy4,3,62.3812,7.0365,29.87,10,60.00,true
0.96,Legacy4,4,16.8409,5.2920,16.15,6,66.67,true
0.96,Legacy4,5,18.4477,5.1598,19.85,4,75.00,true
0.96,Legacy5BNB,0,71.4779,7.3773,23.82,11,54.55,true
0.96,Legacy5BNB,1,-31.3743,-6.7407,39.20,8,25.00,false
0.96,Legacy5BNB,2,222.8086,9.5821,15.07,9,55.56,true
0.96,Legacy5BNB,3,35.2335,4.7945,36.89,10,60.00,true
0.96,Legacy5BNB,4,75.1023,21.9474,7.81,6,83.33,true
0.96,Legacy5BNB,5,4.5440,2.2088,24.62,5,60.00,true
0.96,OldGuardNoBNB,0,25.5720,3.1272,22.71,11,54.55,true
0.96,OldGuardNoBNB,1,-61.9421,-6.8339,72.56,10,20.00,false
0.96,OldGuardNoBNB,2,222.8086,9.5821,15.07,9,55.56,true
0.96,OldGuardNoBNB,3,62.3812,7.0365,29.87,10,60.00,true
0.96,OldGuardNoBNB,4,16.8409,5.2920,16.15,6,66.67,true
0.96,OldGuardNoBNB,5,22.7429,4.5981,19.85,6,66.67,true
0.96,LargeCaps5,0,118.5693,6.8694,58.45,13,53.85,true
0.96,LargeCaps5,1,-30.1222,-6.5301,38.09,8,25.00,false
0.96,LargeCaps5,2,241.8562,9.4238,35.59,9,66.67,true
0.96,LargeCaps5,3,89.3176,7.4645,36.89,10,70.00,true
0.96,LargeCaps5,4,48.2626,10.2623,20.40,8,62.50,true
0.96,LargeCaps5,5,42.9757,11.4810,11.96,5,60.00,true
0.96,Legacy3,0,63.7496,6.1800,24.37,12,50.00,true
0.96,Legacy3,1,8.2886,2.6792,21.41,8,62.50,true
0.96,Legacy3,2,272.5280,13.2185,15.03,7,71.43,true
0.96,Legacy3,3,183.1733,19.7739,6.20,9,77.78,true
0.96,Legacy3,4,-20.9545,-3.5734,24.07,7,42.86,false
0.96,Legacy3,5,-42.0725,-8.7599,42.70,6,33.33,false
0.96,LowVolume5,0,-16.6312,-0.4242,44.55,14,42.86,false
0.96,LowVolume5,1,-63.5601,-10.1467,63.56,9,22.22,false
0.96,LowVolume5,2,485.3883,12.4870,16.38,10,90.00,true
0.96,LowVolume5,3,-30.7548,0.2904,70.47,12,50.00,false
0.96,LowVolume5,4,-31.3882,-4.4872,35.08,7,42.86,false
0.96,LowVolume5,5,39.5086,5.4567,27.20,8,62.50,true
0.96,OldGuard4,0,77.0789,5.8682,22.71,12,58.33,true
0.96,OldGuard4,1,-55.3061,-7.6480,62.57,9,33.33,false
0.96,OldGuard4,2,273.3218,11.9647,15.03,8,75.00,true
0.96,OldGuard4,3,183.1733,19.7739,6.20,9,77.78,true
0.96,OldGuard4,4,1.3155,1.2727,16.93,7,57.14,true
0.96,OldGuard4,5,-24.6477,-0.9247,51.25,9,44.44,false
0.97,Base5,0,118.5693,6.8694,58.45,13,53.85,true
0.97,Base5,1,113.6296,5.6995,35.94,10,40.00,true
0.97,Base5,2,217.4809,15.8206,10.85,10,70.00,true
0.97,Base5,3,140.4677,8.9254,45.35,10,80.00,true
0.97,Base5,4,-0.3236,1.0970,25.24,8,50.00,false
0.97,Base5,5,32.7838,7.8850,11.96,6,50.00,true
0.97,NoDOGE,0,118.5693,6.8694,58.45,13,53.85,true
0.97,NoDOGE,1,-30.1222,-6.5301,38.09,8,25.00,false
0.97,NoDOGE,2,241.8562,9.4238,35.59,9,66.67,true
0.97,NoDOGE,3,239.2206,13.7896,22.45,10,80.00,true
0.97,NoDOGE,4,-0.3236,1.0970,25.24,8,50.00,false
0.97,NoDOGE,5,42.9757,11.4810,11.96,5,60.00,true
0.97,Legacy4,0,40.5523,5.2655,23.78,10,50.00,true
0.97,Legacy4,1,-18.3155,-2.7498,27.85,9,44.44,false
0.97,Legacy4,2,222.8086,9.5821,15.07,9,55.56,true
0.97,Legacy4,3,62.3812,7.0365,29.87,10,60.00,true
0.97,Legacy4,4,16.8409,5.2920,16.15,6,66.67,true
0.97,Legacy4,5,18.4477,5.1598,19.85,4,75.00,true
0.97,Legacy5BNB,0,71.4779,7.3773,23.82,11,54.55,true
0.97,Legacy5BNB,1,-31.3743,-6.7407,39.20,8,25.00,false
0.97,Legacy5BNB,2,222.8086,9.5821,15.07,9,55.56,true
0.97,Legacy5BNB,3,35.2335,4.7945,36.89,10,60.00,true
0.97,Legacy5BNB,4,75.1023,21.9474,7.81,6,83.33,true
0.97,Legacy5BNB,5,4.5440,2.2088,24.62,5,60.00,true
0.97,OldGuardNoBNB,0,25.5720,3.1272,22.71,11,54.55,true
0.97,OldGuardNoBNB,1,-61.9421,-6.8339,72.56,10,20.00,false
0.97,OldGuardNoBNB,2,222.8086,9.5821,15.07,9,55.56,true
0.97,OldGuardNoBNB,3,62.3812,7.0365,29.87,10,60.00,true
0.97,OldGuardNoBNB,4,16.8409,5.2920,16.15,6,66.67,true
0.97,OldGuardNoBNB,5,22.7429,4.5981,19.85,6,66.67,true
0.97,LargeCaps5,0,118.5693,6.8694,58.45,13,53.85,true
0.97,LargeCaps5,1,-30.1222,-6.5301,38.09,8,25.00,false
0.97,LargeCaps5,2,241.8562,9.4238,35.59,9,66.67,true
0.97,LargeCaps5,3,89.3176,7.4645,36.89,10,70.00,true
0.97,LargeCaps5,4,48.2626,10.2623,20.40,8,62.50,true
0.97,LargeCaps5,5,42.9757,11.4810,11.96,5,60.00,true
0.97,Legacy3,0,73.0728,7.6027,24.37,10,50.00,true
0.97,Legacy3,1,8.2886,2.6792,21.41,8,62.50,true
0.97,Legacy3,2,272.5280,13.2185,15.03,7,71.43,true
0.97,Legacy3,3,183.1733,19.7739,6.20,9,77.78,true
0.97,Legacy3,4,-20.9545,-3.5734,24.07,7,42.86,false
0.97,Legacy3,5,-42.0725,-8.7599,42.70,6,33.33,false
0.97,LowVolume5,0,-2.2323,0.8218,42.09,12,50.00,false
0.97,LowVolume5,1,-63.5601,-10.1467,63.56,9,22.22,false
0.97,LowVolume5,2,485.3883,12.4870,16.38,10,90.00,true
0.97,LowVolume5,3,-30.7548,0.2904,70.47,12,50.00,false
0.97,LowVolume5,4,-31.3882,-4.4872,35.08,7,42.86,false
0.97,LowVolume5,5,39.5086,5.4567,27.20,8,62.50,true
0.97,OldGuard4,0,91.5178,6.9180,22.71,11,63.64,true
0.97,OldGuard4,1,-55.3061,-7.6480,62.57,9,33.33,false
0.97,OldGuard4,2,273.3218,11.9647,15.03,8,75.00,true
0.97,OldGuard4,3,183.1733,19.7739,6.20,9,77.78,true
0.97,OldGuard4,4,1.3155,1.2727,16.93,7,57.14,true
0.97,OldGuard4,5,-24.6477,-0.9247,51.25,9,44.44,false
0.98,Base5,0,129.9228,7.3746,56.29,12,58.33,true
0.98,Base5,1,113.6296,5.6995,35.94,10,40.00,true
0.98,Base5,2,217.4809,15.8206,10.85,10,70.00,true
0.98,Base5,3,140.4677,8.9254,45.35,10,80.00,true
0.98,Base5,4,-0.3236,1.0970,25.24,8,50.00,false
0.98,Base5,5,32.7838,7.8850,11.96,6,50.00,true
0.98,NoDOGE,0,129.9228,7.3746,56.29,12,58.33,true
0.98,NoDOGE,1,-30.1222,-6.5301,38.09,8,25.00,false
0.98,NoDOGE,2,241.8562,9.4238,35.59,9,66.67,true
0.98,NoDOGE,3,239.2206,13.7896,22.45,10,80.00,true
0.98,NoDOGE,4,-0.3236,1.0970,25.24,8,50.00,false
0.98,NoDOGE,5,42.9757,11.4810,11.96,5,60.00,true
0.98,Legacy4,0,40.5523,5.2655,23.78,10,50.00,true
0.98,Legacy4,1,-18.3155,-2.7498,27.85,9,44.44,false
0.98,Legacy4,2,222.8086,9.5821,15.07,9,55.56,true
0.98,Legacy4,3,62.3812,7.0365,29.87,10,60.00,true
0.98,Legacy4,4,16.8409,5.2920,16.15,6,66.67,true
0.98,Legacy4,5,18.4477,5.1598,19.85,4,75.00,true
0.98,Legacy5BNB,0,71.4779,7.3773,23.82,11,54.55,true
0.98,Legacy5BNB,1,-31.3743,-6.7407,39.20,8,25.00,false
0.98,Legacy5BNB,2,222.8086,9.5821,15.07,9,55.56,true
0.98,Legacy5BNB,3,35.2335,4.7945,36.89,10,60.00,true
0.98,Legacy5BNB,4,75.1023,21.9474,7.81,6,83.33,true
0.98,Legacy5BNB,5,4.5440,2.2088,24.62,5,60.00,true
0.98,OldGuardNoBNB,0,25.5720,3.1272,22.71,11,54.55,true
0.98,OldGuardNoBNB,1,-61.9421,-6.8339,72.56,10,20.00,false
0.98,OldGuardNoBNB,2,222.8086,9.5821,15.07,9,55.56,true
0.98,OldGuardNoBNB,3,62.3812,7.0365,29.87,10,60.00,true
0.98,OldGuardNoBNB,4,16.8409,5.2920,16.15,6,66.67,true
0.98,OldGuardNoBNB,5,22.7429,4.5981,19.85,6,66.67,true
0.98,LargeCaps5,0,129.9228,7.3746,56.29,12,58.33,true
0.98,LargeCaps5,1,-30.1222,-6.5301,38.09,8,25.00,false
0.98,LargeCaps5,2,241.8562,9.4238,35.59,9,66.67,true
0.98,LargeCaps5,3,89.3176,7.4645,36.89,10,70.00,true
0.98,LargeCaps5,4,48.2626,10.2623,20.40,8,62.50,true
0.98,LargeCaps5,5,42.9757,11.4810,11.96,5,60.00,true
0.98,Legacy3,0,73.0728,7.6027,24.37,10,50.00,true
0.98,Legacy3,1,8.2886,2.6792,21.41,8,62.50,true
0.98,Legacy3,2,272.5280,13.2185,15.03,7,71.43,true
0.98,Legacy3,3,183.1733,19.7739,6.20,9,77.78,true
0.98,Legacy3,4,-20.9545,-3.5734,24.07,7,42.86,false
0.98,Legacy3,5,-42.0725,-8.7599,42.70,6,33.33,false
0.98,LowVolume5,0,-2.2323,0.8218,42.09,12,50.00,false
0.98,LowVolume5,1,-63.5601,-10.1467,63.56,9,22.22,false
0.98,LowVolume5,2,485.3883,12.4870,16.38,10,90.00,true
0.98,LowVolume5,3,-30.7548,0.2904,70.47,12,50.00,false
0.98,LowVolume5,4,-31.3882,-4.4872,35.08,7,42.86,false
0.98,LowVolume5,5,39.5086,5.4567,27.20,8,62.50,true
0.98,OldGuard4,0,91.5178,6.9180,22.71,11,63.64,true
0.98,OldGuard4,1,-55.3061,-7.6480,62.57,9,33.33,false
0.98,OldGuard4,2,273.3218,11.9647,15.03,8,75.00,true
0.98,OldGuard4,3,183.1733,19.7739,6.20,9,77.78,true
0.98,OldGuard4,4,1.3155,1.2727,16.93,7,57.14,true
0.98,OldGuard4,5,-24.6477,-0.9247,51.25,9,44.44,false
0.99,Base5,0,129.9228,7.3746,56.29,12,58.33,true
0.99,Base5,1,113.6296,5.6995,35.94,10,40.00,true
0.99,Base5,2,217.4809,15.8206,10.85,10,70.00,true
0.99,Base5,3,140.4677,8.9254,45.35,10,80.00,true
0.99,Base5,4,-0.3236,1.0970,25.24,8,50.00,false
0.99,Base5,5,43.0766,13.0278,7.13,5,60.00,true
0.99,NoDOGE,0,129.9228,7.3746,56.29,12,58.33,true
0.99,NoDOGE,1,-30.1222,-6.5301,38.09,8,25.00,false
0.99,NoDOGE,2,241.8562,9.4238,35.59,9,66.67,true
0.99,NoDOGE,3,239.2206,13.7896,22.45,10,80.00,true
0.99,NoDOGE,4,-0.3236,1.0970,25.24,8,50.00,false
0.99,NoDOGE,5,54.0585,22.3656,0.73,4,75.00,true
0.99,Legacy4,0,40.5523,5.2655,23.78,10,50.00,true
0.99,Legacy4,1,-18.5648,-3.0122,27.85,8,37.50,false
0.99,Legacy4,2,222.8086,9.5821,15.07,9,55.56,true
0.99,Legacy4,3,62.3812,7.0365,29.87,10,60.00,true
0.99,Legacy4,4,16.8409,5.2920,16.15,6,66.67,true
0.99,Legacy4,5,18.4477,5.1598,19.85,4,75.00,true
0.99,Legacy5BNB,0,71.4779,7.3773,23.82,11,54.55,true
0.99,Legacy5BNB,1,-31.3743,-6.7407,39.20,8,25.00,false
0.99,Legacy5BNB,2,222.8086,9.5821,15.07,9,55.56,true
0.99,Legacy5BNB,3,35.2335,4.7945,36.89,10,60.00,true
0.99,Legacy5BNB,4,75.1023,21.9474,7.81,6,83.33,true
0.99,Legacy5BNB,5,4.5440,2.2088,24.62,5,60.00,true
0.99,OldGuardNoBNB,0,25.5720,3.1272,22.71,11,54.55,true
0.99,OldGuardNoBNB,1,-61.9421,-6.8339,72.56,10,20.00,false
0.99,OldGuardNoBNB,2,222.8086,9.5821,15.07,9,55.56,true
0.99,OldGuardNoBNB,3,62.3812,7.0365,29.87,10,60.00,true
0.99,OldGuardNoBNB,4,16.8409,5.2920,16.15,6,66.67,true
0.99,OldGuardNoBNB,5,22.7429,4.5981,19.85,6,66.67,true
0.99,LargeCaps5,0,129.9228,7.3746,56.29,12,58.33,true
0.99,LargeCaps5,1,-30.1222,-6.5301,38.09,8,25.00,false
0.99,LargeCaps5,2,241.8562,9.4238,35.59,9,66.67,true
0.99,LargeCaps5,3,89.3176,7.4645,36.89,10,70.00,true
0.99,LargeCaps5,4,48.2626,10.2623,20.40,8,62.50,true
0.99,LargeCaps5,5,54.0585,22.3656,0.73,4,75.00,true
0.99,Legacy3,0,73.0728,7.6027,24.37,10,50.00,true
0.99,Legacy3,1,7.9581,2.8301,21.41,7,57.14,true
0.99,Legacy3,2,272.5280,13.2185,15.03,7,71.43,true
0.99,Legacy3,3,183.1733,19.7739,6.20,9,77.78,true
0.99,Legacy3,4,-20.9545,-3.5734,24.07,7,42.86,false
0.99,Legacy3,5,-42.0725,-8.7599,42.70,6,33.33,false
0.99,LowVolume5,0,-2.2323,0.8218,42.09,12,50.00,false
0.99,LowVolume5,1,-63.5601,-10.1467,63.56,9,22.22,false
0.99,LowVolume5,2,485.3883,12.4870,16.38,10,90.00,true
0.99,LowVolume5,3,-30.7548,0.2904,70.47,12,50.00,false
0.99,LowVolume5,4,-31.3882,-4.4872,35.08,7,42.86,false
0.99,LowVolume5,5,39.5086,5.4567,27.20,8,62.50,true
0.99,OldGuard4,0,91.5178,6.9180,22.71,11,63.64,true
0.99,OldGuard4,1,-55.3061,-7.6480,62.57,9,33.33,false
0.99,OldGuard4,2,273.3218,11.9647,15.03,8,75.00,true
0.99,OldGuard4,3,183.1733,19.7739,6.20,9,77.78,true
0.99,OldGuard4,4,1.3155,1.2727,16.93,7,57.14,true
0.99,OldGuard4,5,-24.6477,-0.9247,51.25,9,44.44,false
1.00,Base5,0,129.9228,7.3746,56.29,12,58.33,true
1.00,Base5,1,113.6296,5.6995,35.94,10,40.00,true
1.00,Base5,2,217.4809,15.8206,10.85,10,70.00,true
1.00,Base5,3,140.4677,8.9254,45.35,10,80.00,true
1.00,Base5,4,-0.3236,1.0970,25.24,8,50.00,false
1.00,Base5,5,43.0766,13.0278,7.13,5,60.00,true
1.00,NoDOGE,0,129.9228,7.3746,56.29,12,58.33,true
1.00,NoDOGE,1,-30.1222,-6.5301,38.09,8,25.00,false
1.00,NoDOGE,2,241.8562,9.4238,35.59,9,66.67,true
1.00,NoDOGE,3,239.2206,13.7896,22.45,10,80.00,true
1.00,NoDOGE,4,-0.3236,1.0970,25.24,8,50.00,false
1.00,NoDOGE,5,54.0585,22.3656,0.73,4,75.00,true
1.00,Legacy4,0,10.0764,2.7110,24.72,10,40.00,true
1.00,Legacy4,1,-18.5648,-3.0122,27.85,8,37.50,false
1.00,Legacy4,2,222.8086,9.5821,15.07,9,55.56,true
1.00,Legacy4,3,73.1072,8.4338,27.13,9,66.67,true
1.00,Legacy4,4,16.8409,5.2920,16.15,6,66.67,true
1.00,Legacy4,5,18.4477,5.1598,19.85,4,75.00,true
1.00,Legacy5BNB,0,10.8547,2.4875,25.36,11,36.36,true
1.00,Legacy5BNB,1,-31.3743,-6.7407,39.20,8,25.00,false
1.00,Legacy5BNB,2,222.8086,9.5821,15.07,9,55.56,true
1.00,Legacy5BNB,3,44.1662,5.8106,36.89,9,66.67,true
1.00,Legacy5BNB,4,75.1023,21.9474,7.81,6,83.33,true
1.00,Legacy5BNB,5,4.5440,2.2088,24.62,5,60.00,true
1.00,OldGuardNoBNB,0,25.5720,3.1272,22.71,11,54.55,true
1.00,OldGuardNoBNB,1,-61.9421,-6.8339,72.56,10,20.00,false
1.00,OldGuardNoBNB,2,222.8086,9.5821,15.07,9,55.56,true
1.00,OldGuardNoBNB,3,73.1072,8.4338,27.13,9,66.67,true
1.00,OldGuardNoBNB,4,16.8409,5.2920,16.15,6,66.67,true
1.00,OldGuardNoBNB,5,22.7429,4.5981,19.85,6,66.67,true
1.00,LargeCaps5,0,129.9228,7.3746,56.29,12,58.33,true
1.00,LargeCaps5,1,-30.1222,-6.5301,38.09,8,25.00,false
1.00,LargeCaps5,2,241.8562,9.4238,35.59,9,66.67,true
1.00,LargeCaps5,3,89.3176,7.4645,36.89,10,70.00,true
1.00,LargeCaps5,4,48.2626,10.2623,20.40,8,62.50,true
1.00,LargeCaps5,5,54.0585,22.3656,0.73,4,75.00,true
1.00,Legacy3,0,73.0728,7.6027,24.37,10,50.00,true
1.00,Legacy3,1,7.9581,2.8301,21.41,7,57.14,true
1.00,Legacy3,2,272.5280,13.2185,15.03,7,71.43,true
1.00,Legacy3,3,201.8781,26.3310,5.96,8,87.50,true
1.00,Legacy3,4,-20.9545,-3.5734,24.07,7,42.86,false
1.00,Legacy3,5,-42.0725,-8.7599,42.70,6,33.33,false
1.00,LowVolume5,0,-2.2323,0.8218,42.09,12,50.00,false
1.00,LowVolume5,1,-63.5601,-10.1467,63.56,9,22.22,false
1.00,LowVolume5,2,485.3883,12.4870,16.38,10,90.00,true
1.00,LowVolume5,3,-26.1809,0.6620,70.47,11,54.55,false
1.00,LowVolume5,4,-31.3882,-4.4872,35.08,7,42.86,false
1.00,LowVolume5,5,39.5086,5.4567,27.20,8,62.50,true
1.00,OldGuard4,0,91.5178,6.9180,22.71,11,63.64,true
1.00,OldGuard4,1,-55.3061,-7.6480,62.57,9,33.33,false
1.00,OldGuard4,2,273.3218,11.9647,15.03,8,75.00,true
1.00,OldGuard4,3,201.8781,26.3310,5.96,8,87.50,true
1.00,OldGuard4,4,1.3155,1.2727,16.93,7,57.14,true
1.00,OldGuard4,5,-24.6477,-0.9247,51.25,9,44.44,false
1.01,Base5,0,129.9228,7.3746,56.29,12,58.33,true
1.01,Base5,1,113.6296,5.6995,35.94,10,40.00,true
1.01,Base5,2,217.4809,15.8206,10.85,10,70.00,true
1.01,Base5,3,140.4677,8.9254,45.35,10,80.00,true
1.01,Base5,4,-0.3236,1.0970,25.24,8,50.00,false
1.01,Base5,5,43.0766,13.0278,7.13,5,60.00,true
1.01,NoDOGE,0,129.9228,7.3746,56.29,12,58.33,true
1.01,NoDOGE,1,-30.1222,-6.5301,38.09,8,25.00,false
1.01,NoDOGE,2,241.8562,9.4238,35.59,9,66.67,true
1.01,NoDOGE,3,239.2206,13.7896,22.45,10,80.00,true
1.01,NoDOGE,4,-0.3236,1.0970,25.24,8,50.00,false
1.01,NoDOGE,5,54.0585,22.3656,0.73,4,75.00,true
1.01,Legacy4,0,10.0764,2.7110,24.72,10,40.00,true
1.01,Legacy4,1,-18.5648,-3.0122,27.85,8,37.50,false
1.01,Legacy4,2,222.8086,9.5821,15.07,9,55.56,true
1.01,Legacy4,3,73.1072,8.4338,27.13,9,66.67,true
1.01,Legacy4,4,16.8409,5.2920,16.15,6,66.67,true
1.01,Legacy4,5,18.4477,5.1598,19.85,4,75.00,true
1.01,Legacy5BNB,0,10.8547,2.4875,25.36,11,36.36,true
1.01,Legacy5BNB,1,-31.3743,-6.7407,39.20,8,25.00,false
1.01,Legacy5BNB,2,222.8086,9.5821,15.07,9,55.56,true
1.01,Legacy5BNB,3,44.1662,5.8106,36.89,9,66.67,true
1.01,Legacy5BNB,4,33.7941,10.7017,12.26,6,66.67,true
1.01,Legacy5BNB,5,4.5440,2.2088,24.62,5,60.00,true
1.01,OldGuardNoBNB,0,25.5720,3.1272,22.71,11,54.55,true
1.01,OldGuardNoBNB,1,-61.9421,-6.8339,72.56,10,20.00,false
1.01,OldGuardNoBNB,2,222.8086,9.5821,15.07,9,55.56,true
1.01,OldGuardNoBNB,3,73.1072,8.4338,27.13,9,66.67,true
1.01,OldGuardNoBNB,4,16.8409,5.2920,16.15,6,66.67,true
1.01,OldGuardNoBNB,5,22.7429,4.5981,19.85,6,66.67,true
1.01,LargeCaps5,0,129.9228,7.3746,56.29,12,58.33,true
1.01,LargeCaps5,1,-30.1222,-6.5301,38.09,8,25.00,false
1.01,LargeCaps5,2,241.8562,9.4238,35.59,9,66.67,true
1.01,LargeCaps5,3,89.3176,7.4645,36.89,10,70.00,true
1.01,LargeCaps5,4,28.0298,7.0704,20.40,8,62.50,true
1.01,LargeCaps5,5,54.0585,22.3656,0.73,4,75.00,true
1.01,Legacy3,0,73.0728,7.6027,24.37,10,50.00,true
1.01,Legacy3,1,7.9581,2.8301,21.41,7,57.14,true
1.01,Legacy3,2,278.7434,13.3969,15.03,7,71.43,true
1.01,Legacy3,3,201.8781,26.3310,5.96,8,87.50,true
1.01,Legacy3,4,-20.9545,-3.5734,24.07,7,42.86,false
1.01,Legacy3,5,-42.0725,-8.7599,42.70,6,33.33,false
1.01,LowVolume5,0,-2.2323,0.8218,42.09,12,50.00,false
1.01,LowVolume5,1,-63.5601,-10.1467,63.56,9,22.22,false
1.01,LowVolume5,2,495.1552,12.6123,16.38,10,90.00,true
1.01,LowVolume5,3,-26.1809,0.6620,70.47,11,54.55,false
1.01,LowVolume5,4,-31.3882,-4.4872,35.08,7,42.86,false
1.01,LowVolume5,5,39.5086,5.4567,27.20,8,62.50,true
1.01,OldGuard4,0,91.5178,6.9180,22.71,11,63.64,true
1.01,OldGuard4,1,-55.3061,-7.6480,62.57,9,33.33,false
1.01,OldGuard4,2,279.5505,12.1164,15.03,8,75.00,true
1.01,OldGuard4,3,201.8781,26.3310,5.96,8,87.50,true
1.01,OldGuard4,4,1.3155,1.2727,16.93,7,57.14,true
1.01,OldGuard4,5,-24.6477,-0.9247,51.25,9,44.44,false
1.02,Base5,0,129.9228,7.3746,56.29,12,58.33,true
1.02,Base5,1,113.6296,5.6995,35.94,10,40.00,true
1.02,Base5,2,217.4809,15.8206,10.85,10,70.00,true
1.02,Base5,3,140.4677,8.9254,45.35,10,80.00,true
1.02,Base5,4,-0.3236,1.0970,25.24,8,50.00,false
1.02,Base5,5,43.0766,13.0278,7.13,5,60.00,true
1.02,NoDOGE,0,129.9228,7.3746,56.29,12,58.33,true
1.02,NoDOGE,1,-30.1222,-6.5301,38.09,8,25.00,false
1.02,NoDOGE,2,241.8562,9.4238,35.59,9,66.67,true
1.02,NoDOGE,3,239.2206,13.7896,22.45,10,80.00,true
1.02,NoDOGE,4,-0.3236,1.0970,25.24,8,50.00,false
1.02,NoDOGE,5,54.0585,22.3656,0.73,4,75.00,true
1.02,Legacy4,0,10.0764,2.7110,24.72,10,40.00,true
1.02,Legacy4,1,-18.5648,-3.0122,27.85,8,37.50,false
1.02,Legacy4,2,222.8086,9.5821,15.07,9,55.56,true
1.02,Legacy4,3,73.1072,8.4338,27.13,9,66.67,true
1.02,Legacy4,4,16.8409,5.2920,16.15,6,66.67,true
1.02,Legacy4,5,18.4477,5.1598,19.85,4,75.00,true
1.02,Legacy5BNB,0,10.8547,2.4875,25.36,11,36.36,true
1.02,Legacy5BNB,1,-31.3743,-6.7407,39.20,8,25.00,false
1.02,Legacy5BNB,2,222.8086,9.5821,15.07,9,55.56,true
1.02,Legacy5BNB,3,44.1662,5.8106,36.89,9,66.67,true
1.02,Legacy5BNB,4,33.7941,10.7017,12.26,6,66.67,true
1.02,Legacy5BNB,5,4.5440,2.2088,24.62,5,60.00,true
1.02,OldGuardNoBNB,0,25.5720,3.1272,22.71,11,54.55,true
1.02,OldGuardNoBNB,1,-61.9421,-6.8339,72.56,10,20.00,false
1.02,OldGuardNoBNB,2,222.8086,9.5821,15.07,9,55.56,true
1.02,OldGuardNoBNB,3,73.1072,8.4338,27.13,9,66.67,true
1.02,OldGuardNoBNB,4,16.8409,5.2920,16.15,6,66.67,true
1.02,OldGuardNoBNB,5,22.7429,4.5981,19.85,6,66.67,true
1.02,LargeCaps5,0,129.9228,7.3746,56.29,12,58.33,true
1.02,LargeCaps5,1,-30.1222,-6.5301,38.09,8,25.00,false
1.02,LargeCaps5,2,241.8562,9.4238,35.59,9,66.67,true
1.02,LargeCaps5,3,89.3176,7.4645,36.89,10,70.00,true
1.02,LargeCaps5,4,28.0298,7.0704,20.40,8,62.50,true
1.02,LargeCaps5,5,54.0585,22.3656,0.73,4,75.00,true
1.02,Legacy3,0,73.0728,7.6027,24.37,10,50.00,true
1.02,Legacy3,1,7.9581,2.8301,21.41,7,57.14,true
1.02,Legacy3,2,278.7434,13.3969,15.03,7,71.43,true
1.02,Legacy3,3,201.8781,26.3310,5.96,8,87.50,true
1.02,Legacy3,4,-20.9545,-3.5734,24.07,7,42.86,false
1.02,Legacy3,5,-42.0725,-8.7599,42.70,6,33.33,false
1.02,LowVolume5,0,-2.2323,0.8218,42.09,12,50.00,false
1.02,LowVolume5,1,-63.5601,-10.1467,63.56,9,22.22,false
1.02,LowVolume5,2,495.1552,12.6123,16.38,10,90.00,true
1.02,LowVolume5,3,-26.1809,0.6620,70.47,11,54.55,false
1.02,LowVolume5,4,-31.3882,-4.4872,35.08,7,42.86,false
1.02,LowVolume5,5,39.5086,5.4567,27.20,8,62.50,true
1.02,OldGuard4,0,91.5178,6.9180,22.71,11,63.64,true
1.02,OldGuard4,1,-55.3061,-7.6480,62.57,9,33.33,false
1.02,OldGuard4,2,279.5505,12.1164,15.03,8,75.00,true
1.02,OldGuard4,3,201.8781,26.3310,5.96,8,87.50,true
1.02,OldGuard4,4,1.3155,1.2727,16.93,7,57.14,true
1.02,OldGuard4,5,-24.6477,-0.9247,51.25,9,44.44,false
1.03,Base5,0,129.9228,7.3746,56.29,12,58.33,true
1.03,Base5,1,113.6296,5.6995,35.94,10,40.00,true
1.03,Base5,2,217.4809,15.8206,10.85,10,70.00,true
1.03,Base5,3,140.4677,8.9254,45.35,10,80.00,true
1.03,Base5,4,-0.3236,1.0970,25.24,8,50.00,false
1.03,Base5,5,44.1356,15.9778,7.13,4,75.00,true
1.03,NoDOGE,0,129.9228,7.3746,56.29,12,58.33,true
1.03,NoDOGE,1,-30.1222,-6.5301,38.09,8,25.00,false
1.03,NoDOGE,2,241.8562,9.4238,35.59,9,66.67,true
1.03,NoDOGE,3,239.2206,13.7896,22.45,10,80.00,true
1.03,NoDOGE,4,-0.3236,1.0970,25.24,8,50.00,false
1.03,NoDOGE,5,55.1989,37.6643,0.00,3,100.00,true
1.03,Legacy4,0,10.0764,2.7110,24.72,10,40.00,true
1.03,Legacy4,1,-18.5648,-3.0122,27.85,8,37.50,false
1.03,Legacy4,2,222.8086,9.5821,15.07,9,55.56,true
1.03,Legacy4,3,73.1072,8.4338,27.13,9,66.67,true
1.03,Legacy4,4,16.8409,5.2920,16.15,6,66.67,true
1.03,Legacy4,5,18.4477,5.1598,19.85,4,75.00,true
1.03,Legacy5BNB,0,10.8547,2.4875,25.36,11,36.36,true
1.03,Legacy5BNB,1,-31.3743,-6.7407,39.20,8,25.00,false
1.03,Legacy5BNB,2,222.8086,9.5821,15.07,9,55.56,true
1.03,Legacy5BNB,3,44.1662,5.8106,36.89,9,66.67,true
1.03,Legacy5BNB,4,33.7941,10.7017,12.26,6,66.67,true
1.03,Legacy5BNB,5,4.5440,2.2088,24.62,5,60.00,true
1.03,OldGuardNoBNB,0,25.5720,3.1272,22.71,11,54.55,true
1.03,OldGuardNoBNB,1,-61.9421,-6.8339,72.56,10,20.00,false
1.03,OldGuardNoBNB,2,222.8086,9.5821,15.07,9,55.56,true
1.03,OldGuardNoBNB,3,73.1072,8.4338,27.13,9,66.67,true
1.03,OldGuardNoBNB,4,16.8409,5.2920,16.15,6,66.67,true
1.03,OldGuardNoBNB,5,22.7429,4.5981,19.85,6,66.67,true
1.03,LargeCaps5,0,129.9228,7.3746,56.29,12,58.33,true
1.03,LargeCaps5,1,-30.1222,-6.5301,38.09,8,25.00,false
1.03,LargeCaps5,2,241.8562,9.4238,35.59,9,66.67,true
1.03,LargeCaps5,3,89.3176,7.4645,36.89,10,70.00,true
1.03,LargeCaps5,4,28.0298,7.0704,20.40,8,62.50,true
1.03,LargeCaps5,5,55.1989,37.6643,0.00,3,100.00,true
1.03,Legacy3,0,73.0728,7.6027,24.37,10,50.00,true
1.03,Legacy3,1,7.9581,2.8301,21.41,7,57.14,true
1.03,Legacy3,2,278.7434,13.3969,15.03,7,71.43,true
1.03,Legacy3,3,201.8781,26.3310,5.96,8,87.50,true
1.03,Legacy3,4,-20.9545,-3.5734,24.07,7,42.86,false
1.03,Legacy3,5,-42.0725,-8.7599,42.70,6,33.33,false
1.03,LowVolume5,0,-2.2323,0.8218,42.09,12,50.00,false
1.03,LowVolume5,1,-63.5601,-10.1467,63.56,9,22.22,false
1.03,LowVolume5,2,495.1552,12.6123,16.38,10,90.00,true
1.03,LowVolume5,3,-26.1809,0.6620,70.47,11,54.55,false
1.03,LowVolume5,4,-31.3882,-4.4872,35.08,7,42.86,false
1.03,LowVolume5,5,39.5086,5.4567,27.20,8,62.50,true
1.03,OldGuard4,0,91.5178,6.9180,22.71,11,63.64,true
1.03,OldGuard4,1,-55.3061,-7.6480,62.57,9,33.33,false
1.03,OldGuard4,2,279.5505,12.1164,15.03,8,75.00,true
1.03,OldGuard4,3,201.8781,26.3310,5.96,8,87.50,true
1.03,OldGuard4,4,1.3155,1.2727,16.93,7,57.14,true
1.03,OldGuard4,5,-24.6477,-0.9247,51.25,9,44.44,false
1.04,Base5,0,279.6752,11.5398,46.83,10,80.00,true
1.04,Base5,1,113.6296,5.6995,35.94,10,40.00,true
1.04,Base5,2,224.3485,16.0512,10.85,10,70.00,true
1.04,Base5,3,140.4677,8.9254,45.35,10,80.00,true
1.04,Base5,4,-0.3236,1.0970,25.24,8,50.00,false
1.04,Base5,5,44.1356,15.9778,7.13,4,75.00,true
1.04,NoDOGE,0,279.6752,11.5398,46.83,10,80.00,true
1.04,NoDOGE,1,-30.1222,-6.5301,38.09,8,25.00,false
1.04,NoDOGE,2,241.8562,9.4238,35.59,9,66.67,true
1.04,NoDOGE,3,239.2206,13.7896,22.45,10,80.00,true
1.04,NoDOGE,4,-0.3236,1.0970,25.24,8,50.00,false
1.04,NoDOGE,5,55.1989,37.6643,0.00,3,100.00,true
1.04,Legacy4,0,81.7709,11.2167,13.14,8,62.50,true
1.04,Legacy4,1,-18.5648,-3.0122,27.85,8,37.50,false
1.04,Legacy4,2,222.8086,9.5821,15.07,9,55.56,true
1.04,Legacy4,3,73.1072,8.4338,27.13,9,66.67,true
1.04,Legacy4,4,16.8409,5.2920,16.15,6,66.67,true
1.04,Legacy4,5,47.7751,31.3468,0.00,3,100.00,true
1.04,Legacy5BNB,0,97.2695,13.7665,5.05,9,55.56,true
1.04,Legacy5BNB,1,-31.3743,-6.7407,39.20,8,25.00,false
1.04,Legacy5BNB,2,222.8086,9.5821,15.07,9,55.56,true
1.04,Legacy5BNB,3,44.1662,5.8106,36.89,9,66.67,true
1.04,Legacy5BNB,4,33.7941,10.7017,12.26,6,66.67,true
1.04,Legacy5BNB,5,4.5440,2.2088,24.62,5,60.00,true
1.04,OldGuardNoBNB,0,31.7661,3.7528,28.64,10,60.00,true
1.04,OldGuardNoBNB,1,-61.9421,-6.8339,72.56,10,20.00,false
1.04,OldGuardNoBNB,2,222.8086,9.5821,15.07,9,55.56,true
1.04,OldGuardNoBNB,3,73.1072,8.4338,27.13,9,66.67,true
1.04,OldGuardNoBNB,4,16.8409,5.2920,16.15,6,66.67,true
1.04,OldGuardNoBNB,5,53.1337,12.4113,16.84,5,80.00,true
1.04,LargeCaps5,0,279.6752,11.5398,46.83,10,80.00,true
1.04,LargeCaps5,1,-30.1222,-6.5301,38.09,8,25.00,false
1.04,LargeCaps5,2,241.8562,9.4238,35.59,9,66.67,true
1.04,LargeCaps5,3,89.3176,7.4645,36.89,10,70.00,true
1.04,LargeCaps5,4,28.0298,7.0704,20.40,8,62.50,true
1.04,LargeCaps5,5,55.1989,37.6643,0.00,3,100.00,true
1.04,Legacy3,0,136.7279,13.1556,13.14,9,66.67,true
1.04,Legacy3,1,7.9581,2.8301,21.41,7,57.14,true
1.04,Legacy3,2,278.7434,13.3969,15.03,7,71.43,true
1.04,Legacy3,3,201.8781,26.3310,5.96,8,87.50,true
1.04,Legacy3,4,-20.9545,-3.5734,24.07,7,42.86,false
1.04,Legacy3,5,-42.0725,-8.7599,42.70,6,33.33,false
1.04,LowVolume5,0,-15.6723,-0.2391,50.05,12,50.00,false
1.04,LowVolume5,1,-63.5601,-10.1467,63.56,9,22.22,false
1.04,LowVolume5,2,495.1552,12.6123,16.38,10,90.00,true
1.04,LowVolume5,3,-26.1809,0.6620,70.47,11,54.55,false
1.04,LowVolume5,4,-31.3882,-4.4872,35.08,7,42.86,false
1.04,LowVolume5,5,74.0506,10.1668,18.67,7,71.43,true
1.04,OldGuard4,0,65.1902,5.4862,28.64,11,63.64,true
1.04,OldGuard4,1,-55.3061,-7.6480,62.57,9,33.33,false
1.04,OldGuard4,2,279.5505,12.1164,15.03,8,75.00,true
1.04,OldGuard4,3,201.8781,26.3310,5.96,8,87.50,true
1.04,OldGuard4,4,1.3155,1.2727,16.93,7,57.14,true
1.04,OldGuard4,5,-5.9906,1.0417,39.18,8,50.00,false
1.05,Base5,0,261.1355,13.7723,11.80,8,75.00,true
1.05,Base5,1,113.6296,5.6995,35.94,10,40.00,true
1.05,Base5,2,224.3485,16.0512,10.85,10,70.00,true
1.05,Base5,3,140.4677,8.9254,45.35,10,80.00,true
1.05,Base5,4,-0.3236,1.0970,25.24,8,50.00,false
1.05,Base5,5,44.1356,15.9778,7.13,4,75.00,true
1.05,NoDOGE,0,261.1355,13.7723,11.80,8,75.00,true
1.05,NoDOGE,1,-30.1222,-6.5301,38.09,8,25.00,false
1.05,NoDOGE,2,241.8562,9.4238,35.59,9,66.67,true
1.05,NoDOGE,3,337.4018,20.8756,12.01,9,88.89,true
1.05,NoDOGE,4,-0.3236,1.0970,25.24,8,50.00,false
1.05,NoDOGE,5,55.1989,37.6643,0.00,3,100.00,true
1.05,Legacy4,0,81.7709,11.2167,13.14,8,62.50,true
1.05,Legacy4,1,-18.5648,-3.0122,27.85,8,37.50,false
1.05,Legacy4,2,222.8086,9.5821,15.07,9,55.56,true
1.05,Legacy4,3,73.1072,8.4338,27.13,9,66.67,true
1.05,Legacy4,4,16.8409,5.2920,16.15,6,66.67,true
1.05,Legacy4,5,47.7751,31.3468,0.00,3,100.00,true
1.05,Legacy5BNB,0,97.2695,13.7665,5.05,9,55.56,true
1.05,Legacy5BNB,1,-31.3743,-6.7407,39.20,8,25.00,false
1.05,Legacy5BNB,2,222.8086,9.5821,15.07,9,55.56,true
1.05,Legacy5BNB,3,44.1662,5.8106,36.89,9,66.67,true
1.05,Legacy5BNB,4,33.7941,10.7017,12.26,6,66.67,true
1.05,Legacy5BNB,5,4.5440,2.2088,24.62,5,60.00,true
1.05,OldGuardNoBNB,0,31.7661,3.7528,28.64,10,60.00,true
1.05,OldGuardNoBNB,1,-61.9421,-6.8339,72.56,10,20.00,false
1.05,OldGuardNoBNB,2,222.8086,9.5821,15.07,9,55.56,true
1.05,OldGuardNoBNB,3,73.1072,8.4338,27.13,9,66.67,true
1.05,OldGuardNoBNB,4,16.8409,5.2920,16.15,6,66.67,true
1.05,OldGuardNoBNB,5,21.6181,6.7148,17.70,5,60.00,true
1.05,LargeCaps5,0,392.7382,16.0822,11.80,9,77.78,true
1.05,LargeCaps5,1,-30.1222,-6.5301,38.09,8,25.00,false
1.05,LargeCaps5,2,241.8562,9.4238,35.59,9,66.67,true
1.05,LargeCaps5,3,89.3176,7.4645,36.89,10,70.00,true
1.05,LargeCaps5,4,28.0298,7.0704,20.40,8,62.50,true
1.05,LargeCaps5,5,55.1989,37.6643,0.00,3,100.00,true
1.05,Legacy3,0,136.7279,13.1556,13.14,9,66.67,true
1.05,Legacy3,1,7.9581,2.8301,21.41,7,57.14,true
1.05,Legacy3,2,278.7434,13.3969,15.03,7,71.43,true
1.05,Legacy3,3,201.8781,26.3310,5.96,8,87.50,true
1.05,Legacy3,4,-20.9545,-3.5734,24.07,7,42.86,false
1.05,Legacy3,5,-42.0725,-8.7599,42.70,6,33.33,false
1.05,LowVolume5,0,-15.6723,-0.2391,50.05,12,50.00,false
1.05,LowVolume5,1,-63.5601,-10.1467,63.56,9,22.22,false
1.05,LowVolume5,2,495.1552,12.6123,16.38,10,90.00,true
1.05,LowVolume5,3,-26.1809,0.6620,70.47,11,54.55,false
1.05,LowVolume5,4,-31.3882,-4.4872,35.08,7,42.86,false
1.05,LowVolume5,5,38.2302,6.5526,18.67,7,57.14,true
1.05,OldGuard4,0,65.1902,5.4862,28.64,11,63.64,true
1.05,OldGuard4,1,-55.3061,-7.6480,62.57,9,33.33,false
1.05,OldGuard4,2,279.5505,12.1164,15.03,8,75.00,true
1.05,OldGuard4,3,201.8781,26.3310,5.96,8,87.50,true
1.05,OldGuard4,4,1.3155,1.2727,16.93,7,57.14,true
1.05,OldGuard4,5,-25.3382,-1.8175,39.18,8,37.50,false
1.06,Base5,0,261.1355,13.7723,11.80,8,75.00,true
1.06,Base5,1,113.6296,5.6995,35.94,10,40.00,true
1.06,Base5,2,224.3485,16.0512,10.85,10,70.00,true
1.06,Base5,3,140.4677,8.9254,45.35,10,80.00,true
1.06,Base5,4,-0.3236,1.0970,25.24,8,50.00,false
1.06,Base5,5,44.1356,15.9778,7.13,4,75.00,true
1.06,NoDOGE,0,261.1355,13.7723,11.80,8,75.00,true
1.06,NoDOGE,1,-30.1222,-6.5301,38.09,8,25.00,false
1.06,NoDOGE,2,241.8562,9.4238,35.59,9,66.67,true
1.06,NoDOGE,3,337.4018,20.8756,12.01,9,88.89,true
1.06,NoDOGE,4,-0.3236,1.0970,25.24,8,50.00,false
1.06,NoDOGE,5,55.1989,37.6643,0.00,3,100.00,true
1.06,Legacy4,0,81.7709,11.2167,13.14,8,62.50,true
1.06,Legacy4,1,-18.5648,-3.0122,27.85,8,37.50,false
1.06,Legacy4,2,222.8086,9.5821,15.07,9,55.56,true
1.06,Legacy4,3,73.1072,8.4338,27.13,9,66.67,true
1.06,Legacy4,4,16.8409,5.2920,16.15,6,66.67,true
1.06,Legacy4,5,47.7751,31.3468,0.00,3,100.00,true
1.06,Legacy5BNB,0,97.2695,13.7665,5.05,9,55.56,true
1.06,Legacy5BNB,1,-31.3743,-6.7407,39.20,8,25.00,false
1.06,Legacy5BNB,2,222.8086,9.5821,15.07,9,55.56,true
1.06,Legacy5BNB,3,44.1662,5.8106,36.89,9,66.67,true
1.06,Legacy5BNB,4,33.7941,10.7017,12.26,6,66.67,true
1.06,Legacy5BNB,5,4.5440,2.2088,24.62,5,60.00,true
1.06,OldGuardNoBNB,0,31.7661,3.7528,28.64,10,60.00,true
1.06,OldGuardNoBNB,1,-61.9421,-6.8339,72.56,10,20.00,false
1.06,OldGuardNoBNB,2,222.8086,9.5821,15.07,9,55.56,true
1.06,OldGuardNoBNB,3,73.1072,8.4338,27.13,9,66.67,true
1.06,OldGuardNoBNB,4,16.8409,5.2920,16.15,6,66.67,true
1.06,OldGuardNoBNB,5,21.6181,6.7148,17.70,5,60.00,true
1.06,LargeCaps5,0,392.7382,16.0822,11.80,9,77.78,true
1.06,LargeCaps5,1,-30.1222,-6.5301,38.09,8,25.00,false
1.06,LargeCaps5,2,241.8562,9.4238,35.59,9,66.67,true
1.06,LargeCaps5,3,89.3176,7.4645,36.89,10,70.00,true
1.06,LargeCaps5,4,28.0298,7.0704,20.40,8,62.50,true
1.06,LargeCaps5,5,55.1989,37.6643,0.00,3,100.00,true
1.06,Legacy3,0,136.7279,13.1556,13.14,9,66.67,true
1.06,Legacy3,1,7.9581,2.8301,21.41,7,57.14,true
1.06,Legacy3,2,278.7434,13.3969,15.03,7,71.43,true
1.06,Legacy3,3,201.8781,26.3310,5.96,8,87.50,true
1.06,Legacy3,4,-20.9545,-3.5734,24.07,7,42.86,false
1.06,Legacy3,5,-42.0725,-8.7599,42.70,6,33.33,false
1.06,LowVolume5,0,-15.6723,-0.2391,50.05,12,50.00,false
1.06,LowVolume5,1,-63.5601,-10.1467,63.56,9,22.22,false
1.06,LowVolume5,2,495.1552,12.6123,16.38,10,90.00,true
1.06,LowVolume5,3,-26.1809,0.6620,70.47,11,54.55,false
1.06,LowVolume5,4,-31.3882,-4.4872,35.08,7,42.86,false
1.06,LowVolume5,5,38.2302,6.5526,18.67,7,57.14,true
1.06,OldGuard4,0,65.1902,5.4862,28.64,11,63.64,true
1.06,OldGuard4,1,-55.3061,-7.6480,62.57,9,33.33,false
1.06,OldGuard4,2,279.5505,12.1164,15.03,8,75.00,true
1.06,OldGuard4,3,201.8781,26.3310,5.96,8,87.50,true
1.06,OldGuard4,4,1.3155,1.2727,16.93,7,57.14,true
1.06,OldGuard4,5,-25.3382,-1.8175,39.18,8,37.50,false
1.07,Base5,0,261.1355,13.7723,11.80,8,75.00,true
1.07,Base5,1,113.6296,5.6995,35.94,10,40.00,true
1.07,Base5,2,224.3485,16.0512,10.85,10,70.00,true
1.07,Base5,3,140.4677,8.9254,45.35,10,80.00,true
1.07,Base5,4,9.5118,3.1438,17.60,7,57.14,true
1.07,Base5,5,44.1356,15.9778,7.13,4,75.00,true
1.07,NoDOGE,0,261.1355,13.7723,11.80,8,75.00,true
1.07,NoDOGE,1,-30.1222,-6.5301,38.09,8,25.00,false
1.07,NoDOGE,2,241.8562,9.4238,35.59,9,66.67,true
1.07,NoDOGE,3,337.4018,20.8756,12.01,9,88.89,true
1.07,NoDOGE,4,9.5118,3.1438,17.60,7,57.14,true
1.07,NoDOGE,5,55.1989,37.6643,0.00,3,100.00,true
1.07,Legacy4,0,81.7709,11.2167,13.14,8,62.50,true
1.07,Legacy4,1,-18.5648,-3.0122,27.85,8,37.50,false
1.07,Legacy4,2,222.8086,9.5821,15.07,9,55.56,true
1.07,Legacy4,3,73.1072,8.4338,27.13,9,66.67,true
1.07,Legacy4,4,16.4578,5.2175,16.15,6,66.67,true
1.07,Legacy4,5,47.7751,31.3468,0.00,3,100.00,true
1.07,Legacy5BNB,0,97.2695,13.7665,5.05,9,55.56,true
1.07,Legacy5BNB,1,-31.3743,-6.7407,39.20,8,25.00,false
1.07,Legacy5BNB,2,222.8086,9.5821,15.07,9,55.56,true
1.07,Legacy5BNB,3,44.1662,5.8106,36.89,9,66.67,true
1.07,Legacy5BNB,4,33.3553,10.6557,12.26,6,66.67,true
1.07,Legacy5BNB,5,4.5440,2.2088,24.62,5,60.00,true
1.07,OldGuardNoBNB,0,31.7661,3.7528,28.64,10,60.00,true
1.07,OldGuardNoBNB,1,-61.9421,-6.8339,72.56,10,20.00,false
1.07,OldGuardNoBNB,2,222.8086,9.5821,15.07,9,55.56,true
1.07,OldGuardNoBNB,3,73.1072,8.4338,27.13,9,66.67,true
1.07,OldGuardNoBNB,4,16.4578,5.2175,16.15,6,66.67,true
1.07,OldGuardNoBNB,5,21.6181,6.7148,17.70,5,60.00,true
1.07,LargeCaps5,0,392.7382,16.0822,11.80,9,77.78,true
1.07,LargeCaps5,1,-30.1222,-6.5301,38.09,8,25.00,false
1.07,LargeCaps5,2,241.8562,9.4238,35.59,9,66.67,true
1.07,LargeCaps5,3,89.3176,7.4645,36.89,10,70.00,true
1.07,LargeCaps5,4,40.6629,11.4930,12.26,7,71.43,true
1.07,LargeCaps5,5,55.1989,37.6643,0.00,3,100.00,true
1.07,Legacy3,0,136.7279,13.1556,13.14,9,66.67,true
1.07,Legacy3,1,7.9581,2.8301,21.41,7,57.14,true
1.07,Legacy3,2,278.7434,13.3969,15.03,7,71.43,true
1.07,Legacy3,3,201.8781,26.3310,5.96,8,87.50,true
1.07,Legacy3,4,-20.9545,-3.5734,24.07,7,42.86,false
1.07,Legacy3,5,-42.0725,-8.7599,42.70,6,33.33,false
1.07,LowVolume5,0,-34.5549,-2.3819,54.77,12,41.67,false
1.07,LowVolume5,1,-63.5601,-10.1467,63.56,9,22.22,false
1.07,LowVolume5,2,495.1552,12.6123,16.38,10,90.00,true
1.07,LowVolume5,3,-26.1809,0.6620,70.47,11,54.55,false
1.07,LowVolume5,4,-31.3882,-4.4872,35.08,7,42.86,false
1.07,LowVolume5,5,38.2302,6.5526,18.67,7,57.14,true
1.07,OldGuard4,0,65.1902,5.4862,28.64,11,63.64,true
1.07,OldGuard4,1,-55.3061,-7.6480,62.57,9,33.33,false
1.07,OldGuard4,2,279.5505,12.1164,15.03,8,75.00,true
1.07,OldGuard4,3,201.8781,26.3310,5.96,8,87.50,true
1.07,OldGuard4,4,1.3155,1.2727,16.93,7,57.14,true
1.07,OldGuard4,5,-25.3382,-1.8175,39.18,8,37.50,false
1.08,Base5,0,261.1355,13.7723,11.80,8,75.00,true
1.08,Base5,1,113.6296,5.6995,35.94,10,40.00,true
1.08,Base5,2,224.3485,16.0512,10.85,10,70.00,true
1.08,Base5,3,140.4677,8.9254,45.35,10,80.00,true
1.08,Base5,4,9.5118,3.1438,17.60,7,57.14,true
1.08,Base5,5,44.1356,15.9778,7.13,4,75.00,true
1.08,NoDOGE,0,261.1355,13.7723,11.80,8,75.00,true
1.08,NoDOGE,1,-30.1222,-6.5301,38.09,8,25.00,false
1.08,NoDOGE,2,241.8562,9.4238,35.59,9,66.67,true
1.08,NoDOGE,3,337.4018,20.8756,12.01,9,88.89,true
1.08,NoDOGE,4,9.5118,3.1438,17.60,7,57.14,true
1.08,NoDOGE,5,55.1989,37.6643,0.00,3,100.00,true
1.08,Legacy4,0,81.7709,11.2167,13.14,8,62.50,true
1.08,Legacy4,1,-18.5648,-3.0122,27.85,8,37.50,false
1.08,Legacy4,2,222.8086,9.5821,15.07,9,55.56,true
1.08,Legacy4,3,73.1072,8.4338,27.13,9,66.67,true
1.08,Legacy4,4,16.4578,5.2175,16.15,6,66.67,true
1.08,Legacy4,5,47.7751,31.3468,0.00,3,100.00,true
1.08,Legacy5BNB,0,97.2695,13.7665,5.05,9,55.56,true
1.08,Legacy5BNB,1,-31.3743,-6.7407,39.20,8,25.00,false
1.08,Legacy5BNB,2,222.8086,9.5821,15.07,9,55.56,true
1.08,Legacy5BNB,3,44.1662,5.8106,36.89,9,66.67,true
1.08,Legacy5BNB,4,33.3553,10.6557,12.26,6,66.67,true
1.08,Legacy5BNB,5,4.5440,2.2088,24.62,5,60.00,true
1.08,OldGuardNoBNB,0,31.7661,3.7528,28.64,10,60.00,true
1.08,OldGuardNoBNB,1,-61.9421,-6.8339,72.56,10,20.00,false
1.08,OldGuardNoBNB,2,222.8086,9.5821,15.07,9,55.56,true
1.08,OldGuardNoBNB,3,73.1072,8.4338,27.13,9,66.67,true
1.08,OldGuardNoBNB,4,16.4578,5.2175,16.15,6,66.67,true
1.08,OldGuardNoBNB,5,21.6181,6.7148,17.70,5,60.00,true
1.08,LargeCaps5,0,392.7382,16.0822,11.80,9,77.78,true
1.08,LargeCaps5,1,-30.1222,-6.5301,38.09,8,25.00,false
1.08,LargeCaps5,2,241.8562,9.4238,35.59,9,66.67,true
1.08,LargeCaps5,3,89.3176,7.4645,36.89,10,70.00,true
1.08,LargeCaps5,4,40.6629,11.4930,12.26,7,71.43,true
1.08,LargeCaps5,5,55.1989,37.6643,0.00,3,100.00,true
1.08,Legacy3,0,136.7279,13.1556,13.14,9,66.67,true
1.08,Legacy3,1,7.9581,2.8301,21.41,7,57.14,true
1.08,Legacy3,2,278.7434,13.3969,15.03,7,71.43,true
1.08,Legacy3,3,201.8781,26.3310,5.96,8,87.50,true
1.08,Legacy3,4,-20.9545,-3.5734,24.07,7,42.86,false
1.08,Legacy3,5,-42.0725,-8.7599,42.70,6,33.33,false
1.08,LowVolume5,0,-34.5549,-2.3819,54.77,12,41.67,false
1.08,LowVolume5,1,-63.5601,-10.1467,63.56,9,22.22,false
1.08,LowVolume5,2,495.1552,12.6123,16.38,10,90.00,true
1.08,LowVolume5,3,-36.0168,-0.2380,74.41,10,50.00,false
1.08,LowVolume5,4,-31.3882,-4.4872,35.08,7,42.86,false
1.08,LowVolume5,5,38.2302,6.5526,18.67,7,57.14,true
1.08,OldGuard4,0,65.1902,5.4862,28.64,11,63.64,true
1.08,OldGuard4,1,-55.3061,-7.6480,62.57,9,33.33,false
1.08,OldGuard4,2,279.5505,12.1164,15.03,8,75.00,true
1.08,OldGuard4,3,201.8781,26.3310,5.96,8,87.50,true
1.08,OldGuard4,4,1.3155,1.2727,16.93,7,57.14,true
1.08,OldGuard4,5,-25.3382,-1.8175,39.18,8,37.50,false
1.09,Base5,0,261.1355,13.7723,11.80,8,75.00,true
1.09,Base5,1,113.6296,5.6995,35.94,10,40.00,true
1.09,Base5,2,224.3485,16.0512,10.85,10,70.00,true
1.09,Base5,3,140.4677,8.9254,45.35,10,80.00,true
1.09,Base5,4,9.5118,3.1438,17.60,7,57.14,true
1.09,Base5,5,44.1356,15.9778,7.13,4,75.00,true
1.09,NoDOGE,0,261.1355,13.7723,11.80,8,75.00,true
1.09,NoDOGE,1,-30.1222,-6.5301,38.09,8,25.00,false
1.09,NoDOGE,2,241.8562,9.4238,35.59,9,66.67,true
1.09,NoDOGE,3,337.4018,20.8756,12.01,9,88.89,true
1.09,NoDOGE,4,9.5118,3.1438,17.60,7,57.14,true
1.09,NoDOGE,5,55.1989,37.6643,0.00,3,100.00,true
1.09,Legacy4,0,81.7709,11.2167,13.14,8,62.50,true
1.09,Legacy4,1,-18.5648,-3.0122,27.85,8,37.50,false
1.09,Legacy4,2,222.8086,9.5821,15.07,9,55.56,true
1.09,Legacy4,3,73.1072,8.4338,27.13,9,66.67,true
1.09,Legacy4,4,16.4578,5.2175,16.15,6,66.67,true
1.09,Legacy4,5,47.7751,31.3468,0.00,3,100.00,true
1.09,Legacy5BNB,0,97.2695,13.7665,5.05,9,55.56,true
1.09,Legacy5BNB,1,-31.3743,-6.7407,39.20,8,25.00,false
1.09,Legacy5BNB,2,222.8086,9.5821,15.07,9,55.56,true
1.09,Legacy5BNB,3,44.1662,5.8106,36.89,9,66.67,true
1.09,Legacy5BNB,4,33.3553,10.6557,12.26,6,66.67,true
1.09,Legacy5BNB,5,4.5440,2.2088,24.62,5,60.00,true
1.09,OldGuardNoBNB,0,31.7661,3.7528,28.64,10,60.00,true
1.09,OldGuardNoBNB,1,-61.9421,-6.8339,72.56,10,20.00,false
1.09,OldGuardNoBNB,2,222.8086,9.5821,15.07,9,55.56,true
1.09,OldGuardNoBNB,3,73.1072,8.4338,27.13,9,66.67,true
1.09,OldGuardNoBNB,4,16.4578,5.2175,16.15,6,66.67,true
1.09,OldGuardNoBNB,5,21.6181,6.7148,17.70,5,60.00,true
1.09,LargeCaps5,0,392.7382,16.0822,11.80,9,77.78,true
1.09,LargeCaps5,1,-30.1222,-6.5301,38.09,8,25.00,false
1.09,LargeCaps5,2,241.8562,9.4238,35.59,9,66.67,true
1.09,LargeCaps5,3,89.3176,7.4645,36.89,10,70.00,true
1.09,LargeCaps5,4,40.6629,11.4930,12.26,7,71.43,true
1.09,LargeCaps5,5,55.1989,37.6643,0.00,3,100.00,true
1.09,Legacy3,0,136.7279,13.1556,13.14,9,66.67,true
1.09,Legacy3,1,7.9581,2.8301,21.41,7,57.14,true
1.09,Legacy3,2,278.7434,13.3969,15.03,7,71.43,true
1.09,Legacy3,3,131.6204,15.3840,15.39,8,75.00,true
1.09,Legacy3,4,-20.9545,-3.5734,24.07,7,42.86,false
1.09,Legacy3,5,-42.0725,-8.7599,42.70,6,33.33,false
1.09,LowVolume5,0,-34.5549,-2.3819,54.77,12,41.67,false
1.09,LowVolume5,1,-63.5601,-10.1467,63.56,9,22.22,false
1.09,LowVolume5,2,495.1552,12.6123,16.38,10,90.00,true
1.09,LowVolume5,3,-45.3771,-1.2336,75.91,10,40.00,false
1.09,LowVolume5,4,-31.3882,-4.4872,35.08,7,42.86,false
1.09,LowVolume5,5,38.2302,6.5526,18.67,7,57.14,true
1.09,OldGuard4,0,65.1902,5.4862,28.64,11,63.64,true
1.09,OldGuard4,1,-55.3061,-7.6480,62.57,9,33.33,false
1.09,OldGuard4,2,279.5505,12.1164,15.03,8,75.00,true
1.09,OldGuard4,3,131.6204,15.3840,15.39,8,75.00,true
1.09,OldGuard4,4,1.3155,1.2727,16.93,7,57.14,true
1.09,OldGuard4,5,-25.3382,-1.8175,39.18,8,37.50,false
1.10,Base5,0,261.1355,13.7723,11.80,8,75.00,true
1.10,Base5,1,113.6296,5.6995,35.94,10,40.00,true
1.10,Base5,2,224.3485,16.0512,10.85,10,70.00,true
1.10,Base5,3,140.4677,8.9254,45.35,10,80.00,true
1.10,Base5,4,9.5118,3.1438,17.60,7,57.14,true
1.10,Base5,5,44.1356,15.9778,7.13,4,75.00,true
1.10,NoDOGE,0,261.1355,13.7723,11.80,8,75.00,true
1.10,NoDOGE,1,-30.1222,-6.5301,38.09,8,25.00,false
1.10,NoDOGE,2,241.8562,9.4238,35.59,9,66.67,true
1.10,NoDOGE,3,337.4018,20.8756,12.01,9,88.89,true
1.10,NoDOGE,4,9.5118,3.1438,17.60,7,57.14,true
1.10,NoDOGE,5,55.1989,37.6643,0.00,3,100.00,true
1.10,Legacy4,0,81.7709,11.2167,13.14,8,62.50,true
1.10,Legacy4,1,-18.5648,-3.0122,27.85,8,37.50,false
1.10,Legacy4,2,222.8086,9.5821,15.07,9,55.56,true
1.10,Legacy4,3,73.1072,8.4338,27.13,9,66.67,true
1.10,Legacy4,4,16.4578,5.2175,16.15,6,66.67,true
1.10,Legacy4,5,47.7751,31.3468,0.00,3,100.00,true
1.10,Legacy5BNB,0,97.2695,13.7665,5.05,9,55.56,true
1.10,Legacy5BNB,1,-31.3743,-6.7407,39.20,8,25.00,false
1.10,Legacy5BNB,2,222.8086,9.5821,15.07,9,55.56,true
1.10,Legacy5BNB,3,44.1662,5.8106,36.89,9,66.67,true
1.10,Legacy5BNB,4,33.3553,10.6557,12.26,6,66.67,true
1.10,Legacy5BNB,5,4.5440,2.2088,24.62,5,60.00,true
1.10,OldGuardNoBNB,0,31.7661,3.7528,28.64,10,60.00,true
1.10,OldGuardNoBNB,1,-61.9421,-6.8339,72.56,10,20.00,false
1.10,OldGuardNoBNB,2,222.8086,9.5821,15.07,9,55.56,true
1.10,OldGuardNoBNB,3,73.1072,8.4338,27.13,9,66.67,true
1.10,OldGuardNoBNB,4,16.4578,5.2175,16.15,6,66.67,true
1.10,OldGuardNoBNB,5,21.6181,6.7148,17.70,5,60.00,true
1.10,LargeCaps5,0,392.7382,16.0822,11.80,9,77.78,true
1.10,LargeCaps5,1,-30.1222,-6.5301,38.09,8,25.00,false
1.10,LargeCaps5,2,241.8562,9.4238,35.59,9,66.67,true
1.10,LargeCaps5,3,89.3176,7.4645,36.89,10,70.00,true
1.10,LargeCaps5,4,40.6629,11.4930,12.26,7,71.43,true
1.10,LargeCaps5,5,55.1989,37.6643,0.00,3,100.00,true
1.10,Legacy3,0,136.7279,13.1556,13.14,9,66.67,true
1.10,Legacy3,1,7.9581,2.8301,21.41,7,57.14,true
1.10,Legacy3,2,278.7434,13.3969,15.03,7,71.43,true
1.10,Legacy3,3,131.6204,15.3840,15.39,8,75.00,true
1.10,Legacy3,4,-20.9545,-3.5734,24.07,7,42.86,false
1.10,Legacy3,5,-42.0725,-8.7599,42.70,6,33.33,false
1.10,LowVolume5,0,-34.5549,-2.3819,54.77,12,41.67,false
1.10,LowVolume5,1,-63.5601,-10.1467,63.56,9,22.22,false
1.10,LowVolume5,2,495.1552,12.6123,16.38,10,90.00,true
1.10,LowVolume5,3,-45.3771,-1.2336,75.91,10,40.00,false
1.10,LowVolume5,4,-31.3882,-4.4872,35.08,7,42.86,false
1.10,LowVolume5,5,38.2302,6.5526,18.67,7,57.14,true
1.10,OldGuard4,0,65.1902,5.4862,28.64,11,63.64,true
1.10,OldGuard4,1,-55.3061,-7.6480,62.57,9,33.33,false
1.10,OldGuard4,2,279.5505,12.1164,15.03,8,75.00,true
1.10,OldGuard4,3,131.6204,15.3840,15.39,8,75.00,true
1.10,OldGuard4,4,1.3155,1.2727,16.93,7,57.14,true
1.10,OldGuard4,5,-25.3382,-1.8175,39.18,8,37.50,false
1.11,Base5,0,261.1355,13.7723,11.80,8,75.00,true
1.11,Base5,1,113.6296,5.6995,35.94,10,40.00,true
1.11,Base5,2,224.3485,16.0512,10.85,10,70.00,true
1.11,Base5,3,140.4677,8.9254,45.35,10,80.00,true
1.11,Base5,4,-0.1171,1.1457,19.33,7,42.86,false
1.11,Base5,5,26.7534,10.2627,7.13,4,75.00,true
1.11,NoDOGE,0,261.1355,13.7723,11.80,8,75.00,true
1.11,NoDOGE,1,-30.1222,-6.5301,38.09,8,25.00,false
1.11,NoDOGE,2,241.8562,9.4238,35.59,9,66.67,true
1.11,NoDOGE,3,337.4018,20.8756,12.01,9,88.89,true
1.11,NoDOGE,4,-0.1171,1.1457,19.33,7,42.86,false
1.11,NoDOGE,5,36.4824,19.3142,0.00,3,100.00,true
1.11,Legacy4,0,81.7709,11.2167,13.14,8,62.50,true
1.11,Legacy4,1,-18.5648,-3.0122,27.85,8,37.50,false
1.11,Legacy4,2,222.8086,9.5821,15.07,9,55.56,true
1.11,Legacy4,3,28.1116,4.3270,28.12,9,66.67,true
1.11,Legacy4,4,16.4578,5.2175,16.15,6,66.67,true
1.11,Legacy4,5,47.7751,31.3468,0.00,3,100.00,true
1.11,Legacy5BNB,0,83.0561,12.2599,5.05,9,55.56,true
1.11,Legacy5BNB,1,-31.3743,-6.7407,39.20,8,25.00,false
1.11,Legacy5BNB,2,222.8086,9.5821,15.07,9,55.56,true
1.11,Legacy5BNB,3,6.6932,2.6857,43.85,9,66.67,true
1.11,Legacy5BNB,4,33.3553,10.6557,12.26,6,66.67,true
1.11,Legacy5BNB,5,4.5440,2.2088,24.62,5,60.00,true
1.11,OldGuardNoBNB,0,31.7661,3.7528,28.64,10,60.00,true
1.11,OldGuardNoBNB,1,-61.9421,-6.8339,72.56,10,20.00,false
1.11,OldGuardNoBNB,2,222.8086,9.5821,15.07,9,55.56,true
1.11,OldGuardNoBNB,3,28.1116,4.3270,28.12,9,66.67,true
1.11,OldGuardNoBNB,4,16.4578,5.2175,16.15,6,66.67,true
1.11,OldGuardNoBNB,5,21.6181,6.7148,17.70,5,60.00,true
1.11,LargeCaps5,0,392.7382,16.0822,11.80,9,77.78,true
1.11,LargeCaps5,1,-30.1222,-6.5301,38.09,8,25.00,false
1.11,LargeCaps5,2,241.8562,9.4238,35.59,9,66.67,true
1.11,LargeCaps5,3,89.3176,7.4645,36.89,10,70.00,true
1.11,LargeCaps5,4,28.2949,8.1556,12.26,7,57.14,true
1.11,LargeCaps5,5,36.4824,19.3142,0.00,3,100.00,true
1.11,Legacy3,0,136.7279,13.1556,13.14,9,66.67,true
1.11,Legacy3,1,7.9581,2.8301,21.41,7,57.14,true
1.11,Legacy3,2,278.7434,13.3969,15.03,7,71.43,true
1.11,Legacy3,3,93.9497,11.0834,18.68,8,75.00,true
1.11,Legacy3,4,-20.9545,-3.5734,24.07,7,42.86,false
1.11,Legacy3,5,-42.0725,-8.7599,42.70,6,33.33,false
1.11,LowVolume5,0,-34.5549,-2.3819,54.77,12,41.67,false
1.11,LowVolume5,1,-63.5601,-10.1467,63.56,9,22.22,false
1.11,LowVolume5,2,495.1552,12.6123,16.38,10,90.00,true
1.11,LowVolume5,3,-45.3771,-1.2336,75.91,10,40.00,false
1.11,LowVolume5,4,-31.3882,-4.4872,35.08,7,42.86,false
1.11,LowVolume5,5,38.2302,6.5526,18.67,7,57.14,true
1.11,OldGuard4,0,65.1902,5.4862,28.64,11,63.64,true
1.11,OldGuard4,1,-55.3061,-7.6480,62.57,9,33.33,false
1.11,OldGuard4,2,279.5505,12.1164,15.03,8,75.00,true
1.11,OldGuard4,3,93.9497,11.0834,18.68,8,75.00,true
1.11,OldGuard4,4,1.3155,1.2727,16.93,7,57.14,true
1.11,OldGuard4,5,-25.3382,-1.8175,39.18,8,37.50,false
1.12,Base5,0,261.1355,13.7723,11.80,8,75.00,true
1.12,Base5,1,113.6296,5.6995,35.94,10,40.00,true
1.12,Base5,2,224.3485,16.0512,10.85,10,70.00,true
1.12,Base5,3,140.4677,8.9254,45.35,10,80.00,true
1.12,Base5,4,-0.1171,1.1457,19.33,7,42.86,false
1.12,Base5,5,26.7534,10.2627,7.13,4,75.00,true
1.12,NoDOGE,0,261.1355,13.7723,11.80,8,75.00,true
1.12,NoDOGE,1,-30.1222,-6.5301,38.09,8,25.00,false
1.12,NoDOGE,2,241.8562,9.4238,35.59,9,66.67,true
1.12,NoDOGE,3,337.4018,20.8756,12.01,9,88.89,true
1.12,NoDOGE,4,-0.1171,1.1457,19.33,7,42.86,false
1.12,NoDOGE,5,36.4824,19.3142,0.00,3,100.00,true
1.12,Legacy4,0,81.7709,11.2167,13.14,8,62.50,true
1.12,Legacy4,1,-18.5648,-3.0122,27.85,8,37.50,false
1.12,Legacy4,2,222.8086,9.5821,15.07,9,55.56,true
1.12,Legacy4,3,28.1116,4.3270,28.12,9,66.67,true
1.12,Legacy4,4,16.4578,5.2175,16.15,6,66.67,true
1.12,Legacy4,5,47.7751,31.3468,0.00,3,100.00,true
1.12,Legacy5BNB,0,83.0561,12.2599,5.05,9,55.56,true
1.12,Legacy5BNB,1,-31.3743,-6.7407,39.20,8,25.00,false
1.12,Legacy5BNB,2,222.8086,9.5821,15.07,9,55.56,true
1.12,Legacy5BNB,3,6.6932,2.6857,43.85,9,66.67,true
1.12,Legacy5BNB,4,33.3553,10.6557,12.26,6,66.67,true
1.12,Legacy5BNB,5,4.5440,2.2088,24.62,5,60.00,true
1.12,OldGuardNoBNB,0,31.7661,3.7528,28.64,10,60.00,true
1.12,OldGuardNoBNB,1,-61.9421,-6.8339,72.56,10,20.00,false
1.12,OldGuardNoBNB,2,222.8086,9.5821,15.07,9,55.56,true
1.12,OldGuardNoBNB,3,28.1116,4.3270,28.12,9,66.67,true
1.12,OldGuardNoBNB,4,16.4578,5.2175,16.15,6,66.67,true
1.12,OldGuardNoBNB,5,-3.4588,0.9565,34.67,5,60.00,false
1.12,LargeCaps5,0,392.7382,16.0822,11.80,9,77.78,true
1.12,LargeCaps5,1,-30.1222,-6.5301,38.09,8,25.00,false
1.12,LargeCaps5,2,241.8562,9.4238,35.59,9,66.67,true
1.12,LargeCaps5,3,89.3176,7.4645,36.89,10,70.00,true
1.12,LargeCaps5,4,28.2949,8.1556,12.26,7,57.14,true
1.12,LargeCaps5,5,36.4824,19.3142,0.00,3,100.00,true
1.12,Legacy3,0,136.7279,13.1556,13.14,9,66.67,true
1.12,Legacy3,1,7.9581,2.8301,21.41,7,57.14,true
1.12,Legacy3,2,185.9393,10.8622,15.03,7,71.43,true
1.12,Legacy3,3,93.9497,11.0834,18.68,8,75.00,true
1.12,Legacy3,4,-20.9545,-3.5734,24.07,7,42.86,false
1.12,Legacy3,5,-42.0725,-8.7599,42.70,6,33.33,false
1.12,LowVolume5,0,-34.5549,-2.3819,54.77,12,41.67,false
1.12,LowVolume5,1,-63.5601,-10.1467,63.56,9,22.22,false
1.12,LowVolume5,2,361.1139,10.9781,16.38,10,90.00,true
1.12,LowVolume5,3,73.1694,5.8936,67.13,10,50.00,true
1.12,LowVolume5,4,-31.3882,-4.4872,35.08,7,42.86,false
1.12,LowVolume5,5,-34.4807,-5.6132,47.72,7,42.86,false
1.12,OldGuard4,0,65.1902,5.4862,28.64,11,63.64,true
1.12,OldGuard4,1,-55.3061,-7.6480,62.57,9,33.33,false
1.12,OldGuard4,2,186.5487,9.9302,15.03,8,75.00,true
1.12,OldGuard4,3,93.9497,11.0834,18.68,8,75.00,true
1.12,OldGuard4,4,1.3155,1.2727,16.93,7,57.14,true
1.12,OldGuard4,5,-64.6113,-14.6389,64.99,8,25.00,false
1.13,Base5,0,261.1355,13.7723,11.80,8,75.00,true
1.13,Base5,1,113.6296,5.6995,35.94,10,40.00,true
1.13,Base5,2,224.3485,16.0512,10.85,10,70.00,true
1.13,Base5,3,140.4677,8.9254,45.35,10,80.00,true
1.13,Base5,4,-0.1171,1.1457,19.33,7,42.86,false
1.13,Base5,5,26.7534,10.2627,7.13,4,75.00,true
1.13,NoDOGE,0,261.1355,13.7723,11.80,8,75.00,true
1.13,NoDOGE,1,-30.1222,-6.5301,38.09,8,25.00,false
1.13,NoDOGE,2,241.8562,9.4238,35.59,9,66.67,true
1.13,NoDOGE,3,337.4018,20.8756,12.01,9,88.89,true
1.13,NoDOGE,4,-0.1171,1.1457,19.33,7,42.86,false
1.13,NoDOGE,5,36.4824,19.3142,0.00,3,100.00,true
1.13,Legacy4,0,81.7709,11.2167,13.14,8,62.50,true
1.13,Legacy4,1,-18.5648,-3.0122,27.85,8,37.50,false
1.13,Legacy4,2,222.8086,9.5821,15.07,9,55.56,true
1.13,Legacy4,3,28.1116,4.3270,28.12,9,66.67,true
1.13,Legacy4,4,16.4578,5.2175,16.15,6,66.67,true
1.13,Legacy4,5,47.7751,31.3468,0.00,3,100.00,true
1.13,Legacy5BNB,0,83.0561,12.2599,5.05,9,55.56,true
1.13,Legacy5BNB,1,-31.3743,-6.7407,39.20,8,25.00,false
1.13,Legacy5BNB,2,222.8086,9.5821,15.07,9,55.56,true
1.13,Legacy5BNB,3,6.6932,2.6857,43.85,9,66.67,true
1.13,Legacy5BNB,4,33.3553,10.6557,12.26,6,66.67,true
1.13,Legacy5BNB,5,4.5440,2.2088,24.62,5,60.00,true
1.13,OldGuardNoBNB,0,31.7661,3.7528,28.64,10,60.00,true
1.13,OldGuardNoBNB,1,-61.9421,-6.8339,72.56,10,20.00,false
1.13,OldGuardNoBNB,2,222.8086,9.5821,15.07,9,55.56,true
1.13,OldGuardNoBNB,3,28.1116,4.3270,28.12,9,66.67,true
1.13,OldGuardNoBNB,4,16.4578,5.2175,16.15,6,66.67,true
1.13,OldGuardNoBNB,5,-3.4588,0.9565,34.67,5,60.00,false
1.13,LargeCaps5,0,392.7382,16.0822,11.80,9,77.78,true
1.13,LargeCaps5,1,-30.1222,-6.5301,38.09,8,25.00,false
1.13,LargeCaps5,2,241.8562,9.4238,35.59,9,66.67,true
1.13,LargeCaps5,3,89.3176,7.4645,36.89,10,70.00,true
1.13,LargeCaps5,4,28.2949,8.1556,12.26,7,57.14,true
1.13,LargeCaps5,5,36.4824,19.3142,0.00,3,100.00,true
1.13,Legacy3,0,136.7279,13.1556,13.14,9,66.67,true
1.13,Legacy3,1,7.9581,2.8301,21.41,7,57.14,true
1.13,Legacy3,2,185.9393,10.8622,15.03,7,71.43,true
1.13,Legacy3,3,93.9497,11.0834,18.68,8,75.00,true
1.13,Legacy3,4,-8.7112,-0.8328,25.19,7,42.86,false
1.13,Legacy3,5,-42.0725,-8.7599,42.70,6,33.33,false
1.13,LowVolume5,0,-34.5549,-2.3819,54.77,12,41.67,false
1.13,LowVolume5,1,-63.5601,-10.1467,63.56,9,22.22,false
1.13,LowVolume5,2,361.1139,10.9781,16.38,10,90.00,true
1.13,LowVolume5,3,113.8067,7.4671,59.42,9,55.56,true
1.13,LowVolume5,4,-32.4028,-5.8420,36.04,6,33.33,false
1.13,LowVolume5,5,-34.4807,-5.6132,47.72,7,42.86,false
1.13,OldGuard4,0,65.1902,5.4862,28.64,11,63.64,true
1.13,OldGuard4,1,-55.3061,-7.6480,62.57,9,33.33,false
1.13,OldGuard4,2,186.5487,9.9302,15.03,8,75.00,true
1.13,OldGuard4,3,93.9497,11.0834,18.68,8,75.00,true
1.13,OldGuard4,4,17.0081,5.5739,10.42,7,57.14,true
1.13,OldGuard4,5,-64.6113,-14.6389,64.99,8,25.00,false
1.14,Base5,0,261.1355,13.7723,11.80,8,75.00,true
1.14,Base5,1,113.6296,5.6995,35.94,10,40.00,true
1.14,Base5,2,224.3485,16.0512,10.85,10,70.00,true
1.14,Base5,3,140.4677,8.9254,45.35,10,80.00,true
1.14,Base5,4,-0.1171,1.1457,19.33,7,42.86,false
1.14,Base5,5,26.7534,10.2627,7.13,4,75.00,true
1.14,NoDOGE,0,261.1355,13.7723,11.80,8,75.00,true
1.14,NoDOGE,1,-30.1222,-6.5301,38.09,8,25.00,false
1.14,NoDOGE,2,241.8562,9.4238,35.59,9,66.67,true
1.14,NoDOGE,3,337.4018,20.8756,12.01,9,88.89,true
1.14,NoDOGE,4,-0.1171,1.1457,19.33,7,42.86,false
1.14,NoDOGE,5,36.4824,19.3142,0.00,3,100.00,true
1.14,Legacy4,0,81.7709,11.2167,13.14,8,62.50,true
1.14,Legacy4,1,-18.5648,-3.0122,27.85,8,37.50,false
1.14,Legacy4,2,222.8086,9.5821,15.07,9,55.56,true
1.14,Legacy4,3,75.8107,9.2918,28.12,8,75.00,true
1.14,Legacy4,4,16.4578,5.2175,16.15,6,66.67,true
1.14,Legacy4,5,47.7751,31.3468,0.00,3,100.00,true
1.14,Legacy5BNB,0,67.7107,11.4284,5.05,9,55.56,true
1.14,Legacy5BNB,1,-31.3743,-6.7407,39.20,8,25.00,false
1.14,Legacy5BNB,2,222.8086,9.5821,15.07,9,55.56,true
1.14,Legacy5BNB,3,6.6932,2.6857,43.85,9,66.67,true
1.14,Legacy5BNB,4,33.3553,10.6557,12.26,6,66.67,true
1.14,Legacy5BNB,5,4.5440,2.2088,24.62,5,60.00,true
1.14,OldGuardNoBNB,0,20.7203,2.9046,28.64,10,60.00,true
1.14,OldGuardNoBNB,1,-61.9421,-6.8339,72.56,10,20.00,false
1.14,OldGuardNoBNB,2,222.8086,9.5821,15.07,9,55.56,true
1.14,OldGuardNoBNB,3,75.8107,9.2918,28.12,8,75.00,true
1.14,OldGuardNoBNB,4,16.4578,5.2175,16.15,6,66.67,true
1.14,OldGuardNoBNB,5,-3.4588,0.9565,34.67,5,60.00,false
1.14,LargeCaps5,0,351.4323,15.1191,11.80,9,77.78,true
1.14,LargeCaps5,1,-30.1222,-6.5301,38.09,8,25.00,false
1.14,LargeCaps5,2,241.8562,9.4238,35.59,9,66.67,true
1.14,LargeCaps5,3,89.3176,7.4645,36.89,10,70.00,true
1.14,LargeCaps5,4,28.2949,8.1556,12.26,7,57.14,true
1.14,LargeCaps5,5,36.4824,19.3142,0.00,3,100.00,true
1.14,Legacy3,0,136.7279,13.1556,13.14,9,66.67,true
1.14,Legacy3,1,7.9581,2.8301,21.41,7,57.14,true
1.14,Legacy3,2,185.9393,10.8622,15.03,7,71.43,true
1.14,Legacy3,3,93.9497,11.0834,18.68,8,75.00,true
1.14,Legacy3,4,-8.7112,-0.8328,25.19,7,42.86,false
1.14,Legacy3,5,-42.0725,-8.7599,42.70,6,33.33,false
1.14,LowVolume5,0,-34.5549,-2.3819,54.77,12,41.67,false
1.14,LowVolume5,1,-63.5601,-10.1467,63.56,9,22.22,false
1.14,LowVolume5,2,361.1139,10.9781,16.38,10,90.00,true
1.14,LowVolume5,3,113.8067,7.4671,59.42,9,55.56,true
1.14,LowVolume5,4,-32.4028,-5.8420,36.04,6,33.33,false
1.14,LowVolume5,5,-34.4807,-5.6132,47.72,7,42.86,false
1.14,OldGuard4,0,51.3424,4.7507,28.64,11,63.64,true
1.14,OldGuard4,1,-55.3061,-7.6480,62.57,9,33.33,false
1.14,OldGuard4,2,186.5487,9.9302,15.03,8,75.00,true
1.14,OldGuard4,3,93.9497,11.0834,18.68,8,75.00,true
1.14,OldGuard4,4,17.0081,5.5739,10.42,7,57.14,true
1.14,OldGuard4,5,-64.6113,-14.6389,64.99,8,25.00,false
1.15,Base5,0,261.1355,13.7723,11.80,8,75.00,true
1.15,Base5,1,113.6296,5.6995,35.94,10,40.00,true
1.15,Base5,2,224.3485,16.0512,10.85,10,70.00,true
1.15,Base5,3,103.0947,7.7138,38.96,10,80.00,true
1.15,Base5,4,-0.1171,1.1457,19.33,7,42.86,false
1.15,Base5,5,26.7534,10.2627,7.13,4,75.00,true
1.15,NoDOGE,0,261.1355,13.7723,11.80,8,75.00,true
1.15,NoDOGE,1,3.4275,1.8528,9.86,7,42.86,true
1.15,NoDOGE,2,241.8562,9.4238,35.59,9,66.67,true
1.15,NoDOGE,3,269.4217,20.6322,1.73,9,88.89,true
1.15,NoDOGE,4,-0.1171,1.1457,19.33,7,42.86,false
1.15,NoDOGE,5,36.4824,19.3142,0.00,3,100.00,true
1.15,Legacy4,0,81.7709,11.2167,13.14,8,62.50,true
1.15,Legacy4,1,2.0776,1.4522,9.86,7,42.86,true
1.15,Legacy4,2,222.8086,9.5821,15.07,9,55.56,true
1.15,Legacy4,3,75.8107,9.2918,28.12,8,75.00,true
1.15,Legacy4,4,16.4578,5.2175,16.15,6,66.67,true
1.15,Legacy4,5,47.7751,31.3468,0.00,3,100.00,true
1.15,Legacy5BNB,0,67.7107,11.4284,5.05,9,55.56,true
1.15,Legacy5BNB,1,-13.9789,-3.8645,23.79,7,28.57,false
1.15,Legacy5BNB,2,222.8086,9.5821,15.07,9,55.56,true
1.15,Legacy5BNB,3,6.6932,2.6857,43.85,9,66.67,true
1.15,Legacy5BNB,4,33.3553,10.6557,12.26,6,66.67,true
1.15,Legacy5BNB,5,4.5440,2.2088,24.62,5,60.00,true
1.15,OldGuardNoBNB,0,20.7203,2.9046,28.64,10,60.00,true
1.15,OldGuardNoBNB,1,-52.2950,-5.3562,65.60,9,22.22,false
1.15,OldGuardNoBNB,2,222.8086,9.5821,15.07,9,55.56,true
1.15,OldGuardNoBNB,3,75.8107,9.2918,28.12,8,75.00,true
1.15,OldGuardNoBNB,4,16.4578,5.2175,16.15,6,66.67,true
1.15,OldGuardNoBNB,5,-3.4588,0.9565,34.67,5,60.00,false
1.15,LargeCaps5,0,351.4323,15.1191,11.80,9,77.78,true
1.15,LargeCaps5,1,3.4275,1.8528,9.86,7,42.86,true
1.15,LargeCaps5,2,241.8562,9.4238,35.59,9,66.67,true
1.15,LargeCaps5,3,89.3176,7.4645,36.89,10,70.00,true
1.15,LargeCaps5,4,28.2949,8.1556,12.26,7,57.14,true
1.15,LargeCaps5,5,36.4824,19.3142,0.00,3,100.00,true
1.15,Legacy3,0,136.7279,13.1556,13.14,9,66.67,true
1.15,Legacy3,1,7.9581,2.8301,21.41,7,57.14,true
1.15,Legacy3,2,185.9393,10.8622,15.03,7,71.43,true
1.15,Legacy3,3,93.9497,11.0834,18.68,8,75.00,true
1.15,Legacy3,4,-8.7112,-0.8328,25.19,7,42.86,false
1.15,Legacy3,5,-42.0725,-8.7599,42.70,6,33.33,false
1.15,LowVolume5,0,-34.5549,-2.3819,54.77,12,41.67,false
1.15,LowVolume5,1,-63.5601,-10.1467,63.56,9,22.22,false
1.15,LowVolume5,2,361.1139,10.9781,16.38,10,90.00,true
1.15,LowVolume5,3,113.8067,7.4671,59.42,9,55.56,true
1.15,LowVolume5,4,-32.4028,-5.8420,36.04,6,33.33,false
1.15,LowVolume5,5,-34.4807,-5.6132,47.72,7,42.86,false
1.15,OldGuard4,0,51.3424,4.7507,28.64,11,63.64,true
1.15,OldGuard4,1,-55.3061,-7.6480,62.57,9,33.33,false
1.15,OldGuard4,2,186.5487,9.9302,15.03,8,75.00,true
1.15,OldGuard4,3,93.9497,11.0834,18.68,8,75.00,true
1.15,OldGuard4,4,17.0081,5.5739,10.42,7,57.14,true
1.15,OldGuard4,5,-64.6113,-14.6389,64.99,8,25.00,false
1.16,Base5,0,261.1355,13.7723,11.80,8,75.00,true
1.16,Base5,1,113.6296,5.6995,35.94,10,40.00,true
1.16,Base5,2,224.3485,16.0512,10.85,10,70.00,true
1.16,Base5,3,73.0854,6.3152,47.98,10,80.00,true
1.16,Base5,4,-0.1171,1.1457,19.33,7,42.86,false
1.16,Base5,5,26.6840,12.4295,7.13,3,66.67,true
1.16,NoDOGE,0,261.1355,13.7723,11.80,8,75.00,true
1.16,NoDOGE,1,3.4275,1.8528,9.86,7,42.86,true
1.16,NoDOGE,2,241.8562,9.4238,35.59,9,66.67,true
1.16,NoDOGE,3,214.8359,16.1482,16.25,9,88.89,true
1.16,NoDOGE,4,-0.1171,1.1457,19.33,7,42.86,false
1.16,NoDOGE,5,36.4077,33.6073,0.00,2,100.00,false
1.16,Legacy4,0,81.7709,11.2167,13.14,8,62.50,true
1.16,Legacy4,1,2.0776,1.4522,9.86,7,42.86,true
1.16,Legacy4,2,222.8086,9.5821,15.07,9,55.56,true
1.16,Legacy4,3,49.8329,6.7950,28.12,8,75.00,true
1.16,Legacy4,4,16.4578,5.2175,16.15,6,66.67,true
1.16,Legacy4,5,47.7751,31.3468,0.00,3,100.00,true
1.16,Legacy5BNB,0,67.7107,11.4284,5.05,9,55.56,true
1.16,Legacy5BNB,1,-13.9789,-3.8645,23.79,7,28.57,false
1.16,Legacy5BNB,2,222.8086,9.5821,15.07,9,55.56,true
1.16,Legacy5BNB,3,6.6932,2.6857,43.85,9,66.67,true
1.16,Legacy5BNB,4,33.3553,10.6557,12.26,6,66.67,true
1.16,Legacy5BNB,5,4.5440,2.2088,24.62,5,60.00,true
1.16,OldGuardNoBNB,0,20.7203,2.9046,28.64,10,60.00,true
1.16,OldGuardNoBNB,1,-52.2950,-5.3562,65.60,9,22.22,false
1.16,OldGuardNoBNB,2,222.8086,9.5821,15.07,9,55.56,true
1.16,OldGuardNoBNB,3,49.8329,6.7950,28.12,8,75.00,true
1.16,OldGuardNoBNB,4,16.4578,5.2175,16.15,6,66.67,true
1.16,OldGuardNoBNB,5,22.8854,8.0209,16.84,4,75.00,true
1.16,LargeCaps5,0,351.4323,15.1191,11.80,9,77.78,true
1.16,LargeCaps5,1,3.4275,1.8528,9.86,7,42.86,true
1.16,LargeCaps5,2,241.8562,9.4238,35.59,9,66.67,true
1.16,LargeCaps5,3,89.3176,7.4645,36.89,10,70.00,true
1.16,LargeCaps5,4,28.2949,8.1556,12.26,7,57.14,true
1.16,LargeCaps5,5,36.4077,33.6073,0.00,2,100.00,false
1.16,Legacy3,0,136.7279,13.1556,13.14,9,66.67,true
1.16,Legacy3,1,7.9581,2.8301,21.41,7,57.14,true
1.16,Legacy3,2,142.0885,9.6602,22.24,7,57.14,true
1.16,Legacy3,3,93.9497,11.0834,18.68,8,75.00,true
1.16,Legacy3,4,-8.7112,-0.8328,25.19,7,42.86,false
1.16,Legacy3,5,-42.0725,-8.7599,42.70,6,33.33,false
1.16,LowVolume5,0,-34.5549,-2.3819,54.77,12,41.67,false
1.16,LowVolume5,1,-63.5601,-10.1467,63.56,9,22.22,false
1.16,LowVolume5,2,201.7068,8.4218,16.38,10,70.00,true
1.16,LowVolume5,3,113.8067,7.4671,59.42,9,55.56,true
1.16,LowVolume5,4,-32.4028,-5.8420,36.04,6,33.33,false
1.16,LowVolume5,5,-16.6017,-2.3050,33.45,6,50.00,false
1.16,OldGuard4,0,51.3424,4.7507,28.64,11,63.64,true
1.16,OldGuard4,1,-55.3061,-7.6480,62.57,9,33.33,false
1.16,OldGuard4,2,161.6212,9.1605,16.14,8,62.50,true
1.16,OldGuard4,3,93.9497,11.0834,18.68,8,75.00,true
1.16,OldGuard4,4,17.0081,5.5739,10.42,7,57.14,true
1.16,OldGuard4,5,-54.9544,-12.3842,55.44,7,28.57,false
1.17,Base5,0,261.1355,13.7723,11.80,8,75.00,true
1.17,Base5,1,113.6296,5.6995,35.94,10,40.00,true
1.17,Base5,2,224.3485,16.0512,10.85,10,70.00,true
1.17,Base5,3,73.0854,6.3152,47.98,10,80.00,true
1.17,Base5,4,-0.1171,1.1457,19.33,7,42.86,false
1.17,Base5,5,26.6840,12.4295,7.13,3,66.67,true
1.17,NoDOGE,0,261.1355,13.7723,11.80,8,75.00,true
1.17,NoDOGE,1,3.4275,1.8528,9.86,7,42.86,true
1.17,NoDOGE,2,241.8562,9.4238,35.59,9,66.67,true
1.17,NoDOGE,3,214.8359,16.1482,16.25,9,88.89,true
1.17,NoDOGE,4,-0.1171,1.1457,19.33,7,42.86,false
1.17,NoDOGE,5,36.4077,33.6073,0.00,2,100.00,false
1.17,Legacy4,0,81.7709,11.2167,13.14,8,62.50,true
1.17,Legacy4,1,2.0776,1.4522,9.86,7,42.86,true
1.17,Legacy4,2,222.8086,9.5821,15.07,9,55.56,true
1.17,Legacy4,3,49.8329,6.7950,28.12,8,75.00,true
1.17,Legacy4,4,16.4578,5.2175,16.15,6,66.67,true
1.17,Legacy4,5,47.7751,31.3468,0.00,3,100.00,true
1.17,Legacy5BNB,0,67.7107,11.4284,5.05,9,55.56,true
1.17,Legacy5BNB,1,-13.9789,-3.8645,23.79,7,28.57,false
1.17,Legacy5BNB,2,222.8086,9.5821,15.07,9,55.56,true
1.17,Legacy5BNB,3,6.6932,2.6857,43.85,9,66.67,true
1.17,Legacy5BNB,4,33.3553,10.6557,12.26,6,66.67,true
1.17,Legacy5BNB,5,-5.1479,0.4269,24.62,4,50.00,false
1.17,OldGuardNoBNB,0,20.7203,2.9046,28.64,10,60.00,true
1.17,OldGuardNoBNB,1,-52.2950,-5.3562,65.60,9,22.22,false
1.17,OldGuardNoBNB,2,222.8086,9.5821,15.07,9,55.56,true
1.17,OldGuardNoBNB,3,49.8329,6.7950,28.12,8,75.00,true
1.17,OldGuardNoBNB,4,16.4578,5.2175,16.15,6,66.67,true
1.17,OldGuardNoBNB,5,22.8854,8.0209,16.84,4,75.00,true
1.17,LargeCaps5,0,351.4323,15.1191,11.80,9,77.78,true
1.17,LargeCaps5,1,3.4275,1.8528,9.86,7,42.86,true
1.17,LargeCaps5,2,241.8562,9.4238,35.59,9,66.67,true
1.17,LargeCaps5,3,89.3176,7.4645,36.89,10,70.00,true
1.17,LargeCaps5,4,28.2949,8.1556,12.26,7,57.14,true
1.17,LargeCaps5,5,36.4077,33.6073,0.00,2,100.00,false
1.17,Legacy3,0,136.7279,13.1556,13.14,9,66.67,true
1.17,Legacy3,1,7.9581,2.8301,21.41,7,57.14,true
1.17,Legacy3,2,142.0885,9.6602,22.24,7,57.14,true
1.17,Legacy3,3,93.9497,11.0834,18.68,8,75.00,true
1.17,Legacy3,4,-8.7112,-0.8328,25.19,7,42.86,false
1.17,Legacy3,5,-28.0684,-8.2975,28.84,5,40.00,false
1.17,LowVolume5,0,-34.5549,-2.3819,54.77,12,41.67,false
1.17,LowVolume5,1,-52.7045,-6.0863,60.39,9,33.33,false
1.17,LowVolume5,2,201.7068,8.4218,16.38,10,70.00,true
1.17,LowVolume5,3,113.8067,7.4671,59.42,9,55.56,true
1.17,LowVolume5,4,-32.4028,-5.8420,36.04,6,33.33,false
1.17,LowVolume5,5,-16.6017,-2.3050,33.45,6,50.00,false
1.17,OldGuard4,0,51.3424,4.7507,28.64,11,63.64,true
1.17,OldGuard4,1,-55.3061,-7.6480,62.57,9,33.33,false
1.17,OldGuard4,2,161.6212,9.1605,16.14,8,62.50,true
1.17,OldGuard4,3,93.9497,11.0834,18.68,8,75.00,true
1.17,OldGuard4,4,17.0081,5.5739,10.42,7,57.14,true
1.17,OldGuard4,5,-44.0644,-13.7428,44.67,6,33.33,false
1.18,Base5,0,261.1355,13.7723,11.80,8,75.00,true
1.18,Base5,1,113.6296,5.6995,35.94,10,40.00,true
1.18,Base5,2,224.3485,16.0512,10.85,10,70.00,true
1.18,Base5,3,73.0854,6.3152,47.98,10,80.00,true
1.18,Base5,4,-0.1171,1.1457,19.33,7,42.86,false
1.18,Base5,5,26.6840,12.4295,7.13,3,66.67,true
1.18,NoDOGE,0,261.1355,13.7723,11.80,8,75.00,true
1.18,NoDOGE,1,-12.4094,-3.4092,22.40,7,28.57,false
1.18,NoDOGE,2,241.8562,9.4238,35.59,9,66.67,true
1.18,NoDOGE,3,214.8359,16.1482,16.25,9,88.89,true
1.18,NoDOGE,4,-0.1171,1.1457,19.33,7,42.86,false
1.18,NoDOGE,5,36.4077,33.6073,0.00,2,100.00,false
1.18,Legacy4,0,81.7709,11.2167,13.14,8,62.50,true
1.18,Legacy4,1,2.0776,1.4522,9.86,7,42.86,true
1.18,Legacy4,2,180.9379,9.8982,15.07,9,55.56,true
1.18,Legacy4,3,49.8329,6.7950,28.12,8,75.00,true
1.18,Legacy4,4,16.4578,5.2175,16.15,6,66.67,true
1.18,Legacy4,5,47.7751,31.3468,0.00,3,100.00,true
1.18,Legacy5BNB,0,67.7107,11.4284,5.05,9,55.56,true
1.18,Legacy5BNB,1,-13.9789,-3.8645,23.79,7,28.57,false
1.18,Legacy5BNB,2,180.9379,9.8982,15.07,9,55.56,true
1.18,Legacy5BNB,3,6.6932,2.6857,43.85,9,66.67,true
1.18,Legacy5BNB,4,33.3553,10.6557,12.26,6,66.67,true
1.18,Legacy5BNB,5,-5.1479,0.4269,24.62,4,50.00,false
1.18,OldGuardNoBNB,0,20.7203,2.9046,28.64,10,60.00,true
1.18,OldGuardNoBNB,1,-52.2950,-5.3562,65.60,9,22.22,false
1.18,OldGuardNoBNB,2,180.9379,9.8982,15.07,9,55.56,true
1.18,OldGuardNoBNB,3,49.8329,6.7950,28.12,8,75.00,true
1.18,OldGuardNoBNB,4,16.4578,5.2175,16.15,6,66.67,true
1.18,OldGuardNoBNB,5,22.8854,8.0209,16.84,4,75.00,true
1.18,LargeCaps5,0,351.4323,15.1191,11.80,9,77.78,true
1.18,LargeCaps5,1,-12.4094,-3.4092,22.40,7,28.57,false
1.18,LargeCaps5,2,241.8562,9.4238,35.59,9,66.67,true
1.18,LargeCaps5,3,89.3176,7.4645,36.89,10,70.00,true
1.18,LargeCaps5,4,28.2949,8.1556,12.26,7,57.14,true
1.18,LargeCaps5,5,36.4077,33.6073,0.00,2,100.00,false
1.18,Legacy3,0,136.7279,13.1556,13.14,9,66.67,true
1.18,Legacy3,1,7.9581,2.8301,21.41,7,57.14,true
1.18,Legacy3,2,142.0885,9.6602,22.24,7,57.14,true
1.18,Legacy3,3,93.9497,11.0834,18.68,8,75.00,true
1.18,Legacy3,4,-8.7112,-0.8328,25.19,7,42.86,false
1.18,Legacy3,5,-25.9428,-8.7695,26.74,4,50.00,false
1.18,LowVolume5,0,-34.5549,-2.3819,54.77,12,41.67,false
1.18,LowVolume5,1,-52.7045,-6.0863,60.39,9,33.33,false
1.18,LowVolume5,2,201.7068,8.4218,16.38,10,70.00,true
1.18,LowVolume5,3,113.8067,7.4671,59.42,9,55.56,true
1.18,LowVolume5,4,-32.4028,-5.8420,36.04,6,33.33,false
1.18,LowVolume5,5,-16.6017,-2.3050,33.45,6,50.00,false
1.18,OldGuard4,0,51.3424,4.7507,28.64,11,63.64,true
1.18,OldGuard4,1,-55.3061,-7.6480,62.57,9,33.33,false
1.18,OldGuard4,2,161.6212,9.1605,16.14,8,62.50,true
1.18,OldGuard4,3,93.9497,11.0834,18.68,8,75.00,true
1.18,OldGuard4,4,17.0081,5.5739,10.42,7,57.14,true
1.18,OldGuard4,5,-44.0644,-13.7428,44.67,6,33.33,false
1.19,Base5,0,261.1355,13.7723,11.80,8,75.00,true
1.19,Base5,1,113.6296,5.6995,35.94,10,40.00,true
1.19,Base5,2,224.3485,16.0512,10.85,10,70.00,true
1.19,Base5,3,73.0854,6.3152,47.98,10,80.00,true
1.19,Base5,4,-0.1171,1.1457,19.33,7,42.86,false
1.19,Base5,5,26.6840,12.4295,7.13,3,66.67,true
1.19,NoDOGE,0,261.1355,13.7723,11.80,8,75.00,true
1.19,NoDOGE,1,-12.4094,-3.4092,22.40,7,28.57,false
1.19,NoDOGE,2,241.8562,9.4238,35.59,9,66.67,true
1.19,NoDOGE,3,214.8359,16.1482,16.25,9,88.89,true
1.19,NoDOGE,4,-0.1171,1.1457,19.33,7,42.86,false
1.19,NoDOGE,5,36.4077,33.6073,0.00,2,100.00,false
1.19,Legacy4,0,87.2986,11.7700,13.14,8,62.50,true
1.19,Legacy4,1,2.0776,1.4522,9.86,7,42.86,true
1.19,Legacy4,2,230.7741,12.1520,10.85,8,62.50,true
1.19,Legacy4,3,49.8329,6.7950,28.12,8,75.00,true
1.19,Legacy4,4,16.4578,5.2175,16.15,6,66.67,true
1.19,Legacy4,5,47.7751,31.3468,0.00,3,100.00,true
1.19,Legacy5BNB,0,67.7107,11.4284,5.05,9,55.56,true
1.19,Legacy5BNB,1,-13.9789,-3.8645,23.79,7,28.57,false
1.19,Legacy5BNB,2,230.7741,12.1520,10.85,8,62.50,true
1.19,Legacy5BNB,3,6.6932,2.6857,43.85,9,66.67,true
1.19,Legacy5BNB,4,33.3553,10.6557,12.26,6,66.67,true
1.19,Legacy5BNB,5,-5.1479,0.4269,24.62,4,50.00,false
1.19,OldGuardNoBNB,0,70.3808,5.8813,28.64,10,60.00,true
1.19,OldGuardNoBNB,1,-52.2950,-5.3562,65.60,9,22.22,false
1.19,OldGuardNoBNB,2,230.7741,12.1520,10.85,8,62.50,true
1.19,OldGuardNoBNB,3,49.8329,6.7950,28.12,8,75.00,true
1.19,OldGuardNoBNB,4,16.4578,5.2175,16.15,6,66.67,true
1.19,OldGuardNoBNB,5,22.8854,8.0209,16.84,4,75.00,true
1.19,LargeCaps5,0,351.4323,15.1191,11.80,9,77.78,true
1.19,LargeCaps5,1,-12.4094,-3.4092,22.40,7,28.57,false
1.19,LargeCaps5,2,241.8562,9.4238,35.59,9,66.67,true
1.19,LargeCaps5,3,89.3176,7.4645,36.89,10,70.00,true
1.19,LargeCaps5,4,28.2949,8.1556,12.26,7,57.14,true
1.19,LargeCaps5,5,36.4077,33.6073,0.00,2,100.00,false
1.19,Legacy3,0,143.9269,13.6471,13.14,9,66.67,true
1.19,Legacy3,1,7.9581,2.8301,21.41,7,57.14,true
1.19,Legacy3,2,116.5024,8.6390,22.24,7,57.14,true
1.19,Legacy3,3,93.9497,11.0834,18.68,8,75.00,true
1.19,Legacy3,4,-8.7112,-0.8328,25.19,7,42.86,false
1.19,Legacy3,5,-25.9428,-8.7695,26.74,4,50.00,false
1.19,LowVolume5,0,-7.6328,1.0589,54.77,12,41.67,false
1.19,LowVolume5,1,-52.7045,-6.0863,60.39,9,33.33,false
1.19,LowVolume5,2,201.7068,8.4218,16.38,10,70.00,true
1.19,LowVolume5,3,113.8067,7.4671,59.42,9,55.56,true
1.19,LowVolume5,4,-32.4028,-5.8420,36.04,6,33.33,false
1.19,LowVolume5,5,-16.6017,-2.3050,33.45,6,50.00,false
1.19,OldGuard4,0,113.6000,7.2756,28.64,11,63.64,true
1.19,OldGuard4,1,-55.3061,-7.6480,62.57,9,33.33,false
1.19,OldGuard4,2,133.9707,8.2675,16.14,8,62.50,true
1.19,OldGuard4,3,93.9497,11.0834,18.68,8,75.00,true
1.19,OldGuard4,4,17.0081,5.5739,10.42,7,57.14,true
1.19,OldGuard4,5,-44.0644,-13.7428,44.67,6,33.33,false
1.20,Base5,0,261.1355,13.7723,11.80,8,75.00,true
1.20,Base5,1,113.6296,5.6995,35.94,10,40.00,true
1.20,Base5,2,224.3485,16.0512,10.85,10,70.00,true
1.20,Base5,3,73.0854,6.3152,47.98,10,80.00,true
1.20,Base5,4,8.3447,3.1362,19.33,6,50.00,true
1.20,Base5,5,26.6840,12.4295,7.13,3,66.67,true
1.20,NoDOGE,0,261.1355,13.7723,11.80,8,75.00,true
1.20,NoDOGE,1,-12.4094,-3.4092,22.40,7,28.57,false
1.20,NoDOGE,2,241.8562,9.4238,35.59,9,66.67,true
1.20,NoDOGE,3,214.8359,16.1482,16.25,9,88.89,true
1.20,NoDOGE,4,8.3447,3.1362,19.33,6,50.00,true
1.20,NoDOGE,5,36.4077,33.6073,0.00,2,100.00,false
1.20,Legacy4,0,87.2986,11.7700,13.14,8,62.50,true
1.20,Legacy4,1,2.0776,1.4522,9.86,7,42.86,true
1.20,Legacy4,2,230.7741,12.1520,10.85,8,62.50,true
1.20,Legacy4,3,49.8329,6.7950,28.12,8,75.00,true
1.20,Legacy4,4,26.3237,8.6266,16.15,5,80.00,true
1.20,Legacy4,5,47.7751,31.3468,0.00,3,100.00,true
1.20,Legacy5BNB,0,67.7107,11.4284,5.05,9,55.56,true
1.20,Legacy5BNB,1,-13.9789,-3.8645,23.79,7,28.57,false
1.20,Legacy5BNB,2,230.7741,12.1520,10.85,8,62.50,true
1.20,Legacy5BNB,3,6.6932,2.6857,43.85,9,66.67,true
1.20,Legacy5BNB,4,44.6529,18.0466,4.82,5,80.00,true
1.20,Legacy5BNB,5,-5.1479,0.4269,24.62,4,50.00,false
1.20,OldGuardNoBNB,0,70.3808,5.8813,28.64,10,60.00,true
1.20,OldGuardNoBNB,1,-52.2950,-5.3562,65.60,9,22.22,false
1.20,OldGuardNoBNB,2,230.7741,12.1520,10.85,8,62.50,true
1.20,OldGuardNoBNB,3,49.8329,6.7950,28.12,8,75.00,true
1.20,OldGuardNoBNB,4,26.3237,8.6266,16.15,5,80.00,true
1.20,OldGuardNoBNB,5,22.8854,8.0209,16.84,4,75.00,true
1.20,LargeCaps5,0,351.4323,15.1191,11.80,9,77.78,true
1.20,LargeCaps5,1,-12.4094,-3.4092,22.40,7,28.57,false
1.20,LargeCaps5,2,241.8562,9.4238,35.59,9,66.67,true
1.20,LargeCaps5,3,89.3176,7.4645,36.89,10,70.00,true
1.20,LargeCaps5,4,39.1637,12.9428,4.82,6,66.67,true
1.20,LargeCaps5,5,36.4077,33.6073,0.00,2,100.00,false
1.20,Legacy3,0,143.9269,13.6471,13.14,9,66.67,true
1.20,Legacy3,1,7.9581,2.8301,21.41,7,57.14,true
1.20,Legacy3,2,133.4732,8.9831,16.14,7,57.14,true
1.20,Legacy3,3,93.9497,11.0834,18.68,8,75.00,true
1.20,Legacy3,4,-0.9775,0.9000,25.19,6,50.00,false
1.20,Legacy3,5,-25.9428,-8.7695,26.74,4,50.00,false
1.20,LowVolume5,0,-7.6328,1.0589,54.77,12,41.67,false
1.20,LowVolume5,1,-52.7045,-6.0863,60.39,9,33.33,false
1.20,LowVolume5,2,201.7068,8.4218,16.38,10,70.00,true
1.20,LowVolume5,3,113.8067,7.4671,59.42,9,55.56,true
1.20,LowVolume5,4,-32.4028,-5.8420,36.04,6,33.33,false
1.20,LowVolume5,5,-16.6017,-2.3050,33.45,6,50.00,false
1.20,OldGuard4,0,113.6000,7.2756,28.64,11,63.64,true
1.20,OldGuard4,1,-55.3061,-7.6480,62.57,9,33.33,false
1.20,OldGuard4,2,133.9707,8.2675,16.14,8,62.50,true
1.20,OldGuard4,3,93.9497,11.0834,18.68,8,75.00,true
1.20,OldGuard4,4,26.9207,9.5150,8.52,6,66.67,true
1.20,OldGuard4,5,-44.0644,-13.7428,44.67,6,33.33,false
1.21,Base5,0,261.1355,13.7723,11.80,8,75.00,true
1.21,Base5,1,71.6709,5.1876,36.30,10,40.00,true
1.21,Base5,2,224.3485,16.0512,10.85,10,70.00,true
1.21,Base5,3,-27.4315,-0.9192,47.98,10,70.00,false
1.21,Base5,4,8.3447,3.1362,19.33,6,50.00,true
1.21,Base5,5,26.6840,12.4295,7.13,3,66.67,true
1.21,NoDOGE,0,261.1355,13.7723,11.80,8,75.00,true
1.21,NoDOGE,1,-12.4094,-3.4092,22.40,7,28.57,false
1.21,NoDOGE,2,241.8562,9.4238,35.59,9,66.67,true
1.21,NoDOGE,3,31.9993,4.9358,28.12,9,77.78,true
1.21,NoDOGE,4,8.3447,3.1362,19.33,6,50.00,true
1.21,NoDOGE,5,36.4077,33.6073,0.00,2,100.00,false
1.21,Legacy4,0,87.2986,11.7700,13.14,8,62.50,true
1.21,Legacy4,1,2.0776,1.4522,9.86,7,42.86,true
1.21,Legacy4,2,230.7741,12.1520,10.85,8,62.50,true
1.21,Legacy4,3,37.9622,5.7215,28.12,8,75.00,true
1.21,Legacy4,4,26.3237,8.6266,16.15,5,80.00,true
1.21,Legacy4,5,47.7751,31.3468,0.00,3,100.00,true
1.21,Legacy5BNB,0,67.7107,11.4284,5.05,9,55.56,true
1.21,Legacy5BNB,1,-13.9789,-3.8645,23.79,7,28.57,false
1.21,Legacy5BNB,2,230.7741,12.1520,10.85,8,62.50,true
1.21,Legacy5BNB,3,-1.7597,1.8959,43.85,9,66.67,false
1.21,Legacy5BNB,4,44.6529,18.0466,4.82,5,80.00,true
1.21,Legacy5BNB,5,-5.1479,0.4269,24.62,4,50.00,false
1.21,OldGuardNoBNB,0,70.3808,5.8813,28.64,10,60.00,true
1.21,OldGuardNoBNB,1,-52.2950,-5.3562,65.60,9,22.22,false
1.21,OldGuardNoBNB,2,230.7741,12.1520,10.85,8,62.50,true
1.21,OldGuardNoBNB,3,37.9622,5.7215,28.12,8,75.00,true
1.21,OldGuardNoBNB,4,26.3237,8.6266,16.15,5,80.00,true
1.21,OldGuardNoBNB,5,22.8854,8.0209,16.84,4,75.00,true
1.21,LargeCaps5,0,351.4323,15.1191,11.80,9,77.78,true
1.21,LargeCaps5,1,-12.4094,-3.4092,22.40,7,28.57,false
1.21,LargeCaps5,2,241.8562,9.4238,35.59,9,66.67,true
1.21,LargeCaps5,3,-20.4841,-0.3677,43.85,9,66.67,false
1.21,LargeCaps5,4,39.1637,12.9428,4.82,6,66.67,true
1.21,LargeCaps5,5,36.4077,33.6073,0.00,2,100.00,false
1.21,Legacy3,0,143.9269,13.6471,13.14,9,66.67,true
1.21,Legacy3,1,-7.1624,-1.4757,21.41,7,57.14,false
1.21,Legacy3,2,133.4732,8.9831,16.14,7,57.14,true
1.21,Legacy3,3,73.8960,10.2108,18.68,7,71.43,true
1.21,Legacy3,4,-0.9775,0.9000,25.19,6,50.00,false
1.21,Legacy3,5,-25.9428,-8.7695,26.74,4,50.00,false
1.21,LowVolume5,0,-7.6328,1.0589,54.77,12,41.67,false
1.21,LowVolume5,1,-59.3287,-9.0308,65.94,9,33.33,false
1.21,LowVolume5,2,201.7068,8.4218,16.38,10,70.00,true
1.21,LowVolume5,3,113.8067,7.4671,59.42,9,55.56,true
1.21,LowVolume5,4,-32.4028,-5.8420,36.04,6,33.33,false
1.21,LowVolume5,5,-16.6017,-2.3050,33.45,6,50.00,false
1.21,OldGuard4,0,113.6000,7.2756,28.64,11,63.64,true
1.21,OldGuard4,1,-55.3061,-7.6480,62.57,9,33.33,false
1.21,OldGuard4,2,133.9707,8.2675,16.14,8,62.50,true
1.21,OldGuard4,3,73.8960,10.2108,18.68,7,71.43,true
1.21,OldGuard4,4,26.9207,9.5150,8.52,6,66.67,true
1.21,OldGuard4,5,-44.0644,-13.7428,44.67,6,33.33,false
1.22,Base5,0,261.1355,13.7723,11.80,8,75.00,true
1.22,Base5,1,71.6709,5.1876,36.30,10,40.00,true
1.22,Base5,2,224.3485,16.0512,10.85,10,70.00,true
1.22,Base5,3,-27.4315,-0.9192,47.98,10,70.00,false
1.22,Base5,4,8.3447,3.1362,19.33,6,50.00,true
1.22,Base5,5,26.6840,12.4295,7.13,3,66.67,true
1.22,NoDOGE,0,261.1355,13.7723,11.80,8,75.00,true
1.22,NoDOGE,1,-12.4094,-3.4092,22.40,7,28.57,false
1.22,NoDOGE,2,241.8562,9.4238,35.59,9,66.67,true
1.22,NoDOGE,3,31.9993,4.9358,28.12,9,77.78,true
1.22,NoDOGE,4,8.3447,3.1362,19.33,6,50.00,true
1.22,NoDOGE,5,36.4077,33.6073,0.00,2,100.00,false
1.22,Legacy4,0,87.2986,11.7700,13.14,8,62.50,true
1.22,Legacy4,1,2.0776,1.4522,9.86,7,42.86,true
1.22,Legacy4,2,230.7741,12.1520,10.85,8,62.50,true
1.22,Legacy4,3,37.9622,5.7215,28.12,8,75.00,true
1.22,Legacy4,4,26.3237,8.6266,16.15,5,80.00,true
1.22,Legacy4,5,47.7751,31.3468,0.00,3,100.00,true
1.22,Legacy5BNB,0,67.7107,11.4284,5.05,9,55.56,true
1.22,Legacy5BNB,1,-13.9789,-3.8645,23.79,7,28.57,false
1.22,Legacy5BNB,2,230.7741,12.1520,10.85,8,62.50,true
1.22,Legacy5BNB,3,-1.7597,1.8959,43.85,9,66.67,false
1.22,Legacy5BNB,4,44.6529,18.0466,4.82,5,80.00,true
1.22,Legacy5BNB,5,-5.1479,0.4269,24.62,4,50.00,false
1.22,OldGuardNoBNB,0,70.3808,5.8813,28.64,10,60.00,true
1.22,OldGuardNoBNB,1,-47.6487,-4.7212,62.25,9,22.22,false
1.22,OldGuardNoBNB,2,230.7741,12.1520,10.85,8,62.50,true
1.22,OldGuardNoBNB,3,37.9622,5.7215,28.12,8,75.00,true
1.22,OldGuardNoBNB,4,26.3237,8.6266,16.15,5,80.00,true
1.22,OldGuardNoBNB,5,22.8854,8.0209,16.84,4,75.00,true
1.22,LargeCaps5,0,351.4323,15.1191,11.80,9,77.78,true
1.22,LargeCaps5,1,-12.4094,-3.4092,22.40,7,28.57,false
1.22,LargeCaps5,2,241.8562,9.4238,35.59,9,66.67,true
1.22,LargeCaps5,3,-20.4841,-0.3677,43.85,9,66.67,false
1.22,LargeCaps5,4,39.1637,12.9428,4.82,6,66.67,true
1.22,LargeCaps5,5,36.4077,33.6073,0.00,2,100.00,false
1.22,Legacy3,0,143.9269,13.6471,13.14,9,66.67,true
1.22,Legacy3,1,-7.1624,-1.4757,21.41,7,57.14,false
1.22,Legacy3,2,133.4732,8.9831,16.14,7,57.14,true
1.22,Legacy3,3,73.8960,10.2108,18.68,7,71.43,true
1.22,Legacy3,4,-0.9775,0.9000,25.19,6,50.00,false
1.22,Legacy3,5,-25.9428,-8.7695,26.74,4,50.00,false
1.22,LowVolume5,0,-7.6328,1.0589,54.77,12,41.67,false
1.22,LowVolume5,1,-55.3674,-8.5937,62.62,9,33.33,false
1.22,LowVolume5,2,201.7068,8.4218,16.38,10,70.00,true
1.22,LowVolume5,3,113.8067,7.4671,59.42,9,55.56,true
1.22,LowVolume5,4,-32.4028,-5.8420,36.04,6,33.33,false
1.22,LowVolume5,5,-8.1803,-0.4768,32.37,5,60.00,false
1.22,OldGuard4,0,113.6000,7.2756,28.64,11,63.64,true
1.22,OldGuard4,1,-50.9531,-7.1399,58.92,9,33.33,false
1.22,OldGuard4,2,133.9707,8.2675,16.14,8,62.50,true
1.22,OldGuard4,3,73.8960,10.2108,18.68,7,71.43,true
1.22,OldGuard4,4,26.9207,9.5150,8.52,6,66.67,true
1.22,OldGuard4,5,-38.4162,-12.1985,39.08,5,40.00,false
1.23,Base5,0,261.1355,13.7723,11.80,8,75.00,true
1.23,Base5,1,71.6709,5.1876,36.30,10,40.00,true
1.23,Base5,2,224.3485,16.0512,10.85,10,70.00,true
1.23,Base5,3,-27.4315,-0.9192,47.98,10,70.00,false
1.23,Base5,4,-3.9319,-0.0287,19.33,6,50.00,false
1.23,Base5,5,26.6840,12.4295,7.13,3,66.67,true
1.23,NoDOGE,0,261.1355,13.7723,11.80,8,75.00,true
1.23,NoDOGE,1,-12.4094,-3.4092,22.40,7,28.57,false
1.23,NoDOGE,2,241.8562,9.4238,35.59,9,66.67,true
1.23,NoDOGE,3,31.9993,4.9358,28.12,9,77.78,true
1.23,NoDOGE,4,-3.9319,-0.0287,19.33,6,50.00,false
1.23,NoDOGE,5,36.4077,33.6073,0.00,2,100.00,false
1.23,Legacy4,0,87.2986,11.7700,13.14,8,62.50,true
1.23,Legacy4,1,2.0776,1.4522,9.86,7,42.86,true
1.23,Legacy4,2,230.7741,12.1520,10.85,8,62.50,true
1.23,Legacy4,3,37.9622,5.7215,28.12,8,75.00,true
1.23,Legacy4,4,12.0100,4.9589,16.15,5,80.00,true
1.23,Legacy4,5,47.7751,31.3468,0.00,3,100.00,true
1.23,Legacy5BNB,0,67.7107,11.4284,5.05,9,55.56,true
1.23,Legacy5BNB,1,-13.9789,-3.8645,23.79,7,28.57,false
1.23,Legacy5BNB,2,230.7741,12.1520,10.85,8,62.50,true
1.23,Legacy5BNB,3,-1.7597,1.8959,43.85,9,66.67,false
1.23,Legacy5BNB,4,28.2623,14.1653,4.82,5,80.00,true
1.23,Legacy5BNB,5,-5.1479,0.4269,24.62,4,50.00,false
1.23,OldGuardNoBNB,0,70.3808,5.8813,28.64,10,60.00,true
1.23,OldGuardNoBNB,1,-47.6487,-4.7212,62.25,9,22.22,false
1.23,OldGuardNoBNB,2,230.7741,12.1520,10.85,8,62.50,true
1.23,OldGuardNoBNB,3,37.9622,5.7215,28.12,8,75.00,true
1.23,OldGuardNoBNB,4,12.0100,4.9589,16.15,5,80.00,true
1.23,OldGuardNoBNB,5,22.8854,8.0209,16.84,4,75.00,true
1.23,LargeCaps5,0,351.4323,15.1191,11.80,9,77.78,true
1.23,LargeCaps5,1,-12.4094,-3.4092,22.40,7,28.57,false
1.23,LargeCaps5,2,241.8562,9.4238,35.59,9,66.67,true
1.23,LargeCaps5,3,-20.4841,-0.3677,43.85,9,66.67,false
1.23,LargeCaps5,4,23.3951,9.8442,4.82,6,66.67,true
1.23,LargeCaps5,5,36.4077,33.6073,0.00,2,100.00,false
1.23,Legacy3,0,143.9269,13.6471,13.14,9,66.67,true
1.23,Legacy3,1,-7.1624,-1.4757,21.41,7,57.14,false
1.23,Legacy3,2,133.4732,8.9831,16.14,7,57.14,true
1.23,Legacy3,3,73.8960,10.2108,18.68,7,71.43,true
1.23,Legacy3,4,-7.6627,-1.7052,18.22,4,50.00,false
1.23,Legacy3,5,-25.9428,-8.7695,26.74,4,50.00,false
1.23,LowVolume5,0,-16.7518,0.3663,58.29,12,33.33,false
1.23,LowVolume5,1,-55.3674,-8.5937,62.62,9,33.33,false
1.23,LowVolume5,2,201.7068,8.4218,16.38,10,70.00,true
1.23,LowVolume5,3,113.8067,7.4671,59.42,9,55.56,true
1.23,LowVolume5,4,-26.1106,-5.0099,33.30,5,40.00,false
1.23,LowVolume5,5,-8.1803,-0.4768,32.37,5,60.00,false
1.23,OldGuard4,0,108.7410,7.5415,28.64,10,60.00,true
1.23,OldGuard4,1,-50.9531,-7.1399,58.92,9,33.33,false
1.23,OldGuard4,2,133.9707,8.2675,16.14,8,62.50,true
1.23,OldGuard4,3,73.8960,10.2108,18.68,7,71.43,true
1.23,OldGuard4,4,18.3520,13.0942,3.09,4,75.00,true
1.23,OldGuard4,5,-38.4162,-12.1985,39.08,5,40.00,false
1.24,Base5,0,261.1355,13.7723,11.80,8,75.00,true
1.24,Base5,1,71.6709,5.1876,36.30,10,40.00,true
1.24,Base5,2,224.3485,16.0512,10.85,10,70.00,true
1.24,Base5,3,-27.4315,-0.9192,47.98,10,70.00,false
1.24,Base5,4,-3.9319,-0.0287,19.33,6,50.00,false
1.24,Base5,5,26.6840,12.4295,7.13,3,66.67,true
1.24,NoDOGE,0,261.1355,13.7723,11.80,8,75.00,true
1.24,NoDOGE,1,-12.4094,-3.4092,22.40,7,28.57,false
1.24,NoDOGE,2,241.8562,9.4238,35.59,9,66.67,true
1.24,NoDOGE,3,31.9993,4.9358,28.12,9,77.78,true
1.24,NoDOGE,4,-3.9319,-0.0287,19.33,6,50.00,false
1.24,NoDOGE,5,36.4077,33.6073,0.00,2,100.00,false
1.24,Legacy4,0,87.2986,11.7700,13.14,8,62.50,true
1.24,Legacy4,1,2.0776,1.4522,9.86,7,42.86,true
1.24,Legacy4,2,230.7741,12.1520,10.85,8,62.50,true
1.24,Legacy4,3,37.9622,5.7215,28.12,8,75.00,true
1.24,Legacy4,4,12.0100,4.9589,16.15,5,80.00,true
1.24,Legacy4,5,47.7751,31.3468,0.00,3,100.00,true
1.24,Legacy5BNB,0,67.7107,11.4284,5.05,9,55.56,true
1.24,Legacy5BNB,1,-13.9789,-3.8645,23.79,7,28.57,false
1.24,Legacy5BNB,2,230.7741,12.1520,10.85,8,62.50,true
1.24,Legacy5BNB,3,-1.7597,1.8959,43.85,9,66.67,false
1.24,Legacy5BNB,4,28.2623,14.1653,4.82,5,80.00,true
1.24,Legacy5BNB,5,-5.1479,0.4269,24.62,4,50.00,false
1.24,OldGuardNoBNB,0,70.3808,5.8813,28.64,10,60.00,true
1.24,OldGuardNoBNB,1,-47.6487,-4.7212,62.25,9,22.22,false
1.24,OldGuardNoBNB,2,230.7741,12.1520,10.85,8,62.50,true
1.24,OldGuardNoBNB,3,37.9622,5.7215,28.12,8,75.00,true
1.24,OldGuardNoBNB,4,12.0100,4.9589,16.15,5,80.00,true
1.24,OldGuardNoBNB,5,22.8854,8.0209,16.84,4,75.00,true
1.24,LargeCaps5,0,351.4323,15.1191,11.80,9,77.78,true
1.24,LargeCaps5,1,-12.4094,-3.4092,22.40,7,28.57,false
1.24,LargeCaps5,2,241.8562,9.4238,35.59,9,66.67,true
1.24,LargeCaps5,3,-20.4841,-0.3677,43.85,9,66.67,false
1.24,LargeCaps5,4,23.3951,9.8442,4.82,6,66.67,true
1.24,LargeCaps5,5,36.4077,33.6073,0.00,2,100.00,false
1.24,Legacy3,0,143.9269,13.6471,13.14,9,66.67,true
1.24,Legacy3,1,-7.1624,-1.4757,21.41,7,57.14,false
1.24,Legacy3,2,133.4732,8.9831,16.14,7,57.14,true
1.24,Legacy3,3,73.8960,10.2108,18.68,7,71.43,true
1.24,Legacy3,4,-7.6627,-1.7052,18.22,4,50.00,false
1.24,Legacy3,5,-25.9428,-8.7695,26.74,4,50.00,false
1.24,LowVolume5,0,-16.7518,0.3663,58.29,12,33.33,false
1.24,LowVolume5,1,-55.3674,-8.5937,62.62,9,33.33,false
1.24,LowVolume5,2,201.7068,8.4218,16.38,10,70.00,true
1.24,LowVolume5,3,113.8067,7.4671,59.42,9,55.56,true
1.24,LowVolume5,4,-26.1106,-5.0099,33.30,5,40.00,false
1.24,LowVolume5,5,-8.1803,-0.4768,32.37,5,60.00,false
1.24,OldGuard4,0,108.7410,7.5415,28.64,10,60.00,true
1.24,OldGuard4,1,-50.9531,-7.1399,58.92,9,33.33,false
1.24,OldGuard4,2,133.9707,8.2675,16.14,8,62.50,true
1.24,OldGuard4,3,73.8960,10.2108,18.68,7,71.43,true
1.24,OldGuard4,4,18.3520,13.0942,3.09,4,75.00,true
1.24,OldGuard4,5,-38.4162,-12.1985,39.08,5,40.00,false
1.25,Base5,0,261.1355,13.7723,11.80,8,75.00,true
1.25,Base5,1,63.3483,5.4450,39.39,9,33.33,true
1.25,Base5,2,224.3485,16.0512,10.85,10,70.00,true
1.25,Base5,3,-27.4315,-0.9192,47.98,10,70.00,false
1.25,Base5,4,-3.9319,-0.0287,19.33,6,50.00,false
1.25,Base5,5,26.6840,12.4295,7.13,3,66.67,true
1.25,NoDOGE,0,261.1355,13.7723,11.80,8,75.00,true
1.25,NoDOGE,1,24.5209,6.0977,22.40,6,33.33,true
1.25,NoDOGE,2,241.8562,9.4238,35.59,9,66.67,true
1.25,NoDOGE,3,31.9993,4.9358,28.12,9,77.78,true
1.25,NoDOGE,4,-3.9319,-0.0287,19.33,6,50.00,false
1.25,NoDOGE,5,36.4077,33.6073,0.00,2,100.00,false
1.25,Legacy4,0,87.2986,11.7700,13.14,8,62.50,true
1.25,Legacy4,1,24.9405,7.7186,9.86,6,50.00,true
1.25,Legacy4,2,230.7741,12.1520,10.85,8,62.50,true
1.25,Legacy4,3,37.9622,5.7215,28.12,8,75.00,true
1.25,Legacy4,4,12.0100,4.9589,16.15,5,80.00,true
1.25,Legacy4,5,47.7751,31.3468,0.00,3,100.00,true
1.25,Legacy5BNB,0,67.7107,11.4284,5.05,9,55.56,true
1.25,Legacy5BNB,1,5.2878,2.5501,23.79,6,33.33,true
1.25,Legacy5BNB,2,230.7741,12.1520,10.85,8,62.50,true
1.25,Legacy5BNB,3,-1.7597,1.8959,43.85,9,66.67,false
1.25,Legacy5BNB,4,34.7641,25.8810,0.00,4,100.00,true
1.25,Legacy5BNB,5,-5.1479,0.4269,24.62,4,50.00,false
1.25,OldGuardNoBNB,0,70.3808,5.8813,28.64,10,60.00,true
1.25,OldGuardNoBNB,1,-47.6487,-4.7212,62.25,9,22.22,false
1.25,OldGuardNoBNB,2,230.7741,12.1520,10.85,8,62.50,true
1.25,OldGuardNoBNB,3,37.9622,5.7215,28.12,8,75.00,true
1.25,OldGuardNoBNB,4,12.0100,4.9589,16.15,5,80.00,true
1.25,OldGuardNoBNB,5,22.8854,8.0209,16.84,4,75.00,true
1.25,LargeCaps5,0,351.4323,15.1191,11.80,9,77.78,true
1.25,LargeCaps5,1,24.5209,6.0977,22.40,6,33.33,true
1.25,LargeCaps5,2,241.8562,9.4238,35.59,9,66.67,true
1.25,LargeCaps5,3,-20.4841,-0.3677,43.85,9,66.67,false
1.25,LargeCaps5,4,29.6502,15.1641,3.79,5,80.00,true
1.25,LargeCaps5,5,36.4077,33.6073,0.00,2,100.00,false
1.25,Legacy3,0,143.9269,13.6471,13.14,9,66.67,true
1.25,Legacy3,1,5.4766,2.3401,21.41,7,57.14,true
1.25,Legacy3,2,133.4732,8.9831,16.14,7,57.14,true
1.25,Legacy3,3,73.8960,10.2108,18.68,7,71.43,true
1.25,Legacy3,4,-7.6627,-1.7052,18.22,4,50.00,false
1.25,Legacy3,5,-25.9428,-8.7695,26.74,4,50.00,false
1.25,LowVolume5,0,-16.7518,0.3663,58.29,12,33.33,false
1.25,LowVolume5,1,-55.3674,-8.5937,62.62,9,33.33,false
1.25,LowVolume5,2,201.7068,8.4218,16.38,10,70.00,true
1.25,LowVolume5,3,113.8067,7.4671,59.42,9,55.56,true
1.25,LowVolume5,4,-26.1106,-5.0099,33.30,5,40.00,false
1.25,LowVolume5,5,-8.1803,-0.4768,32.37,5,60.00,false
1.25,OldGuard4,0,108.7410,7.5415,28.64,10,60.00,true
1.25,OldGuard4,1,-50.9531,-7.1399,58.92,9,33.33,false
1.25,OldGuard4,2,133.9707,8.2675,16.14,8,62.50,true
1.25,OldGuard4,3,73.8960,10.2108,18.68,7,71.43,true
1.25,OldGuard4,4,18.3520,13.0942,3.09,4,75.00,true
1.25,OldGuard4,5,-38.4162,-12.1985,39.08,5,40.00,false
1.26,Base5,0,261.1355,13.7723,11.80,8,75.00,true
1.26,Base5,1,48.8428,5.1617,39.39,9,33.33,true
1.26,Base5,2,224.3485,16.0512,10.85,10,70.00,true
1.26,Base5,3,-27.4315,-0.9192,47.98,10,70.00,false
1.26,Base5,4,-3.9319,-0.0287,19.33,6,50.00,false
1.26,Base5,5,26.6840,12.4295,7.13,3,66.67,true
1.26,NoDOGE,0,261.1355,13.7723,11.80,8,75.00,true
1.26,NoDOGE,1,35.2218,8.8711,15.73,5,40.00,true
1.26,NoDOGE,2,241.8562,9.4238,35.59,9,66.67,true
1.26,NoDOGE,3,31.9993,4.9358,28.12,9,77.78,true
1.26,NoDOGE,4,-3.9319,-0.0287,19.33,6,50.00,false
1.26,NoDOGE,5,36.4077,33.6073,0.00,2,100.00,false
1.26,Legacy4,0,87.2986,11.7700,13.14,8,62.50,true
1.26,Legacy4,1,35.6775,12.5639,9.86,5,60.00,true
1.26,Legacy4,2,230.7741,12.1520,10.85,8,62.50,true
1.26,Legacy4,3,37.9622,5.7215,28.12,8,75.00,true
1.26,Legacy4,4,12.0100,4.9589,16.15,5,80.00,true
1.26,Legacy4,5,47.7751,31.3468,0.00,3,100.00,true
1.26,Legacy5BNB,0,67.7107,11.4284,5.05,9,55.56,true
1.26,Legacy5BNB,1,14.3359,5.5496,17.24,5,40.00,true
1.26,Legacy5BNB,2,230.7741,12.1520,10.85,8,62.50,true
1.26,Legacy5BNB,3,-1.7597,1.8959,43.85,9,66.67,false
1.26,Legacy5BNB,4,34.7641,25.8810,0.00,4,100.00,true
1.26,Legacy5BNB,5,-5.1479,0.4269,24.62,4,50.00,false
1.26,OldGuardNoBNB,0,70.3808,5.8813,28.64,10,60.00,true
1.26,OldGuardNoBNB,1,-43.1498,-4.0736,59.01,8,25.00,false
1.26,OldGuardNoBNB,2,230.7741,12.1520,10.85,8,62.50,true
1.26,OldGuardNoBNB,3,37.9622,5.7215,28.12,8,75.00,true
1.26,OldGuardNoBNB,4,12.0100,4.9589,16.15,5,80.00,true
1.26,OldGuardNoBNB,5,22.8854,8.0209,16.84,4,75.00,true
1.26,LargeCaps5,0,351.4323,15.1191,11.80,9,77.78,true
1.26,LargeCaps5,1,35.2218,8.8711,15.73,5,40.00,true
1.26,LargeCaps5,2,241.8562,9.4238,35.59,9,66.67,true
1.26,LargeCaps5,3,-20.4841,-0.3677,43.85,9,66.67,false
1.26,LargeCaps5,4,29.6502,15.1641,3.79,5,80.00,true
1.26,LargeCaps5,5,36.4077,33.6073,0.00,2,100.00,false
1.26,Legacy3,0,143.9269,13.6471,13.14,9,66.67,true
1.26,Legacy3,1,14.5410,4.9021,21.41,6,66.67,true
1.26,Legacy3,2,133.4732,8.9831,16.14,7,57.14,true
1.26,Legacy3,3,73.8960,10.2108,18.68,7,71.43,true
1.26,Legacy3,4,-7.6627,-1.7052,18.22,4,50.00,false
1.26,Legacy3,5,-25.9428,-8.7695,26.74,4,50.00,false
1.26,LowVolume5,0,-16.7518,0.3663,58.29,12,33.33,false
1.26,LowVolume5,1,-55.3674,-8.5937,62.62,9,33.33,false
1.26,LowVolume5,2,201.7068,8.4218,16.38,10,70.00,true
1.26,LowVolume5,3,127.1236,8.4689,56.89,8,62.50,true
1.26,LowVolume5,4,-26.1106,-5.0099,33.30,5,40.00,false
1.26,LowVolume5,5,-8.1803,-0.4768,32.37,5,60.00,false
1.26,OldGuard4,0,108.7410,7.5415,28.64,10,60.00,true
1.26,OldGuard4,1,-46.7381,-6.4262,55.39,8,37.50,false
1.26,OldGuard4,2,133.9707,8.2675,16.14,8,62.50,true
1.26,OldGuard4,3,73.8960,10.2108,18.68,7,71.43,true
1.26,OldGuard4,4,18.3520,13.0942,3.09,4,75.00,true
1.26,OldGuard4,5,-38.4162,-12.1985,39.08,5,40.00,false
1.27,Base5,0,261.1355,13.7723,11.80,8,75.00,true
1.27,Base5,1,48.8428,5.1617,39.39,9,33.33,true
1.27,Base5,2,224.3485,16.0512,10.85,10,70.00,true
1.27,Base5,3,-27.4315,-0.9192,47.98,10,70.00,false
1.27,Base5,4,-3.9319,-0.0287,19.33,6,50.00,false
1.27,Base5,5,26.6840,12.4295,7.13,3,66.67,true
1.27,NoDOGE,0,261.1355,13.7723,11.80,8,75.00,true
1.27,NoDOGE,1,23.9987,6.7487,15.73,5,40.00,true
1.27,NoDOGE,2,241.8562,9.4238,35.59,9,66.67,true
1.27,NoDOGE,3,31.9993,4.9358,28.12,9,77.78,true
1.27,NoDOGE,4,-3.9319,-0.0287,19.33,6,50.00,false
1.27,NoDOGE,5,36.4077,33.6073,0.00,2,100.00,false
1.27,Legacy4,0,87.2986,11.7700,13.14,8,62.50,true
1.27,Legacy4,1,24.4166,9.8155,9.86,5,60.00,true
1.27,Legacy4,2,230.7741,12.1520,10.85,8,62.50,true
1.27,Legacy4,3,37.9622,5.7215,28.12,8,75.00,true
1.27,Legacy4,4,12.0100,4.9589,16.15,5,80.00,true
1.27,Legacy4,5,47.7751,31.3468,0.00,3,100.00,true
1.27,Legacy5BNB,0,67.7107,11.4284,5.05,9,55.56,true
1.27,Legacy5BNB,1,4.8463,2.7182,17.24,5,40.00,true
1.27,Legacy5BNB,2,230.7741,12.1520,10.85,8,62.50,true
1.27,Legacy5BNB,3,-1.7597,1.8959,43.85,9,66.67,false
1.27,Legacy5BNB,4,34.7641,25.8810,0.00,4,100.00,true
1.27,Legacy5BNB,5,-5.1479,0.4269,24.62,4,50.00,false
1.27,OldGuardNoBNB,0,70.3808,5.8813,28.64,10,60.00,true
1.27,OldGuardNoBNB,1,-47.8682,-5.3280,62.41,8,25.00,false
1.27,OldGuardNoBNB,2,230.7741,12.1520,10.85,8,62.50,true
1.27,OldGuardNoBNB,3,37.9622,5.7215,28.12,8,75.00,true
1.27,OldGuardNoBNB,4,12.0100,4.9589,16.15,5,80.00,true
1.27,OldGuardNoBNB,5,22.8854,8.0209,16.84,4,75.00,true
1.27,LargeCaps5,0,351.4323,15.1191,11.80,9,77.78,true
1.27,LargeCaps5,1,23.9987,6.7487,15.73,5,40.00,true
1.27,LargeCaps5,2,241.8562,9.4238,35.59,9,66.67,true
1.27,LargeCaps5,3,-20.4841,-0.3677,43.85,9,66.67,false
1.27,LargeCaps5,4,29.6502,15.1641,3.79,5,80.00,true
1.27,LargeCaps5,5,36.4077,33.6073,0.00,2,100.00,false
1.27,Legacy3,0,143.9269,13.6471,13.14,9,66.67,true
1.27,Legacy3,1,14.5410,4.9021,21.41,6,66.67,true
1.27,Legacy3,2,133.4732,8.9831,16.14,7,57.14,true
1.27,Legacy3,3,73.8960,10.2108,18.68,7,71.43,true
1.27,Legacy3,4,-7.6627,-1.7052,18.22,4,50.00,false
1.27,Legacy3,5,-25.9428,-8.7695,26.74,4,50.00,false
1.27,LowVolume5,0,-16.7518,0.3663,58.29,12,33.33,false
1.27,LowVolume5,1,-55.3674,-8.5937,62.62,9,33.33,false
1.27,LowVolume5,2,201.7068,8.4218,16.38,10,70.00,true
1.27,LowVolume5,3,127.1236,8.4689,56.89,8,62.50,true
1.27,LowVolume5,4,-26.1106,-5.0099,33.30,5,40.00,false
1.27,LowVolume5,5,-8.1803,-0.4768,32.37,5,60.00,false
1.27,OldGuard4,0,108.7410,7.5415,28.64,10,60.00,true
1.27,OldGuard4,1,-46.7381,-6.4262,55.39,8,37.50,false
1.27,OldGuard4,2,133.9707,8.2675,16.14,8,62.50,true
1.27,OldGuard4,3,73.8960,10.2108,18.68,7,71.43,true
1.27,OldGuard4,4,18.3520,13.0942,3.09,4,75.00,true
1.27,OldGuard4,5,-38.4162,-12.1985,39.08,5,40.00,false
1.28,Base5,0,261.1355,13.7723,11.80,8,75.00,true
1.28,Base5,1,48.8428,5.1617,39.39,9,33.33,true
1.28,Base5,2,202.1057,16.4862,12.77,9,77.78,true
1.28,Base5,3,-27.4315,-0.9192,47.98,10,70.00,false
1.28,Base5,4,-3.9319,-0.0287,19.33,6,50.00,false
1.28,Base5,5,5.8915,6.2298,7.13,3,66.67,true
1.28,NoDOGE,0,261.1355,13.7723,11.80,8,75.00,true
1.28,NoDOGE,1,23.9987,6.7487,15.73,5,40.00,true
1.28,NoDOGE,2,359.0076,15.0312,12.77,8,75.00,true
1.28,NoDOGE,3,31.9993,4.9358,28.12,9,77.78,true
1.28,NoDOGE,4,-3.9319,-0.0287,19.33,6,50.00,false
1.28,NoDOGE,5,14.0193,201.9757,0.00,2,100.00,false
1.28,Legacy4,0,87.2986,11.7700,13.14,8,62.50,true
1.28,Legacy4,1,24.4166,9.8155,9.86,5,60.00,true
1.28,Legacy4,2,160.8252,10.1052,26.15,8,50.00,true
1.28,Legacy4,3,37.9622,5.7215,28.12,8,75.00,true
1.28,Legacy4,4,12.0100,4.9589,16.15,5,80.00,true
1.28,Legacy4,5,23.5209,119.8870,0.00,3,100.00,true
1.28,Legacy5BNB,0,67.7107,11.4284,5.05,9,55.56,true
1.28,Legacy5BNB,1,4.8463,2.7182,17.24,5,40.00,true
1.28,Legacy5BNB,2,160.8252,10.1052,26.15,8,50.00,true
1.28,Legacy5BNB,3,-1.7597,1.8959,43.85,9,66.67,false
1.28,Legacy5BNB,4,34.7641,25.8810,0.00,4,100.00,true
1.28,Legacy5BNB,5,-20.7159,-4.7243,24.62,4,50.00,false
1.28,OldGuardNoBNB,0,70.3808,5.8813,28.64,10,60.00,true
1.28,OldGuardNoBNB,1,-47.8682,-5.3280,62.41,8,25.00,false
1.28,OldGuardNoBNB,2,160.8252,10.1052,26.15,8,50.00,true
1.28,OldGuardNoBNB,3,37.9622,5.7215,28.12,8,75.00,true
1.28,OldGuardNoBNB,4,12.0100,4.9589,16.15,5,80.00,true
1.28,OldGuardNoBNB,5,2.7164,2.3109,16.84,4,75.00,true
1.28,LargeCaps5,0,351.4323,15.1191,11.80,9,77.78,true
1.28,LargeCaps5,1,23.9987,6.7487,15.73,5,40.00,true
1.28,LargeCaps5,2,359.0076,15.0312,12.77,8,75.00,true
1.28,LargeCaps5,3,-20.4841,-0.3677,43.85,9,66.67,false
1.28,LargeCaps5,4,29.6502,15.1641,3.79,5,80.00,true
1.28,LargeCaps5,5,14.0193,201.9757,0.00,2,100.00,false
1.28,Legacy3,0,143.9269,13.6471,13.14,9,66.67,true
1.28,Legacy3,1,14.5410,4.9021,21.41,6,66.67,true
1.28,Legacy3,2,133.4732,8.9831,16.14,7,57.14,true
1.28,Legacy3,3,105.5386,16.0863,18.68,6,83.33,true
1.28,Legacy3,4,-7.6627,-1.7052,18.22,4,50.00,false
1.28,Legacy3,5,-25.9428,-8.7695,26.74,4,50.00,false
1.28,LowVolume5,0,-16.7518,0.3663,58.29,12,33.33,false
1.28,LowVolume5,1,-55.3674,-8.5937,62.62,9,33.33,false
1.28,LowVolume5,2,201.7068,8.4218,16.38,10,70.00,true
1.28,LowVolume5,3,127.1236,8.4689,56.89,8,62.50,true
1.28,LowVolume5,4,-26.1106,-5.0099,33.30,5,40.00,false
1.28,LowVolume5,5,-8.1803,-0.4768,32.37,5,60.00,false
1.28,OldGuard4,0,108.7410,7.5415,28.64,10,60.00,true
1.28,OldGuard4,1,-46.7381,-6.4262,55.39,8,37.50,false
1.28,OldGuard4,2,133.9707,8.2675,16.14,8,62.50,true
1.28,OldGuard4,3,105.5386,16.0863,18.68,6,83.33,true
1.28,OldGuard4,4,18.3520,13.0942,3.09,4,75.00,true
1.28,OldGuard4,5,-38.4162,-12.1985,39.08,5,40.00,false
1.29,Base5,0,261.1355,13.7723,11.80,8,75.00,true
1.29,Base5,1,48.8428,5.1617,39.39,9,33.33,true
1.29,Base5,2,202.1057,16.4862,12.77,9,77.78,true
1.29,Base5,3,-27.4315,-0.9192,47.98,10,70.00,false
1.29,Base5,4,-3.9319,-0.0287,19.33,6,50.00,false
1.29,Base5,5,5.8915,6.2298,7.13,3,66.67,true
1.29,NoDOGE,0,261.1355,13.7723,11.80,8,75.00,true
1.29,NoDOGE,1,23.9987,6.7487,15.73,5,40.00,true
1.29,NoDOGE,2,359.0076,15.0312,12.77,8,75.00,true
1.29,NoDOGE,3,31.9993,4.9358,28.12,9,77.78,true
1.29,NoDOGE,4,-3.9319,-0.0287,19.33,6,50.00,false
1.29,NoDOGE,5,14.0193,201.9757,0.00,2,100.00,false
1.29,Legacy4,0,10.9340,2.9670,22.05,8,50.00,true
1.29,Legacy4,1,24.4166,9.8155,9.86,5,60.00,true
1.29,Legacy4,2,160.8252,10.1052,26.15,8,50.00,true
1.29,Legacy4,3,37.9622,5.7215,28.12,8,75.00,true
1.29,Legacy4,4,12.0100,4.9589,16.15,5,80.00,true
1.29,Legacy4,5,23.5209,119.8870,0.00,3,100.00,true
1.29,Legacy5BNB,0,0.1274,0.9004,22.05,9,44.44,true
1.29,Legacy5BNB,1,4.8463,2.7182,17.24,5,40.00,true
1.29,Legacy5BNB,2,160.8252,10.1052,26.15,8,50.00,true
1.29,Legacy5BNB,3,-1.7597,1.8959,43.85,9,66.67,false
1.29,Legacy5BNB,4,34.7641,25.8810,0.00,4,100.00,true
1.29,Legacy5BNB,5,-20.7159,-4.7243,24.62,4,50.00,false
1.29,OldGuardNoBNB,0,22.4262,3.1007,31.68,10,50.00,true
1.29,OldGuardNoBNB,1,-47.8682,-5.3280,62.41,8,25.00,false
1.29,OldGuardNoBNB,2,160.8252,10.1052,26.15,8,50.00,true
1.29,OldGuardNoBNB,3,37.9622,5.7215,28.12,8,75.00,true
1.29,OldGuardNoBNB,4,12.0100,4.9589,16.15,5,80.00,true
1.29,OldGuardNoBNB,5,2.7164,2.3109,16.84,4,75.00,true
1.29,LargeCaps5,0,351.4323,15.1191,11.80,9,77.78,true
1.29,LargeCaps5,1,23.9987,6.7487,15.73,5,40.00,true
1.29,LargeCaps5,2,359.0076,15.0312,12.77,8,75.00,true
1.29,LargeCaps5,3,-20.4841,-0.3677,43.85,9,66.67,false
1.29,LargeCaps5,4,29.6502,15.1641,3.79,5,80.00,true
1.29,LargeCaps5,5,14.0193,201.9757,0.00,2,100.00,false
1.29,Legacy3,0,25.3436,4.3809,28.11,9,44.44,true
1.29,Legacy3,1,14.5410,4.9021,21.41,6,66.67,true
1.29,Legacy3,2,133.4732,8.9831,16.14,7,57.14,true
1.29,Legacy3,3,105.5386,16.0863,18.68,6,83.33,true
1.29,Legacy3,4,-7.6627,-1.7052,18.22,4,50.00,false
1.29,Legacy3,5,-25.9428,-8.7695,26.74,4,50.00,false
1.29,LowVolume5,0,-16.7518,0.3663,58.29,12,33.33,false
1.29,LowVolume5,1,-55.3674,-8.5937,62.62,9,33.33,false
1.29,LowVolume5,2,201.7068,8.4218,16.38,10,70.00,true
1.29,LowVolume5,3,127.1236,8.4689,56.89,8,62.50,true
1.29,LowVolume5,4,-26.1106,-5.0099,33.30,5,40.00,false
1.29,LowVolume5,5,-8.1803,-0.4768,32.37,5,60.00,false
1.29,OldGuard4,0,49.9897,4.8445,31.68,10,50.00,true
1.29,OldGuard4,1,-46.7381,-6.4262,55.39,8,37.50,false
1.29,OldGuard4,2,133.9707,8.2675,16.14,8,62.50,true
1.29,OldGuard4,3,105.5386,16.0863,18.68,6,83.33,true
1.29,OldGuard4,4,18.3520,13.0942,3.09,4,75.00,true
1.29,OldGuard4,5,-38.4162,-12.1985,39.08,5,40.00,false
1.30,Base5,0,261.1355,13.7723,11.80,8,75.00,true
1.30,Base5,1,48.8428,5.1617,39.39,9,33.33,true
1.30,Base5,2,202.1057,16.4862,12.77,9,77.78,true
1.30,Base5,3,-27.4315,-0.9192,47.98,10,70.00,false
1.30,Base5,4,-3.9319,-0.0287,19.33,6,50.00,false
1.30,Base5,5,5.8915,6.2298,7.13,3,66.67,true
1.30,NoDOGE,0,261.1355,13.7723,11.80,8,75.00,true
1.30,NoDOGE,1,23.9987,6.7487,15.73,5,40.00,true
1.30,NoDOGE,2,359.0076,15.0312,12.77,8,75.00,true
1.30,NoDOGE,3,31.9993,4.9358,28.12,9,77.78,true
1.30,NoDOGE,4,-3.9319,-0.0287,19.33,6,50.00,false
1.30,NoDOGE,5,14.0193,201.9757,0.00,2,100.00,false
1.30,Legacy4,0,10.9340,2.9670,22.05,8,50.00,true
1.30,Legacy4,1,24.4166,9.8155,9.86,5,60.00,true
1.30,Legacy4,2,160.8252,10.1052,26.15,8,50.00,true
1.30,Legacy4,3,37.9622,5.7215,28.12,8,75.00,true
1.30,Legacy4,4,12.0100,4.9589,16.15,5,80.00,true
1.30,Legacy4,5,23.5209,119.8870,0.00,3,100.00,true
1.30,Legacy5BNB,0,0.1274,0.9004,22.05,9,44.44,true
1.30,Legacy5BNB,1,4.8463,2.7182,17.24,5,40.00,true
1.30,Legacy5BNB,2,160.8252,10.1052,26.15,8,50.00,true
1.30,Legacy5BNB,3,-1.7597,1.8959,43.85,9,66.67,false
1.30,Legacy5BNB,4,34.7641,25.8810,0.00,4,100.00,true
1.30,Legacy5BNB,5,-20.7159,-4.7243,24.62,4,50.00,false
1.30,OldGuardNoBNB,0,22.4262,3.1007,31.68,10,50.00,true
1.30,OldGuardNoBNB,1,-47.8682,-5.3280,62.41,8,25.00,false
1.30,OldGuardNoBNB,2,160.8252,10.1052,26.15,8,50.00,true
1.30,OldGuardNoBNB,3,37.9622,5.7215,28.12,8,75.00,true
1.30,OldGuardNoBNB,4,12.0100,4.9589,16.15,5,80.00,true
1.30,OldGuardNoBNB,5,2.7164,2.3109,16.84,4,75.00,true
1.30,LargeCaps5,0,351.4323,15.1191,11.80,9,77.78,true
1.30,LargeCaps5,1,23.9987,6.7487,15.73,5,40.00,true
1.30,LargeCaps5,2,359.0076,15.0312,12.77,8,75.00,true
1.30,LargeCaps5,3,-20.4841,-0.3677,43.85,9,66.67,false
1.30,LargeCaps5,4,29.6502,15.1641,3.79,5,80.00,true
1.30,LargeCaps5,5,14.0193,201.9757,0.00,2,100.00,false
1.30,Legacy3,0,25.3436,4.3809,28.11,9,44.44,true
1.30,Legacy3,1,14.5410,4.9021,21.41,6,66.67,true
1.30,Legacy3,2,133.4732,8.9831,16.14,7,57.14,true
1.30,Legacy3,3,105.5386,16.0863,18.68,6,83.33,true
1.30,Legacy3,4,-7.6627,-1.7052,18.22,4,50.00,false
1.30,Legacy3,5,-25.9428,-8.7695,26.74,4,50.00,false
1.30,LowVolume5,0,-16.7518,0.3663,58.29,12,33.33,false
1.30,LowVolume5,1,-55.3674,-8.5937,62.62,9,33.33,false
1.30,LowVolume5,2,174.2936,7.8083,16.38,10,70.00,true
1.30,LowVolume5,3,127.1236,8.4689,56.89,8,62.50,true
1.30,LowVolume5,4,-26.1106,-5.0099,33.30,5,40.00,false
1.30,LowVolume5,5,-8.1803,-0.4768,32.37,5,60.00,false
1.30,OldGuard4,0,49.9897,4.8445,31.68,10,50.00,true
1.30,OldGuard4,1,-46.7381,-6.4262,55.39,8,37.50,false
1.30,OldGuard4,2,133.9707,8.2675,16.14,8,62.50,true
1.30,OldGuard4,3,105.5386,16.0863,18.68,6,83.33,true
1.30,OldGuard4,4,18.3520,13.0942,3.09,4,75.00,true
1.30,OldGuard4,5,-38.4162,-12.1985,39.08,5,40.00,false
1.31,Base5,0,261.1355,13.7723,11.80,8,75.00,true
1.31,Base5,1,48.8428,5.1617,39.39,9,33.33,true
1.31,Base5,2,202.1057,16.4862,12.77,9,77.78,true
1.31,Base5,3,-27.4315,-0.9192,47.98,10,70.00,false
1.31,Base5,4,-3.9319,-0.0287,19.33,6,50.00,false
1.31,Base5,5,-10.6882,-3.7571,21.67,3,66.67,false
1.31,NoDOGE,0,261.1355,13.7723,11.80,8,75.00,true
1.31,NoDOGE,1,23.9987,6.7487,15.73,5,40.00,true
1.31,NoDOGE,2,359.0076,15.0312,12.77,8,75.00,true
1.31,NoDOGE,3,31.9993,4.9358,28.12,9,77.78,true
1.31,NoDOGE,4,-3.9319,-0.0287,19.33,6,50.00,false
1.31,NoDOGE,5,14.0193,201.9757,0.00,2,100.00,false
1.31,Legacy4,0,10.9340,2.9670,22.05,8,50.00,true
1.31,Legacy4,1,24.4166,9.8155,9.86,5,60.00,true
1.31,Legacy4,2,160.8252,10.1052,26.15,8,50.00,true
1.31,Legacy4,3,37.9622,5.7215,28.12,8,75.00,true
1.31,Legacy4,4,12.0100,4.9589,16.15,5,80.00,true
1.31,Legacy4,5,23.5209,119.8870,0.00,3,100.00,true
1.31,Legacy5BNB,0,0.1274,0.9004,22.05,9,44.44,true
1.31,Legacy5BNB,1,4.8463,2.7182,17.24,5,40.00,true
1.31,Legacy5BNB,2,160.8252,10.1052,26.15,8,50.00,true
1.31,Legacy5BNB,3,-1.7597,1.8959,43.85,9,66.67,false
1.31,Legacy5BNB,4,34.7641,25.8810,0.00,4,100.00,true
1.31,Legacy5BNB,5,-20.7159,-4.7243,24.62,4,50.00,false
1.31,OldGuardNoBNB,0,22.4262,3.1007,31.68,10,50.00,true
1.31,OldGuardNoBNB,1,-47.8682,-5.3280,62.41,8,25.00,false
1.31,OldGuardNoBNB,2,160.8252,10.1052,26.15,8,50.00,true
1.31,OldGuardNoBNB,3,37.9622,5.7215,28.12,8,75.00,true
1.31,OldGuardNoBNB,4,12.0100,4.9589,16.15,5,80.00,true
1.31,OldGuardNoBNB,5,2.7164,2.3109,16.84,4,75.00,true
1.31,LargeCaps5,0,351.4323,15.1191,11.80,9,77.78,true
1.31,LargeCaps5,1,23.9987,6.7487,15.73,5,40.00,true
1.31,LargeCaps5,2,359.0076,15.0312,12.77,8,75.00,true
1.31,LargeCaps5,3,-20.4841,-0.3677,43.85,9,66.67,false
1.31,LargeCaps5,4,29.6502,15.1641,3.79,5,80.00,true
1.31,LargeCaps5,5,14.0193,201.9757,0.00,2,100.00,false
1.31,Legacy3,0,25.3436,4.3809,28.11,9,44.44,true
1.31,Legacy3,1,14.5410,4.9021,21.41,6,66.67,true
1.31,Legacy3,2,133.4732,8.9831,16.14,7,57.14,true
1.31,Legacy3,3,105.5386,16.0863,18.68,6,83.33,true
1.31,Legacy3,4,-7.6627,-1.7052,18.22,4,50.00,false
1.31,Legacy3,5,-25.9428,-8.7695,26.74,4,50.00,false
1.31,LowVolume5,0,-16.7518,0.3663,58.29,12,33.33,false
1.31,LowVolume5,1,-55.3674,-8.5937,62.62,9,33.33,false
1.31,LowVolume5,2,174.2936,7.8083,16.38,10,70.00,true
1.31,LowVolume5,3,127.1236,8.4689,56.89,8,62.50,true
1.31,LowVolume5,4,-26.1106,-5.0099,33.30,5,40.00,false
1.31,LowVolume5,5,-8.1803,-0.4768,32.37,5,60.00,false
1.31,OldGuard4,0,49.9897,4.8445,31.68,10,50.00,true
1.31,OldGuard4,1,-46.7381,-6.4262,55.39,8,37.50,false
1.31,OldGuard4,2,133.9707,8.2675,16.14,8,62.50,true
1.31,OldGuard4,3,105.5386,16.0863,18.68,6,83.33,true
1.31,OldGuard4,4,18.3520,13.0942,3.09,4,75.00,true
1.31,OldGuard4,5,-38.4162,-12.1985,39.08,5,40.00,false
1.32,Base5,0,261.1355,13.7723,11.80,8,75.00,true
1.32,Base5,1,132.4830,7.7878,35.94,7,28.57,true
1.32,Base5,2,202.1057,16.4862,12.77,9,77.78,true
1.32,Base5,3,-27.4315,-0.9192,47.98,10,70.00,false
1.32,Base5,4,7.4780,3.3574,19.33,5,60.00,true
1.32,Base5,5,-10.6882,-3.7571,21.67,3,66.67,false
1.32,NoDOGE,0,261.1355,13.7723,11.80,8,75.00,true
1.32,NoDOGE,1,10.6398,3.9667,20.22,5,20.00,true
1.32,NoDOGE,2,359.0076,15.0312,12.77,8,75.00,true
1.32,NoDOGE,3,31.9993,4.9358,28.12,9,77.78,true
1.32,NoDOGE,4,7.4780,3.3574,19.33,5,60.00,true
1.32,NoDOGE,5,14.0193,201.9757,0.00,2,100.00,false
1.32,Legacy4,0,10.9340,2.9670,22.05,8,50.00,true
1.32,Legacy4,1,-5.6449,-0.5797,27.47,6,33.33,false
1.32,Legacy4,2,160.8252,10.1052,26.15,8,50.00,true
1.32,Legacy4,3,37.9622,5.7215,28.12,8,75.00,true
1.32,Legacy4,4,12.0100,4.9589,16.15,5,80.00,true
1.32,Legacy4,5,23.5209,119.8870,0.00,3,100.00,true
1.32,Legacy5BNB,0,0.1274,0.9004,22.05,9,44.44,true
1.32,Legacy5BNB,1,-20.4866,-5.6448,33.41,6,16.67,false
1.32,Legacy5BNB,2,160.8252,10.1052,26.15,8,50.00,true
1.32,Legacy5BNB,3,-1.7597,1.8959,43.85,9,66.67,false
1.32,Legacy5BNB,4,34.7641,25.8810,0.00,4,100.00,true
1.32,Legacy5BNB,5,-20.7159,-4.7243,24.62,4,50.00,false
1.32,OldGuardNoBNB,0,22.4262,3.1007,31.68,10,50.00,true
1.32,OldGuardNoBNB,1,-44.1706,-5.3221,59.74,7,14.29,false
1.32,OldGuardNoBNB,2,160.8252,10.1052,26.15,8,50.00,true
1.32,OldGuardNoBNB,3,37.9622,5.7215,28.12,8,75.00,true
1.32,OldGuardNoBNB,4,12.0100,4.9589,16.15,5,80.00,true
1.32,OldGuardNoBNB,5,2.7164,2.3109,16.84,4,75.00,true
1.32,LargeCaps5,0,351.4323,15.1191,11.80,9,77.78,true
1.32,LargeCaps5,1,10.6398,3.9667,20.22,5,20.00,true
1.32,LargeCaps5,2,359.0076,15.0312,12.77,8,75.00,true
1.32,LargeCaps5,3,-20.4841,-0.3677,43.85,9,66.67,false
1.32,LargeCaps5,4,29.6502,15.1641,3.79,5,80.00,true
1.32,LargeCaps5,5,14.0193,201.9757,0.00,2,100.00,false
1.32,Legacy3,0,25.3436,4.3809,28.11,9,44.44,true
1.32,Legacy3,1,-13.1344,-2.1200,36.76,7,42.86,false
1.32,Legacy3,2,133.4732,8.9831,16.14,7,57.14,true
1.32,Legacy3,3,105.5386,16.0863,18.68,6,83.33,true
1.32,Legacy3,4,-7.6627,-1.7052,18.22,4,50.00,false
1.32,Legacy3,5,-25.9428,-8.7695,26.74,4,50.00,false
1.32,LowVolume5,0,-16.7518,0.3663,58.29,12,33.33,false
1.32,LowVolume5,1,-55.3674,-8.5937,62.62,9,33.33,false
1.32,LowVolume5,2,174.2936,7.8083,16.38,10,70.00,true
1.32,LowVolume5,3,127.1236,8.4689,56.89,8,62.50,true
1.32,LowVolume5,4,-26.1106,-5.0099,33.30,5,40.00,false
1.32,LowVolume5,5,-8.1803,-0.4768,32.37,5,60.00,false
1.32,OldGuard4,0,49.9897,4.8445,31.68,10,50.00,true
1.32,OldGuard4,1,-51.5192,-8.3926,59.40,8,25.00,false
1.32,OldGuard4,2,133.9707,8.2675,16.14,8,62.50,true
1.32,OldGuard4,3,105.5386,16.0863,18.68,6,83.33,true
1.32,OldGuard4,4,18.3520,13.0942,3.09,4,75.00,true
1.32,OldGuard4,5,-38.4162,-12.1985,39.08,5,40.00,false
1.33,Base5,0,261.1355,13.7723,11.80,8,75.00,true
1.33,Base5,1,108.8061,7.5344,42.46,7,28.57,true
1.33,Base5,2,202.1057,16.4862,12.77,9,77.78,true
1.33,Base5,3,-27.4315,-0.9192,47.98,10,70.00,false
1.33,Base5,4,11.7173,5.3194,16.15,4,75.00,true
1.33,Base5,5,-10.6882,-3.7571,21.67,3,66.67,false
1.33,NoDOGE,0,261.1355,13.7723,11.80,8,75.00,true
1.33,NoDOGE,1,-0.6282,1.4790,28.35,5,20.00,false
1.33,NoDOGE,2,359.0076,15.0312,12.77,8,75.00,true
1.33,NoDOGE,3,31.9993,4.9358,28.12,9,77.78,true
1.33,NoDOGE,4,11.7173,5.3194,16.15,4,75.00,true
1.33,NoDOGE,5,14.0193,201.9757,0.00,2,100.00,false
1.33,Legacy4,0,10.9340,2.9670,22.05,8,50.00,true
1.33,Legacy4,1,-5.6449,-0.5797,27.47,6,33.33,false
1.33,Legacy4,2,160.8252,10.1052,26.15,8,50.00,true
1.33,Legacy4,3,37.9622,5.7215,28.12,8,75.00,true
1.33,Legacy4,4,12.0100,4.9589,16.15,5,80.00,true
1.33,Legacy4,5,23.5209,119.8870,0.00,3,100.00,true
1.33,Legacy5BNB,0,0.1274,0.9004,22.05,9,44.44,true
1.33,Legacy5BNB,1,-20.4866,-5.6448,33.41,6,16.67,false
1.33,Legacy5BNB,2,160.8252,10.1052,26.15,8,50.00,true
1.33,Legacy5BNB,3,-1.7597,1.8959,43.85,9,66.67,false
1.33,Legacy5BNB,4,34.7641,25.8810,0.00,4,100.00,true
1.33,Legacy5BNB,5,-20.7159,-4.7243,24.62,4,50.00,false
1.33,OldGuardNoBNB,0,22.4262,3.1007,31.68,10,50.00,true
1.33,OldGuardNoBNB,1,-44.1706,-5.3221,59.74,7,14.29,false
1.33,OldGuardNoBNB,2,160.8252,10.1052,26.15,8,50.00,true
1.33,OldGuardNoBNB,3,37.9622,5.7215,28.12,8,75.00,true
1.33,OldGuardNoBNB,4,12.0100,4.9589,16.15,5,80.00,true
1.33,OldGuardNoBNB,5,2.7164,2.3109,16.84,4,75.00,true
1.33,LargeCaps5,0,351.4323,15.1191,11.80,9,77.78,true
1.33,LargeCaps5,1,-0.6282,1.4790,28.35,5,20.00,false
1.33,LargeCaps5,2,359.0076,15.0312,12.77,8,75.00,true
1.33,LargeCaps5,3,-20.4841,-0.3677,43.85,9,66.67,false
1.33,LargeCaps5,4,34.7641,25.8810,0.00,4,100.00,true
1.33,LargeCaps5,5,14.0193,201.9757,0.00,2,100.00,false
1.33,Legacy3,0,25.3436,4.3809,28.11,9,44.44,true
1.33,Legacy3,1,-13.1344,-2.1200,36.76,7,42.86,false
1.33,Legacy3,2,133.4732,8.9831,16.14,7,57.14,true
1.33,Legacy3,3,105.5386,16.0863,18.68,6,83.33,true
1.33,Legacy3,4,-7.6627,-1.7052,18.22,4,50.00,false
1.33,Legacy3,5,-26.7401,-12.1398,26.74,3,33.33,false
1.33,LowVolume5,0,-16.7518,0.3663,58.29,12,33.33,false
1.33,LowVolume5,1,-55.3674,-8.5937,62.62,9,33.33,false
1.33,LowVolume5,2,174.2936,7.8083,16.38,10,70.00,true
1.33,LowVolume5,3,127.1236,8.4689,56.89,8,62.50,true
1.33,LowVolume5,4,-26.1106,-5.0099,33.30,5,40.00,false
1.33,LowVolume5,5,-9.1688,-0.8214,32.37,4,50.00,false
1.33,OldGuard4,0,49.9897,4.8445,31.68,10,50.00,true
1.33,OldGuard4,1,-51.5192,-8.3926,59.40,8,25.00,false
1.33,OldGuard4,2,133.9707,8.2675,16.14,8,62.50,true
1.33,OldGuard4,3,105.5386,16.0863,18.68,6,83.33,true
1.33,OldGuard4,4,18.3520,13.0942,3.09,4,75.00,true
1.33,OldGuard4,5,-39.0792,-15.8989,39.08,4,25.00,false
1.34,Base5,0,261.1355,13.7723,11.80,8,75.00,true
1.34,Base5,1,109.1187,8.6235,42.38,6,33.33,true
1.34,Base5,2,202.1057,16.4862,12.77,9,77.78,true
1.34,Base5,3,-27.4315,-0.9192,47.98,10,70.00,false
1.34,Base5,4,11.7173,5.3194,16.15,4,75.00,true
1.34,Base5,5,-10.6882,-3.7571,21.67,3,66.67,false
1.34,NoDOGE,0,261.1355,13.7723,11.80,8,75.00,true
1.34,NoDOGE,1,-0.4794,1.7315,28.24,4,25.00,false
1.34,NoDOGE,2,359.0076,15.0312,12.77,8,75.00,true
1.34,NoDOGE,3,31.9993,4.9358,28.12,9,77.78,true
1.34,NoDOGE,4,11.7173,5.3194,16.15,4,75.00,true
1.34,NoDOGE,5,14.0193,201.9757,0.00,2,100.00,false
1.34,Legacy4,0,10.9340,2.9670,22.05,8,50.00,true
1.34,Legacy4,1,-5.5036,-0.5957,27.36,5,40.00,false
1.34,Legacy4,2,160.8252,10.1052,26.15,8,50.00,true
1.34,Legacy4,3,37.9622,5.7215,28.12,8,75.00,true
1.34,Legacy4,4,12.0100,4.9589,16.15,5,80.00,true
1.34,Legacy4,5,23.5209,119.8870,0.00,3,100.00,true
1.34,Legacy5BNB,0,0.1274,0.9004,22.05,9,44.44,true
1.34,Legacy5BNB,1,-20.3676,-6.2812,33.31,5,20.00,false
1.34,Legacy5BNB,2,160.8252,10.1052,26.15,8,50.00,true
1.34,Legacy5BNB,3,-1.7597,1.8959,43.85,9,66.67,false
1.34,Legacy5BNB,4,34.7641,25.8810,0.00,4,100.00,true
1.34,Legacy5BNB,5,-20.7159,-4.7243,24.62,4,50.00,false
1.34,OldGuardNoBNB,0,22.4262,3.1007,31.68,10,50.00,true
1.34,OldGuardNoBNB,1,-44.0870,-5.8164,59.68,6,16.67,false
1.34,OldGuardNoBNB,2,160.8252,10.1052,26.15,8,50.00,true
1.34,OldGuardNoBNB,3,37.9622,5.7215,28.12,8,75.00,true
1.34,OldGuardNoBNB,4,12.0100,4.9589,16.15,5,80.00,true
1.34,OldGuardNoBNB,5,2.7164,2.3109,16.84,4,75.00,true
1.34,LargeCaps5,0,351.4323,15.1191,11.80,9,77.78,true
1.34,LargeCaps5,1,-0.4794,1.7315,28.24,4,25.00,false
1.34,LargeCaps5,2,359.0076,15.0312,12.77,8,75.00,true
1.34,LargeCaps5,3,-20.4841,-0.3677,43.85,9,66.67,false
1.34,LargeCaps5,4,34.7641,25.8810,0.00,4,100.00,true
1.34,LargeCaps5,5,14.0193,201.9757,0.00,2,100.00,false
1.34,Legacy3,0,25.3436,4.3809,28.11,9,44.44,true
1.34,Legacy3,1,-13.1344,-2.1200,36.76,7,42.86,false
1.34,Legacy3,2,133.4732,8.9831,16.14,7,57.14,true
1.34,Legacy3,3,105.5386,16.0863,18.68,6,83.33,true
1.34,Legacy3,4,-7.6627,-1.7052,18.22,4,50.00,false
1.34,Legacy3,5,-26.7401,-12.1398,26.74,3,33.33,false
1.34,LowVolume5,0,-16.7518,0.3663,58.29,12,33.33,false
1.34,LowVolume5,1,-55.3674,-8.5937,62.62,9,33.33,false
1.34,LowVolume5,2,174.2936,7.8083,16.38,10,70.00,true
1.34,LowVolume5,3,127.1236,8.4689,56.89,8,62.50,true
1.34,LowVolume5,4,-26.1106,-5.0099,33.30,5,40.00,false
1.34,LowVolume5,5,-9.1688,-0.8214,32.37,4,50.00,false
1.34,OldGuard4,0,49.9897,4.8445,31.68,10,50.00,true
1.34,OldGuard4,1,-51.4466,-9.1735,59.34,7,28.57,false
1.34,OldGuard4,2,133.9707,8.2675,16.14,8,62.50,true
1.34,OldGuard4,3,105.5386,16.0863,18.68,6,83.33,true
1.34,OldGuard4,4,18.3520,13.0942,3.09,4,75.00,true
1.34,OldGuard4,5,-39.0792,-15.8989,39.08,4,25.00,false
1.35,Base5,0,446.7919,19.2365,11.80,8,87.50,true
1.35,Base5,1,109.1187,8.6235,42.38,6,33.33,true
1.35,Base5,2,202.1057,16.4862,12.77,9,77.78,true
1.35,Base5,3,-27.4315,-0.9192,47.98,10,70.00,false
1.35,Base5,4,11.7173,5.3194,16.15,4,75.00,true
1.35,Base5,5,-10.6882,-3.7571,21.67,3,66.67,false
1.35,NoDOGE,0,446.7919,19.2365,11.80,8,87.50,true
1.35,NoDOGE,1,-0.4794,1.7315,28.24,4,25.00,false
1.35,NoDOGE,2,359.0076,15.0312,12.77,8,75.00,true
1.35,NoDOGE,3,31.9993,4.9358,28.12,9,77.78,true
1.35,NoDOGE,4,11.7173,5.3194,16.15,4,75.00,true
1.35,NoDOGE,5,14.0193,201.9757,0.00,2,100.00,false
1.35,Legacy4,0,10.9340,2.9670,22.05,8,50.00,true
1.35,Legacy4,1,11.1789,5.6344,14.54,4,50.00,true
1.35,Legacy4,2,160.8252,10.1052,26.15,8,50.00,true
1.35,Legacy4,3,37.9622,5.7215,28.12,8,75.00,true
1.35,Legacy4,4,12.0100,4.9589,16.15,5,80.00,true
1.35,Legacy4,5,23.5209,119.8870,0.00,3,100.00,true
1.35,Legacy5BNB,0,0.1274,0.9004,22.05,9,44.44,true
1.35,Legacy5BNB,1,-6.3092,-1.6031,21.53,4,25.00,false
1.35,Legacy5BNB,2,160.8252,10.1052,26.15,8,50.00,true
1.35,Legacy5BNB,3,-1.7597,1.8959,43.85,9,66.67,false
1.35,Legacy5BNB,4,34.7641,25.8810,0.00,4,100.00,true
1.35,Legacy5BNB,5,-20.7159,-4.7243,24.62,4,50.00,false
1.35,OldGuardNoBNB,0,22.4262,3.1007,31.68,10,50.00,true
1.35,OldGuardNoBNB,1,-44.0870,-5.8164,59.68,6,16.67,false
1.35,OldGuardNoBNB,2,160.8252,10.1052,26.15,8,50.00,true
1.35,OldGuardNoBNB,3,37.9622,5.7215,28.12,8,75.00,true
1.35,OldGuardNoBNB,4,12.0100,4.9589,16.15,5,80.00,true
1.35,OldGuardNoBNB,5,2.7164,2.3109,16.84,4,75.00,true
1.35,LargeCaps5,0,351.4323,15.1191,11.80,9,77.78,true
1.35,LargeCaps5,1,-0.4794,1.7315,28.24,4,25.00,false
1.35,LargeCaps5,2,359.0076,15.0312,12.77,8,75.00,true
1.35,LargeCaps5,3,-20.4841,-0.3677,43.85,9,66.67,false
1.35,LargeCaps5,4,34.7641,25.8810,0.00,4,100.00,true
1.35,LargeCaps5,5,14.0193,201.9757,0.00,2,100.00,false
1.35,Legacy3,0,25.3436,4.3809,28.11,9,44.44,true
1.35,Legacy3,1,2.2009,1.6596,25.60,6,50.00,true
1.35,Legacy3,2,133.4732,8.9831,16.14,7,57.14,true
1.35,Legacy3,3,105.5386,16.0863,18.68,6,83.33,true
1.35,Legacy3,4,-7.6627,-1.7052,18.22,4,50.00,false
1.35,Legacy3,5,-26.7401,-12.1398,26.74,3,33.33,false
1.35,LowVolume5,0,-16.7518,0.3663,58.29,12,33.33,false
1.35,LowVolume5,1,-49.4152,-7.4582,57.64,8,37.50,false
1.35,LowVolume5,2,174.2936,7.8083,16.38,10,70.00,true
1.35,LowVolume5,3,127.1236,8.4689,56.89,8,62.50,true
1.35,LowVolume5,4,-26.1106,-5.0099,33.30,5,40.00,false
1.35,LowVolume5,5,-9.1688,-0.8214,32.37,4,50.00,false
1.35,OldGuard4,0,49.9897,4.8445,31.68,10,50.00,true
1.35,OldGuard4,1,-42.8750,-7.2353,52.16,6,33.33,false
1.35,OldGuard4,2,133.9707,8.2675,16.14,8,62.50,true
1.35,OldGuard4,3,105.5386,16.0863,18.68,6,83.33,true
1.35,OldGuard4,4,18.3520,13.0942,3.09,4,75.00,true
1.35,OldGuard4,5,-39.0792,-15.8989,39.08,4,25.00,false
1.36,Base5,0,446.7919,19.2365,11.80,8,87.50,true
1.36,Base5,1,109.1187,8.6235,42.38,6,33.33,true
1.36,Base5,2,202.1057,16.4862,12.77,9,77.78,true
1.36,Base5,3,-27.4315,-0.9192,47.98,10,70.00,false
1.36,Base5,4,11.7173,5.3194,16.15,4,75.00,true
1.36,Base5,5,-10.6882,-3.7571,21.67,3,66.67,false
1.36,NoDOGE,0,446.7919,19.2365,11.80,8,87.50,true
1.36,NoDOGE,1,-33.3889,-19.5172,33.39,4,0.00,false
1.36,NoDOGE,2,359.0076,15.0312,12.77,8,75.00,true
1.36,NoDOGE,3,31.9993,4.9358,28.12,9,77.78,true
1.36,NoDOGE,4,11.7173,5.3194,16.15,4,75.00,true
1.36,NoDOGE,5,14.0193,201.9757,0.00,2,100.00,false
1.36,Legacy4,0,10.9340,2.9670,22.05,8,50.00,true
1.36,Legacy4,1,11.1789,5.6344,14.54,4,50.00,true
1.36,Legacy4,2,160.8252,10.1052,26.15,8,50.00,true
1.36,Legacy4,3,37.9622,5.7215,28.12,8,75.00,true
1.36,Legacy4,4,12.0100,4.9589,16.15,5,80.00,true
1.36,Legacy4,5,23.5209,119.8870,0.00,3,100.00,true
1.36,Legacy5BNB,0,0.1274,0.9004,22.05,9,44.44,true
1.36,Legacy5BNB,1,-6.3092,-1.6031,21.53,4,25.00,false
1.36,Legacy5BNB,2,160.8252,10.1052,26.15,8,50.00,true
1.36,Legacy5BNB,3,-1.7597,1.8959,43.85,9,66.67,false
1.36,Legacy5BNB,4,34.7641,25.8810,0.00,4,100.00,true
1.36,Legacy5BNB,5,-20.7159,-4.7243,24.62,4,50.00,false
1.36,OldGuardNoBNB,0,22.4262,3.1007,31.68,10,50.00,true
1.36,OldGuardNoBNB,1,-62.5764,-22.8647,62.58,6,0.00,false
1.36,OldGuardNoBNB,2,160.8252,10.1052,26.15,8,50.00,true
1.36,OldGuardNoBNB,3,37.9622,5.7215,28.12,8,75.00,true
1.36,OldGuardNoBNB,4,12.0100,4.9589,16.15,5,80.00,true
1.36,OldGuardNoBNB,5,2.7164,2.3109,16.84,4,75.00,true
1.36,LargeCaps5,0,351.4323,15.1191,11.80,9,77.78,true
1.36,LargeCaps5,1,-33.3889,-19.5172,33.39,4,0.00,false
1.36,LargeCaps5,2,359.0076,15.0312,12.77,8,75.00,true
1.36,LargeCaps5,3,-20.4841,-0.3677,43.85,9,66.67,false
1.36,LargeCaps5,4,34.7641,25.8810,0.00,4,100.00,true
1.36,LargeCaps5,5,14.0193,201.9757,0.00,2,100.00,false
1.36,Legacy3,0,25.3436,4.3809,28.11,9,44.44,true
1.36,Legacy3,1,2.2009,1.6596,25.60,6,50.00,true
1.36,Legacy3,2,133.4732,8.9831,16.14,7,57.14,true
1.36,Legacy3,3,105.5386,16.0863,18.68,6,83.33,true
1.36,Legacy3,4,-7.6627,-1.7052,18.22,4,50.00,false
1.36,Legacy3,5,-26.7401,-12.1398,26.74,3,33.33,false
1.36,LowVolume5,0,-16.7518,0.3663,58.29,12,33.33,false
1.36,LowVolume5,1,-49.4152,-7.4582,57.64,8,37.50,false
1.36,LowVolume5,2,174.2936,7.8083,16.38,10,70.00,true
1.36,LowVolume5,3,127.1236,8.4689,56.89,8,62.50,true
1.36,LowVolume5,4,-26.1106,-5.0099,33.30,5,40.00,false
1.36,LowVolume5,5,-9.1688,-0.8214,32.37,4,50.00,false
1.36,OldGuard4,0,49.9897,4.8445,31.68,10,50.00,true
1.36,OldGuard4,1,-42.8750,-7.2353,52.16,6,33.33,false
1.36,OldGuard4,2,133.9707,8.2675,16.14,8,62.50,true
1.36,OldGuard4,3,105.5386,16.0863,18.68,6,83.33,true
1.36,OldGuard4,4,18.3520,13.0942,3.09,4,75.00,true
1.36,OldGuard4,5,-39.0792,-15.8989,39.08,4,25.00,false
1.37,Base5,0,446.7919,19.2365,11.80,8,87.50,true
1.37,Base5,1,109.1187,8.6235,42.38,6,33.33,true
1.37,Base5,2,202.1057,16.4862,12.77,9,77.78,true
1.37,Base5,3,-27.4315,-0.9192,47.98,10,70.00,false
1.37,Base5,4,11.7173,5.3194,16.15,4,75.00,true
1.37,Base5,5,-10.6882,-3.7571,21.67,3,66.67,false
1.37,NoDOGE,0,446.7919,19.2365,11.80,8,87.50,true
1.37,NoDOGE,1,-33.3889,-19.5172,33.39,4,0.00,false
1.37,NoDOGE,2,359.0076,15.0312,12.77,8,75.00,true
1.37,NoDOGE,3,31.9993,4.9358,28.12,9,77.78,true
1.37,NoDOGE,4,11.7173,5.3194,16.15,4,75.00,true
1.37,NoDOGE,5,14.0193,201.9757,0.00,2,100.00,false
1.37,Legacy4,0,10.9340,2.9670,22.05,8,50.00,true
1.37,Legacy4,1,11.1789,5.6344,14.54,4,50.00,true
1.37,Legacy4,2,160.8252,10.1052,26.15,8,50.00,true
1.37,Legacy4,3,37.9622,5.7215,28.12,8,75.00,true
1.37,Legacy4,4,12.0100,4.9589,16.15,5,80.00,true
1.37,Legacy4,5,5.1782,5.2797,7.75,3,66.67,true
1.37,Legacy5BNB,0,0.1274,0.9004,22.05,9,44.44,true
1.37,Legacy5BNB,1,-6.3092,-1.6031,21.53,4,25.00,false
1.37,Legacy5BNB,2,160.8252,10.1052,26.15,8,50.00,true
1.37,Legacy5BNB,3,-1.7597,1.8959,43.85,9,66.67,false
1.37,Legacy5BNB,4,34.7641,25.8810,0.00,4,100.00,true
1.37,Legacy5BNB,5,-20.7159,-4.7243,24.62,4,50.00,false
1.37,OldGuardNoBNB,0,22.4262,3.1007,31.68,10,50.00,true
1.37,OldGuardNoBNB,1,-62.5764,-22.8647,62.58,6,0.00,false
1.37,OldGuardNoBNB,2,160.8252,10.1052,26.15,8,50.00,true
1.37,OldGuardNoBNB,3,37.9622,5.7215,28.12,8,75.00,true
1.37,OldGuardNoBNB,4,12.0100,4.9589,16.15,5,80.00,true
1.37,OldGuardNoBNB,5,-12.5369,-5.2852,23.29,4,50.00,false
1.37,LargeCaps5,0,351.4323,15.1191,11.80,9,77.78,true
1.37,LargeCaps5,1,-33.3889,-19.5172,33.39,4,0.00,false
1.37,LargeCaps5,2,359.0076,15.0312,12.77,8,75.00,true
1.37,LargeCaps5,3,-20.4841,-0.3677,43.85,9,66.67,false
1.37,LargeCaps5,4,34.7641,25.8810,0.00,4,100.00,true
1.37,LargeCaps5,5,14.0193,201.9757,0.00,2,100.00,false
1.37,Legacy3,0,25.3436,4.3809,28.11,9,44.44,true
1.37,Legacy3,1,2.2009,1.6596,25.60,6,50.00,true
1.37,Legacy3,2,133.4732,8.9831,16.14,7,57.14,true
1.37,Legacy3,3,105.5386,16.0863,18.68,6,83.33,true
1.37,Legacy3,4,-7.6627,-1.7052,18.22,4,50.00,false
1.37,Legacy3,5,-37.6191,-37.6805,37.62,3,0.00,false
1.37,LowVolume5,0,-16.7518,0.3663,58.29,12,33.33,false
1.37,LowVolume5,1,-49.4152,-7.4582,57.64,8,37.50,false
1.37,LowVolume5,2,174.2936,7.8083,16.38,10,70.00,true
1.37,LowVolume5,3,127.1236,8.4689,56.89,8,62.50,true
1.37,LowVolume5,4,-26.1106,-5.0099,33.30,5,40.00,false
1.37,LowVolume5,5,-22.6571,-5.2423,37.61,4,25.00,false
1.37,OldGuard4,0,49.9897,4.8445,31.68,10,50.00,true
1.37,OldGuard4,1,-42.8750,-7.2353,52.16,6,33.33,false
1.37,OldGuard4,2,133.9707,8.2675,16.14,8,62.50,true
1.37,OldGuard4,3,105.5386,16.0863,18.68,6,83.33,true
1.37,OldGuard4,4,18.3520,13.0942,3.09,4,75.00,true
1.37,OldGuard4,5,-48.1259,-39.0436,48.13,4,0.00,false
1.38,Base5,0,446.7919,19.2365,11.80,8,87.50,true
1.38,Base5,1,109.1187,8.6235,42.38,6,33.33,true
1.38,Base5,2,202.1057,16.4862,12.77,9,77.78,true
1.38,Base5,3,-27.4315,-0.9192,47.98,10,70.00,false
1.38,Base5,4,1.2818,1.8169,16.15,3,66.67,true
1.38,Base5,5,-10.6882,-3.7571,21.67,3,66.67,false
1.38,NoDOGE,0,446.7919,19.2365,11.80,8,87.50,true
1.38,NoDOGE,1,-33.3889,-19.5172,33.39,4,0.00,false
1.38,NoDOGE,2,359.0076,15.0312,12.77,8,75.00,true
1.38,NoDOGE,3,31.9993,4.9358,28.12,9,77.78,true
1.38,NoDOGE,4,1.2818,1.8169,16.15,3,66.67,true
1.38,NoDOGE,5,14.0193,201.9757,0.00,2,100.00,false
1.38,Legacy4,0,10.9340,2.9670,22.05,8,50.00,true
1.38,Legacy4,1,11.1789,5.6344,14.54,4,50.00,true
1.38,Legacy4,2,160.8252,10.1052,26.15,8,50.00,true
1.38,Legacy4,3,37.9622,5.7215,28.12,8,75.00,true
1.38,Legacy4,4,1.5472,1.7307,16.15,4,75.00,true
1.38,Legacy4,5,5.1782,5.2797,7.75,3,66.67,true
1.38,Legacy5BNB,0,0.1274,0.9004,22.05,9,44.44,true
1.38,Legacy5BNB,1,-6.3092,-1.6031,21.53,4,25.00,false
1.38,Legacy5BNB,2,160.8252,10.1052,26.15,8,50.00,true
1.38,Legacy5BNB,3,-1.7597,1.8959,43.85,9,66.67,false
1.38,Legacy5BNB,4,22.1759,20.7365,0.00,3,100.00,true
1.38,Legacy5BNB,5,-20.7159,-4.7243,24.62,4,50.00,false
1.38,OldGuardNoBNB,0,55.1926,6.7145,22.81,9,55.56,true
1.38,OldGuardNoBNB,1,-62.5764,-22.8647,62.58,6,0.00,false
1.38,OldGuardNoBNB,2,160.8252,10.1052,26.15,8,50.00,true
1.38,OldGuardNoBNB,3,37.9622,5.7215,28.12,8,75.00,true
1.38,OldGuardNoBNB,4,1.5472,1.7307,16.15,4,75.00,true
1.38,OldGuardNoBNB,5,-12.5369,-5.2852,23.29,4,50.00,false
1.38,LargeCaps5,0,351.4323,15.1191,11.80,9,77.78,true
1.38,LargeCaps5,1,-33.3889,-19.5172,33.39,4,0.00,false
1.38,LargeCaps5,2,359.0076,15.0312,12.77,8,75.00,true
1.38,LargeCaps5,3,-20.4841,-0.3677,43.85,9,66.67,false
1.38,LargeCaps5,4,22.1759,20.7365,0.00,3,100.00,true
1.38,LargeCaps5,5,14.0193,201.9757,0.00,2,100.00,false
1.38,Legacy3,0,25.3436,4.3809,28.11,9,44.44,true
1.38,Legacy3,1,2.2009,1.6596,25.60,6,50.00,true
1.38,Legacy3,2,133.4732,8.9831,16.14,7,57.14,true
1.38,Legacy3,3,105.5386,16.0863,18.68,6,83.33,true
1.38,Legacy3,4,-7.6627,-1.7052,18.22,4,50.00,false
1.38,Legacy3,5,-37.6191,-37.6805,37.62,3,0.00,false
1.38,LowVolume5,0,5.5289,2.2854,47.13,11,36.36,true
1.38,LowVolume5,1,-49.4152,-7.4582,57.64,8,37.50,false
1.38,LowVolume5,2,174.2936,7.8083,16.38,10,70.00,true
1.38,LowVolume5,3,127.1236,8.4689,56.89,8,62.50,true
1.38,LowVolume5,4,-26.1106,-5.0099,33.30,5,40.00,false
1.38,LowVolume5,5,-22.6571,-5.2423,37.61,4,25.00,false
1.38,OldGuard4,0,90.1332,8.8457,22.81,9,55.56,true
1.38,OldGuard4,1,-42.8750,-7.2353,52.16,6,33.33,false
1.38,OldGuard4,2,133.9707,8.2675,16.14,8,62.50,true
1.38,OldGuard4,3,105.5386,16.0863,18.68,6,83.33,true
1.38,OldGuard4,4,18.3520,13.0942,3.09,4,75.00,true
1.38,OldGuard4,5,-48.1259,-39.0436,48.13,4,0.00,false
1.39,Base5,0,446.7919,19.2365,11.80,8,87.50,true
1.39,Base5,1,109.1187,8.6235,42.38,6,33.33,true
1.39,Base5,2,202.1057,16.4862,12.77,9,77.78,true
1.39,Base5,3,-27.4315,-0.9192,47.98,10,70.00,false
1.39,Base5,4,1.2818,1.8169,16.15,3,66.67,true
1.39,Base5,5,-10.6882,-3.7571,21.67,3,66.67,false
1.39,NoDOGE,0,446.7919,19.2365,11.80,8,87.50,true
1.39,NoDOGE,1,-33.3889,-19.5172,33.39,4,0.00,false
1.39,NoDOGE,2,359.0076,15.0312,12.77,8,75.00,true
1.39,NoDOGE,3,31.9993,4.9358,28.12,9,77.78,true
1.39,NoDOGE,4,1.2818,1.8169,16.15,3,66.67,true
1.39,NoDOGE,5,14.0193,201.9757,0.00,2,100.00,false
1.39,Legacy4,0,10.9340,2.9670,22.05,8,50.00,true
1.39,Legacy4,1,11.1789,5.6344,14.54,4,50.00,true
1.39,Legacy4,2,160.8252,10.1052,26.15,8,50.00,true
1.39,Legacy4,3,37.9622,5.7215,28.12,8,75.00,true
1.39,Legacy4,4,1.5472,1.7307,16.15,4,75.00,true
1.39,Legacy4,5,5.1782,5.2797,7.75,3,66.67,true
1.39,Legacy5BNB,0,0.1274,0.9004,22.05,9,44.44,true
1.39,Legacy5BNB,1,-6.3092,-1.6031,21.53,4,25.00,false
1.39,Legacy5BNB,2,160.8252,10.1052,26.15,8,50.00,true
1.39,Legacy5BNB,3,-1.7597,1.8959,43.85,9,66.67,false
1.39,Legacy5BNB,4,22.1759,20.7365,0.00,3,100.00,true
1.39,Legacy5BNB,5,-20.7159,-4.7243,24.62,4,50.00,false
1.39,OldGuardNoBNB,0,55.1926,6.7145,22.81,9,55.56,true
1.39,OldGuardNoBNB,1,-62.5764,-22.8647,62.58,6,0.00,false
1.39,OldGuardNoBNB,2,160.8252,10.1052,26.15,8,50.00,true
1.39,OldGuardNoBNB,3,37.9622,5.7215,28.12,8,75.00,true
1.39,OldGuardNoBNB,4,1.5472,1.7307,16.15,4,75.00,true
1.39,OldGuardNoBNB,5,-12.5369,-5.2852,23.29,4,50.00,false
1.39,LargeCaps5,0,351.4323,15.1191,11.80,9,77.78,true
1.39,LargeCaps5,1,-33.3889,-19.5172,33.39,4,0.00,false
1.39,LargeCaps5,2,359.0076,15.0312,12.77,8,75.00,true
1.39,LargeCaps5,3,-20.4841,-0.3677,43.85,9,66.67,false
1.39,LargeCaps5,4,22.1759,20.7365,0.00,3,100.00,true
1.39,LargeCaps5,5,14.0193,201.9757,0.00,2,100.00,false
1.39,Legacy3,0,25.3436,4.3809,28.11,9,44.44,true
1.39,Legacy3,1,2.2009,1.6596,25.60,6,50.00,true
1.39,Legacy3,2,133.4732,8.9831,16.14,7,57.14,true
1.39,Legacy3,3,105.5386,16.0863,18.68,6,83.33,true
1.39,Legacy3,4,-7.6627,-1.7052,18.22,4,50.00,false
1.39,Legacy3,5,-37.6191,-37.6805,37.62,3,0.00,false
1.39,LowVolume5,0,5.5289,2.2854,47.13,11,36.36,true
1.39,LowVolume5,1,-49.4152,-7.4582,57.64,8,37.50,false
1.39,LowVolume5,2,174.2936,7.8083,16.38,10,70.00,true
1.39,LowVolume5,3,127.1236,8.4689,56.89,8,62.50,true
1.39,LowVolume5,4,-26.1106,-5.0099,33.30,5,40.00,false
1.39,LowVolume5,5,-22.6571,-5.2423,37.61,4,25.00,false
1.39,OldGuard4,0,90.1332,8.8457,22.81,9,55.56,true
1.39,OldGuard4,1,-42.8750,-7.2353,52.16,6,33.33,false
1.39,OldGuard4,2,133.9707,8.2675,16.14,8,62.50,true
1.39,OldGuard4,3,105.5386,16.0863,18.68,6,83.33,true
1.39,OldGuard4,4,18.3520,13.0942,3.09,4,75.00,true
1.39,OldGuard4,5,-48.1259,-39.0436,48.13,4,0.00,false
1.40,Base5,0,446.7919,19.2365,11.80,8,87.50,true
1.40,Base5,1,109.1187,8.6235,42.38,6,33.33,true
1.40,Base5,2,202.1057,16.4862,12.77,9,77.78,true
1.40,Base5,3,-27.4315,-0.9192,47.98,10,70.00,false
1.40,Base5,4,1.2818,1.8169,16.15,3,66.67,true
1.40,Base5,5,-10.6882,-3.7571,21.67,3,66.67,false
1.40,NoDOGE,0,446.7919,19.2365,11.80,8,87.50,true
1.40,NoDOGE,1,-33.3889,-19.5172,33.39,4,0.00,false
1.40,NoDOGE,2,359.0076,15.0312,12.77,8,75.00,true
1.40,NoDOGE,3,31.9993,4.9358,28.12,9,77.78,true
1.40,NoDOGE,4,1.2818,1.8169,16.15,3,66.67,true
1.40,NoDOGE,5,14.0193,201.9757,0.00,2,100.00,false
1.40,Legacy4,0,10.9340,2.9670,22.05,8,50.00,true
1.40,Legacy4,1,11.1789,5.6344,14.54,4,50.00,true
1.40,Legacy4,2,160.8252,10.1052,26.15,8,50.00,true
1.40,Legacy4,3,37.9622,5.7215,28.12,8,75.00,true
1.40,Legacy4,4,1.5472,1.7307,16.15,4,75.00,true
1.40,Legacy4,5,5.1782,5.2797,7.75,3,66.67,true
1.40,Legacy5BNB,0,0.1274,0.9004,22.05,9,44.44,true
1.40,Legacy5BNB,1,-6.3092,-1.6031,21.53,4,25.00,false
1.40,Legacy5BNB,2,160.8252,10.1052,26.15,8,50.00,true
1.40,Legacy5BNB,3,-1.7597,1.8959,43.85,9,66.67,false
1.40,Legacy5BNB,4,22.1759,20.7365,0.00,3,100.00,true
1.40,Legacy5BNB,5,-20.7159,-4.7243,24.62,4,50.00,false
1.40,OldGuardNoBNB,0,55.1926,6.7145,22.81,9,55.56,true
1.40,OldGuardNoBNB,1,-62.5764,-22.8647,62.58,6,0.00,false
1.40,OldGuardNoBNB,2,160.8252,10.1052,26.15,8,50.00,true
1.40,OldGuardNoBNB,3,37.9622,5.7215,28.12,8,75.00,true
1.40,OldGuardNoBNB,4,1.5472,1.7307,16.15,4,75.00,true
1.40,OldGuardNoBNB,5,-12.5369,-5.2852,23.29,4,50.00,false
1.40,LargeCaps5,0,351.4323,15.1191,11.80,9,77.78,true
1.40,LargeCaps5,1,-33.3889,-19.5172,33.39,4,0.00,false
1.40,LargeCaps5,2,359.0076,15.0312,12.77,8,75.00,true
1.40,LargeCaps5,3,-20.4841,-0.3677,43.85,9,66.67,false
1.40,LargeCaps5,4,22.1759,20.7365,0.00,3,100.00,true
1.40,LargeCaps5,5,14.0193,201.9757,0.00,2,100.00,false
1.40,Legacy3,0,25.3436,4.3809,28.11,9,44.44,true
1.40,Legacy3,1,2.2009,1.6596,25.60,6,50.00,true
1.40,Legacy3,2,133.4732,8.9831,16.14,7,57.14,true
1.40,Legacy3,3,105.5386,16.0863,18.68,6,83.33,true
1.40,Legacy3,4,-7.6627,-1.7052,18.22,4,50.00,false
1.40,Legacy3,5,-37.6191,-37.6805,37.62,3,0.00,false
1.40,LowVolume5,0,-10.4318,0.9314,54.08,11,27.27,false
1.40,LowVolume5,1,-49.4152,-7.4582,57.64,8,37.50,false
1.40,LowVolume5,2,174.2936,7.8083,16.38,10,70.00,true
1.40,LowVolume5,3,127.1236,8.4689,56.89,8,62.50,true
1.40,LowVolume5,4,-26.1106,-5.0099,33.30,5,40.00,false
1.40,LowVolume5,5,-22.6571,-5.2423,37.61,4,25.00,false
1.40,OldGuard4,0,90.1332,8.8457,22.81,9,55.56,true
1.40,OldGuard4,1,-42.8750,-7.2353,52.16,6,33.33,false
1.40,OldGuard4,2,133.9707,8.2675,16.14,8,62.50,true
1.40,OldGuard4,3,105.5386,16.0863,18.68,6,83.33,true
1.40,OldGuard4,4,18.3520,13.0942,3.09,4,75.00,true
1.40,OldGuard4,5,-48.1259,-39.0436,48.13,4,0.00,false
1.41,Base5,0,446.7919,19.2365,11.80,8,87.50,true
1.41,Base5,1,109.1187,8.6235,42.38,6,33.33,true
1.41,Base5,2,202.1057,16.4862,12.77,9,77.78,true
1.41,Base5,3,-38.4104,-2.6751,51.68,9,66.67,false
1.41,Base5,4,-17.4501,-11.6476,20.58,3,33.33,false
1.41,Base5,5,-10.6882,-3.7571,21.67,3,66.67,false
1.41,NoDOGE,0,446.7919,19.2365,11.80,8,87.50,true
1.41,NoDOGE,1,-33.3889,-19.5172,33.39,4,0.00,false
1.41,NoDOGE,2,359.0076,15.0312,12.77,8,75.00,true
1.41,NoDOGE,3,12.0291,3.0516,28.12,8,75.00,true
1.41,NoDOGE,4,-17.4501,-11.6476,20.58,3,33.33,false
1.41,NoDOGE,5,14.0193,201.9757,0.00,2,100.00,false
1.41,Legacy4,0,10.9340,2.9670,22.05,8,50.00,true
1.41,Legacy4,1,11.1789,5.6344,14.54,4,50.00,true
1.41,Legacy4,2,160.8252,10.1052,26.15,8,50.00,true
1.41,Legacy4,3,17.0898,3.9022,28.12,7,71.43,true
1.41,Legacy4,4,-17.2338,-9.8185,20.58,4,50.00,false
1.41,Legacy4,5,5.1782,5.2797,7.75,3,66.67,true
1.41,Legacy5BNB,0,0.1274,0.9004,22.05,9,44.44,true
1.41,Legacy5BNB,1,-6.3092,-1.6031,21.53,4,25.00,false
1.41,Legacy5BNB,2,160.8252,10.1052,26.15,8,50.00,true
1.41,Legacy5BNB,3,-16.6225,0.2911,46.94,8,62.50,false
1.41,Legacy5BNB,4,-0.4204,-0.3162,5.28,3,66.67,false
1.41,Legacy5BNB,5,-20.7159,-4.7243,24.62,4,50.00,false
1.41,OldGuardNoBNB,0,55.1926,6.7145,22.81,9,55.56,true
1.41,OldGuardNoBNB,1,-62.5764,-22.8647,62.58,6,0.00,false
1.41,OldGuardNoBNB,2,160.8252,10.1052,26.15,8,50.00,true
1.41,OldGuardNoBNB,3,17.0898,3.9022,28.12,7,71.43,true
1.41,OldGuardNoBNB,4,-17.2338,-9.8185,20.58,4,50.00,false
1.41,OldGuardNoBNB,5,-12.5369,-5.2852,23.29,4,50.00,false
1.41,LargeCaps5,0,351.4323,15.1191,11.80,9,77.78,true
1.41,LargeCaps5,1,-33.3889,-19.5172,33.39,4,0.00,false
1.41,LargeCaps5,2,359.0076,15.0312,12.77,8,75.00,true
1.41,LargeCaps5,3,-32.5141,-2.3677,46.94,8,62.50,false
1.41,LargeCaps5,4,-0.4204,-0.3162,5.28,3,66.67,false
1.41,LargeCaps5,5,14.0193,201.9757,0.00,2,100.00,false
1.41,Legacy3,0,25.3436,4.3809,28.11,9,44.44,true
1.41,Legacy3,1,2.2009,1.6596,25.60,6,50.00,true
1.41,Legacy3,2,133.4732,8.9831,16.14,7,57.14,true
1.41,Legacy3,3,105.5386,16.0863,18.68,6,83.33,true
1.41,Legacy3,4,-22.3429,-14.7459,22.55,3,33.33,false
1.41,Legacy3,5,-37.6191,-37.6805,37.62,3,0.00,false
1.41,LowVolume5,0,-10.4318,0.9314,54.08,11,27.27,false
1.41,LowVolume5,1,-49.4152,-7.4582,57.64,8,37.50,false
1.41,LowVolume5,2,174.2936,7.8083,16.38,10,70.00,true
1.41,LowVolume5,3,127.1236,8.4689,56.89,8,62.50,true
1.41,LowVolume5,4,-26.1106,-5.0099,33.30,5,40.00,false
1.41,LowVolume5,5,-22.6571,-5.2423,37.61,4,25.00,false
1.41,OldGuard4,0,90.1332,8.8457,22.81,9,55.56,true
1.41,OldGuard4,1,-42.8750,-7.2353,52.16,6,33.33,false
1.41,OldGuard4,2,133.9707,8.2675,16.14,8,62.50,true
1.41,OldGuard4,3,105.5386,16.0863,18.68,6,83.33,true
1.41,OldGuard4,4,-0.4641,-0.3315,5.28,3,66.67,false
1.41,OldGuard4,5,-48.1259,-39.0436,48.13,4,0.00,false
1.42,Base5,0,446.7919,19.2365,11.80,8,87.50,true
1.42,Base5,1,109.1187,8.6235,42.38,6,33.33,true
1.42,Base5,2,202.1057,16.4862,12.77,9,77.78,true
1.42,Base5,3,-38.4104,-2.6751,51.68,9,66.67,false
1.42,Base5,4,-17.4501,-11.6476,20.58,3,33.33,false
1.42,Base5,5,-10.6882,-3.7571,21.67,3,66.67,false
1.42,NoDOGE,0,446.7919,19.2365,11.80,8,87.50,true
1.42,NoDOGE,1,-33.3889,-19.5172,33.39,4,0.00,false
1.42,NoDOGE,2,359.0076,15.0312,12.77,8,75.00,true
1.42,NoDOGE,3,12.0291,3.0516,28.12,8,75.00,true
1.42,NoDOGE,4,-17.4501,-11.6476,20.58,3,33.33,false
1.42,NoDOGE,5,14.0193,201.9757,0.00,2,100.00,false
1.42,Legacy4,0,10.9340,2.9670,22.05,8,50.00,true
1.42,Legacy4,1,11.1789,5.6344,14.54,4,50.00,true
1.42,Legacy4,2,160.8252,10.1052,26.15,8,50.00,true
1.42,Legacy4,3,17.0898,3.9022,28.12,7,71.43,true
1.42,Legacy4,4,-17.2338,-9.8185,20.58,4,50.00,false
1.42,Legacy4,5,5.1782,5.2797,7.75,3,66.67,true
1.42,Legacy5BNB,0,0.1274,0.9004,22.05,9,44.44,true
1.42,Legacy5BNB,1,-6.3092,-1.6031,21.53,4,25.00,false
1.42,Legacy5BNB,2,160.8252,10.1052,26.15,8,50.00,true
1.42,Legacy5BNB,3,-16.6225,0.2911,46.94,8,62.50,false
1.42,Legacy5BNB,4,-0.4204,-0.3162,5.28,3,66.67,false
1.42,Legacy5BNB,5,-20.7159,-4.7243,24.62,4,50.00,false
1.42,OldGuardNoBNB,0,55.1926,6.7145,22.81,9,55.56,true
1.42,OldGuardNoBNB,1,-62.5764,-22.8647,62.58,6,0.00,false
1.42,OldGuardNoBNB,2,160.8252,10.1052,26.15,8,50.00,true
1.42,OldGuardNoBNB,3,17.0898,3.9022,28.12,7,71.43,true
1.42,OldGuardNoBNB,4,-17.2338,-9.8185,20.58,4,50.00,false
1.42,OldGuardNoBNB,5,-12.5369,-5.2852,23.29,4,50.00,false
1.42,LargeCaps5,0,351.4323,15.1191,11.80,9,77.78,true
1.42,LargeCaps5,1,-33.3889,-19.5172,33.39,4,0.00,false
1.42,LargeCaps5,2,359.0076,15.0312,12.77,8,75.00,true
1.42,LargeCaps5,3,-32.5141,-2.3677,46.94,8,62.50,false
1.42,LargeCaps5,4,-0.4204,-0.3162,5.28,3,66.67,false
1.42,LargeCaps5,5,14.0193,201.9757,0.00,2,100.00,false
1.42,Legacy3,0,25.3436,4.3809,28.11,9,44.44,true
1.42,Legacy3,1,2.2009,1.6596,25.60,6,50.00,true
1.42,Legacy3,2,133.4732,8.9831,16.14,7,57.14,true
1.42,Legacy3,3,105.5386,16.0863,18.68,6,83.33,true
1.42,Legacy3,4,-22.3429,-14.7459,22.55,3,33.33,false
1.42,Legacy3,5,-37.6191,-37.6805,37.62,3,0.00,false
1.42,LowVolume5,0,-10.4318,0.9314,54.08,11,27.27,false
1.42,LowVolume5,1,-49.4152,-7.4582,57.64,8,37.50,false
1.42,LowVolume5,2,174.2936,7.8083,16.38,10,70.00,true
1.42,LowVolume5,3,127.1236,8.4689,56.89,8,62.50,true
1.42,LowVolume5,4,-36.5264,-7.8001,39.94,5,20.00,false
1.42,LowVolume5,5,-22.6571,-5.2423,37.61,4,25.00,false
1.42,OldGuard4,0,90.1332,8.8457,22.81,9,55.56,true
1.42,OldGuard4,1,-42.8750,-7.2353,52.16,6,33.33,false
1.42,OldGuard4,2,133.9707,8.2675,16.14,8,62.50,true
1.42,OldGuard4,3,105.5386,16.0863,18.68,6,83.33,true
1.42,OldGuard4,4,-14.4951,-27.1971,14.72,3,33.33,false
1.42,OldGuard4,5,-48.1259,-39.0436,48.13,4,0.00,false
1.43,Base5,0,398.4293,20.5365,11.80,7,85.71,true
1.43,Base5,1,109.1187,8.6235,42.38,6,33.33,true
1.43,Base5,2,202.1057,16.4862,12.77,9,77.78,true
1.43,Base5,3,-38.4104,-2.6751,51.68,9,66.67,false
1.43,Base5,4,-17.4501,-11.6476,20.58,3,33.33,false
1.43,Base5,5,-10.6882,-3.7571,21.67,3,66.67,false
1.43,NoDOGE,0,398.4293,20.5365,11.80,7,85.71,true
1.43,NoDOGE,1,-33.3889,-19.5172,33.39,4,0.00,false
1.43,NoDOGE,2,359.0076,15.0312,12.77,8,75.00,true
1.43,NoDOGE,3,12.0291,3.0516,28.12,8,75.00,true
1.43,NoDOGE,4,-17.4501,-11.6476,20.58,3,33.33,false
1.43,NoDOGE,5,14.0193,201.9757,0.00,2,100.00,false
1.43,Legacy4,0,1.1221,1.6491,22.05,7,42.86,true
1.43,Legacy4,1,11.1789,5.6344,14.54,4,50.00,true
1.43,Legacy4,2,160.8252,10.1052,26.15,8,50.00,true
1.43,Legacy4,3,17.0898,3.9022,28.12,7,71.43,true
1.43,Legacy4,4,-17.2338,-9.8185,20.58,4,50.00,false
1.43,Legacy4,5,5.1782,5.2797,7.75,3,66.67,true
1.43,Legacy5BNB,0,-3.8787,-0.1481,22.05,7,42.86,false
1.43,Legacy5BNB,1,-6.3092,-1.6031,21.53,4,25.00,false
1.43,Legacy5BNB,2,160.8252,10.1052,26.15,8,50.00,true
1.43,Legacy5BNB,3,-16.6225,0.2911,46.94,8,62.50,false
1.43,Legacy5BNB,4,-0.4204,-0.3162,5.28,3,66.67,false
1.43,Legacy5BNB,5,-20.7159,-4.7243,24.62,4,50.00,false
1.43,OldGuardNoBNB,0,55.1926,6.7145,22.81,9,55.56,true
1.43,OldGuardNoBNB,1,-62.5764,-22.8647,62.58,6,0.00,false
1.43,OldGuardNoBNB,2,160.8252,10.1052,26.15,8,50.00,true
1.43,OldGuardNoBNB,3,17.0898,3.9022,28.12,7,71.43,true
1.43,OldGuardNoBNB,4,-17.2338,-9.8185,20.58,4,50.00,false
1.43,OldGuardNoBNB,5,-12.5369,-5.2852,23.29,4,50.00,false
1.43,LargeCaps5,0,311.5041,15.5266,11.80,8,75.00,true
1.43,LargeCaps5,1,-33.3889,-19.5172,33.39,4,0.00,false
1.43,LargeCaps5,2,359.0076,15.0312,12.77,8,75.00,true
1.43,LargeCaps5,3,-32.5141,-2.3677,46.94,8,62.50,false
1.43,LargeCaps5,4,-0.4204,-0.3162,5.28,3,66.67,false
1.43,LargeCaps5,5,14.0193,201.9757,0.00,2,100.00,false
1.43,Legacy3,0,-6.8612,0.8689,29.20,9,33.33,false
1.43,Legacy3,1,2.2009,1.6596,25.60,6,50.00,true
1.43,Legacy3,2,133.4732,8.9831,16.14,7,57.14,true
1.43,Legacy3,3,105.5386,16.0863,18.68,6,83.33,true
1.43,Legacy3,4,-22.3429,-14.7459,22.55,3,33.33,false
1.43,Legacy3,5,-37.6191,-37.6805,37.62,3,0.00,false
1.43,LowVolume5,0,-10.4318,0.9314,54.08,11,27.27,false
1.43,LowVolume5,1,-49.4152,-7.4582,57.64,8,37.50,false
1.43,LowVolume5,2,174.2936,7.8083,16.38,10,70.00,true
1.43,LowVolume5,3,127.1236,8.4689,56.89,8,62.50,true
1.43,LowVolume5,4,-36.5264,-7.8001,39.94,5,20.00,false
1.43,LowVolume5,5,-22.6571,-5.2423,37.61,4,25.00,false
1.43,OldGuard4,0,90.1332,8.8457,22.81,9,55.56,true
1.43,OldGuard4,1,-42.8750,-7.2353,52.16,6,33.33,false
1.43,OldGuard4,2,133.9707,8.2675,16.14,8,62.50,true
1.43,OldGuard4,3,105.5386,16.0863,18.68,6,83.33,true
1.43,OldGuard4,4,-14.4951,-27.1971,14.72,3,33.33,false
1.43,OldGuard4,5,-48.1259,-39.0436,48.13,4,0.00,false
1.44,Base5,0,311.6922,17.6915,11.80,7,85.71,true
1.44,Base5,1,109.1187,8.6235,42.38,6,33.33,true
1.44,Base5,2,202.1057,16.4862,12.77,9,77.78,true
1.44,Base5,3,-38.4104,-2.6751,51.68,9,66.67,false
1.44,Base5,4,-17.4501,-11.6476,20.58,3,33.33,false
1.44,Base5,5,-10.6882,-3.7571,21.67,3,66.67,false
1.44,NoDOGE,0,311.6922,17.6915,11.80,7,85.71,true
1.44,NoDOGE,1,-33.3889,-19.5172,33.39,4,0.00,false
1.44,NoDOGE,2,359.0076,15.0312,12.77,8,75.00,true
1.44,NoDOGE,3,12.0291,3.0516,28.12,8,75.00,true
1.44,NoDOGE,4,-17.4501,-11.6476,20.58,3,33.33,false
1.44,NoDOGE,5,14.0193,201.9757,0.00,2,100.00,false
1.44,Legacy4,0,-3.8348,-0.1475,22.05,6,50.00,false
1.44,Legacy4,1,11.1789,5.6344,14.54,4,50.00,true
1.44,Legacy4,2,160.8252,10.1052,26.15,8,50.00,true
1.44,Legacy4,3,17.0898,3.9022,28.12,7,71.43,true
1.44,Legacy4,4,-17.2338,-9.8185,20.58,4,50.00,false
1.44,Legacy4,5,5.1782,5.2797,7.75,3,66.67,true
1.44,Legacy5BNB,0,-3.8787,-0.1481,22.05,7,42.86,false
1.44,Legacy5BNB,1,-6.3092,-1.6031,21.53,4,25.00,false
1.44,Legacy5BNB,2,160.8252,10.1052,26.15,8,50.00,true
1.44,Legacy5BNB,3,-16.6225,0.2911,46.94,8,62.50,false
1.44,Legacy5BNB,4,-0.4204,-0.3162,5.28,3,66.67,false
1.44,Legacy5BNB,5,-20.7159,-4.7243,24.62,4,50.00,false
1.44,OldGuardNoBNB,0,55.1926,6.7145,22.81,9,55.56,true
1.44,OldGuardNoBNB,1,-62.5764,-22.8647,62.58,6,0.00,false
1.44,OldGuardNoBNB,2,160.8252,10.1052,26.15,8,50.00,true
1.44,OldGuardNoBNB,3,17.0898,3.9022,28.12,7,71.43,true
1.44,OldGuardNoBNB,4,-17.2338,-9.8185,20.58,4,50.00,false
1.44,OldGuardNoBNB,5,-12.5369,-5.2852,23.29,4,50.00,false
1.44,LargeCaps5,0,311.5041,15.5266,11.80,8,75.00,true
1.44,LargeCaps5,1,-33.3889,-19.5172,33.39,4,0.00,false
1.44,LargeCaps5,2,359.0076,15.0312,12.77,8,75.00,true
1.44,LargeCaps5,3,-32.5141,-2.3677,46.94,8,62.50,false
1.44,LargeCaps5,4,-0.4204,-0.3162,5.28,3,66.67,false
1.44,LargeCaps5,5,14.0193,201.9757,0.00,2,100.00,false
1.44,Legacy3,0,-11.4268,-0.4345,31.76,8,37.50,false
1.44,Legacy3,1,2.2009,1.6596,25.60,6,50.00,true
1.44,Legacy3,2,133.4732,8.9831,16.14,7,57.14,true
1.44,Legacy3,3,105.5386,16.0863,18.68,6,83.33,true
1.44,Legacy3,4,-22.3429,-14.7459,22.55,3,33.33,false
1.44,Legacy3,5,-37.6191,-37.6805,37.62,3,0.00,false
1.44,LowVolume5,0,-10.4318,0.9314,54.08,11,27.27,false
1.44,LowVolume5,1,-49.4152,-7.4582,57.64,8,37.50,false
1.44,LowVolume5,2,174.2936,7.8083,16.38,10,70.00,true
1.44,LowVolume5,3,127.1236,8.4689,56.89,8,62.50,true
1.44,LowVolume5,4,-36.5264,-7.8001,39.94,5,20.00,false
1.44,LowVolume5,5,-22.6571,-5.2423,37.61,4,25.00,false
1.44,OldGuard4,0,90.1332,8.8457,22.81,9,55.56,true
1.44,OldGuard4,1,-42.8750,-7.2353,52.16,6,33.33,false
1.44,OldGuard4,2,133.9707,8.2675,16.14,8,62.50,true
1.44,OldGuard4,3,105.5386,16.0863,18.68,6,83.33,true
1.44,OldGuard4,4,-14.4951,-27.1971,14.72,3,33.33,false
1.44,OldGuard4,5,-48.1259,-39.0436,48.13,4,0.00,false
1.45,Base5,0,311.6922,17.6915,11.80,7,85.71,true
1.45,Base5,1,109.1187,8.6235,42.38,6,33.33,true
1.45,Base5,2,202.1057,16.4862,12.77,9,77.78,true
1.45,Base5,3,-38.4104,-2.6751,51.68,9,66.67,false
1.45,Base5,4,-12.8445,-10.1434,16.15,2,50.00,false
1.45,Base5,5,-10.6882,-3.7571,21.67,3,66.67,false
1.45,NoDOGE,0,311.6922,17.6915,11.80,7,85.71,true
1.45,NoDOGE,1,-33.3889,-19.5172,33.39,4,0.00,false
1.45,NoDOGE,2,359.0076,15.0312,12.77,8,75.00,true
1.45,NoDOGE,3,12.0291,3.0516,28.12,8,75.00,true
1.45,NoDOGE,4,-12.8445,-10.1434,16.15,2,50.00,false
1.45,NoDOGE,5,14.0193,201.9757,0.00,2,100.00,false
1.45,Legacy4,0,-3.8348,-0.1475,22.05,6,50.00,false
1.45,Legacy4,1,11.1789,5.6344,14.54,4,50.00,true
1.45,Legacy4,2,160.8252,10.1052,26.15,8,50.00,true
1.45,Legacy4,3,17.0898,3.9022,28.12,7,71.43,true
1.45,Legacy4,4,-12.6162,-8.0372,16.15,3,66.67,false
1.45,Legacy4,5,5.1782,5.2797,7.75,3,66.67,true
1.45,Legacy5BNB,0,-3.8787,-0.1481,22.05,7,42.86,false
1.45,Legacy5BNB,1,-6.3092,-1.6031,21.53,4,25.00,false
1.45,Legacy5BNB,2,160.8252,10.1052,26.15,8,50.00,true
1.45,Legacy5BNB,3,-16.6225,0.2911,46.94,8,62.50,false
1.45,Legacy5BNB,4,5.1353,34.8588,0.00,2,100.00,false
1.45,Legacy5BNB,5,-20.7159,-4.7243,24.62,4,50.00,false
1.45,OldGuardNoBNB,0,55.1926,6.7145,22.81,9,55.56,true
1.45,OldGuardNoBNB,1,-62.5764,-22.8647,62.58,6,0.00,false
1.45,OldGuardNoBNB,2,160.8252,10.1052,26.15,8,50.00,true
1.45,OldGuardNoBNB,3,17.0898,3.9022,28.12,7,71.43,true
1.45,OldGuardNoBNB,4,-12.6162,-8.0372,16.15,3,66.67,false
1.45,OldGuardNoBNB,5,-12.5369,-5.2852,23.29,4,50.00,false
1.45,LargeCaps5,0,311.5041,15.5266,11.80,8,75.00,true
1.45,LargeCaps5,1,-33.3889,-19.5172,33.39,4,0.00,false
1.45,LargeCaps5,2,359.0076,15.0312,12.77,8,75.00,true
1.45,LargeCaps5,3,-32.5141,-2.3677,46.94,8,62.50,false
1.45,LargeCaps5,4,5.1353,34.8588,0.00,2,100.00,false
1.45,LargeCaps5,5,14.0193,201.9757,0.00,2,100.00,false
1.45,Legacy3,0,-11.4268,-0.4345,31.76,8,37.50,false
1.45,Legacy3,1,2.2009,1.6596,25.60,6,50.00,true
1.45,Legacy3,2,133.4732,8.9831,16.14,7,57.14,true
1.45,Legacy3,3,105.5386,16.0863,18.68,6,83.33,true
1.45,Legacy3,4,-20.5415,-12.6104,20.75,3,33.33,false
1.45,Legacy3,5,-37.6191,-37.6805,37.62,3,0.00,false
1.45,LowVolume5,0,-10.4318,0.9314,54.08,11,27.27,false
1.45,LowVolume5,1,-49.4152,-7.4582,57.64,8,37.50,false
1.45,LowVolume5,2,174.2936,7.8083,16.38,10,70.00,true
1.45,LowVolume5,3,127.1236,8.4689,56.89,8,62.50,true
1.45,LowVolume5,4,-36.5264,-7.8001,39.94,5,20.00,false
1.45,LowVolume5,5,-22.6571,-5.2423,37.61,4,25.00,false
1.45,OldGuard4,0,90.1332,8.8457,22.81,9,55.56,true
1.45,OldGuard4,1,-42.8750,-7.2353,52.16,6,33.33,false
1.45,OldGuard4,2,133.9707,8.2675,16.14,8,62.50,true
1.45,OldGuard4,3,105.5386,16.0863,18.68,6,83.33,true
1.45,OldGuard4,4,-12.5117,-21.6945,12.74,3,33.33,false
1.45,OldGuard4,5,-48.1259,-39.0436,48.13,4,0.00,false
1.46,Base5,0,366.7895,22.2113,0.00,6,100.00,true
1.46,Base5,1,109.1187,8.6235,42.38,6,33.33,true
1.46,Base5,2,202.1057,16.4862,12.77,9,77.78,true
1.46,Base5,3,-38.4104,-2.6751,51.68,9,66.67,false
1.46,Base5,4,-12.8445,-10.1434,16.15,2,50.00,false
1.46,Base5,5,-10.6882,-3.7571,21.67,3,66.67,false
1.46,NoDOGE,0,366.7895,22.2113,0.00,6,100.00,true
1.46,NoDOGE,1,-33.3889,-19.5172,33.39,4,0.00,false
1.46,NoDOGE,2,359.0076,15.0312,12.77,8,75.00,true
1.46,NoDOGE,3,12.0291,3.0516,28.12,8,75.00,true
1.46,NoDOGE,4,-12.8445,-10.1434,16.15,2,50.00,false
1.46,NoDOGE,5,14.0193,201.9757,0.00,2,100.00,false
1.46,Legacy4,0,-3.8348,-0.1475,22.05,6,50.00,false
1.46,Legacy4,1,11.1789,5.6344,14.54,4,50.00,true
1.46,Legacy4,2,160.8252,10.1052,26.15,8,50.00,true
1.46,Legacy4,3,17.0898,3.9022,28.12,7,71.43,true
1.46,Legacy4,4,-12.6162,-8.0372,16.15,3,66.67,false
1.46,Legacy4,5,5.1782,5.2797,7.75,3,66.67,true
1.46,Legacy5BNB,0,-3.8787,-0.1481,22.05,7,42.86,false
1.46,Legacy5BNB,1,-6.3092,-1.6031,21.53,4,25.00,false
1.46,Legacy5BNB,2,160.8252,10.1052,26.15,8,50.00,true
1.46,Legacy5BNB,3,-16.6225,0.2911,46.94,8,62.50,false
1.46,Legacy5BNB,4,5.1353,34.8588,0.00,2,100.00,false
1.46,Legacy5BNB,5,-20.7159,-4.7243,24.62,4,50.00,false
1.46,OldGuardNoBNB,0,55.1926,6.7145,22.81,9,55.56,true
1.46,OldGuardNoBNB,1,-62.5764,-22.8647,62.58,6,0.00,false
1.46,OldGuardNoBNB,2,160.8252,10.1052,26.15,8,50.00,true
1.46,OldGuardNoBNB,3,17.0898,3.9022,28.12,7,71.43,true
1.46,OldGuardNoBNB,4,-12.6162,-8.0372,16.15,3,66.67,false
1.46,OldGuardNoBNB,5,-12.5369,-5.2852,23.29,4,50.00,false
1.46,LargeCaps5,0,366.5763,18.8174,0.05,7,85.71,true
1.46,LargeCaps5,1,-33.3889,-19.5172,33.39,4,0.00,false
1.46,LargeCaps5,2,359.0076,15.0312,12.77,8,75.00,true
1.46,LargeCaps5,3,-32.5141,-2.3677,46.94,8,62.50,false
1.46,LargeCaps5,4,5.1353,34.8588,0.00,2,100.00,false
1.46,LargeCaps5,5,14.0193,201.9757,0.00,2,100.00,false
1.46,Legacy3,0,-11.4268,-0.4345,31.76,8,37.50,false
1.46,Legacy3,1,2.2009,1.6596,25.60,6,50.00,true
1.46,Legacy3,2,133.4732,8.9831,16.14,7,57.14,true
1.46,Legacy3,3,105.5386,16.0863,18.68,6,83.33,true
1.46,Legacy3,4,-20.5415,-12.6104,20.75,3,33.33,false
1.46,Legacy3,5,-37.6191,-37.6805,37.62,3,0.00,false
1.46,LowVolume5,0,-10.4318,0.9314,54.08,11,27.27,false
1.46,LowVolume5,1,-49.4152,-7.4582,57.64,8,37.50,false
1.46,LowVolume5,2,174.2936,7.8083,16.38,10,70.00,true
1.46,LowVolume5,3,127.1236,8.4689,56.89,8,62.50,true
1.46,LowVolume5,4,-36.5264,-7.8001,39.94,5,20.00,false
1.46,LowVolume5,5,-22.6571,-5.2423,37.61,4,25.00,false
1.46,OldGuard4,0,90.1332,8.8457,22.81,9,55.56,true
1.46,OldGuard4,1,-42.8750,-7.2353,52.16,6,33.33,false
1.46,OldGuard4,2,133.9707,8.2675,16.14,8,62.50,true
1.46,OldGuard4,3,105.5386,16.0863,18.68,6,83.33,true
1.46,OldGuard4,4,-12.5117,-21.6945,12.74,3,33.33,false
1.46,OldGuard4,5,-48.1259,-39.0436,48.13,4,0.00,false
1.47,Base5,0,366.7895,22.2113,0.00,6,100.00,true
1.47,Base5,1,109.1187,8.6235,42.38,6,33.33,true
1.47,Base5,2,202.1057,16.4862,12.77,9,77.78,true
1.47,Base5,3,-38.4104,-2.6751,51.68,9,66.67,false
1.47,Base5,4,-12.8445,-10.1434,16.15,2,50.00,false
1.47,Base5,5,-10.6882,-3.7571,21.67,3,66.67,false
1.47,NoDOGE,0,366.7895,22.2113,0.00,6,100.00,true
1.47,NoDOGE,1,-33.3889,-19.5172,33.39,4,0.00,false
1.47,NoDOGE,2,359.0076,15.0312,12.77,8,75.00,true
1.47,NoDOGE,3,12.0291,3.0516,28.12,8,75.00,true
1.47,NoDOGE,4,-12.8445,-10.1434,16.15,2,50.00,false
1.47,NoDOGE,5,14.0193,201.9757,0.00,2,100.00,false
1.47,Legacy4,0,-3.8348,-0.1475,22.05,6,50.00,false
1.47,Legacy4,1,11.1789,5.6344,14.54,4,50.00,true
1.47,Legacy4,2,160.8252,10.1052,26.15,8,50.00,true
1.47,Legacy4,3,17.0898,3.9022,28.12,7,71.43,true
1.47,Legacy4,4,-12.6162,-8.0372,16.15,3,66.67,false
1.47,Legacy4,5,5.1782,5.2797,7.75,3,66.67,true
1.47,Legacy5BNB,0,-3.8787,-0.1481,22.05,7,42.86,false
1.47,Legacy5BNB,1,-6.3092,-1.6031,21.53,4,25.00,false
1.47,Legacy5BNB,2,160.8252,10.1052,26.15,8,50.00,true
1.47,Legacy5BNB,3,-16.6225,0.2911,46.94,8,62.50,false
1.47,Legacy5BNB,4,5.1353,34.8588,0.00,2,100.00,false
1.47,Legacy5BNB,5,-20.7159,-4.7243,24.62,4,50.00,false
1.47,OldGuardNoBNB,0,55.1926,6.7145,22.81,9,55.56,true
1.47,OldGuardNoBNB,1,-62.5764,-22.8647,62.58,6,0.00,false
1.47,OldGuardNoBNB,2,160.8252,10.1052,26.15,8,50.00,true
1.47,OldGuardNoBNB,3,17.0898,3.9022,28.12,7,71.43,true
1.47,OldGuardNoBNB,4,-12.6162,-8.0372,16.15,3,66.67,false
1.47,OldGuardNoBNB,5,-12.5369,-5.2852,23.29,4,50.00,false
1.47,LargeCaps5,0,366.5763,18.8174,0.05,7,85.71,true
1.47,LargeCaps5,1,-33.3889,-19.5172,33.39,4,0.00,false
1.47,LargeCaps5,2,359.0076,15.0312,12.77,8,75.00,true
1.47,LargeCaps5,3,-32.5141,-2.3677,46.94,8,62.50,false
1.47,LargeCaps5,4,5.1353,34.8588,0.00,2,100.00,false
1.47,LargeCaps5,5,14.0193,201.9757,0.00,2,100.00,false
1.47,Legacy3,0,-11.4268,-0.4345,31.76,8,37.50,false
1.47,Legacy3,1,2.2009,1.6596,25.60,6,50.00,true
1.47,Legacy3,2,133.4732,8.9831,16.14,7,57.14,true
1.47,Legacy3,3,105.5386,16.0863,18.68,6,83.33,true
1.47,Legacy3,4,-20.5415,-12.6104,20.75,3,33.33,false
1.47,Legacy3,5,-37.6191,-37.6805,37.62,3,0.00,false
1.47,LowVolume5,0,-10.4318,0.9314,54.08,11,27.27,false
1.47,LowVolume5,1,-49.4152,-7.4582,57.64,8,37.50,false
1.47,LowVolume5,2,174.2936,7.8083,16.38,10,70.00,true
1.47,LowVolume5,3,127.1236,8.4689,56.89,8,62.50,true
1.47,LowVolume5,4,-36.5264,-7.8001,39.94,5,20.00,false
1.47,LowVolume5,5,-22.6571,-5.2423,37.61,4,25.00,false
1.47,OldGuard4,0,90.1332,8.8457,22.81,9,55.56,true
1.47,OldGuard4,1,-42.8750,-7.2353,52.16,6,33.33,false
1.47,OldGuard4,2,133.9707,8.2675,16.14,8,62.50,true
1.47,OldGuard4,3,105.5386,16.0863,18.68,6,83.33,true
1.47,OldGuard4,4,-12.5117,-21.6945,12.74,3,33.33,false
1.47,OldGuard4,5,-48.1259,-39.0436,48.13,4,0.00,false
1.48,Base5,0,366.7895,22.2113,0.00,6,100.00,true
1.48,Base5,1,109.1187,8.6235,42.38,6,33.33,true
1.48,Base5,2,202.1057,16.4862,12.77,9,77.78,true
1.48,Base5,3,-38.4104,-2.6751,51.68,9,66.67,false
1.48,Base5,4,-12.8445,-10.1434,16.15,2,50.00,false
1.48,Base5,5,-10.6882,-3.7571,21.67,3,66.67,false
1.48,NoDOGE,0,366.7895,22.2113,0.00,6,100.00,true
1.48,NoDOGE,1,-38.0361,-21.7425,38.04,4,0.00,false
1.48,NoDOGE,2,359.0076,15.0312,12.77,8,75.00,true
1.48,NoDOGE,3,12.0291,3.0516,28.12,8,75.00,true
1.48,NoDOGE,4,-12.8445,-10.1434,16.15,2,50.00,false
1.48,NoDOGE,5,14.0193,201.9757,0.00,2,100.00,false
1.48,Legacy4,0,-3.8348,-0.1475,22.05,6,50.00,false
1.48,Legacy4,1,3.4223,2.4350,20.50,4,50.00,true
1.48,Legacy4,2,160.8252,10.1052,26.15,8,50.00,true
1.48,Legacy4,3,17.0898,3.9022,28.12,7,71.43,true
1.48,Legacy4,4,-12.6162,-8.0372,16.15,3,66.67,false
1.48,Legacy4,5,5.1782,5.2797,7.75,3,66.67,true
1.48,Legacy5BNB,0,-3.8787,-0.1481,22.05,7,42.86,false
1.48,Legacy5BNB,1,-12.8457,-3.6488,27.01,4,25.00,false
1.48,Legacy5BNB,2,160.8252,10.1052,26.15,8,50.00,true
1.48,Legacy5BNB,3,-16.6225,0.2911,46.94,8,62.50,false
1.48,Legacy5BNB,4,5.1353,34.8588,0.00,2,100.00,false
1.48,Legacy5BNB,5,-20.7159,-4.7243,24.62,4,50.00,false
1.48,OldGuardNoBNB,0,55.1926,6.7145,22.81,9,55.56,true
1.48,OldGuardNoBNB,1,-65.1873,-24.7590,65.19,6,0.00,false
1.48,OldGuardNoBNB,2,160.8252,10.1052,26.15,8,50.00,true
1.48,OldGuardNoBNB,3,17.0898,3.9022,28.12,7,71.43,true
1.48,OldGuardNoBNB,4,-12.6162,-8.0372,16.15,3,66.67,false
1.48,OldGuardNoBNB,5,-12.5369,-5.2852,23.29,4,50.00,false
1.48,LargeCaps5,0,366.5763,18.8174,0.05,7,85.71,true
1.48,LargeCaps5,1,-38.0361,-21.7425,38.04,4,0.00,false
1.48,LargeCaps5,2,359.0076,15.0312,12.77,8,75.00,true
1.48,LargeCaps5,3,-32.5141,-2.3677,46.94,8,62.50,false
1.48,LargeCaps5,4,5.1353,34.8588,0.00,2,100.00,false
1.48,LargeCaps5,5,14.0193,201.9757,0.00,2,100.00,false
1.48,Legacy3,0,-11.4268,-0.4345,31.76,8,37.50,false
1.48,Legacy3,1,-4.9293,-0.0868,30.79,6,50.00,false
1.48,Legacy3,2,133.4732,8.9831,16.14,7,57.14,true
1.48,Legacy3,3,105.5386,16.0863,18.68,6,83.33,true
1.48,Legacy3,4,-20.5415,-12.6104,20.75,3,33.33,false
1.48,Legacy3,5,-37.6191,-37.6805,37.62,3,0.00,false
1.48,LowVolume5,0,-10.4318,0.9314,54.08,11,27.27,false
1.48,LowVolume5,1,-52.9443,-8.1720,60.59,8,37.50,false
1.48,LowVolume5,2,174.2936,7.8083,16.38,10,70.00,true
1.48,LowVolume5,3,127.1236,8.4689,56.89,8,62.50,true
1.48,LowVolume5,4,-36.5264,-7.8001,39.94,5,20.00,false
1.48,LowVolume5,5,-22.6571,-5.2423,37.61,4,25.00,false
1.48,OldGuard4,0,90.1332,8.8457,22.81,9,55.56,true
1.48,OldGuard4,1,-46.8604,-8.1442,55.50,6,33.33,false
1.48,OldGuard4,2,133.9707,8.2675,16.14,8,62.50,true
1.48,OldGuard4,3,105.5386,16.0863,18.68,6,83.33,true
1.48,OldGuard4,4,-12.5117,-21.6945,12.74,3,33.33,false
1.48,OldGuard4,5,-48.1259,-39.0436,48.13,4,0.00,false
1.49,Base5,0,366.7895,22.2113,0.00,6,100.00,true
1.49,Base5,1,109.1187,8.6235,42.38,6,33.33,true
1.49,Base5,2,202.1057,16.4862,12.77,9,77.78,true
1.49,Base5,3,-38.4104,-2.6751,51.68,9,66.67,false
1.49,Base5,4,-12.8445,-10.1434,16.15,2,50.00,false
1.49,Base5,5,-10.6882,-3.7571,21.67,3,66.67,false
1.49,NoDOGE,0,366.7895,22.2113,0.00,6,100.00,true
1.49,NoDOGE,1,-26.2132,-16.8899,26.21,3,0.00,false
1.49,NoDOGE,2,359.0076,15.0312,12.77,8,75.00,true
1.49,NoDOGE,3,12.0291,3.0516,28.12,8,75.00,true
1.49,NoDOGE,4,-12.8445,-10.1434,16.15,2,50.00,false
1.49,NoDOGE,5,14.0193,201.9757,0.00,2,100.00,false
1.49,Legacy4,0,-3.8348,-0.1475,22.05,6,50.00,false
1.49,Legacy4,1,23.1556,14.9985,5.33,3,66.67,true
1.49,Legacy4,2,160.8252,10.1052,26.15,8,50.00,true
1.49,Legacy4,3,17.0898,3.9022,28.12,7,71.43,true
1.49,Legacy4,4,-12.6162,-8.0372,16.15,3,66.67,false
1.49,Legacy4,5,5.1782,5.2797,7.75,3,66.67,true
1.49,Legacy5BNB,0,-3.8787,-0.1481,22.05,7,42.86,false
1.49,Legacy5BNB,1,3.7837,3.1493,13.08,3,33.33,true
1.49,Legacy5BNB,2,160.8252,10.1052,26.15,8,50.00,true
1.49,Legacy5BNB,3,-16.6225,0.2911,46.94,8,62.50,false
1.49,Legacy5BNB,4,5.1353,34.8588,0.00,2,100.00,false
1.49,Legacy5BNB,5,-20.7159,-4.7243,24.62,4,50.00,false
1.49,OldGuardNoBNB,0,55.1926,6.7145,22.81,9,55.56,true
1.49,OldGuardNoBNB,1,-58.5449,-22.2673,58.54,5,0.00,false
1.49,OldGuardNoBNB,2,160.8252,10.1052,26.15,8,50.00,true
1.49,OldGuardNoBNB,3,17.0898,3.9022,28.12,7,71.43,true
1.49,OldGuardNoBNB,4,-12.6162,-8.0372,16.15,3,66.67,false
1.49,OldGuardNoBNB,5,-12.5369,-5.2852,23.29,4,50.00,false
1.49,LargeCaps5,0,366.5763,18.8174,0.05,7,85.71,true
1.49,LargeCaps5,1,-26.2132,-16.8899,26.21,3,0.00,false
1.49,LargeCaps5,2,359.0076,15.0312,12.77,8,75.00,true
1.49,LargeCaps5,3,-32.5141,-2.3677,46.94,8,62.50,false
1.49,LargeCaps5,4,5.1353,34.8588,0.00,2,100.00,false
1.49,LargeCaps5,5,14.0193,201.9757,0.00,2,100.00,false
1.49,Legacy3,0,-11.4268,-0.4345,31.76,8,37.50,false
1.49,Legacy3,1,13.2106,5.2648,17.58,5,60.00,true
1.49,Legacy3,2,133.4732,8.9831,16.14,7,57.14,true
1.49,Legacy3,3,105.5386,16.0863,18.68,6,83.33,true
1.49,Legacy3,4,-20.5415,-12.6104,20.75,3,33.33,false
1.49,Legacy3,5,-37.6191,-37.6805,37.62,3,0.00,false
1.49,LowVolume5,0,-10.4318,0.9314,54.08,11,27.27,false
1.49,LowVolume5,1,-43.9659,-6.5127,53.07,7,42.86,false
1.49,LowVolume5,2,174.2936,7.8083,16.38,10,70.00,true
1.49,LowVolume5,3,127.1236,8.4689,56.89,8,62.50,true
1.49,LowVolume5,4,-36.5264,-7.8001,39.94,5,20.00,false
1.49,LowVolume5,5,-22.6571,-5.2423,37.61,4,25.00,false
1.49,OldGuard4,0,90.1332,8.8457,22.81,9,55.56,true
1.49,OldGuard4,1,-36.7212,-6.0967,48.62,5,40.00,false
1.49,OldGuard4,2,133.9707,8.2675,16.14,8,62.50,true
1.49,OldGuard4,3,105.5386,16.0863,18.68,6,83.33,true
1.49,OldGuard4,4,-12.5117,-21.6945,12.74,3,33.33,false
1.49,OldGuard4,5,-48.1259,-39.0436,48.13,4,0.00,false
1.50,Base5,0,366.7895,22.2113,0.00,6,100.00,true
1.50,Base5,1,109.1187,8.6235,42.38,6,33.33,true
1.50,Base5,2,202.1057,16.4862,12.77,9,77.78,true
1.50,Base5,3,-38.4104,-2.6751,51.68,9,66.67,false
1.50,Base5,4,-12.8445,-10.1434,16.15,2,50.00,false
1.50,Base5,5,-10.6882,-3.7571,21.67,3,66.67,false
1.50,NoDOGE,0,366.7895,22.2113,0.00,6,100.00,true
1.50,NoDOGE,1,-26.2132,-16.8899,26.21,3,0.00,false
1.50,NoDOGE,2,359.0076,15.0312,12.77,8,75.00,true
1.50,NoDOGE,3,12.0291,3.0516,28.12,8,75.00,true
1.50,NoDOGE,4,-12.8445,-10.1434,16.15,2,50.00,false
1.50,NoDOGE,5,14.0193,201.9757,0.00,2,100.00,false
1.50,Legacy4,0,-3.8348,-0.1475,22.05,6,50.00,false
1.50,Legacy4,1,23.1556,14.9985,5.33,3,66.67,true
1.50,Legacy4,2,160.8252,10.1052,26.15,8,50.00,true
1.50,Legacy4,3,17.0898,3.9022,28.12,7,71.43,true
1.50,Legacy4,4,-12.6162,-8.0372,16.15,3,66.67,false
1.50,Legacy4,5,5.1782,5.2797,7.75,3,66.67,true
1.50,Legacy5BNB,0,-3.8787,-0.1481,22.05,7,42.86,false
1.50,Legacy5BNB,1,3.7837,3.1493,13.08,3,33.33,true
1.50,Legacy5BNB,2,160.8252,10.1052,26.15,8,50.00,true
1.50,Legacy5BNB,3,-16.6225,0.2911,46.94,8,62.50,false
1.50,Legacy5BNB,4,5.1353,34.8588,0.00,2,100.00,false
1.50,Legacy5BNB,5,-20.7159,-4.7243,24.62,4,50.00,false
1.50,OldGuardNoBNB,0,55.1926,6.7145,22.81,9,55.56,true
1.50,OldGuardNoBNB,1,-58.5449,-22.2673,58.54,5,0.00,false
1.50,OldGuardNoBNB,2,160.8252,10.1052,26.15,8,50.00,true
1.50,OldGuardNoBNB,3,17.0898,3.9022,28.12,7,71.43,true
1.50,OldGuardNoBNB,4,-12.6162,-8.0372,16.15,3,66.67,false
1.50,OldGuardNoBNB,5,-12.5369,-5.2852,23.29,4,50.00,false
1.50,LargeCaps5,0,366.5763,18.8174,0.05,7,85.71,true
1.50,LargeCaps5,1,-26.2132,-16.8899,26.21,3,0.00,false
1.50,LargeCaps5,2,359.0076,15.0312,12.77,8,75.00,true
1.50,LargeCaps5,3,-32.5141,-2.3677,46.94,8,62.50,false
1.50,LargeCaps5,4,5.1353,34.8588,0.00,2,100.00,false
1.50,LargeCaps5,5,14.0193,201.9757,0.00,2,100.00,false
1.50,Legacy3,0,-11.4268,-0.4345,31.76,8,37.50,false
1.50,Legacy3,1,13.2106,5.2648,17.58,5,60.00,true
1.50,Legacy3,2,133.4732,8.9831,16.14,7,57.14,true
1.50,Legacy3,3,105.5386,16.0863,18.68,6,83.33,true
1.50,Legacy3,4,-20.5415,-12.6104,20.75,3,33.33,false
1.50,Legacy3,5,-37.6191,-37.6805,37.62,3,0.00,false
1.50,LowVolume5,0,-10.4318,0.9314,54.08,11,27.27,false
1.50,LowVolume5,1,-43.9659,-6.5127,53.07,7,42.86,false
1.50,LowVolume5,2,174.2936,7.8083,16.38,10,70.00,true
1.50,LowVolume5,3,127.1236,8.4689,56.89,8,62.50,true
1.50,LowVolume5,4,-36.5264,-7.8001,39.94,5,20.00,false
1.50,LowVolume5,5,-22.6571,-5.2423,37.61,4,25.00,false
1.50,OldGuard4,0,90.1332,8.8457,22.81,9,55.56,true
1.50,OldGuard4,1,-36.7212,-6.0967,48.62,5,40.00,false
1.50,OldGuard4,2,133.9707,8.2675,16.14,8,62.50,true
1.50,OldGuard4,3,105.5386,16.0863,18.68,6,83.33,true
1.50,OldGuard4,4,-12.5117,-21.6945,12.74,3,33.33,false
1.50,OldGuard4,5,-48.1259,-39.0436,48.13,4,0.00,false
1.51,Base5,0,366.7895,22.2113,0.00,6,100.00,true
1.51,Base5,1,109.1187,8.6235,42.38,6,33.33,true
1.51,Base5,2,202.1057,16.4862,12.77,9,77.78,true
1.51,Base5,3,-41.1330,-3.3457,51.68,8,62.50,false
1.51,Base5,4,-12.8445,-10.1434,16.15,2,50.00,false
1.51,Base5,5,-10.6882,-3.7571,21.67,3,66.67,false
1.51,NoDOGE,0,366.7895,22.2113,0.00,6,100.00,true
1.51,NoDOGE,1,-26.2132,-16.8899,26.21,3,0.00,false
1.51,NoDOGE,2,359.0076,15.0312,12.77,8,75.00,true
1.51,NoDOGE,3,12.0291,3.0516,28.12,8,75.00,true
1.51,NoDOGE,4,-12.8445,-10.1434,16.15,2,50.00,false
1.51,NoDOGE,5,14.0193,201.9757,0.00,2,100.00,false
1.51,Legacy4,0,-3.8348,-0.1475,22.05,6,50.00,false
1.51,Legacy4,1,23.1556,14.9985,5.33,3,66.67,true
1.51,Legacy4,2,160.8252,10.1052,26.15,8,50.00,true
1.51,Legacy4,3,17.0898,3.9022,28.12,7,71.43,true
1.51,Legacy4,4,-12.6162,-8.0372,16.15,3,66.67,false
1.51,Legacy4,5,5.1782,5.2797,7.75,3,66.67,true
1.51,Legacy5BNB,0,-3.8787,-0.1481,22.05,7,42.86,false
1.51,Legacy5BNB,1,3.7837,3.1493,13.08,3,33.33,true
1.51,Legacy5BNB,2,160.8252,10.1052,26.15,8,50.00,true
1.51,Legacy5BNB,3,-16.6225,0.2911,46.94,8,62.50,false
1.51,Legacy5BNB,4,5.1353,34.8588,0.00,2,100.00,false
1.51,Legacy5BNB,5,-20.7159,-4.7243,24.62,4,50.00,false
1.51,OldGuardNoBNB,0,55.1926,6.7145,22.81,9,55.56,true
1.51,OldGuardNoBNB,1,-58.5449,-22.2673,58.54,5,0.00,false
1.51,OldGuardNoBNB,2,160.8252,10.1052,26.15,8,50.00,true
1.51,OldGuardNoBNB,3,17.0898,3.9022,28.12,7,71.43,true
1.51,OldGuardNoBNB,4,-12.6162,-8.0372,16.15,3,66.67,false
1.51,OldGuardNoBNB,5,-12.5369,-5.2852,23.29,4,50.00,false
1.51,LargeCaps5,0,366.5763,18.8174,0.05,7,85.71,true
1.51,LargeCaps5,1,-26.2132,-16.8899,26.21,3,0.00,false
1.51,LargeCaps5,2,359.0076,15.0312,12.77,8,75.00,true
1.51,LargeCaps5,3,-32.5141,-2.3677,46.94,8,62.50,false
1.51,LargeCaps5,4,5.1353,34.8588,0.00,2,100.00,false
1.51,LargeCaps5,5,14.0193,201.9757,0.00,2,100.00,false
1.51,Legacy3,0,-11.4268,-0.4345,31.76,8,37.50,false
1.51,Legacy3,1,13.2106,5.2648,17.58,5,60.00,true
1.51,Legacy3,2,133.4732,8.9831,16.14,7,57.14,true
1.51,Legacy3,3,105.5386,16.0863,18.68,6,83.33,true
1.51,Legacy3,4,-20.5415,-12.6104,20.75,3,33.33,false
1.51,Legacy3,5,-37.6191,-37.6805,37.62,3,0.00,false
1.51,LowVolume5,0,-10.4318,0.9314,54.08,11,27.27,false
1.51,LowVolume5,1,-43.9659,-6.5127,53.07,7,42.86,false
1.51,LowVolume5,2,174.2936,7.8083,16.38,10,70.00,true
1.51,LowVolume5,3,127.1236,8.4689,56.89,8,62.50,true
1.51,LowVolume5,4,-36.5264,-7.8001,39.94,5,20.00,false
1.51,LowVolume5,5,-22.6571,-5.2423,37.61,4,25.00,false
1.51,OldGuard4,0,90.1332,8.8457,22.81,9,55.56,true
1.51,OldGuard4,1,-36.7212,-6.0967,48.62,5,40.00,false
1.51,OldGuard4,2,133.9707,8.2675,16.14,8,62.50,true
1.51,OldGuard4,3,105.5386,16.0863,18.68,6,83.33,true
1.51,OldGuard4,4,-12.5117,-21.6945,12.74,3,33.33,false
1.51,OldGuard4,5,-48.1259,-39.0436,48.13,4,0.00,false
1.52,Base5,0,366.7895,22.2113,0.00,6,100.00,true
1.52,Base5,1,149.0540,10.0540,31.37,5,40.00,true
1.52,Base5,2,202.1057,16.4862,12.77,9,77.78,true
1.52,Base5,3,-41.1330,-3.3457,51.68,8,62.50,false
1.52,Base5,4,-12.8445,-10.1434,16.15,2,50.00,false
1.52,Base5,5,-10.6882,-3.7571,21.67,3,66.67,false
1.52,NoDOGE,0,366.7895,22.2113,0.00,6,100.00,true
1.52,NoDOGE,1,-12.1222,-334.5951,12.12,2,0.00,false
1.52,NoDOGE,2,359.0076,15.0312,12.77,8,75.00,true
1.52,NoDOGE,3,12.0291,3.0516,28.12,8,75.00,true
1.52,NoDOGE,4,-12.8445,-10.1434,16.15,2,50.00,false
1.52,NoDOGE,5,14.0193,201.9757,0.00,2,100.00,false
1.52,Legacy4,0,-3.8348,-0.1475,22.05,6,50.00,false
1.52,Legacy4,1,-4.2587,-3.1795,12.12,3,33.33,false
1.52,Legacy4,2,160.8252,10.1052,26.15,8,50.00,true
1.52,Legacy4,3,17.0898,3.9022,28.12,7,71.43,true
1.52,Legacy4,4,-12.6162,-8.0372,16.15,3,66.67,false
1.52,Legacy4,5,5.1782,5.2797,7.75,3,66.67,true
1.52,Legacy5BNB,0,-3.8787,-0.1481,22.05,7,42.86,false
1.52,Legacy5BNB,1,-19.3185,-103.6541,19.32,3,0.00,false
1.52,Legacy5BNB,2,160.8252,10.1052,26.15,8,50.00,true
1.52,Legacy5BNB,3,-16.6225,0.2911,46.94,8,62.50,false
1.52,Legacy5BNB,4,5.1353,34.8588,0.00,2,100.00,false
1.52,Legacy5BNB,5,-20.7159,-4.7243,24.62,4,50.00,false
1.52,OldGuardNoBNB,0,55.1926,6.7145,22.81,9,55.56,true
1.52,OldGuardNoBNB,1,-58.5449,-22.2673,58.54,5,0.00,false
1.52,OldGuardNoBNB,2,160.8252,10.1052,26.15,8,50.00,true
1.52,OldGuardNoBNB,3,17.0898,3.9022,28.12,7,71.43,true
1.52,OldGuardNoBNB,4,-12.6162,-8.0372,16.15,3,66.67,false
1.52,OldGuardNoBNB,5,-12.5369,-5.2852,23.29,4,50.00,false
1.52,LargeCaps5,0,366.5763,18.8174,0.05,7,85.71,true
1.52,LargeCaps5,1,-12.1222,-334.5951,12.12,2,0.00,false
1.52,LargeCaps5,2,359.0076,15.0312,12.77,8,75.00,true
1.52,LargeCaps5,3,-32.5141,-2.3677,46.94,8,62.50,false
1.52,LargeCaps5,4,5.1353,34.8588,0.00,2,100.00,false
1.52,LargeCaps5,5,14.0193,201.9757,0.00,2,100.00,false
1.52,Legacy3,0,-11.4268,-0.4345,31.76,8,37.50,false
1.52,Legacy3,1,-5.1860,-1.9225,17.58,4,50.00,false
1.52,Legacy3,2,133.4732,8.9831,16.14,7,57.14,true
1.52,Legacy3,3,105.5386,16.0863,18.68,6,83.33,true
1.52,Legacy3,4,-20.5415,-12.6104,20.75,3,33.33,false
1.52,Legacy3,5,-37.6191,-37.6805,37.62,3,0.00,false
1.52,LowVolume5,0,-10.4318,0.9314,54.08,11,27.27,false
1.52,LowVolume5,1,-53.0714,-12.2981,53.07,6,33.33,false
1.52,LowVolume5,2,174.2936,7.8083,16.38,10,70.00,true
1.52,LowVolume5,3,127.1236,8.4689,56.89,8,62.50,true
1.52,LowVolume5,4,-36.5264,-7.8001,39.94,5,20.00,false
1.52,LowVolume5,5,-22.6571,-5.2423,37.61,4,25.00,false
1.52,OldGuard4,0,90.1332,8.8457,22.81,9,55.56,true
1.52,OldGuard4,1,-47.0039,-13.8787,48.62,4,25.00,false
1.52,OldGuard4,2,133.9707,8.2675,16.14,8,62.50,true
1.52,OldGuard4,3,105.5386,16.0863,18.68,6,83.33,true
1.52,OldGuard4,4,-12.5117,-21.6945,12.74,3,33.33,false
1.52,OldGuard4,5,-48.1259,-39.0436,48.13,4,0.00,false
1.53,Base5,0,282.5946,21.8210,0.00,5,100.00,true
1.53,Base5,1,149.0540,10.0540,31.37,5,40.00,true
1.53,Base5,2,202.1057,16.4862,12.77,9,77.78,true
1.53,Base5,3,-41.1330,-3.3457,51.68,8,62.50,false
1.53,Base5,4,-12.8445,-10.1434,16.15,2,50.00,false
1.53,Base5,5,-10.6882,-3.7571,21.67,3,66.67,false
1.53,NoDOGE,0,282.5946,21.8210,0.00,5,100.00,true
1.53,NoDOGE,1,-12.1222,-334.5951,12.12,2,0.00,false
1.53,NoDOGE,2,359.0076,15.0312,12.77,8,75.00,true
1.53,NoDOGE,3,12.0291,3.0516,28.12,8,75.00,true
1.53,NoDOGE,4,-12.8445,-10.1434,16.15,2,50.00,false
1.53,NoDOGE,5,14.0193,201.9757,0.00,2,100.00,false
1.53,Legacy4,0,-3.8348,-0.1475,22.05,6,50.00,false
1.53,Legacy4,1,-19.3185,-103.6541,19.32,3,0.00,false
1.53,Legacy4,2,160.8252,10.1052,26.15,8,50.00,true
1.53,Legacy4,3,17.0898,3.9022,28.12,7,71.43,true
1.53,Legacy4,4,-12.6162,-8.0372,16.15,3,66.67,false
1.53,Legacy4,5,5.1782,5.2797,7.75,3,66.67,true
1.53,Legacy5BNB,0,-3.8787,-0.1481,22.05,7,42.86,false
1.53,Legacy5BNB,1,-19.3185,-103.6541,19.32,3,0.00,false
1.53,Legacy5BNB,2,160.8252,10.1052,26.15,8,50.00,true
1.53,Legacy5BNB,3,-16.6225,0.2911,46.94,8,62.50,false
1.53,Legacy5BNB,4,5.1353,34.8588,0.00,2,100.00,false
1.53,Legacy5BNB,5,-20.7159,-4.7243,24.62,4,50.00,false
1.53,OldGuardNoBNB,0,55.1926,6.7145,22.81,9,55.56,true
1.53,OldGuardNoBNB,1,-58.5449,-22.2673,58.54,5,0.00,false
1.53,OldGuardNoBNB,2,160.8252,10.1052,26.15,8,50.00,true
1.53,OldGuardNoBNB,3,17.0898,3.9022,28.12,7,71.43,true
1.53,OldGuardNoBNB,4,-12.6162,-8.0372,16.15,3,66.67,false
1.53,OldGuardNoBNB,5,-12.5369,-5.2852,23.29,4,50.00,false
1.53,LargeCaps5,0,282.4198,18.0444,0.05,6,83.33,true
1.53,LargeCaps5,1,-12.1222,-334.5951,12.12,2,0.00,false
1.53,LargeCaps5,2,359.0076,15.0312,12.77,8,75.00,true
1.53,LargeCaps5,3,-32.5141,-2.3677,46.94,8,62.50,false
1.53,LargeCaps5,4,5.1353,34.8588,0.00,2,100.00,false
1.53,LargeCaps5,5,14.0193,201.9757,0.00,2,100.00,false
1.53,Legacy3,0,-11.4268,-0.4345,31.76,8,37.50,false
1.53,Legacy3,1,-20.0999,-13.3756,20.10,4,25.00,false
1.53,Legacy3,2,133.4732,8.9831,16.14,7,57.14,true
1.53,Legacy3,3,105.5386,16.0863,18.68,6,83.33,true
1.53,Legacy3,4,-18.0103,-16.1336,18.22,2,50.00,false
1.53,Legacy3,5,-37.6191,-37.6805,37.62,3,0.00,false
1.53,LowVolume5,0,-10.4318,0.9314,54.08,11,27.27,false
1.53,LowVolume5,1,-60.4531,-18.6406,60.45,6,16.67,false
1.53,LowVolume5,2,174.2936,7.8083,16.38,10,70.00,true
1.53,LowVolume5,3,127.1236,8.4689,56.89,8,62.50,true
1.53,LowVolume5,4,-34.5043,-8.5610,38.03,4,25.00,false
1.53,LowVolume5,5,-22.6571,-5.2423,37.61,4,25.00,false
1.53,OldGuard4,0,90.1332,8.8457,22.81,9,55.56,true
1.53,OldGuard4,1,-55.3400,-25.2999,55.34,4,0.00,false
1.53,OldGuard4,2,133.9707,8.2675,16.14,8,62.50,true
1.53,OldGuard4,3,105.5386,16.0863,18.68,6,83.33,true
1.53,OldGuard4,4,-9.7246,-21.9184,9.96,2,50.00,false
1.53,OldGuard4,5,-48.1259,-39.0436,48.13,4,0.00,false
1.54,Base5,0,282.5946,21.8210,0.00,5,100.00,true
1.54,Base5,1,149.0540,10.0540,31.37,5,40.00,true
1.54,Base5,2,202.1057,16.4862,12.77,9,77.78,true
1.54,Base5,3,-41.1330,-3.3457,51.68,8,62.50,false
1.54,Base5,4,-12.8445,-10.1434,16.15,2,50.00,false
1.54,Base5,5,-10.6882,-3.7571,21.67,3,66.67,false
1.54,NoDOGE,0,282.5946,21.8210,0.00,5,100.00,true
1.54,NoDOGE,1,-12.1222,-334.5951,12.12,2,0.00,false
1.54,NoDOGE,2,359.0076,15.0312,12.77,8,75.00,true
1.54,NoDOGE,3,12.0291,3.0516,28.12,8,75.00,true
1.54,NoDOGE,4,-12.8445,-10.1434,16.15,2,50.00,false
1.54,NoDOGE,5,14.0193,201.9757,0.00,2,100.00,false
1.54,Legacy4,0,-3.8348,-0.1475,22.05,6,50.00,false
1.54,Legacy4,1,-19.3185,-103.6541,19.32,3,0.00,false
1.54,Legacy4,2,160.8252,10.1052,26.15,8,50.00,true
1.54,Legacy4,3,17.0898,3.9022,28.12,7,71.43,true
1.54,Legacy4,4,-12.6162,-8.0372,16.15,3,66.67,false
1.54,Legacy4,5,5.1782,5.2797,7.75,3,66.67,true
1.54,Legacy5BNB,0,-3.8787,-0.1481,22.05,7,42.86,false
1.54,Legacy5BNB,1,-19.3185,-103.6541,19.32,3,0.00,false
1.54,Legacy5BNB,2,160.8252,10.1052,26.15,8,50.00,true
1.54,Legacy5BNB,3,-16.6225,0.2911,46.94,8,62.50,false
1.54,Legacy5BNB,4,5.1353,34.8588,0.00,2,100.00,false
1.54,Legacy5BNB,5,-20.7159,-4.7243,24.62,4,50.00,false
1.54,OldGuardNoBNB,0,55.1926,6.7145,22.81,9,55.56,true
1.54,OldGuardNoBNB,1,-58.5449,-22.2673,58.54,5,0.00,false
1.54,OldGuardNoBNB,2,160.8252,10.1052,26.15,8,50.00,true
1.54,OldGuardNoBNB,3,17.0898,3.9022,28.12,7,71.43,true
1.54,OldGuardNoBNB,4,-12.6162,-8.0372,16.15,3,66.67,false
1.54,OldGuardNoBNB,5,-12.5369,-5.2852,23.29,4,50.00,false
1.54,LargeCaps5,0,282.4198,18.0444,0.05,6,83.33,true
1.54,LargeCaps5,1,-12.1222,-334.5951,12.12,2,0.00,false
1.54,LargeCaps5,2,359.0076,15.0312,12.77,8,75.00,true
1.54,LargeCaps5,3,-32.5141,-2.3677,46.94,8,62.50,false
1.54,LargeCaps5,4,5.1353,34.8588,0.00,2,100.00,false
1.54,LargeCaps5,5,14.0193,201.9757,0.00,2,100.00,false
1.54,Legacy3,0,-11.4268,-0.4345,31.76,8,37.50,false
1.54,Legacy3,1,-20.0999,-13.3756,20.10,4,25.00,false
1.54,Legacy3,2,133.4732,8.9831,16.14,7,57.14,true
1.54,Legacy3,3,105.5386,16.0863,18.68,6,83.33,true
1.54,Legacy3,4,-18.0103,-16.1336,18.22,2,50.00,false
1.54,Legacy3,5,-37.6191,-37.6805,37.62,3,0.00,false
1.54,LowVolume5,0,-10.4318,0.9314,54.08,11,27.27,false
1.54,LowVolume5,1,-60.4531,-18.6406,60.45,6,16.67,false
1.54,LowVolume5,2,174.2936,7.8083,16.38,10,70.00,true
1.54,LowVolume5,3,127.1236,8.4689,56.89,8,62.50,true
1.54,LowVolume5,4,-34.5043,-8.5610,38.03,4,25.00,false
1.54,LowVolume5,5,-22.6571,-5.2423,37.61,4,25.00,false
1.54,OldGuard4,0,90.1332,8.8457,22.81,9,55.56,true
1.54,OldGuard4,1,-55.3400,-25.2999,55.34,4,0.00,false
1.54,OldGuard4,2,133.9707,8.2675,16.14,8,62.50,true
1.54,OldGuard4,3,105.5386,16.0863,18.68,6,83.33,true
1.54,OldGuard4,4,-9.7246,-21.9184,9.96,2,50.00,false
1.54,OldGuard4,5,-48.1259,-39.0436,48.13,4,0.00,false
1.55,Base5,0,142.0165,17.5596,0.00,4,100.00,true
1.55,Base5,1,149.0540,10.0540,31.37,5,40.00,true
1.55,Base5,2,202.1057,16.4862,12.77,9,77.78,true
1.55,Base5,3,11.3854,2.9717,28.12,8,75.00,true
1.55,Base5,4,-12.8445,-10.1434,16.15,2,50.00,false
1.55,Base5,5,-10.6882,-3.7571,21.67,3,66.67,false
1.55,NoDOGE,0,142.0165,17.5596,0.00,4,100.00,true
1.55,NoDOGE,1,-12.1222,-334.5951,12.12,2,0.00,false
1.55,NoDOGE,2,359.0076,15.0312,12.77,8,75.00,true
1.55,NoDOGE,3,12.0291,3.0516,28.12,8,75.00,true
1.55,NoDOGE,4,-12.8445,-10.1434,16.15,2,50.00,false
1.55,NoDOGE,5,14.0193,201.9757,0.00,2,100.00,false
1.55,Legacy4,0,-3.8348,-0.1475,22.05,6,50.00,false
1.55,Legacy4,1,-19.3185,-103.6541,19.32,3,0.00,false
1.55,Legacy4,2,160.8252,10.1052,26.15,8,50.00,true
1.55,Legacy4,3,17.0898,3.9022,28.12,7,71.43,true
1.55,Legacy4,4,-12.6162,-8.0372,16.15,3,66.67,false
1.55,Legacy4,5,5.1782,5.2797,7.75,3,66.67,true
1.55,Legacy5BNB,0,-3.8787,-0.1481,22.05,7,42.86,false
1.55,Legacy5BNB,1,-19.3185,-103.6541,19.32,3,0.00,false
1.55,Legacy5BNB,2,160.8252,10.1052,26.15,8,50.00,true
1.55,Legacy5BNB,3,-16.6225,0.2911,46.94,8,62.50,false
1.55,Legacy5BNB,4,5.1353,34.8588,0.00,2,100.00,false
1.55,Legacy5BNB,5,-20.7159,-4.7243,24.62,4,50.00,false
1.55,OldGuardNoBNB,0,55.1926,6.7145,22.81,9,55.56,true
1.55,OldGuardNoBNB,1,-58.5449,-22.2673,58.54,5,0.00,false
1.55,OldGuardNoBNB,2,160.8252,10.1052,26.15,8,50.00,true
1.55,OldGuardNoBNB,3,17.0898,3.9022,28.12,7,71.43,true
1.55,OldGuardNoBNB,4,-12.6162,-8.0372,16.15,3,66.67,false
1.55,OldGuardNoBNB,5,-12.5369,-5.2852,23.29,4,50.00,false
1.55,LargeCaps5,0,141.9059,14.5171,0.05,5,80.00,true
1.55,LargeCaps5,1,-12.1222,-334.5951,12.12,2,0.00,false
1.55,LargeCaps5,2,359.0076,15.0312,12.77,8,75.00,true
1.55,LargeCaps5,3,-32.5141,-2.3677,46.94,8,62.50,false
1.55,LargeCaps5,4,5.1353,34.8588,0.00,2,100.00,false
1.55,LargeCaps5,5,14.0193,201.9757,0.00,2,100.00,false
1.55,Legacy3,0,-11.4268,-0.4345,31.76,8,37.50,false
1.55,Legacy3,1,-20.0999,-13.3756,20.10,4,25.00,false
1.55,Legacy3,2,133.4732,8.9831,16.14,7,57.14,true
1.55,Legacy3,3,105.5386,16.0863,18.68,6,83.33,true
1.55,Legacy3,4,-18.0103,-16.1336,18.22,2,50.00,false
1.55,Legacy3,5,-37.6191,-37.6805,37.62,3,0.00,false
1.55,LowVolume5,0,-10.4318,0.9314,54.08,11,27.27,false
1.55,LowVolume5,1,-60.4531,-18.6406,60.45,6,16.67,false
1.55,LowVolume5,2,174.2936,7.8083,16.38,10,70.00,true
1.55,LowVolume5,3,127.1236,8.4689,56.89,8,62.50,true
1.55,LowVolume5,4,-34.5043,-8.5610,38.03,4,25.00,false
1.55,LowVolume5,5,-22.6571,-5.2423,37.61,4,25.00,false
1.55,OldGuard4,0,90.1332,8.8457,22.81,9,55.56,true
1.55,OldGuard4,1,-55.3400,-25.2999,55.34,4,0.00,false
1.55,OldGuard4,2,133.9707,8.2675,16.14,8,62.50,true
1.55,OldGuard4,3,105.5386,16.0863,18.68,6,83.33,true
1.55,OldGuard4,4,-9.7246,-21.9184,9.96,2,50.00,false
1.55,OldGuard4,5,-48.1259,-39.0436,48.13,4,0.00,false
1.56,Base5,0,142.0165,17.5596,0.00,4,100.00,true
1.56,Base5,1,149.0540,10.0540,31.37,5,40.00,true
1.56,Base5,2,202.1057,16.4862,12.77,9,77.78,true
1.56,Base5,3,11.3854,2.9717,28.12,8,75.00,true
1.56,Base5,4,-12.8445,-10.1434,16.15,2,50.00,false
1.56,Base5,5,-10.6882,-3.7571,21.67,3,66.67,false
1.56,NoDOGE,0,142.0165,17.5596,0.00,4,100.00,true
1.56,NoDOGE,1,-12.1222,-334.5951,12.12,2,0.00,false
1.56,NoDOGE,2,359.0076,15.0312,12.77,8,75.00,true
1.56,NoDOGE,3,12.0291,3.0516,28.12,8,75.00,true
1.56,NoDOGE,4,-12.8445,-10.1434,16.15,2,50.00,false
1.56,NoDOGE,5,14.0193,201.9757,0.00,2,100.00,false
1.56,Legacy4,0,-3.8348,-0.1475,22.05,6,50.00,false
1.56,Legacy4,1,-19.3185,-103.6541,19.32,3,0.00,false
1.56,Legacy4,2,160.8252,10.1052,26.15,8,50.00,true
1.56,Legacy4,3,17.0898,3.9022,28.12,7,71.43,true
1.56,Legacy4,4,-12.6162,-8.0372,16.15,3,66.67,false
1.56,Legacy4,5,5.1782,5.2797,7.75,3,66.67,true
1.56,Legacy5BNB,0,-3.8787,-0.1481,22.05,7,42.86,false
1.56,Legacy5BNB,1,-19.3185,-103.6541,19.32,3,0.00,false
1.56,Legacy5BNB,2,160.8252,10.1052,26.15,8,50.00,true
1.56,Legacy5BNB,3,-16.6225,0.2911,46.94,8,62.50,false
1.56,Legacy5BNB,4,5.1353,34.8588,0.00,2,100.00,false
1.56,Legacy5BNB,5,-20.7159,-4.7243,24.62,4,50.00,false
1.56,OldGuardNoBNB,0,3.2814,1.7401,22.81,8,50.00,true
1.56,OldGuardNoBNB,1,-58.5449,-22.2673,58.54,5,0.00,false
1.56,OldGuardNoBNB,2,160.8252,10.1052,26.15,8,50.00,true
1.56,OldGuardNoBNB,3,17.0898,3.9022,28.12,7,71.43,true
1.56,OldGuardNoBNB,4,-12.6162,-8.0372,16.15,3,66.67,false
1.56,OldGuardNoBNB,5,-12.5369,-5.2852,23.29,4,50.00,false
1.56,LargeCaps5,0,141.9059,14.5171,0.05,5,80.00,true
1.56,LargeCaps5,1,-12.1222,-334.5951,12.12,2,0.00,false
1.56,LargeCaps5,2,359.0076,15.0312,12.77,8,75.00,true
1.56,LargeCaps5,3,-32.5141,-2.3677,46.94,8,62.50,false
1.56,LargeCaps5,4,5.1353,34.8588,0.00,2,100.00,false
1.56,LargeCaps5,5,14.0193,201.9757,0.00,2,100.00,false
1.56,Legacy3,0,-11.4268,-0.4345,31.76,8,37.50,false
1.56,Legacy3,1,-20.0999,-13.3756,20.10,4,25.00,false
1.56,Legacy3,2,133.4732,8.9831,16.14,7,57.14,true
1.56,Legacy3,3,105.5386,16.0863,18.68,6,83.33,true
1.56,Legacy3,4,-18.0103,-16.1336,18.22,2,50.00,false
1.56,Legacy3,5,-37.6191,-37.6805,37.62,3,0.00,false
1.56,LowVolume5,0,-51.4094,-6.5694,62.56,11,18.18,false
1.56,LowVolume5,1,-60.4531,-18.6406,60.45,6,16.67,false
1.56,LowVolume5,2,174.2936,7.8083,16.38,10,70.00,true
1.56,LowVolume5,3,127.1236,8.4689,56.89,8,62.50,true
1.56,LowVolume5,4,-34.5043,-8.5610,38.03,4,25.00,false
1.56,LowVolume5,5,-22.6571,-5.2423,37.61,4,25.00,false
1.56,OldGuard4,0,26.5346,5.2014,22.81,8,50.00,true
1.56,OldGuard4,1,-55.3400,-25.2999,55.34,4,0.00,false
1.56,OldGuard4,2,133.9707,8.2675,16.14,8,62.50,true
1.56,OldGuard4,3,105.5386,16.0863,18.68,6,83.33,true
1.56,OldGuard4,4,-9.7246,-21.9184,9.96,2,50.00,false
1.56,OldGuard4,5,-48.1259,-39.0436,48.13,4,0.00,false
1.57,Base5,0,142.0165,17.5596,0.00,4,100.00,true
1.57,Base5,1,149.0540,10.0540,31.37,5,40.00,true
1.57,Base5,2,202.1057,16.4862,12.77,9,77.78,true
1.57,Base5,3,11.3854,2.9717,28.12,8,75.00,true
1.57,Base5,4,-12.8445,-10.1434,16.15,2,50.00,false
1.57,Base5,5,-10.6882,-3.7571,21.67,3,66.67,false
1.57,NoDOGE,0,142.0165,17.5596,0.00,4,100.00,true
1.57,NoDOGE,1,-12.1222,-334.5951,12.12,2,0.00,false
1.57,NoDOGE,2,359.0076,15.0312,12.77,8,75.00,true
1.57,NoDOGE,3,12.0291,3.0516,28.12,8,75.00,true
1.57,NoDOGE,4,-12.8445,-10.1434,16.15,2,50.00,false
1.57,NoDOGE,5,14.0193,201.9757,0.00,2,100.00,false
1.57,Legacy4,0,-3.8348,-0.1475,22.05,6,50.00,false
1.57,Legacy4,1,-19.3185,-103.6541,19.32,3,0.00,false
1.57,Legacy4,2,160.8252,10.1052,26.15,8,50.00,true
1.57,Legacy4,3,17.0898,3.9022,28.12,7,71.43,true
1.57,Legacy4,4,-12.6162,-8.0372,16.15,3,66.67,false
1.57,Legacy4,5,5.1782,5.2797,7.75,3,66.67,true
1.57,Legacy5BNB,0,-3.8787,-0.1481,22.05,7,42.86,false
1.57,Legacy5BNB,1,-19.3185,-103.6541,19.32,3,0.00,false
1.57,Legacy5BNB,2,160.8252,10.1052,26.15,8,50.00,true
1.57,Legacy5BNB,3,-16.6225,0.2911,46.94,8,62.50,false
1.57,Legacy5BNB,4,5.1353,34.8588,0.00,2,100.00,false
1.57,Legacy5BNB,5,-20.7159,-4.7243,24.62,4,50.00,false
1.57,OldGuardNoBNB,0,3.2814,1.7401,22.81,8,50.00,true
1.57,OldGuardNoBNB,1,-58.5449,-22.2673,58.54,5,0.00,false
1.57,OldGuardNoBNB,2,160.8252,10.1052,26.15,8,50.00,true
1.57,OldGuardNoBNB,3,17.0898,3.9022,28.12,7,71.43,true
1.57,OldGuardNoBNB,4,-12.6162,-8.0372,16.15,3,66.67,false
1.57,OldGuardNoBNB,5,-12.5369,-5.2852,23.29,4,50.00,false
1.57,LargeCaps5,0,141.9059,14.5171,0.05,5,80.00,true
1.57,LargeCaps5,1,-12.1222,-334.5951,12.12,2,0.00,false
1.57,LargeCaps5,2,359.0076,15.0312,12.77,8,75.00,true
1.57,LargeCaps5,3,-32.5141,-2.3677,46.94,8,62.50,false
1.57,LargeCaps5,4,5.1353,34.8588,0.00,2,100.00,false
1.57,LargeCaps5,5,14.0193,201.9757,0.00,2,100.00,false
1.57,Legacy3,0,-11.4268,-0.4345,31.76,8,37.50,false
1.57,Legacy3,1,-20.0999,-13.3756,20.10,4,25.00,false
1.57,Legacy3,2,133.4732,8.9831,16.14,7,57.14,true
1.57,Legacy3,3,105.5386,16.0863,18.68,6,83.33,true
1.57,Legacy3,4,-18.0103,-16.1336,18.22,2,50.00,false
1.57,Legacy3,5,-37.6191,-37.6805,37.62,3,0.00,false
1.57,LowVolume5,0,-51.4094,-6.5694,62.56,11,18.18,false
1.57,LowVolume5,1,-60.4531,-18.6406,60.45,6,16.67,false
1.57,LowVolume5,2,174.2936,7.8083,16.38,10,70.00,true
1.57,LowVolume5,3,127.1236,8.4689,56.89,8,62.50,true
1.57,LowVolume5,4,-34.5043,-8.5610,38.03,4,25.00,false
1.57,LowVolume5,5,-22.6571,-5.2423,37.61,4,25.00,false
1.57,OldGuard4,0,26.5346,5.2014,22.81,8,50.00,true
1.57,OldGuard4,1,-55.3400,-25.2999,55.34,4,0.00,false
1.57,OldGuard4,2,133.9707,8.2675,16.14,8,62.50,true
1.57,OldGuard4,3,105.5386,16.0863,18.68,6,83.33,true
1.57,OldGuard4,4,-9.7246,-21.9184,9.96,2,50.00,false
1.57,OldGuard4,5,-48.1259,-39.0436,48.13,4,0.00,false
1.58,Base5,0,142.0165,17.5596,0.00,4,100.00,true
1.58,Base5,1,149.0540,10.0540,31.37,5,40.00,true
1.58,Base5,2,202.1057,16.4862,12.77,9,77.78,true
1.58,Base5,3,11.3854,2.9717,28.12,8,75.00,true
1.58,Base5,4,-12.8445,-10.1434,16.15,2,50.00,false
1.58,Base5,5,-10.6882,-3.7571,21.67,3,66.67,false
1.58,NoDOGE,0,142.0165,17.5596,0.00,4,100.00,true
1.58,NoDOGE,1,-12.1222,-334.5951,12.12,2,0.00,false
1.58,NoDOGE,2,359.0076,15.0312,12.77,8,75.00,true
1.58,NoDOGE,3,12.0291,3.0516,28.12,8,75.00,true
1.58,NoDOGE,4,-12.8445,-10.1434,16.15,2,50.00,false
1.58,NoDOGE,5,14.0193,201.9757,0.00,2,100.00,false
1.58,Legacy4,0,-3.8348,-0.1475,22.05,6,50.00,false
1.58,Legacy4,1,-19.3185,-103.6541,19.32,3,0.00,false
1.58,Legacy4,2,160.8252,10.1052,26.15,8,50.00,true
1.58,Legacy4,3,-8.7759,0.1149,28.12,6,66.67,false
1.58,Legacy4,4,-12.6162,-8.0372,16.15,3,66.67,false
1.58,Legacy4,5,5.1782,5.2797,7.75,3,66.67,true
1.58,Legacy5BNB,0,-3.8787,-0.1481,22.05,7,42.86,false
1.58,Legacy5BNB,1,-19.3185,-103.6541,19.32,3,0.00,false
1.58,Legacy5BNB,2,160.8252,10.1052,26.15,8,50.00,true
1.58,Legacy5BNB,3,-35.0410,-3.0302,46.94,7,57.14,false
1.58,Legacy5BNB,4,5.1353,34.8588,0.00,2,100.00,false
1.58,Legacy5BNB,5,-20.7159,-4.7243,24.62,4,50.00,false
1.58,OldGuardNoBNB,0,3.2814,1.7401,22.81,8,50.00,true
1.58,OldGuardNoBNB,1,-58.5449,-22.2673,58.54,5,0.00,false
1.58,OldGuardNoBNB,2,160.8252,10.1052,26.15,8,50.00,true
1.58,OldGuardNoBNB,3,-8.7759,0.1149,28.12,6,66.67,false
1.58,OldGuardNoBNB,4,-12.6162,-8.0372,16.15,3,66.67,false
1.58,OldGuardNoBNB,5,-12.5369,-5.2852,23.29,4,50.00,false
1.58,LargeCaps5,0,141.9059,14.5171,0.05,5,80.00,true
1.58,LargeCaps5,1,-12.1222,-334.5951,12.12,2,0.00,false
1.58,LargeCaps5,2,359.0076,15.0312,12.77,8,75.00,true
1.58,LargeCaps5,3,-32.5141,-2.3677,46.94,8,62.50,false
1.58,LargeCaps5,4,5.1353,34.8588,0.00,2,100.00,false
1.58,LargeCaps5,5,14.0193,201.9757,0.00,2,100.00,false
1.58,Legacy3,0,-11.4268,-0.4345,31.76,8,37.50,false
1.58,Legacy3,1,-20.0999,-13.3756,20.10,4,25.00,false
1.58,Legacy3,2,133.4732,8.9831,16.14,7,57.14,true
1.58,Legacy3,3,105.5386,16.0863,18.68,6,83.33,true
1.58,Legacy3,4,-18.0103,-16.1336,18.22,2,50.00,false
1.58,Legacy3,5,-37.6191,-37.6805,37.62,3,0.00,false
1.58,LowVolume5,0,-51.4094,-6.5694,62.56,11,18.18,false
1.58,LowVolume5,1,-60.4531,-18.6406,60.45,6,16.67,false
1.58,LowVolume5,2,174.2936,7.8083,16.38,10,70.00,true
1.58,LowVolume5,3,127.1236,8.4689,56.89,8,62.50,true
1.58,LowVolume5,4,-34.5043,-8.5610,38.03,4,25.00,false
1.58,LowVolume5,5,-25.8771,-7.3867,37.61,4,25.00,false
1.58,OldGuard4,0,26.5346,5.2014,22.81,8,50.00,true
1.58,OldGuard4,1,-55.3400,-25.2999,55.34,4,0.00,false
1.58,OldGuard4,2,133.9707,8.2675,16.14,8,62.50,true
1.58,OldGuard4,3,105.5386,16.0863,18.68,6,83.33,true
1.58,OldGuard4,4,-9.7246,-21.9184,9.96,2,50.00,false
1.58,OldGuard4,5,-48.1259,-39.0436,48.13,4,0.00,false
1.59,Base5,0,142.0165,17.5596,0.00,4,100.00,true
1.59,Base5,1,149.0540,10.0540,31.37,5,40.00,true
1.59,Base5,2,202.1057,16.4862,12.77,9,77.78,true
1.59,Base5,3,11.3854,2.9717,28.12,8,75.00,true
1.59,Base5,4,-16.1481,0.0000,16.15,1,0.00,false
1.59,Base5,5,-10.6882,-3.7571,21.67,3,66.67,false
1.59,NoDOGE,0,142.0165,17.5596,0.00,4,100.00,true
1.59,NoDOGE,1,-12.1222,-334.5951,12.12,2,0.00,false
1.59,NoDOGE,2,359.0076,15.0312,12.77,8,75.00,true
1.59,NoDOGE,3,12.0291,3.0516,28.12,8,75.00,true
1.59,NoDOGE,4,-16.1481,0.0000,16.15,1,0.00,false
1.59,NoDOGE,5,14.0193,201.9757,0.00,2,100.00,false
1.59,Legacy4,0,-3.8348,-0.1475,22.05,6,50.00,false
1.59,Legacy4,1,-19.3185,-103.6541,19.32,3,0.00,false
1.59,Legacy4,2,160.8252,10.1052,26.15,8,50.00,true
1.59,Legacy4,3,-8.7759,0.1149,28.12,6,66.67,false
1.59,Legacy4,4,-15.9284,-18.4949,16.15,2,50.00,false
1.59,Legacy4,5,5.1782,5.2797,7.75,3,66.67,true
1.59,Legacy5BNB,0,-3.8787,-0.1481,22.05,7,42.86,false
1.59,Legacy5BNB,1,-19.3185,-103.6541,19.32,3,0.00,false
1.59,Legacy5BNB,2,160.8252,10.1052,26.15,8,50.00,true
1.59,Legacy5BNB,3,-35.0410,-3.0302,46.94,7,57.14,false
1.59,Legacy5BNB,4,1.1502,168893930667733216.0000,0.00,1,100.00,false
1.59,Legacy5BNB,5,-20.7159,-4.7243,24.62,4,50.00,false
1.59,OldGuardNoBNB,0,3.2814,1.7401,22.81,8,50.00,true
1.59,OldGuardNoBNB,1,-58.5449,-22.2673,58.54,5,0.00,false
1.59,OldGuardNoBNB,2,160.8252,10.1052,26.15,8,50.00,true
1.59,OldGuardNoBNB,3,-8.7759,0.1149,28.12,6,66.67,false
1.59,OldGuardNoBNB,4,-15.9284,-18.4949,16.15,2,50.00,false
1.59,OldGuardNoBNB,5,-12.5369,-5.2852,23.29,4,50.00,false
1.59,LargeCaps5,0,141.9059,14.5171,0.05,5,80.00,true
1.59,LargeCaps5,1,-12.1222,-334.5951,12.12,2,0.00,false
1.59,LargeCaps5,2,359.0076,15.0312,12.77,8,75.00,true
1.59,LargeCaps5,3,-32.5141,-2.3677,46.94,8,62.50,false
1.59,LargeCaps5,4,1.1502,168893930667733216.0000,0.00,1,100.00,false
1.59,LargeCaps5,5,14.0193,201.9757,0.00,2,100.00,false
1.59,Legacy3,0,-11.4268,-0.4345,31.76,8,37.50,false
1.59,Legacy3,1,-20.0999,-13.3756,20.10,4,25.00,false
1.59,Legacy3,2,133.4732,8.9831,16.14,7,57.14,true
1.59,Legacy3,3,105.5386,16.0863,18.68,6,83.33,true
1.59,Legacy3,4,-18.0103,-16.1336,18.22,2,50.00,false
1.59,Legacy3,5,-37.6191,-37.6805,37.62,3,0.00,false
1.59,LowVolume5,0,-51.4094,-6.5694,62.56,11,18.18,false
1.59,LowVolume5,1,-60.4531,-18.6406,60.45,6,16.67,false
1.59,LowVolume5,2,174.2936,7.8083,16.38,10,70.00,true
1.59,LowVolume5,3,127.1236,8.4689,56.89,8,62.50,true
1.59,LowVolume5,4,-34.5043,-8.5610,38.03,4,25.00,false
1.59,LowVolume5,5,-25.8771,-7.3867,37.61,4,25.00,false
1.59,OldGuard4,0,26.5346,5.2014,22.81,8,50.00,true
1.59,OldGuard4,1,-55.3400,-25.2999,55.34,4,0.00,false
1.59,OldGuard4,2,133.9707,8.2675,16.14,8,62.50,true
1.59,OldGuard4,3,105.5386,16.0863,18.68,6,83.33,true
1.59,OldGuard4,4,-9.7246,-21.9184,9.96,2,50.00,false
1.59,OldGuard4,5,-48.1259,-39.0436,48.13,4,0.00,false
1.60,Base5,0,142.0165,17.5596,0.00,4,100.00,true
1.60,Base5,1,149.0540,10.0540,31.37,5,40.00,true
1.60,Base5,2,74.1730,12.2841,12.77,9,77.78,true
1.60,Base5,3,11.3854,2.9717,28.12,8,75.00,true
1.60,Base5,4,-16.1481,0.0000,16.15,1,0.00,false
1.60,Base5,5,-10.6882,-3.7571,21.67,3,66.67,false
1.60,NoDOGE,0,142.0165,17.5596,0.00,4,100.00,true
1.60,NoDOGE,1,-12.1222,-334.5951,12.12,2,0.00,false
1.60,NoDOGE,2,122.6110,8.7826,12.77,8,75.00,true
1.60,NoDOGE,3,12.0291,3.0516,28.12,8,75.00,true
1.60,NoDOGE,4,-16.1481,0.0000,16.15,1,0.00,false
1.60,NoDOGE,5,14.0193,201.9757,0.00,2,100.00,false
1.60,Legacy4,0,-3.8348,-0.1475,22.05,6,50.00,false
1.60,Legacy4,1,-19.3185,-103.6541,19.32,3,0.00,false
1.60,Legacy4,2,160.8252,10.1052,26.15,8,50.00,true
1.60,Legacy4,3,-8.7759,0.1149,28.12,6,66.67,false
1.60,Legacy4,4,-15.9284,-18.4949,16.15,2,50.00,false
1.60,Legacy4,5,5.1782,5.2797,7.75,3,66.67,true
1.60,Legacy5BNB,0,-3.8787,-0.1481,22.05,7,42.86,false
1.60,Legacy5BNB,1,-19.3185,-103.6541,19.32,3,0.00,false
1.60,Legacy5BNB,2,160.8252,10.1052,26.15,8,50.00,true
1.60,Legacy5BNB,3,-35.0410,-3.0302,46.94,7,57.14,false
1.60,Legacy5BNB,4,1.1502,168893930667733216.0000,0.00,1,100.00,false
1.60,Legacy5BNB,5,-20.7159,-4.7243,24.62,4,50.00,false
1.60,OldGuardNoBNB,0,3.2814,1.7401,22.81,8,50.00,true
1.60,OldGuardNoBNB,1,-58.5449,-22.2673,58.54,5,0.00,false
1.60,OldGuardNoBNB,2,160.8252,10.1052,26.15,8,50.00,true
1.60,OldGuardNoBNB,3,-8.7759,0.1149,28.12,6,66.67,false
1.60,OldGuardNoBNB,4,-15.9284,-18.4949,16.15,2,50.00,false
1.60,OldGuardNoBNB,5,-12.5369,-5.2852,23.29,4,50.00,false
1.60,LargeCaps5,0,141.9059,14.5171,0.05,5,80.00,true
1.60,LargeCaps5,1,-12.1222,-334.5951,12.12,2,0.00,false
1.60,LargeCaps5,2,122.6110,8.7826,12.77,8,75.00,true
1.60,LargeCaps5,3,-32.5141,-2.3677,46.94,8,62.50,false
1.60,LargeCaps5,4,1.1502,168893930667733216.0000,0.00,1,100.00,false
1.60,LargeCaps5,5,14.0193,201.9757,0.00,2,100.00,false
1.60,Legacy3,0,-11.4268,-0.4345,31.76,8,37.50,false
1.60,Legacy3,1,-20.0999,-13.3756,20.10,4,25.00,false
1.60,Legacy3,2,112.3360,9.1117,16.14,7,57.14,true
1.60,Legacy3,3,105.5386,16.0863,18.68,6,83.33,true
1.60,Legacy3,4,-18.0103,-16.1336,18.22,2,50.00,false
1.60,Legacy3,5,-37.6191,-37.6805,37.62,3,0.00,false
1.60,LowVolume5,0,-51.4094,-6.5694,62.56,11,18.18,false
1.60,LowVolume5,1,-60.4531,-18.6406,60.45,6,16.67,false
1.60,LowVolume5,2,149.4608,7.7038,16.38,10,70.00,true
1.60,LowVolume5,3,127.1236,8.4689,56.89,8,62.50,true
1.60,LowVolume5,4,-34.5043,-8.5610,38.03,4,25.00,false
1.60,LowVolume5,5,-25.8771,-7.3867,37.61,4,25.00,false
1.60,OldGuard4,0,26.5346,5.2014,22.81,8,50.00,true
1.60,OldGuard4,1,-55.3400,-25.2999,55.34,4,0.00,false
1.60,OldGuard4,2,112.7885,8.3856,16.14,8,62.50,true
1.60,OldGuard4,3,105.5386,16.0863,18.68,6,83.33,true
1.60,OldGuard4,4,-9.7246,-21.9184,9.96,2,50.00,false
1.60,OldGuard4,5,-48.1259,-39.0436,48.13,4,0.00,false
1.61,Base5,0,142.0165,17.5596,0.00,4,100.00,true
1.61,Base5,1,149.0540,10.0540,31.37,5,40.00,true
1.61,Base5,2,74.1730,12.2841,12.77,9,77.78,true
1.61,Base5,3,6.8791,2.5847,28.12,7,71.43,true
1.61,Base5,4,-16.1481,0.0000,16.15,1,0.00,false
1.61,Base5,5,-10.6882,-3.7571,21.67,3,66.67,false
1.61,NoDOGE,0,142.0165,17.5596,0.00,4,100.00,true
1.61,NoDOGE,1,-12.1222,-334.5951,12.12,2,0.00,false
1.61,NoDOGE,2,122.6110,8.7826,12.77,8,75.00,true
1.61,NoDOGE,3,7.4968,2.6726,28.12,7,71.43,true
1.61,NoDOGE,4,-16.1481,0.0000,16.15,1,0.00,false
1.61,NoDOGE,5,14.0193,201.9757,0.00,2,100.00,false
1.61,Legacy4,0,-3.8348,-0.1475,22.05,6,50.00,false
1.61,Legacy4,1,-19.3185,-103.6541,19.32,3,0.00,false
1.61,Legacy4,2,160.8252,10.1052,26.15,8,50.00,true
1.61,Legacy4,3,-11.1705,-0.3653,28.12,5,60.00,false
1.61,Legacy4,4,-15.9284,-18.4949,16.15,2,50.00,false
1.61,Legacy4,5,5.1782,5.2797,7.75,3,66.67,true
1.61,Legacy5BNB,0,-3.8787,-0.1481,22.05,7,42.86,false
1.61,Legacy5BNB,1,-19.3185,-103.6541,19.32,3,0.00,false
1.61,Legacy5BNB,2,160.8252,10.1052,26.15,8,50.00,true
1.61,Legacy5BNB,3,-36.7462,-3.6809,46.94,6,50.00,false
1.61,Legacy5BNB,4,1.1502,168893930667733216.0000,0.00,1,100.00,false
1.61,Legacy5BNB,5,-20.7159,-4.7243,24.62,4,50.00,false
1.61,OldGuardNoBNB,0,3.2814,1.7401,22.81,8,50.00,true
1.61,OldGuardNoBNB,1,-58.5449,-22.2673,58.54,5,0.00,false
1.61,OldGuardNoBNB,2,160.8252,10.1052,26.15,8,50.00,true
1.61,OldGuardNoBNB,3,-11.1705,-0.3653,28.12,5,60.00,false
1.61,OldGuardNoBNB,4,-15.9284,-18.4949,16.15,2,50.00,false
1.61,OldGuardNoBNB,5,-12.5369,-5.2852,23.29,4,50.00,false
1.61,LargeCaps5,0,141.9059,14.5171,0.05,5,80.00,true
1.61,LargeCaps5,1,-12.1222,-334.5951,12.12,2,0.00,false
1.61,LargeCaps5,2,122.6110,8.7826,12.77,8,75.00,true
1.61,LargeCaps5,3,-35.2444,-3.0700,46.94,7,57.14,false
1.61,LargeCaps5,4,1.1502,168893930667733216.0000,0.00,1,100.00,false
1.61,LargeCaps5,5,14.0193,201.9757,0.00,2,100.00,false
1.61,Legacy3,0,-11.4268,-0.4345,31.76,8,37.50,false
1.61,Legacy3,1,-20.0999,-13.3756,20.10,4,25.00,false
1.61,Legacy3,2,112.3360,9.1117,16.14,7,57.14,true
1.61,Legacy3,3,105.5386,16.0863,18.68,6,83.33,true
1.61,Legacy3,4,-18.0103,-16.1336,18.22,2,50.00,false
1.61,Legacy3,5,-37.6191,-37.6805,37.62,3,0.00,false
1.61,LowVolume5,0,-51.4094,-6.5694,62.56,11,18.18,false
1.61,LowVolume5,1,-60.4531,-18.6406,60.45,6,16.67,false
1.61,LowVolume5,2,149.4608,7.7038,16.38,10,70.00,true
1.61,LowVolume5,3,127.1236,8.4689,56.89,8,62.50,true
1.61,LowVolume5,4,-34.5043,-8.5610,38.03,4,25.00,false
1.61,LowVolume5,5,-48.1259,-39.0436,48.13,4,0.00,false
1.61,OldGuard4,0,26.5346,5.2014,22.81,8,50.00,true
1.61,OldGuard4,1,-55.3400,-25.2999,55.34,4,0.00,false
1.61,OldGuard4,2,112.7885,8.3856,16.14,8,62.50,true
1.61,OldGuard4,3,105.5386,16.0863,18.68,6,83.33,true
1.61,OldGuard4,4,-9.7246,-21.9184,9.96,2,50.00,false
1.61,OldGuard4,5,-48.1259,-39.0436,48.13,4,0.00,false
1.62,Base5,0,142.0165,17.5596,0.00,4,100.00,true
1.62,Base5,1,149.0540,10.0540,31.37,5,40.00,true
1.62,Base5,2,74.1730,12.2841,12.77,9,77.78,true
1.62,Base5,3,6.8791,2.5847,28.12,7,71.43,true
1.62,Base5,4,-16.1481,0.0000,16.15,1,0.00,false
1.62,Base5,5,-10.6882,-3.7571,21.67,3,66.67,false
1.62,NoDOGE,0,142.0165,17.5596,0.00,4,100.00,true
1.62,NoDOGE,1,-12.1222,-334.5951,12.12,2,0.00,false
1.62,NoDOGE,2,122.6110,8.7826,12.77,8,75.00,true
1.62,NoDOGE,3,7.4968,2.6726,28.12,7,71.43,true
1.62,NoDOGE,4,-16.1481,0.0000,16.15,1,0.00,false
1.62,NoDOGE,5,14.0193,201.9757,0.00,2,100.00,false
1.62,Legacy4,0,-3.8348,-0.1475,22.05,6,50.00,false
1.62,Legacy4,1,-19.3185,-103.6541,19.32,3,0.00,false
1.62,Legacy4,2,160.8252,10.1052,26.15,8,50.00,true
1.62,Legacy4,3,-11.1705,-0.3653,28.12,5,60.00,false
1.62,Legacy4,4,-15.9284,-18.4949,16.15,2,50.00,false
1.62,Legacy4,5,5.1782,5.2797,7.75,3,66.67,true
1.62,Legacy5BNB,0,-3.8787,-0.1481,22.05,7,42.86,false
1.62,Legacy5BNB,1,-19.3185,-103.6541,19.32,3,0.00,false
1.62,Legacy5BNB,2,160.8252,10.1052,26.15,8,50.00,true
1.62,Legacy5BNB,3,-36.7462,-3.6809,46.94,6,50.00,false
1.62,Legacy5BNB,4,1.1502,168893930667733216.0000,0.00,1,100.00,false
1.62,Legacy5BNB,5,-20.7159,-4.7243,24.62,4,50.00,false
1.62,OldGuardNoBNB,0,3.2814,1.7401,22.81,8,50.00,true
1.62,OldGuardNoBNB,1,-58.5449,-22.2673,58.54,5,0.00,false
1.62,OldGuardNoBNB,2,160.8252,10.1052,26.15,8,50.00,true
1.62,OldGuardNoBNB,3,-11.1705,-0.3653,28.12,5,60.00,false
1.62,OldGuardNoBNB,4,-15.9284,-18.4949,16.15,2,50.00,false
1.62,OldGuardNoBNB,5,-12.5369,-5.2852,23.29,4,50.00,false
1.62,LargeCaps5,0,141.9059,14.5171,0.05,5,80.00,true
1.62,LargeCaps5,1,-12.1222,-334.5951,12.12,2,0.00,false
1.62,LargeCaps5,2,122.6110,8.7826,12.77,8,75.00,true
1.62,LargeCaps5,3,-35.2444,-3.0700,46.94,7,57.14,false
1.62,LargeCaps5,4,1.1502,168893930667733216.0000,0.00,1,100.00,false
1.62,LargeCaps5,5,14.0193,201.9757,0.00,2,100.00,false
1.62,Legacy3,0,-11.4268,-0.4345,31.76,8,37.50,false
1.62,Legacy3,1,-20.0999,-13.3756,20.10,4,25.00,false
1.62,Legacy3,2,112.3360,9.1117,16.14,7,57.14,true
1.62,Legacy3,3,105.5386,16.0863,18.68,6,83.33,true
1.62,Legacy3,4,-18.0103,-16.1336,18.22,2,50.00,false
1.62,Legacy3,5,-37.6191,-37.6805,37.62,3,0.00,false
1.62,LowVolume5,0,-51.4094,-6.5694,62.56,11,18.18,false
1.62,LowVolume5,1,-60.4531,-18.6406,60.45,6,16.67,false
1.62,LowVolume5,2,149.4608,7.7038,16.38,10,70.00,true
1.62,LowVolume5,3,127.1236,8.4689,56.89,8,62.50,true
1.62,LowVolume5,4,-34.5043,-8.5610,38.03,4,25.00,false
1.62,LowVolume5,5,-48.1259,-39.0436,48.13,4,0.00,false
1.62,OldGuard4,0,26.5346,5.2014,22.81,8,50.00,true
1.62,OldGuard4,1,-55.3400,-25.2999,55.34,4,0.00,false
1.62,OldGuard4,2,112.7885,8.3856,16.14,8,62.50,true
1.62,OldGuard4,3,105.5386,16.0863,18.68,6,83.33,true
1.62,OldGuard4,4,-9.7246,-21.9184,9.96,2,50.00,false
1.62,OldGuard4,5,-48.1259,-39.0436,48.13,4,0.00,false
1.63,Base5,0,142.0165,17.5596,0.00,4,100.00,true
1.63,Base5,1,149.0540,10.0540,31.37,5,40.00,true
1.63,Base5,2,74.1730,12.2841,12.77,9,77.78,true
1.63,Base5,3,6.8791,2.5847,28.12,7,71.43,true
1.63,Base5,4,-16.1481,0.0000,16.15,1,0.00,false
1.63,Base5,5,-10.6882,-3.7571,21.67,3,66.67,false
1.63,NoDOGE,0,142.0165,17.5596,0.00,4,100.00,true
1.63,NoDOGE,1,-12.1222,-334.5951,12.12,2,0.00,false
1.63,NoDOGE,2,122.6110,8.7826,12.77,8,75.00,true
1.63,NoDOGE,3,7.4968,2.6726,28.12,7,71.43,true
1.63,NoDOGE,4,-16.1481,0.0000,16.15,1,0.00,false
1.63,NoDOGE,5,14.0193,201.9757,0.00,2,100.00,false
1.63,Legacy4,0,-3.8348,-0.1475,22.05,6,50.00,false
1.63,Legacy4,1,-19.3185,-103.6541,19.32,3,0.00,false
1.63,Legacy4,2,160.8252,10.1052,26.15,8,50.00,true
1.63,Legacy4,3,-11.1705,-0.3653,28.12,5,60.00,false
1.63,Legacy4,4,-15.9284,-18.4949,16.15,2,50.00,false
1.63,Legacy4,5,5.1782,5.2797,7.75,3,66.67,true
1.63,Legacy5BNB,0,-3.8787,-0.1481,22.05,7,42.86,false
1.63,Legacy5BNB,1,-19.3185,-103.6541,19.32,3,0.00,false
1.63,Legacy5BNB,2,160.8252,10.1052,26.15,8,50.00,true
1.63,Legacy5BNB,3,-36.7462,-3.6809,46.94,6,50.00,false
1.63,Legacy5BNB,4,1.1502,168893930667733216.0000,0.00,1,100.00,false
1.63,Legacy5BNB,5,-20.7159,-4.7243,24.62,4,50.00,false
1.63,OldGuardNoBNB,0,3.2814,1.7401,22.81,8,50.00,true
1.63,OldGuardNoBNB,1,-58.5449,-22.2673,58.54,5,0.00,false
1.63,OldGuardNoBNB,2,160.8252,10.1052,26.15,8,50.00,true
1.63,OldGuardNoBNB,3,-11.1705,-0.3653,28.12,5,60.00,false
1.63,OldGuardNoBNB,4,-15.9284,-18.4949,16.15,2,50.00,false
1.63,OldGuardNoBNB,5,-12.5369,-5.2852,23.29,4,50.00,false
1.63,LargeCaps5,0,141.9059,14.5171,0.05,5,80.00,true
1.63,LargeCaps5,1,-12.1222,-334.5951,12.12,2,0.00,false
1.63,LargeCaps5,2,122.6110,8.7826,12.77,8,75.00,true
1.63,LargeCaps5,3,-35.2444,-3.0700,46.94,7,57.14,false
1.63,LargeCaps5,4,1.1502,168893930667733216.0000,0.00,1,100.00,false
1.63,LargeCaps5,5,14.0193,201.9757,0.00,2,100.00,false
1.63,Legacy3,0,-11.4268,-0.4345,31.76,8,37.50,false
1.63,Legacy3,1,-20.0999,-13.3756,20.10,4,25.00,false
1.63,Legacy3,2,103.7798,8.7391,19.52,7,57.14,true
1.63,Legacy3,3,105.5386,16.0863,18.68,6,83.33,true
1.63,Legacy3,4,-18.0103,-16.1336,18.22,2,50.00,false
1.63,Legacy3,5,-37.6191,-37.6805,37.62,3,0.00,false
1.63,LowVolume5,0,-51.4094,-6.5694,62.56,11,18.18,false
1.63,LowVolume5,1,-60.4531,-18.6406,60.45,6,16.67,false
1.63,LowVolume5,2,139.4087,7.4526,16.38,10,70.00,true
1.63,LowVolume5,3,127.1236,8.4689,56.89,8,62.50,true
1.63,LowVolume5,4,-34.5043,-8.5610,38.03,4,25.00,false
1.63,LowVolume5,5,-48.1259,-39.0436,48.13,4,0.00,false
1.63,OldGuard4,0,26.5346,5.2014,22.81,8,50.00,true
1.63,OldGuard4,1,-55.3400,-25.2999,55.34,4,0.00,false
1.63,OldGuard4,2,104.2141,8.0446,19.52,8,62.50,true
1.63,OldGuard4,3,105.5386,16.0863,18.68,6,83.33,true
1.63,OldGuard4,4,-9.7246,-21.9184,9.96,2,50.00,false
1.63,OldGuard4,5,-48.1259,-39.0436,48.13,4,0.00,false
1.64,Base5,0,142.0165,17.5596,0.00,4,100.00,true
1.64,Base5,1,149.0540,10.0540,31.37,5,40.00,true
1.64,Base5,2,74.1730,12.2841,12.77,9,77.78,true
1.64,Base5,3,6.8791,2.5847,28.12,7,71.43,true
1.64,Base5,4,-16.1481,0.0000,16.15,1,0.00,false
1.64,Base5,5,-10.6882,-3.7571,21.67,3,66.67,false
1.64,NoDOGE,0,142.0165,17.5596,0.00,4,100.00,true
1.64,NoDOGE,1,-12.1222,-334.5951,12.12,2,0.00,false
1.64,NoDOGE,2,122.6110,8.7826,12.77,8,75.00,true
1.64,NoDOGE,3,7.4968,2.6726,28.12,7,71.43,true
1.64,NoDOGE,4,-16.1481,0.0000,16.15,1,0.00,false
1.64,NoDOGE,5,14.0193,201.9757,0.00,2,100.00,false
1.64,Legacy4,0,-3.8348,-0.1475,22.05,6,50.00,false
1.64,Legacy4,1,-19.3185,-103.6541,19.32,3,0.00,false
1.64,Legacy4,2,160.8252,10.1052,26.15,8,50.00,true
1.64,Legacy4,3,-11.1705,-0.3653,28.12,5,60.00,false
1.64,Legacy4,4,-15.9284,-18.4949,16.15,2,50.00,false
1.64,Legacy4,5,5.1782,5.2797,7.75,3,66.67,true
1.64,Legacy5BNB,0,-3.8787,-0.1481,22.05,7,42.86,false
1.64,Legacy5BNB,1,-19.3185,-103.6541,19.32,3,0.00,false
1.64,Legacy5BNB,2,160.8252,10.1052,26.15,8,50.00,true
1.64,Legacy5BNB,3,-36.7462,-3.6809,46.94,6,50.00,false
1.64,Legacy5BNB,4,1.1502,168893930667733216.0000,0.00,1,100.00,false
1.64,Legacy5BNB,5,-20.7159,-4.7243,24.62,4,50.00,false
1.64,OldGuardNoBNB,0,3.2814,1.7401,22.81,8,50.00,true
1.64,OldGuardNoBNB,1,-58.5449,-22.2673,58.54,5,0.00,false
1.64,OldGuardNoBNB,2,160.8252,10.1052,26.15,8,50.00,true
1.64,OldGuardNoBNB,3,-11.1705,-0.3653,28.12,5,60.00,false
1.64,OldGuardNoBNB,4,-15.9284,-18.4949,16.15,2,50.00,false
1.64,OldGuardNoBNB,5,-12.5369,-5.2852,23.29,4,50.00,false
1.64,LargeCaps5,0,141.9059,14.5171,0.05,5,80.00,true
1.64,LargeCaps5,1,-12.1222,-334.5951,12.12,2,0.00,false
1.64,LargeCaps5,2,122.6110,8.7826,12.77,8,75.00,true
1.64,LargeCaps5,3,-35.2444,-3.0700,46.94,7,57.14,false
1.64,LargeCaps5,4,1.1502,168893930667733216.0000,0.00,1,100.00,false
1.64,LargeCaps5,5,14.0193,201.9757,0.00,2,100.00,false
1.64,Legacy3,0,-11.4268,-0.4345,31.76,8,37.50,false
1.64,Legacy3,1,-20.0999,-13.3756,20.10,4,25.00,false
1.64,Legacy3,2,103.7798,8.7391,19.52,7,57.14,true
1.64,Legacy3,3,105.5386,16.0863,18.68,6,83.33,true
1.64,Legacy3,4,-18.0103,-16.1336,18.22,2,50.00,false
1.64,Legacy3,5,-37.6191,-37.6805,37.62,3,0.00,false
1.64,LowVolume5,0,-51.4094,-6.5694,62.56,11,18.18,false
1.64,LowVolume5,1,-60.4531,-18.6406,60.45,6,16.67,false
1.64,LowVolume5,2,139.4087,7.4526,16.38,10,70.00,true
1.64,LowVolume5,3,127.1236,8.4689,56.89,8,62.50,true
1.64,LowVolume5,4,-34.5043,-8.5610,38.03,4,25.00,false
1.64,LowVolume5,5,-48.1259,-39.0436,48.13,4,0.00,false
1.64,OldGuard4,0,26.5346,5.2014,22.81,8,50.00,true
1.64,OldGuard4,1,-55.3400,-25.2999,55.34,4,0.00,false
1.64,OldGuard4,2,104.2141,8.0446,19.52,8,62.50,true
1.64,OldGuard4,3,105.5386,16.0863,18.68,6,83.33,true
1.64,OldGuard4,4,-9.7246,-21.9184,9.96,2,50.00,false
1.64,OldGuard4,5,-48.1259,-39.0436,48.13,4,0.00,false
1.65,Base5,0,142.0165,17.5596,0.00,4,100.00,true
1.65,Base5,1,149.0540,10.0540,31.37,5,40.00,true
1.65,Base5,2,74.1730,12.2841,12.77,9,77.78,true
1.65,Base5,3,6.8791,2.5847,28.12,7,71.43,true
1.65,Base5,4,-16.1481,0.0000,16.15,1,0.00,false
1.65,Base5,5,-10.6882,-3.7571,21.67,3,66.67,false
1.65,NoDOGE,0,142.0165,17.5596,0.00,4,100.00,true
1.65,NoDOGE,1,-12.1222,-334.5951,12.12,2,0.00,false
1.65,NoDOGE,2,122.6110,8.7826,12.77,8,75.00,true
1.65,NoDOGE,3,7.4968,2.6726,28.12,7,71.43,true
1.65,NoDOGE,4,-16.1481,0.0000,16.15,1,0.00,false
1.65,NoDOGE,5,14.0193,201.9757,0.00,2,100.00,false
1.65,Legacy4,0,-3.8348,-0.1475,22.05,6,50.00,false
1.65,Legacy4,1,-19.3185,-103.6541,19.32,3,0.00,false
1.65,Legacy4,2,160.8252,10.1052,26.15,8,50.00,true
1.65,Legacy4,3,-11.1705,-0.3653,28.12,5,60.00,false
1.65,Legacy4,4,-15.9284,-18.4949,16.15,2,50.00,false
1.65,Legacy4,5,5.1782,5.2797,7.75,3,66.67,true
1.65,Legacy5BNB,0,-3.8787,-0.1481,22.05,7,42.86,false
1.65,Legacy5BNB,1,-19.3185,-103.6541,19.32,3,0.00,false
1.65,Legacy5BNB,2,160.8252,10.1052,26.15,8,50.00,true
1.65,Legacy5BNB,3,-36.7462,-3.6809,46.94,6,50.00,false
1.65,Legacy5BNB,4,1.1502,168893930667733216.0000,0.00,1,100.00,false
1.65,Legacy5BNB,5,-20.7159,-4.7243,24.62,4,50.00,false
1.65,OldGuardNoBNB,0,3.2814,1.7401,22.81,8,50.00,true
1.65,OldGuardNoBNB,1,-58.5449,-22.2673,58.54,5,0.00,false
1.65,OldGuardNoBNB,2,160.8252,10.1052,26.15,8,50.00,true
1.65,OldGuardNoBNB,3,-11.1705,-0.3653,28.12,5,60.00,false
1.65,OldGuardNoBNB,4,-15.9284,-18.4949,16.15,2,50.00,false
1.65,OldGuardNoBNB,5,-12.5369,-5.2852,23.29,4,50.00,false
1.65,LargeCaps5,0,141.9059,14.5171,0.05,5,80.00,true
1.65,LargeCaps5,1,-12.1222,-334.5951,12.12,2,0.00,false
1.65,LargeCaps5,2,122.6110,8.7826,12.77,8,75.00,true
1.65,LargeCaps5,3,-35.2444,-3.0700,46.94,7,57.14,false
1.65,LargeCaps5,4,1.1502,168893930667733216.0000,0.00,1,100.00,false
1.65,LargeCaps5,5,14.0193,201.9757,0.00,2,100.00,false
1.65,Legacy3,0,-11.4268,-0.4345,31.76,8,37.50,false
1.65,Legacy3,1,-20.0999,-13.3756,20.10,4,25.00,false
1.65,Legacy3,2,103.7798,8.7391,19.52,7,57.14,true
1.65,Legacy3,3,105.5386,16.0863,18.68,6,83.33,true
1.65,Legacy3,4,-18.0103,-16.1336,18.22,2,50.00,false
1.65,Legacy3,5,-37.6191,-37.6805,37.62,3,0.00,false
1.65,LowVolume5,0,-51.4094,-6.5694,62.56,11,18.18,false
1.65,LowVolume5,1,-60.4531,-18.6406,60.45,6,16.67,false
1.65,LowVolume5,2,139.4087,7.4526,16.38,10,70.00,true
1.65,LowVolume5,3,127.1236,8.4689,56.89,8,62.50,true
1.65,LowVolume5,4,-34.5043,-8.5610,38.03,4,25.00,false
1.65,LowVolume5,5,-48.1259,-39.0436,48.13,4,0.00,false
1.65,OldGuard4,0,26.5346,5.2014,22.81,8,50.00,true
1.65,OldGuard4,1,-55.3400,-25.2999,55.34,4,0.00,false
1.65,OldGuard4,2,104.2141,8.0446,19.52,8,62.50,true
1.65,OldGuard4,3,105.5386,16.0863,18.68,6,83.33,true
1.65,OldGuard4,4,-9.7246,-21.9184,9.96,2,50.00,false
1.65,OldGuard4,5,-48.1259,-39.0436,48.13,4,0.00,false
1.66,Base5,0,142.0165,17.5596,0.00,4,100.00,true
1.66,Base5,1,149.0540,10.0540,31.37,5,40.00,true
1.66,Base5,2,74.1730,12.2841,12.77,9,77.78,true
1.66,Base5,3,6.8791,2.5847,28.12,7,71.43,true
1.66,Base5,4,-16.1481,0.0000,16.15,1,0.00,false
1.66,Base5,5,-10.6882,-3.7571,21.67,3,66.67,false
1.66,NoDOGE,0,142.0165,17.5596,0.00,4,100.00,true
1.66,NoDOGE,1,-12.1222,-334.5951,12.12,2,0.00,false
1.66,NoDOGE,2,122.6110,8.7826,12.77,8,75.00,true
1.66,NoDOGE,3,7.4968,2.6726,28.12,7,71.43,true
1.66,NoDOGE,4,-16.1481,0.0000,16.15,1,0.00,false
1.66,NoDOGE,5,14.0193,201.9757,0.00,2,100.00,false
1.66,Legacy4,0,-3.8348,-0.1475,22.05,6,50.00,false
1.66,Legacy4,1,-19.3185,-103.6541,19.32,3,0.00,false
1.66,Legacy4,2,208.0906,12.6169,12.77,7,71.43,true
1.66,Legacy4,3,-11.1705,-0.3653,28.12,5,60.00,false
1.66,Legacy4,4,-15.9284,-18.4949,16.15,2,50.00,false
1.66,Legacy4,5,5.1782,5.2797,7.75,3,66.67,true
1.66,Legacy5BNB,0,-3.8787,-0.1481,22.05,7,42.86,false
1.66,Legacy5BNB,1,-19.3185,-103.6541,19.32,3,0.00,false
1.66,Legacy5BNB,2,208.0906,12.6169,12.77,7,71.43,true
1.66,Legacy5BNB,3,-36.7462,-3.6809,46.94,6,50.00,false
1.66,Legacy5BNB,4,1.1502,168893930667733216.0000,0.00,1,100.00,false
1.66,Legacy5BNB,5,-20.7159,-4.7243,24.62,4,50.00,false
1.66,OldGuardNoBNB,0,3.2814,1.7401,22.81,8,50.00,true
1.66,OldGuardNoBNB,1,-58.5449,-22.2673,58.54,5,0.00,false
1.66,OldGuardNoBNB,2,208.0906,12.6169,12.77,7,71.43,true
1.66,OldGuardNoBNB,3,-11.1705,-0.3653,28.12,5,60.00,false
1.66,OldGuardNoBNB,4,-15.9284,-18.4949,16.15,2,50.00,false
1.66,OldGuardNoBNB,5,-12.5369,-5.2852,23.29,4,50.00,false
1.66,LargeCaps5,0,141.9059,14.5171,0.05,5,80.00,true
1.66,LargeCaps5,1,-12.1222,-334.5951,12.12,2,0.00,false
1.66,LargeCaps5,2,122.6110,8.7826,12.77,8,75.00,true
1.66,LargeCaps5,3,-35.2444,-3.0700,46.94,7,57.14,false
1.66,LargeCaps5,4,1.1502,168893930667733216.0000,0.00,1,100.00,false
1.66,LargeCaps5,5,14.0193,201.9757,0.00,2,100.00,false
1.66,Legacy3,0,-11.4268,-0.4345,31.76,8,37.50,false
1.66,Legacy3,1,-20.0999,-13.3756,20.10,4,25.00,false
1.66,Legacy3,2,140.7078,11.3832,5.28,6,83.33,true
1.66,Legacy3,3,105.5386,16.0863,18.68,6,83.33,true
1.66,Legacy3,4,-18.0103,-16.1336,18.22,2,50.00,false
1.66,Legacy3,5,-37.6191,-37.6805,37.62,3,0.00,false
1.66,LowVolume5,0,-51.4094,-6.5694,62.56,11,18.18,false
1.66,LowVolume5,1,-60.4531,-18.6406,60.45,6,16.67,false
1.66,LowVolume5,2,160.4072,8.4325,16.38,9,77.78,true
1.66,LowVolume5,3,127.1236,8.4689,56.89,8,62.50,true
1.66,LowVolume5,4,-34.5043,-8.5610,38.03,4,25.00,false
1.66,LowVolume5,5,-48.1259,-39.0436,48.13,4,0.00,false
1.66,OldGuard4,0,26.5346,5.2014,22.81,8,50.00,true
1.66,OldGuard4,1,-55.3400,-25.2999,55.34,4,0.00,false
1.66,OldGuard4,2,141.2207,10.2924,5.28,7,85.71,true
1.66,OldGuard4,3,105.5386,16.0863,18.68,6,83.33,true
1.66,OldGuard4,4,-9.7246,-21.9184,9.96,2,50.00,false
1.66,OldGuard4,5,-48.1259,-39.0436,48.13,4,0.00,false
1.67,Base5,0,142.0165,17.5596,0.00,4,100.00,true
1.67,Base5,1,149.0540,10.0540,31.37,5,40.00,true
1.67,Base5,2,74.1730,12.2841,12.77,9,77.78,true
1.67,Base5,3,6.8791,2.5847,28.12,7,71.43,true
1.67,Base5,4,-16.1481,0.0000,16.15,1,0.00,false
1.67,Base5,5,-10.6882,-3.7571,21.67,3,66.67,false
1.67,NoDOGE,0,142.0165,17.5596,0.00,4,100.00,true
1.67,NoDOGE,1,-12.1222,-334.5951,12.12,2,0.00,false
1.67,NoDOGE,2,122.6110,8.7826,12.77,8,75.00,true
1.67,NoDOGE,3,7.4968,2.6726,28.12,7,71.43,true
1.67,NoDOGE,4,-16.1481,0.0000,16.15,1,0.00,false
1.67,NoDOGE,5,14.0193,201.9757,0.00,2,100.00,false
1.67,Legacy4,0,-3.8348,-0.1475,22.05,6,50.00,false
1.67,Legacy4,1,-19.3185,-103.6541,19.32,3,0.00,false
1.67,Legacy4,2,208.0906,12.6169,12.77,7,71.43,true
1.67,Legacy4,3,-11.1705,-0.3653,28.12,5,60.00,false
1.67,Legacy4,4,-15.9284,-18.4949,16.15,2,50.00,false
1.67,Legacy4,5,5.1782,5.2797,7.75,3,66.67,true
1.67,Legacy5BNB,0,-3.8787,-0.1481,22.05,7,42.86,false
1.67,Legacy5BNB,1,-19.3185,-103.6541,19.32,3,0.00,false
1.67,Legacy5BNB,2,208.0906,12.6169,12.77,7,71.43,true
1.67,Legacy5BNB,3,-36.7462,-3.6809,46.94,6,50.00,false
1.67,Legacy5BNB,4,1.1502,168893930667733216.0000,0.00,1,100.00,false
1.67,Legacy5BNB,5,-20.7159,-4.7243,24.62,4,50.00,false
1.67,OldGuardNoBNB,0,3.2814,1.7401,22.81,8,50.00,true
1.67,OldGuardNoBNB,1,-58.5449,-22.2673,58.54,5,0.00,false
1.67,OldGuardNoBNB,2,208.0906,12.6169,12.77,7,71.43,true
1.67,OldGuardNoBNB,3,-11.1705,-0.3653,28.12,5,60.00,false
1.67,OldGuardNoBNB,4,-15.9284,-18.4949,16.15,2,50.00,false
1.67,OldGuardNoBNB,5,-12.5369,-5.2852,23.29,4,50.00,false
1.67,LargeCaps5,0,141.9059,14.5171,0.05,5,80.00,true
1.67,LargeCaps5,1,-12.1222,-334.5951,12.12,2,0.00,false
1.67,LargeCaps5,2,122.6110,8.7826,12.77,8,75.00,true
1.67,LargeCaps5,3,-35.2444,-3.0700,46.94,7,57.14,false
1.67,LargeCaps5,4,1.1502,168893930667733216.0000,0.00,1,100.00,false
1.67,LargeCaps5,5,14.0193,201.9757,0.00,2,100.00,false
1.67,Legacy3,0,-11.4268,-0.4345,31.76,8,37.50,false
1.67,Legacy3,1,-20.0999,-13.3756,20.10,4,25.00,false
1.67,Legacy3,2,140.7078,11.3832,5.28,6,83.33,true
1.67,Legacy3,3,105.5386,16.0863,18.68,6,83.33,true
1.67,Legacy3,4,-18.0103,-16.1336,18.22,2,50.00,false
1.67,Legacy3,5,-37.6191,-37.6805,37.62,3,0.00,false
1.67,LowVolume5,0,-51.4094,-6.5694,62.56,11,18.18,false
1.67,LowVolume5,1,-60.4531,-18.6406,60.45,6,16.67,false
1.67,LowVolume5,2,160.4072,8.4325,16.38,9,77.78,true
1.67,LowVolume5,3,127.1236,8.4689,56.89,8,62.50,true
1.67,LowVolume5,4,-34.5043,-8.5610,38.03,4,25.00,false
1.67,LowVolume5,5,-48.1259,-39.0436,48.13,4,0.00,false
1.67,OldGuard4,0,26.5346,5.2014,22.81,8,50.00,true
1.67,OldGuard4,1,-55.3400,-25.2999,55.34,4,0.00,false
1.67,OldGuard4,2,141.2207,10.2924,5.28,7,85.71,true
1.67,OldGuard4,3,105.5386,16.0863,18.68,6,83.33,true
1.67,OldGuard4,4,-9.7246,-21.9184,9.96,2,50.00,false
1.67,OldGuard4,5,-48.1259,-39.0436,48.13,4,0.00,false
1.68,Base5,0,142.0165,17.5596,0.00,4,100.00,true
1.68,Base5,1,149.0540,10.0540,31.37,5,40.00,true
1.68,Base5,2,74.1730,12.2841,12.77,9,77.78,true
1.68,Base5,3,6.8791,2.5847,28.12,7,71.43,true
1.68,Base5,4,-16.1481,0.0000,16.15,1,0.00,false
1.68,Base5,5,-10.6882,-3.7571,21.67,3,66.67,false
1.68,NoDOGE,0,142.0165,17.5596,0.00,4,100.00,true
1.68,NoDOGE,1,-12.1222,-334.5951,12.12,2,0.00,false
1.68,NoDOGE,2,122.6110,8.7826,12.77,8,75.00,true
1.68,NoDOGE,3,7.4968,2.6726,28.12,7,71.43,true
1.68,NoDOGE,4,-16.1481,0.0000,16.15,1,0.00,false
1.68,NoDOGE,5,14.0193,201.9757,0.00,2,100.00,false
1.68,Legacy4,0,-3.8348,-0.1475,22.05,6,50.00,false
1.68,Legacy4,1,-19.3185,-103.6541,19.32,3,0.00,false
1.68,Legacy4,2,208.0906,12.6169,12.77,7,71.43,true
1.68,Legacy4,3,-11.1705,-0.3653,28.12,5,60.00,false
1.68,Legacy4,4,-26.5176,-289.0109,26.52,2,0.00,false
1.68,Legacy4,5,5.1782,5.2797,7.75,3,66.67,true
1.68,Legacy5BNB,0,-3.8787,-0.1481,22.05,7,42.86,false
1.68,Legacy5BNB,1,-19.3185,-103.6541,19.32,3,0.00,false
1.68,Legacy5BNB,2,208.0906,12.6169,12.77,7,71.43,true
1.68,Legacy5BNB,3,-43.3512,-4.9224,52.48,6,50.00,false
1.68,Legacy5BNB,4,1.1502,168893930667733216.0000,0.00,1,100.00,false
1.68,Legacy5BNB,5,-20.7159,-4.7243,24.62,4,50.00,false
1.68,OldGuardNoBNB,0,3.2814,1.7401,22.81,8,50.00,true
1.68,OldGuardNoBNB,1,-58.5449,-22.2673,58.54,5,0.00,false
1.68,OldGuardNoBNB,2,208.0906,12.6169,12.77,7,71.43,true
1.68,OldGuardNoBNB,3,-11.1705,-0.3653,28.12,5,60.00,false
1.68,OldGuardNoBNB,4,-26.5176,-289.0109,26.52,2,0.00,false
1.68,OldGuardNoBNB,5,-12.5369,-5.2852,23.29,4,50.00,false
1.68,LargeCaps5,0,141.9059,14.5171,0.05,5,80.00,true
1.68,LargeCaps5,1,-12.1222,-334.5951,12.12,2,0.00,false
1.68,LargeCaps5,2,122.6110,8.7826,12.77,8,75.00,true
1.68,LargeCaps5,3,-42.0062,-4.1905,52.48,7,57.14,false
1.68,LargeCaps5,4,1.1502,168893930667733216.0000,0.00,1,100.00,false
1.68,LargeCaps5,5,14.0193,201.9757,0.00,2,100.00,false
1.68,Legacy3,0,-11.4268,-0.4345,31.76,8,37.50,false
1.68,Legacy3,1,-20.0999,-13.3756,20.10,4,25.00,false
1.68,Legacy3,2,140.7078,11.3832,5.28,6,83.33,true
1.68,Legacy3,3,105.5386,16.0863,18.68,6,83.33,true
1.68,Legacy3,4,-28.3372,-70.9645,28.34,2,0.00,false
1.68,Legacy3,5,-37.6191,-37.6805,37.62,3,0.00,false
1.68,LowVolume5,0,-51.4094,-6.5694,62.56,11,18.18,false
1.68,LowVolume5,1,-60.4531,-18.6406,60.45,6,16.67,false
1.68,LowVolume5,2,160.4072,8.4325,16.38,9,77.78,true
1.68,LowVolume5,3,127.1236,8.4689,56.89,8,62.50,true
1.68,LowVolume5,4,-34.5043,-8.5610,38.03,4,25.00,false
1.68,LowVolume5,5,-48.1259,-39.0436,48.13,4,0.00,false
1.68,OldGuard4,0,26.5346,5.2014,22.81,8,50.00,true
1.68,OldGuard4,1,-55.3400,-25.2999,55.34,4,0.00,false
1.68,OldGuard4,2,141.2207,10.2924,5.28,7,85.71,true
1.68,OldGuard4,3,105.5386,16.0863,18.68,6,83.33,true
1.68,OldGuard4,4,-21.0952,-49.6924,21.10,2,0.00,false
1.68,OldGuard4,5,-48.1259,-39.0436,48.13,4,0.00,false
1.69,Base5,0,142.0165,17.5596,0.00,4,100.00,true
1.69,Base5,1,149.0540,10.0540,31.37,5,40.00,true
1.69,Base5,2,74.1730,12.2841,12.77,9,77.78,true
1.69,Base5,3,6.8791,2.5847,28.12,7,71.43,true
1.69,Base5,4,-16.1481,0.0000,16.15,1,0.00,false
1.69,Base5,5,-10.6882,-3.7571,21.67,3,66.67,false
1.69,NoDOGE,0,142.0165,17.5596,0.00,4,100.00,true
1.69,NoDOGE,1,-12.1222,-334.5951,12.12,2,0.00,false
1.69,NoDOGE,2,122.6110,8.7826,12.77,8,75.00,true
1.69,NoDOGE,3,7.4968,2.6726,28.12,7,71.43,true
1.69,NoDOGE,4,-16.1481,0.0000,16.15,1,0.00,false
1.69,NoDOGE,5,14.0193,201.9757,0.00,2,100.00,false
1.69,Legacy4,0,-3.8348,-0.1475,22.05,6,50.00,false
1.69,Legacy4,1,-19.3185,-103.6541,19.32,3,0.00,false
1.69,Legacy4,2,208.0906,12.6169,12.77,7,71.43,true
1.69,Legacy4,3,-11.1705,-0.3653,28.12,5,60.00,false
1.69,Legacy4,4,-26.5176,-289.0109,26.52,2,0.00,false
1.69,Legacy4,5,5.1782,5.2797,7.75,3,66.67,true
1.69,Legacy5BNB,0,-3.8787,-0.1481,22.05,7,42.86,false
1.69,Legacy5BNB,1,-19.3185,-103.6541,19.32,3,0.00,false
1.69,Legacy5BNB,2,208.0906,12.6169,12.77,7,71.43,true
1.69,Legacy5BNB,3,-43.3512,-4.9224,52.48,6,50.00,false
1.69,Legacy5BNB,4,1.1502,168893930667733216.0000,0.00,1,100.00,false
1.69,Legacy5BNB,5,-20.7159,-4.7243,24.62,4,50.00,false
1.69,OldGuardNoBNB,0,3.2814,1.7401,22.81,8,50.00,true
1.69,OldGuardNoBNB,1,-58.5449,-22.2673,58.54,5,0.00,false
1.69,OldGuardNoBNB,2,208.0906,12.6169,12.77,7,71.43,true
1.69,OldGuardNoBNB,3,-11.1705,-0.3653,28.12,5,60.00,false
1.69,OldGuardNoBNB,4,-26.5176,-289.0109,26.52,2,0.00,false
1.69,OldGuardNoBNB,5,-12.5369,-5.2852,23.29,4,50.00,false
1.69,LargeCaps5,0,141.9059,14.5171,0.05,5,80.00,true
1.69,LargeCaps5,1,-12.1222,-334.5951,12.12,2,0.00,false
1.69,LargeCaps5,2,122.6110,8.7826,12.77,8,75.00,true
1.69,LargeCaps5,3,-42.0062,-4.1905,52.48,7,57.14,false
1.69,LargeCaps5,4,1.1502,168893930667733216.0000,0.00,1,100.00,false
1.69,LargeCaps5,5,14.0193,201.9757,0.00,2,100.00,false
1.69,Legacy3,0,-11.4268,-0.4345,31.76,8,37.50,false
1.69,Legacy3,1,-20.0999,-13.3756,20.10,4,25.00,false
1.69,Legacy3,2,140.7078,11.3832,5.28,6,83.33,true
1.69,Legacy3,3,105.5386,16.0863,18.68,6,83.33,true
1.69,Legacy3,4,-28.3372,-70.9645,28.34,2,0.00,false
1.69,Legacy3,5,-37.6191,-37.6805,37.62,3,0.00,false
1.69,LowVolume5,0,-51.4094,-6.5694,62.56,11,18.18,false
1.69,LowVolume5,1,-60.4531,-18.6406,60.45,6,16.67,false
1.69,LowVolume5,2,160.4072,8.4325,16.38,9,77.78,true
1.69,LowVolume5,3,127.1236,8.4689,56.89,8,62.50,true
1.69,LowVolume5,4,-34.5043,-8.5610,38.03,4,25.00,false
1.69,LowVolume5,5,-48.1259,-39.0436,48.13,4,0.00,false
1.69,OldGuard4,0,26.5346,5.2014,22.81,8,50.00,true
1.69,OldGuard4,1,-55.3400,-25.2999,55.34,4,0.00,false
1.69,OldGuard4,2,141.2207,10.2924,5.28,7,85.71,true
1.69,OldGuard4,3,105.5386,16.0863,18.68,6,83.33,true
1.69,OldGuard4,4,-21.0952,-49.6924,21.10,2,0.00,false
1.69,OldGuard4,5,-48.1259,-39.0436,48.13,4,0.00,false
1.70,Base5,0,142.0165,17.5596,0.00,4,100.00,true
1.70,Base5,1,149.0540,10.0540,31.37,5,40.00,true
1.70,Base5,2,74.1730,12.2841,12.77,9,77.78,true
1.70,Base5,3,6.8791,2.5847,28.12,7,71.43,true
1.70,Base5,4,-16.1481,0.0000,16.15,1,0.00,false
1.70,Base5,5,-10.6882,-3.7571,21.67,3,66.67,false
1.70,NoDOGE,0,142.0165,17.5596,0.00,4,100.00,true
1.70,NoDOGE,1,-12.1222,-334.5951,12.12,2,0.00,false
1.70,NoDOGE,2,122.6110,8.7826,12.77,8,75.00,true
1.70,NoDOGE,3,7.4968,2.6726,28.12,7,71.43,true
1.70,NoDOGE,4,-16.1481,0.0000,16.15,1,0.00,false
1.70,NoDOGE,5,14.0193,201.9757,0.00,2,100.00,false
1.70,Legacy4,0,-3.8348,-0.1475,22.05,6,50.00,false
1.70,Legacy4,1,-19.3185,-103.6541,19.32,3,0.00,false
1.70,Legacy4,2,208.0906,12.6169,12.77,7,71.43,true
1.70,Legacy4,3,-11.1705,-0.3653,28.12,5,60.00,false
1.70,Legacy4,4,-26.5176,-289.0109,26.52,2,0.00,false
1.70,Legacy4,5,5.1782,5.2797,7.75,3,66.67,true
1.70,Legacy5BNB,0,-3.8787,-0.1481,22.05,7,42.86,false
1.70,Legacy5BNB,1,-19.3185,-103.6541,19.32,3,0.00,false
1.70,Legacy5BNB,2,208.0906,12.6169,12.77,7,71.43,true
1.70,Legacy5BNB,3,-43.3512,-4.9224,52.48,6,50.00,false
1.70,Legacy5BNB,4,1.1502,168893930667733216.0000,0.00,1,100.00,false
1.70,Legacy5BNB,5,-20.7159,-4.7243,24.62,4,50.00,false
1.70,OldGuardNoBNB,0,3.2814,1.7401,22.81,8,50.00,true
1.70,OldGuardNoBNB,1,-58.5449,-22.2673,58.54,5,0.00,false
1.70,OldGuardNoBNB,2,208.0906,12.6169,12.77,7,71.43,true
1.70,OldGuardNoBNB,3,-11.1705,-0.3653,28.12,5,60.00,false
1.70,OldGuardNoBNB,4,-26.5176,-289.0109,26.52,2,0.00,false
1.70,OldGuardNoBNB,5,-12.5369,-5.2852,23.29,4,50.00,false
1.70,LargeCaps5,0,141.9059,14.5171,0.05,5,80.00,true
1.70,LargeCaps5,1,-12.1222,-334.5951,12.12,2,0.00,false
1.70,LargeCaps5,2,122.6110,8.7826,12.77,8,75.00,true
1.70,LargeCaps5,3,-42.0062,-4.1905,52.48,7,57.14,false
1.70,LargeCaps5,4,1.1502,168893930667733216.0000,0.00,1,100.00,false
1.70,LargeCaps5,5,14.0193,201.9757,0.00,2,100.00,false
1.70,Legacy3,0,-11.4268,-0.4345,31.76,8,37.50,false
1.70,Legacy3,1,-20.0999,-13.3756,20.10,4,25.00,false
1.70,Legacy3,2,140.7078,11.3832,5.28,6,83.33,true
1.70,Legacy3,3,105.5386,16.0863,18.68,6,83.33,true
1.70,Legacy3,4,-28.3372,-70.9645,28.34,2,0.00,false
1.70,Legacy3,5,-37.6191,-37.6805,37.62,3,0.00,false
1.70,LowVolume5,0,-51.4094,-6.5694,62.56,11,18.18,false
1.70,LowVolume5,1,-60.4531,-18.6406,60.45,6,16.67,false
1.70,LowVolume5,2,160.4072,8.4325,16.38,9,77.78,true
1.70,LowVolume5,3,127.1236,8.4689,56.89,8,62.50,true
1.70,LowVolume5,4,-34.5043,-8.5610,38.03,4,25.00,false
1.70,LowVolume5,5,-48.1259,-39.0436,48.13,4,0.00,false
1.70,OldGuard4,0,26.5346,5.2014,22.81,8,50.00,true
1.70,OldGuard4,1,-55.3400,-25.2999,55.34,4,0.00,false
1.70,OldGuard4,2,141.2207,10.2924,5.28,7,85.71,true
1.70,OldGuard4,3,105.5386,16.0863,18.68,6,83.33,true
1.70,OldGuard4,4,-21.0952,-49.6924,21.10,2,0.00,false
1.70,OldGuard4,5,-48.1259,-39.0436,48.13,4,0.00,false
1.71,Base5,0,142.0165,17.5596,0.00,4,100.00,true
1.71,Base5,1,149.0540,10.0540,31.37,5,40.00,true
1.71,Base5,2,74.1730,12.2841,12.77,9,77.78,true
1.71,Base5,3,6.8791,2.5847,28.12,7,71.43,true
1.71,Base5,4,-16.1481,0.0000,16.15,1,0.00,false
1.71,Base5,5,-10.6882,-3.7571,21.67,3,66.67,false
1.71,NoDOGE,0,142.0165,17.5596,0.00,4,100.00,true
1.71,NoDOGE,1,-12.1222,-334.5951,12.12,2,0.00,false
1.71,NoDOGE,2,122.6110,8.7826,12.77,8,75.00,true
1.71,NoDOGE,3,7.4968,2.6726,28.12,7,71.43,true
1.71,NoDOGE,4,-16.1481,0.0000,16.15,1,0.00,false
1.71,NoDOGE,5,14.0193,201.9757,0.00,2,100.00,false
1.71,Legacy4,0,-3.8348,-0.1475,22.05,6,50.00,false
1.71,Legacy4,1,-19.3185,-103.6541,19.32,3,0.00,false
1.71,Legacy4,2,208.0906,12.6169,12.77,7,71.43,true
1.71,Legacy4,3,-11.1705,-0.3653,28.12,5,60.00,false
1.71,Legacy4,4,-26.5176,-289.0109,26.52,2,0.00,false
1.71,Legacy4,5,5.1782,5.2797,7.75,3,66.67,true
1.71,Legacy5BNB,0,-3.8787,-0.1481,22.05,7,42.86,false
1.71,Legacy5BNB,1,-19.3185,-103.6541,19.32,3,0.00,false
1.71,Legacy5BNB,2,208.0906,12.6169,12.77,7,71.43,true
1.71,Legacy5BNB,3,-43.3512,-4.9224,52.48,6,50.00,false
1.71,Legacy5BNB,4,-16.1481,0.0000,16.15,1,0.00,false
1.71,Legacy5BNB,5,-20.7159,-4.7243,24.62,4,50.00,false
1.71,OldGuardNoBNB,0,3.2814,1.7401,22.81,8,50.00,true
1.71,OldGuardNoBNB,1,-58.5449,-22.2673,58.54,5,0.00,false
1.71,OldGuardNoBNB,2,208.0906,12.6169,12.77,7,71.43,true
1.71,OldGuardNoBNB,3,-11.1705,-0.3653,28.12,5,60.00,false
1.71,OldGuardNoBNB,4,-26.5176,-289.0109,26.52,2,0.00,false
1.71,OldGuardNoBNB,5,-12.5369,-5.2852,23.29,4,50.00,false
1.71,LargeCaps5,0,141.9059,14.5171,0.05,5,80.00,true
1.71,LargeCaps5,1,-12.1222,-334.5951,12.12,2,0.00,false
1.71,LargeCaps5,2,122.6110,8.7826,12.77,8,75.00,true
1.71,LargeCaps5,3,-42.0062,-4.1905,52.48,7,57.14,false
1.71,LargeCaps5,4,-16.1481,0.0000,16.15,1,0.00,false
1.71,LargeCaps5,5,14.0193,201.9757,0.00,2,100.00,false
1.71,Legacy3,0,-11.4268,-0.4345,31.76,8,37.50,false
1.71,Legacy3,1,-20.0999,-13.3756,20.10,4,25.00,false
1.71,Legacy3,2,140.7078,11.3832,5.28,6,83.33,true
1.71,Legacy3,3,105.5386,16.0863,18.68,6,83.33,true
1.71,Legacy3,4,-28.3372,-70.9645,28.34,2,0.00,false
1.71,Legacy3,5,-37.6191,-37.6805,37.62,3,0.00,false
1.71,LowVolume5,0,-51.4094,-6.5694,62.56,11,18.18,false
1.71,LowVolume5,1,-60.4531,-18.6406,60.45,6,16.67,false
1.71,LowVolume5,2,160.4072,8.4325,16.38,9,77.78,true
1.71,LowVolume5,3,127.1236,8.4689,56.89,8,62.50,true
1.71,LowVolume5,4,-34.5043,-8.5610,38.03,4,25.00,false
1.71,LowVolume5,5,-48.1259,-39.0436,48.13,4,0.00,false
1.71,OldGuard4,0,26.5346,5.2014,22.81,8,50.00,true
1.71,OldGuard4,1,-55.3400,-25.2999,55.34,4,0.00,false
1.71,OldGuard4,2,141.2207,10.2924,5.28,7,85.71,true
1.71,OldGuard4,3,105.5386,16.0863,18.68,6,83.33,true
1.71,OldGuard4,4,-21.0952,-49.6924,21.10,2,0.00,false
1.71,OldGuard4,5,-48.1259,-39.0436,48.13,4,0.00,false
1.72,Base5,0,142.0165,17.5596,0.00,4,100.00,true
1.72,Base5,1,149.0540,10.0540,31.37,5,40.00,true
1.72,Base5,2,74.1730,12.2841,12.77,9,77.78,true
1.72,Base5,3,-9.0615,0.0619,28.12,6,66.67,false
1.72,Base5,4,-16.1481,0.0000,16.15,1,0.00,false
1.72,Base5,5,-10.6882,-3.7571,21.67,3,66.67,false
1.72,NoDOGE,0,142.0165,17.5596,0.00,4,100.00,true
1.72,NoDOGE,1,-12.1222,-334.5951,12.12,2,0.00,false
1.72,NoDOGE,2,122.6110,8.7826,12.77,8,75.00,true
1.72,NoDOGE,3,7.4968,2.6726,28.12,7,71.43,true
1.72,NoDOGE,4,-16.1481,0.0000,16.15,1,0.00,false
1.72,NoDOGE,5,14.0193,201.9757,0.00,2,100.00,false
1.72,Legacy4,0,-3.8348,-0.1475,22.05,6,50.00,false
1.72,Legacy4,1,-19.3185,-103.6541,19.32,3,0.00,false
1.72,Legacy4,2,208.0906,12.6169,12.77,7,71.43,true
1.72,Legacy4,3,-11.1705,-0.3653,28.12,5,60.00,false
1.72,Legacy4,4,-26.5176,-289.0109,26.52,2,0.00,false
1.72,Legacy4,5,5.1782,5.2797,7.75,3,66.67,true
1.72,Legacy5BNB,0,-3.8787,-0.1481,22.05,7,42.86,false
1.72,Legacy5BNB,1,-19.3185,-103.6541,19.32,3,0.00,false
1.72,Legacy5BNB,2,208.0906,12.6169,12.77,7,71.43,true
1.72,Legacy5BNB,3,-43.3512,-4.9224,52.48,6,50.00,false
1.72,Legacy5BNB,4,-16.1481,0.0000,16.15,1,0.00,false
1.72,Legacy5BNB,5,-20.7159,-4.7243,24.62,4,50.00,false
1.72,OldGuardNoBNB,0,3.2814,1.7401,22.81,8,50.00,true
1.72,OldGuardNoBNB,1,-58.5449,-22.2673,58.54,5,0.00,false
1.72,OldGuardNoBNB,2,208.0906,12.6169,12.77,7,71.43,true
1.72,OldGuardNoBNB,3,-11.1705,-0.3653,28.12,5,60.00,false
1.72,OldGuardNoBNB,4,-26.5176,-289.0109,26.52,2,0.00,false
1.72,OldGuardNoBNB,5,-12.5369,-5.2852,23.29,4,50.00,false
1.72,LargeCaps5,0,141.9059,14.5171,0.05,5,80.00,true
1.72,LargeCaps5,1,-12.1222,-334.5951,12.12,2,0.00,false
1.72,LargeCaps5,2,122.6110,8.7826,12.77,8,75.00,true
1.72,LargeCaps5,3,-42.0062,-4.1905,52.48,7,57.14,false
1.72,LargeCaps5,4,-16.1481,0.0000,16.15,1,0.00,false
1.72,LargeCaps5,5,14.0193,201.9757,0.00,2,100.00,false
1.72,Legacy3,0,-11.4268,-0.4345,31.76,8,37.50,false
1.72,Legacy3,1,-20.0999,-13.3756,20.10,4,25.00,false
1.72,Legacy3,2,140.7078,11.3832,5.28,6,83.33,true
1.72,Legacy3,3,105.5386,16.0863,18.68,6,83.33,true
1.72,Legacy3,4,-28.3372,-70.9645,28.34,2,0.00,false
1.72,Legacy3,5,-37.6191,-37.6805,37.62,3,0.00,false
1.72,LowVolume5,0,-51.4094,-6.5694,62.56,11,18.18,false
1.72,LowVolume5,1,-60.4531,-18.6406,60.45,6,16.67,false
1.72,LowVolume5,2,160.4072,8.4325,16.38,9,77.78,true
1.72,LowVolume5,3,127.1236,8.4689,56.89,8,62.50,true
1.72,LowVolume5,4,-34.5043,-8.5610,38.03,4,25.00,false
1.72,LowVolume5,5,-48.1259,-39.0436,48.13,4,0.00,false
1.72,OldGuard4,0,26.5346,5.2014,22.81,8,50.00,true
1.72,OldGuard4,1,-55.3400,-25.2999,55.34,4,0.00,false
1.72,OldGuard4,2,141.2207,10.2924,5.28,7,85.71,true
1.72,OldGuard4,3,105.5386,16.0863,18.68,6,83.33,true
1.72,OldGuard4,4,-21.0952,-49.6924,21.10,2,0.00,false
1.72,OldGuard4,5,-48.1259,-39.0436,48.13,4,0.00,false
1.73,Base5,0,109.3028,17.9234,0.00,3,100.00,true
1.73,Base5,1,149.0540,10.0540,31.37,5,40.00,true
1.73,Base5,2,74.1730,12.2841,12.77,9,77.78,true
1.73,Base5,3,-9.0615,0.0619,28.12,6,66.67,false
1.73,Base5,4,-16.1481,0.0000,16.15,1,0.00,false
1.73,Base5,5,-10.6882,-3.7571,21.67,3,66.67,false
1.73,NoDOGE,0,109.3028,17.9234,0.00,3,100.00,true
1.73,NoDOGE,1,-12.1222,-334.5951,12.12,2,0.00,false
1.73,NoDOGE,2,122.6110,8.7826,12.77,8,75.00,true
1.73,NoDOGE,3,7.4968,2.6726,28.12,7,71.43,true
1.73,NoDOGE,4,-16.1481,0.0000,16.15,1,0.00,false
1.73,NoDOGE,5,14.0193,201.9757,0.00,2,100.00,false
1.73,Legacy4,0,-3.8348,-0.1475,22.05,6,50.00,false
1.73,Legacy4,1,-19.3185,-103.6541,19.32,3,0.00,false
1.73,Legacy4,2,208.0906,12.6169,12.77,7,71.43,true
1.73,Legacy4,3,-11.1705,-0.3653,28.12,5,60.00,false
1.73,Legacy4,4,-26.5176,-289.0109,26.52,2,0.00,false
1.73,Legacy4,5,5.1782,5.2797,7.75,3,66.67,true
1.73,Legacy5BNB,0,-3.8787,-0.1481,22.05,7,42.86,false
1.73,Legacy5BNB,1,-19.3185,-103.6541,19.32,3,0.00,false
1.73,Legacy5BNB,2,208.0906,12.6169,12.77,7,71.43,true
1.73,Legacy5BNB,3,-43.3512,-4.9224,52.48,6,50.00,false
1.73,Legacy5BNB,4,-16.1481,0.0000,16.15,1,0.00,false
1.73,Legacy5BNB,5,-20.7159,-4.7243,24.62,4,50.00,false
1.73,OldGuardNoBNB,0,3.2814,1.7401,22.81,8,50.00,true
1.73,OldGuardNoBNB,1,-58.5449,-22.2673,58.54,5,0.00,false
1.73,OldGuardNoBNB,2,208.0906,12.6169,12.77,7,71.43,true
1.73,OldGuardNoBNB,3,-11.1705,-0.3653,28.12,5,60.00,false
1.73,OldGuardNoBNB,4,-26.5176,-289.0109,26.52,2,0.00,false
1.73,OldGuardNoBNB,5,-12.5369,-5.2852,23.29,4,50.00,false
1.73,LargeCaps5,0,109.2072,14.0426,0.05,4,75.00,true
1.73,LargeCaps5,1,-12.1222,-334.5951,12.12,2,0.00,false
1.73,LargeCaps5,2,122.6110,8.7826,12.77,8,75.00,true
1.73,LargeCaps5,3,-42.0062,-4.1905,52.48,7,57.14,false
1.73,LargeCaps5,4,-16.1481,0.0000,16.15,1,0.00,false
1.73,LargeCaps5,5,14.0193,201.9757,0.00,2,100.00,false
1.73,Legacy3,0,-11.4268,-0.4345,31.76,8,37.50,false
1.73,Legacy3,1,-20.0999,-13.3756,20.10,4,25.00,false
1.73,Legacy3,2,140.7078,11.3832,5.28,6,83.33,true
1.73,Legacy3,3,105.5386,16.0863,18.68,6,83.33,true
1.73,Legacy3,4,-28.3372,-70.9645,28.34,2,0.00,false
1.73,Legacy3,5,-37.6191,-37.6805,37.62,3,0.00,false
1.73,LowVolume5,0,-51.4094,-6.5694,62.56,11,18.18,false
1.73,LowVolume5,1,-60.4531,-18.6406,60.45,6,16.67,false
1.73,LowVolume5,2,160.4072,8.4325,16.38,9,77.78,true
1.73,LowVolume5,3,127.1236,8.4689,56.89,8,62.50,true
1.73,LowVolume5,4,-34.5043,-8.5610,38.03,4,25.00,false
1.73,LowVolume5,5,-48.1259,-39.0436,48.13,4,0.00,false
1.73,OldGuard4,0,26.5346,5.2014,22.81,8,50.00,true
1.73,OldGuard4,1,-55.3400,-25.2999,55.34,4,0.00,false
1.73,OldGuard4,2,141.2207,10.2924,5.28,7,85.71,true
1.73,OldGuard4,3,105.5386,16.0863,18.68,6,83.33,true
1.73,OldGuard4,4,-21.0952,-49.6924,21.10,2,0.00,false
1.73,OldGuard4,5,-48.1259,-39.0436,48.13,4,0.00,false
1.74,Base5,0,109.3028,17.9234,0.00,3,100.00,true
1.74,Base5,1,149.0540,10.0540,31.37,5,40.00,true
1.74,Base5,2,74.1730,12.2841,12.77,9,77.78,true
1.74,Base5,3,-9.0615,0.0619,28.12,6,66.67,false
1.74,Base5,4,-16.1481,0.0000,16.15,1,0.00,false
1.74,Base5,5,-10.6882,-3.7571,21.67,3,66.67,false
1.74,NoDOGE,0,109.3028,17.9234,0.00,3,100.00,true
1.74,NoDOGE,1,-12.1222,-334.5951,12.12,2,0.00,false
1.74,NoDOGE,2,122.6110,8.7826,12.77,8,75.00,true
1.74,NoDOGE,3,7.4968,2.6726,28.12,7,71.43,true
1.74,NoDOGE,4,-16.1481,0.0000,16.15,1,0.00,false
1.74,NoDOGE,5,14.0193,201.9757,0.00,2,100.00,false
1.74,Legacy4,0,-3.8348,-0.1475,22.05,6,50.00,false
1.74,Legacy4,1,-19.3185,-103.6541,19.32,3,0.00,false
1.74,Legacy4,2,208.0906,12.6169,12.77,7,71.43,true
1.74,Legacy4,3,-11.1705,-0.3653,28.12,5,60.00,false
1.74,Legacy4,4,-26.5176,-289.0109,26.52,2,0.00,false
1.74,Legacy4,5,5.1782,5.2797,7.75,3,66.67,true
1.74,Legacy5BNB,0,-3.8787,-0.1481,22.05,7,42.86,false
1.74,Legacy5BNB,1,-19.3185,-103.6541,19.32,3,0.00,false
1.74,Legacy5BNB,2,208.0906,12.6169,12.77,7,71.43,true
1.74,Legacy5BNB,3,-43.3512,-4.9224,52.48,6,50.00,false
1.74,Legacy5BNB,4,-16.1481,0.0000,16.15,1,0.00,false
1.74,Legacy5BNB,5,-20.7159,-4.7243,24.62,4,50.00,false
1.74,OldGuardNoBNB,0,3.2814,1.7401,22.81,8,50.00,true
1.74,OldGuardNoBNB,1,-58.5449,-22.2673,58.54,5,0.00,false
1.74,OldGuardNoBNB,2,208.0906,12.6169,12.77,7,71.43,true
1.74,OldGuardNoBNB,3,-11.1705,-0.3653,28.12,5,60.00,false
1.74,OldGuardNoBNB,4,-26.5176,-289.0109,26.52,2,0.00,false
1.74,OldGuardNoBNB,5,-12.5369,-5.2852,23.29,4,50.00,false
1.74,LargeCaps5,0,109.2072,14.0426,0.05,4,75.00,true
1.74,LargeCaps5,1,-12.1222,-334.5951,12.12,2,0.00,false
1.74,LargeCaps5,2,122.6110,8.7826,12.77,8,75.00,true
1.74,LargeCaps5,3,-42.0062,-4.1905,52.48,7,57.14,false
1.74,LargeCaps5,4,-16.1481,0.0000,16.15,1,0.00,false
1.74,LargeCaps5,5,14.0193,201.9757,0.00,2,100.00,false
1.74,Legacy3,0,-11.4268,-0.4345,31.76,8,37.50,false
1.74,Legacy3,1,-20.0999,-13.3756,20.10,4,25.00,false
1.74,Legacy3,2,140.7078,11.3832,5.28,6,83.33,true
1.74,Legacy3,3,105.5386,16.0863,18.68,6,83.33,true
1.74,Legacy3,4,-28.3372,-70.9645,28.34,2,0.00,false
1.74,Legacy3,5,-37.6191,-37.6805,37.62,3,0.00,false
1.74,LowVolume5,0,-51.4094,-6.5694,62.56,11,18.18,false
1.74,LowVolume5,1,-60.4531,-18.6406,60.45,6,16.67,false
1.74,LowVolume5,2,160.4072,8.4325,16.38,9,77.78,true
1.74,LowVolume5,3,127.1236,8.4689,56.89,8,62.50,true
1.74,LowVolume5,4,-34.5043,-8.5610,38.03,4,25.00,false
1.74,LowVolume5,5,-48.1259,-39.0436,48.13,4,0.00,false
1.74,OldGuard4,0,26.5346,5.2014,22.81,8,50.00,true
1.74,OldGuard4,1,-55.3400,-25.2999,55.34,4,0.00,false
1.74,OldGuard4,2,141.2207,10.2924,5.28,7,85.71,true
1.74,OldGuard4,3,105.5386,16.0863,18.68,6,83.33,true
1.74,OldGuard4,4,-21.0952,-49.6924,21.10,2,0.00,false
1.74,OldGuard4,5,-48.1259,-39.0436,48.13,4,0.00,false
1.75,Base5,0,109.3028,17.9234,0.00,3,100.00,true
1.75,Base5,1,149.0540,10.0540,31.37,5,40.00,true
1.75,Base5,2,74.1730,12.2841,12.77,9,77.78,true
1.75,Base5,3,-9.0615,0.0619,28.12,6,66.67,false
1.75,Base5,4,-16.1481,0.0000,16.15,1,0.00,false
1.75,Base5,5,-10.6882,-3.7571,21.67,3,66.67,false
1.75,NoDOGE,0,109.3028,17.9234,0.00,3,100.00,true
1.75,NoDOGE,1,-12.1222,-334.5951,12.12,2,0.00,false
1.75,NoDOGE,2,122.6110,8.7826,12.77,8,75.00,true
1.75,NoDOGE,3,7.4968,2.6726,28.12,7,71.43,true
1.75,NoDOGE,4,-16.1481,0.0000,16.15,1,0.00,false
1.75,NoDOGE,5,14.0193,201.9757,0.00,2,100.00,false
1.75,Legacy4,0,-3.8348,-0.1475,22.05,6,50.00,false
1.75,Legacy4,1,-19.3185,-103.6541,19.32,3,0.00,false
1.75,Legacy4,2,208.0906,12.6169,12.77,7,71.43,true
1.75,Legacy4,3,-11.1705,-0.3653,28.12,5,60.00,false
1.75,Legacy4,4,-26.5176,-289.0109,26.52,2,0.00,false
1.75,Legacy4,5,5.1782,5.2797,7.75,3,66.67,true
1.75,Legacy5BNB,0,-3.8787,-0.1481,22.05,7,42.86,false
1.75,Legacy5BNB,1,-19.3185,-103.6541,19.32,3,0.00,false
1.75,Legacy5BNB,2,208.0906,12.6169,12.77,7,71.43,true
1.75,Legacy5BNB,3,-43.3512,-4.9224,52.48,6,50.00,false
1.75,Legacy5BNB,4,-16.1481,0.0000,16.15,1,0.00,false
1.75,Legacy5BNB,5,-20.7159,-4.7243,24.62,4,50.00,false
1.75,OldGuardNoBNB,0,3.2814,1.7401,22.81,8,50.00,true
1.75,OldGuardNoBNB,1,-58.5449,-22.2673,58.54,5,0.00,false
1.75,OldGuardNoBNB,2,208.0906,12.6169,12.77,7,71.43,true
1.75,OldGuardNoBNB,3,-11.1705,-0.3653,28.12,5,60.00,false
1.75,OldGuardNoBNB,4,-26.5176,-289.0109,26.52,2,0.00,false
1.75,OldGuardNoBNB,5,-12.5369,-5.2852,23.29,4,50.00,false
1.75,LargeCaps5,0,109.2072,14.0426,0.05,4,75.00,true
1.75,LargeCaps5,1,-12.1222,-334.5951,12.12,2,0.00,false
1.75,LargeCaps5,2,122.6110,8.7826,12.77,8,75.00,true
1.75,LargeCaps5,3,-42.0062,-4.1905,52.48,7,57.14,false
1.75,LargeCaps5,4,-16.1481,0.0000,16.15,1,0.00,false
1.75,LargeCaps5,5,14.0193,201.9757,0.00,2,100.00,false
1.75,Legacy3,0,-11.4268,-0.4345,31.76,8,37.50,false
1.75,Legacy3,1,-20.0999,-13.3756,20.10,4,25.00,false
1.75,Legacy3,2,140.7078,11.3832,5.28,6,83.33,true
1.75,Legacy3,3,105.5386,16.0863,18.68,6,83.33,true
1.75,Legacy3,4,-28.3372,-70.9645,28.34,2,0.00,false
1.75,Legacy3,5,-37.6191,-37.6805,37.62,3,0.00,false
1.75,LowVolume5,0,-51.4094,-6.5694,62.56,11,18.18,false
1.75,LowVolume5,1,-60.4531,-18.6406,60.45,6,16.67,false
1.75,LowVolume5,2,160.4072,8.4325,16.38,9,77.78,true
1.75,LowVolume5,3,127.1236,8.4689,56.89,8,62.50,true
1.75,LowVolume5,4,-34.5043,-8.5610,38.03,4,25.00,false
1.75,LowVolume5,5,-48.1259,-39.0436,48.13,4,0.00,false
1.75,OldGuard4,0,26.5346,5.2014,22.81,8,50.00,true
1.75,OldGuard4,1,-55.3400,-25.2999,55.34,4,0.00,false
1.75,OldGuard4,2,141.2207,10.2924,5.28,7,85.71,true
1.75,OldGuard4,3,105.5386,16.0863,18.68,6,83.33,true
1.75,OldGuard4,4,-21.0952,-49.6924,21.10,2,0.00,false
1.75,OldGuard4,5,-48.1259,-39.0436,48.13,4,0.00,false
1.76,Base5,0,109.3028,17.9234,0.00,3,100.00,true
1.76,Base5,1,149.0540,10.0540,31.37,5,40.00,true
1.76,Base5,2,74.1730,12.2841,12.77,9,77.78,true
1.76,Base5,3,-9.0615,0.0619,28.12,6,66.67,false
1.76,Base5,4,-16.1481,0.0000,16.15,1,0.00,false
1.76,Base5,5,-10.6882,-3.7571,21.67,3,66.67,false
1.76,NoDOGE,0,109.3028,17.9234,0.00,3,100.00,true
1.76,NoDOGE,1,-12.1222,-334.5951,12.12,2,0.00,false
1.76,NoDOGE,2,122.6110,8.7826,12.77,8,75.00,true
1.76,NoDOGE,3,7.4968,2.6726,28.12,7,71.43,true
1.76,NoDOGE,4,-16.1481,0.0000,16.15,1,0.00,false
1.76,NoDOGE,5,14.0193,201.9757,0.00,2,100.00,false
1.76,Legacy4,0,-3.8348,-0.1475,22.05,6,50.00,false
1.76,Legacy4,1,-19.3185,-103.6541,19.32,3,0.00,false
1.76,Legacy4,2,208.0906,12.6169,12.77,7,71.43,true
1.76,Legacy4,3,-11.1705,-0.3653,28.12,5,60.00,false
1.76,Legacy4,4,-26.5176,-289.0109,26.52,2,0.00,false
1.76,Legacy4,5,5.1782,5.2797,7.75,3,66.67,true
1.76,Legacy5BNB,0,-3.8787,-0.1481,22.05,7,42.86,false
1.76,Legacy5BNB,1,-19.3185,-103.6541,19.32,3,0.00,false
1.76,Legacy5BNB,2,208.0906,12.6169,12.77,7,71.43,true
1.76,Legacy5BNB,3,-43.3512,-4.9224,52.48,6,50.00,false
1.76,Legacy5BNB,4,-16.1481,0.0000,16.15,1,0.00,false
1.76,Legacy5BNB,5,-20.7159,-4.7243,24.62,4,50.00,false
1.76,OldGuardNoBNB,0,3.2814,1.7401,22.81,8,50.00,true
1.76,OldGuardNoBNB,1,-58.5449,-22.2673,58.54,5,0.00,false
1.76,OldGuardNoBNB,2,208.0906,12.6169,12.77,7,71.43,true
1.76,OldGuardNoBNB,3,-11.1705,-0.3653,28.12,5,60.00,false
1.76,OldGuardNoBNB,4,-26.5176,-289.0109,26.52,2,0.00,false
1.76,OldGuardNoBNB,5,-12.5369,-5.2852,23.29,4,50.00,false
1.76,LargeCaps5,0,109.2072,14.0426,0.05,4,75.00,true
1.76,LargeCaps5,1,-12.1222,-334.5951,12.12,2,0.00,false
1.76,LargeCaps5,2,122.6110,8.7826,12.77,8,75.00,true
1.76,LargeCaps5,3,-42.0062,-4.1905,52.48,7,57.14,false
1.76,LargeCaps5,4,-16.1481,0.0000,16.15,1,0.00,false
1.76,LargeCaps5,5,14.0193,201.9757,0.00,2,100.00,false
1.76,Legacy3,0,-11.4268,-0.4345,31.76,8,37.50,false
1.76,Legacy3,1,-20.0999,-13.3756,20.10,4,25.00,false
1.76,Legacy3,2,140.7078,11.3832,5.28,6,83.33,true
1.76,Legacy3,3,105.5386,16.0863,18.68,6,83.33,true
1.76,Legacy3,4,-28.3372,-70.9645,28.34,2,0.00,false
1.76,Legacy3,5,-37.6191,-37.6805,37.62,3,0.00,false
1.76,LowVolume5,0,-51.4094,-6.5694,62.56,11,18.18,false
1.76,LowVolume5,1,-60.4531,-18.6406,60.45,6,16.67,false
1.76,LowVolume5,2,160.4072,8.4325,16.38,9,77.78,true
1.76,LowVolume5,3,127.1236,8.4689,56.89,8,62.50,true
1.76,LowVolume5,4,-34.5043,-8.5610,38.03,4,25.00,false
1.76,LowVolume5,5,-48.1259,-39.0436,48.13,4,0.00,false
1.76,OldGuard4,0,26.5346,5.2014,22.81,8,50.00,true
1.76,OldGuard4,1,-55.3400,-25.2999,55.34,4,0.00,false
1.76,OldGuard4,2,141.2207,10.2924,5.28,7,85.71,true
1.76,OldGuard4,3,105.5386,16.0863,18.68,6,83.33,true
1.76,OldGuard4,4,-21.0952,-49.6924,21.10,2,0.00,false
1.76,OldGuard4,5,-48.1259,-39.0436,48.13,4,0.00,false
1.77,Base5,0,109.3028,17.9234,0.00,3,100.00,true
1.77,Base5,1,149.0540,10.0540,31.37,5,40.00,true
1.77,Base5,2,74.1730,12.2841,12.77,9,77.78,true
1.77,Base5,3,-9.0615,0.0619,28.12,6,66.67,false
1.77,Base5,4,-16.1481,0.0000,16.15,1,0.00,false
1.77,Base5,5,-10.6882,-3.7571,21.67,3,66.67,false
1.77,NoDOGE,0,109.3028,17.9234,0.00,3,100.00,true
1.77,NoDOGE,1,-12.1222,-334.5951,12.12,2,0.00,false
1.77,NoDOGE,2,122.6110,8.7826,12.77,8,75.00,true
1.77,NoDOGE,3,7.4968,2.6726,28.12,7,71.43,true
1.77,NoDOGE,4,-16.1481,0.0000,16.15,1,0.00,false
1.77,NoDOGE,5,14.0193,201.9757,0.00,2,100.00,false
1.77,Legacy4,0,-3.8348,-0.1475,22.05,6,50.00,false
1.77,Legacy4,1,-19.3185,-103.6541,19.32,3,0.00,false
1.77,Legacy4,2,208.0906,12.6169,12.77,7,71.43,true
1.77,Legacy4,3,-11.1705,-0.3653,28.12,5,60.00,false
1.77,Legacy4,4,-26.5176,-289.0109,26.52,2,0.00,false
1.77,Legacy4,5,5.1782,5.2797,7.75,3,66.67,true
1.77,Legacy5BNB,0,-3.8787,-0.1481,22.05,7,42.86,false
1.77,Legacy5BNB,1,-19.3185,-103.6541,19.32,3,0.00,false
1.77,Legacy5BNB,2,208.0906,12.6169,12.77,7,71.43,true
1.77,Legacy5BNB,3,-43.3512,-4.9224,52.48,6,50.00,false
1.77,Legacy5BNB,4,-16.1481,0.0000,16.15,1,0.00,false
1.77,Legacy5BNB,5,-20.7159,-4.7243,24.62,4,50.00,false
1.77,OldGuardNoBNB,0,3.2814,1.7401,22.81,8,50.00,true
1.77,OldGuardNoBNB,1,-58.5449,-22.2673,58.54,5,0.00,false
1.77,OldGuardNoBNB,2,208.0906,12.6169,12.77,7,71.43,true
1.77,OldGuardNoBNB,3,-11.1705,-0.3653,28.12,5,60.00,false
1.77,OldGuardNoBNB,4,-26.5176,-289.0109,26.52,2,0.00,false
1.77,OldGuardNoBNB,5,-12.5369,-5.2852,23.29,4,50.00,false
1.77,LargeCaps5,0,109.2072,14.0426,0.05,4,75.00,true
1.77,LargeCaps5,1,-12.1222,-334.5951,12.12,2,0.00,false
1.77,LargeCaps5,2,122.6110,8.7826,12.77,8,75.00,true
1.77,LargeCaps5,3,-42.0062,-4.1905,52.48,7,57.14,false
1.77,LargeCaps5,4,-16.1481,0.0000,16.15,1,0.00,false
1.77,LargeCaps5,5,14.0193,201.9757,0.00,2,100.00,false
1.77,Legacy3,0,-11.4268,-0.4345,31.76,8,37.50,false
1.77,Legacy3,1,-20.0999,-13.3756,20.10,4,25.00,false
1.77,Legacy3,2,140.7078,11.3832,5.28,6,83.33,true
1.77,Legacy3,3,105.5386,16.0863,18.68,6,83.33,true
1.77,Legacy3,4,-28.3372,-70.9645,28.34,2,0.00,false
1.77,Legacy3,5,-37.6191,-37.6805,37.62,3,0.00,false
1.77,LowVolume5,0,-51.4094,-6.5694,62.56,11,18.18,false
1.77,LowVolume5,1,-60.4531,-18.6406,60.45,6,16.67,false
1.77,LowVolume5,2,160.4072,8.4325,16.38,9,77.78,true
1.77,LowVolume5,3,127.1236,8.4689,56.89,8,62.50,true
1.77,LowVolume5,4,-34.5043,-8.5610,38.03,4,25.00,false
1.77,LowVolume5,5,-48.1259,-39.0436,48.13,4,0.00,false
1.77,OldGuard4,0,26.5346,5.2014,22.81,8,50.00,true
1.77,OldGuard4,1,-55.3400,-25.2999,55.34,4,0.00,false
1.77,OldGuard4,2,141.2207,10.2924,5.28,7,85.71,true
1.77,OldGuard4,3,105.5386,16.0863,18.68,6,83.33,true
1.77,OldGuard4,4,-21.0952,-49.6924,21.10,2,0.00,false
1.77,OldGuard4,5,-48.1259,-39.0436,48.13,4,0.00,false
1.78,Base5,0,109.3028,17.9234,0.00,3,100.00,true
1.78,Base5,1,149.0540,10.0540,31.37,5,40.00,true
1.78,Base5,2,74.1730,12.2841,12.77,9,77.78,true
1.78,Base5,3,-9.0615,0.0619,28.12,6,66.67,false
1.78,Base5,4,-16.1481,0.0000,16.15,1,0.00,false
1.78,Base5,5,-10.6882,-3.7571,21.67,3,66.67,false
1.78,NoDOGE,0,109.3028,17.9234,0.00,3,100.00,true
1.78,NoDOGE,1,-12.1222,-334.5951,12.12,2,0.00,false
1.78,NoDOGE,2,122.6110,8.7826,12.77,8,75.00,true
1.78,NoDOGE,3,7.4968,2.6726,28.12,7,71.43,true
1.78,NoDOGE,4,-16.1481,0.0000,16.15,1,0.00,false
1.78,NoDOGE,5,14.0193,201.9757,0.00,2,100.00,false
1.78,Legacy4,0,-3.8348,-0.1475,22.05,6,50.00,false
1.78,Legacy4,1,-19.3185,-103.6541,19.32,3,0.00,false
1.78,Legacy4,2,208.0906,12.6169,12.77,7,71.43,true
1.78,Legacy4,3,-11.1705,-0.3653,28.12,5,60.00,false
1.78,Legacy4,4,-26.5176,-289.0109,26.52,2,0.00,false
1.78,Legacy4,5,5.1782,5.2797,7.75,3,66.67,true
1.78,Legacy5BNB,0,-3.8787,-0.1481,22.05,7,42.86,false
1.78,Legacy5BNB,1,-19.3185,-103.6541,19.32,3,0.00,false
1.78,Legacy5BNB,2,208.0906,12.6169,12.77,7,71.43,true
1.78,Legacy5BNB,3,-43.3512,-4.9224,52.48,6,50.00,false
1.78,Legacy5BNB,4,-16.1481,0.0000,16.15,1,0.00,false
1.78,Legacy5BNB,5,-20.7159,-4.7243,24.62,4,50.00,false
1.78,OldGuardNoBNB,0,3.2814,1.7401,22.81,8,50.00,true
1.78,OldGuardNoBNB,1,-58.5449,-22.2673,58.54,5,0.00,false
1.78,OldGuardNoBNB,2,208.0906,12.6169,12.77,7,71.43,true
1.78,OldGuardNoBNB,3,-11.1705,-0.3653,28.12,5,60.00,false
1.78,OldGuardNoBNB,4,-26.5176,-289.0109,26.52,2,0.00,false
1.78,OldGuardNoBNB,5,-12.5369,-5.2852,23.29,4,50.00,false
1.78,LargeCaps5,0,109.2072,14.0426,0.05,4,75.00,true
1.78,LargeCaps5,1,-12.1222,-334.5951,12.12,2,0.00,false
1.78,LargeCaps5,2,122.6110,8.7826,12.77,8,75.00,true
1.78,LargeCaps5,3,-42.0062,-4.1905,52.48,7,57.14,false
1.78,LargeCaps5,4,-16.1481,0.0000,16.15,1,0.00,false
1.78,LargeCaps5,5,14.0193,201.9757,0.00,2,100.00,false
1.78,Legacy3,0,-11.4268,-0.4345,31.76,8,37.50,false
1.78,Legacy3,1,-20.0999,-13.3756,20.10,4,25.00,false
1.78,Legacy3,2,140.7078,11.3832,5.28,6,83.33,true
1.78,Legacy3,3,105.5386,16.0863,18.68,6,83.33,true
1.78,Legacy3,4,-28.3372,-70.9645,28.34,2,0.00,false
1.78,Legacy3,5,-37.6191,-37.6805,37.62,3,0.00,false
1.78,LowVolume5,0,-44.0559,-5.3875,56.90,10,20.00,false
1.78,LowVolume5,1,-60.4531,-18.6406,60.45,6,16.67,false
1.78,LowVolume5,2,160.4072,8.4325,16.38,9,77.78,true
1.78,LowVolume5,3,510.7813,19.8922,24.59,7,85.71,true
1.78,LowVolume5,4,-34.5043,-8.5610,38.03,4,25.00,false
1.78,LowVolume5,5,-48.1259,-39.0436,48.13,4,0.00,false
1.78,OldGuard4,0,26.5346,5.2014,22.81,8,50.00,true
1.78,OldGuard4,1,-55.3400,-25.2999,55.34,4,0.00,false
1.78,OldGuard4,2,141.2207,10.2924,5.28,7,85.71,true
1.78,OldGuard4,3,105.5386,16.0863,18.68,6,83.33,true
1.78,OldGuard4,4,-21.0952,-49.6924,21.10,2,0.00,false
1.78,OldGuard4,5,-48.1259,-39.0436,48.13,4,0.00,false
1.79,Base5,0,109.3028,17.9234,0.00,3,100.00,true
1.79,Base5,1,149.0540,10.0540,31.37,5,40.00,true
1.79,Base5,2,74.1730,12.2841,12.77,9,77.78,true
1.79,Base5,3,-9.0615,0.0619,28.12,6,66.67,false
1.79,Base5,4,-16.1481,0.0000,16.15,1,0.00,false
1.79,Base5,5,-10.6882,-3.7571,21.67,3,66.67,false
1.79,NoDOGE,0,109.3028,17.9234,0.00,3,100.00,true
1.79,NoDOGE,1,-12.1222,-334.5951,12.12,2,0.00,false
1.79,NoDOGE,2,122.6110,8.7826,12.77,8,75.00,true
1.79,NoDOGE,3,7.4968,2.6726,28.12,7,71.43,true
1.79,NoDOGE,4,-16.1481,0.0000,16.15,1,0.00,false
1.79,NoDOGE,5,14.0193,201.9757,0.00,2,100.00,false
1.79,Legacy4,0,-3.8348,-0.1475,22.05,6,50.00,false
1.79,Legacy4,1,-19.3185,-103.6541,19.32,3,0.00,false
1.79,Legacy4,2,208.0906,12.6169,12.77,7,71.43,true
1.79,Legacy4,3,-11.1705,-0.3653,28.12,5,60.00,false
1.79,Legacy4,4,-26.5176,-289.0109,26.52,2,0.00,false
1.79,Legacy4,5,5.1782,5.2797,7.75,3,66.67,true
1.79,Legacy5BNB,0,-3.8787,-0.1481,22.05,7,42.86,false
1.79,Legacy5BNB,1,-19.3185,-103.6541,19.32,3,0.00,false
1.79,Legacy5BNB,2,208.0906,12.6169,12.77,7,71.43,true
1.79,Legacy5BNB,3,-43.3512,-4.9224,52.48,6,50.00,false
1.79,Legacy5BNB,4,-16.1481,0.0000,16.15,1,0.00,false
1.79,Legacy5BNB,5,-20.7159,-4.7243,24.62,4,50.00,false
1.79,OldGuardNoBNB,0,3.2814,1.7401,22.81,8,50.00,true
1.79,OldGuardNoBNB,1,-58.5449,-22.2673,58.54,5,0.00,false
1.79,OldGuardNoBNB,2,208.0906,12.6169,12.77,7,71.43,true
1.79,OldGuardNoBNB,3,-11.1705,-0.3653,28.12,5,60.00,false
1.79,OldGuardNoBNB,4,-26.5176,-289.0109,26.52,2,0.00,false
1.79,OldGuardNoBNB,5,-12.5369,-5.2852,23.29,4,50.00,false
1.79,LargeCaps5,0,109.2072,14.0426,0.05,4,75.00,true
1.79,LargeCaps5,1,-12.1222,-334.5951,12.12,2,0.00,false
1.79,LargeCaps5,2,122.6110,8.7826,12.77,8,75.00,true
1.79,LargeCaps5,3,-42.0062,-4.1905,52.48,7,57.14,false
1.79,LargeCaps5,4,-16.1481,0.0000,16.15,1,0.00,false
1.79,LargeCaps5,5,14.0193,201.9757,0.00,2,100.00,false
1.79,Legacy3,0,-11.4268,-0.4345,31.76,8,37.50,false
1.79,Legacy3,1,-20.0999,-13.3756,20.10,4,25.00,false
1.79,Legacy3,2,140.7078,11.3832,5.28,6,83.33,true
1.79,Legacy3,3,105.5386,16.0863,18.68,6,83.33,true
1.79,Legacy3,4,-28.3372,-70.9645,28.34,2,0.00,false
1.79,Legacy3,5,-37.6191,-37.6805,37.62,3,0.00,false
1.79,LowVolume5,0,-44.0559,-5.3875,56.90,10,20.00,false
1.79,LowVolume5,1,-60.4531,-18.6406,60.45,6,16.67,false
1.79,LowVolume5,2,160.4072,8.4325,16.38,9,77.78,true
1.79,LowVolume5,3,709.9265,34.8211,0.00,6,100.00,true
1.79,LowVolume5,4,-34.5043,-8.5610,38.03,4,25.00,false
1.79,LowVolume5,5,-48.1259,-39.0436,48.13,4,0.00,false
1.79,OldGuard4,0,26.5346,5.2014,22.81,8,50.00,true
1.79,OldGuard4,1,-55.3400,-25.2999,55.34,4,0.00,false
1.79,OldGuard4,2,141.2207,10.2924,5.28,7,85.71,true
1.79,OldGuard4,3,105.5386,16.0863,18.68,6,83.33,true
1.79,OldGuard4,4,-21.0952,-49.6924,21.10,2,0.00,false
1.79,OldGuard4,5,-48.1259,-39.0436,48.13,4,0.00,false
1.80,Base5,0,109.3028,17.9234,0.00,3,100.00,true
1.80,Base5,1,149.0540,10.0540,31.37,5,40.00,true
1.80,Base5,2,74.1730,12.2841,12.77,9,77.78,true
1.80,Base5,3,-9.0615,0.0619,28.12,6,66.67,false
1.80,Base5,4,-16.1481,0.0000,16.15,1,0.00,false
1.80,Base5,5,-29.1406,-15.9194,33.24,3,33.33,false
1.80,NoDOGE,0,109.3028,17.9234,0.00,3,100.00,true
1.80,NoDOGE,1,-12.1222,-334.5951,12.12,2,0.00,false
1.80,NoDOGE,2,122.6110,8.7826,12.77,8,75.00,true
1.80,NoDOGE,3,7.4968,2.6726,28.12,7,71.43,true
1.80,NoDOGE,4,-16.1481,0.0000,16.15,1,0.00,false
1.80,NoDOGE,5,-9.5378,-7.8853,14.77,2,50.00,false
1.80,Legacy4,0,-3.8348,-0.1475,22.05,6,50.00,false
1.80,Legacy4,1,-19.3185,-103.6541,19.32,3,0.00,false
1.80,Legacy4,2,208.0906,12.6169,12.77,7,71.43,true
1.80,Legacy4,3,-11.1705,-0.3653,28.12,5,60.00,false
1.80,Legacy4,4,-26.5176,-289.0109,26.52,2,0.00,false
1.80,Legacy4,5,-16.5523,-12.2248,16.55,3,33.33,false
1.80,Legacy5BNB,0,-3.8787,-0.1481,22.05,7,42.86,false
1.80,Legacy5BNB,1,-19.3185,-103.6541,19.32,3,0.00,false
1.80,Legacy5BNB,2,208.0906,12.6169,12.77,7,71.43,true
1.80,Legacy5BNB,3,-43.3512,-4.9224,52.48,6,50.00,false
1.80,Legacy5BNB,4,-16.1481,0.0000,16.15,1,0.00,false
1.80,Legacy5BNB,5,-37.0965,-11.1218,37.10,4,25.00,false
1.80,OldGuardNoBNB,0,3.2814,1.7401,22.81,8,50.00,true
1.80,OldGuardNoBNB,1,-58.5449,-22.2673,58.54,5,0.00,false
1.80,OldGuardNoBNB,2,208.0906,12.6169,12.77,7,71.43,true
1.80,OldGuardNoBNB,3,-11.1705,-0.3653,28.12,5,60.00,false
1.80,OldGuardNoBNB,4,-26.5176,-289.0109,26.52,2,0.00,false
1.80,OldGuardNoBNB,5,-30.6073,-18.1752,30.61,4,25.00,false
1.80,LargeCaps5,0,109.2072,14.0426,0.05,4,75.00,true
1.80,LargeCaps5,1,-12.1222,-334.5951,12.12,2,0.00,false
1.80,LargeCaps5,2,122.6110,8.7826,12.77,8,75.00,true
1.80,LargeCaps5,3,-42.0062,-4.1905,52.48,7,57.14,false
1.80,LargeCaps5,4,-16.1481,0.0000,16.15,1,0.00,false
1.80,LargeCaps5,5,-9.5378,-7.8853,14.77,2,50.00,false
1.80,Legacy3,0,-11.4268,-0.4345,31.76,8,37.50,false
1.80,Legacy3,1,-20.0999,-13.3756,20.10,4,25.00,false
1.80,Legacy3,2,140.7078,11.3832,5.28,6,83.33,true
1.80,Legacy3,3,105.5386,16.0863,18.68,6,83.33,true
1.80,Legacy3,4,-28.3372,-70.9645,28.34,2,0.00,false
1.80,Legacy3,5,-37.6191,-37.6805,37.62,3,0.00,false
1.80,LowVolume5,0,-44.0559,-5.3875,56.90,10,20.00,false
1.80,LowVolume5,1,-60.4531,-18.6406,60.45,6,16.67,false
1.80,LowVolume5,2,160.4072,8.4325,16.38,9,77.78,true
1.80,LowVolume5,3,709.9265,34.8211,0.00,6,100.00,true
1.80,LowVolume5,4,-34.5043,-8.5610,38.03,4,25.00,false
1.80,LowVolume5,5,-48.1259,-39.0436,48.13,4,0.00,false
1.80,OldGuard4,0,26.5346,5.2014,22.81,8,50.00,true
1.80,OldGuard4,1,-55.3400,-25.2999,55.34,4,0.00,false
1.80,OldGuard4,2,141.2207,10.2924,5.28,7,85.71,true
1.80,OldGuard4,3,105.5386,16.0863,18.68,6,83.33,true
1.80,OldGuard4,4,-21.0952,-49.6924,21.10,2,0.00,false
1.80,OldGuard4,5,-48.1259,-39.0436,48.13,4,0.00,false
1.81,Base5,0,109.3028,17.9234,0.00,3,100.00,true
1.81,Base5,1,149.0540,10.0540,31.37,5,40.00,true
1.81,Base5,2,74.1730,12.2841,12.77,9,77.78,true
1.81,Base5,3,-9.0615,0.0619,28.12,6,66.67,false
1.81,Base5,4,-16.1481,0.0000,16.15,1,0.00,false
1.81,Base5,5,-29.1406,-15.9194,33.24,3,33.33,false
1.81,NoDOGE,0,109.3028,17.9234,0.00,3,100.00,true
1.81,NoDOGE,1,-12.1222,-334.5951,12.12,2,0.00,false
1.81,NoDOGE,2,122.6110,8.7826,12.77,8,75.00,true
1.81,NoDOGE,3,7.4968,2.6726,28.12,7,71.43,true
1.81,NoDOGE,4,-16.1481,0.0000,16.15,1,0.00,false
1.81,NoDOGE,5,-9.5378,-7.8853,14.77,2,50.00,false
1.81,Legacy4,0,-3.8348,-0.1475,22.05,6,50.00,false
1.81,Legacy4,1,-19.3185,-103.6541,19.32,3,0.00,false
1.81,Legacy4,2,208.0906,12.6169,12.77,7,71.43,true
1.81,Legacy4,3,-11.1705,-0.3653,28.12,5,60.00,false
1.81,Legacy4,4,-26.5176,-289.0109,26.52,2,0.00,false
1.81,Legacy4,5,-16.5523,-12.2248,16.55,3,33.33,false
1.81,Legacy5BNB,0,-3.8787,-0.1481,22.05,7,42.86,false
1.81,Legacy5BNB,1,-19.3185,-103.6541,19.32,3,0.00,false
1.81,Legacy5BNB,2,208.0906,12.6169,12.77,7,71.43,true
1.81,Legacy5BNB,3,-43.3512,-4.9224,52.48,6,50.00,false
1.81,Legacy5BNB,4,-16.1481,0.0000,16.15,1,0.00,false
1.81,Legacy5BNB,5,-37.0965,-11.1218,37.10,4,25.00,false
1.81,OldGuardNoBNB,0,3.2814,1.7401,22.81,8,50.00,true
1.81,OldGuardNoBNB,1,-58.5449,-22.2673,58.54,5,0.00,false
1.81,OldGuardNoBNB,2,208.0906,12.6169,12.77,7,71.43,true
1.81,OldGuardNoBNB,3,-11.1705,-0.3653,28.12,5,60.00,false
1.81,OldGuardNoBNB,4,-26.5176,-289.0109,26.52,2,0.00,false
1.81,OldGuardNoBNB,5,-30.6073,-18.1752,30.61,4,25.00,false
1.81,LargeCaps5,0,109.2072,14.0426,0.05,4,75.00,true
1.81,LargeCaps5,1,-12.1222,-334.5951,12.12,2,0.00,false
1.81,LargeCaps5,2,122.6110,8.7826,12.77,8,75.00,true
1.81,LargeCaps5,3,-42.0062,-4.1905,52.48,7,57.14,false
1.81,LargeCaps5,4,-16.1481,0.0000,16.15,1,0.00,false
1.81,LargeCaps5,5,-9.5378,-7.8853,14.77,2,50.00,false
1.81,Legacy3,0,-11.4268,-0.4345,31.76,8,37.50,false
1.81,Legacy3,1,-20.0999,-13.3756,20.10,4,25.00,false
1.81,Legacy3,2,140.7078,11.3832,5.28,6,83.33,true
1.81,Legacy3,3,105.5386,16.0863,18.68,6,83.33,true
1.81,Legacy3,4,-28.3372,-70.9645,28.34,2,0.00,false
1.81,Legacy3,5,-37.6191,-37.6805,37.62,3,0.00,false
1.81,LowVolume5,0,-44.0559,-5.3875,56.90,10,20.00,false
1.81,LowVolume5,1,-60.4531,-18.6406,60.45,6,16.67,false
1.81,LowVolume5,2,160.4072,8.4325,16.38,9,77.78,true
1.81,LowVolume5,3,709.9265,34.8211,0.00,6,100.00,true
1.81,LowVolume5,4,-34.5043,-8.5610,38.03,4,25.00,false
1.81,LowVolume5,5,-48.1259,-39.0436,48.13,4,0.00,false
1.81,OldGuard4,0,26.5346,5.2014,22.81,8,50.00,true
1.81,OldGuard4,1,-55.3400,-25.2999,55.34,4,0.00,false
1.81,OldGuard4,2,141.2207,10.2924,5.28,7,85.71,true
1.81,OldGuard4,3,105.5386,16.0863,18.68,6,83.33,true
1.81,OldGuard4,4,-21.0952,-49.6924,21.10,2,0.00,false
1.81,OldGuard4,5,-48.1259,-39.0436,48.13,4,0.00,false
1.82,Base5,0,109.3028,17.9234,0.00,3,100.00,true
1.82,Base5,1,149.0540,10.0540,31.37,5,40.00,true
1.82,Base5,2,74.1730,12.2841,12.77,9,77.78,true
1.82,Base5,3,-9.0615,0.0619,28.12,6,66.67,false
1.82,Base5,4,-16.1481,0.0000,16.15,1,0.00,false
1.82,Base5,5,-29.1406,-15.9194,33.24,3,33.33,false
1.82,NoDOGE,0,109.3028,17.9234,0.00,3,100.00,true
1.82,NoDOGE,1,-12.1222,-334.5951,12.12,2,0.00,false
1.82,NoDOGE,2,39.3523,9.5617,12.77,8,75.00,true
1.82,NoDOGE,3,7.4968,2.6726,28.12,7,71.43,true
1.82,NoDOGE,4,-16.1481,0.0000,16.15,1,0.00,false
1.82,NoDOGE,5,-9.5378,-7.8853,14.77,2,50.00,false
1.82,Legacy4,0,-3.8348,-0.1475,22.05,6,50.00,false
1.82,Legacy4,1,-19.3185,-103.6541,19.32,3,0.00,false
1.82,Legacy4,2,92.8617,12.2602,12.77,7,71.43,true
1.82,Legacy4,3,-11.1705,-0.3653,28.12,5,60.00,false
1.82,Legacy4,4,-26.5176,-289.0109,26.52,2,0.00,false
1.82,Legacy4,5,-16.5523,-12.2248,16.55,3,33.33,false
1.82,Legacy5BNB,0,-3.8787,-0.1481,22.05,7,42.86,false
1.82,Legacy5BNB,1,-19.3185,-103.6541,19.32,3,0.00,false
1.82,Legacy5BNB,2,92.8617,12.2602,12.77,7,71.43,true
1.82,Legacy5BNB,3,-43.3512,-4.9224,52.48,6,50.00,false
1.82,Legacy5BNB,4,-16.1481,0.0000,16.15,1,0.00,false
1.82,Legacy5BNB,5,-37.0965,-11.1218,37.10,4,25.00,false
1.82,OldGuardNoBNB,0,3.2814,1.7401,22.81,8,50.00,true
1.82,OldGuardNoBNB,1,-58.5449,-22.2673,58.54,5,0.00,false
1.82,OldGuardNoBNB,2,92.8617,12.2602,12.77,7,71.43,true
1.82,OldGuardNoBNB,3,-11.1705,-0.3653,28.12,5,60.00,false
1.82,OldGuardNoBNB,4,-26.5176,-289.0109,26.52,2,0.00,false
1.82,OldGuardNoBNB,5,-30.6073,-18.1752,30.61,4,25.00,false
1.82,LargeCaps5,0,109.2072,14.0426,0.05,4,75.00,true
1.82,LargeCaps5,1,-12.1222,-334.5951,12.12,2,0.00,false
1.82,LargeCaps5,2,39.3523,9.5617,12.77,8,75.00,true
1.82,LargeCaps5,3,-42.0062,-4.1905,52.48,7,57.14,false
1.82,LargeCaps5,4,-16.1481,0.0000,16.15,1,0.00,false
1.82,LargeCaps5,5,-9.5378,-7.8853,14.77,2,50.00,false
1.82,Legacy3,0,-11.4268,-0.4345,31.76,8,37.50,false
1.82,Legacy3,1,-20.0999,-13.3756,20.10,4,25.00,false
1.82,Legacy3,2,50.6807,17.2239,5.28,6,83.33,true
1.82,Legacy3,3,105.5386,16.0863,18.68,6,83.33,true
1.82,Legacy3,4,-28.3372,-70.9645,28.34,2,0.00,false
1.82,Legacy3,5,-37.6191,-37.6805,37.62,3,0.00,false
1.82,LowVolume5,0,-44.0559,-5.3875,56.90,10,20.00,false
1.82,LowVolume5,1,-60.4531,-18.6406,60.45,6,16.67,false
1.82,LowVolume5,2,63.0123,5.8450,16.38,9,77.78,true
1.82,LowVolume5,3,709.9265,34.8211,0.00,6,100.00,true
1.82,LowVolume5,4,-34.5043,-8.5610,38.03,4,25.00,false
1.82,LowVolume5,5,-48.1259,-39.0436,48.13,4,0.00,false
1.82,OldGuard4,0,26.5346,5.2014,22.81,8,50.00,true
1.82,OldGuard4,1,-55.3400,-25.2999,55.34,4,0.00,false
1.82,OldGuard4,2,51.0018,15.1866,5.28,7,85.71,true
1.82,OldGuard4,3,105.5386,16.0863,18.68,6,83.33,true
1.82,OldGuard4,4,-21.0952,-49.6924,21.10,2,0.00,false
1.82,OldGuard4,5,-48.1259,-39.0436,48.13,4,0.00,false
1.83,Base5,0,109.3028,17.9234,0.00,3,100.00,true
1.83,Base5,1,149.0540,10.0540,31.37,5,40.00,true
1.83,Base5,2,74.1730,12.2841,12.77,9,77.78,true
1.83,Base5,3,-9.0615,0.0619,28.12,6,66.67,false
1.83,Base5,4,-16.1481,0.0000,16.15,1,0.00,false
1.83,Base5,5,-29.1406,-15.9194,33.24,3,33.33,false
1.83,NoDOGE,0,109.3028,17.9234,0.00,3,100.00,true
1.83,NoDOGE,1,-12.1222,-334.5951,12.12,2,0.00,false
1.83,NoDOGE,2,39.3523,9.5617,12.77,8,75.00,true
1.83,NoDOGE,3,7.4968,2.6726,28.12,7,71.43,true
1.83,NoDOGE,4,-16.1481,0.0000,16.15,1,0.00,false
1.83,NoDOGE,5,-9.5378,-7.8853,14.77,2,50.00,false
1.83,Legacy4,0,-3.8348,-0.1475,22.05,6,50.00,false
1.83,Legacy4,1,-19.3185,-103.6541,19.32,3,0.00,false
1.83,Legacy4,2,92.8617,12.2602,12.77,7,71.43,true
1.83,Legacy4,3,-11.1705,-0.3653,28.12,5,60.00,false
1.83,Legacy4,4,-26.5176,-289.0109,26.52,2,0.00,false
1.83,Legacy4,5,-16.5523,-12.2248,16.55,3,33.33,false
1.83,Legacy5BNB,0,-3.8787,-0.1481,22.05,7,42.86,false
1.83,Legacy5BNB,1,-19.3185,-103.6541,19.32,3,0.00,false
1.83,Legacy5BNB,2,92.8617,12.2602,12.77,7,71.43,true
1.83,Legacy5BNB,3,-43.3512,-4.9224,52.48,6,50.00,false
1.83,Legacy5BNB,4,-16.1481,0.0000,16.15,1,0.00,false
1.83,Legacy5BNB,5,-37.0965,-11.1218,37.10,4,25.00,false
1.83,OldGuardNoBNB,0,3.2814,1.7401,22.81,8,50.00,true
1.83,OldGuardNoBNB,1,-58.5449,-22.2673,58.54,5,0.00,false
1.83,OldGuardNoBNB,2,92.8617,12.2602,12.77,7,71.43,true
1.83,OldGuardNoBNB,3,-11.1705,-0.3653,28.12,5,60.00,false
1.83,OldGuardNoBNB,4,-26.5176,-289.0109,26.52,2,0.00,false
1.83,OldGuardNoBNB,5,-30.6073,-18.1752,30.61,4,25.00,false
1.83,LargeCaps5,0,109.2072,14.0426,0.05,4,75.00,true
1.83,LargeCaps5,1,-12.1222,-334.5951,12.12,2,0.00,false
1.83,LargeCaps5,2,39.3523,9.5617,12.77,8,75.00,true
1.83,LargeCaps5,3,-42.0062,-4.1905,52.48,7,57.14,false
1.83,LargeCaps5,4,-16.1481,0.0000,16.15,1,0.00,false
1.83,LargeCaps5,5,-9.5378,-7.8853,14.77,2,50.00,false
1.83,Legacy3,0,-11.4268,-0.4345,31.76,8,37.50,false
1.83,Legacy3,1,-20.0999,-13.3756,20.10,4,25.00,false
1.83,Legacy3,2,50.6807,17.2239,5.28,6,83.33,true
1.83,Legacy3,3,105.5386,16.0863,18.68,6,83.33,true
1.83,Legacy3,4,-28.3372,-70.9645,28.34,2,0.00,false
1.83,Legacy3,5,-37.6191,-37.6805,37.62,3,0.00,false
1.83,LowVolume5,0,-44.0559,-5.3875,56.90,10,20.00,false
1.83,LowVolume5,1,-60.4531,-18.6406,60.45,6,16.67,false
1.83,LowVolume5,2,63.0123,5.8450,16.38,9,77.78,true
1.83,LowVolume5,3,709.9265,34.8211,0.00,6,100.00,true
1.83,LowVolume5,4,-34.5043,-8.5610,38.03,4,25.00,false
1.83,LowVolume5,5,-48.1259,-39.0436,48.13,4,0.00,false
1.83,OldGuard4,0,26.5346,5.2014,22.81,8,50.00,true
1.83,OldGuard4,1,-55.3400,-25.2999,55.34,4,0.00,false
1.83,OldGuard4,2,51.0018,15.1866,5.28,7,85.71,true
1.83,OldGuard4,3,105.5386,16.0863,18.68,6,83.33,true
1.83,OldGuard4,4,-21.0952,-49.6924,21.10,2,0.00,false
1.83,OldGuard4,5,-48.1259,-39.0436,48.13,4,0.00,false
1.84,Base5,0,109.3028,17.9234,0.00,3,100.00,true
1.84,Base5,1,149.0540,10.0540,31.37,5,40.00,true
1.84,Base5,2,74.1730,12.2841,12.77,9,77.78,true
1.84,Base5,3,-9.0615,0.0619,28.12,6,66.67,false
1.84,Base5,4,-16.1481,0.0000,16.15,1,0.00,false
1.84,Base5,5,-29.1406,-15.9194,33.24,3,33.33,false
1.84,NoDOGE,0,109.3028,17.9234,0.00,3,100.00,true
1.84,NoDOGE,1,-12.1222,-334.5951,12.12,2,0.00,false
1.84,NoDOGE,2,39.3523,9.5617,12.77,8,75.00,true
1.84,NoDOGE,3,7.4968,2.6726,28.12,7,71.43,true
1.84,NoDOGE,4,-16.1481,0.0000,16.15,1,0.00,false
1.84,NoDOGE,5,-9.5378,-7.8853,14.77,2,50.00,false
1.84,Legacy4,0,-3.8348,-0.1475,22.05,6,50.00,false
1.84,Legacy4,1,-19.3185,-103.6541,19.32,3,0.00,false
1.84,Legacy4,2,92.8617,12.2602,12.77,7,71.43,true
1.84,Legacy4,3,-11.1705,-0.3653,28.12,5,60.00,false
1.84,Legacy4,4,-26.5176,-289.0109,26.52,2,0.00,false
1.84,Legacy4,5,-16.5523,-12.2248,16.55,3,33.33,false
1.84,Legacy5BNB,0,-3.8787,-0.1481,22.05,7,42.86,false
1.84,Legacy5BNB,1,-19.3185,-103.6541,19.32,3,0.00,false
1.84,Legacy5BNB,2,92.8617,12.2602,12.77,7,71.43,true
1.84,Legacy5BNB,3,-43.3512,-4.9224,52.48,6,50.00,false
1.84,Legacy5BNB,4,-16.1481,0.0000,16.15,1,0.00,false
1.84,Legacy5BNB,5,-37.0965,-11.1218,37.10,4,25.00,false
1.84,OldGuardNoBNB,0,3.2814,1.7401,22.81,8,50.00,true
1.84,OldGuardNoBNB,1,-58.5449,-22.2673,58.54,5,0.00,false
1.84,OldGuardNoBNB,2,92.8617,12.2602,12.77,7,71.43,true
1.84,OldGuardNoBNB,3,-11.1705,-0.3653,28.12,5,60.00,false
1.84,OldGuardNoBNB,4,-26.5176,-289.0109,26.52,2,0.00,false
1.84,OldGuardNoBNB,5,-30.6073,-18.1752,30.61,4,25.00,false
1.84,LargeCaps5,0,109.2072,14.0426,0.05,4,75.00,true
1.84,LargeCaps5,1,-12.1222,-334.5951,12.12,2,0.00,false
1.84,LargeCaps5,2,39.3523,9.5617,12.77,8,75.00,true
1.84,LargeCaps5,3,-42.0062,-4.1905,52.48,7,57.14,false
1.84,LargeCaps5,4,-16.1481,0.0000,16.15,1,0.00,false
1.84,LargeCaps5,5,-9.5378,-7.8853,14.77,2,50.00,false
1.84,Legacy3,0,-11.4268,-0.4345,31.76,8,37.50,false
1.84,Legacy3,1,-20.0999,-13.3756,20.10,4,25.00,false
1.84,Legacy3,2,50.6807,17.2239,5.28,6,83.33,true
1.84,Legacy3,3,105.5386,16.0863,18.68,6,83.33,true
1.84,Legacy3,4,-28.3372,-70.9645,28.34,2,0.00,false
1.84,Legacy3,5,-37.6191,-37.6805,37.62,3,0.00,false
1.84,LowVolume5,0,-44.0559,-5.3875,56.90,10,20.00,false
1.84,LowVolume5,1,-60.4531,-18.6406,60.45,6,16.67,false
1.84,LowVolume5,2,63.0123,5.8450,16.38,9,77.78,true
1.84,LowVolume5,3,709.9265,34.8211,0.00,6,100.00,true
1.84,LowVolume5,4,-34.5043,-8.5610,38.03,4,25.00,false
1.84,LowVolume5,5,-48.1259,-39.0436,48.13,4,0.00,false
1.84,OldGuard4,0,26.5346,5.2014,22.81,8,50.00,true
1.84,OldGuard4,1,-55.3400,-25.2999,55.34,4,0.00,false
1.84,OldGuard4,2,51.0018,15.1866,5.28,7,85.71,true
1.84,OldGuard4,3,105.5386,16.0863,18.68,6,83.33,true
1.84,OldGuard4,4,-21.0952,-49.6924,21.10,2,0.00,false
1.84,OldGuard4,5,-48.1259,-39.0436,48.13,4,0.00,false
1.85,Base5,0,109.3028,17.9234,0.00,3,100.00,true
1.85,Base5,1,149.0540,10.0540,31.37,5,40.00,true
1.85,Base5,2,78.6529,14.3100,10.85,8,87.50,true
1.85,Base5,3,-9.0615,0.0619,28.12,6,66.67,false
1.85,Base5,4,-16.1481,0.0000,16.15,1,0.00,false
1.85,Base5,5,-29.1406,-15.9194,33.24,3,33.33,false
1.85,NoDOGE,0,109.3028,17.9234,0.00,3,100.00,true
1.85,NoDOGE,1,-12.1222,-334.5951,12.12,2,0.00,false
1.85,NoDOGE,2,42.9365,11.4549,10.85,7,85.71,true
1.85,NoDOGE,3,7.4968,2.6726,28.12,7,71.43,true
1.85,NoDOGE,4,-16.1481,0.0000,16.15,1,0.00,false
1.85,NoDOGE,5,-9.5378,-7.8853,14.77,2,50.00,false
1.85,Legacy4,0,-3.8348,-0.1475,22.05,6,50.00,false
1.85,Legacy4,1,-19.3185,-103.6541,19.32,3,0.00,false
1.85,Legacy4,2,97.8222,14.5249,10.85,6,83.33,true
1.85,Legacy4,3,-11.1705,-0.3653,28.12,5,60.00,false
1.85,Legacy4,4,-26.5176,-289.0109,26.52,2,0.00,false
1.85,Legacy4,5,-16.5523,-12.2248,16.55,3,33.33,false
1.85,Legacy5BNB,0,-3.8787,-0.1481,22.05,7,42.86,false
1.85,Legacy5BNB,1,-19.3185,-103.6541,19.32,3,0.00,false
1.85,Legacy5BNB,2,97.8222,14.5249,10.85,6,83.33,true
1.85,Legacy5BNB,3,-43.3512,-4.9224,52.48,6,50.00,false
1.85,Legacy5BNB,4,-16.1481,0.0000,16.15,1,0.00,false
1.85,Legacy5BNB,5,-37.0965,-11.1218,37.10,4,25.00,false
1.85,OldGuardNoBNB,0,3.2814,1.7401,22.81,8,50.00,true
1.85,OldGuardNoBNB,1,-58.5449,-22.2673,58.54,5,0.00,false
1.85,OldGuardNoBNB,2,97.8222,14.5249,10.85,6,83.33,true
1.85,OldGuardNoBNB,3,-11.1705,-0.3653,28.12,5,60.00,false
1.85,OldGuardNoBNB,4,-26.5176,-289.0109,26.52,2,0.00,false
1.85,OldGuardNoBNB,5,-30.6073,-18.1752,30.61,4,25.00,false
1.85,LargeCaps5,0,109.2072,14.0426,0.05,4,75.00,true
1.85,LargeCaps5,1,-12.1222,-334.5951,12.12,2,0.00,false
1.85,LargeCaps5,2,42.9365,11.4549,10.85,7,85.71,true
1.85,LargeCaps5,3,-42.0062,-4.1905,52.48,7,57.14,false
1.85,LargeCaps5,4,-16.1481,0.0000,16.15,1,0.00,false
1.85,LargeCaps5,5,-9.5378,-7.8853,14.77,2,50.00,false
1.85,Legacy3,0,-11.4268,-0.4345,31.76,8,37.50,false
1.85,Legacy3,1,-20.0999,-13.3756,20.10,4,25.00,false
1.85,Legacy3,2,50.6807,17.2239,5.28,6,83.33,true
1.85,Legacy3,3,105.5386,16.0863,18.68,6,83.33,true
1.85,Legacy3,4,-28.3372,-70.9645,28.34,2,0.00,false
1.85,Legacy3,5,-37.6191,-37.6805,37.62,3,0.00,false
1.85,LowVolume5,0,-44.0559,-5.3875,56.90,10,20.00,false
1.85,LowVolume5,1,-60.4531,-18.6406,60.45,6,16.67,false
1.85,LowVolume5,2,63.0123,5.8450,16.38,9,77.78,true
1.85,LowVolume5,3,709.9265,34.8211,0.00,6,100.00,true
1.85,LowVolume5,4,-16.6087,-11.6861,21.10,3,33.33,false
1.85,LowVolume5,5,-48.1259,-39.0436,48.13,4,0.00,false
1.85,OldGuard4,0,26.5346,5.2014,22.81,8,50.00,true
1.85,OldGuard4,1,-55.3400,-25.2999,55.34,4,0.00,false
1.85,OldGuard4,2,51.0018,15.1866,5.28,7,85.71,true
1.85,OldGuard4,3,105.5386,16.0863,18.68,6,83.33,true
1.85,OldGuard4,4,-21.0952,-49.6924,21.10,2,0.00,false
1.85,OldGuard4,5,-48.1259,-39.0436,48.13,4,0.00,false
1.86,Base5,0,109.3028,17.9234,0.00,3,100.00,true
1.86,Base5,1,149.0540,10.0540,31.37,5,40.00,true
1.86,Base5,2,78.6529,14.3100,10.85,8,87.50,true
1.86,Base5,3,-9.0615,0.0619,28.12,6,66.67,false
1.86,Base5,4,-16.1481,0.0000,16.15,1,0.00,false
1.86,Base5,5,-29.1406,-15.9194,33.24,3,33.33,false
1.86,NoDOGE,0,109.3028,17.9234,0.00,3,100.00,true
1.86,NoDOGE,1,-12.1222,-334.5951,12.12,2,0.00,false
1.86,NoDOGE,2,42.9365,11.4549,10.85,7,85.71,true
1.86,NoDOGE,3,7.4968,2.6726,28.12,7,71.43,true
1.86,NoDOGE,4,-16.1481,0.0000,16.15,1,0.00,false
1.86,NoDOGE,5,-9.5378,-7.8853,14.77,2,50.00,false
1.86,Legacy4,0,-3.8348,-0.1475,22.05,6,50.00,false
1.86,Legacy4,1,-19.3185,-103.6541,19.32,3,0.00,false
1.86,Legacy4,2,97.8222,14.5249,10.85,6,83.33,true
1.86,Legacy4,3,-11.1705,-0.3653,28.12,5,60.00,false
1.86,Legacy4,4,-26.5176,-289.0109,26.52,2,0.00,false
1.86,Legacy4,5,-16.5523,-12.2248,16.55,3,33.33,false
1.86,Legacy5BNB,0,-3.8787,-0.1481,22.05,7,42.86,false
1.86,Legacy5BNB,1,-19.3185,-103.6541,19.32,3,0.00,false
1.86,Legacy5BNB,2,97.8222,14.5249,10.85,6,83.33,true
1.86,Legacy5BNB,3,-43.3512,-4.9224,52.48,6,50.00,false
1.86,Legacy5BNB,4,-16.1481,0.0000,16.15,1,0.00,false
1.86,Legacy5BNB,5,-37.0965,-11.1218,37.10,4,25.00,false
1.86,OldGuardNoBNB,0,-25.3516,-5.6807,37.40,7,28.57,false
1.86,OldGuardNoBNB,1,-58.5449,-22.2673,58.54,5,0.00,false
1.86,OldGuardNoBNB,2,97.8222,14.5249,10.85,6,83.33,true
1.86,OldGuardNoBNB,3,-11.1705,-0.3653,28.12,5,60.00,false
1.86,OldGuardNoBNB,4,-26.5176,-289.0109,26.52,2,0.00,false
1.86,OldGuardNoBNB,5,-30.6073,-18.1752,30.61,4,25.00,false
1.86,LargeCaps5,0,109.2072,14.0426,0.05,4,75.00,true
1.86,LargeCaps5,1,-12.1222,-334.5951,12.12,2,0.00,false
1.86,LargeCaps5,2,42.9365,11.4549,10.85,7,85.71,true
1.86,LargeCaps5,3,-42.0062,-4.1905,52.48,7,57.14,false
1.86,LargeCaps5,4,-16.1481,0.0000,16.15,1,0.00,false
1.86,LargeCaps5,5,-9.5378,-7.8853,14.77,2,50.00,false
1.86,Legacy3,0,-11.4268,-0.4345,31.76,8,37.50,false
1.86,Legacy3,1,-20.0999,-13.3756,20.10,4,25.00,false
1.86,Legacy3,2,50.6807,17.2239,5.28,6,83.33,true
1.86,Legacy3,3,105.5386,16.0863,18.68,6,83.33,true
1.86,Legacy3,4,-28.3372,-70.9645,28.34,2,0.00,false
1.86,Legacy3,5,-23.2973,-32.8580,23.30,2,0.00,false
1.86,LowVolume5,0,-58.1697,-9.7583,67.77,10,10.00,false
1.86,LowVolume5,1,-60.4531,-18.6406,60.45,6,16.67,false
1.86,LowVolume5,2,63.0123,5.8450,16.38,9,77.78,true
1.86,LowVolume5,3,709.9265,34.8211,0.00,6,100.00,true
1.86,LowVolume5,4,-16.6087,-11.6861,21.10,3,33.33,false
1.86,LowVolume5,5,-36.2163,-40.7033,36.22,3,0.00,false
1.86,OldGuard4,0,-8.5450,-0.0464,37.40,7,28.57,false
1.86,OldGuard4,1,-55.3400,-25.2999,55.34,4,0.00,false
1.86,OldGuard4,2,51.0018,15.1866,5.28,7,85.71,true
1.86,OldGuard4,3,105.5386,16.0863,18.68,6,83.33,true
1.86,OldGuard4,4,-21.0952,-49.6924,21.10,2,0.00,false
1.86,OldGuard4,5,-36.2163,-40.7033,36.22,3,0.00,false
1.87,Base5,0,109.3028,17.9234,0.00,3,100.00,true
1.87,Base5,1,149.0540,10.0540,31.37,5,40.00,true
1.87,Base5,2,78.6529,14.3100,10.85,8,87.50,true
1.87,Base5,3,-9.0615,0.0619,28.12,6,66.67,false
1.87,Base5,4,-16.1481,0.0000,16.15,1,0.00,false
1.87,Base5,5,-16.8599,-10.4057,21.67,2,50.00,false
1.87,NoDOGE,0,109.3028,17.9234,0.00,3,100.00,true
1.87,NoDOGE,1,-12.1222,-334.5951,12.12,2,0.00,false
1.87,NoDOGE,2,42.9365,11.4549,10.85,7,85.71,true
1.87,NoDOGE,3,7.4968,2.6726,28.12,7,71.43,true
1.87,NoDOGE,4,-16.1481,0.0000,16.15,1,0.00,false
1.87,NoDOGE,5,6.1403,112707245509630832.0000,0.00,1,100.00,false
1.87,Legacy4,0,-3.8348,-0.1475,22.05,6,50.00,false
1.87,Legacy4,1,-19.3185,-103.6541,19.32,3,0.00,false
1.87,Legacy4,2,97.8222,14.5249,10.85,6,83.33,true
1.87,Legacy4,3,-11.1705,-0.3653,28.12,5,60.00,false
1.87,Legacy4,4,-26.5176,-289.0109,26.52,2,0.00,false
1.87,Legacy4,5,-2.0899,-2.1603,7.75,2,50.00,false
1.87,Legacy5BNB,0,-13.4834,-2.6934,27.45,7,42.86,false
1.87,Legacy5BNB,1,-19.3185,-103.6541,19.32,3,0.00,false
1.87,Legacy5BNB,2,97.8222,14.5249,10.85,6,83.33,true
1.87,Legacy5BNB,3,-43.3512,-4.9224,52.48,6,50.00,false
1.87,Legacy5BNB,4,-16.1481,0.0000,16.15,1,0.00,false
1.87,Legacy5BNB,5,-26.1946,-8.6648,26.19,3,33.33,false
1.87,OldGuardNoBNB,0,-25.3516,-5.6807,37.40,7,28.57,false
1.87,OldGuardNoBNB,1,-58.5449,-22.2673,58.54,5,0.00,false
1.87,OldGuardNoBNB,2,97.8222,14.5249,10.85,6,83.33,true
1.87,OldGuardNoBNB,3,-11.1705,-0.3653,28.12,5,60.00,false
1.87,OldGuardNoBNB,4,-26.5176,-289.0109,26.52,2,0.00,false
1.87,OldGuardNoBNB,5,-18.5808,-12.7603,23.29,3,33.33,false
1.87,LargeCaps5,0,88.3026,11.9910,10.03,4,75.00,true
1.87,LargeCaps5,1,-12.1222,-334.5951,12.12,2,0.00,false
1.87,LargeCaps5,2,42.9365,11.4549,10.85,7,85.71,true
1.87,LargeCaps5,3,-42.0062,-4.1905,52.48,7,57.14,false
1.87,LargeCaps5,4,-16.1481,0.0000,16.15,1,0.00,false
1.87,LargeCaps5,5,6.1403,112707245509630832.0000,0.00,1,100.00,false
1.87,Legacy3,0,-11.4268,-0.4345,31.76,8,37.50,false
1.87,Legacy3,1,-20.0999,-13.3756,20.10,4,25.00,false
1.87,Legacy3,2,50.6807,17.2239,5.28,6,83.33,true
1.87,Legacy3,3,105.5386,16.0863,18.68,6,83.33,true
1.87,Legacy3,4,-28.3372,-70.9645,28.34,2,0.00,false
1.87,Legacy3,5,-23.2973,-32.8580,23.30,2,0.00,false
1.87,LowVolume5,0,-58.1697,-9.7583,67.77,10,10.00,false
1.87,LowVolume5,1,-60.4531,-18.6406,60.45,6,16.67,false
1.87,LowVolume5,2,63.0123,5.8450,16.38,9,77.78,true
1.87,LowVolume5,3,709.9265,34.8211,0.00,6,100.00,true
1.87,LowVolume5,4,-16.6087,-11.6861,21.10,3,33.33,false
1.87,LowVolume5,5,-36.2163,-40.7033,36.22,3,0.00,false
1.87,OldGuard4,0,-8.5450,-0.0464,37.40,7,28.57,false
1.87,OldGuard4,1,-55.3400,-25.2999,55.34,4,0.00,false
1.87,OldGuard4,2,51.0018,15.1866,5.28,7,85.71,true
1.87,OldGuard4,3,105.5386,16.0863,18.68,6,83.33,true
1.87,OldGuard4,4,-21.0952,-49.6924,21.10,2,0.00,false
1.87,OldGuard4,5,-36.2163,-40.7033,36.22,3,0.00,false
1.88,Base5,0,109.3028,17.9234,0.00,3,100.00,true
1.88,Base5,1,149.0540,10.0540,31.37,5,40.00,true
1.88,Base5,2,78.6529,14.3100,10.85,8,87.50,true
1.88,Base5,3,-0.0412,1.7820,28.12,6,66.67,false
1.88,Base5,4,-16.1481,0.0000,16.15,1,0.00,false
1.88,Base5,5,-16.8599,-10.4057,21.67,2,50.00,false
1.88,NoDOGE,0,109.3028,17.9234,0.00,3,100.00,true
1.88,NoDOGE,1,-12.1222,-334.5951,12.12,2,0.00,false
1.88,NoDOGE,2,42.9365,11.4549,10.85,7,85.71,true
1.88,NoDOGE,3,18.1595,4.0385,28.12,7,71.43,true
1.88,NoDOGE,4,-16.1481,0.0000,16.15,1,0.00,false
1.88,NoDOGE,5,6.1403,112707245509630832.0000,0.00,1,100.00,false
1.88,Legacy4,0,-3.8348,-0.1475,22.05,6,50.00,false
1.88,Legacy4,1,-19.3185,-103.6541,19.32,3,0.00,false
1.88,Legacy4,2,97.8222,14.5249,10.85,6,83.33,true
1.88,Legacy4,3,-2.3594,1.5704,28.12,5,60.00,false
1.88,Legacy4,4,-26.5176,-289.0109,26.52,2,0.00,false
1.88,Legacy4,5,-2.0899,-2.1603,7.75,2,50.00,false
1.88,Legacy5BNB,0,-13.4834,-2.6934,27.45,7,42.86,false
1.88,Legacy5BNB,1,-19.3185,-103.6541,19.32,3,0.00,false
1.88,Legacy5BNB,2,97.8222,14.5249,10.85,6,83.33,true
1.88,Legacy5BNB,3,-37.7321,-3.2335,52.48,6,50.00,false
1.88,Legacy5BNB,4,-16.1481,0.0000,16.15,1,0.00,false
1.88,Legacy5BNB,5,-26.1946,-8.6648,26.19,3,33.33,false
1.88,OldGuardNoBNB,0,-25.3516,-5.6807,37.40,7,28.57,false
1.88,OldGuardNoBNB,1,-58.5449,-22.2673,58.54,5,0.00,false
1.88,OldGuardNoBNB,2,97.8222,14.5249,10.85,6,83.33,true
1.88,OldGuardNoBNB,3,-2.3594,1.5704,28.12,5,60.00,false
1.88,OldGuardNoBNB,4,-26.5176,-289.0109,26.52,2,0.00,false
1.88,OldGuardNoBNB,5,-18.5808,-12.7603,23.29,3,33.33,false
1.88,LargeCaps5,0,88.3026,11.9910,10.03,4,75.00,true
1.88,LargeCaps5,1,-12.1222,-334.5951,12.12,2,0.00,false
1.88,LargeCaps5,2,42.9365,11.4549,10.85,7,85.71,true
1.88,LargeCaps5,3,-36.2537,-2.6866,52.48,7,57.14,false
1.88,LargeCaps5,4,-16.1481,0.0000,16.15,1,0.00,false
1.88,LargeCaps5,5,6.1403,112707245509630832.0000,0.00,1,100.00,false
1.88,Legacy3,0,-11.4268,-0.4345,31.76,8,37.50,false
1.88,Legacy3,1,-20.0999,-13.3756,20.10,4,25.00,false
1.88,Legacy3,2,50.6807,17.2239,5.28,6,83.33,true
1.88,Legacy3,3,240.2853,36.1280,0.00,5,100.00,true
1.88,Legacy3,4,-28.3372,-70.9645,28.34,2,0.00,false
1.88,Legacy3,5,-23.2973,-32.8580,23.30,2,0.00,false
1.88,LowVolume5,0,-58.1697,-9.7583,67.77,10,10.00,false
1.88,LowVolume5,1,-60.4531,-18.6406,60.45,6,16.67,false
1.88,LowVolume5,2,63.0123,5.8450,16.38,9,77.78,true
1.88,LowVolume5,3,709.9265,34.8211,0.00,6,100.00,true
1.88,LowVolume5,4,-16.6087,-11.6861,21.10,3,33.33,false
1.88,LowVolume5,5,-36.2163,-40.7033,36.22,3,0.00,false
1.88,OldGuard4,0,-8.5450,-0.0464,37.40,7,28.57,false
1.88,OldGuard4,1,-55.3400,-25.2999,55.34,4,0.00,false
1.88,OldGuard4,2,51.0018,15.1866,5.28,7,85.71,true
1.88,OldGuard4,3,240.2853,36.1280,0.00,5,100.00,true
1.88,OldGuard4,4,-21.0952,-49.6924,21.10,2,0.00,false
1.88,OldGuard4,5,-36.2163,-40.7033,36.22,3,0.00,false
1.89,Base5,0,109.3028,17.9234,0.00,3,100.00,true
1.89,Base5,1,262.9191,14.2291,16.09,4,50.00,true
1.89,Base5,2,78.6529,14.3100,10.85,8,87.50,true
1.89,Base5,3,-0.0412,1.7820,28.12,6,66.67,false
1.89,Base5,4,-16.1481,0.0000,16.15,1,0.00,false
1.89,Base5,5,-16.8599,-10.4057,21.67,2,50.00,false
1.89,NoDOGE,0,109.3028,17.9234,0.00,3,100.00,true
1.89,NoDOGE,1,-12.1222,-334.5951,12.12,2,0.00,false
1.89,NoDOGE,2,42.9365,11.4549,10.85,7,85.71,true
1.89,NoDOGE,3,18.1595,4.0385,28.12,7,71.43,true
1.89,NoDOGE,4,-16.1481,0.0000,16.15,1,0.00,false
1.89,NoDOGE,5,6.1403,112707245509630832.0000,0.00,1,100.00,false
1.89,Legacy4,0,-3.8348,-0.1475,22.05,6,50.00,false
1.89,Legacy4,1,-19.3185,-103.6541,19.32,3,0.00,false
1.89,Legacy4,2,97.8222,14.5249,10.85,6,83.33,true
1.89,Legacy4,3,-2.3594,1.5704,28.12,5,60.00,false
1.89,Legacy4,4,-26.5176,-289.0109,26.52,2,0.00,false
1.89,Legacy4,5,-2.0899,-2.1603,7.75,2,50.00,false
1.89,Legacy5BNB,0,-13.4834,-2.6934,27.45,7,42.86,false
1.89,Legacy5BNB,1,-19.3185,-103.6541,19.32,3,0.00,false
1.89,Legacy5BNB,2,97.8222,14.5249,10.85,6,83.33,true
1.89,Legacy5BNB,3,-37.7321,-3.2335,52.48,6,50.00,false
1.89,Legacy5BNB,4,-16.1481,0.0000,16.15,1,0.00,false
1.89,Legacy5BNB,5,-26.1946,-8.6648,26.19,3,33.33,false
1.89,OldGuardNoBNB,0,-25.3516,-5.6807,37.40,7,28.57,false
1.89,OldGuardNoBNB,1,-58.5449,-22.2673,58.54,5,0.00,false
1.89,OldGuardNoBNB,2,97.8222,14.5249,10.85,6,83.33,true
1.89,OldGuardNoBNB,3,-2.3594,1.5704,28.12,5,60.00,false
1.89,OldGuardNoBNB,4,-26.5176,-289.0109,26.52,2,0.00,false
1.89,OldGuardNoBNB,5,-18.5808,-12.7603,23.29,3,33.33,false
1.89,LargeCaps5,0,88.3026,11.9910,10.03,4,75.00,true
1.89,LargeCaps5,1,-12.1222,-334.5951,12.12,2,0.00,false
1.89,LargeCaps5,2,42.9365,11.4549,10.85,7,85.71,true
1.89,LargeCaps5,3,-36.2537,-2.6866,52.48,7,57.14,false
1.89,LargeCaps5,4,-16.1481,0.0000,16.15,1,0.00,false
1.89,LargeCaps5,5,6.1403,112707245509630832.0000,0.00,1,100.00,false
1.89,Legacy3,0,-11.4268,-0.4345,31.76,8,37.50,false
1.89,Legacy3,1,-20.0999,-13.3756,20.10,4,25.00,false
1.89,Legacy3,2,50.6807,17.2239,5.28,6,83.33,true
1.89,Legacy3,3,240.2853,36.1280,0.00,5,100.00,true
1.89,Legacy3,4,-28.3372,-70.9645,28.34,2,0.00,false
1.89,Legacy3,5,-23.2973,-32.8580,23.30,2,0.00,false
1.89,LowVolume5,0,-58.1697,-9.7583,67.77,10,10.00,false
1.89,LowVolume5,1,-60.4531,-18.6406,60.45,6,16.67,false
1.89,LowVolume5,2,63.0123,5.8450,16.38,9,77.78,true
1.89,LowVolume5,3,709.9265,34.8211,0.00,6,100.00,true
1.89,LowVolume5,4,-16.6087,-11.6861,21.10,3,33.33,false
1.89,LowVolume5,5,-36.2163,-40.7033,36.22,3,0.00,false
1.89,OldGuard4,0,-8.5450,-0.0464,37.40,7,28.57,false
1.89,OldGuard4,1,-55.3400,-25.2999,55.34,4,0.00,false
1.89,OldGuard4,2,51.0018,15.1866,5.28,7,85.71,true
1.89,OldGuard4,3,240.2853,36.1280,0.00,5,100.00,true
1.89,OldGuard4,4,-21.0952,-49.6924,21.10,2,0.00,false
1.89,OldGuard4,5,-36.2163,-40.7033,36.22,3,0.00,false
1.90,Base5,0,109.3028,17.9234,0.00,3,100.00,true
1.90,Base5,1,262.9191,14.2291,16.09,4,50.00,true
1.90,Base5,2,78.6529,14.3100,10.85,8,87.50,true
1.90,Base5,3,-0.0412,1.7820,28.12,6,66.67,false
1.90,Base5,4,-16.1481,0.0000,16.15,1,0.00,false
1.90,Base5,5,-16.8599,-10.4057,21.67,2,50.00,false
1.90,NoDOGE,0,109.3028,17.9234,0.00,3,100.00,true
1.90,NoDOGE,1,-12.1222,-334.5951,12.12,2,0.00,false
1.90,NoDOGE,2,42.9365,11.4549,10.85,7,85.71,true
1.90,NoDOGE,3,18.1595,4.0385,28.12,7,71.43,true
1.90,NoDOGE,4,-16.1481,0.0000,16.15,1,0.00,false
1.90,NoDOGE,5,6.1403,112707245509630832.0000,0.00,1,100.00,false
1.90,Legacy4,0,-3.8348,-0.1475,22.05,6,50.00,false
1.90,Legacy4,1,-19.3185,-103.6541,19.32,3,0.00,false
1.90,Legacy4,2,97.8222,14.5249,10.85,6,83.33,true
1.90,Legacy4,3,-2.3594,1.5704,28.12,5,60.00,false
1.90,Legacy4,4,-26.5176,-289.0109,26.52,2,0.00,false
1.90,Legacy4,5,-2.0899,-2.1603,7.75,2,50.00,false
1.90,Legacy5BNB,0,-13.4834,-2.6934,27.45,7,42.86,false
1.90,Legacy5BNB,1,-19.3185,-103.6541,19.32,3,0.00,false
1.90,Legacy5BNB,2,97.8222,14.5249,10.85,6,83.33,true
1.90,Legacy5BNB,3,-37.7321,-3.2335,52.48,6,50.00,false
1.90,Legacy5BNB,4,-16.1481,0.0000,16.15,1,0.00,false
1.90,Legacy5BNB,5,-26.1946,-8.6648,26.19,3,33.33,false
1.90,OldGuardNoBNB,0,-25.3516,-5.6807,37.40,7,28.57,false
1.90,OldGuardNoBNB,1,-58.5449,-22.2673,58.54,5,0.00,false
1.90,OldGuardNoBNB,2,97.8222,14.5249,10.85,6,83.33,true
1.90,OldGuardNoBNB,3,-2.3594,1.5704,28.12,5,60.00,false
1.90,OldGuardNoBNB,4,-26.5176,-289.0109,26.52,2,0.00,false
1.90,OldGuardNoBNB,5,-18.5808,-12.7603,23.29,3,33.33,false
1.90,LargeCaps5,0,88.3026,11.9910,10.03,4,75.00,true
1.90,LargeCaps5,1,-12.1222,-334.5951,12.12,2,0.00,false
1.90,LargeCaps5,2,42.9365,11.4549,10.85,7,85.71,true
1.90,LargeCaps5,3,-36.2537,-2.6866,52.48,7,57.14,false
1.90,LargeCaps5,4,-16.1481,0.0000,16.15,1,0.00,false
1.90,LargeCaps5,5,6.1403,112707245509630832.0000,0.00,1,100.00,false
1.90,Legacy3,0,-11.4268,-0.4345,31.76,8,37.50,false
1.90,Legacy3,1,-20.0999,-13.3756,20.10,4,25.00,false
1.90,Legacy3,2,50.6807,17.2239,5.28,6,83.33,true
1.90,Legacy3,3,240.2853,36.1280,0.00,5,100.00,true
1.90,Legacy3,4,-28.3372,-70.9645,28.34,2,0.00,false
1.90,Legacy3,5,-30.8223,-19.3529,30.82,2,0.00,false
1.90,LowVolume5,0,-58.1697,-9.7583,67.77,10,10.00,false
1.90,LowVolume5,1,-60.4531,-18.6406,60.45,6,16.67,false
1.90,LowVolume5,2,44.2633,4.5647,16.38,9,66.67,true
1.90,LowVolume5,3,709.9265,34.8211,0.00,6,100.00,true
1.90,LowVolume5,4,-16.6087,-11.6861,21.10,3,33.33,false
1.90,LowVolume5,5,-42.4739,-20.1774,42.47,3,0.00,false
1.90,OldGuard4,0,-8.5450,-0.0464,37.40,7,28.57,false
1.90,OldGuard4,1,-55.3400,-25.2999,55.34,4,0.00,false
1.90,OldGuard4,2,51.0018,15.1866,5.28,7,85.71,true
1.90,OldGuard4,3,240.2853,36.1280,0.00,5,100.00,true
1.90,OldGuard4,4,-21.0952,-49.6924,21.10,2,0.00,false
1.90,OldGuard4,5,-42.4739,-20.1774,42.47,3,0.00,false
1.91,Base5,0,109.3028,17.9234,0.00,3,100.00,true
1.91,Base5,1,262.9191,14.2291,16.09,4,50.00,true
1.91,Base5,2,78.6529,14.3100,10.85,8,87.50,true
1.91,Base5,3,-0.0412,1.7820,28.12,6,66.67,false
1.91,Base5,4,-16.1481,0.0000,16.15,1,0.00,false
1.91,Base5,5,-16.8599,-10.4057,21.67,2,50.00,false
1.91,NoDOGE,0,109.3028,17.9234,0.00,3,100.00,true
1.91,NoDOGE,1,-12.1222,-334.5951,12.12,2,0.00,false
1.91,NoDOGE,2,42.9365,11.4549,10.85,7,85.71,true
1.91,NoDOGE,3,18.1595,4.0385,28.12,7,71.43,true
1.91,NoDOGE,4,-16.1481,0.0000,16.15,1,0.00,false
1.91,NoDOGE,5,6.1403,112707245509630832.0000,0.00,1,100.00,false
1.91,Legacy4,0,-3.8348,-0.1475,22.05,6,50.00,false
1.91,Legacy4,1,-19.3185,-103.6541,19.32,3,0.00,false
1.91,Legacy4,2,97.8222,14.5249,10.85,6,83.33,true
1.91,Legacy4,3,-2.3594,1.5704,28.12,5,60.00,false
1.91,Legacy4,4,-26.5176,-289.0109,26.52,2,0.00,false
1.91,Legacy4,5,-2.0899,-2.1603,7.75,2,50.00,false
1.91,Legacy5BNB,0,-13.4834,-2.6934,27.45,7,42.86,false
1.91,Legacy5BNB,1,-19.3185,-103.6541,19.32,3,0.00,false
1.91,Legacy5BNB,2,97.8222,14.5249,10.85,6,83.33,true
1.91,Legacy5BNB,3,-26.4239,-1.5453,43.85,5,60.00,false
1.91,Legacy5BNB,4,-16.1481,0.0000,16.15,1,0.00,false
1.91,Legacy5BNB,5,-26.1946,-8.6648,26.19,3,33.33,false
1.91,OldGuardNoBNB,0,-25.3516,-5.6807,37.40,7,28.57,false
1.91,OldGuardNoBNB,1,-58.5449,-22.2673,58.54,5,0.00,false
1.91,OldGuardNoBNB,2,97.8222,14.5249,10.85,6,83.33,true
1.91,OldGuardNoBNB,3,-2.3594,1.5704,28.12,5,60.00,false
1.91,OldGuardNoBNB,4,-26.5176,-289.0109,26.52,2,0.00,false
1.91,OldGuardNoBNB,5,-18.5808,-12.7603,23.29,3,33.33,false
1.91,LargeCaps5,0,88.3026,11.9910,10.03,4,75.00,true
1.91,LargeCaps5,1,-12.1222,-334.5951,12.12,2,0.00,false
1.91,LargeCaps5,2,42.9365,11.4549,10.85,7,85.71,true
1.91,LargeCaps5,3,-24.6771,-1.0961,43.85,6,66.67,false
1.91,LargeCaps5,4,-16.1481,0.0000,16.15,1,0.00,false
1.91,LargeCaps5,5,6.1403,112707245509630832.0000,0.00,1,100.00,false
1.91,Legacy3,0,-11.4268,-0.4345,31.76,8,37.50,false
1.91,Legacy3,1,-8.2188,-8.3826,8.22,3,33.33,false
1.91,Legacy3,2,50.6807,17.2239,5.28,6,83.33,true
1.91,Legacy3,3,240.2853,36.1280,0.00,5,100.00,true
1.91,Legacy3,4,-28.3372,-70.9645,28.34,2,0.00,false
1.91,Legacy3,5,-30.8223,-19.3529,30.82,2,0.00,false
1.91,LowVolume5,0,-58.1697,-9.7583,67.77,10,10.00,false
1.91,LowVolume5,1,-54.5725,-16.8982,54.57,5,20.00,false
1.91,LowVolume5,2,44.2633,4.5647,16.38,9,66.67,true
1.91,LowVolume5,3,709.9265,34.8211,0.00,6,100.00,true
1.91,LowVolume5,4,-16.6087,-11.6861,21.10,3,33.33,false
1.91,LowVolume5,5,-42.4739,-20.1774,42.47,3,0.00,false
1.91,OldGuard4,0,-8.5450,-0.0464,37.40,7,28.57,false
1.91,OldGuard4,1,-55.3400,-25.2999,55.34,4,0.00,false
1.91,OldGuard4,2,51.0018,15.1866,5.28,7,85.71,true
1.91,OldGuard4,3,240.2853,36.1280,0.00,5,100.00,true
1.91,OldGuard4,4,-21.0952,-49.6924,21.10,2,0.00,false
1.91,OldGuard4,5,-42.4739,-20.1774,42.47,3,0.00,false
1.92,Base5,0,109.3028,17.9234,0.00,3,100.00,true
1.92,Base5,1,262.9191,14.2291,16.09,4,50.00,true
1.92,Base5,2,78.6529,14.3100,10.85,8,87.50,true
1.92,Base5,3,-0.0412,1.7820,28.12,6,66.67,false
1.92,Base5,4,-16.1481,0.0000,16.15,1,0.00,false
1.92,Base5,5,-16.8599,-10.4057,21.67,2,50.00,false
1.92,NoDOGE,0,109.3028,17.9234,0.00,3,100.00,true
1.92,NoDOGE,1,-12.1222,-334.5951,12.12,2,0.00,false
1.92,NoDOGE,2,42.9365,11.4549,10.85,7,85.71,true
1.92,NoDOGE,3,18.1595,4.0385,28.12,7,71.43,true
1.92,NoDOGE,4,-16.1481,0.0000,16.15,1,0.00,false
1.92,NoDOGE,5,6.1403,112707245509630832.0000,0.00,1,100.00,false
1.92,Legacy4,0,-3.8348,-0.1475,22.05,6,50.00,false
1.92,Legacy4,1,-19.3185,-103.6541,19.32,3,0.00,false
1.92,Legacy4,2,97.8222,14.5249,10.85,6,83.33,true
1.92,Legacy4,3,-2.3594,1.5704,28.12,5,60.00,false
1.92,Legacy4,4,-26.5176,-289.0109,26.52,2,0.00,false
1.92,Legacy4,5,-2.0899,-2.1603,7.75,2,50.00,false
1.92,Legacy5BNB,0,-13.4834,-2.6934,27.45,7,42.86,false
1.92,Legacy5BNB,1,-19.3185,-103.6541,19.32,3,0.00,false
1.92,Legacy5BNB,2,97.8222,14.5249,10.85,6,83.33,true
1.92,Legacy5BNB,3,-26.4239,-1.5453,43.85,5,60.00,false
1.92,Legacy5BNB,4,-16.1481,0.0000,16.15,1,0.00,false
1.92,Legacy5BNB,5,-26.1946,-8.6648,26.19,3,33.33,false
1.92,OldGuardNoBNB,0,-25.3516,-5.6807,37.40,7,28.57,false
1.92,OldGuardNoBNB,1,-58.5449,-22.2673,58.54,5,0.00,false
1.92,OldGuardNoBNB,2,97.8222,14.5249,10.85,6,83.33,true
1.92,OldGuardNoBNB,3,-2.3594,1.5704,28.12,5,60.00,false
1.92,OldGuardNoBNB,4,-26.5176,-289.0109,26.52,2,0.00,false
1.92,OldGuardNoBNB,5,-18.5808,-12.7603,23.29,3,33.33,false
1.92,LargeCaps5,0,88.3026,11.9910,10.03,4,75.00,true
1.92,LargeCaps5,1,-12.1222,-334.5951,12.12,2,0.00,false
1.92,LargeCaps5,2,42.9365,11.4549,10.85,7,85.71,true
1.92,LargeCaps5,3,-24.6771,-1.0961,43.85,6,66.67,false
1.92,LargeCaps5,4,-16.1481,0.0000,16.15,1,0.00,false
1.92,LargeCaps5,5,6.1403,112707245509630832.0000,0.00,1,100.00,false
1.92,Legacy3,0,-11.4268,-0.4345,31.76,8,37.50,false
1.92,Legacy3,1,-8.2188,-8.3826,8.22,3,33.33,false
1.92,Legacy3,2,50.6807,17.2239,5.28,6,83.33,true
1.92,Legacy3,3,240.2853,36.1280,0.00,5,100.00,true
1.92,Legacy3,4,-28.3372,-70.9645,28.34,2,0.00,false
1.92,Legacy3,5,-30.8223,-19.3529,30.82,2,0.00,false
1.92,LowVolume5,0,-58.1697,-9.7583,67.77,10,10.00,false
1.92,LowVolume5,1,-54.5725,-16.8982,54.57,5,20.00,false
1.92,LowVolume5,2,44.2633,4.5647,16.38,9,66.67,true
1.92,LowVolume5,3,709.9265,34.8211,0.00,6,100.00,true
1.92,LowVolume5,4,-16.6087,-11.6861,21.10,3,33.33,false
1.92,LowVolume5,5,-42.4739,-20.1774,42.47,3,0.00,false
1.92,OldGuard4,0,-8.5450,-0.0464,37.40,7,28.57,false
1.92,OldGuard4,1,-55.3400,-25.2999,55.34,4,0.00,false
1.92,OldGuard4,2,51.0018,15.1866,5.28,7,85.71,true
1.92,OldGuard4,3,240.2853,36.1280,0.00,5,100.00,true
1.92,OldGuard4,4,-21.0952,-49.6924,21.10,2,0.00,false
1.92,OldGuard4,5,-42.4739,-20.1774,42.47,3,0.00,false
1.93,Base5,0,109.3028,17.9234,0.00,3,100.00,true
1.93,Base5,1,262.9191,14.2291,16.09,4,50.00,true
1.93,Base5,2,78.6529,14.3100,10.85,8,87.50,true
1.93,Base5,3,-0.0412,1.7820,28.12,6,66.67,false
1.93,Base5,4,-16.1481,0.0000,16.15,1,0.00,false
1.93,Base5,5,-16.8599,-10.4057,21.67,2,50.00,false
1.93,NoDOGE,0,109.3028,17.9234,0.00,3,100.00,true
1.93,NoDOGE,1,-12.1222,-334.5951,12.12,2,0.00,false
1.93,NoDOGE,2,42.9365,11.4549,10.85,7,85.71,true
1.93,NoDOGE,3,18.1595,4.0385,28.12,7,71.43,true
1.93,NoDOGE,4,-16.1481,0.0000,16.15,1,0.00,false
1.93,NoDOGE,5,6.1403,112707245509630832.0000,0.00,1,100.00,false
1.93,Legacy4,0,-3.8348,-0.1475,22.05,6,50.00,false
1.93,Legacy4,1,-19.3185,-103.6541,19.32,3,0.00,false
1.93,Legacy4,2,97.8222,14.5249,10.85,6,83.33,true
1.93,Legacy4,3,-2.3594,1.5704,28.12,5,60.00,false
1.93,Legacy4,4,-26.5176,-289.0109,26.52,2,0.00,false
1.93,Legacy4,5,-2.0899,-2.1603,7.75,2,50.00,false
1.93,Legacy5BNB,0,-3.8348,-0.1475,22.05,6,50.00,false
1.93,Legacy5BNB,1,-19.3185,-103.6541,19.32,3,0.00,false
1.93,Legacy5BNB,2,97.8222,14.5249,10.85,6,83.33,true
1.93,Legacy5BNB,3,-26.4239,-1.5453,43.85,5,60.00,false
1.93,Legacy5BNB,4,-16.1481,0.0000,16.15,1,0.00,false
1.93,Legacy5BNB,5,-26.1946,-8.6648,26.19,3,33.33,false
1.93,OldGuardNoBNB,0,-3.2887,-0.5098,18.90,6,33.33,false
1.93,OldGuardNoBNB,1,-58.5449,-22.2673,58.54,5,0.00,false
1.93,OldGuardNoBNB,2,97.8222,14.5249,10.85,6,83.33,true
1.93,OldGuardNoBNB,3,-2.3594,1.5704,28.12,5,60.00,false
1.93,OldGuardNoBNB,4,-26.5176,-289.0109,26.52,2,0.00,false
1.93,OldGuardNoBNB,5,-18.5808,-12.7603,23.29,3,33.33,false
1.93,LargeCaps5,0,109.3028,17.9234,0.00,3,100.00,true
1.93,LargeCaps5,1,-12.1222,-334.5951,12.12,2,0.00,false
1.93,LargeCaps5,2,42.9365,11.4549,10.85,7,85.71,true
1.93,LargeCaps5,3,-24.6771,-1.0961,43.85,6,66.67,false
1.93,LargeCaps5,4,-16.1481,0.0000,16.15,1,0.00,false
1.93,LargeCaps5,5,6.1403,112707245509630832.0000,0.00,1,100.00,false
1.93,Legacy3,0,-11.4268,-0.4345,31.76,8,37.50,false
1.93,Legacy3,1,-8.2188,-8.3826,8.22,3,33.33,false
1.93,Legacy3,2,50.6807,17.2239,5.28,6,83.33,true
1.93,Legacy3,3,148.3685,31.1670,0.00,4,100.00,true
1.93,Legacy3,4,-28.3372,-70.9645,28.34,2,0.00,false
1.93,Legacy3,5,-30.8223,-19.3529,30.82,2,0.00,false
1.93,LowVolume5,0,-45.8065,-7.6409,58.25,9,11.11,false
1.93,LowVolume5,1,-54.5725,-16.8982,54.57,5,20.00,false
1.93,LowVolume5,2,44.2633,4.5647,16.38,9,66.67,true
1.93,LowVolume5,3,491.1517,33.0310,0.00,5,100.00,true
1.93,LowVolume5,4,-16.6087,-11.6861,21.10,3,33.33,false
1.93,LowVolume5,5,-42.4739,-20.1774,42.47,3,0.00,false
1.93,OldGuard4,0,18.4852,5.2577,18.90,6,33.33,true
1.93,OldGuard4,1,-55.3400,-25.2999,55.34,4,0.00,false
1.93,OldGuard4,2,51.0018,15.1866,5.28,7,85.71,true
1.93,OldGuard4,3,148.3685,31.1670,0.00,4,100.00,true
1.93,OldGuard4,4,-21.0952,-49.6924,21.10,2,0.00,false
1.93,OldGuard4,5,-42.4739,-20.1774,42.47,3,0.00,false
1.94,Base5,0,109.3028,17.9234,0.00,3,100.00,true
1.94,Base5,1,262.9191,14.2291,16.09,4,50.00,true
1.94,Base5,2,78.6529,14.3100,10.85,8,87.50,true
1.94,Base5,3,-0.0412,1.7820,28.12,6,66.67,false
1.94,Base5,4,-16.1481,0.0000,16.15,1,0.00,false
1.94,Base5,5,-16.8599,-10.4057,21.67,2,50.00,false
1.94,NoDOGE,0,109.3028,17.9234,0.00,3,100.00,true
1.94,NoDOGE,1,-12.1222,-334.5951,12.12,2,0.00,false
1.94,NoDOGE,2,42.9365,11.4549,10.85,7,85.71,true
1.94,NoDOGE,3,18.1595,4.0385,28.12,7,71.43,true
1.94,NoDOGE,4,-16.1481,0.0000,16.15,1,0.00,false
1.94,NoDOGE,5,6.1403,112707245509630832.0000,0.00,1,100.00,false
1.94,Legacy4,0,-3.8348,-0.1475,22.05,6,50.00,false
1.94,Legacy4,1,-19.3185,-103.6541,19.32,3,0.00,false
1.94,Legacy4,2,97.8222,14.5249,10.85,6,83.33,true
1.94,Legacy4,3,-2.3594,1.5704,28.12,5,60.00,false
1.94,Legacy4,4,-26.5176,-289.0109,26.52,2,0.00,false
1.94,Legacy4,5,-2.0899,-2.1603,7.75,2,50.00,false
1.94,Legacy5BNB,0,-3.8348,-0.1475,22.05,6,50.00,false
1.94,Legacy5BNB,1,-19.3185,-103.6541,19.32,3,0.00,false
1.94,Legacy5BNB,2,97.8222,14.5249,10.85,6,83.33,true
1.94,Legacy5BNB,3,-26.4239,-1.5453,43.85,5,60.00,false
1.94,Legacy5BNB,4,-16.1481,0.0000,16.15,1,0.00,false
1.94,Legacy5BNB,5,-26.1946,-8.6648,26.19,3,33.33,false
1.94,OldGuardNoBNB,0,-3.2887,-0.5098,18.90,6,33.33,false
1.94,OldGuardNoBNB,1,-58.5449,-22.2673,58.54,5,0.00,false
1.94,OldGuardNoBNB,2,97.8222,14.5249,10.85,6,83.33,true
1.94,OldGuardNoBNB,3,-2.3594,1.5704,28.12,5,60.00,false
1.94,OldGuardNoBNB,4,-26.5176,-289.0109,26.52,2,0.00,false
1.94,OldGuardNoBNB,5,-18.5808,-12.7603,23.29,3,33.33,false
1.94,LargeCaps5,0,109.3028,17.9234,0.00,3,100.00,true
1.94,LargeCaps5,1,-12.1222,-334.5951,12.12,2,0.00,false
1.94,LargeCaps5,2,42.9365,11.4549,10.85,7,85.71,true
1.94,LargeCaps5,3,-24.6771,-1.0961,43.85,6,66.67,false
1.94,LargeCaps5,4,-16.1481,0.0000,16.15,1,0.00,false
1.94,LargeCaps5,5,6.1403,112707245509630832.0000,0.00,1,100.00,false
1.94,Legacy3,0,-11.4268,-0.4345,31.76,8,37.50,false
1.94,Legacy3,1,-8.2188,-8.3826,8.22,3,33.33,false
1.94,Legacy3,2,50.6807,17.2239,5.28,6,83.33,true
1.94,Legacy3,3,148.3685,31.1670,0.00,4,100.00,true
1.94,Legacy3,4,-28.3372,-70.9645,28.34,2,0.00,false
1.94,Legacy3,5,-30.8223,-19.3529,30.82,2,0.00,false
1.94,LowVolume5,0,-45.8065,-7.6409,58.25,9,11.11,false
1.94,LowVolume5,1,-54.5725,-16.8982,54.57,5,20.00,false
1.94,LowVolume5,2,44.2633,4.5647,16.38,9,66.67,true
1.94,LowVolume5,3,491.1517,33.0310,0.00,5,100.00,true
1.94,LowVolume5,4,-16.6087,-11.6861,21.10,3,33.33,false
1.94,LowVolume5,5,-42.4739,-20.1774,42.47,3,0.00,false
1.94,OldGuard4,0,18.4852,5.2577,18.90,6,33.33,true
1.94,OldGuard4,1,-55.3400,-25.2999,55.34,4,0.00,false
1.94,OldGuard4,2,51.0018,15.1866,5.28,7,85.71,true
1.94,OldGuard4,3,148.3685,31.1670,0.00,4,100.00,true
1.94,OldGuard4,4,-21.0952,-49.6924,21.10,2,0.00,false
1.94,OldGuard4,5,-42.4739,-20.1774,42.47,3,0.00,false
1.95,Base5,0,109.3028,17.9234,0.00,3,100.00,true
1.95,Base5,1,262.9191,14.2291,16.09,4,50.00,true
1.95,Base5,2,78.6529,14.3100,10.85,8,87.50,true
1.95,Base5,3,-0.0412,1.7820,28.12,6,66.67,false
1.95,Base5,4,0.0000,0.0000,0.00,0,0.00,false
1.95,Base5,5,-16.8599,-10.4057,21.67,2,50.00,false
1.95,NoDOGE,0,109.3028,17.9234,0.00,3,100.00,true
1.95,NoDOGE,1,-12.1222,-334.5951,12.12,2,0.00,false
1.95,NoDOGE,2,42.9365,11.4549,10.85,7,85.71,true
1.95,NoDOGE,3,18.1595,4.0385,28.12,7,71.43,true
1.95,NoDOGE,4,0.0000,0.0000,0.00,0,0.00,false
1.95,NoDOGE,5,6.1403,112707245509630832.0000,0.00,1,100.00,false
1.95,Legacy4,0,-3.8348,-0.1475,22.05,6,50.00,false
1.95,Legacy4,1,-19.3185,-103.6541,19.32,3,0.00,false
1.95,Legacy4,2,97.8222,14.5249,10.85,6,83.33,true
1.95,Legacy4,3,-2.3594,1.5704,28.12,5,60.00,false
1.95,Legacy4,4,-12.3664,0.0000,12.37,1,0.00,false
1.95,Legacy4,5,-2.0899,-2.1603,7.75,2,50.00,false
1.95,Legacy5BNB,0,-3.8348,-0.1475,22.05,6,50.00,false
1.95,Legacy5BNB,1,-19.3185,-103.6541,19.32,3,0.00,false
1.95,Legacy5BNB,2,97.8222,14.5249,10.85,6,83.33,true
1.95,Legacy5BNB,3,-26.4239,-1.5453,43.85,5,60.00,false
1.95,Legacy5BNB,4,0.0000,0.0000,0.00,0,0.00,false
1.95,Legacy5BNB,5,-26.1946,-8.6648,26.19,3,33.33,false
1.95,OldGuardNoBNB,0,-3.2887,-0.5098,18.90,6,33.33,false
1.95,OldGuardNoBNB,1,-58.5449,-22.2673,58.54,5,0.00,false
1.95,OldGuardNoBNB,2,97.8222,14.5249,10.85,6,83.33,true
1.95,OldGuardNoBNB,3,-2.3594,1.5704,28.12,5,60.00,false
1.95,OldGuardNoBNB,4,-12.3664,0.0000,12.37,1,0.00,false
1.95,OldGuardNoBNB,5,-18.5808,-12.7603,23.29,3,33.33,false
1.95,LargeCaps5,0,109.3028,17.9234,0.00,3,100.00,true
1.95,LargeCaps5,1,-12.1222,-334.5951,12.12,2,0.00,false
1.95,LargeCaps5,2,42.9365,11.4549,10.85,7,85.71,true
1.95,LargeCaps5,3,-24.6771,-1.0961,43.85,6,66.67,false
1.95,LargeCaps5,4,0.0000,0.0000,0.00,0,0.00,false
1.95,LargeCaps5,5,6.1403,112707245509630832.0000,0.00,1,100.00,false
1.95,Legacy3,0,-11.4268,-0.4345,31.76,8,37.50,false
1.95,Legacy3,1,-8.2188,-8.3826,8.22,3,33.33,false
1.95,Legacy3,2,50.6807,17.2239,5.28,6,83.33,true
1.95,Legacy3,3,148.3685,31.1670,0.00,4,100.00,true
1.95,Legacy3,4,-28.3372,-70.9645,28.34,2,0.00,false
1.95,Legacy3,5,-30.8223,-19.3529,30.82,2,0.00,false
1.95,LowVolume5,0,-45.8065,-7.6409,58.25,9,11.11,false
1.95,LowVolume5,1,-54.5725,-16.8982,54.57,5,20.00,false
1.95,LowVolume5,2,44.2633,4.5647,16.38,9,66.67,true
1.95,LowVolume5,3,491.1517,33.0310,0.00,5,100.00,true
1.95,LowVolume5,4,-16.6087,-11.6861,21.10,3,33.33,false
1.95,LowVolume5,5,-42.4739,-20.1774,42.47,3,0.00,false
1.95,OldGuard4,0,18.4852,5.2577,18.90,6,33.33,true
1.95,OldGuard4,1,-55.3400,-25.2999,55.34,4,0.00,false
1.95,OldGuard4,2,51.0018,15.1866,5.28,7,85.71,true
1.95,OldGuard4,3,148.3685,31.1670,0.00,4,100.00,true
1.95,OldGuard4,4,-21.0952,-49.6924,21.10,2,0.00,false
1.95,OldGuard4,5,-42.4739,-20.1774,42.47,3,0.00,false
1.96,Base5,0,109.3028,17.9234,0.00,3,100.00,true
1.96,Base5,1,262.9191,14.2291,16.09,4,50.00,true
1.96,Base5,2,78.6529,14.3100,10.85,8,87.50,true
1.96,Base5,3,-0.0412,1.7820,28.12,6,66.67,false
1.96,Base5,4,0.0000,0.0000,0.00,0,0.00,false
1.96,Base5,5,-16.8599,-10.4057,21.67,2,50.00,false
1.96,NoDOGE,0,109.3028,17.9234,0.00,3,100.00,true
1.96,NoDOGE,1,-12.1222,-334.5951,12.12,2,0.00,false
1.96,NoDOGE,2,42.9365,11.4549,10.85,7,85.71,true
1.96,NoDOGE,3,18.1595,4.0385,28.12,7,71.43,true
1.96,NoDOGE,4,0.0000,0.0000,0.00,0,0.00,false
1.96,NoDOGE,5,6.1403,112707245509630832.0000,0.00,1,100.00,false
1.96,Legacy4,0,-3.8348,-0.1475,22.05,6,50.00,false
1.96,Legacy4,1,-19.3185,-103.6541,19.32,3,0.00,false
1.96,Legacy4,2,97.8222,14.5249,10.85,6,83.33,true
1.96,Legacy4,3,-2.3594,1.5704,28.12,5,60.00,false
1.96,Legacy4,4,-12.3664,0.0000,12.37,1,0.00,false
1.96,Legacy4,5,-2.0899,-2.1603,7.75,2,50.00,false
1.96,Legacy5BNB,0,-3.8348,-0.1475,22.05,6,50.00,false
1.96,Legacy5BNB,1,-19.3185,-103.6541,19.32,3,0.00,false
1.96,Legacy5BNB,2,97.8222,14.5249,10.85,6,83.33,true
1.96,Legacy5BNB,3,-26.4239,-1.5453,43.85,5,60.00,false
1.96,Legacy5BNB,4,0.0000,0.0000,0.00,0,0.00,false
1.96,Legacy5BNB,5,-26.1946,-8.6648,26.19,3,33.33,false
1.96,OldGuardNoBNB,0,-3.2887,-0.5098,18.90,6,33.33,false
1.96,OldGuardNoBNB,1,-58.5449,-22.2673,58.54,5,0.00,false
1.96,OldGuardNoBNB,2,97.8222,14.5249,10.85,6,83.33,true
1.96,OldGuardNoBNB,3,-2.3594,1.5704,28.12,5,60.00,false
1.96,OldGuardNoBNB,4,-12.3664,0.0000,12.37,1,0.00,false
1.96,OldGuardNoBNB,5,-18.5808,-12.7603,23.29,3,33.33,false
1.96,LargeCaps5,0,109.3028,17.9234,0.00,3,100.00,true
1.96,LargeCaps5,1,-12.1222,-334.5951,12.12,2,0.00,false
1.96,LargeCaps5,2,42.9365,11.4549,10.85,7,85.71,true
1.96,LargeCaps5,3,-24.6771,-1.0961,43.85,6,66.67,false
1.96,LargeCaps5,4,0.0000,0.0000,0.00,0,0.00,false
1.96,LargeCaps5,5,6.1403,112707245509630832.0000,0.00,1,100.00,false
1.96,Legacy3,0,-11.4268,-0.4345,31.76,8,37.50,false
1.96,Legacy3,1,-8.2188,-8.3826,8.22,3,33.33,false
1.96,Legacy3,2,50.6807,17.2239,5.28,6,83.33,true
1.96,Legacy3,3,148.3685,31.1670,0.00,4,100.00,true
1.96,Legacy3,4,-28.3372,-70.9645,28.34,2,0.00,false
1.96,Legacy3,5,-30.8223,-19.3529,30.82,2,0.00,false
1.96,LowVolume5,0,-45.8065,-7.6409,58.25,9,11.11,false
1.96,LowVolume5,1,-54.5725,-16.8982,54.57,5,20.00,false
1.96,LowVolume5,2,44.2633,4.5647,16.38,9,66.67,true
1.96,LowVolume5,3,491.1517,33.0310,0.00,5,100.00,true
1.96,LowVolume5,4,-16.6087,-11.6861,21.10,3,33.33,false
1.96,LowVolume5,5,-42.4739,-20.1774,42.47,3,0.00,false
1.96,OldGuard4,0,18.4852,5.2577,18.90,6,33.33,true
1.96,OldGuard4,1,-55.3400,-25.2999,55.34,4,0.00,false
1.96,OldGuard4,2,51.0018,15.1866,5.28,7,85.71,true
1.96,OldGuard4,3,148.3685,31.1670,0.00,4,100.00,true
1.96,OldGuard4,4,-21.0952,-49.6924,21.10,2,0.00,false
1.96,OldGuard4,5,-42.4739,-20.1774,42.47,3,0.00,false
1.97,Base5,0,109.3028,17.9234,0.00,3,100.00,true
1.97,Base5,1,187.4582,13.3263,16.09,4,50.00,true
1.97,Base5,2,78.6529,14.3100,10.85,8,87.50,true
1.97,Base5,3,-0.0412,1.7820,28.12,6,66.67,false
1.97,Base5,4,0.0000,0.0000,0.00,0,0.00,false
1.97,Base5,5,-16.8599,-10.4057,21.67,2,50.00,false
1.97,NoDOGE,0,109.3028,17.9234,0.00,3,100.00,true
1.97,NoDOGE,1,-12.1222,-334.5951,12.12,2,0.00,false
1.97,NoDOGE,2,42.9365,11.4549,10.85,7,85.71,true
1.97,NoDOGE,3,18.1595,4.0385,28.12,7,71.43,true
1.97,NoDOGE,4,0.0000,0.0000,0.00,0,0.00,false
1.97,NoDOGE,5,6.1403,112707245509630832.0000,0.00,1,100.00,false
1.97,Legacy4,0,-3.8348,-0.1475,22.05,6,50.00,false
1.97,Legacy4,1,-19.3185,-103.6541,19.32,3,0.00,false
1.97,Legacy4,2,97.8222,14.5249,10.85,6,83.33,true
1.97,Legacy4,3,-2.3594,1.5704,28.12,5,60.00,false
1.97,Legacy4,4,-12.3664,0.0000,12.37,1,0.00,false
1.97,Legacy4,5,-2.0899,-2.1603,7.75,2,50.00,false
1.97,Legacy5BNB,0,-3.8348,-0.1475,22.05,6,50.00,false
1.97,Legacy5BNB,1,-19.3185,-103.6541,19.32,3,0.00,false
1.97,Legacy5BNB,2,97.8222,14.5249,10.85,6,83.33,true
1.97,Legacy5BNB,3,-26.4239,-1.5453,43.85,5,60.00,false
1.97,Legacy5BNB,4,0.0000,0.0000,0.00,0,0.00,false
1.97,Legacy5BNB,5,-26.1946,-8.6648,26.19,3,33.33,false
1.97,OldGuardNoBNB,0,-19.6445,-4.7424,32.61,6,33.33,false
1.97,OldGuardNoBNB,1,-58.5449,-22.2673,58.54,5,0.00,false
1.97,OldGuardNoBNB,2,97.8222,14.5249,10.85,6,83.33,true
1.97,OldGuardNoBNB,3,-2.3594,1.5704,28.12,5,60.00,false
1.97,OldGuardNoBNB,4,-12.3664,0.0000,12.37,1,0.00,false
1.97,OldGuardNoBNB,5,-18.5808,-12.7603,23.29,3,33.33,false
1.97,LargeCaps5,0,109.3028,17.9234,0.00,3,100.00,true
1.97,LargeCaps5,1,-12.1222,-334.5951,12.12,2,0.00,false
1.97,LargeCaps5,2,42.9365,11.4549,10.85,7,85.71,true
1.97,LargeCaps5,3,-24.6771,-1.0961,43.85,6,66.67,false
1.97,LargeCaps5,4,0.0000,0.0000,0.00,0,0.00,false
1.97,LargeCaps5,5,6.1403,112707245509630832.0000,0.00,1,100.00,false
1.97,Legacy3,0,-11.4268,-0.4345,31.76,8,37.50,false
1.97,Legacy3,1,-8.2188,-8.3826,8.22,3,33.33,false
1.97,Legacy3,2,50.6807,17.2239,5.28,6,83.33,true
1.97,Legacy3,3,148.3685,31.1670,0.00,4,100.00,true
1.97,Legacy3,4,-28.3372,-70.9645,28.34,2,0.00,false
1.97,Legacy3,5,-30.8223,-19.3529,30.82,2,0.00,false
1.97,LowVolume5,0,-45.8065,-7.6409,58.25,9,11.11,false
1.97,LowVolume5,1,-54.5725,-16.8982,54.57,5,20.00,false
1.97,LowVolume5,2,44.2633,4.5647,16.38,9,66.67,true
1.97,LowVolume5,3,256.8369,22.1584,0.00,5,100.00,true
1.97,LowVolume5,4,-16.6087,-11.6861,21.10,3,33.33,false
1.97,LowVolume5,5,-42.4739,-20.1774,42.47,3,0.00,false
1.97,OldGuard4,0,-1.5530,1.2204,32.61,6,33.33,false
1.97,OldGuard4,1,-55.3400,-25.2999,55.34,4,0.00,false
1.97,OldGuard4,2,51.0018,15.1866,5.28,7,85.71,true
1.97,OldGuard4,3,148.3685,31.1670,0.00,4,100.00,true
1.97,OldGuard4,4,-21.0952,-49.6924,21.10,2,0.00,false
1.97,OldGuard4,5,-42.4739,-20.1774,42.47,3,0.00,false
1.98,Base5,0,109.3028,17.9234,0.00,3,100.00,true
1.98,Base5,1,203.6371,19.5198,16.09,3,66.67,true
1.98,Base5,2,78.6529,14.3100,10.85,8,87.50,true
1.98,Base5,3,-0.0412,1.7820,28.12,6,66.67,false
1.98,Base5,4,0.0000,0.0000,0.00,0,0.00,false
1.98,Base5,5,-16.8599,-10.4057,21.67,2,50.00,false
1.98,NoDOGE,0,109.3028,17.9234,0.00,3,100.00,true
1.98,NoDOGE,1,-4.6880,-8.7138,7.18,2,50.00,false
1.98,NoDOGE,2,42.9365,11.4549,10.85,7,85.71,true
1.98,NoDOGE,3,18.1595,4.0385,28.12,7,71.43,true
1.98,NoDOGE,4,0.0000,0.0000,0.00,0,0.00,false
1.98,NoDOGE,5,6.1403,112707245509630832.0000,0.00,1,100.00,false
1.98,Legacy4,0,-3.8348,-0.1475,22.05,6,50.00,false
1.98,Legacy4,1,-12.4931,-15.8636,12.49,3,33.33,false
1.98,Legacy4,2,97.8222,14.5249,10.85,6,83.33,true
1.98,Legacy4,3,-2.3594,1.5704,28.12,5,60.00,false
1.98,Legacy4,4,-12.3664,0.0000,12.37,1,0.00,false
1.98,Legacy4,5,-2.0899,-2.1603,7.75,2,50.00,false
1.98,Legacy5BNB,0,-3.8348,-0.1475,22.05,6,50.00,false
1.98,Legacy5BNB,1,-12.4931,-15.8636,12.49,3,33.33,false
1.98,Legacy5BNB,2,97.8222,14.5249,10.85,6,83.33,true
1.98,Legacy5BNB,3,-26.4239,-1.5453,43.85,5,60.00,false
1.98,Legacy5BNB,4,0.0000,0.0000,0.00,0,0.00,false
1.98,Legacy5BNB,5,-26.1946,-8.6648,26.19,3,33.33,false
1.98,OldGuardNoBNB,0,-19.6445,-4.7424,32.61,6,33.33,false
1.98,OldGuardNoBNB,1,-55.0379,-17.2761,55.04,5,20.00,false
1.98,OldGuardNoBNB,2,97.8222,14.5249,10.85,6,83.33,true
1.98,OldGuardNoBNB,3,-2.3594,1.5704,28.12,5,60.00,false
1.98,OldGuardNoBNB,4,-12.3664,0.0000,12.37,1,0.00,false
1.98,OldGuardNoBNB,5,-18.5808,-12.7603,23.29,3,33.33,false
1.98,LargeCaps5,0,109.3028,17.9234,0.00,3,100.00,true
1.98,LargeCaps5,1,-4.6880,-8.7138,7.18,2,50.00,false
1.98,LargeCaps5,2,42.9365,11.4549,10.85,7,85.71,true
1.98,LargeCaps5,3,-24.6771,-1.0961,43.85,6,66.67,false
1.98,LargeCaps5,4,0.0000,0.0000,0.00,0,0.00,false
1.98,LargeCaps5,5,6.1403,112707245509630832.0000,0.00,1,100.00,false
1.98,Legacy3,0,-11.4268,-0.4345,31.76,8,37.50,false
1.98,Legacy3,1,-11.5873,-10.6753,11.59,3,33.33,false
1.98,Legacy3,2,50.6807,17.2239,5.28,6,83.33,true
1.98,Legacy3,3,148.3685,31.1670,0.00,4,100.00,true
1.98,Legacy3,4,-28.3372,-70.9645,28.34,2,0.00,false
1.98,Legacy3,5,-30.8223,-19.3529,30.82,2,0.00,false
1.98,LowVolume5,0,-45.8065,-7.6409,58.25,9,11.11,false
1.98,LowVolume5,1,-54.5725,-16.8982,54.57,5,20.00,false
1.98,LowVolume5,2,44.2633,4.5647,16.38,9,66.67,true
1.98,LowVolume5,3,256.8369,22.1584,0.00,5,100.00,true
1.98,LowVolume5,4,-16.6087,-11.6861,21.10,3,33.33,false
1.98,LowVolume5,5,-42.4739,-20.1774,42.47,3,0.00,false
1.98,OldGuard4,0,-1.5530,1.2204,32.61,6,33.33,false
1.98,OldGuard4,1,-56.9791,-28.1717,56.98,4,0.00,false
1.98,OldGuard4,2,51.0018,15.1866,5.28,7,85.71,true
1.98,OldGuard4,3,148.3685,31.1670,0.00,4,100.00,true
1.98,OldGuard4,4,-21.0952,-49.6924,21.10,2,0.00,false
1.98,OldGuard4,5,-42.4739,-20.1774,42.47,3,0.00,false
1.99,Base5,0,109.3028,17.9234,0.00,3,100.00,true
1.99,Base5,1,203.6371,19.5198,16.09,3,66.67,true
1.99,Base5,2,78.6529,14.3100,10.85,8,87.50,true
1.99,Base5,3,-0.0412,1.7820,28.12,6,66.67,false
1.99,Base5,4,0.0000,0.0000,0.00,0,0.00,false
1.99,Base5,5,-16.8599,-10.4057,21.67,2,50.00,false
1.99,NoDOGE,0,109.3028,17.9234,0.00,3,100.00,true
1.99,NoDOGE,1,-4.6880,-8.7138,7.18,2,50.00,false
1.99,NoDOGE,2,42.9365,11.4549,10.85,7,85.71,true
1.99,NoDOGE,3,18.1595,4.0385,28.12,7,71.43,true
1.99,NoDOGE,4,0.0000,0.0000,0.00,0,0.00,false
1.99,NoDOGE,5,6.1403,112707245509630832.0000,0.00,1,100.00,false
1.99,Legacy4,0,-3.8348,-0.1475,22.05,6,50.00,false
1.99,Legacy4,1,-12.4931,-15.8636,12.49,3,33.33,false
1.99,Legacy4,2,97.8222,14.5249,10.85,6,83.33,true
1.99,Legacy4,3,-2.3594,1.5704,28.12,5,60.00,false
1.99,Legacy4,4,-12.3664,0.0000,12.37,1,0.00,false
1.99,Legacy4,5,-2.0899,-2.1603,7.75,2,50.00,false
1.99,Legacy5BNB,0,-3.8348,-0.1475,22.05,6,50.00,false
1.99,Legacy5BNB,1,-12.4931,-15.8636,12.49,3,33.33,false
1.99,Legacy5BNB,2,97.8222,14.5249,10.85,6,83.33,true
1.99,Legacy5BNB,3,-26.4239,-1.5453,43.85,5,60.00,false
1.99,Legacy5BNB,4,0.0000,0.0000,0.00,0,0.00,false
1.99,Legacy5BNB,5,-26.1946,-8.6648,26.19,3,33.33,false
1.99,OldGuardNoBNB,0,-19.6445,-4.7424,32.61,6,33.33,false
1.99,OldGuardNoBNB,1,-55.0379,-17.2761,55.04,5,20.00,false
1.99,OldGuardNoBNB,2,97.8222,14.5249,10.85,6,83.33,true
1.99,OldGuardNoBNB,3,-2.3594,1.5704,28.12,5,60.00,false
1.99,OldGuardNoBNB,4,-12.3664,0.0000,12.37,1,0.00,false
1.99,OldGuardNoBNB,5,-18.5808,-12.7603,23.29,3,33.33,false
1.99,LargeCaps5,0,109.3028,17.9234,0.00,3,100.00,true
1.99,LargeCaps5,1,-4.6880,-8.7138,7.18,2,50.00,false
1.99,LargeCaps5,2,42.9365,11.4549,10.85,7,85.71,true
1.99,LargeCaps5,3,-24.6771,-1.0961,43.85,6,66.67,false
1.99,LargeCaps5,4,0.0000,0.0000,0.00,0,0.00,false
1.99,LargeCaps5,5,6.1403,112707245509630832.0000,0.00,1,100.00,false
1.99,Legacy3,0,-11.4268,-0.4345,31.76,8,37.50,false
1.99,Legacy3,1,-11.5873,-10.6753,11.59,3,33.33,false
1.99,Legacy3,2,50.6807,17.2239,5.28,6,83.33,true
1.99,Legacy3,3,148.3685,31.1670,0.00,4,100.00,true
1.99,Legacy3,4,-12.3664,0.0000,12.37,1,0.00,false
1.99,Legacy3,5,-30.8223,-19.3529,30.82,2,0.00,false
1.99,LowVolume5,0,-45.8065,-7.6409,58.25,9,11.11,false
1.99,LowVolume5,1,-54.5725,-16.8982,54.57,5,20.00,false
1.99,LowVolume5,2,30.1405,3.7180,16.38,8,62.50,true
1.99,LowVolume5,3,256.8369,22.1584,0.00,5,100.00,true
1.99,LowVolume5,4,-16.6087,-11.6861,21.10,3,33.33,false
1.99,LowVolume5,5,-42.4739,-20.1774,42.47,3,0.00,false
1.99,OldGuard4,0,-1.5530,1.2204,32.61,6,33.33,false
1.99,OldGuard4,1,-56.9791,-28.1717,56.98,4,0.00,false
1.99,OldGuard4,2,51.0018,15.1866,5.28,7,85.71,true
1.99,OldGuard4,3,148.3685,31.1670,0.00,4,100.00,true
1.99,OldGuard4,4,-21.0952,-49.6924,21.10,2,0.00,false
1.99,OldGuard4,5,-42.4739,-20.1774,42.47,3,0.00,false
2.00,Base5,0,109.3028,17.9234,0.00,3,100.00,true
2.00,Base5,1,203.6371,19.5198,16.09,3,66.67,true
2.00,Base5,2,78.6529,14.3100,10.85,8,87.50,true
2.00,Base5,3,-0.0412,1.7820,28.12,6,66.67,false
2.00,Base5,4,0.0000,0.0000,0.00,0,0.00,false
2.00,Base5,5,-16.8599,-10.4057,21.67,2,50.00,false
2.00,NoDOGE,0,109.3028,17.9234,0.00,3,100.00,true
2.00,NoDOGE,1,-4.6880,-8.7138,7.18,2,50.00,false
2.00,NoDOGE,2,42.9365,11.4549,10.85,7,85.71,true
2.00,NoDOGE,3,18.1595,4.0385,28.12,7,71.43,true
2.00,NoDOGE,4,0.0000,0.0000,0.00,0,0.00,false
2.00,NoDOGE,5,6.1403,112707245509630832.0000,0.00,1,100.00,false
2.00,Legacy4,0,-3.8348,-0.1475,22.05,6,50.00,false
2.00,Legacy4,1,-12.4931,-15.8636,12.49,3,33.33,false
2.00,Legacy4,2,97.8222,14.5249,10.85,6,83.33,true
2.00,Legacy4,3,-2.3594,1.5704,28.12,5,60.00,false
2.00,Legacy4,4,-12.3664,0.0000,12.37,1,0.00,false
2.00,Legacy4,5,-2.0899,-2.1603,7.75,2,50.00,false
2.00,Legacy5BNB,0,-3.8348,-0.1475,22.05,6,50.00,false
2.00,Legacy5BNB,1,-12.4931,-15.8636,12.49,3,33.33,false
2.00,Legacy5BNB,2,97.8222,14.5249,10.85,6,83.33,true
2.00,Legacy5BNB,3,-26.4239,-1.5453,43.85,5,60.00,false
2.00,Legacy5BNB,4,0.0000,0.0000,0.00,0,0.00,false
2.00,Legacy5BNB,5,-26.1946,-8.6648,26.19,3,33.33,false
2.00,OldGuardNoBNB,0,-19.6445,-4.7424,32.61,6,33.33,false
2.00,OldGuardNoBNB,1,-55.0379,-17.2761,55.04,5,20.00,false
2.00,OldGuardNoBNB,2,97.8222,14.5249,10.85,6,83.33,true
2.00,OldGuardNoBNB,3,-2.3594,1.5704,28.12,5,60.00,false
2.00,OldGuardNoBNB,4,-12.3664,0.0000,12.37,1,0.00,false
2.00,OldGuardNoBNB,5,-18.5808,-12.7603,23.29,3,33.33,false
2.00,LargeCaps5,0,109.3028,17.9234,0.00,3,100.00,true
2.00,LargeCaps5,1,-4.6880,-8.7138,7.18,2,50.00,false
2.00,LargeCaps5,2,42.9365,11.4549,10.85,7,85.71,true
2.00,LargeCaps5,3,-24.6771,-1.0961,43.85,6,66.67,false
2.00,LargeCaps5,4,0.0000,0.0000,0.00,0,0.00,false
2.00,LargeCaps5,5,6.1403,112707245509630832.0000,0.00,1,100.00,false
2.00,Legacy3,0,-11.4268,-0.4345,31.76,8,37.50,false
2.00,Legacy3,1,-11.5873,-10.6753,11.59,3,33.33,false
2.00,Legacy3,2,50.6807,17.2239,5.28,6,83.33,true
2.00,Legacy3,3,148.3685,31.1670,0.00,4,100.00,true
2.00,Legacy3,4,-12.3664,0.0000,12.37,1,0.00,false
2.00,Legacy3,5,-30.8223,-19.3529,30.82,2,0.00,false
2.00,LowVolume5,0,-45.8065,-7.6409,58.25,9,11.11,false
2.00,LowVolume5,1,-54.5725,-16.8982,54.57,5,20.00,false
2.00,LowVolume5,2,33.8288,4.3867,16.38,7,57.14,true
2.00,LowVolume5,3,256.8369,22.1584,0.00,5,100.00,true
2.00,LowVolume5,4,-16.6087,-11.6861,21.10,3,33.33,false
2.00,LowVolume5,5,-42.4739,-20.1774,42.47,3,0.00,false
2.00,OldGuard4,0,-1.5530,1.2204,32.61,6,33.33,false
2.00,OldGuard4,1,-56.9791,-28.1717,56.98,4,0.00,false
2.00,OldGuard4,2,50.6807,17.2239,5.28,6,83.33,true
2.00,OldGuard4,3,148.3685,31.1670,0.00,4,100.00,true
2.00,OldGuard4,4,-21.0952,-49.6924,21.10,2,0.00,false
2.00,OldGuard4,5,-42.4739,-20.1774,42.47,3,0.00,false
