atr_entry_mult,universe,window,train_end,test_end,ret_pct,sharpe,trades,win_rate_pct,max_dd_pct,pass
0.00,Base5,0,252,504,155.7611,2.5273,16,50.00,44.8516,true
0.05,Base5,0,252,504,155.7611,2.5273,16,50.00,44.8516,true
0.10,Base5,0,252,504,38.0253,1.5407,16,43.75,65.1732,true
0.15,Base5,0,252,504,351.1301,3.2873,14,57.14,34.1809,true
0.20,Base5,0,252,504,351.1301,3.2873,14,57.14,34.1809,true
0.25,Base5,0,252,504,351.1301,3.2873,14,57.14,34.1809,true
0.30,Base5,0,252,504,133.1565,2.1775,14,50.00,34.1809,true
0.35,Base5,0,252,504,104.3763,1.9554,14,50.00,34.1809,true
0.40,Base5,0,252,504,220.5233,2.2779,13,53.85,34.1809,true
0.45,Base5,0,252,504,293.5940,2.5052,13,53.85,34.1809,true
0.50,Base5,0,252,504,293.5940,2.5052,13,53.85,34.1809,true
0.55,Base5,0,252,504,235.1090,2.3097,13,53.85,34.1809,true
0.60,Base5,0,252,504,235.1090,2.3097,13,53.85,34.1809,true
0.65,Base5,0,252,504,194.5341,2.1516,13,53.85,34.1809,true
0.70,Base5,0,252,504,71.5722,1.4920,12,50.00,58.2583,true
0.75,Base5,0,252,504,71.5722,1.4920,12,50.00,58.2583,true
0.80,Base5,0,252,504,71.5722,1.4920,12,50.00,58.2583,true
0.85,Base5,0,252,504,20.0147,1.0659,12,41.67,58.2583,true
0.90,Base5,0,252,504,20.0147,1.0659,12,41.67,58.2583,true
0.95,Base5,0,252,504,20.0147,1.0659,12,41.67,58.2583,true
1.00,Base5,0,252,504,-4.4531,0.7121,12,41.67,58.2583,false
1.05,Base5,0,252,504,132.2708,1.8285,9,55.56,18.8754,true
1.10,Base5,0,252,504,132.2708,1.8285,9,55.56,18.8754,true
1.15,Base5,0,252,504,163.3559,1.9937,8,62.50,18.8754,true
1.20,Base5,0,252,504,163.3559,1.9937,8,62.50,18.8754,true
1.25,Base5,0,252,504,163.3559,1.9937,8,62.50,18.8754,true
1.30,Base5,0,252,504,163.3559,1.9937,8,62.50,18.8754,true
1.35,Base5,0,252,504,260.6164,2.3123,7,71.43,18.4832,true
1.40,Base5,0,252,504,342.3832,2.6068,6,83.33,4.4944,true
1.45,Base5,0,252,504,265.3993,2.4022,6,83.33,4.4944,true
1.50,Base5,0,252,504,265.3993,2.4022,6,83.33,4.4944,true
1.55,Base5,0,252,504,131.1393,1.8299,5,80.00,4.4944,true
1.60,Base5,0,252,504,131.1393,1.8299,5,80.00,4.4944,true
1.65,Base5,0,252,504,131.1393,1.8299,5,80.00,4.4944,true
1.70,Base5,0,252,504,131.1393,1.8299,5,80.00,4.4944,true
1.75,Base5,0,252,504,99.8959,1.5360,4,75.00,4.4944,true
1.80,Base5,0,252,504,99.8959,1.5360,4,75.00,4.4944,true
1.85,Base5,0,252,504,99.8959,1.5360,4,75.00,4.4944,true
1.90,Base5,0,252,504,99.8959,1.5360,4,75.00,4.4944,true
1.95,Base5,0,252,504,99.8959,1.5360,4,75.00,4.4944,true
2.00,Base5,0,252,504,99.8959,1.5360,4,75.00,4.4944,true
0.00,Base5,1,504,756,990.7540,1.8431,11,81.82,16.0910,true
0.05,Base5,1,504,756,990.7540,1.8431,11,81.82,16.0910,true
0.10,Base5,1,504,756,990.7540,1.8431,11,81.82,16.0910,true
0.15,Base5,1,504,756,990.7540,1.8431,11,81.82,16.0910,true
0.20,Base5,1,504,756,990.7540,1.8431,11,81.82,16.0910,true
0.25,Base5,1,504,756,941.7800,1.8297,11,81.82,16.0910,true
0.30,Base5,1,504,756,454.4953,1.9797,11,72.73,16.0910,true
0.35,Base5,1,504,756,470.5408,1.9971,11,72.73,16.0910,true
0.40,Base5,1,504,756,470.5408,1.9971,11,72.73,16.0910,true
0.45,Base5,1,504,756,470.5408,1.9971,11,72.73,16.0910,true
0.50,Base5,1,504,756,343.7985,1.8341,11,63.64,16.0910,true
0.55,Base5,1,504,756,343.7985,1.8341,11,63.64,16.0910,true
0.60,Base5,1,504,756,343.7985,1.8341,11,63.64,16.0910,true
0.65,Base5,1,504,756,343.7985,1.8341,11,63.64,16.0910,true
0.70,Base5,1,504,756,343.7985,1.8341,11,63.64,16.0910,true
0.75,Base5,1,504,756,343.7985,1.8341,11,63.64,16.0910,true
0.80,Base5,1,504,756,293.1815,1.7370,11,54.55,16.0910,true
0.85,Base5,1,504,756,152.6682,1.4755,11,45.45,35.9408,true
0.90,Base5,1,504,756,152.6682,1.4755,11,45.45,35.9408,true
0.95,Base5,1,504,756,139.0133,1.4391,11,45.45,35.9408,true
1.00,Base5,1,504,756,139.0133,1.4391,11,45.45,35.9408,true
1.05,Base5,1,504,756,139.0133,1.4391,11,45.45,35.9408,true
1.10,Base5,1,504,756,139.0133,1.4391,11,45.45,35.9408,true
1.15,Base5,1,504,756,139.0133,1.4391,11,45.45,35.9408,true
1.20,Base5,1,504,756,116.9464,1.3643,11,36.36,36.2575,true
1.25,Base5,1,504,756,65.8844,1.1650,10,30.00,36.2575,true
1.30,Base5,1,504,756,65.8844,1.1650,10,30.00,36.2575,true
1.35,Base5,1,504,756,83.0246,1.1052,8,25.00,42.6636,true
1.40,Base5,1,504,756,83.0246,1.1052,8,25.00,42.6636,true
1.45,Base5,1,504,756,83.0246,1.1052,8,25.00,42.6636,true
1.50,Base5,1,504,756,83.0246,1.1052,8,25.00,42.6636,true
1.55,Base5,1,504,756,93.6969,1.1195,7,28.57,39.3202,true
1.60,Base5,1,504,756,93.6969,1.1195,7,28.57,39.3202,true
1.65,Base5,1,504,756,93.6969,1.1195,7,28.57,39.3202,true
1.70,Base5,1,504,756,93.6969,1.1195,7,28.57,39.3202,true
1.75,Base5,1,504,756,93.6969,1.1195,7,28.57,39.3202,true
1.80,Base5,1,504,756,93.6969,1.1195,7,28.57,39.3202,true
1.85,Base5,1,504,756,93.6969,1.1195,7,28.57,39.3202,true
1.90,Base5,1,504,756,182.2533,1.2637,6,33.33,29.6962,true
1.95,Base5,1,504,756,182.2533,1.2637,6,33.33,29.6962,true
2.00,Base5,1,504,756,142.4779,1.2783,6,50.00,29.6962,true
0.00,Base5,2,756,1008,573.7194,3.5697,14,71.43,13.8622,true
0.05,Base5,2,756,1008,573.7194,3.5697,14,71.43,13.8622,true
0.10,Base5,2,756,1008,639.4922,3.7038,14,78.57,13.8622,true
0.15,Base5,2,756,1008,582.1736,3.5510,14,78.57,13.8622,true
0.20,Base5,2,756,1008,481.4011,3.2884,14,71.43,21.6553,true
0.25,Base5,2,756,1008,462.9487,3.0916,13,69.23,21.6553,true
0.30,Base5,2,756,1008,462.9487,3.0916,13,69.23,21.6553,true
0.35,Base5,2,756,1008,206.9168,2.2661,14,57.14,33.1776,true
0.40,Base5,2,756,1008,204.7779,2.2571,14,57.14,33.1776,true
0.45,Base5,2,756,1008,451.8013,2.9431,13,61.54,33.1776,true
0.50,Base5,2,756,1008,451.8013,2.9431,13,61.54,33.1776,true
0.55,Base5,2,756,1008,160.9004,2.4725,13,53.85,33.1776,true
0.60,Base5,2,756,1008,160.9004,2.4725,13,53.85,33.1776,true
0.65,Base5,2,756,1008,396.5474,3.7926,11,72.73,9.6681,true
0.70,Base5,2,756,1008,396.5474,3.7926,11,72.73,9.6681,true
0.75,Base5,2,756,1008,192.2085,2.5971,12,58.33,33.1776,true
0.80,Base5,2,756,1008,188.3818,2.5716,12,58.33,33.1776,true
0.85,Base5,2,756,1008,188.3818,2.5716,12,58.33,33.1776,true
0.90,Base5,2,756,1008,479.2363,2.7459,11,63.64,33.1776,true
0.95,Base5,2,756,1008,425.6058,2.6531,10,70.00,20.0926,true
1.00,Base5,2,756,1008,425.6058,2.6531,10,70.00,20.0926,true
1.05,Base5,2,756,1008,436.9754,2.6980,10,70.00,20.0926,true
1.10,Base5,2,756,1008,436.9754,2.6980,10,70.00,20.0926,true
1.15,Base5,2,756,1008,436.9754,2.6980,10,70.00,20.0926,true
1.20,Base5,2,756,1008,192.5411,2.7394,10,70.00,20.0926,true
1.25,Base5,2,756,1008,192.5411,2.7394,10,70.00,20.0926,true
1.30,Base5,2,756,1008,137.7914,2.2180,9,55.56,20.0926,true
1.35,Base5,2,756,1008,137.7914,2.2180,9,55.56,20.0926,true
1.40,Base5,2,756,1008,137.7914,2.2180,9,55.56,20.0926,true
1.45,Base5,2,756,1008,137.7914,2.2180,9,55.56,20.0926,true
1.50,Base5,2,756,1008,137.7914,2.2180,9,55.56,20.0926,true
1.55,Base5,2,756,1008,137.7914,2.2180,9,55.56,20.0926,true
1.60,Base5,2,756,1008,60.8591,1.6023,9,55.56,20.0926,true
1.65,Base5,2,756,1008,60.8591,1.6023,9,55.56,20.0926,true
1.70,Base5,2,756,1008,60.8591,1.6023,9,55.56,20.0926,true
1.75,Base5,2,756,1008,70.2551,1.7475,9,66.67,20.0926,true
1.80,Base5,2,756,1008,70.2551,1.7475,9,66.67,20.0926,true
1.85,Base5,2,756,1008,74.6342,1.7380,8,75.00,20.0926,true
1.90,Base5,2,756,1008,74.6342,1.7380,8,75.00,20.0926,true
1.95,Base5,2,756,1008,74.6342,1.7380,8,75.00,20.0926,true
2.00,Base5,2,756,1008,74.6342,1.7380,8,75.00,20.0926,true
0.00,Base5,3,1008,1260,414.2402,4.7366,16,62.50,23.9823,true
0.05,Base5,3,1008,1260,330.7600,4.4402,16,62.50,23.9823,true
0.10,Base5,3,1008,1260,100.1107,2.5521,16,56.25,57.6365,true
0.15,Base5,3,1008,1260,113.9964,2.6897,16,56.25,57.6365,true
0.20,Base5,3,1008,1260,113.9964,2.6897,16,56.25,57.6365,true
0.25,Base5,3,1008,1260,113.9964,2.6897,16,56.25,57.6365,true
0.30,Base5,3,1008,1260,113.9964,2.6897,16,56.25,57.6365,true
0.35,Base5,3,1008,1260,88.2143,2.4187,16,56.25,57.6365,true
0.40,Base5,3,1008,1260,88.2143,2.4187,16,56.25,57.6365,true
0.45,Base5,3,1008,1260,123.7794,2.7615,16,50.00,57.0532,true
0.50,Base5,3,1008,1260,72.5025,2.3442,16,50.00,51.9942,true
0.55,Base5,3,1008,1260,72.5025,2.3442,16,50.00,51.9942,true
0.60,Base5,3,1008,1260,67.9290,2.2431,16,50.00,51.9942,true
0.65,Base5,3,1008,1260,67.9290,2.2431,16,50.00,51.9942,true
0.70,Base5,3,1008,1260,67.9290,2.2431,16,50.00,51.9942,true
0.75,Base5,3,1008,1260,52.7662,2.0104,16,50.00,51.9942,true
0.80,Base5,3,1008,1260,52.7662,2.0104,16,50.00,51.9942,true
0.85,Base5,3,1008,1260,6.9049,1.0747,15,46.67,43.8395,true
0.90,Base5,3,1008,1260,12.9471,0.9867,13,61.54,28.4820,true
0.95,Base5,3,1008,1260,33.1963,1.4355,12,66.67,28.4056,true
1.00,Base5,3,1008,1260,33.1963,1.4355,12,66.67,28.4056,true
1.05,Base5,3,1008,1260,33.1963,1.4355,12,66.67,28.4056,true
1.10,Base5,3,1008,1260,33.1963,1.4355,12,66.67,28.4056,true
1.15,Base5,3,1008,1260,178.8134,3.1659,11,72.73,11.0848,true
1.20,Base5,3,1008,1260,213.5724,3.3145,10,80.00,8.6482,true
1.25,Base5,3,1008,1260,188.7291,3.1314,10,80.00,8.6482,true
1.30,Base5,3,1008,1260,188.7291,3.1314,10,80.00,8.6482,true
1.35,Base5,3,1008,1260,188.7291,3.1314,10,80.00,8.6482,true
1.40,Base5,3,1008,1260,188.7291,3.1314,10,80.00,8.6482,true
1.45,Base5,3,1008,1260,145.0472,2.6361,9,77.78,8.6482,true
1.50,Base5,3,1008,1260,145.0472,2.6361,9,77.78,8.6482,true
1.55,Base5,3,1008,1260,71.0069,2.0953,8,75.00,19.6221,true
1.60,Base5,3,1008,1260,71.0069,2.0953,8,75.00,19.6221,true
1.65,Base5,3,1008,1260,64.0885,1.8822,7,71.43,19.6221,true
1.70,Base5,3,1008,1260,44.8946,1.9922,6,83.33,8.6482,true
1.75,Base5,3,1008,1260,44.8946,1.9922,6,83.33,8.6482,true
1.80,Base5,3,1008,1260,44.8946,1.9922,6,83.33,8.6482,true
1.85,Base5,3,1008,1260,38.0117,1.7108,5,80.00,8.6482,true
1.90,Base5,3,1008,1260,51.7012,1.8248,5,80.00,8.6482,true
1.95,Base5,3,1008,1260,51.7012,1.8248,5,80.00,8.6482,true
2.00,Base5,3,1008,1260,51.7012,1.8248,5,80.00,8.6482,true
0.00,Base5,4,1260,1512,-12.4621,-0.0658,13,30.77,33.6390,false
0.05,Base5,4,1260,1512,2.7841,0.4737,12,33.33,22.0810,true
0.10,Base5,4,1260,1512,45.5999,1.6542,12,50.00,20.5912,true
0.15,Base5,4,1260,1512,40.4565,1.5236,12,50.00,20.5912,true
0.20,Base5,4,1260,1512,40.4565,1.5236,12,50.00,20.5912,true
0.25,Base5,4,1260,1512,40.4565,1.5236,12,50.00,20.5912,true
0.30,Base5,4,1260,1512,38.8885,1.4889,12,50.00,20.5912,true
0.35,Base5,4,1260,1512,47.5181,1.6209,11,54.55,15.6573,true
0.40,Base5,4,1260,1512,39.0914,1.4443,11,54.55,17.4907,true
0.45,Base5,4,1260,1512,87.6936,2.5525,10,70.00,13.2579,true
0.50,Base5,4,1260,1512,87.6936,2.5525,10,70.00,13.2579,true
0.55,Base5,4,1260,1512,87.6936,2.5525,10,70.00,13.2579,true
0.60,Base5,4,1260,1512,66.7743,2.1989,9,55.56,19.6190,true
0.65,Base5,4,1260,1512,66.7743,2.1989,9,55.56,19.6190,true
0.70,Base5,4,1260,1512,66.7743,2.1989,9,55.56,19.6190,true
0.75,Base5,4,1260,1512,-5.4729,0.2179,10,40.00,42.8577,false
0.80,Base5,4,1260,1512,25.5643,1.1186,10,50.00,31.1857,true
0.85,Base5,4,1260,1512,72.6757,2.2217,8,62.50,19.6781,true
0.90,Base5,4,1260,1512,66.5630,2.1585,8,62.50,19.6781,true
0.95,Base5,4,1260,1512,66.5630,2.1585,8,62.50,19.6781,true
1.00,Base5,4,1260,1512,46.5311,1.5346,7,57.14,27.1036,true
1.05,Base5,4,1260,1512,46.5311,1.5346,7,57.14,27.1036,true
1.10,Base5,4,1260,1512,1.2394,0.2871,6,50.00,19.6472,true
1.15,Base5,4,1260,1512,1.2394,0.2871,6,50.00,19.6472,true
1.20,Base5,4,1260,1512,1.2394,0.2871,6,50.00,19.6472,true
1.25,Base5,4,1260,1512,-10.2320,-0.3091,6,50.00,19.6472,false
1.30,Base5,4,1260,1512,-10.2320,-0.3091,6,50.00,19.6472,false
1.35,Base5,4,1260,1512,0.4296,0.2113,5,60.00,16.1481,true
1.40,Base5,4,1260,1512,-19.6402,-0.8668,5,40.00,22.6862,false
1.45,Base5,4,1260,1512,-30.8485,-1.9771,4,25.00,33.4697,false
1.50,Base5,4,1260,1512,-30.8485,-1.9771,4,25.00,33.4697,false
1.55,Base5,4,1260,1512,-30.8485,-1.9771,4,25.00,33.4697,false
1.60,Base5,4,1260,1512,-33.4697,-2.1765,3,0.00,33.4697,false
1.65,Base5,4,1260,1512,-33.4697,-2.1765,3,0.00,33.4697,false
1.70,Base5,4,1260,1512,-33.4697,-2.1765,3,0.00,33.4697,false
1.75,Base5,4,1260,1512,-33.4697,-2.1765,3,0.00,33.4697,false
1.80,Base5,4,1260,1512,-33.4697,-2.1765,3,0.00,33.4697,false
1.85,Base5,4,1260,1512,-25.9920,-1.7519,2,0.00,25.9920,false
1.90,Base5,4,1260,1512,-25.9920,-1.7519,2,0.00,25.9920,false
1.95,Base5,4,1260,1512,-11.7396,-1.2281,1,0.00,11.7396,false
2.00,Base5,4,1260,1512,-11.7396,-1.2281,1,0.00,11.7396,false
0.00,Base5,5,1512,1764,68.4896,1.5793,12,41.67,19.9459,true
0.05,Base5,5,1512,1764,68.4896,1.5793,12,41.67,19.9459,true
0.10,Base5,5,1512,1764,55.8014,1.4346,12,41.67,19.9459,true
0.15,Base5,5,1512,1764,50.6487,1.3671,12,50.00,26.0397,true
0.20,Base5,5,1512,1764,35.6834,1.1630,12,41.67,30.2438,true
0.25,Base5,5,1512,1764,20.0994,0.9263,12,33.33,32.0156,true
0.30,Base5,5,1512,1764,20.0994,0.9263,12,33.33,32.0156,true
0.35,Base5,5,1512,1764,26.8934,1.0063,12,33.33,28.1697,true
0.40,Base5,5,1512,1764,35.7565,1.1297,12,33.33,23.1527,true
0.45,Base5,5,1512,1764,17.3753,0.8874,12,33.33,33.5577,true
0.50,Base5,5,1512,1764,17.3753,0.8874,12,33.33,33.5577,true
0.55,Base5,5,1512,1764,17.3753,0.8874,12,33.33,33.5577,true
0.60,Base5,5,1512,1764,17.3753,0.8874,12,33.33,33.5577,true
0.65,Base5,5,1512,1764,42.8541,1.1923,11,36.36,19.1349,true
0.70,Base5,5,1512,1764,62.3867,1.4000,10,40.00,18.7305,true
0.75,Base5,5,1512,1764,42.2721,1.1112,9,33.33,18.7305,true
0.80,Base5,5,1512,1764,42.2721,1.1112,9,33.33,18.7305,true
0.85,Base5,5,1512,1764,42.2721,1.1112,9,33.33,18.7305,true
0.90,Base5,5,1512,1764,88.0574,1.5373,8,50.00,14.4780,true
0.95,Base5,5,1512,1764,88.0574,1.5373,8,50.00,14.4780,true
1.00,Base5,5,1512,1764,102.6348,1.6150,7,57.14,10.3371,true
1.05,Base5,5,1512,1764,104.1347,1.5671,6,66.67,10.3371,true
1.10,Base5,5,1512,1764,104.1347,1.5671,6,66.67,10.3371,true
1.15,Base5,5,1512,1764,79.5167,1.3627,6,66.67,10.4024,true
1.20,Base5,5,1512,1764,94.6184,1.4072,4,75.00,10.3371,true
1.25,Base5,5,1512,1764,94.6184,1.4072,4,75.00,10.3371,true
1.30,Base5,5,1512,1764,94.6184,1.4072,4,75.00,10.3371,true
1.35,Base5,5,1512,1764,94.6184,1.4072,4,75.00,10.3371,true
1.40,Base5,5,1512,1764,65.7178,1.1549,4,50.00,17.2895,true
1.45,Base5,5,1512,1764,65.7178,1.1549,4,50.00,17.2895,true
1.50,Base5,5,1512,1764,65.7178,1.1549,4,50.00,17.2895,true
1.55,Base5,5,1512,1764,65.7178,1.1549,4,50.00,17.2895,true
1.60,Base5,5,1512,1764,65.7178,1.1549,4,50.00,17.2895,true
1.65,Base5,5,1512,1764,65.7178,1.1549,4,50.00,17.2895,true
1.70,Base5,5,1512,1764,65.7178,1.1549,4,50.00,17.2895,true
1.75,Base5,5,1512,1764,65.7178,1.1549,4,50.00,17.2895,true
1.80,Base5,5,1512,1764,31.4795,0.8077,4,25.00,17.2895,true
1.85,Base5,5,1512,1764,31.4795,0.8077,4,25.00,17.2895,true
1.90,Base5,5,1512,1764,54.2663,1.0136,3,33.33,17.2895,true
1.95,Base5,5,1512,1764,54.2663,1.0136,3,33.33,17.2895,true
2.00,Base5,5,1512,1764,54.2663,1.0136,3,33.33,17.2895,true
0.00,NoDOGE,0,252,504,155.7611,2.5273,16,50.00,44.8516,true
0.05,NoDOGE,0,252,504,155.7611,2.5273,16,50.00,44.8516,true
0.10,NoDOGE,0,252,504,38.0253,1.5407,16,43.75,65.1732,true
0.15,NoDOGE,0,252,504,351.1301,3.2873,14,57.14,34.1809,true
0.20,NoDOGE,0,252,504,351.1301,3.2873,14,57.14,34.1809,true
0.25,NoDOGE,0,252,504,351.1301,3.2873,14,57.14,34.1809,true
0.30,NoDOGE,0,252,504,133.1565,2.1775,14,50.00,34.1809,true
0.35,NoDOGE,0,252,504,104.3763,1.9554,14,50.00,34.1809,true
0.40,NoDOGE,0,252,504,220.5233,2.2779,13,53.85,34.1809,true
0.45,NoDOGE,0,252,504,293.5940,2.5052,13,53.85,34.1809,true
0.50,NoDOGE,0,252,504,293.5940,2.5052,13,53.85,34.1809,true
0.55,NoDOGE,0,252,504,235.1090,2.3097,13,53.85,34.1809,true
0.60,NoDOGE,0,252,504,235.1090,2.3097,13,53.85,34.1809,true
0.65,NoDOGE,0,252,504,194.5341,2.1516,13,53.85,34.1809,true
0.70,NoDOGE,0,252,504,71.5722,1.4920,12,50.00,58.2583,true
0.75,NoDOGE,0,252,504,71.5722,1.4920,12,50.00,58.2583,true
0.80,NoDOGE,0,252,504,71.5722,1.4920,12,50.00,58.2583,true
0.85,NoDOGE,0,252,504,20.0147,1.0659,12,41.67,58.2583,true
0.90,NoDOGE,0,252,504,20.0147,1.0659,12,41.67,58.2583,true
0.95,NoDOGE,0,252,504,20.0147,1.0659,12,41.67,58.2583,true
1.00,NoDOGE,0,252,504,-4.4531,0.7121,12,41.67,58.2583,false
1.05,NoDOGE,0,252,504,132.2708,1.8285,9,55.56,18.8754,true
1.10,NoDOGE,0,252,504,132.2708,1.8285,9,55.56,18.8754,true
1.15,NoDOGE,0,252,504,163.3559,1.9937,8,62.50,18.8754,true
1.20,NoDOGE,0,252,504,163.3559,1.9937,8,62.50,18.8754,true
1.25,NoDOGE,0,252,504,163.3559,1.9937,8,62.50,18.8754,true
1.30,NoDOGE,0,252,504,163.3559,1.9937,8,62.50,18.8754,true
1.35,NoDOGE,0,252,504,260.6164,2.3123,7,71.43,18.4832,true
1.40,NoDOGE,0,252,504,342.3832,2.6068,6,83.33,4.4944,true
1.45,NoDOGE,0,252,504,265.3993,2.4022,6,83.33,4.4944,true
1.50,NoDOGE,0,252,504,265.3993,2.4022,6,83.33,4.4944,true
1.55,NoDOGE,0,252,504,131.1393,1.8299,5,80.00,4.4944,true
1.60,NoDOGE,0,252,504,131.1393,1.8299,5,80.00,4.4944,true
1.65,NoDOGE,0,252,504,131.1393,1.8299,5,80.00,4.4944,true
1.70,NoDOGE,0,252,504,131.1393,1.8299,5,80.00,4.4944,true
1.75,NoDOGE,0,252,504,99.8959,1.5360,4,75.00,4.4944,true
1.80,NoDOGE,0,252,504,99.8959,1.5360,4,75.00,4.4944,true
1.85,NoDOGE,0,252,504,99.8959,1.5360,4,75.00,4.4944,true
1.90,NoDOGE,0,252,504,99.8959,1.5360,4,75.00,4.4944,true
1.95,NoDOGE,0,252,504,99.8959,1.5360,4,75.00,4.4944,true
2.00,NoDOGE,0,252,504,99.8959,1.5360,4,75.00,4.4944,true
0.00,NoDOGE,1,504,756,0.2539,0.2309,9,55.56,15.1740,true
0.05,NoDOGE,1,504,756,0.2539,0.2309,9,55.56,15.1740,true
0.10,NoDOGE,1,504,756,0.2539,0.2309,9,55.56,15.1740,true
0.15,NoDOGE,1,504,756,18.1878,1.3325,8,62.50,7.9137,true
0.20,NoDOGE,1,504,756,18.1878,1.3325,8,62.50,7.9137,true
0.25,NoDOGE,1,504,756,40.3681,2.3191,8,75.00,7.9137,true
0.30,NoDOGE,1,504,756,6.9061,0.5798,8,62.50,27.5884,true
0.35,NoDOGE,1,504,756,6.9061,0.5798,8,62.50,27.5884,true
0.40,NoDOGE,1,504,756,6.9061,0.5798,8,62.50,27.5884,true
0.45,NoDOGE,1,504,756,6.9061,0.5798,8,62.50,27.5884,true
0.50,NoDOGE,1,504,756,6.9061,0.5798,8,62.50,27.5884,true
0.55,NoDOGE,1,504,756,6.9061,0.5798,8,62.50,27.5884,true
0.60,NoDOGE,1,504,756,6.9061,0.5798,8,62.50,27.5884,true
0.65,NoDOGE,1,504,756,6.9061,0.5798,8,62.50,27.5884,true
0.70,NoDOGE,1,504,756,16.0933,1.0380,7,71.43,21.3655,true
0.75,NoDOGE,1,504,756,10.1613,0.7160,7,71.43,25.3835,true
0.80,NoDOGE,1,504,756,-8.8469,-0.2833,7,57.14,25.3835,false
0.85,NoDOGE,1,504,756,-8.8469,-0.2833,7,57.14,25.3835,false
0.90,NoDOGE,1,504,756,-23.4358,-1.1725,7,42.86,32.6399,false
0.95,NoDOGE,1,504,756,-27.5736,-1.6091,7,42.86,32.6399,false
1.00,NoDOGE,1,504,756,-27.5736,-1.6091,7,42.86,32.6399,false
1.05,NoDOGE,1,504,756,-27.5736,-1.6091,7,42.86,32.6399,false
1.10,NoDOGE,1,504,756,-27.5736,-1.6091,7,42.86,32.6399,false
1.15,NoDOGE,1,504,756,-15.1283,-1.2341,7,42.86,21.0652,false
1.20,NoDOGE,1,504,756,-17.7587,-1.5625,7,28.57,20.5447,false
1.25,NoDOGE,1,504,756,16.9161,0.7706,6,33.33,20.5447,true
1.30,NoDOGE,1,504,756,16.9161,0.7706,6,33.33,20.5447,true
1.35,NoDOGE,1,504,756,-6.1638,0.0580,5,20.00,32.3381,false
1.40,NoDOGE,1,504,756,-37.1936,-2.7724,5,0.00,37.1936,false
1.45,NoDOGE,1,504,756,-37.1936,-2.7724,5,0.00,37.1936,false
1.50,NoDOGE,1,504,756,-30.4278,-2.3553,4,0.00,30.4278,false
1.55,NoDOGE,1,504,756,-26.3710,-2.0230,3,0.00,26.3710,false
1.60,NoDOGE,1,504,756,-26.3710,-2.0230,3,0.00,26.3710,false
1.65,NoDOGE,1,504,756,-26.3710,-2.0230,3,0.00,26.3710,false
1.70,NoDOGE,1,504,756,-26.3710,-2.0230,3,0.00,26.3710,false
1.75,NoDOGE,1,504,756,-26.3710,-2.0230,3,0.00,26.3710,false
1.80,NoDOGE,1,504,756,-26.3710,-2.0230,3,0.00,26.3710,false
1.85,NoDOGE,1,504,756,-26.3710,-2.0230,3,0.00,26.3710,false
1.90,NoDOGE,1,504,756,-26.3710,-2.0230,3,0.00,26.3710,false
1.95,NoDOGE,1,504,756,-26.3710,-2.0230,3,0.00,26.3710,false
2.00,NoDOGE,1,504,756,-20.1422,-1.5094,3,33.33,20.1422,false
0.00,NoDOGE,2,756,1008,604.4692,3.3050,13,69.23,16.8237,true
0.05,NoDOGE,2,756,1008,604.4692,3.3050,13,69.23,16.8237,true
0.10,NoDOGE,2,756,1008,673.2440,3.4232,13,76.92,13.8622,true
0.15,NoDOGE,2,756,1008,673.2440,3.4232,13,76.92,13.8622,true
0.20,NoDOGE,2,756,1008,559.0183,3.1900,13,69.23,22.1900,true
0.25,NoDOGE,2,756,1008,652.3901,3.2395,12,75.00,22.1900,true
0.30,NoDOGE,2,756,1008,652.3901,3.2395,12,75.00,22.1900,true
0.35,NoDOGE,2,756,1008,413.3437,2.7464,12,66.67,22.1900,true
0.40,NoDOGE,2,756,1008,409.7661,2.7381,12,66.67,22.1900,true
0.45,NoDOGE,2,756,1008,544.1978,2.9267,11,63.64,16.3752,true
0.50,NoDOGE,2,756,1008,544.1978,2.9267,11,63.64,16.3752,true
0.55,NoDOGE,2,756,1008,386.5684,2.7727,11,54.55,16.3752,true
0.60,NoDOGE,2,756,1008,386.5684,2.7727,11,54.55,16.3752,true
0.65,NoDOGE,2,756,1008,639.9742,3.3173,10,70.00,9.6681,true
0.70,NoDOGE,2,756,1008,639.9742,3.3173,10,70.00,9.6681,true
0.75,NoDOGE,2,756,1008,444.9566,2.8216,10,60.00,16.3752,true
0.80,NoDOGE,2,756,1008,437.8200,2.8050,10,60.00,16.3752,true
0.85,NoDOGE,2,756,1008,437.8200,2.8050,10,60.00,16.3752,true
0.90,NoDOGE,2,756,1008,492.5110,2.6731,9,66.67,16.3752,true
0.95,NoDOGE,2,756,1008,437.6513,2.5886,8,75.00,10.8510,true
1.00,NoDOGE,2,756,1008,437.6513,2.5886,8,75.00,10.8510,true
1.05,NoDOGE,2,756,1008,437.6513,2.5886,8,75.00,10.8510,true
1.10,NoDOGE,2,756,1008,437.6513,2.5886,8,75.00,10.8510,true
1.15,NoDOGE,2,756,1008,437.6513,2.5886,8,75.00,10.8510,true
1.20,NoDOGE,2,756,1008,367.9138,2.7306,8,75.00,10.8510,true
1.25,NoDOGE,2,756,1008,367.9138,2.7306,8,75.00,10.8510,true
1.30,NoDOGE,2,756,1008,301.3256,2.4192,7,71.43,13.0348,true
1.35,NoDOGE,2,756,1008,301.3256,2.4192,7,71.43,13.0348,true
1.40,NoDOGE,2,756,1008,301.3256,2.4192,7,71.43,13.0348,true
1.45,NoDOGE,2,756,1008,301.3256,2.4192,7,71.43,13.0348,true
1.50,NoDOGE,2,756,1008,301.3256,2.4192,7,71.43,13.0348,true
1.55,NoDOGE,2,756,1008,301.3256,2.4192,7,71.43,13.0348,true
1.60,NoDOGE,2,756,1008,171.4853,1.9695,7,71.43,13.0348,true
1.65,NoDOGE,2,756,1008,171.4853,1.9695,7,71.43,13.0348,true
1.70,NoDOGE,2,756,1008,171.4853,1.9695,7,71.43,13.0348,true
1.75,NoDOGE,2,756,1008,171.4853,1.9695,7,71.43,13.0348,true
1.80,NoDOGE,2,756,1008,171.4853,1.9695,7,71.43,13.0348,true
1.85,NoDOGE,2,756,1008,74.3183,1.8091,6,83.33,10.8510,true
1.90,NoDOGE,2,756,1008,74.3183,1.8091,6,83.33,10.8510,true
1.95,NoDOGE,2,756,1008,74.3183,1.8091,6,83.33,10.8510,true
2.00,NoDOGE,2,756,1008,74.8540,1.8174,6,83.33,10.8510,true
0.00,NoDOGE,3,1008,1260,278.2498,5.0427,18,61.11,51.9942,true
0.05,NoDOGE,3,1008,1260,216.8459,4.6374,18,61.11,51.9942,true
0.10,NoDOGE,3,1008,1260,269.7495,3.9710,16,62.50,45.6021,true
0.15,NoDOGE,3,1008,1260,194.9674,3.4879,16,62.50,57.6365,true
0.20,NoDOGE,3,1008,1260,194.9674,3.4879,16,62.50,57.6365,true
0.25,NoDOGE,3,1008,1260,194.9674,3.4879,16,62.50,57.6365,true
0.30,NoDOGE,3,1008,1260,194.9674,3.4879,16,62.50,57.6365,true
0.35,NoDOGE,3,1008,1260,162.3050,2.9864,16,56.25,57.6365,true
0.40,NoDOGE,3,1008,1260,213.4156,3.5359,16,62.50,57.6365,true
0.45,NoDOGE,3,1008,1260,272.6388,3.7822,16,56.25,57.0532,true
0.50,NoDOGE,3,1008,1260,187.2522,3.5230,16,56.25,51.9942,true
0.55,NoDOGE,3,1008,1260,187.2522,3.5230,16,56.25,51.9942,true
0.60,NoDOGE,3,1008,1260,179.6364,3.4045,16,56.25,51.9942,true
0.65,NoDOGE,3,1008,1260,179.6364,3.4045,16,56.25,51.9942,true
0.70,NoDOGE,3,1008,1260,179.6364,3.4045,16,56.25,51.9942,true
0.75,NoDOGE,3,1008,1260,154.3872,3.1981,16,56.25,51.9942,true
0.80,NoDOGE,3,1008,1260,154.3872,3.1981,16,56.25,51.9942,true
0.85,NoDOGE,3,1008,1260,78.0188,2.2449,15,53.33,43.8395,true
0.90,NoDOGE,3,1008,1260,88.0802,2.2441,13,69.23,28.4820,true
0.95,NoDOGE,3,1008,1260,121.7993,2.5580,12,75.00,28.4056,true
1.00,NoDOGE,3,1008,1260,121.7993,2.5580,12,75.00,28.4056,true
1.05,NoDOGE,3,1008,1260,121.7993,2.5580,12,75.00,28.4056,true
1.10,NoDOGE,3,1008,1260,121.7993,2.5580,12,75.00,28.4056,true
1.15,NoDOGE,3,1008,1260,364.2818,3.9347,11,81.82,11.0848,true
1.20,NoDOGE,3,1008,1260,254.1737,3.5760,10,80.00,8.6763,true
1.25,NoDOGE,3,1008,1260,226.1137,3.3975,10,80.00,8.6763,true
1.30,NoDOGE,3,1008,1260,226.1137,3.3975,10,80.00,8.6763,true
1.35,NoDOGE,3,1008,1260,226.1137,3.3975,10,80.00,8.6763,true
1.40,NoDOGE,3,1008,1260,257.0965,3.4893,9,88.89,5.9608,true
1.45,NoDOGE,3,1008,1260,203.0712,3.0147,8,87.50,5.9608,true
1.50,NoDOGE,3,1008,1260,203.0712,3.0147,8,87.50,5.9608,true
1.55,NoDOGE,3,1008,1260,110.7694,2.6153,7,85.71,12.0128,true
1.60,NoDOGE,3,1008,1260,110.7694,2.6153,7,85.71,12.0128,true
1.65,NoDOGE,3,1008,1260,199.4927,2.8983,7,85.71,12.0128,true
1.70,NoDOGE,3,1008,1260,164.4603,2.8558,6,100.00,0.0000,true
1.75,NoDOGE,3,1008,1260,154.5579,2.6589,5,100.00,0.0000,true
1.80,NoDOGE,3,1008,1260,78.5855,2.6636,5,100.00,0.0000,true
1.85,NoDOGE,3,1008,1260,78.5855,2.6636,5,100.00,0.0000,true
1.90,NoDOGE,3,1008,1260,96.2996,2.6559,5,100.00,0.0000,true
1.95,NoDOGE,3,1008,1260,96.2996,2.6559,5,100.00,0.0000,true
2.00,NoDOGE,3,1008,1260,96.2996,2.6559,5,100.00,0.0000,true
0.00,NoDOGE,4,1260,1512,-2.6234,0.2937,12,33.33,33.6390,false
0.05,NoDOGE,4,1260,1512,14.3365,0.8326,11,36.36,22.0810,true
0.10,NoDOGE,4,1260,1512,61.9645,1.9575,11,54.55,14.8356,true
0.15,NoDOGE,4,1260,1512,56.2430,1.8242,11,54.55,14.8356,true
0.20,NoDOGE,4,1260,1512,56.2430,1.8242,11,54.55,14.8356,true
0.25,NoDOGE,4,1260,1512,56.2430,1.8242,11,54.55,14.8356,true
0.30,NoDOGE,4,1260,1512,54.4988,1.7911,11,54.55,14.8356,true
0.35,NoDOGE,4,1260,1512,64.0984,1.9158,10,60.00,14.8356,true
0.40,NoDOGE,4,1260,1512,54.7246,1.7515,10,60.00,14.8356,true
0.45,NoDOGE,4,1260,1512,108.7894,2.8804,9,77.78,13.2579,true
0.50,NoDOGE,4,1260,1512,108.7894,2.8804,9,77.78,13.2579,true
0.55,NoDOGE,4,1260,1512,108.7894,2.8804,9,77.78,13.2579,true
0.60,NoDOGE,4,1260,1512,85.5188,2.5694,8,62.50,10.5846,true
0.65,NoDOGE,4,1260,1512,85.5188,2.5694,8,62.50,10.5846,true
0.70,NoDOGE,4,1260,1512,85.5188,2.5694,8,62.50,10.5846,true
0.75,NoDOGE,4,1260,1512,15.0719,0.8013,9,44.44,30.4383,true
0.80,NoDOGE,4,1260,1512,39.6771,1.4267,9,55.56,23.4514,true
0.85,NoDOGE,4,1260,1512,92.0836,2.5759,7,71.43,10.6503,true
0.90,NoDOGE,4,1260,1512,85.2838,2.5335,7,71.43,10.6503,true
0.95,NoDOGE,4,1260,1512,85.2838,2.5335,7,71.43,10.6503,true
1.00,NoDOGE,4,1260,1512,63.0004,1.8622,6,66.67,18.9105,true
1.05,NoDOGE,4,1260,1512,63.0004,1.8622,6,66.67,18.9105,true
1.10,NoDOGE,4,1260,1512,12.6182,0.7264,5,60.00,16.1481,true
1.15,NoDOGE,4,1260,1512,12.6182,0.7264,5,60.00,16.1481,true
1.20,NoDOGE,4,1260,1512,12.6182,0.7264,5,60.00,16.1481,true
1.25,NoDOGE,4,1260,1512,-0.1426,0.1847,5,60.00,16.1481,false
1.30,NoDOGE,4,1260,1512,-0.1426,0.1847,5,60.00,16.1481,false
1.35,NoDOGE,4,1260,1512,11.7173,0.7576,4,75.00,16.1481,true
1.40,NoDOGE,4,1260,1512,1.2818,0.2245,3,66.67,16.1481,true
1.45,NoDOGE,4,1260,1512,-12.8445,-0.9304,2,50.00,16.1481,false
1.50,NoDOGE,4,1260,1512,-12.8445,-0.9304,2,50.00,16.1481,false
1.55,NoDOGE,4,1260,1512,-12.8445,-0.9304,2,50.00,16.1481,false
1.60,NoDOGE,4,1260,1512,-16.1481,-1.2332,1,0.00,16.1481,false
1.65,NoDOGE,4,1260,1512,-16.1481,-1.2332,1,0.00,16.1481,false
1.70,NoDOGE,4,1260,1512,-16.1481,-1.2332,1,0.00,16.1481,false
1.75,NoDOGE,4,1260,1512,-16.1481,-1.2332,1,0.00,16.1481,false
1.80,NoDOGE,4,1260,1512,-16.1481,-1.2332,1,0.00,16.1481,false
1.85,NoDOGE,4,1260,1512,-16.1481,-1.2332,1,0.00,16.1481,false
1.90,NoDOGE,4,1260,1512,-16.1481,-1.2332,1,0.00,16.1481,false
1.95,NoDOGE,4,1260,1512,0.0000,0.0000,0,0.00,0.0000,false
2.00,NoDOGE,4,1260,1512,0.0000,0.0000,0,0.00,0.0000,false
0.00,NoDOGE,5,1512,1764,7.1122,0.6113,11,54.55,22.7553,true
0.05,NoDOGE,5,1512,1764,7.1122,0.6113,11,54.55,22.7553,true
0.10,NoDOGE,5,1512,1764,7.1122,0.6113,11,54.55,22.7553,true
0.15,NoDOGE,5,1512,1764,-19.2291,-0.5677,11,45.45,39.8928,false
0.20,NoDOGE,5,1512,1764,-27.2528,-0.9714,11,36.36,43.3094,false
0.25,NoDOGE,5,1512,1764,-35.6083,-1.3842,11,27.27,44.7494,false
0.30,NoDOGE,5,1512,1764,-35.6083,-1.3842,11,27.27,44.7494,false
0.35,NoDOGE,5,1512,1764,-31.9656,-1.2498,11,27.27,41.6239,false
0.40,NoDOGE,5,1512,1764,-27.2137,-0.9466,11,27.27,37.5465,false
0.45,NoDOGE,5,1512,1764,-37.0688,-1.3546,11,27.27,46.0026,false
0.50,NoDOGE,5,1512,1764,-37.0688,-1.3546,11,27.27,46.0026,false
0.55,NoDOGE,5,1512,1764,-37.0688,-1.3546,11,27.27,46.0026,false
0.60,NoDOGE,5,1512,1764,-37.0688,-1.3546,11,27.27,46.0026,false
0.65,NoDOGE,5,1512,1764,-23.4082,-0.7369,10,30.00,34.2814,false
0.70,NoDOGE,5,1512,1764,-12.9358,-0.2715,9,33.33,25.2956,false
0.75,NoDOGE,5,1512,1764,-23.7203,-0.9907,8,25.00,30.4967,false
0.80,NoDOGE,5,1512,1764,-23.7203,-0.9907,8,25.00,30.4967,false
0.85,NoDOGE,5,1512,1764,-23.7203,-0.9907,8,25.00,30.4967,false
0.90,NoDOGE,5,1512,1764,0.8277,0.2469,7,42.86,14.4780,true
0.95,NoDOGE,5,1512,1764,0.8277,0.2469,7,42.86,14.4780,true
1.00,NoDOGE,5,1512,1764,8.6434,0.6907,6,50.00,10.3371,true
1.05,NoDOGE,5,1512,1764,9.4476,0.7135,5,60.00,10.3371,true
1.10,NoDOGE,5,1512,1764,9.4476,0.7135,5,60.00,10.3371,true
1.15,NoDOGE,5,1512,1764,-3.7514,-0.1879,5,60.00,10.4024,false
1.20,NoDOGE,5,1512,1764,4.3454,0.4633,3,66.67,10.3371,true
1.25,NoDOGE,5,1512,1764,4.3454,0.4633,3,66.67,10.3371,true
1.30,NoDOGE,5,1512,1764,4.3454,0.4633,3,66.67,10.3371,true
1.35,NoDOGE,5,1512,1764,4.3454,0.4633,3,66.67,10.3371,true
1.40,NoDOGE,5,1512,1764,-11.1497,-0.9274,3,33.33,17.2895,false
1.45,NoDOGE,5,1512,1764,-11.1497,-0.9274,3,33.33,17.2895,false
1.50,NoDOGE,5,1512,1764,-11.1497,-0.9274,3,33.33,17.2895,false
1.55,NoDOGE,5,1512,1764,-11.1497,-0.9274,3,33.33,17.2895,false
1.60,NoDOGE,5,1512,1764,-11.1497,-0.9274,3,33.33,17.2895,false
1.65,NoDOGE,5,1512,1764,-11.1497,-0.9274,3,33.33,17.2895,false
1.70,NoDOGE,5,1512,1764,-11.1497,-0.9274,3,33.33,17.2895,false
1.75,NoDOGE,5,1512,1764,-11.1497,-0.9274,3,33.33,17.2895,false
1.80,NoDOGE,5,1512,1764,-29.5068,-2.1807,3,0.00,29.5068,false
1.85,NoDOGE,5,1512,1764,-29.5068,-2.1807,3,0.00,29.5068,false
1.90,NoDOGE,5,1512,1764,-17.2895,-1.7674,2,0.00,17.2895,false
1.95,NoDOGE,5,1512,1764,-17.2895,-1.7674,2,0.00,17.2895,false
2.00,NoDOGE,5,1512,1764,-17.2895,-1.7674,2,0.00,17.2895,false
0.00,LargeCaps5,0,252,504,291.1233,3.4526,15,66.67,24.6873,true
0.05,LargeCaps5,0,252,504,291.1233,3.4526,15,66.67,24.6873,true
0.10,LargeCaps5,0,252,504,98.6638,2.2723,16,56.25,63.5343,true
0.15,LargeCaps5,0,252,504,590.9476,4.1609,14,71.43,31.0835,true
0.20,LargeCaps5,0,252,504,590.9476,4.1609,14,71.43,31.0835,true
0.25,LargeCaps5,0,252,504,590.9476,4.1609,14,71.43,31.0835,true
0.30,LargeCaps5,0,252,504,235.5890,2.8536,14,64.29,31.0835,true
0.35,LargeCaps5,0,252,504,194.1647,2.6462,14,64.29,31.0835,true
0.40,LargeCaps5,0,252,504,194.1647,2.6462,14,64.29,31.0835,true
0.45,LargeCaps5,0,252,504,222.6851,2.8135,14,57.14,31.0835,true
0.50,LargeCaps5,0,252,504,222.6851,2.8135,14,57.14,31.0835,true
0.55,LargeCaps5,0,252,504,222.6851,2.8135,14,57.14,31.0835,true
0.60,LargeCaps5,0,252,504,257.5882,2.7558,13,53.85,31.0835,true
0.65,LargeCaps5,0,252,504,257.5882,2.7558,13,53.85,31.0835,true
0.70,LargeCaps5,0,252,504,126.7783,2.0951,13,53.85,56.2940,true
0.75,LargeCaps5,0,252,504,126.7783,2.0951,13,53.85,56.2940,true
0.80,LargeCaps5,0,252,504,126.7783,2.0951,13,53.85,56.2940,true
0.85,LargeCaps5,0,252,504,94.5997,1.8475,12,50.00,56.2940,true
0.90,LargeCaps5,0,252,504,94.5997,1.8475,12,50.00,56.2940,true
0.95,LargeCaps5,0,252,504,94.5997,1.8475,12,50.00,56.2940,true
1.00,LargeCaps5,0,252,504,94.5997,1.8475,12,50.00,56.2940,true
1.05,LargeCaps5,0,252,504,368.0660,3.0043,10,60.00,11.8035,true
1.10,LargeCaps5,0,252,504,368.0660,3.0043,10,60.00,11.8035,true
1.15,LargeCaps5,0,252,504,436.3752,3.0961,8,75.00,5.0456,true
1.20,LargeCaps5,0,252,504,360.5610,2.5908,8,75.00,5.0456,true
1.25,LargeCaps5,0,252,504,198.8755,2.7024,7,71.43,5.0456,true
1.30,LargeCaps5,0,252,504,198.8755,2.7024,7,71.43,5.0456,true
1.35,LargeCaps5,0,252,504,198.8755,2.7024,7,71.43,5.0456,true
1.40,LargeCaps5,0,252,504,198.8755,2.7024,7,71.43,5.0456,true
1.45,LargeCaps5,0,252,504,159.9825,2.5124,6,83.33,0.0457,true
1.50,LargeCaps5,0,252,504,159.9825,2.5124,6,83.33,0.0457,true
1.55,LargeCaps5,0,252,504,87.5850,3.0111,6,83.33,0.0457,true
1.60,LargeCaps5,0,252,504,87.5850,3.0111,6,83.33,0.0457,true
1.65,LargeCaps5,0,252,504,87.5850,3.0111,6,83.33,0.0457,true
1.70,LargeCaps5,0,252,504,87.5850,3.0111,6,83.33,0.0457,true
1.75,LargeCaps5,0,252,504,62.2290,2.5230,5,80.00,0.0457,true
1.80,LargeCaps5,0,252,504,62.2290,2.5230,5,80.00,0.0457,true
1.85,LargeCaps5,0,252,504,138.6297,1.8892,5,80.00,0.0457,true
1.90,LargeCaps5,0,252,504,114.7852,1.6984,5,80.00,10.0334,true
1.95,LargeCaps5,0,252,504,138.7388,1.8263,4,100.00,0.0000,true
2.00,LargeCaps5,0,252,504,138.7388,1.8263,4,100.00,0.0000,true
0.00,LargeCaps5,1,504,756,18.1878,1.3325,8,62.50,7.9137,true
0.05,LargeCaps5,1,504,756,18.1878,1.3325,8,62.50,7.9137,true
0.10,LargeCaps5,1,504,756,18.1878,1.3325,8,62.50,7.9137,true
0.15,LargeCaps5,1,504,756,18.1878,1.3325,8,62.50,7.9137,true
0.20,LargeCaps5,1,504,756,18.1878,1.3325,8,62.50,7.9137,true
0.25,LargeCaps5,1,504,756,40.3681,2.3191,8,75.00,7.9137,true
0.30,LargeCaps5,1,504,756,6.9061,0.5798,8,62.50,27.5884,true
0.35,LargeCaps5,1,504,756,6.9061,0.5798,8,62.50,27.5884,true
0.40,LargeCaps5,1,504,756,6.9061,0.5798,8,62.50,27.5884,true
0.45,LargeCaps5,1,504,756,6.9061,0.5798,8,62.50,27.5884,true
0.50,LargeCaps5,1,504,756,6.9061,0.5798,8,62.50,27.5884,true
0.55,LargeCaps5,1,504,756,6.9061,0.5798,8,62.50,27.5884,true
0.60,LargeCaps5,1,504,756,6.9061,0.5798,8,62.50,27.5884,true
0.65,LargeCaps5,1,504,756,6.9061,0.5798,8,62.50,27.5884,true
0.70,LargeCaps5,1,504,756,16.0933,1.0380,7,71.43,21.3655,true
0.75,LargeCaps5,1,504,756,10.1613,0.7160,7,71.43,25.3835,true
0.80,LargeCaps5,1,504,756,-8.8469,-0.2833,7,57.14,25.3835,false
0.85,LargeCaps5,1,504,756,-8.8469,-0.2833,7,57.14,25.3835,false
0.90,LargeCaps5,1,504,756,-23.4358,-1.1725,7,42.86,32.6399,false
0.95,LargeCaps5,1,504,756,-27.5736,-1.6091,7,42.86,32.6399,false
1.00,LargeCaps5,1,504,756,-27.5736,-1.6091,7,42.86,32.6399,false
1.05,LargeCaps5,1,504,756,-27.5736,-1.6091,7,42.86,32.6399,false
1.10,LargeCaps5,1,504,756,-27.5736,-1.6091,7,42.86,32.6399,false
1.15,LargeCaps5,1,504,756,-15.1283,-1.2341,7,42.86,21.0652,false
1.20,LargeCaps5,1,504,756,-17.7587,-1.5625,7,28.57,20.5447,false
1.25,LargeCaps5,1,504,756,16.9161,0.7706,6,33.33,20.5447,true
1.30,LargeCaps5,1,504,756,16.9161,0.7706,6,33.33,20.5447,true
1.35,LargeCaps5,1,504,756,-6.1638,0.0580,5,20.00,32.3381,false
1.40,LargeCaps5,1,504,756,-37.1936,-2.7724,5,0.00,37.1936,false
1.45,LargeCaps5,1,504,756,-37.1936,-2.7724,5,0.00,37.1936,false
1.50,LargeCaps5,1,504,756,-30.4278,-2.3553,4,0.00,30.4278,false
1.55,LargeCaps5,1,504,756,-26.3710,-2.0230,3,0.00,26.3710,false
1.60,LargeCaps5,1,504,756,-26.3710,-2.0230,3,0.00,26.3710,false
1.65,LargeCaps5,1,504,756,-26.3710,-2.0230,3,0.00,26.3710,false
1.70,LargeCaps5,1,504,756,-26.3710,-2.0230,3,0.00,26.3710,false
1.75,LargeCaps5,1,504,756,-26.3710,-2.0230,3,0.00,26.3710,false
1.80,LargeCaps5,1,504,756,-26.3710,-2.0230,3,0.00,26.3710,false
1.85,LargeCaps5,1,504,756,-26.3710,-2.0230,3,0.00,26.3710,false
1.90,LargeCaps5,1,504,756,-26.3710,-2.0230,3,0.00,26.3710,false
1.95,LargeCaps5,1,504,756,-26.3710,-2.0230,3,0.00,26.3710,false
2.00,LargeCaps5,1,504,756,-20.1422,-1.5094,3,33.33,20.1422,false
0.00,LargeCaps5,2,756,1008,370.0483,2.7871,14,64.29,25.0490,true
0.05,LargeCaps5,2,756,1008,370.0483,2.7871,14,64.29,25.0490,true
0.10,LargeCaps5,2,756,1008,415.9374,2.9043,14,71.43,25.0490,true
0.15,LargeCaps5,2,756,1008,395.1914,2.8528,14,71.43,25.0490,true
0.20,LargeCaps5,2,756,1008,431.0215,2.9665,14,71.43,25.0490,true
0.25,LargeCaps5,2,756,1008,285.9195,2.4339,12,66.67,25.0490,true
0.30,LargeCaps5,2,756,1008,285.9195,2.4339,12,66.67,25.0490,true
0.35,LargeCaps5,2,756,1008,272.6232,2.3819,12,66.67,25.0490,true
0.40,LargeCaps5,2,756,1008,270.0263,2.3734,12,66.67,25.0490,true
0.45,LargeCaps5,2,756,1008,367.6068,2.5822,11,63.64,25.0490,true
0.50,LargeCaps5,2,756,1008,367.6068,2.5822,11,63.64,25.0490,true
0.55,LargeCaps5,2,756,1008,338.3113,2.5077,11,54.55,25.0490,true
0.60,LargeCaps5,2,756,1008,338.3113,2.5077,11,54.55,25.0490,true
0.65,LargeCaps5,2,756,1008,619.4526,3.0571,10,70.00,9.6681,true
0.70,LargeCaps5,2,756,1008,619.4526,3.0571,10,70.00,9.6681,true
0.75,LargeCaps5,2,756,1008,390.9086,2.5476,10,60.00,25.0490,true
0.80,LargeCaps5,2,756,1008,384.4798,2.5331,10,60.00,25.0490,true
0.85,LargeCaps5,2,756,1008,505.6454,2.7723,9,66.67,10.8510,true
0.90,LargeCaps5,2,756,1008,437.6513,2.5886,8,75.00,10.8510,true
0.95,LargeCaps5,2,756,1008,437.6513,2.5886,8,75.00,10.8510,true
1.00,LargeCaps5,2,756,1008,437.6513,2.5886,8,75.00,10.8510,true
1.05,LargeCaps5,2,756,1008,437.6513,2.5886,8,75.00,10.8510,true
1.10,LargeCaps5,2,756,1008,437.6513,2.5886,8,75.00,10.8510,true
1.15,LargeCaps5,2,756,1008,437.6513,2.5886,8,75.00,10.8510,true
1.20,LargeCaps5,2,756,1008,367.9138,2.7306,8,75.00,10.8510,true
1.25,LargeCaps5,2,756,1008,367.9138,2.7306,8,75.00,10.8510,true
1.30,LargeCaps5,2,756,1008,302.5591,2.4233,7,71.43,12.7675,true
1.35,LargeCaps5,2,756,1008,302.5591,2.4233,7,71.43,12.7675,true
1.40,LargeCaps5,2,756,1008,302.5591,2.4233,7,71.43,12.7675,true
1.45,LargeCaps5,2,756,1008,302.5591,2.4233,7,71.43,12.7675,true
1.50,LargeCaps5,2,756,1008,302.5591,2.4233,7,71.43,12.7675,true
1.55,LargeCaps5,2,756,1008,302.5591,2.4233,7,71.43,12.7675,true
1.60,LargeCaps5,2,756,1008,172.3197,1.9740,7,71.43,12.7675,true
1.65,LargeCaps5,2,756,1008,172.3197,1.9740,7,71.43,12.7675,true
1.70,LargeCaps5,2,756,1008,172.3197,1.9740,7,71.43,12.7675,true
1.75,LargeCaps5,2,756,1008,172.3197,1.9740,7,71.43,12.7675,true
1.80,LargeCaps5,2,756,1008,172.3197,1.9740,7,71.43,12.7675,true
1.85,LargeCaps5,2,756,1008,74.8540,1.8174,6,83.33,10.8510,true
1.90,LargeCaps5,2,756,1008,74.8540,1.8174,6,83.33,10.8510,true
1.95,LargeCaps5,2,756,1008,74.8540,1.8174,6,83.33,10.8510,true
2.00,LargeCaps5,2,756,1008,74.8540,1.8174,6,83.33,10.8510,true
0.00,LargeCaps5,3,1008,1260,210.5638,2.7504,14,57.14,38.1907,true
0.05,LargeCaps5,3,1008,1260,210.5638,2.7504,14,57.14,38.1907,true
0.10,LargeCaps5,3,1008,1260,111.0645,2.1563,14,57.14,41.5611,true
0.15,LargeCaps5,3,1008,1260,125.7103,2.2559,14,57.14,41.5611,true
0.20,LargeCaps5,3,1008,1260,107.8589,2.1318,14,50.00,41.5611,true
0.25,LargeCaps5,3,1008,1260,107.8589,2.1318,14,50.00,41.5611,true
0.30,LargeCaps5,3,1008,1260,107.8589,2.1318,14,50.00,41.5611,true
0.35,LargeCaps5,3,1008,1260,82.8162,1.9359,14,50.00,41.5611,true
0.40,LargeCaps5,3,1008,1260,82.8162,1.9359,14,50.00,41.5611,true
0.45,LargeCaps5,3,1008,1260,82.8162,1.9359,14,50.00,41.5611,true
0.50,LargeCaps5,3,1008,1260,82.8162,1.9359,14,50.00,41.5611,true
0.55,LargeCaps5,3,1008,1260,99.6351,1.9608,13,53.85,41.5611,true
0.60,LargeCaps5,3,1008,1260,99.6351,1.9608,13,53.85,41.5611,true
0.65,LargeCaps5,3,1008,1260,99.6351,1.9608,13,53.85,41.5611,true
0.70,LargeCaps5,3,1008,1260,167.4948,2.4113,13,53.85,32.7989,true
0.75,LargeCaps5,3,1008,1260,146.5039,2.4333,12,58.33,38.8666,true
0.80,LargeCaps5,3,1008,1260,146.5039,2.4333,12,58.33,38.8666,true
0.85,LargeCaps5,3,1008,1260,79.6906,1.7600,11,54.55,28.4820,true
0.90,LargeCaps5,3,1008,1260,61.8803,1.5228,10,60.00,28.4820,true
0.95,LargeCaps5,3,1008,1260,53.9868,1.5224,8,75.00,28.4056,true
1.00,LargeCaps5,3,1008,1260,53.9868,1.5224,8,75.00,28.4056,true
1.05,LargeCaps5,3,1008,1260,53.9868,1.5224,8,75.00,28.4056,true
1.10,LargeCaps5,3,1008,1260,24.5254,1.0503,8,75.00,28.4056,true
1.15,LargeCaps5,3,1008,1260,161.3330,3.5628,7,100.00,0.0000,true
1.20,LargeCaps5,3,1008,1260,161.3330,3.5628,7,100.00,0.0000,true
1.25,LargeCaps5,3,1008,1260,140.6285,3.3610,7,100.00,0.0000,true
1.30,LargeCaps5,3,1008,1260,140.6285,3.3610,7,100.00,0.0000,true
1.35,LargeCaps5,3,1008,1260,140.6285,3.3610,7,100.00,0.0000,true
1.40,LargeCaps5,3,1008,1260,140.6285,3.3610,7,100.00,0.0000,true
1.45,LargeCaps5,3,1008,1260,92.9878,2.7451,7,85.71,5.5018,true
1.50,LargeCaps5,3,1008,1260,92.9878,2.7451,7,85.71,5.5018,true
1.55,LargeCaps5,3,1008,1260,92.9878,2.7451,7,85.71,5.5018,true
1.60,LargeCaps5,3,1008,1260,50.3558,2.2430,6,83.33,5.5018,true
1.65,LargeCaps5,3,1008,1260,46.4090,2.0383,5,80.00,5.5018,true
1.70,LargeCaps5,3,1008,1260,31.1209,1.3922,5,80.00,15.3693,true
1.75,LargeCaps5,3,1008,1260,31.1209,1.3922,5,80.00,15.3693,true
1.80,LargeCaps5,3,1008,1260,31.1209,1.3922,5,80.00,15.3693,true
1.85,LargeCaps5,3,1008,1260,24.8923,1.1487,4,75.00,15.3693,true
1.90,LargeCaps5,3,1008,1260,37.2805,1.3599,4,75.00,15.3693,true
1.95,LargeCaps5,3,1008,1260,62.2113,2.0202,3,100.00,0.0000,true
2.00,LargeCaps5,3,1008,1260,62.2113,2.0202,3,100.00,0.0000,true
0.00,LargeCaps5,4,1260,1512,8.4337,0.6785,12,41.67,24.5784,true
0.05,LargeCaps5,4,1260,1512,27.3194,1.2090,11,45.45,13.0033,true
0.10,LargeCaps5,4,1260,1512,58.6889,1.9058,11,54.55,14.8356,true
0.15,LargeCaps5,4,1260,1512,33.2768,1.3393,11,45.45,23.3187,true
0.20,LargeCaps5,4,1260,1512,33.2768,1.3393,11,45.45,23.3187,true
0.25,LargeCaps5,4,1260,1512,33.2768,1.3393,11,45.45,23.3187,true
0.30,LargeCaps5,4,1260,1512,31.7889,1.3033,11,45.45,24.1747,true
0.35,LargeCaps5,4,1260,1512,39.9775,1.4534,10,50.00,19.4634,true
0.40,LargeCaps5,4,1260,1512,31.9815,1.2729,10,50.00,21.2141,true
0.45,LargeCaps5,4,1260,1512,78.0993,2.4283,9,66.67,14.1606,true
0.50,LargeCaps5,4,1260,1512,78.0993,2.4283,9,66.67,14.1606,true
0.55,LargeCaps5,4,1260,1512,78.0993,2.4283,9,66.67,14.1606,true
0.60,LargeCaps5,4,1260,1512,97.6242,2.6673,9,66.67,11.5461,true
0.65,LargeCaps5,4,1260,1512,97.6242,2.6673,9,66.67,11.5461,true
0.70,LargeCaps5,4,1260,1512,97.6242,2.6673,9,66.67,11.5461,true
0.75,LargeCaps5,4,1260,1512,5.5397,0.5077,9,44.44,21.7967,true
0.80,LargeCaps5,4,1260,1512,15.1123,0.8523,8,50.00,21.7967,true
0.85,LargeCaps5,4,1260,1512,117.0530,2.6851,7,71.43,13.6566,true
0.90,LargeCaps5,4,1260,1512,109.3693,2.6390,7,71.43,13.6566,true
0.95,LargeCaps5,4,1260,1512,60.8230,2.4068,7,71.43,13.6566,true
1.00,LargeCaps5,4,1260,1512,60.8230,2.4068,7,71.43,13.6566,true
1.05,LargeCaps5,4,1260,1512,73.5614,2.1120,6,66.67,13.6566,true
1.10,LargeCaps5,4,1260,1512,19.9149,1.0253,5,60.00,16.1481,true
1.15,LargeCaps5,4,1260,1512,19.9149,1.0253,5,60.00,16.1481,true
1.20,LargeCaps5,4,1260,1512,19.9149,1.0253,5,60.00,16.1481,true
1.25,LargeCaps5,4,1260,1512,-0.1426,0.1847,5,60.00,16.1481,false
1.30,LargeCaps5,4,1260,1512,-0.1426,0.1847,5,60.00,16.1481,false
1.35,LargeCaps5,4,1260,1512,11.7173,0.7576,4,75.00,16.1481,true
1.40,LargeCaps5,4,1260,1512,1.2818,0.2245,3,66.67,16.1481,true
1.45,LargeCaps5,4,1260,1512,-12.8445,-0.9304,2,50.00,16.1481,false
1.50,LargeCaps5,4,1260,1512,-12.8445,-0.9304,2,50.00,16.1481,false
1.55,LargeCaps5,4,1260,1512,-12.8445,-0.9304,2,50.00,16.1481,false
1.60,LargeCaps5,4,1260,1512,-16.1481,-1.2332,1,0.00,16.1481,false
1.65,LargeCaps5,4,1260,1512,-16.1481,-1.2332,1,0.00,16.1481,false
1.70,LargeCaps5,4,1260,1512,-16.1481,-1.2332,1,0.00,16.1481,false
1.75,LargeCaps5,4,1260,1512,-16.1481,-1.2332,1,0.00,16.1481,false
1.80,LargeCaps5,4,1260,1512,-16.1481,-1.2332,1,0.00,16.1481,false
1.85,LargeCaps5,4,1260,1512,-16.1481,-1.2332,1,0.00,16.1481,false
1.90,LargeCaps5,4,1260,1512,-16.1481,-1.2332,1,0.00,16.1481,false
1.95,LargeCaps5,4,1260,1512,0.0000,0.0000,0,0.00,0.0000,false
2.00,LargeCaps5,4,1260,1512,0.0000,0.0000,0,0.00,0.0000,false
0.00,LargeCaps5,5,1512,1764,7.1122,0.6113,11,54.55,22.7553,true
0.05,LargeCaps5,5,1512,1764,7.1122,0.6113,11,54.55,22.7553,true
0.10,LargeCaps5,5,1512,1764,7.1122,0.6113,11,54.55,22.7553,true
0.15,LargeCaps5,5,1512,1764,-19.2291,-0.5677,11,45.45,39.8928,false
0.20,LargeCaps5,5,1512,1764,-27.2528,-0.9714,11,36.36,43.3094,false
0.25,LargeCaps5,5,1512,1764,-35.6083,-1.3842,11,27.27,44.7494,false
0.30,LargeCaps5,5,1512,1764,-35.6083,-1.3842,11,27.27,44.7494,false
0.35,LargeCaps5,5,1512,1764,-31.9656,-1.2498,11,27.27,41.6239,false
0.40,LargeCaps5,5,1512,1764,-27.2137,-0.9466,11,27.27,37.5465,false
0.45,LargeCaps5,5,1512,1764,-37.0688,-1.3546,11,27.27,46.0026,false
0.50,LargeCaps5,5,1512,1764,-37.0688,-1.3546,11,27.27,46.0026,false
0.55,LargeCaps5,5,1512,1764,-37.0688,-1.3546,11,27.27,46.0026,false
0.60,LargeCaps5,5,1512,1764,-37.0688,-1.3546,11,27.27,46.0026,false
0.65,LargeCaps5,5,1512,1764,-23.4082,-0.7369,10,30.00,34.2814,false
0.70,LargeCaps5,5,1512,1764,-12.9358,-0.2715,9,33.33,25.2956,false
0.75,LargeCaps5,5,1512,1764,-23.7203,-0.9907,8,25.00,30.4967,false
0.80,LargeCaps5,5,1512,1764,-23.7203,-0.9907,8,25.00,30.4967,false
0.85,LargeCaps5,5,1512,1764,-23.7203,-0.9907,8,25.00,30.4967,false
0.90,LargeCaps5,5,1512,1764,0.8277,0.2469,7,42.86,14.4780,true
0.95,LargeCaps5,5,1512,1764,0.8277,0.2469,7,42.86,14.4780,true
1.00,LargeCaps5,5,1512,1764,8.6434,0.6907,6,50.00,10.3371,true
1.05,LargeCaps5,5,1512,1764,9.4476,0.7135,5,60.00,10.3371,true
1.10,LargeCaps5,5,1512,1764,9.4476,0.7135,5,60.00,10.3371,true
1.15,LargeCaps5,5,1512,1764,-3.7514,-0.1879,5,60.00,10.4024,false
1.20,LargeCaps5,5,1512,1764,4.3454,0.4633,3,66.67,10.3371,true
1.25,LargeCaps5,5,1512,1764,4.3454,0.4633,3,66.67,10.3371,true
1.30,LargeCaps5,5,1512,1764,4.3454,0.4633,3,66.67,10.3371,true
1.35,LargeCaps5,5,1512,1764,4.3454,0.4633,3,66.67,10.3371,true
1.40,LargeCaps5,5,1512,1764,-11.1497,-0.9274,3,33.33,17.2895,false
1.45,LargeCaps5,5,1512,1764,-11.1497,-0.9274,3,33.33,17.2895,false
1.50,LargeCaps5,5,1512,1764,-11.1497,-0.9274,3,33.33,17.2895,false
1.55,LargeCaps5,5,1512,1764,-11.1497,-0.9274,3,33.33,17.2895,false
1.60,LargeCaps5,5,1512,1764,-11.1497,-0.9274,3,33.33,17.2895,false
1.65,LargeCaps5,5,1512,1764,-11.1497,-0.9274,3,33.33,17.2895,false
1.70,LargeCaps5,5,1512,1764,-11.1497,-0.9274,3,33.33,17.2895,false
1.75,LargeCaps5,5,1512,1764,-11.1497,-0.9274,3,33.33,17.2895,false
1.80,LargeCaps5,5,1512,1764,-29.5068,-2.1807,3,0.00,29.5068,false
1.85,LargeCaps5,5,1512,1764,-29.5068,-2.1807,3,0.00,29.5068,false
1.90,LargeCaps5,5,1512,1764,-17.2895,-1.7674,2,0.00,17.2895,false
1.95,LargeCaps5,5,1512,1764,-17.2895,-1.7674,2,0.00,17.2895,false
2.00,LargeCaps5,5,1512,1764,-17.2895,-1.7674,2,0.00,17.2895,false
0.00,LowVolume5,0,252,504,644.6248,3.5599,18,61.11,31.0523,true
0.05,LowVolume5,0,252,504,644.6248,3.5599,18,61.11,31.0523,true
0.10,LowVolume5,0,252,504,504.8664,3.2558,18,55.56,31.0523,true
0.15,LowVolume5,0,252,504,410.4036,2.8305,17,52.94,35.8189,true
0.20,LowVolume5,0,252,504,410.4036,2.8305,17,52.94,35.8189,true
0.25,LowVolume5,0,252,504,396.7023,3.3775,15,66.67,32.8866,true
0.30,LowVolume5,0,252,504,420.6650,3.5047,15,60.00,33.3020,true
0.35,LowVolume5,0,252,504,362.6424,3.3156,15,53.33,33.3020,true
0.40,LowVolume5,0,252,504,325.6987,3.1789,15,53.33,38.6281,true
0.45,LowVolume5,0,252,504,171.6590,2.2760,14,57.14,33.9858,true
0.50,LowVolume5,0,252,504,171.6590,2.2760,14,57.14,33.9858,true
0.55,LowVolume5,0,252,504,171.6590,2.2760,14,57.14,33.9858,true
0.60,LowVolume5,0,252,504,171.6590,2.2760,14,57.14,33.9858,true
0.65,LowVolume5,0,252,504,171.6590,2.2760,14,57.14,33.9858,true
0.70,LowVolume5,0,252,504,171.6590,2.2760,14,57.14,33.9858,true
0.75,LowVolume5,0,252,504,265.8098,2.5938,13,61.54,26.8555,true
0.80,LowVolume5,0,252,504,265.8098,2.5938,13,61.54,26.8555,true
0.85,LowVolume5,0,252,504,265.8098,2.5938,13,61.54,26.8555,true
0.90,LowVolume5,0,252,504,231.5162,2.4102,13,53.85,26.8555,true
0.95,LowVolume5,0,252,504,231.5162,2.4102,13,53.85,26.8555,true
1.00,LowVolume5,0,252,504,211.8236,2.1929,12,50.00,26.8555,true
1.05,LowVolume5,0,252,504,259.9268,2.2741,12,50.00,25.6856,true
1.10,LowVolume5,0,252,504,17.2640,0.9967,12,50.00,28.7955,true
1.15,LowVolume5,0,252,504,57.6450,1.6292,12,66.67,32.9589,true
1.20,LowVolume5,0,252,504,122.4952,2.1753,12,66.67,32.9589,true
1.25,LowVolume5,0,252,504,259.1878,2.6364,10,70.00,32.9589,true
1.30,LowVolume5,0,252,504,158.0925,2.1540,10,60.00,32.9589,true
1.35,LowVolume5,0,252,504,158.0925,2.1540,10,60.00,32.9589,true
1.40,LowVolume5,0,252,504,158.0925,2.1540,10,60.00,32.9589,true
1.45,LowVolume5,0,252,504,158.0925,2.1540,10,60.00,32.9589,true
1.50,LowVolume5,0,252,504,158.0925,2.1540,10,60.00,32.9589,true
1.55,LowVolume5,0,252,504,215.2541,2.4257,9,66.67,32.9589,true
1.60,LowVolume5,0,252,504,215.2541,2.4257,9,66.67,32.9589,true
1.65,LowVolume5,0,252,504,215.2541,2.4257,9,66.67,32.9589,true
1.70,LowVolume5,0,252,504,215.2541,2.4257,9,66.67,32.9589,true
1.75,LowVolume5,0,252,504,215.2541,2.4257,9,66.67,32.9589,true
1.80,LowVolume5,0,252,504,262.9638,2.5892,8,75.00,22.8131,true
1.85,LowVolume5,0,252,504,262.9638,2.5892,8,75.00,22.8131,true
1.90,LowVolume5,0,252,504,94.1560,1.6349,8,50.00,31.4515,true
1.95,LowVolume5,0,252,504,151.5401,2.0236,7,57.14,13.5559,true
2.00,LowVolume5,0,252,504,108.9998,1.6954,7,57.14,20.4418,true
0.00,LowVolume5,1,504,756,82.3023,2.0683,17,41.18,46.9532,true
0.05,LowVolume5,1,504,756,76.1766,2.0042,17,41.18,48.7357,true
0.10,LowVolume5,1,504,756,66.7835,1.9086,17,41.18,49.9247,true
0.15,LowVolume5,1,504,756,85.6064,2.0842,17,47.06,50.5270,true
0.20,LowVolume5,1,504,756,72.7111,1.8786,16,43.75,40.0511,true
0.25,LowVolume5,1,504,756,76.7747,1.9661,16,43.75,38.6406,true
0.30,LowVolume5,1,504,756,14.3881,1.2554,17,35.29,60.2953,true
0.35,LowVolume5,1,504,756,7.3030,1.0660,16,31.25,58.0465,true
0.40,LowVolume5,1,504,756,7.3030,1.0660,16,31.25,58.0465,true
0.45,LowVolume5,1,504,756,3.4993,0.9282,15,26.67,51.7393,true
0.50,LowVolume5,1,504,756,5.5586,0.9151,14,28.57,55.9804,true
0.55,LowVolume5,1,504,756,24.0949,1.1112,13,30.77,48.2504,true
0.60,LowVolume5,1,504,756,24.0949,1.1112,13,30.77,48.2504,true
0.65,LowVolume5,1,504,756,13.1860,0.9618,13,30.77,52.7996,true
0.70,LowVolume5,1,504,756,13.1860,0.9618,13,30.77,52.7996,true
0.75,LowVolume5,1,504,756,-39.4068,-0.6576,13,30.77,52.7996,false
0.80,LowVolume5,1,504,756,-39.4068,-0.6576,13,30.77,52.7996,false
0.85,LowVolume5,1,504,756,-39.4068,-0.6576,13,30.77,52.7996,false
0.90,LowVolume5,1,504,756,-29.9278,-0.2517,12,33.33,48.2297,false
0.95,LowVolume5,1,504,756,-50.2269,-1.1079,12,25.00,61.2282,false
1.00,LowVolume5,1,504,756,-58.1222,-1.3594,12,25.00,64.9273,false
1.05,LowVolume5,1,504,756,-52.1815,-1.0415,11,27.27,59.9519,false
1.10,LowVolume5,1,504,756,-52.1815,-1.0415,11,27.27,59.9519,false
1.15,LowVolume5,1,504,756,-52.1815,-1.0415,11,27.27,59.9519,false
1.20,LowVolume5,1,504,756,-52.1815,-1.0415,11,27.27,59.9519,false
1.25,LowVolume5,1,504,756,-41.8711,-0.6575,10,30.00,51.3170,false
1.30,LowVolume5,1,504,756,-41.8711,-0.6575,10,30.00,51.3170,false
1.35,LowVolume5,1,504,756,-27.1599,-0.1754,8,37.50,48.6188,false
1.40,LowVolume5,1,504,756,-27.1599,-0.1754,8,37.50,48.6188,false
1.45,LowVolume5,1,504,756,-15.7643,0.1133,7,42.86,48.6188,false
1.50,LowVolume5,1,504,756,-15.7643,0.1133,7,42.86,48.6188,false
1.55,LowVolume5,1,504,756,-29.4525,-0.3006,6,33.33,48.6188,false
1.60,LowVolume5,1,504,756,-29.4525,-0.3006,6,33.33,48.6188,false
1.65,LowVolume5,1,504,756,-29.4525,-0.3006,6,33.33,48.6188,false
1.70,LowVolume5,1,504,756,-29.4525,-0.3006,6,33.33,48.6188,false
1.75,LowVolume5,1,504,756,-29.4525,-0.3006,6,33.33,48.6188,false
1.80,LowVolume5,1,504,756,-29.4525,-0.3006,6,33.33,48.6188,false
1.85,LowVolume5,1,504,756,-29.4525,-0.3006,6,33.33,48.6188,false
1.90,LowVolume5,1,504,756,-29.4525,-0.3006,6,33.33,48.6188,false
1.95,LowVolume5,1,504,756,-29.4525,-0.3006,6,33.33,48.6188,false
2.00,LowVolume5,1,504,756,-29.4525,-0.3006,6,33.33,48.6188,false
0.00,LowVolume5,2,756,1008,-54.7429,-2.0977,15,33.33,66.6478,false
0.05,LowVolume5,2,756,1008,-56.1774,-2.1803,15,33.33,67.7049,false
0.10,LowVolume5,2,756,1008,-37.6557,-1.1275,14,35.71,42.5788,false
0.15,LowVolume5,2,756,1008,-30.6243,-0.7485,13,38.46,39.7849,false
0.20,LowVolume5,2,756,1008,-30.6243,-0.7485,13,38.46,39.7849,false
0.25,LowVolume5,2,756,1008,-30.6243,-0.7485,13,38.46,39.7849,false
0.30,LowVolume5,2,756,1008,-30.6243,-0.7485,13,38.46,39.7849,false
0.35,LowVolume5,2,756,1008,-55.3646,-1.8683,13,30.77,61.2584,false
0.40,LowVolume5,2,756,1008,-55.3646,-1.8683,13,30.77,61.2584,false
0.45,LowVolume5,2,756,1008,-66.2727,-2.6732,13,23.08,68.9361,false
0.50,LowVolume5,2,756,1008,-68.1019,-2.5622,13,30.77,69.5173,false
0.55,LowVolume5,2,756,1008,-56.9461,-1.8389,13,38.46,58.8565,false
0.60,LowVolume5,2,756,1008,-56.9461,-1.8389,13,38.46,58.8565,false
0.65,LowVolume5,2,756,1008,-77.8418,-3.8114,13,30.77,77.8418,false
0.70,LowVolume5,2,756,1008,-77.8418,-3.8114,13,30.77,77.8418,false
0.75,LowVolume5,2,756,1008,-45.6922,-0.9761,12,41.67,65.2336,false
0.80,LowVolume5,2,756,1008,-45.6922,-0.9761,12,41.67,65.2336,false
0.85,LowVolume5,2,756,1008,-3.8982,0.5233,11,45.45,41.3555,false
0.90,LowVolume5,2,756,1008,9.3331,0.7716,10,50.00,41.3555,true
0.95,LowVolume5,2,756,1008,9.3331,0.7716,10,50.00,41.3555,true
1.00,LowVolume5,2,756,1008,-0.2047,0.5985,10,50.00,46.4714,false
1.05,LowVolume5,2,756,1008,1.4604,0.6355,10,50.00,45.5783,true
1.10,LowVolume5,2,756,1008,1.4604,0.6355,10,50.00,45.5783,true
1.15,LowVolume5,2,756,1008,-40.3102,-1.2398,10,50.00,50.7467,false
1.20,LowVolume5,2,756,1008,-32.5361,-1.1160,10,40.00,46.6422,false
1.25,LowVolume5,2,756,1008,-22.8082,-0.6393,9,44.44,38.9483,false
1.30,LowVolume5,2,756,1008,-22.8082,-0.6393,9,44.44,38.9483,false
1.35,LowVolume5,2,756,1008,-22.8082,-0.6393,9,44.44,38.9483,false
1.40,LowVolume5,2,756,1008,-22.8082,-0.6393,9,44.44,38.9483,false
1.45,LowVolume5,2,756,1008,-22.8082,-0.6393,9,44.44,38.9483,false
1.50,LowVolume5,2,756,1008,-22.8082,-0.6393,9,44.44,38.9483,false
1.55,LowVolume5,2,756,1008,-22.8082,-0.6393,9,44.44,38.9483,false
1.60,LowVolume5,2,756,1008,-22.8082,-0.6393,9,44.44,38.9483,false
1.65,LowVolume5,2,756,1008,-21.7855,-0.5650,8,50.00,38.1394,false
1.70,LowVolume5,2,756,1008,-21.7297,-0.6224,6,50.00,30.6592,false
1.75,LowVolume5,2,756,1008,-21.7297,-0.6224,6,50.00,30.6592,false
1.80,LowVolume5,2,756,1008,-21.7297,-0.6224,6,50.00,30.6592,false
1.85,LowVolume5,2,756,1008,-21.7297,-0.6224,6,50.00,30.6592,false
1.90,LowVolume5,2,756,1008,-21.7297,-0.6224,6,50.00,30.6592,false
1.95,LowVolume5,2,756,1008,-21.7297,-0.6224,6,50.00,30.6592,false
2.00,LowVolume5,2,756,1008,-21.7297,-0.6224,6,50.00,30.6592,false
0.00,LowVolume5,3,1008,1260,378.9254,4.1833,15,66.67,23.6158,true
0.05,LowVolume5,3,1008,1260,183.0935,3.0321,15,60.00,52.8826,true
0.10,LowVolume5,3,1008,1260,183.0935,3.0321,15,60.00,52.8826,true
0.15,LowVolume5,3,1008,1260,183.0935,3.0321,15,60.00,52.8826,true
0.20,LowVolume5,3,1008,1260,194.6339,3.0763,15,60.00,52.8826,true
0.25,LowVolume5,3,1008,1260,194.6339,3.0763,15,60.00,52.8826,true
0.30,LowVolume5,3,1008,1260,177.9444,2.9259,15,60.00,55.5516,true
0.35,LowVolume5,3,1008,1260,173.7188,2.8139,15,60.00,55.5516,true
0.40,LowVolume5,3,1008,1260,153.6071,2.6767,15,60.00,55.5516,true
0.45,LowVolume5,3,1008,1260,128.7699,2.4689,15,60.00,59.9047,true
0.50,LowVolume5,3,1008,1260,128.7699,2.4689,15,60.00,59.9047,true
0.55,LowVolume5,3,1008,1260,94.1452,2.1759,15,53.33,65.9732,true
0.60,LowVolume5,3,1008,1260,83.5203,2.0650,15,53.33,65.9732,true
0.65,LowVolume5,3,1008,1260,83.5203,2.0650,15,53.33,65.9732,true
0.70,LowVolume5,3,1008,1260,-35.5545,-0.0234,13,30.77,65.9732,false
0.75,LowVolume5,3,1008,1260,-25.3960,0.2301,12,33.33,60.6095,false
0.80,LowVolume5,3,1008,1260,0.8773,0.6400,10,40.00,42.8323,true
0.85,LowVolume5,3,1008,1260,0.8773,0.6400,10,40.00,42.8323,true
0.90,LowVolume5,3,1008,1260,0.8773,0.6400,10,40.00,42.8323,true
0.95,LowVolume5,3,1008,1260,0.8773,0.6400,10,40.00,42.8323,true
1.00,LowVolume5,3,1008,1260,-42.7425,-0.4029,10,30.00,64.4515,false
1.05,LowVolume5,3,1008,1260,-29.1601,-0.0371,9,33.33,56.8888,false
1.10,LowVolume5,3,1008,1260,-29.1601,-0.0371,9,33.33,56.8888,false
1.15,LowVolume5,3,1008,1260,-29.1601,-0.0371,9,33.33,56.8888,false
1.20,LowVolume5,3,1008,1260,-29.1601,-0.0371,9,33.33,56.8888,false
1.25,LowVolume5,3,1008,1260,-27.9417,-0.0043,8,37.50,56.8888,false
1.30,LowVolume5,3,1008,1260,3.0344,0.6905,8,50.00,56.8888,true
1.35,LowVolume5,3,1008,1260,3.4896,0.6991,8,50.00,56.8888,true
1.40,LowVolume5,3,1008,1260,5.5469,0.7339,8,50.00,56.8888,true
1.45,LowVolume5,3,1008,1260,5.5469,0.7339,8,50.00,56.8888,true
1.50,LowVolume5,3,1008,1260,33.4810,1.0843,7,57.14,56.8888,true
1.55,LowVolume5,3,1008,1260,33.4810,1.0843,7,57.14,56.8888,true
1.60,LowVolume5,3,1008,1260,33.4810,1.0843,7,57.14,56.8888,true
1.65,LowVolume5,3,1008,1260,33.4810,1.0843,7,57.14,56.8888,true
1.70,LowVolume5,3,1008,1260,33.4810,1.0843,7,57.14,56.8888,true
1.75,LowVolume5,3,1008,1260,33.4810,1.0843,7,57.14,56.8888,true
1.80,LowVolume5,3,1008,1260,135.6193,1.9346,4,75.00,18.6754,true
1.85,LowVolume5,3,1008,1260,101.8517,1.8456,4,75.00,18.6754,true
1.90,LowVolume5,3,1008,1260,101.8517,1.8456,4,75.00,18.6754,true
1.95,LowVolume5,3,1008,1260,47.3282,1.2575,3,66.67,18.6754,true
2.00,LowVolume5,3,1008,1260,47.3282,1.2575,3,66.67,18.6754,true
0.00,LowVolume5,4,1260,1512,-27.5363,-0.8455,14,35.71,36.7563,false
0.05,LowVolume5,4,1260,1512,-27.5363,-0.8455,14,35.71,36.7563,false
0.10,LowVolume5,4,1260,1512,-51.3983,-3.0352,15,26.67,51.3983,false
0.15,LowVolume5,4,1260,1512,-54.1099,-3.1072,15,33.33,54.1099,false
0.20,LowVolume5,4,1260,1512,-58.6278,-3.0983,15,33.33,58.6278,false
0.25,LowVolume5,4,1260,1512,-58.6278,-3.0983,15,33.33,58.6278,false
0.30,LowVolume5,4,1260,1512,-50.0195,-2.3750,15,40.00,54.6441,false
0.35,LowVolume5,4,1260,1512,-48.2263,-2.2682,15,40.00,53.0168,false
0.40,LowVolume5,4,1260,1512,-50.8045,-2.4632,15,40.00,53.9580,false
0.45,LowVolume5,4,1260,1512,-53.1700,-2.6685,15,40.00,53.9580,false
0.50,LowVolume5,4,1260,1512,-62.1026,-3.6279,15,33.33,62.7403,false
0.55,LowVolume5,4,1260,1512,-24.5519,-0.2150,13,46.15,42.9054,false
0.60,LowVolume5,4,1260,1512,-24.5519,-0.2150,13,46.15,42.9054,false
0.65,LowVolume5,4,1260,1512,-24.5519,-0.2150,13,46.15,42.9054,false
0.70,LowVolume5,4,1260,1512,-17.0050,0.0441,12,41.67,44.7264,false
0.75,LowVolume5,4,1260,1512,-17.0050,0.0441,12,41.67,44.7264,false
0.80,LowVolume5,4,1260,1512,-7.1623,0.2965,11,45.45,38.1713,false
0.85,LowVolume5,4,1260,1512,-7.1623,0.2965,11,45.45,38.1713,false
0.90,LowVolume5,4,1260,1512,45.4535,1.2993,11,54.55,37.3319,true
0.95,LowVolume5,4,1260,1512,-2.8862,0.3979,10,50.00,37.3319,false
1.00,LowVolume5,4,1260,1512,-3.6357,0.3782,10,50.00,37.3319,false
1.05,LowVolume5,4,1260,1512,-3.6357,0.3782,10,50.00,37.3319,false
1.10,LowVolume5,4,1260,1512,-19.4630,-0.0505,10,40.00,42.5362,false
1.15,LowVolume5,4,1260,1512,-10.0023,0.1987,10,40.00,42.5362,false
1.20,LowVolume5,4,1260,1512,-0.2318,0.4351,9,44.44,36.2978,false
1.25,LowVolume5,4,1260,1512,21.3264,0.8497,7,57.14,30.5284,true
1.30,LowVolume5,4,1260,1512,21.3264,0.8497,7,57.14,30.5284,true
1.35,LowVolume5,4,1260,1512,21.3264,0.8497,7,57.14,30.5284,true
1.40,LowVolume5,4,1260,1512,21.3264,0.8497,7,57.14,30.5284,true
1.45,LowVolume5,4,1260,1512,11.3628,0.6456,7,57.14,30.5284,true
1.50,LowVolume5,4,1260,1512,11.3628,0.6456,7,57.14,30.5284,true
1.55,LowVolume5,4,1260,1512,27.6614,0.9114,5,80.00,28.5026,true
1.60,LowVolume5,4,1260,1512,-5.9933,0.2246,5,60.00,40.3312,false
1.65,LowVolume5,4,1260,1512,-5.9933,0.2246,5,60.00,40.3312,false
1.70,LowVolume5,4,1260,1512,-17.8338,-0.0507,5,40.00,47.7101,false
1.75,LowVolume5,4,1260,1512,-1.5454,0.3118,4,50.00,37.3442,false
1.80,LowVolume5,4,1260,1512,-5.4318,0.2153,3,33.33,37.3442,false
1.85,LowVolume5,4,1260,1512,-5.4318,0.2153,3,33.33,37.3442,false
1.90,LowVolume5,4,1260,1512,-5.4318,0.2153,3,33.33,37.3442,false
1.95,LowVolume5,4,1260,1512,32.2680,0.9301,2,50.00,12.3664,false
2.00,LowVolume5,4,1260,1512,32.2680,0.9301,2,50.00,12.3664,false
0.00,LowVolume5,5,1512,1764,176.4642,3.5412,14,64.29,21.1690,true
0.05,LowVolume5,5,1512,1764,176.4642,3.5412,14,64.29,21.1690,true
0.10,LowVolume5,5,1512,1764,158.9436,3.5779,14,64.29,21.1690,true
0.15,LowVolume5,5,1512,1764,158.9436,3.5779,14,64.29,21.1690,true
0.20,LowVolume5,5,1512,1764,141.3582,3.1357,14,57.14,28.8438,true
0.25,LowVolume5,5,1512,1764,114.9891,2.8107,14,57.14,28.8438,true
0.30,LowVolume5,5,1512,1764,76.2476,2.2635,14,50.00,28.8438,true
0.35,LowVolume5,5,1512,1764,8.8464,0.7974,15,40.00,41.8816,true
0.40,LowVolume5,5,1512,1764,-0.3986,0.5490,15,40.00,46.8180,false
0.45,LowVolume5,5,1512,1764,-0.3986,0.5490,15,40.00,46.8180,false
0.50,LowVolume5,5,1512,1764,-0.3986,0.5490,15,40.00,46.8180,false
0.55,LowVolume5,5,1512,1764,-1.9081,0.4788,15,33.33,51.6956,false
0.60,LowVolume5,5,1512,1764,-1.9081,0.4788,15,33.33,51.6956,false
0.65,LowVolume5,5,1512,1764,-11.0663,0.2096,15,33.33,56.2055,false
0.70,LowVolume5,5,1512,1764,-28.2324,-0.3378,15,33.33,60.5307,false
0.75,LowVolume5,5,1512,1764,-28.2324,-0.3378,15,33.33,60.5307,false
0.80,LowVolume5,5,1512,1764,-42.9241,-0.9835,15,26.67,60.5307,false
0.85,LowVolume5,5,1512,1764,-28.7614,-0.4625,13,30.77,55.0404,false
0.90,LowVolume5,5,1512,1764,-22.6332,-0.1912,13,30.77,51.1728,false
0.95,LowVolume5,5,1512,1764,-22.6332,-0.1912,13,30.77,51.1728,false
1.00,LowVolume5,5,1512,1764,-22.6332,-0.1912,13,30.77,51.1728,false
1.05,LowVolume5,5,1512,1764,-38.5556,-0.9869,13,23.08,51.6764,false
1.10,LowVolume5,5,1512,1764,-45.3636,-1.3585,11,18.18,50.8195,false
1.15,LowVolume5,5,1512,1764,-74.1031,-4.3067,11,9.09,74.3819,false
1.20,LowVolume5,5,1512,1764,-61.0314,-3.6824,9,11.11,61.4509,false
1.25,LowVolume5,5,1512,1764,-48.3457,-2.5507,8,25.00,48.9018,false
1.30,LowVolume5,5,1512,1764,-48.3457,-2.5507,8,25.00,48.9018,false
1.35,LowVolume5,5,1512,1764,-54.2448,-2.8988,8,12.50,54.2448,false
1.40,LowVolume5,5,1512,1764,-54.2448,-2.8988,8,12.50,54.2448,false
1.45,LowVolume5,5,1512,1764,-54.2448,-2.8988,8,12.50,54.2448,false
1.50,LowVolume5,5,1512,1764,-61.9962,-3.6259,8,0.00,61.9962,false
1.55,LowVolume5,5,1512,1764,-61.9962,-3.6259,8,0.00,61.9962,false
1.60,LowVolume5,5,1512,1764,-56.7471,-2.7209,8,12.50,62.8782,false
1.65,LowVolume5,5,1512,1764,-56.7471,-2.7209,8,12.50,62.8782,false
1.70,LowVolume5,5,1512,1764,-56.7471,-2.7209,8,12.50,62.8782,false
1.75,LowVolume5,5,1512,1764,-56.7471,-2.7209,8,12.50,62.8782,false
1.80,LowVolume5,5,1512,1764,-56.7471,-2.7209,8,12.50,62.8782,false
1.85,LowVolume5,5,1512,1764,-56.7471,-2.7209,8,12.50,62.8782,false
1.90,LowVolume5,5,1512,1764,-52.0345,-2.2806,7,14.29,58.8336,false
1.95,LowVolume5,5,1512,1764,-37.8386,-1.5198,5,20.00,46.6499,false
2.00,LowVolume5,5,1512,1764,-37.8386,-1.5198,5,20.00,46.6499,false
0.00,Legacy3,0,252,504,122.1390,3.4308,13,61.54,21.4900,true
0.05,Legacy3,0,252,504,122.1390,3.4308,13,61.54,21.4900,true
0.10,Legacy3,0,252,504,88.6523,2.6957,13,53.85,25.9768,true
0.15,Legacy3,0,252,504,94.5972,2.7302,11,63.64,15.9622,true
0.20,Legacy3,0,252,504,94.5972,2.7302,11,63.64,15.9622,true
0.25,Legacy3,0,252,504,88.8591,2.6375,11,63.64,15.9622,true
0.30,Legacy3,0,252,504,22.8022,1.1123,11,54.55,16.9897,true
0.35,Legacy3,0,252,504,22.8022,1.1123,11,54.55,16.9897,true
0.40,Legacy3,0,252,504,22.8022,1.1123,11,54.55,16.9897,true
0.45,Legacy3,0,252,504,22.8022,1.1123,11,54.55,16.9897,true
0.50,Legacy3,0,252,504,22.8022,1.1123,11,54.55,16.9897,true
0.55,Legacy3,0,252,504,22.8022,1.1123,11,54.55,16.9897,true
0.60,Legacy3,0,252,504,34.7666,1.3954,10,60.00,16.9897,true
0.65,Legacy3,0,252,504,32.9411,1.2447,9,55.56,16.9897,true
0.70,Legacy3,0,252,504,32.9411,1.2447,9,55.56,16.9897,true
0.75,Legacy3,0,252,504,23.6718,0.9765,8,50.00,18.6647,true
0.80,Legacy3,0,252,504,8.2829,0.5585,8,50.00,22.9937,true
0.85,Legacy3,0,252,504,8.2829,0.5585,8,50.00,22.9937,true
0.90,Legacy3,0,252,504,29.0101,1.1472,8,62.50,22.9937,true
0.95,Legacy3,0,252,504,29.0101,1.1472,8,62.50,22.9937,true
1.00,Legacy3,0,252,504,21.3467,0.9098,7,57.14,22.9937,true
1.05,Legacy3,0,252,504,46.1826,1.5509,6,66.67,7.7746,true
1.10,Legacy3,0,252,504,46.1826,1.5509,6,66.67,7.7746,true
1.15,Legacy3,0,252,504,46.1826,1.5509,6,66.67,7.7746,true
1.20,Legacy3,0,252,504,11.9268,0.6201,6,50.00,18.4832,true
1.25,Legacy3,0,252,504,11.9268,0.6201,6,50.00,18.4832,true
1.30,Legacy3,0,252,504,11.9268,0.6201,6,50.00,18.4832,true
1.35,Legacy3,0,252,504,11.9268,0.6201,6,50.00,18.4832,true
1.40,Legacy3,0,252,504,37.3053,1.3123,5,60.00,7.7746,true
1.45,Legacy3,0,252,504,22.2537,1.4530,4,75.00,7.7746,true
1.50,Legacy3,0,252,504,22.2537,1.4530,4,75.00,7.7746,true
1.55,Legacy3,0,252,504,22.2537,1.4530,4,75.00,7.7746,true
1.60,Legacy3,0,252,504,22.2537,1.4530,4,75.00,7.7746,true
1.65,Legacy3,0,252,504,22.2537,1.4530,4,75.00,7.7746,true
1.70,Legacy3,0,252,504,22.2537,1.4530,4,75.00,7.7746,true
1.75,Legacy3,0,252,504,22.2537,1.4530,4,75.00,7.7746,true
1.80,Legacy3,0,252,504,22.2537,1.4530,4,75.00,7.7746,true
1.85,Legacy3,0,252,504,22.2537,1.4530,4,75.00,7.7746,true
1.90,Legacy3,0,252,504,22.2537,1.4530,4,75.00,7.7746,true
1.95,Legacy3,0,252,504,22.2537,1.4530,4,75.00,7.7746,true
2.00,Legacy3,0,252,504,22.2537,1.4530,4,75.00,7.7746,true
0.00,Legacy3,1,504,756,9.7584,0.7594,11,54.55,18.0028,true
0.05,Legacy3,1,504,756,10.7773,0.8077,11,54.55,17.2417,true
0.10,Legacy3,1,504,756,33.2550,1.7388,10,70.00,17.2417,true
0.15,Legacy3,1,504,756,26.7986,1.4272,10,70.00,21.2514,true
0.20,Legacy3,1,504,756,26.7986,1.4272,10,70.00,21.2514,true
0.25,Legacy3,1,504,756,21.1055,1.1816,10,70.00,21.2514,true
0.30,Legacy3,1,504,756,-10.7890,-0.5604,10,50.00,21.2514,false
0.35,Legacy3,1,504,756,-13.5255,-0.7109,10,50.00,21.2514,false
0.40,Legacy3,1,504,756,-19.4935,-1.0615,10,50.00,25.0452,false
0.45,Legacy3,1,504,756,-19.4935,-1.0615,10,50.00,25.0452,false
0.50,Legacy3,1,504,756,-19.7392,-1.0323,9,44.44,25.0452,false
0.55,Legacy3,1,504,756,-19.7392,-1.0323,9,44.44,25.0452,false
0.60,Legacy3,1,504,756,-15.2356,-0.7185,8,50.00,26.3461,false
0.65,Legacy3,1,504,756,-15.2356,-0.7185,8,50.00,26.3461,false
0.70,Legacy3,1,504,756,-7.9512,-0.2804,7,57.14,20.0164,false
0.75,Legacy3,1,504,756,-7.9512,-0.2804,7,57.14,20.0164,false
0.80,Legacy3,1,504,756,-7.9512,-0.2804,7,57.14,20.0164,false
0.85,Legacy3,1,504,756,-7.9512,-0.2804,7,57.14,20.0164,false
0.90,Legacy3,1,504,756,-22.6835,-1.2218,7,42.86,27.7948,false
0.95,Legacy3,1,504,756,-0.8633,0.1754,6,50.00,27.7948,false
1.00,Legacy3,1,504,756,15.9277,0.8848,5,60.00,15.5652,true
1.05,Legacy3,1,504,756,-2.1961,-0.1055,5,60.00,15.5652,false
1.10,Legacy3,1,504,756,-2.1961,-0.1055,5,60.00,15.5652,false
1.15,Legacy3,1,504,756,-2.1961,-0.1055,5,60.00,15.5652,false
1.20,Legacy3,1,504,756,-5.2273,-0.4375,5,40.00,15.0086,false
1.25,Legacy3,1,504,756,7.6751,0.5868,5,40.00,15.0086,true
1.30,Legacy3,1,504,756,7.6751,0.5868,5,40.00,15.0086,true
1.35,Legacy3,1,504,756,-3.7814,-0.0784,4,25.00,19.4167,false
1.40,Legacy3,1,504,756,-3.7814,-0.0784,4,25.00,19.4167,false
1.45,Legacy3,1,504,756,-3.7814,-0.0784,4,25.00,19.4167,false
1.50,Legacy3,1,504,756,6.5838,0.5187,3,33.33,10.7359,true
1.55,Legacy3,1,504,756,-20.6787,-1.5956,2,0.00,20.6787,false
1.60,Legacy3,1,504,756,-20.6787,-1.5956,2,0.00,20.6787,false
1.65,Legacy3,1,504,756,-20.6787,-1.5956,2,0.00,20.6787,false
1.70,Legacy3,1,504,756,-20.6787,-1.5956,2,0.00,20.6787,false
1.75,Legacy3,1,504,756,-20.6787,-1.5956,2,0.00,20.6787,false
1.80,Legacy3,1,504,756,-20.6787,-1.5956,2,0.00,20.6787,false
1.85,Legacy3,1,504,756,-20.6787,-1.5956,2,0.00,20.6787,false
1.90,Legacy3,1,504,756,-20.6787,-1.5956,2,0.00,20.6787,false
1.95,Legacy3,1,504,756,-20.6787,-1.5956,2,0.00,20.6787,false
2.00,Legacy3,1,504,756,-23.5899,-1.7150,2,0.00,23.5899,false
0.00,Legacy3,2,756,1008,257.9442,2.7187,10,60.00,15.4133,true
0.05,Legacy3,2,756,1008,238.7823,2.6218,10,60.00,19.9415,true
0.10,Legacy3,2,756,1008,216.9248,2.4862,10,60.00,19.9415,true
0.15,Legacy3,2,756,1008,216.9248,2.4862,10,60.00,19.9415,true
0.20,Legacy3,2,756,1008,185.0911,2.0892,9,55.56,19.9415,true
0.25,Legacy3,2,756,1008,185.0911,2.0892,9,55.56,19.9415,true
0.30,Legacy3,2,756,1008,185.0911,2.0892,9,55.56,19.9415,true
0.35,Legacy3,2,756,1008,255.1278,2.2503,8,62.50,15.9437,true
0.40,Legacy3,2,756,1008,203.7539,2.0880,8,62.50,15.9437,true
0.45,Legacy3,2,756,1008,213.7996,2.1091,8,62.50,15.9437,true
0.50,Legacy3,2,756,1008,206.6714,2.0808,8,62.50,15.9437,true
0.55,Legacy3,2,756,1008,198.3858,2.0460,8,62.50,15.9437,true
0.60,Legacy3,2,756,1008,198.3858,2.0460,8,62.50,15.9437,true
0.65,Legacy3,2,756,1008,222.9546,2.0968,7,71.43,9.6681,true
0.70,Legacy3,2,756,1008,214.6349,1.9958,7,71.43,9.6681,true
0.75,Legacy3,2,756,1008,148.6000,1.6086,6,66.67,25.0490,true
0.80,Legacy3,2,756,1008,151.8659,1.6195,6,66.67,25.0490,true
0.85,Legacy3,2,756,1008,214.8561,1.8793,5,80.00,8.4813,true
0.90,Legacy3,2,756,1008,214.8561,1.8793,5,80.00,8.4813,true
0.95,Legacy3,2,756,1008,146.2784,1.5888,5,80.00,8.4813,true
1.00,Legacy3,2,756,1008,146.2784,1.5888,5,80.00,8.4813,true
1.05,Legacy3,2,756,1008,146.2784,1.5888,5,80.00,8.4813,true
1.10,Legacy3,2,756,1008,146.2784,1.5888,5,80.00,8.4813,true
1.15,Legacy3,2,756,1008,146.2784,1.5888,5,80.00,8.4813,true
1.20,Legacy3,2,756,1008,154.8814,1.6493,5,80.00,5.2844,true
1.25,Legacy3,2,756,1008,154.8814,1.6493,5,80.00,5.2844,true
1.30,Legacy3,2,756,1008,154.8814,1.6493,5,80.00,5.2844,true
1.35,Legacy3,2,756,1008,154.8814,1.6493,5,80.00,5.2844,true
1.40,Legacy3,2,756,1008,154.8814,1.6493,5,80.00,5.2844,true
1.45,Legacy3,2,756,1008,154.8814,1.6493,5,80.00,5.2844,true
1.50,Legacy3,2,756,1008,154.8814,1.6493,5,80.00,5.2844,true
1.55,Legacy3,2,756,1008,154.8814,1.6493,5,80.00,5.2844,true
1.60,Legacy3,2,756,1008,131.8061,1.6929,5,80.00,5.2844,true
1.65,Legacy3,2,756,1008,131.8061,1.6929,5,80.00,5.2844,true
1.70,Legacy3,2,756,1008,131.8061,1.6929,5,80.00,5.2844,true
1.75,Legacy3,2,756,1008,131.8061,1.6929,5,80.00,5.2844,true
1.80,Legacy3,2,756,1008,144.7391,1.7211,4,100.00,0.0000,true
1.85,Legacy3,2,756,1008,53.2042,2.3047,4,100.00,0.0000,true
1.90,Legacy3,2,756,1008,53.2042,2.3047,4,100.00,0.0000,true
1.95,Legacy3,2,756,1008,53.2042,2.3047,4,100.00,0.0000,true
2.00,Legacy3,2,756,1008,53.2042,2.3047,4,100.00,0.0000,true
0.00,Legacy3,3,1008,1260,58.3254,1.9140,13,53.85,28.1241,true
0.05,Legacy3,3,1008,1260,58.3254,1.9140,13,53.85,28.1241,true
0.10,Legacy3,3,1008,1260,47.5564,1.6764,13,53.85,28.1241,true
0.15,Legacy3,3,1008,1260,30.6135,1.3482,13,53.85,28.1241,true
0.20,Legacy3,3,1008,1260,30.6135,1.3482,13,53.85,28.1241,true
0.25,Legacy3,3,1008,1260,29.0171,1.2667,12,58.33,28.1241,true
0.30,Legacy3,3,1008,1260,29.0171,1.2667,12,58.33,28.1241,true
0.35,Legacy3,3,1008,1260,29.0171,1.2667,12,58.33,28.1241,true
0.40,Legacy3,3,1008,1260,29.0171,1.2667,12,58.33,28.1241,true
0.45,Legacy3,3,1008,1260,29.0171,1.2667,12,58.33,28.1241,true
0.50,Legacy3,3,1008,1260,29.0171,1.2667,12,58.33,28.1241,true
0.55,Legacy3,3,1008,1260,40.8865,1.4503,11,63.64,28.1241,true
0.60,Legacy3,3,1008,1260,40.8865,1.4503,11,63.64,28.1241,true
0.65,Legacy3,3,1008,1260,40.8865,1.4503,11,63.64,28.1241,true
0.70,Legacy3,3,1008,1260,40.8865,1.4503,11,63.64,28.1241,true
0.75,Legacy3,3,1008,1260,78.5530,2.0872,10,70.00,28.1241,true
0.80,Legacy3,3,1008,1260,78.5530,2.0872,10,70.00,28.1241,true
0.85,Legacy3,3,1008,1260,30.1574,1.1700,9,66.67,28.4056,true
0.90,Legacy3,3,1008,1260,30.1574,1.1700,9,66.67,28.4056,true
0.95,Legacy3,3,1008,1260,38.7548,1.3213,8,75.00,28.4056,true
1.00,Legacy3,3,1008,1260,38.7548,1.3213,8,75.00,28.4056,true
1.05,Legacy3,3,1008,1260,38.7548,1.3213,8,75.00,28.4056,true
1.10,Legacy3,3,1008,1260,18.4558,0.9214,8,62.50,28.4056,true
1.15,Legacy3,3,1008,1260,138.1954,3.2401,7,85.71,5.8633,true
1.20,Legacy3,3,1008,1260,138.1954,3.2401,7,85.71,5.8633,true
1.25,Legacy3,3,1008,1260,138.1954,3.2401,7,85.71,5.8633,true
1.30,Legacy3,3,1008,1260,153.0314,3.3365,6,100.00,0.0000,true
1.35,Legacy3,3,1008,1260,153.0314,3.3365,6,100.00,0.0000,true
1.40,Legacy3,3,1008,1260,153.0314,3.3365,6,100.00,0.0000,true
1.45,Legacy3,3,1008,1260,153.0314,3.3365,6,100.00,0.0000,true
1.50,Legacy3,3,1008,1260,153.0314,3.3365,6,100.00,0.0000,true
1.55,Legacy3,3,1008,1260,153.0314,3.3365,6,100.00,0.0000,true
1.60,Legacy3,3,1008,1260,69.7112,2.5188,4,100.00,0.0000,true
1.65,Legacy3,3,1008,1260,69.7112,2.5188,4,100.00,0.0000,true
1.70,Legacy3,3,1008,1260,69.7112,2.5188,4,100.00,0.0000,true
1.75,Legacy3,3,1008,1260,69.7112,2.5188,4,100.00,0.0000,true
1.80,Legacy3,3,1008,1260,58.8072,2.1969,3,100.00,0.0000,true
1.85,Legacy3,3,1008,1260,58.8072,2.1969,3,100.00,0.0000,true
1.90,Legacy3,3,1008,1260,113.8170,1.9791,3,100.00,0.0000,true
1.95,Legacy3,3,1008,1260,113.8170,1.9791,3,100.00,0.0000,true
2.00,Legacy3,3,1008,1260,113.8170,1.9791,3,100.00,0.0000,true
0.00,Legacy3,4,1260,1512,22.8323,1.0527,10,50.00,23.0041,true
0.05,Legacy3,4,1260,1512,22.8323,1.0527,10,50.00,23.0041,true
0.10,Legacy3,4,1260,1512,15.4893,0.8475,9,44.44,23.0041,true
0.15,Legacy3,4,1260,1512,11.4096,0.6955,9,44.44,25.7241,true
0.20,Legacy3,4,1260,1512,11.4096,0.6955,9,44.44,25.7241,true
0.25,Legacy3,4,1260,1512,1.5633,0.3490,9,44.44,25.7241,true
0.30,Legacy3,4,1260,1512,1.5633,0.3490,9,44.44,25.7241,true
0.35,Legacy3,4,1260,1512,7.5472,0.5419,8,50.00,21.3479,true
0.40,Legacy3,4,1260,1512,6.5194,0.4966,7,57.14,20.3744,true
0.45,Legacy3,4,1260,1512,1.3975,0.3024,7,57.14,20.3744,true
0.50,Legacy3,4,1260,1512,1.3975,0.3024,7,57.14,20.3744,true
0.55,Legacy3,4,1260,1512,14.3026,0.7788,7,71.43,18.2245,true
0.60,Legacy3,4,1260,1512,14.3026,0.7788,7,71.43,18.2245,true
0.65,Legacy3,4,1260,1512,14.3026,0.7788,7,71.43,18.2245,true
0.70,Legacy3,4,1260,1512,14.3026,0.7788,7,71.43,18.2245,true
0.75,Legacy3,4,1260,1512,20.0254,0.9576,7,71.43,18.2245,true
0.80,Legacy3,4,1260,1512,28.0032,1.2475,7,71.43,18.2245,true
0.85,Legacy3,4,1260,1512,28.0032,1.2475,7,71.43,18.2245,true
0.90,Legacy3,4,1260,1512,21.3942,1.0730,6,66.67,18.2245,true
0.95,Legacy3,4,1260,1512,21.3942,1.0730,6,66.67,18.2245,true
1.00,Legacy3,4,1260,1512,21.3942,1.0730,6,66.67,18.2245,true
1.05,Legacy3,4,1260,1512,21.3942,1.0730,6,66.67,18.2245,true
1.10,Legacy3,4,1260,1512,-0.9775,0.1754,6,50.00,25.1882,false
1.15,Legacy3,4,1260,1512,-0.9775,0.1754,6,50.00,25.1882,false
1.20,Legacy3,4,1260,1512,-0.9775,0.1754,6,50.00,25.1882,false
1.25,Legacy3,4,1260,1512,-7.6627,-0.2609,4,50.00,18.2245,false
1.30,Legacy3,4,1260,1512,-7.6627,-0.2609,4,50.00,18.2245,false
1.35,Legacy3,4,1260,1512,-7.6627,-0.2609,4,50.00,18.2245,false
1.40,Legacy3,4,1260,1512,-7.6627,-0.2609,4,50.00,18.2245,false
1.45,Legacy3,4,1260,1512,-20.5415,-1.4677,3,33.33,20.7492,false
1.50,Legacy3,4,1260,1512,-20.5415,-1.4677,3,33.33,20.7492,false
1.55,Legacy3,4,1260,1512,-18.0103,-1.2334,2,50.00,18.2245,false
1.60,Legacy3,4,1260,1512,-18.0103,-1.2334,2,50.00,18.2245,false
1.65,Legacy3,4,1260,1512,-18.0103,-1.2334,2,50.00,18.2245,false
1.70,Legacy3,4,1260,1512,-28.3372,-1.7382,2,0.00,28.3372,false
1.75,Legacy3,4,1260,1512,-28.3372,-1.7382,2,0.00,28.3372,false
1.80,Legacy3,4,1260,1512,-28.3372,-1.7382,2,0.00,28.3372,false
1.85,Legacy3,4,1260,1512,-28.3372,-1.7382,2,0.00,28.3372,false
1.90,Legacy3,4,1260,1512,-28.3372,-1.7382,2,0.00,28.3372,false
1.95,Legacy3,4,1260,1512,-28.3372,-1.7382,2,0.00,28.3372,false
2.00,Legacy3,4,1260,1512,-12.3664,-1.2307,1,0.00,12.3664,false
0.00,Legacy3,5,1512,1764,-1.7160,0.2630,12,33.33,27.0590,false
0.05,Legacy3,5,1512,1764,-9.5413,-0.0183,12,33.33,29.5373,false
0.10,Legacy3,5,1512,1764,-10.7969,-0.0663,12,33.33,30.5153,false
0.15,Legacy3,5,1512,1764,-21.0947,-0.4218,12,33.33,35.3380,false
0.20,Legacy3,5,1512,1764,-26.3455,-0.8296,12,33.33,35.3380,false
0.25,Legacy3,5,1512,1764,-31.3791,-1.1523,11,36.36,32.3681,false
0.30,Legacy3,5,1512,1764,-31.3791,-1.1523,11,36.36,32.3681,false
0.35,Legacy3,5,1512,1764,-27.9301,-1.0565,11,36.36,28.9688,false
0.40,Legacy3,5,1512,1764,-22.7175,-0.7999,10,30.00,31.3276,false
0.45,Legacy3,5,1512,1764,-18.6770,-0.5885,9,33.33,27.7373,false
0.50,Legacy3,5,1512,1764,-18.6770,-0.5885,9,33.33,27.7373,false
0.55,Legacy3,5,1512,1764,-18.6770,-0.5885,9,33.33,27.7373,false
0.60,Legacy3,5,1512,1764,-19.6464,-0.6225,9,33.33,28.5987,false
0.65,Legacy3,5,1512,1764,-15.1166,-0.3996,8,37.50,28.5987,false
0.70,Legacy3,5,1512,1764,-3.5105,0.0806,7,42.86,18.8359,false
0.75,Legacy3,5,1512,1764,4.1111,0.3728,6,33.33,12.4249,true
0.80,Legacy3,5,1512,1764,4.1111,0.3728,6,33.33,12.4249,true
0.85,Legacy3,5,1512,1764,14.6030,0.8203,5,40.00,7.8101,true
0.90,Legacy3,5,1512,1764,14.6030,0.8203,5,40.00,7.8101,true
0.95,Legacy3,5,1512,1764,-18.4617,-1.1877,5,40.00,19.3395,false
1.00,Legacy3,5,1512,1764,-18.4617,-1.1877,5,40.00,19.3395,false
1.05,Legacy3,5,1512,1764,-18.4617,-1.1877,5,40.00,19.3395,false
1.10,Legacy3,5,1512,1764,-18.4617,-1.1877,5,40.00,19.3395,false
1.15,Legacy3,5,1512,1764,-18.4617,-1.1877,5,40.00,19.3395,false
1.20,Legacy3,5,1512,1764,-8.9403,-0.5038,3,66.67,16.8499,false
1.25,Legacy3,5,1512,1764,-8.9403,-0.5038,3,66.67,16.8499,false
1.30,Legacy3,5,1512,1764,-8.9403,-0.5038,3,66.67,16.8499,false
1.35,Legacy3,5,1512,1764,-9.9207,-0.5698,2,50.00,16.8499,false
1.40,Legacy3,5,1512,1764,-23.2973,-1.6665,2,0.00,23.2973,false
1.45,Legacy3,5,1512,1764,-23.2973,-1.6665,2,0.00,23.2973,false
1.50,Legacy3,5,1512,1764,-23.2973,-1.6665,2,0.00,23.2973,false
1.55,Legacy3,5,1512,1764,-23.2973,-1.6665,2,0.00,23.2973,false
1.60,Legacy3,5,1512,1764,-23.2973,-1.6665,2,0.00,23.2973,false
1.65,Legacy3,5,1512,1764,-23.2973,-1.6665,2,0.00,23.2973,false
1.70,Legacy3,5,1512,1764,-23.2973,-1.6665,2,0.00,23.2973,false
1.75,Legacy3,5,1512,1764,-23.2973,-1.6665,2,0.00,23.2973,false
1.80,Legacy3,5,1512,1764,-23.2973,-1.6665,2,0.00,23.2973,false
1.85,Legacy3,5,1512,1764,-23.2973,-1.6665,2,0.00,23.2973,false
1.90,Legacy3,5,1512,1764,-30.8223,-1.5647,2,0.00,30.8223,false
1.95,Legacy3,5,1512,1764,-30.8223,-1.5647,2,0.00,30.8223,false
2.00,Legacy3,5,1512,1764,-30.8223,-1.5647,2,0.00,30.8223,false
0.00,Legacy4,0,252,504,32.7259,1.4608,14,50.00,34.2085,true
0.05,Legacy4,0,252,504,32.7259,1.4608,14,50.00,34.2085,true
0.10,Legacy4,0,252,504,-12.6007,-0.0285,14,42.86,43.2367,false
0.15,Legacy4,0,252,504,-18.1787,-0.3048,13,46.15,41.5131,false
0.20,Legacy4,0,252,504,-18.1787,-0.3048,13,46.15,41.5131,false
0.25,Legacy4,0,252,504,-20.5914,-0.4213,13,46.15,41.5131,false
0.30,Legacy4,0,252,504,-20.5914,-0.4213,13,46.15,41.5131,false
0.35,Legacy4,0,252,504,-25.2555,-0.6183,12,41.67,44.9484,false
0.40,Legacy4,0,252,504,-25.2555,-0.6183,12,41.67,44.9484,false
0.45,Legacy4,0,252,504,-25.2555,-0.6183,12,41.67,44.9484,false
0.50,Legacy4,0,252,504,-25.2555,-0.6183,12,41.67,44.9484,false
0.55,Legacy4,0,252,504,-25.2555,-0.6183,12,41.67,44.9484,false
0.60,Legacy4,0,252,504,-17.9733,-0.3052,11,45.45,39.5848,false
0.65,Legacy4,0,252,504,-19.0844,-0.2880,10,40.00,39.5848,false
0.70,Legacy4,0,252,504,-14.8813,-0.1360,9,44.44,36.4466,false
0.75,Legacy4,0,252,504,-14.8813,-0.1360,9,44.44,36.4466,false
0.80,Legacy4,0,252,504,-14.8813,-0.1360,9,44.44,36.4466,false
0.85,Legacy4,0,252,504,-14.8813,-0.1360,9,44.44,36.4466,false
0.90,Legacy4,0,252,504,1.4119,0.3838,9,55.56,36.4466,true
0.95,Legacy4,0,252,504,1.4119,0.3838,9,55.56,36.4466,true
1.00,Legacy4,0,252,504,-4.6122,0.1845,8,50.00,36.4466,false
1.05,Legacy4,0,252,504,28.9280,1.1097,7,57.14,18.6604,true
1.10,Legacy4,0,252,504,28.9280,1.1097,7,57.14,18.6604,true
1.15,Legacy4,0,252,504,46.1826,1.5509,6,66.67,7.7746,true
1.20,Legacy4,0,252,504,11.9268,0.6201,6,50.00,18.4832,true
1.25,Legacy4,0,252,504,11.9268,0.6201,6,50.00,18.4832,true
1.30,Legacy4,0,252,504,11.9268,0.6201,6,50.00,18.4832,true
1.35,Legacy4,0,252,504,11.9268,0.6201,6,50.00,18.4832,true
1.40,Legacy4,0,252,504,37.3053,1.3123,5,60.00,7.7746,true
1.45,Legacy4,0,252,504,22.2537,1.4530,4,75.00,7.7746,true
1.50,Legacy4,0,252,504,22.2537,1.4530,4,75.00,7.7746,true
1.55,Legacy4,0,252,504,22.2537,1.4530,4,75.00,7.7746,true
1.60,Legacy4,0,252,504,22.2537,1.4530,4,75.00,7.7746,true
1.65,Legacy4,0,252,504,22.2537,1.4530,4,75.00,7.7746,true
1.70,Legacy4,0,252,504,22.2537,1.4530,4,75.00,7.7746,true
1.75,Legacy4,0,252,504,22.2537,1.4530,4,75.00,7.7746,true
1.80,Legacy4,0,252,504,22.2537,1.4530,4,75.00,7.7746,true
1.85,Legacy4,0,252,504,22.2537,1.4530,4,75.00,7.7746,true
1.90,Legacy4,0,252,504,22.2537,1.4530,4,75.00,7.7746,true
1.95,Legacy4,0,252,504,22.2537,1.4530,4,75.00,7.7746,true
2.00,Legacy4,0,252,504,22.2537,1.4530,4,75.00,7.7746,true
0.00,Legacy4,1,504,756,2.6789,0.4022,11,54.55,23.2917,true
0.05,Legacy4,1,504,756,3.6321,0.4463,11,54.55,22.5797,true
0.10,Legacy4,1,504,756,24.6599,1.3434,10,70.00,22.5797,true
0.15,Legacy4,1,504,756,24.6599,1.3434,10,70.00,22.5797,true
0.20,Legacy4,1,504,756,24.6599,1.3434,10,70.00,22.5797,true
0.25,Legacy4,1,504,756,48.0549,2.1115,10,80.00,22.5797,true
0.30,Legacy4,1,504,756,9.0630,0.7704,10,60.00,22.5797,true
0.35,Legacy4,1,504,756,9.0630,0.7704,10,60.00,22.5797,true
0.40,Legacy4,1,504,756,1.5360,0.3242,10,60.00,26.3094,true
0.45,Legacy4,1,504,756,1.5360,0.3242,10,60.00,26.3094,true
0.50,Legacy4,1,504,756,1.2261,0.2924,9,55.56,26.3094,true
0.55,Legacy4,1,504,756,1.2261,0.2924,9,55.56,26.3094,true
0.60,Legacy4,1,504,756,6.9061,0.5798,8,62.50,27.5884,true
0.65,Legacy4,1,504,756,6.9061,0.5798,8,62.50,27.5884,true
0.70,Legacy4,1,504,756,16.0933,1.0380,7,71.43,21.3655,true
0.75,Legacy4,1,504,756,10.1613,0.7160,7,71.43,25.3835,true
0.80,Legacy4,1,504,756,-8.8469,-0.2833,7,57.14,25.3835,false
0.85,Legacy4,1,504,756,-8.8469,-0.2833,7,57.14,25.3835,false
0.90,Legacy4,1,504,756,-23.4358,-1.1725,7,42.86,32.6399,false
0.95,Legacy4,1,504,756,-14.1524,-0.3586,7,42.86,32.6399,false
1.00,Legacy4,1,504,756,-14.1524,-0.3586,7,42.86,32.6399,false
1.05,Legacy4,1,504,756,-27.5736,-1.6091,7,42.86,32.6399,false
1.10,Legacy4,1,504,756,-27.5736,-1.6091,7,42.86,32.6399,false
1.15,Legacy4,1,504,756,-9.2147,-0.7285,6,50.00,15.5652,false
1.20,Legacy4,1,504,756,-12.0284,-1.0604,6,33.33,15.0086,false
1.25,Legacy4,1,504,756,-15.4421,-0.5184,6,33.33,21.4694,false
1.30,Legacy4,1,504,756,-15.4421,-0.5184,6,33.33,21.4694,false
1.35,Legacy4,1,504,756,-3.7814,-0.0784,4,25.00,19.4167,false
1.40,Legacy4,1,504,756,-3.7814,-0.0784,4,25.00,19.4167,false
1.45,Legacy4,1,504,756,-3.7814,-0.0784,4,25.00,19.4167,false
1.50,Legacy4,1,504,756,6.5838,0.5187,3,33.33,10.7359,true
1.55,Legacy4,1,504,756,-26.3710,-2.0230,3,0.00,26.3710,false
1.60,Legacy4,1,504,756,-26.3710,-2.0230,3,0.00,26.3710,false
1.65,Legacy4,1,504,756,-26.3710,-2.0230,3,0.00,26.3710,false
1.70,Legacy4,1,504,756,-26.3710,-2.0230,3,0.00,26.3710,false
1.75,Legacy4,1,504,756,-26.3710,-2.0230,3,0.00,26.3710,false
1.80,Legacy4,1,504,756,-26.3710,-2.0230,3,0.00,26.3710,false
1.85,Legacy4,1,504,756,-26.3710,-2.0230,3,0.00,26.3710,false
1.90,Legacy4,1,504,756,-26.3710,-2.0230,3,0.00,26.3710,false
1.95,Legacy4,1,504,756,-26.3710,-2.0230,3,0.00,26.3710,false
2.00,Legacy4,1,504,756,-20.1422,-1.5094,3,33.33,20.1422,false
0.00,Legacy4,2,756,1008,289.4117,2.5749,11,72.73,12.4100,true
0.05,Legacy4,2,756,1008,289.4117,2.5749,11,72.73,12.4100,true
0.10,Legacy4,2,756,1008,327.4285,2.7076,11,81.82,12.4100,true
0.15,Legacy4,2,756,1008,327.4285,2.7076,11,81.82,12.4100,true
0.20,Legacy4,2,756,1008,264.2876,2.4587,11,72.73,12.4100,true
0.25,Legacy4,2,756,1008,315.9011,2.5628,10,80.00,9.6681,true
0.30,Legacy4,2,756,1008,315.9011,2.5628,10,80.00,9.6681,true
0.35,Legacy4,2,756,1008,315.9011,2.5628,10,80.00,9.6681,true
0.40,Legacy4,2,756,1008,354.2784,2.6804,10,80.00,9.6681,true
0.45,Legacy4,2,756,1008,396.5150,2.6218,9,77.78,9.6681,true
0.50,Legacy4,2,756,1008,396.5150,2.6218,9,77.78,9.6681,true
0.55,Legacy4,2,756,1008,275.0223,2.5451,9,66.67,9.6681,true
0.60,Legacy4,2,756,1008,275.0223,2.5451,9,66.67,9.6681,true
0.65,Legacy4,2,756,1008,275.0223,2.5451,9,66.67,9.6681,true
0.70,Legacy4,2,756,1008,275.0223,2.5451,9,66.67,9.6681,true
0.75,Legacy4,2,756,1008,155.8913,1.9283,9,55.56,25.0490,true
0.80,Legacy4,2,756,1008,152.5402,1.9095,9,55.56,25.0490,true
0.85,Legacy4,2,756,1008,215.6991,2.2333,8,62.50,10.8510,true
0.90,Legacy4,2,756,1008,296.9435,2.1880,7,71.43,10.8510,true
0.95,Legacy4,2,756,1008,296.9435,2.1880,7,71.43,10.8510,true
1.00,Legacy4,2,756,1008,296.9435,2.1880,7,71.43,10.8510,true
1.05,Legacy4,2,756,1008,296.9435,2.1880,7,71.43,10.8510,true
1.10,Legacy4,2,756,1008,296.9435,2.1880,7,71.43,10.8510,true
1.15,Legacy4,2,756,1008,296.9435,2.1880,7,71.43,10.8510,true
1.20,Legacy4,2,756,1008,245.4568,2.3091,7,71.43,10.8510,true
1.25,Legacy4,2,756,1008,245.4568,2.3091,7,71.43,10.8510,true
1.30,Legacy4,2,756,1008,170.2018,1.8880,6,66.67,12.7675,true
1.35,Legacy4,2,756,1008,170.2018,1.8880,6,66.67,12.7675,true
1.40,Legacy4,2,756,1008,170.2018,1.8880,6,66.67,12.7675,true
1.45,Legacy4,2,756,1008,170.2018,1.8880,6,66.67,12.7675,true
1.50,Legacy4,2,756,1008,170.2018,1.8880,6,66.67,12.7675,true
1.55,Legacy4,2,756,1008,170.2018,1.8880,6,66.67,12.7675,true
1.60,Legacy4,2,756,1008,170.2018,1.8880,6,66.67,12.7675,true
1.65,Legacy4,2,756,1008,170.2018,1.8880,6,66.67,12.7675,true
1.70,Legacy4,2,756,1008,170.2018,1.8880,6,66.67,12.7675,true
1.75,Legacy4,2,756,1008,170.2018,1.8880,6,66.67,12.7675,true
1.80,Legacy4,2,756,1008,170.2018,1.8880,6,66.67,12.7675,true
1.85,Legacy4,2,756,1008,73.4941,1.7329,5,80.00,10.8510,true
1.90,Legacy4,2,756,1008,73.4941,1.7329,5,80.00,10.8510,true
1.95,Legacy4,2,756,1008,73.4941,1.7329,5,80.00,10.8510,true
2.00,Legacy4,2,756,1008,73.4941,1.7329,5,80.00,10.8510,true
0.00,Legacy4,3,1008,1260,175.4059,3.4432,14,64.29,28.1241,true
0.05,Legacy4,3,1008,1260,130.6973,3.1761,14,64.29,28.1241,true
0.10,Legacy4,3,1008,1260,71.3574,2.2928,14,64.29,28.1241,true
0.15,Legacy4,3,1008,1260,72.4593,2.2309,14,64.29,28.1241,true
0.20,Legacy4,3,1008,1260,58.8195,1.9918,14,57.14,32.7989,true
0.25,Legacy4,3,1008,1260,58.8195,1.9918,14,57.14,32.7989,true
0.30,Legacy4,3,1008,1260,58.8195,1.9918,14,57.14,32.7989,true
0.35,Legacy4,3,1008,1260,39.6851,1.6685,14,57.14,32.7989,true
0.40,Legacy4,3,1008,1260,39.6851,1.6685,14,57.14,32.7989,true
0.45,Legacy4,3,1008,1260,-41.1762,-0.1951,14,42.86,63.0641,false
0.50,Legacy4,3,1008,1260,-41.1762,-0.1951,14,42.86,63.0641,false
0.55,Legacy4,3,1008,1260,-35.7645,-0.0197,13,46.15,63.0641,false
0.60,Legacy4,3,1008,1260,-35.7645,-0.0197,13,46.15,63.0641,false
0.65,Legacy4,3,1008,1260,-35.7645,-0.0197,13,46.15,63.0641,false
0.70,Legacy4,3,1008,1260,-3.0743,0.5676,13,53.85,44.2670,false
0.75,Legacy4,3,1008,1260,11.7477,0.8907,12,58.33,47.5117,true
0.80,Legacy4,3,1008,1260,11.7477,0.8907,12,58.33,47.5117,true
0.85,Legacy4,3,1008,1260,-18.5408,0.0711,11,54.55,38.5956,false
0.90,Legacy4,3,1008,1260,-18.5408,0.0711,11,54.55,38.5956,false
0.95,Legacy4,3,1008,1260,8.0392,0.7591,9,66.67,28.4056,true
1.00,Legacy4,3,1008,1260,8.0392,0.7591,9,66.67,28.4056,true
1.05,Legacy4,3,1008,1260,8.0392,0.7591,9,66.67,28.4056,true
1.10,Legacy4,3,1008,1260,8.0392,0.7591,9,66.67,28.4056,true
1.15,Legacy4,3,1008,1260,211.1535,3.8912,7,100.00,0.0000,true
1.20,Legacy4,3,1008,1260,211.1535,3.8912,7,100.00,0.0000,true
1.25,Legacy4,3,1008,1260,186.5019,3.7045,7,100.00,0.0000,true
1.30,Legacy4,3,1008,1260,186.5019,3.7045,7,100.00,0.0000,true
1.35,Legacy4,3,1008,1260,186.5019,3.7045,7,100.00,0.0000,true
1.40,Legacy4,3,1008,1260,186.5019,3.7045,7,100.00,0.0000,true
1.45,Legacy4,3,1008,1260,143.1569,3.2285,6,100.00,0.0000,true
1.50,Legacy4,3,1008,1260,143.1569,3.2285,6,100.00,0.0000,true
1.55,Legacy4,3,1008,1260,143.1569,3.2285,6,100.00,0.0000,true
1.60,Legacy4,3,1008,1260,51.5515,2.1862,4,100.00,0.0000,true
1.65,Legacy4,3,1008,1260,47.5733,1.9981,3,100.00,0.0000,true
1.70,Legacy4,3,1008,1260,47.5733,1.9981,3,100.00,0.0000,true
1.75,Legacy4,3,1008,1260,47.5733,1.9981,3,100.00,0.0000,true
1.80,Legacy4,3,1008,1260,47.5733,1.9981,3,100.00,0.0000,true
1.85,Legacy4,3,1008,1260,47.5733,1.9981,3,100.00,0.0000,true
1.90,Legacy4,3,1008,1260,62.2113,2.0202,3,100.00,0.0000,true
1.95,Legacy4,3,1008,1260,62.2113,2.0202,3,100.00,0.0000,true
2.00,Legacy4,3,1008,1260,62.2113,2.0202,3,100.00,0.0000,true
0.00,Legacy4,4,1260,1512,50.7529,1.8005,10,60.00,14.8356,true
0.05,Legacy4,4,1260,1512,56.6444,1.9290,10,60.00,14.8356,true
0.10,Legacy4,4,1260,1512,53.6362,2.0624,9,55.56,8.1016,true
0.15,Legacy4,4,1260,1512,48.2089,1.8792,9,55.56,9.8111,true
0.20,Legacy4,4,1260,1512,48.2089,1.8792,9,55.56,9.8111,true
0.25,Legacy4,4,1260,1512,48.2089,1.8792,9,55.56,9.8111,true
0.30,Legacy4,4,1260,1512,46.5544,1.8411,9,55.56,10.8179,true
0.35,Legacy4,4,1260,1512,55.1889,2.0336,8,62.50,9.1274,true
0.40,Legacy4,4,1260,1512,36.9687,1.6665,6,66.67,9.1274,true
0.45,Legacy4,4,1260,1512,36.9687,1.6665,6,66.67,9.1274,true
0.50,Legacy4,4,1260,1512,36.9687,1.6665,6,66.67,9.1274,true
0.55,Legacy4,4,1260,1512,22.7372,1.0875,6,66.67,16.1481,true
0.60,Legacy4,4,1260,1512,14.2778,0.7955,6,50.00,16.1481,true
0.65,Legacy4,4,1260,1512,14.2778,0.7955,6,50.00,16.1481,true
0.70,Legacy4,4,1260,1512,14.2778,0.7955,6,50.00,16.1481,true
0.75,Legacy4,4,1260,1512,-19.7662,-0.5348,6,33.33,31.7786,false
0.80,Legacy4,4,1260,1512,-2.6103,0.1701,6,50.00,28.8290,false
0.85,Legacy4,4,1260,1512,31.3906,1.3532,5,80.00,16.1481,true
0.90,Legacy4,4,1260,1512,26.7394,1.2694,5,80.00,16.1481,true
0.95,Legacy4,4,1260,1512,26.7394,1.2694,5,80.00,16.1481,true
1.00,Legacy4,4,1260,1512,26.7394,1.2694,5,80.00,16.1481,true
1.05,Legacy4,4,1260,1512,26.7394,1.2694,5,80.00,16.1481,true
1.10,Legacy4,4,1260,1512,26.3237,1.2610,5,80.00,16.1481,true
1.15,Legacy4,4,1260,1512,26.3237,1.2610,5,80.00,16.1481,true
1.20,Legacy4,4,1260,1512,26.3237,1.2610,5,80.00,16.1481,true
1.25,Legacy4,4,1260,1512,12.0100,0.7892,5,80.00,16.1481,true
1.30,Legacy4,4,1260,1512,12.0100,0.7892,5,80.00,16.1481,true
1.35,Legacy4,4,1260,1512,12.0100,0.7892,5,80.00,16.1481,true
1.40,Legacy4,4,1260,1512,-1.5879,0.0690,5,60.00,16.1481,false
1.45,Legacy4,4,1260,1512,-15.3140,-1.1858,4,50.00,18.7369,false
1.50,Legacy4,4,1260,1512,-15.3140,-1.1858,4,50.00,18.7369,false
1.55,Legacy4,4,1260,1512,-12.6162,-0.9288,3,66.67,16.1481,false
1.60,Legacy4,4,1260,1512,-15.9284,-1.2364,2,50.00,16.1481,false
1.65,Legacy4,4,1260,1512,-15.9284,-1.2364,2,50.00,16.1481,false
1.70,Legacy4,4,1260,1512,-26.5176,-1.7621,2,0.00,26.5176,false
1.75,Legacy4,4,1260,1512,-26.5176,-1.7621,2,0.00,26.5176,false
1.80,Legacy4,4,1260,1512,-26.5176,-1.7621,2,0.00,26.5176,false
1.85,Legacy4,4,1260,1512,-26.5176,-1.7621,2,0.00,26.5176,false
1.90,Legacy4,4,1260,1512,-26.5176,-1.7621,2,0.00,26.5176,false
1.95,Legacy4,4,1260,1512,-28.3372,-1.7382,2,0.00,28.3372,false
2.00,Legacy4,4,1260,1512,-12.3664,-1.2307,1,0.00,12.3664,false
0.00,Legacy4,5,1512,1764,-10.9718,-0.1158,12,33.33,25.8243,false
0.05,Legacy4,5,1512,1764,-15.1783,-0.2875,12,33.33,25.8243,false
0.10,Legacy4,5,1512,1764,-29.6748,-0.8321,12,33.33,38.5013,false
0.15,Legacy4,5,1512,1764,-26.3981,-0.6848,12,41.67,38.5013,false
0.20,Legacy4,5,1512,1764,-31.2960,-1.1537,12,41.67,38.5013,false
0.25,Legacy4,5,1512,1764,-36.3939,-1.3334,11,36.36,37.3106,false
0.30,Legacy4,5,1512,1764,-36.3939,-1.3334,11,36.36,37.3106,false
0.35,Legacy4,5,1512,1764,-24.5314,-0.4745,11,36.36,41.4238,false
0.40,Legacy4,5,1512,1764,-16.2931,-0.1773,10,40.00,41.4238,false
0.45,Legacy4,5,1512,1764,-27.6269,-0.5369,10,40.00,49.3549,false
0.50,Legacy4,5,1512,1764,-27.6269,-0.5369,10,40.00,49.3549,false
0.55,Legacy4,5,1512,1764,-27.6269,-0.5369,10,40.00,49.3549,false
0.60,Legacy4,5,1512,1764,-27.6269,-0.5369,10,40.00,49.3549,false
0.65,Legacy4,5,1512,1764,-6.9513,0.1290,8,50.00,38.3614,false
0.70,Legacy4,5,1512,1764,5.7713,0.4900,7,57.14,29.9334,true
0.75,Legacy4,5,1512,1764,20.0908,0.8567,6,50.00,20.4478,true
0.80,Legacy4,5,1512,1764,49.8250,1.6458,5,60.00,7.8101,true
0.85,Legacy4,5,1512,1764,49.8250,1.6458,5,60.00,7.8101,true
0.90,Legacy4,5,1512,1764,49.8250,1.6458,5,60.00,7.8101,true
0.95,Legacy4,5,1512,1764,37.7164,1.6352,5,80.00,7.8101,true
1.00,Legacy4,5,1512,1764,37.7164,1.6352,5,80.00,7.8101,true
1.05,Legacy4,5,1512,1764,37.7164,1.6352,5,80.00,7.8101,true
1.10,Legacy4,5,1512,1764,37.7164,1.6352,5,80.00,7.8101,true
1.15,Legacy4,5,1512,1764,37.7164,1.6352,5,80.00,7.8101,true
1.20,Legacy4,5,1512,1764,49.3833,2.0125,4,100.00,0.0000,true
1.25,Legacy4,5,1512,1764,24.8652,2.4182,4,100.00,0.0000,true
1.30,Legacy4,5,1512,1764,24.8652,2.4182,4,100.00,0.0000,true
1.35,Legacy4,5,1512,1764,23.5209,2.2715,3,100.00,0.0000,true
1.40,Legacy4,5,1512,1764,5.1782,0.6138,3,66.67,7.7540,true
1.45,Legacy4,5,1512,1764,5.1782,0.6138,3,66.67,7.7540,true
1.50,Legacy4,5,1512,1764,5.1782,0.6138,3,66.67,7.7540,true
1.55,Legacy4,5,1512,1764,5.1782,0.6138,3,66.67,7.7540,true
1.60,Legacy4,5,1512,1764,5.1782,0.6138,3,66.67,7.7540,true
1.65,Legacy4,5,1512,1764,5.1782,0.6138,3,66.67,7.7540,true
1.70,Legacy4,5,1512,1764,5.1782,0.6138,3,66.67,7.7540,true
1.75,Legacy4,5,1512,1764,5.1782,0.6138,3,66.67,7.7540,true
1.80,Legacy4,5,1512,1764,-16.5523,-1.2061,3,33.33,16.5523,false
1.85,Legacy4,5,1512,1764,-16.5523,-1.2061,3,33.33,16.5523,false
1.90,Legacy4,5,1512,1764,-2.0899,-0.2069,2,50.00,7.7540,false
1.95,Legacy4,5,1512,1764,-2.0899,-0.2069,2,50.00,7.7540,false
2.00,Legacy4,5,1512,1764,-2.0899,-0.2069,2,50.00,7.7540,false
0.00,Legacy5,0,252,504,34.3491,1.5999,16,50.00,42.2213,true
0.05,Legacy5,0,252,504,34.3491,1.5999,16,50.00,42.2213,true
0.10,Legacy5,0,252,504,-11.5318,0.1595,16,43.75,50.1499,false
0.15,Legacy5,0,252,504,-17.1780,-0.1003,15,46.67,48.6363,false
0.20,Legacy5,0,252,504,-17.1780,-0.1003,15,46.67,48.6363,false
0.25,Legacy5,0,252,504,-19.6202,-0.2070,15,46.67,48.6363,false
0.30,Legacy5,0,252,504,-19.6202,-0.2070,15,46.67,48.6363,false
0.35,Legacy5,0,252,504,-24.3414,-0.3934,14,42.86,48.6363,false
0.40,Legacy5,0,252,504,-24.3414,-0.3934,14,42.86,48.6363,false
0.45,Legacy5,0,252,504,-24.3414,-0.3934,14,42.86,48.6363,false
0.50,Legacy5,0,252,504,-24.3414,-0.3934,14,42.86,48.6363,false
0.55,Legacy5,0,252,504,-24.3414,-0.3934,14,42.86,48.6363,false
0.60,Legacy5,0,252,504,-16.9701,-0.1085,13,46.15,43.6320,false
0.65,Legacy5,0,252,504,-18.0948,-0.1099,12,41.67,43.6320,false
0.70,Legacy5,0,252,504,-13.8403,0.0268,11,45.45,40.7040,false
0.75,Legacy5,0,252,504,-13.8403,0.0268,11,45.45,40.7040,false
0.80,Legacy5,0,252,504,5.3403,0.5380,10,50.00,27.5037,true
0.85,Legacy5,0,252,504,5.3403,0.5380,10,50.00,27.5037,true
0.90,Legacy5,0,252,504,25.5042,1.0447,10,60.00,27.5037,true
0.95,Legacy5,0,252,504,18.3091,0.8839,10,60.00,27.5037,true
1.00,Legacy5,0,252,504,11.2813,0.6689,9,55.56,27.5037,true
1.05,Legacy5,0,252,504,50.4100,1.6137,8,62.50,18.6604,true
1.10,Legacy5,0,252,504,23.1335,0.9902,8,50.00,22.3161,true
1.15,Legacy5,0,252,504,39.6126,1.4385,7,57.14,11.9196,true
1.20,Legacy5,0,252,504,6.8964,0.4956,7,42.86,18.4832,true
1.25,Legacy5,0,252,504,6.8964,0.4956,7,42.86,18.4832,true
1.30,Legacy5,0,252,504,6.8964,0.4956,7,42.86,18.4832,true
1.35,Legacy5,0,252,504,6.8964,0.4956,7,42.86,18.4832,true
1.40,Legacy5,0,252,504,31.1343,1.1924,6,50.00,11.9196,true
1.45,Legacy5,0,252,504,16.7592,1.1676,5,60.00,11.9196,true
1.50,Legacy5,0,252,504,16.7592,1.1676,5,60.00,11.9196,true
1.55,Legacy5,0,252,504,16.7592,1.1676,5,60.00,11.9196,true
1.60,Legacy5,0,252,504,16.7592,1.1676,5,60.00,11.9196,true
1.65,Legacy5,0,252,504,16.7592,1.1676,5,60.00,11.9196,true
1.70,Legacy5,0,252,504,16.7592,1.1676,5,60.00,11.9196,true
1.75,Legacy5,0,252,504,16.7592,1.1676,5,60.00,11.9196,true
1.80,Legacy5,0,252,504,16.7592,1.1676,5,60.00,11.9196,true
1.85,Legacy5,0,252,504,16.7592,1.1676,5,60.00,11.9196,true
1.90,Legacy5,0,252,504,16.7592,1.1676,5,60.00,11.9196,true
1.95,Legacy5,0,252,504,16.7592,1.1676,5,60.00,11.9196,true
2.00,Legacy5,0,252,504,16.7592,1.1676,5,60.00,11.9196,true
0.00,Legacy5,1,504,756,-12.2628,-0.3439,12,50.00,23.2917,false
0.05,Legacy5,1,504,756,-11.4483,-0.3008,12,50.00,22.5797,false
0.10,Legacy5,1,504,756,6.5196,0.6003,11,63.64,22.5797,true
0.15,Legacy5,1,504,756,6.5196,0.6003,11,63.64,22.5797,true
0.20,Legacy5,1,504,756,6.5196,0.6003,11,63.64,22.5797,true
0.25,Legacy5,1,504,756,26.5102,1.3697,11,72.73,22.5797,true
0.30,Legacy5,1,504,756,-6.8077,-0.1354,11,54.55,32.3649,false
0.35,Legacy5,1,504,756,-6.8077,-0.1354,11,54.55,32.3649,false
0.40,Legacy5,1,504,756,-13.2394,-0.4912,11,54.55,37.0328,false
0.45,Legacy5,1,504,756,-13.2394,-0.4912,11,54.55,37.0328,false
0.50,Legacy5,1,504,756,-13.5042,-0.4833,10,50.00,37.0328,false
0.55,Legacy5,1,504,756,-13.5042,-0.4833,10,50.00,37.0328,false
0.60,Legacy5,1,504,756,-8.6507,-0.2051,9,55.56,33.4995,false
0.65,Legacy5,1,504,756,-8.6507,-0.2051,9,55.56,33.4995,false
0.70,Legacy5,1,504,756,-0.8004,0.1955,8,62.50,27.7847,false
0.75,Legacy5,1,504,756,-5.8692,-0.0210,8,62.50,31.4747,false
0.80,Legacy5,1,504,756,-22.1114,-0.9734,8,50.00,31.4747,false
0.85,Legacy5,1,504,756,-22.1114,-0.9734,8,50.00,31.4747,false
0.90,Legacy5,1,504,756,-34.5774,-1.7717,8,37.50,42.4420,false
0.95,Legacy5,1,504,756,-26.6448,-0.9070,8,37.50,42.4420,false
1.00,Legacy5,1,504,756,-26.6448,-0.9070,8,37.50,42.4420,false
1.05,Legacy5,1,504,756,-38.1130,-2.1918,8,37.50,42.4420,false
1.10,Legacy5,1,504,756,-38.1130,-2.1918,8,37.50,42.4420,false
1.15,Legacy5,1,504,756,-22.4257,-1.5454,7,42.86,27.8521,false
1.20,Legacy5,1,504,756,-24.8299,-1.8047,7,28.57,27.3764,false
1.25,Legacy5,1,504,756,-15.4421,-0.5184,6,33.33,21.4694,false
1.30,Legacy5,1,504,756,-15.4421,-0.5184,6,33.33,21.4694,false
1.35,Legacy5,1,504,756,-3.7814,-0.0784,4,25.00,19.4167,false
1.40,Legacy5,1,504,756,-3.7814,-0.0784,4,25.00,19.4167,false
1.45,Legacy5,1,504,756,-3.7814,-0.0784,4,25.00,19.4167,false
1.50,Legacy5,1,504,756,21.4733,1.1899,4,50.00,5.7119,true
1.55,Legacy5,1,504,756,-16.0852,-0.8514,4,25.00,16.2143,false
1.60,Legacy5,1,504,756,-16.0852,-0.8514,4,25.00,16.2143,false
1.65,Legacy5,1,504,756,-26.3710,-2.0230,3,0.00,26.3710,false
1.70,Legacy5,1,504,756,-26.3710,-2.0230,3,0.00,26.3710,false
1.75,Legacy5,1,504,756,-26.3710,-2.0230,3,0.00,26.3710,false
1.80,Legacy5,1,504,756,-26.3710,-2.0230,3,0.00,26.3710,false
1.85,Legacy5,1,504,756,-26.3710,-2.0230,3,0.00,26.3710,false
1.90,Legacy5,1,504,756,-26.3710,-2.0230,3,0.00,26.3710,false
1.95,Legacy5,1,504,756,-26.3710,-2.0230,3,0.00,26.3710,false
2.00,Legacy5,1,504,756,-20.1422,-1.5094,3,33.33,20.1422,false
0.00,Legacy5,2,756,1008,266.9152,2.6305,12,66.67,12.4100,true
0.05,Legacy5,2,756,1008,281.1080,2.6843,12,66.67,12.4100,true
0.10,Legacy5,2,756,1008,318.3142,2.8246,12,75.00,12.4100,true
0.15,Legacy5,2,756,1008,318.3142,2.8246,12,75.00,12.4100,true
0.20,Legacy5,2,756,1008,256.5197,2.5596,12,66.67,12.4100,true
0.25,Legacy5,2,756,1008,307.0326,2.6612,11,72.73,11.5943,true
0.30,Legacy5,2,756,1008,307.0326,2.6612,11,72.73,11.5943,true
0.35,Legacy5,2,756,1008,307.0326,2.6612,11,72.73,11.5943,true
0.40,Legacy5,2,756,1008,344.5916,2.7850,11,72.73,11.5943,true
0.45,Legacy5,2,756,1008,520.2447,3.0099,10,70.00,11.5943,true
0.50,Legacy5,2,756,1008,520.2447,3.0099,10,70.00,11.5943,true
0.55,Legacy5,2,756,1008,368.4764,2.9333,10,60.00,11.5943,true
0.60,Legacy5,2,756,1008,368.4764,2.9333,10,60.00,11.5943,true
0.65,Legacy5,2,756,1008,368.4764,2.9333,10,60.00,11.5943,true
0.70,Legacy5,2,756,1008,368.4764,2.9333,10,60.00,11.5943,true
0.75,Legacy5,2,756,1008,245.0111,2.3940,10,50.00,16.3752,true
0.80,Legacy5,2,756,1008,240.4929,2.3749,10,50.00,16.3752,true
0.85,Legacy5,2,756,1008,240.4929,2.3749,10,50.00,16.3752,true
0.90,Legacy5,2,756,1008,328.1180,2.3440,9,55.56,16.3752,true
0.95,Legacy5,2,756,1008,288.4792,2.2483,8,62.50,12.7520,true
1.00,Legacy5,2,756,1008,288.4792,2.2483,8,62.50,12.7520,true
1.05,Legacy5,2,756,1008,288.4792,2.2483,8,62.50,12.7520,true
1.10,Legacy5,2,756,1008,288.4792,2.2483,8,62.50,12.7520,true
1.15,Legacy5,2,756,1008,288.4792,2.2483,8,62.50,12.7520,true
1.20,Legacy5,2,756,1008,238.0904,2.3678,8,62.50,12.7520,true
1.25,Legacy5,2,756,1008,238.0904,2.3678,8,62.50,12.7520,true
1.30,Legacy5,2,756,1008,272.0048,2.4593,8,62.50,12.7520,true
1.35,Legacy5,2,756,1008,272.0048,2.4593,8,62.50,12.7520,true
1.40,Legacy5,2,756,1008,272.0048,2.4593,8,62.50,12.7520,true
1.45,Legacy5,2,756,1008,272.0048,2.4593,8,62.50,12.7520,true
1.50,Legacy5,2,756,1008,272.0048,2.4593,8,62.50,12.7520,true
1.55,Legacy5,2,756,1008,272.0048,2.4593,8,62.50,12.7520,true
1.60,Legacy5,2,756,1008,272.0048,2.4593,8,62.50,12.7520,true
1.65,Legacy5,2,756,1008,272.0048,2.4593,8,62.50,12.7520,true
1.70,Legacy5,2,756,1008,272.0048,2.4593,8,62.50,12.7520,true
1.75,Legacy5,2,756,1008,272.0048,2.4593,8,62.50,12.7520,true
1.80,Legacy5,2,756,1008,272.0048,2.4593,8,62.50,12.7520,true
1.85,Legacy5,2,756,1008,138.8610,2.4008,7,71.43,12.7520,true
1.90,Legacy5,2,756,1008,138.8610,2.4008,7,71.43,12.7520,true
1.95,Legacy5,2,756,1008,138.8610,2.4008,7,71.43,12.7520,true
2.00,Legacy5,2,756,1008,69.7946,1.7319,6,66.67,12.7520,true
0.00,Legacy5,3,1008,1260,278.2498,5.0427,18,61.11,51.9942,true
0.05,Legacy5,3,1008,1260,216.8459,4.6374,18,61.11,51.9942,true
0.10,Legacy5,3,1008,1260,269.7495,3.9710,16,62.50,45.6021,true
0.15,Legacy5,3,1008,1260,194.9674,3.4879,16,62.50,57.6365,true
0.20,Legacy5,3,1008,1260,194.9674,3.4879,16,62.50,57.6365,true
0.25,Legacy5,3,1008,1260,194.9674,3.4879,16,62.50,57.6365,true
0.30,Legacy5,3,1008,1260,194.9674,3.4879,16,62.50,57.6365,true
0.35,Legacy5,3,1008,1260,162.3050,2.9864,16,56.25,57.6365,true
0.40,Legacy5,3,1008,1260,198.5274,3.1115,15,60.00,57.6365,true
0.45,Legacy5,3,1008,1260,27.4461,1.6240,15,46.67,68.1081,true
0.50,Legacy5,3,1008,1260,-1.7569,1.1062,15,46.67,64.3514,false
0.55,Legacy5,3,1008,1260,-1.7569,1.1062,15,46.67,64.3514,false
0.60,Legacy5,3,1008,1260,-4.3616,1.0484,15,46.67,64.3514,false
0.65,Legacy5,3,1008,1260,-4.3616,1.0484,15,46.67,64.3514,false
0.70,Legacy5,3,1008,1260,44.3099,1.7164,15,53.33,58.7829,true
0.75,Legacy5,3,1008,1260,31.2797,1.5146,15,53.33,58.7829,true
0.80,Legacy5,3,1008,1260,31.2797,1.5146,15,53.33,58.7829,true
0.85,Legacy5,3,1008,1260,-8.1312,0.7419,14,50.00,51.7814,false
0.90,Legacy5,3,1008,1260,26.4198,1.2922,13,61.54,38.5956,true
0.95,Legacy5,3,1008,1260,49.0844,1.6369,12,66.67,32.0738,true
1.00,Legacy5,3,1008,1260,49.0844,1.6369,12,66.67,32.0738,true
1.05,Legacy5,3,1008,1260,49.0844,1.6369,12,66.67,32.0738,true
1.10,Legacy5,3,1008,1260,49.0844,1.6369,12,66.67,32.0738,true
1.15,Legacy5,3,1008,1260,328.2630,3.6218,10,80.00,11.0848,true
1.20,Legacy5,3,1008,1260,275.5762,3.7123,9,88.89,5.9608,true
1.25,Legacy5,3,1008,1260,245.8206,3.5374,9,88.89,5.9608,true
1.30,Legacy5,3,1008,1260,245.8206,3.5374,9,88.89,5.9608,true
1.35,Legacy5,3,1008,1260,245.8206,3.5374,9,88.89,5.9608,true
1.40,Legacy5,3,1008,1260,245.8206,3.5374,9,88.89,5.9608,true
1.45,Legacy5,3,1008,1260,193.5013,3.0516,8,87.50,5.9608,true
1.50,Legacy5,3,1008,1260,193.5013,3.0516,8,87.50,5.9608,true
1.55,Legacy5,3,1008,1260,132.6475,3.5920,7,100.00,0.0000,true
1.60,Legacy5,3,1008,1260,86.1151,2.9313,6,100.00,0.0000,true
1.65,Legacy5,3,1008,1260,164.4603,2.8558,6,100.00,0.0000,true
1.70,Legacy5,3,1008,1260,164.4603,2.8558,6,100.00,0.0000,true
1.75,Legacy5,3,1008,1260,154.5579,2.6589,5,100.00,0.0000,true
1.80,Legacy5,3,1008,1260,78.5855,2.6636,5,100.00,0.0000,true
1.85,Legacy5,3,1008,1260,78.5855,2.6636,5,100.00,0.0000,true
1.90,Legacy5,3,1008,1260,96.2996,2.6559,5,100.00,0.0000,true
1.95,Legacy5,3,1008,1260,96.2996,2.6559,5,100.00,0.0000,true
2.00,Legacy5,3,1008,1260,96.2996,2.6559,5,100.00,0.0000,true
0.00,Legacy5,4,1260,1512,87.3975,2.4560,11,63.64,14.8356,true
0.05,Legacy5,4,1260,1512,94.7211,2.5726,11,63.64,14.8356,true
0.10,Legacy5,4,1260,1512,46.0093,1.6199,11,54.55,28.4603,true
0.15,Legacy5,4,1260,1512,40.8514,1.4878,11,54.55,28.4603,true
0.20,Legacy5,4,1260,1512,40.8514,1.4878,11,54.55,28.4603,true
0.25,Legacy5,4,1260,1512,19.7513,1.0018,11,54.55,28.4603,true
0.30,Legacy5,4,1260,1512,18.4145,0.9614,11,54.55,28.4603,true
0.35,Legacy5,4,1260,1512,25.3911,1.1360,10,60.00,28.4603,true
0.40,Legacy5,4,1260,1512,10.6694,0.6765,8,62.50,28.4603,true
0.45,Legacy5,4,1260,1512,10.6694,0.6765,8,62.50,28.4603,true
0.50,Legacy5,4,1260,1512,10.6694,0.6765,8,62.50,28.4603,true
0.55,Legacy5,4,1260,1512,10.6694,0.6765,8,62.50,28.4603,true
0.60,Legacy5,4,1260,1512,3.0417,0.3915,8,50.00,28.4603,true
0.65,Legacy5,4,1260,1512,3.0417,0.3915,8,50.00,28.4603,true
0.70,Legacy5,4,1260,1512,20.7755,1.0623,7,57.14,16.1481,true
0.75,Legacy5,4,1260,1512,-33.3435,-0.9981,8,37.50,46.3724,false
0.80,Legacy5,4,1260,1512,-19.0907,-0.3640,8,50.00,34.9055,false
0.85,Legacy5,4,1260,1512,21.3712,1.0152,6,66.67,16.1481,true
0.90,Legacy5,4,1260,1512,17.0747,0.9025,6,66.67,16.1481,true
0.95,Legacy5,4,1260,1512,17.0747,0.9025,6,66.67,16.1481,true
1.00,Legacy5,4,1260,1512,17.0747,0.9025,6,66.67,16.1481,true
1.05,Legacy5,4,1260,1512,17.0747,0.9025,6,66.67,16.1481,true
1.10,Legacy5,4,1260,1512,16.6907,0.8914,6,66.67,16.1481,true
1.15,Legacy5,4,1260,1512,16.6907,0.8914,6,66.67,16.1481,true
1.20,Legacy5,4,1260,1512,16.6907,0.8914,6,66.67,16.1481,true
1.25,Legacy5,4,1260,1512,3.4685,0.3757,6,66.67,16.1481,true
1.30,Legacy5,4,1260,1512,3.4685,0.3757,6,66.67,16.1481,true
1.35,Legacy5,4,1260,1512,3.4685,0.3757,6,66.67,16.1481,true
1.40,Legacy5,4,1260,1512,-9.0925,-0.3024,6,50.00,17.2437,false
1.45,Legacy5,4,1260,1512,-21.7719,-1.3925,5,40.00,28.7862,false
1.50,Legacy5,4,1260,1512,-21.7719,-1.3925,5,40.00,28.7862,false
1.55,Legacy5,4,1260,1512,-19.2798,-1.1697,4,50.00,26.5176,false
1.60,Legacy5,4,1260,1512,-22.3395,-1.3960,3,33.33,26.5176,false
1.65,Legacy5,4,1260,1512,-22.3395,-1.3960,3,33.33,26.5176,false
1.70,Legacy5,4,1260,1512,-22.3395,-1.3960,3,33.33,26.5176,false
1.75,Legacy5,4,1260,1512,-22.3395,-1.3960,3,33.33,26.5176,false
1.80,Legacy5,4,1260,1512,-22.3395,-1.3960,3,33.33,26.5176,false
1.85,Legacy5,4,1260,1512,-22.3395,-1.3960,3,33.33,26.5176,false
1.90,Legacy5,4,1260,1512,-22.3395,-1.3960,3,33.33,26.5176,false
1.95,Legacy5,4,1260,1512,-24.2625,-1.4077,3,33.33,28.3372,false
2.00,Legacy5,4,1260,1512,-7.3836,-0.6200,2,50.00,12.3664,false
0.00,Legacy5,5,1512,1764,3.0455,0.4566,14,42.86,23.9189,true
0.05,Legacy5,5,1512,1764,-1.8233,0.2532,14,42.86,25.2740,false
0.10,Legacy5,5,1512,1764,-11.9734,-0.1689,14,42.86,32.9996,false
0.15,Legacy5,5,1512,1764,-5.6016,0.1046,13,46.15,31.7846,false
0.20,Legacy5,5,1512,1764,-5.6016,0.1046,13,46.15,31.7846,false
0.25,Legacy5,5,1512,1764,-12.6060,-0.1693,12,41.67,33.4812,false
0.30,Legacy5,5,1512,1764,-16.0749,-0.3028,12,41.67,36.1215,false
0.35,Legacy5,5,1512,1764,-30.9273,-0.7327,12,33.33,41.4238,false
0.40,Legacy5,5,1512,1764,-23.3872,-0.4339,11,36.36,41.4238,false
0.45,Legacy5,5,1512,1764,-33.7604,-0.7825,11,36.36,49.3549,false
0.50,Legacy5,5,1512,1764,-33.7604,-0.7825,11,36.36,49.3549,false
0.55,Legacy5,5,1512,1764,-33.7604,-0.7825,11,36.36,49.3549,false
0.60,Legacy5,5,1512,1764,-33.7604,-0.7825,11,36.36,49.3549,false
0.65,Legacy5,5,1512,1764,-7.4570,0.1176,9,44.44,38.3614,false
0.70,Legacy5,5,1512,1764,5.1965,0.4919,8,50.00,29.9334,true
0.75,Legacy5,5,1512,1764,19.4381,0.8698,7,42.86,20.4478,true
0.80,Legacy5,5,1512,1764,49.0107,1.6844,6,50.00,8.3111,true
0.85,Legacy5,5,1512,1764,49.8250,1.6458,5,60.00,7.8101,true
0.90,Legacy5,5,1512,1764,49.8250,1.6458,5,60.00,7.8101,true
0.95,Legacy5,5,1512,1764,37.7164,1.6352,5,80.00,7.8101,true
1.00,Legacy5,5,1512,1764,37.7164,1.6352,5,80.00,7.8101,true
1.05,Legacy5,5,1512,1764,37.7164,1.6352,5,80.00,7.8101,true
1.10,Legacy5,5,1512,1764,37.7164,1.6352,5,80.00,7.8101,true
1.15,Legacy5,5,1512,1764,37.7164,1.6352,5,80.00,7.8101,true
1.20,Legacy5,5,1512,1764,49.3833,2.0125,4,100.00,0.0000,true
1.25,Legacy5,5,1512,1764,24.8652,2.4182,4,100.00,0.0000,true
1.30,Legacy5,5,1512,1764,24.8652,2.4182,4,100.00,0.0000,true
1.35,Legacy5,5,1512,1764,23.5209,2.2715,3,100.00,0.0000,true
1.40,Legacy5,5,1512,1764,5.1782,0.6138,3,66.67,7.7540,true
1.45,Legacy5,5,1512,1764,5.1782,0.6138,3,66.67,7.7540,true
1.50,Legacy5,5,1512,1764,5.1782,0.6138,3,66.67,7.7540,true
1.55,Legacy5,5,1512,1764,5.1782,0.6138,3,66.67,7.7540,true
1.60,Legacy5,5,1512,1764,5.1782,0.6138,3,66.67,7.7540,true
1.65,Legacy5,5,1512,1764,5.1782,0.6138,3,66.67,7.7540,true
1.70,Legacy5,5,1512,1764,5.1782,0.6138,3,66.67,7.7540,true
1.75,Legacy5,5,1512,1764,5.1782,0.6138,3,66.67,7.7540,true
1.80,Legacy5,5,1512,1764,-16.5523,-1.2061,3,33.33,16.5523,false
1.85,Legacy5,5,1512,1764,-16.5523,-1.2061,3,33.33,16.5523,false
1.90,Legacy5,5,1512,1764,-2.0899,-0.2069,2,50.00,7.7540,false
1.95,Legacy5,5,1512,1764,-2.0899,-0.2069,2,50.00,7.7540,false
2.00,Legacy5,5,1512,1764,-2.0899,-0.2069,2,50.00,7.7540,false
0.00,OldGuard4,0,252,504,32.7259,1.4608,14,50.00,34.2085,true
0.05,OldGuard4,0,252,504,32.7259,1.4608,14,50.00,34.2085,true
0.10,OldGuard4,0,252,504,-12.6007,-0.0285,14,42.86,43.2367,false
0.15,OldGuard4,0,252,504,-18.1787,-0.3048,13,46.15,41.5131,false
0.20,OldGuard4,0,252,504,-18.1787,-0.3048,13,46.15,41.5131,false
0.25,OldGuard4,0,252,504,-20.5914,-0.4213,13,46.15,41.5131,false
0.30,OldGuard4,0,252,504,-20.5914,-0.4213,13,46.15,41.5131,false
0.35,OldGuard4,0,252,504,-25.2555,-0.6183,12,41.67,44.9484,false
0.40,OldGuard4,0,252,504,-25.2555,-0.6183,12,41.67,44.9484,false
0.45,OldGuard4,0,252,504,-25.2555,-0.6183,12,41.67,44.9484,false
0.50,OldGuard4,0,252,504,-25.2555,-0.6183,12,41.67,44.9484,false
0.55,OldGuard4,0,252,504,-25.2555,-0.6183,12,41.67,44.9484,false
0.60,OldGuard4,0,252,504,-17.9733,-0.3052,11,45.45,39.5848,false
0.65,OldGuard4,0,252,504,-19.0844,-0.2880,10,40.00,39.5848,false
0.70,OldGuard4,0,252,504,-14.8813,-0.1360,9,44.44,36.4466,false
0.75,OldGuard4,0,252,504,-14.8813,-0.1360,9,44.44,36.4466,false
0.80,OldGuard4,0,252,504,-14.8813,-0.1360,9,44.44,36.4466,false
0.85,OldGuard4,0,252,504,-14.8813,-0.1360,9,44.44,36.4466,false
0.90,OldGuard4,0,252,504,1.4119,0.3838,9,55.56,36.4466,true
0.95,OldGuard4,0,252,504,1.4119,0.3838,9,55.56,36.4466,true
1.00,OldGuard4,0,252,504,-4.6122,0.1845,8,50.00,36.4466,false
1.05,OldGuard4,0,252,504,28.9280,1.1097,7,57.14,18.6604,true
1.10,OldGuard4,0,252,504,28.9280,1.1097,7,57.14,18.6604,true
1.15,OldGuard4,0,252,504,46.1826,1.5509,6,66.67,7.7746,true
1.20,OldGuard4,0,252,504,11.9268,0.6201,6,50.00,18.4832,true
1.25,OldGuard4,0,252,504,11.9268,0.6201,6,50.00,18.4832,true
1.30,OldGuard4,0,252,504,11.9268,0.6201,6,50.00,18.4832,true
1.35,OldGuard4,0,252,504,11.9268,0.6201,6,50.00,18.4832,true
1.40,OldGuard4,0,252,504,37.3053,1.3123,5,60.00,7.7746,true
1.45,OldGuard4,0,252,504,22.2537,1.4530,4,75.00,7.7746,true
1.50,OldGuard4,0,252,504,22.2537,1.4530,4,75.00,7.7746,true
1.55,OldGuard4,0,252,504,22.2537,1.4530,4,75.00,7.7746,true
1.60,OldGuard4,0,252,504,22.2537,1.4530,4,75.00,7.7746,true
1.65,OldGuard4,0,252,504,22.2537,1.4530,4,75.00,7.7746,true
1.70,OldGuard4,0,252,504,22.2537,1.4530,4,75.00,7.7746,true
1.75,OldGuard4,0,252,504,22.2537,1.4530,4,75.00,7.7746,true
1.80,OldGuard4,0,252,504,22.2537,1.4530,4,75.00,7.7746,true
1.85,OldGuard4,0,252,504,22.2537,1.4530,4,75.00,7.7746,true
1.90,OldGuard4,0,252,504,22.2537,1.4530,4,75.00,7.7746,true
1.95,OldGuard4,0,252,504,22.2537,1.4530,4,75.00,7.7746,true
2.00,OldGuard4,0,252,504,22.2537,1.4530,4,75.00,7.7746,true
0.00,OldGuard4,1,504,756,2.6789,0.4022,11,54.55,23.2917,true
0.05,OldGuard4,1,504,756,3.6321,0.4463,11,54.55,22.5797,true
0.10,OldGuard4,1,504,756,24.6599,1.3434,10,70.00,22.5797,true
0.15,OldGuard4,1,504,756,24.6599,1.3434,10,70.00,22.5797,true
0.20,OldGuard4,1,504,756,24.6599,1.3434,10,70.00,22.5797,true
0.25,OldGuard4,1,504,756,48.0549,2.1115,10,80.00,22.5797,true
0.30,OldGuard4,1,504,756,9.0630,0.7704,10,60.00,22.5797,true
0.35,OldGuard4,1,504,756,9.0630,0.7704,10,60.00,22.5797,true
0.40,OldGuard4,1,504,756,1.5360,0.3242,10,60.00,26.3094,true
0.45,OldGuard4,1,504,756,1.5360,0.3242,10,60.00,26.3094,true
0.50,OldGuard4,1,504,756,1.2261,0.2924,9,55.56,26.3094,true
0.55,OldGuard4,1,504,756,1.2261,0.2924,9,55.56,26.3094,true
0.60,OldGuard4,1,504,756,6.9061,0.5798,8,62.50,27.5884,true
0.65,OldGuard4,1,504,756,6.9061,0.5798,8,62.50,27.5884,true
0.70,OldGuard4,1,504,756,16.0933,1.0380,7,71.43,21.3655,true
0.75,OldGuard4,1,504,756,10.1613,0.7160,7,71.43,25.3835,true
0.80,OldGuard4,1,504,756,-8.8469,-0.2833,7,57.14,25.3835,false
0.85,OldGuard4,1,504,756,-8.8469,-0.2833,7,57.14,25.3835,false
0.90,OldGuard4,1,504,756,-23.4358,-1.1725,7,42.86,32.6399,false
0.95,OldGuard4,1,504,756,-14.1524,-0.3586,7,42.86,32.6399,false
1.00,OldGuard4,1,504,756,-14.1524,-0.3586,7,42.86,32.6399,false
1.05,OldGuard4,1,504,756,-27.5736,-1.6091,7,42.86,32.6399,false
1.10,OldGuard4,1,504,756,-27.5736,-1.6091,7,42.86,32.6399,false
1.15,OldGuard4,1,504,756,-9.2147,-0.7285,6,50.00,15.5652,false
1.20,OldGuard4,1,504,756,-12.0284,-1.0604,6,33.33,15.0086,false
1.25,OldGuard4,1,504,756,-15.4421,-0.5184,6,33.33,21.4694,false
1.30,OldGuard4,1,504,756,-15.4421,-0.5184,6,33.33,21.4694,false
1.35,OldGuard4,1,504,756,-3.7814,-0.0784,4,25.00,19.4167,false
1.40,OldGuard4,1,504,756,-3.7814,-0.0784,4,25.00,19.4167,false
1.45,OldGuard4,1,504,756,-3.7814,-0.0784,4,25.00,19.4167,false
1.50,OldGuard4,1,504,756,6.5838,0.5187,3,33.33,10.7359,true
1.55,OldGuard4,1,504,756,-26.3710,-2.0230,3,0.00,26.3710,false
1.60,OldGuard4,1,504,756,-26.3710,-2.0230,3,0.00,26.3710,false
1.65,OldGuard4,1,504,756,-26.3710,-2.0230,3,0.00,26.3710,false
1.70,OldGuard4,1,504,756,-26.3710,-2.0230,3,0.00,26.3710,false
1.75,OldGuard4,1,504,756,-26.3710,-2.0230,3,0.00,26.3710,false
1.80,OldGuard4,1,504,756,-26.3710,-2.0230,3,0.00,26.3710,false
1.85,OldGuard4,1,504,756,-26.3710,-2.0230,3,0.00,26.3710,false
1.90,OldGuard4,1,504,756,-26.3710,-2.0230,3,0.00,26.3710,false
1.95,OldGuard4,1,504,756,-26.3710,-2.0230,3,0.00,26.3710,false
2.00,OldGuard4,1,504,756,-20.1422,-1.5094,3,33.33,20.1422,false
0.00,OldGuard4,2,756,1008,289.4117,2.5749,11,72.73,12.4100,true
0.05,OldGuard4,2,756,1008,289.4117,2.5749,11,72.73,12.4100,true
0.10,OldGuard4,2,756,1008,327.4285,2.7076,11,81.82,12.4100,true
0.15,OldGuard4,2,756,1008,327.4285,2.7076,11,81.82,12.4100,true
0.20,OldGuard4,2,756,1008,264.2876,2.4587,11,72.73,12.4100,true
0.25,OldGuard4,2,756,1008,315.9011,2.5628,10,80.00,9.6681,true
0.30,OldGuard4,2,756,1008,315.9011,2.5628,10,80.00,9.6681,true
0.35,OldGuard4,2,756,1008,315.9011,2.5628,10,80.00,9.6681,true
0.40,OldGuard4,2,756,1008,354.2784,2.6804,10,80.00,9.6681,true
0.45,OldGuard4,2,756,1008,396.5150,2.6218,9,77.78,9.6681,true
0.50,OldGuard4,2,756,1008,396.5150,2.6218,9,77.78,9.6681,true
0.55,OldGuard4,2,756,1008,275.0223,2.5451,9,66.67,9.6681,true
0.60,OldGuard4,2,756,1008,275.0223,2.5451,9,66.67,9.6681,true
0.65,OldGuard4,2,756,1008,275.0223,2.5451,9,66.67,9.6681,true
0.70,OldGuard4,2,756,1008,275.0223,2.5451,9,66.67,9.6681,true
0.75,OldGuard4,2,756,1008,155.8913,1.9283,9,55.56,25.0490,true
0.80,OldGuard4,2,756,1008,152.5402,1.9095,9,55.56,25.0490,true
0.85,OldGuard4,2,756,1008,215.6991,2.2333,8,62.50,10.8510,true
0.90,OldGuard4,2,756,1008,296.9435,2.1880,7,71.43,10.8510,true
0.95,OldGuard4,2,756,1008,296.9435,2.1880,7,71.43,10.8510,true
1.00,OldGuard4,2,756,1008,296.9435,2.1880,7,71.43,10.8510,true
1.05,OldGuard4,2,756,1008,296.9435,2.1880,7,71.43,10.8510,true
1.10,OldGuard4,2,756,1008,296.9435,2.1880,7,71.43,10.8510,true
1.15,OldGuard4,2,756,1008,296.9435,2.1880,7,71.43,10.8510,true
1.20,OldGuard4,2,756,1008,245.4568,2.3091,7,71.43,10.8510,true
1.25,OldGuard4,2,756,1008,245.4568,2.3091,7,71.43,10.8510,true
1.30,OldGuard4,2,756,1008,170.2018,1.8880,6,66.67,12.7675,true
1.35,OldGuard4,2,756,1008,170.2018,1.8880,6,66.67,12.7675,true
1.40,OldGuard4,2,756,1008,170.2018,1.8880,6,66.67,12.7675,true
1.45,OldGuard4,2,756,1008,170.2018,1.8880,6,66.67,12.7675,true
1.50,OldGuard4,2,756,1008,170.2018,1.8880,6,66.67,12.7675,true
1.55,OldGuard4,2,756,1008,170.2018,1.8880,6,66.67,12.7675,true
1.60,OldGuard4,2,756,1008,170.2018,1.8880,6,66.67,12.7675,true
1.65,OldGuard4,2,756,1008,170.2018,1.8880,6,66.67,12.7675,true
1.70,OldGuard4,2,756,1008,170.2018,1.8880,6,66.67,12.7675,true
1.75,OldGuard4,2,756,1008,170.2018,1.8880,6,66.67,12.7675,true
1.80,OldGuard4,2,756,1008,170.2018,1.8880,6,66.67,12.7675,true
1.85,OldGuard4,2,756,1008,73.4941,1.7329,5,80.00,10.8510,true
1.90,OldGuard4,2,756,1008,73.4941,1.7329,5,80.00,10.8510,true
1.95,OldGuard4,2,756,1008,73.4941,1.7329,5,80.00,10.8510,true
2.00,OldGuard4,2,756,1008,73.4941,1.7329,5,80.00,10.8510,true
0.00,OldGuard4,3,1008,1260,175.4059,3.4432,14,64.29,28.1241,true
0.05,OldGuard4,3,1008,1260,130.6973,3.1761,14,64.29,28.1241,true
0.10,OldGuard4,3,1008,1260,71.3574,2.2928,14,64.29,28.1241,true
0.15,OldGuard4,3,1008,1260,72.4593,2.2309,14,64.29,28.1241,true
0.20,OldGuard4,3,1008,1260,58.8195,1.9918,14,57.14,32.7989,true
0.25,OldGuard4,3,1008,1260,58.8195,1.9918,14,57.14,32.7989,true
0.30,OldGuard4,3,1008,1260,58.8195,1.9918,14,57.14,32.7989,true
0.35,OldGuard4,3,1008,1260,39.6851,1.6685,14,57.14,32.7989,true
0.40,OldGuard4,3,1008,1260,39.6851,1.6685,14,57.14,32.7989,true
0.45,OldGuard4,3,1008,1260,-41.1762,-0.1951,14,42.86,63.0641,false
0.50,OldGuard4,3,1008,1260,-41.1762,-0.1951,14,42.86,63.0641,false
0.55,OldGuard4,3,1008,1260,-35.7645,-0.0197,13,46.15,63.0641,false
0.60,OldGuard4,3,1008,1260,-35.7645,-0.0197,13,46.15,63.0641,false
0.65,OldGuard4,3,1008,1260,-35.7645,-0.0197,13,46.15,63.0641,false
0.70,OldGuard4,3,1008,1260,-3.0743,0.5676,13,53.85,44.2670,false
0.75,OldGuard4,3,1008,1260,11.7477,0.8907,12,58.33,47.5117,true
0.80,OldGuard4,3,1008,1260,11.7477,0.8907,12,58.33,47.5117,true
0.85,OldGuard4,3,1008,1260,-18.5408,0.0711,11,54.55,38.5956,false
0.90,OldGuard4,3,1008,1260,-18.5408,0.0711,11,54.55,38.5956,false
0.95,OldGuard4,3,1008,1260,8.0392,0.7591,9,66.67,28.4056,true
1.00,OldGuard4,3,1008,1260,8.0392,0.7591,9,66.67,28.4056,true
1.05,OldGuard4,3,1008,1260,8.0392,0.7591,9,66.67,28.4056,true
1.10,OldGuard4,3,1008,1260,8.0392,0.7591,9,66.67,28.4056,true
1.15,OldGuard4,3,1008,1260,211.1535,3.8912,7,100.00,0.0000,true
1.20,OldGuard4,3,1008,1260,211.1535,3.8912,7,100.00,0.0000,true
1.25,OldGuard4,3,1008,1260,186.5019,3.7045,7,100.00,0.0000,true
1.30,OldGuard4,3,1008,1260,186.5019,3.7045,7,100.00,0.0000,true
1.35,OldGuard4,3,1008,1260,186.5019,3.7045,7,100.00,0.0000,true
1.40,OldGuard4,3,1008,1260,186.5019,3.7045,7,100.00,0.0000,true
1.45,OldGuard4,3,1008,1260,143.1569,3.2285,6,100.00,0.0000,true
1.50,OldGuard4,3,1008,1260,143.1569,3.2285,6,100.00,0.0000,true
1.55,OldGuard4,3,1008,1260,143.1569,3.2285,6,100.00,0.0000,true
1.60,OldGuard4,3,1008,1260,51.5515,2.1862,4,100.00,0.0000,true
1.65,OldGuard4,3,1008,1260,47.5733,1.9981,3,100.00,0.0000,true
1.70,OldGuard4,3,1008,1260,47.5733,1.9981,3,100.00,0.0000,true
1.75,OldGuard4,3,1008,1260,47.5733,1.9981,3,100.00,0.0000,true
1.80,OldGuard4,3,1008,1260,47.5733,1.9981,3,100.00,0.0000,true
1.85,OldGuard4,3,1008,1260,47.5733,1.9981,3,100.00,0.0000,true
1.90,OldGuard4,3,1008,1260,62.2113,2.0202,3,100.00,0.0000,true
1.95,OldGuard4,3,1008,1260,62.2113,2.0202,3,100.00,0.0000,true
2.00,OldGuard4,3,1008,1260,62.2113,2.0202,3,100.00,0.0000,true
0.00,OldGuard4,4,1260,1512,50.7529,1.8005,10,60.00,14.8356,true
0.05,OldGuard4,4,1260,1512,56.6444,1.9290,10,60.00,14.8356,true
0.10,OldGuard4,4,1260,1512,53.6362,2.0624,9,55.56,8.1016,true
0.15,OldGuard4,4,1260,1512,48.2089,1.8792,9,55.56,9.8111,true
0.20,OldGuard4,4,1260,1512,48.2089,1.8792,9,55.56,9.8111,true
0.25,OldGuard4,4,1260,1512,48.2089,1.8792,9,55.56,9.8111,true
0.30,OldGuard4,4,1260,1512,46.5544,1.8411,9,55.56,10.8179,true
0.35,OldGuard4,4,1260,1512,55.1889,2.0336,8,62.50,9.1274,true
0.40,OldGuard4,4,1260,1512,36.9687,1.6665,6,66.67,9.1274,true
0.45,OldGuard4,4,1260,1512,36.9687,1.6665,6,66.67,9.1274,true
0.50,OldGuard4,4,1260,1512,36.9687,1.6665,6,66.67,9.1274,true
0.55,OldGuard4,4,1260,1512,22.7372,1.0875,6,66.67,16.1481,true
0.60,OldGuard4,4,1260,1512,14.2778,0.7955,6,50.00,16.1481,true
0.65,OldGuard4,4,1260,1512,14.2778,0.7955,6,50.00,16.1481,true
0.70,OldGuard4,4,1260,1512,14.2778,0.7955,6,50.00,16.1481,true
0.75,OldGuard4,4,1260,1512,-19.7662,-0.5348,6,33.33,31.7786,false
0.80,OldGuard4,4,1260,1512,-2.6103,0.1701,6,50.00,28.8290,false
0.85,OldGuard4,4,1260,1512,31.3906,1.3532,5,80.00,16.1481,true
0.90,OldGuard4,4,1260,1512,26.7394,1.2694,5,80.00,16.1481,true
0.95,OldGuard4,4,1260,1512,26.7394,1.2694,5,80.00,16.1481,true
1.00,OldGuard4,4,1260,1512,26.7394,1.2694,5,80.00,16.1481,true
1.05,OldGuard4,4,1260,1512,26.7394,1.2694,5,80.00,16.1481,true
1.10,OldGuard4,4,1260,1512,26.3237,1.2610,5,80.00,16.1481,true
1.15,OldGuard4,4,1260,1512,26.3237,1.2610,5,80.00,16.1481,true
1.20,OldGuard4,4,1260,1512,26.3237,1.2610,5,80.00,16.1481,true
1.25,OldGuard4,4,1260,1512,12.0100,0.7892,5,80.00,16.1481,true
1.30,OldGuard4,4,1260,1512,12.0100,0.7892,5,80.00,16.1481,true
1.35,OldGuard4,4,1260,1512,12.0100,0.7892,5,80.00,16.1481,true
1.40,OldGuard4,4,1260,1512,-1.5879,0.0690,5,60.00,16.1481,false
1.45,OldGuard4,4,1260,1512,-15.3140,-1.1858,4,50.00,18.7369,false
1.50,OldGuard4,4,1260,1512,-15.3140,-1.1858,4,50.00,18.7369,false
1.55,OldGuard4,4,1260,1512,-12.6162,-0.9288,3,66.67,16.1481,false
1.60,OldGuard4,4,1260,1512,-15.9284,-1.2364,2,50.00,16.1481,false
1.65,OldGuard4,4,1260,1512,-15.9284,-1.2364,2,50.00,16.1481,false
1.70,OldGuard4,4,1260,1512,-26.5176,-1.7621,2,0.00,26.5176,false
1.75,OldGuard4,4,1260,1512,-26.5176,-1.7621,2,0.00,26.5176,false
1.80,OldGuard4,4,1260,1512,-26.5176,-1.7621,2,0.00,26.5176,false
1.85,OldGuard4,4,1260,1512,-26.5176,-1.7621,2,0.00,26.5176,false
1.90,OldGuard4,4,1260,1512,-26.5176,-1.7621,2,0.00,26.5176,false
1.95,OldGuard4,4,1260,1512,-28.3372,-1.7382,2,0.00,28.3372,false
2.00,OldGuard4,4,1260,1512,-12.3664,-1.2307,1,0.00,12.3664,false
0.00,OldGuard4,5,1512,1764,-10.9718,-0.1158,12,33.33,25.8243,false
0.05,OldGuard4,5,1512,1764,-15.1783,-0.2875,12,33.33,25.8243,false
0.10,OldGuard4,5,1512,1764,-29.6748,-0.8321,12,33.33,38.5013,false
0.15,OldGuard4,5,1512,1764,-26.3981,-0.6848,12,41.67,38.5013,false
0.20,OldGuard4,5,1512,1764,-31.2960,-1.1537,12,41.67,38.5013,false
0.25,OldGuard4,5,1512,1764,-36.3939,-1.3334,11,36.36,37.3106,false
0.30,OldGuard4,5,1512,1764,-36.3939,-1.3334,11,36.36,37.3106,false
0.35,OldGuard4,5,1512,1764,-24.5314,-0.4745,11,36.36,41.4238,false
0.40,OldGuard4,5,1512,1764,-16.2931,-0.1773,10,40.00,41.4238,false
0.45,OldGuard4,5,1512,1764,-27.6269,-0.5369,10,40.00,49.3549,false
0.50,OldGuard4,5,1512,1764,-27.6269,-0.5369,10,40.00,49.3549,false
0.55,OldGuard4,5,1512,1764,-27.6269,-0.5369,10,40.00,49.3549,false
0.60,OldGuard4,5,1512,1764,-27.6269,-0.5369,10,40.00,49.3549,false
0.65,OldGuard4,5,1512,1764,-6.9513,0.1290,8,50.00,38.3614,false
0.70,OldGuard4,5,1512,1764,5.7713,0.4900,7,57.14,29.9334,true
0.75,OldGuard4,5,1512,1764,20.0908,0.8567,6,50.00,20.4478,true
0.80,OldGuard4,5,1512,1764,49.8250,1.6458,5,60.00,7.8101,true
0.85,OldGuard4,5,1512,1764,49.8250,1.6458,5,60.00,7.8101,true
0.90,OldGuard4,5,1512,1764,49.8250,1.6458,5,60.00,7.8101,true
0.95,OldGuard4,5,1512,1764,37.7164,1.6352,5,80.00,7.8101,true
1.00,OldGuard4,5,1512,1764,37.7164,1.6352,5,80.00,7.8101,true
1.05,OldGuard4,5,1512,1764,37.7164,1.6352,5,80.00,7.8101,true
1.10,OldGuard4,5,1512,1764,37.7164,1.6352,5,80.00,7.8101,true
1.15,OldGuard4,5,1512,1764,37.7164,1.6352,5,80.00,7.8101,true
1.20,OldGuard4,5,1512,1764,49.3833,2.0125,4,100.00,0.0000,true
1.25,OldGuard4,5,1512,1764,24.8652,2.4182,4,100.00,0.0000,true
1.30,OldGuard4,5,1512,1764,24.8652,2.4182,4,100.00,0.0000,true
1.35,OldGuard4,5,1512,1764,23.5209,2.2715,3,100.00,0.0000,true
1.40,OldGuard4,5,1512,1764,5.1782,0.6138,3,66.67,7.7540,true
1.45,OldGuard4,5,1512,1764,5.1782,0.6138,3,66.67,7.7540,true
1.50,OldGuard4,5,1512,1764,5.1782,0.6138,3,66.67,7.7540,true
1.55,OldGuard4,5,1512,1764,5.1782,0.6138,3,66.67,7.7540,true
1.60,OldGuard4,5,1512,1764,5.1782,0.6138,3,66.67,7.7540,true
1.65,OldGuard4,5,1512,1764,5.1782,0.6138,3,66.67,7.7540,true
1.70,OldGuard4,5,1512,1764,5.1782,0.6138,3,66.67,7.7540,true
1.75,OldGuard4,5,1512,1764,5.1782,0.6138,3,66.67,7.7540,true
1.80,OldGuard4,5,1512,1764,-16.5523,-1.2061,3,33.33,16.5523,false
1.85,OldGuard4,5,1512,1764,-16.5523,-1.2061,3,33.33,16.5523,false
1.90,OldGuard4,5,1512,1764,-2.0899,-0.2069,2,50.00,7.7540,false
1.95,OldGuard4,5,1512,1764,-2.0899,-0.2069,2,50.00,7.7540,false
2.00,OldGuard4,5,1512,1764,-2.0899,-0.2069,2,50.00,7.7540,false
0.00,OldGuard5,0,252,504,34.3491,1.5999,16,50.00,42.2213,true
0.05,OldGuard5,0,252,504,34.3491,1.5999,16,50.00,42.2213,true
0.10,OldGuard5,0,252,504,-11.5318,0.1595,16,43.75,50.1499,false
0.15,OldGuard5,0,252,504,-17.1780,-0.1003,15,46.67,48.6363,false
0.20,OldGuard5,0,252,504,-17.1780,-0.1003,15,46.67,48.6363,false
0.25,OldGuard5,0,252,504,-19.6202,-0.2070,15,46.67,48.6363,false
0.30,OldGuard5,0,252,504,-19.6202,-0.2070,15,46.67,48.6363,false
0.35,OldGuard5,0,252,504,-24.3414,-0.3934,14,42.86,48.6363,false
0.40,OldGuard5,0,252,504,-24.3414,-0.3934,14,42.86,48.6363,false
0.45,OldGuard5,0,252,504,-24.3414,-0.3934,14,42.86,48.6363,false
0.50,OldGuard5,0,252,504,-24.3414,-0.3934,14,42.86,48.6363,false
0.55,OldGuard5,0,252,504,-24.3414,-0.3934,14,42.86,48.6363,false
0.60,OldGuard5,0,252,504,-16.9701,-0.1085,13,46.15,43.6320,false
0.65,OldGuard5,0,252,504,-18.0948,-0.1099,12,41.67,43.6320,false
0.70,OldGuard5,0,252,504,-13.8403,0.0268,11,45.45,40.7040,false
0.75,OldGuard5,0,252,504,-13.8403,0.0268,11,45.45,40.7040,false
0.80,OldGuard5,0,252,504,5.3403,0.5380,10,50.00,27.5037,true
0.85,OldGuard5,0,252,504,5.3403,0.5380,10,50.00,27.5037,true
0.90,OldGuard5,0,252,504,25.5042,1.0447,10,60.00,27.5037,true
0.95,OldGuard5,0,252,504,18.3091,0.8839,10,60.00,27.5037,true
1.00,OldGuard5,0,252,504,11.2813,0.6689,9,55.56,27.5037,true
1.05,OldGuard5,0,252,504,50.4100,1.6137,8,62.50,18.6604,true
1.10,OldGuard5,0,252,504,23.1335,0.9902,8,50.00,22.3161,true
1.15,OldGuard5,0,252,504,39.6126,1.4385,7,57.14,11.9196,true
1.20,OldGuard5,0,252,504,6.8964,0.4956,7,42.86,18.4832,true
1.25,OldGuard5,0,252,504,6.8964,0.4956,7,42.86,18.4832,true
1.30,OldGuard5,0,252,504,6.8964,0.4956,7,42.86,18.4832,true
1.35,OldGuard5,0,252,504,6.8964,0.4956,7,42.86,18.4832,true
1.40,OldGuard5,0,252,504,31.1343,1.1924,6,50.00,11.9196,true
1.45,OldGuard5,0,252,504,16.7592,1.1676,5,60.00,11.9196,true
1.50,OldGuard5,0,252,504,16.7592,1.1676,5,60.00,11.9196,true
1.55,OldGuard5,0,252,504,16.7592,1.1676,5,60.00,11.9196,true
1.60,OldGuard5,0,252,504,16.7592,1.1676,5,60.00,11.9196,true
1.65,OldGuard5,0,252,504,16.7592,1.1676,5,60.00,11.9196,true
1.70,OldGuard5,0,252,504,16.7592,1.1676,5,60.00,11.9196,true
1.75,OldGuard5,0,252,504,16.7592,1.1676,5,60.00,11.9196,true
1.80,OldGuard5,0,252,504,16.7592,1.1676,5,60.00,11.9196,true
1.85,OldGuard5,0,252,504,16.7592,1.1676,5,60.00,11.9196,true
1.90,OldGuard5,0,252,504,16.7592,1.1676,5,60.00,11.9196,true
1.95,OldGuard5,0,252,504,16.7592,1.1676,5,60.00,11.9196,true
2.00,OldGuard5,0,252,504,16.7592,1.1676,5,60.00,11.9196,true
0.00,OldGuard5,1,504,756,-12.2628,-0.3439,12,50.00,23.2917,false
0.05,OldGuard5,1,504,756,-11.4483,-0.3008,12,50.00,22.5797,false
0.10,OldGuard5,1,504,756,6.5196,0.6003,11,63.64,22.5797,true
0.15,OldGuard5,1,504,756,6.5196,0.6003,11,63.64,22.5797,true
0.20,OldGuard5,1,504,756,6.5196,0.6003,11,63.64,22.5797,true
0.25,OldGuard5,1,504,756,26.5102,1.3697,11,72.73,22.5797,true
0.30,OldGuard5,1,504,756,-6.8077,-0.1354,11,54.55,32.3649,false
0.35,OldGuard5,1,504,756,-6.8077,-0.1354,11,54.55,32.3649,false
0.40,OldGuard5,1,504,756,-13.2394,-0.4912,11,54.55,37.0328,false
0.45,OldGuard5,1,504,756,-13.2394,-0.4912,11,54.55,37.0328,false
0.50,OldGuard5,1,504,756,-13.5042,-0.4833,10,50.00,37.0328,false
0.55,OldGuard5,1,504,756,-13.5042,-0.4833,10,50.00,37.0328,false
0.60,OldGuard5,1,504,756,-8.6507,-0.2051,9,55.56,33.4995,false
0.65,OldGuard5,1,504,756,-8.6507,-0.2051,9,55.56,33.4995,false
0.70,OldGuard5,1,504,756,-0.8004,0.1955,8,62.50,27.7847,false
0.75,OldGuard5,1,504,756,-5.8692,-0.0210,8,62.50,31.4747,false
0.80,OldGuard5,1,504,756,-22.1114,-0.9734,8,50.00,31.4747,false
0.85,OldGuard5,1,504,756,-22.1114,-0.9734,8,50.00,31.4747,false
0.90,OldGuard5,1,504,756,-34.5774,-1.7717,8,37.50,42.4420,false
0.95,OldGuard5,1,504,756,-26.6448,-0.9070,8,37.50,42.4420,false
1.00,OldGuard5,1,504,756,-26.6448,-0.9070,8,37.50,42.4420,false
1.05,OldGuard5,1,504,756,-38.1130,-2.1918,8,37.50,42.4420,false
1.10,OldGuard5,1,504,756,-38.1130,-2.1918,8,37.50,42.4420,false
1.15,OldGuard5,1,504,756,-22.4257,-1.5454,7,42.86,27.8521,false
1.20,OldGuard5,1,504,756,-24.8299,-1.8047,7,28.57,27.3764,false
1.25,OldGuard5,1,504,756,-15.4421,-0.5184,6,33.33,21.4694,false
1.30,OldGuard5,1,504,756,-15.4421,-0.5184,6,33.33,21.4694,false
1.35,OldGuard5,1,504,756,-3.7814,-0.0784,4,25.00,19.4167,false
1.40,OldGuard5,1,504,756,-3.7814,-0.0784,4,25.00,19.4167,false
1.45,OldGuard5,1,504,756,-3.7814,-0.0784,4,25.00,19.4167,false
1.50,OldGuard5,1,504,756,21.4733,1.1899,4,50.00,5.7119,true
1.55,OldGuard5,1,504,756,-16.0852,-0.8514,4,25.00,16.2143,false
1.60,OldGuard5,1,504,756,-16.0852,-0.8514,4,25.00,16.2143,false
1.65,OldGuard5,1,504,756,-26.3710,-2.0230,3,0.00,26.3710,false
1.70,OldGuard5,1,504,756,-26.3710,-2.0230,3,0.00,26.3710,false
1.75,OldGuard5,1,504,756,-26.3710,-2.0230,3,0.00,26.3710,false
1.80,OldGuard5,1,504,756,-26.3710,-2.0230,3,0.00,26.3710,false
1.85,OldGuard5,1,504,756,-26.3710,-2.0230,3,0.00,26.3710,false
1.90,OldGuard5,1,504,756,-26.3710,-2.0230,3,0.00,26.3710,false
1.95,OldGuard5,1,504,756,-26.3710,-2.0230,3,0.00,26.3710,false
2.00,OldGuard5,1,504,756,-20.1422,-1.5094,3,33.33,20.1422,false
0.00,OldGuard5,2,756,1008,266.9152,2.6305,12,66.67,12.4100,true
0.05,OldGuard5,2,756,1008,281.1080,2.6843,12,66.67,12.4100,true
0.10,OldGuard5,2,756,1008,318.3142,2.8246,12,75.00,12.4100,true
0.15,OldGuard5,2,756,1008,318.3142,2.8246,12,75.00,12.4100,true
0.20,OldGuard5,2,756,1008,256.5197,2.5596,12,66.67,12.4100,true
0.25,OldGuard5,2,756,1008,307.0326,2.6612,11,72.73,11.5943,true
0.30,OldGuard5,2,756,1008,307.0326,2.6612,11,72.73,11.5943,true
0.35,OldGuard5,2,756,1008,307.0326,2.6612,11,72.73,11.5943,true
0.40,OldGuard5,2,756,1008,344.5916,2.7850,11,72.73,11.5943,true
0.45,OldGuard5,2,756,1008,520.2447,3.0099,10,70.00,11.5943,true
0.50,OldGuard5,2,756,1008,520.2447,3.0099,10,70.00,11.5943,true
0.55,OldGuard5,2,756,1008,368.4764,2.9333,10,60.00,11.5943,true
0.60,OldGuard5,2,756,1008,368.4764,2.9333,10,60.00,11.5943,true
0.65,OldGuard5,2,756,1008,368.4764,2.9333,10,60.00,11.5943,true
0.70,OldGuard5,2,756,1008,368.4764,2.9333,10,60.00,11.5943,true
0.75,OldGuard5,2,756,1008,245.0111,2.3940,10,50.00,16.3752,true
0.80,OldGuard5,2,756,1008,240.4929,2.3749,10,50.00,16.3752,true
0.85,OldGuard5,2,756,1008,240.4929,2.3749,10,50.00,16.3752,true
0.90,OldGuard5,2,756,1008,328.1180,2.3440,9,55.56,16.3752,true
0.95,OldGuard5,2,756,1008,288.4792,2.2483,8,62.50,12.7520,true
1.00,OldGuard5,2,756,1008,288.4792,2.2483,8,62.50,12.7520,true
1.05,OldGuard5,2,756,1008,288.4792,2.2483,8,62.50,12.7520,true
1.10,OldGuard5,2,756,1008,288.4792,2.2483,8,62.50,12.7520,true
1.15,OldGuard5,2,756,1008,288.4792,2.2483,8,62.50,12.7520,true
1.20,OldGuard5,2,756,1008,238.0904,2.3678,8,62.50,12.7520,true
1.25,OldGuard5,2,756,1008,238.0904,2.3678,8,62.50,12.7520,true
1.30,OldGuard5,2,756,1008,272.0048,2.4593,8,62.50,12.7520,true
1.35,OldGuard5,2,756,1008,272.0048,2.4593,8,62.50,12.7520,true
1.40,OldGuard5,2,756,1008,272.0048,2.4593,8,62.50,12.7520,true
1.45,OldGuard5,2,756,1008,272.0048,2.4593,8,62.50,12.7520,true
1.50,OldGuard5,2,756,1008,272.0048,2.4593,8,62.50,12.7520,true
1.55,OldGuard5,2,756,1008,272.0048,2.4593,8,62.50,12.7520,true
1.60,OldGuard5,2,756,1008,272.0048,2.4593,8,62.50,12.7520,true
1.65,OldGuard5,2,756,1008,272.0048,2.4593,8,62.50,12.7520,true
1.70,OldGuard5,2,756,1008,272.0048,2.4593,8,62.50,12.7520,true
1.75,OldGuard5,2,756,1008,272.0048,2.4593,8,62.50,12.7520,true
1.80,OldGuard5,2,756,1008,272.0048,2.4593,8,62.50,12.7520,true
1.85,OldGuard5,2,756,1008,138.8610,2.4008,7,71.43,12.7520,true
1.90,OldGuard5,2,756,1008,138.8610,2.4008,7,71.43,12.7520,true
1.95,OldGuard5,2,756,1008,138.8610,2.4008,7,71.43,12.7520,true
2.00,OldGuard5,2,756,1008,69.7946,1.7319,6,66.67,12.7520,true
0.00,OldGuard5,3,1008,1260,278.2498,5.0427,18,61.11,51.9942,true
0.05,OldGuard5,3,1008,1260,216.8459,4.6374,18,61.11,51.9942,true
0.10,OldGuard5,3,1008,1260,269.7495,3.9710,16,62.50,45.6021,true
0.15,OldGuard5,3,1008,1260,194.9674,3.4879,16,62.50,57.6365,true
0.20,OldGuard5,3,1008,1260,194.9674,3.4879,16,62.50,57.6365,true
0.25,OldGuard5,3,1008,1260,194.9674,3.4879,16,62.50,57.6365,true
0.30,OldGuard5,3,1008,1260,194.9674,3.4879,16,62.50,57.6365,true
0.35,OldGuard5,3,1008,1260,162.3050,2.9864,16,56.25,57.6365,true
0.40,OldGuard5,3,1008,1260,198.5274,3.1115,15,60.00,57.6365,true
0.45,OldGuard5,3,1008,1260,27.4461,1.6240,15,46.67,68.1081,true
0.50,OldGuard5,3,1008,1260,-1.7569,1.1062,15,46.67,64.3514,false
0.55,OldGuard5,3,1008,1260,-1.7569,1.1062,15,46.67,64.3514,false
0.60,OldGuard5,3,1008,1260,-4.3616,1.0484,15,46.67,64.3514,false
0.65,OldGuard5,3,1008,1260,-4.3616,1.0484,15,46.67,64.3514,false
0.70,OldGuard5,3,1008,1260,44.3099,1.7164,15,53.33,58.7829,true
0.75,OldGuard5,3,1008,1260,31.2797,1.5146,15,53.33,58.7829,true
0.80,OldGuard5,3,1008,1260,31.2797,1.5146,15,53.33,58.7829,true
0.85,OldGuard5,3,1008,1260,-8.1312,0.7419,14,50.00,51.7814,false
0.90,OldGuard5,3,1008,1260,26.4198,1.2922,13,61.54,38.5956,true
0.95,OldGuard5,3,1008,1260,49.0844,1.6369,12,66.67,32.0738,true
1.00,OldGuard5,3,1008,1260,49.0844,1.6369,12,66.67,32.0738,true
1.05,OldGuard5,3,1008,1260,49.0844,1.6369,12,66.67,32.0738,true
1.10,OldGuard5,3,1008,1260,49.0844,1.6369,12,66.67,32.0738,true
1.15,OldGuard5,3,1008,1260,328.2630,3.6218,10,80.00,11.0848,true
1.20,OldGuard5,3,1008,1260,275.5762,3.7123,9,88.89,5.9608,true
1.25,OldGuard5,3,1008,1260,245.8206,3.5374,9,88.89,5.9608,true
1.30,OldGuard5,3,1008,1260,245.8206,3.5374,9,88.89,5.9608,true
1.35,OldGuard5,3,1008,1260,245.8206,3.5374,9,88.89,5.9608,true
1.40,OldGuard5,3,1008,1260,245.8206,3.5374,9,88.89,5.9608,true
1.45,OldGuard5,3,1008,1260,193.5013,3.0516,8,87.50,5.9608,true
1.50,OldGuard5,3,1008,1260,193.5013,3.0516,8,87.50,5.9608,true
1.55,OldGuard5,3,1008,1260,132.6475,3.5920,7,100.00,0.0000,true
1.60,OldGuard5,3,1008,1260,86.1151,2.9313,6,100.00,0.0000,true
1.65,OldGuard5,3,1008,1260,164.4603,2.8558,6,100.00,0.0000,true
1.70,OldGuard5,3,1008,1260,164.4603,2.8558,6,100.00,0.0000,true
1.75,OldGuard5,3,1008,1260,154.5579,2.6589,5,100.00,0.0000,true
1.80,OldGuard5,3,1008,1260,78.5855,2.6636,5,100.00,0.0000,true
1.85,OldGuard5,3,1008,1260,78.5855,2.6636,5,100.00,0.0000,true
1.90,OldGuard5,3,1008,1260,96.2996,2.6559,5,100.00,0.0000,true
1.95,OldGuard5,3,1008,1260,96.2996,2.6559,5,100.00,0.0000,true
2.00,OldGuard5,3,1008,1260,96.2996,2.6559,5,100.00,0.0000,true
0.00,OldGuard5,4,1260,1512,87.3975,2.4560,11,63.64,14.8356,true
0.05,OldGuard5,4,1260,1512,94.7211,2.5726,11,63.64,14.8356,true
0.10,OldGuard5,4,1260,1512,46.0093,1.6199,11,54.55,28.4603,true
0.15,OldGuard5,4,1260,1512,40.8514,1.4878,11,54.55,28.4603,true
0.20,OldGuard5,4,1260,1512,40.8514,1.4878,11,54.55,28.4603,true
0.25,OldGuard5,4,1260,1512,19.7513,1.0018,11,54.55,28.4603,true
0.30,OldGuard5,4,1260,1512,18.4145,0.9614,11,54.55,28.4603,true
0.35,OldGuard5,4,1260,1512,25.3911,1.1360,10,60.00,28.4603,true
0.40,OldGuard5,4,1260,1512,10.6694,0.6765,8,62.50,28.4603,true
0.45,OldGuard5,4,1260,1512,10.6694,0.6765,8,62.50,28.4603,true
0.50,OldGuard5,4,1260,1512,10.6694,0.6765,8,62.50,28.4603,true
0.55,OldGuard5,4,1260,1512,10.6694,0.6765,8,62.50,28.4603,true
0.60,OldGuard5,4,1260,1512,3.0417,0.3915,8,50.00,28.4603,true
0.65,OldGuard5,4,1260,1512,3.0417,0.3915,8,50.00,28.4603,true
0.70,OldGuard5,4,1260,1512,20.7755,1.0623,7,57.14,16.1481,true
0.75,OldGuard5,4,1260,1512,-33.3435,-0.9981,8,37.50,46.3724,false
0.80,OldGuard5,4,1260,1512,-19.0907,-0.3640,8,50.00,34.9055,false
0.85,OldGuard5,4,1260,1512,21.3712,1.0152,6,66.67,16.1481,true
0.90,OldGuard5,4,1260,1512,17.0747,0.9025,6,66.67,16.1481,true
0.95,OldGuard5,4,1260,1512,17.0747,0.9025,6,66.67,16.1481,true
1.00,OldGuard5,4,1260,1512,17.0747,0.9025,6,66.67,16.1481,true
1.05,OldGuard5,4,1260,1512,17.0747,0.9025,6,66.67,16.1481,true
1.10,OldGuard5,4,1260,1512,16.6907,0.8914,6,66.67,16.1481,true
1.15,OldGuard5,4,1260,1512,16.6907,0.8914,6,66.67,16.1481,true
1.20,OldGuard5,4,1260,1512,16.6907,0.8914,6,66.67,16.1481,true
1.25,OldGuard5,4,1260,1512,3.4685,0.3757,6,66.67,16.1481,true
1.30,OldGuard5,4,1260,1512,3.4685,0.3757,6,66.67,16.1481,true
1.35,OldGuard5,4,1260,1512,3.4685,0.3757,6,66.67,16.1481,true
1.40,OldGuard5,4,1260,1512,-9.0925,-0.3024,6,50.00,17.2437,false
1.45,OldGuard5,4,1260,1512,-21.7719,-1.3925,5,40.00,28.7862,false
1.50,OldGuard5,4,1260,1512,-21.7719,-1.3925,5,40.00,28.7862,false
1.55,OldGuard5,4,1260,1512,-19.2798,-1.1697,4,50.00,26.5176,false
1.60,OldGuard5,4,1260,1512,-22.3395,-1.3960,3,33.33,26.5176,false
1.65,OldGuard5,4,1260,1512,-22.3395,-1.3960,3,33.33,26.5176,false
1.70,OldGuard5,4,1260,1512,-22.3395,-1.3960,3,33.33,26.5176,false
1.75,OldGuard5,4,1260,1512,-22.3395,-1.3960,3,33.33,26.5176,false
1.80,OldGuard5,4,1260,1512,-22.3395,-1.3960,3,33.33,26.5176,false
1.85,OldGuard5,4,1260,1512,-22.3395,-1.3960,3,33.33,26.5176,false
1.90,OldGuard5,4,1260,1512,-22.3395,-1.3960,3,33.33,26.5176,false
1.95,OldGuard5,4,1260,1512,-24.2625,-1.4077,3,33.33,28.3372,false
2.00,OldGuard5,4,1260,1512,-7.3836,-0.6200,2,50.00,12.3664,false
0.00,OldGuard5,5,1512,1764,3.0455,0.4566,14,42.86,23.9189,true
0.05,OldGuard5,5,1512,1764,-1.8233,0.2532,14,42.86,25.2740,false
0.10,OldGuard5,5,1512,1764,-11.9734,-0.1689,14,42.86,32.9996,false
0.15,OldGuard5,5,1512,1764,-5.6016,0.1046,13,46.15,31.7846,false
0.20,OldGuard5,5,1512,1764,-5.6016,0.1046,13,46.15,31.7846,false
0.25,OldGuard5,5,1512,1764,-12.6060,-0.1693,12,41.67,33.4812,false
0.30,OldGuard5,5,1512,1764,-16.0749,-0.3028,12,41.67,36.1215,false
0.35,OldGuard5,5,1512,1764,-30.9273,-0.7327,12,33.33,41.4238,false
0.40,OldGuard5,5,1512,1764,-23.3872,-0.4339,11,36.36,41.4238,false
0.45,OldGuard5,5,1512,1764,-33.7604,-0.7825,11,36.36,49.3549,false
0.50,OldGuard5,5,1512,1764,-33.7604,-0.7825,11,36.36,49.3549,false
0.55,OldGuard5,5,1512,1764,-33.7604,-0.7825,11,36.36,49.3549,false
0.60,OldGuard5,5,1512,1764,-33.7604,-0.7825,11,36.36,49.3549,false
0.65,OldGuard5,5,1512,1764,-7.4570,0.1176,9,44.44,38.3614,false
0.70,OldGuard5,5,1512,1764,5.1965,0.4919,8,50.00,29.9334,true
0.75,OldGuard5,5,1512,1764,19.4381,0.8698,7,42.86,20.4478,true
0.80,OldGuard5,5,1512,1764,49.0107,1.6844,6,50.00,8.3111,true
0.85,OldGuard5,5,1512,1764,49.8250,1.6458,5,60.00,7.8101,true
0.90,OldGuard5,5,1512,1764,49.8250,1.6458,5,60.00,7.8101,true
0.95,OldGuard5,5,1512,1764,37.7164,1.6352,5,80.00,7.8101,true
1.00,OldGuard5,5,1512,1764,37.7164,1.6352,5,80.00,7.8101,true
1.05,OldGuard5,5,1512,1764,37.7164,1.6352,5,80.00,7.8101,true
1.10,OldGuard5,5,1512,1764,37.7164,1.6352,5,80.00,7.8101,true
1.15,OldGuard5,5,1512,1764,37.7164,1.6352,5,80.00,7.8101,true
1.20,OldGuard5,5,1512,1764,49.3833,2.0125,4,100.00,0.0000,true
1.25,OldGuard5,5,1512,1764,24.8652,2.4182,4,100.00,0.0000,true
1.30,OldGuard5,5,1512,1764,24.8652,2.4182,4,100.00,0.0000,true
1.35,OldGuard5,5,1512,1764,23.5209,2.2715,3,100.00,0.0000,true
1.40,OldGuard5,5,1512,1764,5.1782,0.6138,3,66.67,7.7540,true
1.45,OldGuard5,5,1512,1764,5.1782,0.6138,3,66.67,7.7540,true
1.50,OldGuard5,5,1512,1764,5.1782,0.6138,3,66.67,7.7540,true
1.55,OldGuard5,5,1512,1764,5.1782,0.6138,3,66.67,7.7540,true
1.60,OldGuard5,5,1512,1764,5.1782,0.6138,3,66.67,7.7540,true
1.65,OldGuard5,5,1512,1764,5.1782,0.6138,3,66.67,7.7540,true
1.70,OldGuard5,5,1512,1764,5.1782,0.6138,3,66.67,7.7540,true
1.75,OldGuard5,5,1512,1764,5.1782,0.6138,3,66.67,7.7540,true
1.80,OldGuard5,5,1512,1764,-16.5523,-1.2061,3,33.33,16.5523,false
1.85,OldGuard5,5,1512,1764,-16.5523,-1.2061,3,33.33,16.5523,false
1.90,OldGuard5,5,1512,1764,-2.0899,-0.2069,2,50.00,7.7540,false
1.95,OldGuard5,5,1512,1764,-2.0899,-0.2069,2,50.00,7.7540,false
2.00,OldGuard5,5,1512,1764,-2.0899,-0.2069,2,50.00,7.7540,false