universe,window,bar_idx,equity
0,0,0,1.000000
0,0,1,1.000000
0,0,2,1.000000
0,0,3,1.000000
0,0,4,1.016190
0,0,5,1.098387
0,0,6,1.156298
0,0,7,1.156298
0,0,8,1.156298
0,0,9,1.156298
0,0,10,1.156298
0,0,11,1.156298
0,0,12,1.156298
0,0,13,1.156298
0,0,14,1.156298
0,0,15,1.156298
0,0,16,1.156298
0,0,17,1.156298
0,0,18,1.156298
0,0,19,1.156298
0,0,20,1.156298
0,0,21,1.156298
0,0,22,1.156298
0,0,23,1.156298
0,0,24,1.156298
0,0,25,1.156298
0,0,26,1.156298
0,0,27,1.156298
0,0,28,1.156298
0,0,29,1.041041
0,0,30,0.799551
0,0,31,0.697101
0,0,32,0.697101
0,0,33,0.697101
0,0,34,0.697101
0,0,35,0.697101
0,0,36,0.697101
0,0,37,0.697101
0,0,38,0.697101
0,0,39,0.697101
0,0,40,0.697101
0,0,41,0.697101
0,0,42,0.697101
0,0,43,0.697101
0,0,44,0.697101
0,0,45,0.697101
0,0,46,0.697101
0,0,47,0.697101
0,0,48,0.697101
0,0,49,0.697101
0,0,50,0.697101
0,0,51,0.697101
0,0,52,0.697101
0,0,53,0.697101
0,0,54,0.697101
0,0,55,0.697101
0,0,56,0.697101
0,0,57,0.697101
0,0,58,0.697101
0,0,59,0.697101
0,0,60,0.697101
0,0,61,0.697101
0,0,62,0.697101
0,0,63,0.697101
0,0,64,0.697101
0,0,65,0.697101
0,0,66,0.697101
0,0,67,0.697101
0,0,68,0.697101
0,0,69,0.697101
0,0,70,0.697101
0,0,71,0.697101
0,0,72,0.697101
0,0,73,0.697101
0,0,74,0.697101
0,0,75,0.697101
0,0,76,0.697101
0,0,77,0.697101
0,0,78,0.697101
0,0,79,0.697101
0,0,80,0.697101
0,0,81,0.697101
0,0,82,0.697101
0,0,83,0.697101
0,0,84,0.697101
0,0,85,0.697101
0,0,86,0.697101
0,0,87,0.697101
0,0,88,0.697101
0,0,89,0.697101
0,0,90,0.697101
0,0,91,0.697101
0,0,92,0.697101
0,0,93,0.697101
0,0,94,0.661369
0,0,95,0.618097
0,0,96,0.614819
0,0,97,0.614819
0,0,98,0.614819
0,0,99,0.614819
0,0,100,0.614819
0,0,101,0.614819
0,0,102,0.614819
0,0,103,0.614819
0,0,104,0.614819
0,0,105,0.590836
0,0,106,0.533279
0,0,107,0.505372
0,0,108,0.505372
0,0,109,0.505372
0,0,110,0.505372
0,0,111,0.505372
0,0,112,0.505372
0,0,113,0.505372
0,0,114,0.505372
0,0,115,0.505372
0,0,116,0.505372
0,0,117,0.505372
0,0,118,0.505372
0,0,119,0.505372
0,0,120,0.505372
0,0,121,0.505372
0,0,122,0.502921
0,0,123,0.494833
0,0,124,0.489993
0,0,125,0.489993
0,0,126,0.489993
0,0,127,0.489993
0,0,128,0.489993
0,0,129,0.489993
0,0,130,0.489993
0,0,131,0.489993
0,0,132,0.489993
0,0,133,0.489993
0,0,134,0.644608
0,0,135,0.817567
0,0,136,1.304261
0,0,137,1.748887
0,0,138,1.748887
0,0,139,1.748887
0,0,140,1.748887
0,0,141,1.748887
0,0,142,1.748887
0,0,143,1.748887
0,0,144,1.748887
0,0,145,1.748887
0,0,146,1.748887
0,0,147,1.748887
0,0,148,1.748887
0,0,149,1.748887
0,0,150,1.748887
0,0,151,1.748887
0,0,152,1.748887
0,0,153,1.748887
0,0,154,1.748887
0,0,155,1.748887
0,0,156,1.748887
0,0,157,1.748887
0,0,158,1.748887
0,0,159,1.748887
0,0,160,1.748887
0,0,161,1.748887
0,0,162,1.748887
0,0,163,1.748887
0,0,164,1.748887
0,0,165,1.748887
0,0,166,1.748887
0,0,167,1.748887
0,0,168,1.748887
0,0,169,1.748887
0,0,170,1.748887
0,0,171,1.748887
0,0,172,1.748887
0,0,173,1.748887
0,0,174,1.598546
0,0,175,1.453354
0,0,176,1.479707
0,0,177,1.501867
0,0,178,1.501867
0,0,179,1.501867
0,0,180,1.501867
0,0,181,1.501867
0,0,182,1.501867
0,0,183,1.501867
0,0,184,1.501867
0,0,185,1.501867
0,0,186,1.501867
0,0,187,1.501867
0,0,188,1.501867
0,0,189,1.501867
0,0,190,1.501867
0,0,191,1.501867
0,0,192,1.501867
0,0,193,1.501867
0,0,194,1.501867
0,0,195,1.501867
0,0,196,1.501867
0,0,197,1.501867
0,0,198,1.501867
0,0,199,1.501867
0,0,200,1.474949
0,0,201,1.395989
0,0,202,1.351724
0,0,203,1.351724
0,0,204,1.392151
0,0,205,1.467312
0,0,206,1.494643
0,0,207,1.494643
0,0,208,1.494643
0,0,209,1.494643
0,0,210,1.494643
0,0,211,1.494643
0,0,212,1.494643
0,0,213,1.494643
0,0,214,1.494643
0,0,215,1.494643
0,0,216,1.494643
0,0,217,1.494643
0,0,218,1.494643
0,0,219,1.494643
0,0,220,1.494643
0,0,221,1.494643
0,0,222,1.494643
0,0,223,1.494643
0,0,224,1.494643
0,0,225,1.494643
0,0,226,1.494643
0,0,227,1.494643
0,0,228,1.494643
0,0,229,1.494643
0,0,230,1.494643
0,0,231,1.494643
0,0,232,1.494643
0,0,233,1.494643
0,0,234,1.494643
0,0,235,1.494643
0,0,236,1.494643
0,0,237,1.494643
0,0,238,1.494643
0,0,239,1.494643
0,0,240,1.494643
0,0,241,1.494643
0,0,242,1.494643
0,0,243,1.494643
0,0,244,1.494643
0,0,245,1.494643
0,0,246,1.494643
0,0,247,1.494643
0,0,248,1.494643
0,0,249,1.494643
0,0,250,1.363668
0,0,251,1.218385
1,0,0,1.000000
1,0,1,1.020862
1,0,2,1.038787
1,0,3,1.038787
1,0,4,1.038787
1,0,5,1.038787
1,0,6,1.038787
1,0,7,1.038787
1,0,8,1.038787
1,0,9,1.038787
1,0,10,1.038787
1,0,11,1.038787
1,0,12,1.038787
1,0,13,1.038787
1,0,14,1.038787
1,0,15,1.038787
1,0,16,1.038787
1,0,17,1.038787
1,0,18,1.038787
1,0,19,1.038787
1,0,20,1.038787
1,0,21,1.038787
1,0,22,1.038787
1,0,23,1.038787
1,0,24,1.038787
1,0,25,1.038787
1,0,26,1.038787
1,0,27,1.038787
1,0,28,1.038787
1,0,29,1.038787
1,0,30,1.038787
1,0,31,1.038787
1,0,32,1.038787
1,0,33,1.038787
1,0,34,1.038787
1,0,35,1.038787
1,0,36,1.038787
1,0,37,1.038787
1,0,38,1.038787
1,0,39,1.038787
1,0,40,1.038787
1,0,41,1.038787
1,0,42,1.038787
1,0,43,1.038787
1,0,44,1.038787
1,0,45,1.038787
1,0,46,1.038787
1,0,47,1.038787
1,0,48,1.038787
1,0,49,1.038787
1,0,50,1.038787
1,0,51,1.038787
1,0,52,1.038787
1,0,53,1.038787
1,0,54,1.038787
1,0,55,1.038787
1,0,56,1.038787
1,0,57,1.038787
1,0,58,1.006156
1,0,59,0.916254
1,0,60,0.871636
1,0,61,0.871636
1,0,62,0.871636
1,0,63,0.871636
1,0,64,0.871636
1,0,65,0.871636
1,0,66,0.871636
1,0,67,0.871636
1,0,68,0.871636
1,0,69,0.871636
1,0,70,0.871636
1,0,71,0.871636
1,0,72,0.871636
1,0,73,0.871636
1,0,74,0.871636
1,0,75,0.871636
1,0,76,0.871636
1,0,77,0.871636
1,0,78,0.871636
1,0,79,0.871636
1,0,80,0.871636
1,0,81,0.871636
1,0,82,0.871636
1,0,83,0.871636
1,0,84,0.871636
1,0,85,0.871636
1,0,86,0.871636
1,0,87,0.871636
1,0,88,0.871636
1,0,89,0.871636
1,0,90,0.962921
1,0,91,1.083739
1,0,92,1.096269
1,0,93,1.096269
1,0,94,1.096269
1,0,95,1.096269
1,0,96,1.096269
1,0,97,1.096269
1,0,98,1.096269
1,0,99,1.096269
1,0,100,1.096269
1,0,101,1.096269
1,0,102,1.096269
1,0,103,1.096269
1,0,104,1.096269
1,0,105,1.096269
1,0,106,1.092158
1,0,107,0.907164
1,0,108,0.752317
1,0,109,0.752317
1,0,110,0.752317
1,0,111,0.752317
1,0,112,0.752317
1,0,113,0.752317
1,0,114,0.736893
1,0,115,0.710536
1,0,116,0.703312
1,0,117,0.703312
1,0,118,0.703312
1,0,119,0.703312
1,0,120,0.703312
1,0,121,0.703312
1,0,122,0.703312
1,0,123,0.703312
1,0,124,0.703312
1,0,125,0.703312
1,0,126,0.703312
1,0,127,0.703312
1,0,128,0.703312
1,0,129,0.703312
1,0,130,0.703312
1,0,131,0.703312
1,0,132,0.703312
1,0,133,0.703312
1,0,134,0.703312
1,0,135,0.703312
1,0,136,0.703312
1,0,137,0.703312
1,0,138,0.703312
1,0,139,0.703312
1,0,140,0.703312
1,0,141,0.703312
1,0,142,0.703312
1,0,143,0.703312
1,0,144,0.703312
1,0,145,0.703312
1,0,146,0.703312
1,0,147,0.703312
1,0,148,0.703312
1,0,149,0.703312
1,0,150,0.703312
1,0,151,0.703312
1,0,152,0.703312
1,0,153,0.703312
1,0,154,0.703312
1,0,155,0.703312
1,0,156,0.703312
1,0,157,0.703312
1,0,158,0.703312
1,0,159,0.703312
1,0,160,0.703312
1,0,161,0.703312
1,0,162,0.703312
1,0,163,0.703312
1,0,164,0.703094
1,0,165,0.702529
1,0,166,0.702261
1,0,167,0.702261
1,0,168,0.702261
1,0,169,0.702261
1,0,170,0.702261
1,0,171,0.702261
1,0,172,1.645007
1,0,173,2.550927
1,0,174,2.550927
1,0,175,2.550927
1,0,176,2.550927
1,0,177,2.550927
1,0,178,2.550927
1,0,179,2.550927
1,0,180,2.550927
1,0,181,2.550927
1,0,182,2.550927
1,0,183,2.550927
1,0,184,2.550927
1,0,185,2.550927
1,0,186,2.550927
1,0,187,2.550927
1,0,188,2.550927
1,0,189,2.550927
1,0,190,2.504693
1,0,191,2.374661
1,0,192,2.309163
1,0,193,2.309163
1,0,194,2.309163
1,0,195,2.309163
1,0,196,2.309163
1,0,197,2.309163
1,0,198,2.309163
1,0,199,2.309163
1,0,200,2.309163
1,0,201,2.309163
1,0,202,2.309163
1,0,203,2.309163
1,0,204,2.309163
1,0,205,2.309163
1,0,206,2.309163
1,0,207,2.309163
1,0,208,2.309163
1,0,209,2.309163
1,0,210,2.309163
1,0,211,2.309163
1,0,212,2.309163
1,0,213,2.309163
1,0,214,2.309163
1,0,215,2.309163
1,0,216,2.309163
1,0,217,2.309163
1,0,218,2.309163
1,0,219,2.309163
1,0,220,2.309163
1,0,221,2.309163
1,0,222,2.309163
1,0,223,2.309163
1,0,224,2.309163
1,0,225,2.309163
1,0,226,2.309163
1,0,227,2.334902
1,0,228,2.485979
1,0,229,2.590055
1,0,230,2.590055
1,0,231,2.590055
1,0,232,2.590055
1,0,233,2.590055
1,0,234,2.590055
1,0,235,2.590055
1,0,236,2.590055
1,0,237,2.590055
1,0,238,2.590055
1,0,239,2.590055
1,0,240,2.590055
1,0,241,2.590055
1,0,242,2.590055
1,0,243,2.590055
1,0,244,2.621074
1,0,245,2.692051
1,0,246,2.722019
1,0,247,2.722019
1,0,248,2.646530
1,0,249,2.541469
1,0,250,2.526682
1,0,251,2.526682
2,0,0,1.000000
2,0,1,1.000000
2,0,2,1.000000
2,0,3,1.000000
2,0,4,1.000000
2,0,5,1.000000
2,0,6,1.000000
2,0,7,1.000000
2,0,8,1.000000
2,0,9,1.000000
2,0,10,1.000000
2,0,11,1.000000
2,0,12,1.000000
2,0,13,1.000000
2,0,14,1.000000
2,0,15,1.046790
2,0,16,1.183176
2,0,17,1.249876
2,0,18,1.249876
2,0,19,1.249876
2,0,20,1.249876
2,0,21,1.249876
2,0,22,1.249876
2,0,23,1.249876
2,0,24,1.249876
2,0,25,1.249876
2,0,26,1.249876
2,0,27,1.249876
2,0,28,1.249876
2,0,29,1.249876
2,0,30,1.249876
2,0,31,1.249876
2,0,32,1.249876
2,0,33,1.249876
2,0,34,1.249876
2,0,35,1.249876
2,0,36,1.249876
2,0,37,1.249876
2,0,38,1.249876
2,0,39,1.249876
2,0,40,1.249876
2,0,41,1.249876
2,0,42,1.249876
2,0,43,1.249876
2,0,44,1.247715
2,0,45,1.173688
2,0,46,1.114251
2,0,47,1.114251
2,0,48,1.114251
2,0,49,1.114251
2,0,50,1.156826
2,0,51,1.236726
2,0,52,1.260638
2,0,53,1.260638
2,0,54,1.279253
2,0,55,1.299902
2,0,56,1.299902
2,0,57,1.299902
2,0,58,1.299902
2,0,59,1.299902
2,0,60,1.299902
2,0,61,1.299902
2,0,62,1.299902
2,0,63,1.299902
2,0,64,1.299902
2,0,65,1.299902
2,0,66,1.299902
2,0,67,1.299902
2,0,68,1.299902
2,0,69,1.299902
2,0,70,1.287590
2,0,71,1.255152
2,0,72,1.240472
2,0,73,1.240472
2,0,74,1.240472
2,0,75,1.240472
2,0,76,1.240472
2,0,77,1.240472
2,0,78,1.240472
2,0,79,1.240472
2,0,80,1.240472
2,0,81,1.240472
2,0,82,1.240472
2,0,83,1.240472
2,0,84,1.240472
2,0,85,1.240472
2,0,86,1.240472
2,0,87,1.240472
2,0,88,1.240472
2,0,89,1.240472
2,0,90,1.240472
2,0,91,1.240472
2,0,92,1.240472
2,0,93,1.240472
2,0,94,1.240472
2,0,95,1.240472
2,0,96,1.240472
2,0,97,1.240472
2,0,98,1.240472
2,0,99,1.240472
2,0,100,1.240472
2,0,101,1.240472
2,0,102,1.240472
2,0,103,1.240472
2,0,104,1.240472
2,0,105,1.240472
2,0,106,1.240472
2,0,107,1.240472
2,0,108,1.240472
2,0,109,1.240472
2,0,110,1.240472
2,0,111,1.240472
2,0,112,1.240472
2,0,113,1.240472
2,0,114,1.240472
2,0,115,1.240472
2,0,116,1.240472
2,0,117,1.240472
2,0,118,1.240472
2,0,119,1.240472
2,0,120,1.240472
2,0,121,1.267102
2,0,122,1.598762
2,0,123,1.848113
2,0,124,1.848113
2,0,125,1.848113
2,0,126,1.848113
2,0,127,1.848113
2,0,128,1.848113
2,0,129,1.848113
2,0,130,1.848113
2,0,131,1.848113
2,0,132,1.890281
2,0,133,2.371698
2,0,134,2.730125
2,0,135,2.730125
2,0,136,2.730125
2,0,137,2.730125
2,0,138,2.730125
2,0,139,2.730125
2,0,140,2.730125
2,0,141,2.730125
2,0,142,2.730125
2,0,143,2.730125
2,0,144,2.730125
2,0,145,2.730125
2,0,146,2.730125
2,0,147,2.730125
2,0,148,2.730125
2,0,149,2.730125
2,0,150,2.730125
2,0,151,2.730125
2,0,152,2.730125
2,0,153,2.730125
2,0,154,2.730125
2,0,155,2.730125
2,0,156,2.730125
2,0,157,2.730125
2,0,158,2.730125
2,0,159,2.730125
2,0,160,3.809701
2,0,161,5.591651
2,0,162,5.994866
2,0,163,5.994866
2,0,164,5.994866
2,0,165,5.994866
2,0,166,5.994866
2,0,167,5.994866
2,0,168,5.994866
2,0,169,5.994866
2,0,170,5.994866
2,0,171,5.994866
2,0,172,5.994866
2,0,173,5.994866
2,0,174,5.994866
2,0,175,5.994866
2,0,176,5.994866
2,0,177,5.994866
2,0,178,5.994866
2,0,179,5.994866
2,0,180,5.994866
2,0,181,5.994866
2,0,182,5.994866
2,0,183,5.994866
2,0,184,5.994866
2,0,185,5.994866
2,0,186,5.994866
2,0,187,5.994866
2,0,188,5.994866
2,0,189,5.994866
2,0,190,5.994866
2,0,191,5.994866
2,0,192,5.994866
2,0,193,5.994866
2,0,194,5.994866
2,0,195,5.994866
2,0,196,5.994866
2,0,197,5.994866
2,0,198,5.994866
2,0,199,5.994866
2,0,200,5.994866
2,0,201,5.994866
2,0,202,5.994866
2,0,203,5.994866
2,0,204,5.994866
2,0,205,5.994866
2,0,206,5.994866
2,0,207,5.994866
2,0,208,5.994866
2,0,209,5.994866
2,0,210,5.994866
2,0,211,5.994866
2,0,212,5.994866
2,0,213,5.994866
2,0,214,5.994866
2,0,215,5.994866
2,0,216,5.994866
2,0,217,5.994866
2,0,218,5.994866
2,0,219,5.994866
2,0,220,5.994866
2,0,221,5.994866
2,0,222,5.994866
2,0,223,5.994866
2,0,224,5.994866
2,0,225,5.994866
2,0,226,5.994866
2,0,227,5.994866
2,0,228,5.994866
2,0,229,5.994866
2,0,230,5.994866
2,0,231,5.994866
2,0,232,5.994866
2,0,233,5.994866
2,0,234,5.994866
2,0,235,5.994866
2,0,236,5.994866
2,0,237,5.994866
2,0,238,5.994866
2,0,239,5.994866
2,0,240,5.994866
2,0,241,5.994866
2,0,242,5.994866
2,0,243,5.994866
2,0,244,6.474167
2,0,245,7.933372
2,0,246,8.668299
2,0,247,8.668299
2,0,248,8.153678
2,0,249,7.378918
2,0,250,6.512989
2,0,251,5.628666
3,0,0,1.000000
3,0,1,1.000000
3,0,2,1.000000
3,0,3,1.000000
3,0,4,1.000000
3,0,5,1.000000
3,0,6,1.000000
3,0,7,1.000000
3,0,8,1.000000
3,0,9,1.000000
3,0,10,1.000000
3,0,11,1.000000
3,0,12,1.000000
3,0,13,1.000000
3,0,14,1.000000
3,0,15,1.000000
3,0,16,1.000000
3,0,17,1.000000
3,0,18,1.000000
3,0,19,1.000000
3,0,20,0.906069
3,0,21,0.801953
3,0,22,0.715944
3,0,23,0.715944
3,0,24,0.715944
3,0,25,0.718721
3,0,26,0.724951
3,0,27,0.731182
3,0,28,0.732943
3,0,29,0.732943
3,0,30,0.732943
3,0,31,0.732943
3,0,32,0.732943
3,0,33,0.732943
3,0,34,0.732943
3,0,35,0.732943
3,0,36,0.773513
3,0,37,0.849685
3,0,38,0.925858
3,0,39,0.990475
3,0,40,1.052281
3,0,41,1.100684
3,0,42,0.986323
3,0,43,0.871963
3,0,44,0.797380
3,0,45,0.797380
3,0,46,0.797380
3,0,47,0.797380
3,0,48,0.797380
3,0,49,0.797380
3,0,50,0.797380
3,0,51,0.797380
3,0,52,0.797380
3,0,53,0.797380
3,0,54,0.797380
3,0,55,0.797380
3,0,56,0.797380
3,0,57,0.797380
3,0,58,0.797380
3,0,59,0.797380
3,0,60,0.797380
3,0,61,0.797380
3,0,62,0.797380
3,0,63,0.797380
3,0,64,0.797380
3,0,65,0.797380
3,0,66,0.797380
3,0,67,0.797380
3,0,68,0.797380
3,0,69,0.797380
3,0,70,0.797380
3,0,71,0.797380
3,0,72,0.797380
3,0,73,0.797380
3,0,74,0.797380
3,0,75,0.797380
3,0,76,0.797380
3,0,77,0.809939
3,0,78,0.830571
3,0,79,0.851202
3,0,80,0.816754
3,0,81,0.774825
3,0,82,0.726120
3,0,83,0.639658
3,0,84,0.553197
3,0,85,0.503387
3,0,86,0.503387
3,0,87,0.503387
3,0,88,0.503387
3,0,89,0.503387
3,0,90,0.503387
3,0,91,0.503387
3,0,92,0.503387
3,0,93,0.503387
3,0,94,0.503387
3,0,95,0.503387
3,0,96,0.503387
3,0,97,0.503387
3,0,98,0.503387
3,0,99,0.503387
3,0,100,0.503387
3,0,101,0.503387
3,0,102,0.503387
3,0,103,0.503387
3,0,104,0.503387
3,0,105,0.503387
3,0,106,0.503387
3,0,107,0.503387
3,0,108,0.503387
3,0,109,0.503387
3,0,110,0.503387
3,0,111,0.503387
3,0,112,0.503387
3,0,113,0.503387
3,0,114,0.503387
3,0,115,0.503387
3,0,116,0.503387
3,0,117,0.503387
3,0,118,0.503387
3,0,119,0.503387
3,0,120,0.503387
3,0,121,0.503387
3,0,122,0.503387
3,0,123,0.503387
3,0,124,0.503387
3,0,125,0.503387
3,0,126,0.503387
3,0,127,0.503387
3,0,128,0.503387
3,0,129,0.503387
3,0,130,0.503387
3,0,131,0.503387
3,0,132,0.503387
3,0,133,0.503387
3,0,134,0.503387
3,0,135,0.503387
3,0,136,0.503387
3,0,137,0.503387
3,0,138,0.503387
3,0,139,0.503387
3,0,140,0.503387
3,0,141,0.503387
3,0,142,0.507678
3,0,143,0.540568
3,0,144,0.573458
3,0,145,0.618544
3,0,146,0.681759
3,0,147,0.744974
3,0,148,0.765587
3,0,149,0.765587
3,0,150,0.765587
3,0,151,0.765587
3,0,152,0.765587
3,0,153,0.765587
3,0,154,0.765587
3,0,155,0.765587
3,0,156,0.771630
3,0,157,0.783985
3,0,158,0.796340
3,0,159,0.799294
3,0,160,0.799294
3,0,161,0.799294
3,0,162,0.799294
3,0,163,0.799294
3,0,164,0.799294
3,0,165,0.799294
3,0,166,0.799294
3,0,167,0.799294
3,0,168,0.799294
3,0,169,0.799294
3,0,170,0.799294
3,0,171,0.799294
3,0,172,0.799294
3,0,173,0.799294
3,0,174,0.799294
3,0,175,0.799294
3,0,176,0.799294
3,0,177,0.799294
3,0,178,0.799294
3,0,179,0.799294
3,0,180,0.799294
3,0,181,0.799294
3,0,182,0.799294
3,0,183,0.799294
3,0,184,0.799294
3,0,185,0.799294
3,0,186,0.799294
3,0,187,0.799294
3,0,188,0.799294
3,0,189,0.799294
3,0,190,0.799294
3,0,191,0.799294
3,0,192,0.799294
3,0,193,0.799294
3,0,194,0.791859
3,0,195,0.766522
3,0,196,0.741186
3,0,197,0.730170
3,0,198,0.730170
3,0,199,0.730170
3,0,200,0.740530
3,0,201,0.752908
3,0,202,0.763940
3,0,203,0.763940
3,0,204,0.763940
3,0,205,0.763940
3,0,206,0.763940
3,0,207,0.763940
3,0,208,0.763940
3,0,209,0.763940
3,0,210,0.763940
3,0,211,0.763940
3,0,212,0.763940
3,0,213,0.763940
3,0,214,0.763940
3,0,215,0.763940
3,0,216,0.763940
3,0,217,0.763940
3,0,218,0.763940
3,0,219,0.763940
3,0,220,0.763940
3,0,221,0.763940
3,0,222,0.763940
3,0,223,0.763940
3,0,224,0.763940
3,0,225,0.763940
3,0,226,0.763940
3,0,227,0.763940
3,0,228,0.763940
3,0,229,0.763940
3,0,230,0.763940
3,0,231,0.763940
3,0,232,0.763940
3,0,233,0.763940
3,0,234,0.763940
3,0,235,0.763940
3,0,236,0.763940
3,0,237,0.763940
3,0,238,0.763940
3,0,239,0.763940
3,0,240,0.763940
3,0,241,0.763940
3,0,242,0.763940
3,0,243,0.763940
3,0,244,0.763940
3,0,245,0.763940
3,0,246,0.763940
3,0,247,0.763940
3,0,248,0.763940
3,0,249,0.751305
3,0,250,0.733955
3,0,251,0.716605
4,0,0,1.000000
4,0,1,1.000000
4,0,2,1.000000
4,0,3,1.000000
4,0,4,1.000000
4,0,5,1.000000
4,0,6,1.000000
4,0,7,1.000000
4,0,8,1.000000
4,0,9,1.000000
4,0,10,1.000000
4,0,11,1.000000
4,0,12,1.000000
4,0,13,1.000000
4,0,14,1.000000
4,0,15,1.014732
4,0,16,1.121361
4,0,17,1.176079
4,0,18,1.176079
4,0,19,1.176079
4,0,20,1.176079
4,0,21,1.176079
4,0,22,1.176079
4,0,23,1.176079
4,0,24,1.176079
4,0,25,1.176079
4,0,26,1.176079
4,0,27,1.176079
4,0,28,1.176079
4,0,29,1.176079
4,0,30,1.176079
4,0,31,1.176079
4,0,32,1.176079
4,0,33,1.176079
4,0,34,1.176079
4,0,35,1.176079
4,0,36,1.176079
4,0,37,1.176079
4,0,38,1.176079
4,0,39,1.176079
4,0,40,1.255874
4,0,41,1.472461
4,0,42,1.570229
4,0,43,1.617777
4,0,44,1.617777
4,0,45,1.617777
4,0,46,1.617777
4,0,47,1.617777
4,0,48,1.617777
4,0,49,1.617777
4,0,50,1.617777
4,0,51,1.617777
4,0,52,1.617777
4,0,53,1.617777
4,0,54,1.617777
4,0,55,1.617777
4,0,56,1.617777
4,0,57,1.617777
4,0,58,1.617777
4,0,59,1.617777
4,0,60,1.617777
4,0,61,1.617777
4,0,62,1.617777
4,0,63,1.617777
4,0,64,1.617777
4,0,65,1.617777
4,0,66,1.617777
4,0,67,1.617777
4,0,68,1.617777
4,0,69,1.617777
4,0,70,1.720155
4,0,71,1.878945
4,0,72,1.996520
4,0,73,2.073693
4,0,74,2.073693
4,0,75,2.073693
4,0,76,2.073693
4,0,77,2.073693
4,0,78,2.073693
4,0,79,2.073693
4,0,80,2.073693
4,0,81,2.073693
4,0,82,2.073693
4,0,83,2.065454
4,0,84,2.046481
4,0,85,2.042362
4,0,86,2.042362
4,0,87,2.042362
4,0,88,2.042362
4,0,89,2.042362
4,0,90,2.042362
4,0,91,2.042362
4,0,92,2.042362
4,0,93,2.042362
4,0,94,2.042362
4,0,95,2.042362
4,0,96,2.042362
4,0,97,2.042362
4,0,98,2.042362
4,0,99,2.042362
4,0,100,2.042362
4,0,101,2.042362
4,0,102,2.042362
4,0,103,2.042362
4,0,104,2.042362
4,0,105,2.042362
4,0,106,2.042362
4,0,107,2.042362
4,0,108,2.042362
4,0,109,2.042362
4,0,110,2.042362
4,0,111,2.042362
4,0,112,2.042362
4,0,113,2.042362
4,0,114,2.042362
4,0,115,2.042362
4,0,116,2.042362
4,0,117,2.042362
4,0,118,2.042362
4,0,119,2.042362
4,0,120,2.042362
4,0,121,2.042362
4,0,122,2.042362
4,0,123,2.042362
4,0,124,2.042362
4,0,125,2.042362
4,0,126,2.042362
4,0,127,2.042362
4,0,128,2.042362
4,0,129,2.042362
4,0,130,2.042362
4,0,131,2.042362
4,0,132,2.042362
4,0,133,2.042362
4,0,134,2.042362
4,0,135,2.042362
4,0,136,2.042362
4,0,137,2.042362
4,0,138,2.042362
4,0,139,2.042362
4,0,140,2.042362
4,0,141,2.042362
4,0,142,2.042362
4,0,143,2.042362
4,0,144,2.042362
4,0,145,2.042362
4,0,146,2.042362
4,0,147,2.042362
4,0,148,2.042362
4,0,149,2.042362
4,0,150,2.042362
4,0,151,2.042362
4,0,152,2.042362
4,0,153,2.042362
4,0,154,2.042362
4,0,155,2.042362
4,0,156,2.042362
4,0,157,2.042362
4,0,158,2.042362
4,0,159,2.042362
4,0,160,2.042362
4,0,161,2.042362
4,0,162,2.042362
4,0,163,2.042362
4,0,164,2.042362
4,0,165,2.042362
4,0,166,2.042362
4,0,167,2.042362
4,0,168,2.042362
4,0,169,1.977426
4,0,170,1.862654
4,0,171,1.852838
4,0,172,1.852838
4,0,173,1.852838
4,0,174,1.852838
4,0,175,1.852838
4,0,176,1.852838
4,0,177,1.852838
4,0,178,1.852838
4,0,179,1.852838
4,0,180,1.852838
4,0,181,1.852838
4,0,182,1.852838
4,0,183,1.852838
4,0,184,1.852838
4,0,185,1.852838
4,0,186,1.852838
4,0,187,1.852838
4,0,188,1.852838
4,0,189,1.852838
4,0,190,1.852838
4,0,191,1.852838
4,0,192,1.852838
4,0,193,1.852838
4,0,194,1.852838
4,0,195,1.852838
4,0,196,1.852838
4,0,197,1.852838
4,0,198,1.852838
4,0,199,1.852838
4,0,200,1.852838
4,0,201,1.852838
4,0,202,1.852838
4,0,203,1.852838
4,0,204,1.852838
4,0,205,1.852838
4,0,206,1.852838
4,0,207,1.852838
4,0,208,1.852838
4,0,209,1.852838
4,0,210,1.852838
4,0,211,1.852838
4,0,212,1.852838
4,0,213,1.852838
4,0,214,1.852838
4,0,215,1.852838
4,0,216,1.852838
4,0,217,1.852838
4,0,218,1.849855
4,0,219,1.736486
4,0,220,1.665630
4,0,221,1.665630
4,0,222,1.665630
4,0,223,1.665630
4,0,224,1.665630
4,0,225,1.665630
4,0,226,1.665630
4,0,227,1.665630
4,0,228,1.665630
4,0,229,1.665630
4,0,230,1.665630
4,0,231,1.665630
4,0,232,1.665630
4,0,233,1.665630
4,0,234,1.665630
4,0,235,1.665630
4,0,236,1.665630
4,0,237,1.665630
4,0,238,1.665630
4,0,239,1.665630
4,0,240,1.665630
4,0,241,1.665630
4,0,242,1.665630
4,0,243,1.665630
4,0,244,1.665630
4,0,245,1.665630
4,0,246,1.665630
4,0,247,1.665630
4,0,248,1.665630
4,0,249,1.665630
4,0,250,1.665630
4,0,251,1.665630
5,0,0,1.000000
5,0,1,1.000000
5,0,2,0.980397
5,0,3,0.931545
5,0,4,0.921899
5,0,5,0.921899
5,0,6,0.921899
5,0,7,0.921899
5,0,8,0.921899
5,0,9,0.921899
5,0,10,0.921899
5,0,11,0.921899
5,0,12,0.921899
5,0,13,0.921899
5,0,14,0.921899
5,0,15,0.919308
5,0,16,0.915125
5,0,17,0.915125
5,0,18,0.915125
5,0,19,0.915125
5,0,20,0.915125
5,0,21,0.915125
5,0,22,0.915125
5,0,23,0.985604
5,0,24,1.095930
5,0,25,1.013858
5,0,26,0.966288
5,0,27,0.966288
5,0,28,0.966288
5,0,29,0.966288
5,0,30,0.966288
5,0,31,0.966288
5,0,32,0.966288
5,0,33,0.966288
5,0,34,0.966288
5,0,35,0.966288
5,0,36,0.966288
5,0,37,0.966288
5,0,38,0.966288
5,0,39,0.966288
5,0,40,0.966288
5,0,41,0.966288
5,0,42,0.966288
5,0,43,0.966288
5,0,44,0.966288
5,0,45,0.966288
5,0,46,0.966288
5,0,47,0.966288
5,0,48,0.966288
5,0,49,0.966288
5,0,50,0.966288
5,0,51,0.966288
5,0,52,0.966288
5,0,53,0.966288
5,0,54,0.966288
5,0,55,0.966288
5,0,56,0.966288
5,0,57,0.966288
5,0,58,0.966288
5,0,59,0.966288
5,0,60,0.966288
5,0,61,0.966288
5,0,62,0.966288
5,0,63,0.966288
5,0,64,0.966288
5,0,65,0.966288
5,0,66,0.989066
5,0,67,1.039433
5,0,68,1.046812
5,0,69,1.046812
5,0,70,1.046812
5,0,71,1.046812
5,0,72,1.046812
5,0,73,1.046812
5,0,74,1.046812
5,0,75,1.046812
5,0,76,1.046812
5,0,77,1.046812
5,0,78,1.046812
5,0,79,1.046812
5,0,80,1.043394
5,0,81,0.989731
5,0,82,0.961019
5,0,83,0.961019
5,0,84,0.961019
5,0,85,0.961019
5,0,86,0.961019
5,0,87,0.961019
5,0,88,0.961019
5,0,89,0.961019
5,0,90,0.961019
5,0,91,0.961019
5,0,92,0.961019
5,0,93,0.961019
5,0,94,0.961019
5,0,95,0.961019
5,0,96,0.961019
5,0,97,0.961019
5,0,98,0.961019
5,0,99,0.961019
5,0,100,0.961019
5,0,101,0.961019
5,0,102,0.961019
5,0,103,0.961019
5,0,104,0.961019
5,0,105,0.961019
5,0,106,0.961019
5,0,107,0.961019
5,0,108,0.961019
5,0,109,0.961019
5,0,110,0.961019
5,0,111,0.961019
5,0,112,0.961019
5,0,113,0.961019
5,0,114,0.961019
5,0,115,0.961019
5,0,116,0.961019
5,0,117,0.961019
5,0,118,0.961019
5,0,119,0.961019
5,0,120,0.961019
5,0,121,0.961019
5,0,122,0.961019
5,0,123,0.961019
5,0,124,0.961019
5,0,125,0.961019
5,0,126,0.961019
5,0,127,0.961019
5,0,128,0.961019
5,0,129,0.961019
5,0,130,0.961019
5,0,131,0.961019
5,0,132,0.961019
5,0,133,0.961019
5,0,134,0.961019
5,0,135,0.961019
5,0,136,0.961019
5,0,137,0.961019
5,0,138,0.961019
5,0,139,0.961019
5,0,140,0.961019
5,0,141,0.961019
5,0,142,0.961019
5,0,143,0.961019
5,0,144,0.961019
5,0,145,0.961019
5,0,146,0.961019
5,0,147,0.961019
5,0,148,0.961019
5,0,149,0.961019
5,0,150,0.961019
5,0,151,0.961019
5,0,152,0.961019
5,0,153,0.961019
5,0,154,0.961019
5,0,155,0.961019
5,0,156,0.961019
5,0,157,0.961019
5,0,158,0.961019
5,0,159,0.961019
5,0,160,0.961019
5,0,161,0.961019
5,0,162,0.961019
5,0,163,0.961019
5,0,164,0.961019
5,0,165,0.961019
5,0,166,0.961019
5,0,167,0.961019
5,0,168,0.961019
5,0,169,0.961019
5,0,170,0.961019
5,0,171,0.961019
5,0,172,0.961019
5,0,173,0.961019
5,0,174,0.961019
5,0,175,0.961019
5,0,176,0.961019
5,0,177,0.961019
5,0,178,0.961019
5,0,179,0.961019
5,0,180,0.961019
5,0,181,0.961019
5,0,182,0.961019
5,0,183,0.961019
5,0,184,0.961019
5,0,185,0.961019
5,0,186,0.961019
5,0,187,0.961019
5,0,188,0.961019
5,0,189,0.961019
5,0,190,0.961019
5,0,191,1.351883
5,0,192,1.792432
5,0,193,1.792432
5,0,194,1.792432
5,0,195,1.792432
5,0,196,1.792432
5,0,197,1.792432
5,0,198,1.792432
5,0,199,1.792432
5,0,200,1.792432
5,0,201,1.792432
5,0,202,1.792432
5,0,203,1.792432
5,0,204,1.792432
5,0,205,1.792432
5,0,206,1.792432
5,0,207,1.792432
5,0,208,1.792432
5,0,209,1.792432
5,0,210,1.792432
5,0,211,1.792432
5,0,212,1.792432
5,0,213,1.823178
5,0,214,1.906405
5,0,215,1.925489
5,0,216,1.925489
5,0,217,1.925489
5,0,218,1.925489
5,0,219,1.925489
5,0,220,1.925489
5,0,221,1.925489
5,0,222,1.925489
5,0,223,1.925489
5,0,224,1.925489
5,0,225,1.925489
5,0,226,1.925489
5,0,227,1.925489
5,0,228,1.925489
5,0,229,1.925489
5,0,230,1.925489
5,0,231,1.925489
5,0,232,1.925489
5,0,233,1.925489
5,0,234,1.925489
5,0,235,1.925489
5,0,236,1.925489
5,0,237,1.925489
5,0,238,1.925489
5,0,239,1.925489
5,0,240,1.925489
5,0,241,1.925489
5,0,242,1.925489
5,0,243,1.925489
5,0,244,1.925489
5,0,245,1.925489
5,0,246,1.925489
5,0,247,1.925489
5,0,248,1.925489
5,0,249,1.925489
5,0,250,1.925489
5,0,251,1.925489
6,0,0,1.000000
6,0,1,1.000000
6,0,2,1.000000
6,0,3,1.000000
6,0,4,1.016190
6,0,5,1.098387
6,0,6,1.156298
6,0,7,1.156298
6,0,8,1.156298
6,0,9,1.156298
6,0,10,1.156298
6,0,11,1.156298
6,0,12,1.156298
6,0,13,1.156298
6,0,14,1.156298
6,0,15,1.156298
6,0,16,1.156298
6,0,17,1.156298
6,0,18,1.156298
6,0,19,1.156298
6,0,20,1.156298
6,0,21,1.156298
6,0,22,1.156298
6,0,23,1.156298
6,0,24,1.156298
6,0,25,1.156298
6,0,26,1.156298
6,0,27,1.156298
6,0,28,1.156298
6,0,29,1.041041
6,0,30,0.799551
6,0,31,0.697101
6,0,32,0.697101
6,0,33,0.697101
6,0,34,0.697101
6,0,35,0.697101
6,0,36,0.697101
6,0,37,0.697101
6,0,38,0.697101
6,0,39,0.697101
6,0,40,0.697101
6,0,41,0.697101
6,0,42,0.697101
6,0,43,0.697101
6,0,44,0.697101
6,0,45,0.697101
6,0,46,0.697101
6,0,47,0.697101
6,0,48,0.697101
6,0,49,0.697101
6,0,50,0.697101
6,0,51,0.697101
6,0,52,0.697101
6,0,53,0.697101
6,0,54,0.697101
6,0,55,0.697101
6,0,56,0.697101
6,0,57,0.697101
6,0,58,0.697101
6,0,59,0.697101
6,0,60,0.697101
6,0,61,0.697101
6,0,62,0.697101
6,0,63,0.697101
6,0,64,0.697101
6,0,65,0.697101
6,0,66,0.697101
6,0,67,0.697101
6,0,68,0.697101
6,0,69,0.697101
6,0,70,0.697101
6,0,71,0.697101
6,0,72,0.697101
6,0,73,0.697101
6,0,74,0.697101
6,0,75,0.697101
6,0,76,0.697101
6,0,77,0.697101
6,0,78,0.697101
6,0,79,0.697101
6,0,80,0.697101
6,0,81,0.697101
6,0,82,0.697101
6,0,83,0.697101
6,0,84,0.697101
6,0,85,0.697101
6,0,86,0.697101
6,0,87,0.697101
6,0,88,0.697101
6,0,89,0.697101
6,0,90,0.697101
6,0,91,0.697101
6,0,92,0.697101
6,0,93,0.697101
6,0,94,0.661369
6,0,95,0.618097
6,0,96,0.614819
6,0,97,0.614819
6,0,98,0.614819
6,0,99,0.614819
6,0,100,0.614819
6,0,101,0.614819
6,0,102,0.614819
6,0,103,0.614819
6,0,104,0.614819
6,0,105,0.590836
6,0,106,0.533279
6,0,107,0.505372
6,0,108,0.505372
6,0,109,0.505372
6,0,110,0.505372
6,0,111,0.505372
6,0,112,0.505372
6,0,113,0.505372
6,0,114,0.505372
6,0,115,0.505372
6,0,116,0.505372
6,0,117,0.505372
6,0,118,0.505372
6,0,119,0.505372
6,0,120,0.505372
6,0,121,0.505372
6,0,122,0.502921
6,0,123,0.494833
6,0,124,0.489993
6,0,125,0.489993
6,0,126,0.489993
6,0,127,0.489993
6,0,128,0.489993
6,0,129,0.489993
6,0,130,0.489993
6,0,131,0.489993
6,0,132,0.489993
6,0,133,0.489993
6,0,134,0.644608
6,0,135,0.817567
6,0,136,1.304261
6,0,137,1.748887
6,0,138,1.748887
6,0,139,1.748887
6,0,140,1.748887
6,0,141,1.748887
6,0,142,1.748887
6,0,143,1.748887
6,0,144,1.748887
6,0,145,1.748887
6,0,146,1.748887
6,0,147,1.748887
6,0,148,1.748887
6,0,149,1.748887
6,0,150,1.748887
6,0,151,1.748887
6,0,152,1.748887
6,0,153,1.748887
6,0,154,1.748887
6,0,155,1.748887
6,0,156,1.748887
6,0,157,1.748887
6,0,158,1.748887
6,0,159,1.748887
6,0,160,1.748887
6,0,161,1.748887
6,0,162,1.748887
6,0,163,1.748887
6,0,164,1.748887
6,0,165,1.748887
6,0,166,1.748887
6,0,167,1.748887
6,0,168,1.748887
6,0,169,1.748887
6,0,170,1.748887
6,0,171,1.748887
6,0,172,1.748887
6,0,173,1.748887
6,0,174,1.598546
6,0,175,1.453354
6,0,176,1.479707
6,0,177,1.501867
6,0,178,1.501867
6,0,179,1.501867
6,0,180,1.501867
6,0,181,1.501867
6,0,182,1.501867
6,0,183,1.501867
6,0,184,1.501867
6,0,185,1.501867
6,0,186,1.501867
6,0,187,1.501867
6,0,188,1.501867
6,0,189,1.501867
6,0,190,1.501867
6,0,191,1.501867
6,0,192,1.501867
6,0,193,1.501867
6,0,194,1.501867
6,0,195,1.501867
6,0,196,1.501867
6,0,197,1.501867
6,0,198,1.501867
6,0,199,1.501867
6,0,200,1.474949
6,0,201,1.395989
6,0,202,1.351724
6,0,203,1.351724
6,0,204,1.392151
6,0,205,1.467312
6,0,206,1.494643
6,0,207,1.494643
6,0,208,1.494643
6,0,209,1.494643
6,0,210,1.494643
6,0,211,1.494643
6,0,212,1.494643
6,0,213,1.494643
6,0,214,1.494643
6,0,215,1.494643
6,0,216,1.494643
6,0,217,1.494643
6,0,218,1.494643
6,0,219,1.494643
6,0,220,1.494643
6,0,221,1.494643
6,0,222,1.494643
6,0,223,1.494643
6,0,224,1.494643
6,0,225,1.494643
6,0,226,1.494643
6,0,227,1.494643
6,0,228,1.494643
6,0,229,1.494643
6,0,230,1.494643
6,0,231,1.494643
6,0,232,1.494643
6,0,233,1.494643
6,0,234,1.494643
6,0,235,1.494643
6,0,236,1.494643
6,0,237,1.494643
6,0,238,1.494643
6,0,239,1.494643
6,0,240,1.494643
6,0,241,1.494643
6,0,242,1.494643
6,0,243,1.494643
6,0,244,1.494643
6,0,245,1.494643
6,0,246,1.494643
6,0,247,1.494643
6,0,248,1.494643
6,0,249,1.494643
6,0,250,1.363668
6,0,251,1.218385
7,0,0,1.000000
7,0,1,1.026579
7,0,2,1.038787
7,0,3,1.038787
7,0,4,1.038787
7,0,5,1.038787
7,0,6,1.038787
7,0,7,1.038787
7,0,8,1.038787
7,0,9,1.038787
7,0,10,1.038787
7,0,11,1.038787
7,0,12,1.038787
7,0,13,1.038787
7,0,14,1.038787
7,0,15,1.038787
7,0,16,1.038787
7,0,17,1.038787
7,0,18,1.038787
7,0,19,1.038787
7,0,20,1.038787
7,0,21,1.038787
7,0,22,1.038787
7,0,23,1.038787
7,0,24,1.038787
7,0,25,1.038787
7,0,26,1.038787
7,0,27,1.038787
7,0,28,1.038787
7,0,29,1.038787
7,0,30,1.038787
7,0,31,1.038787
7,0,32,1.038787
7,0,33,1.038787
7,0,34,1.038787
7,0,35,1.038787
7,0,36,1.038787
7,0,37,1.038787
7,0,38,1.038787
7,0,39,1.038787
7,0,40,1.038787
7,0,41,1.038787
7,0,42,1.038787
7,0,43,1.038787
7,0,44,1.038787
7,0,45,1.038787
7,0,46,1.038787
7,0,47,1.038787
7,0,48,1.038787
7,0,49,1.038787
7,0,50,1.038787
7,0,51,1.038787
7,0,52,1.038787
7,0,53,1.038787
7,0,54,1.038787
7,0,55,1.038787
7,0,56,1.038787
7,0,57,1.038787
7,0,58,1.038787
7,0,59,1.038787
7,0,60,1.038787
7,0,61,1.038787
7,0,62,1.038787
7,0,63,1.038787
7,0,64,1.038787
7,0,65,1.038787
7,0,66,1.038787
7,0,67,1.038787
7,0,68,1.038787
7,0,69,1.038787
7,0,70,1.038787
7,0,71,1.038787
7,0,72,1.038787
7,0,73,1.038787
7,0,74,1.038787
7,0,75,1.038787
7,0,76,1.038787
7,0,77,1.038787
7,0,78,1.038787
7,0,79,1.038787
7,0,80,1.038787
7,0,81,1.038787
7,0,82,1.038787
7,0,83,1.038787
7,0,84,1.038787
7,0,85,1.038787
7,0,86,1.038787
7,0,87,1.038787
7,0,88,1.038787
7,0,89,1.038787
7,0,90,1.038787
7,0,91,1.038787
7,0,92,1.038787
7,0,93,1.038787
7,0,94,1.038787
7,0,95,1.038787
7,0,96,1.038787
7,0,97,1.038787
7,0,98,1.038787
7,0,99,1.038787
7,0,100,1.038787
7,0,101,1.038787
7,0,102,1.038787
7,0,103,1.038787
7,0,104,1.038787
7,0,105,1.038787
7,0,106,1.038787
7,0,107,1.038787
7,0,108,1.038787
7,0,109,1.038787
7,0,110,0.959280
7,0,111,0.828721
7,0,112,0.828721
7,0,113,0.828721
7,0,114,0.828721
7,0,115,0.828721
7,0,116,0.828721
7,0,117,0.828721
7,0,118,0.828721
7,0,119,0.828721
7,0,120,0.828721
7,0,121,0.828721
7,0,122,0.828721
7,0,123,0.828721
7,0,124,0.828721
7,0,125,0.828721
7,0,126,0.828721
7,0,127,0.828721
7,0,128,0.828721
7,0,129,0.828721
7,0,130,0.828721
7,0,131,0.828721
7,0,132,0.828721
7,0,133,0.828721
7,0,134,0.828721
7,0,135,0.828721
7,0,136,0.828721
7,0,137,0.828721
7,0,138,0.828721
7,0,139,0.828721
7,0,140,0.828721
7,0,141,0.828721
7,0,142,0.812274
7,0,143,0.775534
7,0,144,0.775107
7,0,145,0.775107
7,0,146,0.775107
7,0,147,0.775107
7,0,148,0.775107
7,0,149,0.775107
7,0,150,0.775107
7,0,151,0.775107
7,0,152,0.775107
7,0,153,0.775107
7,0,154,0.775107
7,0,155,0.775107
7,0,156,0.775107
7,0,157,0.775107
7,0,158,0.775107
7,0,159,0.775107
7,0,160,0.775107
7,0,161,0.775107
7,0,162,0.775107
7,0,163,0.775107
7,0,164,0.775107
7,0,165,0.775107
7,0,166,0.775107
7,0,167,0.775107
7,0,168,0.765640
7,0,169,0.713113
7,0,170,0.698455
7,0,171,0.698455
7,0,172,0.698455
7,0,173,0.698455
7,0,174,0.698455
7,0,175,0.698455
7,0,176,0.698455
7,0,177,0.698455
7,0,178,0.698455
7,0,179,0.698455
7,0,180,0.698455
7,0,181,0.698455
7,0,182,0.698455
7,0,183,0.698455
7,0,184,0.698455
7,0,185,0.698455
7,0,186,0.698455
7,0,187,0.698455
7,0,188,0.698455
7,0,189,0.698455
7,0,190,0.698455
7,0,191,0.698455
7,0,192,0.698455
7,0,193,0.698455
7,0,194,0.698455
7,0,195,0.698455
7,0,196,0.698455
7,0,197,0.698455
7,0,198,0.698455
7,0,199,0.698455
7,0,200,0.698455
7,0,201,0.698455
7,0,202,0.698455
7,0,203,0.698455
7,0,204,0.698455
7,0,205,0.698455
7,0,206,0.698455
7,0,207,0.698455
7,0,208,0.698455
7,0,209,0.698455
7,0,210,0.698455
7,0,211,0.698455
7,0,212,0.698455
7,0,213,0.698455
7,0,214,0.698455
7,0,215,0.698455
7,0,216,0.698455
7,0,217,0.698455
7,0,218,0.698455
7,0,219,0.698455
7,0,220,0.698455
7,0,221,0.698455
7,0,222,0.698455
7,0,223,0.698455
7,0,224,0.698455
7,0,225,0.698455
7,0,226,0.698455
7,0,227,0.698455
7,0,228,0.698455
7,0,229,0.698455
7,0,230,0.698455
7,0,231,0.698455
7,0,232,0.698455
7,0,233,0.754983
7,0,234,0.783416
7,0,235,0.783416
7,0,236,0.783416
7,0,237,0.783416
7,0,238,0.783416
7,0,239,0.783416
7,0,240,0.783416
7,0,241,0.783416
7,0,242,0.783416
7,0,243,0.783416
7,0,244,0.783416
7,0,245,0.783416
7,0,246,0.806316
7,0,247,0.823332
7,0,248,0.823332
7,0,249,0.786139
7,0,250,0.764248
7,0,251,0.764248
8,0,0,1.000000
8,0,1,1.000000
8,0,2,1.000000
8,0,3,1.000000
8,0,4,1.000000
8,0,5,1.000000
8,0,6,1.000000
8,0,7,1.000000
8,0,8,1.000000
8,0,9,1.000000
8,0,10,1.000000
8,0,11,1.000000
8,0,12,1.000000
8,0,13,1.000000
8,0,14,1.000000
8,0,15,1.000000
8,0,16,1.000000
8,0,17,1.000000
8,0,18,1.000000
8,0,19,1.000000
8,0,20,1.000000
8,0,21,1.000000
8,0,22,1.000000
8,0,23,1.000000
8,0,24,1.000000
8,0,25,1.000000
8,0,26,1.000000
8,0,27,1.000000
8,0,28,1.000000
8,0,29,1.000000
8,0,30,1.000000
8,0,31,1.000000
8,0,32,1.000000
8,0,33,1.000000
8,0,34,1.000000
8,0,35,1.000000
8,0,36,1.000000
8,0,37,1.000000
8,0,38,1.000000
8,0,39,1.000000
8,0,40,1.000000
8,0,41,1.000000
8,0,42,1.000000
8,0,43,1.000000
8,0,44,1.000000
8,0,45,1.000000
8,0,46,1.000000
8,0,47,1.000000
8,0,48,1.000000
8,0,49,1.000000
8,0,50,1.000000
8,0,51,1.000000
8,0,52,1.000000
8,0,53,1.000000
8,0,54,1.000000
8,0,55,1.000000
8,0,56,1.000000
8,0,57,1.000000
8,0,58,1.000000
8,0,59,1.000000
8,0,60,1.000000
8,0,61,1.000000
8,0,62,1.000000
8,0,63,0.984004
8,0,64,0.920022
8,0,65,0.891490
8,0,66,0.891490
8,0,67,0.891490
8,0,68,0.902688
8,0,69,0.971748
8,0,70,1.008611
8,0,71,1.008611
8,0,72,1.022878
8,0,73,1.040025
8,0,74,1.040025
8,0,75,1.040025
8,0,76,1.040025
8,0,77,1.040025
8,0,78,1.040025
8,0,79,1.040025
8,0,80,1.040025
8,0,81,1.040025
8,0,82,1.040025
8,0,83,1.040025
8,0,84,1.040025
8,0,85,1.040025
8,0,86,1.040025
8,0,87,1.040025
8,0,88,1.040025
8,0,89,1.040025
8,0,90,1.040025
8,0,91,1.040025
8,0,92,1.040025
8,0,93,1.040025
8,0,94,1.040025
8,0,95,1.039609
8,0,96,1.024231
8,0,97,1.013945
8,0,98,1.013945
8,0,99,1.013945
8,0,100,1.013945
8,0,101,1.013945
8,0,102,1.013945
8,0,103,1.013945
8,0,104,1.013945
8,0,105,1.013945
8,0,106,1.013945
8,0,107,1.013945
8,0,108,1.013945
8,0,109,1.013945
8,0,110,1.013945
8,0,111,1.013945
8,0,112,1.013945
8,0,113,1.013945
8,0,114,1.013945
8,0,115,1.013945
8,0,116,1.013945
8,0,117,1.013945
8,0,118,1.013945
8,0,119,1.013945
8,0,120,1.013945
8,0,121,1.013945
8,0,122,1.013945
8,0,123,1.013945
8,0,124,1.013945
8,0,125,1.013945
8,0,126,1.013945
8,0,127,1.013945
8,0,128,1.013945
8,0,129,1.013945
8,0,130,1.013945
8,0,131,1.134651
8,0,132,1.427513
8,0,133,1.510622
8,0,134,1.510622
8,0,135,1.510622
8,0,136,1.510622
8,0,137,1.510622
8,0,138,1.510622
8,0,139,1.510622
8,0,140,1.510622
8,0,141,1.611152
8,0,142,2.036251
8,0,143,2.231567
8,0,144,2.231567
8,0,145,2.231567
8,0,146,2.231567
8,0,147,2.231567
8,0,148,2.231567
8,0,149,2.231567
8,0,150,2.231567
8,0,151,2.231567
8,0,152,2.231567
8,0,153,2.231567
8,0,154,2.231567
8,0,155,2.231567
8,0,156,2.231567
8,0,157,2.231567
8,0,158,2.231567
8,0,159,2.231567
8,0,160,2.231567
8,0,161,2.231567
8,0,162,2.231567
8,0,163,2.231567
8,0,164,2.231567
8,0,165,2.231567
8,0,166,2.231567
8,0,167,3.486107
8,0,168,4.900122
8,0,169,4.900122
8,0,170,4.900122
8,0,171,4.900122
8,0,172,4.900122
8,0,173,4.900122
8,0,174,4.900122
8,0,175,4.900122
8,0,176,4.900122
8,0,177,4.900122
8,0,178,4.900122
8,0,179,4.900122
8,0,180,4.900122
8,0,181,4.900122
8,0,182,4.900122
8,0,183,4.900122
8,0,184,4.900122
8,0,185,4.900122
8,0,186,4.900122
8,0,187,4.900122
8,0,188,4.900122
8,0,189,4.900122
8,0,190,4.900122
8,0,191,4.900122
8,0,192,4.900122
8,0,193,4.900122
8,0,194,4.900122
8,0,195,4.900122
8,0,196,4.900122
8,0,197,4.900122
8,0,198,4.900122
8,0,199,4.900122
8,0,200,4.900122
8,0,201,4.900122
8,0,202,4.900122
8,0,203,4.900122
8,0,204,4.900122
8,0,205,4.900122
8,0,206,4.900122
8,0,207,4.900122
8,0,208,4.900122
8,0,209,4.900122
8,0,210,4.900122
8,0,211,4.900122
8,0,212,4.900122
8,0,213,4.900122
8,0,214,4.900122
8,0,215,4.900122
8,0,216,4.900122
8,0,217,4.900122
8,0,218,4.900122
8,0,219,4.900122
8,0,220,4.900122
8,0,221,4.900122
8,0,222,4.900122
8,0,223,4.900122
8,0,224,4.900122
8,0,225,4.900122
8,0,226,4.900122
8,0,227,4.900122
8,0,228,4.900122
8,0,229,4.900122
8,0,230,4.900122
8,0,231,4.900122
8,0,232,4.900122
8,0,233,4.900122
8,0,234,4.900122
8,0,235,4.900122
8,0,236,4.900122
8,0,237,4.900122
8,0,238,4.900122
8,0,239,4.900122
8,0,240,4.900122
8,0,241,4.900122
8,0,242,4.900122
8,0,243,4.900122
8,0,244,4.900122
8,0,245,5.910028
8,0,246,7.085349
8,0,247,7.085349
8,0,248,6.817246
8,0,249,6.133121
8,0,250,5.925110
8,0,251,5.925110
9,0,0,1.000000
9,0,1,1.000000
9,0,2,1.000000
9,0,3,1.000000
9,0,4,1.000000
9,0,5,1.000000
9,0,6,1.000000
9,0,7,1.000000
9,0,8,1.000000
9,0,9,1.000000
9,0,10,1.000000
9,0,11,1.000000
9,0,12,1.000000
9,0,13,1.000000
9,0,14,1.000000
9,0,15,1.000000
9,0,16,1.000000
9,0,17,1.000000
9,0,18,1.000000
9,0,19,1.000000
9,0,20,0.996605
9,0,21,0.897016
9,0,22,0.797426
9,0,23,0.715944
9,0,24,0.715944
9,0,25,0.715944
9,0,26,0.717908
9,0,27,0.723868
9,0,28,0.729827
9,0,29,0.732943
9,0,30,0.732943
9,0,31,0.732943
9,0,32,0.732943
9,0,33,0.732943
9,0,34,0.732943
9,0,35,0.732943
9,0,36,0.732943
9,0,37,0.732943
9,0,38,0.800008
9,0,39,0.872868
9,0,40,0.944792
9,0,41,1.003911
9,0,42,1.063030
9,0,43,1.085767
9,0,44,0.976379
9,0,45,0.866991
9,0,46,0.797380
9,0,47,0.797380
9,0,48,0.797380
9,0,49,0.797380
9,0,50,0.797380
9,0,51,0.797380
9,0,52,0.797380
9,0,53,0.797380
9,0,54,0.797380
9,0,55,0.797380
9,0,56,0.797380
9,0,57,0.797380
9,0,58,0.797380
9,0,59,0.797380
9,0,60,0.797380
9,0,61,0.797380
9,0,62,0.797380
9,0,63,0.797380
9,0,64,0.797380
9,0,65,0.797380
9,0,66,0.797380
9,0,67,0.797380
9,0,68,0.797380
9,0,69,0.797380
9,0,70,0.797380
9,0,71,0.797380
9,0,72,0.797380
9,0,73,0.797380
9,0,74,0.797380
9,0,75,0.797380
9,0,76,0.797380
9,0,77,0.797380
9,0,78,0.797380
9,0,79,0.797380
9,0,80,0.800071
9,0,81,0.819806
9,0,82,0.839541
9,0,83,0.842276
9,0,84,0.802170
9,0,85,0.762065
9,0,86,0.703565
9,0,87,0.620862
9,0,88,0.538160
9,0,89,0.503387
9,0,90,0.503387
9,0,91,0.503387
9,0,92,0.503387
9,0,93,0.503387
9,0,94,0.503387
9,0,95,0.503387
9,0,96,0.503387
9,0,97,0.503387
9,0,98,0.503387
9,0,99,0.503387
9,0,100,0.503387
9,0,101,0.503387
9,0,102,0.503387
9,0,103,0.503387
9,0,104,0.503387
9,0,105,0.503387
9,0,106,0.503387
9,0,107,0.503387
9,0,108,0.503387
9,0,109,0.503387
9,0,110,0.503387
9,0,111,0.503387
9,0,112,0.503387
9,0,113,0.503387
9,0,114,0.503387
9,0,115,0.503387
9,0,116,0.503387
9,0,117,0.503387
9,0,118,0.503387
9,0,119,0.503387
9,0,120,0.503387
9,0,121,0.503387
9,0,122,0.503387
9,0,123,0.503387
9,0,124,0.503387
9,0,125,0.503387
9,0,126,0.503387
9,0,127,0.503387
9,0,128,0.503387
9,0,129,0.503387
9,0,130,0.503387
9,0,131,0.503387
9,0,132,0.503387
9,0,133,0.503387
9,0,134,0.503387
9,0,135,0.503387
9,0,136,0.503387
9,0,137,0.503387
9,0,138,0.503387
9,0,139,0.503387
9,0,140,0.503387
9,0,141,0.503387
9,0,142,0.503387
9,0,143,0.503387
9,0,144,0.503387
9,0,145,0.503387
9,0,146,0.503387
9,0,147,0.503387
9,0,148,0.503387
9,0,149,0.524838
9,0,150,0.556298
9,0,151,0.587758
9,0,152,0.643281
9,0,153,0.703747
9,0,154,0.764213
9,0,155,0.765587
9,0,156,0.765587
9,0,157,0.765587
9,0,158,0.765587
9,0,159,0.765587
9,0,160,0.765587
9,0,161,0.765587
9,0,162,0.765587
9,0,163,0.770556
9,0,164,0.782374
9,0,165,0.794191
9,0,166,0.799294
9,0,167,0.799294
9,0,168,0.799294
9,0,169,0.799294
9,0,170,0.799294
9,0,171,0.799294
9,0,172,0.799294
9,0,173,0.799294
9,0,174,0.799294
9,0,175,0.799294
9,0,176,0.799294
9,0,177,0.799294
9,0,178,0.799294
9,0,179,0.799294
9,0,180,0.799294
9,0,181,0.799294
9,0,182,0.799294
9,0,183,0.799294
9,0,184,0.799294
9,0,185,0.799294
9,0,186,0.799294
9,0,187,0.799294
9,0,188,0.799294
9,0,189,0.799294
9,0,190,0.799294
9,0,191,0.799294
9,0,192,0.799294
9,0,193,0.799294
9,0,194,0.799294
9,0,195,0.799294
9,0,196,0.799294
9,0,197,0.799294
9,0,198,0.799294
9,0,199,0.799294
9,0,200,0.799294
9,0,201,0.799294
9,0,202,0.799294
9,0,203,0.869943
9,0,204,1.014528
9,0,205,1.159112
9,0,206,1.211688
9,0,207,1.211688
9,0,208,1.211688
9,0,209,1.228300
9,0,210,1.249487
9,0,211,1.270673
9,0,212,1.272118
9,0,213,1.272118
9,0,214,1.272118
9,0,215,1.272118
9,0,216,1.272118
9,0,217,1.272118
9,0,218,1.272118
9,0,219,1.272118
9,0,220,1.272118
9,0,221,1.272118
9,0,222,1.272118
9,0,223,1.272118
9,0,224,1.272118
9,0,225,1.272118
9,0,226,1.272118
9,0,227,1.272118
9,0,228,1.272118
9,0,229,1.272118
9,0,230,1.272118
9,0,231,1.272118
9,0,232,1.272118
9,0,233,1.272118
9,0,234,1.272118
9,0,235,1.272118
9,0,236,1.272118
9,0,237,1.272118
9,0,238,1.272118
9,0,239,1.272118
9,0,240,1.272118
9,0,241,1.272118
9,0,242,1.272118
9,0,243,1.272118
9,0,244,1.272118
9,0,245,1.272118
9,0,246,1.272118
9,0,247,1.272118
9,0,248,1.272118
9,0,249,1.248565
9,0,250,1.220930
9,0,251,1.193295
10,0,0,1.000000
10,0,1,1.000000
10,0,2,1.000000
10,0,3,1.000000
10,0,4,1.000000
10,0,5,1.000000
10,0,6,1.000000
10,0,7,1.000000
10,0,8,1.000000
10,0,9,1.000000
10,0,10,1.000000
10,0,11,1.000000
10,0,12,1.000000
10,0,13,1.000000
10,0,14,1.000000
10,0,15,1.109436
10,0,16,1.176079
10,0,17,1.176079
10,0,18,1.176079
10,0,19,1.176079
10,0,20,1.176079
10,0,21,1.176079
10,0,22,1.176079
10,0,23,1.176079
10,0,24,1.176079
10,0,25,1.176079
10,0,26,1.176079
10,0,27,1.176079
10,0,28,1.176079
10,0,29,1.176079
10,0,30,1.176079
10,0,31,1.176079
10,0,32,1.176079
10,0,33,1.176079
10,0,34,1.176079
10,0,35,1.176079
10,0,36,1.176079
10,0,37,1.176079
10,0,38,1.310021
10,0,39,1.535071
10,0,40,1.588980
10,0,41,1.617777
10,0,42,1.617777
10,0,43,1.617777
10,0,44,1.617777
10,0,45,1.617777
10,0,46,1.617777
10,0,47,1.617777
10,0,48,1.617777
10,0,49,1.617777
10,0,50,1.617777
10,0,51,1.617777
10,0,52,1.617777
10,0,53,1.617777
10,0,54,1.617777
10,0,55,1.617777
10,0,56,1.617777
10,0,57,1.617777
10,0,58,1.617777
10,0,59,1.617777
10,0,60,1.617777
10,0,61,1.617777
10,0,62,1.617777
10,0,63,1.617777
10,0,64,1.617777
10,0,65,1.617777
10,0,66,1.705529
10,0,67,1.873722
10,0,68,1.999607
10,0,69,2.073693
10,0,70,2.073693
10,0,71,2.073693
10,0,72,2.073693
10,0,73,2.073693
10,0,74,2.073693
10,0,75,2.073693
10,0,76,2.073693
10,0,77,2.073693
10,0,78,2.072694
10,0,79,2.052597
10,0,80,2.042362
10,0,81,2.042362
10,0,82,2.042362
10,0,83,2.042362
10,0,84,2.042362
10,0,85,2.042362
10,0,86,2.042362
10,0,87,2.042362
10,0,88,2.042362
10,0,89,2.042362
10,0,90,2.042362
10,0,91,2.042362
10,0,92,2.042362
10,0,93,2.042362
10,0,94,2.042362
10,0,95,2.042362
10,0,96,2.042362
10,0,97,2.042362
10,0,98,2.042362
10,0,99,2.042362
10,0,100,2.042362
10,0,101,2.042362
10,0,102,2.042362
10,0,103,2.042362
10,0,104,2.042362
10,0,105,2.042362
10,0,106,2.042362
10,0,107,2.042362
10,0,108,2.042362
10,0,109,2.042362
10,0,110,2.042362
10,0,111,2.042362
10,0,112,2.042362
10,0,113,2.042362
10,0,114,2.042362
10,0,115,2.042362
10,0,116,2.042362
10,0,117,2.042362
10,0,118,2.042362
10,0,119,2.042362
10,0,120,2.042362
10,0,121,2.042362
10,0,122,2.042362
10,0,123,2.042362
10,0,124,2.042362
10,0,125,2.042362
10,0,126,2.042362
10,0,127,2.042362
10,0,128,2.042362
10,0,129,2.042362
10,0,130,2.042362
10,0,131,2.042362
10,0,132,2.042362
10,0,133,2.042362
10,0,134,2.042362
10,0,135,2.042362
10,0,136,2.042362
10,0,137,2.042362
10,0,138,2.042362
10,0,139,2.042362
10,0,140,2.042362
10,0,141,2.042362
10,0,142,2.042362
10,0,143,2.042362
10,0,144,2.042362
10,0,145,2.042362
10,0,146,2.042362
10,0,147,2.042362
10,0,148,2.042362
10,0,149,2.042362
10,0,150,2.042362
10,0,151,2.042362
10,0,152,2.042362
10,0,153,2.042362
10,0,154,2.042362
10,0,155,2.042362
10,0,156,2.042362
10,0,157,2.042362
10,0,158,2.042362
10,0,159,2.042362
10,0,160,1.923060
10,0,161,1.852838
10,0,162,1.852838
10,0,163,1.852838
10,0,164,1.852838
10,0,165,1.852838
10,0,166,1.852838
10,0,167,1.852838
10,0,168,1.852838
10,0,169,1.852838
10,0,170,1.852838
10,0,171,1.852838
10,0,172,1.852838
10,0,173,1.852838
10,0,174,1.852838
10,0,175,1.852838
10,0,176,1.852838
10,0,177,1.852838
10,0,178,1.852838
10,0,179,1.852838
10,0,180,1.852838
10,0,181,1.852838
10,0,182,1.852838
10,0,183,1.852838
10,0,184,1.852838
10,0,185,1.852838
10,0,186,1.852838
10,0,187,1.852838
10,0,188,1.852838
10,0,189,1.852838
10,0,190,1.852838
10,0,191,1.852838
10,0,192,1.852838
10,0,193,1.852838
10,0,194,1.852838
10,0,195,1.852838
10,0,196,1.852838
10,0,197,1.852838
10,0,198,1.852838
10,0,199,1.852838
10,0,200,1.852838
10,0,201,1.852838
10,0,202,1.852838
10,0,203,1.852838
10,0,204,1.852838
10,0,205,1.852838
10,0,206,1.852838
10,0,207,1.852838
10,0,208,1.852838
10,0,209,1.852838
10,0,210,1.852838
10,0,211,1.852838
10,0,212,1.852838
10,0,213,1.852838
10,0,214,1.852838
10,0,215,1.852838
10,0,216,1.852838
10,0,217,1.852838
10,0,218,1.852838
10,0,219,1.852838
10,0,220,1.852838
10,0,221,1.852838
10,0,222,1.852838
10,0,223,1.852838
10,0,224,1.852838
10,0,225,1.852838
10,0,226,1.852838
10,0,227,1.852838
10,0,228,1.852838
10,0,229,1.852838
10,0,230,1.852838
10,0,231,1.852838
10,0,232,1.852838
10,0,233,1.852838
10,0,234,1.852838
10,0,235,1.852838
10,0,236,1.852838
10,0,237,1.852838
10,0,238,1.852838
10,0,239,1.852838
10,0,240,1.852838
10,0,241,1.852838
10,0,242,1.852838
10,0,243,1.852838
10,0,244,1.852838
10,0,245,1.852838
10,0,246,1.852838
10,0,247,1.852838
10,0,248,1.852838
10,0,249,1.852838
10,0,250,1.852838
10,0,251,1.852838
11,0,0,1.000000
11,0,1,1.000000
11,0,2,0.972307
11,0,3,0.921899
11,0,4,0.921899
11,0,5,0.921899
11,0,6,0.921899
11,0,7,0.921899
11,0,8,0.921899
11,0,9,0.921899
11,0,10,0.921899
11,0,11,0.921899
11,0,12,0.921899
11,0,13,0.921899
11,0,14,0.918634
11,0,15,0.915125
11,0,16,0.915125
11,0,17,0.915125
11,0,18,0.915125
11,0,19,0.915125
11,0,20,0.915125
11,0,21,0.955814
11,0,22,1.079333
11,0,23,1.021699
11,0,24,0.966288
11,0,25,0.966288
11,0,26,0.966288
11,0,27,0.966288
11,0,28,0.966288
11,0,29,0.966288
11,0,30,0.966288
11,0,31,0.966288
11,0,32,0.966288
11,0,33,0.966288
11,0,34,0.966288
11,0,35,0.966288
11,0,36,0.966288
11,0,37,0.966288
11,0,38,0.966288
11,0,39,0.966288
11,0,40,0.966288
11,0,41,0.966288
11,0,42,0.966288
11,0,43,0.966288
11,0,44,0.966288
11,0,45,0.966288
11,0,46,0.966288
11,0,47,0.966288
11,0,48,0.966288
11,0,49,0.966288
11,0,50,0.966288
11,0,51,0.966288
11,0,52,0.966288
11,0,53,0.966288
11,0,54,0.966288
11,0,55,0.966288
11,0,56,0.966288
11,0,57,0.966288
11,0,58,0.966288
11,0,59,0.966288
11,0,60,0.966288
11,0,61,0.991632
11,0,62,1.046170
11,0,63,1.046812
11,0,64,1.046812
11,0,65,1.046812
11,0,66,1.046812
11,0,67,1.046812
11,0,68,1.046812
11,0,69,1.046812
11,0,70,1.046812
11,0,71,1.046812
11,0,72,1.046812
11,0,73,1.046812
11,0,74,1.036558
11,0,75,0.978451
11,0,76,0.961019
11,0,77,0.961019
11,0,78,0.961019
11,0,79,0.961019
11,0,80,0.961019
11,0,81,0.961019
11,0,82,0.961019
11,0,83,0.961019
11,0,84,0.961019
11,0,85,0.961019
11,0,86,0.961019
11,0,87,0.961019
11,0,88,0.961019
11,0,89,0.961019
11,0,90,0.961019
11,0,91,0.961019
11,0,92,0.961019
11,0,93,0.961019
11,0,94,0.961019
11,0,95,0.961019
11,0,96,0.961019
11,0,97,0.961019
11,0,98,0.961019
11,0,99,0.961019
11,0,100,0.961019
11,0,101,0.961019
11,0,102,0.961019
11,0,103,0.961019
11,0,104,0.961019
11,0,105,0.961019
11,0,106,0.961019
11,0,107,0.961019
11,0,108,0.961019
11,0,109,0.961019
11,0,110,0.961019
11,0,111,0.961019
11,0,112,0.961019
11,0,113,0.961019
11,0,114,0.961019
11,0,115,0.961019
11,0,116,0.961019
11,0,117,0.961019
11,0,118,0.961019
11,0,119,0.961019
11,0,120,0.961019
11,0,121,0.961019
11,0,122,0.961019
11,0,123,0.961019
11,0,124,0.961019
11,0,125,0.961019
11,0,126,0.961019
11,0,127,0.961019
11,0,128,0.961019
11,0,129,0.961019
11,0,130,0.961019
11,0,131,0.961019
11,0,132,0.961019
11,0,133,0.961019
11,0,134,0.961019
11,0,135,0.961019
11,0,136,0.961019
11,0,137,0.961019
11,0,138,0.961019
11,0,139,0.961019
11,0,140,0.961019
11,0,141,0.961019
11,0,142,0.961019
11,0,143,0.961019
11,0,144,0.961019
11,0,145,0.961019
11,0,146,0.961019
11,0,147,0.961019
11,0,148,0.961019
11,0,149,0.961019
11,0,150,0.961019
11,0,151,0.961019
11,0,152,0.961019
11,0,153,0.961019
11,0,154,0.961019
11,0,155,0.961019
11,0,156,0.961019
11,0,157,0.961019
11,0,158,0.961019
11,0,159,0.961019
11,0,160,0.961019
11,0,161,0.961019
11,0,162,0.961019
11,0,163,0.961019
11,0,164,0.961019
11,0,165,0.961019
11,0,166,0.961019
11,0,167,0.961019
11,0,168,0.961019
11,0,169,0.961019
11,0,170,0.961019
11,0,171,0.961019
11,0,172,0.961019
11,0,173,0.961019
11,0,174,0.961019
11,0,175,0.961019
11,0,176,0.961019
11,0,177,0.961019
11,0,178,0.961019
11,0,179,0.961019
11,0,180,0.961019
11,0,181,0.961019
11,0,182,0.961019
11,0,183,0.961019
11,0,184,0.961019
11,0,185,0.961019
11,0,186,0.961019
11,0,187,0.961019
11,0,188,0.961019
11,0,189,0.961019
11,0,190,0.961019
11,0,191,0.961019
11,0,192,0.961019
11,0,193,0.961019
11,0,194,0.961019
11,0,195,0.961019
11,0,196,0.961019
11,0,197,0.961019
11,0,198,0.961019
11,0,199,0.961019
11,0,200,0.961019
11,0,201,0.961019
11,0,202,0.961019
11,0,203,0.961019
11,0,204,0.961019
11,0,205,0.961019
11,0,206,0.961019
11,0,207,0.961019
11,0,208,0.961019
11,0,209,0.961019
11,0,210,0.961019
11,0,211,0.961019
11,0,212,0.961019
11,0,213,0.961019
11,0,214,0.961019
11,0,215,0.961019
11,0,216,0.982052
11,0,217,1.030369
11,0,218,1.032358
11,0,219,1.032358
11,0,220,1.032358
11,0,221,1.032358
11,0,222,1.032358
11,0,223,1.032358
11,0,224,1.032358
11,0,225,1.032358
11,0,226,1.032358
11,0,227,1.032358
11,0,228,1.032358
11,0,229,1.032358
11,0,230,1.032358
11,0,231,1.032358
11,0,232,1.032358
11,0,233,1.032358
11,0,234,1.032358
11,0,235,1.032358
11,0,236,1.032358
11,0,237,1.032358
11,0,238,1.032358
11,0,239,1.032358
11,0,240,1.032358
11,0,241,1.032358
11,0,242,1.032358
11,0,243,1.032358
11,0,244,1.032358
11,0,245,1.032358
11,0,246,1.032358
11,0,247,1.032358
11,0,248,1.032358
11,0,249,1.032358
11,0,250,1.032358
11,0,251,1.032358
12,0,0,1.000000
12,0,1,1.000000
12,0,2,1.000000
12,0,3,1.000000
12,0,4,1.000000
12,0,5,1.000000
12,0,6,1.000000
12,0,7,1.000000
12,0,8,1.000000
12,0,9,1.106071
12,0,10,1.294465
12,0,11,1.397369
12,0,12,1.397369
12,0,13,1.357155
12,0,14,1.240433
12,0,15,1.151176
12,0,16,1.151176
12,0,17,1.151176
12,0,18,1.151176
12,0,19,1.151176
12,0,20,1.151176
12,0,21,1.151176
12,0,22,1.151176
12,0,23,1.151176
12,0,24,1.151176
12,0,25,1.151176
12,0,26,1.151176
12,0,27,1.151176
12,0,28,1.151176
12,0,29,1.151176
12,0,30,1.151176
12,0,31,1.151176
12,0,32,1.151176
12,0,33,1.151176
12,0,34,1.151176
12,0,35,1.151176
12,0,36,1.151176
12,0,37,1.151176
12,0,38,1.151176
12,0,39,1.151176
12,0,40,1.151176
12,0,41,1.151176
12,0,42,1.151176
12,0,43,1.151176
12,0,44,1.151176
12,0,45,1.151176
12,0,46,1.151176
12,0,47,1.151176
12,0,48,1.151176
12,0,49,1.151176
12,0,50,1.151176
12,0,51,1.151176
12,0,52,1.151176
12,0,53,1.151176
12,0,54,1.151176
12,0,55,1.151176
12,0,56,1.151176
12,0,57,1.151176
12,0,58,1.151176
12,0,59,1.151176
12,0,60,1.151176
12,0,61,1.151176
12,0,62,1.151176
12,0,63,1.151176
12,0,64,1.151176
12,0,65,1.151176
12,0,66,1.151176
12,0,67,1.151176
12,0,68,1.151176
12,0,69,1.151176
12,0,70,1.215490
12,0,71,1.378329
12,0,72,1.472357
12,0,73,1.394359
12,0,74,1.330126
12,0,75,1.330126
12,0,76,1.330126
12,0,77,1.330126
12,0,78,1.330126
12,0,79,1.330126
12,0,80,1.330126
12,0,81,1.330126
12,0,82,1.330126
12,0,83,1.247111
12,0,84,1.134852
12,0,85,1.093344
12,0,86,1.093344
12,0,87,1.093344
12,0,88,1.093344
12,0,89,1.093344
12,0,90,1.093344
12,0,91,1.093344
12,0,92,1.093344
12,0,93,1.093344
12,0,94,1.093344
12,0,95,1.093344
12,0,96,1.093344
12,0,97,1.093344
12,0,98,1.093344
12,0,99,1.093344
12,0,100,1.093344
12,0,101,1.093344
12,0,102,1.093344
12,0,103,1.093344
12,0,104,1.204893
12,0,105,1.377288
12,0,106,1.456966
12,0,107,1.456966
12,0,108,1.456966
12,0,109,1.456966
12,0,110,1.456966
12,0,111,1.456966
12,0,112,1.456966
12,0,113,1.456966
12,0,114,1.456966
12,0,115,1.456966
12,0,116,1.456966
12,0,117,1.456966
12,0,118,1.456966
12,0,119,1.456966
12,0,120,1.456966
12,0,121,1.456966
12,0,122,1.456966
12,0,123,1.456966
12,0,124,1.456966
12,0,125,1.456966
12,0,126,1.456966
12,0,127,1.434821
12,0,128,1.385101
12,0,129,1.335948
12,0,130,1.287918
12,0,131,1.250785
12,0,132,1.250785
12,0,133,1.250785
12,0,134,1.250785
12,0,135,1.250785
12,0,136,1.250785
12,0,137,1.250785
12,0,138,1.250785
12,0,139,1.250785
12,0,140,1.250785
12,0,141,1.250785
12,0,142,1.250785
12,0,143,1.250785
12,0,144,1.250785
12,0,145,1.250785
12,0,146,1.250785
12,0,147,1.250785
12,0,148,1.250785
12,0,149,1.250785
12,0,150,1.250785
12,0,151,1.250785
12,0,152,1.250785
12,0,153,1.250785
12,0,154,1.250785
12,0,155,1.250785
12,0,156,1.250785
12,0,157,1.250785
12,0,158,1.250785
12,0,159,1.250785
12,0,160,1.250785
12,0,161,1.250785
12,0,162,1.250785
12,0,163,1.250785
12,0,164,1.250785
12,0,165,1.250785
12,0,166,1.250785
12,0,167,1.250785
12,0,168,1.250785
12,0,169,1.250785
12,0,170,1.250785
12,0,171,1.250785
12,0,172,1.250785
12,0,173,1.250785
12,0,174,1.250785
12,0,175,1.250785
12,0,176,1.250785
12,0,177,1.250785
12,0,178,1.250785
12,0,179,1.250785
12,0,180,1.250785
12,0,181,1.250785
12,0,182,1.250785
12,0,183,1.250785
12,0,184,1.200834
12,0,185,1.100085
12,0,186,1.044849
12,0,187,1.061840
12,0,188,1.074119
12,0,189,1.074119
12,0,190,1.074119
12,0,191,1.074119
12,0,192,1.074119
12,0,193,1.074119
12,0,194,1.074119
12,0,195,1.074119
12,0,196,1.074119
12,0,197,1.074119
12,0,198,1.074119
12,0,199,1.074119
12,0,200,1.074119
12,0,201,1.074119
12,0,202,1.074119
12,0,203,1.074119
12,0,204,1.074119
12,0,205,1.074119
12,0,206,1.074119
12,0,207,1.074119
12,0,208,1.074119
12,0,209,1.074119
12,0,210,1.074119
12,0,211,1.074119
12,0,212,1.074119
12,0,213,1.074119
12,0,214,1.074119
12,0,215,1.074119
12,0,216,1.074119
12,0,217,1.074119
12,0,218,1.074119
12,0,219,1.074119
12,0,220,1.074119
12,0,221,1.074119
12,0,222,1.074119
12,0,223,1.074119
12,0,224,1.151731
12,0,225,1.336446
12,0,226,1.463729
12,0,227,1.463729
12,0,228,1.463729
12,0,229,1.463729
12,0,230,1.463729
12,0,231,1.463729
12,0,232,1.463729
12,0,233,1.463729
12,0,234,1.463729
12,0,235,1.463729
12,0,236,1.463729
12,0,237,1.463729
12,0,238,1.463729
12,0,239,1.463729
12,0,240,1.463729
12,0,241,1.463729
12,0,242,1.463729
12,0,243,1.463729
12,0,244,1.463729
12,0,245,1.478092
12,0,246,1.521918
12,0,247,1.556169
12,0,248,1.556169
12,0,249,1.561380
12,0,250,1.609080
12,0,251,1.656780
13,0,0,1.000000
13,0,1,1.022098
13,0,2,1.038787
13,0,3,1.038787
13,0,4,1.038787
13,0,5,1.038787
13,0,6,1.038787
13,0,7,1.038787
13,0,8,1.038787
13,0,9,1.038787
13,0,10,1.038787
13,0,11,1.038787
13,0,12,1.038787
13,0,13,1.038787
13,0,14,1.038787
13,0,15,1.038787
13,0,16,1.038787
13,0,17,1.038787
13,0,18,1.038787
13,0,19,1.038787
13,0,20,1.038787
13,0,21,1.038787
13,0,22,1.038787
13,0,23,1.038787
13,0,24,1.038787
13,0,25,1.038787
13,0,26,1.038787
13,0,27,1.038787
13,0,28,1.038787
13,0,29,1.038787
13,0,30,1.038787
13,0,31,1.038787
13,0,32,1.038787
13,0,33,1.038787
13,0,34,1.038787
13,0,35,1.038787
13,0,36,1.038787
13,0,37,1.038787
13,0,38,1.038787
13,0,39,1.038787
13,0,40,1.038787
13,0,41,1.038787
13,0,42,1.038787
13,0,43,1.038787
13,0,44,1.038787
13,0,45,1.038787
13,0,46,1.038787
13,0,47,1.038787
13,0,48,1.038787
13,0,49,1.038787
13,0,50,1.038787
13,0,51,1.038787
13,0,52,1.038787
13,0,53,1.038787
13,0,54,1.038787
13,0,55,1.038787
13,0,56,1.038787
13,0,57,1.038787
13,0,58,1.038787
13,0,59,1.038787
13,0,60,1.038787
13,0,61,1.038787
13,0,62,1.038787
13,0,63,1.038787
13,0,64,1.038787
13,0,65,1.038787
13,0,66,1.038787
13,0,67,1.038787
13,0,68,1.038787
13,0,69,1.038787
13,0,70,1.038787
13,0,71,1.038787
13,0,72,1.038787
13,0,73,1.038787
13,0,74,1.038787
13,0,75,1.038787
13,0,76,1.038787
13,0,77,1.038787
13,0,78,1.038787
13,0,79,1.038787
13,0,80,1.038787
13,0,81,1.038787
13,0,82,1.038787
13,0,83,1.038787
13,0,84,1.038787
13,0,85,1.038787
13,0,86,1.038787
13,0,87,1.038787
13,0,88,1.038787
13,0,89,1.038787
13,0,90,1.038787
13,0,91,1.038787
13,0,92,1.038787
13,0,93,1.038787
13,0,94,1.038787
13,0,95,1.038787
13,0,96,1.038787
13,0,97,1.038787
13,0,98,1.038787
13,0,99,1.038787
13,0,100,1.038787
13,0,101,1.038787
13,0,102,1.038787
13,0,103,1.038787
13,0,104,1.038787
13,0,105,1.038787
13,0,106,1.038787
13,0,107,1.038787
13,0,108,1.038787
13,0,109,1.038787
13,0,110,1.038787
13,0,111,1.038787
13,0,112,1.038787
13,0,113,1.038787
13,0,114,1.038787
13,0,115,1.038787
13,0,116,1.038787
13,0,117,1.038787
13,0,118,1.038787
13,0,119,1.038787
13,0,120,1.038787
13,0,121,1.038787
13,0,122,1.038787
13,0,123,1.038787
13,0,124,1.038787
13,0,125,1.038787
13,0,126,1.038787
13,0,127,1.137106
13,0,128,1.295078
13,0,129,1.316067
13,0,130,1.316067
13,0,131,1.316067
13,0,132,1.316067
13,0,133,1.316067
13,0,134,1.316067
13,0,135,1.316067
13,0,136,1.316067
13,0,137,1.316067
13,0,138,1.316067
13,0,139,1.316067
13,0,140,1.316067
13,0,141,1.316067
13,0,142,1.316067
13,0,143,1.316067
13,0,144,1.316067
13,0,145,1.316067
13,0,146,1.371027
13,0,147,1.545676
13,0,148,1.622620
13,0,149,1.622620
13,0,150,1.622620
13,0,151,1.622620
13,0,152,1.622620
13,0,153,1.622620
13,0,154,1.622620
13,0,155,1.621876
13,0,156,1.620493
13,0,157,1.620194
13,0,158,1.620194
13,0,159,1.620194
13,0,160,1.620194
13,0,161,1.620194
13,0,162,1.620194
13,0,163,1.620194
13,0,164,1.620194
13,0,165,1.620194
13,0,166,1.620194
13,0,167,1.597213
13,0,168,1.505930
13,0,169,1.459969
13,0,170,1.459969
13,0,171,1.459969
13,0,172,1.459969
13,0,173,1.459969
13,0,174,1.459969
13,0,175,1.459969
13,0,176,1.459969
13,0,177,1.459969
13,0,178,1.459969
13,0,179,1.459969
13,0,180,1.459969
13,0,181,1.459969
13,0,182,1.459969
13,0,183,1.459969
13,0,184,1.459969
13,0,185,1.459969
13,0,186,1.459969
13,0,187,1.459969
13,0,188,1.459969
13,0,189,1.459969
13,0,190,1.459969
13,0,191,1.459969
13,0,192,1.459969
13,0,193,1.459969
13,0,194,1.459969
13,0,195,1.459969
13,0,196,1.459969
13,0,197,1.459969
13,0,198,1.459969
13,0,199,1.459969
13,0,200,1.459969
13,0,201,1.459969
13,0,202,1.459969
13,0,203,1.459969
13,0,204,1.417803
13,0,205,1.310130
13,0,206,1.270976
13,0,207,1.270976
13,0,208,1.270976
13,0,209,1.270976
13,0,210,1.270976
13,0,211,1.270976
13,0,212,1.270976
13,0,213,1.270976
13,0,214,1.270976
13,0,215,1.270976
13,0,216,1.270976
13,0,217,1.270976
13,0,218,1.270976
13,0,219,1.270976
13,0,220,1.270976
13,0,221,1.270976
13,0,222,1.270976
13,0,223,1.270976
13,0,224,1.270976
13,0,225,1.270976
13,0,226,1.270976
13,0,227,1.270976
13,0,228,1.270976
13,0,229,1.343043
13,0,230,1.425581
13,0,231,1.425581
13,0,232,1.425581
13,0,233,1.425581
13,0,234,1.425581
13,0,235,1.425581
13,0,236,1.425581
13,0,237,1.425581
13,0,238,1.425581
13,0,239,1.425581
13,0,240,1.425581
13,0,241,1.425581
13,0,242,1.425581
13,0,243,1.425581
13,0,244,1.426449
13,0,245,1.467830
13,0,246,1.498215
13,0,247,1.498215
13,0,248,1.466945
13,0,249,1.405692
13,0,250,1.390700
13,0,251,1.390700
14,0,0,1.000000
14,0,1,1.000000
14,0,2,1.000000
14,0,3,1.000000
14,0,4,1.000000
14,0,5,1.000000
14,0,6,1.000000
14,0,7,1.000000
14,0,8,1.000000
14,0,9,1.000000
14,0,10,1.000000
14,0,11,1.000000
14,0,12,1.000000
14,0,13,1.000000
14,0,14,1.000000
14,0,15,1.000000
14,0,16,1.000000
14,0,17,1.000000
14,0,18,1.000000
14,0,19,1.000000
14,0,20,1.000000
14,0,21,1.000000
14,0,22,1.000000
14,0,23,1.000000
14,0,24,1.000000
14,0,25,1.000000
14,0,26,1.000000
14,0,27,1.000000
14,0,28,1.000000
14,0,29,1.000000
14,0,30,1.000000
14,0,31,1.000000
14,0,32,1.000000
14,0,33,1.000000
14,0,34,1.000000
14,0,35,1.000000
14,0,36,1.000000
14,0,37,1.000000
14,0,38,1.000000
14,0,39,1.000000
14,0,40,1.000000
14,0,41,1.000000
14,0,42,1.000000
14,0,43,1.000000
14,0,44,1.000000
14,0,45,1.000000
14,0,46,1.000000
14,0,47,1.000000
14,0,48,1.000000
14,0,49,1.000000
14,0,50,1.000000
14,0,51,1.000000
14,0,52,1.000000
14,0,53,1.000000
14,0,54,1.000000
14,0,55,1.000000
14,0,56,1.001763
14,0,57,1.041307
14,0,58,1.102175
14,0,59,1.189546
14,0,60,1.288440
14,0,61,1.364331
14,0,62,1.364331
14,0,63,1.364331
14,0,64,1.364331
14,0,65,1.364331
14,0,66,1.364331
14,0,67,1.364331
14,0,68,1.364331
14,0,69,1.364331
14,0,70,1.364331
14,0,71,1.364331
14,0,72,1.364331
14,0,73,1.364331
14,0,74,1.364331
14,0,75,1.364331
14,0,76,1.364331
14,0,77,1.364331
14,0,78,1.364331
14,0,79,1.364331
14,0,80,1.364331
14,0,81,1.364331
14,0,82,1.364331
14,0,83,1.364331
14,0,84,1.345794
14,0,85,1.330119
14,0,86,1.330119
14,0,87,1.330119
14,0,88,1.330119
14,0,89,1.330119
14,0,90,1.330119
14,0,91,1.330119
14,0,92,1.330119
14,0,93,1.330119
14,0,94,1.330119
14,0,95,1.330119
14,0,96,1.330119
14,0,97,1.330119
14,0,98,1.330119
14,0,99,1.330119
14,0,100,1.330119
14,0,101,1.330119
14,0,102,1.330119
14,0,103,1.330119
14,0,104,1.330119
14,0,105,1.330119
14,0,106,1.330119
14,0,107,1.330119
14,0,108,1.330119
14,0,109,1.330119
14,0,110,1.330119
14,0,111,1.330119
14,0,112,1.330119
14,0,113,1.330119
14,0,114,1.330119
14,0,115,1.330119
14,0,116,1.330119
14,0,117,1.330119
14,0,118,1.330119
14,0,119,1.330119
14,0,120,1.330119
14,0,121,1.330119
14,0,122,1.330119
14,0,123,1.330119
14,0,124,1.330119
14,0,125,1.330119
14,0,126,1.330119
14,0,127,1.330119
14,0,128,1.330119
14,0,129,1.330119
14,0,130,1.330119
14,0,131,1.330119
14,0,132,1.330119
14,0,133,1.330119
14,0,134,1.330119
14,0,135,1.330119
14,0,136,1.330119
14,0,137,1.330119
14,0,138,1.330119
14,0,139,1.330119
14,0,140,1.330119
14,0,141,1.330119
14,0,142,1.330119
14,0,143,1.330119
14,0,144,1.330119
14,0,145,1.330119
14,0,146,1.330119
14,0,147,1.330119
14,0,148,1.694307
14,0,149,1.964919
14,0,150,1.964919
14,0,151,1.964919
14,0,152,1.964919
14,0,153,1.964919
14,0,154,1.964919
14,0,155,1.964919
14,0,156,1.964919
14,0,157,1.964919
14,0,158,1.964919
14,0,159,1.964919
14,0,160,1.964919
14,0,161,1.964919
14,0,162,1.964919
14,0,163,1.964919
14,0,164,1.964919
14,0,165,1.964919
14,0,166,1.964919
14,0,167,1.964919
14,0,168,1.964919
14,0,169,1.964919
14,0,170,1.964919
14,0,171,1.964919
14,0,172,3.341034
14,0,173,4.314611
14,0,174,4.314611
14,0,175,4.314611
14,0,176,4.314611
14,0,177,4.314611
14,0,178,4.314611
14,0,179,4.314611
14,0,180,4.314611
14,0,181,4.314611
14,0,182,4.314611
14,0,183,4.314611
14,0,184,4.314611
14,0,185,4.314611
14,0,186,4.314611
14,0,187,4.314611
14,0,188,4.314611
14,0,189,4.314611
14,0,190,4.314611
14,0,191,4.314611
14,0,192,4.314611
14,0,193,4.314611
14,0,194,4.314611
14,0,195,4.314611
14,0,196,4.314611
14,0,197,4.314611
14,0,198,4.314611
14,0,199,4.314611
14,0,200,4.314611
14,0,201,4.314611
14,0,202,4.314611
14,0,203,4.314611
14,0,204,4.314611
14,0,205,4.314611
14,0,206,4.314611
14,0,207,4.314611
14,0,208,4.314611
14,0,209,4.314611
14,0,210,4.314611
14,0,211,4.314611
14,0,212,4.314611
14,0,213,4.314611
14,0,214,4.314611
14,0,215,4.314611
14,0,216,4.314611
14,0,217,4.314611
14,0,218,4.314611
14,0,219,4.314611
14,0,220,4.314611
14,0,221,4.314611
14,0,222,4.314611
14,0,223,4.314611
14,0,224,4.314611
14,0,225,4.314611
14,0,226,4.314611
14,0,227,4.314611
14,0,228,4.314611
14,0,229,4.314611
14,0,230,4.314611
14,0,231,4.314611
14,0,232,4.314611
14,0,233,4.314611
14,0,234,4.314611
14,0,235,4.314611
14,0,236,4.314611
14,0,237,4.314611
14,0,238,4.314611
14,0,239,4.314611
14,0,240,4.314611
14,0,241,4.314611
14,0,242,4.314611
14,0,243,4.314611
14,0,244,4.314611
14,0,245,4.314611
14,0,246,4.314611
14,0,247,4.585374
14,0,248,4.760047
14,0,249,4.262428
14,0,250,4.062747
14,0,251,4.062747
15,0,0,1.000000
15,0,1,1.000000
15,0,2,1.000000
15,0,3,1.000000
15,0,4,1.000000
15,0,5,1.000000
15,0,6,1.000000
15,0,7,1.000000
15,0,8,1.000000
15,0,9,1.000000
15,0,10,1.000000
15,0,11,1.000000
15,0,12,1.000000
15,0,13,1.000000
15,0,14,0.992078
15,0,15,0.849484
15,0,16,0.715944
15,0,17,0.715944
15,0,18,0.715944
15,0,19,0.715944
15,0,20,0.715944
15,0,21,0.715944
15,0,22,0.715944
15,0,23,0.715944
15,0,24,0.715944
15,0,25,0.715944
15,0,26,0.715944
15,0,27,0.715944
15,0,28,0.715944
15,0,29,0.715944
15,0,30,0.715944
15,0,31,0.715944
15,0,32,0.715944
15,0,33,0.715944
15,0,34,0.741991
15,0,35,0.935046
15,0,36,1.100521
15,0,37,1.100521
15,0,38,1.100521
15,0,39,1.100521
15,0,40,1.100521
15,0,41,1.100521
15,0,42,1.100521
15,0,43,1.100521
15,0,44,1.100521
15,0,45,1.100521
15,0,46,1.154151
15,0,47,1.447951
15,0,48,1.685788
15,0,49,1.685788
15,0,50,1.675780
15,0,51,1.625336
15,0,52,1.585302
15,0,53,1.585302
15,0,54,1.585302
15,0,55,1.585302
15,0,56,1.585302
15,0,57,1.585302
15,0,58,1.585302
15,0,59,1.585302
15,0,60,1.585302
15,0,61,1.585302
15,0,62,1.585302
15,0,63,1.585302
15,0,64,1.585302
15,0,65,1.585302
15,0,66,1.585302
15,0,67,1.585302
15,0,68,1.585302
15,0,69,1.585302
15,0,70,1.585302
15,0,71,1.585302
15,0,72,1.585302
15,0,73,1.585302
15,0,74,1.585302
15,0,75,1.585302
15,0,76,1.602244
15,0,77,1.658422
15,0,78,1.661874
15,0,79,1.547708
15,0,80,1.469785
15,0,81,1.469785
15,0,82,1.469785
15,0,83,1.469785
15,0,84,1.469785
15,0,85,1.469785
15,0,86,1.469785
15,0,87,1.469785
15,0,88,1.469785
15,0,89,1.469785
15,0,90,1.469785
15,0,91,1.469785
15,0,92,1.469785
15,0,93,1.469785
15,0,94,1.469785
15,0,95,1.469785
15,0,96,1.469785
15,0,97,1.469785
15,0,98,1.469785
15,0,99,1.469785
15,0,100,1.469785
15,0,101,1.469785
15,0,102,1.469785
15,0,103,1.469785
15,0,104,1.469785
15,0,105,1.469785
15,0,106,1.469785
15,0,107,1.469785
15,0,108,1.469785
15,0,109,1.469785
15,0,110,1.469785
15,0,111,1.469785
15,0,112,1.469785
15,0,113,1.469785
15,0,114,1.469785
15,0,115,1.469785
15,0,116,1.469785
15,0,117,1.469785
15,0,118,1.469785
15,0,119,1.469785
15,0,120,1.469785
15,0,121,1.469785
15,0,122,1.469785
15,0,123,1.469785
15,0,124,1.469785
15,0,125,1.469785
15,0,126,1.469785
15,0,127,1.469785
15,0,128,1.469785
15,0,129,1.469785
15,0,130,1.469785
15,0,131,1.469785
15,0,132,1.469785
15,0,133,1.469785
15,0,134,1.469785
15,0,135,1.469785
15,0,136,1.469785
15,0,137,1.469785
15,0,138,1.469785
15,0,139,1.469785
15,0,140,1.469785
15,0,141,1.469785
15,0,142,1.469785
15,0,143,1.469785
15,0,144,1.544941
15,0,145,1.676464
15,0,146,1.595138
15,0,147,1.359277
15,0,148,1.261937
15,0,149,1.261937
15,0,150,1.261937
15,0,151,1.261937
15,0,152,1.261937
15,0,153,1.261937
15,0,154,1.261937
15,0,155,1.261937
15,0,156,1.325307
15,0,157,1.427674
15,0,158,1.522839
15,0,159,1.613719
15,0,160,1.646897
15,0,161,1.646897
15,0,162,1.646897
15,0,163,1.646897
15,0,164,1.646897
15,0,165,1.646897
15,0,166,1.646897
15,0,167,1.646897
15,0,168,1.646897
15,0,169,1.646897
15,0,170,1.646897
15,0,171,1.646897
15,0,172,1.646897
15,0,173,1.646897
15,0,174,1.646897
15,0,175,1.646897
15,0,176,1.646897
15,0,177,1.646897
15,0,178,1.646897
15,0,179,1.646897
15,0,180,1.646897
15,0,181,1.646897
15,0,182,1.646897
15,0,183,1.646897
15,0,184,1.646897
15,0,185,1.646897
15,0,186,1.646897
15,0,187,1.646897
15,0,188,1.646897
15,0,189,1.646897
15,0,190,1.646897
15,0,191,1.646897
15,0,192,1.646897
15,0,193,1.646897
15,0,194,1.646897
15,0,195,1.646897
15,0,196,1.646897
15,0,197,1.646897
15,0,198,1.646897
15,0,199,1.646897
15,0,200,1.646897
15,0,201,1.646897
15,0,202,1.646897
15,0,203,1.646897
15,0,204,1.646897
15,0,205,1.646897
15,0,206,1.646897
15,0,207,1.646897
15,0,208,1.646897
15,0,209,1.646897
15,0,210,1.646897
15,0,211,1.646897
15,0,212,1.646897
15,0,213,1.646897
15,0,214,1.646897
15,0,215,1.646897
15,0,216,1.646897
15,0,217,1.646897
15,0,218,1.646897
15,0,219,1.646897
15,0,220,1.646897
15,0,221,1.646897
15,0,222,1.646897
15,0,223,1.646897
15,0,224,1.646897
15,0,225,1.646897
15,0,226,1.646897
15,0,227,1.646897
15,0,228,1.646897
15,0,229,1.646897
15,0,230,1.646897
15,0,231,1.646897
15,0,232,1.646897
15,0,233,1.646897
15,0,234,1.646897
15,0,235,1.646897
15,0,236,1.646897
15,0,237,1.646897
15,0,238,1.646897
15,0,239,1.646897
15,0,240,1.646897
15,0,241,1.646897
15,0,242,1.646897
15,0,243,1.646897
15,0,244,1.646897
15,0,245,1.646897
15,0,246,1.646897
15,0,247,1.646897
15,0,248,1.646897
15,0,249,1.646897
15,0,250,1.596078
15,0,251,1.544853
16,0,0,1.000000
16,0,1,1.000000
16,0,2,1.000000
16,0,3,1.000000
16,0,4,1.000000
16,0,5,1.000000
16,0,6,1.000000
16,0,7,1.000000
16,0,8,1.000000
16,0,9,1.000000
16,0,10,1.000000
16,0,11,1.000000
16,0,12,1.039986
16,0,13,1.175378
16,0,14,1.176079
16,0,15,1.176079
16,0,16,1.176079
16,0,17,1.176079
16,0,18,1.176079
16,0,19,1.176079
16,0,20,1.176079
16,0,21,1.176079
16,0,22,1.176079
16,0,23,1.176079
16,0,24,1.176079
16,0,25,1.176079
16,0,26,1.176079
16,0,27,1.176079
16,0,28,1.176079
16,0,29,1.176079
16,0,30,1.176079
16,0,31,1.176079
16,0,32,1.176079
16,0,33,1.176079
16,0,34,1.176079
16,0,35,1.176079
16,0,36,1.176079
16,0,37,1.176079
16,0,38,1.176079
16,0,39,1.176079
16,0,40,1.176079
16,0,41,1.176079
16,0,42,1.176079
16,0,43,1.163973
16,0,44,1.017943
16,0,45,0.986164
16,0,46,0.986164
16,0,47,0.986164
16,0,48,0.986164
16,0,49,0.986164
16,0,50,0.986164
16,0,51,0.986164
16,0,52,0.986164
16,0,53,0.986164
16,0,54,0.986164
16,0,55,0.986164
16,0,56,0.986164
16,0,57,0.986164
16,0,58,0.986164
16,0,59,0.986164
16,0,60,0.986164
16,0,61,0.986164
16,0,62,0.986164
16,0,63,0.986164
16,0,64,0.986164
16,0,65,0.986164
16,0,66,0.986164
16,0,67,0.986164
16,0,68,0.986164
16,0,69,0.986164
16,0,70,0.986164
16,0,71,0.986164
16,0,72,0.986164
16,0,73,0.986164
16,0,74,0.986164
16,0,75,0.986164
16,0,76,0.986164
16,0,77,1.019279
16,0,78,1.142183
16,0,79,1.233974
16,0,80,1.264082
16,0,81,1.264082
16,0,82,1.264082
16,0,83,1.264082
16,0,84,1.264082
16,0,85,1.264082
16,0,86,1.264504
16,0,87,1.267051
16,0,88,1.267394
16,0,89,1.267394
16,0,90,1.267394
16,0,91,1.267394
16,0,92,1.267394
16,0,93,1.267394
16,0,94,1.267394
16,0,95,1.267394
16,0,96,1.267394
16,0,97,1.267394
16,0,98,1.267394
16,0,99,1.267394
16,0,100,1.267394
16,0,101,1.267394
16,0,102,1.267394
16,0,103,1.267394
16,0,104,1.267394
16,0,105,1.267394
16,0,106,1.267394
16,0,107,1.267394
16,0,108,1.267394
16,0,109,1.267394
16,0,110,1.267394
16,0,111,1.267394
16,0,112,1.267394
16,0,113,1.267394
16,0,114,1.267394
16,0,115,1.267394
16,0,116,1.267394
16,0,117,1.267394
16,0,118,1.267394
16,0,119,1.267394
16,0,120,1.267394
16,0,121,1.267394
16,0,122,1.267394
16,0,123,1.267394
16,0,124,1.267394
16,0,125,1.267394
16,0,126,1.267394
16,0,127,1.267394
16,0,128,1.267394
16,0,129,1.267394
16,0,130,1.267394
16,0,131,1.267394
16,0,132,1.267394
16,0,133,1.267394
16,0,134,1.267394
16,0,135,1.267394
16,0,136,1.267394
16,0,137,1.267394
16,0,138,1.267394
16,0,139,1.267394
16,0,140,1.267394
16,0,141,1.267394
16,0,142,1.267394
16,0,143,1.267394
16,0,144,1.267394
16,0,145,1.267394
16,0,146,1.267394
16,0,147,1.267394
16,0,148,1.267394
16,0,149,1.267394
16,0,150,1.267394
16,0,151,1.267394
16,0,152,1.267394
16,0,153,1.267394
16,0,154,1.267394
16,0,155,1.267394
16,0,156,1.267394
16,0,157,1.267394
16,0,158,1.267394
16,0,159,1.267394
16,0,160,1.267394
16,0,161,1.267394
16,0,162,1.267394
16,0,163,1.267394
16,0,164,1.267394
16,0,165,1.267394
16,0,166,1.267394
16,0,167,1.267394
16,0,168,1.267394
16,0,169,1.267394
16,0,170,1.267394
16,0,171,1.267394
16,0,172,1.267394
16,0,173,1.267394
16,0,174,1.267394
16,0,175,1.267394
16,0,176,1.267394
16,0,177,1.267394
16,0,178,1.267394
16,0,179,1.267394
16,0,180,1.267394
16,0,181,1.267394
16,0,182,1.267394
16,0,183,1.267394
16,0,184,1.267394
16,0,185,1.267394
16,0,186,1.267394
16,0,187,1.267394
16,0,188,1.267394
16,0,189,1.267394
16,0,190,1.267394
16,0,191,1.267394
16,0,192,1.267394
16,0,193,1.267394
16,0,194,1.267394
16,0,195,1.267394
16,0,196,1.267394
16,0,197,1.267394
16,0,198,1.267394
16,0,199,1.267394
16,0,200,1.267394
16,0,201,1.267394
16,0,202,1.267394
16,0,203,1.267394
16,0,204,1.267394
16,0,205,1.267394
16,0,206,1.267394
16,0,207,1.267394
16,0,208,1.267394
16,0,209,1.267394
16,0,210,1.267394
16,0,211,1.267394
16,0,212,1.267394
16,0,213,1.267394
16,0,214,1.267394
16,0,215,1.267394
16,0,216,1.267394
16,0,217,1.267394
16,0,218,1.267394
16,0,219,1.267394
16,0,220,1.267394
16,0,221,1.267394
16,0,222,1.267394
16,0,223,1.267394
16,0,224,1.267394
16,0,225,1.267394
16,0,226,1.267394
16,0,227,1.267394
16,0,228,1.267394
16,0,229,1.267394
16,0,230,1.267394
16,0,231,1.267394
16,0,232,1.267394
16,0,233,1.267394
16,0,234,1.267394
16,0,235,1.267394
16,0,236,1.267394
16,0,237,1.267394
16,0,238,1.267394
16,0,239,1.267394
16,0,240,1.267394
16,0,241,1.267394
16,0,242,1.267394
16,0,243,1.267394
16,0,244,1.267394
16,0,245,1.267394
16,0,246,1.267394
16,0,247,1.267394
16,0,248,1.267394
16,0,249,1.267394
16,0,250,1.267394
16,0,251,1.267394
17,0,0,1.000000
17,0,1,1.000000
17,0,2,0.961105
17,0,3,0.921899
17,0,4,0.921899
17,0,5,0.921899
17,0,6,0.921899
17,0,7,0.921899
17,0,8,0.921899
17,0,9,0.921899
17,0,10,0.921899
17,0,11,0.921899
17,0,12,0.921899
17,0,13,0.921899
17,0,14,0.921899
17,0,15,0.921899
17,0,16,0.921899
17,0,17,0.921899
17,0,18,0.921899
17,0,19,0.921899
17,0,20,0.921899
17,0,21,0.921899
17,0,22,0.921899
17,0,23,0.921899
17,0,24,0.921899
17,0,25,0.921899
17,0,26,0.921899
17,0,27,0.921899
17,0,28,0.921899
17,0,29,0.921899
17,0,30,0.921899
17,0,31,0.921899
17,0,32,0.921899
17,0,33,0.921899
17,0,34,0.825754
17,0,35,0.715639
17,0,36,0.715639
17,0,37,0.715639
17,0,38,0.715639
17,0,39,0.715639
17,0,40,0.715639
17,0,41,0.715639
17,0,42,0.715639
17,0,43,0.715639
17,0,44,0.715639
17,0,45,0.715639
17,0,46,0.715639
17,0,47,0.715639
17,0,48,0.715639
17,0,49,0.715639
17,0,50,0.715639
17,0,51,0.715639
17,0,52,0.715639
17,0,53,0.715639
17,0,54,0.715639
17,0,55,0.715639
17,0,56,0.715639
17,0,57,0.715639
17,0,58,0.715639
17,0,59,0.715639
17,0,60,0.715639
17,0,61,0.715639
17,0,62,0.715639
17,0,63,0.715639
17,0,64,0.715639
17,0,65,0.715639
17,0,66,0.715639
17,0,67,0.715639
17,0,68,0.715639
17,0,69,0.715639
17,0,70,0.715639
17,0,71,0.715639
17,0,72,0.715639
17,0,73,0.715639
17,0,74,0.715639
17,0,75,0.715639
17,0,76,0.715639
17,0,77,0.715639
17,0,78,0.715639
17,0,79,0.715639
17,0,80,0.715639
17,0,81,0.715639
17,0,82,0.715639
17,0,83,0.715639
17,0,84,0.715639
17,0,85,0.715639
17,0,86,0.715639
17,0,87,0.715639
17,0,88,0.715639
17,0,89,0.715639
17,0,90,0.715639
17,0,91,0.715639
17,0,92,0.715639
17,0,93,0.845316
17,0,94,0.912905
17,0,95,0.912905
17,0,96,0.912905
17,0,97,0.912905
17,0,98,0.912905
17,0,99,0.912905
17,0,100,0.912905
17,0,101,0.912905
17,0,102,0.912905
17,0,103,0.912905
17,0,104,0.912905
17,0,105,0.912905
17,0,106,0.912905
17,0,107,0.912905
17,0,108,0.912905
17,0,109,0.912905
17,0,110,0.912905
17,0,111,0.947252
17,0,112,1.131744
17,0,113,1.159222
17,0,114,1.159222
17,0,115,1.159222
17,0,116,1.159222
17,0,117,1.159222
17,0,118,1.159222
17,0,119,1.159222
17,0,120,1.159222
17,0,121,1.159222
17,0,122,1.159222
17,0,123,1.159222
17,0,124,1.159222
17,0,125,1.159222
17,0,126,1.159222
17,0,127,1.159222
17,0,128,1.159222
17,0,129,1.159222
17,0,130,1.159222
17,0,131,1.159222
17,0,132,1.159222
17,0,133,1.159222
17,0,134,1.159222
17,0,135,1.159222
17,0,136,1.159222
17,0,137,1.159222
17,0,138,1.159222
17,0,139,1.159222
17,0,140,1.159222
17,0,141,1.159222
17,0,142,1.159222
17,0,143,1.159222
17,0,144,1.159222
17,0,145,1.159222
17,0,146,1.159222
17,0,147,1.159222
17,0,148,1.159222
17,0,149,1.159222
17,0,150,1.159222
17,0,151,1.159222
17,0,152,1.159222
17,0,153,1.159222
17,0,154,1.159222
17,0,155,1.159222
17,0,156,1.159222
17,0,157,1.159222
17,0,158,1.159222
17,0,159,1.159222
17,0,160,1.159222
17,0,161,1.159222
17,0,162,1.159222
17,0,163,1.159222
17,0,164,1.159222
17,0,165,1.159222
17,0,166,1.159222
17,0,167,1.159222
17,0,168,1.159222
17,0,169,1.159222
17,0,170,1.159222
17,0,171,1.159222
17,0,172,1.159222
17,0,173,1.159222
17,0,174,1.159222
17,0,175,1.159222
17,0,176,1.159222
17,0,177,1.159222
17,0,178,1.159222
17,0,179,1.159222
17,0,180,1.159222
17,0,181,1.159222
17,0,182,1.159222
17,0,183,1.159222
17,0,184,1.159222
17,0,185,1.159222
17,0,186,1.159222
17,0,187,1.159222
17,0,188,1.159222
17,0,189,1.159222
17,0,190,1.159222
17,0,191,1.159222
17,0,192,1.159222
17,0,193,1.159222
17,0,194,1.159222
17,0,195,1.159222
17,0,196,1.159222
17,0,197,1.159222
17,0,198,1.159222
17,0,199,1.159222
17,0,200,1.159222
17,0,201,1.159222
17,0,202,1.159222
17,0,203,1.159222
17,0,204,1.159222
17,0,205,1.159222
17,0,206,1.159222
17,0,207,1.159222
17,0,208,1.159222
17,0,209,1.159222
17,0,210,1.159222
17,0,211,1.159222
17,0,212,1.159222
17,0,213,1.159222
17,0,214,1.159222
17,0,215,1.159222
17,0,216,1.159222
17,0,217,1.159222
17,0,218,1.159222
17,0,219,1.159222
17,0,220,1.159222
17,0,221,1.159222
17,0,222,1.159222
17,0,223,1.159222
17,0,224,1.159222
17,0,225,1.154645
17,0,226,1.150518
17,0,227,1.150518
17,0,228,1.150518
17,0,229,1.150518
17,0,230,1.150518
17,0,231,1.150518
17,0,232,1.150518
17,0,233,1.150518
17,0,234,1.150518
17,0,235,1.150518
17,0,236,1.150518
17,0,237,1.150518
17,0,238,1.150518
17,0,239,1.150518
17,0,240,1.150518
17,0,241,1.150518
17,0,242,1.150518
17,0,243,1.150518
17,0,244,1.150518
17,0,245,1.150518
17,0,246,1.150518
17,0,247,1.150518
17,0,248,1.150518
17,0,249,1.150518
17,0,250,1.153661
17,0,251,1.163040
18,0,0,1.000000
18,0,1,1.000000
18,0,2,1.000000
18,0,3,1.000000
18,0,4,1.000000
18,0,5,1.000000
18,0,6,1.000000
18,0,7,1.000000
18,0,8,1.000000
18,0,9,1.000000
18,0,10,1.000000
18,0,11,1.000000
18,0,12,1.139317
18,0,13,1.283383
18,0,14,1.397369
18,0,15,1.397369
18,0,16,1.397369
18,0,17,1.357155
18,0,18,1.267897
18,0,19,1.178640
18,0,20,1.151176
18,0,21,1.151176
18,0,22,1.151176
18,0,23,1.151176
18,0,24,1.151176
18,0,25,1.151176
18,0,26,1.151176
18,0,27,1.151176
18,0,28,1.151176
18,0,29,1.151176
18,0,30,1.151176
18,0,31,1.151176
18,0,32,1.151176
18,0,33,1.151176
18,0,34,1.151176
18,0,35,1.151176
18,0,36,1.151176
18,0,37,1.151176
18,0,38,1.151176
18,0,39,1.151176
18,0,40,1.151176
18,0,41,1.151176
18,0,42,1.151176
18,0,43,1.151176
18,0,44,1.151176
18,0,45,1.151176
18,0,46,1.151176
18,0,47,1.151176
18,0,48,1.151176
18,0,49,1.151176
18,0,50,1.151176
18,0,51,1.151176
18,0,52,1.151176
18,0,53,1.151176
18,0,54,1.151176
18,0,55,1.151176
18,0,56,1.151176
18,0,57,1.151176
18,0,58,1.151176
18,0,59,1.151176
18,0,60,1.151176
18,0,61,1.151176
18,0,62,1.151176
18,0,63,1.151176
18,0,64,1.151176
18,0,65,1.151176
18,0,66,1.151176
18,0,67,1.151176
18,0,68,1.151176
18,0,69,1.151176
18,0,70,1.151176
18,0,71,1.151176
18,0,72,1.151176
18,0,73,1.151176
18,0,74,1.151176
18,0,75,1.151176
18,0,76,1.151176
18,0,77,1.151176
18,0,78,1.151176
18,0,79,1.151176
18,0,80,1.151176
18,0,81,1.151176
18,0,82,1.151176
18,0,83,1.151176
18,0,84,1.151176
18,0,85,1.151176
18,0,86,1.151176
18,0,87,1.151176
18,0,88,1.151176
18,0,89,1.151176
18,0,90,1.151176
18,0,91,1.151176
18,0,92,1.272963
18,0,93,1.397486
18,0,94,1.481533
18,0,95,1.421888
18,0,96,1.362243
18,0,97,1.330126
18,0,98,1.330126
18,0,99,1.330126
18,0,100,1.330126
18,0,101,1.330126
18,0,102,1.330126
18,0,103,1.330126
18,0,104,1.330126
18,0,105,1.330126
18,0,106,1.330126
18,0,107,1.330126
18,0,108,1.293335
18,0,109,1.207490
18,0,110,1.121645
18,0,111,1.093344
18,0,112,1.093344
18,0,113,1.093344
18,0,114,1.093344
18,0,115,1.093344
18,0,116,1.093344
18,0,117,1.093344
18,0,118,1.093344
18,0,119,1.093344
18,0,120,1.093344
18,0,121,1.093344
18,0,122,1.093344
18,0,123,1.093344
18,0,124,1.093344
18,0,125,1.093344
18,0,126,1.093344
18,0,127,1.093344
18,0,128,1.093344
18,0,129,1.093344
18,0,130,1.093344
18,0,131,1.093344
18,0,132,1.093344
18,0,133,1.093344
18,0,134,1.093344
18,0,135,1.093344
18,0,136,1.204893
18,0,137,1.336724
18,0,138,1.456966
18,0,139,1.456966
18,0,140,1.456966
18,0,141,1.456966
18,0,142,1.456966
18,0,143,1.456966
18,0,144,1.523968
18,0,145,1.641223
18,0,146,1.758477
18,0,147,1.780382
18,0,148,1.780382
18,0,149,1.780382
18,0,150,1.780382
18,0,151,1.780382
18,0,152,1.780382
18,0,153,1.780382
18,0,154,1.780382
18,0,155,1.780382
18,0,156,1.780382
18,0,157,1.780382
18,0,158,1.742648
18,0,159,1.694285
18,0,160,1.646984
18,0,161,1.646984
18,0,162,1.646984
18,0,163,1.646984
18,0,164,1.646984
18,0,165,1.646984
18,0,166,1.646984
18,0,167,1.646984
18,0,168,1.646984
18,0,169,1.646984
18,0,170,1.646984
18,0,171,1.646984
18,0,172,1.646984
18,0,173,1.646984
18,0,174,1.646984
18,0,175,1.646984
18,0,176,1.646984
18,0,177,1.686665
18,0,178,1.770642
18,0,179,1.854619
18,0,180,1.878613
18,0,181,1.878613
18,0,182,1.878613
18,0,183,1.878613
18,0,184,1.878613
18,0,185,1.878613
18,0,186,1.878613
18,0,187,1.878613
18,0,188,1.878613
18,0,189,1.878613
18,0,190,1.878613
18,0,191,1.878613
18,0,192,1.878613
18,0,193,1.878613
18,0,194,1.771799
18,0,195,1.656084
18,0,196,1.562660
18,0,197,1.582175
18,0,198,1.601690
18,0,199,1.613270
18,0,200,1.613270
18,0,201,1.613270
18,0,202,1.613270
18,0,203,1.613270
18,0,204,1.613270
18,0,205,1.608276
18,0,206,1.602664
18,0,207,1.597793
18,0,208,1.597793
18,0,209,1.597793
18,0,210,1.597793
18,0,211,1.597793
18,0,212,1.597793
18,0,213,1.597793
18,0,214,1.597793
18,0,215,1.597793
18,0,216,1.777895
18,0,217,1.988014
18,0,218,2.177352
18,0,219,2.177352
18,0,220,2.177352
18,0,221,2.215324
18,0,222,2.326791
18,0,223,2.438258
18,0,224,2.484804
18,0,225,2.484804
18,0,226,2.484804
18,0,227,2.484804
18,0,228,2.484804
18,0,229,2.484804
18,0,230,2.484804
18,0,231,2.484804
18,0,232,2.484804
18,0,233,2.484804
18,0,234,2.484804
18,0,235,2.484804
18,0,236,2.484804
18,0,237,2.484804
18,0,238,2.484804
18,0,239,2.484804
18,0,240,2.484804
18,0,241,2.484804
18,0,242,2.484804
18,0,243,2.484804
18,0,244,2.484804
18,0,245,2.484804
18,0,246,2.484804
18,0,247,2.484804
18,0,248,2.484804
18,0,249,2.528967
18,0,250,2.587211
18,0,251,2.645455
19,0,0,1.000000
19,0,1,1.023025
19,0,2,1.038787
19,0,3,1.038787
19,0,4,1.038787
19,0,5,1.038787
19,0,6,1.038787
19,0,7,1.038787
19,0,8,1.038787
19,0,9,1.038787
19,0,10,1.038787
19,0,11,1.038787
19,0,12,1.038787
19,0,13,1.038787
19,0,14,1.038787
19,0,15,1.038787
19,0,16,1.038787
19,0,17,1.038787
19,0,18,1.038787
19,0,19,1.038787
19,0,20,1.038787
19,0,21,1.038787
19,0,22,1.038787
19,0,23,1.038787
19,0,24,1.038787
19,0,25,1.038787
19,0,26,1.038787
19,0,27,1.038787
19,0,28,1.038787
19,0,29,1.038787
19,0,30,1.038787
19,0,31,1.038787
19,0,32,1.038787
19,0,33,1.038787
19,0,34,1.038787
19,0,35,1.038787
19,0,36,1.038787
19,0,37,1.038787
19,0,38,1.038787
19,0,39,1.038787
19,0,40,1.038787
19,0,41,1.038787
19,0,42,1.038787
19,0,43,1.038787
19,0,44,1.038787
19,0,45,1.038787
19,0,46,1.038787
19,0,47,1.038787
19,0,48,1.038787
19,0,49,1.038787
19,0,50,1.038787
19,0,51,1.038787
19,0,52,1.038787
19,0,53,1.038787
19,0,54,1.038787
19,0,55,1.038787
19,0,56,1.038787
19,0,57,1.038787
19,0,58,1.038787
19,0,59,1.038787
19,0,60,1.038787
19,0,61,1.038787
19,0,62,1.038787
19,0,63,1.038787
19,0,64,1.038787
19,0,65,1.038787
19,0,66,1.038787
19,0,67,1.038787
19,0,68,1.038787
19,0,69,1.038787
19,0,70,1.038787
19,0,71,1.038787
19,0,72,1.038787
19,0,73,1.038787
19,0,74,1.038787
19,0,75,1.038787
19,0,76,1.038787
19,0,77,1.038787
19,0,78,1.038787
19,0,79,1.038787
19,0,80,1.038787
19,0,81,1.038787
19,0,82,1.038787
19,0,83,1.038787
19,0,84,1.038787
19,0,85,1.038787
19,0,86,1.038787
19,0,87,1.038787
19,0,88,1.038787
19,0,89,1.038787
19,0,90,1.038787
19,0,91,1.038787
19,0,92,1.038787
19,0,93,1.038787
19,0,94,1.038787
19,0,95,1.038787
19,0,96,1.038787
19,0,97,1.038787
19,0,98,1.038787
19,0,99,1.038787
19,0,100,1.038787
19,0,101,1.038787
19,0,102,1.038787
19,0,103,1.038787
19,0,104,1.038787
19,0,105,1.038787
19,0,106,1.038787
19,0,107,1.038787
19,0,108,1.038787
19,0,109,1.038787
19,0,110,1.038787
19,0,111,1.038787
19,0,112,1.038787
19,0,113,1.038787
19,0,114,1.038787
19,0,115,1.038787
19,0,116,1.038787
19,0,117,1.038787
19,0,118,1.038787
19,0,119,1.038787
19,0,120,1.038787
19,0,121,1.038787
19,0,122,1.038787
19,0,123,1.038787
19,0,124,1.038787
19,0,125,1.038787
19,0,126,1.038787
19,0,127,0.956769
19,0,128,0.832069
19,0,129,0.828721
19,0,130,0.828721
19,0,131,0.828721
19,0,132,0.828721
19,0,133,0.828721
19,0,134,0.828721
19,0,135,0.828721
19,0,136,0.828721
19,0,137,0.828721
19,0,138,0.828721
19,0,139,0.828721
19,0,140,0.828721
19,0,141,0.828721
19,0,142,0.828721
19,0,143,0.828721
19,0,144,0.828721
19,0,145,0.828721
19,0,146,0.828721
19,0,147,0.828721
19,0,148,0.828721
19,0,149,0.828721
19,0,150,0.837181
19,0,151,0.951771
19,0,152,1.021756
19,0,153,1.021756
19,0,154,1.021756
19,0,155,1.021756
19,0,156,1.021756
19,0,157,1.021756
19,0,158,1.021756
19,0,159,1.021165
19,0,160,1.020258
19,0,161,1.020228
19,0,162,1.020228
19,0,163,1.020228
19,0,164,1.020228
19,0,165,1.020228
19,0,166,1.020228
19,0,167,1.020228
19,0,168,1.020228
19,0,169,1.020228
19,0,170,1.020228
19,0,171,0.968777
19,0,172,0.919335
19,0,173,0.919335
19,0,174,0.919335
19,0,175,0.919335
19,0,176,0.919335
19,0,177,0.919335
19,0,178,0.919335
19,0,179,0.919335
19,0,180,0.919335
19,0,181,0.919335
19,0,182,0.919335
19,0,183,0.919335
19,0,184,0.919335
19,0,185,0.919335
19,0,186,0.919335
19,0,187,0.919335
19,0,188,0.919335
19,0,189,0.919335
19,0,190,0.919335
19,0,191,0.919335
19,0,192,0.919335
19,0,193,0.919335
19,0,194,0.919335
19,0,195,0.919335
19,0,196,0.919335
19,0,197,0.919335
19,0,198,0.919335
19,0,199,0.919335
19,0,200,0.919335
19,0,201,0.919335
19,0,202,0.919335
19,0,203,0.919335
19,0,204,0.919335
19,0,205,0.919335
19,0,206,0.885197
19,0,207,0.814551
19,0,208,0.800327
19,0,209,0.800327
19,0,210,0.800327
19,0,211,0.800327
19,0,212,0.800327
19,0,213,0.800327
19,0,214,0.800327
19,0,215,0.800327
19,0,216,0.800327
19,0,217,0.800327
19,0,218,0.800327
19,0,219,0.800327
19,0,220,0.800327
19,0,221,0.800327
19,0,222,0.800327
19,0,223,0.800327
19,0,224,0.800327
19,0,225,0.800327
19,0,226,0.800327
19,0,227,0.800327
19,0,228,0.800327
19,0,229,0.800327
19,0,230,0.852301
19,0,231,0.897681
19,0,232,0.897681
19,0,233,0.897681
19,0,234,0.897681
19,0,235,0.897681
19,0,236,0.897681
19,0,237,0.897681
19,0,238,0.897681
19,0,239,0.897681
19,0,240,0.897681
19,0,241,0.897681
19,0,242,0.897681
19,0,243,0.897681
19,0,244,0.897681
19,0,245,0.917725
19,0,246,0.943418
19,0,247,0.943418
19,0,248,0.928583
19,0,249,0.888394
19,0,250,0.875717
19,0,251,0.875717
20,0,0,1.000000
20,0,1,1.000000
20,0,2,1.000000
20,0,3,1.000000
20,0,4,1.000000
20,0,5,1.000000
20,0,6,1.000000
20,0,7,1.000000
20,0,8,1.000000
20,0,9,1.000000
20,0,10,1.000000
20,0,11,1.000000
20,0,12,1.000000
20,0,13,1.000000
20,0,14,1.000000
20,0,15,1.000000
20,0,16,1.000000
20,0,17,1.000000
20,0,18,1.000000
20,0,19,1.000000
20,0,20,1.000000
20,0,21,1.000000
20,0,22,1.000000
20,0,23,1.000000
20,0,24,1.000000
20,0,25,1.000000
20,0,26,1.000000
20,0,27,1.000000
20,0,28,1.000000
20,0,29,1.000000
20,0,30,1.000000
20,0,31,1.000000
20,0,32,1.000000
20,0,33,1.000000
20,0,34,1.000000
20,0,35,1.000000
20,0,36,1.000000
20,0,37,1.000000
20,0,38,1.000000
20,0,39,1.000000
20,0,40,1.000000
20,0,41,1.000000
20,0,42,1.000000
20,0,43,1.000000
20,0,44,1.000000
20,0,45,1.000000
20,0,46,1.000000
20,0,47,1.000000
20,0,48,1.000000
20,0,49,1.000000
20,0,50,1.000000
20,0,51,1.000000
20,0,52,1.000000
20,0,53,1.000000
20,0,54,1.000000
20,0,55,1.000000
20,0,56,1.000000
20,0,57,1.000000
20,0,58,1.000000
20,0,59,1.000000
20,0,60,1.000000
20,0,61,1.000000
20,0,62,1.000000
20,0,63,1.004360
20,0,64,1.010747
20,0,65,1.084085
20,0,66,1.163455
20,0,67,1.252135
20,0,68,1.297393
20,0,69,1.297393
20,0,70,1.297393
20,0,71,1.297393
20,0,72,1.297393
20,0,73,1.297393
20,0,74,1.297393
20,0,75,1.297393
20,0,76,1.297393
20,0,77,1.297393
20,0,78,1.297393
20,0,79,1.297393
20,0,80,1.297393
20,0,81,1.297393
20,0,82,1.297393
20,0,83,1.297393
20,0,84,1.297393
20,0,85,1.297393
20,0,86,1.297393
20,0,87,1.297393
20,0,88,1.297393
20,0,89,1.297393
20,0,90,1.297393
20,0,91,1.297393
20,0,92,1.292597
20,0,93,1.273803
20,0,94,1.264860
20,0,95,1.264860
20,0,96,1.264860
20,0,97,1.264860
20,0,98,1.264860
20,0,99,1.264860
20,0,100,1.264860
20,0,101,1.264860
20,0,102,1.264860
20,0,103,1.264860
20,0,104,1.264860
20,0,105,1.264860
20,0,106,1.264860
20,0,107,1.264860
20,0,108,1.264860
20,0,109,1.264860
20,0,110,1.264860
20,0,111,1.264860
20,0,112,1.264860
20,0,113,1.264860
20,0,114,1.264860
20,0,115,1.264860
20,0,116,1.264860
20,0,117,1.264860
20,0,118,1.264860
20,0,119,1.264860
20,0,120,1.264860
20,0,121,1.264860
20,0,122,1.264860
20,0,123,1.264860
20,0,124,1.264860
20,0,125,1.264860
20,0,126,1.264860
20,0,127,1.264860
20,0,128,1.264860
20,0,129,1.264860
20,0,130,1.264860
20,0,131,1.264860
20,0,132,1.264860
20,0,133,1.264860
20,0,134,1.264860
20,0,135,1.264860
20,0,136,1.264860
20,0,137,1.264860
20,0,138,1.264860
20,0,139,1.264860
20,0,140,1.264860
20,0,141,1.264860
20,0,142,1.264860
20,0,143,1.264860
20,0,144,1.284595
20,0,145,1.345480
20,0,146,1.456757
20,0,147,1.602604
20,0,148,1.622721
20,0,149,1.622721
20,0,150,1.622721
20,0,151,1.622721
20,0,152,1.622721
20,0,153,1.622721
20,0,154,1.622721
20,0,155,1.622721
20,0,156,1.622721
20,0,157,1.622721
20,0,158,1.622721
20,0,159,1.622721
20,0,160,1.622721
20,0,161,1.622721
20,0,162,1.622721
20,0,163,1.622721
20,0,164,1.622721
20,0,165,2.241202
20,0,166,3.362199
20,0,167,3.563205
20,0,168,3.563205
20,0,169,3.563205
20,0,170,3.563205
20,0,171,3.563205
20,0,172,3.563205
20,0,173,3.563205
20,0,174,3.563205
20,0,175,3.563205
20,0,176,3.563205
20,0,177,3.563205
20,0,178,3.563205
20,0,179,3.563205
20,0,180,3.563205
20,0,181,3.563205
20,0,182,3.563205
20,0,183,3.563205
20,0,184,3.563205
20,0,185,3.563205
20,0,186,3.563205
20,0,187,3.563205
20,0,188,3.563205
20,0,189,3.563205
20,0,190,3.563205
20,0,191,3.563205
20,0,192,3.563205
20,0,193,3.563205
20,0,194,3.563205
20,0,195,3.563205
20,0,196,3.563205
20,0,197,3.563205
20,0,198,3.563205
20,0,199,3.563205
20,0,200,3.563205
20,0,201,3.563205
20,0,202,3.563205
20,0,203,3.563205
20,0,204,3.563205
20,0,205,3.563205
20,0,206,3.563205
20,0,207,3.563205
20,0,208,3.563205
20,0,209,3.563205
20,0,210,3.563205
20,0,211,3.563205
20,0,212,3.563205
20,0,213,3.563205
20,0,214,3.563205
20,0,215,3.563205
20,0,216,3.563205
20,0,217,3.563205
20,0,218,3.563205
20,0,219,3.563205
20,0,220,3.563205
20,0,221,3.563205
20,0,222,3.563205
20,0,223,3.563205
20,0,224,3.563205
20,0,225,3.563205
20,0,226,3.563205
20,0,227,3.563205
20,0,228,3.563205
20,0,229,3.563205
20,0,230,3.563205
20,0,231,3.563205
20,0,232,3.563205
20,0,233,3.563205
20,0,234,3.563205
20,0,235,3.563205
20,0,236,3.563205
20,0,237,3.563205
20,0,238,3.563205
20,0,239,3.563205
20,0,240,3.563205
20,0,241,3.563205
20,0,242,3.563205
20,0,243,3.563205
20,0,244,3.563205
20,0,245,3.563205
20,0,246,3.613294
20,0,247,3.872680
20,0,248,3.836835
20,0,249,3.457289
20,0,250,3.355204
20,0,251,3.355204
21,0,0,1.000000
21,0,1,1.000000
21,0,2,1.000000
21,0,3,1.000000
21,0,4,1.000000
21,0,5,1.000000
21,0,6,1.000000
21,0,7,1.000000
21,0,8,1.000000
21,0,9,1.000000
21,0,10,1.000000
21,0,11,1.000000
21,0,12,0.992078
21,0,13,0.825719
21,0,14,0.715944
21,0,15,0.715944
21,0,16,0.715944
21,0,17,0.715944
21,0,18,0.715944
21,0,19,0.715944
21,0,20,0.715944
21,0,21,0.715944
21,0,22,0.715944
21,0,23,0.715944
21,0,24,0.715944
21,0,25,0.715944
21,0,26,0.715944
21,0,27,0.715944
21,0,28,0.715944
21,0,29,0.715944
21,0,30,0.935046
21,0,31,1.100521
21,0,32,1.100521
21,0,33,1.100521
21,0,34,1.100521
21,0,35,1.100521
21,0,36,1.100521
21,0,37,1.100521
21,0,38,1.100521
21,0,39,1.100521
21,0,40,1.350018
21,0,41,1.685788
21,0,42,1.685788
21,0,43,1.667372
21,0,44,1.608522
21,0,45,1.585302
21,0,46,1.585302
21,0,47,1.585302
21,0,48,1.585302
21,0,49,1.585302
21,0,50,1.585302
21,0,51,1.585302
21,0,52,1.585302
21,0,53,1.585302
21,0,54,1.585302
21,0,55,1.585302
21,0,56,1.585302
21,0,57,1.585302
21,0,58,1.585302
21,0,59,1.585302
21,0,60,1.585302
21,0,61,1.585302
21,0,62,1.585302
21,0,63,1.585302
21,0,64,1.585302
21,0,65,1.592881
21,0,66,1.658422
21,0,67,1.642847
21,0,68,1.509653
21,0,69,1.469785
21,0,70,1.469785
21,0,71,1.469785
21,0,72,1.469785
21,0,73,1.469785
21,0,74,1.469785
21,0,75,1.469785
21,0,76,1.469785
21,0,77,1.469785
21,0,78,1.469785
21,0,79,1.469785
21,0,80,1.469785
21,0,81,1.469785
21,0,82,1.469785
21,0,83,1.469785
21,0,84,1.469785
21,0,85,1.469785
21,0,86,1.469785
21,0,87,1.469785
21,0,88,1.469785
21,0,89,1.469785
21,0,90,1.469785
21,0,91,1.469785
21,0,92,1.469785
21,0,93,1.469785
21,0,94,1.469785
21,0,95,1.469785
21,0,96,1.469785
21,0,97,1.469785
21,0,98,1.469785
21,0,99,1.469785
21,0,100,1.469785
21,0,101,1.469785
21,0,102,1.469785
21,0,103,1.469785
21,0,104,1.469785
21,0,105,1.469785
21,0,106,1.469785
21,0,107,1.469785
21,0,108,1.469785
21,0,109,1.469785
21,0,110,1.469785
21,0,111,1.469785
21,0,112,1.469785
21,0,113,1.469785
21,0,114,1.469785
21,0,115,1.469785
21,0,116,1.469785
21,0,117,1.469785
21,0,118,1.469785
21,0,119,1.469785
21,0,120,1.469785
21,0,121,1.469785
21,0,122,1.895143
21,0,123,2.414608
21,0,124,2.414608
21,0,125,2.414608
21,0,126,2.414608
21,0,127,2.414608
21,0,128,2.414608
21,0,129,2.414608
21,0,130,2.414608
21,0,131,2.414608
21,0,132,2.414608
21,0,133,2.414608
21,0,134,2.414608
21,0,135,2.414608
21,0,136,2.414608
21,0,137,2.414608
21,0,138,2.414608
21,0,139,2.414608
21,0,140,2.414608
21,0,141,2.414608
21,0,142,2.414608
21,0,143,2.414608
21,0,144,2.414608
21,0,145,2.414608
21,0,146,2.414608
21,0,147,2.414608
21,0,148,2.414608
21,0,149,2.414608
21,0,150,2.414608
21,0,151,2.414608
21,0,152,2.414608
21,0,153,2.414608
21,0,154,2.434938
21,0,155,2.497198
21,0,156,2.520917
21,0,157,2.520917
21,0,158,2.520917
21,0,159,2.520917
21,0,160,2.520917
21,0,161,2.520917
21,0,162,2.520917
21,0,163,2.520917
21,0,164,2.520917
21,0,165,2.520917
21,0,166,2.520917
21,0,167,2.520917
21,0,168,2.520917
21,0,169,2.520917
21,0,170,2.520917
21,0,171,2.520917
21,0,172,2.520917
21,0,173,2.520917
21,0,174,2.520917
21,0,175,2.520917
21,0,176,2.520917
21,0,177,2.520917
21,0,178,2.520917
21,0,179,2.520917
21,0,180,2.520917
21,0,181,2.520917
21,0,182,2.520917
21,0,183,2.520917
21,0,184,2.520917
21,0,185,2.520917
21,0,186,2.520917
21,0,187,2.520917
21,0,188,2.520917
21,0,189,2.520917
21,0,190,2.520917
21,0,191,2.520917
21,0,192,2.520917
21,0,193,2.520917
21,0,194,2.520917
21,0,195,2.520917
21,0,196,2.520917
21,0,197,2.520917
21,0,198,2.520917
21,0,199,2.520917
21,0,200,2.520917
21,0,201,2.520917
21,0,202,2.520917
21,0,203,2.520917
21,0,204,2.520917
21,0,205,2.520917
21,0,206,2.520917
21,0,207,2.520917
21,0,208,2.520917
21,0,209,2.520917
21,0,210,2.520917
21,0,211,2.520917
21,0,212,2.520917
21,0,213,2.520917
21,0,214,2.520917
21,0,215,2.520917
21,0,216,2.520917
21,0,217,2.520917
21,0,218,2.520917
21,0,219,2.520917
21,0,220,2.520917
21,0,221,2.520917
21,0,222,2.520917
21,0,223,2.520917
21,0,224,2.520917
21,0,225,2.520917
21,0,226,2.520917
21,0,227,2.520917
21,0,228,2.520917
21,0,229,2.520917
21,0,230,2.520917
21,0,231,2.520917
21,0,232,2.520917
21,0,233,2.520917
21,0,234,2.520917
21,0,235,2.520917
21,0,236,2.520917
21,0,237,2.520917
21,0,238,2.520917
21,0,239,2.520917
21,0,240,2.520917
21,0,241,2.520917
21,0,242,2.520917
21,0,243,2.520917
21,0,244,2.520917
21,0,245,2.520917
21,0,246,2.520917
21,0,247,2.520917
21,0,248,2.520917
21,0,249,2.520917
21,0,250,2.456197
21,0,251,2.364717
22,0,0,1.000000
22,0,1,1.000000
22,0,2,1.000000
22,0,3,1.000000
22,0,4,1.000000
22,0,5,1.000000
22,0,6,1.000000
22,0,7,1.000000
22,0,8,1.000000
22,0,9,1.000000
22,0,10,1.000000
22,0,11,1.000000
22,0,12,1.000000
22,0,13,1.029463
22,0,14,1.153631
22,0,15,1.176079
22,0,16,1.176079
22,0,17,1.176079
22,0,18,1.344284
22,0,19,1.418719
22,0,20,1.418719
22,0,21,1.418719
22,0,22,1.418719
22,0,23,1.418719
22,0,24,1.418719
22,0,25,1.418719
22,0,26,1.418719
22,0,27,1.418719
22,0,28,1.418719
22,0,29,1.315580
22,0,30,1.189623
22,0,31,1.189623
22,0,32,1.189623
22,0,33,1.189623
22,0,34,1.189623
22,0,35,1.189623
22,0,36,1.189623
22,0,37,1.189623
22,0,38,1.189623
22,0,39,1.189623
22,0,40,1.189623
22,0,41,1.189623
22,0,42,1.189623
22,0,43,1.189623
22,0,44,1.189623
22,0,45,1.189623
22,0,46,1.189623
22,0,47,1.189623
22,0,48,1.189623
22,0,49,1.189623
22,0,50,1.189623
22,0,51,1.189623
22,0,52,1.189623
22,0,53,1.189623
22,0,54,1.189623
22,0,55,1.189623
22,0,56,1.189623
22,0,57,1.189623
22,0,58,1.189623
22,0,59,1.189623
22,0,60,1.189623
22,0,61,1.189623
22,0,62,1.189623
22,0,63,1.189623
22,0,64,1.189623
22,0,65,1.189623
22,0,66,1.294097
22,0,67,1.417624
22,0,68,1.518068
22,0,69,1.524878
22,0,70,1.524878
22,0,71,1.519895
22,0,72,1.468015
22,0,73,1.451308
22,0,74,1.451308
22,0,75,1.451308
22,0,76,1.451308
22,0,77,1.451308
22,0,78,1.451308
22,0,79,1.451308
22,0,80,1.451308
22,0,81,1.451308
22,0,82,1.451308
22,0,83,1.451308
22,0,84,1.451308
22,0,85,1.451308
22,0,86,1.451308
22,0,87,1.451308
22,0,88,1.451308
22,0,89,1.451308
22,0,90,1.451308
22,0,91,1.451308
22,0,92,1.451308
22,0,93,1.451308
22,0,94,1.451308
22,0,95,1.451308
22,0,96,1.451308
22,0,97,1.451308
22,0,98,1.451308
22,0,99,1.451308
22,0,100,1.451308
22,0,101,1.451308
22,0,102,1.451308
22,0,103,1.451308
22,0,104,1.451308
22,0,105,1.451308
22,0,106,1.451308
22,0,107,1.451308
22,0,108,1.451308
22,0,109,1.451308
22,0,110,1.451308
22,0,111,1.451308
22,0,112,1.451308
22,0,113,1.451308
22,0,114,1.451308
22,0,115,1.451308
22,0,116,1.451308
22,0,117,1.451308
22,0,118,1.451308
22,0,119,1.451308
22,0,120,1.451308
22,0,121,1.451308
22,0,122,1.451308
22,0,123,1.451308
22,0,124,1.451308
22,0,125,1.451308
22,0,126,1.451308
22,0,127,1.451308
22,0,128,1.451308
22,0,129,1.451308
22,0,130,1.451308
22,0,131,1.451308
22,0,132,1.451308
22,0,133,1.451308
22,0,134,1.451308
22,0,135,1.451308
22,0,136,1.451308
22,0,137,1.451308
22,0,138,1.451308
22,0,139,1.451308
22,0,140,1.451308
22,0,141,1.451308
22,0,142,1.451308
22,0,143,1.451308
22,0,144,1.451308
22,0,145,1.451308
22,0,146,1.451308
22,0,147,1.451308
22,0,148,1.451308
22,0,149,1.451308
22,0,150,1.451308
22,0,151,1.451308
22,0,152,1.451308
22,0,153,1.451308
22,0,154,1.451308
22,0,155,1.451308
22,0,156,1.451308
22,0,157,1.451308
22,0,158,1.451308
22,0,159,1.451308
22,0,160,1.451308
22,0,161,1.451308
22,0,162,1.451308
22,0,163,1.451308
22,0,164,1.451308
22,0,165,1.451308
22,0,166,1.451308
22,0,167,1.451308
22,0,168,1.451308
22,0,169,1.451308
22,0,170,1.451308
22,0,171,1.451308
22,0,172,1.451308
22,0,173,1.451308
22,0,174,1.451308
22,0,175,1.451308
22,0,176,1.451308
22,0,177,1.451308
22,0,178,1.451308
22,0,179,1.451308
22,0,180,1.451308
22,0,181,1.451308
22,0,182,1.451308
22,0,183,1.451308
22,0,184,1.451308
22,0,185,1.451308
22,0,186,1.451308
22,0,187,1.451308
22,0,188,1.451308
22,0,189,1.451308
22,0,190,1.451308
22,0,191,1.451308
22,0,192,1.451308
22,0,193,1.451308
22,0,194,1.451308
22,0,195,1.451308
22,0,196,1.451308
22,0,197,1.451308
22,0,198,1.451308
22,0,199,1.451308
22,0,200,1.451308
22,0,201,1.451308
22,0,202,1.451308
22,0,203,1.451308
22,0,204,1.451308
22,0,205,1.451308
22,0,206,1.451308
22,0,207,1.451308
22,0,208,1.451308
22,0,209,1.451308
22,0,210,1.451308
22,0,211,1.451308
22,0,212,1.451308
22,0,213,1.451308
22,0,214,1.451308
22,0,215,1.451308
22,0,216,1.451308
22,0,217,1.451308
22,0,218,1.451308
22,0,219,1.451308
22,0,220,1.451308
22,0,221,1.451308
22,0,222,1.451308
22,0,223,1.451308
22,0,224,1.451308
22,0,225,1.451308
22,0,226,1.451308
22,0,227,1.451308
22,0,228,1.451308
22,0,229,1.451308
22,0,230,1.451308
22,0,231,1.451308
22,0,232,1.451308
22,0,233,1.451308
22,0,234,1.451308
22,0,235,1.451308
22,0,236,1.451308
22,0,237,1.451308
22,0,238,1.451308
22,0,239,1.451308
22,0,240,1.451308
22,0,241,1.451308
22,0,242,1.451308
22,0,243,1.451308
22,0,244,1.451308
22,0,245,1.451308
22,0,246,1.451308
22,0,247,1.451308
22,0,248,1.451308
22,0,249,1.451308
22,0,250,1.451308
22,0,251,1.451308
23,0,0,1.000000
23,0,1,1.000000
23,0,2,0.960483
23,0,3,0.921899
23,0,4,0.921899
23,0,5,0.921899
23,0,6,0.921899
23,0,7,0.921899
23,0,8,0.921899
23,0,9,0.921899
23,0,10,0.921899
23,0,11,0.921899
23,0,12,0.921899
23,0,13,0.921899
23,0,14,0.921899
23,0,15,0.921899
23,0,16,0.921899
23,0,17,0.921899
23,0,18,0.921899
23,0,19,0.921899
23,0,20,0.921899
23,0,21,0.921899
23,0,22,0.921899
23,0,23,0.921899
23,0,24,0.921899
23,0,25,0.921899
23,0,26,0.921899
23,0,27,0.921899
23,0,28,0.921899
23,0,29,0.921899
23,0,30,0.921899
23,0,31,0.921899
23,0,32,0.921899
23,0,33,0.921899
23,0,34,0.921899
23,0,35,0.921899
23,0,36,0.921899
23,0,37,0.921899
23,0,38,0.921899
23,0,39,0.921899
23,0,40,0.921899
23,0,41,0.921899
23,0,42,0.921899
23,0,43,0.921899
23,0,44,0.921899
23,0,45,0.921899
23,0,46,0.921899
23,0,47,0.921899
23,0,48,0.921899
23,0,49,0.921899
23,0,50,0.921899
23,0,51,0.921899
23,0,52,0.921899
23,0,53,0.921899
23,0,54,0.921899
23,0,55,0.921899
23,0,56,0.921899
23,0,57,0.921899
23,0,58,0.921899
23,0,59,0.921899
23,0,60,0.921899
23,0,61,0.921899
23,0,62,0.921899
23,0,63,0.921899
23,0,64,0.921899
23,0,65,0.921899
23,0,66,0.921899
23,0,67,0.921899
23,0,68,0.921899
23,0,69,0.921899
23,0,70,0.921899
23,0,71,0.921899
23,0,72,0.921899
23,0,73,0.921899
23,0,74,0.921899
23,0,75,0.921899
23,0,76,0.921899
23,0,77,0.921899
23,0,78,0.921899
23,0,79,0.921899
23,0,80,0.921899
23,0,81,0.921899
23,0,82,0.921899
23,0,83,0.921899
23,0,84,0.921899
23,0,85,0.921899
23,0,86,0.921899
23,0,87,0.921899
23,0,88,0.921899
23,0,89,0.921899
23,0,90,0.921899
23,0,91,0.921899
23,0,92,0.921899
23,0,93,0.921899
23,0,94,0.921899
23,0,95,0.921899
23,0,96,0.921899
23,0,97,0.921899
23,0,98,0.921899
23,0,99,0.921899
23,0,100,0.921899
23,0,101,0.921899
23,0,102,0.921899
23,0,103,0.921899
23,0,104,0.945773
23,0,105,0.998724
23,0,106,0.998724
23,0,107,0.998724
23,0,108,0.998724
23,0,109,0.998724
23,0,110,0.998724
23,0,111,0.998724
23,0,112,0.998724
23,0,113,0.998724
23,0,114,0.998724
23,0,115,0.998724
23,0,116,0.998724
23,0,117,0.998724
23,0,118,0.998724
23,0,119,0.998724
23,0,120,1.095347
23,0,121,1.268196
23,0,122,1.268196
23,0,123,1.268196
23,0,124,1.268196
23,0,125,1.268196
23,0,126,1.268196
23,0,127,1.268196
23,0,128,1.260573
23,0,129,1.248266
23,0,130,1.248266
23,0,131,1.248266
23,0,132,1.248266
23,0,133,1.248266
23,0,134,1.248266
23,0,135,1.248266
23,0,136,1.248266
23,0,137,1.248266
23,0,138,1.248266
23,0,139,1.248266
23,0,140,1.248266
23,0,141,1.248266
23,0,142,1.248266
23,0,143,1.248266
23,0,144,1.248266
23,0,145,1.248266
23,0,146,1.248266
23,0,147,1.248266
23,0,148,1.248266
23,0,149,1.248266
23,0,150,1.248266
23,0,151,1.248266
23,0,152,1.248266
23,0,153,1.248266
23,0,154,1.248266
23,0,155,1.248266
23,0,156,1.248266
23,0,157,1.248266
23,0,158,1.248266
23,0,159,1.248266
23,0,160,1.248266
23,0,161,1.248266
23,0,162,1.248266
23,0,163,1.248266
23,0,164,1.248266
23,0,165,1.248266
23,0,166,1.248266
23,0,167,1.248266
23,0,168,1.248266
23,0,169,1.248266
23,0,170,1.248266
23,0,171,1.248266
23,0,172,1.248266
23,0,173,1.248266
23,0,174,1.248266
23,0,175,1.248266
23,0,176,1.248266
23,0,177,1.248266
23,0,178,1.248266
23,0,179,1.248266
23,0,180,1.248266
23,0,181,1.248266
23,0,182,1.248266
23,0,183,1.248266
23,0,184,1.248266
23,0,185,1.248266
23,0,186,1.248266
23,0,187,1.248266
23,0,188,1.248266
23,0,189,1.248266
23,0,190,1.248266
23,0,191,1.248266
23,0,192,1.248266
23,0,193,1.248266
23,0,194,1.248266
23,0,195,1.248266
23,0,196,1.248266
23,0,197,1.248266
23,0,198,1.248266
23,0,199,1.248266
23,0,200,1.248266
23,0,201,1.248266
23,0,202,1.248266
23,0,203,1.248266
23,0,204,1.248266
23,0,205,1.248266
23,0,206,1.248266
23,0,207,1.248266
23,0,208,1.248266
23,0,209,1.248266
23,0,210,1.248266
23,0,211,1.248266
23,0,212,1.248266
23,0,213,1.248266
23,0,214,1.248266
23,0,215,1.248266
23,0,216,1.242217
23,0,217,1.238894
23,0,218,1.238894
23,0,219,1.238894
23,0,220,1.238894
23,0,221,1.238894
23,0,222,1.238894
23,0,223,1.238894
23,0,224,1.238894
23,0,225,1.238894
23,0,226,1.238894
23,0,227,1.238894
23,0,228,1.238894
23,0,229,1.238894
23,0,230,1.238894
23,0,231,1.238894
23,0,232,1.238894
23,0,233,1.238894
23,0,234,1.238894
23,0,235,1.238894
23,0,236,1.238894
23,0,237,1.238894
23,0,238,1.238894
23,0,239,1.238894
23,0,240,1.238894
23,0,241,1.238894
23,0,242,1.238894
23,0,243,1.238894
23,0,244,1.238894
23,0,245,1.238894
23,0,246,1.238894
23,0,247,1.238894
23,0,248,1.238894
23,0,249,1.238894
23,0,250,1.238894
23,0,251,1.238894
24,0,0,1.000000
24,0,1,1.000000
24,0,2,1.000000
24,0,3,1.000000
24,0,4,1.000000
24,0,5,1.000000
24,0,6,1.000000
24,0,7,1.000000
24,0,8,1.000000
24,0,9,1.000000
24,0,10,1.000000
24,0,11,1.000000
24,0,12,1.000000
24,0,13,1.000000
24,0,14,1.000000
24,0,15,1.000000
24,0,16,1.000000
24,0,17,1.000000
24,0,18,1.000000
24,0,19,1.000000
24,0,20,1.000000
24,0,21,1.000000
24,0,22,1.000000
24,0,23,1.000000
24,0,24,1.000000
24,0,25,1.000000
24,0,26,1.000000
24,0,27,1.000000
24,0,28,1.000000
24,0,29,1.000000
24,0,30,1.000000
24,0,31,1.000000
24,0,32,1.000901
24,0,33,1.003535
24,0,34,1.005954
24,0,35,1.005954
24,0,36,1.005954
24,0,37,1.005954
24,0,38,1.005954
24,0,39,1.005954
24,0,40,1.005954
24,0,41,1.005954
24,0,42,1.005954
24,0,43,1.005954
24,0,44,1.005954
24,0,45,1.005954
24,0,46,1.005954
24,0,47,1.005954
24,0,48,1.005954
24,0,49,1.005954
24,0,50,1.005954
24,0,51,1.005954
24,0,52,1.005954
24,0,53,1.005954
24,0,54,1.005954
24,0,55,1.005954
24,0,56,1.005954
24,0,57,1.005954
24,0,58,1.005954
24,0,59,1.005954
24,0,60,1.005954
24,0,61,1.005954
24,0,62,1.005954
24,0,63,1.005954
24,0,64,1.005954
24,0,65,1.005954
24,0,66,1.005954
24,0,67,1.005954
24,0,68,1.005954
24,0,69,1.005954
24,0,70,1.005954
24,0,71,1.005954
24,0,72,1.005954
24,0,73,1.005954
24,0,74,1.005954
24,0,75,1.005954
24,0,76,1.005954
24,0,77,1.005954
24,0,78,1.005954
24,0,79,1.005954
24,0,80,1.005954
24,0,81,1.005954
24,0,82,1.005954
24,0,83,1.005954
24,0,84,1.005954
24,0,85,1.005954
24,0,86,1.005954
24,0,87,1.005954
24,0,88,1.005954
24,0,89,1.005954
24,0,90,1.005954
24,0,91,1.005954
24,0,92,1.005954
24,0,93,1.044219
24,0,94,1.176949
24,0,95,1.304374
24,0,96,1.240798
24,0,97,1.177222
24,0,98,1.162330
24,0,99,1.162330
24,0,100,1.162330
24,0,101,1.162330
24,0,102,1.162330
24,0,103,1.162330
24,0,104,1.162330
24,0,105,1.162330
24,0,106,1.162330
24,0,107,1.096382
24,0,108,1.004879
24,0,109,0.955418
24,0,110,0.955418
24,0,111,0.955418
24,0,112,0.955418
24,0,113,0.955418
24,0,114,0.955418
24,0,115,0.955418
24,0,116,0.955418
24,0,117,0.955418
24,0,118,0.955418
24,0,119,0.955418
24,0,120,0.955418
24,0,121,0.955418
24,0,122,0.955418
24,0,123,0.955418
24,0,124,0.955418
24,0,125,0.955418
24,0,126,0.955418
24,0,127,0.955418
24,0,128,0.955418
24,0,129,0.970610
24,0,130,1.111129
24,0,131,1.251648
24,0,132,1.273169
24,0,133,1.273169
24,0,134,1.273169
24,0,135,1.273169
24,0,136,1.273169
24,0,137,1.273169
24,0,138,1.273169
24,0,139,1.273169
24,0,140,1.273169
24,0,141,1.273169
24,0,142,1.273169
24,0,143,1.273169
24,0,144,1.273169
24,0,145,1.273169
24,0,146,1.273169
24,0,147,1.273169
24,0,148,1.273169
24,0,149,1.273169
24,0,150,1.273169
24,0,151,1.273169
24,0,152,1.273169
24,0,153,1.273169
24,0,154,1.263676
24,0,155,1.223149
24,0,156,1.182621
24,0,157,1.143434
24,0,158,1.104284
24,0,159,1.092998
24,0,160,1.092998
24,0,161,1.092998
24,0,162,1.092998
24,0,163,1.092998
24,0,164,1.092998
24,0,165,1.092998
24,0,166,1.092998
24,0,167,1.092998
24,0,168,1.092998
24,0,169,1.092998
24,0,170,1.092998
24,0,171,1.092998
24,0,172,1.092998
24,0,173,1.092998
24,0,174,1.092998
24,0,175,1.092998
24,0,176,1.092998
24,0,177,1.092998
24,0,178,1.092998
24,0,179,1.092998
24,0,180,1.092998
24,0,181,1.092998
24,0,182,1.092998
24,0,183,1.092998
24,0,184,1.092998
24,0,185,1.092998
24,0,186,1.092998
24,0,187,1.092998
24,0,188,1.116791
24,0,189,1.192248
24,0,190,1.263627
24,0,191,1.263627
24,0,192,1.263627
24,0,193,1.263627
24,0,194,1.263627
24,0,195,1.263627
24,0,196,1.263627
24,0,197,1.263627
24,0,198,1.263627
24,0,199,1.263627
24,0,200,1.263627
24,0,201,1.263627
24,0,202,1.263627
24,0,203,1.263627
24,0,204,1.263627
24,0,205,1.263627
24,0,206,1.267971
24,0,207,1.287260
24,0,208,1.306548
24,0,209,1.307243
24,0,210,1.307243
24,0,211,1.307243
24,0,212,1.307243
24,0,213,1.307243
24,0,214,1.307243
24,0,215,1.307243
24,0,216,1.307243
24,0,217,1.307243
24,0,218,1.307243
24,0,219,1.307243
24,0,220,1.267280
24,0,221,1.206514
24,0,222,1.244220
24,0,223,1.431872
24,0,224,1.594165
24,0,225,1.594165
24,0,226,1.594165
24,0,227,1.594165
24,0,228,1.594165
24,0,229,1.594165
24,0,230,1.594165
24,0,231,1.594165
24,0,232,1.594165
24,0,233,1.594165
24,0,234,1.594165
24,0,235,1.594165
24,0,236,1.594165
24,0,237,1.594165
24,0,238,1.594165
24,0,239,1.594165
24,0,240,1.594165
24,0,241,1.594165
24,0,242,1.594165
24,0,243,1.594165
24,0,244,1.594165
24,0,245,1.629061
24,0,246,1.673583
24,0,247,1.694841
24,0,248,1.694841
24,0,249,1.707502
24,0,250,1.755960
24,0,251,1.804419
25,0,0,1.000000
25,0,1,1.025343
25,0,2,1.038787
25,0,3,1.038787
25,0,4,1.038787
25,0,5,1.038787
25,0,6,1.038787
25,0,7,1.038787
25,0,8,1.038787
25,0,9,1.038787
25,0,10,1.038787
25,0,11,1.038787
25,0,12,1.038787
25,0,13,0.903296
25,0,14,0.764527
25,0,15,0.764527
25,0,16,0.764527
25,0,17,0.764527
25,0,18,0.764527
25,0,19,0.764527
25,0,20,0.764527
25,0,21,0.764527
25,0,22,0.764527
25,0,23,0.764527
25,0,24,0.764527
25,0,25,0.764527
25,0,26,0.764527
25,0,27,0.764527
25,0,28,0.764527
25,0,29,0.764527
25,0,30,0.764527
25,0,31,0.764527
25,0,32,0.764527
25,0,33,0.764527
25,0,34,0.764527
25,0,35,0.764527
25,0,36,0.764527
25,0,37,0.764527
25,0,38,0.764527
25,0,39,0.764527
25,0,40,0.764527
25,0,41,0.764527
25,0,42,0.764527
25,0,43,0.764527
25,0,44,0.764527
25,0,45,0.764527
25,0,46,0.764527
25,0,47,0.764527
25,0,48,0.764527
25,0,49,0.764527
25,0,50,0.764527
25,0,51,0.764527
25,0,52,0.764527
25,0,53,0.764527
25,0,54,0.764527
25,0,55,0.764527
25,0,56,0.764527
25,0,57,0.764527
25,0,58,0.764527
25,0,59,0.764527
25,0,60,0.764527
25,0,61,0.764527
25,0,62,0.764527
25,0,63,0.764527
25,0,64,0.764527
25,0,65,0.764527
25,0,66,0.764527
25,0,67,0.764527
25,0,68,0.764527
25,0,69,0.764527
25,0,70,0.764527
25,0,71,0.764527
25,0,72,0.764527
25,0,73,0.764527
25,0,74,0.764527
25,0,75,0.764527
25,0,76,0.764527
25,0,77,0.764527
25,0,78,0.764527
25,0,79,0.764527
25,0,80,0.764527
25,0,81,0.764527
25,0,82,0.764527
25,0,83,0.764527
25,0,84,0.764527
25,0,85,0.764527
25,0,86,0.764527
25,0,87,0.764527
25,0,88,0.764527
25,0,89,0.764527
25,0,90,0.764527
25,0,91,0.764527
25,0,92,0.764527
25,0,93,0.764527
25,0,94,0.764527
25,0,95,0.764527
25,0,96,0.764527
25,0,97,0.706011
25,0,98,0.609922
25,0,99,0.609922
25,0,100,0.609922
25,0,101,0.609922
25,0,102,0.609922
25,0,103,0.609922
25,0,104,0.609922
25,0,105,0.609922
25,0,106,0.609922
25,0,107,0.609922
25,0,108,0.609922
25,0,109,0.609922
25,0,110,0.609922
25,0,111,0.609922
25,0,112,0.609922
25,0,113,0.609922
25,0,114,0.609922
25,0,115,0.609922
25,0,116,0.609922
25,0,117,0.609922
25,0,118,0.609922
25,0,119,0.609922
25,0,120,0.609922
25,0,121,0.609922
25,0,122,0.609922
25,0,123,0.609922
25,0,124,0.609922
25,0,125,0.609922
25,0,126,0.609922
25,0,127,0.609922
25,0,128,0.609922
25,0,129,0.609922
25,0,130,0.609922
25,0,131,0.586498
25,0,132,0.570463
25,0,133,0.570463
25,0,134,0.570463
25,0,135,0.570463
25,0,136,0.570463
25,0,137,0.570463
25,0,138,0.570463
25,0,139,0.570463
25,0,140,0.570463
25,0,141,0.570463
25,0,142,0.570463
25,0,143,0.570463
25,0,144,0.570463
25,0,145,0.570463
25,0,146,0.570463
25,0,147,0.570463
25,0,148,0.570463
25,0,149,0.570463
25,0,150,0.570463
25,0,151,0.570463
25,0,152,0.570463
25,0,153,0.570463
25,0,154,0.570463
25,0,155,0.542648
25,0,156,0.476536
25,0,157,0.469280
25,0,158,0.469280
25,0,159,0.469280
25,0,160,0.469280
25,0,161,0.469280
25,0,162,0.469280
25,0,163,0.469280
25,0,164,0.469280
25,0,165,0.469280
25,0,166,0.469280
25,0,167,0.469280
25,0,168,0.469280
25,0,169,0.469280
25,0,170,0.469280
25,0,171,0.469280
25,0,172,0.469280
25,0,173,0.469280
25,0,174,0.469280
25,0,175,0.469280
25,0,176,0.469280
25,0,177,0.469280
25,0,178,0.469280
25,0,179,0.469280
25,0,180,0.469280
25,0,181,0.469280
25,0,182,0.469280
25,0,183,0.469280
25,0,184,0.469280
25,0,185,0.469280
25,0,186,0.469280
25,0,187,0.469280
25,0,188,0.469280
25,0,189,0.469280
25,0,190,0.469280
25,0,191,0.469280
25,0,192,0.469280
25,0,193,0.469280
25,0,194,0.469280
25,0,195,0.469280
25,0,196,0.469280
25,0,197,0.469280
25,0,198,0.469280
25,0,199,0.469280
25,0,200,0.469280
25,0,201,0.469280
25,0,202,0.469280
25,0,203,0.469280
25,0,204,0.469280
25,0,205,0.469280
25,0,206,0.469280
25,0,207,0.469280
25,0,208,0.469280
25,0,209,0.469280
25,0,210,0.469280
25,0,211,0.469280
25,0,212,0.469280
25,0,213,0.469280
25,0,214,0.469280
25,0,215,0.469280
25,0,216,0.469280
25,0,217,0.469280
25,0,218,0.469280
25,0,219,0.469280
25,0,220,0.469280
25,0,221,0.469280
25,0,222,0.469280
25,0,223,0.469280
25,0,224,0.469280
25,0,225,0.469280
25,0,226,0.469280
25,0,227,0.469280
25,0,228,0.469280
25,0,229,0.469280
25,0,230,0.469280
25,0,231,0.469280
25,0,232,0.502712
25,0,233,0.526364
25,0,234,0.526364
25,0,235,0.526364
25,0,236,0.526364
25,0,237,0.526364
25,0,238,0.526364
25,0,239,0.526364
25,0,240,0.526364
25,0,241,0.526364
25,0,242,0.526364
25,0,243,0.526364
25,0,244,0.526364
25,0,245,0.528501
25,0,246,0.546024
25,0,247,0.553183
25,0,248,0.551601
25,0,249,0.525663
25,0,250,0.513485
25,0,251,0.513485
26,0,0,1.000000
26,0,1,1.000000
26,0,2,1.000000
26,0,3,1.000000
26,0,4,1.000000
26,0,5,1.000000
26,0,6,1.000000
26,0,7,1.000000
26,0,8,1.000000
26,0,9,1.000000
26,0,10,1.000000
26,0,11,1.000000
26,0,12,1.000000
26,0,13,1.000000
26,0,14,1.000000
26,0,15,1.000000
26,0,16,1.000000
26,0,17,1.000000
26,0,18,1.000000
26,0,19,1.000000
26,0,20,1.000000
26,0,21,1.000000
26,0,22,1.000000
26,0,23,1.000000
26,0,24,1.000000
26,0,25,1.000000
26,0,26,1.000000
26,0,27,1.000000
26,0,28,1.000000
26,0,29,1.000000
26,0,30,1.000000
26,0,31,1.000000
26,0,32,1.000000
26,0,33,1.000000
26,0,34,1.000000
26,0,35,1.000000
26,0,36,1.000000
26,0,37,1.000000
26,0,38,1.000000
26,0,39,1.000000
26,0,40,1.000000
26,0,41,1.000000
26,0,42,1.000000
26,0,43,1.000000
26,0,44,1.000000
26,0,45,1.000000
26,0,46,1.000000
26,0,47,1.000000
26,0,48,1.000000
26,0,49,1.000000
26,0,50,1.000000
26,0,51,1.000000
26,0,52,1.000000
26,0,53,1.000000
26,0,54,1.000000
26,0,55,1.000000
26,0,56,1.001763
26,0,57,1.041307
26,0,58,1.102175
26,0,59,1.189546
26,0,60,1.288440
26,0,61,1.364331
26,0,62,1.364331
26,0,63,1.364331
26,0,64,1.364331
26,0,65,1.364331
26,0,66,1.364331
26,0,67,1.364331
26,0,68,1.364331
26,0,69,1.364331
26,0,70,1.364331
26,0,71,1.364331
26,0,72,1.364331
26,0,73,1.364331
26,0,74,1.364331
26,0,75,1.364331
26,0,76,1.364331
26,0,77,1.364331
26,0,78,1.364331
26,0,79,1.364331
26,0,80,1.364447
26,0,81,1.366266
26,0,82,1.367239
26,0,83,1.367239
26,0,84,1.367239
26,0,85,1.367239
26,0,86,1.367239
26,0,87,1.367239
26,0,88,1.367239
26,0,89,1.367239
26,0,90,1.367239
26,0,91,1.367239
26,0,92,1.367239
26,0,93,1.367239
26,0,94,1.367239
26,0,95,1.367239
26,0,96,1.367239
26,0,97,1.367239
26,0,98,1.367239
26,0,99,1.367239
26,0,100,1.367239
26,0,101,1.367239
26,0,102,1.367239
26,0,103,1.367239
26,0,104,1.367239
26,0,105,1.367239
26,0,106,1.367239
26,0,107,1.367239
26,0,108,1.367239
26,0,109,1.367239
26,0,110,1.367239
26,0,111,1.367239
26,0,112,1.367239
26,0,113,1.367239
26,0,114,1.367239
26,0,115,1.367239
26,0,116,1.367239
26,0,117,1.367239
26,0,118,1.367239
26,0,119,1.367239
26,0,120,1.367239
26,0,121,1.367239
26,0,122,1.367239
26,0,123,1.367239
26,0,124,1.367239
26,0,125,1.367239
26,0,126,1.367239
26,0,127,1.367239
26,0,128,1.367239
26,0,129,1.367239
26,0,130,1.367239
26,0,131,1.367239
26,0,132,1.367239
26,0,133,1.367239
26,0,134,1.367239
26,0,135,1.367239
26,0,136,1.367239
26,0,137,1.367239
26,0,138,1.367239
26,0,139,1.367239
26,0,140,1.367239
26,0,141,1.367239
26,0,142,1.367239
26,0,143,1.367239
26,0,144,1.367239
26,0,145,1.367239
26,0,146,1.367239
26,0,147,1.367239
26,0,148,1.741590
26,0,149,2.019754
26,0,150,2.019754
26,0,151,2.019754
26,0,152,2.019754
26,0,153,2.019754
26,0,154,2.019754
26,0,155,2.019754
26,0,156,2.019754
26,0,157,2.019754
26,0,158,2.019754
26,0,159,2.019754
26,0,160,2.019754
26,0,161,2.019754
26,0,162,2.019754
26,0,163,2.019754
26,0,164,2.019754
26,0,165,2.019754
26,0,166,2.019754
26,0,167,2.019754
26,0,168,2.019754
26,0,169,2.019754
26,0,170,2.019754
26,0,171,2.019754
26,0,172,3.434271
26,0,173,4.435018
26,0,174,4.435018
26,0,175,4.435018
26,0,176,4.435018
26,0,177,4.435018
26,0,178,4.435018
26,0,179,4.435018
26,0,180,4.435018
26,0,181,4.435018
26,0,182,4.435018
26,0,183,4.435018
26,0,184,4.435018
26,0,185,4.435018
26,0,186,4.435018
26,0,187,4.435018
26,0,188,4.435018
26,0,189,4.435018
26,0,190,4.435018
26,0,191,4.435018
26,0,192,4.435018
26,0,193,4.435018
26,0,194,4.435018
26,0,195,4.435018
26,0,196,4.435018
26,0,197,4.435018
26,0,198,4.435018
26,0,199,4.435018
26,0,200,4.435018
26,0,201,4.435018
26,0,202,4.435018
26,0,203,4.435018
26,0,204,4.435018
26,0,205,4.435018
26,0,206,4.435018
26,0,207,4.435018
26,0,208,4.435018
26,0,209,4.435018
26,0,210,4.435018
26,0,211,4.435018
26,0,212,4.435018
26,0,213,4.435018
26,0,214,4.435018
26,0,215,4.435018
26,0,216,4.435018
26,0,217,4.435018
26,0,218,4.435018
26,0,219,4.435018
26,0,220,4.435018
26,0,221,4.435018
26,0,222,4.435018
26,0,223,4.435018
26,0,224,4.435018
26,0,225,4.435018
26,0,226,4.435018
26,0,227,4.435018
26,0,228,4.435018
26,0,229,4.435018
26,0,230,4.435018
26,0,231,4.435018
26,0,232,4.435018
26,0,233,4.435018
26,0,234,4.435018
26,0,235,4.435018
26,0,236,4.435018
26,0,237,4.435018
26,0,238,4.435018
26,0,239,4.435018
26,0,240,4.435018
26,0,241,4.435018
26,0,242,4.435018
26,0,243,4.435018
26,0,244,4.435018
26,0,245,4.435018
26,0,246,4.435018
26,0,247,4.713337
26,0,248,4.892885
26,0,249,4.381379
26,0,250,4.176125
26,0,251,4.176125
27,0,0,1.000000
27,0,1,1.000000
27,0,2,1.000000
27,0,3,1.000000
27,0,4,1.000000
27,0,5,1.000000
27,0,6,1.000000
27,0,7,1.000000
27,0,8,1.000000
27,0,9,1.000000
27,0,10,1.000000
27,0,11,1.000000
27,0,12,1.000000
27,0,13,1.000000
27,0,14,0.992078
27,0,15,0.849484
27,0,16,0.715944
27,0,17,0.715944
27,0,18,0.715944
27,0,19,0.715944
27,0,20,0.715944
27,0,21,0.715944
27,0,22,0.715944
27,0,23,0.715944
27,0,24,0.715944
27,0,25,0.715944
27,0,26,0.715944
27,0,27,0.715944
27,0,28,0.715944
27,0,29,0.715944
27,0,30,0.715944
27,0,31,0.715944
27,0,32,0.715944
27,0,33,0.715944
27,0,34,0.741991
27,0,35,0.935046
27,0,36,1.100521
27,0,37,1.100521
27,0,38,1.100521
27,0,39,1.100521
27,0,40,1.100521
27,0,41,1.100521
27,0,42,1.100521
27,0,43,1.100521
27,0,44,1.100521
27,0,45,1.100521
27,0,46,1.154151
27,0,47,1.447951
27,0,48,1.685788
27,0,49,1.685788
27,0,50,1.675780
27,0,51,1.625336
27,0,52,1.585302
27,0,53,1.585302
27,0,54,1.585302
27,0,55,1.585302
27,0,56,1.585302
27,0,57,1.585302
27,0,58,1.585302
27,0,59,1.585302
27,0,60,1.585302
27,0,61,1.585302
27,0,62,1.585302
27,0,63,1.585302
27,0,64,1.585302
27,0,65,1.585302
27,0,66,1.585302
27,0,67,1.585302
27,0,68,1.585302
27,0,69,1.585302
27,0,70,1.585302
27,0,71,1.585302
27,0,72,1.585302
27,0,73,1.585302
27,0,74,1.585302
27,0,75,1.585302
27,0,76,1.602244
27,0,77,1.658422
27,0,78,1.661874
27,0,79,1.547708
27,0,80,1.469785
27,0,81,1.469785
27,0,82,1.469785
27,0,83,1.469785
27,0,84,1.469785
27,0,85,1.469785
27,0,86,1.469785
27,0,87,1.469785
27,0,88,1.469785
27,0,89,1.469785
27,0,90,1.469785
27,0,91,1.469785
27,0,92,1.469785
27,0,93,1.469785
27,0,94,1.469785
27,0,95,1.469785
27,0,96,1.469785
27,0,97,1.469785
27,0,98,1.469785
27,0,99,1.469785
27,0,100,1.469785
27,0,101,1.469785
27,0,102,1.469785
27,0,103,1.469785
27,0,104,1.469785
27,0,105,1.469785
27,0,106,1.469785
27,0,107,1.469785
27,0,108,1.469785
27,0,109,1.469785
27,0,110,1.469785
27,0,111,1.469785
27,0,112,1.469785
27,0,113,1.469785
27,0,114,1.469785
27,0,115,1.469785
27,0,116,1.469785
27,0,117,1.469785
27,0,118,1.469785
27,0,119,1.469785
27,0,120,1.469785
27,0,121,1.469785
27,0,122,1.469785
27,0,123,1.469785
27,0,124,1.469785
27,0,125,1.469785
27,0,126,1.469785
27,0,127,1.469785
27,0,128,1.469785
27,0,129,1.469785
27,0,130,1.469785
27,0,131,1.469785
27,0,132,1.469785
27,0,133,1.469785
27,0,134,1.469785
27,0,135,1.469785
27,0,136,1.469785
27,0,137,1.469785
27,0,138,1.469785
27,0,139,1.469785
27,0,140,1.469785
27,0,141,1.469785
27,0,142,1.469785
27,0,143,1.469785
27,0,144,1.544941
27,0,145,1.676464
27,0,146,1.595138
27,0,147,1.359277
27,0,148,1.261937
27,0,149,1.261937
27,0,150,1.261937
27,0,151,1.261937
27,0,152,1.261937
27,0,153,1.261937
27,0,154,1.261937
27,0,155,1.261937
27,0,156,1.325307
27,0,157,1.427674
27,0,158,1.522839
27,0,159,1.613719
27,0,160,1.646897
27,0,161,1.646897
27,0,162,1.646897
27,0,163,1.646897
27,0,164,1.646897
27,0,165,1.646897
27,0,166,1.646897
27,0,167,1.646897
27,0,168,1.646897
27,0,169,1.646897
27,0,170,1.646897
27,0,171,1.646897
27,0,172,1.646897
27,0,173,1.646897
27,0,174,1.646897
27,0,175,1.646897
27,0,176,1.646897
27,0,177,1.646897
27,0,178,1.646897
27,0,179,1.646897
27,0,180,1.646897
27,0,181,1.646897
27,0,182,1.646897
27,0,183,1.646897
27,0,184,1.646897
27,0,185,1.646897
27,0,186,1.646897
27,0,187,1.646897
27,0,188,1.646897
27,0,189,1.646897
27,0,190,1.646897
27,0,191,1.646897
27,0,192,1.646897
27,0,193,1.646897
27,0,194,1.646897
27,0,195,1.646897
27,0,196,1.646897
27,0,197,1.646897
27,0,198,1.646897
27,0,199,1.646897
27,0,200,1.646897
27,0,201,1.646897
27,0,202,1.646897
27,0,203,1.646897
27,0,204,1.646897
27,0,205,1.646897
27,0,206,1.646897
27,0,207,1.646897
27,0,208,1.646897
27,0,209,1.646897
27,0,210,1.646897
27,0,211,1.646897
27,0,212,1.646897
27,0,213,1.646897
27,0,214,1.646897
27,0,215,1.646897
27,0,216,1.646897
27,0,217,1.646897
27,0,218,1.646897
27,0,219,1.646897
27,0,220,1.646897
27,0,221,1.646897
27,0,222,1.646897
27,0,223,1.646897
27,0,224,1.646897
27,0,225,1.646897
27,0,226,1.646897
27,0,227,1.646897
27,0,228,1.646897
27,0,229,1.646897
27,0,230,1.646897
27,0,231,1.646897
27,0,232,1.646897
27,0,233,1.646897
27,0,234,1.646897
27,0,235,1.646897
27,0,236,1.646897
27,0,237,1.646897
27,0,238,1.646897
27,0,239,1.646897
27,0,240,1.646897
27,0,241,1.646897
27,0,242,1.646897
27,0,243,1.646897
27,0,244,1.646897
27,0,245,1.646897
27,0,246,1.646897
27,0,247,1.646897
27,0,248,1.646897
27,0,249,1.646897
27,0,250,1.596078
27,0,251,1.544853
28,0,0,1.000000
28,0,1,1.000000
28,0,2,1.000000
28,0,3,1.000000
28,0,4,1.000000
28,0,5,1.000000
28,0,6,1.000000
28,0,7,1.000000
28,0,8,1.000000
28,0,9,1.000000
28,0,10,1.000000
28,0,11,1.000000
28,0,12,1.039986
28,0,13,1.175378
28,0,14,1.176079
28,0,15,1.176079
28,0,16,1.176079
28,0,17,1.176079
28,0,18,1.176079
28,0,19,1.176079
28,0,20,1.176079
28,0,21,1.176079
28,0,22,1.176079
28,0,23,1.176079
28,0,24,1.176079
28,0,25,1.176079
28,0,26,1.176079
28,0,27,1.176079
28,0,28,1.176079
28,0,29,1.176079
28,0,30,1.176079
28,0,31,1.176079
28,0,32,1.176079
28,0,33,1.176079
28,0,34,1.176079
28,0,35,1.176079
28,0,36,1.176079
28,0,37,1.176079
28,0,38,1.176079
28,0,39,1.176079
28,0,40,1.176079
28,0,41,1.176079
28,0,42,1.176079
28,0,43,1.163973
28,0,44,1.017943
28,0,45,0.986164
28,0,46,0.986164
28,0,47,0.986164
28,0,48,0.986164
28,0,49,0.986164
28,0,50,0.986164
28,0,51,0.986164
28,0,52,0.986164
28,0,53,0.986164
28,0,54,0.986164
28,0,55,0.986164
28,0,56,0.986164
28,0,57,0.986164
28,0,58,0.986164
28,0,59,0.986164
28,0,60,0.986164
28,0,61,0.986164
28,0,62,0.986164
28,0,63,0.986164
28,0,64,0.986164
28,0,65,0.986164
28,0,66,0.986164
28,0,67,0.986164
28,0,68,0.986164
28,0,69,0.986164
28,0,70,0.986164
28,0,71,0.986164
28,0,72,0.986164
28,0,73,0.986164
28,0,74,0.986164
28,0,75,0.986164
28,0,76,0.986164
28,0,77,1.019279
28,0,78,1.142183
28,0,79,1.233974
28,0,80,1.264082
28,0,81,1.264082
28,0,82,1.264082
28,0,83,1.264082
28,0,84,1.264082
28,0,85,1.264082
28,0,86,1.264504
28,0,87,1.267051
28,0,88,1.267394
28,0,89,1.267394
28,0,90,1.267394
28,0,91,1.267394
28,0,92,1.267394
28,0,93,1.267394
28,0,94,1.267394
28,0,95,1.267394
28,0,96,1.267394
28,0,97,1.267394
28,0,98,1.267394
28,0,99,1.267394
28,0,100,1.267394
28,0,101,1.267394
28,0,102,1.267394
28,0,103,1.267394
28,0,104,1.267394
28,0,105,1.267394
28,0,106,1.267394
28,0,107,1.267394
28,0,108,1.267394
28,0,109,1.267394
28,0,110,1.267394
28,0,111,1.267394
28,0,112,1.267394
28,0,113,1.267394
28,0,114,1.267394
28,0,115,1.267394
28,0,116,1.267394
28,0,117,1.267394
28,0,118,1.267394
28,0,119,1.267394
28,0,120,1.267394
28,0,121,1.267394
28,0,122,1.267394
28,0,123,1.267394
28,0,124,1.267394
28,0,125,1.267394
28,0,126,1.267394
28,0,127,1.267394
28,0,128,1.267394
28,0,129,1.267394
28,0,130,1.267394
28,0,131,1.267394
28,0,132,1.267394
28,0,133,1.267394
28,0,134,1.267394
28,0,135,1.267394
28,0,136,1.267394
28,0,137,1.267394
28,0,138,1.267394
28,0,139,1.267394
28,0,140,1.267394
28,0,141,1.267394
28,0,142,1.267394
28,0,143,1.267394
28,0,144,1.267394
28,0,145,1.267394
28,0,146,1.267394
28,0,147,1.267394
28,0,148,1.267394
28,0,149,1.267394
28,0,150,1.267394
28,0,151,1.267394
28,0,152,1.267394
28,0,153,1.267394
28,0,154,1.267394
28,0,155,1.267394
28,0,156,1.267394
28,0,157,1.267394
28,0,158,1.267394
28,0,159,1.267394
28,0,160,1.267394
28,0,161,1.267394
28,0,162,1.267394
28,0,163,1.267394
28,0,164,1.267394
28,0,165,1.267394
28,0,166,1.267394
28,0,167,1.267394
28,0,168,1.267394
28,0,169,1.267394
28,0,170,1.267394
28,0,171,1.267394
28,0,172,1.267394
28,0,173,1.267394
28,0,174,1.267394
28,0,175,1.267394
28,0,176,1.267394
28,0,177,1.267394
28,0,178,1.267394
28,0,179,1.267394
28,0,180,1.267394
28,0,181,1.267394
28,0,182,1.267394
28,0,183,1.267394
28,0,184,1.267394
28,0,185,1.267394
28,0,186,1.267394
28,0,187,1.267394
28,0,188,1.267394
28,0,189,1.267394
28,0,190,1.267394
28,0,191,1.267394
28,0,192,1.267394
28,0,193,1.267394
28,0,194,1.267394
28,0,195,1.267394
28,0,196,1.267394
28,0,197,1.267394
28,0,198,1.267394
28,0,199,1.267394
28,0,200,1.267394
28,0,201,1.267394
28,0,202,1.267394
28,0,203,1.267394
28,0,204,1.267394
28,0,205,1.267394
28,0,206,1.267394
28,0,207,1.267394
28,0,208,1.267394
28,0,209,1.267394
28,0,210,1.267394
28,0,211,1.267394
28,0,212,1.267394
28,0,213,1.267394
28,0,214,1.267394
28,0,215,1.267394
28,0,216,1.267394
28,0,217,1.267394
28,0,218,1.267394
28,0,219,1.267394
28,0,220,1.267394
28,0,221,1.267394
28,0,222,1.267394
28,0,223,1.267394
28,0,224,1.267394
28,0,225,1.267394
28,0,226,1.267394
28,0,227,1.267394
28,0,228,1.267394
28,0,229,1.267394
28,0,230,1.267394
28,0,231,1.267394
28,0,232,1.267394
28,0,233,1.267394
28,0,234,1.267394
28,0,235,1.267394
28,0,236,1.267394
28,0,237,1.267394
28,0,238,1.267394
28,0,239,1.267394
28,0,240,1.267394
28,0,241,1.267394
28,0,242,1.267394
28,0,243,1.267394
28,0,244,1.267394
28,0,245,1.267394
28,0,246,1.267394
28,0,247,1.267394
28,0,248,1.267394
28,0,249,1.267394
28,0,250,1.267394
28,0,251,1.267394
29,0,0,1.000000
29,0,1,1.000000
29,0,2,0.976041
29,0,3,0.925011
29,0,4,0.921899
29,0,5,0.921899
29,0,6,0.921899
29,0,7,0.921899
29,0,8,0.921899
29,0,9,0.921899
29,0,10,0.921899
29,0,11,0.921899
29,0,12,0.921899
29,0,13,0.921899
29,0,14,0.921899
29,0,15,0.921899
29,0,16,0.921899
29,0,17,0.921899
29,0,18,0.921899
29,0,19,0.921899
29,0,20,0.921899
29,0,21,0.921899
29,0,22,0.921899
29,0,23,0.921899
29,0,24,0.921899
29,0,25,0.921899
29,0,26,0.921899
29,0,27,0.921899
29,0,28,0.921899
29,0,29,0.921899
29,0,30,0.921899
29,0,31,0.921899
29,0,32,0.921899
29,0,33,0.921899
29,0,34,0.921899
29,0,35,0.921899
29,0,36,0.921899
29,0,37,0.921899
29,0,38,0.921899
29,0,39,0.822467
29,0,40,0.715639
29,0,41,0.715639
29,0,42,0.834405
29,0,43,0.984201
29,0,44,0.984201
29,0,45,0.984201
29,0,46,0.984201
29,0,47,0.984201
29,0,48,0.984201
29,0,49,0.984201
29,0,50,0.984201
29,0,51,0.984201
29,0,52,0.984201
29,0,53,0.984201
29,0,54,0.984201
29,0,55,0.984201
29,0,56,0.984201
29,0,57,0.984201
29,0,58,0.984201
29,0,59,0.984201
29,0,60,0.984201
29,0,61,0.984201
29,0,62,0.984201
29,0,63,0.984201
29,0,64,0.984201
29,0,65,1.098093
29,0,66,1.226463
29,0,67,1.226463
29,0,68,1.226463
29,0,69,1.254748
29,0,70,1.475643
29,0,71,1.564539
29,0,72,1.564539
29,0,73,1.564539
29,0,74,1.564539
29,0,75,1.564539
29,0,76,1.564539
29,0,77,1.564539
29,0,78,1.564539
29,0,79,1.564539
29,0,80,1.564539
29,0,81,1.564539
29,0,82,1.564539
29,0,83,1.564539
29,0,84,1.564539
29,0,85,1.564539
29,0,86,1.564539
29,0,87,1.564539
29,0,88,1.564539
29,0,89,1.564539
29,0,90,1.564539
29,0,91,1.757949
29,0,92,1.986677
29,0,93,1.986677
29,0,94,1.986677
29,0,95,1.986677
29,0,96,1.986677
29,0,97,1.986677
29,0,98,1.986677
29,0,99,1.986677
29,0,100,1.986677
29,0,101,1.986677
29,0,102,1.986677
29,0,103,1.986677
29,0,104,1.986677
29,0,105,1.986677
29,0,106,1.986677
29,0,107,1.986677
29,0,108,1.986677
29,0,109,1.986677
29,0,110,1.986677
29,0,111,1.986677
29,0,112,1.986677
29,0,113,1.986677
29,0,114,1.986677
29,0,115,1.986677
29,0,116,1.986677
29,0,117,1.986677
29,0,118,1.986677
29,0,119,1.986677
29,0,120,1.986677
29,0,121,1.986677
29,0,122,1.986677
29,0,123,1.986677
29,0,124,1.986677
29,0,125,1.986677
29,0,126,1.986677
29,0,127,1.986677
29,0,128,1.986677
29,0,129,1.986677
29,0,130,1.986677
29,0,131,1.986677
29,0,132,1.986677
29,0,133,1.986677
29,0,134,1.986677
29,0,135,1.986677
29,0,136,1.986677
29,0,137,1.986677
29,0,138,1.986677
29,0,139,1.986677
29,0,140,1.986677
29,0,141,1.986677
29,0,142,1.986677
29,0,143,1.986677
29,0,144,1.986677
29,0,145,1.986677
29,0,146,1.986677
29,0,147,1.986677
29,0,148,1.986677
29,0,149,1.986677
29,0,150,1.986677
29,0,151,1.986677
29,0,152,1.986677
29,0,153,1.986677
29,0,154,1.986677
29,0,155,1.986677
29,0,156,1.986677
29,0,157,1.986677
29,0,158,1.986677
29,0,159,1.986677
29,0,160,1.986677
29,0,161,1.986677
29,0,162,1.986677
29,0,163,1.986677
29,0,164,1.986677
29,0,165,1.986677
29,0,166,1.986677
29,0,167,1.986677
29,0,168,1.986677
29,0,169,1.986677
29,0,170,1.986677
29,0,171,1.986677
29,0,172,1.986677
29,0,173,1.986677
29,0,174,1.986677
29,0,175,1.986677
29,0,176,1.986677
29,0,177,1.986677
29,0,178,1.986677
29,0,179,1.986677
29,0,180,1.986677
29,0,181,1.986677
29,0,182,1.986677
29,0,183,1.986677
29,0,184,1.986677
29,0,185,1.986677
29,0,186,1.986677
29,0,187,1.986677
29,0,188,1.986677
29,0,189,1.986677
29,0,190,1.986677
29,0,191,1.986677
29,0,192,1.986677
29,0,193,1.986677
29,0,194,1.986677
29,0,195,1.986677
29,0,196,1.986677
29,0,197,1.986677
29,0,198,1.986677
29,0,199,1.986677
29,0,200,1.986677
29,0,201,1.986677
29,0,202,1.986677
29,0,203,1.986677
29,0,204,1.986677
29,0,205,1.986677
29,0,206,1.986677
29,0,207,1.986677
29,0,208,1.986677
29,0,209,1.986677
29,0,210,1.986677
29,0,211,1.986677
29,0,212,1.986677
29,0,213,1.986677
29,0,214,1.986677
29,0,215,1.986677
29,0,216,1.986677
29,0,217,1.986677
29,0,218,1.986677
29,0,219,1.986677
29,0,220,1.986677
29,0,221,1.980734
29,0,222,1.971761
29,0,223,1.971761
29,0,224,1.971761
29,0,225,1.971761
29,0,226,1.971761
29,0,227,1.971761
29,0,228,1.971761
29,0,229,1.971761
29,0,230,1.971761
29,0,231,1.971761
29,0,232,1.971761
29,0,233,1.971761
29,0,234,1.971761
29,0,235,1.971761
29,0,236,1.971761
29,0,237,1.971761
29,0,238,1.971761
29,0,239,1.971761
29,0,240,1.971761
29,0,241,1.971761
29,0,242,1.971761
29,0,243,1.971761
29,0,244,1.971761
29,0,245,1.971761
29,0,246,1.971761
29,0,247,1.971761
29,0,248,1.971761
29,0,249,1.971761
29,0,250,1.979199
29,0,251,1.993220
30,0,0,1.000000
30,0,1,1.000000
30,0,2,1.000000
30,0,3,1.000000
30,0,4,1.000000
30,0,5,1.023663
30,0,6,1.090914
30,0,7,1.156298
30,0,8,1.156298
30,0,9,1.156298
30,0,10,1.156298
30,0,11,1.156298
30,0,12,1.156298
30,0,13,1.156298
30,0,14,1.156298
30,0,15,1.156298
30,0,16,1.156298
30,0,17,1.156298
30,0,18,1.156298
30,0,19,1.156298
30,0,20,1.156298
30,0,21,1.156298
30,0,22,1.156298
30,0,23,1.156298
30,0,24,1.156298
30,0,25,1.156298
30,0,26,1.156298
30,0,27,1.156298
30,0,28,1.156298
30,0,29,1.156298
30,0,30,1.156298
30,0,31,1.156298
30,0,32,1.156298
30,0,33,1.156298
30,0,34,1.156298
30,0,35,1.128856
30,0,36,0.931273
30,0,37,0.733690
30,0,38,0.697101
30,0,39,0.697101
30,0,40,0.697101
30,0,41,0.697101
30,0,42,0.697101
30,0,43,0.697101
30,0,44,0.697101
30,0,45,0.697101
30,0,46,0.697101
30,0,47,0.697101
30,0,48,0.697101
30,0,49,0.697101
30,0,50,0.697101
30,0,51,0.697101
30,0,52,0.697101
30,0,53,0.697101
30,0,54,0.697101
30,0,55,0.697101
30,0,56,0.697101
30,0,57,0.697101
30,0,58,0.697101
30,0,59,0.697101
30,0,60,0.697101
30,0,61,0.697101
30,0,62,0.697101
30,0,63,0.697101
30,0,64,0.697101
30,0,65,0.697101
30,0,66,0.697101
30,0,67,0.697101
30,0,68,0.697101
30,0,69,0.697101
30,0,70,0.697101
30,0,71,0.697101
30,0,72,0.697101
30,0,73,0.697101
30,0,74,0.697101
30,0,75,0.697101
30,0,76,0.697101
30,0,77,0.697101
30,0,78,0.697101
30,0,79,0.697101
30,0,80,0.697101
30,0,81,0.697101
30,0,82,0.697101
30,0,83,0.697101
30,0,84,0.697101
30,0,85,0.697101
30,0,86,0.697101
30,0,87,0.697101
30,0,88,0.697101
30,0,89,0.697101
30,0,90,0.697101
30,0,91,0.697101
30,0,92,0.697101
30,0,93,0.697101
30,0,94,0.697101
30,0,95,0.697101
30,0,96,0.697101
30,0,97,0.697101
30,0,98,0.697101
30,0,99,0.697101
30,0,100,0.697101
30,0,101,0.697101
30,0,102,0.697101
30,0,103,0.697101
30,0,104,0.697101
30,0,105,0.697101
30,0,106,0.697101
30,0,107,0.697101
30,0,108,0.697101
30,0,109,0.697101
30,0,110,0.697101
30,0,111,0.697101
30,0,112,0.697101
30,0,113,0.697101
30,0,114,0.692839
30,0,115,0.657435
30,0,116,0.622031
30,0,117,0.614819
30,0,118,0.614819
30,0,119,0.614819
30,0,120,0.614819
30,0,121,0.614819
30,0,122,0.614819
30,0,123,0.614819
30,0,124,0.614819
30,0,125,0.614819
30,0,126,0.614819
30,0,127,0.614819
30,0,128,0.606534
30,0,129,0.559441
30,0,130,0.512349
30,0,131,0.505372
30,0,132,0.505372
30,0,133,0.505372
30,0,134,0.505372
30,0,135,0.505372
30,0,136,0.505372
30,0,137,0.505372
30,0,138,0.505372
30,0,139,0.505372
30,0,140,0.505372
30,0,141,0.505372
30,0,142,0.505372
30,0,143,0.505372
30,0,144,0.505372
30,0,145,0.505372
30,0,146,0.505372
30,0,147,0.505372
30,0,148,0.505372
30,0,149,0.503656
30,0,150,0.497039
30,0,151,0.490422
30,0,152,0.489993
30,0,153,0.489993
30,0,154,0.489993
30,0,155,0.489993
30,0,156,0.489993
30,0,157,0.489993
30,0,158,0.489993
30,0,159,0.489993
30,0,160,0.489993
30,0,161,0.489993
30,0,162,0.489993
30,0,163,0.534543
30,0,164,0.676055
30,0,165,0.817567
30,0,166,1.215336
30,0,167,1.615499
30,0,168,1.819441
30,0,169,1.925273
30,0,170,1.994847
30,0,171,1.994847
30,0,172,1.994847
30,0,173,1.994847
30,0,174,1.994847
30,0,175,1.994847
30,0,176,1.994847
30,0,177,1.994847
30,0,178,1.994847
30,0,179,1.994847
30,0,180,1.994847
30,0,181,1.994847
30,0,182,1.889526
30,0,183,1.743697
30,0,184,1.665721
30,0,185,1.690315
30,0,186,1.713087
30,0,187,1.713087
30,0,188,1.713087
30,0,189,1.713087
30,0,190,1.713087
30,0,191,1.710075
30,0,192,1.703004
30,0,193,1.696652
30,0,194,1.696652
30,0,195,1.696652
30,0,196,1.696652
30,0,197,1.696652
30,0,198,1.696652
30,0,199,1.696652
30,0,200,1.730978
30,0,201,1.995780
30,0,202,2.260581
30,0,203,2.312071
30,0,204,2.312071
30,0,205,2.312071
30,0,206,2.312071
30,0,207,2.312071
30,0,208,2.312071
30,0,209,2.312071
30,0,210,2.312071
30,0,211,2.312071
30,0,212,2.286508
30,0,213,2.236313
30,0,214,2.195413
30,0,215,2.195413
30,0,216,2.195413
30,0,217,2.195413
30,0,218,2.195413
30,0,219,2.195413
30,0,220,2.195413
30,0,221,2.195413
30,0,222,2.195413
30,0,223,2.195413
30,0,224,2.195413
30,0,225,2.195413
30,0,226,2.195413
30,0,227,2.195413
30,0,228,2.195413
30,0,229,2.195413
30,0,230,2.195413
30,0,231,2.195413
30,0,232,2.195413
30,0,233,2.195413
30,0,234,2.195413
30,0,235,2.195413
30,0,236,2.195413
30,0,237,2.195413
30,0,238,2.195413
30,0,239,2.195413
30,0,240,2.195413
30,0,241,2.195413
30,0,242,2.195413
30,0,243,2.195413
30,0,244,2.195413
30,0,245,2.195413
30,0,246,2.195413
30,0,247,2.195413
30,0,248,2.195413
30,0,249,2.195413
30,0,250,2.195413
30,0,251,2.195413
31,0,0,1.000000
31,0,1,1.026579
31,0,2,1.038787
31,0,3,1.038787
31,0,4,1.038787
31,0,5,1.038787
31,0,6,1.038787
31,0,7,1.038787
31,0,8,1.038787
31,0,9,1.038787
31,0,10,1.038787
31,0,11,1.038787
31,0,12,1.038787
31,0,13,1.038787
31,0,14,1.038787
31,0,15,1.038787
31,0,16,1.038787
31,0,17,1.038787
31,0,18,1.038787
31,0,19,1.038787
31,0,20,1.038787
31,0,21,1.038787
31,0,22,1.038787
31,0,23,1.038787
31,0,24,1.038787
31,0,25,1.038787
31,0,26,1.038787
31,0,27,1.038787
31,0,28,1.038787
31,0,29,1.038787
31,0,30,1.038787
31,0,31,1.038787
31,0,32,1.038787
31,0,33,1.038787
31,0,34,1.038787
31,0,35,1.038787
31,0,36,1.038787
31,0,37,1.038787
31,0,38,1.038787
31,0,39,1.038787
31,0,40,1.038787
31,0,41,1.038787
31,0,42,1.038787
31,0,43,1.038787
31,0,44,1.038787
31,0,45,1.038787
31,0,46,1.038787
31,0,47,1.038787
31,0,48,1.038787
31,0,49,1.038787
31,0,50,1.038787
31,0,51,1.038787
31,0,52,1.038787
31,0,53,1.038787
31,0,54,1.038787
31,0,55,1.038787
31,0,56,1.038787
31,0,57,1.038787
31,0,58,1.038787
31,0,59,1.038787
31,0,60,1.038787
31,0,61,1.038787
31,0,62,1.038787
31,0,63,1.038787
31,0,64,1.038787
31,0,65,1.038787
31,0,66,1.038787
31,0,67,1.038787
31,0,68,1.038787
31,0,69,1.038787
31,0,70,1.038787
31,0,71,1.038787
31,0,72,1.038787
31,0,73,1.038787
31,0,74,1.038787
31,0,75,1.038787
31,0,76,1.038787
31,0,77,1.038787
31,0,78,1.038787
31,0,79,1.038787
31,0,80,1.038787
31,0,81,1.038787
31,0,82,1.038787
31,0,83,1.038787
31,0,84,1.038787
31,0,85,1.038787
31,0,86,1.038787
31,0,87,1.038787
31,0,88,1.038787
31,0,89,1.038787
31,0,90,1.038787
31,0,91,1.038787
31,0,92,1.038787
31,0,93,1.038787
31,0,94,1.038787
31,0,95,1.038787
31,0,96,1.038787
31,0,97,1.038787
31,0,98,1.038787
31,0,99,1.038787
31,0,100,1.038787
31,0,101,1.038787
31,0,102,1.038787
31,0,103,1.038787
31,0,104,1.038787
31,0,105,1.038787
31,0,106,1.038787
31,0,107,1.038787
31,0,108,1.038787
31,0,109,1.038787
31,0,110,0.959280
31,0,111,0.828721
31,0,112,0.828721
31,0,113,0.828721
31,0,114,0.828721
31,0,115,0.828721
31,0,116,0.828721
31,0,117,0.828721
31,0,118,0.828721
31,0,119,0.828721
31,0,120,0.828721
31,0,121,0.828721
31,0,122,0.828721
31,0,123,0.828721
31,0,124,0.828721
31,0,125,0.828721
31,0,126,0.828721
31,0,127,0.828721
31,0,128,0.828721
31,0,129,0.828721
31,0,130,0.828721
31,0,131,0.828721
31,0,132,0.828721
31,0,133,0.828721
31,0,134,0.828721
31,0,135,0.828721
31,0,136,0.828721
31,0,137,0.828721
31,0,138,0.828721
31,0,139,0.828721
31,0,140,0.828721
31,0,141,0.828721
31,0,142,0.812274
31,0,143,0.775534
31,0,144,0.775107
31,0,145,0.775107
31,0,146,0.775107
31,0,147,0.775107
31,0,148,0.775107
31,0,149,0.775107
31,0,150,0.775107
31,0,151,0.775107
31,0,152,0.775107
31,0,153,0.775107
31,0,154,0.775107
31,0,155,0.775107
31,0,156,0.775107
31,0,157,0.775107
31,0,158,0.775107
31,0,159,0.775107
31,0,160,0.775107
31,0,161,0.775107
31,0,162,0.775107
31,0,163,0.775107
31,0,164,0.775107
31,0,165,0.775107
31,0,166,0.775107
31,0,167,0.775107
31,0,168,0.765640
31,0,169,0.713113
31,0,170,0.698455
31,0,171,0.698455
31,0,172,0.698455
31,0,173,0.698455
31,0,174,0.698455
31,0,175,0.698455
31,0,176,0.698455
31,0,177,0.698455
31,0,178,0.698455
31,0,179,0.698455
31,0,180,0.698455
31,0,181,0.698455
31,0,182,0.698455
31,0,183,0.698455
31,0,184,0.698455
31,0,185,0.698455
31,0,186,0.698455
31,0,187,0.698455
31,0,188,0.698455
31,0,189,0.698455
31,0,190,0.698455
31,0,191,0.698455
31,0,192,0.698455
31,0,193,0.698455
31,0,194,0.698455
31,0,195,0.698455
31,0,196,0.698455
31,0,197,0.698455
31,0,198,0.698455
31,0,199,0.698455
31,0,200,0.698455
31,0,201,0.698455
31,0,202,0.698455
31,0,203,0.698455
31,0,204,0.698455
31,0,205,0.698455
31,0,206,0.698455
31,0,207,0.698455
31,0,208,0.698455
31,0,209,0.698455
31,0,210,0.698455
31,0,211,0.698455
31,0,212,0.698455
31,0,213,0.698455
31,0,214,0.698455
31,0,215,0.698455
31,0,216,0.698455
31,0,217,0.698455
31,0,218,0.698455
31,0,219,0.698455
31,0,220,0.698455
31,0,221,0.698455
31,0,222,0.698455
31,0,223,0.698455
31,0,224,0.698455
31,0,225,0.698455
31,0,226,0.698455
31,0,227,0.698455
31,0,228,0.698455
31,0,229,0.698455
31,0,230,0.698455
31,0,231,0.698455
31,0,232,0.698455
31,0,233,0.754983
31,0,234,0.783416
31,0,235,0.783416
31,0,236,0.783416
31,0,237,0.783416
31,0,238,0.783416
31,0,239,0.783416
31,0,240,0.783416
31,0,241,0.783416
31,0,242,0.783416
31,0,243,0.783416
31,0,244,0.783416
31,0,245,0.783416
31,0,246,0.806316
31,0,247,0.823332
31,0,248,0.823332
31,0,249,0.786139
31,0,250,0.764248
31,0,251,0.764248
32,0,0,1.000000
32,0,1,1.000000
32,0,2,1.000000
32,0,3,1.000000
32,0,4,1.000000
32,0,5,1.000000
32,0,6,1.000000
32,0,7,1.000000
32,0,8,1.000000
32,0,9,1.000000
32,0,10,1.000000
32,0,11,1.000000
32,0,12,1.000000
32,0,13,1.000000
32,0,14,1.000000
32,0,15,1.000000
32,0,16,1.000000
32,0,17,1.000000
32,0,18,1.000000
32,0,19,1.000000
32,0,20,1.000000
32,0,21,1.000000
32,0,22,1.000000
32,0,23,1.000000
32,0,24,1.000000
32,0,25,1.000000
32,0,26,1.000000
32,0,27,1.000000
32,0,28,1.000000
32,0,29,1.000000
32,0,30,1.000000
32,0,31,1.000000
32,0,32,1.000000
32,0,33,1.000000
32,0,34,1.000000
32,0,35,1.000000
32,0,36,1.000000
32,0,37,1.000000
32,0,38,1.000000
32,0,39,1.000000
32,0,40,1.000000
32,0,41,1.000000
32,0,42,1.000000
32,0,43,1.000000
32,0,44,1.000000
32,0,45,1.000000
32,0,46,1.000000
32,0,47,1.000000
32,0,48,1.000000
32,0,49,1.000000
32,0,50,1.000000
32,0,51,1.000000
32,0,52,1.000000
32,0,53,1.000000
32,0,54,1.000000
32,0,55,1.000000
32,0,56,1.000000
32,0,57,1.000000
32,0,58,1.000000
32,0,59,1.000000
32,0,60,1.000000
32,0,61,1.000000
32,0,62,1.000000
32,0,63,0.984004
32,0,64,0.920022
32,0,65,0.891490
32,0,66,0.891490
32,0,67,0.891490
32,0,68,0.902688
32,0,69,0.971748
32,0,70,1.008611
32,0,71,1.008611
32,0,72,1.022878
32,0,73,1.040025
32,0,74,1.040025
32,0,75,1.040025
32,0,76,1.040025
32,0,77,1.040025
32,0,78,1.040025
32,0,79,1.040025
32,0,80,1.040025
32,0,81,1.040025
32,0,82,1.040025
32,0,83,1.040025
32,0,84,1.040025
32,0,85,1.040025
32,0,86,1.040025
32,0,87,1.040025
32,0,88,1.040025
32,0,89,1.040025
32,0,90,1.040025
32,0,91,1.040025
32,0,92,1.040025
32,0,93,1.040025
32,0,94,1.040025
32,0,95,1.039609
32,0,96,1.024231
32,0,97,1.013945
32,0,98,1.013945
32,0,99,1.013945
32,0,100,1.013945
32,0,101,1.013945
32,0,102,1.013945
32,0,103,1.013945
32,0,104,1.013945
32,0,105,1.013945
32,0,106,1.013945
32,0,107,1.013945
32,0,108,1.013945
32,0,109,1.013945
32,0,110,1.013945
32,0,111,1.013945
32,0,112,1.013945
32,0,113,1.013945
32,0,114,1.013945
32,0,115,1.013945
32,0,116,1.013945
32,0,117,1.013945
32,0,118,1.013945
32,0,119,1.013945
32,0,120,1.013945
32,0,121,1.013945
32,0,122,1.013945
32,0,123,1.013945
32,0,124,1.013945
32,0,125,1.013945
32,0,126,1.013945
32,0,127,1.013945
32,0,128,1.013945
32,0,129,1.013945
32,0,130,1.013945
32,0,131,1.134651
32,0,132,1.427513
32,0,133,1.510622
32,0,134,1.510622
32,0,135,1.510622
32,0,136,1.510622
32,0,137,1.510622
32,0,138,1.510622
32,0,139,1.510622
32,0,140,1.510622
32,0,141,1.611152
32,0,142,2.036251
32,0,143,2.231567
32,0,144,2.231567
32,0,145,2.231567
32,0,146,2.231567
32,0,147,2.231567
32,0,148,2.231567
32,0,149,2.231567
32,0,150,2.231567
32,0,151,2.231567
32,0,152,2.231567
32,0,153,2.231567
32,0,154,2.231567
32,0,155,2.231567
32,0,156,2.231567
32,0,157,2.231567
32,0,158,2.231567
32,0,159,2.231567
32,0,160,2.231567
32,0,161,2.231567
32,0,162,2.231567
32,0,163,2.231567
32,0,164,2.231567
32,0,165,2.231567
32,0,166,2.231567
32,0,167,3.486107
32,0,168,4.900122
32,0,169,4.900122
32,0,170,4.900122
32,0,171,4.900122
32,0,172,4.900122
32,0,173,4.900122
32,0,174,4.900122
32,0,175,4.900122
32,0,176,4.900122
32,0,177,4.900122
32,0,178,4.900122
32,0,179,4.900122
32,0,180,4.900122
32,0,181,4.900122
32,0,182,4.900122
32,0,183,4.900122
32,0,184,4.900122
32,0,185,4.900122
32,0,186,4.900122
32,0,187,4.900122
32,0,188,4.900122
32,0,189,4.900122
32,0,190,4.900122
32,0,191,4.900122
32,0,192,4.900122
32,0,193,4.900122
32,0,194,4.900122
32,0,195,4.900122
32,0,196,4.900122
32,0,197,4.900122
32,0,198,4.900122
32,0,199,4.900122
32,0,200,4.900122
32,0,201,4.900122
32,0,202,4.900122
32,0,203,4.900122
32,0,204,4.900122
32,0,205,4.900122
32,0,206,4.900122
32,0,207,4.900122
32,0,208,4.900122
32,0,209,4.900122
32,0,210,4.900122
32,0,211,4.900122
32,0,212,4.900122
32,0,213,4.900122
32,0,214,4.900122
32,0,215,4.900122
32,0,216,4.900122
32,0,217,4.900122
32,0,218,4.900122
32,0,219,4.900122
32,0,220,4.900122
32,0,221,4.900122
32,0,222,4.900122
32,0,223,4.900122
32,0,224,4.900122
32,0,225,4.900122
32,0,226,4.900122
32,0,227,4.900122
32,0,228,4.900122
32,0,229,4.900122
32,0,230,4.900122
32,0,231,4.900122
32,0,232,4.900122
32,0,233,4.900122
32,0,234,4.900122
32,0,235,4.900122
32,0,236,4.900122
32,0,237,4.900122
32,0,238,4.900122
32,0,239,4.900122
32,0,240,4.900122
32,0,241,4.900122
32,0,242,4.900122
32,0,243,4.900122
32,0,244,4.900122
32,0,245,5.910028
32,0,246,7.085349
32,0,247,7.085349
32,0,248,6.817246
32,0,249,6.133121
32,0,250,5.925110
32,0,251,5.925110
33,0,0,1.000000
33,0,1,1.000000
33,0,2,1.000000
33,0,3,1.000000
33,0,4,1.000000
33,0,5,1.000000
33,0,6,1.000000
33,0,7,1.000000
33,0,8,1.000000
33,0,9,1.000000
33,0,10,1.000000
33,0,11,1.000000
33,0,12,1.000000
33,0,13,1.000000
33,0,14,1.000000
33,0,15,1.000000
33,0,16,0.924176
33,0,17,0.795163
33,0,18,0.715944
33,0,19,0.715944
33,0,20,0.717366
33,0,21,0.725087
33,0,22,0.732807
33,0,23,0.732943
33,0,24,0.732943
33,0,25,0.732943
33,0,26,0.732943
33,0,27,0.732943
33,0,28,0.732943
33,0,29,0.768545
33,0,30,0.862933
33,0,31,0.954197
33,0,32,1.030784
33,0,33,1.107370
33,0,34,0.971407
33,0,35,0.829699
33,0,36,0.797380
33,0,37,0.797380
33,0,38,0.797380
33,0,39,0.797380
33,0,40,0.797380
33,0,41,0.797380
33,0,42,0.797380
33,0,43,0.797380
33,0,44,0.797380
33,0,45,0.797380
33,0,46,0.797380
33,0,47,0.797380
33,0,48,0.797380
33,0,49,0.797380
33,0,50,0.797380
33,0,51,0.797380
33,0,52,0.797380
33,0,53,0.797380
33,0,54,0.797380
33,0,55,0.797380
33,0,56,0.797380
33,0,57,0.797380
33,0,58,0.797380
33,0,59,0.797380
33,0,60,0.797380
33,0,61,0.797380
33,0,62,0.806351
33,0,63,0.831916
33,0,64,0.845921
33,0,65,0.793967
33,0,66,0.742012
33,0,67,0.637779
33,0,68,0.530642
33,0,69,0.503387
33,0,70,0.503387
33,0,71,0.503387
33,0,72,0.503387
33,0,73,0.503387
33,0,74,0.503387
33,0,75,0.503387
33,0,76,0.503387
33,0,77,0.503387
33,0,78,0.503387
33,0,79,0.503387
33,0,80,0.503387
33,0,81,0.503387
33,0,82,0.503387
33,0,83,0.503387
33,0,84,0.503387
33,0,85,0.503387
33,0,86,0.503387
33,0,87,0.503387
33,0,88,0.503387
33,0,89,0.503387
33,0,90,0.503387
33,0,91,0.503387
33,0,92,0.503387
33,0,93,0.503387
33,0,94,0.503387
33,0,95,0.503387
33,0,96,0.503387
33,0,97,0.503387
33,0,98,0.503387
33,0,99,0.503387
33,0,100,0.503387
33,0,101,0.503387
33,0,102,0.503387
33,0,103,0.503387
33,0,104,0.503387
33,0,105,0.503387
33,0,106,0.503387
33,0,107,0.503387
33,0,108,0.503387
33,0,109,0.503387
33,0,110,0.503387
33,0,111,0.503387
33,0,112,0.503387
33,0,113,0.607814
33,0,114,0.754784
33,0,115,0.826980
33,0,116,0.826980
33,0,117,0.826980
33,0,118,0.826980
33,0,119,0.826980
33,0,120,0.826980
33,0,121,0.826980
33,0,122,0.826980
33,0,123,0.826980
33,0,124,0.826980
33,0,125,0.826980
33,0,126,0.826980
33,0,127,0.826980
33,0,128,0.826980
33,0,129,0.826980
33,0,130,0.826980
33,0,131,0.826980
33,0,132,0.826980
33,0,133,0.826980
33,0,134,0.826980
33,0,135,0.826980
33,0,136,0.826980
33,0,137,0.826980
33,0,138,0.826980
33,0,139,0.826980
33,0,140,0.826980
33,0,141,0.826980
33,0,142,0.826980
33,0,143,0.826980
33,0,144,0.826980
33,0,145,0.826980
33,0,146,0.826980
33,0,147,0.826980
33,0,148,0.826980
33,0,149,0.826980
33,0,150,0.826980
33,0,151,0.826980
33,0,152,0.826980
33,0,153,0.826980
33,0,154,0.826980
33,0,155,0.841486
33,0,156,0.858023
33,0,157,0.863390
33,0,158,0.863390
33,0,159,0.863390
33,0,160,0.863390
33,0,161,0.863390
33,0,162,0.863390
33,0,163,0.863390
33,0,164,0.863390
33,0,165,0.863390
33,0,166,0.863390
33,0,167,0.863390
33,0,168,0.863390
33,0,169,0.863390
33,0,170,0.863390
33,0,171,0.863390
33,0,172,0.863390
33,0,173,0.863390
33,0,174,0.863390
33,0,175,0.863390
33,0,176,0.863390
33,0,177,0.863390
33,0,178,0.863390
33,0,179,0.863390
33,0,180,0.863390
33,0,181,0.863390
33,0,182,0.863390
33,0,183,0.863390
33,0,184,0.863390
33,0,185,0.863390
33,0,186,0.863390
33,0,187,0.863390
33,0,188,0.863390
33,0,189,0.863390
33,0,190,0.863390
33,0,191,0.863390
33,0,192,0.863390
33,0,193,0.863390
33,0,194,0.863390
33,0,195,0.863390
33,0,196,0.863390
33,0,197,0.863390
33,0,198,0.863390
33,0,199,0.863390
33,0,200,0.863390
33,0,201,0.863390
33,0,202,0.863390
33,0,203,0.893538
33,0,204,0.962276
33,0,205,1.014734
33,0,206,1.014734
33,0,207,1.014734
33,0,208,1.014734
33,0,209,1.014734
33,0,210,1.014734
33,0,211,1.014734
33,0,212,1.014734
33,0,213,1.014734
33,0,214,1.014734
33,0,215,1.014734
33,0,216,1.014734
33,0,217,1.014734
33,0,218,1.014734
33,0,219,1.014734
33,0,220,1.014734
33,0,221,1.014734
33,0,222,1.014734
33,0,223,1.014734
33,0,224,1.014734
33,0,225,1.014734
33,0,226,1.014734
33,0,227,1.014734
33,0,228,1.014734
33,0,229,1.014734
33,0,230,1.014734
33,0,231,1.014734
33,0,232,1.014734
33,0,233,1.014734
33,0,234,1.014734
33,0,235,1.014734
33,0,236,1.014734
33,0,237,1.014734
33,0,238,1.014734
33,0,239,1.014734
33,0,240,1.014734
33,0,241,1.014734
33,0,242,1.014734
33,0,243,1.014734
33,0,244,1.014734
33,0,245,1.014734
33,0,246,1.014734
33,0,247,1.014734
33,0,248,1.014734
33,0,249,1.008972
33,0,250,0.980416
33,0,251,0.951859
34,0,0,1.000000
34,0,1,1.000000
34,0,2,1.000000
34,0,3,1.000000
34,0,4,1.000000
34,0,5,1.000000
34,0,6,1.000000
34,0,7,1.000000
34,0,8,1.000000
34,0,9,1.000000
34,0,10,1.000000
34,0,11,1.000000
34,0,12,1.000000
34,0,13,1.000000
34,0,14,1.006314
34,0,15,1.119958
34,0,16,1.176079
34,0,17,1.176079
34,0,18,1.176079
34,0,19,1.239881
34,0,20,1.396485
34,0,21,1.418719
34,0,22,1.418719
34,0,23,1.418719
34,0,24,1.418719
34,0,25,1.418719
34,0,26,1.418719
34,0,27,1.418719
34,0,28,1.452640
34,0,29,1.757926
34,0,30,1.891724
34,0,31,1.891724
34,0,32,1.891724
34,0,33,1.891724
34,0,34,1.891724
34,0,35,1.891724
34,0,36,1.891724
34,0,37,1.891724
34,0,38,1.891724
34,0,39,1.891724
34,0,40,1.891724
34,0,41,1.891724
34,0,42,1.891724
34,0,43,1.891724
34,0,44,1.891724
34,0,45,1.891724
34,0,46,1.891724
34,0,47,1.891724
34,0,48,1.891724
34,0,49,1.891724
34,0,50,1.891724
34,0,51,1.891724
34,0,52,1.891724
34,0,53,1.891724
34,0,54,1.891724
34,0,55,1.891724
34,0,56,1.891724
34,0,57,1.891724
34,0,58,1.891724
34,0,59,1.891724
34,0,60,1.891724
34,0,61,1.891724
34,0,62,1.891724
34,0,63,1.891724
34,0,64,1.891724
34,0,65,1.891724
34,0,66,2.074961
34,0,67,2.253386
34,0,68,2.399576
34,0,69,2.424844
34,0,70,2.424844
34,0,71,2.424844
34,0,72,2.369844
34,0,73,2.307854
34,0,74,2.307854
34,0,75,2.307854
34,0,76,2.307854
34,0,77,2.307854
34,0,78,2.307854
34,0,79,2.307854
34,0,80,2.307854
34,0,81,2.307854
34,0,82,2.307854
34,0,83,2.307854
34,0,84,2.307854
34,0,85,2.307854
34,0,86,2.307854
34,0,87,2.307854
34,0,88,2.307854
34,0,89,2.307854
34,0,90,2.307854
34,0,91,2.307854
34,0,92,2.307854
34,0,93,2.307854
34,0,94,2.307854
34,0,95,2.307854
34,0,96,2.307854
34,0,97,2.307854
34,0,98,2.307854
34,0,99,2.307854
34,0,100,2.307854
34,0,101,2.307854
34,0,102,2.307854
34,0,103,2.307854
34,0,104,2.307854
34,0,105,2.307854
34,0,106,2.307854
34,0,107,2.307854
34,0,108,2.307854
34,0,109,2.307854
34,0,110,2.307854
34,0,111,2.307854
34,0,112,2.307854
34,0,113,2.307854
34,0,114,2.307854
34,0,115,2.307854
34,0,116,2.307854
34,0,117,2.307854
34,0,118,2.307854
34,0,119,2.307854
34,0,120,2.307854
34,0,121,2.307854
34,0,122,2.307854
34,0,123,2.307854
34,0,124,2.307854
34,0,125,2.307854
34,0,126,2.307854
34,0,127,2.307854
34,0,128,2.307854
34,0,129,2.307854
34,0,130,2.307854
34,0,131,2.307854
34,0,132,2.307854
34,0,133,2.307854
34,0,134,2.307854
34,0,135,2.307854
34,0,136,2.307854
34,0,137,2.307854
34,0,138,2.307854
34,0,139,2.307854
34,0,140,2.307854
34,0,141,2.307854
34,0,142,2.307854
34,0,143,2.307854
34,0,144,2.307854
34,0,145,2.307854
34,0,146,2.307854
34,0,147,2.307854
34,0,148,2.307854
34,0,149,2.307854
34,0,150,2.307854
34,0,151,2.307854
34,0,152,2.307854
34,0,153,2.307854
34,0,154,2.307854
34,0,155,2.307854
34,0,156,2.307854
34,0,157,2.307854
34,0,158,2.307854
34,0,159,2.307854
34,0,160,2.250687
34,0,161,2.112464
34,0,162,2.093693
34,0,163,2.093693
34,0,164,2.093693
34,0,165,2.093693
34,0,166,2.093693
34,0,167,2.093693
34,0,168,2.093693
34,0,169,2.093693
34,0,170,2.093693
34,0,171,2.093693
34,0,172,2.093693
34,0,173,2.093693
34,0,174,2.093693
34,0,175,2.093693
34,0,176,2.093693
34,0,177,2.093693
34,0,178,2.093693
34,0,179,2.093693
34,0,180,2.093693
34,0,181,2.093693
34,0,182,2.093693
34,0,183,2.093693
34,0,184,2.093693
34,0,185,2.093693
34,0,186,2.093693
34,0,187,2.093693
34,0,188,2.093693
34,0,189,2.093693
34,0,190,2.093693
34,0,191,2.093693
34,0,192,2.093693
34,0,193,2.093693
34,0,194,2.093693
34,0,195,2.093693
34,0,196,2.093693
34,0,197,2.093693
34,0,198,2.093693
34,0,199,2.093693
34,0,200,2.093693
34,0,201,2.093693
34,0,202,2.093693
34,0,203,2.093693
34,0,204,2.093693
34,0,205,2.093693
34,0,206,2.093693
34,0,207,2.093693
34,0,208,2.093693
34,0,209,2.093693
34,0,210,2.093693
34,0,211,2.093693
34,0,212,2.093693
34,0,213,2.093693
34,0,214,2.093693
34,0,215,2.093693
34,0,216,2.093693
34,0,217,2.093693
34,0,218,2.093693
34,0,219,2.093693
34,0,220,2.093693
34,0,221,2.093693
34,0,222,2.093693
34,0,223,2.093693
34,0,224,2.093693
34,0,225,2.093693
34,0,226,2.093693
34,0,227,2.093693
34,0,228,2.093693
34,0,229,2.093693
34,0,230,2.093693
34,0,231,2.093693
34,0,232,2.093693
34,0,233,2.093693
34,0,234,2.093693
34,0,235,2.093693
34,0,236,2.093693
34,0,237,2.093693
34,0,238,2.093693
34,0,239,2.093693
34,0,240,2.093693
34,0,241,2.093693
34,0,242,2.093693
34,0,243,2.093693
34,0,244,2.093693
34,0,245,2.093693
34,0,246,2.093693
34,0,247,2.093693
34,0,248,2.093693
34,0,249,2.093693
34,0,250,2.093693
34,0,251,2.093693
35,0,0,1.000000
35,0,1,1.000000
35,0,2,0.972307
35,0,3,0.921899
35,0,4,0.921899
35,0,5,0.921899
35,0,6,0.921899
35,0,7,0.921899
35,0,8,0.921899
35,0,9,0.921899
35,0,10,0.921899
35,0,11,0.921899
35,0,12,0.921899
35,0,13,0.921899
35,0,14,0.918634
35,0,15,0.915125
35,0,16,0.915125
35,0,17,0.915125
35,0,18,0.915125
35,0,19,0.915125
35,0,20,0.915125
35,0,21,0.955814
35,0,22,1.079333
35,0,23,1.021699
35,0,24,0.966288
35,0,25,0.966288
35,0,26,0.966288
35,0,27,0.966288
35,0,28,0.966288
35,0,29,0.966288
35,0,30,0.966288
35,0,31,0.966288
35,0,32,0.966288
35,0,33,0.966288
35,0,34,0.966288
35,0,35,0.966288
35,0,36,0.966288
35,0,37,0.966288
35,0,38,0.966288
35,0,39,0.966288
35,0,40,0.966288
35,0,41,0.966288
35,0,42,0.966288
35,0,43,0.966288
35,0,44,0.966288
35,0,45,0.966288
35,0,46,0.966288
35,0,47,0.966288
35,0,48,0.966288
35,0,49,0.966288
35,0,50,0.966288
35,0,51,0.966288
35,0,52,0.966288
35,0,53,0.966288
35,0,54,0.966288
35,0,55,0.966288
35,0,56,0.966288
35,0,57,0.966288
35,0,58,0.966288
35,0,59,0.966288
35,0,60,0.966288
35,0,61,0.991632
35,0,62,1.046170
35,0,63,1.046812
35,0,64,1.046812
35,0,65,1.046812
35,0,66,1.046812
35,0,67,1.046812
35,0,68,1.046812
35,0,69,1.046812
35,0,70,1.046812
35,0,71,1.046812
35,0,72,1.046812
35,0,73,1.046812
35,0,74,1.036558
35,0,75,0.978451
35,0,76,0.961019
35,0,77,0.961019
35,0,78,0.961019
35,0,79,0.961019
35,0,80,0.961019
35,0,81,0.961019
35,0,82,0.961019
35,0,83,0.961019
35,0,84,0.961019
35,0,85,0.961019
35,0,86,0.961019
35,0,87,0.961019
35,0,88,0.961019
35,0,89,0.961019
35,0,90,0.961019
35,0,91,0.961019
35,0,92,0.961019
35,0,93,0.961019
35,0,94,0.961019
35,0,95,0.961019
35,0,96,0.961019
35,0,97,0.961019
35,0,98,0.961019
35,0,99,0.961019
35,0,100,0.961019
35,0,101,0.961019
35,0,102,0.961019
35,0,103,0.961019
35,0,104,0.961019
35,0,105,0.961019
35,0,106,0.961019
35,0,107,0.961019
35,0,108,0.961019
35,0,109,0.961019
35,0,110,0.961019
35,0,111,0.961019
35,0,112,0.961019
35,0,113,0.961019
35,0,114,0.961019
35,0,115,0.961019
35,0,116,0.961019
35,0,117,0.961019
35,0,118,0.961019
35,0,119,0.961019
35,0,120,0.961019
35,0,121,0.961019
35,0,122,0.961019
35,0,123,0.961019
35,0,124,0.961019
35,0,125,0.961019
35,0,126,0.961019
35,0,127,0.961019
35,0,128,0.961019
35,0,129,0.961019
35,0,130,0.961019
35,0,131,0.961019
35,0,132,0.961019
35,0,133,0.961019
35,0,134,0.961019
35,0,135,0.961019
35,0,136,0.961019
35,0,137,0.961019
35,0,138,0.961019
35,0,139,0.961019
35,0,140,0.961019
35,0,141,0.961019
35,0,142,0.961019
35,0,143,0.961019
35,0,144,0.961019
35,0,145,0.961019
35,0,146,0.961019
35,0,147,0.961019
35,0,148,0.961019
35,0,149,0.961019
35,0,150,0.961019
35,0,151,0.961019
35,0,152,0.961019
35,0,153,0.961019
35,0,154,0.961019
35,0,155,0.961019
35,0,156,0.961019
35,0,157,0.961019
35,0,158,0.961019
35,0,159,0.961019
35,0,160,0.961019
35,0,161,0.961019
35,0,162,0.961019
35,0,163,0.961019
35,0,164,0.961019
35,0,165,0.961019
35,0,166,0.961019
35,0,167,0.961019
35,0,168,0.961019
35,0,169,0.961019
35,0,170,0.961019
35,0,171,0.961019
35,0,172,0.961019
35,0,173,0.961019
35,0,174,0.961019
35,0,175,0.961019
35,0,176,0.961019
35,0,177,0.961019
35,0,178,0.961019
35,0,179,0.961019
35,0,180,0.961019
35,0,181,0.961019
35,0,182,0.961019
35,0,183,0.961019
35,0,184,0.961019
35,0,185,0.961019
35,0,186,0.961019
35,0,187,0.961019
35,0,188,0.961019
35,0,189,0.961019
35,0,190,0.961019
35,0,191,0.961019
35,0,192,0.961019
35,0,193,0.961019
35,0,194,0.961019
35,0,195,0.961019
35,0,196,0.961019
35,0,197,0.961019
35,0,198,0.961019
35,0,199,0.961019
35,0,200,0.961019
35,0,201,0.961019
35,0,202,0.961019
35,0,203,0.961019
35,0,204,0.961019
35,0,205,0.961019
35,0,206,0.961019
35,0,207,0.961019
35,0,208,0.961019
35,0,209,0.961019
35,0,210,0.961019
35,0,211,0.961019
35,0,212,0.961019
35,0,213,0.961019
35,0,214,0.961019
35,0,215,0.961019
35,0,216,0.982052
35,0,217,1.030369
35,0,218,1.032358
35,0,219,1.032358
35,0,220,1.032358
35,0,221,1.032358
35,0,222,1.032358
35,0,223,1.032358
35,0,224,1.032358
35,0,225,1.032358
35,0,226,1.032358
35,0,227,1.032358
35,0,228,1.032358
35,0,229,1.032358
35,0,230,1.032358
35,0,231,1.032358
35,0,232,1.032358
35,0,233,1.032358
35,0,234,1.032358
35,0,235,1.032358
35,0,236,1.032358
35,0,237,1.032358
35,0,238,1.032358
35,0,239,1.032358
35,0,240,1.032358
35,0,241,1.032358
35,0,242,1.032358
35,0,243,1.032358
35,0,244,1.032358
35,0,245,1.032358
35,0,246,1.032358
35,0,247,1.032358
35,0,248,1.032358
35,0,249,1.032358
35,0,250,1.032358
35,0,251,1.032358
36,0,0,1.000000
36,0,1,1.000000
36,0,2,1.000000
36,0,3,1.000000
36,0,4,1.000000
36,0,5,1.000000
36,0,6,1.000000
36,0,7,1.000000
36,0,8,1.000000
36,0,9,1.020581
36,0,10,1.199476
36,0,11,1.378372
36,0,12,1.397369
36,0,13,1.397369
36,0,14,1.322825
36,0,15,1.211989
36,0,16,1.151176
36,0,17,1.151176
36,0,18,1.151176
36,0,19,1.151176
36,0,20,1.151176
36,0,21,1.151176
36,0,22,1.151176
36,0,23,1.151176
36,0,24,1.151176
36,0,25,1.151176
36,0,26,1.151176
36,0,27,1.151176
36,0,28,1.151176
36,0,29,1.151176
36,0,30,1.151176
36,0,31,1.151176
36,0,32,1.151176
36,0,33,1.151176
36,0,34,1.151176
36,0,35,1.151176
36,0,36,1.151176
36,0,37,1.151176
36,0,38,1.151176
36,0,39,1.151176
36,0,40,1.151176
36,0,41,1.151176
36,0,42,1.151176
36,0,43,1.151176
36,0,44,1.151176
36,0,45,1.151176
36,0,46,1.151176
36,0,47,1.151176
36,0,48,1.151176
36,0,49,1.151176
36,0,50,1.151176
36,0,51,1.151176
36,0,52,1.151176
36,0,53,1.151176
36,0,54,1.151176
36,0,55,1.151176
36,0,56,1.151176
36,0,57,1.151176
36,0,58,1.151176
36,0,59,1.151176
36,0,60,1.151176
36,0,61,1.151176
36,0,62,1.151176
36,0,63,1.151176
36,0,64,1.151176
36,0,65,1.151176
36,0,66,1.151176
36,0,67,1.151176
36,0,68,1.151176
36,0,69,1.151176
36,0,70,1.151176
36,0,71,1.151176
36,0,72,1.151176
36,0,73,1.151176
36,0,74,1.259279
36,0,75,1.413907
36,0,76,1.459248
36,0,77,1.385183
36,0,78,1.330126
36,0,79,1.330126
36,0,80,1.330126
36,0,81,1.330126
36,0,82,1.330126
36,0,83,1.330126
36,0,84,1.330126
36,0,85,1.330126
36,0,86,1.330126
36,0,87,1.312822
36,0,88,1.266266
36,0,89,1.226714
36,0,90,1.226714
36,0,91,1.226714
36,0,92,1.226714
36,0,93,1.226714
36,0,94,1.226714
36,0,95,1.226714
36,0,96,1.226714
36,0,97,1.226714
36,0,98,1.226714
36,0,99,1.226714
36,0,100,1.226714
36,0,101,1.226714
36,0,102,1.226714
36,0,103,1.226714
36,0,104,1.226714
36,0,105,1.337242
36,0,106,1.520913
36,0,107,1.634691
36,0,108,1.634691
36,0,109,1.634691
36,0,110,1.634691
36,0,111,1.634691
36,0,112,1.634691
36,0,113,1.634691
36,0,114,1.634691
36,0,115,1.634691
36,0,116,1.634691
36,0,117,1.634691
36,0,118,1.662634
36,0,119,1.764491
36,0,120,1.860940
36,0,121,1.860940
36,0,122,1.860940
36,0,123,1.808721
36,0,124,1.745948
36,0,125,1.721506
36,0,126,1.721506
36,0,127,1.721506
36,0,128,1.721506
36,0,129,1.721506
36,0,130,1.721506
36,0,131,1.721506
36,0,132,1.721506
36,0,133,1.721506
36,0,134,1.721506
36,0,135,1.721506
36,0,136,1.721506
36,0,137,1.721506
36,0,138,1.721506
36,0,139,1.721506
36,0,140,1.721506
36,0,141,1.721506
36,0,142,1.721506
36,0,143,1.721506
36,0,144,1.721506
36,0,145,1.721506
36,0,146,1.721506
36,0,147,1.721506
36,0,148,1.721506
36,0,149,1.721506
36,0,150,1.721506
36,0,151,1.721506
36,0,152,1.721506
36,0,153,1.721506
36,0,154,1.721506
36,0,155,1.721506
36,0,156,1.721506
36,0,157,1.721506
36,0,158,1.721506
36,0,159,1.721506
36,0,160,1.721506
36,0,161,1.721506
36,0,162,1.721506
36,0,163,1.721506
36,0,164,1.721506
36,0,165,1.721506
36,0,166,1.721506
36,0,167,1.721506
36,0,168,1.721506
36,0,169,1.721506
36,0,170,1.721506
36,0,171,1.721506
36,0,172,1.721506
36,0,173,1.721506
36,0,174,1.721506
36,0,175,1.721506
36,0,176,1.721506
36,0,177,1.721506
36,0,178,1.721506
36,0,179,1.721506
36,0,180,1.711018
36,0,181,1.579345
36,0,182,1.447672
36,0,183,1.448090
36,0,184,1.470296
36,0,185,1.478354
36,0,186,1.478354
36,0,187,1.478354
36,0,188,1.478354
36,0,189,1.478354
36,0,190,1.478354
36,0,191,1.478354
36,0,192,1.478354
36,0,193,1.478354
36,0,194,1.478354
36,0,195,1.478354
36,0,196,1.478354
36,0,197,1.478354
36,0,198,1.478354
36,0,199,1.478354
36,0,200,1.478354
36,0,201,1.478354
36,0,202,1.478354
36,0,203,1.478354
36,0,204,1.478354
36,0,205,1.478354
36,0,206,1.478354
36,0,207,1.478354
36,0,208,1.478354
36,0,209,1.478354
36,0,210,1.478354
36,0,211,1.478354
36,0,212,1.478354
36,0,213,1.478354
36,0,214,1.478354
36,0,215,1.478354
36,0,216,1.478354
36,0,217,1.478354
36,0,218,1.478354
36,0,219,1.478354
36,0,220,1.478354
36,0,221,1.478354
36,0,222,1.478354
36,0,223,1.689857
36,0,224,1.931270
36,0,225,2.014590
36,0,226,2.014590
36,0,227,2.014590
36,0,228,2.014590
36,0,229,2.014590
36,0,230,2.014590
36,0,231,2.014590
36,0,232,2.014590
36,0,233,2.014590
36,0,234,2.014590
36,0,235,2.014590
36,0,236,2.014590
36,0,237,2.014590
36,0,238,2.014590
36,0,239,2.014590
36,0,240,2.014590
36,0,241,2.014590
36,0,242,2.014590
36,0,243,2.014590
36,0,244,2.014590
36,0,245,2.052606
36,0,246,2.109884
36,0,247,2.141817
36,0,248,2.141817
36,0,249,2.155610
36,0,250,2.217952
36,0,251,2.280293
37,0,0,1.000000
37,0,1,1.022098
37,0,2,1.038787
37,0,3,1.038787
37,0,4,1.038787
37,0,5,1.038787
37,0,6,1.038787
37,0,7,1.038787
37,0,8,1.038787
37,0,9,1.038787
37,0,10,1.038787
37,0,11,1.038787
37,0,12,1.038787
37,0,13,1.038787
37,0,14,1.038787
37,0,15,1.038787
37,0,16,1.038787
37,0,17,1.038787
37,0,18,1.038787
37,0,19,1.038787
37,0,20,1.038787
37,0,21,1.038787
37,0,22,1.038787
37,0,23,1.038787
37,0,24,1.038787
37,0,25,1.038787
37,0,26,1.038787
37,0,27,1.038787
37,0,28,1.038787
37,0,29,1.038787
37,0,30,1.038787
37,0,31,1.038787
37,0,32,1.038787
37,0,33,1.038787
37,0,34,1.038787
37,0,35,1.038787
37,0,36,1.038787
37,0,37,1.038787
37,0,38,1.038787
37,0,39,1.038787
37,0,40,1.038787
37,0,41,1.038787
37,0,42,1.038787
37,0,43,1.038787
37,0,44,1.038787
37,0,45,1.038787
37,0,46,1.038787
37,0,47,1.038787
37,0,48,1.038787
37,0,49,1.038787
37,0,50,1.038787
37,0,51,1.038787
37,0,52,1.038787
37,0,53,1.038787
37,0,54,1.038787
37,0,55,1.038787
37,0,56,1.038787
37,0,57,1.038787
37,0,58,1.038787
37,0,59,1.038787
37,0,60,1.038787
37,0,61,1.038787
37,0,62,1.038787
37,0,63,1.038787
37,0,64,1.038787
37,0,65,1.038787
37,0,66,1.038787
37,0,67,1.038787
37,0,68,1.038787
37,0,69,1.038787
37,0,70,1.038787
37,0,71,1.038787
37,0,72,1.038787
37,0,73,1.038787
37,0,74,1.038787
37,0,75,1.038787
37,0,76,1.038787
37,0,77,1.038787
37,0,78,1.038787
37,0,79,1.038787
37,0,80,1.038787
37,0,81,1.038787
37,0,82,1.038787
37,0,83,1.038787
37,0,84,1.038787
37,0,85,1.038787
37,0,86,1.038787
37,0,87,1.038787
37,0,88,1.038787
37,0,89,1.038787
37,0,90,1.038787
37,0,91,1.038787
37,0,92,1.038787
37,0,93,1.038787
37,0,94,1.038787
37,0,95,1.038787
37,0,96,1.038787
37,0,97,1.038787
37,0,98,1.038787
37,0,99,1.038787
37,0,100,1.038787
37,0,101,1.038787
37,0,102,1.038787
37,0,103,1.038787
37,0,104,1.038787
37,0,105,1.038787
37,0,106,1.038787
37,0,107,1.038787
37,0,108,1.038787
37,0,109,1.038787
37,0,110,1.038787
37,0,111,1.038787
37,0,112,1.038787
37,0,113,1.038787
37,0,114,1.038787
37,0,115,1.038787
37,0,116,1.038787
37,0,117,1.038787
37,0,118,1.038787
37,0,119,1.038787
37,0,120,1.038787
37,0,121,1.038787
37,0,122,1.038787
37,0,123,1.038787
37,0,124,1.038787
37,0,125,1.038787
37,0,126,1.038787
37,0,127,1.137106
37,0,128,1.295078
37,0,129,1.316067
37,0,130,1.316067
37,0,131,1.316067
37,0,132,1.316067
37,0,133,1.316067
37,0,134,1.316067
37,0,135,1.316067
37,0,136,1.316067
37,0,137,1.316067
37,0,138,1.316067
37,0,139,1.316067
37,0,140,1.316067
37,0,141,1.316067
37,0,142,1.316067
37,0,143,1.316067
37,0,144,1.316067
37,0,145,1.316067
37,0,146,1.371027
37,0,147,1.545676
37,0,148,1.622620
37,0,149,1.622620
37,0,150,1.622620
37,0,151,1.622620
37,0,152,1.622620
37,0,153,1.622620
37,0,154,1.622620
37,0,155,1.621876
37,0,156,1.620493
37,0,157,1.620194
37,0,158,1.620194
37,0,159,1.620194
37,0,160,1.620194
37,0,161,1.620194
37,0,162,1.620194
37,0,163,1.620194
37,0,164,1.620194
37,0,165,1.620194
37,0,166,1.620194
37,0,167,1.597213
37,0,168,1.505930
37,0,169,1.459969
37,0,170,1.459969
37,0,171,1.459969
37,0,172,1.459969
37,0,173,1.459969
37,0,174,1.459969
37,0,175,1.459969
37,0,176,1.459969
37,0,177,1.459969
37,0,178,1.459969
37,0,179,1.459969
37,0,180,1.459969
37,0,181,1.459969
37,0,182,1.459969
37,0,183,1.459969
37,0,184,1.459969
37,0,185,1.459969
37,0,186,1.459969
37,0,187,1.459969
37,0,188,1.459969
37,0,189,1.459969
37,0,190,1.459969
37,0,191,1.459969
37,0,192,1.459969
37,0,193,1.459969
37,0,194,1.459969
37,0,195,1.459969
37,0,196,1.459969
37,0,197,1.459969
37,0,198,1.459969
37,0,199,1.459969
37,0,200,1.459969
37,0,201,1.459969
37,0,202,1.459969
37,0,203,1.459969
37,0,204,1.417803
37,0,205,1.310130
37,0,206,1.270976
37,0,207,1.270976
37,0,208,1.270976
37,0,209,1.270976
37,0,210,1.270976
37,0,211,1.270976
37,0,212,1.270976
37,0,213,1.270976
37,0,214,1.270976
37,0,215,1.270976
37,0,216,1.270976
37,0,217,1.270976
37,0,218,1.270976
37,0,219,1.270976
37,0,220,1.270976
37,0,221,1.270976
37,0,222,1.270976
37,0,223,1.270976
37,0,224,1.270976
37,0,225,1.270976
37,0,226,1.270976
37,0,227,1.270976
37,0,228,1.270976
37,0,229,1.343043
37,0,230,1.425581
37,0,231,1.425581
37,0,232,1.425581
37,0,233,1.425581
37,0,234,1.425581
37,0,235,1.425581
37,0,236,1.425581
37,0,237,1.425581
37,0,238,1.425581
37,0,239,1.425581
37,0,240,1.425581
37,0,241,1.425581
37,0,242,1.425581
37,0,243,1.425581
37,0,244,1.426449
37,0,245,1.467830
37,0,246,1.498215
37,0,247,1.498215
37,0,248,1.443513
37,0,249,1.336357
37,0,250,1.310130
37,0,251,1.310130
38,0,0,1.000000
38,0,1,1.000000
38,0,2,1.000000
38,0,3,1.000000
38,0,4,1.000000
38,0,5,1.000000
38,0,6,1.000000
38,0,7,1.000000
38,0,8,1.000000
38,0,9,1.000000
38,0,10,1.000000
38,0,11,1.000000
38,0,12,1.000000
38,0,13,1.000000
38,0,14,1.000000
38,0,15,1.000000
38,0,16,1.000000
38,0,17,1.000000
38,0,18,1.000000
38,0,19,1.000000
38,0,20,1.000000
38,0,21,1.000000
38,0,22,1.000000
38,0,23,1.000000
38,0,24,1.000000
38,0,25,1.000000
38,0,26,1.000000
38,0,27,1.000000
38,0,28,1.000000
38,0,29,1.000000
38,0,30,1.000000
38,0,31,1.000000
38,0,32,1.000000
38,0,33,1.000000
38,0,34,1.000000
38,0,35,1.000000
38,0,36,1.000000
38,0,37,1.000000
38,0,38,1.000000
38,0,39,1.000000
38,0,40,1.000000
38,0,41,1.000000
38,0,42,1.000000
38,0,43,1.000000
38,0,44,1.000000
38,0,45,1.000000
38,0,46,1.000000
38,0,47,1.000000
38,0,48,1.000000
38,0,49,1.000000
38,0,50,1.000000
38,0,51,1.035262
38,0,52,1.063220
38,0,53,1.063220
38,0,54,1.063220
38,0,55,1.063220
38,0,56,1.063220
38,0,57,1.063220
38,0,58,1.063220
38,0,59,1.047684
38,0,60,0.967716
38,0,61,1.015974
38,0,62,1.075816
38,0,63,1.075816
38,0,64,1.075816
38,0,65,1.075816
38,0,66,1.075816
38,0,67,1.075816
38,0,68,1.075816
38,0,69,1.075816
38,0,70,1.075816
38,0,71,1.075816
38,0,72,1.075816
38,0,73,1.075816
38,0,74,1.075816
38,0,75,1.075816
38,0,76,1.075816
38,0,77,1.075816
38,0,78,1.075816
38,0,79,1.075816
38,0,80,1.075816
38,0,81,1.075816
38,0,82,1.075816
38,0,83,1.075816
38,0,84,1.075816
38,0,85,1.075816
38,0,86,1.075816
38,0,87,1.075816
38,0,88,1.075816
38,0,89,1.075816
38,0,90,1.075816
38,0,91,1.075816
38,0,92,1.075816
38,0,93,1.075816
38,0,94,1.075816
38,0,95,1.075816
38,0,96,1.075816
38,0,97,1.075816
38,0,98,1.075816
38,0,99,1.075816
38,0,100,1.075816
38,0,101,1.075816
38,0,102,1.075816
38,0,103,1.075816
38,0,104,1.075816
38,0,105,1.075816
38,0,106,1.075816
38,0,107,1.075816
38,0,108,1.075816
38,0,109,1.075816
38,0,110,1.075816
38,0,111,1.075816
38,0,112,1.075816
38,0,113,1.075816
38,0,114,1.075816
38,0,115,1.075816
38,0,116,1.075816
38,0,117,1.075816
38,0,118,1.075816
38,0,119,1.075816
38,0,120,1.075816
38,0,121,1.075816
38,0,122,1.075816
38,0,123,1.075816
38,0,124,1.075816
38,0,125,1.075816
38,0,126,1.075816
38,0,127,1.075816
38,0,128,1.075816
38,0,129,1.075816
38,0,130,1.075816
38,0,131,1.075816
38,0,132,1.075816
38,0,133,1.075816
38,0,134,1.075816
38,0,135,1.075816
38,0,136,1.075816
38,0,137,1.075816
38,0,138,1.075816
38,0,139,1.075816
38,0,140,1.075816
38,0,141,1.075816
38,0,142,1.075816
38,0,143,1.075816
38,0,144,1.075816
38,0,145,1.075816
38,0,146,1.075816
38,0,147,1.075816
38,0,148,1.075816
38,0,149,1.075816
38,0,150,1.075816
38,0,151,1.075816
38,0,152,1.075816
38,0,153,1.075816
38,0,154,1.075816
38,0,155,1.075816
38,0,156,1.075816
38,0,157,1.075816
38,0,158,1.075816
38,0,159,1.075816
38,0,160,1.075816
38,0,161,1.075816
38,0,162,1.075816
38,0,163,1.188952
38,0,164,1.251106
38,0,165,1.251106
38,0,166,1.251106
38,0,167,1.251106
38,0,168,1.251106
38,0,169,1.251106
38,0,170,1.251106
38,0,171,1.251106
38,0,172,1.251106
38,0,173,1.251106
38,0,174,1.251106
38,0,175,1.251106
38,0,176,1.251106
38,0,177,1.251106
38,0,178,1.393823
38,0,179,2.354418
38,0,180,2.628873
38,0,181,2.628873
38,0,182,2.628873
38,0,183,2.628873
38,0,184,2.628873
38,0,185,2.628873
38,0,186,2.628873
38,0,187,2.628873
38,0,188,2.628873
38,0,189,2.628873
38,0,190,2.628873
38,0,191,2.628873
38,0,192,2.628873
38,0,193,2.628873
38,0,194,2.628873
38,0,195,2.628873
38,0,196,2.628873
38,0,197,2.628873
38,0,198,2.628873
38,0,199,2.628873
38,0,200,2.628873
38,0,201,2.628873
38,0,202,2.628873
38,0,203,2.628873
38,0,204,2.628873
38,0,205,2.628873
38,0,206,2.628873
38,0,207,2.628873
38,0,208,2.628873
38,0,209,2.628873
38,0,210,2.628873
38,0,211,2.628873
38,0,212,2.628873
38,0,213,2.628873
38,0,214,2.628873
38,0,215,2.628873
38,0,216,2.628873
38,0,217,2.628873
38,0,218,2.628873
38,0,219,2.628873
38,0,220,2.628873
38,0,221,2.628873
38,0,222,2.628873
38,0,223,2.628873
38,0,224,2.628873
38,0,225,2.628873
38,0,226,2.628873
38,0,227,2.628873
38,0,228,2.628873
38,0,229,2.628873
38,0,230,2.628873
38,0,231,2.628873
38,0,232,2.628873
38,0,233,2.628873
38,0,234,2.628873
38,0,235,2.628873
38,0,236,2.628873
38,0,237,2.628873
38,0,238,2.628873
38,0,239,2.628873
38,0,240,2.628873
38,0,241,2.662110
38,0,242,3.493014
38,0,243,3.820627
38,0,244,3.820627
38,0,245,3.820627
38,0,246,3.820627
38,0,247,3.820627
38,0,248,3.820627
38,0,249,3.441757
38,0,250,3.194992
38,0,251,3.194992
39,0,0,1.000000
39,0,1,1.000000
39,0,2,1.000000
39,0,3,1.000000
39,0,4,1.000000
39,0,5,1.000000
39,0,6,1.000000
39,0,7,1.000000
39,0,8,1.000000
39,0,9,1.000000
39,0,10,1.000000
39,0,11,1.000000
39,0,12,1.000000
39,0,13,0.855143
39,0,14,0.715944
39,0,15,0.715944
39,0,16,0.715944
39,0,17,0.715944
39,0,18,0.715944
39,0,19,0.715944
39,0,20,0.715944
39,0,21,0.715944
39,0,22,0.715944
39,0,23,0.715944
39,0,24,0.715944
39,0,25,0.715944
39,0,26,0.715944
39,0,27,0.715944
39,0,28,0.715944
39,0,29,0.715944
39,0,30,0.843115
39,0,31,1.065281
39,0,32,1.100521
39,0,33,1.100521
39,0,34,1.100521
39,0,35,1.100521
39,0,36,1.100521
39,0,37,1.100521
39,0,38,1.100521
39,0,39,1.100521
39,0,40,1.163478
39,0,41,1.501581
39,0,42,1.685788
39,0,43,1.685788
39,0,44,1.643752
39,0,45,1.585702
39,0,46,1.585302
39,0,47,1.585302
39,0,48,1.585302
39,0,49,1.585302
39,0,50,1.585302
39,0,51,1.585302
39,0,52,1.585302
39,0,53,1.585302
39,0,54,1.585302
39,0,55,1.585302
39,0,56,1.585302
39,0,57,1.585302
39,0,58,1.585302
39,0,59,1.585302
39,0,60,1.585302
39,0,61,1.585302
39,0,62,1.585302
39,0,63,1.585302
39,0,64,1.585302
39,0,65,1.585302
39,0,66,1.585302
39,0,67,1.585302
39,0,68,1.585302
39,0,69,1.585302
39,0,70,1.585302
39,0,71,1.585302
39,0,72,1.585302
39,0,73,1.585302
39,0,74,1.585302
39,0,75,1.708524
39,0,76,1.926418
39,0,77,1.962483
39,0,78,1.962483
39,0,79,1.962483
39,0,80,1.962483
39,0,81,1.962483
39,0,82,1.962483
39,0,83,1.962483
39,0,84,1.962483
39,0,85,1.962483
39,0,86,1.962483
39,0,87,1.962483
39,0,88,1.962483
39,0,89,1.962483
39,0,90,1.962483
39,0,91,1.962483
39,0,92,1.962483
39,0,93,1.962483
39,0,94,1.962483
39,0,95,1.962483
39,0,96,1.962483
39,0,97,1.962483
39,0,98,1.962483
39,0,99,1.962483
39,0,100,1.962483
39,0,101,1.962483
39,0,102,1.962483
39,0,103,1.962483
39,0,104,1.962483
39,0,105,1.962483
39,0,106,1.962483
39,0,107,1.962483
39,0,108,1.962483
39,0,109,1.962483
39,0,110,1.962483
39,0,111,1.962483
39,0,112,1.962483
39,0,113,1.962483
39,0,114,1.962483
39,0,115,1.962483
39,0,116,1.962483
39,0,117,1.962483
39,0,118,1.962483
39,0,119,1.962483
39,0,120,1.962483
39,0,121,1.962483
39,0,122,1.962483
39,0,123,1.962483
39,0,124,1.962483
39,0,125,1.962483
39,0,126,1.962483
39,0,127,1.962483
39,0,128,1.962483
39,0,129,1.962483
39,0,130,1.962483
39,0,131,1.962483
39,0,132,1.962483
39,0,133,1.962483
39,0,134,1.962483
39,0,135,1.962483
39,0,136,1.962483
39,0,137,1.962483
39,0,138,1.962483
39,0,139,1.962483
39,0,140,1.962483
39,0,141,1.962483
39,0,142,1.962483
39,0,143,1.962483
39,0,144,1.962483
39,0,145,1.962483
39,0,146,1.962483
39,0,147,1.962483
39,0,148,1.962483
39,0,149,1.962483
39,0,150,1.962483
39,0,151,2.009048
39,0,152,2.125461
39,0,153,2.163997
39,0,154,2.163997
39,0,155,2.163997
39,0,156,2.163997
39,0,157,2.163997
39,0,158,2.163997
39,0,159,2.163997
39,0,160,2.163997
39,0,161,2.163997
39,0,162,2.163997
39,0,163,2.163997
39,0,164,2.163997
39,0,165,2.163997
39,0,166,2.163997
39,0,167,2.163997
39,0,168,2.182108
39,0,169,2.384120
39,0,170,2.578002
39,0,171,2.757345
39,0,172,2.824135
39,0,173,2.824135
39,0,174,2.824135
39,0,175,2.824135
39,0,176,2.824135
39,0,177,2.824135
39,0,178,2.824135
39,0,179,2.824135
39,0,180,2.824135
39,0,181,2.824135
39,0,182,2.824135
39,0,183,2.824135
39,0,184,2.824135
39,0,185,2.824135
39,0,186,2.824135
39,0,187,2.824135
39,0,188,2.824135
39,0,189,2.824135
39,0,190,2.824135
39,0,191,2.824135
39,0,192,2.824135
39,0,193,2.824135
39,0,194,2.824135
39,0,195,2.824135
39,0,196,2.824135
39,0,197,2.824135
39,0,198,2.824135
39,0,199,2.824135
39,0,200,2.824135
39,0,201,2.824135
39,0,202,2.824135
39,0,203,2.824135
39,0,204,2.824135
39,0,205,2.824135
39,0,206,2.824135
39,0,207,2.824135
39,0,208,2.824135
39,0,209,2.824135
39,0,210,2.824135
39,0,211,2.824135
39,0,212,2.824135
39,0,213,2.824135
39,0,214,2.824135
39,0,215,2.824135
39,0,216,2.824135
39,0,217,2.824135
39,0,218,2.824135
39,0,219,2.824135
39,0,220,2.824135
39,0,221,2.824135
39,0,222,2.824135
39,0,223,2.824135
39,0,224,2.824135
39,0,225,2.824135
39,0,226,2.824135
39,0,227,2.824135
39,0,228,2.824135
39,0,229,2.824135
39,0,230,2.824135
39,0,231,2.824135
39,0,232,2.824135
39,0,233,2.824135
39,0,234,2.824135
39,0,235,2.824135
39,0,236,2.824135
39,0,237,2.824135
39,0,238,2.824135
39,0,239,2.824135
39,0,240,2.824135
39,0,241,2.824135
39,0,242,2.824135
39,0,243,2.824135
39,0,244,2.824135
39,0,245,2.824135
39,0,246,2.824135
39,0,247,2.824135
39,0,248,2.824135
39,0,249,2.824135
39,0,250,2.750236
39,0,251,2.649147
40,0,0,1.000000
40,0,1,1.000000
40,0,2,0.925120
40,0,3,0.854570
40,0,4,0.960044
40,0,5,1.046666
40,0,6,1.092078
40,0,7,1.092078
40,0,8,1.092078
40,0,9,1.092078
40,0,10,1.092078
40,0,11,1.092078
40,0,12,1.092078
40,0,13,1.092078
40,0,14,1.092078
40,0,15,1.092078
40,0,16,1.092078
40,0,17,1.092078
40,0,18,1.092078
40,0,19,1.092078
40,0,20,1.092078
40,0,21,1.063532
40,0,22,0.920011
40,0,23,0.893052
40,0,24,0.893052
40,0,25,0.893052
40,0,26,0.893052
40,0,27,0.893052
40,0,28,0.893052
40,0,29,0.893052
40,0,30,0.893052
40,0,31,0.893052
40,0,32,0.893052
40,0,33,0.893052
40,0,34,0.893052
40,0,35,0.893052
40,0,36,0.893052
40,0,37,0.893052
40,0,38,0.893052
40,0,39,0.893052
40,0,40,0.893052
40,0,41,0.893052
40,0,42,0.893052
40,0,43,0.893052
40,0,44,0.893052
40,0,45,0.893052
40,0,46,0.893052
40,0,47,0.893052
40,0,48,0.893052
40,0,49,0.893052
40,0,50,0.893052
40,0,51,0.893052
40,0,52,0.893052
40,0,53,0.893052
40,0,54,0.893052
40,0,55,0.893052
40,0,56,0.893052
40,0,57,0.908046
40,0,58,1.012426
40,0,59,0.961290
40,0,60,0.897624
40,0,61,0.897624
40,0,62,0.897624
40,0,63,0.897624
40,0,64,0.897624
40,0,65,0.897624
40,0,66,0.897624
40,0,67,0.897624
40,0,68,0.897624
40,0,69,0.897624
40,0,70,0.897624
40,0,71,0.897624
40,0,72,0.897624
40,0,73,0.897624
40,0,74,0.897624
40,0,75,0.897821
40,0,76,0.899517
40,0,77,0.899976
40,0,78,0.899976
40,0,79,0.899976
40,0,80,0.899976
40,0,81,0.899976
40,0,82,0.899976
40,0,83,0.899976
40,0,84,0.899976
40,0,85,0.899976
40,0,86,0.899976
40,0,87,0.899976
40,0,88,0.899976
40,0,89,0.899976
40,0,90,0.899976
40,0,91,0.899976
40,0,92,0.899976
40,0,93,0.899976
40,0,94,0.899976
40,0,95,0.899976
40,0,96,0.899976
40,0,97,0.899976
40,0,98,0.899976
40,0,99,0.899976
40,0,100,0.899976
40,0,101,0.899976
40,0,102,0.899976
40,0,103,0.899976
40,0,104,0.899976
40,0,105,0.899976
40,0,106,0.899976
40,0,107,0.899976
40,0,108,0.899976
40,0,109,0.899976
40,0,110,0.899976
40,0,111,0.899976
40,0,112,0.899976
40,0,113,0.899976
40,0,114,0.899976
40,0,115,0.899976
40,0,116,0.899976
40,0,117,0.899976
40,0,118,0.899976
40,0,119,0.899976
40,0,120,0.899976
40,0,121,0.899976
40,0,122,0.899976
40,0,123,0.899976
40,0,124,0.899976
40,0,125,0.899976
40,0,126,0.899976
40,0,127,0.899976
40,0,128,0.899976
40,0,129,0.899976
40,0,130,0.899976
40,0,131,0.899976
40,0,132,0.899976
40,0,133,0.899976
40,0,134,0.899976
40,0,135,0.899976
40,0,136,0.899976
40,0,137,0.899976
40,0,138,0.899976
40,0,139,0.899976
40,0,140,0.899976
40,0,141,0.899976
40,0,142,0.899976
40,0,143,0.899976
40,0,144,0.899976
40,0,145,0.899976
40,0,146,0.899976
40,0,147,0.899976
40,0,148,0.899976
40,0,149,0.899976
40,0,150,0.899976
40,0,151,0.899976
40,0,152,0.899976
40,0,153,0.899976
40,0,154,0.899976
40,0,155,0.899976
40,0,156,0.899976
40,0,157,0.899976
40,0,158,0.899976
40,0,159,0.899976
40,0,160,0.899976
40,0,161,0.899976
40,0,162,0.899976
40,0,163,0.899976
40,0,164,0.899976
40,0,165,0.899976
40,0,166,0.899976
40,0,167,0.899976
40,0,168,0.899976
40,0,169,0.899976
40,0,170,0.899976
40,0,171,0.899976
40,0,172,0.899976
40,0,173,0.899976
40,0,174,0.899976
40,0,175,0.899976
40,0,176,0.899976
40,0,177,0.899976
40,0,178,0.899976
40,0,179,0.899976
40,0,180,0.899976
40,0,181,0.899976
40,0,182,0.899976
40,0,183,0.899976
40,0,184,0.899976
40,0,185,0.899976
40,0,186,0.899976
40,0,187,0.899976
40,0,188,0.899976
40,0,189,0.899976
40,0,190,0.899976
40,0,191,0.899976
40,0,192,0.899976
40,0,193,0.899976
40,0,194,0.899976
40,0,195,0.899976
40,0,196,0.899976
40,0,197,0.899976
40,0,198,0.899976
40,0,199,0.899976
40,0,200,0.899976
40,0,201,0.899976
40,0,202,0.899976
40,0,203,0.899976
40,0,204,0.899976
40,0,205,0.899976
40,0,206,0.899976
40,0,207,0.899976
40,0,208,0.899976
40,0,209,0.899976
40,0,210,0.899976
40,0,211,0.899976
40,0,212,0.899976
40,0,213,0.899976
40,0,214,0.899976
40,0,215,0.899976
40,0,216,0.899976
40,0,217,0.899976
40,0,218,0.899976
40,0,219,0.899976
40,0,220,0.899976
40,0,221,0.899976
40,0,222,0.899976
40,0,223,0.899976
40,0,224,0.899976
40,0,225,0.899976
40,0,226,0.899976
40,0,227,0.899976
40,0,228,0.899976
40,0,229,0.899976
40,0,230,0.899976
40,0,231,0.899976
40,0,232,0.899976
40,0,233,0.899976
40,0,234,0.899976
40,0,235,0.899976
40,0,236,0.899976
40,0,237,0.899976
40,0,238,0.899976
40,0,239,0.899976
40,0,240,0.899976
40,0,241,0.899976
40,0,242,0.899976
40,0,243,0.899976
40,0,244,0.899976
40,0,245,0.899976
40,0,246,0.899976
40,0,247,0.899976
40,0,248,0.899976
40,0,249,0.899976
40,0,250,0.899976
40,0,251,0.899976
41,0,0,1.000000
41,0,1,1.000000
41,0,2,0.961105
41,0,3,0.921899
41,0,4,0.921899
41,0,5,0.921899
41,0,6,0.921899
41,0,7,0.921899
41,0,8,0.921899
41,0,9,0.921899
41,0,10,0.921899
41,0,11,0.921899
41,0,12,0.921899
41,0,13,0.921899
41,0,14,0.921899
41,0,15,0.921899
41,0,16,0.921899
41,0,17,0.921899
41,0,18,0.921899
41,0,19,0.921899
41,0,20,0.921899
41,0,21,0.921899
41,0,22,0.921899
41,0,23,0.921899
41,0,24,0.921899
41,0,25,0.921899
41,0,26,0.921899
41,0,27,0.921899
41,0,28,0.921899
41,0,29,0.921899
41,0,30,0.921899
41,0,31,0.921899
41,0,32,0.921899
41,0,33,0.921899
41,0,34,0.825754
41,0,35,0.715639
41,0,36,0.715639
41,0,37,0.715639
41,0,38,0.715639
41,0,39,0.715639
41,0,40,0.715639
41,0,41,0.715639
41,0,42,0.715639
41,0,43,0.715639
41,0,44,0.715639
41,0,45,0.715639
41,0,46,0.715639
41,0,47,0.715639
41,0,48,0.715639
41,0,49,0.715639
41,0,50,0.715639
41,0,51,0.715639
41,0,52,0.715639
41,0,53,0.715639
41,0,54,0.715639
41,0,55,0.715639
41,0,56,0.715639
41,0,57,0.715639
41,0,58,0.715639
41,0,59,0.715639
41,0,60,0.715639
41,0,61,0.715639
41,0,62,0.715639
41,0,63,0.715639
41,0,64,0.715639
41,0,65,0.715639
41,0,66,0.715639
41,0,67,0.715639
41,0,68,0.715639
41,0,69,0.715639
41,0,70,0.715639
41,0,71,0.715639
41,0,72,0.715639
41,0,73,0.715639
41,0,74,0.715639
41,0,75,0.715639
41,0,76,0.715639
41,0,77,0.715639
41,0,78,0.715639
41,0,79,0.715639
41,0,80,0.715639
41,0,81,0.715639
41,0,82,0.715639
41,0,83,0.715639
41,0,84,0.715639
41,0,85,0.715639
41,0,86,0.715639
41,0,87,0.715639
41,0,88,0.715639
41,0,89,0.715639
41,0,90,0.715639
41,0,91,0.715639
41,0,92,0.715639
41,0,93,0.845316
41,0,94,0.912905
41,0,95,0.912905
41,0,96,0.912905
41,0,97,0.912905
41,0,98,0.912905
41,0,99,0.912905
41,0,100,0.912905
41,0,101,0.912905
41,0,102,0.912905
41,0,103,0.912905
41,0,104,0.912905
41,0,105,0.912905
41,0,106,0.912905
41,0,107,0.912905
41,0,108,0.912905
41,0,109,0.912905
41,0,110,0.912905
41,0,111,0.912905
41,0,112,0.912905
41,0,113,0.912905
41,0,114,0.912905
41,0,115,0.912905
41,0,116,0.912905
41,0,117,0.912905
41,0,118,0.912905
41,0,119,0.912905
41,0,120,0.912905
41,0,121,0.912905
41,0,122,0.912905
41,0,123,0.912905
41,0,124,0.912905
41,0,125,0.912905
41,0,126,0.912905
41,0,127,0.909669
41,0,128,0.890044
41,0,129,0.886703
41,0,130,0.886703
41,0,131,0.886703
41,0,132,0.886703
41,0,133,0.886703
41,0,134,0.886703
41,0,135,0.886703
41,0,136,0.886703
41,0,137,0.886703
41,0,138,0.886703
41,0,139,0.886703
41,0,140,0.886703
41,0,141,0.886703
41,0,142,0.886703
41,0,143,0.886703
41,0,144,0.886703
41,0,145,0.886703
41,0,146,0.886703
41,0,147,0.886703
41,0,148,0.886703
41,0,149,0.886703
41,0,150,0.886703
41,0,151,0.886703
41,0,152,0.886703
41,0,153,0.886703
41,0,154,0.886703
41,0,155,0.886703
41,0,156,0.886703
41,0,157,0.886703
41,0,158,0.886703
41,0,159,0.886703
41,0,160,0.886703
41,0,161,0.886703
41,0,162,0.886703
41,0,163,0.886703
41,0,164,0.886703
41,0,165,0.886703
41,0,166,0.886703
41,0,167,0.886703
41,0,168,0.886703
41,0,169,0.886703
41,0,170,0.886703
41,0,171,0.886703
41,0,172,0.886703
41,0,173,0.886703
41,0,174,0.886703
41,0,175,0.886703
41,0,176,0.886703
41,0,177,0.886703
41,0,178,0.886703
41,0,179,0.886703
41,0,180,0.886703
41,0,181,0.886703
41,0,182,0.886703
41,0,183,0.886703
41,0,184,0.886703
41,0,185,0.886703
41,0,186,0.886703
41,0,187,0.886703
41,0,188,0.886703
41,0,189,0.886703
41,0,190,0.886703
41,0,191,0.886703
41,0,192,0.886703
41,0,193,0.886703
41,0,194,0.886703
41,0,195,0.886703
41,0,196,0.886703
41,0,197,0.886703
41,0,198,0.886703
41,0,199,0.886703
41,0,200,0.886703
41,0,201,0.886703
41,0,202,0.886703
41,0,203,0.886703
41,0,204,0.886703
41,0,205,0.886703
41,0,206,0.886703
41,0,207,0.886703
41,0,208,0.886703
41,0,209,0.886703
41,0,210,0.886703
41,0,211,0.886703
41,0,212,0.886703
41,0,213,0.886703
41,0,214,0.886703
41,0,215,0.886703
41,0,216,0.886703
41,0,217,0.886703
41,0,218,0.886703
41,0,219,0.886703
41,0,220,0.886703
41,0,221,0.886703
41,0,222,0.886703
41,0,223,0.886703
41,0,224,0.886703
41,0,225,0.883202
41,0,226,0.880046
41,0,227,0.880046
41,0,228,0.880046
41,0,229,0.880046
41,0,230,0.880046
41,0,231,0.880046
41,0,232,0.880046
41,0,233,0.880046
41,0,234,0.880046
41,0,235,0.880046
41,0,236,0.880046
41,0,237,0.880046
41,0,238,0.880046
41,0,239,0.880046
41,0,240,0.880046
41,0,241,0.880046
41,0,242,0.880046
41,0,243,0.880046
41,0,244,0.880046
41,0,245,0.880046
41,0,246,0.880046
41,0,247,0.880046
41,0,248,0.880046
41,0,249,0.880046
41,0,250,0.882450
41,0,251,0.889624
42,0,0,1.000000
42,0,1,1.000000
42,0,2,1.000000
42,0,3,1.000000
42,0,4,1.000000
42,0,5,1.000000
42,0,6,1.000000
42,0,7,1.000000
42,0,8,1.000000
42,0,9,1.000000
42,0,10,1.000000
42,0,11,1.117153
42,0,12,1.272301
42,0,13,1.397369
42,0,14,1.397369
42,0,15,1.397369
42,0,16,1.336557
42,0,17,1.240433
42,0,18,1.151176
42,0,19,1.151176
42,0,20,1.151176
42,0,21,1.151176
42,0,22,1.151176
42,0,23,1.151176
42,0,24,1.151176
42,0,25,1.151176
42,0,26,1.151176
42,0,27,1.151176
42,0,28,1.151176
42,0,29,1.151176
42,0,30,1.151176
42,0,31,1.151176
42,0,32,1.151176
42,0,33,1.151176
42,0,34,1.151176
42,0,35,1.151176
42,0,36,1.151176
42,0,37,1.151176
42,0,38,1.151176
42,0,39,1.151176
42,0,40,1.151176
42,0,41,1.151176
42,0,42,1.151176
42,0,43,1.151176
42,0,44,1.151176
42,0,45,1.151176
42,0,46,1.151176
42,0,47,1.151176
42,0,48,1.151176
42,0,49,1.151176
42,0,50,1.151176
42,0,51,1.151176
42,0,52,1.151176
42,0,53,1.151176
42,0,54,1.151176
42,0,55,1.151176
42,0,56,1.151176
42,0,57,1.151176
42,0,58,1.151176
42,0,59,1.151176
42,0,60,1.151176
42,0,61,1.151176
42,0,62,1.151176
42,0,63,1.151176
42,0,64,1.151176
42,0,65,1.151176
42,0,66,1.151176
42,0,67,1.151176
42,0,68,1.151176
42,0,69,1.151176
42,0,70,1.151176
42,0,71,1.151176
42,0,72,1.151176
42,0,73,1.151176
42,0,74,1.151176
42,0,75,1.151176
42,0,76,1.151176
42,0,77,1.151176
42,0,78,1.151176
42,0,79,1.151176
42,0,80,1.151176
42,0,81,1.151176
42,0,82,1.151176
42,0,83,1.151176
42,0,84,1.151176
42,0,85,1.215490
42,0,86,1.349593
42,0,87,1.483695
42,0,88,1.435652
42,0,89,1.371419
42,0,90,1.330126
42,0,91,1.330126
42,0,92,1.330126
42,0,93,1.330126
42,0,94,1.330126
42,0,95,1.330126
42,0,96,1.330126
42,0,97,1.330126
42,0,98,1.330126
42,0,99,1.330126
42,0,100,1.325594
42,0,101,1.285218
42,0,102,1.244842
42,0,103,1.289412
42,0,104,1.403197
42,0,105,1.516982
42,0,106,1.518143
42,0,107,1.518143
42,0,108,1.507351
42,0,109,1.482169
42,0,110,1.456988
42,0,111,1.453647
42,0,112,1.453647
42,0,113,1.453647
42,0,114,1.453647
42,0,115,1.453647
42,0,116,1.453647
42,0,117,1.453647
42,0,118,1.446143
42,0,119,1.405290
42,0,120,1.364437
42,0,121,1.349013
42,0,122,1.349013
42,0,123,1.349013
42,0,124,1.349013
42,0,125,1.349013
42,0,126,1.349013
42,0,127,1.349013
42,0,128,1.349013
42,0,129,1.244616
42,0,130,1.133411
42,0,131,1.064191
42,0,132,1.064191
42,0,133,1.064191
42,0,134,1.064191
42,0,135,1.064191
42,0,136,1.064191
42,0,137,1.064191
42,0,138,1.064191
42,0,139,1.064191
42,0,140,1.064191
42,0,141,1.064191
42,0,142,1.064191
42,0,143,1.064191
42,0,144,1.064191
42,0,145,1.064191
42,0,146,1.064191
42,0,147,1.064191
42,0,148,1.064191
42,0,149,1.064191
42,0,150,1.064191
42,0,151,1.064191
42,0,152,1.064191
42,0,153,1.064191
42,0,154,1.064191
42,0,155,1.064191
42,0,156,1.064191
42,0,157,1.113832
42,0,158,1.178696
42,0,159,1.230322
42,0,160,1.230322
42,0,161,1.230322
42,0,162,1.230322
42,0,163,1.230322
42,0,164,1.230322
42,0,165,1.230322
42,0,166,1.230322
42,0,167,1.230322
42,0,168,1.230322
42,0,169,1.230322
42,0,170,1.230322
42,0,171,1.230322
42,0,172,1.230322
42,0,173,1.230322
42,0,174,1.230322
42,0,175,1.230322
42,0,176,1.230322
42,0,177,1.233942
42,0,178,1.247080
42,0,179,1.260219
42,0,180,1.263973
42,0,181,1.263973
42,0,182,1.263973
42,0,183,1.263973
42,0,184,1.263973
42,0,185,1.263973
42,0,186,1.263973
42,0,187,1.263973
42,0,188,1.263973
42,0,189,1.263973
42,0,190,1.263973
42,0,191,1.263973
42,0,192,1.263973
42,0,193,1.263973
42,0,194,1.263973
42,0,195,1.263973
42,0,196,1.263973
42,0,197,1.263973
42,0,198,1.263973
42,0,199,1.263973
42,0,200,1.263973
42,0,201,1.263973
42,0,202,1.263973
42,0,203,1.229567
42,0,204,1.177694
42,0,205,1.131113
42,0,206,1.131113
42,0,207,1.131113
42,0,208,1.131113
42,0,209,1.131113
42,0,210,1.131113
42,0,211,1.131113
42,0,212,1.131113
42,0,213,1.131113
42,0,214,1.131113
42,0,215,1.131113
42,0,216,1.131113
42,0,217,1.131113
42,0,218,1.131113
42,0,219,1.131113
42,0,220,1.131113
42,0,221,1.131113
42,0,222,1.131113
42,0,223,1.131113
42,0,224,1.131113
42,0,225,1.131113
42,0,226,1.131113
42,0,227,1.131113
42,0,228,1.131113
42,0,229,1.131113
42,0,230,1.131113
42,0,231,1.131113
42,0,232,1.131113
42,0,233,1.131113
42,0,234,1.131113
42,0,235,1.131113
42,0,236,1.109789
42,0,237,1.051739
42,0,238,0.993689
42,0,239,0.982434
42,0,240,0.982434
42,0,241,0.982434
42,0,242,0.982434
42,0,243,0.982434
42,0,244,0.998996
42,0,245,1.023220
42,0,246,1.044478
42,0,247,1.044478
42,0,248,1.044478
42,0,249,1.059275
42,0,250,1.085641
42,0,251,1.112007
43,0,0,1.000000
43,0,1,0.983919
43,0,2,0.970537
43,0,3,0.970537
43,0,4,0.970537
43,0,5,0.970537
43,0,6,0.970537
43,0,7,0.970537
43,0,8,0.970537
43,0,9,0.970537
43,0,10,0.970537
43,0,11,0.970537
43,0,12,0.970537
43,0,13,0.970537
43,0,14,0.970537
43,0,15,0.970537
43,0,16,0.970537
43,0,17,0.970537
43,0,18,0.970537
43,0,19,0.970537
43,0,20,0.970537
43,0,21,0.970537
43,0,22,0.968495
43,0,23,0.828635
43,0,24,0.714296
43,0,25,0.714296
43,0,26,0.714296
43,0,27,0.714296
43,0,28,0.714296
43,0,29,0.714296
43,0,30,0.714296
43,0,31,0.714296
43,0,32,0.714296
43,0,33,0.714296
43,0,34,0.714296
43,0,35,0.714296
43,0,36,0.714296
43,0,37,0.714296
43,0,38,0.714296
43,0,39,0.714296
43,0,40,0.714296
43,0,41,0.714296
43,0,42,0.714296
43,0,43,0.714296
43,0,44,0.714296
43,0,45,0.714296
43,0,46,0.714296
43,0,47,0.714296
43,0,48,0.714296
43,0,49,0.714296
43,0,50,0.714296
43,0,51,0.714296
43,0,52,0.714296
43,0,53,0.714296
43,0,54,0.714296
43,0,55,0.714296
43,0,56,0.714296
43,0,57,0.714296
43,0,58,0.714296
43,0,59,0.714296
43,0,60,0.714296
43,0,61,0.714296
43,0,62,0.714296
43,0,63,0.714296
43,0,64,0.714296
43,0,65,0.714296
43,0,66,0.714296
43,0,67,0.714296
43,0,68,0.714296
43,0,69,0.714296
43,0,70,0.714296
43,0,71,0.714296
43,0,72,0.714296
43,0,73,0.714296
43,0,74,0.714296
43,0,75,0.714296
43,0,76,0.714296
43,0,77,0.714296
43,0,78,0.714296
43,0,79,0.714296
43,0,80,0.714296
43,0,81,0.714296
43,0,82,0.714296
43,0,83,0.714296
43,0,84,0.714296
43,0,85,0.714296
43,0,86,0.714296
43,0,87,0.714296
43,0,88,0.714296
43,0,89,0.714296
43,0,90,0.714296
43,0,91,0.714296
43,0,92,0.714296
43,0,93,0.714296
43,0,94,0.714296
43,0,95,0.714296
43,0,96,0.714296
43,0,97,0.714296
43,0,98,0.714296
43,0,99,0.714296
43,0,100,0.714296
43,0,101,0.714296
43,0,102,0.714296
43,0,103,0.714296
43,0,104,0.714296
43,0,105,0.714296
43,0,106,0.714296
43,0,107,0.714296
43,0,108,0.714296
43,0,109,0.714296
43,0,110,0.714296
43,0,111,0.714296
43,0,112,0.714296
43,0,113,0.714296
43,0,114,0.714296
43,0,115,0.714296
43,0,116,0.714296
43,0,117,0.714296
43,0,118,0.791777
43,0,119,0.895845
43,0,120,0.904961
43,0,121,0.904961
43,0,122,0.904961
43,0,123,0.904961
43,0,124,0.904961
43,0,125,0.904961
43,0,126,0.904961
43,0,127,0.904961
43,0,128,0.904961
43,0,129,0.904961
43,0,130,0.904961
43,0,131,0.904961
43,0,132,0.904961
43,0,133,0.904961
43,0,134,0.904961
43,0,135,0.904961
43,0,136,0.904961
43,0,137,0.904961
43,0,138,0.972986
43,0,139,1.088040
43,0,140,1.115754
43,0,141,1.115754
43,0,142,1.115754
43,0,143,1.115754
43,0,144,1.115754
43,0,145,1.115754
43,0,146,1.115754
43,0,147,1.115754
43,0,148,1.115754
43,0,149,1.115754
43,0,150,1.115754
43,0,151,1.115754
43,0,152,1.115754
43,0,153,1.115754
43,0,154,1.115754
43,0,155,1.115754
43,0,156,1.115754
43,0,157,1.115754
43,0,158,1.115754
43,0,159,1.115754
43,0,160,1.115754
43,0,161,1.115754
43,0,162,1.115754
43,0,163,1.115754
43,0,164,1.115754
43,0,165,1.115754
43,0,166,1.115754
43,0,167,1.115754
43,0,168,1.115754
43,0,169,1.115754
43,0,170,1.115754
43,0,171,1.115754
43,0,172,1.115754
43,0,173,1.115754
43,0,174,1.115754
43,0,175,1.115754
43,0,176,1.115754
43,0,177,1.115754
43,0,178,1.085004
43,0,179,0.976986
43,0,180,0.917852
43,0,181,0.917852
43,0,182,0.917852
43,0,183,0.917852
43,0,184,0.917852
43,0,185,0.917852
43,0,186,0.917852
43,0,187,0.917852
43,0,188,0.917852
43,0,189,0.917852
43,0,190,0.917852
43,0,191,0.917852
43,0,192,0.917852
43,0,193,0.917852
43,0,194,0.917852
43,0,195,0.917852
43,0,196,0.917852
43,0,197,0.917852
43,0,198,0.917852
43,0,199,0.917852
43,0,200,0.917852
43,0,201,0.917852
43,0,202,0.917852
43,0,203,0.917852
43,0,204,0.871557
43,0,205,0.798655
43,0,206,0.784287
43,0,207,0.784287
43,0,208,0.784287
43,0,209,0.776602
43,0,210,0.721188
43,0,211,0.682762
43,0,212,0.682762
43,0,213,0.682762
43,0,214,0.682762
43,0,215,0.682762
43,0,216,0.682762
43,0,217,0.682762
43,0,218,0.682762
43,0,219,0.682762
43,0,220,0.682762
43,0,221,0.682762
43,0,222,0.682762
43,0,223,0.682762
43,0,224,0.682762
43,0,225,0.682762
43,0,226,0.682762
43,0,227,0.682762
43,0,228,0.682762
43,0,229,0.682762
43,0,230,0.682762
43,0,231,0.682762
43,0,232,0.682762
43,0,233,0.682762
43,0,234,0.682762
43,0,235,0.661316
43,0,236,0.617466
43,0,237,0.583407
43,0,238,0.554462
43,0,239,0.549391
43,0,240,0.549391
43,0,241,0.549391
43,0,242,0.549391
43,0,243,0.549391
43,0,244,0.541508
43,0,245,0.517509
43,0,246,0.505422
43,0,247,0.505422
43,0,248,0.482418
43,0,249,0.447786
43,0,250,0.441972
43,0,251,0.441972
44,0,0,1.000000
44,0,1,1.000000
44,0,2,1.000000
44,0,3,1.000000
44,0,4,1.000000
44,0,5,1.000000
44,0,6,1.000000
44,0,7,1.000000
44,0,8,1.000000
44,0,9,1.000000
44,0,10,1.000000
44,0,11,1.000000
44,0,12,1.000000
44,0,13,1.000000
44,0,14,1.000000
44,0,15,1.000000
44,0,16,1.000000
44,0,17,1.000000
44,0,18,1.000000
44,0,19,1.000000
44,0,20,1.000000
44,0,21,1.000000
44,0,22,1.000000
44,0,23,1.000000
44,0,24,1.000000
44,0,25,1.000000
44,0,26,1.000000
44,0,27,1.000000
44,0,28,1.000000
44,0,29,1.000000
44,0,30,1.000000
44,0,31,1.000000
44,0,32,1.000000
44,0,33,1.086524
44,0,34,1.227696
44,0,35,1.285758
44,0,36,1.285758
44,0,37,1.285758
44,0,38,1.285758
44,0,39,1.285758
44,0,40,1.285758
44,0,41,1.285758
44,0,42,1.285758
44,0,43,1.285758
44,0,44,1.285758
44,0,45,1.304541
44,0,46,1.344698
44,0,47,1.367044
44,0,48,1.367044
44,0,49,1.471629
44,0,50,1.721023
44,0,51,1.883247
44,0,52,1.912049
44,0,53,1.930167
44,0,54,1.930167
44,0,55,1.930167
44,0,56,1.930167
44,0,57,1.930167
44,0,58,1.930167
44,0,59,1.930167
44,0,60,1.930167
44,0,61,1.930167
44,0,62,1.930167
44,0,63,1.930167
44,0,64,1.930167
44,0,65,1.930167
44,0,66,1.930167
44,0,67,1.930167
44,0,68,1.930167
44,0,69,1.930167
44,0,70,1.930167
44,0,71,1.930167
44,0,72,1.930167
44,0,73,1.930167
44,0,74,1.930167
44,0,75,1.930380
44,0,76,1.932412
44,0,77,1.934280
44,0,78,1.934280
44,0,79,1.934280
44,0,80,1.934280
44,0,81,1.934280
44,0,82,1.934280
44,0,83,1.934280
44,0,84,1.934280
44,0,85,1.934280
44,0,86,1.934280
44,0,87,1.934280
44,0,88,1.934280
44,0,89,1.934280
44,0,90,1.934280
44,0,91,1.934280
44,0,92,1.934280
44,0,93,1.934280
44,0,94,1.934280
44,0,95,1.934280
44,0,96,1.934280
44,0,97,1.934280
44,0,98,1.934280
44,0,99,1.934280
44,0,100,1.934280
44,0,101,1.934280
44,0,102,1.934280
44,0,103,1.934280
44,0,104,1.934280
44,0,105,1.934280
44,0,106,1.934280
44,0,107,1.934280
44,0,108,1.934280
44,0,109,1.934280
44,0,110,1.934280
44,0,111,1.934280
44,0,112,1.934280
44,0,113,1.934280
44,0,114,1.934280
44,0,115,1.934280
44,0,116,1.934280
44,0,117,1.934280
44,0,118,1.934280
44,0,119,1.934280
44,0,120,1.934280
44,0,121,1.934280
44,0,122,1.934280
44,0,123,1.934280
44,0,124,1.934280
44,0,125,1.934280
44,0,126,1.934280
44,0,127,1.934280
44,0,128,1.934280
44,0,129,1.934280
44,0,130,1.934280
44,0,131,1.934280
44,0,132,1.934280
44,0,133,1.934280
44,0,134,1.934280
44,0,135,1.934280
44,0,136,1.934280
44,0,137,1.934280
44,0,138,1.934280
44,0,139,1.934280
44,0,140,1.934280
44,0,141,1.934280
44,0,142,1.934280
44,0,143,1.934280
44,0,144,1.934280
44,0,145,1.934280
44,0,146,1.934280
44,0,147,1.934280
44,0,148,1.934280
44,0,149,1.934280
44,0,150,1.934280
44,0,151,1.934280
44,0,152,1.934280
44,0,153,1.934280
44,0,154,1.934280
44,0,155,1.934280
44,0,156,1.934280
44,0,157,1.934280
44,0,158,1.934280
44,0,159,1.934280
44,0,160,1.934280
44,0,161,1.934280
44,0,162,1.934280
44,0,163,1.934280
44,0,164,1.934280
44,0,165,1.934280
44,0,166,1.936791
44,0,167,2.092491
44,0,168,2.248191
44,0,169,2.249446
44,0,170,2.249446
44,0,171,2.249446
44,0,172,2.249446
44,0,173,2.249446
44,0,174,2.249446
44,0,175,2.249446
44,0,176,2.249446
44,0,177,2.249446
44,0,178,2.249446
44,0,179,2.249446
44,0,180,2.249446
44,0,181,2.249446
44,0,182,2.249446
44,0,183,2.249446
44,0,184,2.249446
44,0,185,2.249446
44,0,186,2.249446
44,0,187,2.249446
44,0,188,2.249446
44,0,189,3.167285
44,0,190,4.391070
44,0,191,4.726624
44,0,192,4.726624
44,0,193,4.726624
44,0,194,4.726624
44,0,195,4.726624
44,0,196,4.726624
44,0,197,4.726624
44,0,198,4.726624
44,0,199,4.726624
44,0,200,4.726624
44,0,201,4.726624
44,0,202,4.726624
44,0,203,4.726624
44,0,204,4.726624
44,0,205,5.228656
44,0,206,6.130859
44,0,207,6.552857
44,0,208,6.552857
44,0,209,6.552857
44,0,210,6.552857
44,0,211,6.552857
44,0,212,6.552857
44,0,213,6.552857
44,0,214,6.552857
44,0,215,6.552857
44,0,216,6.552857
44,0,217,6.552857
44,0,218,6.552857
44,0,219,6.552857
44,0,220,6.552857
44,0,221,6.552857
44,0,222,6.552857
44,0,223,6.552857
44,0,224,6.552857
44,0,225,6.552857
44,0,226,6.552857
44,0,227,6.552857
44,0,228,6.552857
44,0,229,6.433968
44,0,230,5.987233
44,0,231,5.648579
44,0,232,5.648579
44,0,233,5.648579
44,0,234,5.648579
44,0,235,5.648579
44,0,236,5.648579
44,0,237,5.862820
44,0,238,7.127859
44,0,239,8.209264
44,0,240,8.209264
44,0,241,8.209264
44,0,242,8.209264
44,0,243,8.209264
44,0,244,8.209264
44,0,245,8.209264
44,0,246,8.209264
44,0,247,8.177130
44,0,248,7.513022
44,0,249,6.864981
44,0,250,6.864981
44,0,251,6.864981
45,0,0,1.000000
45,0,1,1.000000
45,0,2,1.000000
45,0,3,1.000000
45,0,4,1.000000
45,0,5,1.000000
45,0,6,1.000000
45,0,7,1.000000
45,0,8,1.000000
45,0,9,1.000000
45,0,10,1.000000
45,0,11,1.000000
45,0,12,1.000000
45,0,13,1.000000
45,0,14,1.000000
45,0,15,1.000000
45,0,16,1.000000
45,0,17,0.968312
45,0,18,0.849484
45,0,19,0.730656
45,0,20,0.715944
45,0,21,0.715944
45,0,22,0.719398
45,0,23,0.726509
45,0,24,0.732943
45,0,25,0.732943
45,0,26,0.732943
45,0,27,0.732943
45,0,28,0.732943
45,0,29,0.732943
45,0,30,0.732943
45,0,31,0.732943
45,0,32,0.732943
45,0,33,0.732943
45,0,34,0.732943
45,0,35,0.732943
45,0,36,0.738899
45,0,37,0.780598
45,0,38,0.822296
45,0,39,0.832621
45,0,40,0.832621
45,0,41,0.832621
45,0,42,0.832621
45,0,43,0.832621
45,0,44,0.795436
45,0,45,0.757158
45,0,46,0.676684
45,0,47,0.565774
45,0,48,0.475990
45,0,49,0.475990
45,0,50,0.475990
45,0,51,0.475990
45,0,52,0.475990
45,0,53,0.475990
45,0,54,0.475990
45,0,55,0.475990
45,0,56,0.475990
45,0,57,0.475990
45,0,58,0.475990
45,0,59,0.475990
45,0,60,0.468979
45,0,61,0.439532
45,0,62,0.410086
45,0,63,0.405599
45,0,64,0.405599
45,0,65,0.417065
45,0,66,0.442148
45,0,67,0.465559
45,0,68,0.465559
45,0,69,0.465559
45,0,70,0.465559
45,0,71,0.465559
45,0,72,0.465559
45,0,73,0.465559
45,0,74,0.465559
45,0,75,0.465559
45,0,76,0.465559
45,0,77,0.465559
45,0,78,0.465559
45,0,79,0.465559
45,0,80,0.465559
45,0,81,0.465559
45,0,82,0.420579
45,0,83,0.358436
45,0,84,0.317008
45,0,85,0.317008
45,0,86,0.317008
45,0,87,0.317008
45,0,88,0.317008
45,0,89,0.317008
45,0,90,0.317008
45,0,91,0.317008
45,0,92,0.317008
45,0,93,0.317008
45,0,94,0.317008
45,0,95,0.317008
45,0,96,0.317008
45,0,97,0.317008
45,0,98,0.317008
45,0,99,0.317008
45,0,100,0.317008
45,0,101,0.317008
45,0,102,0.317008
45,0,103,0.317008
45,0,104,0.317008
45,0,105,0.317008
45,0,106,0.317008
45,0,107,0.317008
45,0,108,0.317008
45,0,109,0.317008
45,0,110,0.317008
45,0,111,0.317008
45,0,112,0.317008
45,0,113,0.317008
45,0,114,0.317008
45,0,115,0.317008
45,0,116,0.317008
45,0,117,0.317008
45,0,118,0.317008
45,0,119,0.317008
45,0,120,0.317008
45,0,121,0.317008
45,0,122,0.317008
45,0,123,0.317008
45,0,124,0.317008
45,0,125,0.317008
45,0,126,0.317008
45,0,127,0.317008
45,0,128,0.317008
45,0,129,0.317008
45,0,130,0.317008
45,0,131,0.317008
45,0,132,0.317008
45,0,133,0.317008
45,0,134,0.317008
45,0,135,0.317008
45,0,136,0.317008
45,0,137,0.317008
45,0,138,0.317008
45,0,139,0.317008
45,0,140,0.317008
45,0,141,0.317008
45,0,142,0.317008
45,0,143,0.317008
45,0,144,0.324789
45,0,145,0.338406
45,0,146,0.349559
45,0,147,0.349559
45,0,148,0.349559
45,0,149,0.349559
45,0,150,0.349559
45,0,151,0.349559
45,0,152,0.349559
45,0,153,0.349559
45,0,154,0.349559
45,0,155,0.349559
45,0,156,0.349559
45,0,157,0.349559
45,0,158,0.349559
45,0,159,0.349559
45,0,160,0.349559
45,0,161,0.349559
45,0,162,0.349559
45,0,163,0.349559
45,0,164,0.349559
45,0,165,0.349559
45,0,166,0.349559
45,0,167,0.349559
45,0,168,0.365312
45,0,169,0.388942
45,0,170,0.411840
45,0,171,0.432818
45,0,172,0.453796
45,0,173,0.456194
45,0,174,0.456194
45,0,175,0.456194
45,0,176,0.456194
45,0,177,0.470934
45,0,178,0.611640
45,0,179,0.752347
45,0,180,0.792548
45,0,181,0.792548
45,0,182,0.792548
45,0,183,0.792548
45,0,184,0.792548
45,0,185,0.792548
45,0,186,0.792548
45,0,187,0.792548
45,0,188,0.792548
45,0,189,0.792548
45,0,190,0.792548
45,0,191,0.792548
45,0,192,0.792548
45,0,193,0.792548
45,0,194,0.792548
45,0,195,0.792548
45,0,196,0.792548
45,0,197,0.792548
45,0,198,0.792548
45,0,199,0.792548
45,0,200,0.792548
45,0,201,0.792548
45,0,202,0.792548
45,0,203,0.792548
45,0,204,0.792548
45,0,205,0.792548
45,0,206,0.792548
45,0,207,0.792548
45,0,208,0.792548
45,0,209,0.792548
45,0,210,0.792548
45,0,211,0.792548
45,0,212,0.792548
45,0,213,0.792548
45,0,214,0.792548
45,0,215,0.792548
45,0,216,0.792548
45,0,217,0.792548
45,0,218,0.792548
45,0,219,0.792548
45,0,220,0.792548
45,0,221,0.792548
45,0,222,0.792548
45,0,223,0.792548
45,0,224,0.792548
45,0,225,0.792548
45,0,226,0.792548
45,0,227,0.792548
45,0,228,0.792548
45,0,229,0.792548
45,0,230,0.792548
45,0,231,0.792548
45,0,232,0.792548
45,0,233,0.792548
45,0,234,0.792548
45,0,235,0.792548
45,0,236,0.792548
45,0,237,0.792548
45,0,238,0.792548
45,0,239,0.792548
45,0,240,0.792548
45,0,241,0.792548
45,0,242,0.792548
45,0,243,0.792548
45,0,244,0.792548
45,0,245,0.792548
45,0,246,0.792548
45,0,247,0.792548
45,0,248,0.792548
45,0,249,0.784527
45,0,250,0.763984
45,0,251,0.743441
46,0,0,1.000000
46,0,1,1.000000
46,0,2,0.956152
46,0,3,0.849566
46,0,4,0.830678
46,0,5,0.830678
46,0,6,0.830678
46,0,7,0.830678
46,0,8,0.830678
46,0,9,0.830678
46,0,10,0.830678
46,0,11,0.830678
46,0,12,0.830678
46,0,13,0.830678
46,0,14,0.830678
46,0,15,0.830678
46,0,16,0.830678
46,0,17,0.830678
46,0,18,0.830678
46,0,19,0.830678
46,0,20,0.781135
46,0,21,0.746656
46,0,22,0.746656
46,0,23,0.746656
46,0,24,0.746656
46,0,25,0.746656
46,0,26,0.746656
46,0,27,0.746656
46,0,28,0.746656
46,0,29,0.746656
46,0,30,0.746656
46,0,31,0.746656
46,0,32,0.746656
46,0,33,0.746656
46,0,34,0.746656
46,0,35,0.746656
46,0,36,0.746656
46,0,37,0.857259
46,0,38,1.096648
46,0,39,1.126950
46,0,40,1.126950
46,0,41,1.126950
46,0,42,1.126950
46,0,43,1.126950
46,0,44,1.126950
46,0,45,1.126950
46,0,46,1.126950
46,0,47,1.126950
46,0,48,1.126950
46,0,49,1.126950
46,0,50,1.126950
46,0,51,1.126950
46,0,52,1.126950
46,0,53,1.126950
46,0,54,1.126950
46,0,55,1.126950
46,0,56,1.126950
46,0,57,1.126950
46,0,58,1.126950
46,0,59,1.126950
46,0,60,1.126950
46,0,61,1.126950
46,0,62,1.126950
46,0,63,1.126950
46,0,64,1.126950
46,0,65,1.126950
46,0,66,1.126950
46,0,67,1.126950
46,0,68,1.126950
46,0,69,1.126950
46,0,70,1.126950
46,0,71,1.126950
46,0,72,1.126950
46,0,73,1.126950
46,0,74,1.126950
46,0,75,1.126950
46,0,76,1.126950
46,0,77,1.126950
46,0,78,1.126950
46,0,79,1.126950
46,0,80,1.126950
46,0,81,1.126950
46,0,82,1.126950
46,0,83,1.126950
46,0,84,1.126950
46,0,85,1.126950
46,0,86,1.126950
46,0,87,1.126950
46,0,88,1.126950
46,0,89,1.126950
46,0,90,1.126950
46,0,91,1.126950
46,0,92,1.126950
46,0,93,1.126950
46,0,94,1.126950
46,0,95,1.126950
46,0,96,1.126950
46,0,97,1.126950
46,0,98,1.126950
46,0,99,1.078435
46,0,100,0.982617
46,0,101,0.974733
46,0,102,0.974733
46,0,103,0.974733
46,0,104,0.974733
46,0,105,0.974733
46,0,106,0.974733
46,0,107,0.974733
46,0,108,0.974733
46,0,109,0.974733
46,0,110,0.974733
46,0,111,0.974733
46,0,112,0.974733
46,0,113,0.974733
46,0,114,0.974733
46,0,115,0.974733
46,0,116,0.974733
46,0,117,0.974733
46,0,118,0.975445
46,0,119,0.977053
46,0,120,0.977287
46,0,121,0.977287
46,0,122,0.977287
46,0,123,0.977287
46,0,124,0.977287
46,0,125,0.977287
46,0,126,0.977287
46,0,127,0.977287
46,0,128,0.977287
46,0,129,0.977287
46,0,130,0.977287
46,0,131,0.977287
46,0,132,0.977287
46,0,133,0.977287
46,0,134,0.977287
46,0,135,0.977287
46,0,136,0.977287
46,0,137,0.977287
46,0,138,0.977287
46,0,139,0.977287
46,0,140,0.977287
46,0,141,0.977287
46,0,142,0.977287
46,0,143,0.977287
46,0,144,0.977287
46,0,145,0.936519
46,0,146,0.843166
46,0,147,0.828985
46,0,148,0.828985
46,0,149,0.828985
46,0,150,0.828985
46,0,151,0.828985
46,0,152,0.828985
46,0,153,0.828985
46,0,154,0.828985
46,0,155,0.828985
46,0,156,0.828985
46,0,157,0.828985
46,0,158,0.828985
46,0,159,0.828985
46,0,160,0.828985
46,0,161,0.828985
46,0,162,0.828985
46,0,163,0.828985
46,0,164,0.828985
46,0,165,0.828985
46,0,166,0.828985
46,0,167,0.828985
46,0,168,0.828985
46,0,169,0.828985
46,0,170,0.827983
46,0,171,0.775203
46,0,172,0.756616
46,0,173,0.783286
46,0,174,0.787506
46,0,175,0.787506
46,0,176,0.787506
46,0,177,0.787506
46,0,178,0.787506
46,0,179,0.787506
46,0,180,0.787506
46,0,181,0.787506
46,0,182,0.787506
46,0,183,0.787506
46,0,184,0.787506
46,0,185,0.787506
46,0,186,0.787506
46,0,187,0.787506
46,0,188,0.787506
46,0,189,0.787506
46,0,190,0.787506
46,0,191,0.787506
46,0,192,0.787506
46,0,193,0.787506
46,0,194,0.787506
46,0,195,0.787506
46,0,196,0.787506
46,0,197,0.787506
46,0,198,0.787506
46,0,199,0.787506
46,0,200,0.787506
46,0,201,0.746140
46,0,202,0.708849
46,0,203,0.708849
46,0,204,0.708849
46,0,205,0.708849
46,0,206,0.708849
46,0,207,0.708849
46,0,208,0.708849
46,0,209,0.708849
46,0,210,0.708849
46,0,211,0.708849
46,0,212,0.708849
46,0,213,0.708849
46,0,214,0.708849
46,0,215,0.708849
46,0,216,0.708849
46,0,217,0.708849
46,0,218,0.708849
46,0,219,0.708849
46,0,220,0.708849
46,0,221,0.708849
46,0,222,0.708849
46,0,223,0.708849
46,0,224,0.708849
46,0,225,0.708849
46,0,226,0.708849
46,0,227,0.708849
46,0,228,0.708849
46,0,229,0.708849
46,0,230,0.708849
46,0,231,0.708849
46,0,232,0.708849
46,0,233,0.708849
46,0,234,0.708849
46,0,235,0.708849
46,0,236,0.708849
46,0,237,0.708849
46,0,238,0.708849
46,0,239,0.708849
46,0,240,0.708849
46,0,241,0.708849
46,0,242,0.708849
46,0,243,0.708849
46,0,244,0.708849
46,0,245,0.708849
46,0,246,0.708849
46,0,247,0.708849
46,0,248,0.708849
46,0,249,0.708849
46,0,250,0.708849
46,0,251,0.708849
47,0,0,1.000000
47,0,1,1.000000
47,0,2,1.000000
47,0,3,1.000000
47,0,4,1.000000
47,0,5,1.000000
47,0,6,1.000000
47,0,7,1.000000
47,0,8,1.000000
47,0,9,1.000000
47,0,10,1.000000
47,0,11,1.000000
47,0,12,1.000000
47,0,13,1.000000
47,0,14,1.000000
47,0,15,1.000000
47,0,16,1.000000
47,0,17,1.000000
47,0,18,1.000000
47,0,19,1.000000
47,0,20,1.000000
47,0,21,1.000000
47,0,22,1.000000
47,0,23,1.000000
47,0,24,1.000000
47,0,25,1.000000
47,0,26,1.000000
47,0,27,1.000000
47,0,28,1.000000
47,0,29,1.000000
47,0,30,1.000000
47,0,31,1.000000
47,0,32,1.000000
47,0,33,1.000000
47,0,34,1.000000
47,0,35,1.000000
47,0,36,0.987514
47,0,37,0.952345
47,0,38,0.823579
47,0,39,0.735719
47,0,40,0.735719
47,0,41,0.902917
47,0,42,1.011817
47,0,43,1.011817
47,0,44,1.011817
47,0,45,1.011817
47,0,46,1.011817
47,0,47,1.011817
47,0,48,1.011817
47,0,49,1.011817
47,0,50,1.011817
47,0,51,1.011817
47,0,52,1.011817
47,0,53,1.011817
47,0,54,1.011817
47,0,55,1.011817
47,0,56,1.011817
47,0,57,1.011817
47,0,58,1.011817
47,0,59,1.011817
47,0,60,1.011817
47,0,61,1.011817
47,0,62,1.011817
47,0,63,1.116005
47,0,64,1.260876
47,0,65,1.260876
47,0,66,1.260876
47,0,67,1.299648
47,0,68,1.533664
47,0,69,1.608438
47,0,70,1.608438
47,0,71,1.608438
47,0,72,1.608438
47,0,73,1.608438
47,0,74,1.608438
47,0,75,1.608438
47,0,76,1.608438
47,0,77,1.608438
47,0,78,1.608438
47,0,79,1.608438
47,0,80,1.608438
47,0,81,1.608438
47,0,82,1.608438
47,0,83,1.608438
47,0,84,1.608438
47,0,85,1.608438
47,0,86,1.608438
47,0,87,1.608438
47,0,88,1.608438
47,0,89,1.608438
47,0,90,1.608438
47,0,91,1.608438
47,0,92,1.608438
47,0,93,1.608438
47,0,94,1.608438
47,0,95,1.608438
47,0,96,1.608438
47,0,97,1.608438
47,0,98,1.608438
47,0,99,1.608438
47,0,100,1.608438
47,0,101,1.608438
47,0,102,1.608438
47,0,103,1.608438
47,0,104,1.604912
47,0,105,1.505586
47,0,106,1.460918
47,0,107,1.460918
47,0,108,1.460918
47,0,109,1.460918
47,0,110,1.460918
47,0,111,1.460918
47,0,112,1.460918
47,0,113,1.460918
47,0,114,1.460918
47,0,115,1.460918
47,0,116,1.460918
47,0,117,1.460918
47,0,118,1.460918
47,0,119,1.460918
47,0,120,1.460918
47,0,121,1.460918
47,0,122,1.460918
47,0,123,1.460918
47,0,124,1.460918
47,0,125,1.460918
47,0,126,1.460918
47,0,127,1.460918
47,0,128,1.460918
47,0,129,1.460918
47,0,130,1.460918
47,0,131,1.460918
47,0,132,1.460918
47,0,133,1.460918
47,0,134,1.460918
47,0,135,1.460918
47,0,136,1.460918
47,0,137,1.460918
47,0,138,1.460918
47,0,139,1.460918
47,0,140,1.460918
47,0,141,1.460918
47,0,142,1.460918
47,0,143,1.460918
47,0,144,1.460918
47,0,145,1.460918
47,0,146,1.460918
47,0,147,1.460918
47,0,148,1.460918
47,0,149,1.460918
47,0,150,1.460918
47,0,151,1.460918
47,0,152,1.460918
47,0,153,1.460918
47,0,154,1.460918
47,0,155,1.460918
47,0,156,1.460918
47,0,157,1.460918
47,0,158,1.460918
47,0,159,1.460918
47,0,160,1.460918
47,0,161,1.460918
47,0,162,1.460918
47,0,163,1.460918
47,0,164,1.460918
47,0,165,1.460918
47,0,166,1.460918
47,0,167,1.460918
47,0,168,1.460918
47,0,169,1.460918
47,0,170,1.460918
47,0,171,1.460918
47,0,172,1.460918
47,0,173,1.460918
47,0,174,1.460918
47,0,175,1.460918
47,0,176,1.460918
47,0,177,1.460918
47,0,178,1.460918
47,0,179,1.460918
47,0,180,1.460918
47,0,181,1.460918
47,0,182,1.460918
47,0,183,1.460918
47,0,184,1.460918
47,0,185,1.460918
47,0,186,1.460918
47,0,187,1.460918
47,0,188,1.460918
47,0,189,1.460918
47,0,190,1.460918
47,0,191,1.460918
47,0,192,1.460918
47,0,193,1.460918
47,0,194,1.460918
47,0,195,1.460918
47,0,196,1.460918
47,0,197,1.460918
47,0,198,1.460918
47,0,199,1.460918
47,0,200,1.460918
47,0,201,1.460918
47,0,202,1.460918
47,0,203,1.460918
47,0,204,1.460918
47,0,205,1.460918
47,0,206,1.460918
47,0,207,1.460918
47,0,208,1.460918
47,0,209,1.460918
47,0,210,1.460918
47,0,211,1.460918
47,0,212,1.460918
47,0,213,1.460918
47,0,214,1.460918
47,0,215,1.460918
47,0,216,1.460918
47,0,217,1.460918
47,0,218,1.460918
47,0,219,1.460918
47,0,220,1.460918
47,0,221,1.460918
47,0,222,1.455718
47,0,223,1.449950
47,0,224,1.449950
47,0,225,1.449950
47,0,226,1.449950
47,0,227,1.449950
47,0,228,1.449950
47,0,229,1.449950
47,0,230,1.449950
47,0,231,1.449950
47,0,232,1.449950
47,0,233,1.449950
47,0,234,1.449950
47,0,235,1.449950
47,0,236,1.449950
47,0,237,1.449950
47,0,238,1.449950
47,0,239,1.449950
47,0,240,1.449950
47,0,241,1.449950
47,0,242,1.449950
47,0,243,1.449950
47,0,244,1.449950
47,0,245,1.449950
47,0,246,1.449950
47,0,247,1.449950
47,0,248,1.449950
47,0,249,1.449950
47,0,250,1.455105
47,0,251,1.465730
48,0,0,1.000000
48,0,1,1.000000
48,0,2,1.000000
48,0,3,1.000000
48,0,4,1.000000
48,0,5,1.000000
48,0,6,1.000000
48,0,7,1.000000
48,0,8,1.000000
48,0,9,1.000000
48,0,10,1.088656
48,0,11,1.256470
48,0,12,1.397369
48,0,13,1.397369
48,0,14,1.397369
48,0,15,1.397369
48,0,16,1.397369
48,0,17,1.397369
48,0,18,1.397369
48,0,19,1.397369
48,0,20,1.397369
48,0,21,1.397369
48,0,22,1.397369
48,0,23,1.397369
48,0,24,1.397369
48,0,25,1.397369
48,0,26,1.397369
48,0,27,1.397369
48,0,28,1.397369
48,0,29,1.397369
48,0,30,1.397369
48,0,31,1.397369
48,0,32,1.397369
48,0,33,1.397369
48,0,34,1.397369
48,0,35,1.397369
48,0,36,1.397369
48,0,37,1.397369
48,0,38,1.397369
48,0,39,1.397369
48,0,40,1.397369
48,0,41,1.397369
48,0,42,1.397369
48,0,43,1.397369
48,0,44,1.397369
48,0,45,1.397369
48,0,46,1.397369
48,0,47,1.397369
48,0,48,1.397369
48,0,49,1.397369
48,0,50,1.397369
48,0,51,1.397369
48,0,52,1.397369
48,0,53,1.397369
48,0,54,1.397369
48,0,55,1.397369
48,0,56,1.397369
48,0,57,1.397369
48,0,58,1.397369
48,0,59,1.397369
48,0,60,1.397369
48,0,61,1.397369
48,0,62,1.397369
48,0,63,1.397369
48,0,64,1.397369
48,0,65,1.397369
48,0,66,1.397369
48,0,67,1.397369
48,0,68,1.397369
48,0,69,1.397369
48,0,70,1.397369
48,0,71,1.397369
48,0,72,1.397369
48,0,73,1.397369
48,0,74,1.397369
48,0,75,1.397369
48,0,76,1.397369
48,0,77,1.397369
48,0,78,1.397369
48,0,79,1.397369
48,0,80,1.397369
48,0,81,1.397369
48,0,82,1.397369
48,0,83,1.397369
48,0,84,1.397369
48,0,85,1.397369
48,0,86,1.397369
48,0,87,1.397369
48,0,88,1.397369
48,0,89,1.397369
48,0,90,1.400692
48,0,91,1.576762
48,0,92,1.752832
48,0,93,1.759393
48,0,94,1.675058
48,0,95,1.614590
48,0,96,1.614590
48,0,97,1.614590
48,0,98,1.614590
48,0,99,1.614590
48,0,100,1.614590
48,0,101,1.614590
48,0,102,1.614590
48,0,103,1.614590
48,0,104,1.614590
48,0,105,1.571581
48,0,106,1.518569
48,0,107,1.489062
48,0,108,1.489062
48,0,109,1.489062
48,0,110,1.489062
48,0,111,1.489062
48,0,112,1.489062
48,0,113,1.489062
48,0,114,1.489062
48,0,115,1.489062
48,0,116,1.489062
48,0,117,1.489062
48,0,118,1.489062
48,0,119,1.489062
48,0,120,1.489062
48,0,121,1.489062
48,0,122,1.489062
48,0,123,1.489062
48,0,124,1.670581
48,0,125,1.879721
48,0,126,1.984291
48,0,127,1.984291
48,0,128,1.984291
48,0,129,1.984291
48,0,130,1.984291
48,0,131,1.984291
48,0,132,1.984291
48,0,133,1.984291
48,0,134,1.984291
48,0,135,1.984291
48,0,136,1.984291
48,0,137,1.984291
48,0,138,1.984291
48,0,139,1.984291
48,0,140,1.984291
48,0,141,1.984291
48,0,142,1.984291
48,0,143,1.984291
48,0,144,1.984291
48,0,145,1.984291
48,0,146,1.984291
48,0,147,1.984291
48,0,148,1.984291
48,0,149,1.984291
48,0,150,1.934784
48,0,151,1.874466
48,0,152,1.815076
48,0,153,1.756807
48,0,154,1.703487
48,0,155,1.703487
48,0,156,1.703487
48,0,157,1.703487
48,0,158,1.703487
48,0,159,1.703487
48,0,160,1.703487
48,0,161,1.703487
48,0,162,1.703487
48,0,163,1.703487
48,0,164,1.703487
48,0,165,1.703487
48,0,166,1.703487
48,0,167,1.703487
48,0,168,1.703487
48,0,169,1.703487
48,0,170,1.703487
48,0,171,1.703487
48,0,172,1.703487
48,0,173,1.703487
48,0,174,1.703487
48,0,175,1.703487
48,0,176,1.703487
48,0,177,1.703487
48,0,178,1.703487
48,0,179,1.703487
48,0,180,1.703487
48,0,181,1.703487
48,0,182,1.703487
48,0,183,1.703487
48,0,184,1.703487
48,0,185,1.737390
48,0,186,1.849696
48,0,187,1.962002
48,0,188,1.969419
48,0,189,1.969419
48,0,190,1.969419
48,0,191,1.969419
48,0,192,1.969419
48,0,193,1.969419
48,0,194,1.969419
48,0,195,1.969419
48,0,196,1.969419
48,0,197,1.969419
48,0,198,1.969419
48,0,199,1.969419
48,0,200,1.969419
48,0,201,1.969419
48,0,202,1.969419
48,0,203,1.969419
48,0,204,1.979711
48,0,205,2.008419
48,0,206,2.037127
48,0,207,2.037398
48,0,208,2.037398
48,0,209,2.037398
48,0,210,2.037398
48,0,211,2.037398
48,0,212,2.037398
48,0,213,2.037398
48,0,214,2.037398
48,0,215,2.037398
48,0,216,2.037398
48,0,217,2.037398
48,0,218,2.023746
48,0,219,1.933306
48,0,220,1.842866
48,0,221,2.041930
48,0,222,2.321220
48,0,223,2.484577
48,0,224,2.484577
48,0,225,2.484577
48,0,226,2.484577
48,0,227,2.484577
48,0,228,2.484577
48,0,229,2.484577
48,0,230,2.484577
48,0,231,2.484577
48,0,232,2.484577
48,0,233,2.484577
48,0,234,2.484577
48,0,235,2.484577
48,0,236,2.484577
48,0,237,2.484577
48,0,238,2.484577
48,0,239,2.484577
48,0,240,2.484577
48,0,241,2.484577
48,0,242,2.484577
48,0,243,2.484577
48,0,244,2.491454
48,0,245,2.557718
48,0,246,2.623983
48,0,247,2.641486
48,0,248,2.641486
48,0,249,2.668022
48,0,250,2.740145
48,0,251,2.812268
49,0,0,1.000000
49,0,1,1.022253
49,0,2,1.038787
49,0,3,1.038787
49,0,4,1.038787
49,0,5,1.038787
49,0,6,1.038787
49,0,7,1.038787
49,0,8,1.038787
49,0,9,1.038787
49,0,10,1.038787
49,0,11,1.038787
49,0,12,1.038787
49,0,13,1.038787
49,0,14,1.030046
49,0,15,0.872702
49,0,16,0.764527
49,0,17,0.764527
49,0,18,0.764527
49,0,19,0.764527
49,0,20,0.764527
49,0,21,0.764527
49,0,22,0.764527
49,0,23,0.764527
49,0,24,0.764527
49,0,25,0.764527
49,0,26,0.764527
49,0,27,0.764527
49,0,28,0.764527
49,0,29,0.764527
49,0,30,0.764527
49,0,31,0.764527
49,0,32,0.764527
49,0,33,0.764527
49,0,34,0.764527
49,0,35,0.764527
49,0,36,0.764527
49,0,37,0.764527
49,0,38,0.764527
49,0,39,0.764527
49,0,40,0.764527
49,0,41,0.764527
49,0,42,0.764527
49,0,43,0.764527
49,0,44,0.764527
49,0,45,0.764527
49,0,46,0.764527
49,0,47,0.764527
49,0,48,0.764527
49,0,49,0.764527
49,0,50,0.764527
49,0,51,0.764527
49,0,52,0.764527
49,0,53,0.764527
49,0,54,0.764527
49,0,55,0.764527
49,0,56,0.764527
49,0,57,0.764527
49,0,58,0.764527
49,0,59,0.764527
49,0,60,0.764527
49,0,61,0.764527
49,0,62,0.764527
49,0,63,0.764527
49,0,64,0.764527
49,0,65,0.764527
49,0,66,0.764527
49,0,67,0.764527
49,0,68,0.764527
49,0,69,0.764527
49,0,70,0.764527
49,0,71,0.764527
49,0,72,0.764527
49,0,73,0.764527
49,0,74,0.764527
49,0,75,0.764527
49,0,76,0.764527
49,0,77,0.764527
49,0,78,0.764527
49,0,79,0.764527
49,0,80,0.764527
49,0,81,0.764527
49,0,82,0.764527
49,0,83,0.764527
49,0,84,0.764527
49,0,85,0.764527
49,0,86,0.764527
49,0,87,0.764527
49,0,88,0.764527
49,0,89,0.764527
49,0,90,0.764527
49,0,91,0.764527
49,0,92,0.764527
49,0,93,0.764527
49,0,94,0.764527
49,0,95,0.764527
49,0,96,0.764527
49,0,97,0.764527
49,0,98,0.764527
49,0,99,0.764527
49,0,100,0.764527
49,0,101,0.764527
49,0,102,0.764527
49,0,103,0.764527
49,0,104,0.764527
49,0,105,0.813309
49,0,106,0.930387
49,0,107,0.968599
49,0,108,0.968599
49,0,109,0.968599
49,0,110,0.968599
49,0,111,0.968599
49,0,112,0.968599
49,0,113,0.968599
49,0,114,0.968599
49,0,115,0.968599
49,0,116,0.968599
49,0,117,0.968599
49,0,118,0.968599
49,0,119,0.968599
49,0,120,0.968599
49,0,121,0.968599
49,0,122,0.968599
49,0,123,0.968599
49,0,124,1.000060
49,0,125,1.129497
49,0,126,1.194216
49,0,127,1.194216
49,0,128,1.194216
49,0,129,1.194216
49,0,130,1.194216
49,0,131,1.194216
49,0,132,1.194216
49,0,133,1.193676
49,0,134,1.192651
49,0,135,1.192431
49,0,136,1.192431
49,0,137,1.192431
49,0,138,1.192431
49,0,139,1.192431
49,0,140,1.192431
49,0,141,1.192431
49,0,142,1.093842
49,0,143,0.980928
49,0,144,0.980928
49,0,145,0.980928
49,0,146,0.980928
49,0,147,0.980928
49,0,148,0.980928
49,0,149,0.980928
49,0,150,0.980928
49,0,151,0.980928
49,0,152,0.980928
49,0,153,0.980928
49,0,154,0.980928
49,0,155,0.980928
49,0,156,0.980928
49,0,157,0.980928
49,0,158,0.980928
49,0,159,0.980928
49,0,160,0.980928
49,0,161,0.980928
49,0,162,0.980928
49,0,163,0.980928
49,0,164,0.980928
49,0,165,0.980928
49,0,166,0.980928
49,0,167,0.980928
49,0,168,0.980928
49,0,169,0.980928
49,0,170,0.980928
49,0,171,0.980928
49,0,172,0.980928
49,0,173,0.980928
49,0,174,0.980928
49,0,175,0.980928
49,0,176,0.980928
49,0,177,0.980928
49,0,178,0.980928
49,0,179,0.980928
49,0,180,0.980928
49,0,181,0.980928
49,0,182,0.980928
49,0,183,0.980928
49,0,184,0.980928
49,0,185,0.980928
49,0,186,0.980928
49,0,187,0.980928
49,0,188,0.980928
49,0,189,0.980928
49,0,190,0.980928
49,0,191,0.980928
49,0,192,0.980928
49,0,193,0.980928
49,0,194,0.980928
49,0,195,0.980928
49,0,196,0.980928
49,0,197,0.980928
49,0,198,0.980928
49,0,199,0.980928
49,0,200,0.980928
49,0,201,0.980928
49,0,202,0.980928
49,0,203,0.980928
49,0,204,0.980928
49,0,205,0.980928
49,0,206,0.980928
49,0,207,0.980928
49,0,208,0.980928
49,0,209,0.980928
49,0,210,0.980928
49,0,211,0.980928
49,0,212,0.980928
49,0,213,0.980928
49,0,214,0.980928
49,0,215,0.980928
49,0,216,0.980928
49,0,217,0.980928
49,0,218,0.980928
49,0,219,0.980928
49,0,220,0.980928
49,0,221,0.980928
49,0,222,0.980928
49,0,223,0.980928
49,0,224,0.980928
49,0,225,0.980928
49,0,226,0.980928
49,0,227,0.980928
49,0,228,0.980928
49,0,229,1.026090
49,0,230,1.094546
49,0,231,1.100251
49,0,232,1.100251
49,0,233,1.100251
49,0,234,1.100251
49,0,235,1.100251
49,0,236,1.100251
49,0,237,1.100251
49,0,238,1.100251
49,0,239,1.100251
49,0,240,1.100251
49,0,241,1.100251
49,0,242,1.100251
49,0,243,1.100251
49,0,244,1.100251
49,0,245,1.131518
49,0,246,1.156309
49,0,247,1.156309
49,0,248,1.115825
49,0,249,1.032545
49,0,250,1.011147
49,0,251,1.011147
50,0,0,1.000000
50,0,1,1.000000
50,0,2,1.000000
50,0,3,1.000000
50,0,4,1.000000
50,0,5,1.000000
50,0,6,1.000000
50,0,7,1.000000
50,0,8,1.000000
50,0,9,1.000000
50,0,10,1.000000
50,0,11,1.000000
50,0,12,1.000000
50,0,13,1.000000
50,0,14,1.000000
50,0,15,1.000000
50,0,16,1.000000
50,0,17,1.000000
50,0,18,1.000000
50,0,19,1.000000
50,0,20,1.000000
50,0,21,1.000000
50,0,22,1.000000
50,0,23,1.000000
50,0,24,1.000000
50,0,25,1.000000
50,0,26,1.000000
50,0,27,1.000000
50,0,28,1.000000
50,0,29,1.000000
50,0,30,1.000000
50,0,31,1.000000
50,0,32,1.000000
50,0,33,1.000000
50,0,34,1.000000
50,0,35,1.000000
50,0,36,1.000000
50,0,37,1.000000
50,0,38,1.000000
50,0,39,1.000000
50,0,40,1.000000
50,0,41,1.000000
50,0,42,1.000000
50,0,43,1.000000
50,0,44,1.000000
50,0,45,1.000000
50,0,46,1.000000
50,0,47,1.000000
50,0,48,1.000000
50,0,49,1.000000
50,0,50,1.000000
50,0,51,1.000000
50,0,52,1.000000
50,0,53,1.000000
50,0,54,1.000000
50,0,55,1.000000
50,0,56,1.000000
50,0,57,1.012594
50,0,58,1.051634
50,0,59,1.063220
50,0,60,1.063220
50,0,61,1.063220
50,0,62,1.063220
50,0,63,1.063220
50,0,64,1.063220
50,0,65,1.063220
50,0,66,1.063220
50,0,67,1.020266
50,0,68,0.949438
50,0,69,1.026116
50,0,70,1.075816
50,0,71,1.075816
50,0,72,1.075816
50,0,73,1.075816
50,0,74,1.075816
50,0,75,1.075816
50,0,76,1.075816
50,0,77,1.075816
50,0,78,1.075816
50,0,79,1.075816
50,0,80,1.075816
50,0,81,1.075816
50,0,82,1.075816
50,0,83,1.075816
50,0,84,1.075816
50,0,85,1.075816
50,0,86,1.075816
50,0,87,1.075816
50,0,88,1.075816
50,0,89,1.075816
50,0,90,1.077140
50,0,91,1.078108
50,0,92,1.078108
50,0,93,1.078108
50,0,94,1.078108
50,0,95,1.078108
50,0,96,1.078108
50,0,97,1.078108
50,0,98,1.078108
50,0,99,1.078108
50,0,100,1.078108
50,0,101,1.078108
50,0,102,1.078108
50,0,103,1.078108
50,0,104,1.078108
50,0,105,1.078108
50,0,106,1.078108
50,0,107,1.078108
50,0,108,1.078108
50,0,109,1.078108
50,0,110,1.078108
50,0,111,1.078108
50,0,112,1.078108
50,0,113,1.078108
50,0,114,1.078108
50,0,115,1.078108
50,0,116,1.078108
50,0,117,1.078108
50,0,118,1.078108
50,0,119,1.078108
50,0,120,1.078108
50,0,121,1.078108
50,0,122,1.078108
50,0,123,1.078108
50,0,124,1.078108
50,0,125,1.078108
50,0,126,1.078108
50,0,127,1.078108
50,0,128,1.078108
50,0,129,1.078108
50,0,130,1.078108
50,0,131,1.078108
50,0,132,1.078108
50,0,133,1.078108
50,0,134,1.078108
50,0,135,1.078108
50,0,136,1.078108
50,0,137,1.078108
50,0,138,1.078108
50,0,139,1.078108
50,0,140,1.078108
50,0,141,1.078108
50,0,142,1.078108
50,0,143,1.078108
50,0,144,1.078108
50,0,145,1.078108
50,0,146,1.078108
50,0,147,1.078108
50,0,148,1.078108
50,0,149,1.078108
50,0,150,1.078108
50,0,151,1.078108
50,0,152,1.078108
50,0,153,1.078108
50,0,154,1.078108
50,0,155,1.078108
50,0,156,1.078108
50,0,157,1.078108
50,0,158,1.078108
50,0,159,1.078108
50,0,160,1.078108
50,0,161,1.078108
50,0,162,1.085107
50,0,163,1.193585
50,0,164,1.253773
50,0,165,1.253773
50,0,166,1.253773
50,0,167,1.253773
50,0,168,1.253773
50,0,169,1.253773
50,0,170,1.253773
50,0,171,1.253773
50,0,172,1.253773
50,0,173,1.253773
50,0,174,1.253773
50,0,175,1.253773
50,0,176,1.253773
50,0,177,1.253773
50,0,178,1.253773
50,0,179,1.253773
50,0,180,1.468304
50,0,181,2.320930
50,0,182,2.634476
50,0,183,2.634476
50,0,184,2.634476
50,0,185,2.634476
50,0,186,2.634476
50,0,187,2.634476
50,0,188,2.634476
50,0,189,2.634476
50,0,190,2.634476
50,0,191,2.634476
50,0,192,2.634476
50,0,193,2.634476
50,0,194,2.634476
50,0,195,2.634476
50,0,196,2.634476
50,0,197,2.634476
50,0,198,2.634476
50,0,199,2.634476
50,0,200,2.634476
50,0,201,2.634476
50,0,202,2.634476
50,0,203,2.634476
50,0,204,2.634476
50,0,205,2.634476
50,0,206,2.634476
50,0,207,2.634476
50,0,208,2.634476
50,0,209,2.634476
50,0,210,2.634476
50,0,211,2.634476
50,0,212,2.634476
50,0,213,2.634476
50,0,214,2.634476
50,0,215,2.634476
50,0,216,2.634476
50,0,217,2.634476
50,0,218,2.634476
50,0,219,2.634476
50,0,220,2.634476
50,0,221,2.634476
50,0,222,2.634476
50,0,223,2.634476
50,0,224,2.634476
50,0,225,2.634476
50,0,226,2.634476
50,0,227,2.634476
50,0,228,2.634476
50,0,229,2.634476
50,0,230,2.634476
50,0,231,2.634476
50,0,232,2.634476
50,0,233,2.634476
50,0,234,2.451976
50,0,235,2.270925
50,0,236,2.270925
50,0,237,2.270925
50,0,238,2.270925
50,0,239,2.270925
50,0,240,2.484204
50,0,241,3.119942
50,0,242,3.300409
50,0,243,3.300409
50,0,244,3.300409
50,0,245,3.300409
50,0,246,3.300409
50,0,247,3.300409
50,0,248,3.220741
50,0,249,2.886998
50,0,250,2.759961
50,0,251,2.759961
51,0,0,1.000000
51,0,1,1.000000
51,0,2,1.000000
51,0,3,1.000000
51,0,4,1.000000
51,0,5,1.000000
51,0,6,1.000000
51,0,7,1.000000
51,0,8,1.000000
51,0,9,1.000000
51,0,10,1.000000
51,0,11,1.000000
51,0,12,1.000000
51,0,13,0.855143
51,0,14,0.715944
51,0,15,0.715944
51,0,16,0.715944
51,0,17,0.715944
51,0,18,0.715944
51,0,19,0.715944
51,0,20,0.715944
51,0,21,0.715944
51,0,22,0.715944
51,0,23,0.715944
51,0,24,0.715944
51,0,25,0.715944
51,0,26,0.715944
51,0,27,0.715944
51,0,28,0.715944
51,0,29,0.715944
51,0,30,0.843115
51,0,31,1.065281
51,0,32,1.100521
51,0,33,1.100521
51,0,34,1.100521
51,0,35,1.100521
51,0,36,1.100521
51,0,37,1.100521
51,0,38,1.100521
51,0,39,1.100521
51,0,40,1.163478
51,0,41,1.501581
51,0,42,1.685788
51,0,43,1.685788
51,0,44,1.643752
51,0,45,1.585702
51,0,46,1.585302
51,0,47,1.585302
51,0,48,1.585302
51,0,49,1.585302
51,0,50,1.585302
51,0,51,1.585302
51,0,52,1.585302
51,0,53,1.585302
51,0,54,1.585302
51,0,55,1.585302
51,0,56,1.585302
51,0,57,1.585302
51,0,58,1.585302
51,0,59,1.585302
51,0,60,1.585302
51,0,61,1.585302
51,0,62,1.585302
51,0,63,1.585302
51,0,64,1.585302
51,0,65,1.585302
51,0,66,1.585302
51,0,67,1.585302
51,0,68,1.585302
51,0,69,1.585302
51,0,70,1.585302
51,0,71,1.585302
51,0,72,1.585302
51,0,73,1.585302
51,0,74,1.585302
51,0,75,1.708524
51,0,76,1.926418
51,0,77,1.962483
51,0,78,1.962483
51,0,79,1.962483
51,0,80,1.962483
51,0,81,1.962483
51,0,82,1.962483
51,0,83,1.962483
51,0,84,1.962483
51,0,85,1.962483
51,0,86,1.962483
51,0,87,1.962483
51,0,88,1.962483
51,0,89,1.962483
51,0,90,1.962483
51,0,91,1.962483
51,0,92,1.962483
51,0,93,1.962483
51,0,94,1.962483
51,0,95,1.962483
51,0,96,1.962483
51,0,97,1.962483
51,0,98,1.962483
51,0,99,1.962483
51,0,100,1.962483
51,0,101,1.962483
51,0,102,1.962483
51,0,103,1.962483
51,0,104,1.962483
51,0,105,1.962483
51,0,106,1.962483
51,0,107,1.962483
51,0,108,1.962483
51,0,109,1.962483
51,0,110,1.962483
51,0,111,1.962483
51,0,112,1.962483
51,0,113,1.962483
51,0,114,1.962483
51,0,115,1.962483
51,0,116,1.962483
51,0,117,1.962483
51,0,118,1.962483
51,0,119,1.962483
51,0,120,1.962483
51,0,121,1.962483
51,0,122,1.962483
51,0,123,1.962483
51,0,124,1.962483
51,0,125,1.962483
51,0,126,1.962483
51,0,127,1.962483
51,0,128,1.962483
51,0,129,1.962483
51,0,130,1.962483
51,0,131,1.962483
51,0,132,1.962483
51,0,133,1.962483
51,0,134,1.962483
51,0,135,1.962483
51,0,136,1.962483
51,0,137,1.962483
51,0,138,1.962483
51,0,139,1.962483
51,0,140,1.962483
51,0,141,1.962483
51,0,142,1.962483
51,0,143,1.962483
51,0,144,1.962483
51,0,145,1.962483
51,0,146,1.962483
51,0,147,1.962483
51,0,148,1.962483
51,0,149,1.962483
51,0,150,1.962483
51,0,151,2.009048
51,0,152,2.125461
51,0,153,2.163997
51,0,154,2.163997
51,0,155,2.163997
51,0,156,2.163997
51,0,157,2.163997
51,0,158,2.163997
51,0,159,2.163997
51,0,160,2.163997
51,0,161,2.163997
51,0,162,2.163997
51,0,163,2.163997
51,0,164,2.163997
51,0,165,2.163997
51,0,166,2.163997
51,0,167,2.163997
51,0,168,2.182108
51,0,169,2.384120
51,0,170,2.578002
51,0,171,2.757345
51,0,172,2.824135
51,0,173,2.824135
51,0,174,2.824135
51,0,175,2.824135
51,0,176,2.824135
51,0,177,2.824135
51,0,178,2.824135
51,0,179,2.824135
51,0,180,2.824135
51,0,181,2.824135
51,0,182,2.824135
51,0,183,2.824135
51,0,184,2.824135
51,0,185,2.824135
51,0,186,2.824135
51,0,187,2.824135
51,0,188,2.824135
51,0,189,2.824135
51,0,190,2.824135
51,0,191,2.824135
51,0,192,2.824135
51,0,193,2.824135
51,0,194,2.824135
51,0,195,2.824135
51,0,196,2.824135
51,0,197,2.824135
51,0,198,2.824135
51,0,199,2.824135
51,0,200,2.824135
51,0,201,2.824135
51,0,202,2.824135
51,0,203,2.824135
51,0,204,2.824135
51,0,205,2.824135
51,0,206,2.824135
51,0,207,2.824135
51,0,208,2.824135
51,0,209,2.824135
51,0,210,2.824135
51,0,211,2.824135
51,0,212,2.824135
51,0,213,2.824135
51,0,214,2.824135
51,0,215,2.824135
51,0,216,2.824135
51,0,217,2.824135
51,0,218,2.824135
51,0,219,2.824135
51,0,220,2.824135
51,0,221,2.824135
51,0,222,2.824135
51,0,223,2.824135
51,0,224,2.824135
51,0,225,2.824135
51,0,226,2.824135
51,0,227,2.824135
51,0,228,2.824135
51,0,229,2.824135
51,0,230,2.824135
51,0,231,2.824135
51,0,232,2.824135
51,0,233,2.824135
51,0,234,2.824135
51,0,235,2.824135
51,0,236,2.824135
51,0,237,2.824135
51,0,238,2.824135
51,0,239,2.824135
51,0,240,2.824135
51,0,241,2.824135
51,0,242,2.824135
51,0,243,2.824135
51,0,244,2.824135
51,0,245,2.824135
51,0,246,2.824135
51,0,247,2.824135
51,0,248,2.824135
51,0,249,2.824135
51,0,250,2.750236
51,0,251,2.649147
52,0,0,1.000000
52,0,1,1.000000
52,0,2,0.933215
52,0,3,0.844080
52,0,4,0.946058
52,0,5,1.032905
52,0,6,1.092078
52,0,7,1.092078
52,0,8,1.092078
52,0,9,1.092078
52,0,10,1.092078
52,0,11,1.092078
52,0,12,1.092078
52,0,13,1.092078
52,0,14,1.092078
52,0,15,1.346923
52,0,16,1.648306
52,0,17,1.648306
52,0,18,1.648306
52,0,19,1.648306
52,0,20,1.648306
52,0,21,1.648306
52,0,22,1.648306
52,0,23,1.648306
52,0,24,1.648306
52,0,25,1.648306
52,0,26,1.648306
52,0,27,1.648306
52,0,28,1.648306
52,0,29,1.648306
52,0,30,1.648306
52,0,31,1.648306
52,0,32,1.648306
52,0,33,1.648306
52,0,34,1.648306
52,0,35,1.648306
52,0,36,1.648306
52,0,37,1.648306
52,0,38,1.648306
52,0,39,1.648306
52,0,40,1.648306
52,0,41,1.648306
52,0,42,1.648306
52,0,43,1.648306
52,0,44,1.648306
52,0,45,1.648306
52,0,46,1.648306
52,0,47,1.648306
52,0,48,1.648306
52,0,49,1.648306
52,0,50,1.648306
52,0,51,1.797320
52,0,52,1.849499
52,0,53,1.669115
52,0,54,1.656745
52,0,55,1.656745
52,0,56,1.656745
52,0,57,1.656745
52,0,58,1.656745
52,0,59,1.656745
52,0,60,1.656745
52,0,61,1.656745
52,0,62,1.656745
52,0,63,1.656745
52,0,64,1.656745
52,0,65,1.656745
52,0,66,1.656745
52,0,67,1.656745
52,0,68,1.656745
52,0,69,1.657212
52,0,70,1.660239
52,0,71,1.661086
52,0,72,1.661086
52,0,73,1.661086
52,0,74,1.661086
52,0,75,1.661086
52,0,76,1.661086
52,0,77,1.661086
52,0,78,1.661086
52,0,79,1.661086
52,0,80,1.661086
52,0,81,1.661086
52,0,82,1.661086
52,0,83,1.661086
52,0,84,1.661086
52,0,85,1.661086
52,0,86,1.661086
52,0,87,1.661086
52,0,88,1.661086
52,0,89,1.661086
52,0,90,1.661086
52,0,91,1.661086
52,0,92,1.661086
52,0,93,1.661086
52,0,94,1.661086
52,0,95,1.661086
52,0,96,1.661086
52,0,97,1.661086
52,0,98,1.661086
52,0,99,1.661086
52,0,100,1.661086
52,0,101,1.661086
52,0,102,1.661086
52,0,103,1.661086
52,0,104,1.661086
52,0,105,1.661086
52,0,106,1.661086
52,0,107,1.661086
52,0,108,1.661086
52,0,109,1.661086
52,0,110,1.661086
52,0,111,1.661086
52,0,112,1.661086
52,0,113,1.661086
52,0,114,1.661086
52,0,115,1.661086
52,0,116,1.661086
52,0,117,1.661086
52,0,118,1.661086
52,0,119,1.661086
52,0,120,1.661086
52,0,121,1.661086
52,0,122,1.661086
52,0,123,1.661086
52,0,124,1.661086
52,0,125,1.661086
52,0,126,1.661086
52,0,127,1.661086
52,0,128,1.661086
52,0,129,1.661086
52,0,130,1.661086
52,0,131,1.661086
52,0,132,1.661086
52,0,133,1.661086
52,0,134,1.661086
52,0,135,1.661086
52,0,136,1.661086
52,0,137,1.661086
52,0,138,1.661086
52,0,139,1.661086
52,0,140,1.661086
52,0,141,1.661086
52,0,142,1.661086
52,0,143,1.661086
52,0,144,1.661086
52,0,145,1.661086
52,0,146,1.661086
52,0,147,1.661086
52,0,148,1.661086
52,0,149,1.661086
52,0,150,1.661086
52,0,151,1.661086
52,0,152,1.661086
52,0,153,1.661086
52,0,154,1.661086
52,0,155,1.661086
52,0,156,1.661086
52,0,157,1.661086
52,0,158,1.661086
52,0,159,1.661086
52,0,160,1.661086
52,0,161,1.661086
52,0,162,1.661086
52,0,163,1.661086
52,0,164,1.661086
52,0,165,1.661086
52,0,166,1.661086
52,0,167,1.661086
52,0,168,1.661086
52,0,169,1.661086
52,0,170,1.661086
52,0,171,1.661086
52,0,172,1.661086
52,0,173,1.661086
52,0,174,1.661086
52,0,175,1.661086
52,0,176,1.661086
52,0,177,1.661086
52,0,178,1.661086
52,0,179,1.661086
52,0,180,1.661086
52,0,181,1.661086
52,0,182,1.661086
52,0,183,1.661086
52,0,184,1.661086
52,0,185,1.661086
52,0,186,1.661086
52,0,187,1.661086
52,0,188,1.661086
52,0,189,1.661086
52,0,190,1.661086
52,0,191,1.661086
52,0,192,1.661086
52,0,193,1.661086
52,0,194,1.661086
52,0,195,1.661086
52,0,196,1.661086
52,0,197,1.661086
52,0,198,1.661086
52,0,199,1.661086
52,0,200,1.661086
52,0,201,1.661086
52,0,202,1.661086
52,0,203,1.661086
52,0,204,1.661086
52,0,205,1.661086
52,0,206,1.661086
52,0,207,1.661086
52,0,208,1.661086
52,0,209,1.661086
52,0,210,1.661086
52,0,211,1.661086
52,0,212,1.661086
52,0,213,1.661086
52,0,214,1.661086
52,0,215,1.661086
52,0,216,1.661086
52,0,217,1.661086
52,0,218,1.661086
52,0,219,1.661086
52,0,220,1.661086
52,0,221,1.661086
52,0,222,1.661086
52,0,223,1.661086
52,0,224,1.661086
52,0,225,1.661086
52,0,226,1.661086
52,0,227,1.661086
52,0,228,1.661086
52,0,229,1.661086
52,0,230,1.661086
52,0,231,1.661086
52,0,232,1.661086
52,0,233,1.661086
52,0,234,1.661086
52,0,235,1.661086
52,0,236,1.661086
52,0,237,1.661086
52,0,238,1.661086
52,0,239,1.661086
52,0,240,1.661086
52,0,241,1.661086
52,0,242,1.661086
52,0,243,1.661086
52,0,244,1.661086
52,0,245,1.661086
52,0,246,1.661086
52,0,247,1.661086
52,0,248,1.661086
52,0,249,1.661086
52,0,250,1.661086
52,0,251,1.661086
53,0,0,1.000000
53,0,1,1.000000
53,0,2,0.979152
53,0,3,0.929678
53,0,4,0.921899
53,0,5,0.921899
53,0,6,0.921899
53,0,7,0.921899
53,0,8,0.921899
53,0,9,0.921899
53,0,10,0.921899
53,0,11,0.921899
53,0,12,0.921899
53,0,13,0.921899
53,0,14,0.921899
53,0,15,0.921899
53,0,16,0.921899
53,0,17,0.921899
53,0,18,0.921899
53,0,19,0.921899
53,0,20,0.921899
53,0,21,0.921899
53,0,22,0.921899
53,0,23,0.894465
53,0,24,0.834025
53,0,25,0.710190
53,0,26,0.678258
53,0,27,0.704624
53,0,28,0.865863
53,0,29,0.932793
53,0,30,0.932793
53,0,31,0.932793
53,0,32,0.932793
53,0,33,0.932793
53,0,34,0.932793
53,0,35,0.932793
53,0,36,0.932793
53,0,37,0.932793
53,0,38,0.932793
53,0,39,0.932793
53,0,40,0.932793
53,0,41,0.932793
53,0,42,0.932793
53,0,43,0.932793
53,0,44,0.932793
53,0,45,0.932793
53,0,46,0.932793
53,0,47,0.932793
53,0,48,0.932793
53,0,49,0.932793
53,0,50,0.932793
53,0,51,1.003230
53,0,52,1.148679
53,0,53,1.162401
53,0,54,1.162401
53,0,55,1.162401
53,0,56,1.314312
53,0,57,1.482818
53,0,58,1.482818
53,0,59,1.482818
53,0,60,1.482818
53,0,61,1.482818
53,0,62,1.482818
53,0,63,1.482818
53,0,64,1.482818
53,0,65,1.482818
53,0,66,1.482818
53,0,67,1.482818
53,0,68,1.482818
53,0,69,1.482818
53,0,70,1.482818
53,0,71,1.482818
53,0,72,1.482818
53,0,73,1.482818
53,0,74,1.482818
53,0,75,1.482818
53,0,76,1.482818
53,0,77,1.482818
53,0,78,1.482818
53,0,79,1.482818
53,0,80,1.482818
53,0,81,1.482818
53,0,82,1.482818
53,0,83,1.482818
53,0,84,1.482818
53,0,85,1.482818
53,0,86,1.482818
53,0,87,1.482818
53,0,88,1.482818
53,0,89,1.482818
53,0,90,1.482818
53,0,91,1.482818
53,0,92,1.482818
53,0,93,1.482818
53,0,94,1.482818
53,0,95,1.458436
53,0,96,1.372285
53,0,97,1.346819
53,0,98,1.346819
53,0,99,1.346819
53,0,100,1.346819
53,0,101,1.346819
53,0,102,1.346819
53,0,103,1.346819
53,0,104,1.346819
53,0,105,1.346819
53,0,106,1.346819
53,0,107,1.346819
53,0,108,1.346819
53,0,109,1.346819
53,0,110,1.346819
53,0,111,1.346819
53,0,112,1.346819
53,0,113,1.346819
53,0,114,1.346819
53,0,115,1.346819
53,0,116,1.346819
53,0,117,1.346819
53,0,118,1.346819
53,0,119,1.346819
53,0,120,1.346819
53,0,121,1.346819
53,0,122,1.346819
53,0,123,1.346819
53,0,124,1.346819
53,0,125,1.346819
53,0,126,1.346819
53,0,127,1.346819
53,0,128,1.346819
53,0,129,1.346819
53,0,130,1.346819
53,0,131,1.346819
53,0,132,1.346819
53,0,133,1.346819
53,0,134,1.346819
53,0,135,1.346819
53,0,136,1.346819
53,0,137,1.346819
53,0,138,1.346819
53,0,139,1.346819
53,0,140,1.346819
53,0,141,1.346819
53,0,142,1.346819
53,0,143,1.346819
53,0,144,1.346819
53,0,145,1.346819
53,0,146,1.346819
53,0,147,1.346819
53,0,148,1.346819
53,0,149,1.346819
53,0,150,1.346819
53,0,151,1.346819
53,0,152,1.346819
53,0,153,1.346819
53,0,154,1.346819
53,0,155,1.346819
53,0,156,1.346819
53,0,157,1.346819
53,0,158,1.346819
53,0,159,1.346819
53,0,160,1.346819
53,0,161,1.346819
53,0,162,1.346819
53,0,163,1.346819
53,0,164,1.346819
53,0,165,1.346819
53,0,166,1.346819
53,0,167,1.346819
53,0,168,1.346819
53,0,169,1.346819
53,0,170,1.346819
53,0,171,1.346819
53,0,172,1.346819
53,0,173,1.346819
53,0,174,1.346819
53,0,175,1.346819
53,0,176,1.346819
53,0,177,1.346819
53,0,178,1.346819
53,0,179,1.346819
53,0,180,1.346819
53,0,181,1.346819
53,0,182,1.346819
53,0,183,1.346819
53,0,184,1.346819
53,0,185,1.346819
53,0,186,1.346819
53,0,187,1.346819
53,0,188,1.346819
53,0,189,1.346819
53,0,190,1.346819
53,0,191,1.346819
53,0,192,1.346819
53,0,193,1.346819
53,0,194,1.346819
53,0,195,1.346819
53,0,196,1.346819
53,0,197,1.346819
53,0,198,1.346819
53,0,199,1.346819
53,0,200,1.346819
53,0,201,1.346819
53,0,202,1.346819
53,0,203,1.346819
53,0,204,1.346819
53,0,205,1.346819
53,0,206,1.346819
53,0,207,1.346819
53,0,208,1.346819
53,0,209,1.346819
53,0,210,1.346819
53,0,211,1.346819
53,0,212,1.346819
53,0,213,1.346819
53,0,214,1.346819
53,0,215,1.346819
53,0,216,1.346819
53,0,217,1.346819
53,0,218,1.346819
53,0,219,1.346819
53,0,220,1.343153
53,0,221,1.336748
53,0,222,1.336707
53,0,223,1.336707
53,0,224,1.336707
53,0,225,1.336707
53,0,226,1.336707
53,0,227,1.336707
53,0,228,1.336707
53,0,229,1.336707
53,0,230,1.336707
53,0,231,1.336707
53,0,232,1.336707
53,0,233,1.336707
53,0,234,1.336707
53,0,235,1.336707
53,0,236,1.336707
53,0,237,1.336707
53,0,238,1.336707
53,0,239,1.336707
53,0,240,1.336707
53,0,241,1.336707
53,0,242,1.336707
53,0,243,1.336707
53,0,244,1.336707
53,0,245,1.336707
53,0,246,1.336707
53,0,247,1.336707
53,0,248,1.336707
53,0,249,1.336707
53,0,250,1.342040
53,0,251,1.351255
