universe,window,bar_idx,equity
0,0,0,1.000000
0,0,1,1.000000
0,0,2,1.000000
0,0,3,1.000000
0,0,4,1.043589
0,0,5,1.132636
0,0,6,1.156298
0,0,7,1.156298
0,0,8,1.156298
0,0,9,1.156298
0,0,10,1.156298
0,0,11,1.156298
0,0,12,1.156298
0,0,13,1.156298
0,0,14,1.156298
0,0,15,1.156298
0,0,16,1.156298
0,0,17,1.156298
0,0,18,1.156298
0,0,19,1.156298
0,0,20,1.156298
0,0,21,1.156298
0,0,22,1.156298
0,0,23,1.156298
0,0,24,1.156298
0,0,25,1.156298
0,0,26,1.156298
0,0,27,0.990473
0,0,28,0.743464
0,0,29,0.722735
0,0,30,0.722735
0,0,31,0.722735
0,0,32,0.722735
0,0,33,0.722735
0,0,34,0.722735
0,0,35,0.722735
0,0,36,0.722735
0,0,37,0.722735
0,0,38,0.722735
0,0,39,0.722735
0,0,40,0.722735
0,0,41,0.722735
0,0,42,0.722735
0,0,43,0.722735
0,0,44,0.722735
0,0,45,0.722735
0,0,46,0.722735
0,0,47,0.722735
0,0,48,0.722735
0,0,49,0.722735
0,0,50,0.722735
0,0,51,0.722735
0,0,52,0.722735
0,0,53,0.722735
0,0,54,0.722735
0,0,55,0.722735
0,0,56,0.722735
0,0,57,0.722735
0,0,58,0.722735
0,0,59,0.722735
0,0,60,0.722735
0,0,61,0.722735
0,0,62,0.722735
0,0,63,0.722735
0,0,64,0.722735
0,0,65,0.722735
0,0,66,0.722735
0,0,67,0.722735
0,0,68,0.722735
0,0,69,0.722735
0,0,70,0.722735
0,0,71,0.722735
0,0,72,0.722735
0,0,73,0.722735
0,0,74,0.722735
0,0,75,0.722735
0,0,76,0.722735
0,0,77,0.722735
0,0,78,0.722735
0,0,79,0.722735
0,0,80,0.722735
0,0,81,0.722735
0,0,82,0.722735
0,0,83,0.722735
0,0,84,0.722735
0,0,85,0.722735
0,0,86,0.722735
0,0,87,0.722735
0,0,88,0.722735
0,0,89,0.722735
0,0,90,0.722735
0,0,91,0.722735
0,0,92,0.722735
0,0,93,0.722735
0,0,94,0.722735
0,0,95,0.722735
0,0,96,0.722735
0,0,97,0.722735
0,0,98,0.722735
0,0,99,0.722735
0,0,100,0.722735
0,0,101,0.718395
0,0,102,0.714726
0,0,103,0.714726
0,0,104,0.714726
0,0,105,0.714726
0,0,106,0.714726
0,0,107,0.714726
0,0,108,0.714726
0,0,109,0.714726
0,0,110,0.714726
0,0,111,0.714726
0,0,112,0.714726
0,0,113,0.714726
0,0,114,0.714726
0,0,115,0.648829
0,0,116,0.587494
0,0,117,0.587494
0,0,118,0.587494
0,0,119,0.587494
0,0,120,0.587494
0,0,121,0.587494
0,0,122,0.587494
0,0,123,0.587494
0,0,124,0.587494
0,0,125,0.587494
0,0,126,0.587494
0,0,127,0.587494
0,0,128,0.587494
0,0,129,0.587494
0,0,130,0.585811
0,0,131,0.570768
0,0,132,0.561090
0,0,133,0.561090
0,0,134,0.561090
0,0,135,0.561090
0,0,136,0.561090
0,0,137,0.580595
0,0,138,0.795155
0,0,139,1.141351
0,0,140,1.748076
0,0,141,2.002646
0,0,142,2.002646
0,0,143,2.002646
0,0,144,2.002646
0,0,145,2.002646
0,0,146,2.002646
0,0,147,2.002646
0,0,148,2.002646
0,0,149,2.002646
0,0,150,2.002646
0,0,151,2.002646
0,0,152,2.002646
0,0,153,2.002646
0,0,154,2.002646
0,0,155,2.002646
0,0,156,2.002646
0,0,157,2.002646
0,0,158,2.002646
0,0,159,2.002646
0,0,160,2.002646
0,0,161,2.002646
0,0,162,2.002646
0,0,163,2.002646
0,0,164,2.002646
0,0,165,2.002646
0,0,166,2.002646
0,0,167,2.002646
0,0,168,2.002646
0,0,169,2.002646
0,0,170,2.002646
0,0,171,2.002646
0,0,172,2.002646
0,0,173,2.002646
0,0,174,1.965796
0,0,175,1.806112
0,0,176,1.722362
0,0,177,1.722362
0,0,178,1.722362
0,0,179,1.722362
0,0,180,1.722362
0,0,181,1.729468
0,0,182,1.763338
0,0,183,1.781813
0,0,184,1.781813
0,0,185,1.781813
0,0,186,1.781813
0,0,187,1.781813
0,0,188,1.781813
0,0,189,1.781813
0,0,190,1.781813
0,0,191,1.781813
0,0,192,1.781813
0,0,193,1.781813
0,0,194,1.781813
0,0,195,1.781813
0,0,196,1.781813
0,0,197,1.781813
0,0,198,1.781813
0,0,199,1.781813
0,0,200,1.781813
0,0,201,1.781813
0,0,202,1.781813
0,0,203,1.781813
0,0,204,1.742071
0,0,205,1.640587
0,0,206,1.603683
0,0,207,1.603683
0,0,208,1.688800
0,0,209,1.773242
0,0,210,1.773242
0,0,211,1.773242
0,0,212,1.773242
0,0,213,1.773242
0,0,214,1.773242
0,0,215,1.773242
0,0,216,1.773242
0,0,217,1.773242
0,0,218,1.773242
0,0,219,1.773242
0,0,220,1.773242
0,0,221,1.773242
0,0,222,1.773242
0,0,223,1.773242
0,0,224,1.773242
0,0,225,1.773242
0,0,226,1.773242
0,0,227,1.773242
0,0,228,1.773242
0,0,229,1.773242
0,0,230,1.773242
0,0,231,1.773242
0,0,232,1.773242
0,0,233,1.773242
0,0,234,1.773242
0,0,235,1.773242
0,0,236,1.773242
0,0,237,1.773242
0,0,238,1.773242
0,0,239,1.773242
0,0,240,1.773242
0,0,241,1.773242
0,0,242,1.773242
0,0,243,1.773242
0,0,244,1.773242
0,0,245,1.773242
0,0,246,1.773242
0,0,247,1.773242
0,0,248,1.773242
0,0,249,1.773242
0,0,250,1.748986
0,0,251,1.716868
1,0,0,1.000000
1,0,1,1.032777
1,0,2,1.055966
1,0,3,1.055966
1,0,4,1.055966
1,0,5,1.055966
1,0,6,1.055966
1,0,7,1.055966
1,0,8,1.055966
1,0,9,1.055966
1,0,10,1.055966
1,0,11,1.055966
1,0,12,1.055966
1,0,13,1.055966
1,0,14,1.055966
1,0,15,1.055966
1,0,16,1.055966
1,0,17,1.055966
1,0,18,1.055966
1,0,19,1.055966
1,0,20,1.055966
1,0,21,1.055966
1,0,22,1.055966
1,0,23,1.055966
1,0,24,1.055966
1,0,25,1.055966
1,0,26,1.055966
1,0,27,1.055966
1,0,28,1.055966
1,0,29,1.055966
1,0,30,1.055966
1,0,31,1.055966
1,0,32,1.055966
1,0,33,1.055966
1,0,34,1.055966
1,0,35,1.055966
1,0,36,1.055966
1,0,37,1.055966
1,0,38,1.055966
1,0,39,1.055966
1,0,40,1.055966
1,0,41,1.055966
1,0,42,1.055966
1,0,43,1.055966
1,0,44,1.055966
1,0,45,1.055966
1,0,46,1.055966
1,0,47,1.055966
1,0,48,1.055966
1,0,49,1.055966
1,0,50,1.055966
1,0,51,1.055966
1,0,52,1.055966
1,0,53,1.055966
1,0,54,1.055966
1,0,55,1.055966
1,0,56,1.055966
1,0,57,1.055966
1,0,58,1.055966
1,0,59,1.055966
1,0,60,1.055966
1,0,61,1.055966
1,0,62,1.055966
1,0,63,1.055966
1,0,64,1.055966
1,0,65,1.051173
1,0,66,1.009724
1,0,67,0.985193
1,0,68,0.985193
1,0,69,0.985193
1,0,70,0.985193
1,0,71,0.985193
1,0,72,0.985193
1,0,73,0.985193
1,0,74,0.985193
1,0,75,0.985193
1,0,76,0.985193
1,0,77,0.985193
1,0,78,0.985193
1,0,79,0.985193
1,0,80,0.985193
1,0,81,0.985193
1,0,82,0.985193
1,0,83,0.985193
1,0,84,0.985193
1,0,85,0.985193
1,0,86,0.985193
1,0,87,0.985193
1,0,88,0.985193
1,0,89,0.985193
1,0,90,0.985193
1,0,91,0.985193
1,0,92,0.985193
1,0,93,0.985193
1,0,94,0.985193
1,0,95,0.985193
1,0,96,0.985193
1,0,97,0.985193
1,0,98,0.985193
1,0,99,0.985193
1,0,100,0.985193
1,0,101,0.985193
1,0,102,0.985193
1,0,103,0.985193
1,0,104,0.985193
1,0,105,0.985193
1,0,106,0.985193
1,0,107,0.985193
1,0,108,1.048921
1,0,109,1.197617
1,0,110,1.239091
1,0,111,1.239091
1,0,112,1.239091
1,0,113,1.239091
1,0,114,1.239091
1,0,115,1.239091
1,0,116,1.239091
1,0,117,1.239091
1,0,118,1.239091
1,0,119,1.239091
1,0,120,1.239091
1,0,121,1.239091
1,0,122,1.239091
1,0,123,1.222895
1,0,124,0.958361
1,0,125,0.787403
1,0,126,0.787403
1,0,127,0.787403
1,0,128,0.787403
1,0,129,0.759204
1,0,130,0.736113
1,0,131,0.736113
1,0,132,0.736113
1,0,133,0.736113
1,0,134,0.736113
1,0,135,0.736113
1,0,136,0.736113
1,0,137,0.736113
1,0,138,0.736113
1,0,139,0.736113
1,0,140,0.736113
1,0,141,0.736113
1,0,142,0.736113
1,0,143,0.736113
1,0,144,0.736113
1,0,145,0.736113
1,0,146,0.736113
1,0,147,0.736113
1,0,148,0.736113
1,0,149,0.736113
1,0,150,0.736113
1,0,151,0.736113
1,0,152,0.736113
1,0,153,0.736113
1,0,154,0.736113
1,0,155,0.736113
1,0,156,0.736113
1,0,157,0.736113
1,0,158,0.736113
1,0,159,0.736113
1,0,160,0.736113
1,0,161,0.736113
1,0,162,0.736113
1,0,163,0.736113
1,0,164,0.736113
1,0,165,0.736113
1,0,166,0.736113
1,0,167,0.736113
1,0,168,0.736113
1,0,169,0.736113
1,0,170,0.736113
1,0,171,0.736113
1,0,172,0.736113
1,0,173,0.736113
1,0,174,0.736113
1,0,175,0.718281
1,0,176,0.699725
1,0,177,0.699725
1,0,178,0.699725
1,0,179,0.699725
1,0,180,1.518531
1,0,181,2.657063
1,0,182,2.657063
1,0,183,2.617271
1,0,184,2.484329
1,0,185,2.430067
1,0,186,2.430067
1,0,187,2.086660
1,0,188,1.767026
1,0,189,1.767026
1,0,190,1.767026
1,0,191,1.767026
1,0,192,1.767026
1,0,193,1.767026
1,0,194,1.767026
1,0,195,1.767026
1,0,196,1.767026
1,0,197,1.767026
1,0,198,1.767026
1,0,199,1.767026
1,0,200,1.767026
1,0,201,1.767026
1,0,202,1.767026
1,0,203,1.767026
1,0,204,1.767026
1,0,205,1.767026
1,0,206,1.767026
1,0,207,1.767026
1,0,208,1.767026
1,0,209,1.767026
1,0,210,1.767026
1,0,211,1.767026
1,0,212,1.767026
1,0,213,1.767026
1,0,214,1.767026
1,0,215,1.767026
1,0,216,1.767026
1,0,217,1.767026
1,0,218,1.767026
1,0,219,1.767026
1,0,220,1.767026
1,0,221,1.767026
1,0,222,1.767026
1,0,223,1.767026
1,0,224,1.767026
1,0,225,1.767026
1,0,226,1.767026
1,0,227,1.767026
1,0,228,1.767026
1,0,229,1.791861
1,0,230,1.917745
1,0,231,1.981971
1,0,232,1.981971
1,0,233,1.981971
1,0,234,1.981971
1,0,235,1.981971
1,0,236,1.981971
1,0,237,1.981971
1,0,238,1.981971
1,0,239,1.981971
1,0,240,1.981971
1,0,241,1.981971
1,0,242,1.981971
1,0,243,1.981971
1,0,244,1.981971
1,0,245,2.031054
1,0,246,2.082954
1,0,247,2.082954
1,0,248,2.046627
1,0,249,1.959085
1,0,250,1.933477
1,0,251,1.933477
2,0,0,1.000000
2,0,1,1.000000
2,0,2,1.000000
2,0,3,1.000000
2,0,4,1.000000
2,0,5,1.000000
2,0,6,1.000000
2,0,7,1.000000
2,0,8,1.000000
2,0,9,1.000000
2,0,10,1.000000
2,0,11,1.000000
2,0,12,1.000000
2,0,13,1.000000
2,0,14,0.983319
2,0,15,0.934278
2,0,16,0.916263
2,0,17,0.916263
2,0,18,0.916263
2,0,19,0.916263
2,0,20,0.916263
2,0,21,0.916263
2,0,22,0.916263
2,0,23,0.888810
2,0,24,0.857867
2,0,25,0.857867
2,0,26,0.857867
2,0,27,0.857867
2,0,28,0.857867
2,0,29,0.857867
2,0,30,0.857867
2,0,31,0.857867
2,0,32,0.857867
2,0,33,0.857867
2,0,34,0.857867
2,0,35,0.857867
2,0,36,0.857867
2,0,37,0.857867
2,0,38,0.857867
2,0,39,0.857867
2,0,40,0.876460
2,0,41,0.901482
2,0,42,0.901482
2,0,43,0.901482
2,0,44,0.901482
2,0,45,0.901482
2,0,46,0.901482
2,0,47,0.901482
2,0,48,0.901482
2,0,49,0.901482
2,0,50,0.901482
2,0,51,0.901482
2,0,52,0.880306
2,0,53,0.854857
2,0,54,0.854857
2,0,55,0.854857
2,0,56,0.854857
2,0,57,0.854857
2,0,58,0.854857
2,0,59,0.854857
2,0,60,0.854857
2,0,61,0.854857
2,0,62,0.854857
2,0,63,0.854857
2,0,64,0.854857
2,0,65,0.854857
2,0,66,0.854857
2,0,67,0.854857
2,0,68,0.854857
2,0,69,0.854857
2,0,70,0.854857
2,0,71,0.854857
2,0,72,0.854857
2,0,73,0.854857
2,0,74,0.854857
2,0,75,0.854857
2,0,76,0.854857
2,0,77,0.854857
2,0,78,0.854857
2,0,79,0.844425
2,0,80,0.821536
2,0,81,0.815774
2,0,82,0.815774
2,0,83,0.815774
2,0,84,0.815774
2,0,85,0.815774
2,0,86,0.815774
2,0,87,0.815774
2,0,88,0.815774
2,0,89,0.815774
2,0,90,0.815774
2,0,91,0.815774
2,0,92,0.815774
2,0,93,0.815774
2,0,94,0.815774
2,0,95,0.815774
2,0,96,0.815774
2,0,97,0.815774
2,0,98,0.815774
2,0,99,0.815774
2,0,100,0.815774
2,0,101,0.815774
2,0,102,0.815774
2,0,103,0.815774
2,0,104,0.815774
2,0,105,0.815774
2,0,106,0.815774
2,0,107,0.815774
2,0,108,0.815774
2,0,109,0.815774
2,0,110,0.815774
2,0,111,0.815774
2,0,112,0.815774
2,0,113,0.815774
2,0,114,0.815774
2,0,115,0.815774
2,0,116,0.815774
2,0,117,0.815774
2,0,118,0.815774
2,0,119,0.815774
2,0,120,0.815774
2,0,121,0.815774
2,0,122,0.815774
2,0,123,0.815774
2,0,124,0.815774
2,0,125,0.815774
2,0,126,0.815774
2,0,127,0.967019
2,0,128,1.201050
2,0,129,1.215378
2,0,130,1.215378
2,0,131,1.215378
2,0,132,1.215378
2,0,133,1.215378
2,0,134,1.215378
2,0,135,1.215378
2,0,136,1.215378
2,0,137,1.351722
2,0,138,1.691427
2,0,139,1.795418
2,0,140,1.795418
2,0,141,1.795418
2,0,142,1.795418
2,0,143,1.795418
2,0,144,1.795418
2,0,145,1.795418
2,0,146,1.795418
2,0,147,1.795418
2,0,148,1.795418
2,0,149,1.795418
2,0,150,1.795418
2,0,151,1.795418
2,0,152,1.795418
2,0,153,1.795418
2,0,154,1.795418
2,0,155,1.795418
2,0,156,1.795418
2,0,157,1.795418
2,0,158,1.795418
2,0,159,1.795418
2,0,160,1.795418
2,0,161,1.795418
2,0,162,1.795418
2,0,163,2.437534
2,0,164,3.184824
2,0,165,3.184824
2,0,166,3.184824
2,0,167,3.184824
2,0,168,3.184824
2,0,169,3.184824
2,0,170,2.831071
2,0,171,2.555094
2,0,172,2.555094
2,0,173,2.555094
2,0,174,2.555094
2,0,175,2.555094
2,0,176,2.555094
2,0,177,2.555094
2,0,178,2.555094
2,0,179,2.555094
2,0,180,2.555094
2,0,181,2.555094
2,0,182,2.555094
2,0,183,2.555094
2,0,184,2.555094
2,0,185,2.555094
2,0,186,2.555094
2,0,187,2.555094
2,0,188,2.555094
2,0,189,2.555094
2,0,190,2.555094
2,0,191,2.555094
2,0,192,2.555094
2,0,193,2.555094
2,0,194,2.555094
2,0,195,2.555094
2,0,196,2.555094
2,0,197,2.555094
2,0,198,2.555094
2,0,199,2.555094
2,0,200,2.555094
2,0,201,2.555094
2,0,202,2.555094
2,0,203,2.555094
2,0,204,2.555094
2,0,205,2.555094
2,0,206,2.555094
2,0,207,2.555094
2,0,208,2.555094
2,0,209,2.555094
2,0,210,2.555094
2,0,211,2.555094
2,0,212,2.555094
2,0,213,2.555094
2,0,214,2.555094
2,0,215,2.555094
2,0,216,2.555094
2,0,217,2.555094
2,0,218,2.555094
2,0,219,2.555094
2,0,220,2.555094
2,0,221,2.555094
2,0,222,2.555094
2,0,223,2.555094
2,0,224,2.555094
2,0,225,2.555094
2,0,226,2.555094
2,0,227,2.555094
2,0,228,2.555094
2,0,229,2.555094
2,0,230,2.555094
2,0,231,2.555094
2,0,232,2.555094
2,0,233,2.555094
2,0,234,2.555094
2,0,235,2.555094
2,0,236,2.555094
2,0,237,2.555094
2,0,238,2.555094
2,0,239,2.555094
2,0,240,2.555094
2,0,241,2.555094
2,0,242,2.555094
2,0,243,2.555094
2,0,244,2.555094
2,0,245,3.108932
2,0,246,3.694548
2,0,247,3.694548
2,0,248,3.547519
2,0,249,3.193202
2,0,250,2.803437
2,0,251,2.399015
3,0,0,1.000000
3,0,1,1.000000
3,0,2,1.000000
3,0,3,1.000000
3,0,4,1.000000
3,0,5,1.000000
3,0,6,1.000000
3,0,7,1.000000
3,0,8,1.000000
3,0,9,1.000000
3,0,10,1.000000
3,0,11,1.000000
3,0,12,1.000000
3,0,13,1.000000
3,0,14,1.000000
3,0,15,1.000000
3,0,16,1.000000
3,0,17,1.000000
3,0,18,0.992078
3,0,19,0.881172
3,0,20,0.770266
3,0,21,0.715944
3,0,22,0.715944
3,0,23,0.715944
3,0,24,0.722242
3,0,25,0.728879
3,0,26,0.732943
3,0,27,0.732943
3,0,28,0.732943
3,0,29,0.732943
3,0,30,0.732943
3,0,31,0.732943
3,0,32,0.732943
3,0,33,0.732943
3,0,34,0.790072
3,0,35,0.871212
3,0,36,0.950167
3,0,37,1.016004
3,0,38,1.081841
3,0,39,1.038531
3,0,40,0.916713
3,0,41,0.797380
3,0,42,0.797380
3,0,43,0.797380
3,0,44,0.797380
3,0,45,0.797380
3,0,46,0.797380
3,0,47,0.797380
3,0,48,0.797380
3,0,49,0.797380
3,0,50,0.797380
3,0,51,0.797380
3,0,52,0.797380
3,0,53,0.797380
3,0,54,0.797380
3,0,55,0.797380
3,0,56,0.797380
3,0,57,0.797380
3,0,58,0.797380
3,0,59,0.797380
3,0,60,0.797380
3,0,61,0.797380
3,0,62,0.797380
3,0,63,0.797380
3,0,64,0.797380
3,0,65,0.797380
3,0,66,0.797380
3,0,67,0.797380
3,0,68,0.797380
3,0,69,0.797380
3,0,70,0.797380
3,0,71,0.797380
3,0,72,0.803660
3,0,73,0.825637
3,0,74,0.847614
3,0,75,0.830291
3,0,76,0.798022
3,0,77,0.771021
3,0,78,0.771021
3,0,79,0.771021
3,0,80,0.771021
3,0,81,0.771021
3,0,82,0.771021
3,0,83,0.771021
3,0,84,0.771021
3,0,85,0.736356
3,0,86,0.664077
3,0,87,0.591798
3,0,88,0.585898
3,0,89,0.585898
3,0,90,0.585898
3,0,91,0.585898
3,0,92,0.585898
3,0,93,0.585898
3,0,94,0.585898
3,0,95,0.585898
3,0,96,0.585898
3,0,97,0.585898
3,0,98,0.585898
3,0,99,0.585898
3,0,100,0.585898
3,0,101,0.585898
3,0,102,0.585898
3,0,103,0.585898
3,0,104,0.585898
3,0,105,0.585898
3,0,106,0.585898
3,0,107,0.585898
3,0,108,0.585898
3,0,109,0.585898
3,0,110,0.585898
3,0,111,0.585898
3,0,112,0.585898
3,0,113,0.585898
3,0,114,0.585898
3,0,115,0.585898
3,0,116,0.585898
3,0,117,0.585898
3,0,118,0.585898
3,0,119,0.585898
3,0,120,0.585898
3,0,121,0.585898
3,0,122,0.585898
3,0,123,0.585898
3,0,124,0.585898
3,0,125,0.585898
3,0,126,0.585898
3,0,127,0.585898
3,0,128,0.585898
3,0,129,0.585898
3,0,130,0.585898
3,0,131,0.585898
3,0,132,0.585898
3,0,133,0.585898
3,0,134,0.585898
3,0,135,0.585898
3,0,136,0.585898
3,0,137,0.585898
3,0,138,0.585898
3,0,139,0.585898
3,0,140,0.585898
3,0,141,0.585898
3,0,142,0.585898
3,0,143,0.585898
3,0,144,0.585898
3,0,145,0.585898
3,0,146,0.585898
3,0,147,0.585898
3,0,148,0.585898
3,0,149,0.585898
3,0,150,0.585898
3,0,151,0.585898
3,0,152,0.622099
3,0,153,0.662877
3,0,154,0.715931
3,0,155,0.794306
3,0,156,0.872681
3,0,157,0.891075
3,0,158,0.891075
3,0,159,0.891075
3,0,160,0.891075
3,0,161,0.891075
3,0,162,0.891075
3,0,163,0.891075
3,0,164,0.892325
3,0,165,0.907643
3,0,166,0.922960
3,0,167,0.930306
3,0,168,0.930306
3,0,169,0.930306
3,0,170,0.930306
3,0,171,0.930306
3,0,172,0.930306
3,0,173,0.930306
3,0,174,0.930306
3,0,175,0.930306
3,0,176,0.930306
3,0,177,0.930306
3,0,178,0.930306
3,0,179,0.930306
3,0,180,0.930306
3,0,181,0.930306
3,0,182,0.930306
3,0,183,0.930306
3,0,184,0.930306
3,0,185,0.930306
3,0,186,0.930306
3,0,187,0.930306
3,0,188,0.930306
3,0,189,0.930306
3,0,190,0.930306
3,0,191,0.930306
3,0,192,0.930306
3,0,193,0.930306
3,0,194,0.930306
3,0,195,0.930306
3,0,196,0.930306
3,0,197,0.930306
3,0,198,0.930306
3,0,199,0.930306
3,0,200,0.907879
3,0,201,0.807973
3,0,202,0.708068
3,0,203,0.682504
3,0,204,0.694682
3,0,205,0.705618
3,0,206,0.705618
3,0,207,0.705618
3,0,208,0.705618
3,0,209,0.705618
3,0,210,0.705618
3,0,211,0.705618
3,0,212,0.705618
3,0,213,0.705618
3,0,214,0.705618
3,0,215,0.705618
3,0,216,0.705618
3,0,217,0.705618
3,0,218,0.705618
3,0,219,0.705618
3,0,220,0.705618
3,0,221,0.705618
3,0,222,0.705618
3,0,223,0.705618
3,0,224,0.705618
3,0,225,0.705618
3,0,226,0.705618
3,0,227,0.705618
3,0,228,0.705618
3,0,229,0.705618
3,0,230,0.705618
3,0,231,0.705618
3,0,232,0.705618
3,0,233,0.705618
3,0,234,0.705618
3,0,235,0.705618
3,0,236,0.705618
3,0,237,0.705618
3,0,238,0.705618
3,0,239,0.705618
3,0,240,0.705618
3,0,241,0.705618
3,0,242,0.705618
3,0,243,0.705618
3,0,244,0.705618
3,0,245,0.705618
3,0,246,0.705618
3,0,247,0.705618
3,0,248,0.705618
3,0,249,0.696038
3,0,250,0.678967
3,0,251,0.661897
4,0,0,1.000000
4,0,1,1.000000
4,0,2,1.000000
4,0,3,1.000000
4,0,4,1.000000
4,0,5,1.000000
4,0,6,1.000000
4,0,7,1.000000
4,0,8,1.000000
4,0,9,1.000000
4,0,10,1.000000
4,0,11,1.000000
4,0,12,1.000000
4,0,13,1.000000
4,0,14,1.000000
4,0,15,1.000000
4,0,16,1.087689
4,0,17,1.176079
4,0,18,1.176079
4,0,19,1.176079
4,0,20,1.176079
4,0,21,1.176079
4,0,22,1.176079
4,0,23,1.176079
4,0,24,1.176079
4,0,25,1.176079
4,0,26,1.176079
4,0,27,1.176079
4,0,28,1.176079
4,0,29,1.176079
4,0,30,1.176079
4,0,31,1.176079
4,0,32,1.176079
4,0,33,1.176079
4,0,34,1.176079
4,0,35,1.176079
4,0,36,1.176079
4,0,37,1.176079
4,0,38,1.176079
4,0,39,1.176079
4,0,40,1.176079
4,0,41,1.297197
4,0,42,1.509508
4,0,43,1.577931
4,0,44,1.617777
4,0,45,1.617777
4,0,46,1.617777
4,0,47,1.617777
4,0,48,1.617777
4,0,49,1.617777
4,0,50,1.617777
4,0,51,1.617777
4,0,52,1.617777
4,0,53,1.617777
4,0,54,1.617777
4,0,55,1.617777
4,0,56,1.617777
4,0,57,1.617777
4,0,58,1.617777
4,0,59,1.617777
4,0,60,1.617777
4,0,61,1.617777
4,0,62,1.617777
4,0,63,1.617777
4,0,64,1.617777
4,0,65,1.617777
4,0,66,1.617777
4,0,67,1.617777
4,0,68,1.617777
4,0,69,1.617777
4,0,70,1.617777
4,0,71,1.656429
4,0,72,1.812086
4,0,73,1.944815
4,0,74,2.059802
4,0,75,2.073693
4,0,76,2.073693
4,0,77,2.073693
4,0,78,2.073693
4,0,79,2.073693
4,0,80,2.073693
4,0,81,2.073693
4,0,82,2.073693
4,0,83,2.073693
4,0,84,2.073693
4,0,85,2.059338
4,0,86,2.042362
4,0,87,2.042362
4,0,88,2.042362
4,0,89,2.042362
4,0,90,2.042362
4,0,91,2.042362
4,0,92,2.042362
4,0,93,2.042362
4,0,94,2.042362
4,0,95,2.042362
4,0,96,2.042362
4,0,97,2.042362
4,0,98,2.042362
4,0,99,2.042362
4,0,100,2.042362
4,0,101,2.042362
4,0,102,2.042362
4,0,103,2.042362
4,0,104,2.042362
4,0,105,2.042362
4,0,106,2.042362
4,0,107,2.042362
4,0,108,2.042362
4,0,109,2.042362
4,0,110,2.042362
4,0,111,2.042362
4,0,112,2.042362
4,0,113,2.042362
4,0,114,2.042362
4,0,115,2.042362
4,0,116,2.042362
4,0,117,2.042362
4,0,118,2.042362
4,0,119,2.042362
4,0,120,2.042362
4,0,121,2.042362
4,0,122,2.042362
4,0,123,2.042362
4,0,124,2.042362
4,0,125,2.042362
4,0,126,2.042362
4,0,127,2.042362
4,0,128,2.042362
4,0,129,2.042362
4,0,130,2.042362
4,0,131,2.042362
4,0,132,2.042362
4,0,133,2.042362
4,0,134,2.042362
4,0,135,2.042362
4,0,136,2.042362
4,0,137,2.042362
4,0,138,2.042362
4,0,139,2.042362
4,0,140,2.042362
4,0,141,2.042362
4,0,142,2.042362
4,0,143,2.042362
4,0,144,2.042362
4,0,145,2.042362
4,0,146,2.042362
4,0,147,2.042362
4,0,148,2.042362
4,0,149,2.042362
4,0,150,2.042362
4,0,151,2.042362
4,0,152,2.042362
4,0,153,2.042362
4,0,154,2.042362
4,0,155,2.042362
4,0,156,2.042362
4,0,157,2.042362
4,0,158,2.042362
4,0,159,2.042362
4,0,160,2.042362
4,0,161,2.042362
4,0,162,2.042362
4,0,163,2.042362
4,0,164,2.042362
4,0,165,2.042362
4,0,166,2.042362
4,0,167,2.042362
4,0,168,2.042362
4,0,169,2.042362
4,0,170,2.042362
4,0,171,2.042362
4,0,172,2.022730
4,0,173,1.910224
4,0,174,1.852838
4,0,175,1.852838
4,0,176,1.852838
4,0,177,1.852838
4,0,178,1.852838
4,0,179,1.852838
4,0,180,1.852838
4,0,181,1.852838
4,0,182,1.852838
4,0,183,1.852838
4,0,184,1.852838
4,0,185,1.852838
4,0,186,1.852838
4,0,187,1.852838
4,0,188,1.852838
4,0,189,1.852838
4,0,190,1.852838
4,0,191,1.852838
4,0,192,1.852838
4,0,193,1.852838
4,0,194,1.852838
4,0,195,1.852838
4,0,196,1.852838
4,0,197,1.852838
4,0,198,1.852838
4,0,199,1.852838
4,0,200,1.852838
4,0,201,1.852838
4,0,202,1.852838
4,0,203,1.852838
4,0,204,1.852838
4,0,205,1.852838
4,0,206,1.852838
4,0,207,1.852838
4,0,208,1.852838
4,0,209,1.852838
4,0,210,1.852838
4,0,211,1.852838
4,0,212,1.852838
4,0,213,1.852838
4,0,214,1.852838
4,0,215,1.852838
4,0,216,1.852838
4,0,217,1.852838
4,0,218,1.852838
4,0,219,1.852838
4,0,220,1.852838
4,0,221,1.852838
4,0,222,1.852838
4,0,223,1.787894
4,0,224,1.686035
4,0,225,1.681250
4,0,226,1.681250
4,0,227,1.681250
4,0,228,1.681250
4,0,229,1.681250
4,0,230,1.681250
4,0,231,1.681250
4,0,232,1.681250
4,0,233,1.681250
4,0,234,1.681250
4,0,235,1.681250
4,0,236,1.681250
4,0,237,1.681250
4,0,238,1.681250
4,0,239,1.681250
4,0,240,1.681250
4,0,241,1.681250
4,0,242,1.681250
4,0,243,1.681250
4,0,244,1.681250
4,0,245,1.681250
4,0,246,1.681250
4,0,247,1.681250
4,0,248,1.681250
4,0,249,1.681250
4,0,250,1.681250
4,0,251,1.681250
5,0,0,1.000000
5,0,1,1.000000
5,0,2,0.985376
5,0,3,0.939013
5,0,4,0.921899
5,0,5,0.921899
5,0,6,0.921899
5,0,7,0.921899
5,0,8,0.921899
5,0,9,0.921899
5,0,10,0.921899
5,0,11,0.921899
5,0,12,0.921899
5,0,13,0.921899
5,0,14,0.921899
5,0,15,0.921899
5,0,16,0.918526
5,0,17,0.915125
5,0,18,0.915125
5,0,19,0.915125
5,0,20,0.915125
5,0,21,0.915125
5,0,22,0.915125
5,0,23,0.915125
5,0,24,0.960173
5,0,25,1.068434
5,0,26,1.040518
5,0,27,0.966288
5,0,28,0.966288
5,0,29,0.966288
5,0,30,0.966288
5,0,31,0.966288
5,0,32,0.966288
5,0,33,0.966288
5,0,34,0.966288
5,0,35,0.966288
5,0,36,0.966288
5,0,37,0.966288
5,0,38,0.966288
5,0,39,0.966288
5,0,40,0.966288
5,0,41,0.966288
5,0,42,0.966288
5,0,43,0.966288
5,0,44,0.966288
5,0,45,0.966288
5,0,46,0.966288
5,0,47,0.966288
5,0,48,0.966288
5,0,49,0.966288
5,0,50,0.966288
5,0,51,0.966288
5,0,52,0.966288
5,0,53,0.966288
5,0,54,0.966288
5,0,55,0.966288
5,0,56,0.966288
5,0,57,0.966288
5,0,58,0.966288
5,0,59,0.966288
5,0,60,0.966288
5,0,61,0.966288
5,0,62,0.966288
5,0,63,0.966288
5,0,64,0.966288
5,0,65,0.966288
5,0,66,0.966288
5,0,67,0.966288
5,0,68,0.966288
5,0,69,0.966288
5,0,70,1.028459
5,0,71,1.078555
5,0,72,1.078555
5,0,73,1.078555
5,0,74,1.078555
5,0,75,1.078555
5,0,76,1.078555
5,0,77,1.078555
5,0,78,1.078555
5,0,79,1.078555
5,0,80,1.078555
5,0,81,1.078555
5,0,82,1.078555
5,0,83,1.056492
5,0,84,1.008150
5,0,85,1.120383
5,0,86,1.266157
5,0,87,1.266157
5,0,88,1.266157
5,0,89,1.266157
5,0,90,1.266157
5,0,91,1.266157
5,0,92,1.266157
5,0,93,1.266157
5,0,94,1.266157
5,0,95,1.266157
5,0,96,1.266157
5,0,97,1.266157
5,0,98,1.266157
5,0,99,1.266157
5,0,100,1.266157
5,0,101,1.266157
5,0,102,1.266157
5,0,103,1.266157
5,0,104,1.266157
5,0,105,1.266157
5,0,106,1.266157
5,0,107,1.266157
5,0,108,1.266157
5,0,109,1.266157
5,0,110,1.266157
5,0,111,1.266157
5,0,112,1.266157
5,0,113,1.266157
5,0,114,1.266157
5,0,115,1.266157
5,0,116,1.266157
5,0,117,1.266157
5,0,118,1.266157
5,0,119,1.266157
5,0,120,1.266157
5,0,121,1.266157
5,0,122,1.266157
5,0,123,1.266157
5,0,124,1.266157
5,0,125,1.266157
5,0,126,1.266157
5,0,127,1.266157
5,0,128,1.266157
5,0,129,1.266157
5,0,130,1.266157
5,0,131,1.266157
5,0,132,1.266157
5,0,133,1.266157
5,0,134,1.266157
5,0,135,1.266157
5,0,136,1.266157
5,0,137,1.266157
5,0,138,1.266157
5,0,139,1.266157
5,0,140,1.266157
5,0,141,1.266157
5,0,142,1.266157
5,0,143,1.266157
5,0,144,1.266157
5,0,145,1.266157
5,0,146,1.266157
5,0,147,1.266157
5,0,148,1.266157
5,0,149,1.266157
5,0,150,1.266157
5,0,151,1.266157
5,0,152,1.266157
5,0,153,1.266157
5,0,154,1.266157
5,0,155,1.266157
5,0,156,1.266157
5,0,157,1.266157
5,0,158,1.266157
5,0,159,1.266157
5,0,160,1.266157
5,0,161,1.266157
5,0,162,1.266157
5,0,163,1.266157
5,0,164,1.266157
5,0,165,1.266157
5,0,166,1.266157
5,0,167,1.266157
5,0,168,1.266157
5,0,169,1.266157
5,0,170,1.266157
5,0,171,1.266157
5,0,172,1.266157
5,0,173,1.266157
5,0,174,1.266157
5,0,175,1.266157
5,0,176,1.266157
5,0,177,1.266157
5,0,178,1.266157
5,0,179,1.266157
5,0,180,1.266157
5,0,181,1.266157
5,0,182,1.266157
5,0,183,1.266157
5,0,184,1.266157
5,0,185,1.266157
5,0,186,1.266157
5,0,187,1.274885
5,0,188,1.925142
5,0,189,2.361556
5,0,190,2.361556
5,0,191,2.361556
5,0,192,2.361556
5,0,193,2.361556
5,0,194,2.361556
5,0,195,2.361556
5,0,196,2.361556
5,0,197,2.361556
5,0,198,2.361556
5,0,199,2.361556
5,0,200,2.361556
5,0,201,2.361556
5,0,202,2.361556
5,0,203,2.361556
5,0,204,2.361556
5,0,205,2.361556
5,0,206,2.361556
5,0,207,2.361556
5,0,208,2.361556
5,0,209,2.361556
5,0,210,2.361556
5,0,211,2.406255
5,0,212,2.510319
5,0,213,2.536859
5,0,214,2.536859
5,0,215,2.536859
5,0,216,2.536859
5,0,217,2.536859
5,0,218,2.536859
5,0,219,2.536859
5,0,220,2.536859
5,0,221,2.536859
5,0,222,2.536859
5,0,223,2.536859
5,0,224,2.536859
5,0,225,2.536859
5,0,226,2.536859
5,0,227,2.536859
5,0,228,2.536859
5,0,229,2.536859
5,0,230,2.536859
5,0,231,2.536859
5,0,232,2.536859
5,0,233,2.536859
5,0,234,2.536859
5,0,235,2.536859
5,0,236,2.536859
5,0,237,2.536859
5,0,238,2.536859
5,0,239,2.536859
5,0,240,2.536859
5,0,241,2.536859
5,0,242,2.536859
5,0,243,2.536859
5,0,244,2.536859
5,0,245,2.536859
5,0,246,2.536859
5,0,247,2.536859
5,0,248,2.536859
5,0,249,2.536859
5,0,250,2.536859
5,0,251,2.536859
6,0,0,1.000000
6,0,1,1.000000
6,0,2,1.000000
6,0,3,1.000000
6,0,4,1.043589
6,0,5,1.132636
6,0,6,1.156298
6,0,7,1.156298
6,0,8,1.156298
6,0,9,1.156298
6,0,10,1.156298
6,0,11,1.156298
6,0,12,1.156298
6,0,13,1.156298
6,0,14,1.156298
6,0,15,1.156298
6,0,16,1.156298
6,0,17,1.156298
6,0,18,1.156298
6,0,19,1.156298
6,0,20,1.156298
6,0,21,1.156298
6,0,22,1.156298
6,0,23,1.156298
6,0,24,1.156298
6,0,25,1.156298
6,0,26,1.156298
6,0,27,0.990473
6,0,28,0.743464
6,0,29,0.722735
6,0,30,0.722735
6,0,31,0.722735
6,0,32,0.722735
6,0,33,0.722735
6,0,34,0.722735
6,0,35,0.722735
6,0,36,0.722735
6,0,37,0.722735
6,0,38,0.722735
6,0,39,0.722735
6,0,40,0.722735
6,0,41,0.722735
6,0,42,0.722735
6,0,43,0.722735
6,0,44,0.722735
6,0,45,0.722735
6,0,46,0.722735
6,0,47,0.722735
6,0,48,0.722735
6,0,49,0.722735
6,0,50,0.722735
6,0,51,0.722735
6,0,52,0.722735
6,0,53,0.722735
6,0,54,0.722735
6,0,55,0.722735
6,0,56,0.722735
6,0,57,0.722735
6,0,58,0.722735
6,0,59,0.722735
6,0,60,0.722735
6,0,61,0.722735
6,0,62,0.722735
6,0,63,0.722735
6,0,64,0.722735
6,0,65,0.722735
6,0,66,0.722735
6,0,67,0.722735
6,0,68,0.722735
6,0,69,0.722735
6,0,70,0.722735
6,0,71,0.722735
6,0,72,0.722735
6,0,73,0.722735
6,0,74,0.722735
6,0,75,0.722735
6,0,76,0.722735
6,0,77,0.722735
6,0,78,0.722735
6,0,79,0.722735
6,0,80,0.722735
6,0,81,0.722735
6,0,82,0.722735
6,0,83,0.722735
6,0,84,0.722735
6,0,85,0.722735
6,0,86,0.722735
6,0,87,0.722735
6,0,88,0.722735
6,0,89,0.722735
6,0,90,0.722735
6,0,91,0.722735
6,0,92,0.722735
6,0,93,0.722735
6,0,94,0.722735
6,0,95,0.722735
6,0,96,0.722735
6,0,97,0.722735
6,0,98,0.722735
6,0,99,0.722735
6,0,100,0.722735
6,0,101,0.718395
6,0,102,0.714726
6,0,103,0.714726
6,0,104,0.714726
6,0,105,0.714726
6,0,106,0.714726
6,0,107,0.714726
6,0,108,0.714726
6,0,109,0.714726
6,0,110,0.714726
6,0,111,0.714726
6,0,112,0.714726
6,0,113,0.714726
6,0,114,0.714726
6,0,115,0.648829
6,0,116,0.587494
6,0,117,0.587494
6,0,118,0.587494
6,0,119,0.587494
6,0,120,0.587494
6,0,121,0.587494
6,0,122,0.587494
6,0,123,0.587494
6,0,124,0.587494
6,0,125,0.587494
6,0,126,0.587494
6,0,127,0.587494
6,0,128,0.587494
6,0,129,0.587494
6,0,130,0.585811
6,0,131,0.570768
6,0,132,0.561090
6,0,133,0.561090
6,0,134,0.561090
6,0,135,0.561090
6,0,136,0.561090
6,0,137,0.580595
6,0,138,0.795155
6,0,139,1.141351
6,0,140,1.748076
6,0,141,2.002646
6,0,142,2.002646
6,0,143,2.002646
6,0,144,2.002646
6,0,145,2.002646
6,0,146,2.002646
6,0,147,2.002646
6,0,148,2.002646
6,0,149,2.002646
6,0,150,2.002646
6,0,151,2.002646
6,0,152,2.002646
6,0,153,2.002646
6,0,154,2.002646
6,0,155,2.002646
6,0,156,2.002646
6,0,157,2.002646
6,0,158,2.002646
6,0,159,2.002646
6,0,160,2.002646
6,0,161,2.002646
6,0,162,2.002646
6,0,163,2.002646
6,0,164,2.002646
6,0,165,2.002646
6,0,166,2.002646
6,0,167,2.002646
6,0,168,2.002646
6,0,169,2.002646
6,0,170,2.002646
6,0,171,2.002646
6,0,172,2.002646
6,0,173,2.002646
6,0,174,1.965796
6,0,175,1.806112
6,0,176,1.722362
6,0,177,1.722362
6,0,178,1.722362
6,0,179,1.722362
6,0,180,1.722362
6,0,181,1.729468
6,0,182,1.763338
6,0,183,1.781813
6,0,184,1.781813
6,0,185,1.781813
6,0,186,1.781813
6,0,187,1.781813
6,0,188,1.781813
6,0,189,1.781813
6,0,190,1.781813
6,0,191,1.781813
6,0,192,1.781813
6,0,193,1.781813
6,0,194,1.781813
6,0,195,1.781813
6,0,196,1.781813
6,0,197,1.781813
6,0,198,1.781813
6,0,199,1.781813
6,0,200,1.781813
6,0,201,1.781813
6,0,202,1.781813
6,0,203,1.781813
6,0,204,1.742071
6,0,205,1.640587
6,0,206,1.603683
6,0,207,1.603683
6,0,208,1.688800
6,0,209,1.773242
6,0,210,1.773242
6,0,211,1.773242
6,0,212,1.773242
6,0,213,1.773242
6,0,214,1.773242
6,0,215,1.773242
6,0,216,1.773242
6,0,217,1.773242
6,0,218,1.773242
6,0,219,1.773242
6,0,220,1.773242
6,0,221,1.773242
6,0,222,1.773242
6,0,223,1.773242
6,0,224,1.773242
6,0,225,1.773242
6,0,226,1.773242
6,0,227,1.773242
6,0,228,1.773242
6,0,229,1.773242
6,0,230,1.773242
6,0,231,1.773242
6,0,232,1.773242
6,0,233,1.773242
6,0,234,1.773242
6,0,235,1.773242
6,0,236,1.773242
6,0,237,1.773242
6,0,238,1.773242
6,0,239,1.773242
6,0,240,1.773242
6,0,241,1.773242
6,0,242,1.773242
6,0,243,1.773242
6,0,244,1.773242
6,0,245,1.773242
6,0,246,1.773242
6,0,247,1.773242
6,0,248,1.773242
6,0,249,1.773242
6,0,250,1.748986
6,0,251,1.716868
7,0,0,1.000000
7,0,1,1.040358
7,0,2,1.055966
7,0,3,1.055966
7,0,4,1.055966
7,0,5,1.055966
7,0,6,1.055966
7,0,7,1.055966
7,0,8,1.055966
7,0,9,1.055966
7,0,10,1.055966
7,0,11,1.055966
7,0,12,1.055966
7,0,13,1.055966
7,0,14,1.055966
7,0,15,1.055966
7,0,16,1.055966
7,0,17,1.055966
7,0,18,1.055966
7,0,19,1.055966
7,0,20,1.055966
7,0,21,1.055966
7,0,22,1.055966
7,0,23,1.055966
7,0,24,1.055966
7,0,25,1.055966
7,0,26,1.055966
7,0,27,1.055966
7,0,28,1.055966
7,0,29,1.055966
7,0,30,1.055966
7,0,31,1.055966
7,0,32,1.055966
7,0,33,1.055966
7,0,34,1.055966
7,0,35,1.055966
7,0,36,1.055966
7,0,37,1.055966
7,0,38,1.055966
7,0,39,1.055966
7,0,40,1.055966
7,0,41,1.055966
7,0,42,1.055966
7,0,43,1.055966
7,0,44,1.055966
7,0,45,1.055966
7,0,46,1.055966
7,0,47,1.055966
7,0,48,1.055966
7,0,49,1.055966
7,0,50,1.055966
7,0,51,1.055966
7,0,52,1.055966
7,0,53,1.055966
7,0,54,1.055966
7,0,55,1.055966
7,0,56,1.055966
7,0,57,1.055966
7,0,58,1.055966
7,0,59,1.055966
7,0,60,1.055966
7,0,61,1.055966
7,0,62,1.055966
7,0,63,1.055966
7,0,64,1.055966
7,0,65,1.055966
7,0,66,1.055966
7,0,67,1.055966
7,0,68,1.055966
7,0,69,1.055966
7,0,70,1.055966
7,0,71,1.055966
7,0,72,1.055966
7,0,73,1.055966
7,0,74,1.055966
7,0,75,1.055966
7,0,76,1.055966
7,0,77,1.055966
7,0,78,1.055966
7,0,79,1.055966
7,0,80,1.055966
7,0,81,1.055966
7,0,82,1.055966
7,0,83,1.055966
7,0,84,1.055966
7,0,85,1.055966
7,0,86,1.055966
7,0,87,1.055966
7,0,88,1.055966
7,0,89,1.055966
7,0,90,1.055966
7,0,91,1.055966
7,0,92,1.055966
7,0,93,1.055966
7,0,94,1.055966
7,0,95,1.055966
7,0,96,1.055966
7,0,97,1.055966
7,0,98,1.055966
7,0,99,1.055966
7,0,100,1.055966
7,0,101,1.055966
7,0,102,1.055966
7,0,103,1.055966
7,0,104,1.055966
7,0,105,1.055966
7,0,106,1.055966
7,0,107,1.055966
7,0,108,1.055966
7,0,109,1.055966
7,0,110,1.055966
7,0,111,1.055966
7,0,112,1.055966
7,0,113,1.055966
7,0,114,1.011727
7,0,115,0.857739
7,0,116,0.842426
7,0,117,0.842426
7,0,118,0.842426
7,0,119,0.842426
7,0,120,0.842426
7,0,121,0.842426
7,0,122,0.842426
7,0,123,0.842426
7,0,124,0.842426
7,0,125,0.842426
7,0,126,0.842426
7,0,127,0.842426
7,0,128,0.842426
7,0,129,0.842426
7,0,130,0.842426
7,0,131,0.842426
7,0,132,0.842426
7,0,133,0.842426
7,0,134,0.842426
7,0,135,0.842426
7,0,136,0.842426
7,0,137,0.842426
7,0,138,0.842426
7,0,139,0.842426
7,0,140,0.842426
7,0,141,0.842426
7,0,142,0.842426
7,0,143,0.842426
7,0,144,0.842426
7,0,145,0.811810
7,0,146,0.787925
7,0,147,0.787925
7,0,148,0.787925
7,0,149,0.787925
7,0,150,0.787925
7,0,151,0.787925
7,0,152,0.787925
7,0,153,0.787925
7,0,154,0.787925
7,0,155,0.787925
7,0,156,0.787925
7,0,157,0.787925
7,0,158,0.787925
7,0,159,0.787925
7,0,160,0.787925
7,0,161,0.787925
7,0,162,0.787925
7,0,163,0.787925
7,0,164,0.787925
7,0,165,0.787925
7,0,166,0.787925
7,0,167,0.787925
7,0,168,0.787925
7,0,169,0.787925
7,0,170,0.742713
7,0,171,0.711248
7,0,172,0.711248
7,0,173,0.711248
7,0,174,0.711248
7,0,175,0.711248
7,0,176,0.711248
7,0,177,0.711248
7,0,178,0.711248
7,0,179,0.711248
7,0,180,0.711248
7,0,181,0.711248
7,0,182,0.711248
7,0,183,0.711248
7,0,184,0.711248
7,0,185,0.711248
7,0,186,0.711248
7,0,187,0.711248
7,0,188,0.711248
7,0,189,0.711248
7,0,190,0.711248
7,0,191,0.711248
7,0,192,0.711248
7,0,193,0.711248
7,0,194,0.711248
7,0,195,0.711248
7,0,196,0.711248
7,0,197,0.711248
7,0,198,0.711248
7,0,199,0.711248
7,0,200,0.711248
7,0,201,0.711248
7,0,202,0.711248
7,0,203,0.711248
7,0,204,0.711248
7,0,205,0.711248
7,0,206,0.711248
7,0,207,0.711248
7,0,208,0.711248
7,0,209,0.711248
7,0,210,0.711248
7,0,211,0.711248
7,0,212,0.711248
7,0,213,0.711248
7,0,214,0.711248
7,0,215,0.711248
7,0,216,0.711248
7,0,217,0.711248
7,0,218,0.711248
7,0,219,0.711248
7,0,220,0.711248
7,0,221,0.711248
7,0,222,0.711248
7,0,223,0.711248
7,0,224,0.711248
7,0,225,0.711248
7,0,226,0.711248
7,0,227,0.711248
7,0,228,0.711248
7,0,229,0.711248
7,0,230,0.711248
7,0,231,0.711248
7,0,232,0.711248
7,0,233,0.712972
7,0,234,0.775361
7,0,235,0.797766
7,0,236,0.797766
7,0,237,0.797766
7,0,238,0.797766
7,0,239,0.797766
7,0,240,0.797766
7,0,241,0.797766
7,0,242,0.797766
7,0,243,0.797766
7,0,244,0.797766
7,0,245,0.797766
7,0,246,0.813798
7,0,247,0.838413
7,0,248,0.838413
7,0,249,0.804854
7,0,250,0.778247
7,0,251,0.778247
8,0,0,1.000000
8,0,1,1.000000
8,0,2,1.000000
8,0,3,1.000000
8,0,4,1.000000
8,0,5,1.000000
8,0,6,1.000000
8,0,7,1.000000
8,0,8,1.000000
8,0,9,1.000000
8,0,10,1.000000
8,0,11,1.000000
8,0,12,1.000000
8,0,13,1.000000
8,0,14,1.000000
8,0,15,1.000000
8,0,16,1.000000
8,0,17,1.000000
8,0,18,1.000000
8,0,19,1.000000
8,0,20,1.000000
8,0,21,1.000000
8,0,22,1.000000
8,0,23,1.000000
8,0,24,1.000000
8,0,25,1.000000
8,0,26,1.000000
8,0,27,1.000000
8,0,28,1.000000
8,0,29,1.000000
8,0,30,1.000000
8,0,31,1.000000
8,0,32,1.000000
8,0,33,1.000000
8,0,34,1.000000
8,0,35,1.000000
8,0,36,1.000000
8,0,37,1.000000
8,0,38,1.000000
8,0,39,1.000000
8,0,40,1.000000
8,0,41,1.000000
8,0,42,1.000000
8,0,43,1.000000
8,0,44,1.000000
8,0,45,1.000000
8,0,46,1.000000
8,0,47,1.000000
8,0,48,1.000000
8,0,49,1.000000
8,0,50,1.000000
8,0,51,1.000000
8,0,52,1.000000
8,0,53,1.000000
8,0,54,1.000000
8,0,55,1.000000
8,0,56,1.000000
8,0,57,1.000000
8,0,58,1.000000
8,0,59,1.019040
8,0,60,1.050841
8,0,61,1.050841
8,0,62,1.050841
8,0,63,1.050841
8,0,64,1.050841
8,0,65,1.050841
8,0,66,1.050841
8,0,67,1.050841
8,0,68,1.050888
8,0,69,1.051284
8,0,70,1.051466
8,0,71,1.051466
8,0,72,1.051466
8,0,73,1.051466
8,0,74,1.051466
8,0,75,1.051466
8,0,76,1.051466
8,0,77,1.051466
8,0,78,1.051466
8,0,79,1.051466
8,0,80,1.051466
8,0,81,1.051466
8,0,82,1.051466
8,0,83,1.051466
8,0,84,1.051466
8,0,85,1.051466
8,0,86,1.051466
8,0,87,1.051466
8,0,88,1.051466
8,0,89,1.051466
8,0,90,1.051466
8,0,91,1.051466
8,0,92,1.051466
8,0,93,1.051466
8,0,94,1.051466
8,0,95,1.051466
8,0,96,1.051466
8,0,97,1.051466
8,0,98,1.051466
8,0,99,1.051466
8,0,100,1.051466
8,0,101,1.051466
8,0,102,1.051466
8,0,103,1.044953
8,0,104,1.028251
8,0,105,1.025099
8,0,106,1.025099
8,0,107,1.025099
8,0,108,1.025099
8,0,109,1.025099
8,0,110,1.025099
8,0,111,1.025099
8,0,112,1.025099
8,0,113,1.025099
8,0,114,1.025099
8,0,115,1.025099
8,0,116,1.025099
8,0,117,1.025099
8,0,118,1.025099
8,0,119,1.025099
8,0,120,1.025099
8,0,121,1.025099
8,0,122,1.025099
8,0,123,1.025099
8,0,124,1.025099
8,0,125,1.025099
8,0,126,1.025099
8,0,127,1.025099
8,0,128,1.025099
8,0,129,1.025099
8,0,130,1.025099
8,0,131,1.025099
8,0,132,1.025099
8,0,133,1.025099
8,0,134,1.025099
8,0,135,1.025099
8,0,136,1.101121
8,0,137,1.419210
8,0,138,1.527240
8,0,139,1.527240
8,0,140,1.527240
8,0,141,1.527240
8,0,142,1.527240
8,0,143,1.527240
8,0,144,1.527240
8,0,145,1.527240
8,0,146,1.881515
8,0,147,2.256116
8,0,148,2.256116
8,0,149,2.256116
8,0,150,2.256116
8,0,151,2.256116
8,0,152,2.256116
8,0,153,2.256116
8,0,154,2.256116
8,0,155,2.256116
8,0,156,2.256116
8,0,157,2.256116
8,0,158,2.256116
8,0,159,2.256116
8,0,160,2.256116
8,0,161,2.256116
8,0,162,2.256116
8,0,163,2.256116
8,0,164,2.256116
8,0,165,2.256116
8,0,166,2.256116
8,0,167,2.256116
8,0,168,2.256116
8,0,169,2.353498
8,0,170,3.459481
8,0,171,4.002039
8,0,172,4.002039
8,0,173,4.002039
8,0,174,4.002039
8,0,175,4.002039
8,0,176,3.614262
8,0,177,3.210723
8,0,178,3.210723
8,0,179,3.210723
8,0,180,3.210723
8,0,181,3.210723
8,0,182,3.210723
8,0,183,3.210723
8,0,184,3.210723
8,0,185,3.210723
8,0,186,3.210723
8,0,187,3.210723
8,0,188,3.210723
8,0,189,3.210723
8,0,190,3.210723
8,0,191,3.210723
8,0,192,3.210723
8,0,193,3.210723
8,0,194,3.210723
8,0,195,3.210723
8,0,196,3.210723
8,0,197,3.210723
8,0,198,3.210723
8,0,199,3.210723
8,0,200,3.210723
8,0,201,3.210723
8,0,202,3.210723
8,0,203,3.210723
8,0,204,3.210723
8,0,205,3.210723
8,0,206,3.210723
8,0,207,3.210723
8,0,208,3.210723
8,0,209,3.210723
8,0,210,3.210723
8,0,211,3.210723
8,0,212,3.210723
8,0,213,3.210723
8,0,214,3.210723
8,0,215,3.210723
8,0,216,3.210723
8,0,217,3.210723
8,0,218,3.210723
8,0,219,3.210723
8,0,220,3.210723
8,0,221,3.210723
8,0,222,3.210723
8,0,223,3.210723
8,0,224,3.210723
8,0,225,3.210723
8,0,226,3.210723
8,0,227,3.210723
8,0,228,3.210723
8,0,229,3.210723
8,0,230,3.210723
8,0,231,3.210723
8,0,232,3.210723
8,0,233,3.210723
8,0,234,3.210723
8,0,235,3.210723
8,0,236,3.210723
8,0,237,3.210723
8,0,238,3.210723
8,0,239,3.210723
8,0,240,3.210723
8,0,241,3.210723
8,0,242,3.210723
8,0,243,3.210723
8,0,244,3.210723
8,0,245,3.495948
8,0,246,4.402967
8,0,247,4.642556
8,0,248,4.566836
8,0,249,4.085258
8,0,250,3.882329
8,0,251,3.882329
9,0,0,1.000000
9,0,1,1.000000
9,0,2,1.000000
9,0,3,1.000000
9,0,4,1.000000
9,0,5,1.000000
9,0,6,1.000000
9,0,7,1.000000
9,0,8,1.000000
9,0,9,1.000000
9,0,10,1.000000
9,0,11,1.000000
9,0,12,1.000000
9,0,13,1.000000
9,0,14,1.000000
9,0,15,1.000000
9,0,16,1.000000
9,0,17,1.000000
9,0,18,1.000000
9,0,19,0.945679
9,0,20,0.838167
9,0,21,0.730656
9,0,22,0.715944
9,0,23,0.715944
9,0,24,0.717366
9,0,25,0.723800
9,0,26,0.730234
9,0,27,0.732943
9,0,28,0.732943
9,0,29,0.732943
9,0,30,0.732943
9,0,31,0.732943
9,0,32,0.732943
9,0,33,0.732943
9,0,34,0.732943
9,0,35,0.784276
9,0,36,0.862933
9,0,37,0.941433
9,0,38,1.005255
9,0,39,1.069077
9,0,40,1.065878
9,0,41,0.947789
9,0,42,0.829699
9,0,43,0.797380
9,0,44,0.797380
9,0,45,0.797380
9,0,46,0.797380
9,0,47,0.797380
9,0,48,0.797380
9,0,49,0.797380
9,0,50,0.797380
9,0,51,0.797380
9,0,52,0.797380
9,0,53,0.797380
9,0,54,0.797380
9,0,55,0.797380
9,0,56,0.797380
9,0,57,0.797380
9,0,58,0.797380
9,0,59,0.797380
9,0,60,0.797380
9,0,61,0.797380
9,0,62,0.797380
9,0,63,0.797380
9,0,64,0.797380
9,0,65,0.797380
9,0,66,0.797380
9,0,67,0.797380
9,0,68,0.797380
9,0,69,0.797380
9,0,70,0.797380
9,0,71,0.797380
9,0,72,0.797380
9,0,73,0.797380
9,0,74,0.797829
9,0,75,0.819133
9,0,76,0.840438
9,0,77,0.841815
9,0,78,0.810534
9,0,79,0.779253
9,0,80,0.771021
9,0,81,0.771021
9,0,82,0.771021
9,0,83,0.771021
9,0,84,0.771021
9,0,85,0.771021
9,0,86,0.771021
9,0,87,0.771021
9,0,88,0.714230
9,0,89,0.644164
9,0,90,0.585898
9,0,91,0.585898
9,0,92,0.585898
9,0,93,0.585898
9,0,94,0.585898
9,0,95,0.585898
9,0,96,0.585898
9,0,97,0.585898
9,0,98,0.585898
9,0,99,0.585898
9,0,100,0.585898
9,0,101,0.585898
9,0,102,0.585898
9,0,103,0.585898
9,0,104,0.585898
9,0,105,0.585898
9,0,106,0.585898
9,0,107,0.585898
9,0,108,0.585898
9,0,109,0.585898
9,0,110,0.585898
9,0,111,0.585898
9,0,112,0.585898
9,0,113,0.585898
9,0,114,0.585898
9,0,115,0.585898
9,0,116,0.585898
9,0,117,0.585898
9,0,118,0.585898
9,0,119,0.585898
9,0,120,0.585898
9,0,121,0.585898
9,0,122,0.585898
9,0,123,0.585898
9,0,124,0.585898
9,0,125,0.585898
9,0,126,0.585898
9,0,127,0.585898
9,0,128,0.585898
9,0,129,0.585898
9,0,130,0.585898
9,0,131,0.585898
9,0,132,0.585898
9,0,133,0.585898
9,0,134,0.585898
9,0,135,0.585898
9,0,136,0.585898
9,0,137,0.585898
9,0,138,0.585898
9,0,139,0.585898
9,0,140,0.585898
9,0,141,0.585898
9,0,142,0.585898
9,0,143,0.585898
9,0,144,0.585898
9,0,145,0.585898
9,0,146,0.585898
9,0,147,0.585898
9,0,148,0.585898
9,0,149,0.585898
9,0,150,0.585898
9,0,151,0.585898
9,0,152,0.585898
9,0,153,0.585898
9,0,154,0.585898
9,0,155,0.585898
9,0,156,0.590475
9,0,157,0.630004
9,0,158,0.669534
9,0,159,0.726328
9,0,160,0.802303
9,0,161,0.878279
9,0,162,0.891075
9,0,163,0.891075
9,0,164,0.891075
9,0,165,0.891075
9,0,166,0.891075
9,0,167,0.891075
9,0,168,0.891075
9,0,169,0.891075
9,0,170,0.904517
9,0,171,0.919365
9,0,172,0.930306
9,0,173,0.930306
9,0,174,0.930306
9,0,175,0.930306
9,0,176,0.930306
9,0,177,0.930306
9,0,178,0.930306
9,0,179,0.930306
9,0,180,0.930306
9,0,181,0.930306
9,0,182,0.930306
9,0,183,0.930306
9,0,184,0.930306
9,0,185,0.930306
9,0,186,0.930306
9,0,187,0.930306
9,0,188,0.930306
9,0,189,0.930306
9,0,190,0.930306
9,0,191,0.930306
9,0,192,0.930306
9,0,193,0.930306
9,0,194,0.930306
9,0,195,0.930306
9,0,196,0.930306
9,0,197,0.930306
9,0,198,0.930306
9,0,199,0.930306
9,0,200,0.930306
9,0,201,0.930306
9,0,202,0.930306
9,0,203,0.930306
9,0,204,0.930306
9,0,205,0.930306
9,0,206,0.930306
9,0,207,1.096677
9,0,208,1.278346
9,0,209,1.410296
9,0,210,1.410296
9,0,211,1.410296
9,0,212,1.427109
9,0,213,1.453729
9,0,214,1.480350
9,0,215,1.480630
9,0,216,1.480630
9,0,217,1.480630
9,0,218,1.480630
9,0,219,1.480630
9,0,220,1.480630
9,0,221,1.480630
9,0,222,1.480630
9,0,223,1.480630
9,0,224,1.480630
9,0,225,1.480630
9,0,226,1.480630
9,0,227,1.480630
9,0,228,1.480630
9,0,229,1.480630
9,0,230,1.480630
9,0,231,1.480630
9,0,232,1.480630
9,0,233,1.480630
9,0,234,1.480630
9,0,235,1.480630
9,0,236,1.480630
9,0,237,1.480630
9,0,238,1.480630
9,0,239,1.480630
9,0,240,1.480630
9,0,241,1.480630
9,0,242,1.480630
9,0,243,1.480630
9,0,244,1.480630
9,0,245,1.480630
9,0,246,1.480630
9,0,247,1.480630
9,0,248,1.480630
9,0,249,1.458334
9,0,250,1.423611
9,0,251,1.388888
10,0,0,1.000000
10,0,1,1.000000
10,0,2,1.000000
10,0,3,1.000000
10,0,4,1.000000
10,0,5,1.000000
10,0,6,1.000000
10,0,7,1.000000
10,0,8,1.000000
10,0,9,1.000000
10,0,10,1.000000
10,0,11,1.000000
10,0,12,1.000000
10,0,13,1.000000
10,0,14,1.000000
10,0,15,1.109436
10,0,16,1.176079
10,0,17,1.176079
10,0,18,1.176079
10,0,19,1.176079
10,0,20,1.176079
10,0,21,1.176079
10,0,22,1.176079
10,0,23,1.176079
10,0,24,1.176079
10,0,25,1.176079
10,0,26,1.176079
10,0,27,1.176079
10,0,28,1.176079
10,0,29,1.176079
10,0,30,1.176079
10,0,31,1.176079
10,0,32,1.176079
10,0,33,1.176079
10,0,34,1.176079
10,0,35,1.176079
10,0,36,1.176079
10,0,37,1.176079
10,0,38,1.310021
10,0,39,1.535071
10,0,40,1.588980
10,0,41,1.617777
10,0,42,1.617777
10,0,43,1.617777
10,0,44,1.617777
10,0,45,1.617777
10,0,46,1.617777
10,0,47,1.617777
10,0,48,1.617777
10,0,49,1.617777
10,0,50,1.617777
10,0,51,1.617777
10,0,52,1.617777
10,0,53,1.617777
10,0,54,1.617777
10,0,55,1.617777
10,0,56,1.617777
10,0,57,1.617777
10,0,58,1.617777
10,0,59,1.617777
10,0,60,1.617777
10,0,61,1.617777
10,0,62,1.617777
10,0,63,1.617777
10,0,64,1.617777
10,0,65,1.617777
10,0,66,1.705529
10,0,67,1.873722
10,0,68,1.999607
10,0,69,2.073693
10,0,70,2.073693
10,0,71,2.073693
10,0,72,2.073693
10,0,73,2.073693
10,0,74,2.073693
10,0,75,2.073693
10,0,76,2.073693
10,0,77,2.073693
10,0,78,2.072694
10,0,79,2.052597
10,0,80,2.042362
10,0,81,2.042362
10,0,82,2.042362
10,0,83,2.042362
10,0,84,2.042362
10,0,85,2.042362
10,0,86,2.042362
10,0,87,2.042362
10,0,88,2.042362
10,0,89,2.042362
10,0,90,2.042362
10,0,91,2.042362
10,0,92,2.042362
10,0,93,2.042362
10,0,94,2.042362
10,0,95,2.042362
10,0,96,2.042362
10,0,97,2.042362
10,0,98,2.042362
10,0,99,2.042362
10,0,100,2.042362
10,0,101,2.042362
10,0,102,2.042362
10,0,103,2.042362
10,0,104,2.042362
10,0,105,2.042362
10,0,106,2.042362
10,0,107,2.042362
10,0,108,2.042362
10,0,109,2.042362
10,0,110,2.042362
10,0,111,2.042362
10,0,112,2.042362
10,0,113,2.042362
10,0,114,2.042362
10,0,115,2.042362
10,0,116,2.042362
10,0,117,2.042362
10,0,118,2.042362
10,0,119,2.042362
10,0,120,2.042362
10,0,121,2.042362
10,0,122,2.042362
10,0,123,2.042362
10,0,124,2.042362
10,0,125,2.042362
10,0,126,2.042362
10,0,127,2.042362
10,0,128,2.042362
10,0,129,2.042362
10,0,130,2.042362
10,0,131,2.042362
10,0,132,2.042362
10,0,133,2.042362
10,0,134,2.042362
10,0,135,2.042362
10,0,136,2.042362
10,0,137,2.042362
10,0,138,2.042362
10,0,139,2.042362
10,0,140,2.042362
10,0,141,2.042362
10,0,142,2.042362
10,0,143,2.042362
10,0,144,2.042362
10,0,145,2.042362
10,0,146,2.042362
10,0,147,2.042362
10,0,148,2.042362
10,0,149,2.042362
10,0,150,2.042362
10,0,151,2.042362
10,0,152,2.042362
10,0,153,2.042362
10,0,154,2.042362
10,0,155,2.042362
10,0,156,2.042362
10,0,157,2.042362
10,0,158,2.042362
10,0,159,2.042362
10,0,160,1.923060
10,0,161,1.852838
10,0,162,1.852838
10,0,163,1.852838
10,0,164,1.852838
10,0,165,1.852838
10,0,166,1.852838
10,0,167,1.852838
10,0,168,1.852838
10,0,169,1.852838
10,0,170,1.852838
10,0,171,1.852838
10,0,172,1.852838
10,0,173,1.852838
10,0,174,1.852838
10,0,175,1.852838
10,0,176,1.852838
10,0,177,1.852838
10,0,178,1.852838
10,0,179,1.852838
10,0,180,1.852838
10,0,181,1.852838
10,0,182,1.852838
10,0,183,1.852838
10,0,184,1.852838
10,0,185,1.852838
10,0,186,1.852838
10,0,187,1.852838
10,0,188,1.852838
10,0,189,1.852838
10,0,190,1.852838
10,0,191,1.852838
10,0,192,1.852838
10,0,193,1.852838
10,0,194,1.852838
10,0,195,1.852838
10,0,196,1.852838
10,0,197,1.852838
10,0,198,1.852838
10,0,199,1.852838
10,0,200,1.852838
10,0,201,1.852838
10,0,202,1.852838
10,0,203,1.852838
10,0,204,1.852838
10,0,205,1.852838
10,0,206,1.852838
10,0,207,1.852838
10,0,208,1.852838
10,0,209,1.852838
10,0,210,1.852838
10,0,211,1.852838
10,0,212,1.852838
10,0,213,1.852838
10,0,214,1.852838
10,0,215,1.852838
10,0,216,1.852838
10,0,217,1.852838
10,0,218,1.852838
10,0,219,1.852838
10,0,220,1.852838
10,0,221,1.852838
10,0,222,1.852838
10,0,223,1.852838
10,0,224,1.852838
10,0,225,1.852838
10,0,226,1.852838
10,0,227,1.852838
10,0,228,1.852838
10,0,229,1.852838
10,0,230,1.852838
10,0,231,1.852838
10,0,232,1.852838
10,0,233,1.852838
10,0,234,1.852838
10,0,235,1.852838
10,0,236,1.852838
10,0,237,1.852838
10,0,238,1.852838
10,0,239,1.852838
10,0,240,1.852838
10,0,241,1.852838
10,0,242,1.852838
10,0,243,1.852838
10,0,244,1.852838
10,0,245,1.852838
10,0,246,1.852838
10,0,247,1.852838
10,0,248,1.852838
10,0,249,1.852838
10,0,250,1.852838
10,0,251,1.852838
11,0,0,1.000000
11,0,1,1.000000
11,0,2,0.977285
11,0,3,0.926878
11,0,4,0.921899
11,0,5,0.921899
11,0,6,0.921899
11,0,7,0.921899
11,0,8,0.921899
11,0,9,0.921899
11,0,10,0.921899
11,0,11,0.921899
11,0,12,0.921899
11,0,13,0.921899
11,0,14,0.921656
11,0,15,0.917284
11,0,16,0.915125
11,0,17,0.915125
11,0,18,0.915125
11,0,19,0.915125
11,0,20,0.915125
11,0,21,0.915125
11,0,22,0.951454
11,0,23,1.069161
11,0,24,1.033200
11,0,25,0.966288
11,0,26,0.966288
11,0,27,0.966288
11,0,28,0.966288
11,0,29,0.966288
11,0,30,0.966288
11,0,31,0.966288
11,0,32,0.966288
11,0,33,0.966288
11,0,34,0.966288
11,0,35,0.966288
11,0,36,0.966288
11,0,37,0.966288
11,0,38,0.966288
11,0,39,0.966288
11,0,40,0.966288
11,0,41,0.966288
11,0,42,0.966288
11,0,43,0.966288
11,0,44,0.966288
11,0,45,0.966288
11,0,46,0.966288
11,0,47,0.966288
11,0,48,0.966288
11,0,49,0.966288
11,0,50,0.966288
11,0,51,0.966288
11,0,52,0.966288
11,0,53,0.966288
11,0,54,0.966288
11,0,55,0.966288
11,0,56,0.966288
11,0,57,0.966288
11,0,58,0.966288
11,0,59,0.966288
11,0,60,0.966288
11,0,61,0.966288
11,0,62,0.966288
11,0,63,0.966288
11,0,64,1.000728
11,0,65,1.073187
11,0,66,1.078555
11,0,67,1.078555
11,0,68,1.078555
11,0,69,1.078555
11,0,70,1.078555
11,0,71,1.078555
11,0,72,1.078555
11,0,73,1.078555
11,0,74,1.078555
11,0,75,1.078555
11,0,76,1.074337
11,0,77,1.021776
11,0,78,1.089299
11,0,79,1.262941
11,0,80,1.266157
11,0,81,1.266157
11,0,82,1.266157
11,0,83,1.266157
11,0,84,1.266157
11,0,85,1.266157
11,0,86,1.266157
11,0,87,1.266157
11,0,88,1.266157
11,0,89,1.266157
11,0,90,1.266157
11,0,91,1.266157
11,0,92,1.266157
11,0,93,1.266157
11,0,94,1.266157
11,0,95,1.266157
11,0,96,1.266157
11,0,97,1.266157
11,0,98,1.266157
11,0,99,1.266157
11,0,100,1.266157
11,0,101,1.266157
11,0,102,1.266157
11,0,103,1.266157
11,0,104,1.266157
11,0,105,1.266157
11,0,106,1.266157
11,0,107,1.266157
11,0,108,1.266157
11,0,109,1.266157
11,0,110,1.266157
11,0,111,1.266157
11,0,112,1.266157
11,0,113,1.266157
11,0,114,1.266157
11,0,115,1.266157
11,0,116,1.266157
11,0,117,1.266157
11,0,118,1.266157
11,0,119,1.266157
11,0,120,1.266157
11,0,121,1.266157
11,0,122,1.266157
11,0,123,1.266157
11,0,124,1.266157
11,0,125,1.266157
11,0,126,1.266157
11,0,127,1.266157
11,0,128,1.266157
11,0,129,1.266157
11,0,130,1.266157
11,0,131,1.266157
11,0,132,1.266157
11,0,133,1.266157
11,0,134,1.266157
11,0,135,1.266157
11,0,136,1.266157
11,0,137,1.266157
11,0,138,1.266157
11,0,139,1.266157
11,0,140,1.266157
11,0,141,1.266157
11,0,142,1.266157
11,0,143,1.266157
11,0,144,1.266157
11,0,145,1.266157
11,0,146,1.266157
11,0,147,1.266157
11,0,148,1.266157
11,0,149,1.266157
11,0,150,1.266157
11,0,151,1.266157
11,0,152,1.266157
11,0,153,1.266157
11,0,154,1.266157
11,0,155,1.266157
11,0,156,1.266157
11,0,157,1.266157
11,0,158,1.266157
11,0,159,1.266157
11,0,160,1.266157
11,0,161,1.266157
11,0,162,1.266157
11,0,163,1.266157
11,0,164,1.266157
11,0,165,1.266157
11,0,166,1.266157
11,0,167,1.266157
11,0,168,1.266157
11,0,169,1.266157
11,0,170,1.266157
11,0,171,1.266157
11,0,172,1.266157
11,0,173,1.266157
11,0,174,1.266157
11,0,175,1.266157
11,0,176,1.266157
11,0,177,1.266157
11,0,178,1.266157
11,0,179,1.266157
11,0,180,1.266157
11,0,181,1.266157
11,0,182,1.266157
11,0,183,1.266157
11,0,184,1.266157
11,0,185,1.266157
11,0,186,1.266157
11,0,187,1.266157
11,0,188,1.266157
11,0,189,1.266157
11,0,190,1.266157
11,0,191,1.266157
11,0,192,1.266157
11,0,193,1.266157
11,0,194,1.266157
11,0,195,1.266157
11,0,196,1.266157
11,0,197,1.266157
11,0,198,1.266157
11,0,199,1.266157
11,0,200,1.266157
11,0,201,1.266157
11,0,202,1.266157
11,0,203,1.266157
11,0,204,1.266157
11,0,205,1.266157
11,0,206,1.266157
11,0,207,1.266157
11,0,208,1.266157
11,0,209,1.266157
11,0,210,1.266157
11,0,211,1.266157
11,0,212,1.266157
11,0,213,1.266157
11,0,214,1.277391
11,0,215,1.338054
11,0,216,1.360147
11,0,217,1.360147
11,0,218,1.360147
11,0,219,1.360147
11,0,220,1.360147
11,0,221,1.360147
11,0,222,1.360147
11,0,223,1.360147
11,0,224,1.360147
11,0,225,1.360147
11,0,226,1.360147
11,0,227,1.360147
11,0,228,1.360147
11,0,229,1.360147
11,0,230,1.360147
11,0,231,1.360147
11,0,232,1.360147
11,0,233,1.360147
11,0,234,1.360147
11,0,235,1.360147
11,0,236,1.360147
11,0,237,1.360147
11,0,238,1.360147
11,0,239,1.360147
11,0,240,1.360147
11,0,241,1.360147
11,0,242,1.360147
11,0,243,1.360147
11,0,244,1.360147
11,0,245,1.360147
11,0,246,1.360147
11,0,247,1.360147
11,0,248,1.360147
11,0,249,1.360147
11,0,250,1.360147
11,0,251,1.360147
12,0,0,1.000000
12,0,1,1.000000
12,0,2,1.000000
12,0,3,1.000000
12,0,4,1.000000
12,0,5,1.000000
12,0,6,1.000000
12,0,7,1.000000
12,0,8,1.018998
12,0,9,1.220057
12,0,10,1.397369
12,0,11,1.397369
12,0,12,1.380465
12,0,13,1.261193
12,0,14,1.161644
12,0,15,1.161644
12,0,16,1.161644
12,0,17,1.161644
12,0,18,1.161644
12,0,19,1.161644
12,0,20,1.161644
12,0,21,1.161644
12,0,22,1.161644
12,0,23,1.161644
12,0,24,1.161644
12,0,25,1.161644
12,0,26,1.161644
12,0,27,1.161644
12,0,28,1.161644
12,0,29,1.161644
12,0,30,1.161644
12,0,31,1.161644
12,0,32,1.161644
12,0,33,1.161644
12,0,34,1.161644
12,0,35,1.161644
12,0,36,1.161644
12,0,37,1.161644
12,0,38,1.161644
12,0,39,1.161644
12,0,40,1.161644
12,0,41,1.161644
12,0,42,1.161644
12,0,43,1.161644
12,0,44,1.161644
12,0,45,1.161644
12,0,46,1.161644
12,0,47,1.161644
12,0,48,1.161644
12,0,49,1.161644
12,0,50,1.161644
12,0,51,1.161644
12,0,52,1.161644
12,0,53,1.161644
12,0,54,1.161644
12,0,55,1.161644
12,0,56,1.161644
12,0,57,1.161644
12,0,58,1.161644
12,0,59,1.161644
12,0,60,1.161644
12,0,61,1.161644
12,0,62,1.161644
12,0,63,1.161644
12,0,64,1.161644
12,0,65,1.161644
12,0,66,1.161644
12,0,67,1.161644
12,0,68,1.161644
12,0,69,1.161644
12,0,70,1.161644
12,0,71,1.161644
12,0,72,1.161644
12,0,73,1.161644
12,0,74,1.314916
12,0,75,1.490282
12,0,76,1.435167
12,0,77,1.353768
12,0,78,1.347359
12,0,79,1.347359
12,0,80,1.347359
12,0,81,1.347359
12,0,82,1.347359
12,0,83,1.347359
12,0,84,1.226956
12,0,85,1.107509
12,0,86,1.107509
12,0,87,1.107509
12,0,88,1.107509
12,0,89,1.107509
12,0,90,1.107509
12,0,91,1.107509
12,0,92,1.107509
12,0,93,1.107509
12,0,94,1.107509
12,0,95,1.107509
12,0,96,1.107509
12,0,97,1.107509
12,0,98,1.107509
12,0,99,1.107509
12,0,100,1.107509
12,0,101,1.107509
12,0,102,1.107509
12,0,103,1.150066
12,0,104,1.336433
12,0,105,1.475842
12,0,106,1.475842
12,0,107,1.475842
12,0,108,1.475842
12,0,109,1.475842
12,0,110,1.475842
12,0,111,1.475842
12,0,112,1.475842
12,0,113,1.475842
12,0,114,1.475842
12,0,115,1.475842
12,0,116,1.475842
12,0,117,1.475842
12,0,118,1.475842
12,0,119,1.475842
12,0,120,1.475842
12,0,121,1.475842
12,0,122,1.475842
12,0,123,1.475842
12,0,124,1.475842
12,0,125,1.442712
12,0,126,1.374848
12,0,127,1.327900
12,0,128,1.300902
12,0,129,1.288360
12,0,130,1.288360
12,0,131,1.288360
12,0,132,1.288360
12,0,133,1.288360
12,0,134,1.288360
12,0,135,1.288360
12,0,136,1.288360
12,0,137,1.288360
12,0,138,1.288360
12,0,139,1.288360
12,0,140,1.288360
12,0,141,1.288360
12,0,142,1.288360
12,0,143,1.288360
12,0,144,1.288360
12,0,145,1.288360
12,0,146,1.288360
12,0,147,1.288360
12,0,148,1.288360
12,0,149,1.288360
12,0,150,1.288360
12,0,151,1.288360
12,0,152,1.288360
12,0,153,1.288360
12,0,154,1.288360
12,0,155,1.288360
12,0,156,1.288360
12,0,157,1.288360
12,0,158,1.288360
12,0,159,1.288360
12,0,160,1.288360
12,0,161,1.288360
12,0,162,1.288360
12,0,163,1.288360
12,0,164,1.288360
12,0,165,1.288360
12,0,166,1.288360
12,0,167,1.288360
12,0,168,1.288360
12,0,169,1.288360
12,0,170,1.288360
12,0,171,1.288360
12,0,172,1.288360
12,0,173,1.288360
12,0,174,1.288360
12,0,175,1.288360
12,0,176,1.288360
12,0,177,1.288360
12,0,178,1.288360
12,0,179,1.288360
12,0,180,1.288360
12,0,181,1.288360
12,0,182,1.272555
12,0,183,1.181320
12,0,184,1.108045
12,0,185,1.108045
12,0,186,1.108045
12,0,187,1.108045
12,0,188,1.108045
12,0,189,1.108045
12,0,190,1.113226
12,0,191,1.132578
12,0,192,1.146292
12,0,193,1.146292
12,0,194,1.146292
12,0,195,1.146292
12,0,196,1.146292
12,0,197,1.146292
12,0,198,1.146292
12,0,199,1.146292
12,0,200,1.146292
12,0,201,1.146292
12,0,202,1.146292
12,0,203,1.146292
12,0,204,1.146292
12,0,205,1.146292
12,0,206,1.146292
12,0,207,1.146292
12,0,208,1.146292
12,0,209,1.146292
12,0,210,1.146292
12,0,211,1.146292
12,0,212,1.146292
12,0,213,1.146292
12,0,214,1.146292
12,0,215,1.146292
12,0,216,1.146292
12,0,217,1.146292
12,0,218,1.146292
12,0,219,1.146292
12,0,220,1.146292
12,0,221,1.146292
12,0,222,1.146292
12,0,223,1.146292
12,0,224,1.146292
12,0,225,1.146292
12,0,226,1.292066
12,0,227,1.502445
12,0,228,1.562081
12,0,229,1.562081
12,0,230,1.562081
12,0,231,1.562081
12,0,232,1.562081
12,0,233,1.562081
12,0,234,1.562081
12,0,235,1.562081
12,0,236,1.562081
12,0,237,1.562081
12,0,238,1.562081
12,0,239,1.562081
12,0,240,1.562081
12,0,241,1.562081
12,0,242,1.562081
12,0,243,1.562081
12,0,244,1.562081
12,0,245,1.562081
12,0,246,1.608458
12,0,247,1.658373
12,0,248,1.660731
12,0,249,1.660731
12,0,250,1.713775
12,0,251,1.768103
13,0,0,1.000000
13,0,1,1.033669
13,0,2,1.055966
13,0,3,1.055966
13,0,4,1.055966
13,0,5,1.055966
13,0,6,1.055966
13,0,7,1.055966
13,0,8,1.055966
13,0,9,1.055966
13,0,10,1.055966
13,0,11,1.055966
13,0,12,1.055966
13,0,13,1.055966
13,0,14,1.055966
13,0,15,1.055966
13,0,16,1.055966
13,0,17,1.055966
13,0,18,1.055966
13,0,19,1.055966
13,0,20,1.055966
13,0,21,1.055966
13,0,22,1.055966
13,0,23,1.055966
13,0,24,1.055966
13,0,25,1.055966
13,0,26,1.055966
13,0,27,1.055966
13,0,28,1.055966
13,0,29,1.055966
13,0,30,1.055966
13,0,31,1.055966
13,0,32,1.055966
13,0,33,1.055966
13,0,34,1.055966
13,0,35,1.055966
13,0,36,1.055966
13,0,37,1.055966
13,0,38,1.055966
13,0,39,1.055966
13,0,40,1.055966
13,0,41,1.055966
13,0,42,1.055966
13,0,43,1.055966
13,0,44,1.055966
13,0,45,1.055966
13,0,46,1.055966
13,0,47,1.055966
13,0,48,1.055966
13,0,49,1.055966
13,0,50,1.055966
13,0,51,1.055966
13,0,52,1.055966
13,0,53,1.055966
13,0,54,1.055966
13,0,55,1.055966
13,0,56,1.055966
13,0,57,1.055966
13,0,58,1.055966
13,0,59,1.055966
13,0,60,1.055966
13,0,61,1.055966
13,0,62,1.055966
13,0,63,1.055966
13,0,64,1.055966
13,0,65,1.055966
13,0,66,1.055966
13,0,67,1.055966
13,0,68,1.055966
13,0,69,1.055966
13,0,70,1.055966
13,0,71,1.055966
13,0,72,1.055966
13,0,73,1.055966
13,0,74,1.055966
13,0,75,1.055966
13,0,76,1.055966
13,0,77,1.055966
13,0,78,1.055966
13,0,79,1.055966
13,0,80,1.055966
13,0,81,1.055966
13,0,82,1.055966
13,0,83,1.055966
13,0,84,1.055966
13,0,85,1.055966
13,0,86,1.055966
13,0,87,1.055966
13,0,88,1.055966
13,0,89,1.055966
13,0,90,1.055966
13,0,91,1.055966
13,0,92,1.055966
13,0,93,1.055966
13,0,94,1.055966
13,0,95,1.055966
13,0,96,1.055966
13,0,97,1.055966
13,0,98,1.055966
13,0,99,1.055966
13,0,100,1.055966
13,0,101,1.055966
13,0,102,1.055966
13,0,103,1.055966
13,0,104,1.055966
13,0,105,1.055966
13,0,106,1.055966
13,0,107,1.055966
13,0,108,1.055966
13,0,109,1.055966
13,0,110,1.055966
13,0,111,1.055966
13,0,112,1.055966
13,0,113,1.055966
13,0,114,1.055966
13,0,115,1.055966
13,0,116,1.055966
13,0,117,1.055966
13,0,118,1.055966
13,0,119,1.055966
13,0,120,1.055966
13,0,121,1.055966
13,0,122,1.055966
13,0,123,1.055966
13,0,124,1.055966
13,0,125,1.055966
13,0,126,1.055966
13,0,127,1.055966
13,0,128,1.055966
13,0,129,1.055966
13,0,130,1.055966
13,0,131,1.055966
13,0,132,1.171632
13,0,133,1.337831
13,0,134,1.337831
13,0,135,1.337831
13,0,136,1.337831
13,0,137,1.337831
13,0,138,1.337831
13,0,139,1.337831
13,0,140,1.337831
13,0,141,1.337831
13,0,142,1.337831
13,0,143,1.337831
13,0,144,1.337831
13,0,145,1.337831
13,0,146,1.337831
13,0,147,1.337831
13,0,148,1.337831
13,0,149,1.337831
13,0,150,1.412323
13,0,151,1.599793
13,0,152,1.649454
13,0,153,1.649454
13,0,154,1.649454
13,0,155,1.649454
13,0,156,1.649454
13,0,157,1.649454
13,0,158,1.645231
13,0,159,1.596178
13,0,160,1.567916
13,0,161,1.567916
13,0,162,1.567916
13,0,163,1.567916
13,0,164,1.567916
13,0,165,1.567916
13,0,166,1.567916
13,0,167,1.567916
13,0,168,1.557581
13,0,169,1.465789
13,0,170,1.415334
13,0,171,1.415334
13,0,172,1.415334
13,0,173,1.415334
13,0,174,1.415334
13,0,175,1.415334
13,0,176,1.415334
13,0,177,1.415334
13,0,178,1.415334
13,0,179,1.415334
13,0,180,1.415334
13,0,181,1.415334
13,0,182,1.415334
13,0,183,1.415334
13,0,184,1.415334
13,0,185,1.415334
13,0,186,1.415334
13,0,187,1.415334
13,0,188,1.415334
13,0,189,1.415334
13,0,190,1.415334
13,0,191,1.415334
13,0,192,1.415334
13,0,193,1.415334
13,0,194,1.415334
13,0,195,1.415334
13,0,196,1.415334
13,0,197,1.415334
13,0,198,1.415334
13,0,199,1.415334
13,0,200,1.415334
13,0,201,1.415334
13,0,202,1.415334
13,0,203,1.415334
13,0,204,1.415334
13,0,205,1.415334
13,0,206,1.415334
13,0,207,1.318252
13,0,208,1.232119
13,0,209,1.232119
13,0,210,1.232119
13,0,211,1.232119
13,0,212,1.232119
13,0,213,1.232119
13,0,214,1.232119
13,0,215,1.232119
13,0,216,1.232119
13,0,217,1.232119
13,0,218,1.232119
13,0,219,1.232119
13,0,220,1.232119
13,0,221,1.232119
13,0,222,1.232119
13,0,223,1.232119
13,0,224,1.232119
13,0,225,1.232119
13,0,226,1.232119
13,0,227,1.232119
13,0,228,1.232119
13,0,229,1.232119
13,0,230,1.287055
13,0,231,1.377220
13,0,232,1.381997
13,0,233,1.381997
13,0,234,1.381997
13,0,235,1.381997
13,0,236,1.381997
13,0,237,1.381997
13,0,238,1.381997
13,0,239,1.381997
13,0,240,1.381997
13,0,241,1.381997
13,0,242,1.381997
13,0,243,1.381997
13,0,244,1.381997
13,0,245,1.409489
13,0,246,1.451849
13,0,247,1.452411
13,0,248,1.432063
13,0,249,1.369361
13,0,250,1.348183
13,0,251,1.348183
14,0,0,1.000000
14,0,1,1.000000
14,0,2,1.000000
14,0,3,1.000000
14,0,4,1.000000
14,0,5,1.000000
14,0,6,1.000000
14,0,7,1.000000
14,0,8,1.000000
14,0,9,1.000000
14,0,10,1.000000
14,0,11,1.000000
14,0,12,1.000000
14,0,13,1.000000
14,0,14,1.000000
14,0,15,1.000000
14,0,16,1.000000
14,0,17,1.000000
14,0,18,1.000000
14,0,19,1.000000
14,0,20,1.000000
14,0,21,1.000000
14,0,22,1.000000
14,0,23,1.000000
14,0,24,1.000000
14,0,25,1.000000
14,0,26,1.000000
14,0,27,1.000000
14,0,28,1.000000
14,0,29,1.000000
14,0,30,1.000000
14,0,31,1.000000
14,0,32,1.000000
14,0,33,1.000000
14,0,34,1.000000
14,0,35,1.000000
14,0,36,1.000000
14,0,37,1.000000
14,0,38,1.000000
14,0,39,1.000000
14,0,40,1.000000
14,0,41,1.000000
14,0,42,1.000000
14,0,43,1.000000
14,0,44,1.000000
14,0,45,1.000000
14,0,46,1.000000
14,0,47,1.000000
14,0,48,1.000000
14,0,49,1.000000
14,0,50,1.000000
14,0,51,1.000000
14,0,52,1.000000
14,0,53,1.000000
14,0,54,1.000000
14,0,55,1.000000
14,0,56,1.029973
14,0,57,1.078246
14,0,58,1.166730
14,0,59,1.263358
14,0,60,1.364331
14,0,61,1.364331
14,0,62,1.364331
14,0,63,1.364331
14,0,64,1.364331
14,0,65,1.364331
14,0,66,1.364331
14,0,67,1.364331
14,0,68,1.364331
14,0,69,1.364331
14,0,70,1.364331
14,0,71,1.364331
14,0,72,1.364331
14,0,73,1.364331
14,0,74,1.364331
14,0,75,1.364331
14,0,76,1.364331
14,0,77,1.364331
14,0,78,1.364331
14,0,79,1.364331
14,0,80,1.364331
14,0,81,1.364331
14,0,82,1.364331
14,0,83,1.344567
14,0,84,1.330119
14,0,85,1.330119
14,0,86,1.330119
14,0,87,1.330119
14,0,88,1.330119
14,0,89,1.330119
14,0,90,1.330119
14,0,91,1.330119
14,0,92,1.330119
14,0,93,1.330119
14,0,94,1.330119
14,0,95,1.330119
14,0,96,1.330119
14,0,97,1.330119
14,0,98,1.330119
14,0,99,1.330119
14,0,100,1.330119
14,0,101,1.330119
14,0,102,1.330119
14,0,103,1.330119
14,0,104,1.330119
14,0,105,1.330119
14,0,106,1.330119
14,0,107,1.330119
14,0,108,1.330119
14,0,109,1.330119
14,0,110,1.330119
14,0,111,1.330119
14,0,112,1.330119
14,0,113,1.330119
14,0,114,1.330119
14,0,115,1.330119
14,0,116,1.330119
14,0,117,1.330119
14,0,118,1.330119
14,0,119,1.330119
14,0,120,1.330119
14,0,121,1.330119
14,0,122,1.330119
14,0,123,1.330119
14,0,124,1.330119
14,0,125,1.330119
14,0,126,1.330119
14,0,127,1.330119
14,0,128,1.330119
14,0,129,1.330119
14,0,130,1.330119
14,0,131,1.330119
14,0,132,1.330119
14,0,133,1.330119
14,0,134,1.330119
14,0,135,1.330119
14,0,136,1.330119
14,0,137,1.330119
14,0,138,1.330119
14,0,139,1.330119
14,0,140,1.330119
14,0,141,1.330119
14,0,142,1.330119
14,0,143,1.330119
14,0,144,1.330119
14,0,145,1.330119
14,0,146,1.638668
14,0,147,1.964919
14,0,148,1.964919
14,0,149,1.964919
14,0,150,1.964919
14,0,151,1.964919
14,0,152,1.964919
14,0,153,1.964919
14,0,154,1.964919
14,0,155,1.964919
14,0,156,1.964919
14,0,157,1.964919
14,0,158,1.964919
14,0,159,1.964919
14,0,160,1.964919
14,0,161,1.964919
14,0,162,1.964919
14,0,163,1.964919
14,0,164,1.964919
14,0,165,1.964919
14,0,166,1.964919
14,0,167,1.964919
14,0,168,1.964919
14,0,169,2.049732
14,0,170,3.012966
14,0,171,3.485495
14,0,172,3.485495
14,0,173,3.485495
14,0,174,3.485495
14,0,175,3.485495
14,0,176,3.147769
14,0,177,2.796315
14,0,178,2.796315
14,0,179,2.796315
14,0,180,2.796315
14,0,181,2.796315
14,0,182,2.796315
14,0,183,2.796315
14,0,184,2.796315
14,0,185,2.796315
14,0,186,2.796315
14,0,187,2.796315
14,0,188,2.796315
14,0,189,2.796315
14,0,190,2.796315
14,0,191,2.796315
14,0,192,2.796315
14,0,193,2.796315
14,0,194,2.796315
14,0,195,2.796315
14,0,196,2.796315
14,0,197,2.796315
14,0,198,2.796315
14,0,199,2.796315
14,0,200,2.796315
14,0,201,2.796315
14,0,202,2.796315
14,0,203,2.796315
14,0,204,2.796315
14,0,205,2.796315
14,0,206,2.796315
14,0,207,2.796315
14,0,208,2.796315
14,0,209,2.796315
14,0,210,2.796315
14,0,211,2.796315
14,0,212,2.796315
14,0,213,2.796315
14,0,214,2.796315
14,0,215,2.796315
14,0,216,2.796315
14,0,217,2.796315
14,0,218,2.796315
14,0,219,2.796315
14,0,220,2.796315
14,0,221,2.796315
14,0,222,2.796315
14,0,223,2.796315
14,0,224,2.796315
14,0,225,2.796315
14,0,226,2.796315
14,0,227,2.796315
14,0,228,2.796315
14,0,229,2.796315
14,0,230,2.796315
14,0,231,2.796315
14,0,232,2.796315
14,0,233,2.796315
14,0,234,2.796315
14,0,235,2.796315
14,0,236,2.796315
14,0,237,2.796315
14,0,238,2.796315
14,0,239,2.796315
14,0,240,2.796315
14,0,241,2.796315
14,0,242,2.796315
14,0,243,2.796315
14,0,244,2.796315
14,0,245,2.796315
14,0,246,2.796315
14,0,247,2.960566
14,0,248,3.097328
14,0,249,2.770711
14,0,250,2.633080
14,0,251,2.633080
15,0,0,1.000000
15,0,1,1.000000
15,0,2,1.000000
15,0,3,1.000000
15,0,4,1.000000
15,0,5,1.000000
15,0,6,1.000000
15,0,7,1.000000
15,0,8,1.000000
15,0,9,1.000000
15,0,10,1.000000
15,0,11,1.000000
15,0,12,1.000000
15,0,13,1.000000
15,0,14,0.928703
15,0,15,0.781583
15,0,16,0.715944
15,0,17,0.715944
15,0,18,0.715944
15,0,19,0.715944
15,0,20,0.715944
15,0,21,0.715944
15,0,22,0.715944
15,0,23,0.715944
15,0,24,0.715944
15,0,25,0.715944
15,0,26,0.715944
15,0,27,0.715944
15,0,28,0.715944
15,0,29,0.715944
15,0,30,0.715944
15,0,31,0.715944
15,0,32,0.715944
15,0,33,0.751184
15,0,34,0.950368
15,0,35,1.100521
15,0,36,1.100521
15,0,37,1.100521
15,0,38,1.100521
15,0,39,1.100521
15,0,40,1.100521
15,0,41,1.100521
15,0,42,1.100521
15,0,43,1.100521
15,0,44,1.100521
15,0,45,1.280065
15,0,46,1.583192
15,0,47,1.685788
15,0,48,1.685788
15,0,49,1.647756
15,0,50,1.595711
15,0,51,1.585302
15,0,52,1.585302
15,0,53,1.585302
15,0,54,1.585302
15,0,55,1.585302
15,0,56,1.585302
15,0,57,1.585302
15,0,58,1.585302
15,0,59,1.585302
15,0,60,1.585302
15,0,61,1.585302
15,0,62,1.585302
15,0,63,1.585302
15,0,64,1.585302
15,0,65,1.585302
15,0,66,1.585302
15,0,67,1.585302
15,0,68,1.585302
15,0,69,1.585302
15,0,70,1.585302
15,0,71,1.585302
15,0,72,1.585302
15,0,73,1.585302
15,0,74,1.621862
15,0,75,1.679823
15,0,76,1.637639
15,0,77,1.552535
15,0,78,1.532896
15,0,79,1.532896
15,0,80,1.532896
15,0,81,1.532896
15,0,82,1.532896
15,0,83,1.532896
15,0,84,1.532896
15,0,85,1.532896
15,0,86,1.532896
15,0,87,1.532896
15,0,88,1.532896
15,0,89,1.532896
15,0,90,1.532896
15,0,91,1.532896
15,0,92,1.532896
15,0,93,1.532896
15,0,94,1.532896
15,0,95,1.532896
15,0,96,1.532896
15,0,97,1.532896
15,0,98,1.532896
15,0,99,1.532896
15,0,100,1.532896
15,0,101,1.532896
15,0,102,1.532896
15,0,103,1.532896
15,0,104,1.532896
15,0,105,1.532896
15,0,106,1.532896
15,0,107,1.532896
15,0,108,1.532896
15,0,109,1.532896
15,0,110,1.532896
15,0,111,1.532896
15,0,112,1.532896
15,0,113,1.532896
15,0,114,1.532896
15,0,115,1.532896
15,0,116,1.532896
15,0,117,1.532896
15,0,118,1.532896
15,0,119,1.532896
15,0,120,1.532896
15,0,121,1.532896
15,0,122,1.532896
15,0,123,1.532896
15,0,124,1.532896
15,0,125,1.532896
15,0,126,1.532896
15,0,127,1.532896
15,0,128,1.532896
15,0,129,1.532896
15,0,130,1.532896
15,0,131,1.532896
15,0,132,1.532896
15,0,133,1.532896
15,0,134,1.532896
15,0,135,1.532896
15,0,136,1.532896
15,0,137,1.532896
15,0,138,1.532896
15,0,139,1.532896
15,0,140,1.532896
15,0,141,1.532896
15,0,142,1.532896
15,0,143,1.532896
15,0,144,1.532896
15,0,145,1.560112
15,0,146,1.701638
15,0,147,1.752907
15,0,148,1.549334
15,0,149,1.413098
15,0,150,1.413098
15,0,151,1.413098
15,0,152,1.413098
15,0,153,1.413098
15,0,154,1.413098
15,0,155,1.413098
15,0,156,1.413098
15,0,157,1.413098
15,0,158,1.413098
15,0,159,1.493156
15,0,160,1.611424
15,0,161,1.719789
15,0,162,1.824786
15,0,163,1.844170
15,0,164,1.844170
15,0,165,1.844170
15,0,166,1.844170
15,0,167,1.844170
15,0,168,1.844170
15,0,169,1.844170
15,0,170,1.844170
15,0,171,1.844170
15,0,172,1.844170
15,0,173,1.844170
15,0,174,1.844170
15,0,175,1.844170
15,0,176,1.844170
15,0,177,1.844170
15,0,178,1.844170
15,0,179,1.844170
15,0,180,1.844170
15,0,181,1.844170
15,0,182,1.844170
15,0,183,1.844170
15,0,184,1.844170
15,0,185,1.844170
15,0,186,1.844170
15,0,187,1.844170
15,0,188,1.844170
15,0,189,1.844170
15,0,190,1.844170
15,0,191,1.844170
15,0,192,1.844170
15,0,193,1.844170
15,0,194,1.844170
15,0,195,1.844170
15,0,196,1.844170
15,0,197,1.844170
15,0,198,1.844170
15,0,199,1.844170
15,0,200,1.844170
15,0,201,1.844170
15,0,202,1.844170
15,0,203,1.844170
15,0,204,1.844170
15,0,205,1.844170
15,0,206,1.844170
15,0,207,1.844170
15,0,208,1.844170
15,0,209,1.844170
15,0,210,1.844170
15,0,211,1.844170
15,0,212,1.844170
15,0,213,1.844170
15,0,214,1.844170
15,0,215,1.844170
15,0,216,1.844170
15,0,217,1.844170
15,0,218,1.844170
15,0,219,1.844170
15,0,220,1.844170
15,0,221,1.844170
15,0,222,1.844170
15,0,223,1.844170
15,0,224,1.844170
15,0,225,1.844170
15,0,226,1.844170
15,0,227,1.844170
15,0,228,1.844170
15,0,229,1.844170
15,0,230,1.844170
15,0,231,1.844170
15,0,232,1.844170
15,0,233,1.844170
15,0,234,1.844170
15,0,235,1.844170
15,0,236,1.844170
15,0,237,1.844170
15,0,238,1.844170
15,0,239,1.844170
15,0,240,1.844170
15,0,241,1.844170
15,0,242,1.844170
15,0,243,1.844170
15,0,244,1.844170
15,0,245,1.844170
15,0,246,1.844170
15,0,247,1.844170
15,0,248,1.844170
15,0,249,1.844170
15,0,250,1.789085
15,0,251,1.729902
16,0,0,1.000000
16,0,1,1.000000
16,0,2,1.000000
16,0,3,1.000000
16,0,4,1.000000
16,0,5,1.000000
16,0,6,1.000000
16,0,7,1.000000
16,0,8,1.000000
16,0,9,1.000000
16,0,10,1.000000
16,0,11,1.000000
16,0,12,1.048404
16,0,13,1.176079
16,0,14,1.176079
16,0,15,1.176079
16,0,16,1.176079
16,0,17,1.176079
16,0,18,1.176079
16,0,19,1.176079
16,0,20,1.176079
16,0,21,1.176079
16,0,22,1.176079
16,0,23,1.176079
16,0,24,1.176079
16,0,25,1.176079
16,0,26,1.176079
16,0,27,1.176079
16,0,28,1.176079
16,0,29,1.176079
16,0,30,1.176079
16,0,31,1.176079
16,0,32,1.176079
16,0,33,1.176079
16,0,34,1.176079
16,0,35,1.176079
16,0,36,1.176079
16,0,37,1.176079
16,0,38,1.176079
16,0,39,1.176079
16,0,40,1.176079
16,0,41,1.176079
16,0,42,1.176079
16,0,43,1.131438
16,0,44,0.986164
16,0,45,0.986164
16,0,46,0.986164
16,0,47,0.986164
16,0,48,0.986164
16,0,49,0.986164
16,0,50,0.986164
16,0,51,0.986164
16,0,52,0.986164
16,0,53,0.986164
16,0,54,0.986164
16,0,55,0.986164
16,0,56,0.986164
16,0,57,0.986164
16,0,58,0.986164
16,0,59,0.986164
16,0,60,0.986164
16,0,61,0.986164
16,0,62,0.986164
16,0,63,0.986164
16,0,64,0.986164
16,0,65,0.986164
16,0,66,0.986164
16,0,67,0.986164
16,0,68,0.986164
16,0,69,0.986164
16,0,70,0.986164
16,0,71,0.986164
16,0,72,0.986164
16,0,73,0.986164
16,0,74,0.986164
16,0,75,0.986164
16,0,76,0.986164
16,0,77,1.068313
16,0,78,1.179875
16,0,79,1.264082
16,0,80,1.264082
16,0,81,1.264082
16,0,82,1.264082
16,0,83,1.264082
16,0,84,1.264082
16,0,85,1.264082
16,0,86,1.267196
16,0,87,1.270706
16,0,88,1.270706
16,0,89,1.270706
16,0,90,1.270706
16,0,91,1.270706
16,0,92,1.270706
16,0,93,1.270706
16,0,94,1.270706
16,0,95,1.270706
16,0,96,1.270706
16,0,97,1.270706
16,0,98,1.270706
16,0,99,1.270706
16,0,100,1.270706
16,0,101,1.270706
16,0,102,1.270706
16,0,103,1.270706
16,0,104,1.270706
16,0,105,1.270706
16,0,106,1.270706
16,0,107,1.270706
16,0,108,1.270706
16,0,109,1.270706
16,0,110,1.270706
16,0,111,1.270706
16,0,112,1.270706
16,0,113,1.270706
16,0,114,1.270706
16,0,115,1.270706
16,0,116,1.270706
16,0,117,1.270706
16,0,118,1.270706
16,0,119,1.270706
16,0,120,1.270706
16,0,121,1.270706
16,0,122,1.270706
16,0,123,1.270706
16,0,124,1.270706
16,0,125,1.270706
16,0,126,1.270706
16,0,127,1.270706
16,0,128,1.270706
16,0,129,1.270706
16,0,130,1.270706
16,0,131,1.270706
16,0,132,1.270706
16,0,133,1.270706
16,0,134,1.270706
16,0,135,1.270706
16,0,136,1.270706
16,0,137,1.270706
16,0,138,1.270706
16,0,139,1.270706
16,0,140,1.270706
16,0,141,1.270706
16,0,142,1.270706
16,0,143,1.270706
16,0,144,1.270706
16,0,145,1.270706
16,0,146,1.270706
16,0,147,1.270706
16,0,148,1.270706
16,0,149,1.270706
16,0,150,1.270706
16,0,151,1.270706
16,0,152,1.270706
16,0,153,1.270706
16,0,154,1.270706
16,0,155,1.270706
16,0,156,1.270706
16,0,157,1.270706
16,0,158,1.270706
16,0,159,1.270706
16,0,160,1.270706
16,0,161,1.270706
16,0,162,1.270706
16,0,163,1.270706
16,0,164,1.270706
16,0,165,1.270706
16,0,166,1.270706
16,0,167,1.270706
16,0,168,1.270706
16,0,169,1.270706
16,0,170,1.270706
16,0,171,1.270706
16,0,172,1.270706
16,0,173,1.270706
16,0,174,1.270706
16,0,175,1.270706
16,0,176,1.270706
16,0,177,1.270706
16,0,178,1.270706
16,0,179,1.270706
16,0,180,1.270706
16,0,181,1.270706
16,0,182,1.270706
16,0,183,1.270706
16,0,184,1.270706
16,0,185,1.270706
16,0,186,1.270706
16,0,187,1.270706
16,0,188,1.270706
16,0,189,1.270706
16,0,190,1.270706
16,0,191,1.270706
16,0,192,1.270706
16,0,193,1.270706
16,0,194,1.270706
16,0,195,1.270706
16,0,196,1.270706
16,0,197,1.270706
16,0,198,1.270706
16,0,199,1.270706
16,0,200,1.270706
16,0,201,1.270706
16,0,202,1.270706
16,0,203,1.270706
16,0,204,1.270706
16,0,205,1.270706
16,0,206,1.270706
16,0,207,1.270706
16,0,208,1.270706
16,0,209,1.270706
16,0,210,1.270706
16,0,211,1.270706
16,0,212,1.270706
16,0,213,1.270706
16,0,214,1.270706
16,0,215,1.270706
16,0,216,1.270706
16,0,217,1.270706
16,0,218,1.270706
16,0,219,1.270706
16,0,220,1.270706
16,0,221,1.270706
16,0,222,1.270706
16,0,223,1.270706
16,0,224,1.270706
16,0,225,1.270706
16,0,226,1.270706
16,0,227,1.270706
16,0,228,1.270706
16,0,229,1.270706
16,0,230,1.270706
16,0,231,1.270706
16,0,232,1.270706
16,0,233,1.270706
16,0,234,1.270706
16,0,235,1.270706
16,0,236,1.270706
16,0,237,1.270706
16,0,238,1.270706
16,0,239,1.270706
16,0,240,1.270706
16,0,241,1.270706
16,0,242,1.270706
16,0,243,1.270706
16,0,244,1.270706
16,0,245,1.270706
16,0,246,1.270706
16,0,247,1.270706
16,0,248,1.270706
16,0,249,1.270706
16,0,250,1.270706
16,0,251,1.270706
17,0,0,1.000000
17,0,1,1.000000
17,0,2,0.961105
17,0,3,0.921899
17,0,4,0.921899
17,0,5,0.921899
17,0,6,0.921899
17,0,7,0.921899
17,0,8,0.921899
17,0,9,0.921899
17,0,10,0.921899
17,0,11,0.921899
17,0,12,0.921899
17,0,13,0.921899
17,0,14,0.921899
17,0,15,0.921899
17,0,16,0.921899
17,0,17,0.921899
17,0,18,0.921899
17,0,19,0.921899
17,0,20,0.921899
17,0,21,0.921899
17,0,22,0.921899
17,0,23,0.921899
17,0,24,0.921899
17,0,25,0.921899
17,0,26,0.921899
17,0,27,0.921899
17,0,28,0.921899
17,0,29,0.921899
17,0,30,0.921899
17,0,31,0.921899
17,0,32,0.921899
17,0,33,0.921899
17,0,34,0.825754
17,0,35,0.715639
17,0,36,0.715639
17,0,37,0.715639
17,0,38,0.715639
17,0,39,0.715639
17,0,40,0.715639
17,0,41,0.715639
17,0,42,0.715639
17,0,43,0.715639
17,0,44,0.715639
17,0,45,0.715639
17,0,46,0.715639
17,0,47,0.715639
17,0,48,0.715639
17,0,49,0.715639
17,0,50,0.715639
17,0,51,0.715639
17,0,52,0.715639
17,0,53,0.715639
17,0,54,0.715639
17,0,55,0.715639
17,0,56,0.715639
17,0,57,0.715639
17,0,58,0.715639
17,0,59,0.715639
17,0,60,0.715639
17,0,61,0.715639
17,0,62,0.715639
17,0,63,0.715639
17,0,64,0.715639
17,0,65,0.715639
17,0,66,0.715639
17,0,67,0.715639
17,0,68,0.715639
17,0,69,0.715639
17,0,70,0.715639
17,0,71,0.715639
17,0,72,0.715639
17,0,73,0.715639
17,0,74,0.715639
17,0,75,0.715639
17,0,76,0.715639
17,0,77,0.715639
17,0,78,0.715639
17,0,79,0.715639
17,0,80,0.715639
17,0,81,0.715639
17,0,82,0.715639
17,0,83,0.715639
17,0,84,0.715639
17,0,85,0.715639
17,0,86,0.715639
17,0,87,0.715639
17,0,88,0.715639
17,0,89,0.715639
17,0,90,0.715639
17,0,91,0.715639
17,0,92,0.715639
17,0,93,0.845316
17,0,94,0.912905
17,0,95,0.912905
17,0,96,0.912905
17,0,97,0.912905
17,0,98,0.912905
17,0,99,0.912905
17,0,100,0.912905
17,0,101,0.912905
17,0,102,0.912905
17,0,103,0.912905
17,0,104,0.912905
17,0,105,0.912905
17,0,106,0.912905
17,0,107,0.912905
17,0,108,0.912905
17,0,109,0.912905
17,0,110,0.912905
17,0,111,0.947252
17,0,112,1.131744
17,0,113,1.159222
17,0,114,1.159222
17,0,115,1.159222
17,0,116,1.159222
17,0,117,1.159222
17,0,118,1.159222
17,0,119,1.159222
17,0,120,1.159222
17,0,121,1.159222
17,0,122,1.159222
17,0,123,1.159222
17,0,124,1.159222
17,0,125,1.159222
17,0,126,1.159222
17,0,127,1.159222
17,0,128,1.159222
17,0,129,1.159222
17,0,130,1.159222
17,0,131,1.159222
17,0,132,1.159222
17,0,133,1.159222
17,0,134,1.159222
17,0,135,1.159222
17,0,136,1.159222
17,0,137,1.159222
17,0,138,1.159222
17,0,139,1.159222
17,0,140,1.159222
17,0,141,1.159222
17,0,142,1.159222
17,0,143,1.159222
17,0,144,1.159222
17,0,145,1.159222
17,0,146,1.159222
17,0,147,1.159222
17,0,148,1.159222
17,0,149,1.159222
17,0,150,1.159222
17,0,151,1.159222
17,0,152,1.159222
17,0,153,1.159222
17,0,154,1.159222
17,0,155,1.159222
17,0,156,1.159222
17,0,157,1.159222
17,0,158,1.159222
17,0,159,1.159222
17,0,160,1.159222
17,0,161,1.159222
17,0,162,1.159222
17,0,163,1.159222
17,0,164,1.159222
17,0,165,1.159222
17,0,166,1.159222
17,0,167,1.159222
17,0,168,1.159222
17,0,169,1.159222
17,0,170,1.159222
17,0,171,1.159222
17,0,172,1.159222
17,0,173,1.159222
17,0,174,1.159222
17,0,175,1.159222
17,0,176,1.159222
17,0,177,1.159222
17,0,178,1.159222
17,0,179,1.159222
17,0,180,1.159222
17,0,181,1.159222
17,0,182,1.159222
17,0,183,1.159222
17,0,184,1.159222
17,0,185,1.159222
17,0,186,1.159222
17,0,187,1.159222
17,0,188,1.159222
17,0,189,1.159222
17,0,190,1.159222
17,0,191,1.159222
17,0,192,1.159222
17,0,193,1.159222
17,0,194,1.159222
17,0,195,1.159222
17,0,196,1.159222
17,0,197,1.159222
17,0,198,1.159222
17,0,199,1.159222
17,0,200,1.159222
17,0,201,1.159222
17,0,202,1.159222
17,0,203,1.159222
17,0,204,1.159222
17,0,205,1.159222
17,0,206,1.159222
17,0,207,1.159222
17,0,208,1.159222
17,0,209,1.159222
17,0,210,1.159222
17,0,211,1.159222
17,0,212,1.159222
17,0,213,1.159222
17,0,214,1.159222
17,0,215,1.159222
17,0,216,1.159222
17,0,217,1.159222
17,0,218,1.159222
17,0,219,1.159222
17,0,220,1.159222
17,0,221,1.159222
17,0,222,1.159222
17,0,223,1.159222
17,0,224,1.159222
17,0,225,1.154645
17,0,226,1.150518
17,0,227,1.150518
17,0,228,1.150518
17,0,229,1.150518
17,0,230,1.150518
17,0,231,1.150518
17,0,232,1.150518
17,0,233,1.150518
17,0,234,1.150518
17,0,235,1.150518
17,0,236,1.150518
17,0,237,1.150518
17,0,238,1.150518
17,0,239,1.150518
17,0,240,1.150518
17,0,241,1.150518
17,0,242,1.150518
17,0,243,1.150518
17,0,244,1.150518
17,0,245,1.150518
17,0,246,1.150518
17,0,247,1.150518
17,0,248,1.150518
17,0,249,1.150518
17,0,250,1.153661
17,0,251,1.163040
18,0,0,1.000000
18,0,1,1.000000
18,0,2,1.000000
18,0,3,1.000000
18,0,4,1.000000
18,0,5,1.000000
18,0,6,1.000000
18,0,7,1.000000
18,0,8,1.000000
18,0,9,1.000000
18,0,10,1.000000
18,0,11,1.099738
18,0,12,1.253303
18,0,13,1.397369
18,0,14,1.397369
18,0,15,1.397369
18,0,16,1.354169
18,0,17,1.263071
18,0,18,1.171974
18,0,19,1.161644
18,0,20,1.161644
18,0,21,1.161644
18,0,22,1.161644
18,0,23,1.161644
18,0,24,1.161644
18,0,25,1.161644
18,0,26,1.161644
18,0,27,1.161644
18,0,28,1.161644
18,0,29,1.161644
18,0,30,1.161644
18,0,31,1.161644
18,0,32,1.161644
18,0,33,1.161644
18,0,34,1.161644
18,0,35,1.161644
18,0,36,1.161644
18,0,37,1.161644
18,0,38,1.161644
18,0,39,1.161644
18,0,40,1.161644
18,0,41,1.161644
18,0,42,1.161644
18,0,43,1.161644
18,0,44,1.161644
18,0,45,1.161644
18,0,46,1.161644
18,0,47,1.161644
18,0,48,1.161644
18,0,49,1.161644
18,0,50,1.161644
18,0,51,1.161644
18,0,52,1.161644
18,0,53,1.161644
18,0,54,1.161644
18,0,55,1.161644
18,0,56,1.161644
18,0,57,1.161644
18,0,58,1.161644
18,0,59,1.161644
18,0,60,1.161644
18,0,61,1.161644
18,0,62,1.161644
18,0,63,1.161644
18,0,64,1.161644
18,0,65,1.161644
18,0,66,1.161644
18,0,67,1.161644
18,0,68,1.161644
18,0,69,1.161644
18,0,70,1.161644
18,0,71,1.161644
18,0,72,1.161644
18,0,73,1.161644
18,0,74,1.161644
18,0,75,1.161644
18,0,76,1.161644
18,0,77,1.161644
18,0,78,1.161644
18,0,79,1.161644
18,0,80,1.161644
18,0,81,1.161644
18,0,82,1.161644
18,0,83,1.161644
18,0,84,1.161644
18,0,85,1.161644
18,0,86,1.161644
18,0,87,1.161644
18,0,88,1.161644
18,0,89,1.161644
18,0,90,1.161644
18,0,91,1.161644
18,0,92,1.161644
18,0,93,1.161644
18,0,94,1.161644
18,0,95,1.161644
18,0,96,1.196165
18,0,97,1.330106
18,0,98,1.464047
18,0,99,1.466573
18,0,100,1.404402
18,0,101,1.347359
18,0,102,1.347359
18,0,103,1.347359
18,0,104,1.347359
18,0,105,1.347359
18,0,106,1.347359
18,0,107,1.347359
18,0,108,1.347359
18,0,109,1.317736
18,0,110,1.225045
18,0,111,1.132354
18,0,112,1.107509
18,0,113,1.107509
18,0,114,1.107509
18,0,115,1.107509
18,0,116,1.107509
18,0,117,1.107509
18,0,118,1.107509
18,0,119,1.107509
18,0,120,1.107509
18,0,121,1.107509
18,0,122,1.107509
18,0,123,1.107509
18,0,124,1.107509
18,0,125,1.107509
18,0,126,1.107509
18,0,127,1.107509
18,0,128,1.107509
18,0,129,1.107509
18,0,130,1.107509
18,0,131,1.107509
18,0,132,1.107509
18,0,133,1.107509
18,0,134,1.107509
18,0,135,1.170610
18,0,136,1.312954
18,0,137,1.455298
18,0,138,1.475842
18,0,139,1.475842
18,0,140,1.475842
18,0,141,1.475842
18,0,142,1.475842
18,0,143,1.561986
18,0,144,1.688591
18,0,145,1.803449
18,0,146,1.803449
18,0,147,1.803449
18,0,148,1.803449
18,0,149,1.803449
18,0,150,1.803449
18,0,151,1.803449
18,0,152,1.803449
18,0,153,1.803449
18,0,154,1.803449
18,0,155,1.803449
18,0,156,1.756437
18,0,157,1.693102
18,0,158,1.639561
18,0,159,1.639561
18,0,160,1.639561
18,0,161,1.639561
18,0,162,1.639561
18,0,163,1.639561
18,0,164,1.639561
18,0,165,1.639561
18,0,166,1.639561
18,0,167,1.639561
18,0,168,1.639561
18,0,169,1.639561
18,0,170,1.639561
18,0,171,1.639561
18,0,172,1.639561
18,0,173,1.639561
18,0,174,1.639561
18,0,175,1.639561
18,0,176,1.639561
18,0,177,1.639561
18,0,178,1.639561
18,0,179,1.679982
18,0,180,1.769093
18,0,181,1.858203
18,0,182,1.870146
18,0,183,1.870146
18,0,184,1.870146
18,0,185,1.870146
18,0,186,1.870146
18,0,187,1.870146
18,0,188,1.870146
18,0,189,1.870146
18,0,190,1.870146
18,0,191,1.870146
18,0,192,1.870146
18,0,193,1.870146
18,0,194,1.870146
18,0,195,1.776295
18,0,196,1.675144
18,0,197,1.608406
18,0,198,1.608406
18,0,199,1.608406
18,0,200,1.608406
18,0,201,1.608406
18,0,202,1.608406
18,0,203,1.608406
18,0,204,1.608406
18,0,205,1.620792
18,0,206,1.642248
18,0,207,1.663703
18,0,208,1.663924
18,0,209,1.663924
18,0,210,1.663924
18,0,211,1.663924
18,0,212,1.663924
18,0,213,1.663684
18,0,214,1.663391
18,0,215,1.663164
18,0,216,1.663164
18,0,217,1.663164
18,0,218,1.812179
18,0,219,2.045315
18,0,220,2.266435
18,0,221,2.266435
18,0,222,2.266435
18,0,223,2.323811
18,0,224,2.447488
18,0,225,2.571165
18,0,226,2.586465
18,0,227,2.586465
18,0,228,2.586465
18,0,229,2.586465
18,0,230,2.586465
18,0,231,2.586465
18,0,232,2.586465
18,0,233,2.586465
18,0,234,2.586465
18,0,235,2.586465
18,0,236,2.586465
18,0,237,2.586465
18,0,238,2.586465
18,0,239,2.586465
18,0,240,2.586465
18,0,241,2.586465
18,0,242,2.586465
18,0,243,2.586465
18,0,244,2.586465
18,0,245,2.586465
18,0,246,2.586465
18,0,247,2.586465
18,0,248,2.586465
18,0,249,2.624440
18,0,250,2.689065
18,0,251,2.753689
19,0,0,1.000000
19,0,1,1.035007
19,0,2,1.055966
19,0,3,1.055966
19,0,4,1.055966
19,0,5,1.055966
19,0,6,1.055966
19,0,7,1.055966
19,0,8,1.055966
19,0,9,1.055966
19,0,10,1.055966
19,0,11,1.055966
19,0,12,1.055966
19,0,13,1.055966
19,0,14,1.055966
19,0,15,1.055966
19,0,16,1.055966
19,0,17,1.055966
19,0,18,1.055966
19,0,19,1.055966
19,0,20,1.055966
19,0,21,1.055966
19,0,22,1.055966
19,0,23,1.055966
19,0,24,1.055966
19,0,25,1.055966
19,0,26,1.055966
19,0,27,1.055966
19,0,28,1.055966
19,0,29,1.055966
19,0,30,1.055966
19,0,31,1.055966
19,0,32,1.055966
19,0,33,1.055966
19,0,34,1.055966
19,0,35,1.055966
19,0,36,1.055966
19,0,37,1.055966
19,0,38,1.055966
19,0,39,1.055966
19,0,40,1.055966
19,0,41,1.055966
19,0,42,1.055966
19,0,43,1.055966
19,0,44,1.055966
19,0,45,1.055966
19,0,46,1.055966
19,0,47,1.055966
19,0,48,1.055966
19,0,49,1.055966
19,0,50,1.055966
19,0,51,1.055966
19,0,52,1.055966
19,0,53,1.055966
19,0,54,1.055966
19,0,55,1.055966
19,0,56,1.055966
19,0,57,1.055966
19,0,58,1.055966
19,0,59,1.055966
19,0,60,1.055966
19,0,61,1.055966
19,0,62,1.055966
19,0,63,1.055966
19,0,64,1.055966
19,0,65,1.055966
19,0,66,1.055966
19,0,67,1.055966
19,0,68,1.055966
19,0,69,1.055966
19,0,70,1.055966
19,0,71,1.055966
19,0,72,1.055966
19,0,73,1.055966
19,0,74,1.055966
19,0,75,1.055966
19,0,76,1.055966
19,0,77,1.055966
19,0,78,1.055966
19,0,79,1.055966
19,0,80,1.055966
19,0,81,1.055966
19,0,82,1.055966
19,0,83,1.055966
19,0,84,1.055966
19,0,85,1.055966
19,0,86,1.055966
19,0,87,1.055966
19,0,88,1.055966
19,0,89,1.055966
19,0,90,1.055966
19,0,91,1.055966
19,0,92,1.055966
19,0,93,1.055966
19,0,94,1.055966
19,0,95,1.055966
19,0,96,1.055966
19,0,97,1.055966
19,0,98,1.055966
19,0,99,1.055966
19,0,100,1.055966
19,0,101,1.055966
19,0,102,1.055966
19,0,103,1.055966
19,0,104,1.055966
19,0,105,1.055966
19,0,106,1.055966
19,0,107,1.055966
19,0,108,1.055966
19,0,109,1.055966
19,0,110,1.055966
19,0,111,1.055966
19,0,112,1.055966
19,0,113,1.055966
19,0,114,1.055966
19,0,115,1.055966
19,0,116,1.055966
19,0,117,1.055966
19,0,118,1.055966
19,0,119,1.055966
19,0,120,1.055966
19,0,121,1.055966
19,0,122,1.055966
19,0,123,1.055966
19,0,124,1.055966
19,0,125,1.055966
19,0,126,1.055966
19,0,127,1.055966
19,0,128,1.055966
19,0,129,1.055966
19,0,130,1.055966
19,0,131,1.055966
19,0,132,0.935158
19,0,133,0.842426
19,0,134,0.842426
19,0,135,0.842426
19,0,136,0.842426
19,0,137,0.842426
19,0,138,0.842426
19,0,139,0.842426
19,0,140,0.842426
19,0,141,0.842426
19,0,142,0.842426
19,0,143,0.842426
19,0,144,0.842426
19,0,145,0.842426
19,0,146,0.842426
19,0,147,0.842426
19,0,148,0.842426
19,0,149,0.842426
19,0,150,0.842426
19,0,151,0.842426
19,0,152,0.842426
19,0,153,0.842426
19,0,154,0.906532
19,0,155,1.029271
19,0,156,1.038653
19,0,157,1.038653
19,0,158,1.038653
19,0,159,1.038653
19,0,160,1.038653
19,0,161,1.038653
19,0,162,1.021674
19,0,163,0.989559
19,0,164,0.987309
19,0,165,0.987309
19,0,166,0.987309
19,0,167,0.987309
19,0,168,0.987309
19,0,169,0.987309
19,0,170,0.987309
19,0,171,0.987309
19,0,172,0.931039
19,0,173,0.891229
19,0,174,0.891229
19,0,175,0.891229
19,0,176,0.891229
19,0,177,0.891229
19,0,178,0.891229
19,0,179,0.891229
19,0,180,0.891229
19,0,181,0.891229
19,0,182,0.891229
19,0,183,0.891229
19,0,184,0.891229
19,0,185,0.891229
19,0,186,0.891229
19,0,187,0.891229
19,0,188,0.891229
19,0,189,0.891229
19,0,190,0.891229
19,0,191,0.891229
19,0,192,0.891229
19,0,193,0.891229
19,0,194,0.891229
19,0,195,0.891229
19,0,196,0.891229
19,0,197,0.891229
19,0,198,0.891229
19,0,199,0.891229
19,0,200,0.891229
19,0,201,0.891229
19,0,202,0.891229
19,0,203,0.891229
19,0,204,0.891229
19,0,205,0.891229
19,0,206,0.891229
19,0,207,0.891229
19,0,208,0.879278
19,0,209,0.807115
19,0,210,0.775859
19,0,211,0.775859
19,0,212,0.775859
19,0,213,0.775859
19,0,214,0.775859
19,0,215,0.775859
19,0,216,0.775859
19,0,217,0.775859
19,0,218,0.775859
19,0,219,0.775859
19,0,220,0.775859
19,0,221,0.775859
19,0,222,0.775859
19,0,223,0.775859
19,0,224,0.775859
19,0,225,0.775859
19,0,226,0.775859
19,0,227,0.775859
19,0,228,0.775859
19,0,229,0.775859
19,0,230,0.775859
19,0,231,0.822108
19,0,232,0.870237
19,0,233,0.870237
19,0,234,0.870237
19,0,235,0.870237
19,0,236,0.870237
19,0,237,0.870237
19,0,238,0.870237
19,0,239,0.870237
19,0,240,0.870237
19,0,241,0.870237
19,0,242,0.870237
19,0,243,0.870237
19,0,244,0.870237
19,0,245,0.881189
19,0,246,0.908923
19,0,247,0.914576
19,0,248,0.906470
19,0,249,0.865417
19,0,250,0.848944
19,0,251,0.848944
20,0,0,1.000000
20,0,1,1.000000
20,0,2,1.000000
20,0,3,1.000000
20,0,4,1.000000
20,0,5,1.000000
20,0,6,1.000000
20,0,7,1.000000
20,0,8,1.000000
20,0,9,1.000000
20,0,10,1.000000
20,0,11,1.000000
20,0,12,1.000000
20,0,13,1.000000
20,0,14,1.000000
20,0,15,1.000000
20,0,16,1.000000
20,0,17,1.000000
20,0,18,1.000000
20,0,19,1.000000
20,0,20,1.000000
20,0,21,1.000000
20,0,22,1.000000
20,0,23,1.000000
20,0,24,1.000000
20,0,25,1.000000
20,0,26,1.000000
20,0,27,1.000000
20,0,28,1.000000
20,0,29,1.000000
20,0,30,1.000000
20,0,31,1.000000
20,0,32,1.000000
20,0,33,1.000000
20,0,34,1.000000
20,0,35,1.000000
20,0,36,1.000000
20,0,37,1.000000
20,0,38,1.000000
20,0,39,1.000000
20,0,40,1.000000
20,0,41,1.000000
20,0,42,1.000000
20,0,43,1.000000
20,0,44,1.000000
20,0,45,1.000000
20,0,46,1.000000
20,0,47,1.000000
20,0,48,1.000000
20,0,49,1.000000
20,0,50,1.000000
20,0,51,1.000000
20,0,52,1.000000
20,0,53,1.000000
20,0,54,1.000000
20,0,55,1.000000
20,0,56,1.000000
20,0,57,1.000000
20,0,58,1.000000
20,0,59,1.000000
20,0,60,1.000000
20,0,61,1.017095
20,0,62,1.065154
20,0,63,1.080959
20,0,64,1.080959
20,0,65,1.080959
20,0,66,1.080959
20,0,67,1.080959
20,0,68,1.080959
20,0,69,1.080959
20,0,70,0.984127
20,0,71,0.906103
20,0,72,0.906103
20,0,73,0.900618
20,0,74,0.890890
20,0,75,0.889714
20,0,76,0.889714
20,0,77,0.889714
20,0,78,0.889714
20,0,79,0.889714
20,0,80,0.889714
20,0,81,0.889714
20,0,82,0.889714
20,0,83,0.889714
20,0,84,0.889714
20,0,85,0.889714
20,0,86,0.889714
20,0,87,0.889714
20,0,88,0.889714
20,0,89,0.889714
20,0,90,0.889714
20,0,91,0.889714
20,0,92,0.889714
20,0,93,0.885092
20,0,94,0.871848
20,0,95,0.867404
20,0,96,0.867404
20,0,97,0.867404
20,0,98,0.867404
20,0,99,0.867404
20,0,100,0.867404
20,0,101,0.867404
20,0,102,0.867404
20,0,103,0.867404
20,0,104,0.867404
20,0,105,0.867404
20,0,106,0.867404
20,0,107,0.867404
20,0,108,0.867404
20,0,109,0.867404
20,0,110,0.867404
20,0,111,0.867404
20,0,112,0.867404
20,0,113,0.867404
20,0,114,0.867404
20,0,115,0.867404
20,0,116,0.867404
20,0,117,0.867404
20,0,118,0.867404
20,0,119,0.867404
20,0,120,0.867404
20,0,121,0.867404
20,0,122,0.867404
20,0,123,0.867404
20,0,124,0.867404
20,0,125,0.867404
20,0,126,0.867404
20,0,127,0.867404
20,0,128,0.867404
20,0,129,0.867404
20,0,130,0.867404
20,0,131,0.867404
20,0,132,0.867404
20,0,133,0.867404
20,0,134,0.867404
20,0,135,0.867404
20,0,136,0.867404
20,0,137,0.867404
20,0,138,0.867404
20,0,139,0.867404
20,0,140,0.867404
20,0,141,0.867404
20,0,142,0.867404
20,0,143,0.867404
20,0,144,0.902246
20,0,145,0.952786
20,0,146,1.055563
20,0,147,1.112815
20,0,148,1.112815
20,0,149,1.112815
20,0,150,1.112815
20,0,151,1.112815
20,0,152,1.112815
20,0,153,1.112815
20,0,154,1.112815
20,0,155,1.112815
20,0,156,1.112815
20,0,157,1.112815
20,0,158,1.112815
20,0,159,1.112815
20,0,160,1.112815
20,0,161,1.112815
20,0,162,1.112815
20,0,163,1.112815
20,0,164,1.418168
20,0,165,1.929378
20,0,166,1.973980
20,0,167,1.973980
20,0,168,1.973980
20,0,169,1.973980
20,0,170,1.973980
20,0,171,1.774937
20,0,172,1.583668
20,0,173,1.583668
20,0,174,1.583668
20,0,175,1.583668
20,0,176,1.583668
20,0,177,1.583668
20,0,178,1.583668
20,0,179,1.583668
20,0,180,1.583668
20,0,181,1.583668
20,0,182,1.583668
20,0,183,1.583668
20,0,184,1.583668
20,0,185,1.583668
20,0,186,1.583668
20,0,187,1.583668
20,0,188,1.583668
20,0,189,1.583668
20,0,190,1.583668
20,0,191,1.583668
20,0,192,1.583668
20,0,193,1.583668
20,0,194,1.583668
20,0,195,1.583668
20,0,196,1.583668
20,0,197,1.583668
20,0,198,1.583668
20,0,199,1.583668
20,0,200,1.583668
20,0,201,1.583668
20,0,202,1.583668
20,0,203,1.583668
20,0,204,1.583668
20,0,205,1.583668
20,0,206,1.583668
20,0,207,1.583668
20,0,208,1.583668
20,0,209,1.583668
20,0,210,1.583668
20,0,211,1.583668
20,0,212,1.583668
20,0,213,1.583668
20,0,214,1.583668
20,0,215,1.583668
20,0,216,1.583668
20,0,217,1.583668
20,0,218,1.583668
20,0,219,1.583668
20,0,220,1.583668
20,0,221,1.583668
20,0,222,1.583668
20,0,223,1.583668
20,0,224,1.583668
20,0,225,1.583668
20,0,226,1.583668
20,0,227,1.583668
20,0,228,1.583668
20,0,229,1.583668
20,0,230,1.583668
20,0,231,1.583668
20,0,232,1.583668
20,0,233,1.583668
20,0,234,1.583668
20,0,235,1.583668
20,0,236,1.583668
20,0,237,1.583668
20,0,238,1.583668
20,0,239,1.583668
20,0,240,1.583668
20,0,241,1.583668
20,0,242,1.583668
20,0,243,1.583668
20,0,244,1.583668
20,0,245,1.583668
20,0,246,1.590029
20,0,247,1.708493
20,0,248,1.719244
20,0,249,1.545901
20,0,250,1.491222
20,0,251,1.491222
21,0,0,1.000000
21,0,1,1.000000
21,0,2,1.000000
21,0,3,1.000000
21,0,4,1.000000
21,0,5,1.000000
21,0,6,1.000000
21,0,7,1.000000
21,0,8,1.000000
21,0,9,1.000000
21,0,10,1.000000
21,0,11,1.000000
21,0,12,0.951337
21,0,13,0.781583
21,0,14,0.715944
21,0,15,0.715944
21,0,16,0.715944
21,0,17,0.715944
21,0,18,0.715944
21,0,19,0.715944
21,0,20,0.715944
21,0,21,0.715944
21,0,22,0.715944
21,0,23,0.715944
21,0,24,0.715944
21,0,25,0.715944
21,0,26,0.715944
21,0,27,0.715944
21,0,28,0.715944
21,0,29,0.843115
21,0,30,1.072942
21,0,31,1.100521
21,0,32,1.100521
21,0,33,1.100521
21,0,34,1.100521
21,0,35,1.100521
21,0,36,1.100521
21,0,37,1.100521
21,0,38,1.100521
21,0,39,1.280065
21,0,40,1.629827
21,0,41,1.685788
21,0,42,1.675780
21,0,43,1.615728
21,0,44,1.585302
21,0,45,1.585302
21,0,46,1.585302
21,0,47,1.585302
21,0,48,1.585302
21,0,49,1.585302
21,0,50,1.585302
21,0,51,1.585302
21,0,52,1.585302
21,0,53,1.585302
21,0,54,1.585302
21,0,55,1.585302
21,0,56,1.585302
21,0,57,1.585302
21,0,58,1.585302
21,0,59,1.585302
21,0,60,1.585302
21,0,61,1.585302
21,0,62,1.585302
21,0,63,1.585302
21,0,64,1.612945
21,0,65,1.679823
21,0,66,1.624546
21,0,67,1.532896
21,0,68,1.532896
21,0,69,1.532896
21,0,70,1.532896
21,0,71,1.532896
21,0,72,1.532896
21,0,73,1.532896
21,0,74,1.532896
21,0,75,1.532896
21,0,76,1.532896
21,0,77,1.532896
21,0,78,1.532896
21,0,79,1.532896
21,0,80,1.532896
21,0,81,1.532896
21,0,82,1.532896
21,0,83,1.532896
21,0,84,1.532896
21,0,85,1.532896
21,0,86,1.532896
21,0,87,1.532896
21,0,88,1.532896
21,0,89,1.532896
21,0,90,1.532896
21,0,91,1.532896
21,0,92,1.532896
21,0,93,1.532896
21,0,94,1.532896
21,0,95,1.532896
21,0,96,1.532896
21,0,97,1.532896
21,0,98,1.532896
21,0,99,1.532896
21,0,100,1.532896
21,0,101,1.532896
21,0,102,1.532896
21,0,103,1.532896
21,0,104,1.532896
21,0,105,1.532896
21,0,106,1.532896
21,0,107,1.532896
21,0,108,1.532896
21,0,109,1.532896
21,0,110,1.532896
21,0,111,1.532896
21,0,112,1.532896
21,0,113,1.532896
21,0,114,1.532896
21,0,115,1.532896
21,0,116,1.532896
21,0,117,1.532896
21,0,118,1.532896
21,0,119,1.532896
21,0,120,1.532896
21,0,121,1.532896
21,0,122,1.532896
21,0,123,1.532896
21,0,124,1.634968
21,0,125,2.223848
21,0,126,2.518288
21,0,127,2.518288
21,0,128,2.518288
21,0,129,2.518288
21,0,130,2.518288
21,0,131,2.518288
21,0,132,2.518288
21,0,133,2.518288
21,0,134,2.518288
21,0,135,2.518288
21,0,136,2.518288
21,0,137,2.518288
21,0,138,2.518288
21,0,139,2.518288
21,0,140,2.518288
21,0,141,2.518288
21,0,142,2.518288
21,0,143,2.518288
21,0,144,2.518288
21,0,145,2.518288
21,0,146,2.518288
21,0,147,2.518288
21,0,148,2.518288
21,0,149,2.518288
21,0,150,2.518288
21,0,151,2.518288
21,0,152,2.518288
21,0,153,2.518288
21,0,154,2.518288
21,0,155,2.518288
21,0,156,2.543467
21,0,157,2.609726
21,0,158,2.629162
21,0,159,2.629162
21,0,160,2.629162
21,0,161,2.629162
21,0,162,2.629162
21,0,163,2.629162
21,0,164,2.629162
21,0,165,2.629162
21,0,166,2.629162
21,0,167,2.629162
21,0,168,2.629162
21,0,169,2.629162
21,0,170,2.629162
21,0,171,2.629162
21,0,172,2.629162
21,0,173,2.629162
21,0,174,2.629162
21,0,175,2.629162
21,0,176,2.629162
21,0,177,2.629162
21,0,178,2.629162
21,0,179,2.629162
21,0,180,2.629162
21,0,181,2.629162
21,0,182,2.629162
21,0,183,2.629162
21,0,184,2.629162
21,0,185,2.629162
21,0,186,2.629162
21,0,187,2.629162
21,0,188,2.629162
21,0,189,2.629162
21,0,190,2.629162
21,0,191,2.629162
21,0,192,2.629162
21,0,193,2.629162
21,0,194,2.629162
21,0,195,2.629162
21,0,196,2.629162
21,0,197,2.629162
21,0,198,2.629162
21,0,199,2.629162
21,0,200,2.629162
21,0,201,2.629162
21,0,202,2.629162
21,0,203,2.629162
21,0,204,2.629162
21,0,205,2.629162
21,0,206,2.629162
21,0,207,2.629162
21,0,208,2.629162
21,0,209,2.629162
21,0,210,2.629162
21,0,211,2.629162
21,0,212,2.629162
21,0,213,2.629162
21,0,214,2.629162
21,0,215,2.629162
21,0,216,2.629162
21,0,217,2.629162
21,0,218,2.629162
21,0,219,2.629162
21,0,220,2.629162
21,0,221,2.629162
21,0,222,2.629162
21,0,223,2.629162
21,0,224,2.629162
21,0,225,2.629162
21,0,226,2.629162
21,0,227,2.629162
21,0,228,2.629162
21,0,229,2.629162
21,0,230,2.629162
21,0,231,2.629162
21,0,232,2.629162
21,0,233,2.629162
21,0,234,2.629162
21,0,235,2.629162
21,0,236,2.629162
21,0,237,2.629162
21,0,238,2.629162
21,0,239,2.629162
21,0,240,2.629162
21,0,241,2.629162
21,0,242,2.629162
21,0,243,2.629162
21,0,244,2.629162
21,0,245,2.629162
21,0,246,2.629162
21,0,247,2.629162
21,0,248,2.629162
21,0,249,2.629162
21,0,250,2.563610
21,0,251,2.466255
22,0,0,1.000000
22,0,1,1.000000
22,0,2,1.000000
22,0,3,1.000000
22,0,4,1.000000
22,0,5,1.000000
22,0,6,1.000000
22,0,7,1.000000
22,0,8,1.000000
22,0,9,1.000000
22,0,10,1.000000
22,0,11,1.000000
22,0,12,1.000000
22,0,13,1.029463
22,0,14,1.153631
22,0,15,1.176079
22,0,16,1.176079
22,0,17,1.176079
22,0,18,1.344284
22,0,19,1.418719
22,0,20,1.418719
22,0,21,1.418719
22,0,22,1.418719
22,0,23,1.418719
22,0,24,1.418719
22,0,25,1.418719
22,0,26,1.418719
22,0,27,1.418719
22,0,28,1.418719
22,0,29,1.315580
22,0,30,1.189623
22,0,31,1.189623
22,0,32,1.189623
22,0,33,1.189623
22,0,34,1.189623
22,0,35,1.189623
22,0,36,1.189623
22,0,37,1.189623
22,0,38,1.189623
22,0,39,1.189623
22,0,40,1.189623
22,0,41,1.189623
22,0,42,1.189623
22,0,43,1.189623
22,0,44,1.189623
22,0,45,1.189623
22,0,46,1.189623
22,0,47,1.189623
22,0,48,1.189623
22,0,49,1.189623
22,0,50,1.189623
22,0,51,1.189623
22,0,52,1.189623
22,0,53,1.189623
22,0,54,1.189623
22,0,55,1.189623
22,0,56,1.189623
22,0,57,1.189623
22,0,58,1.189623
22,0,59,1.189623
22,0,60,1.189623
22,0,61,1.189623
22,0,62,1.189623
22,0,63,1.189623
22,0,64,1.189623
22,0,65,1.189623
22,0,66,1.294097
22,0,67,1.417624
22,0,68,1.518068
22,0,69,1.524878
22,0,70,1.524878
22,0,71,1.519895
22,0,72,1.468015
22,0,73,1.451308
22,0,74,1.451308
22,0,75,1.451308
22,0,76,1.451308
22,0,77,1.451308
22,0,78,1.451308
22,0,79,1.451308
22,0,80,1.451308
22,0,81,1.451308
22,0,82,1.451308
22,0,83,1.451308
22,0,84,1.451308
22,0,85,1.451308
22,0,86,1.451308
22,0,87,1.451308
22,0,88,1.451308
22,0,89,1.451308
22,0,90,1.451308
22,0,91,1.451308
22,0,92,1.451308
22,0,93,1.451308
22,0,94,1.451308
22,0,95,1.451308
22,0,96,1.451308
22,0,97,1.451308
22,0,98,1.451308
22,0,99,1.451308
22,0,100,1.451308
22,0,101,1.451308
22,0,102,1.451308
22,0,103,1.451308
22,0,104,1.451308
22,0,105,1.451308
22,0,106,1.451308
22,0,107,1.451308
22,0,108,1.451308
22,0,109,1.451308
22,0,110,1.451308
22,0,111,1.451308
22,0,112,1.451308
22,0,113,1.451308
22,0,114,1.451308
22,0,115,1.451308
22,0,116,1.451308
22,0,117,1.451308
22,0,118,1.451308
22,0,119,1.451308
22,0,120,1.451308
22,0,121,1.451308
22,0,122,1.451308
22,0,123,1.451308
22,0,124,1.451308
22,0,125,1.451308
22,0,126,1.451308
22,0,127,1.451308
22,0,128,1.451308
22,0,129,1.451308
22,0,130,1.451308
22,0,131,1.451308
22,0,132,1.451308
22,0,133,1.451308
22,0,134,1.451308
22,0,135,1.451308
22,0,136,1.451308
22,0,137,1.451308
22,0,138,1.451308
22,0,139,1.451308
22,0,140,1.451308
22,0,141,1.451308
22,0,142,1.451308
22,0,143,1.451308
22,0,144,1.451308
22,0,145,1.451308
22,0,146,1.451308
22,0,147,1.451308
22,0,148,1.451308
22,0,149,1.451308
22,0,150,1.451308
22,0,151,1.451308
22,0,152,1.451308
22,0,153,1.451308
22,0,154,1.451308
22,0,155,1.451308
22,0,156,1.451308
22,0,157,1.451308
22,0,158,1.451308
22,0,159,1.451308
22,0,160,1.451308
22,0,161,1.451308
22,0,162,1.451308
22,0,163,1.451308
22,0,164,1.451308
22,0,165,1.451308
22,0,166,1.451308
22,0,167,1.451308
22,0,168,1.451308
22,0,169,1.451308
22,0,170,1.451308
22,0,171,1.451308
22,0,172,1.451308
22,0,173,1.451308
22,0,174,1.451308
22,0,175,1.451308
22,0,176,1.451308
22,0,177,1.451308
22,0,178,1.451308
22,0,179,1.451308
22,0,180,1.451308
22,0,181,1.451308
22,0,182,1.451308
22,0,183,1.451308
22,0,184,1.451308
22,0,185,1.451308
22,0,186,1.451308
22,0,187,1.451308
22,0,188,1.451308
22,0,189,1.451308
22,0,190,1.451308
22,0,191,1.451308
22,0,192,1.451308
22,0,193,1.451308
22,0,194,1.451308
22,0,195,1.451308
22,0,196,1.451308
22,0,197,1.451308
22,0,198,1.451308
22,0,199,1.451308
22,0,200,1.451308
22,0,201,1.451308
22,0,202,1.451308
22,0,203,1.451308
22,0,204,1.451308
22,0,205,1.451308
22,0,206,1.451308
22,0,207,1.451308
22,0,208,1.451308
22,0,209,1.451308
22,0,210,1.451308
22,0,211,1.451308
22,0,212,1.451308
22,0,213,1.451308
22,0,214,1.451308
22,0,215,1.451308
22,0,216,1.451308
22,0,217,1.451308
22,0,218,1.451308
22,0,219,1.451308
22,0,220,1.451308
22,0,221,1.451308
22,0,222,1.451308
22,0,223,1.451308
22,0,224,1.451308
22,0,225,1.451308
22,0,226,1.451308
22,0,227,1.451308
22,0,228,1.451308
22,0,229,1.451308
22,0,230,1.451308
22,0,231,1.451308
22,0,232,1.451308
22,0,233,1.451308
22,0,234,1.451308
22,0,235,1.451308
22,0,236,1.451308
22,0,237,1.451308
22,0,238,1.451308
22,0,239,1.451308
22,0,240,1.451308
22,0,241,1.451308
22,0,242,1.451308
22,0,243,1.451308
22,0,244,1.451308
22,0,245,1.451308
22,0,246,1.451308
22,0,247,1.451308
22,0,248,1.451308
22,0,249,1.451308
22,0,250,1.451308
22,0,251,1.451308
23,0,0,1.000000
23,0,1,1.000000
23,0,2,0.961105
23,0,3,0.921899
23,0,4,0.921899
23,0,5,0.921899
23,0,6,0.921899
23,0,7,0.921899
23,0,8,0.921899
23,0,9,0.921899
23,0,10,0.921899
23,0,11,0.921899
23,0,12,0.921899
23,0,13,0.921899
23,0,14,0.921899
23,0,15,0.921899
23,0,16,0.921899
23,0,17,0.921899
23,0,18,0.921899
23,0,19,0.921899
23,0,20,0.921899
23,0,21,0.921899
23,0,22,0.921899
23,0,23,0.921899
23,0,24,0.921899
23,0,25,0.921899
23,0,26,0.921899
23,0,27,0.921899
23,0,28,0.921899
23,0,29,0.921899
23,0,30,0.921899
23,0,31,0.921899
23,0,32,0.921899
23,0,33,0.921899
23,0,34,0.921899
23,0,35,0.921899
23,0,36,0.921899
23,0,37,0.921899
23,0,38,0.921899
23,0,39,0.921899
23,0,40,0.921899
23,0,41,0.921899
23,0,42,0.921899
23,0,43,0.921899
23,0,44,0.921899
23,0,45,0.921899
23,0,46,0.921899
23,0,47,0.921899
23,0,48,0.921899
23,0,49,0.921899
23,0,50,0.921899
23,0,51,0.921899
23,0,52,0.921899
23,0,53,0.921899
23,0,54,0.921899
23,0,55,0.921899
23,0,56,0.921899
23,0,57,0.921899
23,0,58,0.921899
23,0,59,0.921899
23,0,60,0.921899
23,0,61,0.921899
23,0,62,0.921899
23,0,63,0.921899
23,0,64,0.921899
23,0,65,0.921899
23,0,66,0.921899
23,0,67,0.921899
23,0,68,0.921899
23,0,69,0.921899
23,0,70,0.921899
23,0,71,0.921899
23,0,72,0.921899
23,0,73,0.921899
23,0,74,0.921899
23,0,75,0.921899
23,0,76,0.921899
23,0,77,0.921899
23,0,78,0.921899
23,0,79,0.921899
23,0,80,0.921899
23,0,81,0.921899
23,0,82,0.921899
23,0,83,0.921899
23,0,84,0.921899
23,0,85,0.921899
23,0,86,0.921899
23,0,87,0.921899
23,0,88,0.921899
23,0,89,0.921899
23,0,90,0.921899
23,0,91,0.921899
23,0,92,0.921899
23,0,93,0.921899
23,0,94,0.921899
23,0,95,0.921899
23,0,96,0.921899
23,0,97,0.921899
23,0,98,0.921899
23,0,99,0.921899
23,0,100,0.921899
23,0,101,0.921899
23,0,102,0.921899
23,0,103,0.921899
23,0,104,0.921899
23,0,105,0.991030
23,0,106,1.029009
23,0,107,1.029009
23,0,108,1.029009
23,0,109,1.029009
23,0,110,1.029009
23,0,111,1.029009
23,0,112,1.029009
23,0,113,1.029009
23,0,114,1.029009
23,0,115,1.029009
23,0,116,1.029009
23,0,117,1.029009
23,0,118,1.029009
23,0,119,1.065511
23,0,120,1.273467
23,0,121,1.306652
23,0,122,1.306652
23,0,123,1.306652
23,0,124,1.306652
23,0,125,1.306652
23,0,126,1.306652
23,0,127,1.304116
23,0,128,1.288735
23,0,129,1.286117
23,0,130,1.286117
23,0,131,1.286117
23,0,132,1.286117
23,0,133,1.286117
23,0,134,1.286117
23,0,135,1.286117
23,0,136,1.286117
23,0,137,1.286117
23,0,138,1.286117
23,0,139,1.286117
23,0,140,1.286117
23,0,141,1.286117
23,0,142,1.286117
23,0,143,1.286117
23,0,144,1.286117
23,0,145,1.286117
23,0,146,1.286117
23,0,147,1.286117
23,0,148,1.286117
23,0,149,1.286117
23,0,150,1.286117
23,0,151,1.286117
23,0,152,1.286117
23,0,153,1.286117
23,0,154,1.286117
23,0,155,1.286117
23,0,156,1.286117
23,0,157,1.286117
23,0,158,1.286117
23,0,159,1.286117
23,0,160,1.286117
23,0,161,1.286117
23,0,162,1.286117
23,0,163,1.286117
23,0,164,1.286117
23,0,165,1.286117
23,0,166,1.286117
23,0,167,1.286117
23,0,168,1.286117
23,0,169,1.286117
23,0,170,1.286117
23,0,171,1.286117
23,0,172,1.286117
23,0,173,1.286117
23,0,174,1.286117
23,0,175,1.286117
23,0,176,1.286117
23,0,177,1.286117
23,0,178,1.286117
23,0,179,1.286117
23,0,180,1.286117
23,0,181,1.286117
23,0,182,1.286117
23,0,183,1.286117
23,0,184,1.286117
23,0,185,1.286117
23,0,186,1.286117
23,0,187,1.286117
23,0,188,1.286117
23,0,189,1.286117
23,0,190,1.286117
23,0,191,1.286117
23,0,192,1.286117
23,0,193,1.286117
23,0,194,1.286117
23,0,195,1.286117
23,0,196,1.286117
23,0,197,1.286117
23,0,198,1.286117
23,0,199,1.286117
23,0,200,1.286117
23,0,201,1.286117
23,0,202,1.286117
23,0,203,1.286117
23,0,204,1.286117
23,0,205,1.286117
23,0,206,1.286117
23,0,207,1.286117
23,0,208,1.286117
23,0,209,1.286117
23,0,210,1.286117
23,0,211,1.286117
23,0,212,1.286117
23,0,213,1.286117
23,0,214,1.286117
23,0,215,1.285771
23,0,216,1.278539
23,0,217,1.276461
23,0,218,1.276461
23,0,219,1.276461
23,0,220,1.276461
23,0,221,1.276461
23,0,222,1.276461
23,0,223,1.276461
23,0,224,1.276461
23,0,225,1.276461
23,0,226,1.276461
23,0,227,1.276461
23,0,228,1.276461
23,0,229,1.276461
23,0,230,1.276461
23,0,231,1.276461
23,0,232,1.276461
23,0,233,1.276461
23,0,234,1.276461
23,0,235,1.276461
23,0,236,1.276461
23,0,237,1.276461
23,0,238,1.276461
23,0,239,1.276461
23,0,240,1.276461
23,0,241,1.276461
23,0,242,1.276461
23,0,243,1.276461
23,0,244,1.276461
23,0,245,1.276461
23,0,246,1.276461
23,0,247,1.276461
23,0,248,1.276461
23,0,249,1.276461
23,0,250,1.276461
23,0,251,1.276461
24,0,0,1.000000
24,0,1,1.000000
24,0,2,1.000000
24,0,3,1.000000
24,0,4,1.000000
24,0,5,1.000000
24,0,6,1.000000
24,0,7,1.000000
24,0,8,1.000000
24,0,9,1.000000
24,0,10,1.000000
24,0,11,1.000000
24,0,12,1.000000
24,0,13,1.000000
24,0,14,1.000000
24,0,15,1.000000
24,0,16,1.000000
24,0,17,1.000000
24,0,18,1.000000
24,0,19,1.000000
24,0,20,1.000000
24,0,21,1.000000
24,0,22,1.000000
24,0,23,1.000000
24,0,24,1.000000
24,0,25,1.000000
24,0,26,1.000000
24,0,27,1.000000
24,0,28,1.000000
24,0,29,1.000000
24,0,30,1.000000
24,0,31,1.003068
24,0,32,1.009988
24,0,33,1.015102
24,0,34,1.015102
24,0,35,1.015102
24,0,36,1.015102
24,0,37,1.015102
24,0,38,1.015102
24,0,39,1.015102
24,0,40,1.015102
24,0,41,1.015102
24,0,42,1.015102
24,0,43,1.015102
24,0,44,1.015102
24,0,45,1.015102
24,0,46,1.015102
24,0,47,1.015102
24,0,48,1.015102
24,0,49,1.015102
24,0,50,1.015102
24,0,51,1.015102
24,0,52,1.015102
24,0,53,1.015102
24,0,54,1.015102
24,0,55,1.015102
24,0,56,1.015102
24,0,57,1.015102
24,0,58,1.015102
24,0,59,1.015102
24,0,60,1.015102
24,0,61,1.015102
24,0,62,1.015102
24,0,63,1.015102
24,0,64,1.015102
24,0,65,1.015102
24,0,66,1.015102
24,0,67,1.015102
24,0,68,1.015102
24,0,69,1.015102
24,0,70,1.015102
24,0,71,1.015102
24,0,72,1.015102
24,0,73,1.015102
24,0,74,1.015102
24,0,75,1.015102
24,0,76,1.015102
24,0,77,1.015102
24,0,78,1.015102
24,0,79,1.015102
24,0,80,1.015102
24,0,81,1.015102
24,0,82,1.015102
24,0,83,1.015102
24,0,84,1.015102
24,0,85,1.015102
24,0,86,1.015102
24,0,87,1.015102
24,0,88,1.015102
24,0,89,1.015102
24,0,90,1.015102
24,0,91,1.015102
24,0,92,1.015102
24,0,93,1.015102
24,0,94,1.015102
24,0,95,1.015102
24,0,96,1.015102
24,0,97,1.015102
24,0,98,1.015102
24,0,99,1.123700
24,0,100,1.262464
24,0,101,1.279324
24,0,102,1.214914
24,0,103,1.177389
24,0,104,1.177389
24,0,105,1.177389
24,0,106,1.177389
24,0,107,1.177389
24,0,108,1.177389
24,0,109,1.177389
24,0,110,1.093886
24,0,111,0.997858
24,0,112,0.967797
24,0,113,0.967797
24,0,114,0.967797
24,0,115,0.967797
24,0,116,0.967797
24,0,117,0.967797
24,0,118,0.967797
24,0,119,0.967797
24,0,120,0.967797
24,0,121,0.967797
24,0,122,0.967797
24,0,123,0.967797
24,0,124,0.967797
24,0,125,0.967797
24,0,126,0.967797
24,0,127,0.967797
24,0,128,0.967797
24,0,129,0.967797
24,0,130,0.967797
24,0,131,0.974208
24,0,132,1.121678
24,0,133,1.269147
24,0,134,1.289664
24,0,135,1.289664
24,0,136,1.289664
24,0,137,1.289664
24,0,138,1.289664
24,0,139,1.289664
24,0,140,1.289664
24,0,141,1.289664
24,0,142,1.289664
24,0,143,1.289664
24,0,144,1.289664
24,0,145,1.289664
24,0,146,1.289664
24,0,147,1.289664
24,0,148,1.289664
24,0,149,1.289664
24,0,150,1.289664
24,0,151,1.289664
24,0,152,1.289664
24,0,153,1.289664
24,0,154,1.289664
24,0,155,1.287796
24,0,156,1.234097
24,0,157,1.180397
24,0,158,1.154254
24,0,159,1.132892
24,0,160,1.125833
24,0,161,1.125833
24,0,162,1.100082
24,0,163,1.047202
24,0,164,1.010416
24,0,165,1.010416
24,0,166,1.010416
24,0,167,1.010416
24,0,168,1.010416
24,0,169,1.010416
24,0,170,1.010416
24,0,171,1.010416
24,0,172,1.010416
24,0,173,1.010416
24,0,174,1.010416
24,0,175,1.010416
24,0,176,1.010416
24,0,177,1.010416
24,0,178,1.010416
24,0,179,1.010416
24,0,180,1.010416
24,0,181,1.010416
24,0,182,1.010416
24,0,183,1.010416
24,0,184,1.010416
24,0,185,1.010416
24,0,186,1.010416
24,0,187,1.010416
24,0,188,1.010416
24,0,189,1.010416
24,0,190,1.018585
24,0,191,1.090855
24,0,192,1.163125
24,0,193,1.168152
24,0,194,1.168152
24,0,195,1.168152
24,0,196,1.168152
24,0,197,1.168152
24,0,198,1.168152
24,0,199,1.168152
24,0,200,1.168152
24,0,201,1.168152
24,0,202,1.168152
24,0,203,1.168152
24,0,204,1.168152
24,0,205,1.168152
24,0,206,1.168152
24,0,207,1.168152
24,0,208,1.180200
24,0,209,1.198674
24,0,210,1.208474
24,0,211,1.208474
24,0,212,1.208474
24,0,213,1.208474
24,0,214,1.208474
24,0,215,1.208474
24,0,216,1.208474
24,0,217,1.208474
24,0,218,1.208474
24,0,219,1.208474
24,0,220,1.208474
24,0,221,1.176084
24,0,222,1.117885
24,0,223,1.148649
24,0,224,1.328374
24,0,225,1.473716
24,0,226,1.473716
24,0,227,1.473716
24,0,228,1.473716
24,0,229,1.473716
24,0,230,1.473716
24,0,231,1.473716
24,0,232,1.473716
24,0,233,1.473716
24,0,234,1.473716
24,0,235,1.473716
24,0,236,1.473716
24,0,237,1.473716
24,0,238,1.473716
24,0,239,1.473716
24,0,240,1.473716
24,0,241,1.473716
24,0,242,1.473716
24,0,243,1.473716
24,0,244,1.473716
24,0,245,1.497076
24,0,246,1.539718
24,0,247,1.566786
24,0,248,1.566786
24,0,249,1.575261
24,0,250,1.621673
24,0,251,1.668084
25,0,0,1.000000
25,0,1,1.037459
25,0,2,1.055966
25,0,3,1.055966
25,0,4,1.055966
25,0,5,1.055966
25,0,6,1.055966
25,0,7,1.055966
25,0,8,1.055966
25,0,9,1.055966
25,0,10,1.055966
25,0,11,1.055966
25,0,12,1.055966
25,0,13,1.055966
25,0,14,1.055966
25,0,15,1.055966
25,0,16,1.055966
25,0,17,1.055966
25,0,18,1.055966
25,0,19,1.055966
25,0,20,1.055966
25,0,21,1.055966
25,0,22,1.055966
25,0,23,0.946003
25,0,24,0.777170
25,0,25,0.777170
25,0,26,0.777170
25,0,27,0.777170
25,0,28,0.777170
25,0,29,0.777170
25,0,30,0.777170
25,0,31,0.777170
25,0,32,0.777170
25,0,33,0.777170
25,0,34,0.777170
25,0,35,0.777170
25,0,36,0.777170
25,0,37,0.777170
25,0,38,0.777170
25,0,39,0.777170
25,0,40,0.777170
25,0,41,0.777170
25,0,42,0.777170
25,0,43,0.777170
25,0,44,0.777170
25,0,45,0.777170
25,0,46,0.777170
25,0,47,0.777170
25,0,48,0.777170
25,0,49,0.777170
25,0,50,0.777170
25,0,51,0.777170
25,0,52,0.777170
25,0,53,0.777170
25,0,54,0.777170
25,0,55,0.777170
25,0,56,0.777170
25,0,57,0.777170
25,0,58,0.777170
25,0,59,0.777170
25,0,60,0.777170
25,0,61,0.777170
25,0,62,0.777170
25,0,63,0.777170
25,0,64,0.777170
25,0,65,0.777170
25,0,66,0.777170
25,0,67,0.777170
25,0,68,0.777170
25,0,69,0.777170
25,0,70,0.777170
25,0,71,0.777170
25,0,72,0.777170
25,0,73,0.777170
25,0,74,0.777170
25,0,75,0.777170
25,0,76,0.777170
25,0,77,0.777170
25,0,78,0.777170
25,0,79,0.777170
25,0,80,0.777170
25,0,81,0.777170
25,0,82,0.777170
25,0,83,0.777170
25,0,84,0.777170
25,0,85,0.777170
25,0,86,0.777170
25,0,87,0.777170
25,0,88,0.777170
25,0,89,0.777170
25,0,90,0.777170
25,0,91,0.777170
25,0,92,0.777170
25,0,93,0.777170
25,0,94,0.777170
25,0,95,0.777170
25,0,96,0.777170
25,0,97,0.777170
25,0,98,0.777170
25,0,99,0.777170
25,0,100,0.777170
25,0,101,0.777170
25,0,102,0.777170
25,0,103,0.777170
25,0,104,0.777170
25,0,105,0.733340
25,0,106,0.628149
25,0,107,0.620009
25,0,108,0.620009
25,0,109,0.620009
25,0,110,0.620009
25,0,111,0.620009
25,0,112,0.620009
25,0,113,0.620009
25,0,114,0.620009
25,0,115,0.620009
25,0,116,0.620009
25,0,117,0.620009
25,0,118,0.620009
25,0,119,0.620009
25,0,120,0.620009
25,0,121,0.620009
25,0,122,0.620009
25,0,123,0.620009
25,0,124,0.620009
25,0,125,0.620009
25,0,126,0.620009
25,0,127,0.620009
25,0,128,0.620009
25,0,129,0.620009
25,0,130,0.620009
25,0,131,0.620009
25,0,132,0.620009
25,0,133,0.620009
25,0,134,0.620009
25,0,135,0.620009
25,0,136,0.620009
25,0,137,0.620009
25,0,138,0.605307
25,0,139,0.579897
25,0,140,0.579897
25,0,141,0.579897
25,0,142,0.579897
25,0,143,0.579897
25,0,144,0.579897
25,0,145,0.579897
25,0,146,0.579897
25,0,147,0.579897
25,0,148,0.579897
25,0,149,0.579897
25,0,150,0.579897
25,0,151,0.579897
25,0,152,0.579897
25,0,153,0.579897
25,0,154,0.579897
25,0,155,0.579897
25,0,156,0.579897
25,0,157,0.579897
25,0,158,0.579897
25,0,159,0.579897
25,0,160,0.579897
25,0,161,0.579897
25,0,162,0.550164
25,0,163,0.502640
25,0,164,0.447838
25,0,165,0.428919
25,0,166,0.428919
25,0,167,0.428919
25,0,168,0.428919
25,0,169,0.428919
25,0,170,0.428919
25,0,171,0.428919
25,0,172,0.428919
25,0,173,0.428919
25,0,174,0.428919
25,0,175,0.428919
25,0,176,0.428919
25,0,177,0.428919
25,0,178,0.428919
25,0,179,0.428919
25,0,180,0.428919
25,0,181,0.428919
25,0,182,0.428919
25,0,183,0.428919
25,0,184,0.428919
25,0,185,0.428919
25,0,186,0.428919
25,0,187,0.428919
25,0,188,0.428919
25,0,189,0.428919
25,0,190,0.428919
25,0,191,0.428919
25,0,192,0.428919
25,0,193,0.428919
25,0,194,0.428919
25,0,195,0.428919
25,0,196,0.428919
25,0,197,0.428919
25,0,198,0.428919
25,0,199,0.428919
25,0,200,0.428919
25,0,201,0.428919
25,0,202,0.428919
25,0,203,0.428919
25,0,204,0.428919
25,0,205,0.428919
25,0,206,0.428919
25,0,207,0.428919
25,0,208,0.428919
25,0,209,0.428919
25,0,210,0.428919
25,0,211,0.428919
25,0,212,0.428919
25,0,213,0.428919
25,0,214,0.428919
25,0,215,0.428919
25,0,216,0.428919
25,0,217,0.428919
25,0,218,0.428919
25,0,219,0.428919
25,0,220,0.428919
25,0,221,0.428919
25,0,222,0.428919
25,0,223,0.428919
25,0,224,0.428919
25,0,225,0.428919
25,0,226,0.428919
25,0,227,0.428919
25,0,228,0.428919
25,0,229,0.428919
25,0,230,0.428919
25,0,231,0.428919
25,0,232,0.443677
25,0,233,0.478599
25,0,234,0.481093
25,0,235,0.481093
25,0,236,0.481093
25,0,237,0.481093
25,0,238,0.481093
25,0,239,0.481093
25,0,240,0.481093
25,0,241,0.481093
25,0,242,0.481093
25,0,243,0.481093
25,0,244,0.481093
25,0,245,0.481093
25,0,246,0.497109
25,0,247,0.505605
25,0,248,0.505605
25,0,249,0.481609
25,0,250,0.469322
25,0,251,0.469322
26,0,0,1.000000
26,0,1,1.000000
26,0,2,1.000000
26,0,3,1.000000
26,0,4,1.000000
26,0,5,1.000000
26,0,6,1.000000
26,0,7,1.000000
26,0,8,1.000000
26,0,9,1.000000
26,0,10,1.000000
26,0,11,1.000000
26,0,12,1.000000
26,0,13,1.000000
26,0,14,1.000000
26,0,15,1.000000
26,0,16,1.000000
26,0,17,1.000000
26,0,18,1.000000
26,0,19,1.000000
26,0,20,1.000000
26,0,21,1.000000
26,0,22,1.000000
26,0,23,1.000000
26,0,24,1.000000
26,0,25,1.000000
26,0,26,1.000000
26,0,27,1.000000
26,0,28,1.000000
26,0,29,1.000000
26,0,30,1.000000
26,0,31,1.000000
26,0,32,1.000000
26,0,33,1.000000
26,0,34,1.000000
26,0,35,1.000000
26,0,36,1.000000
26,0,37,1.000000
26,0,38,1.000000
26,0,39,1.000000
26,0,40,1.000000
26,0,41,1.000000
26,0,42,1.000000
26,0,43,1.000000
26,0,44,1.000000
26,0,45,1.000000
26,0,46,1.000000
26,0,47,1.000000
26,0,48,1.000000
26,0,49,1.000000
26,0,50,1.000000
26,0,51,1.000000
26,0,52,1.000000
26,0,53,1.000000
26,0,54,1.000000
26,0,55,1.000000
26,0,56,1.029973
26,0,57,1.078246
26,0,58,1.166730
26,0,59,1.263358
26,0,60,1.364331
26,0,61,1.364331
26,0,62,1.364331
26,0,63,1.364331
26,0,64,1.364331
26,0,65,1.364331
26,0,66,1.364331
26,0,67,1.364331
26,0,68,1.364331
26,0,69,1.364331
26,0,70,1.364331
26,0,71,1.364331
26,0,72,1.364331
26,0,73,1.364331
26,0,74,1.364331
26,0,75,1.364331
26,0,76,1.364331
26,0,77,1.364331
26,0,78,1.364331
26,0,79,1.364459
26,0,80,1.366300
26,0,81,1.367239
26,0,82,1.367239
26,0,83,1.367239
26,0,84,1.367239
26,0,85,1.367239
26,0,86,1.367239
26,0,87,1.367239
26,0,88,1.367239
26,0,89,1.367239
26,0,90,1.367239
26,0,91,1.367239
26,0,92,1.367239
26,0,93,1.367239
26,0,94,1.367239
26,0,95,1.367239
26,0,96,1.367239
26,0,97,1.367239
26,0,98,1.367239
26,0,99,1.367239
26,0,100,1.367239
26,0,101,1.367239
26,0,102,1.367239
26,0,103,1.367239
26,0,104,1.367239
26,0,105,1.367239
26,0,106,1.367239
26,0,107,1.367239
26,0,108,1.367239
26,0,109,1.367239
26,0,110,1.367239
26,0,111,1.367239
26,0,112,1.367239
26,0,113,1.367239
26,0,114,1.367239
26,0,115,1.367239
26,0,116,1.367239
26,0,117,1.367239
26,0,118,1.367239
26,0,119,1.367239
26,0,120,1.367239
26,0,121,1.367239
26,0,122,1.367239
26,0,123,1.367239
26,0,124,1.367239
26,0,125,1.367239
26,0,126,1.367239
26,0,127,1.367239
26,0,128,1.367239
26,0,129,1.367239
26,0,130,1.367239
26,0,131,1.367239
26,0,132,1.367239
26,0,133,1.367239
26,0,134,1.367239
26,0,135,1.367239
26,0,136,1.367239
26,0,137,1.367239
26,0,138,1.367239
26,0,139,1.367239
26,0,140,1.367239
26,0,141,1.367239
26,0,142,1.367239
26,0,143,1.367239
26,0,144,1.367239
26,0,145,1.367239
26,0,146,1.684397
26,0,147,2.019754
26,0,148,2.019754
26,0,149,2.019754
26,0,150,2.019754
26,0,151,2.019754
26,0,152,2.019754
26,0,153,2.019754
26,0,154,2.019754
26,0,155,2.019754
26,0,156,2.019754
26,0,157,2.019754
26,0,158,2.019754
26,0,159,2.019754
26,0,160,2.019754
26,0,161,2.019754
26,0,162,2.019754
26,0,163,2.019754
26,0,164,2.019754
26,0,165,2.019754
26,0,166,2.019754
26,0,167,2.019754
26,0,168,2.019754
26,0,169,2.106934
26,0,170,3.097048
26,0,171,3.582764
26,0,172,3.582764
26,0,173,3.582764
26,0,174,3.582764
26,0,175,3.582764
26,0,176,3.235613
26,0,177,2.874351
26,0,178,2.874351
26,0,179,2.874351
26,0,180,2.874351
26,0,181,2.874351
26,0,182,2.874351
26,0,183,2.874351
26,0,184,2.874351
26,0,185,2.874351
26,0,186,2.874351
26,0,187,2.874351
26,0,188,2.874351
26,0,189,2.874351
26,0,190,2.874351
26,0,191,2.874351
26,0,192,2.874351
26,0,193,2.874351
26,0,194,2.874351
26,0,195,2.874351
26,0,196,2.874351
26,0,197,2.874351
26,0,198,2.874351
26,0,199,2.874351
26,0,200,2.874351
26,0,201,2.874351
26,0,202,2.874351
26,0,203,2.874351
26,0,204,2.874351
26,0,205,2.874351
26,0,206,2.874351
26,0,207,2.874351
26,0,208,2.874351
26,0,209,2.874351
26,0,210,2.874351
26,0,211,2.874351
26,0,212,2.874351
26,0,213,2.874351
26,0,214,2.874351
26,0,215,2.874351
26,0,216,2.874351
26,0,217,2.874351
26,0,218,2.874351
26,0,219,2.874351
26,0,220,2.874351
26,0,221,2.874351
26,0,222,2.874351
26,0,223,2.874351
26,0,224,2.874351
26,0,225,2.874351
26,0,226,2.874351
26,0,227,2.874351
26,0,228,2.874351
26,0,229,2.874351
26,0,230,2.874351
26,0,231,2.874351
26,0,232,2.874351
26,0,233,2.874351
26,0,234,2.874351
26,0,235,2.874351
26,0,236,2.874351
26,0,237,2.874351
26,0,238,2.874351
26,0,239,2.874351
26,0,240,2.874351
26,0,241,2.874351
26,0,242,2.874351
26,0,243,2.874351
26,0,244,2.874351
26,0,245,2.874351
26,0,246,2.874351
26,0,247,3.043186
26,0,248,3.183765
26,0,249,2.848033
26,0,250,2.706561
26,0,251,2.706561
27,0,0,1.000000
27,0,1,1.000000
27,0,2,1.000000
27,0,3,1.000000
27,0,4,1.000000
27,0,5,1.000000
27,0,6,1.000000
27,0,7,1.000000
27,0,8,1.000000
27,0,9,1.000000
27,0,10,1.000000
27,0,11,1.000000
27,0,12,1.000000
27,0,13,1.000000
27,0,14,0.928703
27,0,15,0.781583
27,0,16,0.715944
27,0,17,0.715944
27,0,18,0.715944
27,0,19,0.715944
27,0,20,0.715944
27,0,21,0.715944
27,0,22,0.715944
27,0,23,0.715944
27,0,24,0.715944
27,0,25,0.715944
27,0,26,0.715944
27,0,27,0.715944
27,0,28,0.715944
27,0,29,0.715944
27,0,30,0.715944
27,0,31,0.715944
27,0,32,0.715944
27,0,33,0.751184
27,0,34,0.950368
27,0,35,1.100521
27,0,36,1.100521
27,0,37,1.100521
27,0,38,1.100521
27,0,39,1.100521
27,0,40,1.100521
27,0,41,1.100521
27,0,42,1.100521
27,0,43,1.100521
27,0,44,1.100521
27,0,45,1.280065
27,0,46,1.583192
27,0,47,1.685788
27,0,48,1.685788
27,0,49,1.647756
27,0,50,1.595711
27,0,51,1.585302
27,0,52,1.585302
27,0,53,1.585302
27,0,54,1.585302
27,0,55,1.585302
27,0,56,1.585302
27,0,57,1.585302
27,0,58,1.585302
27,0,59,1.585302
27,0,60,1.585302
27,0,61,1.585302
27,0,62,1.585302
27,0,63,1.585302
27,0,64,1.585302
27,0,65,1.585302
27,0,66,1.585302
27,0,67,1.585302
27,0,68,1.585302
27,0,69,1.585302
27,0,70,1.585302
27,0,71,1.585302
27,0,72,1.585302
27,0,73,1.585302
27,0,74,1.621862
27,0,75,1.679823
27,0,76,1.637639
27,0,77,1.552535
27,0,78,1.532896
27,0,79,1.532896
27,0,80,1.532896
27,0,81,1.532896
27,0,82,1.532896
27,0,83,1.532896
27,0,84,1.532896
27,0,85,1.532896
27,0,86,1.532896
27,0,87,1.532896
27,0,88,1.532896
27,0,89,1.532896
27,0,90,1.532896
27,0,91,1.532896
27,0,92,1.532896
27,0,93,1.532896
27,0,94,1.532896
27,0,95,1.532896
27,0,96,1.532896
27,0,97,1.532896
27,0,98,1.532896
27,0,99,1.532896
27,0,100,1.532896
27,0,101,1.532896
27,0,102,1.532896
27,0,103,1.532896
27,0,104,1.532896
27,0,105,1.532896
27,0,106,1.532896
27,0,107,1.532896
27,0,108,1.532896
27,0,109,1.532896
27,0,110,1.532896
27,0,111,1.532896
27,0,112,1.532896
27,0,113,1.532896
27,0,114,1.532896
27,0,115,1.532896
27,0,116,1.532896
27,0,117,1.532896
27,0,118,1.532896
27,0,119,1.532896
27,0,120,1.532896
27,0,121,1.532896
27,0,122,1.532896
27,0,123,1.532896
27,0,124,1.532896
27,0,125,1.532896
27,0,126,1.532896
27,0,127,1.532896
27,0,128,1.532896
27,0,129,1.532896
27,0,130,1.532896
27,0,131,1.532896
27,0,132,1.532896
27,0,133,1.532896
27,0,134,1.532896
27,0,135,1.532896
27,0,136,1.532896
27,0,137,1.532896
27,0,138,1.532896
27,0,139,1.532896
27,0,140,1.532896
27,0,141,1.532896
27,0,142,1.532896
27,0,143,1.532896
27,0,144,1.532896
27,0,145,1.560112
27,0,146,1.701638
27,0,147,1.752907
27,0,148,1.549334
27,0,149,1.413098
27,0,150,1.413098
27,0,151,1.413098
27,0,152,1.413098
27,0,153,1.413098
27,0,154,1.413098
27,0,155,1.413098
27,0,156,1.413098
27,0,157,1.413098
27,0,158,1.413098
27,0,159,1.493156
27,0,160,1.611424
27,0,161,1.719789
27,0,162,1.824786
27,0,163,1.844170
27,0,164,1.844170
27,0,165,1.844170
27,0,166,1.844170
27,0,167,1.844170
27,0,168,1.844170
27,0,169,1.844170
27,0,170,1.844170
27,0,171,1.844170
27,0,172,1.844170
27,0,173,1.844170
27,0,174,1.844170
27,0,175,1.844170
27,0,176,1.844170
27,0,177,1.844170
27,0,178,1.844170
27,0,179,1.844170
27,0,180,1.844170
27,0,181,1.844170
27,0,182,1.844170
27,0,183,1.844170
27,0,184,1.844170
27,0,185,1.844170
27,0,186,1.844170
27,0,187,1.844170
27,0,188,1.844170
27,0,189,1.844170
27,0,190,1.844170
27,0,191,1.844170
27,0,192,1.844170
27,0,193,1.844170
27,0,194,1.844170
27,0,195,1.844170
27,0,196,1.844170
27,0,197,1.844170
27,0,198,1.844170
27,0,199,1.844170
27,0,200,1.844170
27,0,201,1.844170
27,0,202,1.844170
27,0,203,1.844170
27,0,204,1.844170
27,0,205,1.844170
27,0,206,1.844170
27,0,207,1.844170
27,0,208,1.844170
27,0,209,1.844170
27,0,210,1.844170
27,0,211,1.844170
27,0,212,1.844170
27,0,213,1.844170
27,0,214,1.844170
27,0,215,1.844170
27,0,216,1.844170
27,0,217,1.844170
27,0,218,1.844170
27,0,219,1.844170
27,0,220,1.844170
27,0,221,1.844170
27,0,222,1.844170
27,0,223,1.844170
27,0,224,1.844170
27,0,225,1.844170
27,0,226,1.844170
27,0,227,1.844170
27,0,228,1.844170
27,0,229,1.844170
27,0,230,1.844170
27,0,231,1.844170
27,0,232,1.844170
27,0,233,1.844170
27,0,234,1.844170
27,0,235,1.844170
27,0,236,1.844170
27,0,237,1.844170
27,0,238,1.844170
27,0,239,1.844170
27,0,240,1.844170
27,0,241,1.844170
27,0,242,1.844170
27,0,243,1.844170
27,0,244,1.844170
27,0,245,1.844170
27,0,246,1.844170
27,0,247,1.844170
27,0,248,1.844170
27,0,249,1.844170
27,0,250,1.789085
27,0,251,1.729902
28,0,0,1.000000
28,0,1,1.000000
28,0,2,1.000000
28,0,3,1.000000
28,0,4,1.000000
28,0,5,1.000000
28,0,6,1.000000
28,0,7,1.000000
28,0,8,1.000000
28,0,9,1.000000
28,0,10,1.000000
28,0,11,1.000000
28,0,12,1.048404
28,0,13,1.176079
28,0,14,1.176079
28,0,15,1.176079
28,0,16,1.176079
28,0,17,1.176079
28,0,18,1.176079
28,0,19,1.176079
28,0,20,1.176079
28,0,21,1.176079
28,0,22,1.176079
28,0,23,1.176079
28,0,24,1.176079
28,0,25,1.176079
28,0,26,1.176079
28,0,27,1.176079
28,0,28,1.176079
28,0,29,1.176079
28,0,30,1.176079
28,0,31,1.176079
28,0,32,1.176079
28,0,33,1.176079
28,0,34,1.176079
28,0,35,1.176079
28,0,36,1.176079
28,0,37,1.176079
28,0,38,1.176079
28,0,39,1.176079
28,0,40,1.176079
28,0,41,1.176079
28,0,42,1.176079
28,0,43,1.131438
28,0,44,0.986164
28,0,45,0.986164
28,0,46,0.986164
28,0,47,0.986164
28,0,48,0.986164
28,0,49,0.986164
28,0,50,0.986164
28,0,51,0.986164
28,0,52,0.986164
28,0,53,0.986164
28,0,54,0.986164
28,0,55,0.986164
28,0,56,0.986164
28,0,57,0.986164
28,0,58,0.986164
28,0,59,0.986164
28,0,60,0.986164
28,0,61,0.986164
28,0,62,0.986164
28,0,63,0.986164
28,0,64,0.986164
28,0,65,0.986164
28,0,66,0.986164
28,0,67,0.986164
28,0,68,0.986164
28,0,69,0.986164
28,0,70,0.986164
28,0,71,0.986164
28,0,72,0.986164
28,0,73,0.986164
28,0,74,0.986164
28,0,75,0.986164
28,0,76,0.986164
28,0,77,1.068313
28,0,78,1.179875
28,0,79,1.264082
28,0,80,1.264082
28,0,81,1.264082
28,0,82,1.264082
28,0,83,1.264082
28,0,84,1.264082
28,0,85,1.264082
28,0,86,1.267196
28,0,87,1.270706
28,0,88,1.270706
28,0,89,1.270706
28,0,90,1.270706
28,0,91,1.270706
28,0,92,1.270706
28,0,93,1.270706
28,0,94,1.270706
28,0,95,1.270706
28,0,96,1.270706
28,0,97,1.270706
28,0,98,1.270706
28,0,99,1.270706
28,0,100,1.270706
28,0,101,1.270706
28,0,102,1.270706
28,0,103,1.270706
28,0,104,1.270706
28,0,105,1.270706
28,0,106,1.270706
28,0,107,1.270706
28,0,108,1.270706
28,0,109,1.270706
28,0,110,1.270706
28,0,111,1.270706
28,0,112,1.270706
28,0,113,1.270706
28,0,114,1.270706
28,0,115,1.270706
28,0,116,1.270706
28,0,117,1.270706
28,0,118,1.270706
28,0,119,1.270706
28,0,120,1.270706
28,0,121,1.270706
28,0,122,1.270706
28,0,123,1.270706
28,0,124,1.270706
28,0,125,1.270706
28,0,126,1.270706
28,0,127,1.270706
28,0,128,1.270706
28,0,129,1.270706
28,0,130,1.270706
28,0,131,1.270706
28,0,132,1.270706
28,0,133,1.270706
28,0,134,1.270706
28,0,135,1.270706
28,0,136,1.270706
28,0,137,1.270706
28,0,138,1.270706
28,0,139,1.270706
28,0,140,1.270706
28,0,141,1.270706
28,0,142,1.270706
28,0,143,1.270706
28,0,144,1.270706
28,0,145,1.270706
28,0,146,1.270706
28,0,147,1.270706
28,0,148,1.270706
28,0,149,1.270706
28,0,150,1.270706
28,0,151,1.270706
28,0,152,1.270706
28,0,153,1.270706
28,0,154,1.270706
28,0,155,1.270706
28,0,156,1.270706
28,0,157,1.270706
28,0,158,1.270706
28,0,159,1.270706
28,0,160,1.270706
28,0,161,1.270706
28,0,162,1.270706
28,0,163,1.270706
28,0,164,1.270706
28,0,165,1.270706
28,0,166,1.270706
28,0,167,1.270706
28,0,168,1.270706
28,0,169,1.270706
28,0,170,1.270706
28,0,171,1.270706
28,0,172,1.270706
28,0,173,1.270706
28,0,174,1.270706
28,0,175,1.270706
28,0,176,1.270706
28,0,177,1.270706
28,0,178,1.270706
28,0,179,1.270706
28,0,180,1.270706
28,0,181,1.270706
28,0,182,1.270706
28,0,183,1.270706
28,0,184,1.270706
28,0,185,1.270706
28,0,186,1.270706
28,0,187,1.270706
28,0,188,1.270706
28,0,189,1.270706
28,0,190,1.270706
28,0,191,1.270706
28,0,192,1.270706
28,0,193,1.270706
28,0,194,1.270706
28,0,195,1.270706
28,0,196,1.270706
28,0,197,1.270706
28,0,198,1.270706
28,0,199,1.270706
28,0,200,1.270706
28,0,201,1.270706
28,0,202,1.270706
28,0,203,1.270706
28,0,204,1.270706
28,0,205,1.270706
28,0,206,1.270706
28,0,207,1.270706
28,0,208,1.270706
28,0,209,1.270706
28,0,210,1.270706
28,0,211,1.270706
28,0,212,1.270706
28,0,213,1.270706
28,0,214,1.270706
28,0,215,1.270706
28,0,216,1.270706
28,0,217,1.270706
28,0,218,1.270706
28,0,219,1.270706
28,0,220,1.270706
28,0,221,1.270706
28,0,222,1.270706
28,0,223,1.270706
28,0,224,1.270706
28,0,225,1.270706
28,0,226,1.270706
28,0,227,1.270706
28,0,228,1.270706
28,0,229,1.270706
28,0,230,1.270706
28,0,231,1.270706
28,0,232,1.270706
28,0,233,1.270706
28,0,234,1.270706
28,0,235,1.270706
28,0,236,1.270706
28,0,237,1.270706
28,0,238,1.270706
28,0,239,1.270706
28,0,240,1.270706
28,0,241,1.270706
28,0,242,1.270706
28,0,243,1.270706
28,0,244,1.270706
28,0,245,1.270706
28,0,246,1.270706
28,0,247,1.270706
28,0,248,1.270706
28,0,249,1.270706
28,0,250,1.270706
28,0,251,1.270706
29,0,0,1.000000
29,0,1,1.000000
29,0,2,0.971685
29,0,3,0.921899
29,0,4,0.921899
29,0,5,0.921899
29,0,6,0.921899
29,0,7,0.921899
29,0,8,0.921899
29,0,9,0.921899
29,0,10,0.921899
29,0,11,0.921899
29,0,12,0.921899
29,0,13,0.921899
29,0,14,0.921899
29,0,15,0.921899
29,0,16,0.921899
29,0,17,0.921899
29,0,18,0.921899
29,0,19,0.921899
29,0,20,0.921899
29,0,21,0.921899
29,0,22,0.921899
29,0,23,0.921899
29,0,24,0.921899
29,0,25,0.921899
29,0,26,0.921899
29,0,27,0.921899
29,0,28,0.921899
29,0,29,0.921899
29,0,30,0.921899
29,0,31,0.921899
29,0,32,0.921899
29,0,33,0.921899
29,0,34,0.921899
29,0,35,0.921899
29,0,36,0.921899
29,0,37,0.879168
29,0,38,0.738648
29,0,39,0.715639
29,0,40,0.763739
29,0,41,0.894296
29,0,42,0.907275
29,0,43,0.907275
29,0,44,0.907275
29,0,45,0.907275
29,0,46,0.907275
29,0,47,0.907275
29,0,48,0.907275
29,0,49,0.907275
29,0,50,0.907275
29,0,51,0.907275
29,0,52,0.907275
29,0,53,0.907275
29,0,54,0.907275
29,0,55,0.907275
29,0,56,0.907275
29,0,57,0.907275
29,0,58,0.907275
29,0,59,0.907275
29,0,60,0.907275
29,0,61,0.907275
29,0,62,0.907275
29,0,63,0.907275
29,0,64,0.907275
29,0,65,0.907275
29,0,66,0.907275
29,0,67,0.907275
29,0,68,0.907275
29,0,69,0.907275
29,0,70,0.907275
29,0,71,0.907275
29,0,72,0.918842
29,0,73,1.070989
29,0,74,1.130602
29,0,75,1.130602
29,0,76,1.130602
29,0,77,1.273390
29,0,78,1.442253
29,0,79,1.442253
29,0,80,1.442253
29,0,81,1.442253
29,0,82,1.442253
29,0,83,1.442253
29,0,84,1.442253
29,0,85,1.442253
29,0,86,1.442253
29,0,87,1.442253
29,0,88,1.442253
29,0,89,1.442253
29,0,90,1.442253
29,0,91,1.442253
29,0,92,1.442253
29,0,93,1.442253
29,0,94,1.442253
29,0,95,1.442253
29,0,96,1.442253
29,0,97,1.474811
29,0,98,1.739925
29,0,99,1.831396
29,0,100,1.831396
29,0,101,1.831396
29,0,102,1.831396
29,0,103,1.831396
29,0,104,1.831396
29,0,105,1.831396
29,0,106,1.831396
29,0,107,1.831396
29,0,108,1.831396
29,0,109,1.831396
29,0,110,1.831396
29,0,111,1.831396
29,0,112,1.831396
29,0,113,1.831396
29,0,114,1.831396
29,0,115,1.831396
29,0,116,1.831396
29,0,117,1.831396
29,0,118,1.831396
29,0,119,1.831396
29,0,120,1.831396
29,0,121,1.831396
29,0,122,1.831396
29,0,123,1.831396
29,0,124,1.831396
29,0,125,1.831396
29,0,126,1.831396
29,0,127,1.831396
29,0,128,1.831396
29,0,129,1.831396
29,0,130,1.831396
29,0,131,1.831396
29,0,132,1.831396
29,0,133,1.831396
29,0,134,1.831396
29,0,135,1.831396
29,0,136,1.831396
29,0,137,1.831396
29,0,138,1.831396
29,0,139,1.831396
29,0,140,1.831396
29,0,141,1.831396
29,0,142,1.831396
29,0,143,1.831396
29,0,144,1.831396
29,0,145,1.831396
29,0,146,1.831396
29,0,147,1.831396
29,0,148,1.831396
29,0,149,1.831396
29,0,150,1.831396
29,0,151,1.831396
29,0,152,1.831396
29,0,153,1.831396
29,0,154,1.831396
29,0,155,1.831396
29,0,156,1.831396
29,0,157,1.831396
29,0,158,1.831396
29,0,159,1.831396
29,0,160,1.831396
29,0,161,1.831396
29,0,162,1.831396
29,0,163,1.831396
29,0,164,1.831396
29,0,165,1.831396
29,0,166,1.831396
29,0,167,1.831396
29,0,168,1.831396
29,0,169,1.831396
29,0,170,1.831396
29,0,171,1.831396
29,0,172,1.831396
29,0,173,1.831396
29,0,174,1.831396
29,0,175,1.831396
29,0,176,1.831396
29,0,177,1.831396
29,0,178,1.831396
29,0,179,1.831396
29,0,180,1.831396
29,0,181,1.831396
29,0,182,1.831396
29,0,183,1.831396
29,0,184,1.831396
29,0,185,1.831396
29,0,186,1.831396
29,0,187,1.831396
29,0,188,1.831396
29,0,189,1.831396
29,0,190,1.831396
29,0,191,1.831396
29,0,192,1.831396
29,0,193,1.831396
29,0,194,1.831396
29,0,195,1.831396
29,0,196,1.831396
29,0,197,1.831396
29,0,198,1.831396
29,0,199,1.831396
29,0,200,1.831396
29,0,201,1.831396
29,0,202,1.831396
29,0,203,1.831396
29,0,204,1.831396
29,0,205,1.831396
29,0,206,1.831396
29,0,207,1.831396
29,0,208,1.831396
29,0,209,1.831396
29,0,210,1.831396
29,0,211,1.831396
29,0,212,1.831396
29,0,213,1.831396
29,0,214,1.831396
29,0,215,1.831396
29,0,216,1.831396
29,0,217,1.831396
29,0,218,1.831396
29,0,219,1.831396
29,0,220,1.831396
29,0,221,1.831396
29,0,222,1.828055
29,0,223,1.818687
29,0,224,1.817647
29,0,225,1.817647
29,0,226,1.817647
29,0,227,1.817647
29,0,228,1.817647
29,0,229,1.817647
29,0,230,1.817647
29,0,231,1.817647
29,0,232,1.817647
29,0,233,1.817647
29,0,234,1.817647
29,0,235,1.817647
29,0,236,1.817647
29,0,237,1.817647
29,0,238,1.817647
29,0,239,1.817647
29,0,240,1.817647
29,0,241,1.817647
29,0,242,1.817647
29,0,243,1.817647
29,0,244,1.817647
29,0,245,1.817647
29,0,246,1.817647
29,0,247,1.817647
29,0,248,1.817647
29,0,249,1.817647
29,0,250,1.823952
29,0,251,1.837429
30,0,0,1.000000
30,0,1,1.000000
30,0,2,1.000000
30,0,3,1.000000
30,0,4,1.000000
30,0,5,1.051684
30,0,6,1.124540
30,0,7,1.156298
30,0,8,1.156298
30,0,9,1.156298
30,0,10,1.156298
30,0,11,1.156298
30,0,12,1.156298
30,0,13,1.156298
30,0,14,1.156298
30,0,15,1.156298
30,0,16,1.156298
30,0,17,1.156298
30,0,18,1.156298
30,0,19,1.156298
30,0,20,1.156298
30,0,21,1.156298
30,0,22,1.156298
30,0,23,1.156298
30,0,24,1.156298
30,0,25,1.156298
30,0,26,1.156298
30,0,27,1.156298
30,0,28,1.156298
30,0,29,1.156298
30,0,30,1.156298
30,0,31,1.156298
30,0,32,1.156298
30,0,33,0.990473
30,0,34,0.788374
30,0,35,0.722735
30,0,36,0.722735
30,0,37,0.722735
30,0,38,0.722735
30,0,39,0.722735
30,0,40,0.722735
30,0,41,0.722735
30,0,42,0.722735
30,0,43,0.722735
30,0,44,0.722735
30,0,45,0.722735
30,0,46,0.722735
30,0,47,0.722735
30,0,48,0.722735
30,0,49,0.722735
30,0,50,0.722735
30,0,51,0.722735
30,0,52,0.722735
30,0,53,0.722735
30,0,54,0.722735
30,0,55,0.722735
30,0,56,0.722735
30,0,57,0.722735
30,0,58,0.722735
30,0,59,0.722735
30,0,60,0.722735
30,0,61,0.722735
30,0,62,0.722735
30,0,63,0.722735
30,0,64,0.722735
30,0,65,0.722735
30,0,66,0.722735
30,0,67,0.722735
30,0,68,0.722735
30,0,69,0.722735
30,0,70,0.722735
30,0,71,0.722735
30,0,72,0.722735
30,0,73,0.722735
30,0,74,0.722735
30,0,75,0.722735
30,0,76,0.722735
30,0,77,0.722735
30,0,78,0.722735
30,0,79,0.722735
30,0,80,0.722735
30,0,81,0.722735
30,0,82,0.722735
30,0,83,0.722735
30,0,84,0.722735
30,0,85,0.722735
30,0,86,0.722735
30,0,87,0.722735
30,0,88,0.722735
30,0,89,0.722735
30,0,90,0.722735
30,0,91,0.722735
30,0,92,0.722735
30,0,93,0.722735
30,0,94,0.722735
30,0,95,0.722735
30,0,96,0.722735
30,0,97,0.722735
30,0,98,0.722735
30,0,99,0.722735
30,0,100,0.722735
30,0,101,0.722735
30,0,102,0.722735
30,0,103,0.722735
30,0,104,0.722735
30,0,105,0.722735
30,0,106,0.722735
30,0,107,0.722735
30,0,108,0.722735
30,0,109,0.722735
30,0,110,0.722735
30,0,111,0.722735
30,0,112,0.722735
30,0,113,0.722735
30,0,114,0.722735
30,0,115,0.722735
30,0,116,0.722735
30,0,117,0.722735
30,0,118,0.722735
30,0,119,0.722735
30,0,120,0.722735
30,0,121,0.722735
30,0,122,0.722735
30,0,123,0.720055
30,0,124,0.716321
30,0,125,0.714726
30,0,126,0.714726
30,0,127,0.714726
30,0,128,0.714726
30,0,129,0.714726
30,0,130,0.714726
30,0,131,0.714726
30,0,132,0.714726
30,0,133,0.714726
30,0,134,0.714726
30,0,135,0.714726
30,0,136,0.714726
30,0,137,0.714726
30,0,138,0.714726
30,0,139,0.714726
30,0,140,0.681777
30,0,141,0.622470
30,0,142,0.587494
30,0,143,0.587494
30,0,144,0.587494
30,0,145,0.587494
30,0,146,0.587494
30,0,147,0.587494
30,0,148,0.587494
30,0,149,0.587494
30,0,150,0.587494
30,0,151,0.587494
30,0,152,0.587494
30,0,153,0.587494
30,0,154,0.587494
30,0,155,0.587494
30,0,156,0.587494
30,0,157,0.587494
30,0,158,0.587494
30,0,159,0.584443
30,0,160,0.572135
30,0,161,0.561090
30,0,162,0.561090
30,0,163,0.561090
30,0,164,0.561090
30,0,165,0.561090
30,0,166,0.561090
30,0,167,0.561090
30,0,168,0.678122
30,0,169,0.853671
30,0,170,1.196507
30,0,171,1.692919
30,0,172,2.052019
30,0,173,2.183305
30,0,174,2.284295
30,0,175,2.284295
30,0,176,2.284295
30,0,177,2.284295
30,0,178,2.284295
30,0,179,2.284295
30,0,180,2.284295
30,0,181,2.284295
30,0,182,2.284295
30,0,183,2.284295
30,0,184,2.284295
30,0,185,2.209145
30,0,186,2.060121
30,0,187,1.964592
30,0,188,1.964592
30,0,189,1.964592
30,0,190,1.964592
30,0,191,1.964592
30,0,192,1.964592
30,0,193,1.964592
30,0,194,1.993770
30,0,195,2.025380
30,0,196,2.032404
30,0,197,2.032404
30,0,198,2.032404
30,0,199,2.032404
30,0,200,2.032193
30,0,201,2.031760
30,0,202,2.031476
30,0,203,2.031476
30,0,204,2.098997
30,0,205,2.442477
30,0,206,2.768343
30,0,207,2.768343
30,0,208,2.768343
30,0,209,2.768343
30,0,210,2.768343
30,0,211,2.768343
30,0,212,2.768343
30,0,213,2.768343
30,0,214,2.768343
30,0,215,2.737736
30,0,216,2.672627
30,0,217,2.628664
30,0,218,2.628664
30,0,219,2.628664
30,0,220,2.628664
30,0,221,2.628664
30,0,222,2.628664
30,0,223,2.628664
30,0,224,2.628664
30,0,225,2.628664
30,0,226,2.628664
30,0,227,2.628664
30,0,228,2.628664
30,0,229,2.628664
30,0,230,2.628664
30,0,231,2.628664
30,0,232,2.628664
30,0,233,2.628664
30,0,234,2.628664
30,0,235,2.628664
30,0,236,2.628664
30,0,237,2.628664
30,0,238,2.628664
30,0,239,2.628664
30,0,240,2.628664
30,0,241,2.628664
30,0,242,2.628664
30,0,243,2.628664
30,0,244,2.628664
30,0,245,2.628664
30,0,246,2.628664
30,0,247,2.628664
30,0,248,2.628664
30,0,249,2.628664
30,0,250,2.628664
30,0,251,2.628664
31,0,0,1.000000
31,0,1,1.040358
31,0,2,1.055966
31,0,3,1.055966
31,0,4,1.055966
31,0,5,1.055966
31,0,6,1.055966
31,0,7,1.055966
31,0,8,1.055966
31,0,9,1.055966
31,0,10,1.055966
31,0,11,1.055966
31,0,12,1.055966
31,0,13,1.055966
31,0,14,1.055966
31,0,15,1.055966
31,0,16,1.055966
31,0,17,1.055966
31,0,18,1.055966
31,0,19,1.055966
31,0,20,1.055966
31,0,21,1.055966
31,0,22,1.055966
31,0,23,1.055966
31,0,24,1.055966
31,0,25,1.055966
31,0,26,1.055966
31,0,27,1.055966
31,0,28,1.055966
31,0,29,1.055966
31,0,30,1.055966
31,0,31,1.055966
31,0,32,1.055966
31,0,33,1.055966
31,0,34,1.055966
31,0,35,1.055966
31,0,36,1.055966
31,0,37,1.055966
31,0,38,1.055966
31,0,39,1.055966
31,0,40,1.055966
31,0,41,1.055966
31,0,42,1.055966
31,0,43,1.055966
31,0,44,1.055966
31,0,45,1.055966
31,0,46,1.055966
31,0,47,1.055966
31,0,48,1.055966
31,0,49,1.055966
31,0,50,1.055966
31,0,51,1.055966
31,0,52,1.055966
31,0,53,1.055966
31,0,54,1.055966
31,0,55,1.055966
31,0,56,1.055966
31,0,57,1.055966
31,0,58,1.055966
31,0,59,1.055966
31,0,60,1.055966
31,0,61,1.055966
31,0,62,1.055966
31,0,63,1.055966
31,0,64,1.055966
31,0,65,1.055966
31,0,66,1.055966
31,0,67,1.055966
31,0,68,1.055966
31,0,69,1.055966
31,0,70,1.055966
31,0,71,1.055966
31,0,72,1.055966
31,0,73,1.055966
31,0,74,1.055966
31,0,75,1.055966
31,0,76,1.055966
31,0,77,1.055966
31,0,78,1.055966
31,0,79,1.055966
31,0,80,1.055966
31,0,81,1.055966
31,0,82,1.055966
31,0,83,1.055966
31,0,84,1.055966
31,0,85,1.055966
31,0,86,1.055966
31,0,87,1.055966
31,0,88,1.055966
31,0,89,1.055966
31,0,90,1.055966
31,0,91,1.055966
31,0,92,1.055966
31,0,93,1.055966
31,0,94,1.055966
31,0,95,1.055966
31,0,96,1.055966
31,0,97,1.055966
31,0,98,1.055966
31,0,99,1.055966
31,0,100,1.055966
31,0,101,1.055966
31,0,102,1.055966
31,0,103,1.055966
31,0,104,1.055966
31,0,105,1.055966
31,0,106,1.055966
31,0,107,1.055966
31,0,108,1.055966
31,0,109,1.055966
31,0,110,1.055966
31,0,111,1.055966
31,0,112,1.055966
31,0,113,1.055966
31,0,114,1.011727
31,0,115,0.857739
31,0,116,0.842426
31,0,117,0.842426
31,0,118,0.842426
31,0,119,0.842426
31,0,120,0.842426
31,0,121,0.842426
31,0,122,0.842426
31,0,123,0.842426
31,0,124,0.842426
31,0,125,0.842426
31,0,126,0.842426
31,0,127,0.842426
31,0,128,0.842426
31,0,129,0.842426
31,0,130,0.842426
31,0,131,0.842426
31,0,132,0.842426
31,0,133,0.842426
31,0,134,0.842426
31,0,135,0.842426
31,0,136,0.842426
31,0,137,0.842426
31,0,138,0.842426
31,0,139,0.842426
31,0,140,0.842426
31,0,141,0.842426
31,0,142,0.842426
31,0,143,0.842426
31,0,144,0.842426
31,0,145,0.811810
31,0,146,0.787925
31,0,147,0.787925
31,0,148,0.787925
31,0,149,0.787925
31,0,150,0.787925
31,0,151,0.787925
31,0,152,0.787925
31,0,153,0.787925
31,0,154,0.787925
31,0,155,0.787925
31,0,156,0.787925
31,0,157,0.787925
31,0,158,0.787925
31,0,159,0.787925
31,0,160,0.787925
31,0,161,0.787925
31,0,162,0.787925
31,0,163,0.787925
31,0,164,0.787925
31,0,165,0.787925
31,0,166,0.787925
31,0,167,0.787925
31,0,168,0.787925
31,0,169,0.787925
31,0,170,0.742713
31,0,171,0.711248
31,0,172,0.711248
31,0,173,0.711248
31,0,174,0.711248
31,0,175,0.711248
31,0,176,0.711248
31,0,177,0.711248
31,0,178,0.711248
31,0,179,0.711248
31,0,180,0.711248
31,0,181,0.711248
31,0,182,0.711248
31,0,183,0.711248
31,0,184,0.711248
31,0,185,0.711248
31,0,186,0.711248
31,0,187,0.711248
31,0,188,0.711248
31,0,189,0.711248
31,0,190,0.711248
31,0,191,0.711248
31,0,192,0.711248
31,0,193,0.711248
31,0,194,0.711248
31,0,195,0.711248
31,0,196,0.711248
31,0,197,0.711248
31,0,198,0.711248
31,0,199,0.711248
31,0,200,0.711248
31,0,201,0.711248
31,0,202,0.711248
31,0,203,0.711248
31,0,204,0.711248
31,0,205,0.711248
31,0,206,0.711248
31,0,207,0.711248
31,0,208,0.711248
31,0,209,0.711248
31,0,210,0.711248
31,0,211,0.711248
31,0,212,0.711248
31,0,213,0.711248
31,0,214,0.711248
31,0,215,0.711248
31,0,216,0.711248
31,0,217,0.711248
31,0,218,0.711248
31,0,219,0.711248
31,0,220,0.711248
31,0,221,0.711248
31,0,222,0.711248
31,0,223,0.711248
31,0,224,0.711248
31,0,225,0.711248
31,0,226,0.711248
31,0,227,0.711248
31,0,228,0.711248
31,0,229,0.711248
31,0,230,0.711248
31,0,231,0.711248
31,0,232,0.711248
31,0,233,0.712972
31,0,234,0.775361
31,0,235,0.797766
31,0,236,0.797766
31,0,237,0.797766
31,0,238,0.797766
31,0,239,0.797766
31,0,240,0.797766
31,0,241,0.797766
31,0,242,0.797766
31,0,243,0.797766
31,0,244,0.797766
31,0,245,0.797766
31,0,246,0.813798
31,0,247,0.838413
31,0,248,0.838413
31,0,249,0.804854
31,0,250,0.778247
31,0,251,0.778247
32,0,0,1.000000
32,0,1,1.000000
32,0,2,1.000000
32,0,3,1.000000
32,0,4,1.000000
32,0,5,1.000000
32,0,6,1.000000
32,0,7,1.000000
32,0,8,1.000000
32,0,9,1.000000
32,0,10,1.000000
32,0,11,1.000000
32,0,12,1.000000
32,0,13,1.000000
32,0,14,1.000000
32,0,15,1.000000
32,0,16,1.000000
32,0,17,1.000000
32,0,18,1.000000
32,0,19,1.000000
32,0,20,1.000000
32,0,21,1.000000
32,0,22,1.000000
32,0,23,1.000000
32,0,24,1.000000
32,0,25,1.000000
32,0,26,1.000000
32,0,27,1.000000
32,0,28,1.000000
32,0,29,1.000000
32,0,30,1.000000
32,0,31,1.000000
32,0,32,1.000000
32,0,33,1.000000
32,0,34,1.000000
32,0,35,1.000000
32,0,36,1.000000
32,0,37,1.000000
32,0,38,1.000000
32,0,39,1.000000
32,0,40,1.000000
32,0,41,1.000000
32,0,42,1.000000
32,0,43,1.000000
32,0,44,1.000000
32,0,45,1.000000
32,0,46,1.000000
32,0,47,1.000000
32,0,48,1.000000
32,0,49,1.000000
32,0,50,1.000000
32,0,51,1.000000
32,0,52,1.000000
32,0,53,1.000000
32,0,54,1.000000
32,0,55,1.000000
32,0,56,1.000000
32,0,57,1.000000
32,0,58,1.000000
32,0,59,1.019040
32,0,60,1.050841
32,0,61,1.050841
32,0,62,1.050841
32,0,63,1.050841
32,0,64,1.050841
32,0,65,1.050841
32,0,66,1.050841
32,0,67,1.050841
32,0,68,1.050888
32,0,69,1.051284
32,0,70,1.051466
32,0,71,1.051466
32,0,72,1.051466
32,0,73,1.051466
32,0,74,1.051466
32,0,75,1.051466
32,0,76,1.051466
32,0,77,1.051466
32,0,78,1.051466
32,0,79,1.051466
32,0,80,1.051466
32,0,81,1.051466
32,0,82,1.051466
32,0,83,1.051466
32,0,84,1.051466
32,0,85,1.051466
32,0,86,1.051466
32,0,87,1.051466
32,0,88,1.051466
32,0,89,1.051466
32,0,90,1.051466
32,0,91,1.051466
32,0,92,1.051466
32,0,93,1.051466
32,0,94,1.051466
32,0,95,1.051466
32,0,96,1.051466
32,0,97,1.051466
32,0,98,1.051466
32,0,99,1.051466
32,0,100,1.051466
32,0,101,1.051466
32,0,102,1.051466
32,0,103,1.044953
32,0,104,1.028251
32,0,105,1.025099
32,0,106,1.025099
32,0,107,1.025099
32,0,108,1.025099
32,0,109,1.025099
32,0,110,1.025099
32,0,111,1.025099
32,0,112,1.025099
32,0,113,1.025099
32,0,114,1.025099
32,0,115,1.025099
32,0,116,1.025099
32,0,117,1.025099
32,0,118,1.025099
32,0,119,1.025099
32,0,120,1.025099
32,0,121,1.025099
32,0,122,1.025099
32,0,123,1.025099
32,0,124,1.025099
32,0,125,1.025099
32,0,126,1.025099
32,0,127,1.025099
32,0,128,1.025099
32,0,129,1.025099
32,0,130,1.025099
32,0,131,1.025099
32,0,132,1.025099
32,0,133,1.025099
32,0,134,1.025099
32,0,135,1.025099
32,0,136,1.101121
32,0,137,1.419210
32,0,138,1.527240
32,0,139,1.527240
32,0,140,1.527240
32,0,141,1.527240
32,0,142,1.527240
32,0,143,1.527240
32,0,144,1.527240
32,0,145,1.527240
32,0,146,1.881515
32,0,147,2.256116
32,0,148,2.256116
32,0,149,2.256116
32,0,150,2.256116
32,0,151,2.256116
32,0,152,2.256116
32,0,153,2.256116
32,0,154,2.256116
32,0,155,2.256116
32,0,156,2.256116
32,0,157,2.256116
32,0,158,2.256116
32,0,159,2.256116
32,0,160,2.256116
32,0,161,2.256116
32,0,162,2.256116
32,0,163,2.256116
32,0,164,2.256116
32,0,165,2.256116
32,0,166,2.256116
32,0,167,2.256116
32,0,168,2.256116
32,0,169,2.353498
32,0,170,3.459481
32,0,171,4.002039
32,0,172,4.002039
32,0,173,4.002039
32,0,174,4.002039
32,0,175,4.002039
32,0,176,3.614262
32,0,177,3.210723
32,0,178,3.210723
32,0,179,3.210723
32,0,180,3.210723
32,0,181,3.210723
32,0,182,3.210723
32,0,183,3.210723
32,0,184,3.210723
32,0,185,3.210723
32,0,186,3.210723
32,0,187,3.210723
32,0,188,3.210723
32,0,189,3.210723
32,0,190,3.210723
32,0,191,3.210723
32,0,192,3.210723
32,0,193,3.210723
32,0,194,3.210723
32,0,195,3.210723
32,0,196,3.210723
32,0,197,3.210723
32,0,198,3.210723
32,0,199,3.210723
32,0,200,3.210723
32,0,201,3.210723
32,0,202,3.210723
32,0,203,3.210723
32,0,204,3.210723
32,0,205,3.210723
32,0,206,3.210723
32,0,207,3.210723
32,0,208,3.210723
32,0,209,3.210723
32,0,210,3.210723
32,0,211,3.210723
32,0,212,3.210723
32,0,213,3.210723
32,0,214,3.210723
32,0,215,3.210723
32,0,216,3.210723
32,0,217,3.210723
32,0,218,3.210723
32,0,219,3.210723
32,0,220,3.210723
32,0,221,3.210723
32,0,222,3.210723
32,0,223,3.210723
32,0,224,3.210723
32,0,225,3.210723
32,0,226,3.210723
32,0,227,3.210723
32,0,228,3.210723
32,0,229,3.210723
32,0,230,3.210723
32,0,231,3.210723
32,0,232,3.210723
32,0,233,3.210723
32,0,234,3.210723
32,0,235,3.210723
32,0,236,3.210723
32,0,237,3.210723
32,0,238,3.210723
32,0,239,3.210723
32,0,240,3.210723
32,0,241,3.210723
32,0,242,3.210723
32,0,243,3.210723
32,0,244,3.210723
32,0,245,3.495948
32,0,246,4.402967
32,0,247,4.642556
32,0,248,4.566836
32,0,249,4.085258
32,0,250,3.882329
32,0,251,3.882329
33,0,0,1.000000
33,0,1,1.000000
33,0,2,1.000000
33,0,3,1.000000
33,0,4,1.000000
33,0,5,1.000000
33,0,6,1.000000
33,0,7,1.000000
33,0,8,1.000000
33,0,9,1.000000
33,0,10,1.000000
33,0,11,1.000000
33,0,12,1.000000
33,0,13,1.000000
33,0,14,1.000000
33,0,15,0.934362
33,0,16,0.797426
33,0,17,0.715944
33,0,18,0.715944
33,0,19,0.718653
33,0,20,0.726848
33,0,21,0.732943
33,0,22,0.732943
33,0,23,0.732943
33,0,24,0.732943
33,0,25,0.732943
33,0,26,0.732943
33,0,27,0.736254
33,0,28,0.836438
33,0,29,0.936622
33,0,30,1.018691
33,0,31,1.099980
33,0,32,0.976379
33,0,33,0.825970
33,0,34,0.797380
33,0,35,0.797380
33,0,36,0.797380
33,0,37,0.797380
33,0,38,0.797380
33,0,39,0.797380
33,0,40,0.797380
33,0,41,0.797380
33,0,42,0.797380
33,0,43,0.797380
33,0,44,0.797380
33,0,45,0.797380
33,0,46,0.797380
33,0,47,0.797380
33,0,48,0.797380
33,0,49,0.797380
33,0,50,0.797380
33,0,51,0.797380
33,0,52,0.797380
33,0,53,0.797380
33,0,54,0.797380
33,0,55,0.797380
33,0,56,0.797380
33,0,57,0.797380
33,0,58,0.797380
33,0,59,0.822273
33,0,60,0.849408
33,0,61,0.820083
33,0,62,0.780241
33,0,63,0.771021
33,0,64,0.771021
33,0,65,0.771021
33,0,66,0.771021
33,0,67,0.771021
33,0,68,0.771021
33,0,69,0.722343
33,0,70,0.633100
33,0,71,0.585898
33,0,72,0.585898
33,0,73,0.585898
33,0,74,0.585898
33,0,75,0.585898
33,0,76,0.585898
33,0,77,0.585898
33,0,78,0.585898
33,0,79,0.585898
33,0,80,0.585898
33,0,81,0.585898
33,0,82,0.585898
33,0,83,0.585898
33,0,84,0.585898
33,0,85,0.585898
33,0,86,0.585898
33,0,87,0.585898
33,0,88,0.585898
33,0,89,0.585898
33,0,90,0.585898
33,0,91,0.585898
33,0,92,0.585898
33,0,93,0.585898
33,0,94,0.585898
33,0,95,0.585898
33,0,96,0.585898
33,0,97,0.585898
33,0,98,0.585898
33,0,99,0.585898
33,0,100,0.585898
33,0,101,0.585898
33,0,102,0.585898
33,0,103,0.585898
33,0,104,0.585898
33,0,105,0.585898
33,0,106,0.585898
33,0,107,0.585898
33,0,108,0.585898
33,0,109,0.585898
33,0,110,0.585898
33,0,111,0.585898
33,0,112,0.585898
33,0,113,0.585898
33,0,114,0.585898
33,0,115,0.585898
33,0,116,0.585898
33,0,117,0.585898
33,0,118,0.585898
33,0,119,0.585898
33,0,120,0.585898
33,0,121,0.710442
33,0,122,0.892006
33,0,123,0.962531
33,0,124,0.962531
33,0,125,0.962531
33,0,126,0.962531
33,0,127,0.962531
33,0,128,0.962531
33,0,129,0.962531
33,0,130,0.962531
33,0,131,0.962531
33,0,132,0.962531
33,0,133,0.962531
33,0,134,0.962531
33,0,135,0.962531
33,0,136,0.962531
33,0,137,0.962531
33,0,138,0.962531
33,0,139,0.962531
33,0,140,0.962531
33,0,141,0.962531
33,0,142,0.962531
33,0,143,0.962531
33,0,144,0.962531
33,0,145,0.962531
33,0,146,0.962531
33,0,147,0.962531
33,0,148,0.962531
33,0,149,0.962531
33,0,150,0.962531
33,0,151,0.962531
33,0,152,0.962531
33,0,153,0.962531
33,0,154,0.962531
33,0,155,0.962531
33,0,156,0.962531
33,0,157,0.962531
33,0,158,0.962531
33,0,159,0.962531
33,0,160,0.968102
33,0,161,0.988531
33,0,162,1.004908
33,0,163,1.004908
33,0,164,1.004908
33,0,165,1.004908
33,0,166,1.004908
33,0,167,1.004908
33,0,168,1.004908
33,0,169,1.004908
33,0,170,1.004908
33,0,171,1.004908
33,0,172,1.004908
33,0,173,1.004908
33,0,174,1.004908
33,0,175,1.004908
33,0,176,1.004908
33,0,177,1.004908
33,0,178,1.004908
33,0,179,1.004908
33,0,180,1.004908
33,0,181,1.004908
33,0,182,1.004908
33,0,183,1.004908
33,0,184,1.004908
33,0,185,1.004908
33,0,186,1.004908
33,0,187,1.004908
33,0,188,1.004908
33,0,189,1.004908
33,0,190,1.004908
33,0,191,1.004908
33,0,192,1.004908
33,0,193,1.004908
33,0,194,1.004908
33,0,195,1.004908
33,0,196,1.004908
33,0,197,1.004908
33,0,198,1.004908
33,0,199,1.004908
33,0,200,1.004908
33,0,201,1.004908
33,0,202,1.004908
33,0,203,1.004908
33,0,204,1.004908
33,0,205,1.004908
33,0,206,1.058946
33,0,207,1.143863
33,0,208,1.181059
33,0,209,1.181059
33,0,210,1.181059
33,0,211,1.181059
33,0,212,1.181059
33,0,213,1.181059
33,0,214,1.181059
33,0,215,1.181059
33,0,216,1.181059
33,0,217,1.181059
33,0,218,1.181059
33,0,219,1.181059
33,0,220,1.181059
33,0,221,1.181059
33,0,222,1.181059
33,0,223,1.181059
33,0,224,1.181059
33,0,225,1.181059
33,0,226,1.181059
33,0,227,1.181059
33,0,228,1.181059
33,0,229,1.181059
33,0,230,1.181059
33,0,231,1.181059
33,0,232,1.181059
33,0,233,1.181059
33,0,234,1.181059
33,0,235,1.181059
33,0,236,1.181059
33,0,237,1.181059
33,0,238,1.181059
33,0,239,1.181059
33,0,240,1.181059
33,0,241,1.181059
33,0,242,1.181059
33,0,243,1.181059
33,0,244,1.181059
33,0,245,1.181059
33,0,246,1.181059
33,0,247,1.181059
33,0,248,1.181059
33,0,249,1.178435
33,0,250,1.143157
33,0,251,1.107878
34,0,0,1.000000
34,0,1,1.000000
34,0,2,1.000000
34,0,3,1.000000
34,0,4,1.000000
34,0,5,1.000000
34,0,6,1.000000
34,0,7,1.000000
34,0,8,1.000000
34,0,9,1.000000
34,0,10,1.000000
34,0,11,1.000000
34,0,12,1.000000
34,0,13,1.000000
34,0,14,1.006314
34,0,15,1.119958
34,0,16,1.176079
34,0,17,1.176079
34,0,18,1.176079
34,0,19,1.239881
34,0,20,1.396485
34,0,21,1.418719
34,0,22,1.418719
34,0,23,1.418719
34,0,24,1.418719
34,0,25,1.418719
34,0,26,1.418719
34,0,27,1.418719
34,0,28,1.452640
34,0,29,1.757926
34,0,30,1.891724
34,0,31,1.891724
34,0,32,1.891724
34,0,33,1.891724
34,0,34,1.891724
34,0,35,1.891724
34,0,36,1.891724
34,0,37,1.891724
34,0,38,1.891724
34,0,39,1.891724
34,0,40,1.891724
34,0,41,1.891724
34,0,42,1.891724
34,0,43,1.891724
34,0,44,1.891724
34,0,45,1.891724
34,0,46,1.891724
34,0,47,1.891724
34,0,48,1.891724
34,0,49,1.891724
34,0,50,1.891724
34,0,51,1.891724
34,0,52,1.891724
34,0,53,1.891724
34,0,54,1.891724
34,0,55,1.891724
34,0,56,1.891724
34,0,57,1.891724
34,0,58,1.891724
34,0,59,1.891724
34,0,60,1.891724
34,0,61,1.891724
34,0,62,1.891724
34,0,63,1.891724
34,0,64,1.891724
34,0,65,1.891724
34,0,66,2.074961
34,0,67,2.253386
34,0,68,2.399576
34,0,69,2.424844
34,0,70,2.424844
34,0,71,2.424844
34,0,72,2.369844
34,0,73,2.307854
34,0,74,2.307854
34,0,75,2.307854
34,0,76,2.307854
34,0,77,2.307854
34,0,78,2.307854
34,0,79,2.307854
34,0,80,2.307854
34,0,81,2.307854
34,0,82,2.307854
34,0,83,2.307854
34,0,84,2.307854
34,0,85,2.307854
34,0,86,2.307854
34,0,87,2.307854
34,0,88,2.307854
34,0,89,2.307854
34,0,90,2.307854
34,0,91,2.307854
34,0,92,2.307854
34,0,93,2.307854
34,0,94,2.307854
34,0,95,2.307854
34,0,96,2.307854
34,0,97,2.307854
34,0,98,2.307854
34,0,99,2.307854
34,0,100,2.307854
34,0,101,2.307854
34,0,102,2.307854
34,0,103,2.307854
34,0,104,2.307854
34,0,105,2.307854
34,0,106,2.307854
34,0,107,2.307854
34,0,108,2.307854
34,0,109,2.307854
34,0,110,2.307854
34,0,111,2.307854
34,0,112,2.307854
34,0,113,2.307854
34,0,114,2.307854
34,0,115,2.307854
34,0,116,2.307854
34,0,117,2.307854
34,0,118,2.307854
34,0,119,2.307854
34,0,120,2.307854
34,0,121,2.307854
34,0,122,2.307854
34,0,123,2.307854
34,0,124,2.307854
34,0,125,2.307854
34,0,126,2.307854
34,0,127,2.307854
34,0,128,2.307854
34,0,129,2.307854
34,0,130,2.307854
34,0,131,2.307854
34,0,132,2.307854
34,0,133,2.307854
34,0,134,2.307854
34,0,135,2.307854
34,0,136,2.307854
34,0,137,2.307854
34,0,138,2.307854
34,0,139,2.307854
34,0,140,2.307854
34,0,141,2.307854
34,0,142,2.307854
34,0,143,2.307854
34,0,144,2.307854
34,0,145,2.307854
34,0,146,2.307854
34,0,147,2.307854
34,0,148,2.307854
34,0,149,2.307854
34,0,150,2.307854
34,0,151,2.307854
34,0,152,2.307854
34,0,153,2.307854
34,0,154,2.307854
34,0,155,2.307854
34,0,156,2.307854
34,0,157,2.307854
34,0,158,2.307854
34,0,159,2.307854
34,0,160,2.250687
34,0,161,2.112464
34,0,162,2.093693
34,0,163,2.093693
34,0,164,2.093693
34,0,165,2.093693
34,0,166,2.093693
34,0,167,2.093693
34,0,168,2.093693
34,0,169,2.093693
34,0,170,2.093693
34,0,171,2.093693
34,0,172,2.093693
34,0,173,2.093693
34,0,174,2.093693
34,0,175,2.093693
34,0,176,2.093693
34,0,177,2.093693
34,0,178,2.093693
34,0,179,2.093693
34,0,180,2.093693
34,0,181,2.093693
34,0,182,2.093693
34,0,183,2.093693
34,0,184,2.093693
34,0,185,2.093693
34,0,186,2.093693
34,0,187,2.093693
34,0,188,2.093693
34,0,189,2.093693
34,0,190,2.093693
34,0,191,2.093693
34,0,192,2.093693
34,0,193,2.093693
34,0,194,2.093693
34,0,195,2.093693
34,0,196,2.093693
34,0,197,2.093693
34,0,198,2.093693
34,0,199,2.093693
34,0,200,2.093693
34,0,201,2.093693
34,0,202,2.093693
34,0,203,2.093693
34,0,204,2.093693
34,0,205,2.093693
34,0,206,2.093693
34,0,207,2.093693
34,0,208,2.093693
34,0,209,2.093693
34,0,210,2.093693
34,0,211,2.093693
34,0,212,2.093693
34,0,213,2.093693
34,0,214,2.093693
34,0,215,2.093693
34,0,216,2.093693
34,0,217,2.093693
34,0,218,2.093693
34,0,219,2.093693
34,0,220,2.093693
34,0,221,2.093693
34,0,222,2.093693
34,0,223,2.093693
34,0,224,2.093693
34,0,225,2.093693
34,0,226,2.093693
34,0,227,2.093693
34,0,228,2.093693
34,0,229,2.093693
34,0,230,2.093693
34,0,231,2.093693
34,0,232,2.093693
34,0,233,2.093693
34,0,234,2.093693
34,0,235,2.093693
34,0,236,2.093693
34,0,237,2.093693
34,0,238,2.093693
34,0,239,2.093693
34,0,240,2.093693
34,0,241,2.093693
34,0,242,2.093693
34,0,243,2.093693
34,0,244,2.093693
34,0,245,2.093693
34,0,246,2.093693
34,0,247,2.093693
34,0,248,2.093693
34,0,249,2.093693
34,0,250,2.093693
34,0,251,2.093693
35,0,0,1.000000
35,0,1,1.000000
35,0,2,0.977285
35,0,3,0.926878
35,0,4,0.921899
35,0,5,0.921899
35,0,6,0.921899
35,0,7,0.921899
35,0,8,0.921899
35,0,9,0.921899
35,0,10,0.921899
35,0,11,0.921899
35,0,12,0.921899
35,0,13,0.921899
35,0,14,0.921656
35,0,15,0.917284
35,0,16,0.915125
35,0,17,0.915125
35,0,18,0.915125
35,0,19,0.915125
35,0,20,0.915125
35,0,21,0.915125
35,0,22,0.951454
35,0,23,1.069161
35,0,24,1.033200
35,0,25,0.966288
35,0,26,0.966288
35,0,27,0.966288
35,0,28,0.966288
35,0,29,0.966288
35,0,30,0.966288
35,0,31,0.966288
35,0,32,0.966288
35,0,33,0.966288
35,0,34,0.966288
35,0,35,0.966288
35,0,36,0.966288
35,0,37,0.966288
35,0,38,0.966288
35,0,39,0.966288
35,0,40,0.966288
35,0,41,0.966288
35,0,42,0.966288
35,0,43,0.966288
35,0,44,0.966288
35,0,45,0.966288
35,0,46,0.966288
35,0,47,0.966288
35,0,48,0.966288
35,0,49,0.966288
35,0,50,0.966288
35,0,51,0.966288
35,0,52,0.966288
35,0,53,0.966288
35,0,54,0.966288
35,0,55,0.966288
35,0,56,0.966288
35,0,57,0.966288
35,0,58,0.966288
35,0,59,0.966288
35,0,60,0.966288
35,0,61,0.966288
35,0,62,0.966288
35,0,63,0.966288
35,0,64,1.000728
35,0,65,1.073187
35,0,66,1.078555
35,0,67,1.078555
35,0,68,1.078555
35,0,69,1.078555
35,0,70,1.078555
35,0,71,1.078555
35,0,72,1.078555
35,0,73,1.078555
35,0,74,1.078555
35,0,75,1.078555
35,0,76,1.074337
35,0,77,1.021776
35,0,78,1.089299
35,0,79,1.262941
35,0,80,1.266157
35,0,81,1.266157
35,0,82,1.266157
35,0,83,1.266157
35,0,84,1.266157
35,0,85,1.266157
35,0,86,1.266157
35,0,87,1.266157
35,0,88,1.266157
35,0,89,1.266157
35,0,90,1.266157
35,0,91,1.266157
35,0,92,1.266157
35,0,93,1.266157
35,0,94,1.266157
35,0,95,1.266157
35,0,96,1.266157
35,0,97,1.266157
35,0,98,1.266157
35,0,99,1.266157
35,0,100,1.266157
35,0,101,1.266157
35,0,102,1.266157
35,0,103,1.266157
35,0,104,1.266157
35,0,105,1.266157
35,0,106,1.266157
35,0,107,1.266157
35,0,108,1.266157
35,0,109,1.266157
35,0,110,1.266157
35,0,111,1.266157
35,0,112,1.266157
35,0,113,1.266157
35,0,114,1.266157
35,0,115,1.266157
35,0,116,1.266157
35,0,117,1.266157
35,0,118,1.266157
35,0,119,1.266157
35,0,120,1.266157
35,0,121,1.266157
35,0,122,1.266157
35,0,123,1.266157
35,0,124,1.266157
35,0,125,1.266157
35,0,126,1.266157
35,0,127,1.266157
35,0,128,1.266157
35,0,129,1.266157
35,0,130,1.266157
35,0,131,1.266157
35,0,132,1.266157
35,0,133,1.266157
35,0,134,1.266157
35,0,135,1.266157
35,0,136,1.266157
35,0,137,1.266157
35,0,138,1.266157
35,0,139,1.266157
35,0,140,1.266157
35,0,141,1.266157
35,0,142,1.266157
35,0,143,1.266157
35,0,144,1.266157
35,0,145,1.266157
35,0,146,1.266157
35,0,147,1.266157
35,0,148,1.266157
35,0,149,1.266157
35,0,150,1.266157
35,0,151,1.266157
35,0,152,1.266157
35,0,153,1.266157
35,0,154,1.266157
35,0,155,1.266157
35,0,156,1.266157
35,0,157,1.266157
35,0,158,1.266157
35,0,159,1.266157
35,0,160,1.266157
35,0,161,1.266157
35,0,162,1.266157
35,0,163,1.266157
35,0,164,1.266157
35,0,165,1.266157
35,0,166,1.266157
35,0,167,1.266157
35,0,168,1.266157
35,0,169,1.266157
35,0,170,1.266157
35,0,171,1.266157
35,0,172,1.266157
35,0,173,1.266157
35,0,174,1.266157
35,0,175,1.266157
35,0,176,1.266157
35,0,177,1.266157
35,0,178,1.266157
35,0,179,1.266157
35,0,180,1.266157
35,0,181,1.266157
35,0,182,1.266157
35,0,183,1.266157
35,0,184,1.266157
35,0,185,1.266157
35,0,186,1.266157
35,0,187,1.266157
35,0,188,1.266157
35,0,189,1.266157
35,0,190,1.266157
35,0,191,1.266157
35,0,192,1.266157
35,0,193,1.266157
35,0,194,1.266157
35,0,195,1.266157
35,0,196,1.266157
35,0,197,1.266157
35,0,198,1.266157
35,0,199,1.266157
35,0,200,1.266157
35,0,201,1.266157
35,0,202,1.266157
35,0,203,1.266157
35,0,204,1.266157
35,0,205,1.266157
35,0,206,1.266157
35,0,207,1.266157
35,0,208,1.266157
35,0,209,1.266157
35,0,210,1.266157
35,0,211,1.266157
35,0,212,1.266157
35,0,213,1.266157
35,0,214,1.277391
35,0,215,1.338054
35,0,216,1.360147
35,0,217,1.360147
35,0,218,1.360147
35,0,219,1.360147
35,0,220,1.360147
35,0,221,1.360147
35,0,222,1.360147
35,0,223,1.360147
35,0,224,1.360147
35,0,225,1.360147
35,0,226,1.360147
35,0,227,1.360147
35,0,228,1.360147
35,0,229,1.360147
35,0,230,1.360147
35,0,231,1.360147
35,0,232,1.360147
35,0,233,1.360147
35,0,234,1.360147
35,0,235,1.360147
35,0,236,1.360147
35,0,237,1.360147
35,0,238,1.360147
35,0,239,1.360147
35,0,240,1.360147
35,0,241,1.360147
35,0,242,1.360147
35,0,243,1.360147
35,0,244,1.360147
35,0,245,1.360147
35,0,246,1.360147
35,0,247,1.360147
35,0,248,1.360147
35,0,249,1.360147
35,0,250,1.360147
35,0,251,1.360147
36,0,0,1.000000
36,0,1,1.000000
36,0,2,1.000000
36,0,3,1.000000
36,0,4,1.000000
36,0,5,1.000000
36,0,6,1.000000
36,0,7,1.000000
36,0,8,1.000000
36,0,9,1.191561
36,0,10,1.389454
36,0,11,1.397369
36,0,12,1.397369
36,0,13,1.285611
36,0,14,1.168218
36,0,15,1.161644
36,0,16,1.161644
36,0,17,1.161644
36,0,18,1.161644
36,0,19,1.161644
36,0,20,1.161644
36,0,21,1.161644
36,0,22,1.161644
36,0,23,1.161644
36,0,24,1.161644
36,0,25,1.161644
36,0,26,1.161644
36,0,27,1.161644
36,0,28,1.161644
36,0,29,1.161644
36,0,30,1.161644
36,0,31,1.161644
36,0,32,1.161644
36,0,33,1.161644
36,0,34,1.161644
36,0,35,1.161644
36,0,36,1.161644
36,0,37,1.161644
36,0,38,1.161644
36,0,39,1.161644
36,0,40,1.161644
36,0,41,1.161644
36,0,42,1.161644
36,0,43,1.161644
36,0,44,1.161644
36,0,45,1.161644
36,0,46,1.161644
36,0,47,1.161644
36,0,48,1.161644
36,0,49,1.161644
36,0,50,1.161644
36,0,51,1.161644
36,0,52,1.161644
36,0,53,1.161644
36,0,54,1.161644
36,0,55,1.161644
36,0,56,1.161644
36,0,57,1.161644
36,0,58,1.161644
36,0,59,1.161644
36,0,60,1.161644
36,0,61,1.161644
36,0,62,1.161644
36,0,63,1.161644
36,0,64,1.161644
36,0,65,1.161644
36,0,66,1.161644
36,0,67,1.161644
36,0,68,1.161644
36,0,69,1.161644
36,0,70,1.161644
36,0,71,1.161644
36,0,72,1.161644
36,0,73,1.161644
36,0,74,1.161644
36,0,75,1.283157
36,0,76,1.455762
36,0,77,1.452472
36,0,78,1.372355
36,0,79,1.347359
36,0,80,1.347359
36,0,81,1.347359
36,0,82,1.347359
36,0,83,1.347359
36,0,84,1.347359
36,0,85,1.321249
36,0,86,1.281928
36,0,87,1.268401
36,0,88,1.268401
36,0,89,1.209728
36,0,90,1.119182
36,0,91,1.086586
36,0,92,1.086586
36,0,93,1.086586
36,0,94,1.086586
36,0,95,1.086586
36,0,96,1.086586
36,0,97,1.086586
36,0,98,1.086586
36,0,99,1.086586
36,0,100,1.086586
36,0,101,1.086586
36,0,102,1.086586
36,0,103,1.086586
36,0,104,1.086586
36,0,105,1.086586
36,0,106,1.086586
36,0,107,1.086586
36,0,108,1.086586
36,0,109,1.188807
36,0,110,1.368774
36,0,111,1.447960
36,0,112,1.447960
36,0,113,1.447960
36,0,114,1.447960
36,0,115,1.447960
36,0,116,1.447960
36,0,117,1.447960
36,0,118,1.447960
36,0,119,1.447960
36,0,120,1.447960
36,0,121,1.499857
36,0,122,1.599660
36,0,123,1.648364
36,0,124,1.648364
36,0,125,1.610766
36,0,126,1.536167
36,0,127,1.498569
36,0,128,1.498569
36,0,129,1.498569
36,0,130,1.498569
36,0,131,1.498569
36,0,132,1.498569
36,0,133,1.498569
36,0,134,1.498569
36,0,135,1.498569
36,0,136,1.498569
36,0,137,1.498569
36,0,138,1.498569
36,0,139,1.498569
36,0,140,1.498569
36,0,141,1.498569
36,0,142,1.498569
36,0,143,1.498569
36,0,144,1.498569
36,0,145,1.498569
36,0,146,1.498569
36,0,147,1.498569
36,0,148,1.498569
36,0,149,1.498569
36,0,150,1.498569
36,0,151,1.498569
36,0,152,1.498569
36,0,153,1.498569
36,0,154,1.498569
36,0,155,1.498569
36,0,156,1.498569
36,0,157,1.498569
36,0,158,1.498569
36,0,159,1.498569
36,0,160,1.498569
36,0,161,1.498569
36,0,162,1.498569
36,0,163,1.498569
36,0,164,1.498569
36,0,165,1.498569
36,0,166,1.498569
36,0,167,1.498569
36,0,168,1.498569
36,0,169,1.498569
36,0,170,1.498569
36,0,171,1.498569
36,0,172,1.498569
36,0,173,1.498569
36,0,174,1.498569
36,0,175,1.498569
36,0,176,1.498569
36,0,177,1.498569
36,0,178,1.498569
36,0,179,1.498569
36,0,180,1.498569
36,0,181,1.469323
36,0,182,1.364874
36,0,183,1.288834
36,0,184,1.288834
36,0,185,1.288834
36,0,186,1.288834
36,0,187,1.288834
36,0,188,1.288834
36,0,189,1.294329
36,0,190,1.316484
36,0,191,1.333321
36,0,192,1.333321
36,0,193,1.333321
36,0,194,1.333321
36,0,195,1.333321
36,0,196,1.333321
36,0,197,1.333321
36,0,198,1.333321
36,0,199,1.333321
36,0,200,1.333321
36,0,201,1.333321
36,0,202,1.333321
36,0,203,1.333321
36,0,204,1.333321
36,0,205,1.333321
36,0,206,1.333321
36,0,207,1.333321
36,0,208,1.333321
36,0,209,1.333321
36,0,210,1.333321
36,0,211,1.333321
36,0,212,1.333321
36,0,213,1.333321
36,0,214,1.333321
36,0,215,1.333321
36,0,216,1.333321
36,0,217,1.333321
36,0,218,1.333321
36,0,219,1.333321
36,0,220,1.333321
36,0,221,1.333321
36,0,222,1.333321
36,0,223,1.333321
36,0,224,1.333321
36,0,225,1.358370
36,0,226,1.599221
36,0,227,1.816950
36,0,228,1.816950
36,0,229,1.816950
36,0,230,1.816950
36,0,231,1.816950
36,0,232,1.816950
36,0,233,1.816950
36,0,234,1.816950
36,0,235,1.816950
36,0,236,1.816950
36,0,237,1.816950
36,0,238,1.816950
36,0,239,1.816950
36,0,240,1.816950
36,0,241,1.816950
36,0,242,1.816950
36,0,243,1.816950
36,0,244,1.816950
36,0,245,1.818322
36,0,246,1.875466
36,0,247,1.931697
36,0,248,1.931697
36,0,249,1.932194
36,0,250,1.994391
36,0,251,2.056588
37,0,0,1.000000
37,0,1,1.033669
37,0,2,1.055966
37,0,3,1.055966
37,0,4,1.055966
37,0,5,1.055966
37,0,6,1.055966
37,0,7,1.055966
37,0,8,1.055966
37,0,9,1.055966
37,0,10,1.055966
37,0,11,1.055966
37,0,12,1.055966
37,0,13,1.055966
37,0,14,1.055966
37,0,15,1.055966
37,0,16,1.055966
37,0,17,1.055966
37,0,18,1.055966
37,0,19,1.055966
37,0,20,1.055966
37,0,21,1.055966
37,0,22,1.055966
37,0,23,1.055966
37,0,24,1.055966
37,0,25,1.055966
37,0,26,1.055966
37,0,27,1.055966
37,0,28,1.055966
37,0,29,1.055966
37,0,30,1.055966
37,0,31,1.055966
37,0,32,1.055966
37,0,33,1.055966
37,0,34,1.055966
37,0,35,1.055966
37,0,36,1.055966
37,0,37,1.055966
37,0,38,1.055966
37,0,39,1.055966
37,0,40,1.055966
37,0,41,1.055966
37,0,42,1.055966
37,0,43,1.055966
37,0,44,1.055966
37,0,45,1.055966
37,0,46,1.055966
37,0,47,1.055966
37,0,48,1.055966
37,0,49,1.055966
37,0,50,1.055966
37,0,51,1.055966
37,0,52,1.055966
37,0,53,1.055966
37,0,54,1.055966
37,0,55,1.055966
37,0,56,1.055966
37,0,57,1.055966
37,0,58,1.055966
37,0,59,1.055966
37,0,60,1.055966
37,0,61,1.055966
37,0,62,1.055966
37,0,63,1.055966
37,0,64,1.055966
37,0,65,1.055966
37,0,66,1.055966
37,0,67,1.055966
37,0,68,1.055966
37,0,69,1.055966
37,0,70,1.055966
37,0,71,1.055966
37,0,72,1.055966
37,0,73,1.055966
37,0,74,1.055966
37,0,75,1.055966
37,0,76,1.055966
37,0,77,1.055966
37,0,78,1.055966
37,0,79,1.055966
37,0,80,1.055966
37,0,81,1.055966
37,0,82,1.055966
37,0,83,1.055966
37,0,84,1.055966
37,0,85,1.055966
37,0,86,1.055966
37,0,87,1.055966
37,0,88,1.055966
37,0,89,1.055966
37,0,90,1.055966
37,0,91,1.055966
37,0,92,1.055966
37,0,93,1.055966
37,0,94,1.055966
37,0,95,1.055966
37,0,96,1.055966
37,0,97,1.055966
37,0,98,1.055966
37,0,99,1.055966
37,0,100,1.055966
37,0,101,1.055966
37,0,102,1.055966
37,0,103,1.055966
37,0,104,1.055966
37,0,105,1.055966
37,0,106,1.055966
37,0,107,1.055966
37,0,108,1.055966
37,0,109,1.055966
37,0,110,1.055966
37,0,111,1.055966
37,0,112,1.055966
37,0,113,1.055966
37,0,114,1.055966
37,0,115,1.055966
37,0,116,1.055966
37,0,117,1.055966
37,0,118,1.055966
37,0,119,1.055966
37,0,120,1.055966
37,0,121,1.055966
37,0,122,1.055966
37,0,123,1.055966
37,0,124,1.055966
37,0,125,1.055966
37,0,126,1.055966
37,0,127,1.055966
37,0,128,1.055966
37,0,129,1.055966
37,0,130,1.055966
37,0,131,1.055966
37,0,132,1.171632
37,0,133,1.337831
37,0,134,1.337831
37,0,135,1.337831
37,0,136,1.337831
37,0,137,1.337831
37,0,138,1.337831
37,0,139,1.337831
37,0,140,1.337831
37,0,141,1.337831
37,0,142,1.337831
37,0,143,1.337831
37,0,144,1.337831
37,0,145,1.337831
37,0,146,1.337831
37,0,147,1.337831
37,0,148,1.337831
37,0,149,1.337831
37,0,150,1.412323
37,0,151,1.599793
37,0,152,1.649454
37,0,153,1.649454
37,0,154,1.649454
37,0,155,1.649454
37,0,156,1.649454
37,0,157,1.649454
37,0,158,1.645231
37,0,159,1.596178
37,0,160,1.567916
37,0,161,1.567916
37,0,162,1.567916
37,0,163,1.567916
37,0,164,1.567916
37,0,165,1.567916
37,0,166,1.567916
37,0,167,1.567916
37,0,168,1.557581
37,0,169,1.465789
37,0,170,1.415334
37,0,171,1.415334
37,0,172,1.415334
37,0,173,1.415334
37,0,174,1.415334
37,0,175,1.415334
37,0,176,1.415334
37,0,177,1.415334
37,0,178,1.415334
37,0,179,1.415334
37,0,180,1.415334
37,0,181,1.415334
37,0,182,1.415334
37,0,183,1.415334
37,0,184,1.415334
37,0,185,1.415334
37,0,186,1.415334
37,0,187,1.415334
37,0,188,1.415334
37,0,189,1.415334
37,0,190,1.415334
37,0,191,1.415334
37,0,192,1.415334
37,0,193,1.415334
37,0,194,1.415334
37,0,195,1.415334
37,0,196,1.415334
37,0,197,1.415334
37,0,198,1.415334
37,0,199,1.415334
37,0,200,1.415334
37,0,201,1.415334
37,0,202,1.415334
37,0,203,1.415334
37,0,204,1.415334
37,0,205,1.415334
37,0,206,1.415334
37,0,207,1.318252
37,0,208,1.232119
37,0,209,1.232119
37,0,210,1.232119
37,0,211,1.232119
37,0,212,1.232119
37,0,213,1.232119
37,0,214,1.232119
37,0,215,1.232119
37,0,216,1.232119
37,0,217,1.232119
37,0,218,1.232119
37,0,219,1.232119
37,0,220,1.232119
37,0,221,1.232119
37,0,222,1.232119
37,0,223,1.232119
37,0,224,1.232119
37,0,225,1.232119
37,0,226,1.232119
37,0,227,1.232119
37,0,228,1.232119
37,0,229,1.232119
37,0,230,1.287055
37,0,231,1.377220
37,0,232,1.381997
37,0,233,1.381997
37,0,234,1.381997
37,0,235,1.381997
37,0,236,1.381997
37,0,237,1.381997
37,0,238,1.381997
37,0,239,1.381997
37,0,240,1.381997
37,0,241,1.381997
37,0,242,1.381997
37,0,243,1.381997
37,0,244,1.381997
37,0,245,1.409489
37,0,246,1.451849
37,0,247,1.452411
37,0,248,1.416815
37,0,249,1.307124
37,0,250,1.270076
37,0,251,1.270076
38,0,0,1.000000
38,0,1,1.000000
38,0,2,1.000000
38,0,3,1.000000
38,0,4,1.000000
38,0,5,1.000000
38,0,6,1.000000
38,0,7,1.000000
38,0,8,1.000000
38,0,9,1.000000
38,0,10,1.000000
38,0,11,1.000000
38,0,12,1.000000
38,0,13,1.000000
38,0,14,1.000000
38,0,15,1.000000
38,0,16,1.000000
38,0,17,1.000000
38,0,18,1.000000
38,0,19,1.000000
38,0,20,1.000000
38,0,21,1.000000
38,0,22,1.000000
38,0,23,1.000000
38,0,24,1.000000
38,0,25,1.000000
38,0,26,1.000000
38,0,27,1.000000
38,0,28,1.000000
38,0,29,1.000000
38,0,30,1.000000
38,0,31,1.000000
38,0,32,1.000000
38,0,33,1.000000
38,0,34,1.000000
38,0,35,1.000000
38,0,36,1.000000
38,0,37,1.000000
38,0,38,1.000000
38,0,39,1.000000
38,0,40,1.000000
38,0,41,1.000000
38,0,42,1.000000
38,0,43,1.000000
38,0,44,1.000000
38,0,45,1.000000
38,0,46,1.000000
38,0,47,1.000000
38,0,48,1.000000
38,0,49,1.000000
38,0,50,1.003778
38,0,51,1.048108
38,0,52,1.063220
38,0,53,1.063220
38,0,54,1.063220
38,0,55,1.063220
38,0,56,1.063220
38,0,57,1.063220
38,0,58,1.063220
38,0,59,0.999496
38,0,60,0.891234
38,0,61,0.891234
38,0,62,0.883591
38,0,63,0.875113
38,0,64,0.875113
38,0,65,0.875113
38,0,66,0.875113
38,0,67,0.875113
38,0,68,0.875113
38,0,69,0.875113
38,0,70,0.875113
38,0,71,0.875113
38,0,72,0.875113
38,0,73,0.875113
38,0,74,0.875113
38,0,75,0.875113
38,0,76,0.875113
38,0,77,0.875113
38,0,78,0.875113
38,0,79,0.875113
38,0,80,0.875113
38,0,81,0.875113
38,0,82,0.875113
38,0,83,0.875113
38,0,84,0.875113
38,0,85,0.875113
38,0,86,0.875113
38,0,87,0.875113
38,0,88,0.875113
38,0,89,0.875113
38,0,90,0.875113
38,0,91,0.875113
38,0,92,0.875113
38,0,93,0.875113
38,0,94,0.875113
38,0,95,0.875113
38,0,96,0.875113
38,0,97,0.875113
38,0,98,0.875113
38,0,99,0.875113
38,0,100,0.875113
38,0,101,0.875113
38,0,102,0.875113
38,0,103,0.875113
38,0,104,0.875113
38,0,105,0.875113
38,0,106,0.875113
38,0,107,0.875113
38,0,108,0.875113
38,0,109,0.875113
38,0,110,0.875113
38,0,111,0.875113
38,0,112,0.875113
38,0,113,0.875113
38,0,114,0.875113
38,0,115,0.875113
38,0,116,0.875113
38,0,117,0.875113
38,0,118,0.875113
38,0,119,0.875113
38,0,120,0.875113
38,0,121,0.875113
38,0,122,0.875113
38,0,123,0.875113
38,0,124,0.875113
38,0,125,0.875113
38,0,126,0.875113
38,0,127,0.875113
38,0,128,0.875113
38,0,129,0.875113
38,0,130,0.875113
38,0,131,0.875113
38,0,132,0.875113
38,0,133,0.875113
38,0,134,0.875113
38,0,135,0.875113
38,0,136,0.875113
38,0,137,0.875113
38,0,138,0.875113
38,0,139,0.875113
38,0,140,0.875113
38,0,141,0.875113
38,0,142,0.875113
38,0,143,0.875113
38,0,144,0.875113
38,0,145,0.875113
38,0,146,0.875113
38,0,147,0.875113
38,0,148,0.875113
38,0,149,0.875113
38,0,150,0.875113
38,0,151,0.875113
38,0,152,0.875113
38,0,153,0.875113
38,0,154,0.875113
38,0,155,0.875113
38,0,156,0.875113
38,0,157,0.875113
38,0,158,0.875113
38,0,159,0.944988
38,0,160,1.017702
38,0,161,1.017702
38,0,162,1.017702
38,0,163,1.017702
38,0,164,1.017702
38,0,165,1.017702
38,0,166,1.017702
38,0,167,1.017702
38,0,168,1.017702
38,0,169,1.017702
38,0,170,1.017702
38,0,171,1.017702
38,0,172,1.017702
38,0,173,1.017702
38,0,174,1.024693
38,0,175,1.639927
38,0,176,1.895109
38,0,177,1.895109
38,0,178,1.895109
38,0,179,1.895109
38,0,180,1.895109
38,0,181,1.895109
38,0,182,1.895109
38,0,183,1.895109
38,0,184,1.895109
38,0,185,1.895109
38,0,186,1.895109
38,0,187,1.895109
38,0,188,1.895109
38,0,189,1.895109
38,0,190,1.895109
38,0,191,1.895109
38,0,192,1.895109
38,0,193,1.895109
38,0,194,1.895109
38,0,195,1.895109
38,0,196,1.895109
38,0,197,1.895109
38,0,198,1.895109
38,0,199,1.895109
38,0,200,1.895109
38,0,201,1.895109
38,0,202,1.895109
38,0,203,1.895109
38,0,204,1.895109
38,0,205,1.895109
38,0,206,1.895109
38,0,207,1.895109
38,0,208,1.895109
38,0,209,1.895109
38,0,210,1.895109
38,0,211,1.895109
38,0,212,1.895109
38,0,213,1.895109
38,0,214,1.895109
38,0,215,1.895109
38,0,216,1.895109
38,0,217,1.895109
38,0,218,1.895109
38,0,219,1.895109
38,0,220,1.895109
38,0,221,1.895109
38,0,222,1.895109
38,0,223,1.895109
38,0,224,1.895109
38,0,225,1.895109
38,0,226,1.895109
38,0,227,1.895109
38,0,228,1.895109
38,0,229,1.895109
38,0,230,1.895109
38,0,231,1.895109
38,0,232,1.895109
38,0,233,1.895109
38,0,234,1.895109
38,0,235,1.895109
38,0,236,1.895109
38,0,237,1.895109
38,0,238,1.895109
38,0,239,1.895109
38,0,240,1.895109
38,0,241,1.895109
38,0,242,2.487248
38,0,243,2.754224
38,0,244,2.754224
38,0,245,2.754224
38,0,246,2.754224
38,0,247,2.754224
38,0,248,2.754224
38,0,249,2.484697
38,0,250,2.303215
38,0,251,2.303215
39,0,0,1.000000
39,0,1,1.000000
39,0,2,1.000000
39,0,3,1.000000
39,0,4,1.000000
39,0,5,1.000000
39,0,6,1.000000
39,0,7,1.000000
39,0,8,1.000000
39,0,9,1.000000
39,0,10,1.000000
39,0,11,1.000000
39,0,12,1.000000
39,0,13,0.855143
39,0,14,0.715944
39,0,15,0.715944
39,0,16,0.715944
39,0,17,0.715944
39,0,18,0.715944
39,0,19,0.715944
39,0,20,0.715944
39,0,21,0.715944
39,0,22,0.715944
39,0,23,0.715944
39,0,24,0.715944
39,0,25,0.715944
39,0,26,0.715944
39,0,27,0.715944
39,0,28,0.715944
39,0,29,0.715944
39,0,30,0.843115
39,0,31,1.065281
39,0,32,1.100521
39,0,33,1.100521
39,0,34,1.100521
39,0,35,1.100521
39,0,36,1.100521
39,0,37,1.100521
39,0,38,1.100521
39,0,39,1.100521
39,0,40,1.163478
39,0,41,1.501581
39,0,42,1.685788
39,0,43,1.685788
39,0,44,1.643752
39,0,45,1.585702
39,0,46,1.585302
39,0,47,1.585302
39,0,48,1.585302
39,0,49,1.585302
39,0,50,1.585302
39,0,51,1.585302
39,0,52,1.585302
39,0,53,1.585302
39,0,54,1.585302
39,0,55,1.585302
39,0,56,1.585302
39,0,57,1.585302
39,0,58,1.585302
39,0,59,1.585302
39,0,60,1.585302
39,0,61,1.585302
39,0,62,1.585302
39,0,63,1.585302
39,0,64,1.585302
39,0,65,1.585302
39,0,66,1.585302
39,0,67,1.585302
39,0,68,1.585302
39,0,69,1.585302
39,0,70,1.585302
39,0,71,1.585302
39,0,72,1.585302
39,0,73,1.585302
39,0,74,1.585302
39,0,75,1.708524
39,0,76,1.926418
39,0,77,1.962483
39,0,78,1.962483
39,0,79,1.962483
39,0,80,1.962483
39,0,81,1.962483
39,0,82,1.962483
39,0,83,1.962483
39,0,84,1.962483
39,0,85,1.962483
39,0,86,1.962483
39,0,87,1.962483
39,0,88,1.962483
39,0,89,1.962483
39,0,90,1.962483
39,0,91,1.962483
39,0,92,1.962483
39,0,93,1.962483
39,0,94,1.962483
39,0,95,1.962483
39,0,96,1.962483
39,0,97,1.962483
39,0,98,1.962483
39,0,99,1.962483
39,0,100,1.962483
39,0,101,1.962483
39,0,102,1.962483
39,0,103,1.962483
39,0,104,1.962483
39,0,105,1.962483
39,0,106,1.962483
39,0,107,1.962483
39,0,108,1.962483
39,0,109,1.962483
39,0,110,1.962483
39,0,111,1.962483
39,0,112,1.962483
39,0,113,1.962483
39,0,114,1.962483
39,0,115,1.962483
39,0,116,1.962483
39,0,117,1.962483
39,0,118,1.962483
39,0,119,1.962483
39,0,120,1.962483
39,0,121,1.962483
39,0,122,1.962483
39,0,123,1.962483
39,0,124,1.962483
39,0,125,1.962483
39,0,126,1.962483
39,0,127,1.962483
39,0,128,1.962483
39,0,129,1.962483
39,0,130,1.962483
39,0,131,1.962483
39,0,132,1.962483
39,0,133,1.962483
39,0,134,1.962483
39,0,135,1.962483
39,0,136,1.962483
39,0,137,1.962483
39,0,138,1.962483
39,0,139,1.962483
39,0,140,1.962483
39,0,141,1.962483
39,0,142,1.962483
39,0,143,1.962483
39,0,144,1.962483
39,0,145,1.962483
39,0,146,1.962483
39,0,147,1.962483
39,0,148,1.962483
39,0,149,1.962483
39,0,150,1.962483
39,0,151,2.009048
39,0,152,2.125461
39,0,153,2.163997
39,0,154,2.163997
39,0,155,2.163997
39,0,156,2.163997
39,0,157,2.163997
39,0,158,2.163997
39,0,159,2.163997
39,0,160,2.163997
39,0,161,2.163997
39,0,162,2.163997
39,0,163,2.163997
39,0,164,2.163997
39,0,165,2.163997
39,0,166,2.163997
39,0,167,2.163997
39,0,168,2.182108
39,0,169,2.384120
39,0,170,2.578002
39,0,171,2.757345
39,0,172,2.824135
39,0,173,2.824135
39,0,174,2.824135
39,0,175,2.824135
39,0,176,2.824135
39,0,177,2.824135
39,0,178,2.824135
39,0,179,2.824135
39,0,180,2.824135
39,0,181,2.824135
39,0,182,2.824135
39,0,183,2.824135
39,0,184,2.824135
39,0,185,2.824135
39,0,186,2.824135
39,0,187,2.824135
39,0,188,2.824135
39,0,189,2.824135
39,0,190,2.824135
39,0,191,2.824135
39,0,192,2.824135
39,0,193,2.824135
39,0,194,2.824135
39,0,195,2.824135
39,0,196,2.824135
39,0,197,2.824135
39,0,198,2.824135
39,0,199,2.824135
39,0,200,2.824135
39,0,201,2.824135
39,0,202,2.824135
39,0,203,2.824135
39,0,204,2.824135
39,0,205,2.824135
39,0,206,2.824135
39,0,207,2.824135
39,0,208,2.824135
39,0,209,2.824135
39,0,210,2.824135
39,0,211,2.824135
39,0,212,2.824135
39,0,213,2.824135
39,0,214,2.824135
39,0,215,2.824135
39,0,216,2.824135
39,0,217,2.824135
39,0,218,2.824135
39,0,219,2.824135
39,0,220,2.824135
39,0,221,2.824135
39,0,222,2.824135
39,0,223,2.824135
39,0,224,2.824135
39,0,225,2.824135
39,0,226,2.824135
39,0,227,2.824135
39,0,228,2.824135
39,0,229,2.824135
39,0,230,2.824135
39,0,231,2.824135
39,0,232,2.824135
39,0,233,2.824135
39,0,234,2.824135
39,0,235,2.824135
39,0,236,2.824135
39,0,237,2.824135
39,0,238,2.824135
39,0,239,2.824135
39,0,240,2.824135
39,0,241,2.824135
39,0,242,2.824135
39,0,243,2.824135
39,0,244,2.824135
39,0,245,2.824135
39,0,246,2.824135
39,0,247,2.824135
39,0,248,2.824135
39,0,249,2.824135
39,0,250,2.750236
39,0,251,2.649147
40,0,0,1.000000
40,0,1,1.000000
40,0,2,0.919724
40,0,3,0.861562
40,0,4,0.969367
40,0,5,1.055840
40,0,6,1.092078
40,0,7,1.092078
40,0,8,1.092078
40,0,9,1.092078
40,0,10,1.092078
40,0,11,1.092078
40,0,12,1.092078
40,0,13,1.092078
40,0,14,1.092078
40,0,15,1.092078
40,0,16,1.092078
40,0,17,1.092078
40,0,18,1.092078
40,0,19,1.092078
40,0,20,1.092078
40,0,21,1.007716
40,0,22,0.915622
40,0,23,0.915622
40,0,24,0.915622
40,0,25,0.915622
40,0,26,0.915622
40,0,27,0.915622
40,0,28,0.915622
40,0,29,0.915622
40,0,30,0.915622
40,0,31,0.915622
40,0,32,0.915622
40,0,33,0.915622
40,0,34,0.915622
40,0,35,0.915622
40,0,36,0.915622
40,0,37,0.915622
40,0,38,0.915622
40,0,39,0.915622
40,0,40,0.915622
40,0,41,0.915622
40,0,42,0.915622
40,0,43,0.915622
40,0,44,0.915622
40,0,45,0.915622
40,0,46,0.915622
40,0,47,0.915622
40,0,48,0.915622
40,0,49,0.915622
40,0,50,0.915622
40,0,51,0.915622
40,0,52,0.915622
40,0,53,0.915622
40,0,54,0.915622
40,0,55,0.915622
40,0,56,0.915622
40,0,57,0.915622
40,0,58,0.915622
40,0,59,0.915622
40,0,60,0.948732
40,0,61,1.058115
40,0,62,0.963826
40,0,63,0.920310
40,0,64,0.920310
40,0,65,0.920310
40,0,66,0.920310
40,0,67,0.920310
40,0,68,0.920310
40,0,69,0.920310
40,0,70,0.920310
40,0,71,0.920310
40,0,72,0.920310
40,0,73,0.920310
40,0,74,0.920310
40,0,75,0.920310
40,0,76,0.920310
40,0,77,0.920310
40,0,78,0.922673
40,0,79,0.925132
40,0,80,0.925132
40,0,81,0.925132
40,0,82,0.925132
40,0,83,0.925132
40,0,84,0.925132
40,0,85,0.925132
40,0,86,0.925132
40,0,87,0.925132
40,0,88,0.925132
40,0,89,0.925132
40,0,90,0.925132
40,0,91,0.925132
40,0,92,0.925132
40,0,93,0.925132
40,0,94,0.925132
40,0,95,0.925132
40,0,96,0.925132
40,0,97,0.925132
40,0,98,0.925132
40,0,99,0.925132
40,0,100,0.925132
40,0,101,0.925132
40,0,102,0.925132
40,0,103,0.925132
40,0,104,0.925132
40,0,105,0.925132
40,0,106,0.925132
40,0,107,0.925132
40,0,108,0.925132
40,0,109,0.925132
40,0,110,0.925132
40,0,111,0.925132
40,0,112,0.925132
40,0,113,0.925132
40,0,114,0.925132
40,0,115,0.925132
40,0,116,0.925132
40,0,117,0.925132
40,0,118,0.925132
40,0,119,0.925132
40,0,120,0.925132
40,0,121,0.925132
40,0,122,0.925132
40,0,123,0.925132
40,0,124,0.925132
40,0,125,0.925132
40,0,126,0.925132
40,0,127,0.925132
40,0,128,0.925132
40,0,129,0.925132
40,0,130,0.925132
40,0,131,0.925132
40,0,132,0.925132
40,0,133,0.925132
40,0,134,0.925132
40,0,135,0.925132
40,0,136,0.925132
40,0,137,0.925132
40,0,138,0.925132
40,0,139,0.925132
40,0,140,0.925132
40,0,141,0.925132
40,0,142,0.925132
40,0,143,0.925132
40,0,144,0.925132
40,0,145,0.925132
40,0,146,0.925132
40,0,147,0.925132
40,0,148,0.925132
40,0,149,0.925132
40,0,150,0.925132
40,0,151,0.925132
40,0,152,0.925132
40,0,153,0.925132
40,0,154,0.925132
40,0,155,0.925132
40,0,156,0.925132
40,0,157,0.925132
40,0,158,0.925132
40,0,159,0.925132
40,0,160,0.925132
40,0,161,0.925132
40,0,162,0.925132
40,0,163,0.925132
40,0,164,0.925132
40,0,165,0.925132
40,0,166,0.925132
40,0,167,0.925132
40,0,168,0.925132
40,0,169,0.925132
40,0,170,0.925132
40,0,171,0.925132
40,0,172,0.925132
40,0,173,0.925132
40,0,174,0.925132
40,0,175,0.925132
40,0,176,0.925132
40,0,177,0.925132
40,0,178,0.925132
40,0,179,0.925132
40,0,180,0.925132
40,0,181,0.925132
40,0,182,0.925132
40,0,183,0.925132
40,0,184,0.925132
40,0,185,0.925132
40,0,186,0.925132
40,0,187,0.925132
40,0,188,0.925132
40,0,189,0.925132
40,0,190,0.925132
40,0,191,0.925132
40,0,192,0.925132
40,0,193,0.925132
40,0,194,0.925132
40,0,195,0.925132
40,0,196,0.925132
40,0,197,0.925132
40,0,198,0.925132
40,0,199,0.925132
40,0,200,0.925132
40,0,201,0.925132
40,0,202,0.925132
40,0,203,0.925132
40,0,204,0.925132
40,0,205,0.925132
40,0,206,0.925132
40,0,207,0.925132
40,0,208,0.925132
40,0,209,0.925132
40,0,210,0.925132
40,0,211,0.925132
40,0,212,0.925132
40,0,213,0.925132
40,0,214,0.925132
40,0,215,0.925132
40,0,216,0.925132
40,0,217,0.925132
40,0,218,0.925132
40,0,219,0.925132
40,0,220,0.925132
40,0,221,0.925132
40,0,222,0.925132
40,0,223,0.925132
40,0,224,0.925132
40,0,225,0.925132
40,0,226,0.925132
40,0,227,0.925132
40,0,228,0.925132
40,0,229,0.925132
40,0,230,0.925132
40,0,231,0.925132
40,0,232,0.925132
40,0,233,0.925132
40,0,234,0.925132
40,0,235,0.925132
40,0,236,0.925132
40,0,237,0.925132
40,0,238,0.925132
40,0,239,0.925132
40,0,240,0.925132
40,0,241,0.925132
40,0,242,0.925132
40,0,243,0.925132
40,0,244,0.925132
40,0,245,0.925132
40,0,246,0.925132
40,0,247,0.925132
40,0,248,0.925132
40,0,249,0.925132
40,0,250,0.925132
40,0,251,0.925132
41,0,0,1.000000
41,0,1,1.000000
41,0,2,0.961105
41,0,3,0.921899
41,0,4,0.921899
41,0,5,0.921899
41,0,6,0.921899
41,0,7,0.921899
41,0,8,0.921899
41,0,9,0.921899
41,0,10,0.921899
41,0,11,0.921899
41,0,12,0.921899
41,0,13,0.921899
41,0,14,0.921899
41,0,15,0.921899
41,0,16,0.921899
41,0,17,0.921899
41,0,18,0.921899
41,0,19,0.921899
41,0,20,0.921899
41,0,21,0.921899
41,0,22,0.921899
41,0,23,0.921899
41,0,24,0.921899
41,0,25,0.921899
41,0,26,0.921899
41,0,27,0.921899
41,0,28,0.921899
41,0,29,0.921899
41,0,30,0.921899
41,0,31,0.921899
41,0,32,0.921899
41,0,33,0.921899
41,0,34,0.825754
41,0,35,0.715639
41,0,36,0.715639
41,0,37,0.715639
41,0,38,0.715639
41,0,39,0.715639
41,0,40,0.715639
41,0,41,0.715639
41,0,42,0.715639
41,0,43,0.715639
41,0,44,0.715639
41,0,45,0.715639
41,0,46,0.715639
41,0,47,0.715639
41,0,48,0.715639
41,0,49,0.715639
41,0,50,0.715639
41,0,51,0.715639
41,0,52,0.715639
41,0,53,0.715639
41,0,54,0.715639
41,0,55,0.715639
41,0,56,0.715639
41,0,57,0.715639
41,0,58,0.715639
41,0,59,0.715639
41,0,60,0.715639
41,0,61,0.715639
41,0,62,0.715639
41,0,63,0.715639
41,0,64,0.715639
41,0,65,0.715639
41,0,66,0.715639
41,0,67,0.715639
41,0,68,0.715639
41,0,69,0.715639
41,0,70,0.715639
41,0,71,0.715639
41,0,72,0.715639
41,0,73,0.715639
41,0,74,0.715639
41,0,75,0.715639
41,0,76,0.715639
41,0,77,0.715639
41,0,78,0.715639
41,0,79,0.715639
41,0,80,0.715639
41,0,81,0.715639
41,0,82,0.715639
41,0,83,0.715639
41,0,84,0.715639
41,0,85,0.715639
41,0,86,0.715639
41,0,87,0.715639
41,0,88,0.715639
41,0,89,0.715639
41,0,90,0.715639
41,0,91,0.715639
41,0,92,0.715639
41,0,93,0.845316
41,0,94,0.912905
41,0,95,0.912905
41,0,96,0.912905
41,0,97,0.912905
41,0,98,0.912905
41,0,99,0.912905
41,0,100,0.912905
41,0,101,0.912905
41,0,102,0.912905
41,0,103,0.912905
41,0,104,0.912905
41,0,105,0.912905
41,0,106,0.912905
41,0,107,0.912905
41,0,108,0.912905
41,0,109,0.912905
41,0,110,0.912905
41,0,111,0.912905
41,0,112,0.912905
41,0,113,0.912905
41,0,114,0.912905
41,0,115,0.912905
41,0,116,0.912905
41,0,117,0.912905
41,0,118,0.912905
41,0,119,0.912905
41,0,120,0.912905
41,0,121,0.912905
41,0,122,0.912905
41,0,123,0.912905
41,0,124,0.912905
41,0,125,0.912905
41,0,126,0.912905
41,0,127,0.909669
41,0,128,0.890044
41,0,129,0.886703
41,0,130,0.886703
41,0,131,0.886703
41,0,132,0.886703
41,0,133,0.886703
41,0,134,0.886703
41,0,135,0.886703
41,0,136,0.886703
41,0,137,0.886703
41,0,138,0.886703
41,0,139,0.886703
41,0,140,0.886703
41,0,141,0.886703
41,0,142,0.886703
41,0,143,0.886703
41,0,144,0.886703
41,0,145,0.886703
41,0,146,0.886703
41,0,147,0.886703
41,0,148,0.886703
41,0,149,0.886703
41,0,150,0.886703
41,0,151,0.886703
41,0,152,0.886703
41,0,153,0.886703
41,0,154,0.886703
41,0,155,0.886703
41,0,156,0.886703
41,0,157,0.886703
41,0,158,0.886703
41,0,159,0.886703
41,0,160,0.886703
41,0,161,0.886703
41,0,162,0.886703
41,0,163,0.886703
41,0,164,0.886703
41,0,165,0.886703
41,0,166,0.886703
41,0,167,0.886703
41,0,168,0.886703
41,0,169,0.886703
41,0,170,0.886703
41,0,171,0.886703
41,0,172,0.886703
41,0,173,0.886703
41,0,174,0.886703
41,0,175,0.886703
41,0,176,0.886703
41,0,177,0.886703
41,0,178,0.886703
41,0,179,0.886703
41,0,180,0.886703
41,0,181,0.886703
41,0,182,0.886703
41,0,183,0.886703
41,0,184,0.886703
41,0,185,0.886703
41,0,186,0.886703
41,0,187,0.886703
41,0,188,0.886703
41,0,189,0.886703
41,0,190,0.886703
41,0,191,0.886703
41,0,192,0.886703
41,0,193,0.886703
41,0,194,0.886703
41,0,195,0.886703
41,0,196,0.886703
41,0,197,0.886703
41,0,198,0.886703
41,0,199,0.886703
41,0,200,0.886703
41,0,201,0.886703
41,0,202,0.886703
41,0,203,0.886703
41,0,204,0.886703
41,0,205,0.886703
41,0,206,0.886703
41,0,207,0.886703
41,0,208,0.886703
41,0,209,0.886703
41,0,210,0.886703
41,0,211,0.886703
41,0,212,0.886703
41,0,213,0.886703
41,0,214,0.886703
41,0,215,0.886703
41,0,216,0.886703
41,0,217,0.886703
41,0,218,0.886703
41,0,219,0.886703
41,0,220,0.886703
41,0,221,0.886703
41,0,222,0.886703
41,0,223,0.886703
41,0,224,0.886703
41,0,225,0.883202
41,0,226,0.880046
41,0,227,0.880046
41,0,228,0.880046
41,0,229,0.880046
41,0,230,0.880046
41,0,231,0.880046
41,0,232,0.880046
41,0,233,0.880046
41,0,234,0.880046
41,0,235,0.880046
41,0,236,0.880046
41,0,237,0.880046
41,0,238,0.880046
41,0,239,0.880046
41,0,240,0.880046
41,0,241,0.880046
41,0,242,0.880046
41,0,243,0.880046
41,0,244,0.880046
41,0,245,0.880046
41,0,246,0.880046
41,0,247,0.880046
41,0,248,0.880046
41,0,249,0.880046
41,0,250,0.882450
41,0,251,0.889624
42,0,0,1.000000
42,0,1,1.000000
42,0,2,1.000000
42,0,3,1.000000
42,0,4,1.000000
42,0,5,1.000000
42,0,6,1.000000
42,0,7,1.000000
42,0,8,1.006333
42,0,9,1.205809
42,0,10,1.397369
42,0,11,1.397369
42,0,12,1.391735
42,0,13,1.273402
42,0,14,1.161644
42,0,15,1.161644
42,0,16,1.161644
42,0,17,1.161644
42,0,18,1.161644
42,0,19,1.161644
42,0,20,1.161644
42,0,21,1.161644
42,0,22,1.161644
42,0,23,1.161644
42,0,24,1.161644
42,0,25,1.161644
42,0,26,1.161644
42,0,27,1.161644
42,0,28,1.161644
42,0,29,1.161644
42,0,30,1.161644
42,0,31,1.161644
42,0,32,1.161644
42,0,33,1.161644
42,0,34,1.161644
42,0,35,1.161644
42,0,36,1.161644
42,0,37,1.161644
42,0,38,1.161644
42,0,39,1.161644
42,0,40,1.161644
42,0,41,1.161644
42,0,42,1.161644
42,0,43,1.161644
42,0,44,1.161644
42,0,45,1.161644
42,0,46,1.161644
42,0,47,1.161644
42,0,48,1.161644
42,0,49,1.161644
42,0,50,1.161644
42,0,51,1.161644
42,0,52,1.161644
42,0,53,1.161644
42,0,54,1.161644
42,0,55,1.161644
42,0,56,1.161644
42,0,57,1.161644
42,0,58,1.161644
42,0,59,1.161644
42,0,60,1.161644
42,0,61,1.161644
42,0,62,1.161644
42,0,63,1.161644
42,0,64,1.161644
42,0,65,1.161644
42,0,66,1.161644
42,0,67,1.161644
42,0,68,1.161644
42,0,69,1.161644
42,0,70,1.161644
42,0,71,1.161644
42,0,72,1.161644
42,0,73,1.161644
42,0,74,1.212735
42,0,75,1.386720
42,0,76,1.483878
42,0,77,1.403120
42,0,78,1.347359
42,0,79,1.347359
42,0,80,1.347359
42,0,81,1.347359
42,0,82,1.347359
42,0,83,1.347359
42,0,84,1.334147
42,0,85,1.294511
42,0,86,1.268401
42,0,87,1.268401
42,0,88,1.236529
42,0,89,1.145259
42,0,90,1.086586
42,0,91,1.086586
42,0,92,1.086586
42,0,93,1.086586
42,0,94,1.134923
42,0,95,1.264506
42,0,96,1.344725
42,0,97,1.344725
42,0,98,1.315794
42,0,99,1.241399
42,0,100,1.196526
42,0,101,1.196526
42,0,102,1.196526
42,0,103,1.196526
42,0,104,1.196526
42,0,105,1.196526
42,0,106,1.196526
42,0,107,1.196526
42,0,108,1.196526
42,0,109,1.196526
42,0,110,1.232814
42,0,111,1.315946
42,0,112,1.362130
42,0,113,1.362130
42,0,114,1.362130
42,0,115,1.362130
42,0,116,1.362130
42,0,117,1.362130
42,0,118,1.362130
42,0,119,1.362130
42,0,120,1.328750
42,0,121,1.258651
42,0,122,1.222488
42,0,123,1.222488
42,0,124,1.222488
42,0,125,1.222488
42,0,126,1.222488
42,0,127,1.222488
42,0,128,1.222488
42,0,129,1.222488
42,0,130,1.222488
42,0,131,1.222488
42,0,132,1.222488
42,0,133,1.222488
42,0,134,1.222488
42,0,135,1.222488
42,0,136,1.222488
42,0,137,1.222488
42,0,138,1.222488
42,0,139,1.222488
42,0,140,1.222488
42,0,141,1.222488
42,0,142,1.222488
42,0,143,1.222488
42,0,144,1.222488
42,0,145,1.222488
42,0,146,1.277993
42,0,147,1.373795
42,0,148,1.413332
42,0,149,1.413332
42,0,150,1.413332
42,0,151,1.413332
42,0,152,1.413332
42,0,153,1.413332
42,0,154,1.413332
42,0,155,1.413332
42,0,156,1.413332
42,0,157,1.413332
42,0,158,1.413332
42,0,159,1.413332
42,0,160,1.413332
42,0,161,1.413332
42,0,162,1.463290
42,0,163,1.541002
42,0,164,1.568139
42,0,165,1.568139
42,0,166,1.568139
42,0,167,1.568139
42,0,168,1.568139
42,0,169,1.568139
42,0,170,1.568139
42,0,171,1.568139
42,0,172,1.568139
42,0,173,1.568139
42,0,174,1.568139
42,0,175,1.568139
42,0,176,1.568139
42,0,177,1.568139
42,0,178,1.568139
42,0,179,1.568139
42,0,180,1.568139
42,0,181,1.568139
42,0,182,1.568139
42,0,183,1.568139
42,0,184,1.568139
42,0,185,1.568139
42,0,186,1.568139
42,0,187,1.568139
42,0,188,1.568139
42,0,189,1.568139
42,0,190,1.568139
42,0,191,1.568139
42,0,192,1.568139
42,0,193,1.568139
42,0,194,1.568139
42,0,195,1.568139
42,0,196,1.568139
42,0,197,1.568139
42,0,198,1.503126
42,0,199,1.420382
42,0,200,1.403308
42,0,201,1.403308
42,0,202,1.403308
42,0,203,1.403308
42,0,204,1.403308
42,0,205,1.403308
42,0,206,1.403308
42,0,207,1.403308
42,0,208,1.403308
42,0,209,1.403308
42,0,210,1.403308
42,0,211,1.403308
42,0,212,1.403308
42,0,213,1.403308
42,0,214,1.403308
42,0,215,1.403308
42,0,216,1.403308
42,0,217,1.403308
42,0,218,1.403308
42,0,219,1.403308
42,0,220,1.403308
42,0,221,1.403308
42,0,222,1.403308
42,0,223,1.403308
42,0,224,1.481811
42,0,225,1.570126
42,0,226,1.579238
42,0,227,1.579238
42,0,228,1.579238
42,0,229,1.579238
42,0,230,1.579238
42,0,231,1.579238
42,0,232,1.579238
42,0,233,1.579238
42,0,234,1.579238
42,0,235,1.579238
42,0,236,1.579238
42,0,237,1.579238
42,0,238,1.579238
42,0,239,1.579238
42,0,240,1.579238
42,0,241,1.579238
42,0,242,1.579238
42,0,243,1.579238
42,0,244,1.579238
42,0,245,1.579238
42,0,246,1.579238
42,0,247,1.579238
42,0,248,1.579238
42,0,249,1.579238
42,0,250,1.630086
42,0,251,1.681341
43,0,0,1.000000
43,0,1,1.017181
43,0,2,1.030584
43,0,3,1.030584
43,0,4,1.030584
43,0,5,1.030584
43,0,6,1.030584
43,0,7,1.030584
43,0,8,1.030584
43,0,9,1.030584
43,0,10,1.030584
43,0,11,1.030584
43,0,12,1.030584
43,0,13,1.030584
43,0,14,1.030584
43,0,15,1.030584
43,0,16,1.030584
43,0,17,1.030584
43,0,18,1.030584
43,0,19,1.030584
43,0,20,1.030584
43,0,21,1.030584
43,0,22,1.030584
43,0,23,1.030584
43,0,24,1.030584
43,0,25,1.030584
43,0,26,1.030584
43,0,27,1.030584
43,0,28,1.030584
43,0,29,0.951449
43,0,30,0.798599
43,0,31,0.758490
43,0,32,0.758490
43,0,33,0.758490
43,0,34,0.758490
43,0,35,0.758490
43,0,36,0.758490
43,0,37,0.758490
43,0,38,0.758490
43,0,39,0.758490
43,0,40,0.758490
43,0,41,0.758490
43,0,42,0.758490
43,0,43,0.758490
43,0,44,0.758490
43,0,45,0.758490
43,0,46,0.758490
43,0,47,0.758490
43,0,48,0.758490
43,0,49,0.758490
43,0,50,0.758490
43,0,51,0.758490
43,0,52,0.758490
43,0,53,0.758490
43,0,54,0.758490
43,0,55,0.758490
43,0,56,0.758490
43,0,57,0.758490
43,0,58,0.758490
43,0,59,0.758490
43,0,60,0.758490
43,0,61,0.758490
43,0,62,0.758490
43,0,63,0.758490
43,0,64,0.758490
43,0,65,0.758490
43,0,66,0.758490
43,0,67,0.758490
43,0,68,0.758490
43,0,69,0.758490
43,0,70,0.758490
43,0,71,0.758490
43,0,72,0.758490
43,0,73,0.758490
43,0,74,0.758490
43,0,75,0.758490
43,0,76,0.758490
43,0,77,0.758490
43,0,78,0.758490
43,0,79,0.758490
43,0,80,0.758490
43,0,81,0.758490
43,0,82,0.758490
43,0,83,0.758490
43,0,84,0.758490
43,0,85,0.758490
43,0,86,0.758490
43,0,87,0.758490
43,0,88,0.758490
43,0,89,0.758490
43,0,90,0.758490
43,0,91,0.758490
43,0,92,0.758490
43,0,93,0.758490
43,0,94,0.758490
43,0,95,0.758490
43,0,96,0.758490
43,0,97,0.758490
43,0,98,0.758490
43,0,99,0.758490
43,0,100,0.758490
43,0,101,0.758490
43,0,102,0.758490
43,0,103,0.758490
43,0,104,0.758490
43,0,105,0.758490
43,0,106,0.758490
43,0,107,0.758490
43,0,108,0.758490
43,0,109,0.758490
43,0,110,0.758490
43,0,111,0.758490
43,0,112,0.758490
43,0,113,0.758490
43,0,114,0.758490
43,0,115,0.758490
43,0,116,0.758490
43,0,117,0.758490
43,0,118,0.758490
43,0,119,0.758490
43,0,120,0.758490
43,0,121,0.758490
43,0,122,0.866576
43,0,123,0.960951
43,0,124,0.960951
43,0,125,0.960951
43,0,126,0.960951
43,0,127,0.960951
43,0,128,0.960951
43,0,129,0.960951
43,0,130,0.960951
43,0,131,0.960951
43,0,132,0.960951
43,0,133,0.960951
43,0,134,0.960951
43,0,135,0.960951
43,0,136,0.960951
43,0,137,0.960951
43,0,138,0.960951
43,0,139,0.960951
43,0,140,0.960951
43,0,141,1.007323
43,0,142,1.133063
43,0,143,1.184786
43,0,144,1.184786
43,0,145,1.184786
43,0,146,1.184786
43,0,147,1.184786
43,0,148,1.184786
43,0,149,1.184786
43,0,150,1.184786
43,0,151,1.184786
43,0,152,1.184786
43,0,153,1.184786
43,0,154,1.184786
43,0,155,1.184786
43,0,156,1.184786
43,0,157,1.184786
43,0,158,1.184786
43,0,159,1.184786
43,0,160,1.184786
43,0,161,1.184786
43,0,162,1.184786
43,0,163,1.184786
43,0,164,1.184786
43,0,165,1.184786
43,0,166,1.184786
43,0,167,1.184786
43,0,168,1.184786
43,0,169,1.184786
43,0,170,1.184786
43,0,171,1.184786
43,0,172,1.184786
43,0,173,1.184786
43,0,174,1.184786
43,0,175,1.184786
43,0,176,1.184786
43,0,177,1.184786
43,0,178,1.184786
43,0,179,1.184786
43,0,180,1.168474
43,0,181,1.089164
43,0,182,1.003616
43,0,183,0.909645
43,0,184,0.876322
43,0,185,0.876322
43,0,186,0.876322
43,0,187,0.876322
43,0,188,0.876322
43,0,189,0.876322
43,0,190,0.876322
43,0,191,0.876322
43,0,192,0.876322
43,0,193,0.876322
43,0,194,0.876322
43,0,195,0.876322
43,0,196,0.876322
43,0,197,0.876322
43,0,198,0.876322
43,0,199,0.876322
43,0,200,0.827647
43,0,201,0.749657
43,0,202,0.737488
43,0,203,0.737488
43,0,204,0.737488
43,0,205,0.737488
43,0,206,0.737488
43,0,207,0.737488
43,0,208,0.737488
43,0,209,0.737488
43,0,210,0.737488
43,0,211,0.686902
43,0,212,0.642021
43,0,213,0.642021
43,0,214,0.642021
43,0,215,0.642021
43,0,216,0.642021
43,0,217,0.642021
43,0,218,0.642021
43,0,219,0.642021
43,0,220,0.642021
43,0,221,0.642021
43,0,222,0.642021
43,0,223,0.642021
43,0,224,0.642021
43,0,225,0.642021
43,0,226,0.642021
43,0,227,0.642021
43,0,228,0.642021
43,0,229,0.642021
43,0,230,0.642021
43,0,231,0.642021
43,0,232,0.642021
43,0,233,0.642021
43,0,234,0.642021
43,0,235,0.641118
43,0,236,0.598680
43,0,237,0.559720
43,0,238,0.531708
43,0,239,0.516609
43,0,240,0.516609
43,0,241,0.516609
43,0,242,0.516609
43,0,243,0.516609
43,0,244,0.513809
43,0,245,0.490582
43,0,246,0.475263
43,0,247,0.475263
43,0,248,0.456484
43,0,249,0.422968
43,0,250,0.415599
43,0,251,0.415599
44,0,0,1.000000
44,0,1,1.000000
44,0,2,1.000000
44,0,3,1.000000
44,0,4,1.000000
44,0,5,1.000000
44,0,6,1.000000
44,0,7,1.000000
44,0,8,1.000000
44,0,9,1.000000
44,0,10,1.000000
44,0,11,1.000000
44,0,12,1.000000
44,0,13,1.000000
44,0,14,1.000000
44,0,15,1.000000
44,0,16,1.000000
44,0,17,1.000000
44,0,18,1.000000
44,0,19,1.000000
44,0,20,1.000000
44,0,21,1.000000
44,0,22,1.000000
44,0,23,1.000000
44,0,24,1.000000
44,0,25,1.000000
44,0,26,1.000000
44,0,27,1.000000
44,0,28,1.000000
44,0,29,1.000000
44,0,30,1.000000
44,0,31,1.000000
44,0,32,1.127510
44,0,33,1.274373
44,0,34,1.285758
44,0,35,1.285758
44,0,36,1.285758
44,0,37,1.285758
44,0,38,1.285758
44,0,39,1.285758
44,0,40,1.285758
44,0,41,1.285758
44,0,42,1.285758
44,0,43,1.293854
44,0,44,1.335631
44,0,45,1.367044
44,0,46,1.367044
44,0,47,1.445482
44,0,48,1.704933
44,0,49,1.882550
44,0,50,1.912514
44,0,51,1.930167
44,0,52,1.930167
44,0,53,1.930167
44,0,54,1.930167
44,0,55,1.930167
44,0,56,1.930167
44,0,57,1.930167
44,0,58,1.930167
44,0,59,1.930167
44,0,60,1.930167
44,0,61,1.930167
44,0,62,1.930167
44,0,63,1.930167
44,0,64,1.930167
44,0,65,1.930167
44,0,66,1.930167
44,0,67,1.930167
44,0,68,1.930167
44,0,69,1.930167
44,0,70,1.930167
44,0,71,1.930167
44,0,72,1.930183
44,0,73,1.932297
44,0,74,1.934280
44,0,75,1.934280
44,0,76,1.934280
44,0,77,1.934280
44,0,78,1.934280
44,0,79,1.934280
44,0,80,1.934280
44,0,81,1.934280
44,0,82,1.934280
44,0,83,1.934280
44,0,84,1.934280
44,0,85,1.934280
44,0,86,1.934280
44,0,87,1.934280
44,0,88,1.934280
44,0,89,1.934280
44,0,90,1.934280
44,0,91,1.934280
44,0,92,1.934280
44,0,93,1.934280
44,0,94,1.934280
44,0,95,1.934280
44,0,96,1.934280
44,0,97,1.934280
44,0,98,1.934280
44,0,99,1.934280
44,0,100,1.934280
44,0,101,1.934280
44,0,102,1.934280
44,0,103,1.934280
44,0,104,1.934280
44,0,105,1.934280
44,0,106,1.934280
44,0,107,1.934280
44,0,108,1.934280
44,0,109,1.934280
44,0,110,1.934280
44,0,111,1.934280
44,0,112,1.934280
44,0,113,1.934280
44,0,114,1.934280
44,0,115,1.934280
44,0,116,1.934280
44,0,117,1.934280
44,0,118,1.934280
44,0,119,1.934280
44,0,120,1.934280
44,0,121,1.934280
44,0,122,1.934280
44,0,123,1.934280
44,0,124,1.934280
44,0,125,1.934280
44,0,126,1.934280
44,0,127,1.934280
44,0,128,1.934280
44,0,129,1.934280
44,0,130,1.934280
44,0,131,1.934280
44,0,132,1.934280
44,0,133,1.934280
44,0,134,1.934280
44,0,135,1.934280
44,0,136,1.934280
44,0,137,1.934280
44,0,138,1.934280
44,0,139,1.934280
44,0,140,1.934280
44,0,141,1.934280
44,0,142,1.934280
44,0,143,1.934280
44,0,144,1.934280
44,0,145,1.934280
44,0,146,1.934280
44,0,147,1.934280
44,0,148,1.934280
44,0,149,1.934280
44,0,150,1.934280
44,0,151,1.934280
44,0,152,1.934280
44,0,153,1.934280
44,0,154,1.934280
44,0,155,1.934280
44,0,156,1.934280
44,0,157,1.934280
44,0,158,1.934280
44,0,159,1.934280
44,0,160,2.007107
44,0,161,2.169085
44,0,162,2.249446
44,0,163,2.249446
44,0,164,2.249446
44,0,165,2.249446
44,0,166,2.249446
44,0,167,2.249446
44,0,168,2.249446
44,0,169,2.249446
44,0,170,2.249446
44,0,171,2.249446
44,0,172,2.249446
44,0,173,2.249446
44,0,174,2.249446
44,0,175,2.249446
44,0,176,2.249446
44,0,177,2.249446
44,0,178,2.249446
44,0,179,2.249446
44,0,180,2.249446
44,0,181,2.295805
44,0,182,3.292523
44,0,183,4.188797
44,0,184,4.188797
44,0,185,4.188797
44,0,186,4.188797
44,0,187,4.188797
44,0,188,4.188797
44,0,189,4.188797
44,0,190,4.188797
44,0,191,4.188797
44,0,192,4.188797
44,0,193,4.188797
44,0,194,4.188797
44,0,195,4.188797
44,0,196,4.188797
44,0,197,4.188797
44,0,198,4.188797
44,0,199,4.188797
44,0,200,4.188797
44,0,201,4.188797
44,0,202,4.188797
44,0,203,4.723975
44,0,204,5.555758
44,0,205,5.807227
44,0,206,5.807227
44,0,207,5.807227
44,0,208,5.807227
44,0,209,5.807227
44,0,210,5.807227
44,0,211,5.807227
44,0,212,5.807227
44,0,213,5.807227
44,0,214,5.807227
44,0,215,5.807227
44,0,216,5.807227
44,0,217,5.807227
44,0,218,5.807227
44,0,219,5.807227
44,0,220,5.807227
44,0,221,5.807227
44,0,222,5.807227
44,0,223,5.807227
44,0,224,5.807227
44,0,225,5.807227
44,0,226,5.682517
44,0,227,5.259157
44,0,228,4.983481
44,0,229,4.983481
44,0,230,4.983481
44,0,231,4.983481
44,0,232,4.983481
44,0,233,4.983481
44,0,234,4.983481
44,0,235,4.983481
44,0,236,4.983481
44,0,237,4.983481
44,0,238,5.703536
44,0,239,6.864626
44,0,240,7.242655
44,0,241,7.242655
44,0,242,7.242655
44,0,243,7.242655
44,0,244,7.242655
44,0,245,7.242655
44,0,246,7.242655
44,0,247,7.242655
44,0,248,6.699269
44,0,249,6.089732
44,0,250,6.056656
44,0,251,6.056656
45,0,0,1.000000
45,0,1,1.000000
45,0,2,1.000000
45,0,3,1.000000
45,0,4,1.000000
45,0,5,1.000000
45,0,6,1.000000
45,0,7,1.000000
45,0,8,1.000000
45,0,9,1.000000
45,0,10,1.000000
45,0,11,1.000000
45,0,12,1.000000
45,0,13,1.000000
45,0,14,1.000000
45,0,15,1.000000
45,0,16,0.978498
45,0,17,0.852879
45,0,18,0.727261
45,0,19,0.715944
45,0,20,0.715944
45,0,21,0.720820
45,0,22,0.728337
45,0,23,0.732943
45,0,24,0.732943
45,0,25,0.732943
45,0,26,0.732943
45,0,27,0.732943
45,0,28,0.732943
45,0,29,0.732943
45,0,30,0.732943
45,0,31,0.732943
45,0,32,0.732943
45,0,33,0.732943
45,0,34,0.736517
45,0,35,0.780598
45,0,36,0.824679
45,0,37,0.832621
45,0,38,0.832621
45,0,39,0.832621
45,0,40,0.832621
45,0,41,0.820591
45,0,42,0.780125
45,0,43,0.736892
45,0,44,0.619645
45,0,45,0.502397
45,0,46,0.475990
45,0,47,0.475990
45,0,48,0.475990
45,0,49,0.475990
45,0,50,0.475990
45,0,51,0.475990
45,0,52,0.475990
45,0,53,0.475990
45,0,54,0.475990
45,0,55,0.475990
45,0,56,0.475990
45,0,57,0.460773
45,0,58,0.428291
45,0,59,0.402539
45,0,60,0.402539
45,0,61,0.402539
45,0,62,0.402539
45,0,63,0.402539
45,0,64,0.402539
45,0,65,0.402539
45,0,66,0.413682
45,0,67,0.439998
45,0,68,0.462047
45,0,69,0.462047
45,0,70,0.462047
45,0,71,0.462047
45,0,72,0.462047
45,0,73,0.462047
45,0,74,0.462047
45,0,75,0.462047
45,0,76,0.462047
45,0,77,0.462047
45,0,78,0.462047
45,0,79,0.462047
45,0,80,0.462047
45,0,81,0.462047
45,0,82,0.432876
45,0,83,0.383816
45,0,84,0.351109
45,0,85,0.351109
45,0,86,0.351109
45,0,87,0.351109
45,0,88,0.351109
45,0,89,0.351109
45,0,90,0.351109
45,0,91,0.351109
45,0,92,0.351109
45,0,93,0.351109
45,0,94,0.351109
45,0,95,0.351109
45,0,96,0.351109
45,0,97,0.351109
45,0,98,0.351109
45,0,99,0.351109
45,0,100,0.351109
45,0,101,0.351109
45,0,102,0.351109
45,0,103,0.351109
45,0,104,0.351109
45,0,105,0.351109
45,0,106,0.351109
45,0,107,0.351109
45,0,108,0.351109
45,0,109,0.351109
45,0,110,0.351109
45,0,111,0.351109
45,0,112,0.351109
45,0,113,0.351109
45,0,114,0.351109
45,0,115,0.351109
45,0,116,0.351109
45,0,117,0.351109
45,0,118,0.351109
45,0,119,0.351109
45,0,120,0.351109
45,0,121,0.351109
45,0,122,0.351109
45,0,123,0.351109
45,0,124,0.351109
45,0,125,0.351109
45,0,126,0.351109
45,0,127,0.351109
45,0,128,0.351109
45,0,129,0.351109
45,0,130,0.351109
45,0,131,0.351109
45,0,132,0.351109
45,0,133,0.351109
45,0,134,0.351109
45,0,135,0.351109
45,0,136,0.351109
45,0,137,0.351109
45,0,138,0.351109
45,0,139,0.351109
45,0,140,0.351109
45,0,141,0.351109
45,0,142,0.351109
45,0,143,0.351109
45,0,144,0.351109
45,0,145,0.351109
45,0,146,0.351109
45,0,147,0.351109
45,0,148,0.351109
45,0,149,0.351109
45,0,150,0.363174
45,0,151,0.379118
45,0,152,0.387162
45,0,153,0.387162
45,0,154,0.387162
45,0,155,0.387162
45,0,156,0.387162
45,0,157,0.387162
45,0,158,0.387162
45,0,159,0.387162
45,0,160,0.387162
45,0,161,0.387162
45,0,162,0.387162
45,0,163,0.387162
45,0,164,0.387162
45,0,165,0.387162
45,0,166,0.387162
45,0,167,0.387162
45,0,168,0.387162
45,0,169,0.387162
45,0,170,0.387162
45,0,171,0.387162
45,0,172,0.391150
45,0,173,0.418817
45,0,174,0.446484
45,0,175,0.471411
45,0,176,0.495973
45,0,177,0.505267
45,0,178,0.505267
45,0,179,0.505267
45,0,180,0.505267
45,0,181,0.521593
45,0,182,0.686341
45,0,183,0.851088
45,0,184,0.877804
45,0,185,0.877804
45,0,186,0.877804
45,0,187,0.877804
45,0,188,0.877804
45,0,189,0.877804
45,0,190,0.877804
45,0,191,0.877804
45,0,192,0.877804
45,0,193,0.877804
45,0,194,0.877804
45,0,195,0.877804
45,0,196,0.877804
45,0,197,0.877804
45,0,198,0.877804
45,0,199,0.877804
45,0,200,0.877804
45,0,201,0.877804
45,0,202,0.877804
45,0,203,0.877804
45,0,204,0.877804
45,0,205,0.877804
45,0,206,0.877804
45,0,207,0.877804
45,0,208,0.877804
45,0,209,0.877804
45,0,210,0.877804
45,0,211,0.877804
45,0,212,0.877804
45,0,213,0.877804
45,0,214,0.877804
45,0,215,0.877804
45,0,216,0.877804
45,0,217,0.877804
45,0,218,0.877804
45,0,219,0.877804
45,0,220,0.877804
45,0,221,0.877804
45,0,222,0.877804
45,0,223,0.877804
45,0,224,0.877804
45,0,225,0.877804
45,0,226,0.877804
45,0,227,0.877804
45,0,228,0.877804
45,0,229,0.877804
45,0,230,0.877804
45,0,231,0.877804
45,0,232,0.877804
45,0,233,0.877804
45,0,234,0.877804
45,0,235,0.877804
45,0,236,0.877804
45,0,237,0.877804
45,0,238,0.877804
45,0,239,0.877804
45,0,240,0.877804
45,0,241,0.877804
45,0,242,0.877804
45,0,243,0.877804
45,0,244,0.877804
45,0,245,0.877804
45,0,246,0.877804
45,0,247,0.877804
45,0,248,0.877804
45,0,249,0.871520
45,0,250,0.847467
45,0,251,0.823414
46,0,0,1.000000
46,0,1,1.000000
46,0,2,0.949406
46,0,3,0.839447
46,0,4,0.830678
46,0,5,0.830678
46,0,6,0.830678
46,0,7,0.830678
46,0,8,0.830678
46,0,9,0.830678
46,0,10,0.830678
46,0,11,0.830678
46,0,12,0.830678
46,0,13,0.830678
46,0,14,0.830678
46,0,15,0.830678
46,0,16,0.830678
46,0,17,0.830678
46,0,18,0.830678
46,0,19,0.802224
46,0,20,0.747660
46,0,21,0.746656
46,0,22,0.746656
46,0,23,0.746656
46,0,24,0.746656
46,0,25,0.746656
46,0,26,0.746656
46,0,27,0.746656
46,0,28,0.746656
46,0,29,0.746656
46,0,30,0.746656
46,0,31,0.746656
46,0,32,0.746656
46,0,33,0.746656
46,0,34,0.746656
46,0,35,0.746656
46,0,36,0.890592
46,0,37,1.126950
46,0,38,1.126950
46,0,39,1.126950
46,0,40,1.126950
46,0,41,1.126950
46,0,42,1.126950
46,0,43,1.126950
46,0,44,1.126950
46,0,45,1.126950
46,0,46,1.126950
46,0,47,1.126950
46,0,48,1.126950
46,0,49,1.126950
46,0,50,1.126950
46,0,51,1.126950
46,0,52,1.126950
46,0,53,1.126950
46,0,54,1.126950
46,0,55,1.126950
46,0,56,1.126950
46,0,57,1.126950
46,0,58,1.126950
46,0,59,1.126950
46,0,60,1.126950
46,0,61,1.126950
46,0,62,1.126950
46,0,63,1.126950
46,0,64,1.126950
46,0,65,1.126950
46,0,66,1.126950
46,0,67,1.126950
46,0,68,1.126950
46,0,69,1.126950
46,0,70,1.126950
46,0,71,1.126950
46,0,72,1.126950
46,0,73,1.126950
46,0,74,1.126950
46,0,75,1.126950
46,0,76,1.126950
46,0,77,1.126950
46,0,78,1.126950
46,0,79,1.126950
46,0,80,1.126950
46,0,81,1.126950
46,0,82,1.126950
46,0,83,1.126950
46,0,84,1.126950
46,0,85,1.126950
46,0,86,1.126950
46,0,87,1.126950
46,0,88,1.126950
46,0,89,1.126950
46,0,90,1.126950
46,0,91,1.126950
46,0,92,1.126950
46,0,93,1.126950
46,0,94,1.126950
46,0,95,1.126950
46,0,96,1.074796
46,0,97,0.975946
46,0,98,0.974733
46,0,99,0.974733
46,0,100,0.974733
46,0,101,0.974733
46,0,102,0.974733
46,0,103,0.974733
46,0,104,0.974733
46,0,105,0.974733
46,0,106,0.974733
46,0,107,0.974733
46,0,108,0.974733
46,0,109,0.974733
46,0,110,0.974733
46,0,111,0.974733
46,0,112,0.974733
46,0,113,0.974733
46,0,114,0.974896
46,0,115,0.978213
46,0,116,0.979841
46,0,117,0.979841
46,0,118,0.979841
46,0,119,0.979841
46,0,120,0.979841
46,0,121,0.979841
46,0,122,0.979841
46,0,123,0.979841
46,0,124,0.979841
46,0,125,0.979841
46,0,126,0.979841
46,0,127,0.979841
46,0,128,0.979841
46,0,129,0.979841
46,0,130,0.979841
46,0,131,0.979841
46,0,132,0.979841
46,0,133,0.979841
46,0,134,0.979841
46,0,135,0.979841
46,0,136,0.979841
46,0,137,0.979841
46,0,138,0.979841
46,0,139,0.979841
46,0,140,0.979841
46,0,141,0.979841
46,0,142,0.947852
46,0,143,0.851293
46,0,144,0.831152
46,0,145,0.831152
46,0,146,0.831152
46,0,147,0.831152
46,0,148,0.831152
46,0,149,0.831152
46,0,150,0.831152
46,0,151,0.831152
46,0,152,0.831152
46,0,153,0.831152
46,0,154,0.831152
46,0,155,0.831152
46,0,156,0.831152
46,0,157,0.831152
46,0,158,0.831152
46,0,159,0.831152
46,0,160,0.831152
46,0,161,0.831152
46,0,162,0.831152
46,0,163,0.831152
46,0,164,0.831152
46,0,165,0.831152
46,0,166,0.831152
46,0,167,0.793305
46,0,168,0.751316
46,0,169,0.778902
46,0,170,0.789564
46,0,171,0.789564
46,0,172,0.789564
46,0,173,0.789564
46,0,174,0.789564
46,0,175,0.789564
46,0,176,0.789564
46,0,177,0.789564
46,0,178,0.789564
46,0,179,0.789564
46,0,180,0.789564
46,0,181,0.789564
46,0,182,0.789564
46,0,183,0.789564
46,0,184,0.789564
46,0,185,0.789564
46,0,186,0.789564
46,0,187,0.789564
46,0,188,0.789564
46,0,189,0.789564
46,0,190,0.789564
46,0,191,0.789564
46,0,192,0.789564
46,0,193,0.789564
46,0,194,0.789564
46,0,195,0.789564
46,0,196,0.770266
46,0,197,0.725962
46,0,198,0.721341
46,0,199,0.721341
46,0,200,0.721341
46,0,201,0.721341
46,0,202,0.721341
46,0,203,0.721341
46,0,204,0.721341
46,0,205,0.721341
46,0,206,0.721341
46,0,207,0.721341
46,0,208,0.721341
46,0,209,0.721341
46,0,210,0.721341
46,0,211,0.721341
46,0,212,0.721341
46,0,213,0.721341
46,0,214,0.721341
46,0,215,0.721341
46,0,216,0.721341
46,0,217,0.721341
46,0,218,0.721341
46,0,219,0.721341
46,0,220,0.721341
46,0,221,0.721341
46,0,222,0.721341
46,0,223,0.721341
46,0,224,0.721341
46,0,225,0.721341
46,0,226,0.721341
46,0,227,0.721341
46,0,228,0.721341
46,0,229,0.721341
46,0,230,0.721341
46,0,231,0.721341
46,0,232,0.721341
46,0,233,0.721341
46,0,234,0.721341
46,0,235,0.721341
46,0,236,0.721341
46,0,237,0.721341
46,0,238,0.721341
46,0,239,0.721341
46,0,240,0.721341
46,0,241,0.721341
46,0,242,0.721341
46,0,243,0.721341
46,0,244,0.721341
46,0,245,0.721341
46,0,246,0.721341
46,0,247,0.721341
46,0,248,0.721341
46,0,249,0.721341
46,0,250,0.721341
46,0,251,0.721341
47,0,0,1.000000
47,0,1,1.000000
47,0,2,1.000000
47,0,3,1.000000
47,0,4,1.000000
47,0,5,1.000000
47,0,6,1.000000
47,0,7,1.000000
47,0,8,1.000000
47,0,9,1.000000
47,0,10,1.000000
47,0,11,1.000000
47,0,12,1.000000
47,0,13,1.000000
47,0,14,1.000000
47,0,15,1.000000
47,0,16,1.000000
47,0,17,1.000000
47,0,18,1.000000
47,0,19,1.000000
47,0,20,1.000000
47,0,21,1.000000
47,0,22,1.000000
47,0,23,1.000000
47,0,24,1.000000
47,0,25,1.000000
47,0,26,1.000000
47,0,27,1.000000
47,0,28,1.000000
47,0,29,1.000000
47,0,30,1.000000
47,0,31,1.000000
47,0,32,1.000000
47,0,33,1.000000
47,0,34,0.967909
47,0,35,0.938040
47,0,36,0.938040
47,0,37,0.938040
47,0,38,0.938040
47,0,39,0.938040
47,0,40,0.938040
47,0,41,0.938040
47,0,42,0.938040
47,0,43,0.938040
47,0,44,0.938040
47,0,45,1.051127
47,0,46,1.189232
47,0,47,1.189232
47,0,48,1.189232
47,0,49,1.189232
47,0,50,1.189232
47,0,51,1.189232
47,0,52,1.189232
47,0,53,1.189232
47,0,54,1.189232
47,0,55,1.189232
47,0,56,1.189232
47,0,57,1.189232
47,0,58,1.189232
47,0,59,1.189232
47,0,60,1.189232
47,0,61,1.189232
47,0,62,1.189232
47,0,63,1.189232
47,0,64,1.189232
47,0,65,1.189232
47,0,66,1.189232
47,0,67,1.189232
47,0,68,1.189232
47,0,69,1.189232
47,0,70,1.189232
47,0,71,1.189232
47,0,72,1.189232
47,0,73,1.189232
47,0,74,1.189232
47,0,75,1.213724
47,0,76,1.424816
47,0,77,1.481963
47,0,78,1.481963
47,0,79,1.481963
47,0,80,1.763522
47,0,81,1.890468
47,0,82,1.890468
47,0,83,1.890468
47,0,84,1.890468
47,0,85,1.890468
47,0,86,1.890468
47,0,87,1.890468
47,0,88,1.890468
47,0,89,1.890468
47,0,90,1.890468
47,0,91,1.890468
47,0,92,1.890468
47,0,93,1.890468
47,0,94,1.890468
47,0,95,1.890468
47,0,96,1.890468
47,0,97,1.890468
47,0,98,1.890468
47,0,99,1.890468
47,0,100,1.890468
47,0,101,1.890468
47,0,102,1.890468
47,0,103,1.890468
47,0,104,1.890468
47,0,105,1.890468
47,0,106,1.890468
47,0,107,1.890468
47,0,108,1.890468
47,0,109,1.890468
47,0,110,1.890468
47,0,111,1.890468
47,0,112,1.890468
47,0,113,1.890468
47,0,114,1.854547
47,0,115,1.729515
47,0,116,1.717081
47,0,117,1.717081
47,0,118,1.717081
47,0,119,1.717081
47,0,120,1.717081
47,0,121,1.717081
47,0,122,1.717081
47,0,123,1.717081
47,0,124,1.717081
47,0,125,1.717081
47,0,126,1.717081
47,0,127,1.717081
47,0,128,1.717081
47,0,129,1.717081
47,0,130,1.717081
47,0,131,1.717081
47,0,132,1.717081
47,0,133,1.717081
47,0,134,1.717081
47,0,135,1.717081
47,0,136,1.717081
47,0,137,1.717081
47,0,138,1.717081
47,0,139,1.717081
47,0,140,1.717081
47,0,141,1.717081
47,0,142,1.717081
47,0,143,1.717081
47,0,144,1.717081
47,0,145,1.717081
47,0,146,1.717081
47,0,147,1.717081
47,0,148,1.717081
47,0,149,1.717081
47,0,150,1.717081
47,0,151,1.717081
47,0,152,1.717081
47,0,153,1.717081
47,0,154,1.717081
47,0,155,1.717081
47,0,156,1.717081
47,0,157,1.717081
47,0,158,1.717081
47,0,159,1.717081
47,0,160,1.717081
47,0,161,1.717081
47,0,162,1.717081
47,0,163,1.717081
47,0,164,1.717081
47,0,165,1.717081
47,0,166,1.717081
47,0,167,1.717081
47,0,168,1.717081
47,0,169,1.717081
47,0,170,1.717081
47,0,171,1.717081
47,0,172,1.717081
47,0,173,1.717081
47,0,174,1.717081
47,0,175,1.717081
47,0,176,1.717081
47,0,177,1.717081
47,0,178,1.717081
47,0,179,1.717081
47,0,180,1.717081
47,0,181,1.717081
47,0,182,1.717081
47,0,183,1.717081
47,0,184,1.717081
47,0,185,1.717081
47,0,186,1.717081
47,0,187,1.717081
47,0,188,1.717081
47,0,189,1.717081
47,0,190,1.717081
47,0,191,1.717081
47,0,192,1.717081
47,0,193,1.717081
47,0,194,1.717081
47,0,195,1.717081
47,0,196,1.717081
47,0,197,1.717081
47,0,198,1.717081
47,0,199,1.717081
47,0,200,1.717081
47,0,201,1.717081
47,0,202,1.717081
47,0,203,1.717081
47,0,204,1.717081
47,0,205,1.717081
47,0,206,1.717081
47,0,207,1.717081
47,0,208,1.717081
47,0,209,1.717081
47,0,210,1.717081
47,0,211,1.717081
47,0,212,1.717081
47,0,213,1.717081
47,0,214,1.717081
47,0,215,1.717081
47,0,216,1.717081
47,0,217,1.717081
47,0,218,1.717081
47,0,219,1.717081
47,0,220,1.717081
47,0,221,1.717081
47,0,222,1.717081
47,0,223,1.717081
47,0,224,1.710250
47,0,225,1.704189
47,0,226,1.704189
47,0,227,1.704189
47,0,228,1.704189
47,0,229,1.704189
47,0,230,1.704189
47,0,231,1.704189
47,0,232,1.704189
47,0,233,1.704189
47,0,234,1.704189
47,0,235,1.704189
47,0,236,1.704189
47,0,237,1.704189
47,0,238,1.704189
47,0,239,1.704189
47,0,240,1.704189
47,0,241,1.704189
47,0,242,1.704189
47,0,243,1.704189
47,0,244,1.704189
47,0,245,1.704189
47,0,246,1.704189
47,0,247,1.704189
47,0,248,1.704189
47,0,249,1.704189
47,0,250,1.709362
47,0,251,1.722736
48,0,0,1.000000
48,0,1,1.000000
48,0,2,1.000000
48,0,3,1.000000
48,0,4,1.000000
48,0,5,1.000000
48,0,6,1.000000
48,0,7,1.000000
48,0,8,1.000000
48,0,9,1.034829
48,0,10,1.215308
48,0,11,1.395786
48,0,12,1.397369
48,0,13,1.397369
48,0,14,1.397369
48,0,15,1.397369
48,0,16,1.397369
48,0,17,1.397369
48,0,18,1.397369
48,0,19,1.397369
48,0,20,1.397369
48,0,21,1.397369
48,0,22,1.397369
48,0,23,1.397369
48,0,24,1.397369
48,0,25,1.397369
48,0,26,1.397369
48,0,27,1.397369
48,0,28,1.397369
48,0,29,1.397369
48,0,30,1.397369
48,0,31,1.397369
48,0,32,1.397369
48,0,33,1.397369
48,0,34,1.397369
48,0,35,1.397369
48,0,36,1.397369
48,0,37,1.397369
48,0,38,1.397369
48,0,39,1.397369
48,0,40,1.397369
48,0,41,1.397369
48,0,42,1.397369
48,0,43,1.397369
48,0,44,1.397369
48,0,45,1.397369
48,0,46,1.397369
48,0,47,1.397369
48,0,48,1.397369
48,0,49,1.397369
48,0,50,1.397369
48,0,51,1.397369
48,0,52,1.397369
48,0,53,1.397369
48,0,54,1.397369
48,0,55,1.397369
48,0,56,1.397369
48,0,57,1.397369
48,0,58,1.397369
48,0,59,1.397369
48,0,60,1.397369
48,0,61,1.397369
48,0,62,1.397369
48,0,63,1.397369
48,0,64,1.397369
48,0,65,1.397369
48,0,66,1.397369
48,0,67,1.397369
48,0,68,1.397369
48,0,69,1.397369
48,0,70,1.397369
48,0,71,1.397369
48,0,72,1.397369
48,0,73,1.397369
48,0,74,1.397369
48,0,75,1.397369
48,0,76,1.397369
48,0,77,1.397369
48,0,78,1.397369
48,0,79,1.397369
48,0,80,1.397369
48,0,81,1.397369
48,0,82,1.397369
48,0,83,1.397369
48,0,84,1.460489
48,0,85,1.649848
48,0,86,1.802726
48,0,87,1.714832
48,0,88,1.626939
48,0,89,1.620771
48,0,90,1.620771
48,0,91,1.620771
48,0,92,1.620771
48,0,93,1.620771
48,0,94,1.620771
48,0,95,1.606770
48,0,96,1.563631
48,0,97,1.525791
48,0,98,1.525791
48,0,99,1.525791
48,0,100,1.525791
48,0,101,1.525791
48,0,102,1.525791
48,0,103,1.525791
48,0,104,1.525791
48,0,105,1.525791
48,0,106,1.525791
48,0,107,1.525791
48,0,108,1.525791
48,0,109,1.525791
48,0,110,1.525791
48,0,111,1.525791
48,0,112,1.525791
48,0,113,1.525791
48,0,114,1.525791
48,0,115,1.525791
48,0,116,1.525791
48,0,117,1.525791
48,0,118,1.525791
48,0,119,1.525791
48,0,120,1.525791
48,0,121,1.525791
48,0,122,1.525791
48,0,123,1.525791
48,0,124,1.525791
48,0,125,1.525791
48,0,126,1.525791
48,0,127,1.525791
48,0,128,1.525791
48,0,129,1.525791
48,0,130,1.548029
48,0,131,1.778502
48,0,132,2.008974
48,0,133,2.033234
48,0,134,2.033234
48,0,135,2.033234
48,0,136,2.033234
48,0,137,2.033234
48,0,138,2.033234
48,0,139,2.033234
48,0,140,2.033234
48,0,141,2.033234
48,0,142,2.033234
48,0,143,2.033234
48,0,144,2.033234
48,0,145,2.033234
48,0,146,2.033234
48,0,147,2.033234
48,0,148,2.033234
48,0,149,2.033234
48,0,150,2.033234
48,0,151,2.033234
48,0,152,2.033234
48,0,153,2.033234
48,0,154,2.033234
48,0,155,1.959617
48,0,156,1.875692
48,0,157,1.825903
48,0,158,1.792516
48,0,159,1.774944
48,0,160,1.774944
48,0,161,1.752471
48,0,162,1.669827
48,0,163,1.592982
48,0,164,1.592982
48,0,165,1.592982
48,0,166,1.592982
48,0,167,1.592982
48,0,168,1.592982
48,0,169,1.592982
48,0,170,1.592982
48,0,171,1.592982
48,0,172,1.592982
48,0,173,1.592982
48,0,174,1.592982
48,0,175,1.592982
48,0,176,1.592982
48,0,177,1.592982
48,0,178,1.592982
48,0,179,1.592982
48,0,180,1.592982
48,0,181,1.592982
48,0,182,1.592982
48,0,183,1.592982
48,0,184,1.592982
48,0,185,1.592982
48,0,186,1.592982
48,0,187,1.592982
48,0,188,1.592982
48,0,189,1.592982
48,0,190,1.666298
48,0,191,1.779245
48,0,192,1.841663
48,0,193,1.841663
48,0,194,1.841663
48,0,195,1.841663
48,0,196,1.841663
48,0,197,1.841663
48,0,198,1.841663
48,0,199,1.841663
48,0,200,1.841663
48,0,201,1.841663
48,0,202,1.841663
48,0,203,1.841663
48,0,204,1.841663
48,0,205,1.841663
48,0,206,1.841663
48,0,207,1.842676
48,0,208,1.871548
48,0,209,1.900420
48,0,210,1.905232
48,0,211,1.905232
48,0,212,1.905232
48,0,213,1.905232
48,0,214,1.905232
48,0,215,1.905232
48,0,216,1.905232
48,0,217,1.905232
48,0,218,1.905232
48,0,219,1.905232
48,0,220,1.905232
48,0,221,1.830233
48,0,222,1.739277
48,0,223,1.879904
48,0,224,2.160787
48,0,225,2.323404
48,0,226,2.323404
48,0,227,2.323404
48,0,228,2.323404
48,0,229,2.323404
48,0,230,2.323404
48,0,231,2.323404
48,0,232,2.323404
48,0,233,2.323404
48,0,234,2.323404
48,0,235,2.323404
48,0,236,2.323404
48,0,237,2.323404
48,0,238,2.323404
48,0,239,2.323404
48,0,240,2.323404
48,0,241,2.323404
48,0,242,2.323404
48,0,243,2.323404
48,0,244,2.323404
48,0,245,2.363740
48,0,246,2.430382
48,0,247,2.470134
48,0,248,2.470134
48,0,249,2.484768
48,0,250,2.557302
48,0,251,2.629837
49,0,0,1.000000
49,0,1,1.032777
49,0,2,1.055966
49,0,3,1.055966
49,0,4,1.055966
49,0,5,1.055966
49,0,6,1.055966
49,0,7,1.055966
49,0,8,1.055966
49,0,9,1.055966
49,0,10,1.055966
49,0,11,1.055966
49,0,12,1.055966
49,0,13,1.055966
49,0,14,1.055966
49,0,15,1.055966
49,0,16,1.055966
49,0,17,1.055966
49,0,18,1.055966
49,0,19,1.055966
49,0,20,1.055966
49,0,21,1.055966
49,0,22,1.055966
49,0,23,1.055966
49,0,24,1.055966
49,0,25,1.055966
49,0,26,0.992654
49,0,27,0.829375
49,0,28,0.777170
49,0,29,0.777170
49,0,30,0.777170
49,0,31,0.777170
49,0,32,0.777170
49,0,33,0.777170
49,0,34,0.777170
49,0,35,0.777170
49,0,36,0.777170
49,0,37,0.777170
49,0,38,0.777170
49,0,39,0.777170
49,0,40,0.777170
49,0,41,0.777170
49,0,42,0.777170
49,0,43,0.777170
49,0,44,0.777170
49,0,45,0.777170
49,0,46,0.777170
49,0,47,0.777170
49,0,48,0.777170
49,0,49,0.777170
49,0,50,0.777170
49,0,51,0.777170
49,0,52,0.777170
49,0,53,0.777170
49,0,54,0.777170
49,0,55,0.777170
49,0,56,0.777170
49,0,57,0.777170
49,0,58,0.777170
49,0,59,0.777170
49,0,60,0.777170
49,0,61,0.777170
49,0,62,0.777170
49,0,63,0.777170
49,0,64,0.777170
49,0,65,0.777170
49,0,66,0.777170
49,0,67,0.777170
49,0,68,0.777170
49,0,69,0.777170
49,0,70,0.777170
49,0,71,0.777170
49,0,72,0.777170
49,0,73,0.777170
49,0,74,0.777170
49,0,75,0.777170
49,0,76,0.777170
49,0,77,0.777170
49,0,78,0.777170
49,0,79,0.777170
49,0,80,0.777170
49,0,81,0.777170
49,0,82,0.777170
49,0,83,0.777170
49,0,84,0.777170
49,0,85,0.777170
49,0,86,0.777170
49,0,87,0.777170
49,0,88,0.777170
49,0,89,0.777170
49,0,90,0.777170
49,0,91,0.777170
49,0,92,0.777170
49,0,93,0.777170
49,0,94,0.777170
49,0,95,0.777170
49,0,96,0.777170
49,0,97,0.777170
49,0,98,0.777170
49,0,99,0.777170
49,0,100,0.777170
49,0,101,0.777170
49,0,102,0.777170
49,0,103,0.777170
49,0,104,0.777170
49,0,105,0.777170
49,0,106,0.777170
49,0,107,0.777170
49,0,108,0.777170
49,0,109,0.777170
49,0,110,0.777170
49,0,111,0.777170
49,0,112,0.777170
49,0,113,0.777170
49,0,114,0.777170
49,0,115,0.849901
49,0,116,0.971394
49,0,117,0.984618
49,0,118,0.984618
49,0,119,0.984618
49,0,120,0.984618
49,0,121,0.984618
49,0,122,0.984618
49,0,123,0.984618
49,0,124,0.984618
49,0,125,0.984618
49,0,126,0.984618
49,0,127,0.984618
49,0,128,0.984618
49,0,129,0.984618
49,0,130,0.984618
49,0,131,0.984618
49,0,132,0.984618
49,0,133,0.984618
49,0,134,1.094266
49,0,135,1.213965
49,0,136,1.213965
49,0,137,1.213965
49,0,138,1.213965
49,0,139,1.213965
49,0,140,1.213965
49,0,141,1.213965
49,0,142,1.204163
49,0,143,1.169017
49,0,144,1.153955
49,0,145,1.153955
49,0,146,1.153955
49,0,147,1.153955
49,0,148,1.153955
49,0,149,1.117797
49,0,150,1.037264
49,0,151,0.945693
49,0,152,0.853518
49,0,153,0.853518
49,0,154,0.853518
49,0,155,0.853518
49,0,156,0.853518
49,0,157,0.853518
49,0,158,0.853518
49,0,159,0.853518
49,0,160,0.853518
49,0,161,0.853518
49,0,162,0.853518
49,0,163,0.853518
49,0,164,0.853518
49,0,165,0.853518
49,0,166,0.853518
49,0,167,0.853518
49,0,168,0.853518
49,0,169,0.853518
49,0,170,0.853518
49,0,171,0.853518
49,0,172,0.853518
49,0,173,0.853518
49,0,174,0.853518
49,0,175,0.853518
49,0,176,0.853518
49,0,177,0.853518
49,0,178,0.853518
49,0,179,0.853518
49,0,180,0.853518
49,0,181,0.853518
49,0,182,0.853518
49,0,183,0.853518
49,0,184,0.853518
49,0,185,0.853518
49,0,186,0.853518
49,0,187,0.853518
49,0,188,0.853518
49,0,189,0.853518
49,0,190,0.853518
49,0,191,0.853518
49,0,192,0.853518
49,0,193,0.853518
49,0,194,0.853518
49,0,195,0.853518
49,0,196,0.853518
49,0,197,0.853518
49,0,198,0.853518
49,0,199,0.853518
49,0,200,0.853518
49,0,201,0.853518
49,0,202,0.853518
49,0,203,0.853518
49,0,204,0.853518
49,0,205,0.853518
49,0,206,0.853518
49,0,207,0.853518
49,0,208,0.853518
49,0,209,0.853518
49,0,210,0.853518
49,0,211,0.853518
49,0,212,0.853518
49,0,213,0.853518
49,0,214,0.853518
49,0,215,0.853518
49,0,216,0.853518
49,0,217,0.853518
49,0,218,0.853518
49,0,219,0.853518
49,0,220,0.853518
49,0,221,0.853518
49,0,222,0.853518
49,0,223,0.853518
49,0,224,0.853518
49,0,225,0.853518
49,0,226,0.853518
49,0,227,0.853518
49,0,228,0.853518
49,0,229,0.865513
49,0,230,0.926319
49,0,231,0.957342
49,0,232,0.957342
49,0,233,0.957342
49,0,234,0.957342
49,0,235,0.957342
49,0,236,0.957342
49,0,237,0.957342
49,0,238,0.957342
49,0,239,0.957342
49,0,240,0.957342
49,0,241,0.957342
49,0,242,0.957342
49,0,243,0.957342
49,0,244,0.957342
49,0,245,0.981050
49,0,246,1.006119
49,0,247,1.006119
49,0,248,0.975422
49,0,249,0.901450
49,0,250,0.879812
49,0,251,0.879812
50,0,0,1.000000
50,0,1,1.000000
50,0,2,1.000000
50,0,3,1.000000
50,0,4,1.000000
50,0,5,1.000000
50,0,6,1.000000
50,0,7,1.000000
50,0,8,1.000000
50,0,9,1.000000
50,0,10,1.000000
50,0,11,1.000000
50,0,12,1.000000
50,0,13,1.000000
50,0,14,1.000000
50,0,15,1.000000
50,0,16,1.000000
50,0,17,1.000000
50,0,18,1.000000
50,0,19,1.000000
50,0,20,1.000000
50,0,21,1.000000
50,0,22,1.000000
50,0,23,1.000000
50,0,24,1.000000
50,0,25,1.000000
50,0,26,1.000000
50,0,27,1.000000
50,0,28,1.000000
50,0,29,1.000000
50,0,30,1.000000
50,0,31,1.000000
50,0,32,1.000000
50,0,33,1.000000
50,0,34,1.000000
50,0,35,1.000000
50,0,36,1.000000
50,0,37,1.000000
50,0,38,1.000000
50,0,39,1.000000
50,0,40,1.000000
50,0,41,1.000000
50,0,42,1.000000
50,0,43,1.000000
50,0,44,1.000000
50,0,45,1.000000
50,0,46,1.000000
50,0,47,1.000000
50,0,48,1.000000
50,0,49,1.000000
50,0,50,1.000000
50,0,51,1.000000
50,0,52,1.000000
50,0,53,1.000000
50,0,54,1.000000
50,0,55,1.000000
50,0,56,1.015868
50,0,57,1.055664
50,0,58,1.063220
50,0,59,1.063220
50,0,60,1.063220
50,0,61,1.063220
50,0,62,1.063220
50,0,63,1.063220
50,0,64,1.063220
50,0,65,1.063220
50,0,66,0.969347
50,0,67,0.891234
50,0,68,0.891234
50,0,69,0.884233
50,0,70,0.875113
50,0,71,0.875113
50,0,72,0.875113
50,0,73,0.875113
50,0,74,0.875113
50,0,75,0.875113
50,0,76,0.875113
50,0,77,0.875113
50,0,78,0.875113
50,0,79,0.875113
50,0,80,0.875113
50,0,81,0.875113
50,0,82,0.875113
50,0,83,0.875113
50,0,84,0.875113
50,0,85,0.876057
50,0,86,0.876978
50,0,87,0.876978
50,0,88,0.876978
50,0,89,0.876978
50,0,90,0.876978
50,0,91,0.876978
50,0,92,0.876978
50,0,93,0.876978
50,0,94,0.876978
50,0,95,0.876978
50,0,96,0.876978
50,0,97,0.876978
50,0,98,0.876978
50,0,99,0.876978
50,0,100,0.876978
50,0,101,0.876978
50,0,102,0.876978
50,0,103,0.876978
50,0,104,0.876978
50,0,105,0.876978
50,0,106,0.876978
50,0,107,0.876978
50,0,108,0.876978
50,0,109,0.876978
50,0,110,0.876978
50,0,111,0.876978
50,0,112,0.876978
50,0,113,0.876978
50,0,114,0.876978
50,0,115,0.876978
50,0,116,0.876978
50,0,117,0.876978
50,0,118,0.876978
50,0,119,0.876978
50,0,120,0.876978
50,0,121,0.876978
50,0,122,0.876978
50,0,123,0.876978
50,0,124,0.876978
50,0,125,0.876978
50,0,126,0.876978
50,0,127,0.876978
50,0,128,0.876978
50,0,129,0.876978
50,0,130,0.876978
50,0,131,0.876978
50,0,132,0.876978
50,0,133,0.876978
50,0,134,0.876978
50,0,135,0.876978
50,0,136,0.876978
50,0,137,0.876978
50,0,138,0.876978
50,0,139,0.876978
50,0,140,0.876978
50,0,141,0.876978
50,0,142,0.876978
50,0,143,0.876978
50,0,144,0.876978
50,0,145,0.876978
50,0,146,0.876978
50,0,147,0.876978
50,0,148,0.876978
50,0,149,0.876978
50,0,150,0.876978
50,0,151,0.876978
50,0,152,0.876978
50,0,153,0.876978
50,0,154,0.876978
50,0,155,0.876978
50,0,156,0.905443
50,0,157,0.995391
50,0,158,1.019871
50,0,159,1.019871
50,0,160,1.019871
50,0,161,1.019871
50,0,162,1.019871
50,0,163,1.019871
50,0,164,1.019871
50,0,165,1.019871
50,0,166,1.019871
50,0,167,1.019871
50,0,168,1.019871
50,0,169,1.019871
50,0,170,1.019871
50,0,171,1.019871
50,0,172,1.019871
50,0,173,1.019871
50,0,174,1.485783
50,0,175,1.899148
50,0,176,1.899148
50,0,177,1.899148
50,0,178,1.899148
50,0,179,1.899148
50,0,180,1.899148
50,0,181,1.899148
50,0,182,1.899148
50,0,183,1.899148
50,0,184,1.899148
50,0,185,1.899148
50,0,186,1.899148
50,0,187,1.899148
50,0,188,1.899148
50,0,189,1.899148
50,0,190,1.899148
50,0,191,1.899148
50,0,192,1.899148
50,0,193,1.899148
50,0,194,1.899148
50,0,195,1.899148
50,0,196,1.899148
50,0,197,1.899148
50,0,198,1.899148
50,0,199,1.899148
50,0,200,1.899148
50,0,201,1.899148
50,0,202,1.899148
50,0,203,1.899148
50,0,204,1.899148
50,0,205,1.899148
50,0,206,1.899148
50,0,207,1.899148
50,0,208,1.899148
50,0,209,1.899148
50,0,210,1.899148
50,0,211,1.899148
50,0,212,1.899148
50,0,213,1.899148
50,0,214,1.899148
50,0,215,1.899148
50,0,216,1.899148
50,0,217,1.899148
50,0,218,1.899148
50,0,219,1.899148
50,0,220,1.899148
50,0,221,1.899148
50,0,222,1.899148
50,0,223,1.899148
50,0,224,1.899148
50,0,225,1.899148
50,0,226,1.899148
50,0,227,1.899148
50,0,228,1.899148
50,0,229,1.899148
50,0,230,1.899148
50,0,231,1.788601
50,0,232,1.629757
50,0,233,1.629757
50,0,234,1.629757
50,0,235,1.629757
50,0,236,1.629757
50,0,237,1.629757
50,0,238,1.629757
50,0,239,1.629757
50,0,240,1.685683
50,0,241,2.150758
50,0,242,2.368578
50,0,243,2.368578
50,0,244,2.368578
50,0,245,2.368578
50,0,246,2.368578
50,0,247,2.368578
50,0,248,2.325311
50,0,249,2.081161
50,0,250,1.980719
50,0,251,1.980719
51,0,0,1.000000
51,0,1,1.000000
51,0,2,1.000000
51,0,3,1.000000
51,0,4,1.000000
51,0,5,1.000000
51,0,6,1.000000
51,0,7,1.000000
51,0,8,1.000000
51,0,9,1.000000
51,0,10,1.000000
51,0,11,1.000000
51,0,12,1.000000
51,0,13,0.855143
51,0,14,0.715944
51,0,15,0.715944
51,0,16,0.715944
51,0,17,0.715944
51,0,18,0.715944
51,0,19,0.715944
51,0,20,0.715944
51,0,21,0.715944
51,0,22,0.715944
51,0,23,0.715944
51,0,24,0.715944
51,0,25,0.715944
51,0,26,0.715944
51,0,27,0.715944
51,0,28,0.715944
51,0,29,0.715944
51,0,30,0.843115
51,0,31,1.065281
51,0,32,1.100521
51,0,33,1.100521
51,0,34,1.100521
51,0,35,1.100521
51,0,36,1.100521
51,0,37,1.100521
51,0,38,1.100521
51,0,39,1.100521
51,0,40,1.163478
51,0,41,1.501581
51,0,42,1.685788
51,0,43,1.685788
51,0,44,1.643752
51,0,45,1.585702
51,0,46,1.585302
51,0,47,1.585302
51,0,48,1.585302
51,0,49,1.585302
51,0,50,1.585302
51,0,51,1.585302
51,0,52,1.585302
51,0,53,1.585302
51,0,54,1.585302
51,0,55,1.585302
51,0,56,1.585302
51,0,57,1.585302
51,0,58,1.585302
51,0,59,1.585302
51,0,60,1.585302
51,0,61,1.585302
51,0,62,1.585302
51,0,63,1.585302
51,0,64,1.585302
51,0,65,1.585302
51,0,66,1.585302
51,0,67,1.585302
51,0,68,1.585302
51,0,69,1.585302
51,0,70,1.585302
51,0,71,1.585302
51,0,72,1.585302
51,0,73,1.585302
51,0,74,1.585302
51,0,75,1.708524
51,0,76,1.926418
51,0,77,1.962483
51,0,78,1.962483
51,0,79,1.962483
51,0,80,1.962483
51,0,81,1.962483
51,0,82,1.962483
51,0,83,1.962483
51,0,84,1.962483
51,0,85,1.962483
51,0,86,1.962483
51,0,87,1.962483
51,0,88,1.962483
51,0,89,1.962483
51,0,90,1.962483
51,0,91,1.962483
51,0,92,1.962483
51,0,93,1.962483
51,0,94,1.962483
51,0,95,1.962483
51,0,96,1.962483
51,0,97,1.962483
51,0,98,1.962483
51,0,99,1.962483
51,0,100,1.962483
51,0,101,1.962483
51,0,102,1.962483
51,0,103,1.962483
51,0,104,1.962483
51,0,105,1.962483
51,0,106,1.962483
51,0,107,1.962483
51,0,108,1.962483
51,0,109,1.962483
51,0,110,1.962483
51,0,111,1.962483
51,0,112,1.962483
51,0,113,1.962483
51,0,114,1.962483
51,0,115,1.962483
51,0,116,1.962483
51,0,117,1.962483
51,0,118,1.962483
51,0,119,1.962483
51,0,120,1.962483
51,0,121,1.962483
51,0,122,1.962483
51,0,123,1.962483
51,0,124,1.962483
51,0,125,1.962483
51,0,126,1.962483
51,0,127,1.962483
51,0,128,1.962483
51,0,129,1.962483
51,0,130,1.962483
51,0,131,1.962483
51,0,132,1.962483
51,0,133,1.962483
51,0,134,1.962483
51,0,135,1.962483
51,0,136,1.962483
51,0,137,1.962483
51,0,138,1.962483
51,0,139,1.962483
51,0,140,1.962483
51,0,141,1.962483
51,0,142,1.962483
51,0,143,1.962483
51,0,144,1.962483
51,0,145,1.962483
51,0,146,1.962483
51,0,147,1.962483
51,0,148,1.962483
51,0,149,1.962483
51,0,150,1.962483
51,0,151,2.009048
51,0,152,2.125461
51,0,153,2.163997
51,0,154,2.163997
51,0,155,2.163997
51,0,156,2.163997
51,0,157,2.163997
51,0,158,2.163997
51,0,159,2.163997
51,0,160,2.163997
51,0,161,2.163997
51,0,162,2.163997
51,0,163,2.163997
51,0,164,2.163997
51,0,165,2.163997
51,0,166,2.163997
51,0,167,2.163997
51,0,168,2.182108
51,0,169,2.384120
51,0,170,2.578002
51,0,171,2.757345
51,0,172,2.824135
51,0,173,2.824135
51,0,174,2.824135
51,0,175,2.824135
51,0,176,2.824135
51,0,177,2.824135
51,0,178,2.824135
51,0,179,2.824135
51,0,180,2.824135
51,0,181,2.824135
51,0,182,2.824135
51,0,183,2.824135
51,0,184,2.824135
51,0,185,2.824135
51,0,186,2.824135
51,0,187,2.824135
51,0,188,2.824135
51,0,189,2.824135
51,0,190,2.824135
51,0,191,2.824135
51,0,192,2.824135
51,0,193,2.824135
51,0,194,2.824135
51,0,195,2.824135
51,0,196,2.824135
51,0,197,2.824135
51,0,198,2.824135
51,0,199,2.824135
51,0,200,2.824135
51,0,201,2.824135
51,0,202,2.824135
51,0,203,2.824135
51,0,204,2.824135
51,0,205,2.824135
51,0,206,2.824135
51,0,207,2.824135
51,0,208,2.824135
51,0,209,2.824135
51,0,210,2.824135
51,0,211,2.824135
51,0,212,2.824135
51,0,213,2.824135
51,0,214,2.824135
51,0,215,2.824135
51,0,216,2.824135
51,0,217,2.824135
51,0,218,2.824135
51,0,219,2.824135
51,0,220,2.824135
51,0,221,2.824135
51,0,222,2.824135
51,0,223,2.824135
51,0,224,2.824135
51,0,225,2.824135
51,0,226,2.824135
51,0,227,2.824135
51,0,228,2.824135
51,0,229,2.824135
51,0,230,2.824135
51,0,231,2.824135
51,0,232,2.824135
51,0,233,2.824135
51,0,234,2.824135
51,0,235,2.824135
51,0,236,2.824135
51,0,237,2.824135
51,0,238,2.824135
51,0,239,2.824135
51,0,240,2.824135
51,0,241,2.824135
51,0,242,2.824135
51,0,243,2.824135
51,0,244,2.824135
51,0,245,2.824135
51,0,246,2.824135
51,0,247,2.824135
51,0,248,2.824135
51,0,249,2.824135
51,0,250,2.750236
51,0,251,2.649147
52,0,0,1.000000
52,0,1,1.000000
52,0,2,0.931866
52,0,3,0.845829
52,0,4,0.948389
52,0,5,1.035198
52,0,6,1.092078
52,0,7,1.092078
52,0,8,1.092078
52,0,9,1.092078
52,0,10,1.092078
52,0,11,1.092078
52,0,12,1.092078
52,0,13,1.092078
52,0,14,1.092078
52,0,15,1.380164
52,0,16,1.648306
52,0,17,1.648306
52,0,18,1.648306
52,0,19,1.648306
52,0,20,1.648306
52,0,21,1.648306
52,0,22,1.648306
52,0,23,1.648306
52,0,24,1.648306
52,0,25,1.648306
52,0,26,1.648306
52,0,27,1.648306
52,0,28,1.648306
52,0,29,1.648306
52,0,30,1.648306
52,0,31,1.648306
52,0,32,1.648306
52,0,33,1.648306
52,0,34,1.648306
52,0,35,1.648306
52,0,36,1.648306
52,0,37,1.648306
52,0,38,1.648306
52,0,39,1.648306
52,0,40,1.648306
52,0,41,1.648306
52,0,42,1.648306
52,0,43,1.648306
52,0,44,1.648306
52,0,45,1.648306
52,0,46,1.648306
52,0,47,1.648306
52,0,48,1.648306
52,0,49,1.648306
52,0,50,1.664272
52,0,51,1.851604
52,0,52,1.795899
52,0,53,1.656745
52,0,54,1.656745
52,0,55,1.656745
52,0,56,1.656745
52,0,57,1.656745
52,0,58,1.656745
52,0,59,1.656745
52,0,60,1.656745
52,0,61,1.656745
52,0,62,1.656745
52,0,63,1.656745
52,0,64,1.656745
52,0,65,1.656745
52,0,66,1.656745
52,0,67,1.656745
52,0,68,1.656745
52,0,69,1.660066
52,0,70,1.665427
52,0,71,1.665427
52,0,72,1.665427
52,0,73,1.665427
52,0,74,1.665427
52,0,75,1.665427
52,0,76,1.665427
52,0,77,1.665427
52,0,78,1.665427
52,0,79,1.665427
52,0,80,1.665427
52,0,81,1.665427
52,0,82,1.665427
52,0,83,1.665427
52,0,84,1.665427
52,0,85,1.665427
52,0,86,1.665427
52,0,87,1.665427
52,0,88,1.665427
52,0,89,1.665427
52,0,90,1.665427
52,0,91,1.665427
52,0,92,1.665427
52,0,93,1.665427
52,0,94,1.665427
52,0,95,1.665427
52,0,96,1.665427
52,0,97,1.665427
52,0,98,1.665427
52,0,99,1.665427
52,0,100,1.665427
52,0,101,1.665427
52,0,102,1.665427
52,0,103,1.665427
52,0,104,1.665427
52,0,105,1.665427
52,0,106,1.665427
52,0,107,1.665427
52,0,108,1.665427
52,0,109,1.665427
52,0,110,1.665427
52,0,111,1.665427
52,0,112,1.665427
52,0,113,1.665427
52,0,114,1.665427
52,0,115,1.665427
52,0,116,1.665427
52,0,117,1.665427
52,0,118,1.665427
52,0,119,1.665427
52,0,120,1.665427
52,0,121,1.665427
52,0,122,1.665427
52,0,123,1.665427
52,0,124,1.665427
52,0,125,1.665427
52,0,126,1.665427
52,0,127,1.665427
52,0,128,1.665427
52,0,129,1.665427
52,0,130,1.665427
52,0,131,1.665427
52,0,132,1.665427
52,0,133,1.665427
52,0,134,1.665427
52,0,135,1.665427
52,0,136,1.665427
52,0,137,1.665427
52,0,138,1.665427
52,0,139,1.665427
52,0,140,1.665427
52,0,141,1.665427
52,0,142,1.665427
52,0,143,1.665427
52,0,144,1.665427
52,0,145,1.665427
52,0,146,1.665427
52,0,147,1.665427
52,0,148,1.665427
52,0,149,1.665427
52,0,150,1.665427
52,0,151,1.665427
52,0,152,1.665427
52,0,153,1.665427
52,0,154,1.665427
52,0,155,1.665427
52,0,156,1.665427
52,0,157,1.665427
52,0,158,1.665427
52,0,159,1.665427
52,0,160,1.665427
52,0,161,1.665427
52,0,162,1.665427
52,0,163,1.665427
52,0,164,1.665427
52,0,165,1.665427
52,0,166,1.665427
52,0,167,1.665427
52,0,168,1.665427
52,0,169,1.665427
52,0,170,1.665427
52,0,171,1.665427
52,0,172,1.665427
52,0,173,1.665427
52,0,174,1.665427
52,0,175,1.665427
52,0,176,1.665427
52,0,177,1.665427
52,0,178,1.665427
52,0,179,1.665427
52,0,180,1.665427
52,0,181,1.665427
52,0,182,1.665427
52,0,183,1.665427
52,0,184,1.665427
52,0,185,1.665427
52,0,186,1.665427
52,0,187,1.665427
52,0,188,1.665427
52,0,189,1.665427
52,0,190,1.665427
52,0,191,1.665427
52,0,192,1.665427
52,0,193,1.665427
52,0,194,1.665427
52,0,195,1.665427
52,0,196,1.665427
52,0,197,1.665427
52,0,198,1.665427
52,0,199,1.665427
52,0,200,1.665427
52,0,201,1.665427
52,0,202,1.665427
52,0,203,1.665427
52,0,204,1.665427
52,0,205,1.665427
52,0,206,1.665427
52,0,207,1.665427
52,0,208,1.665427
52,0,209,1.665427
52,0,210,1.665427
52,0,211,1.665427
52,0,212,1.665427
52,0,213,1.665427
52,0,214,1.665427
52,0,215,1.665427
52,0,216,1.665427
52,0,217,1.665427
52,0,218,1.665427
52,0,219,1.665427
52,0,220,1.665427
52,0,221,1.665427
52,0,222,1.665427
52,0,223,1.665427
52,0,224,1.665427
52,0,225,1.665427
52,0,226,1.665427
52,0,227,1.665427
52,0,228,1.665427
52,0,229,1.665427
52,0,230,1.665427
52,0,231,1.665427
52,0,232,1.665427
52,0,233,1.665427
52,0,234,1.665427
52,0,235,1.665427
52,0,236,1.665427
52,0,237,1.665427
52,0,238,1.665427
52,0,239,1.665427
52,0,240,1.665427
52,0,241,1.665427
52,0,242,1.665427
52,0,243,1.665427
52,0,244,1.665427
52,0,245,1.665427
52,0,246,1.665427
52,0,247,1.665427
52,0,248,1.665427
52,0,249,1.665427
52,0,250,1.665427
52,0,251,1.665427
53,0,0,1.000000
53,0,1,1.000000
53,0,2,0.971685
53,0,3,0.921899
53,0,4,0.921899
53,0,5,0.921899
53,0,6,0.921899
53,0,7,0.921899
53,0,8,0.921899
53,0,9,0.921899
53,0,10,0.921899
53,0,11,0.921899
53,0,12,0.921899
53,0,13,0.921899
53,0,14,0.921899
53,0,15,0.921899
53,0,16,0.921899
53,0,17,0.921899
53,0,18,0.921899
53,0,19,0.921899
53,0,20,0.921899
53,0,21,0.904376
53,0,22,0.865461
53,0,23,0.864779
53,0,24,0.864779
53,0,25,0.864779
53,0,26,0.864779
53,0,27,0.864779
53,0,28,0.864779
53,0,29,0.864779
53,0,30,0.864779
53,0,31,0.864779
53,0,32,0.864779
53,0,33,0.976414
53,0,34,1.096352
53,0,35,1.096352
53,0,36,1.096352
53,0,37,1.096352
53,0,38,1.096352
53,0,39,1.096352
53,0,40,1.096352
53,0,41,1.096352
53,0,42,1.096352
53,0,43,1.096352
53,0,44,1.096352
53,0,45,1.096352
53,0,46,1.096352
53,0,47,1.096352
53,0,48,1.096352
53,0,49,1.096352
53,0,50,1.096352
53,0,51,1.096352
53,0,52,1.096352
53,0,53,1.096352
53,0,54,1.096352
53,0,55,1.096352
53,0,56,1.096352
53,0,57,1.096352
53,0,58,1.096352
53,0,59,1.096352
53,0,60,1.096352
53,0,61,1.096352
53,0,62,1.096352
53,0,63,1.096352
53,0,64,1.096352
53,0,65,1.172689
53,0,66,1.356544
53,0,67,1.366220
53,0,68,1.366220
53,0,69,1.369221
53,0,70,1.625790
53,0,71,1.742821
53,0,72,1.742821
53,0,73,1.742821
53,0,74,1.742821
53,0,75,1.742821
53,0,76,1.742821
53,0,77,1.742821
53,0,78,1.742821
53,0,79,1.742821
53,0,80,1.742821
53,0,81,1.742821
53,0,82,1.742821
53,0,83,1.742821
53,0,84,1.742821
53,0,85,1.742821
53,0,86,1.742821
53,0,87,1.742821
53,0,88,1.742821
53,0,89,1.742821
53,0,90,1.742821
53,0,91,1.742821
53,0,92,1.742821
53,0,93,1.742821
53,0,94,1.742821
53,0,95,1.742821
53,0,96,1.742821
53,0,97,1.742821
53,0,98,1.742821
53,0,99,1.742821
53,0,100,1.742821
53,0,101,1.742821
53,0,102,1.742821
53,0,103,1.742821
53,0,104,1.742821
53,0,105,1.742821
53,0,106,1.708432
53,0,107,1.599533
53,0,108,1.582975
53,0,109,1.582975
53,0,110,1.582975
53,0,111,1.582975
53,0,112,1.582975
53,0,113,1.582975
53,0,114,1.582975
53,0,115,1.582975
53,0,116,1.582975
53,0,117,1.582975
53,0,118,1.582975
53,0,119,1.582975
53,0,120,1.582975
53,0,121,1.582975
53,0,122,1.582975
53,0,123,1.582975
53,0,124,1.582975
53,0,125,1.582975
53,0,126,1.582975
53,0,127,1.582975
53,0,128,1.582975
53,0,129,1.582975
53,0,130,1.582975
53,0,131,1.582975
53,0,132,1.582975
53,0,133,1.582975
53,0,134,1.582975
53,0,135,1.582975
53,0,136,1.582975
53,0,137,1.582975
53,0,138,1.582975
53,0,139,1.582975
53,0,140,1.582975
53,0,141,1.582975
53,0,142,1.582975
53,0,143,1.582975
53,0,144,1.582975
53,0,145,1.582975
53,0,146,1.582975
53,0,147,1.582975
53,0,148,1.582975
53,0,149,1.582975
53,0,150,1.582975
53,0,151,1.582975
53,0,152,1.582975
53,0,153,1.582975
53,0,154,1.582975
53,0,155,1.582975
53,0,156,1.582975
53,0,157,1.582975
53,0,158,1.582975
53,0,159,1.582975
53,0,160,1.582975
53,0,161,1.582975
53,0,162,1.582975
53,0,163,1.582975
53,0,164,1.582975
53,0,165,1.582975
53,0,166,1.582975
53,0,167,1.582975
53,0,168,1.582975
53,0,169,1.582975
53,0,170,1.582975
53,0,171,1.582975
53,0,172,1.582975
53,0,173,1.582975
53,0,174,1.582975
53,0,175,1.582975
53,0,176,1.582975
53,0,177,1.582975
53,0,178,1.582975
53,0,179,1.582975
53,0,180,1.582975
53,0,181,1.582975
53,0,182,1.582975
53,0,183,1.582975
53,0,184,1.582975
53,0,185,1.582975
53,0,186,1.582975
53,0,187,1.582975
53,0,188,1.582975
53,0,189,1.582975
53,0,190,1.582975
53,0,191,1.582975
53,0,192,1.582975
53,0,193,1.582975
53,0,194,1.582975
53,0,195,1.582975
53,0,196,1.582975
53,0,197,1.582975
53,0,198,1.582975
53,0,199,1.582975
53,0,200,1.582975
53,0,201,1.582975
53,0,202,1.582975
53,0,203,1.582975
53,0,204,1.582975
53,0,205,1.582975
53,0,206,1.582975
53,0,207,1.582975
53,0,208,1.582975
53,0,209,1.582975
53,0,210,1.582975
53,0,211,1.582975
53,0,212,1.582975
53,0,213,1.582975
53,0,214,1.582975
53,0,215,1.582975
53,0,216,1.582975
53,0,217,1.582975
53,0,218,1.582975
53,0,219,1.582975
53,0,220,1.582975
53,0,221,1.582975
53,0,222,1.580087
53,0,223,1.571990
53,0,224,1.571090
53,0,225,1.571090
53,0,226,1.571090
53,0,227,1.571090
53,0,228,1.571090
53,0,229,1.571090
53,0,230,1.571090
53,0,231,1.571090
53,0,232,1.571090
53,0,233,1.571090
53,0,234,1.571090
53,0,235,1.571090
53,0,236,1.571090
53,0,237,1.571090
53,0,238,1.571090
53,0,239,1.571090
53,0,240,1.571090
53,0,241,1.571090
53,0,242,1.571090
53,0,243,1.571090
53,0,244,1.571090
53,0,245,1.571090
53,0,246,1.571090
53,0,247,1.571090
53,0,248,1.571090
53,0,249,1.571090
53,0,250,1.576540
53,0,251,1.588189
