cd,bar_idx,equity
0,0,1.000000
0,1,1.000000
0,2,1.074788
0,3,1.074788
0,4,1.074788
0,5,1.074788
0,6,1.074788
0,7,1.074788
0,8,1.074788
0,9,1.074788
0,10,1.074788
0,11,0.993429
0,12,0.993429
0,13,0.993429
0,14,0.993429
0,15,0.993429
0,16,0.993429
0,17,0.993429
0,18,0.993429
0,19,0.993429
0,20,0.993429
0,21,0.993429
0,22,0.993429
0,23,0.993429
0,24,0.993429
0,25,0.993429
0,26,0.993429
0,27,0.993429
0,28,0.993429
0,29,0.993429
0,30,0.993429
0,31,0.993429
0,32,0.993429
0,33,0.993429
0,34,0.993429
0,35,0.993429
0,36,0.993429
0,37,0.993429
0,38,0.993429
0,39,0.993429
0,40,0.993429
0,41,0.982419
0,42,0.982419
0,43,0.982419
0,44,0.982419
0,45,0.982419
0,46,0.982419
0,47,0.982419
0,48,0.982419
0,49,0.807534
0,50,0.807534
0,51,0.807534
0,52,0.807534
0,53,0.807534
0,54,0.807534
0,55,0.807534
0,56,0.807534
0,57,0.807534
0,58,1.600468
0,59,2.384744
0,60,3.754286
0,61,3.754286
0,62,3.754286
0,63,3.754286
0,64,3.754286
0,65,3.754286
0,66,3.754286
0,67,3.754286
0,68,3.754286
0,69,3.754286
0,70,3.754286
0,71,3.754286
0,72,4.622687
0,73,4.622687
0,74,4.634158
0,75,4.487957
0,76,4.487957
0,77,4.487957
0,78,4.487957
0,79,5.836881
0,80,5.510637
0,81,5.510637
0,82,5.510637
0,83,5.510637
0,84,5.510637
0,85,5.510637
0,86,5.510637
0,87,5.510637
0,88,5.510637
0,89,4.917381
0,90,4.917381
0,91,4.917381
0,92,4.917381
0,93,4.917381
0,94,4.917381
0,95,4.917381
0,96,4.917381
0,97,4.917381
0,98,4.917381
0,99,4.917381
0,100,6.324869
0,101,1.000000
0,102,1.000000
0,103,1.190485
0,104,1.190485
0,105,1.190485
0,106,1.190485
0,107,1.190485
0,108,1.190485
0,109,1.190485
0,110,1.190485
0,111,1.190485
0,112,1.190485
0,113,1.190485
0,114,1.190485
0,115,1.190485
0,116,1.190485
0,117,1.190485
0,118,1.190485
0,119,1.190485
0,120,1.190485
0,121,1.190485
0,122,1.190485
0,123,1.190485
0,124,1.190485
0,125,1.190485
0,126,1.190485
0,127,1.190485
0,128,1.190485
0,129,1.190485
0,130,1.190485
0,131,1.190485
0,132,1.190485
0,133,1.190485
0,134,1.190485
0,135,1.190485
0,136,1.190485
0,137,1.190485
0,138,1.110696
0,139,1.110696
0,140,1.106985
0,141,1.106985
0,142,1.106985
0,143,1.106985
0,144,1.106985
0,145,1.106985
0,146,1.106985
0,147,1.106985
0,148,1.106985
0,149,1.106985
0,150,1.106985
0,151,1.106985
0,152,1.106985
0,153,1.106985
0,154,1.392270
0,155,1.392270
0,156,1.392270
0,157,1.392270
0,158,1.392270
0,159,1.392270
0,160,1.486790
0,161,1.486790
0,162,1.568880
0,163,1.568880
0,164,1.568880
0,165,1.568880
0,166,1.568880
0,167,1.568880
0,168,1.568880
0,169,1.568880
0,170,1.568880
0,171,1.367437
0,172,1.367437
0,173,1.367437
0,174,1.367437
0,175,1.367437
0,176,1.367437
0,177,1.458280
0,178,1.342565
0,179,1.342565
0,180,1.726993
0,181,3.460839
0,182,3.460839
0,183,3.460839
0,184,2.685711
0,185,2.685711
0,186,2.685711
0,187,2.685711
0,188,2.685711
0,189,2.685711
0,190,2.685711
0,191,2.685711
0,192,2.685711
0,193,2.685711
0,194,2.685711
0,195,2.685711
0,196,2.685711
0,197,2.742416
0,198,2.742416
0,199,2.742416
0,200,2.742416
0,201,2.742416
0,202,2.742416
0,203,2.742416
0,204,2.742416
0,205,2.742416
0,206,2.742416
0,207,2.742416
0,208,2.742416
0,209,2.742416
0,210,2.742416
0,211,2.742416
0,212,2.742416
0,213,2.742416
0,214,2.742416
0,215,2.742416
0,216,2.742416
0,217,2.742416
0,218,2.742416
0,219,2.742416
0,220,2.742416
0,221,2.742416
0,222,2.742416
0,223,2.742416
0,224,2.742416
0,225,2.742416
0,226,2.808932
0,227,2.808932
0,228,2.808932
0,229,2.679648
0,230,2.679648
0,231,2.679648
0,232,2.679648
0,233,2.679648
0,234,2.774492
0,235,2.774492
0,236,2.774492
0,237,2.774492
0,238,2.774492
0,239,2.774492
0,240,2.774492
0,241,1.000000
0,242,1.000000
0,243,1.000000
0,244,1.000000
0,245,1.000000
0,246,1.000000
0,247,1.000000
0,248,1.000000
0,249,1.000000
0,250,0.916263
0,251,0.916263
0,252,0.916263
0,253,1.037114
0,254,1.037114
0,255,1.037114
0,256,1.037114
0,257,1.037114
0,258,1.037114
0,259,1.037114
0,260,1.037114
0,261,1.037114
0,262,1.037114
0,263,1.037114
0,264,1.037114
0,265,1.037114
0,266,1.037114
0,267,1.037114
0,268,1.037114
0,269,1.037114
0,270,1.037114
0,271,1.315838
0,272,1.300307
0,273,1.300307
0,274,1.300307
0,275,1.300307
0,276,1.300307
0,277,1.300307
0,278,1.300307
0,279,1.300307
0,280,1.214062
0,281,0.958044
0,282,0.958044
0,283,0.958044
0,284,0.958044
0,285,0.958044
0,286,0.958044
0,287,0.958044
0,288,0.958044
0,289,0.958044
0,290,0.958044
0,291,0.958044
0,292,0.958044
0,293,0.958044
0,294,0.958044
0,295,0.958044
0,296,0.958044
0,297,1.225706
0,298,1.225706
0,299,0.984024
0,300,0.923169
0,301,0.923169
0,302,0.919283
0,303,1.036039
0,304,1.036039
0,305,1.036039
0,306,1.036039
0,307,1.036039
0,308,1.036039
0,309,1.036039
0,310,1.036039
0,311,1.036039
0,312,0.831185
0,313,0.831185
0,314,0.831185
0,315,0.831185
0,316,0.831185
0,317,0.831185
0,318,0.831185
0,319,0.831185
0,320,0.831185
0,321,0.831185
0,322,0.831185
0,323,0.831185
0,324,0.831185
0,325,0.831185
0,326,0.831185
0,327,0.831185
0,328,0.831185
0,329,0.831185
0,330,0.831185
0,331,0.831185
0,332,0.831185
0,333,0.831185
0,334,0.831185
0,335,0.831185
0,336,0.831185
0,337,0.831185
0,338,0.831185
0,339,0.831185
0,340,0.791372
0,341,0.791372
0,342,1.311741
0,343,1.000000
0,344,1.212490
0,345,1.212490
0,346,1.212490
0,347,1.212490
0,348,2.179521
0,349,2.179521
0,350,2.179521
0,351,2.179521
0,352,2.179521
0,353,2.179521
0,354,2.179521
0,355,2.179521
0,356,2.518782
0,357,2.518782
0,358,2.518782
0,359,2.650752
0,360,2.650752
0,361,2.650752
0,362,2.650752
0,363,2.650752
0,364,2.650752
0,365,2.650752
0,366,2.650752
0,367,2.650752
0,368,2.481451
0,369,2.481451
0,370,2.481451
0,371,2.481451
0,372,2.481451
0,373,2.481451
0,374,2.481451
0,375,2.481451
0,376,2.481451
0,377,2.481451
0,378,2.818847
0,379,2.818847
0,380,2.818847
0,381,3.020718
0,382,3.020718
0,383,3.020718
0,384,3.020718
0,385,4.434477
0,386,3.791704
0,387,3.791704
0,388,3.791704
0,389,3.791704
0,390,3.791704
0,391,3.791704
0,392,3.791704
0,393,3.791704
0,394,3.791704
0,395,3.791704
0,396,3.791704
0,397,3.666206
0,398,3.298146
0,399,3.298146
0,400,3.415556
0,401,2.914700
0,402,2.914700
0,403,2.914700
0,404,2.914700
0,405,2.914700
0,406,2.914700
0,407,2.914700
0,408,2.914700
0,409,2.914700
0,410,2.914700
0,411,2.914700
0,412,2.914700
0,413,2.914700
0,414,2.914700
0,415,2.914700
0,416,2.914700
0,417,2.914700
0,418,2.914700
0,419,2.914700
0,420,1.000000
0,421,1.000000
0,422,1.000000
0,423,1.000000
0,424,1.000000
0,425,1.000000
0,426,1.000000
0,427,1.000000
0,428,1.000000
0,429,1.000000
0,430,1.000000
0,431,1.000000
0,432,1.079874
0,433,1.361175
0,434,1.361175
0,435,1.361175
0,436,1.361175
0,437,1.361175
0,438,1.361175
0,439,1.361175
0,440,1.361175
0,441,1.361175
0,442,1.361175
0,443,1.361175
0,444,1.361175
0,445,1.361175
0,446,1.361175
0,447,1.361175
0,448,1.361175
0,449,1.361175
0,450,1.361175
0,451,1.361175
0,452,1.361175
0,453,1.361175
0,454,1.361175
0,455,1.361175
0,456,1.361175
0,457,1.361175
0,458,1.361175
0,459,1.361175
0,460,1.678160
0,461,1.695331
0,462,1.695331
0,463,1.695331
0,464,1.695331
0,465,1.695331
0,466,1.695331
0,467,1.695331
0,468,1.695331
0,469,1.695331
0,470,1.695331
0,471,1.695331
0,472,1.695331
0,473,1.695331
0,474,1.695331
0,475,1.695331
0,476,1.695331
0,477,1.695331
0,478,1.695331
0,479,1.695331
0,480,1.695331
0,481,1.695331
0,482,1.695331
0,483,1.695331
0,484,1.695331
0,485,1.695331
0,486,1.695331
0,487,1.695331
0,488,1.695331
0,489,1.695331
0,490,1.695331
0,491,1.695331
0,492,1.695331
0,493,1.695331
0,494,1.695331
0,495,1.695331
0,496,1.695331
0,497,1.695331
0,498,1.695331
0,499,1.695331
0,500,1.695331
0,501,1.695331
0,502,1.695331
0,503,1.695331
0,504,1.695331
0,505,1.695331
0,506,1.695331
0,507,1.695331
0,508,1.695331
0,509,1.695331
0,510,1.826486
0,511,1.826486
0,512,1.826486
0,513,1.826486
0,514,1.826486
0,515,1.826486
0,516,1.826486
0,517,1.826486
0,518,1.826486
0,519,1.826486
0,520,1.826486
0,521,1.826486
0,522,1.826486
0,523,1.826486
0,524,1.826486
0,525,1.826486
0,526,1.826486
0,527,1.746103
0,528,1.746103
0,529,1.746103
0,530,1.746103
0,531,1.746103
0,532,1.746103
0,533,1.746103
0,534,1.746103
0,535,1.746103
0,536,1.746103
0,537,1.746103
0,538,1.746103
0,539,1.746103
0,540,1.746103
0,541,1.746103
0,542,1.746103
0,543,1.746103
0,544,1.746103
0,545,1.746103
0,546,1.746103
0,547,1.746103
0,548,1.746103
0,549,1.773476
0,550,1.000000
0,551,1.006709
0,552,1.006709
0,553,1.006709
0,554,1.006709
0,555,1.046463
0,556,1.046463
0,557,1.046463
0,558,1.046463
0,559,1.046463
0,560,1.293792
0,561,1.293792
0,562,1.293792
0,563,1.293792
0,564,1.293792
0,565,1.293792
0,566,1.293792
0,567,1.293792
0,568,1.293792
0,569,1.293792
0,570,1.293792
0,571,1.293792
0,572,1.186065
0,573,1.186065
0,574,1.186065
0,575,1.186065
0,576,1.186065
0,577,1.186065
0,578,1.186065
0,579,1.186065
0,580,1.186065
0,581,1.397494
0,582,1.397494
0,583,1.397494
0,584,1.397494
0,585,1.397494
0,586,1.397494
0,587,1.397494
0,588,1.397494
0,589,1.397494
0,590,1.397494
0,591,1.397494
0,592,1.385717
0,593,1.335201
0,594,1.335201
0,595,1.335201
0,596,1.335201
0,597,1.335201
0,598,1.584506
0,599,1.584506
0,600,1.584506
0,601,1.584506
0,602,1.584506
0,603,1.584506
0,604,1.584506
0,605,1.584506
0,606,1.584506
0,607,1.584506
0,608,1.584506
0,609,1.584506
0,610,1.584506
0,611,1.584506
0,612,1.584506
0,613,1.584506
0,614,1.584506
0,615,1.584506
0,616,1.584506
0,617,1.584506
0,618,1.584506
0,619,1.451869
0,620,1.451869
0,621,1.451869
0,622,1.451869
0,623,1.451869
0,624,1.451869
0,625,1.451869
0,626,1.451869
0,627,1.451869
0,628,1.451869
0,629,1.451869
0,630,1.451869
0,631,1.451869
0,632,1.470292
0,633,1.614852
0,634,1.614852
0,635,1.518471
0,636,1.518471
0,637,1.518471
0,638,1.518471
0,639,1.519970
0,640,1.519970
0,641,1.519970
0,642,1.384724
0,643,1.384724
0,644,1.384724
0,645,1.384724
0,646,1.384724
0,647,1.384724
0,648,1.384724
0,649,1.384724
0,650,1.384724
0,651,1.384724
0,652,1.384724
0,653,1.384724
0,654,1.384724
0,655,1.384724
0,656,1.384724
0,657,1.384724
0,658,1.384724
0,659,1.384724
0,660,1.384724
0,661,1.384724
0,662,1.384724
0,663,1.384724
0,664,1.384724
5,0,1.000000
5,1,1.000000
5,2,1.074788
5,3,1.074788
5,4,1.074788
5,5,1.074788
5,6,1.074788
5,7,1.074788
5,8,1.074788
5,9,1.074788
5,10,1.074788
5,11,0.993429
5,12,0.993429
5,13,0.993429
5,14,0.993429
5,15,0.993429
5,16,0.993429
5,17,0.993429
5,18,0.993429
5,19,0.993429
5,20,0.993429
5,21,0.993429
5,22,0.993429
5,23,0.993429
5,24,0.993429
5,25,0.993429
5,26,0.993429
5,27,0.993429
5,28,0.993429
5,29,0.993429
5,30,0.993429
5,31,0.993429
5,32,0.993429
5,33,0.993429
5,34,0.993429
5,35,0.993429
5,36,0.993429
5,37,0.993429
5,38,0.993429
5,39,0.993429
5,40,0.993429
5,41,0.982419
5,42,0.982419
5,43,0.982419
5,44,0.982419
5,45,0.982419
5,46,0.982419
5,47,0.982419
5,48,0.982419
5,49,0.807534
5,50,0.807534
5,51,0.989661
5,52,1.961428
5,53,1.961428
5,54,1.961428
5,55,2.003373
5,56,2.003373
5,57,2.126220
5,58,2.126220
5,59,2.126220
5,60,2.126220
5,61,2.126220
5,62,2.126220
5,63,2.126220
5,64,2.126220
5,65,2.126220
5,66,2.126220
5,67,2.126220
5,68,2.126220
5,69,2.618035
5,70,2.618035
5,71,2.606912
5,72,2.524668
5,73,2.524668
5,74,2.524668
5,75,2.524668
5,76,3.283496
5,77,4.095986
5,78,4.095986
5,79,4.095986
5,80,4.095986
5,81,4.095986
5,82,4.095986
5,83,4.095986
5,84,4.095986
5,85,4.095986
5,86,3.655026
5,87,3.655026
5,88,3.655026
5,89,3.655026
5,90,3.655026
5,91,3.655026
5,92,3.655026
5,93,3.655026
5,94,3.655026
5,95,3.655026
5,96,3.655026
5,97,4.701195
5,98,1.000000
5,99,1.000000
5,100,1.190485
5,101,1.190485
5,102,1.190485
5,103,1.190485
5,104,1.190485
5,105,1.190485
5,106,1.190485
5,107,1.190485
5,108,1.190485
5,109,1.190485
5,110,1.190485
5,111,1.190485
5,112,1.190485
5,113,1.190485
5,114,1.190485
5,115,1.190485
5,116,1.190485
5,117,1.190485
5,118,1.190485
5,119,1.190485
5,120,1.190485
5,121,1.190485
5,122,1.190485
5,123,1.190485
5,124,1.190485
5,125,1.190485
5,126,1.190485
5,127,1.190485
5,128,1.190485
5,129,1.190485
5,130,1.190485
5,131,1.190485
5,132,1.190485
5,133,1.190485
5,134,1.190485
5,135,1.110696
5,136,1.110696
5,137,1.106985
5,138,1.106985
5,139,1.106985
5,140,1.106985
5,141,1.106985
5,142,1.106985
5,143,1.106985
5,144,1.106985
5,145,1.106985
5,146,1.106985
5,147,1.106985
5,148,1.106985
5,149,1.106985
5,150,1.106985
5,151,1.392270
5,152,1.392270
5,153,1.392270
5,154,1.392270
5,155,1.392270
5,156,1.392270
5,157,1.486790
5,158,1.583219
5,159,1.583219
5,160,1.583219
5,161,1.583219
5,162,1.583219
5,163,1.583219
5,164,1.583219
5,165,1.583219
5,166,1.583219
5,167,1.583219
5,168,1.583219
5,169,1.583219
5,170,1.379935
5,171,1.379935
5,172,1.379935
5,173,1.379935
5,174,1.379935
5,175,1.379935
5,176,1.471608
5,177,1.471608
5,178,1.471608
5,179,1.471608
5,180,1.471608
5,181,1.471608
5,182,1.471608
5,183,1.471608
5,184,2.774668
5,185,2.606707
5,186,2.606707
5,187,2.022880
5,188,2.022880
5,189,2.022880
5,190,2.022880
5,191,2.022880
5,192,2.022880
5,193,2.022880
5,194,2.022880
5,195,2.022880
5,196,2.022880
5,197,2.022880
5,198,2.022880
5,199,2.022880
5,200,2.065590
5,201,2.065590
5,202,2.065590
5,203,2.065590
5,204,2.065590
5,205,2.065590
5,206,2.065590
5,207,2.065590
5,208,2.065590
5,209,2.065590
5,210,2.065590
5,211,2.065590
5,212,2.065590
5,213,2.065590
5,214,2.065590
5,215,2.065590
5,216,2.065590
5,217,2.065590
5,218,2.065590
5,219,2.065590
5,220,2.065590
5,221,2.065590
5,222,2.065590
5,223,2.065590
5,224,2.065590
5,225,2.065590
5,226,2.065590
5,227,2.065590
5,228,2.065590
5,229,2.115690
5,230,2.315074
5,231,2.315074
5,232,2.315074
5,233,2.397013
5,234,2.397013
5,235,2.397013
5,236,2.397013
5,237,2.397013
5,238,2.397013
5,239,2.397013
5,240,1.000000
5,241,1.000000
5,242,1.000000
5,243,1.000000
5,244,1.000000
5,245,1.000000
5,246,1.000000
5,247,1.000000
5,248,1.000000
5,249,0.916263
5,250,0.916263
5,251,0.916263
5,252,0.916263
5,253,0.916263
5,254,0.956727
5,255,0.956727
5,256,0.889816
5,257,0.889816
5,258,0.889816
5,259,0.889816
5,260,0.889816
5,261,0.889816
5,262,1.128954
5,263,1.128954
5,264,1.005525
5,265,1.005525
5,266,0.793482
5,267,0.793482
5,268,0.793482
5,269,0.793482
5,270,0.793482
5,271,0.793482
5,272,0.793482
5,273,0.793482
5,274,0.793482
5,275,0.793482
5,276,0.793482
5,277,0.793482
5,278,0.793482
5,279,0.793482
5,280,0.793482
5,281,0.793482
5,282,1.015169
5,283,1.015169
5,284,1.015169
5,285,1.015169
5,286,1.015169
5,287,1.015169
5,288,1.015169
5,289,1.015169
5,290,1.015169
5,291,1.015169
5,292,1.015169
5,293,0.797494
5,294,0.748174
5,295,0.748174
5,296,0.745025
5,297,0.839649
5,298,0.839649
5,299,0.839649
5,300,0.839649
5,301,0.839649
5,302,0.839649
5,303,0.839649
5,304,0.839649
5,305,0.839649
5,306,0.673626
5,307,0.673626
5,308,0.589270
5,309,0.589270
5,310,0.589270
5,311,0.589270
5,312,0.589270
5,313,0.589270
5,314,0.589270
5,315,0.589270
5,316,0.589270
5,317,0.589270
5,318,0.589270
5,319,0.589270
5,320,0.589270
5,321,0.589270
5,322,0.589270
5,323,0.589270
5,324,0.589270
5,325,0.589270
5,326,0.589270
5,327,0.589270
5,328,0.589270
5,329,0.589270
5,330,0.561045
5,331,0.561045
5,332,0.929961
5,333,1.000000
5,334,1.212490
5,335,1.212490
5,336,1.212490
5,337,1.212490
5,338,1.070470
5,339,0.957966
5,340,1.423760
5,341,1.423760
5,342,1.423760
5,343,1.423760
5,344,1.423760
5,345,1.423760
5,346,1.423760
5,347,1.423760
5,348,1.645381
5,349,1.645381
5,350,1.645381
5,351,1.731589
5,352,1.731589
5,353,1.731589
5,354,1.731589
5,355,1.731589
5,356,1.731589
5,357,1.731589
5,358,1.731589
5,359,1.731589
5,360,1.620995
5,361,1.620995
5,362,1.620995
5,363,1.620995
5,364,1.620995
5,365,1.620995
5,366,1.620995
5,367,1.620995
5,368,1.620995
5,369,1.620995
5,370,1.841396
5,371,1.841396
5,372,1.841396
5,373,1.973267
5,374,1.973267
5,375,1.973267
5,376,1.973267
5,377,2.896798
5,378,2.476910
5,379,2.476910
5,380,2.476910
5,381,2.476910
5,382,2.476910
5,383,2.476910
5,384,2.476910
5,385,2.476910
5,386,2.476910
5,387,2.476910
5,388,2.476910
5,389,2.394929
5,390,2.154496
5,391,2.154496
5,392,3.043567
5,393,2.539733
5,394,2.539733
5,395,2.539733
5,396,2.539733
5,397,2.539733
5,398,2.539733
5,399,2.539733
5,400,2.539733
5,401,2.539733
5,402,2.539733
5,403,2.539733
5,404,2.539733
5,405,2.539733
5,406,2.539733
5,407,2.539733
5,408,2.539733
5,409,2.539733
5,410,2.539733
5,411,1.000000
5,412,1.000000
5,413,1.000000
5,414,1.000000
5,415,1.000000
5,416,1.000000
5,417,1.000000
5,418,1.000000
5,419,1.000000
5,420,1.000000
5,421,1.000000
5,422,1.000000
5,423,1.079874
5,424,1.361175
5,425,1.361175
5,426,1.361175
5,427,1.361175
5,428,1.361175
5,429,1.361175
5,430,1.361175
5,431,1.361175
5,432,1.361175
5,433,1.361175
5,434,1.361175
5,435,1.361175
5,436,1.361175
5,437,1.361175
5,438,1.361175
5,439,1.361175
5,440,1.361175
5,441,1.361175
5,442,1.361175
5,443,1.361175
5,444,1.361175
5,445,1.361175
5,446,1.361175
5,447,1.361175
5,448,1.361175
5,449,1.361175
5,450,1.361175
5,451,1.678160
5,452,1.695331
5,453,1.695331
5,454,1.695331
5,455,1.695331
5,456,1.695331
5,457,1.695331
5,458,1.695331
5,459,1.695331
5,460,1.695331
5,461,1.695331
5,462,1.695331
5,463,1.695331
5,464,1.695331
5,465,1.695331
5,466,1.695331
5,467,1.695331
5,468,1.695331
5,469,1.695331
5,470,1.695331
5,471,1.695331
5,472,1.695331
5,473,1.695331
5,474,1.695331
5,475,1.695331
5,476,1.695331
5,477,1.695331
5,478,1.695331
5,479,1.695331
5,480,1.695331
5,481,1.695331
5,482,1.695331
5,483,1.695331
5,484,1.695331
5,485,1.695331
5,486,1.695331
5,487,1.695331
5,488,1.695331
5,489,1.695331
5,490,1.695331
5,491,1.695331
5,492,1.695331
5,493,1.695331
5,494,1.695331
5,495,1.695331
5,496,1.695331
5,497,1.695331
5,498,1.695331
5,499,1.695331
5,500,1.695331
5,501,1.826486
5,502,1.826486
5,503,1.826486
5,504,1.826486
5,505,1.826486
5,506,1.826486
5,507,1.826486
5,508,1.826486
5,509,1.826486
5,510,1.826486
5,511,1.826486
5,512,1.826486
5,513,1.826486
5,514,1.826486
5,515,1.826486
5,516,1.826486
5,517,1.826486
5,518,1.746103
5,519,1.746103
5,520,1.746103
5,521,1.595492
5,522,1.578848
5,523,1.000000
5,524,1.006709
5,525,1.006709
5,526,1.006709
5,527,1.006709
5,528,1.046463
5,529,1.046463
5,530,1.046463
5,531,1.027712
5,532,0.998370
5,533,0.998370
5,534,0.998370
5,535,0.998370
5,536,0.998370
5,537,0.998370
5,538,0.998370
5,539,0.998370
5,540,0.998370
5,541,0.998370
5,542,0.998370
5,543,0.998370
5,544,0.915241
5,545,0.915241
5,546,0.915241
5,547,0.915241
5,548,0.826446
5,549,0.826446
5,550,0.829166
5,551,0.829166
5,552,0.829166
5,553,0.829166
5,554,0.829166
5,555,0.829166
5,556,0.829166
5,557,0.829166
5,558,0.829166
5,559,0.829166
5,560,0.829166
5,561,0.822178
5,562,0.792206
5,563,0.792206
5,564,0.792206
5,565,0.792206
5,566,0.792206
5,567,0.940124
5,568,0.940124
5,569,0.940124
5,570,0.940124
5,571,0.940124
5,572,0.940124
5,573,0.940124
5,574,0.940124
5,575,0.940124
5,576,0.940124
5,577,0.940124
5,578,0.940124
5,579,0.940124
5,580,0.940124
5,581,0.940124
5,582,0.940124
5,583,0.940124
5,584,0.940124
5,585,0.940124
5,586,0.940124
5,587,0.940124
5,588,0.861428
5,589,0.861428
5,590,0.861428
5,591,0.861428
5,592,0.814706
5,593,0.814706
5,594,0.814706
5,595,0.814706
5,596,0.814706
5,597,0.814706
5,598,0.814706
5,599,0.825043
5,600,0.825043
5,601,0.825043
5,602,0.825043
5,603,0.825043
5,604,0.825043
5,605,0.825043
5,606,0.775801
5,607,0.775801
5,608,0.775801
5,609,0.775801
5,610,0.776567
5,611,0.776567
5,612,0.776567
5,613,0.707468
5,614,0.707468
5,615,0.707468
5,616,0.707468
5,617,0.707468
5,618,0.707468
5,619,0.707468
5,620,0.707468
5,621,0.707468
5,622,0.707468
5,623,0.707468
5,624,0.707468
5,625,0.707468
5,626,0.707468
5,627,0.707468
5,628,0.707468
5,629,0.707468
5,630,0.707468
5,631,0.707468
5,632,0.707468
5,633,0.707468
5,634,0.707468
5,635,0.707468
10,0,1.000000
10,1,1.000000
10,2,1.074788
10,3,1.074788
10,4,1.074788
10,5,1.074788
10,6,1.074788
10,7,1.074788
10,8,1.074788
10,9,1.074788
10,10,1.074788
10,11,0.993429
10,12,0.993429
10,13,0.993429
10,14,0.993429
10,15,0.993429
10,16,0.993429
10,17,0.993429
10,18,0.993429
10,19,0.993429
10,20,0.993429
10,21,0.993429
10,22,0.993429
10,23,0.993429
10,24,0.993429
10,25,0.993429
10,26,0.993429
10,27,0.993429
10,28,0.993429
10,29,0.993429
10,30,0.993429
10,31,0.993429
10,32,0.993429
10,33,0.993429
10,34,0.993429
10,35,0.993429
10,36,0.993429
10,37,0.993429
10,38,0.993429
10,39,0.993429
10,40,0.993429
10,41,0.982419
10,42,0.982419
10,43,0.982419
10,44,0.982419
10,45,0.982419
10,46,0.953606
10,47,0.953606
10,48,1.596854
10,49,3.164835
10,50,3.164835
10,51,3.164835
10,52,3.232515
10,53,3.232515
10,54,3.430734
10,55,3.430734
10,56,3.430734
10,57,3.430734
10,58,3.430734
10,59,3.430734
10,60,3.430734
10,61,3.430734
10,62,3.430734
10,63,3.430734
10,64,3.430734
10,65,3.430734
10,66,4.224294
10,67,4.224294
10,68,4.206348
10,69,4.073644
10,70,4.073644
10,71,4.073644
10,72,4.073644
10,73,5.298039
10,74,6.609022
10,75,6.609022
10,76,6.609022
10,77,6.609022
10,78,6.609022
10,79,6.609022
10,80,6.609022
10,81,6.609022
10,82,6.609022
10,83,5.897518
10,84,5.897518
10,85,5.897518
10,86,5.897518
10,87,5.897518
10,88,5.897518
10,89,5.897518
10,90,5.897518
10,91,5.897518
10,92,5.897518
10,93,5.897518
10,94,7.585548
10,95,1.000000
10,96,1.000000
10,97,1.190485
10,98,1.190485
10,99,1.190485
10,100,1.190485
10,101,1.190485
10,102,1.190485
10,103,1.190485
10,104,1.190485
10,105,1.190485
10,106,1.190485
10,107,1.190485
10,108,1.190485
10,109,1.190485
10,110,1.190485
10,111,1.190485
10,112,1.190485
10,113,1.190485
10,114,1.190485
10,115,1.190485
10,116,1.190485
10,117,1.190485
10,118,1.190485
10,119,1.190485
10,120,1.190485
10,121,1.190485
10,122,1.190485
10,123,1.190485
10,124,1.190485
10,125,1.190485
10,126,1.190485
10,127,1.190485
10,128,1.190485
10,129,1.190485
10,130,1.190485
10,131,1.190485
10,132,1.110696
10,133,1.110696
10,134,1.106985
10,135,1.106985
10,136,1.106985
10,137,1.106985
10,138,1.106985
10,139,1.106985
10,140,1.106985
10,141,1.106985
10,142,1.106985
10,143,1.106985
10,144,1.106985
10,145,1.106985
10,146,1.106985
10,147,1.106985
10,148,1.392270
10,149,1.392270
10,150,1.392270
10,151,1.392270
10,152,1.392270
10,153,1.392270
10,154,1.392270
10,155,1.392270
10,156,1.392270
10,157,1.392270
10,158,0.876028
10,159,0.848420
10,160,0.848420
10,161,0.848420
10,162,0.848420
10,163,0.848420
10,164,0.848420
10,165,0.848420
10,166,0.848420
10,167,0.848420
10,168,0.848420
10,169,0.848420
10,170,0.848420
10,171,0.739483
10,172,0.739483
10,173,0.739483
10,174,0.739483
10,175,0.739483
10,176,0.739483
10,177,0.788610
10,178,0.788610
10,179,0.788610
10,180,0.788610
10,181,0.788610
10,182,0.788610
10,183,0.788610
10,184,0.952076
10,185,0.952076
10,186,0.738838
10,187,0.738838
10,188,0.738838
10,189,0.738838
10,190,0.738838
10,191,0.738838
10,192,0.738838
10,193,0.738838
10,194,0.738838
10,195,0.738838
10,196,0.738838
10,197,0.738838
10,198,0.738838
10,199,0.754438
10,200,0.754438
10,201,0.754438
10,202,0.754438
10,203,0.754438
10,204,0.754438
10,205,0.754438
10,206,0.754438
10,207,0.754438
10,208,0.754438
10,209,0.754438
10,210,0.754438
10,211,0.754438
10,212,0.754438
10,213,0.754438
10,214,0.754438
10,215,0.754438
10,216,0.754438
10,217,0.754438
10,218,0.754438
10,219,0.754438
10,220,0.754438
10,221,0.754438
10,222,0.754438
10,223,0.754438
10,224,0.754438
10,225,0.754438
10,226,0.754438
10,227,0.754438
10,228,0.772736
10,229,0.845560
10,230,0.845560
10,231,0.845560
10,232,0.875487
10,233,0.875487
10,234,0.875487
10,235,0.875487
10,236,0.875487
10,237,0.875487
10,238,0.875487
10,239,1.000000
10,240,1.000000
10,241,1.000000
10,242,1.000000
10,243,1.000000
10,244,1.000000
10,245,1.000000
10,246,1.000000
10,247,1.000000
10,248,0.916263
10,249,0.916263
10,250,0.916263
10,251,0.916263
10,252,0.916263
10,253,0.916263
10,254,0.916263
10,255,0.916263
10,256,0.916263
10,257,0.916263
10,258,0.916263
10,259,0.916263
10,260,0.916263
10,261,0.916263
10,262,0.916263
10,263,0.916263
10,264,0.916263
10,265,0.916263
10,266,0.916263
10,267,0.916263
10,268,0.916263
10,269,0.916263
10,270,0.916263
10,271,0.916263
10,272,0.916263
10,273,0.916263
10,274,0.916263
10,275,1.162508
10,276,1.162508
10,277,1.035410
10,278,1.035410
10,279,0.817065
10,280,0.817065
10,281,0.817065
10,282,0.817065
10,283,0.817065
10,284,0.817065
10,285,0.817065
10,286,0.817065
10,287,0.817065
10,288,0.817065
10,289,0.817065
10,290,0.817065
10,291,0.817065
10,292,0.817065
10,293,0.817065
10,294,0.817065
10,295,1.045341
10,296,1.045341
10,297,1.045341
10,298,1.045341
10,299,1.045341
10,300,1.045341
10,301,1.045341
10,302,1.045341
10,303,1.045341
10,304,1.045341
10,305,1.045341
10,306,0.821196
10,307,0.770411
10,308,0.770411
10,309,0.767168
10,310,0.864604
10,311,0.864604
10,312,0.864604
10,313,0.864604
10,314,0.864604
10,315,0.864604
10,316,0.864604
10,317,0.864604
10,318,0.864604
10,319,0.693647
10,320,0.693647
10,321,0.606784
10,322,0.606784
10,323,0.606784
10,324,0.606784
10,325,0.606784
10,326,0.606784
10,327,0.606784
10,328,0.606784
10,329,0.606784
10,330,0.606784
10,331,0.606784
10,332,0.606784
10,333,0.606784
10,334,0.606784
10,335,0.606784
10,336,0.606784
10,337,0.606784
10,338,0.606784
10,339,0.606784
10,340,0.606784
10,341,0.606784
10,342,0.606784
10,343,0.577720
10,344,0.577720
10,345,0.957601
10,346,1.000000
10,347,1.212490
10,348,1.212490
10,349,1.212490
10,350,1.212490
10,351,1.070470
10,352,0.957966
10,353,1.423760
10,354,1.423760
10,355,1.423760
10,356,1.423760
10,357,1.423760
10,358,1.423760
10,359,1.423760
10,360,1.423760
10,361,1.645381
10,362,1.645381
10,363,1.645381
10,364,1.731589
10,365,1.731589
10,366,1.731589
10,367,1.731589
10,368,1.731589
10,369,1.731589
10,370,1.731589
10,371,1.731589
10,372,1.731589
10,373,1.620995
10,374,1.620995
10,375,1.620995
10,376,1.620995
10,377,1.620995
10,378,1.620995
10,379,1.620995
10,380,1.620995
10,381,1.620995
10,382,1.620995
10,383,1.841396
10,384,1.841396
10,385,1.841396
10,386,1.973267
10,387,1.973267
10,388,1.973267
10,389,1.973267
10,390,2.956534
10,391,2.956534
10,392,2.956534
10,393,2.956534
10,394,2.956534
10,395,2.956534
10,396,2.956534
10,397,2.956534
10,398,2.956534
10,399,2.956534
10,400,2.956534
10,401,2.858679
10,402,2.571689
10,403,2.571689
10,404,3.632918
10,405,3.031523
10,406,3.031523
10,407,3.031523
10,408,3.031523
10,409,3.031523
10,410,3.031523
10,411,3.031523
10,412,3.031523
10,413,3.031523
10,414,3.031523
10,415,3.031523
10,416,3.031523
10,417,3.031523
10,418,3.031523
10,419,3.031523
10,420,3.031523
10,421,3.031523
10,422,3.031523
10,423,1.000000
10,424,1.000000
10,425,1.000000
10,426,1.000000
10,427,1.000000
10,428,1.000000
10,429,1.000000
10,430,1.000000
10,431,1.000000
10,432,1.000000
10,433,1.000000
10,434,1.000000
10,435,1.079874
10,436,1.361175
10,437,1.361175
10,438,1.361175
10,439,1.361175
10,440,1.361175
10,441,1.361175
10,442,1.361175
10,443,1.361175
10,444,1.361175
10,445,1.361175
10,446,1.361175
10,447,1.361175
10,448,1.361175
10,449,1.361175
10,450,1.361175
10,451,1.361175
10,452,1.361175
10,453,1.361175
10,454,1.361175
10,455,1.361175
10,456,1.361175
10,457,1.361175
10,458,1.361175
10,459,1.361175
10,460,1.361175
10,461,1.361175
10,462,1.361175
10,463,1.678160
10,464,1.695331
10,465,1.695331
10,466,1.695331
10,467,1.695331
10,468,1.695331
10,469,1.695331
10,470,1.695331
10,471,1.695331
10,472,1.695331
10,473,1.695331
10,474,1.695331
10,475,1.695331
10,476,1.695331
10,477,1.695331
10,478,1.695331
10,479,1.695331
10,480,1.695331
10,481,1.695331
10,482,1.695331
10,483,1.695331
10,484,1.695331
10,485,1.695331
10,486,1.695331
10,487,1.695331
10,488,1.695331
10,489,1.695331
10,490,1.695331
10,491,1.695331
10,492,1.695331
10,493,1.695331
10,494,1.695331
10,495,1.695331
10,496,1.695331
10,497,1.695331
10,498,1.695331
10,499,1.695331
10,500,1.695331
10,501,1.695331
10,502,1.695331
10,503,1.695331
10,504,1.695331
10,505,1.695331
10,506,1.695331
10,507,1.695331
10,508,1.695331
10,509,1.695331
10,510,1.695331
10,511,1.695331
10,512,1.695331
10,513,1.826486
10,514,1.826486
10,515,1.826486
10,516,1.826486
10,517,1.826486
10,518,1.826486
10,519,1.826486
10,520,1.826486
10,521,1.826486
10,522,1.826486
10,523,1.826486
10,524,1.826486
10,525,1.826486
10,526,1.826486
10,527,1.826486
10,528,1.826486
10,529,1.826486
10,530,1.746103
10,531,1.746103
10,532,1.746103
10,533,1.595492
10,534,1.578848
10,535,1.000000
10,536,1.006709
10,537,1.006709
10,538,1.006709
10,539,1.006709
10,540,1.046463
10,541,1.046463
10,542,1.046463
10,543,1.027712
10,544,0.998370
10,545,0.998370
10,546,0.998370
10,547,0.998370
10,548,0.998370
10,549,0.990186
10,550,0.990186
10,551,0.990186
10,552,0.990186
10,553,0.990186
10,554,0.907739
10,555,0.907739
10,556,0.907739
10,557,0.907739
10,558,0.819672
10,559,0.819672
10,560,0.822369
10,561,0.822369
10,562,0.822369
10,563,0.822369
10,564,0.822369
10,565,0.822369
10,566,0.822369
10,567,0.822369
10,568,0.822369
10,569,0.822369
10,570,0.822369
10,571,0.815439
10,572,0.785712
10,573,0.785712
10,574,0.785712
10,575,0.785712
10,576,0.785712
10,577,0.932418
10,578,0.932418
10,579,0.932418
10,580,0.932418
10,581,0.932418
10,582,0.932418
10,583,0.932418
10,584,0.932418
10,585,0.932418
10,586,0.932418
10,587,0.932418
10,588,0.932418
10,589,0.932418
10,590,0.932418
10,591,0.932418
10,592,0.932418
10,593,0.932418
10,594,0.932418
10,595,0.932418
10,596,0.932418
10,597,0.932418
10,598,0.854367
10,599,0.854367
10,600,0.854367
10,601,0.854367
10,602,0.808028
10,603,0.808028
10,604,0.808028
10,605,0.808028
10,606,0.808028
10,607,0.808028
10,608,0.808028
10,609,0.808028
10,610,0.808028
10,611,0.808028
10,612,0.808028
10,613,0.805764
10,614,0.805764
10,615,0.757672
10,616,0.757672
10,617,0.757672
10,618,0.757672
10,619,0.758420
10,620,0.758420
10,621,0.758420
10,622,0.690936
10,623,0.690936
10,624,0.690936
10,625,0.690936
10,626,0.690936
10,627,0.690936
10,628,0.690936
10,629,0.690936
10,630,0.690936
10,631,0.690936
10,632,0.690936
10,633,0.690936
10,634,0.690936
10,635,0.690936
10,636,0.690936
10,637,0.690936
10,638,0.690936
10,639,0.690936
10,640,0.690936
10,641,0.690936
10,642,0.690936
10,643,0.690936
10,644,0.690936
15,0,1.000000
15,1,1.000000
15,2,1.074788
15,3,1.074788
15,4,1.074788
15,5,1.074788
15,6,1.074788
15,7,1.074788
15,8,1.074788
15,9,1.074788
15,10,1.074788
15,11,0.993429
15,12,0.993429
15,13,0.993429
15,14,0.993429
15,15,0.993429
15,16,0.993429
15,17,0.993429
15,18,0.993429
15,19,0.993429
15,20,0.993429
15,21,0.993429
15,22,0.993429
15,23,0.993429
15,24,0.993429
15,25,0.993429
15,26,0.993429
15,27,0.993429
15,28,0.993429
15,29,0.993429
15,30,0.993429
15,31,0.993429
15,32,0.993429
15,33,0.993429
15,34,0.993429
15,35,0.993429
15,36,0.993429
15,37,0.993429
15,38,0.993429
15,39,0.993429
15,40,0.993429
15,41,0.982419
15,42,0.982419
15,43,0.982419
15,44,0.982419
15,45,0.982419
15,46,0.953606
15,47,0.953606
15,48,1.596854
15,49,3.164835
15,50,3.164835
15,51,3.164835
15,52,3.232515
15,53,3.232515
15,54,3.430734
15,55,3.430734
15,56,3.430734
15,57,3.430734
15,58,3.430734
15,59,3.430734
15,60,3.430734
15,61,3.430734
15,62,3.430734
15,63,3.430734
15,64,3.430734
15,65,3.430734
15,66,4.224294
15,67,4.224294
15,68,4.206348
15,69,4.073644
15,70,4.073644
15,71,4.073644
15,72,4.073644
15,73,5.298039
15,74,6.609022
15,75,6.609022
15,76,6.609022
15,77,6.609022
15,78,6.609022
15,79,6.609022
15,80,6.609022
15,81,6.609022
15,82,6.609022
15,83,6.609022
15,84,5.801953
15,85,5.801953
15,86,5.801953
15,87,5.801953
15,88,5.801953
15,89,5.801953
15,90,5.801953
15,91,5.801953
15,92,5.801953
15,93,5.801953
15,94,5.801953
15,95,5.801953
15,96,5.964264
15,97,1.000000
15,98,1.000000
15,99,1.190485
15,100,1.190485
15,101,1.190485
15,102,1.190485
15,103,1.190485
15,104,1.190485
15,105,1.190485
15,106,1.190485
15,107,1.190485
15,108,1.190485
15,109,1.190485
15,110,1.190485
15,111,1.190485
15,112,1.190485
15,113,1.190485
15,114,1.190485
15,115,1.190485
15,116,1.190485
15,117,1.190485
15,118,1.190485
15,119,1.190485
15,120,1.190485
15,121,1.190485
15,122,1.190485
15,123,1.190485
15,124,1.190485
15,125,1.190485
15,126,1.190485
15,127,1.190485
15,128,1.190485
15,129,1.190485
15,130,1.190485
15,131,1.190485
15,132,1.190485
15,133,1.190485
15,134,1.110696
15,135,1.110696
15,136,1.106985
15,137,1.106985
15,138,1.106985
15,139,1.106985
15,140,1.106985
15,141,1.106985
15,142,1.106985
15,143,1.106985
15,144,1.106985
15,145,1.106985
15,146,1.106985
15,147,1.106985
15,148,1.106985
15,149,1.106985
15,150,1.392270
15,151,1.392270
15,152,1.392270
15,153,1.392270
15,154,1.392270
15,155,1.392270
15,156,1.392270
15,157,1.392270
15,158,1.392270
15,159,1.392270
15,160,1.392270
15,161,1.392270
15,162,1.392270
15,163,1.392270
15,164,1.392270
15,165,1.392270
15,166,1.536912
15,167,1.536912
15,168,1.536912
15,169,1.536912
15,170,1.536912
15,171,1.536912
15,172,1.536912
15,173,1.536912
15,174,1.536912
15,175,1.339574
15,176,1.339574
15,177,1.339574
15,178,1.339574
15,179,1.339574
15,180,1.339574
15,181,1.428566
15,182,1.428566
15,183,1.428566
15,184,1.800886
15,185,1.800886
15,186,1.397539
15,187,1.397539
15,188,1.397539
15,189,1.397539
15,190,1.397539
15,191,1.397539
15,192,1.397539
15,193,1.397539
15,194,1.397539
15,195,1.397539
15,196,1.397539
15,197,1.397539
15,198,1.397539
15,199,1.397539
15,200,1.397539
15,201,0.963191
15,202,0.963191
15,203,0.963191
15,204,0.963191
15,205,0.963191
15,206,0.963191
15,207,0.963191
15,208,0.963191
15,209,0.963191
15,210,0.963191
15,211,0.963191
15,212,0.963191
15,213,0.963191
15,214,0.963191
15,215,0.963191
15,216,0.963191
15,217,0.963191
15,218,0.963191
15,219,0.963191
15,220,0.963191
15,221,0.963191
15,222,0.963191
15,223,0.963191
15,224,0.963191
15,225,0.963191
15,226,0.963191
15,227,0.963191
15,228,0.963191
15,229,0.963191
15,230,0.986553
15,231,1.079526
15,232,1.079526
15,233,1.079526
15,234,1.117735
15,235,1.117735
15,236,1.117735
15,237,1.117735
15,238,1.117735
15,239,1.117735
15,240,1.117735
15,241,1.000000
15,242,1.000000
15,243,1.000000
15,244,1.000000
15,245,1.000000
15,246,1.000000
15,247,1.000000
15,248,1.000000
15,249,1.000000
15,250,0.916263
15,251,0.916263
15,252,0.916263
15,253,0.916263
15,254,0.916263
15,255,0.916263
15,256,0.916263
15,257,0.916263
15,258,0.916263
15,259,0.916263
15,260,0.916263
15,261,0.852182
15,262,0.852182
15,263,0.852182
15,264,0.852182
15,265,0.852182
15,266,0.852182
15,267,1.081206
15,268,1.081206
15,269,0.962997
15,270,0.962997
15,271,0.759922
15,272,0.759922
15,273,0.759922
15,274,0.759922
15,275,0.759922
15,276,0.759922
15,277,0.759922
15,278,0.759922
15,279,0.759922
15,280,0.759922
15,281,0.759922
15,282,0.759922
15,283,0.759922
15,284,1.170280
15,285,1.170280
15,286,1.170280
15,287,1.170280
15,288,1.170280
15,289,1.170280
15,290,1.170280
15,291,1.170280
15,292,1.170280
15,293,1.170280
15,294,1.170280
15,295,1.170280
15,296,1.170280
15,297,1.361249
15,298,1.361249
15,299,1.355519
15,300,1.527680
15,301,1.527680
15,302,1.527680
15,303,1.527680
15,304,1.527680
15,305,1.527680
15,306,1.527680
15,307,1.527680
15,308,1.527680
15,309,1.527680
15,310,1.527680
15,311,1.527680
15,312,1.527680
15,313,1.336373
15,314,1.336373
15,315,1.336373
15,316,1.336373
15,317,1.336373
15,318,1.336373
15,319,1.336373
15,320,1.336373
15,321,1.336373
15,322,1.336373
15,323,1.336373
15,324,1.336373
15,325,1.336373
15,326,1.336373
15,327,1.336373
15,328,1.336373
15,329,1.336373
15,330,1.336373
15,331,1.336373
15,332,1.336373
15,333,1.336373
15,334,1.336373
15,335,1.272362
15,336,1.272362
15,337,2.109008
15,338,1.000000
15,339,1.212490
15,340,1.212490
15,341,1.212490
15,342,1.212490
15,343,1.070470
15,344,0.957966
15,345,1.423760
15,346,1.423760
15,347,1.423760
15,348,1.423760
15,349,1.423760
15,350,1.423760
15,351,1.423760
15,352,1.423760
15,353,1.645381
15,354,1.645381
15,355,1.645381
15,356,1.731589
15,357,1.731589
15,358,1.731589
15,359,1.731589
15,360,1.731589
15,361,1.731589
15,362,1.816152
15,363,1.816152
15,364,1.816152
15,365,1.816152
15,366,1.816152
15,367,1.816152
15,368,1.816152
15,369,1.816152
15,370,1.816152
15,371,1.816152
15,372,1.816152
15,373,1.816152
15,374,1.816152
15,375,1.816152
15,376,1.816152
15,377,1.816152
15,378,2.063089
15,379,2.063089
15,380,2.063089
15,381,2.210836
15,382,2.210836
15,383,2.210836
15,384,2.210836
15,385,3.312482
15,386,3.312482
15,387,3.312482
15,388,3.312482
15,389,3.312482
15,390,3.312482
15,391,3.312482
15,392,3.312482
15,393,3.312482
15,394,3.312482
15,395,4.808964
15,396,5.049098
15,397,5.049098
15,398,7.132651
15,399,5.951908
15,400,5.951908
15,401,5.951908
15,402,5.616945
15,403,5.616945
15,404,5.616945
15,405,5.240836
15,406,1.000000
15,407,1.000000
15,408,1.000000
15,409,1.000000
15,410,1.000000
15,411,1.000000
15,412,1.000000
15,413,1.000000
15,414,1.000000
15,415,1.000000
15,416,1.000000
15,417,1.000000
15,418,1.079874
15,419,1.361175
15,420,1.361175
15,421,1.361175
15,422,1.361175
15,423,1.361175
15,424,1.361175
15,425,1.361175
15,426,1.361175
15,427,1.361175
15,428,1.361175
15,429,1.361175
15,430,1.361175
15,431,1.361175
15,432,1.159268
15,433,1.159268
15,434,1.159268
15,435,1.159268
15,436,1.159268
15,437,1.429233
15,438,1.443858
15,439,1.443858
15,440,1.443858
15,441,1.443858
15,442,1.443858
15,443,1.443858
15,444,1.443858
15,445,1.443858
15,446,1.443858
15,447,1.443858
15,448,1.443858
15,449,1.443858
15,450,1.443858
15,451,1.443858
15,452,1.443858
15,453,1.443858
15,454,1.443858
15,455,1.443858
15,456,1.443858
15,457,1.443858
15,458,1.443858
15,459,1.443858
15,460,1.443858
15,461,1.443858
15,462,1.443858
15,463,1.443858
15,464,1.443858
15,465,1.443858
15,466,1.443858
15,467,1.443858
15,468,1.443858
15,469,1.443858
15,470,1.443858
15,471,1.443858
15,472,1.443858
15,473,1.443858
15,474,1.443858
15,475,1.443858
15,476,1.443858
15,477,1.443858
15,478,1.443858
15,479,1.443858
15,480,1.443858
15,481,1.443858
15,482,1.443858
15,483,1.443858
15,484,1.443858
15,485,1.443858
15,486,1.443858
15,487,1.555558
15,488,1.555558
15,489,1.555558
15,490,1.555558
15,491,1.555558
15,492,1.555558
15,493,1.555558
15,494,1.555558
15,495,1.555558
15,496,1.555558
15,497,1.555558
15,498,1.555558
15,499,1.555558
15,500,1.555558
15,501,1.555558
15,502,1.555558
15,503,1.555558
15,504,1.487098
15,505,1.487098
15,506,1.487098
15,507,1.358828
15,508,1.344653
15,509,1.000000
15,510,1.006709
15,511,1.006709
15,512,1.006709
15,513,1.006709
15,514,1.046463
15,515,1.046463
15,516,1.046463
15,517,1.027712
15,518,0.998370
15,519,0.998370
15,520,0.998370
15,521,1.003404
15,522,1.003404
15,523,1.003404
15,524,0.950838
15,525,0.950838
15,526,0.950838
15,527,0.950838
15,528,0.950838
15,529,0.950838
15,530,0.950838
15,531,0.950838
15,532,0.950838
15,533,0.950838
15,534,0.950838
15,535,0.950838
15,536,0.950838
15,537,0.950838
15,538,0.950838
15,539,0.950838
15,540,1.120335
15,541,1.120335
15,542,1.120335
15,543,1.120335
15,544,1.120335
15,545,1.120335
15,546,1.120335
15,547,1.120335
15,548,1.120335
15,549,1.120335
15,550,1.120335
15,551,1.110894
15,552,1.070397
15,553,1.070397
15,554,1.070397
15,555,1.070397
15,556,1.070397
15,557,1.270258
15,558,1.270258
15,559,1.270258
15,560,1.270258
15,561,1.270258
15,562,1.270258
15,563,1.270258
15,564,1.270258
15,565,1.270258
15,566,1.270258
15,567,1.270258
15,568,1.270258
15,569,1.270258
15,570,1.270258
15,571,1.270258
15,572,1.270258
15,573,1.270258
15,574,1.270258
15,575,1.270258
15,576,1.270258
15,577,1.270258
15,578,1.163927
15,579,1.163927
15,580,1.163927
15,581,1.163927
15,582,1.100797
15,583,1.100797
15,584,1.100797
15,585,1.100797
15,586,1.100797
15,587,1.100797
15,588,1.100797
15,589,1.100797
15,590,1.100797
15,591,1.100797
15,592,1.100797
15,593,1.100797
15,594,1.100797
15,595,1.100797
15,596,1.100797
15,597,1.035097
15,598,1.035097
15,599,1.035097
15,600,1.035097
15,601,1.036119
15,602,1.036119
15,603,1.036119
15,604,0.943925
15,605,0.943925
15,606,0.943925
15,607,0.943925
15,608,0.943925
15,609,0.943925
15,610,0.900658
15,611,0.900658
15,612,0.900658
20,0,1.000000
20,1,1.000000
20,2,1.074788
20,3,1.074788
20,4,1.074788
20,5,1.074788
20,6,1.074788
20,7,1.074788
20,8,1.074788
20,9,1.074788
20,10,1.074788
20,11,0.993429
20,12,0.993429
20,13,0.993429
20,14,0.993429
20,15,0.993429
20,16,0.993429
20,17,0.993429
20,18,0.993429
20,19,0.993429
20,20,0.993429
20,21,0.993429
20,22,0.993429
20,23,0.993429
20,24,0.993429
20,25,0.993429
20,26,0.993429
20,27,0.993429
20,28,0.993429
20,29,0.993429
20,30,0.993429
20,31,0.993429
20,32,0.993429
20,33,0.993429
20,34,0.993429
20,35,0.993429
20,36,0.993429
20,37,0.993429
20,38,0.993429
20,39,0.993429
20,40,0.993429
20,41,0.982419
20,42,0.982419
20,43,0.982419
20,44,0.982419
20,45,0.982419
20,46,0.953606
20,47,0.953606
20,48,1.596854
20,49,3.164835
20,50,3.164835
20,51,3.164835
20,52,3.232515
20,53,3.232515
20,54,3.430734
20,55,3.430734
20,56,3.430734
20,57,3.430734
20,58,3.430734
20,59,3.430734
20,60,3.430734
20,61,3.430734
20,62,3.430734
20,63,3.430734
20,64,3.430734
20,65,3.430734
20,66,4.224294
20,67,4.224294
20,68,4.206348
20,69,4.073644
20,70,4.073644
20,71,4.073644
20,72,4.073644
20,73,4.073644
20,74,5.166710
20,75,6.445196
20,76,6.445196
20,77,6.445196
20,78,6.445196
20,79,6.445196
20,80,6.445196
20,81,6.445196
20,82,6.445196
20,83,6.445196
20,84,6.445196
20,85,6.445196
20,86,6.445196
20,87,6.445196
20,88,6.445196
20,89,6.445196
20,90,6.445196
20,91,6.445196
20,92,6.445196
20,93,6.445196
20,94,6.445196
20,95,6.445196
20,96,6.445196
20,97,6.445196
20,98,6.445196
20,99,6.445196
20,100,6.445196
20,101,6.445196
20,102,6.445196
20,103,6.445196
20,104,8.289987
20,105,1.000000
20,106,1.000000
20,107,1.190485
20,108,1.190485
20,109,1.190485
20,110,1.190485
20,111,1.190485
20,112,1.190485
20,113,1.190485
20,114,1.190485
20,115,1.190485
20,116,1.190485
20,117,1.190485
20,118,1.190485
20,119,1.190485
20,120,1.190485
20,121,1.190485
20,122,1.190485
20,123,1.103182
20,124,1.001406
20,125,1.001406
20,126,1.001406
20,127,1.001406
20,128,1.001406
20,129,1.001406
20,130,1.001406
20,131,1.001406
20,132,1.001406
20,133,1.001406
20,134,1.001406
20,135,1.001406
20,136,1.001406
20,137,1.001406
20,138,1.259482
20,139,1.259482
20,140,1.259482
20,141,1.259482
20,142,1.259482
20,143,1.259482
20,144,1.259482
20,145,1.259482
20,146,1.259482
20,147,1.259482
20,148,1.259482
20,149,1.259482
20,150,1.259482
20,151,1.259482
20,152,1.259482
20,153,1.259482
20,154,1.390329
20,155,1.390329
20,156,1.390329
20,157,1.390329
20,158,1.390329
20,159,1.390329
20,160,1.390329
20,161,1.390329
20,162,1.390329
20,163,1.211811
20,164,1.211811
20,165,1.211811
20,166,1.211811
20,167,1.211811
20,168,1.211811
20,169,1.292316
20,170,1.292316
20,171,1.292316
20,172,1.629126
20,173,1.629126
20,174,1.264249
20,175,1.264249
20,176,1.264249
20,177,1.264249
20,178,1.264249
20,179,1.264249
20,180,1.264249
20,181,1.264249
20,182,1.264249
20,183,1.264249
20,184,1.264249
20,185,1.264249
20,186,1.264249
20,187,1.264249
20,188,1.264249
20,189,1.264249
20,190,1.264249
20,191,1.264249
20,192,1.264249
20,193,1.264249
20,194,1.264249
20,195,1.264249
20,196,1.264249
20,197,1.264249
20,198,1.264249
20,199,1.264249
20,200,1.264249
20,201,1.264249
20,202,1.264249
20,203,1.264249
20,204,1.264249
20,205,1.264249
20,206,1.264249
20,207,1.264249
20,208,1.264249
20,209,1.264249
20,210,1.264249
20,211,1.264249
20,212,1.264249
20,213,1.264249
20,214,1.264249
20,215,1.264249
20,216,1.264249
20,217,1.264249
20,218,1.264249
20,219,1.264249
20,220,1.264249
20,221,1.264249
20,222,1.264249
20,223,1.294913
20,224,1.416946
20,225,1.398354
20,226,1.398354
20,227,1.426692
20,228,1.426692
20,229,1.426692
20,230,1.426692
20,231,1.426692
20,232,1.426692
20,233,1.426692
20,234,1.000000
20,235,1.000000
20,236,1.000000
20,237,1.000000
20,238,1.000000
20,239,1.000000
20,240,1.000000
20,241,1.000000
20,242,1.000000
20,243,0.916263
20,244,0.916263
20,245,0.916263
20,246,0.916263
20,247,0.916263
20,248,0.916263
20,249,0.916263
20,250,0.916263
20,251,0.916263
20,252,0.916263
20,253,0.916263
20,254,0.852182
20,255,0.852182
20,256,0.852182
20,257,0.852182
20,258,0.852182
20,259,0.852182
20,260,1.081206
20,261,1.081206
20,262,0.962997
20,263,0.962997
20,264,0.759922
20,265,0.759922
20,266,0.759922
20,267,0.759922
20,268,0.759922
20,269,0.759922
20,270,0.759922
20,271,0.759922
20,272,0.759922
20,273,0.759922
20,274,0.759922
20,275,0.759922
20,276,0.759922
20,277,1.170280
20,278,1.170280
20,279,1.170280
20,280,1.170280
20,281,1.170280
20,282,1.170280
20,283,1.170280
20,284,1.170280
20,285,1.170280
20,286,1.170280
20,287,1.170280
20,288,1.170280
20,289,1.170280
20,290,1.361249
20,291,1.361249
20,292,1.355519
20,293,1.527680
20,294,1.527680
20,295,1.527680
20,296,1.527680
20,297,1.527680
20,298,1.527680
20,299,1.527680
20,300,1.527680
20,301,1.527680
20,302,1.527680
20,303,1.527680
20,304,1.527680
20,305,1.527680
20,306,1.336373
20,307,1.336373
20,308,1.336373
20,309,1.336373
20,310,1.336373
20,311,1.336373
20,312,1.336373
20,313,1.336373
20,314,1.336373
20,315,1.336373
20,316,1.336373
20,317,1.336373
20,318,1.336373
20,319,1.336373
20,320,1.336373
20,321,1.336373
20,322,1.336373
20,323,1.336373
20,324,1.336373
20,325,1.336373
20,326,1.336373
20,327,1.336373
20,328,1.272362
20,329,1.272362
20,330,2.109008
20,331,1.000000
20,332,1.212490
20,333,1.212490
20,334,1.212490
20,335,1.212490
20,336,1.070470
20,337,0.957966
20,338,1.423760
20,339,1.423760
20,340,1.423760
20,341,1.423760
20,342,1.423760
20,343,1.423760
20,344,1.423760
20,345,1.423760
20,346,1.645381
20,347,1.645381
20,348,1.645381
20,349,1.731589
20,350,1.731589
20,351,1.731589
20,352,1.731589
20,353,1.731589
20,354,1.731589
20,355,1.816152
20,356,1.816152
20,357,1.816152
20,358,1.816152
20,359,1.816152
20,360,1.816152
20,361,1.816152
20,362,1.816152
20,363,1.816152
20,364,1.816152
20,365,1.816152
20,366,1.816152
20,367,1.816152
20,368,1.816152
20,369,1.816152
20,370,1.816152
20,371,2.063089
20,372,2.063089
20,373,2.063089
20,374,2.210836
20,375,2.210836
20,376,2.210836
20,377,2.210836
20,378,3.312482
20,379,3.312482
20,380,3.312482
20,381,3.312482
20,382,3.312482
20,383,3.312482
20,384,3.312482
20,385,3.312482
20,386,3.312482
20,387,3.312482
20,388,4.808964
20,389,5.049098
20,390,5.049098
20,391,7.132651
20,392,7.132651
20,393,7.132651
20,394,7.132651
20,395,7.132651
20,396,7.132651
20,397,7.132651
20,398,7.132651
20,399,7.132651
20,400,7.132651
20,401,7.132651
20,402,7.132651
20,403,7.132651
20,404,7.132651
20,405,7.132651
20,406,7.132651
20,407,7.132651
20,408,7.132651
20,409,7.132651
20,410,7.132651
20,411,7.132651
20,412,7.132651
20,413,7.132651
20,414,7.132651
20,415,7.132651
20,416,1.000000
20,417,1.000000
20,418,1.000000
20,419,1.000000
20,420,1.000000
20,421,1.000000
20,422,1.000000
20,423,1.000000
20,424,1.000000
20,425,1.000000
20,426,1.000000
20,427,1.000000
20,428,1.079874
20,429,1.361175
20,430,1.361175
20,431,1.361175
20,432,1.361175
20,433,1.361175
20,434,1.361175
20,435,1.361175
20,436,1.361175
20,437,1.361175
20,438,1.361175
20,439,1.361175
20,440,1.361175
20,441,1.361175
20,442,1.159268
20,443,1.159268
20,444,1.159268
20,445,1.159268
20,446,1.159268
20,447,1.429233
20,448,1.443858
20,449,1.443858
20,450,1.443858
20,451,1.443858
20,452,1.443858
20,453,1.443858
20,454,1.443858
20,455,1.443858
20,456,1.443858
20,457,1.443858
20,458,1.443858
20,459,1.443858
20,460,1.443858
20,461,1.443858
20,462,1.443858
20,463,1.443858
20,464,1.443858
20,465,1.443858
20,466,1.443858
20,467,1.443858
20,468,1.443858
20,469,1.443858
20,470,1.443858
20,471,1.443858
20,472,1.443858
20,473,1.443858
20,474,1.443858
20,475,1.443858
20,476,1.443858
20,477,1.443858
20,478,1.443858
20,479,1.443858
20,480,1.443858
20,481,1.443858
20,482,1.443858
20,483,1.443858
20,484,1.443858
20,485,1.443858
20,486,1.443858
20,487,1.443858
20,488,1.443858
20,489,1.443858
20,490,1.443858
20,491,1.443858
20,492,1.443858
20,493,1.443858
20,494,1.443858
20,495,1.443858
20,496,1.443858
20,497,1.555558
20,498,1.555558
20,499,1.555558
20,500,1.555558
20,501,1.555558
20,502,1.555558
20,503,1.555558
20,504,1.555558
20,505,1.555558
20,506,1.555558
20,507,1.555558
20,508,1.555558
20,509,1.555558
20,510,1.555558
20,511,1.555558
20,512,1.555558
20,513,1.555558
20,514,1.487098
20,515,1.487098
20,516,1.487098
20,517,1.358828
20,518,1.344653
20,519,1.000000
20,520,1.006709
20,521,1.006709
20,522,1.006709
20,523,1.006709
20,524,1.046463
20,525,1.046463
20,526,1.046463
20,527,1.027712
20,528,1.027712
20,529,1.027712
20,530,1.027712
20,531,1.027712
20,532,0.924768
20,533,0.924768
20,534,0.924768
20,535,0.929432
20,536,0.885330
20,537,0.885330
20,538,0.885330
20,539,0.885330
20,540,0.885330
20,541,0.885330
20,542,0.885330
20,543,0.885330
20,544,0.885330
20,545,0.885330
20,546,0.885330
20,547,0.885330
20,548,0.885330
20,549,0.885330
20,550,0.885330
20,551,0.885330
20,552,1.043149
20,553,1.043149
20,554,1.043149
20,555,1.043149
20,556,1.043149
20,557,1.043149
20,558,1.043149
20,559,1.043149
20,560,1.043149
20,561,1.043149
20,562,1.043149
20,563,1.034358
20,564,0.996651
20,565,0.996651
20,566,0.996651
20,567,0.996651
20,568,0.996651
20,569,1.182743
20,570,1.182743
20,571,1.182743
20,572,1.182743
20,573,1.182743
20,574,1.182743
20,575,1.182743
20,576,1.182743
20,577,1.182743
20,578,1.182743
20,579,1.182743
20,580,1.182743
20,581,1.182743
20,582,1.182743
20,583,1.182743
20,584,1.182743
20,585,1.182743
20,586,1.182743
20,587,1.182743
20,588,1.182743
20,589,1.182743
20,590,1.083737
20,591,1.083737
20,592,1.083737
20,593,1.083737
20,594,1.024957
20,595,1.024957
20,596,1.024957
20,597,1.024957
20,598,1.024957
20,599,1.024957
20,600,1.024957
20,601,1.024957
20,602,1.024957
20,603,1.024957
20,604,1.024957
20,605,1.024957
20,606,1.024957
20,607,1.024957
20,608,1.024957
20,609,0.963783
20,610,0.963783
20,611,0.963783
20,612,0.963783
20,613,0.964735
20,614,0.964735
20,615,0.964735
20,616,0.878893
20,617,0.863399
20,618,0.863399
20,619,0.863399
25,0,1.000000
25,1,1.000000
25,2,1.074788
25,3,1.074788
25,4,1.074788
25,5,1.074788
25,6,1.074788
25,7,1.074788
25,8,1.074788
25,9,1.074788
25,10,1.074788
25,11,0.993429
25,12,0.993429
25,13,0.993429
25,14,0.993429
25,15,0.993429
25,16,0.993429
25,17,0.993429
25,18,0.993429
25,19,0.993429
25,20,0.993429
25,21,0.993429
25,22,0.993429
25,23,0.993429
25,24,0.993429
25,25,0.993429
25,26,0.993429
25,27,0.993429
25,28,0.993429
25,29,0.993429
25,30,0.993429
25,31,0.993429
25,32,0.993429
25,33,0.993429
25,34,0.993429
25,35,0.993429
25,36,0.993429
25,37,0.993429
25,38,0.993429
25,39,0.993429
25,40,0.993429
25,41,0.982419
25,42,0.982419
25,43,0.982419
25,44,0.982419
25,45,0.982419
25,46,0.953606
25,47,0.953606
25,48,1.596854
25,49,3.164835
25,50,3.164835
25,51,3.164835
25,52,3.232515
25,53,3.232515
25,54,3.232515
25,55,3.166319
25,56,3.166319
25,57,3.166319
25,58,3.166319
25,59,3.166319
25,60,3.166319
25,61,3.166319
25,62,3.166319
25,63,3.166319
25,64,3.166319
25,65,3.166319
25,66,3.166319
25,67,3.166319
25,68,3.166319
25,69,3.594127
25,70,3.594127
25,71,3.603046
25,72,3.489375
25,73,3.489375
25,74,3.489375
25,75,3.489375
25,76,3.489375
25,77,3.489375
25,78,3.489375
25,79,3.489375
25,80,3.489375
25,81,3.489375
25,82,3.489375
25,83,3.489375
25,84,3.489375
25,85,3.489375
25,86,3.489375
25,87,3.489375
25,88,3.489375
25,89,3.489375
25,90,3.489375
25,91,4.158424
25,92,5.187413
25,93,5.187413
25,94,5.187413
25,95,5.187413
25,96,5.187413
25,97,5.187413
25,98,5.187413
25,99,5.187413
25,100,5.187413
25,101,5.187413
25,102,5.187413
25,103,5.187413
25,104,5.187413
25,105,5.187413
25,106,5.187413
25,107,5.187413
25,108,5.187413
25,109,5.187413
25,110,5.187413
25,111,5.187413
25,112,5.187413
25,113,5.187413
25,114,5.187413
25,115,5.187413
25,116,5.187413
25,117,5.187413
25,118,5.187413
25,119,5.187413
25,120,5.187413
25,121,6.672192
25,122,1.000000
25,123,1.000000
25,124,1.190485
25,125,1.190485
25,126,1.190485
25,127,1.190485
25,128,1.190485
25,129,1.190485
25,130,1.190485
25,131,1.190485
25,132,1.190485
25,133,1.190485
25,134,1.190485
25,135,1.190485
25,136,1.190485
25,137,1.190485
25,138,1.190485
25,139,1.190485
25,140,1.103182
25,141,1.001406
25,142,1.001406
25,143,1.001406
25,144,1.001406
25,145,1.001406
25,146,1.001406
25,147,1.001406
25,148,1.001406
25,149,1.001406
25,150,1.001406
25,151,1.001406
25,152,1.001406
25,153,1.001406
25,154,1.001406
25,155,1.259482
25,156,1.259482
25,157,1.259482
25,158,1.259482
25,159,1.259482
25,160,1.259482
25,161,1.259482
25,162,1.259482
25,163,1.259482
25,164,1.259482
25,165,1.259482
25,166,1.259482
25,167,1.259482
25,168,1.259482
25,169,1.259482
25,170,1.259482
25,171,1.390329
25,172,1.390329
25,173,1.390329
25,174,1.390329
25,175,1.390329
25,176,1.390329
25,177,1.390329
25,178,1.390329
25,179,1.390329
25,180,1.211811
25,181,1.211811
25,182,1.211811
25,183,1.211811
25,184,1.211811
25,185,1.211811
25,186,1.292316
25,187,1.292316
25,188,1.292316
25,189,1.629126
25,190,1.629126
25,191,1.264249
25,192,1.264249
25,193,1.364128
25,194,1.364128
25,195,1.364128
25,196,1.364128
25,197,1.364128
25,198,1.364128
25,199,1.364128
25,200,1.364128
25,201,1.364128
25,202,1.364128
25,203,1.364128
25,204,1.364128
25,205,1.364128
25,206,1.364128
25,207,1.364128
25,208,1.364128
25,209,1.364128
25,210,1.364128
25,211,1.364128
25,212,1.364128
25,213,1.364128
25,214,1.364128
25,215,1.364128
25,216,1.364128
25,217,1.364128
25,218,1.364128
25,219,1.364128
25,220,1.364128
25,221,1.364128
25,222,1.364128
25,223,1.364128
25,224,1.364128
25,225,1.364128
25,226,1.364128
25,227,1.397214
25,228,1.528888
25,229,1.508828
25,230,1.508828
25,231,1.539405
25,232,1.539405
25,233,1.539405
25,234,1.539405
25,235,1.539405
25,236,1.539405
25,237,1.539405
25,238,1.000000
25,239,1.000000
25,240,1.000000
25,241,1.000000
25,242,1.000000
25,243,1.000000
25,244,1.000000
25,245,1.000000
25,246,1.000000
25,247,0.916263
25,248,0.916263
25,249,0.916263
25,250,0.916263
25,251,0.916263
25,252,0.916263
25,253,0.916263
25,254,0.916263
25,255,0.916263
25,256,0.916263
25,257,0.916263
25,258,0.852182
25,259,0.852182
25,260,0.852182
25,261,0.852182
25,262,0.852182
25,263,0.852182
25,264,1.081206
25,265,1.081206
25,266,0.962997
25,267,0.962997
25,268,0.759922
25,269,0.759922
25,270,0.759922
25,271,0.759922
25,272,0.759922
25,273,0.759922
25,274,0.759922
25,275,0.759922
25,276,0.759922
25,277,0.759922
25,278,0.759922
25,279,0.759922
25,280,0.759922
25,281,1.170280
25,282,1.170280
25,283,1.170280
25,284,1.170280
25,285,1.170280
25,286,1.170280
25,287,1.170280
25,288,1.170280
25,289,1.170280
25,290,1.170280
25,291,1.170280
25,292,1.170280
25,293,1.170280
25,294,1.361249
25,295,1.361249
25,296,1.355519
25,297,1.527680
25,298,1.527680
25,299,1.527680
25,300,1.527680
25,301,1.527680
25,302,1.527680
25,303,1.527680
25,304,1.527680
25,305,1.527680
25,306,1.527680
25,307,1.527680
25,308,1.527680
25,309,1.527680
25,310,1.336373
25,311,1.336373
25,312,1.336373
25,313,1.336373
25,314,1.336373
25,315,1.336373
25,316,1.059140
25,317,1.059140
25,318,1.755581
25,319,1.000000
25,320,1.212490
25,321,1.212490
25,322,1.212490
25,323,1.212490
25,324,1.070470
25,325,0.957966
25,326,0.845478
25,327,0.845478
25,328,0.845478
25,329,0.845478
25,330,1.211279
25,331,1.211279
25,332,1.211279
25,333,1.211279
25,334,1.211279
25,335,1.211279
25,336,1.211279
25,337,1.211279
25,338,1.399825
25,339,1.399825
25,340,1.399825
25,341,1.473168
25,342,1.473168
25,343,1.473168
25,344,1.473168
25,345,1.473168
25,346,1.473168
25,347,1.545111
25,348,1.545111
25,349,1.545111
25,350,1.545111
25,351,1.545111
25,352,1.545111
25,353,1.545111
25,354,1.545111
25,355,1.545111
25,356,1.545111
25,357,1.545111
25,358,1.545111
25,359,1.545111
25,360,1.545111
25,361,1.545111
25,362,1.545111
25,363,1.755195
25,364,1.755195
25,365,1.755195
25,366,1.880892
25,367,1.880892
25,368,1.880892
25,369,1.880892
25,370,2.818130
25,371,2.818130
25,372,2.818130
25,373,2.818130
25,374,2.818130
25,375,2.818130
25,376,2.818130
25,377,2.818130
25,378,2.818130
25,379,2.818130
25,380,4.091278
25,381,4.295574
25,382,4.295574
25,383,6.068179
25,384,6.068179
25,385,6.068179
25,386,6.068179
25,387,6.068179
25,388,6.068179
25,389,6.068179
25,390,6.068179
25,391,6.068179
25,392,6.068179
25,393,6.068179
25,394,6.068179
25,395,6.068179
25,396,6.068179
25,397,6.068179
25,398,6.068179
25,399,6.068179
25,400,6.068179
25,401,6.068179
25,402,6.068179
25,403,6.068179
25,404,6.068179
25,405,6.068179
25,406,6.068179
25,407,6.068179
25,408,1.000000
25,409,1.000000
25,410,1.000000
25,411,1.000000
25,412,1.000000
25,413,1.000000
25,414,1.000000
25,415,1.000000
25,416,1.000000
25,417,1.000000
25,418,1.000000
25,419,1.000000
25,420,1.079874
25,421,1.361175
25,422,1.361175
25,423,1.361175
25,424,1.361175
25,425,1.361175
25,426,1.361175
25,427,1.361175
25,428,1.361175
25,429,1.361175
25,430,1.361175
25,431,1.361175
25,432,1.361175
25,433,1.361175
25,434,1.159268
25,435,1.159268
25,436,1.159268
25,437,1.159268
25,438,1.159268
25,439,1.429233
25,440,1.443858
25,441,1.443858
25,442,1.443858
25,443,1.443858
25,444,1.443858
25,445,1.443858
25,446,1.443858
25,447,1.443858
25,448,1.443858
25,449,1.443858
25,450,1.443858
25,451,1.443858
25,452,1.443858
25,453,1.443858
25,454,1.443858
25,455,1.443858
25,456,1.443858
25,457,1.443858
25,458,1.443858
25,459,1.443858
25,460,1.443858
25,461,1.443858
25,462,1.443858
25,463,1.443858
25,464,1.443858
25,465,1.443858
25,466,1.443858
25,467,1.443858
25,468,1.443858
25,469,1.443858
25,470,1.443858
25,471,1.443858
25,472,1.443858
25,473,1.443858
25,474,1.443858
25,475,1.443858
25,476,1.443858
25,477,1.443858
25,478,1.443858
25,479,1.443858
25,480,1.443858
25,481,1.443858
25,482,1.443858
25,483,1.443858
25,484,1.443858
25,485,1.443858
25,486,1.443858
25,487,1.443858
25,488,1.443858
25,489,1.555558
25,490,1.555558
25,491,1.555558
25,492,1.555558
25,493,1.555558
25,494,1.555558
25,495,1.555558
25,496,1.555558
25,497,1.555558
25,498,1.555558
25,499,1.555558
25,500,1.555558
25,501,1.555558
25,502,1.555558
25,503,1.555558
25,504,1.555558
25,505,1.555558
25,506,1.487098
25,507,1.487098
25,508,1.487098
25,509,1.358828
25,510,1.344653
25,511,1.000000
25,512,1.006709
25,513,1.006709
25,514,1.006709
25,515,1.006709
25,516,1.046463
25,517,1.046463
25,518,1.046463
25,519,1.027712
25,520,1.027712
25,521,1.027712
25,522,1.027712
25,523,1.027712
25,524,1.027712
25,525,1.008213
25,526,1.008213
25,527,1.008213
25,528,1.008213
25,529,1.008213
25,530,1.008213
25,531,1.008213
25,532,1.008213
25,533,1.008213
25,534,1.008213
25,535,1.008213
25,536,1.008213
25,537,1.008213
25,538,1.008213
25,539,1.008213
25,540,1.008213
25,541,1.187938
25,542,1.187938
25,543,1.187938
25,544,1.187938
25,545,1.187938
25,546,1.187938
25,547,1.187938
25,548,1.187938
25,549,1.187938
25,550,1.187938
25,551,1.187938
25,552,1.177927
25,553,1.134986
25,554,1.134986
25,555,1.134986
25,556,1.134986
25,557,1.134986
25,558,1.346907
25,559,1.346907
25,560,1.346907
25,561,1.346907
25,562,1.346907
25,563,1.346907
25,564,1.346907
25,565,1.346907
25,566,1.346907
25,567,1.346907
25,568,1.346907
25,569,1.346907
25,570,1.346907
25,571,1.346907
25,572,1.346907
25,573,1.346907
25,574,1.346907
25,575,1.346907
25,576,1.346907
25,577,1.346907
25,578,1.346907
25,579,1.346907
25,580,1.255151
25,581,1.255151
25,582,1.255151
25,583,1.255151
25,584,1.187073
25,585,1.187073
25,586,1.187073
25,587,1.187073
25,588,1.187073
25,589,1.187073
25,590,1.187073
25,591,1.187073
25,592,1.187073
25,593,1.187073
25,594,1.187073
25,595,1.187073
25,596,1.187073
25,597,1.187073
25,598,1.187073
25,599,1.187073
25,600,1.187073
25,601,1.187073
25,602,1.473827
25,603,1.473827
25,604,1.473827
25,605,1.473827
25,606,1.473827
25,607,1.473827
25,608,1.473827
25,609,1.473827
25,610,1.473827
25,611,1.473827
25,612,1.473827
25,613,1.473827
25,614,1.473827
25,615,1.473827
25,616,1.473827
25,617,1.473827
25,618,1.473827
25,619,1.473827
25,620,1.473827
25,621,1.473827
25,622,1.473827
25,623,1.473827
25,624,1.473827
30,0,1.000000
30,1,1.000000
30,2,1.074788
30,3,1.074788
30,4,1.074788
30,5,1.074788
30,6,1.074788
30,7,1.074788
30,8,1.074788
30,9,1.074788
30,10,1.074788
30,11,0.993429
30,12,0.993429
30,13,0.993429
30,14,0.993429
30,15,0.993429
30,16,0.993429
30,17,0.993429
30,18,0.993429
30,19,0.993429
30,20,0.993429
30,21,0.993429
30,22,0.904621
30,23,0.904621
30,24,0.904621
30,25,0.904621
30,26,0.904621
30,27,0.904621
30,28,0.904621
30,29,0.904621
30,30,0.904621
30,31,0.904621
30,32,0.904621
30,33,0.904621
30,34,0.904621
30,35,0.894596
30,36,0.894596
30,37,0.894596
30,38,0.894596
30,39,0.894596
30,40,0.868358
30,41,0.868358
30,42,0.868358
30,43,0.868358
30,44,0.868358
30,45,0.868358
30,46,0.868358
30,47,0.868358
30,48,0.868358
30,49,0.868358
30,50,1.130149
30,51,2.239863
30,52,2.239863
30,53,2.239863
30,54,2.287762
30,55,2.287762
30,56,2.287762
30,57,2.240913
30,58,2.240913
30,59,2.240913
30,60,2.240913
30,61,2.240913
30,62,2.240913
30,63,2.240913
30,64,2.240913
30,65,2.240913
30,66,2.240913
30,67,2.240913
30,68,2.240913
30,69,2.240913
30,70,2.240913
30,71,2.543688
30,72,2.543688
30,73,2.550000
30,74,2.469551
30,75,2.469551
30,76,2.469551
30,77,2.469551
30,78,2.469551
30,79,2.469551
30,80,2.469551
30,81,2.469551
30,82,2.469551
30,83,2.469551
30,84,2.469551
30,85,2.469551
30,86,2.469551
30,87,2.469551
30,88,2.469551
30,89,2.469551
30,90,2.469551
30,91,2.469551
30,92,2.469551
30,93,2.469551
30,94,2.469551
30,95,2.469551
30,96,2.469551
30,97,2.431542
30,98,3.033220
30,99,3.033220
30,100,3.033220
30,101,3.033220
30,102,3.033220
30,103,3.033220
30,104,3.033220
30,105,3.033220
30,106,3.033220
30,107,3.033220
30,108,3.033220
30,109,3.033220
30,110,3.033220
30,111,3.033220
30,112,3.033220
30,113,3.033220
30,114,3.033220
30,115,3.033220
30,116,3.033220
30,117,3.033220
30,118,3.033220
30,119,3.033220
30,120,3.033220
30,121,3.033220
30,122,3.033220
30,123,3.033220
30,124,3.033220
30,125,3.033220
30,126,3.033220
30,127,3.901410
30,128,1.000000
30,129,1.000000
30,130,1.190485
30,131,1.190485
30,132,1.190485
30,133,1.190485
30,134,1.190485
30,135,1.190485
30,136,1.190485
30,137,1.190485
30,138,1.190485
30,139,1.190485
30,140,1.190485
30,141,1.190485
30,142,1.190485
30,143,1.190485
30,144,1.190485
30,145,1.190485
30,146,1.103182
30,147,1.001406
30,148,1.001406
30,149,1.001406
30,150,1.001406
30,151,1.001406
30,152,1.001406
30,153,1.001406
30,154,1.001406
30,155,1.001406
30,156,1.001406
30,157,1.001406
30,158,1.001406
30,159,1.001406
30,160,1.001406
30,161,1.259482
30,162,1.259482
30,163,1.259482
30,164,1.259482
30,165,1.259482
30,166,1.144474
30,167,1.144474
30,168,1.144474
30,169,1.144474
30,170,1.144474
30,171,1.144474
30,172,1.144474
30,173,1.144474
30,174,1.263374
30,175,1.263374
30,176,1.263374
30,177,1.263374
30,178,1.263374
30,179,1.263374
30,180,1.263374
30,181,1.263374
30,182,1.263374
30,183,1.101157
30,184,1.101157
30,185,1.101157
30,186,1.101157
30,187,1.101157
30,188,1.101157
30,189,1.174311
30,190,1.174311
30,191,1.174311
30,192,1.480365
30,193,1.620649
30,194,1.620649
30,195,1.058960
30,196,1.058960
30,197,1.058960
30,198,1.058960
30,199,1.058960
30,200,1.058960
30,201,1.058960
30,202,1.058960
30,203,1.058960
30,204,1.058960
30,205,1.058960
30,206,1.058960
30,207,1.058960
30,208,1.058960
30,209,1.058960
30,210,1.058960
30,211,1.058960
30,212,1.058960
30,213,1.058960
30,214,1.058960
30,215,1.058960
30,216,1.058960
30,217,1.058960
30,218,1.058960
30,219,1.058960
30,220,1.064444
30,221,1.015452
30,222,1.015452
30,223,1.015452
30,224,1.015452
30,225,1.015452
30,226,1.426107
30,227,1.000000
30,228,1.000000
30,229,1.000000
30,230,1.000000
30,231,1.000000
30,232,1.000000
30,233,1.000000
30,234,1.000000
30,235,1.000000
30,236,0.916263
30,237,0.916263
30,238,0.916263
30,239,0.916263
30,240,0.916263
30,241,0.916263
30,242,0.916263
30,243,0.916263
30,244,0.916263
30,245,0.916263
30,246,0.916263
30,247,0.852182
30,248,0.852182
30,249,0.852182
30,250,0.852182
30,251,0.852182
30,252,0.852182
30,253,1.081206
30,254,1.081206
30,255,0.962997
30,256,0.962997
30,257,0.759922
30,258,0.759922
30,259,0.759922
30,260,0.759922
30,261,0.759922
30,262,0.759922
30,263,0.759922
30,264,0.759922
30,265,0.759922
30,266,0.759922
30,267,0.759922
30,268,0.759922
30,269,0.759922
30,270,1.170280
30,271,1.110493
30,272,1.107574
30,273,1.107574
30,274,1.102911
30,275,1.102911
30,276,1.102911
30,277,1.102911
30,278,1.102911
30,279,1.102911
30,280,1.102911
30,281,1.102911
30,282,1.102911
30,283,1.102911
30,284,1.102911
30,285,1.102911
30,286,1.102911
30,287,1.102911
30,288,1.102911
30,289,0.964797
30,290,0.964797
30,291,0.964797
30,292,0.964797
30,293,0.964797
30,294,0.964797
30,295,0.764648
30,296,0.764648
30,297,1.267445
30,298,1.000000
30,299,1.212490
30,300,1.212490
30,301,1.212490
30,302,1.212490
30,303,1.070470
30,304,0.957966
30,305,0.845478
30,306,0.845478
30,307,0.845478
30,308,0.845478
30,309,1.149867
30,310,1.233648
30,311,1.233648
30,312,1.233648
30,313,1.233648
30,314,1.233648
30,315,1.233648
30,316,1.233648
30,317,1.233648
30,318,1.425676
30,319,1.425676
30,320,1.425676
30,321,1.500373
30,322,1.500373
30,323,1.500373
30,324,1.500373
30,325,1.500373
30,326,1.500373
30,327,1.573644
30,328,1.573644
30,329,1.573644
30,330,1.573644
30,331,1.573644
30,332,1.627400
30,333,1.627400
30,334,1.848673
30,335,1.848673
30,336,1.848673
30,337,1.848673
30,338,1.848673
30,339,1.848673
30,340,1.848673
30,341,1.848673
30,342,2.769855
30,343,2.769855
30,344,2.769855
30,345,2.769855
30,346,2.769855
30,347,2.769855
30,348,2.769855
30,349,2.769855
30,350,2.769855
30,351,2.769855
30,352,4.021195
30,353,4.221991
30,354,4.221991
30,355,5.964232
30,356,5.964232
30,357,5.964232
30,358,5.964232
30,359,5.964232
30,360,5.964232
30,361,5.964232
30,362,5.964232
30,363,5.964232
30,364,5.964232
30,365,5.628575
30,366,5.628575
30,367,5.628575
30,368,5.628575
30,369,5.628575
30,370,5.628575
30,371,5.628575
30,372,1.000000
30,373,1.000000
30,374,1.000000
30,375,1.000000
30,376,1.000000
30,377,1.000000
30,378,1.000000
30,379,1.000000
30,380,1.000000
30,381,1.000000
30,382,1.000000
30,383,1.000000
30,384,1.079874
30,385,1.361175
30,386,1.361175
30,387,1.361175
30,388,1.361175
30,389,1.361175
30,390,1.361175
30,391,1.361175
30,392,1.361175
30,393,1.361175
30,394,1.361175
30,395,1.361175
30,396,1.361175
30,397,1.361175
30,398,1.159268
30,399,1.159268
30,400,1.159268
30,401,1.159268
30,402,1.159268
30,403,1.429233
30,404,1.443858
30,405,1.443858
30,406,1.443858
30,407,1.443858
30,408,1.443858
30,409,1.443858
30,410,1.443858
30,411,1.443858
30,412,1.443858
30,413,1.443858
30,414,1.443858
30,415,1.443858
30,416,1.443858
30,417,1.443858
30,418,1.443858
30,419,1.443858
30,420,1.443858
30,421,1.443858
30,422,1.443858
30,423,1.443858
30,424,1.443858
30,425,1.443858
30,426,1.443858
30,427,1.443858
30,428,1.443858
30,429,1.443858
30,430,1.443858
30,431,1.443858
30,432,1.443858
30,433,1.443858
30,434,1.443858
30,435,1.443858
30,436,1.443858
30,437,1.443858
30,438,1.443858
30,439,1.443858
30,440,1.443858
30,441,1.443858
30,442,1.443858
30,443,1.443858
30,444,1.443858
30,445,1.443858
30,446,1.443858
30,447,1.443858
30,448,1.443858
30,449,1.443858
30,450,1.443858
30,451,1.443858
30,452,1.443858
30,453,1.555558
30,454,1.555558
30,455,1.555558
30,456,1.555558
30,457,1.555558
30,458,1.555558
30,459,1.555558
30,460,1.555558
30,461,1.555558
30,462,1.555558
30,463,1.555558
30,464,1.555558
30,465,1.555558
30,466,1.555558
30,467,1.555558
30,468,1.555558
30,469,1.555558
30,470,1.487098
30,471,1.487098
30,472,1.487098
30,473,1.358828
30,474,1.344653
30,475,1.000000
30,476,1.006709
30,477,1.006709
30,478,1.006709
30,479,1.006709
30,480,1.046463
30,481,1.046463
30,482,1.046463
30,483,1.027712
30,484,1.027712
30,485,1.027712
30,486,1.027712
30,487,1.027712
30,488,1.027712
30,489,1.008213
30,490,1.008213
30,491,1.008213
30,492,1.008213
30,493,1.008213
30,494,1.008213
30,495,1.008213
30,496,1.008213
30,497,1.008213
30,498,1.008213
30,499,1.008213
30,500,1.008213
30,501,1.008213
30,502,1.008213
30,503,1.008213
30,504,1.008213
30,505,1.187938
30,506,1.187938
30,507,1.187938
30,508,1.187938
30,509,1.187938
30,510,1.187938
30,511,1.187938
30,512,1.187938
30,513,1.187938
30,514,1.187938
30,515,1.187938
30,516,1.177927
30,517,1.134986
30,518,1.134986
30,519,1.134986
30,520,1.134986
30,521,1.134986
30,522,1.346907
30,523,1.346907
30,524,1.346907
30,525,1.346907
30,526,1.346907
30,527,1.346907
30,528,1.346907
30,529,1.346907
30,530,1.346907
30,531,1.346907
30,532,1.346907
30,533,1.346907
30,534,1.346907
30,535,1.346907
30,536,1.346907
30,537,1.346907
30,538,1.346907
30,539,1.346907
30,540,1.346907
30,541,1.346907
30,542,1.346907
30,543,1.346907
30,544,1.255151
30,545,1.235573
30,546,1.235573
30,547,1.235573
30,548,1.235573
30,549,1.235573
30,550,1.235573
30,551,1.235573
30,552,1.235573
30,553,1.235573
30,554,1.235573
30,555,1.235573
30,556,1.235573
30,557,1.235573
30,558,1.235573
30,559,1.235573
30,560,1.235573
30,561,1.235573
30,562,1.235573
30,563,1.534042
30,564,1.534042
30,565,1.534042
30,566,1.534042
30,567,1.534042
30,568,1.534042
30,569,1.534042
30,570,1.534042
30,571,1.534042
30,572,1.534042
30,573,1.534042
30,574,1.534042
30,575,1.534042
30,576,1.534042
30,577,1.534042
30,578,1.534042
30,579,1.534042
30,580,1.534042
30,581,1.534042
30,582,1.534042
30,583,1.534042
30,584,1.534042
30,585,1.534042
35,0,1.000000
35,1,1.000000
35,2,1.074788
35,3,1.074788
35,4,1.074788
35,5,1.074788
35,6,1.074788
35,7,1.074788
35,8,1.074788
35,9,1.074788
35,10,1.074788
35,11,0.993429
35,12,0.993429
35,13,0.993429
35,14,0.993429
35,15,0.993429
35,16,0.993429
35,17,0.993429
35,18,0.993429
35,19,0.993429
35,20,0.993429
35,21,0.993429
35,22,0.904621
35,23,0.904621
35,24,0.904621
35,25,0.904621
35,26,0.904621
35,27,0.904621
35,28,0.904621
35,29,0.904621
35,30,0.904621
35,31,0.904621
35,32,0.904621
35,33,0.904621
35,34,0.904621
35,35,0.894596
35,36,0.894596
35,37,0.835924
35,38,0.835924
35,39,0.835924
35,40,0.835924
35,41,0.835924
35,42,0.835924
35,43,0.835924
35,44,0.835924
35,45,0.852752
35,46,1.690086
35,47,1.690086
35,48,1.690086
35,49,1.726228
35,50,1.726228
35,51,1.726228
35,52,1.690878
35,53,1.690878
35,54,1.690878
35,55,1.690878
35,56,1.690878
35,57,1.690878
35,58,1.690878
35,59,1.690878
35,60,1.690878
35,61,1.690878
35,62,1.690878
35,63,1.690878
35,64,1.690878
35,65,1.690878
35,66,1.919336
35,67,1.919336
35,68,1.924099
35,69,1.863397
35,70,1.863397
35,71,1.863397
35,72,1.863397
35,73,1.863397
35,74,1.863397
35,75,1.863397
35,76,1.863397
35,77,1.863397
35,78,1.863397
35,79,1.863397
35,80,1.863397
35,81,1.863397
35,82,1.863397
35,83,1.863397
35,84,1.863397
35,85,1.863397
35,86,1.863397
35,87,1.863397
35,88,1.863397
35,89,1.863397
35,90,1.863397
35,91,1.863397
35,92,2.393417
35,93,2.393417
35,94,2.393417
35,95,2.393417
35,96,2.393417
35,97,2.393417
35,98,2.393417
35,99,2.393417
35,100,2.393417
35,101,2.135750
35,102,2.135750
35,103,2.135750
35,104,2.135750
35,105,2.135750
35,106,2.135750
35,107,2.135750
35,108,2.135750
35,109,2.135750
35,110,2.135750
35,111,2.135750
35,112,2.135750
35,113,2.195498
35,114,1.000000
35,115,1.000000
35,116,1.190485
35,117,1.190485
35,118,1.190485
35,119,1.190485
35,120,1.190485
35,121,1.190485
35,122,1.190485
35,123,1.190485
35,124,1.190485
35,125,1.190485
35,126,1.190485
35,127,1.190485
35,128,1.190485
35,129,1.190485
35,130,1.190485
35,131,1.190485
35,132,1.103182
35,133,1.001406
35,134,1.001406
35,135,1.001406
35,136,1.001406
35,137,1.001406
35,138,1.001406
35,139,1.001406
35,140,1.001406
35,141,1.001406
35,142,1.001406
35,143,1.001406
35,144,1.001406
35,145,1.001406
35,146,1.001406
35,147,1.259482
35,148,1.259482
35,149,1.259482
35,150,1.259482
35,151,1.259482
35,152,1.144474
35,153,1.144474
35,154,1.144474
35,155,1.144474
35,156,1.144474
35,157,1.144474
35,158,1.144474
35,159,1.144474
35,160,1.263374
35,161,1.263374
35,162,1.263374
35,163,1.263374
35,164,1.263374
35,165,1.263374
35,166,1.263374
35,167,1.263374
35,168,1.263374
35,169,1.101157
35,170,1.101157
35,171,1.101157
35,172,1.101157
35,173,1.101157
35,174,1.101157
35,175,1.174311
35,176,1.174311
35,177,1.903300
35,178,1.903300
35,179,1.243648
35,180,1.243648
35,181,1.243648
35,182,1.243648
35,183,1.243648
35,184,1.243648
35,185,1.243648
35,186,1.243648
35,187,1.243648
35,188,1.243648
35,189,1.243648
35,190,1.243648
35,191,1.243648
35,192,1.243648
35,193,1.243648
35,194,1.243648
35,195,1.243648
35,196,1.243648
35,197,1.243648
35,198,1.243648
35,199,1.243648
35,200,1.243648
35,201,1.243648
35,202,1.243648
35,203,1.243648
35,204,1.250089
35,205,1.192552
35,206,1.192552
35,207,1.192552
35,208,1.192552
35,209,1.192552
35,210,1.674828
35,211,1.000000
35,212,1.000000
35,213,1.000000
35,214,1.000000
35,215,1.000000
35,216,1.000000
35,217,1.000000
35,218,1.000000
35,219,1.000000
35,220,0.916263
35,221,0.916263
35,222,0.916263
35,223,0.916263
35,224,0.916263
35,225,0.916263
35,226,0.916263
35,227,0.916263
35,228,0.916263
35,229,0.916263
35,230,0.916263
35,231,0.852182
35,232,0.852182
35,233,0.852182
35,234,0.852182
35,235,0.852182
35,236,0.852182
35,237,1.081206
35,238,1.081206
35,239,0.962997
35,240,0.962997
35,241,0.759922
35,242,0.759922
35,243,0.759922
35,244,0.759922
35,245,0.759922
35,246,0.759922
35,247,0.759922
35,248,0.759922
35,249,0.759922
35,250,0.759922
35,251,0.759922
35,252,0.759922
35,253,0.759922
35,254,1.170280
35,255,1.110493
35,256,1.107574
35,257,1.107574
35,258,1.102911
35,259,1.102911
35,260,1.102911
35,261,1.102911
35,262,1.102911
35,263,1.102911
35,264,1.102911
35,265,1.102911
35,266,1.102911
35,267,1.102911
35,268,1.102911
35,269,1.102911
35,270,1.102911
35,271,1.102911
35,272,1.102911
35,273,0.964797
35,274,0.964797
35,275,0.964797
35,276,0.964797
35,277,0.964797
35,278,0.964797
35,279,0.764648
35,280,0.764648
35,281,1.267445
35,282,1.000000
35,283,1.212490
35,284,1.212490
35,285,1.212490
35,286,1.212490
35,287,1.070470
35,288,0.957966
35,289,0.845478
35,290,0.845478
35,291,0.845478
35,292,0.845478
35,293,1.149867
35,294,1.233648
35,295,1.233648
35,296,1.233648
35,297,1.233648
35,298,1.233648
35,299,1.233648
35,300,1.233648
35,301,1.233648
35,302,1.425676
35,303,1.425676
35,304,1.425676
35,305,1.500373
35,306,1.500373
35,307,1.500373
35,308,1.500373
35,309,1.500373
35,310,1.500373
35,311,1.573644
35,312,1.573644
35,313,1.573644
35,314,1.573644
35,315,1.573644
35,316,1.627400
35,317,1.627400
35,318,1.848673
35,319,1.848673
35,320,1.848673
35,321,1.848673
35,322,1.848673
35,323,1.848673
35,324,1.848673
35,325,1.848673
35,326,2.769855
35,327,2.769855
35,328,2.769855
35,329,3.890862
35,330,3.890862
35,331,5.496460
35,332,5.496460
35,333,5.496460
35,334,5.496460
35,335,5.496460
35,336,5.496460
35,337,5.496460
35,338,5.496460
35,339,5.496460
35,340,5.496460
35,341,5.187128
35,342,5.187128
35,343,5.187128
35,344,5.187128
35,345,5.187128
35,346,5.187128
35,347,5.187128
35,348,1.000000
35,349,1.000000
35,350,1.000000
35,351,1.000000
35,352,1.000000
35,353,1.000000
35,354,1.000000
35,355,1.000000
35,356,1.000000
35,357,1.000000
35,358,1.000000
35,359,1.000000
35,360,1.079874
35,361,1.361175
35,362,1.361175
35,363,1.361175
35,364,1.361175
35,365,1.361175
35,366,1.361175
35,367,1.361175
35,368,1.361175
35,369,1.361175
35,370,1.361175
35,371,1.361175
35,372,1.361175
35,373,1.361175
35,374,1.159268
35,375,1.159268
35,376,1.159268
35,377,1.159268
35,378,1.159268
35,379,1.429233
35,380,1.443858
35,381,1.443858
35,382,1.443858
35,383,1.443858
35,384,1.443858
35,385,1.443858
35,386,1.443858
35,387,1.443858
35,388,1.443858
35,389,1.443858
35,390,1.443858
35,391,1.443858
35,392,1.443858
35,393,1.443858
35,394,1.443858
35,395,1.443858
35,396,1.443858
35,397,1.443858
35,398,1.443858
35,399,1.443858
35,400,1.443858
35,401,1.443858
35,402,1.443858
35,403,1.443858
35,404,1.443858
35,405,1.443858
35,406,1.443858
35,407,1.443858
35,408,1.443858
35,409,1.443858
35,410,1.435752
35,411,1.435752
35,412,1.435752
35,413,1.435752
35,414,1.435752
35,415,1.435752
35,416,1.435752
35,417,1.546825
35,418,1.546825
35,419,1.546825
35,420,1.546825
35,421,1.546825
35,422,1.546825
35,423,1.546825
35,424,1.546825
35,425,1.546825
35,426,1.546825
35,427,1.666261
35,428,1.666261
35,429,1.666261
35,430,1.666261
35,431,1.666261
35,432,1.666261
35,433,1.666261
35,434,1.666261
35,435,1.666261
35,436,1.666261
35,437,1.666261
35,438,1.692382
35,439,1.000000
35,440,1.006709
35,441,1.006709
35,442,1.006709
35,443,1.006709
35,444,1.046463
35,445,1.046463
35,446,1.046463
35,447,1.027712
35,448,1.027712
35,449,1.027712
35,450,1.027712
35,451,1.027712
35,452,1.027712
35,453,1.008213
35,454,1.008213
35,455,1.008213
35,456,1.008213
35,457,1.008213
35,458,1.008213
35,459,1.008213
35,460,1.008213
35,461,1.008213
35,462,1.008213
35,463,1.008213
35,464,1.008213
35,465,1.008213
35,466,1.008213
35,467,1.008213
35,468,1.008213
35,469,1.187938
35,470,1.187938
35,471,1.187938
35,472,1.187938
35,473,1.187938
35,474,1.187938
35,475,1.187938
35,476,1.187938
35,477,1.187938
35,478,1.187938
35,479,1.187938
35,480,1.177927
35,481,1.134986
35,482,1.134986
35,483,1.134986
35,484,1.134986
35,485,1.134986
35,486,1.346907
35,487,1.346907
35,488,1.346907
35,489,1.346907
35,490,1.346907
35,491,1.346907
35,492,1.346907
35,493,1.346907
35,494,1.346907
35,495,1.346907
35,496,1.346907
35,497,1.346907
35,498,1.346907
35,499,1.346907
35,500,1.346907
35,501,1.346907
35,502,1.346907
35,503,1.346907
35,504,1.346907
35,505,1.346907
35,506,1.346907
35,507,1.346907
35,508,1.255151
35,509,1.235573
35,510,1.235573
35,511,1.235573
35,512,1.235573
35,513,1.235573
35,514,1.235573
35,515,1.235573
35,516,1.235573
35,517,1.235573
35,518,1.235573
35,519,1.235573
35,520,1.235573
35,521,1.235573
35,522,1.235573
35,523,1.235573
35,524,1.235573
35,525,1.235573
35,526,1.235573
35,527,1.534042
35,528,1.534042
35,529,1.534042
35,530,1.534042
35,531,1.534042
35,532,1.534042
35,533,1.534042
35,534,1.534042
35,535,1.534042
35,536,1.534042
35,537,1.534042
35,538,1.534042
35,539,1.534042
35,540,1.534042
35,541,1.534042
35,542,1.534042
35,543,1.534042
35,544,1.534042
35,545,1.534042
35,546,1.534042
35,547,1.534042
35,548,1.534042
35,549,1.534042
40,0,1.000000
40,1,1.000000
40,2,1.074788
40,3,1.074788
40,4,1.074788
40,5,1.074788
40,6,1.074788
40,7,1.074788
40,8,1.074788
40,9,1.074788
40,10,1.074788
40,11,0.993429
40,12,0.993429
40,13,0.993429
40,14,0.993429
40,15,0.993429
40,16,0.993429
40,17,0.993429
40,18,0.993429
40,19,0.993429
40,20,0.993429
40,21,0.993429
40,22,0.904621
40,23,0.904621
40,24,0.904621
40,25,0.904621
40,26,0.904621
40,27,0.904621
40,28,0.904621
40,29,0.904621
40,30,0.904621
40,31,0.904621
40,32,0.904621
40,33,0.904621
40,34,0.904621
40,35,0.894596
40,36,0.894596
40,37,0.835924
40,38,0.835924
40,39,0.835924
40,40,0.835924
40,41,0.835924
40,42,0.835924
40,43,0.835924
40,44,0.835924
40,45,0.835924
40,46,0.835924
40,47,0.835924
40,48,1.656734
40,49,1.656734
40,50,1.656734
40,51,1.692163
40,52,1.692163
40,53,1.692163
40,54,1.657511
40,55,1.657511
40,56,1.657511
40,57,1.657511
40,58,1.657511
40,59,1.657511
40,60,1.657511
40,61,1.657511
40,62,1.657511
40,63,1.657511
40,64,1.657511
40,65,1.657511
40,66,1.657511
40,67,1.657511
40,68,1.881461
40,69,1.881461
40,70,1.886129
40,71,1.826625
40,72,1.826625
40,73,1.826625
40,74,1.826625
40,75,1.826625
40,76,1.826625
40,77,1.826625
40,78,1.826625
40,79,1.826625
40,80,1.826625
40,81,1.826625
40,82,1.826625
40,83,1.826625
40,84,1.826625
40,85,1.826625
40,86,1.826625
40,87,1.826625
40,88,1.826625
40,89,1.826625
40,90,1.826625
40,91,1.826625
40,92,1.826625
40,93,1.826625
40,94,1.826625
40,95,1.826625
40,96,2.278617
40,97,2.278617
40,98,2.278617
40,99,2.278617
40,100,2.278617
40,101,2.278617
40,102,2.278617
40,103,2.278617
40,104,2.278617
40,105,2.033309
40,106,2.033309
40,107,2.033309
40,108,2.033309
40,109,2.033309
40,110,2.033309
40,111,2.033309
40,112,2.033309
40,113,2.033309
40,114,2.033309
40,115,2.033309
40,116,2.033309
40,117,2.090192
40,118,1.000000
40,119,1.000000
40,120,1.190485
40,121,1.190485
40,122,1.190485
40,123,1.190485
40,124,1.190485
40,125,1.190485
40,126,1.190485
40,127,1.190485
40,128,1.190485
40,129,1.190485
40,130,1.190485
40,131,1.190485
40,132,1.190485
40,133,1.190485
40,134,1.190485
40,135,1.190485
40,136,1.103182
40,137,1.001406
40,138,1.001406
40,139,1.001406
40,140,1.001406
40,141,1.001406
40,142,1.001406
40,143,1.001406
40,144,1.001406
40,145,1.001406
40,146,1.001406
40,147,1.001406
40,148,1.001406
40,149,1.001406
40,150,1.001406
40,151,1.259482
40,152,1.259482
40,153,1.259482
40,154,1.259482
40,155,1.259482
40,156,1.144474
40,157,1.144474
40,158,1.144474
40,159,1.144474
40,160,1.144474
40,161,1.144474
40,162,1.144474
40,163,1.144474
40,164,1.263374
40,165,1.263374
40,166,1.263374
40,167,1.263374
40,168,1.263374
40,169,1.263374
40,170,1.263374
40,171,1.263374
40,172,1.263374
40,173,1.153685
40,174,1.153685
40,175,1.153685
40,176,1.153685
40,177,1.153685
40,178,1.153685
40,179,1.153685
40,180,1.153685
40,181,1.153685
40,182,1.153685
40,183,1.153685
40,184,1.153685
40,185,1.153685
40,186,1.153685
40,187,1.153685
40,188,1.153685
40,189,1.153685
40,190,1.230328
40,191,1.230328
40,192,1.994092
40,193,1.994092
40,194,1.302973
40,195,1.302973
40,196,1.302973
40,197,1.302973
40,198,1.302973
40,199,1.302973
40,200,1.302973
40,201,1.302973
40,202,1.302973
40,203,1.302973
40,204,1.302973
40,205,1.302973
40,206,1.302973
40,207,1.302973
40,208,1.302973
40,209,1.302973
40,210,1.302973
40,211,1.302973
40,212,1.302973
40,213,1.302973
40,214,1.302973
40,215,1.302973
40,216,1.302973
40,217,1.302973
40,218,1.302973
40,219,1.309721
40,220,1.249440
40,221,1.249440
40,222,1.249440
40,223,1.249440
40,224,1.249440
40,225,1.754722
40,226,1.000000
40,227,1.000000
40,228,1.000000
40,229,1.000000
40,230,1.000000
40,231,1.000000
40,232,1.000000
40,233,1.000000
40,234,1.000000
40,235,0.916263
40,236,0.916263
40,237,0.916263
40,238,0.916263
40,239,0.916263
40,240,0.916263
40,241,0.916263
40,242,0.916263
40,243,0.916263
40,244,0.916263
40,245,0.916263
40,246,0.852182
40,247,0.852182
40,248,0.852182
40,249,0.852182
40,250,0.852182
40,251,0.852182
40,252,1.081206
40,253,1.081206
40,254,0.962997
40,255,0.962997
40,256,0.759922
40,257,0.759922
40,258,0.759922
40,259,0.759922
40,260,0.759922
40,261,0.759922
40,262,0.759922
40,263,0.759922
40,264,0.759922
40,265,0.759922
40,266,0.759922
40,267,0.759922
40,268,0.759922
40,269,1.170280
40,270,1.110493
40,271,1.107574
40,272,1.107574
40,273,1.102911
40,274,1.102911
40,275,1.102911
40,276,1.102911
40,277,1.102911
40,278,1.102911
40,279,1.102911
40,280,1.102911
40,281,1.102911
40,282,1.102911
40,283,1.102911
40,284,1.102911
40,285,1.558906
40,286,1.558906
40,287,1.558906
40,288,1.558906
40,289,1.558906
40,290,1.558906
40,291,1.558906
40,292,1.558906
40,293,1.558906
40,294,1.558906
40,295,1.558906
40,296,1.558906
40,297,1.558906
40,298,1.558906
40,299,1.558906
40,300,1.558906
40,301,1.558906
40,302,1.558906
40,303,1.558906
40,304,1.558906
40,305,1.558906
40,306,1.484236
40,307,1.484236
40,308,2.460200
40,309,1.000000
40,310,1.212490
40,311,1.212490
40,312,1.212490
40,313,1.212490
40,314,1.070470
40,315,0.957966
40,316,0.845478
40,317,0.845478
40,318,0.845478
40,319,0.845478
40,320,1.149867
40,321,1.149867
40,322,1.149867
40,323,1.199146
40,324,1.199146
40,325,1.199146
40,326,1.199146
40,327,1.199146
40,328,1.199146
40,329,1.199146
40,330,1.199146
40,331,1.199146
40,332,1.374099
40,333,1.374099
40,334,1.374099
40,335,1.446094
40,336,1.446094
40,337,1.446094
40,338,1.446094
40,339,1.446094
40,340,1.446094
40,341,1.516714
40,342,1.516714
40,343,1.516714
40,344,1.516714
40,345,1.516714
40,346,1.568525
40,347,1.568525
40,348,1.568525
40,349,1.568525
40,350,1.568525
40,351,1.568525
40,352,1.489476
40,353,1.489476
40,354,1.489476
40,355,1.489476
40,356,1.489476
40,357,1.489476
40,358,1.489476
40,359,1.489476
40,360,2.186582
40,361,1.869640
40,362,1.869640
40,363,1.869640
40,364,2.626314
40,365,2.626314
40,366,3.710085
40,367,3.710085
40,368,3.710085
40,369,3.710085
40,370,3.710085
40,371,3.710085
40,372,3.710085
40,373,3.710085
40,374,3.710085
40,375,3.710085
40,376,3.501287
40,377,3.501287
40,378,3.501287
40,379,3.266842
40,380,1.000000
40,381,1.000000
40,382,1.000000
40,383,1.000000
40,384,1.000000
40,385,1.000000
40,386,1.000000
40,387,1.000000
40,388,1.000000
40,389,1.000000
40,390,1.000000
40,391,1.000000
40,392,1.079874
40,393,1.361175
40,394,1.361175
40,395,1.361175
40,396,1.361175
40,397,1.361175
40,398,1.361175
40,399,1.361175
40,400,1.361175
40,401,1.361175
40,402,1.361175
40,403,1.361175
40,404,1.361175
40,405,1.361175
40,406,1.159268
40,407,1.159268
40,408,1.159268
40,409,1.159268
40,410,1.159268
40,411,1.429233
40,412,1.443858
40,413,1.443858
40,414,1.443858
40,415,1.443858
40,416,1.443858
40,417,1.443858
40,418,1.443858
40,419,1.443858
40,420,1.443858
40,421,1.443858
40,422,1.443858
40,423,1.443858
40,424,1.443858
40,425,1.443858
40,426,1.443858
40,427,1.443858
40,428,1.443858
40,429,1.443858
40,430,1.443858
40,431,1.443858
40,432,1.443858
40,433,1.443858
40,434,1.443858
40,435,1.443858
40,436,1.443858
40,437,1.443858
40,438,1.443858
40,439,1.443858
40,440,1.443858
40,441,1.443858
40,442,1.435752
40,443,1.435752
40,444,1.435752
40,445,1.435752
40,446,1.435752
40,447,1.435752
40,448,1.435752
40,449,1.546825
40,450,1.546825
40,451,1.546825
40,452,1.546825
40,453,1.546825
40,454,1.546825
40,455,1.546825
40,456,1.546825
40,457,1.546825
40,458,1.546825
40,459,1.666261
40,460,1.666261
40,461,1.666261
40,462,1.666261
40,463,1.666261
40,464,1.666261
40,465,1.666261
40,466,1.666261
40,467,1.666261
40,468,1.666261
40,469,1.666261
40,470,1.692382
40,471,1.000000
40,472,1.006709
40,473,1.006709
40,474,1.006709
40,475,1.006709
40,476,1.046463
40,477,1.046463
40,478,1.046463
40,479,1.027712
40,480,1.027712
40,481,1.027712
40,482,1.027712
40,483,1.027712
40,484,1.027712
40,485,1.008213
40,486,1.008213
40,487,1.008213
40,488,1.008213
40,489,1.008213
40,490,1.008213
40,491,1.008213
40,492,1.008213
40,493,1.008213
40,494,1.008213
40,495,1.008213
40,496,1.008213
40,497,1.008213
40,498,1.008213
40,499,1.008213
40,500,1.008213
40,501,1.187938
40,502,1.187938
40,503,1.187938
40,504,1.187938
40,505,1.187938
40,506,1.187938
40,507,1.187938
40,508,1.187938
40,509,1.187938
40,510,1.187938
40,511,1.187938
40,512,1.177927
40,513,1.134986
40,514,1.134986
40,515,1.134986
40,516,1.134986
40,517,1.134986
40,518,1.346907
40,519,1.346907
40,520,1.346907
40,521,1.346907
40,522,1.346907
40,523,1.346907
40,524,1.346907
40,525,1.346907
40,526,1.346907
40,527,1.346907
40,528,1.346907
40,529,1.346907
40,530,1.346907
40,531,1.346907
40,532,1.346907
40,533,1.346907
40,534,1.346907
40,535,1.346907
40,536,1.346907
40,537,1.346907
40,538,1.346907
40,539,1.346907
40,540,1.255151
40,541,1.235573
40,542,1.235573
40,543,1.235573
40,544,1.235573
40,545,1.235573
40,546,1.235573
40,547,1.235573
40,548,1.235573
40,549,1.235573
40,550,1.235573
40,551,1.235573
40,552,1.235573
40,553,1.235573
40,554,1.235573
40,555,1.235573
40,556,1.235573
40,557,1.235573
40,558,1.235573
40,559,1.534042
40,560,1.534042
40,561,1.534042
40,562,1.534042
40,563,1.534042
40,564,1.534042
40,565,1.534042
40,566,1.534042
40,567,1.534042
40,568,1.534042
40,569,1.534042
40,570,1.534042
40,571,1.534042
40,572,1.534042
40,573,1.534042
40,574,1.534042
40,575,1.534042
40,576,1.534042
40,577,1.534042
40,578,1.534042
40,579,1.534042
40,580,1.534042
40,581,1.534042
45,0,1.000000
45,1,1.000000
45,2,1.074788
45,3,1.074788
45,4,1.074788
45,5,1.074788
45,6,1.074788
45,7,1.074788
45,8,1.074788
45,9,1.074788
45,10,1.074788
45,11,0.993429
45,12,0.993429
45,13,0.993429
45,14,0.993429
45,15,0.993429
45,16,0.993429
45,17,0.993429
45,18,0.993429
45,19,0.993429
45,20,0.993429
45,21,0.993429
45,22,0.904621
45,23,0.904621
45,24,0.904621
45,25,0.904621
45,26,0.904621
45,27,0.904621
45,28,0.904621
45,29,0.904621
45,30,0.904621
45,31,0.904621
45,32,0.904621
45,33,0.904621
45,34,0.904621
45,35,0.894596
45,36,0.894596
45,37,0.835924
45,38,0.835924
45,39,0.835924
45,40,0.835924
45,41,0.835924
45,42,0.835924
45,43,0.835924
45,44,0.835924
45,45,0.835924
45,46,0.835924
45,47,0.835924
45,48,1.656734
45,49,1.656734
45,50,1.656734
45,51,1.692163
45,52,1.692163
45,53,1.692163
45,54,1.657511
45,55,1.657511
45,56,1.657511
45,57,1.657511
45,58,1.657511
45,59,1.657511
45,60,1.657511
45,61,1.657511
45,62,1.657511
45,63,1.657511
45,64,1.657511
45,65,1.657511
45,66,1.657511
45,67,1.657511
45,68,1.881461
45,69,1.881461
45,70,1.881461
45,71,1.881461
45,72,1.881461
45,73,1.881461
45,74,1.881461
45,75,2.469499
45,76,2.469499
45,77,2.469499
45,78,2.469499
45,79,2.469499
45,80,2.469499
45,81,2.469499
45,82,2.469499
45,83,2.469499
45,84,2.469499
45,85,2.469499
45,86,2.469499
45,87,2.469499
45,88,2.469499
45,89,2.254159
45,90,2.254159
45,91,2.254159
45,92,2.254159
45,93,2.254159
45,94,2.254159
45,95,2.254159
45,96,2.254159
45,97,2.254159
45,98,2.254159
45,99,2.254159
45,100,2.254159
45,101,2.317220
45,102,1.000000
45,103,1.000000
45,104,1.190485
45,105,1.190485
45,106,1.190485
45,107,1.190485
45,108,1.190485
45,109,1.190485
45,110,1.190485
45,111,1.190485
45,112,1.190485
45,113,1.190485
45,114,1.190485
45,115,1.190485
45,116,1.190485
45,117,1.190485
45,118,1.190485
45,119,1.190485
45,120,1.103182
45,121,1.103182
45,122,1.103182
45,123,1.103182
45,124,1.103182
45,125,1.103182
45,126,1.103182
45,127,1.103182
45,128,1.103182
45,129,1.103182
45,130,1.103182
45,131,1.103182
45,132,1.103182
45,133,1.103182
45,134,1.103182
45,135,1.103182
45,136,1.103182
45,137,1.103182
45,138,1.103182
45,139,1.103182
45,140,1.387487
45,141,1.387487
45,142,1.387487
45,143,1.387487
45,144,1.387487
45,145,1.387487
45,146,1.387487
45,147,1.387487
45,148,1.387487
45,149,1.387487
45,150,1.387487
45,151,1.387487
45,152,1.387487
45,153,1.387487
45,154,1.387487
45,155,1.387487
45,156,1.531632
45,157,1.531632
45,158,1.531632
45,159,1.531632
45,160,1.531632
45,161,1.531632
45,162,1.531632
45,163,1.531632
45,164,1.531632
45,165,1.398653
45,166,1.398653
45,167,1.398653
45,168,1.398653
45,169,1.398653
45,170,1.398653
45,171,1.398653
45,172,1.398653
45,173,1.398653
45,174,1.398653
45,175,1.398653
45,176,1.398653
45,177,1.398653
45,178,1.398653
45,179,1.398653
45,180,1.398653
45,181,1.398653
45,182,1.491570
45,183,1.491570
45,184,2.417507
45,185,2.417507
45,186,1.579640
45,187,1.579640
45,188,1.579640
45,189,1.579640
45,190,1.579640
45,191,1.579640
45,192,1.579640
45,193,1.579640
45,194,1.579640
45,195,1.579640
45,196,1.579640
45,197,1.579640
45,198,1.579640
45,199,1.579640
45,200,1.579640
45,201,1.579640
45,202,1.579640
45,203,1.579640
45,204,1.579640
45,205,1.579640
45,206,1.579640
45,207,1.579640
45,208,1.579640
45,209,1.579640
45,210,1.579640
45,211,1.587821
45,212,1.514740
45,213,1.514740
45,214,1.514740
45,215,1.514740
45,216,1.514740
45,217,2.127311
45,218,1.000000
45,219,1.000000
45,220,1.000000
45,221,1.000000
45,222,1.000000
45,223,1.000000
45,224,1.000000
45,225,1.000000
45,226,1.000000
45,227,0.916263
45,228,0.916263
45,229,0.916263
45,230,0.916263
45,231,0.916263
45,232,0.916263
45,233,0.916263
45,234,0.916263
45,235,0.916263
45,236,0.916263
45,237,0.916263
45,238,0.852182
45,239,0.852182
45,240,0.852182
45,241,0.852182
45,242,0.852182
45,243,0.852182
45,244,1.081206
45,245,1.081206
45,246,0.962997
45,247,0.962997
45,248,0.759922
45,249,0.759922
45,250,0.759922
45,251,0.759922
45,252,0.759922
45,253,0.759922
45,254,0.759922
45,255,0.759922
45,256,0.759922
45,257,0.759922
45,258,0.759922
45,259,0.759922
45,260,0.759922
45,261,1.170280
45,262,1.110493
45,263,1.107574
45,264,1.107574
45,265,1.102911
45,266,1.102911
45,267,1.102911
45,268,1.102911
45,269,1.102911
45,270,1.102911
45,271,1.102911
45,272,1.102911
45,273,1.102911
45,274,1.102911
45,275,1.102911
45,276,1.102911
45,277,1.558906
45,278,1.558906
45,279,1.558906
45,280,1.558906
45,281,1.558906
45,282,1.558906
45,283,1.558906
45,284,1.558906
45,285,1.558906
45,286,1.558906
45,287,1.558906
45,288,1.558906
45,289,1.558906
45,290,1.558906
45,291,1.558906
45,292,1.558906
45,293,1.558906
45,294,1.558906
45,295,1.558906
45,296,1.558906
45,297,1.537198
45,298,1.537198
45,299,2.547988
45,300,1.000000
45,301,1.212490
45,302,1.212490
45,303,1.212490
45,304,1.212490
45,305,1.070470
45,306,0.957966
45,307,0.845478
45,308,0.845478
45,309,0.845478
45,310,0.845478
45,311,1.149867
45,312,1.149867
45,313,1.149867
45,314,1.149867
45,315,1.149867
45,316,1.149867
45,317,1.149867
45,318,1.149867
45,319,1.149867
45,320,1.149867
45,321,1.149867
45,322,1.149867
45,323,1.149867
45,324,1.149867
45,325,1.149867
45,326,1.149867
45,327,1.149867
45,328,1.149867
45,329,1.149867
45,330,1.149867
45,331,1.149867
45,332,1.149867
45,333,1.149867
45,334,1.149867
45,335,1.149867
45,336,1.149867
45,337,1.149867
45,338,1.149867
45,339,1.149867
45,340,1.149867
45,341,1.149867
45,342,1.200080
45,343,1.200080
45,344,1.200080
45,345,1.262957
45,346,1.262957
45,347,1.262957
45,348,1.262957
45,349,1.262957
45,350,1.262957
45,351,1.324634
45,352,1.324634
45,353,1.324634
45,354,1.324634
45,355,1.324634
45,356,1.369883
45,357,1.369883
45,358,1.369883
45,359,1.369883
45,360,1.369883
45,361,1.369883
45,362,1.300845
45,363,1.300845
45,364,1.300845
45,365,1.300845
45,366,1.300845
45,367,1.300845
45,368,1.300845
45,369,1.300845
45,370,1.909668
45,371,1.632864
45,372,1.632864
45,373,1.632864
45,374,2.293711
45,375,2.293711
45,376,3.240230
45,377,3.240230
45,378,3.240230
45,379,3.240230
45,380,3.240230
45,381,3.240230
45,382,3.240230
45,383,3.240230
45,384,3.240230
45,385,3.240230
45,386,3.057875
45,387,3.057875
45,388,3.057875
45,389,2.853121
45,390,1.000000
45,391,1.000000
45,392,1.000000
45,393,1.000000
45,394,1.000000
45,395,1.000000
45,396,1.000000
45,397,1.000000
45,398,1.000000
45,399,1.000000
45,400,1.000000
45,401,1.000000
45,402,1.079874
45,403,1.361175
45,404,1.361175
45,405,1.361175
45,406,1.361175
45,407,1.361175
45,408,1.361175
45,409,1.361175
45,410,1.361175
45,411,1.361175
45,412,1.361175
45,413,1.361175
45,414,1.361175
45,415,1.361175
45,416,1.159268
45,417,1.159268
45,418,1.159268
45,419,1.159268
45,420,1.159268
45,421,1.429233
45,422,1.443858
45,423,1.443858
45,424,1.443858
45,425,1.443858
45,426,1.443858
45,427,1.443858
45,428,1.443858
45,429,1.443858
45,430,1.443858
45,431,1.443858
45,432,1.443858
45,433,1.443858
45,434,1.443858
45,435,1.443858
45,436,1.443858
45,437,1.443858
45,438,1.443858
45,439,1.443858
45,440,1.443858
45,441,1.443858
45,442,1.443858
45,443,1.443858
45,444,1.443858
45,445,1.443858
45,446,1.443858
45,447,1.443858
45,448,1.443858
45,449,1.443858
45,450,1.443858
45,451,1.443858
45,452,1.435752
45,453,1.435752
45,454,1.435752
45,455,1.435752
45,456,1.435752
45,457,1.435752
45,458,1.435752
45,459,1.546825
45,460,1.546825
45,461,1.546825
45,462,1.546825
45,463,1.546825
45,464,1.546825
45,465,1.546825
45,466,1.546825
45,467,1.546825
45,468,1.546825
45,469,1.666261
45,470,1.666261
45,471,1.666261
45,472,1.666261
45,473,1.666261
45,474,1.666261
45,475,1.666261
45,476,1.666261
45,477,1.666261
45,478,1.666261
45,479,1.666261
45,480,1.692382
45,481,1.000000
45,482,1.006709
45,483,1.006709
45,484,1.006709
45,485,1.006709
45,486,1.046463
45,487,1.046463
45,488,1.046463
45,489,1.027712
45,490,1.027712
45,491,1.027712
45,492,1.027712
45,493,1.027712
45,494,1.027712
45,495,1.008213
45,496,0.947353
45,497,0.947353
45,498,0.947353
45,499,0.832976
45,500,0.832976
45,501,0.832976
45,502,0.832976
45,503,0.832976
45,504,0.832976
45,505,0.832976
45,506,0.832976
45,507,0.832976
45,508,0.832976
45,509,0.832976
45,510,0.768981
45,511,0.768981
45,512,0.768981
45,513,0.768981
45,514,0.768981
45,515,0.912563
45,516,0.912563
45,517,0.912563
45,518,0.912563
45,519,0.912563
45,520,0.912563
45,521,0.912563
45,522,0.912563
45,523,0.912563
45,524,0.912563
45,525,0.912563
45,526,0.912563
45,527,0.912563
45,528,0.912563
45,529,0.912563
45,530,0.912563
45,531,0.912563
45,532,0.912563
45,533,0.912563
45,534,0.912563
45,535,0.912563
45,536,0.912563
45,537,0.850395
45,538,0.837131
45,539,0.837131
45,540,0.837131
45,541,0.837131
45,542,0.837131
45,543,0.837131
45,544,0.837131
45,545,0.837131
45,546,0.837131
45,547,0.837131
45,548,0.837131
45,549,0.837131
45,550,0.837131
45,551,0.837131
45,552,0.837131
45,553,0.837131
45,554,0.837131
45,555,0.837131
45,556,1.039352
45,557,1.039352
45,558,1.039352
45,559,1.039352
45,560,1.039352
45,561,1.039352
45,562,1.039352
45,563,1.039352
45,564,1.039352
45,565,1.039352
45,566,1.039352
45,567,1.039352
45,568,1.039352
45,569,1.039352
45,570,1.039352
45,571,1.039352
45,572,1.039352
45,573,1.039352
45,574,1.039352
45,575,1.039352
45,576,1.039352
45,577,1.039352
45,578,1.039352
50,0,1.000000
50,1,1.000000
50,2,1.074788
50,3,1.074788
50,4,1.074788
50,5,1.074788
50,6,1.074788
50,7,1.074788
50,8,1.074788
50,9,1.074788
50,10,1.074788
50,11,0.993429
50,12,0.993429
50,13,0.993429
50,14,0.993429
50,15,0.993429
50,16,0.993429
50,17,0.993429
50,18,0.993429
50,19,0.993429
50,20,0.993429
50,21,0.993429
50,22,0.904621
50,23,0.904621
50,24,0.904621
50,25,0.904621
50,26,0.904621
50,27,0.904621
50,28,0.904621
50,29,0.904621
50,30,0.904621
50,31,0.904621
50,32,0.904621
50,33,0.904621
50,34,0.904621
50,35,0.894596
50,36,0.894596
50,37,0.835924
50,38,0.835924
50,39,0.835924
50,40,0.835924
50,41,0.835924
50,42,0.835924
50,43,0.835924
50,44,0.835924
50,45,0.835924
50,46,0.835924
50,47,0.835924
50,48,1.656734
50,49,1.656734
50,50,1.656734
50,51,1.692163
50,52,1.692163
50,53,1.692163
50,54,1.657511
50,55,1.657511
50,56,1.657511
50,57,1.657511
50,58,1.657511
50,59,1.657511
50,60,1.657511
50,61,1.657511
50,62,1.657511
50,63,1.657511
50,64,1.657511
50,65,1.657511
50,66,1.657511
50,67,1.657511
50,68,1.881461
50,69,1.881461
50,70,1.881461
50,71,1.881461
50,72,1.881461
50,73,1.881461
50,74,1.881461
50,75,1.881461
50,76,1.964184
50,77,1.964184
50,78,1.964184
50,79,1.964184
50,80,2.554550
50,81,2.554550
50,82,2.554550
50,83,2.554550
50,84,2.554550
50,85,2.554550
50,86,2.554550
50,87,2.554550
50,88,2.554550
50,89,2.554550
50,90,2.554550
50,91,2.554550
50,92,2.554550
50,93,2.554550
50,94,2.331794
50,95,2.826147
50,96,1.000000
50,97,1.000000
50,98,1.190485
50,99,1.190485
50,100,1.190485
50,101,1.190485
50,102,1.190485
50,103,1.190485
50,104,1.190485
50,105,1.190485
50,106,1.190485
50,107,1.190485
50,108,1.190485
50,109,1.190485
50,110,1.190485
50,111,1.190485
50,112,1.190485
50,113,1.190485
50,114,1.103182
50,115,1.103182
50,116,1.103182
50,117,1.103182
50,118,1.103182
50,119,1.103182
50,120,1.103182
50,121,1.103182
50,122,1.103182
50,123,1.103182
50,124,1.103182
50,125,1.103182
50,126,1.103182
50,127,1.103182
50,128,1.103182
50,129,1.103182
50,130,1.103182
50,131,1.103182
50,132,1.103182
50,133,1.103182
50,134,1.387487
50,135,1.387487
50,136,1.387487
50,137,1.387487
50,138,1.387487
50,139,1.387487
50,140,1.387487
50,141,1.387487
50,142,1.387487
50,143,1.387487
50,144,1.387487
50,145,1.387487
50,146,1.387487
50,147,1.387487
50,148,1.387487
50,149,1.387487
50,150,1.531632
50,151,1.531632
50,152,1.531632
50,153,1.531632
50,154,1.531632
50,155,1.531632
50,156,1.531632
50,157,1.531632
50,158,1.531632
50,159,1.398653
50,160,1.398653
50,161,1.398653
50,162,1.398653
50,163,1.398653
50,164,1.398653
50,165,1.398653
50,166,1.398653
50,167,1.398653
50,168,1.398653
50,169,1.398653
50,170,1.398653
50,171,1.398653
50,172,1.398653
50,173,1.398653
50,174,1.398653
50,175,1.398653
50,176,1.491570
50,177,1.491570
50,178,2.417507
50,179,2.417507
50,180,1.579640
50,181,1.579640
50,182,1.579640
50,183,1.579640
50,184,1.579640
50,185,1.579640
50,186,1.579640
50,187,1.579640
50,188,1.579640
50,189,1.579640
50,190,1.579640
50,191,1.579640
50,192,1.579640
50,193,1.579640
50,194,1.579640
50,195,1.579640
50,196,1.579640
50,197,1.579640
50,198,1.579640
50,199,1.579640
50,200,1.579640
50,201,1.579640
50,202,1.579640
50,203,1.579640
50,204,1.579640
50,205,1.587821
50,206,1.514740
50,207,1.514740
50,208,1.514740
50,209,1.514740
50,210,1.514740
50,211,2.127311
50,212,1.000000
50,213,1.000000
50,214,1.000000
50,215,1.000000
50,216,1.000000
50,217,1.000000
50,218,1.000000
50,219,1.000000
50,220,1.000000
50,221,0.916263
50,222,0.916263
50,223,0.916263
50,224,0.916263
50,225,0.916263
50,226,0.916263
50,227,0.916263
50,228,0.916263
50,229,0.916263
50,230,0.916263
50,231,0.916263
50,232,0.852182
50,233,0.852182
50,234,0.852182
50,235,0.852182
50,236,0.852182
50,237,0.852182
50,238,1.081206
50,239,1.081206
50,240,0.962997
50,241,0.962997
50,242,0.759922
50,243,0.759922
50,244,0.759922
50,245,0.759922
50,246,0.759922
50,247,0.759922
50,248,0.759922
50,249,0.759922
50,250,0.759922
50,251,0.759922
50,252,0.759922
50,253,0.759922
50,254,0.759922
50,255,1.170280
50,256,1.170280
50,257,1.170280
50,258,1.170280
50,259,1.170280
50,260,1.170280
50,261,1.170280
50,262,1.139453
50,263,1.009047
50,264,1.137204
50,265,1.137204
50,266,1.137204
50,267,1.137204
50,268,1.137204
50,269,1.137204
50,270,1.137204
50,271,1.137204
50,272,1.137204
50,273,1.137204
50,274,1.137204
50,275,1.137204
50,276,1.137204
50,277,0.994795
50,278,0.994795
50,279,0.994795
50,280,0.994795
50,281,0.994795
50,282,0.994795
50,283,0.994795
50,284,0.994795
50,285,0.994795
50,286,0.994795
50,287,0.994795
50,288,0.994795
50,289,0.994795
50,290,0.994795
50,291,0.994795
50,292,0.994795
50,293,0.994795
50,294,0.994795
50,295,0.994795
50,296,0.994795
50,297,0.994795
50,298,0.980943
50,299,0.980943
50,300,1.625964
50,301,1.000000
50,302,1.212490
50,303,1.212490
50,304,1.212490
50,305,1.212490
50,306,1.070470
50,307,0.957966
50,308,0.845478
50,309,0.845478
50,310,0.845478
50,311,0.845478
50,312,1.149867
50,313,1.149867
50,314,1.149867
50,315,1.149867
50,316,1.149867
50,317,1.149867
50,318,1.149867
50,319,1.149867
50,320,1.149867
50,321,1.149867
50,322,1.149867
50,323,1.149867
50,324,1.149867
50,325,1.149867
50,326,1.149867
50,327,1.149867
50,328,1.149867
50,329,1.149867
50,330,1.149867
50,331,1.149867
50,332,1.149867
50,333,1.149867
50,334,1.149867
50,335,1.149867
50,336,1.149867
50,337,1.149867
50,338,1.149867
50,339,1.149867
50,340,1.149867
50,341,1.149867
50,342,1.149867
50,343,1.200080
50,344,1.200080
50,345,1.200080
50,346,1.262957
50,347,1.262957
50,348,1.262957
50,349,1.262957
50,350,1.262957
50,351,1.262957
50,352,1.324634
50,353,1.324634
50,354,1.324634
50,355,1.324634
50,356,1.324634
50,357,1.369883
50,358,1.369883
50,359,1.369883
50,360,1.369883
50,361,1.369883
50,362,1.369883
50,363,1.300845
50,364,1.300845
50,365,1.300845
50,366,1.300845
50,367,1.300845
50,368,1.300845
50,369,1.300845
50,370,1.300845
50,371,1.909668
50,372,1.632864
50,373,1.632864
50,374,1.632864
50,375,2.293711
50,376,2.293711
50,377,3.240230
50,378,3.240230
50,379,3.240230
50,380,3.240230
50,381,3.240230
50,382,3.240230
50,383,3.240230
50,384,3.240230
50,385,3.240230
50,386,3.240230
50,387,3.057875
50,388,3.057875
50,389,3.057875
50,390,2.853121
50,391,1.000000
50,392,1.000000
50,393,1.000000
50,394,1.000000
50,395,1.000000
50,396,1.000000
50,397,1.000000
50,398,1.000000
50,399,1.000000
50,400,1.000000
50,401,1.000000
50,402,1.000000
50,403,1.079874
50,404,1.361175
50,405,1.361175
50,406,1.361175
50,407,1.361175
50,408,1.361175
50,409,1.361175
50,410,1.361175
50,411,1.361175
50,412,1.361175
50,413,1.361175
50,414,1.361175
50,415,1.361175
50,416,1.361175
50,417,1.159268
50,418,1.159268
50,419,1.159268
50,420,1.159268
50,421,1.159268
50,422,1.429233
50,423,1.429233
50,424,1.429233
50,425,1.429233
50,426,1.429233
50,427,1.429233
50,428,1.403803
50,429,1.403803
50,430,1.403803
50,431,1.403803
50,432,1.403803
50,433,1.403803
50,434,1.403803
50,435,1.403803
50,436,1.403803
50,437,1.403803
50,438,1.403803
50,439,1.403803
50,440,1.403803
50,441,1.403803
50,442,1.403803
50,443,1.403803
50,444,1.403803
50,445,1.403803
50,446,1.403803
50,447,1.403803
50,448,1.403803
50,449,1.403803
50,450,1.403803
50,451,1.403803
50,452,1.403803
50,453,1.403803
50,454,1.403803
50,455,1.403803
50,456,1.403803
50,457,1.403803
50,458,1.395923
50,459,1.395923
50,460,1.395923
50,461,1.395923
50,462,1.395923
50,463,1.395923
50,464,1.395923
50,465,1.503914
50,466,1.503914
50,467,1.503914
50,468,1.503914
50,469,1.503914
50,470,1.503914
50,471,1.503914
50,472,1.503914
50,473,1.503914
50,474,1.503914
50,475,1.620037
50,476,1.620037
50,477,1.620037
50,478,1.620037
50,479,1.620037
50,480,1.620037
50,481,1.620037
50,482,1.620037
50,483,1.620037
50,484,1.620037
50,485,1.620037
50,486,1.645433
50,487,1.000000
50,488,1.006709
50,489,1.006709
50,490,1.006709
50,491,1.006709
50,492,1.046463
50,493,1.046463
50,494,1.046463
50,495,1.027712
50,496,1.027712
50,497,1.027712
50,498,1.027712
50,499,1.027712
50,500,1.027712
50,501,1.008213
50,502,0.947353
50,503,0.947353
50,504,0.947353
50,505,0.947353
50,506,0.947353
50,507,0.947353
50,508,0.947353
50,509,0.947353
50,510,0.947353
50,511,0.947353
50,512,0.947353
50,513,0.947353
50,514,0.947353
50,515,0.947353
50,516,0.947353
50,517,0.947353
50,518,0.947353
50,519,0.947353
50,520,0.874572
50,521,0.874572
50,522,0.874572
50,523,0.874572
50,524,0.874572
50,525,1.037869
50,526,1.037869
50,527,1.037869
50,528,1.037869
50,529,1.037869
50,530,1.037869
50,531,1.037869
50,532,1.037869
50,533,1.037869
50,534,1.037869
50,535,1.037869
50,536,1.037869
50,537,1.037869
50,538,1.037869
50,539,1.037869
50,540,1.037869
50,541,1.037869
50,542,1.037869
50,543,1.037869
50,544,1.037869
50,545,1.037869
50,546,1.037869
50,547,0.967165
50,548,0.952080
50,549,0.952080
50,550,0.952080
50,551,0.952080
50,552,0.952080
50,553,0.952080
50,554,0.952080
50,555,0.952080
50,556,0.952080
50,557,0.952080
50,558,0.952080
50,559,0.952080
50,560,0.952080
50,561,0.952080
50,562,0.952080
50,563,0.952080
50,564,0.952080
50,565,0.952080
50,566,1.182067
50,567,1.182067
50,568,1.182067
50,569,1.182067
50,570,1.182067
50,571,1.182067
50,572,1.182067
50,573,1.182067
50,574,1.182067
50,575,1.182067
50,576,1.182067
50,577,1.182067
50,578,1.182067
50,579,1.182067
50,580,1.182067
50,581,1.182067
50,582,1.182067
50,583,1.182067
50,584,1.182067
50,585,1.182067
50,586,1.182067
50,587,1.182067
50,588,1.182067
55,0,1.000000
55,1,1.000000
55,2,1.074788
55,3,1.074788
55,4,1.074788
55,5,1.074788
55,6,1.074788
55,7,1.074788
55,8,1.074788
55,9,1.074788
55,10,1.074788
55,11,0.993429
55,12,0.993429
55,13,0.993429
55,14,0.993429
55,15,0.993429
55,16,0.993429
55,17,0.993429
55,18,0.993429
55,19,0.993429
55,20,0.993429
55,21,0.993429
55,22,0.904621
55,23,0.904621
55,24,0.904621
55,25,0.904621
55,26,0.904621
55,27,0.904621
55,28,0.904621
55,29,0.904621
55,30,0.904621
55,31,0.904621
55,32,0.904621
55,33,0.904621
55,34,0.904621
55,35,0.894596
55,36,0.894596
55,37,0.835924
55,38,0.835924
55,39,0.835924
55,40,0.835924
55,41,0.835924
55,42,0.835924
55,43,0.835924
55,44,0.835924
55,45,0.835924
55,46,0.835924
55,47,0.835924
55,48,1.656734
55,49,1.656734
55,50,1.656734
55,51,1.692163
55,52,1.692163
55,53,1.692163
55,54,1.657511
55,55,1.657511
55,56,1.657511
55,57,1.657511
55,58,1.657511
55,59,1.657511
55,60,1.657511
55,61,1.657511
55,62,1.657511
55,63,1.657511
55,64,1.657511
55,65,1.657511
55,66,1.657511
55,67,1.657511
55,68,1.881461
55,69,1.881461
55,70,1.881461
55,71,1.881461
55,72,1.881461
55,73,1.881461
55,74,1.881461
55,75,1.881461
55,76,1.964184
55,77,1.964184
55,78,1.964184
55,79,1.964184
55,80,2.554550
55,81,2.554550
55,82,2.554550
55,83,2.554550
55,84,2.554550
55,85,2.554550
55,86,2.554550
55,87,2.554550
55,88,2.554550
55,89,2.554550
55,90,2.554550
55,91,2.554550
55,92,2.554550
55,93,2.554550
55,94,2.407220
55,95,2.407220
55,96,2.407220
55,97,2.407220
55,98,2.407220
55,99,2.407220
55,100,2.407220
55,101,2.407220
55,102,2.407220
55,103,2.407220
55,104,2.407220
55,105,2.407220
55,106,2.407220
55,107,2.407220
55,108,2.407220
55,109,2.474562
55,110,1.000000
55,111,1.000000
55,112,1.190485
55,113,1.190485
55,114,1.190485
55,115,1.190485
55,116,1.190485
55,117,1.190485
55,118,1.190485
55,119,1.190485
55,120,1.190485
55,121,1.190485
55,122,1.190485
55,123,1.190485
55,124,1.190485
55,125,1.190485
55,126,1.190485
55,127,1.190485
55,128,1.103182
55,129,1.103182
55,130,1.103182
55,131,1.103182
55,132,1.103182
55,133,1.103182
55,134,1.103182
55,135,1.103182
55,136,1.103182
55,137,1.103182
55,138,1.103182
55,139,1.103182
55,140,1.103182
55,141,1.103182
55,142,1.103182
55,143,1.103182
55,144,1.103182
55,145,1.103182
55,146,1.103182
55,147,1.103182
55,148,1.387487
55,149,1.387487
55,150,1.387487
55,151,1.387487
55,152,1.387487
55,153,1.387487
55,154,1.387487
55,155,1.387487
55,156,1.387487
55,157,1.387487
55,158,1.387487
55,159,1.387487
55,160,1.387487
55,161,1.387487
55,162,1.387487
55,163,1.387487
55,164,1.531632
55,165,1.531632
55,166,1.531632
55,167,1.531632
55,168,1.531632
55,169,1.531632
55,170,1.531632
55,171,1.531632
55,172,1.531632
55,173,1.398653
55,174,1.398653
55,175,1.398653
55,176,1.398653
55,177,1.398653
55,178,1.398653
55,179,1.398653
55,180,1.398653
55,181,1.398653
55,182,1.398653
55,183,1.398653
55,184,1.398653
55,185,1.398653
55,186,2.484428
55,187,2.484428
55,188,1.623367
55,189,1.623367
55,190,1.623367
55,191,1.623367
55,192,1.623367
55,193,1.623367
55,194,1.623367
55,195,1.623367
55,196,1.623367
55,197,1.623367
55,198,1.623367
55,199,1.623367
55,200,1.623367
55,201,1.623367
55,202,1.623367
55,203,1.623367
55,204,1.623367
55,205,1.623367
55,206,1.623367
55,207,1.623367
55,208,1.623367
55,209,1.623367
55,210,1.623367
55,211,1.623367
55,212,1.623367
55,213,1.631774
55,214,1.556670
55,215,1.556670
55,216,1.556670
55,217,1.556670
55,218,1.556670
55,219,2.186198
55,220,1.000000
55,221,1.000000
55,222,1.000000
55,223,1.000000
55,224,1.000000
55,225,1.000000
55,226,1.000000
55,227,1.000000
55,228,1.000000
55,229,0.916263
55,230,0.916263
55,231,0.916263
55,232,0.916263
55,233,0.916263
55,234,0.916263
55,235,0.916263
55,236,0.916263
55,237,0.916263
55,238,0.916263
55,239,0.916263
55,240,0.852182
55,241,0.852182
55,242,0.852182
55,243,0.852182
55,244,0.852182
55,245,0.852182
55,246,1.081206
55,247,1.081206
55,248,0.962997
55,249,0.962997
55,250,0.759922
55,251,0.759922
55,252,0.759922
55,253,0.759922
55,254,0.759922
55,255,0.759922
55,256,0.759922
55,257,0.759922
55,258,0.759922
55,259,0.759922
55,260,0.759922
55,261,0.759922
55,262,0.759922
55,263,1.170280
55,264,1.170280
55,265,1.170280
55,266,1.170280
55,267,1.072776
55,268,1.072776
55,269,1.072776
55,270,0.997500
55,271,1.109352
55,272,1.109352
55,273,1.109352
55,274,1.109352
55,275,1.109352
55,276,1.109352
55,277,1.109352
55,278,1.109352
55,279,1.055764
55,280,1.055764
55,281,1.055764
55,282,1.055764
55,283,1.055764
55,284,1.055764
55,285,1.055764
55,286,1.055764
55,287,1.055764
55,288,1.055764
55,289,1.055764
55,290,0.923554
55,291,0.923554
55,292,0.923554
55,293,0.923554
55,294,0.923554
55,295,0.923554
55,296,0.731961
55,297,0.731961
55,298,0.731961
55,299,0.748257
55,300,0.930477
55,301,1.000000
55,302,1.212490
55,303,1.212490
55,304,1.212490
55,305,1.212490
55,306,1.070470
55,307,0.957966
55,308,0.845478
55,309,0.845478
55,310,0.845478
55,311,0.845478
55,312,1.149867
55,313,1.149867
55,314,1.149867
55,315,1.149867
55,316,1.149867
55,317,1.149867
55,318,1.149867
55,319,1.149867
55,320,1.149867
55,321,1.149867
55,322,1.149867
55,323,1.149867
55,324,1.149867
55,325,1.149867
55,326,1.149867
55,327,1.149867
55,328,1.149867
55,329,1.149867
55,330,1.149867
55,331,1.149867
55,332,1.149867
55,333,1.149867
55,334,1.149867
55,335,1.149867
55,336,1.149867
55,337,1.149867
55,338,1.149867
55,339,1.149867
55,340,1.149867
55,341,1.149867
55,342,1.149867
55,343,1.149867
55,344,1.149867
55,345,1.149867
55,346,1.468211
55,347,1.468211
55,348,1.468211
55,349,1.545137
55,350,1.545137
55,351,1.545137
55,352,1.545137
55,353,1.545137
55,354,1.545137
55,355,1.620595
55,356,1.620595
55,357,1.620595
55,358,1.620595
55,359,1.620595
55,360,1.675954
55,361,1.675954
55,362,1.903829
55,363,1.903829
55,364,1.903829
55,365,1.903829
55,366,1.903829
55,367,1.903829
55,368,1.903829
55,369,1.903829
55,370,2.852495
55,371,2.852495
55,372,2.852495
55,373,4.006947
55,374,4.006947
55,375,5.660449
55,376,5.660449
55,377,5.660449
55,378,5.660449
55,379,5.660449
55,380,5.660449
55,381,5.660449
55,382,5.660449
55,383,5.660449
55,384,5.660449
55,385,5.341888
55,386,5.341888
55,387,5.341888
55,388,5.341888
55,389,5.341888
55,390,5.341888
55,391,5.341888
55,392,1.000000
55,393,1.000000
55,394,1.000000
55,395,1.000000
55,396,1.000000
55,397,1.000000
55,398,1.000000
55,399,1.000000
55,400,1.000000
55,401,1.000000
55,402,1.000000
55,403,1.000000
55,404,1.079874
55,405,1.361175
55,406,1.361175
55,407,1.361175
55,408,1.361175
55,409,1.361175
55,410,1.361175
55,411,1.361175
55,412,1.361175
55,413,1.361175
55,414,1.361175
55,415,1.361175
55,416,1.361175
55,417,1.361175
55,418,1.159268
55,419,1.159268
55,420,1.159268
55,421,1.159268
55,422,1.159268
55,423,1.429233
55,424,1.429233
55,425,1.429233
55,426,1.429233
55,427,1.429233
55,428,1.429233
55,429,1.492126
55,430,1.364548
55,431,1.364548
55,432,1.364548
55,433,1.364548
55,434,1.364548
55,435,1.364548
55,436,1.364548
55,437,1.364548
55,438,1.364548
55,439,1.364548
55,440,1.364548
55,441,1.364548
55,442,1.364548
55,443,1.364548
55,444,1.364548
55,445,1.364548
55,446,1.364548
55,447,1.364548
55,448,1.364548
55,449,1.364548
55,450,1.364548
55,451,1.364548
55,452,1.364548
55,453,1.364548
55,454,1.364548
55,455,1.364548
55,456,1.364548
55,457,1.364548
55,458,1.364548
55,459,1.364548
55,460,1.356888
55,461,1.356888
55,462,1.356888
55,463,1.356888
55,464,1.356888
55,465,1.356888
55,466,1.356888
55,467,1.461860
55,468,1.461860
55,469,1.461860
55,470,1.461860
55,471,1.461860
55,472,1.461860
55,473,1.461860
55,474,1.461860
55,475,1.461860
55,476,1.461860
55,477,1.574735
55,478,1.574735
55,479,1.574735
55,480,1.574735
55,481,1.574735
55,482,1.574735
55,483,1.574735
55,484,1.574735
55,485,1.574735
55,486,1.574735
55,487,1.574735
55,488,1.574735
55,489,1.574735
55,490,1.574735
55,491,1.574735
55,492,1.574735
55,493,1.496374
55,494,1.000000
55,495,1.006709
55,496,1.006709
55,497,1.006709
55,498,1.006709
55,499,1.046463
55,500,1.046463
55,501,1.046463
55,502,1.027712
55,503,1.027712
55,504,1.027712
55,505,1.027712
55,506,1.027712
55,507,1.027712
55,508,1.008213
55,509,0.947353
55,510,0.947353
55,511,0.947353
55,512,0.947353
55,513,0.947353
55,514,0.947353
55,515,0.947353
55,516,0.947353
55,517,0.947353
55,518,0.947353
55,519,0.947353
55,520,0.947353
55,521,0.947353
55,522,0.947353
55,523,0.947353
55,524,0.947353
55,525,0.947353
55,526,0.947353
55,527,0.874572
55,528,0.874572
55,529,0.874572
55,530,0.874572
55,531,0.874572
55,532,1.037869
55,533,1.037869
55,534,1.037869
55,535,1.037869
55,536,1.037869
55,537,1.037869
55,538,1.037869
55,539,1.037869
55,540,1.037869
55,541,1.037869
55,542,1.037869
55,543,1.037869
55,544,1.037869
55,545,1.037869
55,546,1.037869
55,547,1.037869
55,548,1.037869
55,549,1.037869
55,550,1.037869
55,551,1.037869
55,552,1.037869
55,553,1.037869
55,554,0.967165
55,555,0.952080
55,556,0.952080
55,557,0.952080
55,558,0.952080
55,559,0.952080
55,560,0.952080
55,561,0.952080
55,562,0.952080
55,563,0.952080
55,564,0.952080
55,565,0.952080
55,566,0.952080
55,567,0.952080
55,568,0.952080
55,569,0.952080
55,570,0.952080
55,571,0.952080
55,572,0.952080
55,573,1.182067
55,574,1.161228
55,575,1.161228
55,576,1.161228
60,0,1.000000
60,1,1.000000
60,2,1.074788
60,3,1.074788
60,4,1.074788
60,5,1.074788
60,6,1.074788
60,7,1.074788
60,8,1.074788
60,9,1.074788
60,10,1.074788
60,11,0.993429
60,12,0.993429
60,13,0.993429
60,14,0.993429
60,15,0.993429
60,16,0.993429
60,17,0.993429
60,18,0.993429
60,19,0.993429
60,20,0.993429
60,21,0.993429
60,22,0.904621
60,23,0.904621
60,24,0.904621
60,25,0.904621
60,26,0.904621
60,27,0.904621
60,28,0.904621
60,29,0.904621
60,30,0.904621
60,31,0.904621
60,32,0.904621
60,33,0.904621
60,34,0.904621
60,35,0.894596
60,36,0.894596
60,37,0.835924
60,38,0.835924
60,39,0.835924
60,40,0.835924
60,41,0.835924
60,42,0.835924
60,43,0.835924
60,44,0.835924
60,45,0.835924
60,46,0.835924
60,47,0.835924
60,48,1.656734
60,49,1.656734
60,50,1.656734
60,51,1.692163
60,52,1.692163
60,53,1.692163
60,54,1.657511
60,55,1.657511
60,56,1.657511
60,57,1.657511
60,58,1.657511
60,59,1.657511
60,60,1.657511
60,61,1.657511
60,62,1.657511
60,63,1.657511
60,64,1.657511
60,65,1.657511
60,66,1.657511
60,67,1.657511
60,68,1.881461
60,69,1.881461
60,70,1.881461
60,71,1.881461
60,72,1.881461
60,73,1.881461
60,74,1.881461
60,75,1.881461
60,76,1.964184
60,77,1.964184
60,78,1.964184
60,79,1.964184
60,80,1.964184
60,81,1.964184
60,82,1.964184
60,83,1.964184
60,84,1.964184
60,85,1.964184
60,86,1.964184
60,87,1.964184
60,88,1.964184
60,89,1.964184
60,90,1.964184
60,91,2.370659
60,92,2.370659
60,93,2.370659
60,94,2.370659
60,95,2.370659
60,96,2.370659
60,97,2.370659
60,98,2.370659
60,99,2.370659
60,100,2.370659
60,101,2.370659
60,102,2.370659
60,103,2.370659
60,104,2.370659
60,105,2.233935
60,106,2.233935
60,107,2.233935
60,108,2.233935
60,109,2.233935
60,110,2.233935
60,111,2.233935
60,112,2.233935
60,113,2.233935
60,114,2.233935
60,115,2.233935
60,116,2.233935
60,117,2.233935
60,118,2.233935
60,119,2.233935
60,120,2.296430
60,121,1.000000
60,122,1.000000
60,123,1.190485
60,124,1.190485
60,125,1.190485
60,126,1.190485
60,127,1.190485
60,128,1.190485
60,129,1.190485
60,130,1.190485
60,131,1.190485
60,132,1.190485
60,133,1.190485
60,134,1.190485
60,135,1.190485
60,136,1.190485
60,137,1.190485
60,138,1.190485
60,139,1.103182
60,140,1.103182
60,141,1.103182
60,142,1.103182
60,143,1.103182
60,144,1.103182
60,145,1.103182
60,146,1.103182
60,147,1.103182
60,148,1.103182
60,149,1.103182
60,150,1.103182
60,151,1.103182
60,152,1.103182
60,153,1.103182
60,154,1.103182
60,155,1.103182
60,156,1.103182
60,157,1.103182
60,158,1.103182
60,159,1.387487
60,160,1.387487
60,161,1.387487
60,162,1.387487
60,163,1.387487
60,164,1.387487
60,165,1.387487
60,166,1.387487
60,167,1.387487
60,168,1.387487
60,169,1.387487
60,170,1.387487
60,171,1.387487
60,172,1.387487
60,173,1.387487
60,174,1.387487
60,175,1.531632
60,176,1.531632
60,177,1.531632
60,178,1.531632
60,179,1.531632
60,180,1.531632
60,181,1.531632
60,182,1.531632
60,183,1.531632
60,184,1.531632
60,185,1.531632
60,186,1.531632
60,187,1.531632
60,188,1.531632
60,189,1.531632
60,190,1.531632
60,191,1.531632
60,192,1.474320
60,193,1.474320
60,194,1.474320
60,195,1.572264
60,196,1.572264
60,197,2.548295
60,198,2.548295
60,199,1.665099
60,200,1.665099
60,201,1.665099
60,202,1.665099
60,203,1.665099
60,204,1.665099
60,205,1.665099
60,206,1.665099
60,207,1.665099
60,208,1.665099
60,209,1.665099
60,210,1.665099
60,211,1.665099
60,212,1.665099
60,213,1.665099
60,214,1.665099
60,215,1.665099
60,216,1.665099
60,217,1.665099
60,218,1.665099
60,219,1.665099
60,220,1.665099
60,221,1.665099
60,222,1.665099
60,223,1.665099
60,224,1.673722
60,225,1.596687
60,226,1.596687
60,227,1.596687
60,228,1.596687
60,229,1.596687
60,230,2.242398
60,231,1.000000
60,232,1.000000
60,233,1.000000
60,234,1.000000
60,235,1.000000
60,236,1.000000
60,237,1.000000
60,238,1.000000
60,239,1.000000
60,240,0.916263
60,241,0.916263
60,242,0.916263
60,243,0.916263
60,244,0.916263
60,245,0.916263
60,246,0.916263
60,247,0.916263
60,248,0.916263
60,249,0.916263
60,250,0.916263
60,251,0.852182
60,252,0.852182
60,253,0.852182
60,254,0.852182
60,255,0.852182
60,256,0.852182
60,257,1.081206
60,258,1.081206
60,259,0.962997
60,260,0.962997
60,261,0.759922
60,262,0.759922
60,263,0.759922
60,264,0.759922
60,265,0.759922
60,266,0.759922
60,267,0.759922
60,268,0.759922
60,269,0.759922
60,270,0.759922
60,271,0.759922
60,272,0.759922
60,273,0.759922
60,274,1.170280
60,275,1.170280
60,276,1.170280
60,277,1.170280
60,278,1.072776
60,279,1.072776
60,280,1.072776
60,281,1.072776
60,282,1.247834
60,283,1.247834
60,284,1.242581
60,285,1.400398
60,286,1.400398
60,287,1.400398
60,288,1.400398
60,289,1.400398
60,290,1.400398
60,291,1.400398
60,292,1.400398
60,293,1.400398
60,294,1.400398
60,295,1.400398
60,296,1.400398
60,297,1.400398
60,298,1.225031
60,299,1.225031
60,300,1.225031
60,301,1.225031
60,302,1.225031
60,303,1.225031
60,304,1.225031
60,305,1.225031
60,306,1.225031
60,307,1.225031
60,308,1.225031
60,309,1.225031
60,310,1.225031
60,311,1.225031
60,312,1.225031
60,313,1.225031
60,314,1.225031
60,315,1.225031
60,316,1.225031
60,317,1.225031
60,318,1.225031
60,319,1.207972
60,320,1.207972
60,321,2.002278
60,322,1.000000
60,323,1.212490
60,324,1.212490
60,325,1.212490
60,326,1.212490
60,327,1.070470
60,328,0.957966
60,329,0.845478
60,330,0.845478
60,331,0.845478
60,332,0.845478
60,333,1.149867
60,334,1.149867
60,335,1.149867
60,336,1.149867
60,337,1.149867
60,338,1.149867
60,339,1.149867
60,340,1.149867
60,341,1.149867
60,342,1.149867
60,343,1.149867
60,344,1.149867
60,345,1.149867
60,346,1.149867
60,347,1.149867
60,348,1.149867
60,349,1.149867
60,350,1.149867
60,351,1.149867
60,352,1.149867
60,353,1.149867
60,354,1.149867
60,355,1.149867
60,356,1.149867
60,357,1.149867
60,358,1.149867
60,359,1.149867
60,360,1.149867
60,361,1.149867
60,362,1.149867
60,363,1.149867
60,364,1.149867
60,365,1.149867
60,366,1.149867
60,367,1.468211
60,368,1.468211
60,369,1.468211
60,370,1.545137
60,371,1.545137
60,372,1.545137
60,373,1.545137
60,374,1.545137
60,375,1.545137
60,376,1.620595
60,377,1.620595
60,378,1.620595
60,379,1.620595
60,380,1.620595
60,381,1.675954
60,382,1.675954
60,383,1.903829
60,384,1.903829
60,385,1.903829
60,386,1.903829
60,387,1.903829
60,388,1.903829
60,389,1.903829
60,390,1.903829
60,391,2.852495
60,392,2.852495
60,393,2.852495
60,394,4.006947
60,395,4.006947
60,396,5.660449
60,397,5.660449
60,398,5.660449
60,399,5.660449
60,400,5.660449
60,401,5.660449
60,402,5.660449
60,403,5.660449
60,404,5.660449
60,405,5.660449
60,406,5.341888
60,407,5.341888
60,408,5.341888
60,409,5.341888
60,410,5.341888
60,411,5.341888
60,412,5.341888
60,413,1.000000
60,414,1.000000
60,415,1.000000
60,416,1.000000
60,417,1.000000
60,418,1.000000
60,419,1.000000
60,420,1.000000
60,421,1.000000
60,422,1.000000
60,423,1.000000
60,424,1.000000
60,425,1.079874
60,426,1.361175
60,427,1.361175
60,428,1.361175
60,429,1.361175
60,430,1.361175
60,431,1.361175
60,432,1.361175
60,433,1.361175
60,434,1.361175
60,435,1.361175
60,436,1.361175
60,437,1.361175
60,438,1.361175
60,439,1.159268
60,440,1.159268
60,441,1.159268
60,442,1.159268
60,443,1.159268
60,444,1.429233
60,445,1.429233
60,446,1.429233
60,447,1.429233
60,448,1.429233
60,449,1.429233
60,450,1.492126
60,451,1.492126
60,452,1.492126
60,453,1.492126
60,454,1.362368
60,455,1.362368
60,456,1.362368
60,457,1.362368
60,458,1.362368
60,459,1.362368
60,460,1.362368
60,461,1.362368
60,462,1.362368
60,463,1.362368
60,464,1.362368
60,465,1.362368
60,466,1.362368
60,467,1.362368
60,468,1.362368
60,469,1.362368
60,470,1.362368
60,471,1.362368
60,472,1.362368
60,473,1.362368
60,474,1.362368
60,475,1.362368
60,476,1.362368
60,477,1.362368
60,478,1.362368
60,479,1.362368
60,480,1.362368
60,481,1.362368
60,482,1.362368
60,483,1.362368
60,484,1.362368
60,485,1.362368
60,486,1.362368
60,487,1.362368
60,488,1.362368
60,489,1.362368
60,490,1.362368
60,491,1.362368
60,492,1.362368
60,493,1.362368
60,494,1.362368
60,495,1.362368
60,496,1.362368
60,497,1.362368
60,498,1.362368
60,499,1.362368
60,500,1.362368
60,501,1.362368
60,502,1.362368
60,503,1.362368
60,504,1.362368
60,505,1.362368
60,506,1.362368
60,507,1.362368
60,508,1.362368
60,509,1.467764
60,510,1.467764
60,511,1.467764
60,512,1.467764
60,513,1.467764
60,514,1.467764
60,515,1.467764
60,516,1.467764
60,517,1.467764
60,518,1.467764
60,519,1.467764
60,520,1.467764
60,521,1.467764
60,522,1.467764
60,523,1.467764
60,524,1.467764
60,525,1.467764
60,526,1.403168
60,527,1.403168
60,528,1.403546
60,529,1.403546
60,530,1.403546
60,531,1.403546
60,532,1.403546
60,533,1.403546
60,534,1.403546
60,535,1.403546
60,536,1.403546
60,537,1.403546
60,538,1.403546
60,539,1.403546
60,540,1.403546
60,541,1.403546
60,542,1.403546
60,543,1.403546
60,544,1.240531
60,545,1.000000
60,546,1.006709
60,547,1.006709
60,548,1.006709
60,549,1.006709
60,550,1.046463
60,551,1.046463
60,552,1.046463
60,553,1.027712
60,554,1.027712
60,555,1.027712
60,556,1.027712
60,557,1.027712
60,558,1.027712
60,559,1.008213
60,560,0.947353
60,561,0.947353
60,562,0.947353
60,563,0.947353
60,564,0.947353
60,565,0.947353
60,566,0.947353
60,567,0.947353
60,568,0.947353
60,569,0.947353
60,570,0.947353
60,571,0.947353
60,572,0.947353
60,573,0.947353
60,574,0.947353
60,575,0.947353
60,576,0.947353
60,577,0.947353
60,578,0.874572
60,579,0.874572
60,580,0.874572
60,581,0.874572
60,582,0.874572
60,583,1.037869
60,584,1.037869
60,585,1.037869
60,586,1.037869
60,587,1.037869
60,588,1.037869
60,589,1.037869
60,590,1.037869
60,591,1.037869
60,592,1.037869
60,593,1.037869
60,594,1.037869
60,595,1.037869
60,596,1.037869
60,597,1.037869
60,598,1.037869
60,599,1.037869
60,600,1.037869
60,601,1.037869
60,602,1.037869
60,603,1.037869
60,604,1.037869
60,605,0.967165
60,606,0.952080
60,607,0.952080
60,608,0.952080
60,609,0.952080
60,610,0.952080
60,611,0.952080
60,612,0.952080
60,613,0.952080
60,614,0.952080
60,615,0.952080
60,616,0.952080
60,617,0.952080
60,618,0.952080
60,619,0.952080
60,620,0.952080
60,621,0.952080
60,622,0.952080
60,623,0.952080
60,624,1.182067
60,625,1.161228
60,626,1.161228
60,627,1.161228
65,0,1.000000
65,1,1.000000
65,2,1.074788
65,3,1.074788
65,4,1.074788
65,5,1.074788
65,6,1.074788
65,7,1.074788
65,8,1.074788
65,9,1.074788
65,10,1.074788
65,11,0.993429
65,12,0.993429
65,13,0.993429
65,14,0.993429
65,15,0.993429
65,16,0.993429
65,17,0.993429
65,18,0.993429
65,19,0.993429
65,20,0.993429
65,21,0.993429
65,22,0.904621
65,23,0.904621
65,24,0.904621
65,25,0.904621
65,26,0.904621
65,27,0.904621
65,28,0.904621
65,29,0.904621
65,30,0.904621
65,31,0.904621
65,32,0.904621
65,33,0.904621
65,34,0.904621
65,35,0.894596
65,36,0.894596
65,37,0.835924
65,38,0.835924
65,39,0.835924
65,40,0.835924
65,41,0.835924
65,42,0.835924
65,43,0.835924
65,44,0.835924
65,45,0.835924
65,46,0.835924
65,47,0.835924
65,48,1.656734
65,49,1.656734
65,50,1.656734
65,51,1.692163
65,52,1.692163
65,53,1.692163
65,54,1.657511
65,55,1.657511
65,56,1.657511
65,57,1.657511
65,58,1.657511
65,59,1.657511
65,60,1.657511
65,61,1.657511
65,62,1.657511
65,63,1.657511
65,64,1.657511
65,65,1.657511
65,66,1.657511
65,67,1.657511
65,68,1.881461
65,69,1.881461
65,70,1.881461
65,71,1.881461
65,72,1.881461
65,73,1.881461
65,74,1.881461
65,75,1.881461
65,76,1.881461
65,77,1.822103
65,78,1.822103
65,79,1.822103
65,80,1.822103
65,81,1.822103
65,82,1.822103
65,83,1.822103
65,84,1.822103
65,85,1.822103
65,86,1.822103
65,87,1.822103
65,88,1.822103
65,89,1.822103
65,90,1.822103
65,91,1.822103
65,92,2.199175
65,93,2.199175
65,94,2.199175
65,95,2.199175
65,96,2.199175
65,97,2.199175
65,98,2.199175
65,99,2.199175
65,100,2.199175
65,101,2.199175
65,102,2.199175
65,103,2.199175
65,104,2.199175
65,105,2.199175
65,106,2.072341
65,107,2.072341
65,108,2.072341
65,109,2.072341
65,110,2.072341
65,111,2.072341
65,112,2.072341
65,113,2.072341
65,114,2.072341
65,115,2.072341
65,116,2.072341
65,117,2.072341
65,118,2.072341
65,119,2.072341
65,120,2.072341
65,121,2.130315
65,122,1.000000
65,123,1.000000
65,124,1.190485
65,125,1.190485
65,126,1.190485
65,127,1.190485
65,128,1.190485
65,129,1.190485
65,130,1.190485
65,131,1.190485
65,132,1.190485
65,133,1.190485
65,134,1.190485
65,135,1.190485
65,136,1.190485
65,137,1.190485
65,138,1.190485
65,139,1.190485
65,140,1.103182
65,141,1.103182
65,142,1.103182
65,143,1.103182
65,144,1.103182
65,145,1.103182
65,146,1.103182
65,147,1.103182
65,148,1.103182
65,149,1.103182
65,150,1.103182
65,151,1.103182
65,152,1.103182
65,153,1.103182
65,154,1.103182
65,155,1.103182
65,156,1.103182
65,157,1.103182
65,158,1.103182
65,159,1.103182
65,160,1.387487
65,161,1.387487
65,162,1.387487
65,163,1.387487
65,164,1.387487
65,165,1.387487
65,166,1.387487
65,167,1.387487
65,168,1.387487
65,169,1.387487
65,170,1.387487
65,171,1.387487
65,172,1.387487
65,173,1.387487
65,174,1.387487
65,175,1.387487
65,176,1.531632
65,177,1.531632
65,178,1.531632
65,179,1.531632
65,180,1.531632
65,181,1.531632
65,182,1.531632
65,183,1.531632
65,184,1.531632
65,185,1.531632
65,186,1.531632
65,187,1.531632
65,188,1.531632
65,189,1.531632
65,190,1.531632
65,191,1.531632
65,192,1.531632
65,193,1.474320
65,194,1.474320
65,195,1.474320
65,196,1.572264
65,197,1.572264
65,198,2.548295
65,199,2.548295
65,200,1.665099
65,201,1.665099
65,202,1.665099
65,203,1.665099
65,204,1.665099
65,205,1.665099
65,206,1.665099
65,207,1.665099
65,208,1.665099
65,209,1.665099
65,210,1.665099
65,211,1.665099
65,212,1.665099
65,213,1.665099
65,214,1.665099
65,215,1.665099
65,216,1.665099
65,217,1.665099
65,218,1.665099
65,219,1.665099
65,220,1.665099
65,221,1.665099
65,222,1.665099
65,223,1.665099
65,224,1.665099
65,225,1.673722
65,226,1.596687
65,227,1.596687
65,228,1.596687
65,229,1.596687
65,230,1.596687
65,231,2.242398
65,232,1.000000
65,233,1.000000
65,234,1.000000
65,235,1.000000
65,236,1.000000
65,237,1.000000
65,238,1.000000
65,239,1.000000
65,240,1.000000
65,241,0.916263
65,242,0.916263
65,243,0.916263
65,244,0.916263
65,245,0.916263
65,246,0.916263
65,247,0.916263
65,248,0.916263
65,249,0.916263
65,250,0.916263
65,251,0.916263
65,252,0.852182
65,253,0.852182
65,254,0.852182
65,255,0.852182
65,256,0.852182
65,257,0.852182
65,258,1.081206
65,259,1.081206
65,260,0.962997
65,261,0.962997
65,262,0.759922
65,263,0.759922
65,264,0.759922
65,265,0.759922
65,266,0.759922
65,267,0.759922
65,268,0.759922
65,269,0.759922
65,270,0.759922
65,271,0.759922
65,272,0.759922
65,273,0.759922
65,274,0.759922
65,275,1.170280
65,276,1.170280
65,277,1.170280
65,278,1.170280
65,279,1.072776
65,280,1.072776
65,281,1.072776
65,282,1.072776
65,283,1.247834
65,284,1.247834
65,285,1.242581
65,286,1.400398
65,287,1.400398
65,288,1.400398
65,289,1.400398
65,290,1.400398
65,291,1.400398
65,292,1.400398
65,293,1.400398
65,294,1.400398
65,295,1.400398
65,296,1.400398
65,297,1.400398
65,298,1.400398
65,299,1.225031
65,300,1.225031
65,301,1.225031
65,302,1.225031
65,303,1.225031
65,304,1.225031
65,305,1.225031
65,306,1.225031
65,307,1.225031
65,308,1.225031
65,309,1.225031
65,310,1.225031
65,311,1.225031
65,312,1.225031
65,313,1.225031
65,314,1.225031
65,315,1.225031
65,316,1.225031
65,317,1.225031
65,318,1.225031
65,319,1.225031
65,320,1.207972
65,321,1.207972
65,322,2.002278
65,323,1.000000
65,324,1.212490
65,325,1.212490
65,326,1.212490
65,327,1.212490
65,328,1.070470
65,329,0.957966
65,330,0.845478
65,331,0.845478
65,332,0.845478
65,333,0.845478
65,334,1.149867
65,335,1.149867
65,336,1.149867
65,337,1.149867
65,338,1.149867
65,339,1.149867
65,340,1.149867
65,341,1.149867
65,342,1.149867
65,343,1.149867
65,344,1.149867
65,345,1.149867
65,346,1.149867
65,347,1.149867
65,348,1.149867
65,349,1.149867
65,350,1.149867
65,351,1.149867
65,352,1.149867
65,353,1.149867
65,354,1.149867
65,355,1.149867
65,356,1.149867
65,357,1.149867
65,358,1.149867
65,359,1.149867
65,360,1.149867
65,361,1.149867
65,362,1.149867
65,363,1.149867
65,364,1.149867
65,365,1.149867
65,366,1.149867
65,367,1.149867
65,368,1.468211
65,369,1.468211
65,370,1.468211
65,371,1.545137
65,372,1.545137
65,373,1.545137
65,374,1.545137
65,375,1.545137
65,376,1.545137
65,377,1.620595
65,378,1.620595
65,379,1.620595
65,380,1.620595
65,381,1.620595
65,382,1.675954
65,383,1.675954
65,384,1.903829
65,385,1.903829
65,386,1.903829
65,387,1.903829
65,388,1.903829
65,389,1.903829
65,390,1.903829
65,391,1.903829
65,392,2.852495
65,393,2.852495
65,394,2.852495
65,395,4.006947
65,396,4.006947
65,397,5.660449
65,398,5.660449
65,399,5.660449
65,400,5.660449
65,401,5.660449
65,402,5.660449
65,403,5.660449
65,404,5.660449
65,405,5.660449
65,406,5.660449
65,407,5.341888
65,408,5.341888
65,409,5.341888
65,410,5.341888
65,411,5.341888
65,412,5.341888
65,413,5.341888
65,414,1.000000
65,415,1.000000
65,416,1.000000
65,417,1.000000
65,418,1.000000
65,419,1.000000
65,420,1.000000
65,421,1.000000
65,422,1.000000
65,423,1.000000
65,424,1.000000
65,425,1.000000
65,426,1.079874
65,427,1.361175
65,428,1.361175
65,429,1.361175
65,430,1.361175
65,431,1.361175
65,432,1.361175
65,433,1.361175
65,434,1.361175
65,435,1.361175
65,436,1.361175
65,437,1.361175
65,438,1.361175
65,439,1.361175
65,440,1.159268
65,441,1.159268
65,442,1.159268
65,443,1.159268
65,444,1.159268
65,445,1.159268
65,446,1.159268
65,447,1.159268
65,448,1.159268
65,449,1.159268
65,450,1.159268
65,451,1.159268
65,452,1.224157
65,453,1.224157
65,454,1.224157
65,455,1.224157
65,456,1.224157
65,457,1.224157
65,458,1.278025
65,459,1.278025
65,460,1.278025
65,461,1.278025
65,462,1.166886
65,463,1.166886
65,464,1.166886
65,465,1.166886
65,466,1.166886
65,467,1.166886
65,468,1.166886
65,469,1.166886
65,470,1.166886
65,471,1.166886
65,472,1.166886
65,473,1.166886
65,474,1.166886
65,475,1.166886
65,476,1.166886
65,477,1.166886
65,478,1.166886
65,479,1.166886
65,480,1.166886
65,481,1.166886
65,482,1.166886
65,483,1.166886
65,484,1.166886
65,485,1.166886
65,486,1.166886
65,487,1.166886
65,488,1.166886
65,489,1.166886
65,490,1.166886
65,491,1.166886
65,492,1.166886
65,493,1.166886
65,494,1.166886
65,495,1.166886
65,496,1.166886
65,497,1.166886
65,498,1.166886
65,499,1.166886
65,500,1.166886
65,501,1.166886
65,502,1.166886
65,503,1.166886
65,504,1.166886
65,505,1.166886
65,506,1.166886
65,507,1.166886
65,508,1.166886
65,509,1.166886
65,510,1.166886
65,511,1.166886
65,512,1.166886
65,513,1.166886
65,514,1.166886
65,515,1.166886
65,516,1.166886
65,517,1.257158
65,518,1.257158
65,519,1.257158
65,520,1.257158
65,521,1.257158
65,522,1.257158
65,523,1.257158
65,524,1.257158
65,525,1.257158
65,526,1.257158
65,527,1.257158
65,528,1.257158
65,529,1.257158
65,530,1.257158
65,531,1.257158
65,532,1.257158
65,533,1.257158
65,534,1.201831
65,535,1.201831
65,536,1.202155
65,537,1.202155
65,538,1.202155
65,539,1.202155
65,540,1.202155
65,541,1.202155
65,542,1.202155
65,543,1.202155
65,544,1.202155
65,545,1.202155
65,546,1.202155
65,547,1.202155
65,548,1.202155
65,549,1.202155
65,550,1.202155
65,551,1.202155
65,552,1.062530
65,553,1.000000
65,554,1.006709
65,555,1.006709
65,556,1.006709
65,557,1.006709
65,558,1.046463
65,559,1.046463
65,560,1.046463
65,561,1.027712
65,562,1.027712
65,563,1.027712
65,564,1.027712
65,565,1.027712
65,566,1.027712
65,567,1.008213
65,568,0.947353
65,569,0.947353
65,570,0.947353
65,571,0.947353
65,572,0.947353
65,573,0.947353
65,574,0.947353
65,575,0.947353
65,576,0.947353
65,577,0.947353
65,578,0.947353
65,579,0.947353
65,580,0.947353
65,581,0.947353
65,582,0.947353
65,583,0.947353
65,584,0.947353
65,585,0.947353
65,586,0.874572
65,587,0.874572
65,588,0.874572
65,589,0.874572
65,590,0.874572
65,591,1.037869
65,592,0.916259
65,593,0.916259
65,594,0.916259
65,595,0.916259
65,596,0.916259
65,597,0.916259
65,598,0.916259
65,599,0.916259
65,600,0.916259
65,601,0.916259
65,602,0.916259
65,603,0.916259
65,604,0.916259
65,605,0.916259
65,606,0.916259
65,607,0.916259
65,608,0.916259
65,609,0.942333
65,610,0.942333
65,611,0.942333
65,612,0.942333
65,613,0.942333
65,614,0.942333
65,615,0.942333
65,616,0.942333
65,617,0.942333
65,618,0.942333
65,619,0.942333
65,620,0.942333
65,621,0.942333
65,622,0.942333
65,623,0.942333
65,624,0.886090
65,625,0.886090
65,626,0.886090
65,627,0.799239
65,628,0.799239
65,629,0.799239
65,630,0.762604
65,631,0.762604
65,632,0.762604
70,0,1.000000
70,1,1.000000
70,2,1.074788
70,3,1.074788
70,4,1.074788
70,5,1.074788
70,6,1.074788
70,7,1.074788
70,8,1.074788
70,9,1.074788
70,10,1.074788
70,11,0.993429
70,12,0.993429
70,13,0.993429
70,14,0.993429
70,15,0.993429
70,16,0.993429
70,17,0.993429
70,18,0.993429
70,19,0.993429
70,20,0.993429
70,21,0.993429
70,22,0.904621
70,23,0.904621
70,24,0.904621
70,25,0.904621
70,26,0.904621
70,27,0.904621
70,28,0.904621
70,29,0.904621
70,30,0.904621
70,31,0.904621
70,32,0.904621
70,33,0.904621
70,34,0.904621
70,35,0.894596
70,36,0.894596
70,37,0.835924
70,38,0.835924
70,39,0.835924
70,40,0.835924
70,41,0.835924
70,42,0.835924
70,43,0.835924
70,44,0.835924
70,45,0.835924
70,46,0.835924
70,47,0.835924
70,48,1.656734
70,49,1.656734
70,50,1.656734
70,51,1.692163
70,52,1.692163
70,53,1.692163
70,54,1.657511
70,55,1.657511
70,56,1.657511
70,57,1.657511
70,58,1.657511
70,59,1.657511
70,60,1.657511
70,61,1.657511
70,62,1.657511
70,63,1.657511
70,64,1.657511
70,65,1.657511
70,66,1.657511
70,67,1.657511
70,68,1.881461
70,69,1.881461
70,70,1.881461
70,71,1.881461
70,72,1.881461
70,73,1.881461
70,74,1.881461
70,75,1.881461
70,76,1.881461
70,77,1.881461
70,78,1.881461
70,79,1.881461
70,80,1.881461
70,81,1.881461
70,82,1.881461
70,83,1.881461
70,84,1.881461
70,85,1.881461
70,86,1.881461
70,87,1.881461
70,88,1.881461
70,89,1.866294
70,90,2.094166
70,91,2.094166
70,92,2.094166
70,93,2.094166
70,94,2.094166
70,95,2.094166
70,96,2.094166
70,97,2.094166
70,98,2.094166
70,99,2.094166
70,100,2.094166
70,101,2.094166
70,102,2.094166
70,103,2.094166
70,104,1.973388
70,105,1.973388
70,106,1.973388
70,107,1.973388
70,108,1.973388
70,109,1.973388
70,110,1.973388
70,111,1.973388
70,112,1.973388
70,113,1.973388
70,114,1.973388
70,115,1.973388
70,116,1.973388
70,117,1.973388
70,118,1.973388
70,119,2.028594
70,120,1.000000
70,121,1.000000
70,122,1.190485
70,123,1.190485
70,124,1.190485
70,125,1.190485
70,126,1.190485
70,127,1.190485
70,128,1.190485
70,129,1.190485
70,130,1.190485
70,131,1.190485
70,132,1.190485
70,133,1.190485
70,134,1.190485
70,135,1.190485
70,136,1.190485
70,137,1.190485
70,138,1.103182
70,139,1.103182
70,140,1.103182
70,141,1.103182
70,142,1.103182
70,143,1.103182
70,144,1.103182
70,145,1.103182
70,146,1.103182
70,147,1.103182
70,148,1.103182
70,149,1.103182
70,150,1.103182
70,151,1.103182
70,152,1.103182
70,153,1.103182
70,154,1.103182
70,155,1.103182
70,156,1.103182
70,157,1.103182
70,158,1.387487
70,159,1.387487
70,160,1.387487
70,161,1.387487
70,162,1.387487
70,163,1.260791
70,164,1.260791
70,165,1.260791
70,166,1.260791
70,167,1.260791
70,168,1.260791
70,169,1.260791
70,170,1.260791
70,171,1.391774
70,172,1.391774
70,173,1.391774
70,174,1.391774
70,175,1.391774
70,176,1.391774
70,177,1.391774
70,178,1.391774
70,179,1.391774
70,180,1.391774
70,181,1.391774
70,182,1.391774
70,183,1.391774
70,184,1.391774
70,185,1.391774
70,186,1.391774
70,187,1.391774
70,188,1.391774
70,189,1.391774
70,190,1.391774
70,191,1.314101
70,192,1.314101
70,193,1.314101
70,194,1.401401
70,195,1.401401
70,196,1.401401
70,197,1.401401
70,198,1.401401
70,199,1.401401
70,200,1.401401
70,201,1.401401
70,202,1.401401
70,203,1.401401
70,204,1.401401
70,205,1.289823
70,206,1.289823
70,207,1.336128
70,208,1.336128
70,209,0.873049
70,210,0.873049
70,211,0.873049
70,212,0.873049
70,213,0.873049
70,214,0.873049
70,215,0.873049
70,216,0.873049
70,217,0.873049
70,218,0.873049
70,219,0.873049
70,220,0.873049
70,221,0.873049
70,222,0.873049
70,223,0.873049
70,224,0.873049
70,225,0.873049
70,226,0.873049
70,227,0.873049
70,228,0.873049
70,229,0.873049
70,230,0.873049
70,231,0.873049
70,232,0.873049
70,233,0.883920
70,234,0.843237
70,235,0.843237
70,236,0.843237
70,237,0.843237
70,238,0.843237
70,239,1.184248
70,240,1.000000
70,241,1.000000
70,242,1.000000
70,243,1.000000
70,244,1.000000
70,245,1.000000
70,246,1.000000
70,247,1.000000
70,248,1.000000
70,249,0.916263
70,250,0.916263
70,251,0.916263
70,252,0.916263
70,253,0.916263
70,254,0.916263
70,255,0.916263
70,256,0.916263
70,257,0.916263
70,258,0.916263
70,259,0.916263
70,260,0.852182
70,261,0.852182
70,262,0.852182
70,263,0.852182
70,264,0.852182
70,265,0.852182
70,266,1.081206
70,267,1.081206
70,268,0.962997
70,269,0.962997
70,270,0.759922
70,271,0.759922
70,272,0.759922
70,273,0.759922
70,274,0.759922
70,275,0.759922
70,276,0.759922
70,277,0.759922
70,278,0.759922
70,279,0.759922
70,280,0.759922
70,281,0.759922
70,282,0.759922
70,283,1.170280
70,284,1.170280
70,285,1.170280
70,286,1.170280
70,287,1.072776
70,288,1.072776
70,289,1.072776
70,290,1.072776
70,291,1.247834
70,292,1.247834
70,293,1.242581
70,294,1.400398
70,295,1.400398
70,296,1.400398
70,297,1.400398
70,298,1.400398
70,299,1.400398
70,300,1.400398
70,301,1.400398
70,302,1.400398
70,303,1.400398
70,304,1.400398
70,305,1.400398
70,306,1.400398
70,307,1.225031
70,308,1.225031
70,309,1.225031
70,310,1.225031
70,311,1.225031
70,312,1.225031
70,313,1.225031
70,314,1.225031
70,315,1.225031
70,316,1.225031
70,317,1.225031
70,318,1.225031
70,319,1.225031
70,320,1.225031
70,321,1.225031
70,322,1.225031
70,323,1.225031
70,324,1.225031
70,325,1.225031
70,326,1.225031
70,327,1.225031
70,328,1.207972
70,329,1.207972
70,330,1.207972
70,331,1.822152
70,332,1.000000
70,333,1.212490
70,334,1.212490
70,335,1.212490
70,336,1.212490
70,337,1.070470
70,338,0.957966
70,339,0.845478
70,340,0.845478
70,341,0.845478
70,342,0.845478
70,343,1.149867
70,344,1.149867
70,345,1.149867
70,346,1.149867
70,347,1.149867
70,348,1.149867
70,349,1.149867
70,350,1.149867
70,351,1.149867
70,352,1.149867
70,353,1.149867
70,354,1.149867
70,355,1.149867
70,356,1.149867
70,357,1.149867
70,358,1.149867
70,359,1.149867
70,360,1.149867
70,361,1.149867
70,362,1.149867
70,363,1.149867
70,364,1.149867
70,365,1.149867
70,366,1.149867
70,367,1.149867
70,368,1.149867
70,369,1.149867
70,370,1.149867
70,371,1.149867
70,372,1.149867
70,373,1.149867
70,374,1.149867
70,375,1.149867
70,376,1.149867
70,377,1.468211
70,378,1.468211
70,379,1.468211
70,380,1.545137
70,381,1.545137
70,382,1.545137
70,383,1.545137
70,384,1.545137
70,385,1.545137
70,386,1.620595
70,387,1.620595
70,388,1.620595
70,389,1.620595
70,390,1.620595
70,391,1.675954
70,392,1.675954
70,393,1.903829
70,394,1.903829
70,395,1.903829
70,396,1.903829
70,397,1.903829
70,398,1.903829
70,399,1.903829
70,400,1.903829
70,401,2.852495
70,402,2.852495
70,403,2.852495
70,404,4.006947
70,405,4.006947
70,406,4.006947
70,407,4.006947
70,408,4.006947
70,409,4.006947
70,410,4.006947
70,411,4.006947
70,412,5.210835
70,413,5.210835
70,414,5.210835
70,415,5.210835
70,416,5.210835
70,417,5.210835
70,418,5.210835
70,419,5.210835
70,420,5.210835
70,421,5.210835
70,422,4.917578
70,423,4.917578
70,424,4.917578
70,425,4.917578
70,426,4.917578
70,427,4.917578
70,428,4.917578
70,429,1.000000
70,430,1.000000
70,431,1.000000
70,432,1.000000
70,433,1.000000
70,434,1.000000
70,435,1.000000
70,436,1.000000
70,437,1.000000
70,438,1.000000
70,439,1.000000
70,440,1.000000
70,441,1.079874
70,442,1.361175
70,443,1.361175
70,444,1.361175
70,445,1.361175
70,446,1.361175
70,447,1.361175
70,448,1.361175
70,449,1.361175
70,450,1.361175
70,451,1.361175
70,452,1.361175
70,453,1.361175
70,454,1.361175
70,455,1.159268
70,456,1.159268
70,457,1.159268
70,458,1.159268
70,459,1.159268
70,460,1.159268
70,461,1.159268
70,462,1.159268
70,463,1.159268
70,464,1.159268
70,465,1.159268
70,466,1.159268
70,467,1.159268
70,468,1.000213
70,469,1.000213
70,470,0.978895
70,471,0.978895
70,472,0.978895
70,473,0.978895
70,474,0.978895
70,475,0.978895
70,476,1.021971
70,477,1.021971
70,478,1.021971
70,479,1.021971
70,480,0.933099
70,481,0.933099
70,482,0.933099
70,483,0.933099
70,484,0.933099
70,485,0.933099
70,486,0.933099
70,487,0.933099
70,488,0.933099
70,489,0.933099
70,490,0.933099
70,491,0.933099
70,492,0.933099
70,493,0.933099
70,494,0.933099
70,495,0.933099
70,496,0.933099
70,497,0.933099
70,498,0.933099
70,499,0.933099
70,500,0.933099
70,501,0.933099
70,502,0.933099
70,503,0.933099
70,504,0.933099
70,505,0.933099
70,506,0.933099
70,507,0.933099
70,508,0.933099
70,509,0.933099
70,510,0.933099
70,511,0.933099
70,512,0.933099
70,513,0.933099
70,514,0.933099
70,515,0.933099
70,516,0.933099
70,517,0.933099
70,518,0.933099
70,519,0.933099
70,520,0.933099
70,521,0.933099
70,522,0.933099
70,523,0.933099
70,524,0.933099
70,525,0.933099
70,526,0.933099
70,527,0.933099
70,528,0.933099
70,529,0.933099
70,530,0.933099
70,531,0.933099
70,532,0.933099
70,533,0.933099
70,534,0.933099
70,535,1.005285
70,536,1.005285
70,537,1.005285
70,538,1.005285
70,539,1.005285
70,540,1.005285
70,541,1.005285
70,542,1.005285
70,543,1.005285
70,544,1.005285
70,545,1.005285
70,546,1.005285
70,547,1.005285
70,548,1.005285
70,549,1.005285
70,550,1.005285
70,551,1.005285
70,552,0.961043
70,553,0.961043
70,554,0.961302
70,555,0.961302
70,556,0.961302
70,557,0.961302
70,558,0.961302
70,559,0.961302
70,560,0.961302
70,561,0.961302
70,562,0.961302
70,563,0.961302
70,564,0.961302
70,565,0.961302
70,566,0.961302
70,567,0.961302
70,568,0.961302
70,569,0.961302
70,570,0.849651
70,571,1.000000
70,572,1.006709
70,573,1.006709
70,574,1.006709
70,575,1.006709
70,576,1.046463
70,577,1.046463
70,578,1.046463
70,579,1.027712
70,580,1.027712
70,581,1.027712
70,582,1.027712
70,583,1.027712
70,584,1.027712
70,585,1.008213
70,586,0.947353
70,587,0.947353
70,588,0.947353
70,589,0.947353
70,590,0.947353
70,591,0.947353
70,592,0.947353
70,593,0.947353
70,594,0.947353
70,595,0.947353
70,596,0.947353
70,597,0.947353
70,598,0.947353
70,599,0.947353
70,600,0.947353
70,601,0.947353
70,602,0.947353
70,603,0.947353
70,604,0.874572
70,605,0.874572
70,606,0.874572
70,607,0.874572
70,608,0.874572
70,609,1.037869
70,610,0.916259
70,611,0.916259
70,612,0.916259
70,613,0.916259
70,614,0.916259
70,615,0.916259
70,616,0.916259
70,617,0.916259
70,618,0.916259
70,619,0.916259
70,620,0.916259
70,621,0.916259
70,622,0.916259
70,623,0.916259
70,624,0.916259
70,625,0.916259
70,626,0.916259
70,627,0.942333
70,628,0.942333
70,629,0.942333
70,630,0.942333
70,631,0.942333
70,632,0.942333
70,633,0.942333
70,634,0.942333
70,635,0.942333
70,636,0.942333
70,637,0.942333
70,638,0.942333
70,639,0.942333
70,640,0.942333
70,641,0.942333
70,642,0.886090
70,643,0.886090
70,644,0.886090
70,645,0.799239
70,646,0.799239
70,647,0.799239
70,648,0.762604
70,649,0.762604
70,650,0.762604
