hold_max,universe,window,return_pct,sharpe,max_dd_pct,trades,win_rate_pct,pass,equity_final
1,Base5,0,261.8490,8.892217,30.0752,36,72.2222,true,3.61848953
2,Base5,0,148.2337,5.292087,46.0983,33,66.6667,true,2.48233709
3,Base5,0,117.1843,4.902083,61.6003,27,59.2593,true,2.17184304
4,Base5,0,310.4019,8.304754,67.4043,23,69.5652,true,4.10401852
5,Base5,0,398.1724,8.689983,58.4974,22,63.6364,true,4.98172394
6,Base5,0,155.7798,6.485364,58.7746,20,65.0000,true,2.55779824
7,Base5,0,377.1785,8.844271,50.1785,19,57.8947,true,4.77178482
8,Base5,0,278.7627,7.776234,58.7918,17,52.9412,true,3.78762678
9,Base5,0,312.0690,7.953978,54.5961,17,52.9412,true,4.12068965
10,Base5,0,211.4631,7.420797,54.5961,17,52.9412,true,3.11463119
11,Base5,0,82.7241,5.712940,54.5961,16,62.5000,true,1.82724144
12,Base5,0,379.5913,9.479158,54.5961,14,57.1429,true,4.79591349
13,Base5,0,330.3710,10.067816,54.5961,14,57.1429,true,4.30371032
14,Base5,0,307.1851,9.228554,54.5961,14,57.1429,true,4.07185061
15,Base5,0,149.9929,7.168765,54.5961,14,50.0000,true,2.49992913
16,Base5,0,563.9767,10.784926,54.5961,14,57.1429,true,6.63976719
17,Base5,0,433.8661,11.025223,52.2376,12,66.6667,true,5.33866077
18,Base5,0,314.4518,9.132751,52.2376,12,50.0000,true,4.14451794
19,Base5,0,417.4210,10.523100,52.2376,11,54.5455,true,5.17421031
20,Base5,0,139.7011,7.015279,52.2376,12,50.0000,true,2.39701084
21,Base5,0,113.8228,6.661498,52.2376,12,50.0000,true,2.13822801
22,Base5,0,109.2046,6.706512,52.2376,12,50.0000,true,2.09204622
23,Base5,0,102.6321,6.598082,52.2376,12,50.0000,true,2.02632060
24,Base5,0,221.1747,9.526896,52.2376,11,54.5455,true,3.21174668
25,Base5,0,208.4484,9.180868,52.2376,11,54.5455,true,3.08448423
26,Base5,0,904.0573,18.633985,20.7753,9,66.6667,true,10.04057275
27,Base5,0,573.1849,13.725100,20.7753,9,66.6667,true,6.73184898
28,Base5,0,729.6774,14.683001,20.7753,9,66.6667,true,8.29677376
29,Base5,0,597.2483,13.798782,20.7753,9,66.6667,true,6.97248345
30,Base5,0,570.9218,12.082263,24.0155,9,55.5556,true,6.70921827
31,Base5,0,420.6914,11.128798,40.2871,9,55.5556,true,5.20691374
32,Base5,0,494.8693,11.789053,23.5434,9,55.5556,true,5.94869295
33,Base5,0,434.1494,10.516550,27.0552,9,55.5556,true,5.34149442
34,Base5,0,527.6072,10.701773,20.7753,9,55.5556,true,6.27607203
35,Base5,0,459.1155,10.629915,20.7753,9,55.5556,true,5.59115458
36,Base5,0,470.0073,10.757447,20.7753,9,55.5556,true,5.70007328
37,Base5,0,516.8787,10.612400,20.7753,9,55.5556,true,6.16878722
38,Base5,0,453.8829,10.527446,20.7753,9,44.4444,true,5.53882909
39,Base5,0,607.3215,11.291099,20.7753,8,50.0000,true,7.07321529
40,Base5,0,608.3247,11.464800,20.7753,8,50.0000,true,7.08324650
41,Base5,0,574.6907,11.575883,20.7753,8,50.0000,true,6.74690725
42,Base5,0,574.0895,11.680344,20.7753,8,50.0000,true,6.74089499
43,Base5,0,547.6277,11.733136,20.7753,8,50.0000,true,6.47627713
44,Base5,0,539.8824,11.906660,20.7753,8,50.0000,true,6.39882402
45,Base5,0,506.7162,12.092833,20.7753,8,50.0000,true,6.06716212
46,Base5,0,461.3965,11.936747,20.7753,8,50.0000,true,5.61396481
47,Base5,0,481.1599,12.128341,20.9254,8,50.0000,true,5.81159884
48,Base5,0,461.0548,12.041490,24.4042,8,50.0000,true,5.61054767
49,Base5,0,455.8739,11.948317,24.4042,8,50.0000,true,5.55873905
50,Base5,0,862.1785,13.831766,20.7753,7,71.4286,true,9.62178534
51,Base5,0,855.6362,13.809991,20.7753,7,71.4286,true,9.55636248
52,Base5,0,843.7020,13.770591,20.7753,7,71.4286,true,9.43702019
53,Base5,0,853.4692,13.859753,20.7753,7,71.4286,true,9.53469233
54,Base5,0,781.4627,13.532881,20.7753,7,71.4286,true,8.81462659
55,Base5,0,788.9209,13.806513,20.7753,7,57.1429,true,8.88920922
56,Base5,0,775.2396,13.658218,20.7753,7,57.1429,true,8.75239553
57,Base5,0,859.3610,14.308943,20.7753,7,57.1429,true,9.59361008
58,Base5,0,852.0451,14.331142,20.7753,7,57.1429,true,9.52045072
59,Base5,0,879.1765,14.415980,20.7753,7,57.1429,true,9.79176455
60,Base5,0,793.7145,14.569638,20.7753,7,57.1429,true,8.93714511
61,Base5,0,735.6229,14.037188,20.7753,7,57.1429,true,8.35622880
62,Base5,0,724.5108,13.891562,20.7753,7,57.1429,true,8.24510795
63,Base5,0,825.7397,14.661878,20.7753,7,57.1429,true,9.25739719
64,Base5,0,801.8444,14.413479,20.7753,7,57.1429,true,9.01844362
65,Base5,0,798.0635,14.328488,20.7753,7,57.1429,true,8.98063459
66,Base5,0,766.6574,14.021303,20.7753,7,57.1429,true,8.66657419
67,Base5,0,792.0013,14.172443,20.7753,7,57.1429,true,8.92001289
68,Base5,0,804.8800,14.222691,20.7753,7,57.1429,true,9.04879992
69,Base5,0,811.7579,14.224863,20.7753,7,57.1429,true,9.11757874
70,Base5,0,862.8170,14.675510,20.7753,7,57.1429,true,9.62817026
71,Base5,0,923.2107,14.915055,20.7753,7,57.1429,true,10.23210696
72,Base5,0,1009.6335,15.797123,20.7753,6,66.6667,true,11.09633468
73,Base5,0,1000.7265,15.665467,20.7753,6,66.6667,true,11.00726497
74,Base5,0,952.8382,15.234820,20.7753,6,66.6667,true,10.52838157
75,Base5,0,989.1816,15.453320,20.7753,6,66.6667,true,10.89181554
76,Base5,0,987.7900,15.382055,20.7753,6,66.6667,true,10.87789999
77,Base5,0,1010.9499,15.498260,20.7753,6,66.6667,true,11.10949908
78,Base5,0,933.2673,14.849159,20.7753,6,66.6667,true,10.33267264
79,Base5,0,878.6758,14.379904,20.7753,6,66.6667,true,9.78675778
80,Base5,0,878.6758,14.379904,20.7753,6,66.6667,true,9.78675778
81,Base5,0,878.6758,14.379904,20.7753,6,66.6667,true,9.78675778
82,Base5,0,878.6758,14.379904,20.7753,6,66.6667,true,9.78675778
83,Base5,0,878.6758,14.379904,20.7753,6,66.6667,true,9.78675778
84,Base5,0,878.6758,14.379904,20.7753,6,66.6667,true,9.78675778
85,Base5,0,878.6758,14.379904,20.7753,6,66.6667,true,9.78675778
86,Base5,0,878.6758,14.379904,20.7753,6,66.6667,true,9.78675778
87,Base5,0,878.6758,14.379904,20.7753,6,66.6667,true,9.78675778
88,Base5,0,878.6758,14.379904,20.7753,6,66.6667,true,9.78675778
89,Base5,0,878.6758,14.379904,20.7753,6,66.6667,true,9.78675778
90,Base5,0,878.6758,14.379904,20.7753,6,66.6667,true,9.78675778
91,Base5,0,878.6758,14.379904,20.7753,6,66.6667,true,9.78675778
92,Base5,0,878.6758,14.379904,20.7753,6,66.6667,true,9.78675778
93,Base5,0,878.6758,14.379904,20.7753,6,66.6667,true,9.78675778
94,Base5,0,878.6758,14.379904,20.7753,6,66.6667,true,9.78675778
95,Base5,0,878.6758,14.379904,20.7753,6,66.6667,true,9.78675778
96,Base5,0,878.6758,14.379904,20.7753,6,66.6667,true,9.78675778
97,Base5,0,878.6758,14.379904,20.7753,6,66.6667,true,9.78675778
98,Base5,0,878.6758,14.379904,20.7753,6,66.6667,true,9.78675778
99,Base5,0,878.6758,14.379904,20.7753,6,66.6667,true,9.78675778
100,Base5,0,878.6758,14.379904,20.7753,6,66.6667,true,9.78675778
1,Base5,1,388.6254,4.949011,25.2084,26,53.8462,true,4.88625446
2,Base5,1,155.9682,5.025895,45.9308,24,54.1667,true,2.55968221
3,Base5,1,581.8734,7.719370,24.0382,19,63.1579,true,6.81873398
4,Base5,1,852.6772,7.580900,33.9697,16,75.0000,true,9.52677198
5,Base5,1,1205.5561,7.266152,14.9423,15,73.3333,true,13.05556119
6,Base5,1,570.2489,8.587133,24.0411,15,66.6667,true,6.70248907
7,Base5,1,518.5174,10.771394,25.2198,14,78.5714,true,6.18517415
8,Base5,1,172.3941,5.531730,43.2756,14,57.1429,true,2.72394140
9,Base5,1,625.8903,6.356527,33.4023,13,69.2308,true,7.25890265
10,Base5,1,456.5368,6.599591,33.4023,13,61.5385,true,5.56536833
11,Base5,1,433.9233,6.679362,33.4023,12,58.3333,true,5.33923300
12,Base5,1,925.6927,7.328820,11.7317,11,63.6364,true,10.25692709
13,Base5,1,634.2007,7.890228,12.8399,10,70.0000,true,7.34200679
14,Base5,1,552.2671,7.895108,16.5437,10,70.0000,true,6.52267112
15,Base5,1,490.6368,8.335451,12.8399,10,70.0000,true,5.90636846
16,Base5,1,515.2668,9.253843,12.8399,9,77.7778,true,6.15266768
17,Base5,1,539.3291,9.230585,12.8399,9,77.7778,true,6.39329126
18,Base5,1,489.5346,9.342495,12.8399,9,77.7778,true,5.89534603
19,Base5,1,522.8878,9.431222,12.8399,9,77.7778,true,6.22887809
20,Base5,1,552.3258,9.532624,12.8399,9,77.7778,true,6.52325772
21,Base5,1,515.6867,9.289878,12.8399,9,77.7778,true,6.15686672
22,Base5,1,515.8555,9.240350,12.8399,9,77.7778,true,6.15855453
23,Base5,1,521.0299,9.217305,12.8399,9,77.7778,true,6.21029927
24,Base5,1,519.3492,9.159751,12.8399,9,77.7778,true,6.19349170
25,Base5,1,537.6739,9.204218,12.8399,9,77.7778,true,6.37673854
26,Base5,1,519.6874,9.065879,12.8399,9,77.7778,true,6.19687375
27,Base5,1,497.8491,8.910121,12.8399,9,66.6667,true,5.97849080
28,Base5,1,497.8491,8.910121,12.8399,9,66.6667,true,5.97849080
29,Base5,1,497.8491,8.910121,12.8399,9,66.6667,true,5.97849080
30,Base5,1,497.8491,8.910121,12.8399,9,66.6667,true,5.97849080
31,Base5,1,497.8491,8.910121,12.8399,9,66.6667,true,5.97849080
32,Base5,1,497.8491,8.910121,12.8399,9,66.6667,true,5.97849080
33,Base5,1,497.8491,8.910121,12.8399,9,66.6667,true,5.97849080
34,Base5,1,497.8491,8.910121,12.8399,9,66.6667,true,5.97849080
35,Base5,1,497.8491,8.910121,12.8399,9,66.6667,true,5.97849080
36,Base5,1,497.8491,8.910121,12.8399,9,66.6667,true,5.97849080
37,Base5,1,497.8491,8.910121,12.8399,9,66.6667,true,5.97849080
38,Base5,1,497.8491,8.910121,12.8399,9,66.6667,true,5.97849080
39,Base5,1,497.8491,8.910121,12.8399,9,66.6667,true,5.97849080
40,Base5,1,497.8491,8.910121,12.8399,9,66.6667,true,5.97849080
41,Base5,1,497.8491,8.910121,12.8399,9,66.6667,true,5.97849080
42,Base5,1,497.8491,8.910121,12.8399,9,66.6667,true,5.97849080
43,Base5,1,497.8491,8.910121,12.8399,9,66.6667,true,5.97849080
44,Base5,1,497.8491,8.910121,12.8399,9,66.6667,true,5.97849080
45,Base5,1,497.8491,8.910121,12.8399,9,66.6667,true,5.97849080
46,Base5,1,497.8491,8.910121,12.8399,9,66.6667,true,5.97849080
47,Base5,1,497.8491,8.910121,12.8399,9,66.6667,true,5.97849080
48,Base5,1,497.8491,8.910121,12.8399,9,66.6667,true,5.97849080
49,Base5,1,497.8491,8.910121,12.8399,9,66.6667,true,5.97849080
50,Base5,1,497.8491,8.910121,12.8399,9,66.6667,true,5.97849080
51,Base5,1,497.8491,8.910121,12.8399,9,66.6667,true,5.97849080
52,Base5,1,497.8491,8.910121,12.8399,9,66.6667,true,5.97849080
53,Base5,1,497.8491,8.910121,12.8399,9,66.6667,true,5.97849080
54,Base5,1,497.8491,8.910121,12.8399,9,66.6667,true,5.97849080
55,Base5,1,497.8491,8.910121,12.8399,9,66.6667,true,5.97849080
56,Base5,1,497.8491,8.910121,12.8399,9,66.6667,true,5.97849080
57,Base5,1,497.8491,8.910121,12.8399,9,66.6667,true,5.97849080
58,Base5,1,497.8491,8.910121,12.8399,9,66.6667,true,5.97849080
59,Base5,1,497.8491,8.910121,12.8399,9,66.6667,true,5.97849080
60,Base5,1,497.8491,8.910121,12.8399,9,66.6667,true,5.97849080
61,Base5,1,497.8491,8.910121,12.8399,9,66.6667,true,5.97849080
62,Base5,1,497.8491,8.910121,12.8399,9,66.6667,true,5.97849080
63,Base5,1,497.8491,8.910121,12.8399,9,66.6667,true,5.97849080
64,Base5,1,497.8491,8.910121,12.8399,9,66.6667,true,5.97849080
65,Base5,1,497.8491,8.910121,12.8399,9,66.6667,true,5.97849080
66,Base5,1,497.8491,8.910121,12.8399,9,66.6667,true,5.97849080
67,Base5,1,497.8491,8.910121,12.8399,9,66.6667,true,5.97849080
68,Base5,1,497.8491,8.910121,12.8399,9,66.6667,true,5.97849080
69,Base5,1,497.8491,8.910121,12.8399,9,66.6667,true,5.97849080
70,Base5,1,497.8491,8.910121,12.8399,9,66.6667,true,5.97849080
71,Base5,1,497.8491,8.910121,12.8399,9,66.6667,true,5.97849080
72,Base5,1,497.8491,8.910121,12.8399,9,66.6667,true,5.97849080
73,Base5,1,497.8491,8.910121,12.8399,9,66.6667,true,5.97849080
74,Base5,1,497.8491,8.910121,12.8399,9,66.6667,true,5.97849080
75,Base5,1,497.8491,8.910121,12.8399,9,66.6667,true,5.97849080
76,Base5,1,497.8491,8.910121,12.8399,9,66.6667,true,5.97849080
77,Base5,1,497.8491,8.910121,12.8399,9,66.6667,true,5.97849080
78,Base5,1,497.8491,8.910121,12.8399,9,66.6667,true,5.97849080
79,Base5,1,497.8491,8.910121,12.8399,9,66.6667,true,5.97849080
80,Base5,1,497.8491,8.910121,12.8399,9,66.6667,true,5.97849080
81,Base5,1,497.8491,8.910121,12.8399,9,66.6667,true,5.97849080
82,Base5,1,497.8491,8.910121,12.8399,9,66.6667,true,5.97849080
83,Base5,1,497.8491,8.910121,12.8399,9,66.6667,true,5.97849080
84,Base5,1,497.8491,8.910121,12.8399,9,66.6667,true,5.97849080
85,Base5,1,497.8491,8.910121,12.8399,9,66.6667,true,5.97849080
86,Base5,1,497.8491,8.910121,12.8399,9,66.6667,true,5.97849080
87,Base5,1,497.8491,8.910121,12.8399,9,66.6667,true,5.97849080
88,Base5,1,497.8491,8.910121,12.8399,9,66.6667,true,5.97849080
89,Base5,1,497.8491,8.910121,12.8399,9,66.6667,true,5.97849080
90,Base5,1,497.8491,8.910121,12.8399,9,66.6667,true,5.97849080
91,Base5,1,497.8491,8.910121,12.8399,9,66.6667,true,5.97849080
92,Base5,1,497.8491,8.910121,12.8399,9,66.6667,true,5.97849080
93,Base5,1,497.8491,8.910121,12.8399,9,66.6667,true,5.97849080
94,Base5,1,497.8491,8.910121,12.8399,9,66.6667,true,5.97849080
95,Base5,1,497.8491,8.910121,12.8399,9,66.6667,true,5.97849080
96,Base5,1,497.8491,8.910121,12.8399,9,66.6667,true,5.97849080
97,Base5,1,497.8491,8.910121,12.8399,9,66.6667,true,5.97849080
98,Base5,1,497.8491,8.910121,12.8399,9,66.6667,true,5.97849080
99,Base5,1,497.8491,8.910121,12.8399,9,66.6667,true,5.97849080
100,Base5,1,497.8491,8.910121,12.8399,9,66.6667,true,5.97849080
1,Base5,2,50.0306,3.109681,27.3690,36,63.8889,true,1.50030565
2,Base5,2,91.5757,3.743024,25.0490,31,48.3871,true,1.91575655
3,Base5,2,374.9922,10.989312,10.7017,25,72.0000,true,4.74992157
4,Base5,2,143.2735,10.157247,13.0152,22,68.1818,true,2.43273452
5,Base5,2,225.7889,12.919702,17.1958,20,75.0000,true,3.25788884
6,Base5,2,258.8584,12.156555,19.9826,18,77.7778,true,3.58858385
7,Base5,2,407.2220,9.701281,25.0490,15,86.6667,true,5.07221961
8,Base5,2,301.5841,11.314695,10.1351,14,78.5714,true,4.01584090
9,Base5,2,317.5206,11.811785,10.1351,14,78.5714,true,4.17520606
10,Base5,2,294.8824,12.334072,13.8820,13,76.9231,true,3.94882376
11,Base5,2,214.6825,9.278209,16.3752,13,69.2308,true,3.14682491
12,Base5,2,213.4453,7.560992,25.0490,12,75.0000,true,3.13445289
13,Base5,2,451.8912,15.207367,2.5441,11,81.8182,true,5.51891177
14,Base5,2,384.8575,14.905216,4.8306,11,81.8182,true,4.84857468
15,Base5,2,364.3199,14.970691,4.8306,11,81.8182,true,4.64319934
16,Base5,2,395.2009,15.301680,4.8306,11,81.8182,true,4.95200907
17,Base5,2,254.9397,13.393719,12.6778,11,72.7273,true,3.54939651
18,Base5,2,223.1963,11.775994,11.4446,11,72.7273,true,3.23196309
19,Base5,2,346.1364,15.605990,10.1351,11,72.7273,true,4.46136402
20,Base5,2,349.1447,16.579304,10.1351,10,80.0000,true,4.49144688
21,Base5,2,268.3017,14.580428,12.3560,10,80.0000,true,3.68301705
22,Base5,2,251.0619,12.700230,12.3560,10,80.0000,true,3.51061897
23,Base5,2,281.5467,15.817866,12.3560,10,80.0000,true,3.81546694
24,Base5,2,233.8897,13.959435,12.3560,10,70.0000,true,3.33889704
25,Base5,2,144.5551,7.878041,16.3752,10,60.0000,true,2.44555086
26,Base5,2,121.2425,5.874873,25.0490,10,60.0000,true,2.21242480
27,Base5,2,185.0242,13.798522,12.3560,9,66.6667,true,2.85024155
28,Base5,2,193.4379,14.538494,12.3560,9,66.6667,true,2.93437917
29,Base5,2,172.4968,14.347065,12.3560,9,66.6667,true,2.72496838
30,Base5,2,158.0855,14.303819,12.3560,9,66.6667,true,2.58085489
31,Base5,2,164.6152,14.572815,12.3560,9,66.6667,true,2.64615230
32,Base5,2,174.8666,14.962538,12.3560,9,66.6667,true,2.74866636
33,Base5,2,175.3532,14.985837,12.3560,9,66.6667,true,2.75353207
34,Base5,2,171.1311,14.823012,12.3560,9,66.6667,true,2.71131137
35,Base5,2,169.2171,14.734938,12.3560,9,66.6667,true,2.69217076
36,Base5,2,181.9815,15.237261,12.3560,9,66.6667,true,2.81981478
37,Base5,2,197.9386,15.764329,12.3560,9,66.6667,true,2.97938625
38,Base5,2,199.9082,15.841215,12.3560,9,66.6667,true,2.99908193
39,Base5,2,200.3587,15.872773,12.3560,9,66.6667,true,3.00358660
40,Base5,2,214.7474,16.281225,12.3560,9,66.6667,true,3.14747441
41,Base5,2,215.5595,16.331380,12.3560,9,66.6667,true,3.15559462
42,Base5,2,210.6774,16.226052,12.3560,9,66.6667,true,3.10677383
43,Base5,2,209.8940,16.219985,12.3560,9,66.6667,true,3.09894043
44,Base5,2,223.2564,16.605658,12.3560,9,66.6667,true,3.23256368
45,Base5,2,215.8178,16.425106,12.3560,9,66.6667,true,3.15817764
46,Base5,2,189.3357,15.462695,12.3560,9,66.6667,true,2.89335725
47,Base5,2,189.1679,15.439628,12.3560,9,66.6667,true,2.89167854
48,Base5,2,198.9588,15.840696,12.3560,9,66.6667,true,2.98958839
49,Base5,2,206.8064,16.139781,12.3560,9,66.6667,true,3.06806407
50,Base5,2,232.2971,16.974419,12.3560,9,66.6667,true,3.32297081
51,Base5,2,216.5913,16.490768,12.3560,9,66.6667,true,3.16591318
52,Base5,2,224.0001,16.744739,12.3560,9,66.6667,true,3.24000060
53,Base5,2,227.6748,16.869095,12.3560,9,66.6667,true,3.27674821
54,Base5,2,214.6606,16.405977,12.3560,9,66.6667,true,3.14660554
55,Base5,2,223.0480,16.712602,12.3560,9,66.6667,true,3.23048006
56,Base5,2,226.6204,16.837009,12.3560,9,66.6667,true,3.26620358
57,Base5,2,223.3726,16.714243,12.3560,9,66.6667,true,3.23372612
58,Base5,2,209.1536,16.124662,12.3560,9,66.6667,true,3.09153557
59,Base5,2,212.8175,16.265404,12.3560,9,66.6667,true,3.12817521
60,Base5,2,207.9813,16.032474,12.3560,9,66.6667,true,3.07981331
61,Base5,2,204.3017,15.839107,12.3560,9,66.6667,true,3.04301677
62,Base5,2,204.3017,15.839107,12.3560,9,66.6667,true,3.04301677
63,Base5,2,204.3017,15.839107,12.3560,9,66.6667,true,3.04301677
64,Base5,2,204.3017,15.839107,12.3560,9,66.6667,true,3.04301677
65,Base5,2,204.3017,15.839107,12.3560,9,66.6667,true,3.04301677
66,Base5,2,204.3017,15.839107,12.3560,9,66.6667,true,3.04301677
67,Base5,2,204.3017,15.839107,12.3560,9,66.6667,true,3.04301677
68,Base5,2,204.3017,15.839107,12.3560,9,66.6667,true,3.04301677
69,Base5,2,204.3017,15.839107,12.3560,9,66.6667,true,3.04301677
70,Base5,2,204.3017,15.839107,12.3560,9,66.6667,true,3.04301677
71,Base5,2,204.3017,15.839107,12.3560,9,66.6667,true,3.04301677
72,Base5,2,204.3017,15.839107,12.3560,9,66.6667,true,3.04301677
73,Base5,2,204.3017,15.839107,12.3560,9,66.6667,true,3.04301677
74,Base5,2,204.3017,15.839107,12.3560,9,66.6667,true,3.04301677
75,Base5,2,204.3017,15.839107,12.3560,9,66.6667,true,3.04301677
76,Base5,2,204.3017,15.839107,12.3560,9,66.6667,true,3.04301677
77,Base5,2,204.3017,15.839107,12.3560,9,66.6667,true,3.04301677
78,Base5,2,204.3017,15.839107,12.3560,9,66.6667,true,3.04301677
79,Base5,2,204.3017,15.839107,12.3560,9,66.6667,true,3.04301677
80,Base5,2,204.3017,15.839107,12.3560,9,66.6667,true,3.04301677
81,Base5,2,204.3017,15.839107,12.3560,9,66.6667,true,3.04301677
82,Base5,2,204.3017,15.839107,12.3560,9,66.6667,true,3.04301677
83,Base5,2,204.3017,15.839107,12.3560,9,66.6667,true,3.04301677
84,Base5,2,204.3017,15.839107,12.3560,9,66.6667,true,3.04301677
85,Base5,2,204.3017,15.839107,12.3560,9,66.6667,true,3.04301677
86,Base5,2,204.3017,15.839107,12.3560,9,66.6667,true,3.04301677
87,Base5,2,204.3017,15.839107,12.3560,9,66.6667,true,3.04301677
88,Base5,2,204.3017,15.839107,12.3560,9,66.6667,true,3.04301677
89,Base5,2,204.3017,15.839107,12.3560,9,66.6667,true,3.04301677
90,Base5,2,204.3017,15.839107,12.3560,9,66.6667,true,3.04301677
91,Base5,2,204.3017,15.839107,12.3560,9,66.6667,true,3.04301677
92,Base5,2,204.3017,15.839107,12.3560,9,66.6667,true,3.04301677
93,Base5,2,204.3017,15.839107,12.3560,9,66.6667,true,3.04301677
94,Base5,2,204.3017,15.839107,12.3560,9,66.6667,true,3.04301677
95,Base5,2,204.3017,15.839107,12.3560,9,66.6667,true,3.04301677
96,Base5,2,204.3017,15.839107,12.3560,9,66.6667,true,3.04301677
97,Base5,2,204.3017,15.839107,12.3560,9,66.6667,true,3.04301677
98,Base5,2,204.3017,15.839107,12.3560,9,66.6667,true,3.04301677
99,Base5,2,204.3017,15.839107,12.3560,9,66.6667,true,3.04301677
100,Base5,2,204.3017,15.839107,12.3560,9,66.6667,true,3.04301677
1,Base5,3,71.3541,3.461842,29.6376,45,57.7778,true,1.71354127
2,Base5,3,120.1480,4.805379,28.4615,37,54.0541,true,2.20147968
3,Base5,3,169.6847,6.593934,19.3991,29,62.0690,true,2.69684685
4,Base5,3,104.8362,5.675191,21.1417,27,55.5556,true,2.04836201
5,Base5,3,97.4782,5.422785,31.0567,23,65.2174,true,1.97478246
6,Base5,3,79.8029,4.392519,39.4802,21,52.3810,true,1.79802917
7,Base5,3,25.3128,2.827973,45.7776,20,50.0000,true,1.25312752
8,Base5,3,222.3050,8.728969,37.2257,18,66.6667,true,3.22304989
9,Base5,3,38.3356,3.530522,53.4919,18,55.5556,true,1.38335621
10,Base5,3,-58.8679,-2.203971,75.8086,17,41.1765,false,0.41132072
11,Base5,3,13.2461,2.954314,60.2450,17,47.0588,true,1.13246061
12,Base5,3,68.7150,5.264204,40.2523,15,66.6667,true,1.68714979
13,Base5,3,-41.9000,-0.588665,65.6894,15,40.0000,false,0.58099998
14,Base5,3,-2.1954,2.097576,47.9818,14,50.0000,false,0.97804629
15,Base5,3,10.3803,2.743878,41.0007,14,50.0000,true,1.10380269
16,Base5,3,-22.8970,0.485369,51.1292,14,42.8571,false,0.77103038
17,Base5,3,10.3170,3.313503,55.5991,14,42.8571,true,1.10317001
18,Base5,3,177.3533,8.388076,41.2882,12,50.0000,true,2.77353343
19,Base5,3,156.8336,8.106914,41.2882,12,50.0000,true,2.56833633
20,Base5,3,21.1273,3.406216,42.0722,12,50.0000,true,1.21127334
21,Base5,3,21.1276,3.386459,41.2882,12,50.0000,true,1.21127571
22,Base5,3,-31.0040,-1.666341,59.7586,12,41.6667,false,0.68995993
23,Base5,3,-37.5948,-1.791102,65.3219,12,41.6667,false,0.62405160
24,Base5,3,-23.8246,-0.222563,59.2227,12,41.6667,false,0.76175366
25,Base5,3,-29.1690,-0.496904,60.6519,12,41.6667,false,0.70830992
26,Base5,3,-27.9402,-0.340184,59.5695,12,41.6667,false,0.72059837
27,Base5,3,-12.6185,0.942365,50.7319,11,45.4545,false,0.87381486
28,Base5,3,-24.8548,-0.364967,53.3567,11,45.4545,false,0.75145196
29,Base5,3,-29.2648,-0.806333,51.4526,11,45.4545,false,0.70735152
30,Base5,3,-37.3359,-1.359643,58.2653,11,45.4545,false,0.62664091
31,Base5,3,-35.2265,-0.392241,59.3692,11,45.4545,false,0.64773475
32,Base5,3,-38.8518,-1.080369,59.3692,11,45.4545,false,0.61148204
33,Base5,3,31.2021,4.404335,40.2523,10,60.0000,true,1.31202122
34,Base5,3,-40.6220,-0.602158,63.3801,11,45.4545,false,0.59377998
35,Base5,3,-40.7956,-0.636304,63.3801,11,45.4545,false,0.59204444
36,Base5,3,-33.6988,0.622924,63.5078,11,45.4545,false,0.66301221
37,Base5,3,-33.8364,0.632927,63.7107,11,45.4545,false,0.66163573
38,Base5,3,-37.0946,0.487554,65.6894,11,45.4545,false,0.62905413
39,Base5,3,17.4098,4.135491,40.2523,10,60.0000,true,1.17409769
40,Base5,3,7.5566,3.294372,40.2523,10,60.0000,true,1.07556626
41,Base5,3,-9.1854,2.020382,47.4297,10,50.0000,false,0.90814618
42,Base5,3,11.1656,3.741880,41.2882,10,50.0000,true,1.11165617
43,Base5,3,-0.5192,2.579233,41.2882,10,50.0000,false,0.99480843
44,Base5,3,-2.2809,2.382339,41.2882,10,50.0000,false,0.97719111
45,Base5,3,-10.4537,1.353656,41.2882,10,50.0000,false,0.89546344
46,Base5,3,-7.9286,1.690424,41.2882,10,50.0000,false,0.92071366
47,Base5,3,-33.4667,-2.355161,50.4570,10,50.0000,false,0.66533345
48,Base5,3,-33.4667,-2.355161,50.4570,10,50.0000,false,0.66533345
49,Base5,3,-33.4667,-2.355161,50.4570,10,50.0000,false,0.66533345
50,Base5,3,-33.4667,-2.355161,50.4570,10,50.0000,false,0.66533345
51,Base5,3,-33.4667,-2.355161,50.4570,10,50.0000,false,0.66533345
52,Base5,3,-33.4667,-2.355161,50.4570,10,50.0000,false,0.66533345
53,Base5,3,-33.4667,-2.355161,50.4570,10,50.0000,false,0.66533345
54,Base5,3,-33.4667,-2.355161,50.4570,10,50.0000,false,0.66533345
55,Base5,3,-33.4667,-2.355161,50.4570,10,50.0000,false,0.66533345
56,Base5,3,-33.4667,-2.355161,50.4570,10,50.0000,false,0.66533345
57,Base5,3,-33.4667,-2.355161,50.4570,10,50.0000,false,0.66533345
58,Base5,3,-33.4667,-2.355161,50.4570,10,50.0000,false,0.66533345
59,Base5,3,-33.4667,-2.355161,50.4570,10,50.0000,false,0.66533345
60,Base5,3,-33.4667,-2.355161,50.4570,10,50.0000,false,0.66533345
61,Base5,3,-33.4667,-2.355161,50.4570,10,50.0000,false,0.66533345
62,Base5,3,-33.4667,-2.355161,50.4570,10,50.0000,false,0.66533345
63,Base5,3,-33.4667,-2.355161,50.4570,10,50.0000,false,0.66533345
64,Base5,3,-33.4667,-2.355161,50.4570,10,50.0000,false,0.66533345
65,Base5,3,-33.4667,-2.355161,50.4570,10,50.0000,false,0.66533345
66,Base5,3,-33.4667,-2.355161,50.4570,10,50.0000,false,0.66533345
67,Base5,3,-33.4667,-2.355161,50.4570,10,50.0000,false,0.66533345
68,Base5,3,-33.4667,-2.355161,50.4570,10,50.0000,false,0.66533345
69,Base5,3,-33.4667,-2.355161,50.4570,10,50.0000,false,0.66533345
70,Base5,3,-33.4667,-2.355161,50.4570,10,50.0000,false,0.66533345
71,Base5,3,-33.4667,-2.355161,50.4570,10,50.0000,false,0.66533345
72,Base5,3,-33.4667,-2.355161,50.4570,10,50.0000,false,0.66533345
73,Base5,3,-33.4667,-2.355161,50.4570,10,50.0000,false,0.66533345
74,Base5,3,-33.4667,-2.355161,50.4570,10,50.0000,false,0.66533345
75,Base5,3,-33.4667,-2.355161,50.4570,10,50.0000,false,0.66533345
76,Base5,3,-33.4667,-2.355161,50.4570,10,50.0000,false,0.66533345
77,Base5,3,-33.4667,-2.355161,50.4570,10,50.0000,false,0.66533345
78,Base5,3,-33.4667,-2.355161,50.4570,10,50.0000,false,0.66533345
79,Base5,3,-33.4667,-2.355161,50.4570,10,50.0000,false,0.66533345
80,Base5,3,-33.4667,-2.355161,50.4570,10,50.0000,false,0.66533345
81,Base5,3,-33.4667,-2.355161,50.4570,10,50.0000,false,0.66533345
82,Base5,3,-33.4667,-2.355161,50.4570,10,50.0000,false,0.66533345
83,Base5,3,-33.4667,-2.355161,50.4570,10,50.0000,false,0.66533345
84,Base5,3,-33.4667,-2.355161,50.4570,10,50.0000,false,0.66533345
85,Base5,3,-33.4667,-2.355161,50.4570,10,50.0000,false,0.66533345
86,Base5,3,-33.4667,-2.355161,50.4570,10,50.0000,false,0.66533345
87,Base5,3,-33.4667,-2.355161,50.4570,10,50.0000,false,0.66533345
88,Base5,3,-33.4667,-2.355161,50.4570,10,50.0000,false,0.66533345
89,Base5,3,-33.4667,-2.355161,50.4570,10,50.0000,false,0.66533345
90,Base5,3,-33.4667,-2.355161,50.4570,10,50.0000,false,0.66533345
91,Base5,3,-33.4667,-2.355161,50.4570,10,50.0000,false,0.66533345
92,Base5,3,-33.4667,-2.355161,50.4570,10,50.0000,false,0.66533345
93,Base5,3,-33.4667,-2.355161,50.4570,10,50.0000,false,0.66533345
94,Base5,3,-33.4667,-2.355161,50.4570,10,50.0000,false,0.66533345
95,Base5,3,-33.4667,-2.355161,50.4570,10,50.0000,false,0.66533345
96,Base5,3,-33.4667,-2.355161,50.4570,10,50.0000,false,0.66533345
97,Base5,3,-33.4667,-2.355161,50.4570,10,50.0000,false,0.66533345
98,Base5,3,-33.4667,-2.355161,50.4570,10,50.0000,false,0.66533345
99,Base5,3,-33.4667,-2.355161,50.4570,10,50.0000,false,0.66533345
100,Base5,3,-33.4667,-2.355161,50.4570,10,50.0000,false,0.66533345
1,Base5,4,108.2018,6.802453,13.1427,37,62.1622,true,2.08201766
2,Base5,4,93.1107,6.631151,13.3403,31,64.5161,true,1.93110686
3,Base5,4,15.6534,2.072025,18.4936,27,59.2593,true,1.15653400
4,Base5,4,79.6529,5.581044,19.4115,23,56.5217,true,1.79652884
5,Base5,4,49.9836,4.765310,20.4813,20,65.0000,true,1.49983556
6,Base5,4,54.2117,5.278282,21.9357,19,57.8947,true,1.54211685
7,Base5,4,-2.9274,0.340451,27.8638,18,50.0000,false,0.97072632
8,Base5,4,52.8490,5.443607,29.1106,15,66.6667,true,1.52848962
9,Base5,4,40.4314,5.839597,20.9788,14,71.4286,true,1.40431405
10,Base5,4,-11.2530,-0.529271,30.9904,14,50.0000,false,0.88746957
11,Base5,4,-14.6847,-0.830955,31.1404,14,50.0000,false,0.85315255
12,Base5,4,3.3715,1.331435,29.6144,13,53.8462,true,1.03371459
13,Base5,4,125.7321,12.258540,14.8333,11,72.7273,true,2.25732081
14,Base5,4,97.7853,8.754557,14.8333,11,63.6364,true,1.97785280
15,Base5,4,84.8881,8.568259,14.8333,10,60.0000,true,1.84888082
16,Base5,4,101.7057,13.726426,8.0250,10,60.0000,true,2.01705728
17,Base5,4,60.2132,8.756286,17.3745,10,60.0000,true,1.60213225
18,Base5,4,48.4145,5.674860,25.1527,10,40.0000,true,1.48414468
19,Base5,4,20.5754,3.751234,25.1527,10,40.0000,true,1.20575446
20,Base5,4,37.4641,6.454911,13.5342,9,44.4444,true,1.37464145
21,Base5,4,28.4695,5.724937,13.5342,9,44.4444,true,1.28469467
22,Base5,4,21.1243,4.921448,13.5342,9,44.4444,true,1.21124285
23,Base5,4,21.1496,4.960095,13.5342,9,44.4444,true,1.21149596
24,Base5,4,26.7195,5.627785,13.5342,9,44.4444,true,1.26719461
25,Base5,4,33.2126,6.263987,13.5342,9,44.4444,true,1.33212607
26,Base5,4,31.8606,6.212685,13.5342,9,44.4444,true,1.31860561
27,Base5,4,32.9878,6.362969,13.5342,9,44.4444,true,1.32987761
28,Base5,4,66.7875,8.345694,25.1527,9,44.4444,true,1.66787492
29,Base5,4,62.6877,8.093751,25.1527,9,44.4444,true,1.62687656
30,Base5,4,69.0277,8.541042,25.1527,9,44.4444,true,1.69027685
31,Base5,4,131.0553,13.866995,13.5342,8,50.0000,true,2.31055314
32,Base5,4,105.5414,14.487877,13.5342,8,50.0000,true,2.05541374
33,Base5,4,98.8762,14.263002,13.5342,8,50.0000,true,1.98876223
34,Base5,4,97.4575,14.175383,13.5342,8,50.0000,true,1.97457450
35,Base5,4,31.0191,6.878074,13.5342,9,44.4444,true,1.31019060
36,Base5,4,17.7005,4.040449,16.1481,9,44.4444,true,1.17700542
37,Base5,4,18.5258,3.836441,18.5178,9,44.4444,true,1.18525822
38,Base5,4,19.5848,3.980040,18.5178,9,44.4444,true,1.19584845
39,Base5,4,83.0179,13.595654,13.5342,8,50.0000,true,1.83017874
40,Base5,4,28.9070,5.271395,13.5342,9,44.4444,true,1.28906978
41,Base5,4,31.3599,5.041788,14.8356,9,44.4444,true,1.31359941
42,Base5,4,86.2828,13.761949,13.5342,8,50.0000,true,1.86282814
43,Base5,4,65.7664,12.294375,13.5342,8,50.0000,true,1.65766446
44,Base5,4,60.4882,11.802215,13.5342,8,50.0000,true,1.60488243
45,Base5,4,49.0197,10.813650,13.5342,8,50.0000,true,1.49019737
46,Base5,4,33.6620,8.437126,13.5342,8,50.0000,true,1.33661975
47,Base5,4,33.6620,8.437126,13.5342,8,50.0000,true,1.33661975
48,Base5,4,33.6620,8.437126,13.5342,8,50.0000,true,1.33661975
49,Base5,4,33.6620,8.437126,13.5342,8,50.0000,true,1.33661975
50,Base5,4,33.6620,8.437126,13.5342,8,50.0000,true,1.33661975
51,Base5,4,33.6620,8.437126,13.5342,8,50.0000,true,1.33661975
52,Base5,4,33.6620,8.437126,13.5342,8,50.0000,true,1.33661975
53,Base5,4,33.6620,8.437126,13.5342,8,50.0000,true,1.33661975
54,Base5,4,33.6620,8.437126,13.5342,8,50.0000,true,1.33661975
55,Base5,4,33.6620,8.437126,13.5342,8,50.0000,true,1.33661975
56,Base5,4,33.6620,8.437126,13.5342,8,50.0000,true,1.33661975
57,Base5,4,33.6620,8.437126,13.5342,8,50.0000,true,1.33661975
58,Base5,4,33.6620,8.437126,13.5342,8,50.0000,true,1.33661975
59,Base5,4,33.6620,8.437126,13.5342,8,50.0000,true,1.33661975
60,Base5,4,33.6620,8.437126,13.5342,8,50.0000,true,1.33661975
61,Base5,4,33.6620,8.437126,13.5342,8,50.0000,true,1.33661975
62,Base5,4,33.6620,8.437126,13.5342,8,50.0000,true,1.33661975
63,Base5,4,33.6620,8.437126,13.5342,8,50.0000,true,1.33661975
64,Base5,4,33.6620,8.437126,13.5342,8,50.0000,true,1.33661975
65,Base5,4,33.6620,8.437126,13.5342,8,50.0000,true,1.33661975
66,Base5,4,33.6620,8.437126,13.5342,8,50.0000,true,1.33661975
67,Base5,4,33.6620,8.437126,13.5342,8,50.0000,true,1.33661975
68,Base5,4,33.6620,8.437126,13.5342,8,50.0000,true,1.33661975
69,Base5,4,33.6620,8.437126,13.5342,8,50.0000,true,1.33661975
70,Base5,4,33.6620,8.437126,13.5342,8,50.0000,true,1.33661975
71,Base5,4,33.6620,8.437126,13.5342,8,50.0000,true,1.33661975
72,Base5,4,33.6620,8.437126,13.5342,8,50.0000,true,1.33661975
73,Base5,4,33.6620,8.437126,13.5342,8,50.0000,true,1.33661975
74,Base5,4,33.6620,8.437126,13.5342,8,50.0000,true,1.33661975
75,Base5,4,33.6620,8.437126,13.5342,8,50.0000,true,1.33661975
76,Base5,4,33.6620,8.437126,13.5342,8,50.0000,true,1.33661975
77,Base5,4,33.6620,8.437126,13.5342,8,50.0000,true,1.33661975
78,Base5,4,33.6620,8.437126,13.5342,8,50.0000,true,1.33661975
79,Base5,4,33.6620,8.437126,13.5342,8,50.0000,true,1.33661975
80,Base5,4,33.6620,8.437126,13.5342,8,50.0000,true,1.33661975
81,Base5,4,33.6620,8.437126,13.5342,8,50.0000,true,1.33661975
82,Base5,4,33.6620,8.437126,13.5342,8,50.0000,true,1.33661975
83,Base5,4,33.6620,8.437126,13.5342,8,50.0000,true,1.33661975
84,Base5,4,33.6620,8.437126,13.5342,8,50.0000,true,1.33661975
85,Base5,4,33.6620,8.437126,13.5342,8,50.0000,true,1.33661975
86,Base5,4,33.6620,8.437126,13.5342,8,50.0000,true,1.33661975
87,Base5,4,33.6620,8.437126,13.5342,8,50.0000,true,1.33661975
88,Base5,4,33.6620,8.437126,13.5342,8,50.0000,true,1.33661975
89,Base5,4,33.6620,8.437126,13.5342,8,50.0000,true,1.33661975
90,Base5,4,33.6620,8.437126,13.5342,8,50.0000,true,1.33661975
91,Base5,4,33.6620,8.437126,13.5342,8,50.0000,true,1.33661975
92,Base5,4,33.6620,8.437126,13.5342,8,50.0000,true,1.33661975
93,Base5,4,33.6620,8.437126,13.5342,8,50.0000,true,1.33661975
94,Base5,4,33.6620,8.437126,13.5342,8,50.0000,true,1.33661975
95,Base5,4,33.6620,8.437126,13.5342,8,50.0000,true,1.33661975
96,Base5,4,33.6620,8.437126,13.5342,8,50.0000,true,1.33661975
97,Base5,4,33.6620,8.437126,13.5342,8,50.0000,true,1.33661975
98,Base5,4,33.6620,8.437126,13.5342,8,50.0000,true,1.33661975
99,Base5,4,33.6620,8.437126,13.5342,8,50.0000,true,1.33661975
100,Base5,4,33.6620,8.437126,13.5342,8,50.0000,true,1.33661975
1,Base5,5,35.6690,3.892815,11.6082,30,46.6667,true,1.35668986
2,Base5,5,1.8409,0.726528,16.3928,26,46.1538,true,1.01840934
3,Base5,5,-36.5839,-3.850334,46.0005,25,36.0000,false,0.63416144
4,Base5,5,-8.9126,-0.119859,25.5103,20,35.0000,false,0.91087420
5,Base5,5,-25.5284,-2.299253,34.0523,20,40.0000,false,0.74471599
6,Base5,5,25.9615,3.481482,23.7809,18,50.0000,true,1.25961483
7,Base5,5,-5.0559,0.270049,24.3403,17,35.2941,false,0.94944051
8,Base5,5,-21.0929,-1.861518,25.7349,17,41.1765,false,0.78907084
9,Base5,5,2.2406,1.060441,20.2547,15,53.3333,true,1.02240647
10,Base5,5,1.1655,1.123380,27.3570,15,40.0000,true,1.01165484
11,Base5,5,7.1704,1.928826,25.6962,13,46.1538,true,1.07170352
12,Base5,5,3.1592,1.487378,27.0976,13,38.4615,true,1.03159208
13,Base5,5,-2.8413,0.787154,28.8061,13,38.4615,false,0.97158743
14,Base5,5,-2.4802,0.987889,31.9069,13,38.4615,false,0.97519837
15,Base5,5,-7.7577,0.179022,32.5144,13,46.1538,false,0.92242306
16,Base5,5,-18.0390,-0.783327,37.7911,12,33.3333,false,0.81960998
17,Base5,5,-24.6608,-1.735990,40.8129,13,30.7692,false,0.75339210
18,Base5,5,-24.0706,-2.001789,40.5005,13,30.7692,false,0.75929430
19,Base5,5,-21.9470,-1.611118,37.5506,12,33.3333,false,0.78053000
20,Base5,5,4.3659,1.829440,19.9402,11,36.3636,true,1.04365901
21,Base5,5,4.2424,1.837316,19.6721,11,36.3636,true,1.04242450
22,Base5,5,7.4501,2.260488,19.6721,11,36.3636,true,1.07450055
23,Base5,5,-2.6558,0.993398,22.4975,11,36.3636,false,0.97344164
24,Base5,5,9.9084,2.566630,19.6721,10,40.0000,true,1.09908359
25,Base5,5,6.1327,2.157856,23.9391,9,44.4444,true,1.06132748
26,Base5,5,2.0261,1.507062,23.9391,9,44.4444,true,1.02026060
27,Base5,5,-2.2943,0.732485,23.9391,9,44.4444,false,0.97705663
28,Base5,5,-3.3109,0.537670,23.9391,9,44.4444,false,0.96689099
29,Base5,5,-4.1542,0.372383,23.9391,9,44.4444,false,0.95845813
30,Base5,5,0.0969,1.176709,23.9391,9,44.4444,true,1.00096899
31,Base5,5,-3.6228,0.476505,23.9391,9,44.4444,false,0.96377199
32,Base5,5,-2.6236,0.669860,23.9391,9,44.4444,false,0.97376435
33,Base5,5,0.2297,1.202055,23.9391,9,44.4444,true,1.00229745
34,Base5,5,3.7819,1.823262,23.9391,9,44.4444,true,1.03781943
35,Base5,5,0.5070,1.252210,23.9391,9,44.4444,true,1.00506990
36,Base5,5,1.5813,1.444348,23.9391,9,44.4444,true,1.01581313
37,Base5,5,1.5062,1.430868,23.9391,9,44.4444,true,1.01506226
38,Base5,5,1.0268,1.344821,23.9391,9,44.4444,true,1.01026824
39,Base5,5,2.0665,1.529272,23.9391,9,44.4444,true,1.02066492
40,Base5,5,-0.5327,1.058931,23.9391,9,44.4444,false,0.99467322
41,Base5,5,-3.7094,0.454557,23.9391,9,44.4444,false,0.96290560
42,Base5,5,-3.7094,0.454557,23.9391,9,44.4444,false,0.96290560
43,Base5,5,-3.7094,0.454557,23.9391,9,44.4444,false,0.96290560
44,Base5,5,-3.7094,0.454557,23.9391,9,44.4444,false,0.96290560
45,Base5,5,-3.7094,0.454557,23.9391,9,44.4444,false,0.96290560
46,Base5,5,-3.7094,0.454557,23.9391,9,44.4444,false,0.96290560
47,Base5,5,-3.7094,0.454557,23.9391,9,44.4444,false,0.96290560
48,Base5,5,-3.7094,0.454557,23.9391,9,44.4444,false,0.96290560
49,Base5,5,-3.7094,0.454557,23.9391,9,44.4444,false,0.96290560
50,Base5,5,-3.7094,0.454557,23.9391,9,44.4444,false,0.96290560
51,Base5,5,-3.7094,0.454557,23.9391,9,44.4444,false,0.96290560
52,Base5,5,-3.7094,0.454557,23.9391,9,44.4444,false,0.96290560
53,Base5,5,-3.7094,0.454557,23.9391,9,44.4444,false,0.96290560
54,Base5,5,-3.7094,0.454557,23.9391,9,44.4444,false,0.96290560
55,Base5,5,-3.7094,0.454557,23.9391,9,44.4444,false,0.96290560
56,Base5,5,-3.7094,0.454557,23.9391,9,44.4444,false,0.96290560
57,Base5,5,-3.7094,0.454557,23.9391,9,44.4444,false,0.96290560
58,Base5,5,-3.7094,0.454557,23.9391,9,44.4444,false,0.96290560
59,Base5,5,-3.7094,0.454557,23.9391,9,44.4444,false,0.96290560
60,Base5,5,-3.7094,0.454557,23.9391,9,44.4444,false,0.96290560
61,Base5,5,-3.7094,0.454557,23.9391,9,44.4444,false,0.96290560
62,Base5,5,-3.7094,0.454557,23.9391,9,44.4444,false,0.96290560
63,Base5,5,-3.7094,0.454557,23.9391,9,44.4444,false,0.96290560
64,Base5,5,-3.7094,0.454557,23.9391,9,44.4444,false,0.96290560
65,Base5,5,-3.7094,0.454557,23.9391,9,44.4444,false,0.96290560
66,Base5,5,-3.7094,0.454557,23.9391,9,44.4444,false,0.96290560
67,Base5,5,-3.7094,0.454557,23.9391,9,44.4444,false,0.96290560
68,Base5,5,-3.7094,0.454557,23.9391,9,44.4444,false,0.96290560
69,Base5,5,-3.7094,0.454557,23.9391,9,44.4444,false,0.96290560
70,Base5,5,-3.7094,0.454557,23.9391,9,44.4444,false,0.96290560
71,Base5,5,-3.7094,0.454557,23.9391,9,44.4444,false,0.96290560
72,Base5,5,-3.7094,0.454557,23.9391,9,44.4444,false,0.96290560
73,Base5,5,-3.7094,0.454557,23.9391,9,44.4444,false,0.96290560
74,Base5,5,-3.7094,0.454557,23.9391,9,44.4444,false,0.96290560
75,Base5,5,-3.7094,0.454557,23.9391,9,44.4444,false,0.96290560
76,Base5,5,-3.7094,0.454557,23.9391,9,44.4444,false,0.96290560
77,Base5,5,-3.7094,0.454557,23.9391,9,44.4444,false,0.96290560
78,Base5,5,-3.7094,0.454557,23.9391,9,44.4444,false,0.96290560
79,Base5,5,-3.7094,0.454557,23.9391,9,44.4444,false,0.96290560
80,Base5,5,-3.7094,0.454557,23.9391,9,44.4444,false,0.96290560
81,Base5,5,-3.7094,0.454557,23.9391,9,44.4444,false,0.96290560
82,Base5,5,-3.7094,0.454557,23.9391,9,44.4444,false,0.96290560
83,Base5,5,-3.7094,0.454557,23.9391,9,44.4444,false,0.96290560
84,Base5,5,-3.7094,0.454557,23.9391,9,44.4444,false,0.96290560
85,Base5,5,-3.7094,0.454557,23.9391,9,44.4444,false,0.96290560
86,Base5,5,-3.7094,0.454557,23.9391,9,44.4444,false,0.96290560
87,Base5,5,-3.7094,0.454557,23.9391,9,44.4444,false,0.96290560
88,Base5,5,-3.7094,0.454557,23.9391,9,44.4444,false,0.96290560
89,Base5,5,-3.7094,0.454557,23.9391,9,44.4444,false,0.96290560
90,Base5,5,-3.7094,0.454557,23.9391,9,44.4444,false,0.96290560
91,Base5,5,-3.7094,0.454557,23.9391,9,44.4444,false,0.96290560
92,Base5,5,-3.7094,0.454557,23.9391,9,44.4444,false,0.96290560
93,Base5,5,-3.7094,0.454557,23.9391,9,44.4444,false,0.96290560
94,Base5,5,-3.7094,0.454557,23.9391,9,44.4444,false,0.96290560
95,Base5,5,-3.7094,0.454557,23.9391,9,44.4444,false,0.96290560
96,Base5,5,-3.7094,0.454557,23.9391,9,44.4444,false,0.96290560
97,Base5,5,-3.7094,0.454557,23.9391,9,44.4444,false,0.96290560
98,Base5,5,-3.7094,0.454557,23.9391,9,44.4444,false,0.96290560
99,Base5,5,-3.7094,0.454557,23.9391,9,44.4444,false,0.96290560
100,Base5,5,-3.7094,0.454557,23.9391,9,44.4444,false,0.96290560
1,NoDOGE,0,261.8490,8.892217,30.0752,36,72.2222,true,3.61848953
2,NoDOGE,0,148.2337,5.292087,46.0983,33,66.6667,true,2.48233709
3,NoDOGE,0,117.1843,4.902083,61.6003,27,59.2593,true,2.17184304
4,NoDOGE,0,310.4019,8.304754,67.4043,23,69.5652,true,4.10401852
5,NoDOGE,0,398.1724,8.689983,58.4974,22,63.6364,true,4.98172394
6,NoDOGE,0,155.7798,6.485364,58.7746,20,65.0000,true,2.55779824
7,NoDOGE,0,377.1785,8.844271,50.1785,19,57.8947,true,4.77178482
8,NoDOGE,0,278.7627,7.776234,58.7918,17,52.9412,true,3.78762678
9,NoDOGE,0,312.0690,7.953978,54.5961,17,52.9412,true,4.12068965
10,NoDOGE,0,211.4631,7.420797,54.5961,17,52.9412,true,3.11463119
11,NoDOGE,0,82.7241,5.712940,54.5961,16,62.5000,true,1.82724144
12,NoDOGE,0,379.5913,9.479158,54.5961,14,57.1429,true,4.79591349
13,NoDOGE,0,330.3710,10.067816,54.5961,14,57.1429,true,4.30371032
14,NoDOGE,0,307.1851,9.228554,54.5961,14,57.1429,true,4.07185061
15,NoDOGE,0,149.9929,7.168765,54.5961,14,50.0000,true,2.49992913
16,NoDOGE,0,563.9767,10.784926,54.5961,14,57.1429,true,6.63976719
17,NoDOGE,0,433.8661,11.025223,52.2376,12,66.6667,true,5.33866077
18,NoDOGE,0,314.4518,9.132751,52.2376,12,50.0000,true,4.14451794
19,NoDOGE,0,417.4210,10.523100,52.2376,11,54.5455,true,5.17421031
20,NoDOGE,0,139.7011,7.015279,52.2376,12,50.0000,true,2.39701084
21,NoDOGE,0,113.8228,6.661498,52.2376,12,50.0000,true,2.13822801
22,NoDOGE,0,109.2046,6.706512,52.2376,12,50.0000,true,2.09204622
23,NoDOGE,0,102.6321,6.598082,52.2376,12,50.0000,true,2.02632060
24,NoDOGE,0,221.1747,9.526896,52.2376,11,54.5455,true,3.21174668
25,NoDOGE,0,208.4484,9.180868,52.2376,11,54.5455,true,3.08448423
26,NoDOGE,0,904.0573,18.633985,20.7753,9,66.6667,true,10.04057275
27,NoDOGE,0,573.1849,13.725100,20.7753,9,66.6667,true,6.73184898
28,NoDOGE,0,729.6774,14.683001,20.7753,9,66.6667,true,8.29677376
29,NoDOGE,0,597.2483,13.798782,20.7753,9,66.6667,true,6.97248345
30,NoDOGE,0,570.9218,12.082263,24.0155,9,55.5556,true,6.70921827
31,NoDOGE,0,420.6914,11.128798,40.2871,9,55.5556,true,5.20691374
32,NoDOGE,0,494.8693,11.789053,23.5434,9,55.5556,true,5.94869295
33,NoDOGE,0,434.1494,10.516550,27.0552,9,55.5556,true,5.34149442
34,NoDOGE,0,527.6072,10.701773,20.7753,9,55.5556,true,6.27607203
35,NoDOGE,0,459.1155,10.629915,20.7753,9,55.5556,true,5.59115458
36,NoDOGE,0,470.0073,10.757447,20.7753,9,55.5556,true,5.70007328
37,NoDOGE,0,516.8787,10.612400,20.7753,9,55.5556,true,6.16878722
38,NoDOGE,0,453.8829,10.527446,20.7753,9,44.4444,true,5.53882909
39,NoDOGE,0,607.3215,11.291099,20.7753,8,50.0000,true,7.07321529
40,NoDOGE,0,608.3247,11.464800,20.7753,8,50.0000,true,7.08324650
41,NoDOGE,0,574.6907,11.575883,20.7753,8,50.0000,true,6.74690725
42,NoDOGE,0,574.0895,11.680344,20.7753,8,50.0000,true,6.74089499
43,NoDOGE,0,547.6277,11.733136,20.7753,8,50.0000,true,6.47627713
44,NoDOGE,0,539.8824,11.906660,20.7753,8,50.0000,true,6.39882402
45,NoDOGE,0,506.7162,12.092833,20.7753,8,50.0000,true,6.06716212
46,NoDOGE,0,461.3965,11.936747,20.7753,8,50.0000,true,5.61396481
47,NoDOGE,0,481.1599,12.128341,20.9254,8,50.0000,true,5.81159884
48,NoDOGE,0,461.0548,12.041490,24.4042,8,50.0000,true,5.61054767
49,NoDOGE,0,455.8739,11.948317,24.4042,8,50.0000,true,5.55873905
50,NoDOGE,0,862.1785,13.831766,20.7753,7,71.4286,true,9.62178534
51,NoDOGE,0,855.6362,13.809991,20.7753,7,71.4286,true,9.55636248
52,NoDOGE,0,843.7020,13.770591,20.7753,7,71.4286,true,9.43702019
53,NoDOGE,0,853.4692,13.859753,20.7753,7,71.4286,true,9.53469233
54,NoDOGE,0,781.4627,13.532881,20.7753,7,71.4286,true,8.81462659
55,NoDOGE,0,788.9209,13.806513,20.7753,7,57.1429,true,8.88920922
56,NoDOGE,0,775.2396,13.658218,20.7753,7,57.1429,true,8.75239553
57,NoDOGE,0,859.3610,14.308943,20.7753,7,57.1429,true,9.59361008
58,NoDOGE,0,852.0451,14.331142,20.7753,7,57.1429,true,9.52045072
59,NoDOGE,0,879.1765,14.415980,20.7753,7,57.1429,true,9.79176455
60,NoDOGE,0,793.7145,14.569638,20.7753,7,57.1429,true,8.93714511
61,NoDOGE,0,735.6229,14.037188,20.7753,7,57.1429,true,8.35622880
62,NoDOGE,0,724.5108,13.891562,20.7753,7,57.1429,true,8.24510795
63,NoDOGE,0,825.7397,14.661878,20.7753,7,57.1429,true,9.25739719
64,NoDOGE,0,801.8444,14.413479,20.7753,7,57.1429,true,9.01844362
65,NoDOGE,0,798.0635,14.328488,20.7753,7,57.1429,true,8.98063459
66,NoDOGE,0,766.6574,14.021303,20.7753,7,57.1429,true,8.66657419
67,NoDOGE,0,792.0013,14.172443,20.7753,7,57.1429,true,8.92001289
68,NoDOGE,0,804.8800,14.222691,20.7753,7,57.1429,true,9.04879992
69,NoDOGE,0,811.7579,14.224863,20.7753,7,57.1429,true,9.11757874
70,NoDOGE,0,862.8170,14.675510,20.7753,7,57.1429,true,9.62817026
71,NoDOGE,0,923.2107,14.915055,20.7753,7,57.1429,true,10.23210696
72,NoDOGE,0,1009.6335,15.797123,20.7753,6,66.6667,true,11.09633468
73,NoDOGE,0,1000.7265,15.665467,20.7753,6,66.6667,true,11.00726497
74,NoDOGE,0,952.8382,15.234820,20.7753,6,66.6667,true,10.52838157
75,NoDOGE,0,989.1816,15.453320,20.7753,6,66.6667,true,10.89181554
76,NoDOGE,0,987.7900,15.382055,20.7753,6,66.6667,true,10.87789999
77,NoDOGE,0,1010.9499,15.498260,20.7753,6,66.6667,true,11.10949908
78,NoDOGE,0,933.2673,14.849159,20.7753,6,66.6667,true,10.33267264
79,NoDOGE,0,878.6758,14.379904,20.7753,6,66.6667,true,9.78675778
80,NoDOGE,0,878.6758,14.379904,20.7753,6,66.6667,true,9.78675778
81,NoDOGE,0,878.6758,14.379904,20.7753,6,66.6667,true,9.78675778
82,NoDOGE,0,878.6758,14.379904,20.7753,6,66.6667,true,9.78675778
83,NoDOGE,0,878.6758,14.379904,20.7753,6,66.6667,true,9.78675778
84,NoDOGE,0,878.6758,14.379904,20.7753,6,66.6667,true,9.78675778
85,NoDOGE,0,878.6758,14.379904,20.7753,6,66.6667,true,9.78675778
86,NoDOGE,0,878.6758,14.379904,20.7753,6,66.6667,true,9.78675778
87,NoDOGE,0,878.6758,14.379904,20.7753,6,66.6667,true,9.78675778
88,NoDOGE,0,878.6758,14.379904,20.7753,6,66.6667,true,9.78675778
89,NoDOGE,0,878.6758,14.379904,20.7753,6,66.6667,true,9.78675778
90,NoDOGE,0,878.6758,14.379904,20.7753,6,66.6667,true,9.78675778
91,NoDOGE,0,878.6758,14.379904,20.7753,6,66.6667,true,9.78675778
92,NoDOGE,0,878.6758,14.379904,20.7753,6,66.6667,true,9.78675778
93,NoDOGE,0,878.6758,14.379904,20.7753,6,66.6667,true,9.78675778
94,NoDOGE,0,878.6758,14.379904,20.7753,6,66.6667,true,9.78675778
95,NoDOGE,0,878.6758,14.379904,20.7753,6,66.6667,true,9.78675778
96,NoDOGE,0,878.6758,14.379904,20.7753,6,66.6667,true,9.78675778
97,NoDOGE,0,878.6758,14.379904,20.7753,6,66.6667,true,9.78675778
98,NoDOGE,0,878.6758,14.379904,20.7753,6,66.6667,true,9.78675778
99,NoDOGE,0,878.6758,14.379904,20.7753,6,66.6667,true,9.78675778
100,NoDOGE,0,878.6758,14.379904,20.7753,6,66.6667,true,9.78675778
1,NoDOGE,1,58.0949,8.104829,7.3265,22,59.0909,true,1.58094870
2,NoDOGE,1,40.9775,6.281195,13.2586,19,52.6316,true,1.40977462
3,NoDOGE,1,77.8701,9.061882,13.8007,16,62.5000,true,1.77870141
4,NoDOGE,1,93.2477,12.829620,9.3367,14,64.2857,true,1.93247714
5,NoDOGE,1,22.3281,3.720493,25.1378,13,61.5385,true,1.22328094
6,NoDOGE,1,49.7132,8.322688,11.1717,11,54.5455,true,1.49713224
7,NoDOGE,1,48.8025,9.264176,13.8735,10,70.0000,true,1.48802462
8,NoDOGE,1,-21.1756,-3.683436,25.1737,10,50.0000,false,0.78824432
9,NoDOGE,1,-7.5041,-1.310629,18.2251,10,50.0000,false,0.92495881
10,NoDOGE,1,-11.6051,-2.216551,17.5749,10,40.0000,false,0.88394854
11,NoDOGE,1,-15.6607,-2.478529,20.0949,9,44.4444,false,0.84339292
12,NoDOGE,1,-18.2889,-3.816044,26.6123,9,44.4444,false,0.81711093
13,NoDOGE,1,-19.5691,-3.847095,26.6123,9,44.4444,false,0.80430881
14,NoDOGE,1,-24.0263,-4.394351,26.6123,9,44.4444,false,0.75973735
15,NoDOGE,1,-19.2849,-3.691696,26.6123,9,44.4444,false,0.80715096
16,NoDOGE,1,-12.2686,-2.303477,26.6123,8,50.0000,false,0.87731429
17,NoDOGE,1,-15.6526,-3.440402,26.6123,8,50.0000,false,0.84347429
18,NoDOGE,1,-16.5306,-3.730849,26.6123,8,50.0000,false,0.83469354
19,NoDOGE,1,-18.3088,-4.340731,26.6123,8,50.0000,false,0.81691186
20,NoDOGE,1,-14.4481,-2.972908,26.6123,8,50.0000,false,0.85551949
21,NoDOGE,1,-19.2532,-4.621926,26.6123,8,50.0000,false,0.80746763
22,NoDOGE,1,-19.2311,-4.587414,26.6123,8,50.0000,false,0.80768898
23,NoDOGE,1,-18.5525,-4.327106,26.6123,8,50.0000,false,0.81447526
24,NoDOGE,1,-18.7729,-4.378341,26.6123,8,50.0000,false,0.81227096
25,NoDOGE,1,-16.3696,-3.542683,26.6123,8,50.0000,false,0.83630362
26,NoDOGE,1,-18.7285,-4.315080,26.6123,8,50.0000,false,0.81271452
27,NoDOGE,1,-21.5926,-5.252626,26.6123,8,37.5000,false,0.78407378
28,NoDOGE,1,-21.5926,-5.252626,26.6123,8,37.5000,false,0.78407378
29,NoDOGE,1,-21.5926,-5.252626,26.6123,8,37.5000,false,0.78407378
30,NoDOGE,1,-21.5926,-5.252626,26.6123,8,37.5000,false,0.78407378
31,NoDOGE,1,-21.5926,-5.252626,26.6123,8,37.5000,false,0.78407378
32,NoDOGE,1,-21.5926,-5.252626,26.6123,8,37.5000,false,0.78407378
33,NoDOGE,1,-21.5926,-5.252626,26.6123,8,37.5000,false,0.78407378
34,NoDOGE,1,-21.5926,-5.252626,26.6123,8,37.5000,false,0.78407378
35,NoDOGE,1,-21.5926,-5.252626,26.6123,8,37.5000,false,0.78407378
36,NoDOGE,1,-21.5926,-5.252626,26.6123,8,37.5000,false,0.78407378
37,NoDOGE,1,-21.5926,-5.252626,26.6123,8,37.5000,false,0.78407378
38,NoDOGE,1,-21.5926,-5.252626,26.6123,8,37.5000,false,0.78407378
39,NoDOGE,1,-21.5926,-5.252626,26.6123,8,37.5000,false,0.78407378
40,NoDOGE,1,-21.5926,-5.252626,26.6123,8,37.5000,false,0.78407378
41,NoDOGE,1,-21.5926,-5.252626,26.6123,8,37.5000,false,0.78407378
42,NoDOGE,1,-21.5926,-5.252626,26.6123,8,37.5000,false,0.78407378
43,NoDOGE,1,-21.5926,-5.252626,26.6123,8,37.5000,false,0.78407378
44,NoDOGE,1,-21.5926,-5.252626,26.6123,8,37.5000,false,0.78407378
45,NoDOGE,1,-21.5926,-5.252626,26.6123,8,37.5000,false,0.78407378
46,NoDOGE,1,-21.5926,-5.252626,26.6123,8,37.5000,false,0.78407378
47,NoDOGE,1,-21.5926,-5.252626,26.6123,8,37.5000,false,0.78407378
48,NoDOGE,1,-21.5926,-5.252626,26.6123,8,37.5000,false,0.78407378
49,NoDOGE,1,-21.5926,-5.252626,26.6123,8,37.5000,false,0.78407378
50,NoDOGE,1,-21.5926,-5.252626,26.6123,8,37.5000,false,0.78407378
51,NoDOGE,1,-21.5926,-5.252626,26.6123,8,37.5000,false,0.78407378
52,NoDOGE,1,-21.5926,-5.252626,26.6123,8,37.5000,false,0.78407378
53,NoDOGE,1,-21.5926,-5.252626,26.6123,8,37.5000,false,0.78407378
54,NoDOGE,1,-21.5926,-5.252626,26.6123,8,37.5000,false,0.78407378
55,NoDOGE,1,-21.5926,-5.252626,26.6123,8,37.5000,false,0.78407378
56,NoDOGE,1,-21.5926,-5.252626,26.6123,8,37.5000,false,0.78407378
57,NoDOGE,1,-21.5926,-5.252626,26.6123,8,37.5000,false,0.78407378
58,NoDOGE,1,-21.5926,-5.252626,26.6123,8,37.5000,false,0.78407378
59,NoDOGE,1,-21.5926,-5.252626,26.6123,8,37.5000,false,0.78407378
60,NoDOGE,1,-21.5926,-5.252626,26.6123,8,37.5000,false,0.78407378
61,NoDOGE,1,-21.5926,-5.252626,26.6123,8,37.5000,false,0.78407378
62,NoDOGE,1,-21.5926,-5.252626,26.6123,8,37.5000,false,0.78407378
63,NoDOGE,1,-21.5926,-5.252626,26.6123,8,37.5000,false,0.78407378
64,NoDOGE,1,-21.5926,-5.252626,26.6123,8,37.5000,false,0.78407378
65,NoDOGE,1,-21.5926,-5.252626,26.6123,8,37.5000,false,0.78407378
66,NoDOGE,1,-21.5926,-5.252626,26.6123,8,37.5000,false,0.78407378
67,NoDOGE,1,-21.5926,-5.252626,26.6123,8,37.5000,false,0.78407378
68,NoDOGE,1,-21.5926,-5.252626,26.6123,8,37.5000,false,0.78407378
69,NoDOGE,1,-21.5926,-5.252626,26.6123,8,37.5000,false,0.78407378
70,NoDOGE,1,-21.5926,-5.252626,26.6123,8,37.5000,false,0.78407378
71,NoDOGE,1,-21.5926,-5.252626,26.6123,8,37.5000,false,0.78407378
72,NoDOGE,1,-21.5926,-5.252626,26.6123,8,37.5000,false,0.78407378
73,NoDOGE,1,-21.5926,-5.252626,26.6123,8,37.5000,false,0.78407378
74,NoDOGE,1,-21.5926,-5.252626,26.6123,8,37.5000,false,0.78407378
75,NoDOGE,1,-21.5926,-5.252626,26.6123,8,37.5000,false,0.78407378
76,NoDOGE,1,-21.5926,-5.252626,26.6123,8,37.5000,false,0.78407378
77,NoDOGE,1,-21.5926,-5.252626,26.6123,8,37.5000,false,0.78407378
78,NoDOGE,1,-21.5926,-5.252626,26.6123,8,37.5000,false,0.78407378
79,NoDOGE,1,-21.5926,-5.252626,26.6123,8,37.5000,false,0.78407378
80,NoDOGE,1,-21.5926,-5.252626,26.6123,8,37.5000,false,0.78407378
81,NoDOGE,1,-21.5926,-5.252626,26.6123,8,37.5000,false,0.78407378
82,NoDOGE,1,-21.5926,-5.252626,26.6123,8,37.5000,false,0.78407378
83,NoDOGE,1,-21.5926,-5.252626,26.6123,8,37.5000,false,0.78407378
84,NoDOGE,1,-21.5926,-5.252626,26.6123,8,37.5000,false,0.78407378
85,NoDOGE,1,-21.5926,-5.252626,26.6123,8,37.5000,false,0.78407378
86,NoDOGE,1,-21.5926,-5.252626,26.6123,8,37.5000,false,0.78407378
87,NoDOGE,1,-21.5926,-5.252626,26.6123,8,37.5000,false,0.78407378
88,NoDOGE,1,-21.5926,-5.252626,26.6123,8,37.5000,false,0.78407378
89,NoDOGE,1,-21.5926,-5.252626,26.6123,8,37.5000,false,0.78407378
90,NoDOGE,1,-21.5926,-5.252626,26.6123,8,37.5000,false,0.78407378
91,NoDOGE,1,-21.5926,-5.252626,26.6123,8,37.5000,false,0.78407378
92,NoDOGE,1,-21.5926,-5.252626,26.6123,8,37.5000,false,0.78407378
93,NoDOGE,1,-21.5926,-5.252626,26.6123,8,37.5000,false,0.78407378
94,NoDOGE,1,-21.5926,-5.252626,26.6123,8,37.5000,false,0.78407378
95,NoDOGE,1,-21.5926,-5.252626,26.6123,8,37.5000,false,0.78407378
96,NoDOGE,1,-21.5926,-5.252626,26.6123,8,37.5000,false,0.78407378
97,NoDOGE,1,-21.5926,-5.252626,26.6123,8,37.5000,false,0.78407378
98,NoDOGE,1,-21.5926,-5.252626,26.6123,8,37.5000,false,0.78407378
99,NoDOGE,1,-21.5926,-5.252626,26.6123,8,37.5000,false,0.78407378
100,NoDOGE,1,-21.5926,-5.252626,26.6123,8,37.5000,false,0.78407378
1,NoDOGE,2,65.5343,3.401984,17.0427,34,61.7647,true,1.65534294
2,NoDOGE,2,140.9529,4.319948,25.0490,29,51.7241,true,2.40952865
3,NoDOGE,2,159.0097,4.596364,44.8830,25,52.0000,true,2.59009657
4,NoDOGE,2,260.3309,7.015106,20.1638,21,57.1429,true,3.60330915
5,NoDOGE,2,221.2147,8.981610,13.8622,18,66.6667,true,3.21214715
6,NoDOGE,2,134.4000,5.553130,42.0638,18,72.2222,true,2.34399982
7,NoDOGE,2,157.5769,5.583914,29.0641,16,62.5000,true,2.57576868
8,NoDOGE,2,136.3899,6.329678,32.4137,14,57.1429,true,2.36389874
9,NoDOGE,2,343.0997,9.514478,13.8622,13,69.2308,true,4.43099662
10,NoDOGE,2,218.6996,8.424513,13.8820,13,61.5385,true,3.18699623
11,NoDOGE,2,157.2165,6.857749,16.3752,13,53.8462,true,2.57216492
12,NoDOGE,2,142.8462,5.830218,25.0490,13,53.8462,true,2.42846241
13,NoDOGE,2,236.8565,9.185032,33.0931,12,50.0000,true,3.36856473
14,NoDOGE,2,159.3294,6.880554,45.5969,11,54.5455,true,2.59329407
15,NoDOGE,2,292.3370,11.043708,18.5647,11,63.6364,true,3.92337030
16,NoDOGE,2,360.7462,12.067901,19.1329,11,63.6364,true,4.60746213
17,NoDOGE,2,350.1568,12.133767,22.1705,11,63.6364,true,4.50156772
18,NoDOGE,2,234.6238,10.632874,16.8193,10,60.0000,true,3.34623787
19,NoDOGE,2,361.9108,13.365163,17.0900,10,60.0000,true,4.61910759
20,NoDOGE,2,301.6290,11.875323,17.5766,10,60.0000,true,4.01628954
21,NoDOGE,2,195.3967,9.691908,26.4165,10,50.0000,true,2.95396679
22,NoDOGE,2,263.4746,11.093821,26.4165,9,66.6667,true,3.63474638
23,NoDOGE,2,295.0373,12.374531,26.4165,9,66.6667,true,3.95037307
24,NoDOGE,2,245.6953,10.990020,26.4165,9,55.5556,true,3.45695276
25,NoDOGE,2,153.2020,7.910949,26.4165,9,44.4444,true,2.53201992
26,NoDOGE,2,129.0651,6.413665,26.4165,9,44.4444,true,2.29065105
27,NoDOGE,2,195.1020,11.129305,26.4165,8,50.0000,true,2.95101953
28,NoDOGE,2,203.8132,11.446065,26.4165,8,50.0000,true,3.03813207
29,NoDOGE,2,182.1317,10.845359,26.4165,8,50.0000,true,2.82131700
30,NoDOGE,2,167.2108,10.392344,26.4165,8,50.0000,true,2.67210798
31,NoDOGE,2,173.9714,10.603086,26.4165,8,50.0000,true,2.73971416
32,NoDOGE,2,184.5853,10.944948,26.4165,8,50.0000,true,2.84585288
33,NoDOGE,2,185.0891,10.928391,26.4165,8,50.0000,true,2.85089063
34,NoDOGE,2,180.7177,10.738281,26.4165,8,50.0000,true,2.80717710
35,NoDOGE,2,178.7360,10.630582,26.4165,8,50.0000,true,2.78735972
36,NoDOGE,2,191.9517,11.064599,26.4165,8,50.0000,true,2.91951694
37,NoDOGE,2,208.4730,11.589608,26.4165,8,50.0000,true,3.08473050
38,NoDOGE,2,210.5123,11.625415,26.4165,8,50.0000,true,3.10512257
39,NoDOGE,2,210.9787,11.609352,26.4165,8,50.0000,true,3.10978651
40,NoDOGE,2,225.8762,12.057446,26.4165,8,50.0000,true,3.25876187
41,NoDOGE,2,226.7169,12.055150,26.4165,8,50.0000,true,3.26716919
42,NoDOGE,2,221.6622,11.863954,26.4165,8,50.0000,true,3.21662220
43,NoDOGE,2,220.8512,11.806150,26.4165,8,50.0000,true,3.20851184
44,NoDOGE,2,234.6860,12.217541,26.4165,8,50.0000,true,3.34685969
45,NoDOGE,2,226.9844,11.942082,26.4165,8,50.0000,true,3.26984353
46,NoDOGE,2,199.5660,10.978309,26.4165,8,50.0000,true,2.99565971
47,NoDOGE,2,199.3922,10.936301,26.4165,8,50.0000,true,2.99392165
48,NoDOGE,2,209.5293,11.255605,26.4165,8,50.0000,true,3.09529336
49,NoDOGE,2,217.6544,11.499254,26.4165,8,50.0000,true,3.17654375
50,NoDOGE,2,244.0463,12.330762,26.4165,8,50.0000,true,3.44046342
51,NoDOGE,2,227.7853,11.771456,26.4165,8,50.0000,true,3.27785258
52,NoDOGE,2,235.4560,11.990939,26.4165,8,50.0000,true,3.35455956
53,NoDOGE,2,239.2606,12.081953,26.4165,8,50.0000,true,3.39260649
54,NoDOGE,2,225.7862,11.602162,26.4165,8,50.0000,true,3.25786227
55,NoDOGE,2,234.4702,11.858247,26.4165,8,50.0000,true,3.34470240
56,NoDOGE,2,238.1689,11.946632,26.4165,8,50.0000,true,3.38168903
57,NoDOGE,2,234.8063,11.801595,26.4165,8,50.0000,true,3.34806324
58,NoDOGE,2,220.0845,11.269057,26.4165,8,50.0000,true,3.20084516
59,NoDOGE,2,223.8780,11.364247,26.4165,8,50.0000,true,3.23878029
60,NoDOGE,2,218.8708,11.157612,26.4165,8,50.0000,true,3.18870843
61,NoDOGE,2,215.0611,10.990985,26.4165,8,50.0000,true,3.15061084
62,NoDOGE,2,215.0611,10.990985,26.4165,8,50.0000,true,3.15061084
63,NoDOGE,2,215.0611,10.990985,26.4165,8,50.0000,true,3.15061084
64,NoDOGE,2,215.0611,10.990985,26.4165,8,50.0000,true,3.15061084
65,NoDOGE,2,215.0611,10.990985,26.4165,8,50.0000,true,3.15061084
66,NoDOGE,2,215.0611,10.990985,26.4165,8,50.0000,true,3.15061084
67,NoDOGE,2,215.0611,10.990985,26.4165,8,50.0000,true,3.15061084
68,NoDOGE,2,215.0611,10.990985,26.4165,8,50.0000,true,3.15061084
69,NoDOGE,2,215.0611,10.990985,26.4165,8,50.0000,true,3.15061084
70,NoDOGE,2,215.0611,10.990985,26.4165,8,50.0000,true,3.15061084
71,NoDOGE,2,215.0611,10.990985,26.4165,8,50.0000,true,3.15061084
72,NoDOGE,2,215.0611,10.990985,26.4165,8,50.0000,true,3.15061084
73,NoDOGE,2,215.0611,10.990985,26.4165,8,50.0000,true,3.15061084
74,NoDOGE,2,215.0611,10.990985,26.4165,8,50.0000,true,3.15061084
75,NoDOGE,2,215.0611,10.990985,26.4165,8,50.0000,true,3.15061084
76,NoDOGE,2,215.0611,10.990985,26.4165,8,50.0000,true,3.15061084
77,NoDOGE,2,215.0611,10.990985,26.4165,8,50.0000,true,3.15061084
78,NoDOGE,2,215.0611,10.990985,26.4165,8,50.0000,true,3.15061084
79,NoDOGE,2,215.0611,10.990985,26.4165,8,50.0000,true,3.15061084
80,NoDOGE,2,215.0611,10.990985,26.4165,8,50.0000,true,3.15061084
81,NoDOGE,2,215.0611,10.990985,26.4165,8,50.0000,true,3.15061084
82,NoDOGE,2,215.0611,10.990985,26.4165,8,50.0000,true,3.15061084
83,NoDOGE,2,215.0611,10.990985,26.4165,8,50.0000,true,3.15061084
84,NoDOGE,2,215.0611,10.990985,26.4165,8,50.0000,true,3.15061084
85,NoDOGE,2,215.0611,10.990985,26.4165,8,50.0000,true,3.15061084
86,NoDOGE,2,215.0611,10.990985,26.4165,8,50.0000,true,3.15061084
87,NoDOGE,2,215.0611,10.990985,26.4165,8,50.0000,true,3.15061084
88,NoDOGE,2,215.0611,10.990985,26.4165,8,50.0000,true,3.15061084
89,NoDOGE,2,215.0611,10.990985,26.4165,8,50.0000,true,3.15061084
90,NoDOGE,2,215.0611,10.990985,26.4165,8,50.0000,true,3.15061084
91,NoDOGE,2,215.0611,10.990985,26.4165,8,50.0000,true,3.15061084
92,NoDOGE,2,215.0611,10.990985,26.4165,8,50.0000,true,3.15061084
93,NoDOGE,2,215.0611,10.990985,26.4165,8,50.0000,true,3.15061084
94,NoDOGE,2,215.0611,10.990985,26.4165,8,50.0000,true,3.15061084
95,NoDOGE,2,215.0611,10.990985,26.4165,8,50.0000,true,3.15061084
96,NoDOGE,2,215.0611,10.990985,26.4165,8,50.0000,true,3.15061084
97,NoDOGE,2,215.0611,10.990985,26.4165,8,50.0000,true,3.15061084
98,NoDOGE,2,215.0611,10.990985,26.4165,8,50.0000,true,3.15061084
99,NoDOGE,2,215.0611,10.990985,26.4165,8,50.0000,true,3.15061084
100,NoDOGE,2,215.0611,10.990985,26.4165,8,50.0000,true,3.15061084
1,NoDOGE,3,72.5312,3.496274,29.6376,45,57.7778,true,1.72531214
2,NoDOGE,3,120.6035,4.816280,28.4615,37,54.0541,true,2.20603545
3,NoDOGE,3,144.0144,5.951955,20.8388,29,62.0690,true,2.44014440
4,NoDOGE,3,105.4540,5.696750,21.1417,27,55.5556,true,2.05454005
5,NoDOGE,3,149.1561,6.892771,31.0567,23,69.5652,true,2.49156140
6,NoDOGE,3,135.4752,5.699514,31.6495,21,57.1429,true,2.35475242
7,NoDOGE,3,111.9862,6.976377,31.5758,19,63.1579,true,2.11986216
8,NoDOGE,3,539.1005,14.862476,24.1864,17,76.4706,true,6.39100535
9,NoDOGE,3,171.2767,6.656013,48.8077,17,64.7059,true,2.71276688
10,NoDOGE,3,-29.9274,0.535644,63.5230,16,50.0000,false,0.70072597
11,NoDOGE,3,103.5301,5.460075,41.0007,16,56.2500,true,2.03530070
12,NoDOGE,3,185.3008,9.482533,31.9082,14,78.5714,true,2.85300760
13,NoDOGE,3,3.8867,2.566110,42.5743,14,50.0000,true,1.03886660
14,NoDOGE,3,69.0043,5.343257,47.9818,13,61.5385,true,1.69004320
15,NoDOGE,3,91.0027,6.384999,41.0007,13,61.5385,true,1.91002738
16,NoDOGE,3,64.9754,5.657798,44.2544,12,58.3333,true,1.64975418
17,NoDOGE,3,138.8916,7.111025,55.5991,12,58.3333,true,2.38891578
18,NoDOGE,3,522.7492,15.037179,31.9082,10,70.0000,true,6.22749212
19,NoDOGE,3,494.9669,15.213170,31.9082,10,70.0000,true,5.94966948
20,NoDOGE,3,181.1658,11.364509,37.5230,10,70.0000,true,2.81165828
21,NoDOGE,3,168.2741,11.721776,32.8683,10,70.0000,true,2.68274057
22,NoDOGE,3,57.1325,6.147904,36.7147,10,60.0000,true,1.57132525
23,NoDOGE,3,38.3618,4.429386,47.9818,10,60.0000,true,1.38361834
24,NoDOGE,3,49.8750,5.540395,41.0007,10,60.0000,true,1.49874951
25,NoDOGE,3,36.9208,4.487902,44.2544,10,60.0000,true,1.36920826
26,NoDOGE,3,42.0032,4.807081,44.2544,10,60.0000,true,1.42003234
27,NoDOGE,3,62.9644,6.634386,31.9082,9,66.6667,true,1.62964385
28,NoDOGE,3,55.1405,6.138710,31.9082,9,66.6667,true,1.55140521
29,NoDOGE,3,42.8804,5.250718,31.9082,9,66.6667,true,1.42880358
30,NoDOGE,3,17.7988,3.454613,31.9082,9,66.6667,true,1.17798830
31,NoDOGE,3,21.4600,3.825479,31.9961,9,66.6667,true,1.21459991
32,NoDOGE,3,14.6621,3.311257,31.9961,9,66.6667,true,1.14662063
33,NoDOGE,3,146.0237,10.057308,31.9082,8,87.5000,true,2.46023678
34,NoDOGE,3,11.3427,3.257326,38.7091,9,66.6667,true,1.11342661
35,NoDOGE,3,11.0172,3.240508,38.7091,9,66.6667,true,1.11017222
36,NoDOGE,3,24.3247,4.196653,38.9229,9,66.6667,true,1.24324744
37,NoDOGE,3,24.0666,4.143363,39.2624,9,66.6667,true,1.24066633
38,NoDOGE,3,17.9571,3.794707,42.5743,9,66.6667,true,1.17957094
39,NoDOGE,3,120.1609,9.133514,31.9082,8,87.5000,true,2.20160945
40,NoDOGE,3,101.6848,8.779557,31.9082,8,87.5000,true,2.01684823
41,NoDOGE,3,70.2910,7.183895,31.9082,8,75.0000,true,1.70291044
42,NoDOGE,3,108.4522,8.907124,31.9082,8,75.0000,true,2.08452222
43,NoDOGE,3,86.5415,8.275531,31.9082,8,75.0000,true,1.86541517
44,NoDOGE,3,83.2380,8.178458,31.9082,8,75.0000,true,1.83238005
45,NoDOGE,3,67.9128,7.450409,31.9082,8,75.0000,true,1.67912840
46,NoDOGE,3,72.6476,7.730942,31.9082,8,75.0000,true,1.72647635
47,NoDOGE,3,24.7600,3.906416,31.9082,8,75.0000,true,1.24760011
48,NoDOGE,3,24.7600,3.906416,31.9082,8,75.0000,true,1.24760011
49,NoDOGE,3,24.7600,3.906416,31.9082,8,75.0000,true,1.24760011
50,NoDOGE,3,24.7600,3.906416,31.9082,8,75.0000,true,1.24760011
51,NoDOGE,3,24.7600,3.906416,31.9082,8,75.0000,true,1.24760011
52,NoDOGE,3,24.7600,3.906416,31.9082,8,75.0000,true,1.24760011
53,NoDOGE,3,24.7600,3.906416,31.9082,8,75.0000,true,1.24760011
54,NoDOGE,3,24.7600,3.906416,31.9082,8,75.0000,true,1.24760011
55,NoDOGE,3,24.7600,3.906416,31.9082,8,75.0000,true,1.24760011
56,NoDOGE,3,24.7600,3.906416,31.9082,8,75.0000,true,1.24760011
57,NoDOGE,3,24.7600,3.906416,31.9082,8,75.0000,true,1.24760011
58,NoDOGE,3,24.7600,3.906416,31.9082,8,75.0000,true,1.24760011
59,NoDOGE,3,24.7600,3.906416,31.9082,8,75.0000,true,1.24760011
60,NoDOGE,3,24.7600,3.906416,31.9082,8,75.0000,true,1.24760011
61,NoDOGE,3,24.7600,3.906416,31.9082,8,75.0000,true,1.24760011
62,NoDOGE,3,24.7600,3.906416,31.9082,8,75.0000,true,1.24760011
63,NoDOGE,3,24.7600,3.906416,31.9082,8,75.0000,true,1.24760011
64,NoDOGE,3,24.7600,3.906416,31.9082,8,75.0000,true,1.24760011
65,NoDOGE,3,24.7600,3.906416,31.9082,8,75.0000,true,1.24760011
66,NoDOGE,3,24.7600,3.906416,31.9082,8,75.0000,true,1.24760011
67,NoDOGE,3,24.7600,3.906416,31.9082,8,75.0000,true,1.24760011
68,NoDOGE,3,24.7600,3.906416,31.9082,8,75.0000,true,1.24760011
69,NoDOGE,3,24.7600,3.906416,31.9082,8,75.0000,true,1.24760011
70,NoDOGE,3,24.7600,3.906416,31.9082,8,75.0000,true,1.24760011
71,NoDOGE,3,24.7600,3.906416,31.9082,8,75.0000,true,1.24760011
72,NoDOGE,3,24.7600,3.906416,31.9082,8,75.0000,true,1.24760011
73,NoDOGE,3,24.7600,3.906416,31.9082,8,75.0000,true,1.24760011
74,NoDOGE,3,24.7600,3.906416,31.9082,8,75.0000,true,1.24760011
75,NoDOGE,3,24.7600,3.906416,31.9082,8,75.0000,true,1.24760011
76,NoDOGE,3,24.7600,3.906416,31.9082,8,75.0000,true,1.24760011
77,NoDOGE,3,24.7600,3.906416,31.9082,8,75.0000,true,1.24760011
78,NoDOGE,3,24.7600,3.906416,31.9082,8,75.0000,true,1.24760011
79,NoDOGE,3,24.7600,3.906416,31.9082,8,75.0000,true,1.24760011
80,NoDOGE,3,24.7600,3.906416,31.9082,8,75.0000,true,1.24760011
81,NoDOGE,3,24.7600,3.906416,31.9082,8,75.0000,true,1.24760011
82,NoDOGE,3,24.7600,3.906416,31.9082,8,75.0000,true,1.24760011
83,NoDOGE,3,24.7600,3.906416,31.9082,8,75.0000,true,1.24760011
84,NoDOGE,3,24.7600,3.906416,31.9082,8,75.0000,true,1.24760011
85,NoDOGE,3,24.7600,3.906416,31.9082,8,75.0000,true,1.24760011
86,NoDOGE,3,24.7600,3.906416,31.9082,8,75.0000,true,1.24760011
87,NoDOGE,3,24.7600,3.906416,31.9082,8,75.0000,true,1.24760011
88,NoDOGE,3,24.7600,3.906416,31.9082,8,75.0000,true,1.24760011
89,NoDOGE,3,24.7600,3.906416,31.9082,8,75.0000,true,1.24760011
90,NoDOGE,3,24.7600,3.906416,31.9082,8,75.0000,true,1.24760011
91,NoDOGE,3,24.7600,3.906416,31.9082,8,75.0000,true,1.24760011
92,NoDOGE,3,24.7600,3.906416,31.9082,8,75.0000,true,1.24760011
93,NoDOGE,3,24.7600,3.906416,31.9082,8,75.0000,true,1.24760011
94,NoDOGE,3,24.7600,3.906416,31.9082,8,75.0000,true,1.24760011
95,NoDOGE,3,24.7600,3.906416,31.9082,8,75.0000,true,1.24760011
96,NoDOGE,3,24.7600,3.906416,31.9082,8,75.0000,true,1.24760011
97,NoDOGE,3,24.7600,3.906416,31.9082,8,75.0000,true,1.24760011
98,NoDOGE,3,24.7600,3.906416,31.9082,8,75.0000,true,1.24760011
99,NoDOGE,3,24.7600,3.906416,31.9082,8,75.0000,true,1.24760011
100,NoDOGE,3,24.7600,3.906416,31.9082,8,75.0000,true,1.24760011
1,NoDOGE,4,108.2018,6.802453,13.1427,37,62.1622,true,2.08201766
2,NoDOGE,4,93.1107,6.631151,13.3403,31,64.5161,true,1.93110686
3,NoDOGE,4,15.6534,2.072025,18.4936,27,59.2593,true,1.15653400
4,NoDOGE,4,79.6529,5.581044,19.4115,23,56.5217,true,1.79652884
5,NoDOGE,4,49.9836,4.765310,20.4813,20,65.0000,true,1.49983556
6,NoDOGE,4,54.2117,5.278282,21.9357,19,57.8947,true,1.54211685
7,NoDOGE,4,-2.9274,0.340451,27.8638,18,50.0000,false,0.97072632
8,NoDOGE,4,52.8490,5.443607,29.1106,15,66.6667,true,1.52848962
9,NoDOGE,4,40.4314,5.839597,20.9788,14,71.4286,true,1.40431405
10,NoDOGE,4,-11.2530,-0.529271,30.9904,14,50.0000,false,0.88746957
11,NoDOGE,4,-14.6847,-0.830955,31.1404,14,50.0000,false,0.85315255
12,NoDOGE,4,3.3715,1.331435,29.6144,13,53.8462,true,1.03371459
13,NoDOGE,4,125.7321,12.258540,14.8333,11,72.7273,true,2.25732081
14,NoDOGE,4,97.7853,8.754557,14.8333,11,63.6364,true,1.97785280
15,NoDOGE,4,84.8881,8.568259,14.8333,10,60.0000,true,1.84888082
16,NoDOGE,4,101.7057,13.726426,8.0250,10,60.0000,true,2.01705728
17,NoDOGE,4,60.2132,8.756286,17.3745,10,60.0000,true,1.60213225
18,NoDOGE,4,48.4145,5.674860,25.1527,10,40.0000,true,1.48414468
19,NoDOGE,4,20.5754,3.751234,25.1527,10,40.0000,true,1.20575446
20,NoDOGE,4,37.4641,6.454911,13.5342,9,44.4444,true,1.37464145
21,NoDOGE,4,28.4695,5.724937,13.5342,9,44.4444,true,1.28469467
22,NoDOGE,4,21.1243,4.921448,13.5342,9,44.4444,true,1.21124285
23,NoDOGE,4,21.1496,4.960095,13.5342,9,44.4444,true,1.21149596
24,NoDOGE,4,26.7195,5.627785,13.5342,9,44.4444,true,1.26719461
25,NoDOGE,4,33.2126,6.263987,13.5342,9,44.4444,true,1.33212607
26,NoDOGE,4,31.8606,6.212685,13.5342,9,44.4444,true,1.31860561
27,NoDOGE,4,32.9878,6.362969,13.5342,9,44.4444,true,1.32987761
28,NoDOGE,4,66.7875,8.345694,25.1527,9,44.4444,true,1.66787492
29,NoDOGE,4,62.6877,8.093751,25.1527,9,44.4444,true,1.62687656
30,NoDOGE,4,69.0277,8.541042,25.1527,9,44.4444,true,1.69027685
31,NoDOGE,4,131.0553,13.866995,13.5342,8,50.0000,true,2.31055314
32,NoDOGE,4,105.5414,14.487877,13.5342,8,50.0000,true,2.05541374
33,NoDOGE,4,98.8762,14.263002,13.5342,8,50.0000,true,1.98876223
34,NoDOGE,4,97.4575,14.175383,13.5342,8,50.0000,true,1.97457450
35,NoDOGE,4,31.0191,6.878074,13.5342,9,44.4444,true,1.31019060
36,NoDOGE,4,17.7005,4.040449,16.1481,9,44.4444,true,1.17700542
37,NoDOGE,4,18.5258,3.836441,18.5178,9,44.4444,true,1.18525822
38,NoDOGE,4,19.5848,3.980040,18.5178,9,44.4444,true,1.19584845
39,NoDOGE,4,83.0179,13.595654,13.5342,8,50.0000,true,1.83017874
40,NoDOGE,4,28.9070,5.271395,13.5342,9,44.4444,true,1.28906978
41,NoDOGE,4,31.3599,5.041788,14.8356,9,44.4444,true,1.31359941
42,NoDOGE,4,86.2828,13.761949,13.5342,8,50.0000,true,1.86282814
43,NoDOGE,4,65.7664,12.294375,13.5342,8,50.0000,true,1.65766446
44,NoDOGE,4,60.4882,11.802215,13.5342,8,50.0000,true,1.60488243
45,NoDOGE,4,49.0197,10.813650,13.5342,8,50.0000,true,1.49019737
46,NoDOGE,4,33.6620,8.437126,13.5342,8,50.0000,true,1.33661975
47,NoDOGE,4,33.6620,8.437126,13.5342,8,50.0000,true,1.33661975
48,NoDOGE,4,33.6620,8.437126,13.5342,8,50.0000,true,1.33661975
49,NoDOGE,4,33.6620,8.437126,13.5342,8,50.0000,true,1.33661975
50,NoDOGE,4,33.6620,8.437126,13.5342,8,50.0000,true,1.33661975
51,NoDOGE,4,33.6620,8.437126,13.5342,8,50.0000,true,1.33661975
52,NoDOGE,4,33.6620,8.437126,13.5342,8,50.0000,true,1.33661975
53,NoDOGE,4,33.6620,8.437126,13.5342,8,50.0000,true,1.33661975
54,NoDOGE,4,33.6620,8.437126,13.5342,8,50.0000,true,1.33661975
55,NoDOGE,4,33.6620,8.437126,13.5342,8,50.0000,true,1.33661975
56,NoDOGE,4,33.6620,8.437126,13.5342,8,50.0000,true,1.33661975
57,NoDOGE,4,33.6620,8.437126,13.5342,8,50.0000,true,1.33661975
58,NoDOGE,4,33.6620,8.437126,13.5342,8,50.0000,true,1.33661975
59,NoDOGE,4,33.6620,8.437126,13.5342,8,50.0000,true,1.33661975
60,NoDOGE,4,33.6620,8.437126,13.5342,8,50.0000,true,1.33661975
61,NoDOGE,4,33.6620,8.437126,13.5342,8,50.0000,true,1.33661975
62,NoDOGE,4,33.6620,8.437126,13.5342,8,50.0000,true,1.33661975
63,NoDOGE,4,33.6620,8.437126,13.5342,8,50.0000,true,1.33661975
64,NoDOGE,4,33.6620,8.437126,13.5342,8,50.0000,true,1.33661975
65,NoDOGE,4,33.6620,8.437126,13.5342,8,50.0000,true,1.33661975
66,NoDOGE,4,33.6620,8.437126,13.5342,8,50.0000,true,1.33661975
67,NoDOGE,4,33.6620,8.437126,13.5342,8,50.0000,true,1.33661975
68,NoDOGE,4,33.6620,8.437126,13.5342,8,50.0000,true,1.33661975
69,NoDOGE,4,33.6620,8.437126,13.5342,8,50.0000,true,1.33661975
70,NoDOGE,4,33.6620,8.437126,13.5342,8,50.0000,true,1.33661975
71,NoDOGE,4,33.6620,8.437126,13.5342,8,50.0000,true,1.33661975
72,NoDOGE,4,33.6620,8.437126,13.5342,8,50.0000,true,1.33661975
73,NoDOGE,4,33.6620,8.437126,13.5342,8,50.0000,true,1.33661975
74,NoDOGE,4,33.6620,8.437126,13.5342,8,50.0000,true,1.33661975
75,NoDOGE,4,33.6620,8.437126,13.5342,8,50.0000,true,1.33661975
76,NoDOGE,4,33.6620,8.437126,13.5342,8,50.0000,true,1.33661975
77,NoDOGE,4,33.6620,8.437126,13.5342,8,50.0000,true,1.33661975
78,NoDOGE,4,33.6620,8.437126,13.5342,8,50.0000,true,1.33661975
79,NoDOGE,4,33.6620,8.437126,13.5342,8,50.0000,true,1.33661975
80,NoDOGE,4,33.6620,8.437126,13.5342,8,50.0000,true,1.33661975
81,NoDOGE,4,33.6620,8.437126,13.5342,8,50.0000,true,1.33661975
82,NoDOGE,4,33.6620,8.437126,13.5342,8,50.0000,true,1.33661975
83,NoDOGE,4,33.6620,8.437126,13.5342,8,50.0000,true,1.33661975
84,NoDOGE,4,33.6620,8.437126,13.5342,8,50.0000,true,1.33661975
85,NoDOGE,4,33.6620,8.437126,13.5342,8,50.0000,true,1.33661975
86,NoDOGE,4,33.6620,8.437126,13.5342,8,50.0000,true,1.33661975
87,NoDOGE,4,33.6620,8.437126,13.5342,8,50.0000,true,1.33661975
88,NoDOGE,4,33.6620,8.437126,13.5342,8,50.0000,true,1.33661975
89,NoDOGE,4,33.6620,8.437126,13.5342,8,50.0000,true,1.33661975
90,NoDOGE,4,33.6620,8.437126,13.5342,8,50.0000,true,1.33661975
91,NoDOGE,4,33.6620,8.437126,13.5342,8,50.0000,true,1.33661975
92,NoDOGE,4,33.6620,8.437126,13.5342,8,50.0000,true,1.33661975
93,NoDOGE,4,33.6620,8.437126,13.5342,8,50.0000,true,1.33661975
94,NoDOGE,4,33.6620,8.437126,13.5342,8,50.0000,true,1.33661975
95,NoDOGE,4,33.6620,8.437126,13.5342,8,50.0000,true,1.33661975
96,NoDOGE,4,33.6620,8.437126,13.5342,8,50.0000,true,1.33661975
97,NoDOGE,4,33.6620,8.437126,13.5342,8,50.0000,true,1.33661975
98,NoDOGE,4,33.6620,8.437126,13.5342,8,50.0000,true,1.33661975
99,NoDOGE,4,33.6620,8.437126,13.5342,8,50.0000,true,1.33661975
100,NoDOGE,4,33.6620,8.437126,13.5342,8,50.0000,true,1.33661975
1,NoDOGE,5,25.1684,3.082973,14.0870,30,46.6667,true,1.25168409
2,NoDOGE,5,-1.0307,0.283952,16.3928,25,48.0000,false,0.98969291
3,NoDOGE,5,-26.0375,-2.540519,37.0202,23,43.4783,false,0.73962520
4,NoDOGE,5,-8.9126,-0.119859,25.5103,20,35.0000,false,0.91087420
5,NoDOGE,5,-25.5284,-2.299253,34.0523,20,40.0000,false,0.74471599
6,NoDOGE,5,10.3591,1.940592,23.7809,18,44.4444,true,1.10359123
7,NoDOGE,5,-5.0559,0.270049,24.3403,17,35.2941,false,0.94944051
8,NoDOGE,5,-21.0929,-1.861518,25.7349,17,41.1765,false,0.78907084
9,NoDOGE,5,4.2643,1.346069,20.2547,15,53.3333,true,1.04264268
10,NoDOGE,5,1.1655,1.123380,27.3570,15,40.0000,true,1.01165484
11,NoDOGE,5,7.1704,1.928826,25.6962,13,46.1538,true,1.07170352
12,NoDOGE,5,3.1592,1.487378,27.0976,13,38.4615,true,1.03159208
13,NoDOGE,5,-13.6935,-0.438860,36.7582,13,38.4615,false,0.86306477
14,NoDOGE,5,-13.3728,-0.144850,39.5126,13,38.4615,false,0.86627237
15,NoDOGE,5,-14.3886,-0.549817,37.3656,13,46.1538,false,0.85611393
16,NoDOGE,5,-19.0309,-0.964999,38.5439,13,30.7692,false,0.80969102
17,NoDOGE,5,-24.6608,-1.735990,40.8129,13,30.7692,false,0.75339210
18,NoDOGE,5,-24.0706,-2.001789,40.5005,13,30.7692,false,0.75929430
19,NoDOGE,5,-21.9470,-1.611118,37.5506,12,33.3333,false,0.78053000
20,NoDOGE,5,10.9922,2.542649,19.6721,11,36.3636,true,1.10992212
21,NoDOGE,5,7.6764,2.200409,19.6721,11,36.3636,true,1.07676374
22,NoDOGE,5,7.4501,2.260488,19.6721,11,36.3636,true,1.07450055
23,NoDOGE,5,-2.6558,0.993398,22.4975,11,36.3636,false,0.97344164
24,NoDOGE,5,9.9084,2.566630,19.6721,10,40.0000,true,1.09908359
25,NoDOGE,5,6.1327,2.157856,23.9391,9,44.4444,true,1.06132748
26,NoDOGE,5,2.0261,1.507062,23.9391,9,44.4444,true,1.02026060
27,NoDOGE,5,-2.2943,0.732485,23.9391,9,44.4444,false,0.97705663
28,NoDOGE,5,-3.3109,0.537670,23.9391,9,44.4444,false,0.96689099
29,NoDOGE,5,-4.1542,0.372383,23.9391,9,44.4444,false,0.95845813
30,NoDOGE,5,0.0969,1.176709,23.9391,9,44.4444,true,1.00096899
31,NoDOGE,5,-3.6228,0.476505,23.9391,9,44.4444,false,0.96377199
32,NoDOGE,5,-2.6236,0.669860,23.9391,9,44.4444,false,0.97376435
33,NoDOGE,5,0.2297,1.202055,23.9391,9,44.4444,true,1.00229745
34,NoDOGE,5,3.7819,1.823262,23.9391,9,44.4444,true,1.03781943
35,NoDOGE,5,0.5070,1.252210,23.9391,9,44.4444,true,1.00506990
36,NoDOGE,5,1.5813,1.444348,23.9391,9,44.4444,true,1.01581313
37,NoDOGE,5,1.5062,1.430868,23.9391,9,44.4444,true,1.01506226
38,NoDOGE,5,1.0268,1.344821,23.9391,9,44.4444,true,1.01026824
39,NoDOGE,5,2.0665,1.529272,23.9391,9,44.4444,true,1.02066492
40,NoDOGE,5,-0.5327,1.058931,23.9391,9,44.4444,false,0.99467322
41,NoDOGE,5,-3.7094,0.454557,23.9391,9,44.4444,false,0.96290560
42,NoDOGE,5,-3.7094,0.454557,23.9391,9,44.4444,false,0.96290560
43,NoDOGE,5,-3.7094,0.454557,23.9391,9,44.4444,false,0.96290560
44,NoDOGE,5,-3.7094,0.454557,23.9391,9,44.4444,false,0.96290560
45,NoDOGE,5,-3.7094,0.454557,23.9391,9,44.4444,false,0.96290560
46,NoDOGE,5,-3.7094,0.454557,23.9391,9,44.4444,false,0.96290560
47,NoDOGE,5,-3.7094,0.454557,23.9391,9,44.4444,false,0.96290560
48,NoDOGE,5,-3.7094,0.454557,23.9391,9,44.4444,false,0.96290560
49,NoDOGE,5,-3.7094,0.454557,23.9391,9,44.4444,false,0.96290560
50,NoDOGE,5,-3.7094,0.454557,23.9391,9,44.4444,false,0.96290560
51,NoDOGE,5,-3.7094,0.454557,23.9391,9,44.4444,false,0.96290560
52,NoDOGE,5,-3.7094,0.454557,23.9391,9,44.4444,false,0.96290560
53,NoDOGE,5,-3.7094,0.454557,23.9391,9,44.4444,false,0.96290560
54,NoDOGE,5,-3.7094,0.454557,23.9391,9,44.4444,false,0.96290560
55,NoDOGE,5,-3.7094,0.454557,23.9391,9,44.4444,false,0.96290560
56,NoDOGE,5,-3.7094,0.454557,23.9391,9,44.4444,false,0.96290560
57,NoDOGE,5,-3.7094,0.454557,23.9391,9,44.4444,false,0.96290560
58,NoDOGE,5,-3.7094,0.454557,23.9391,9,44.4444,false,0.96290560
59,NoDOGE,5,-3.7094,0.454557,23.9391,9,44.4444,false,0.96290560
60,NoDOGE,5,-3.7094,0.454557,23.9391,9,44.4444,false,0.96290560
61,NoDOGE,5,-3.7094,0.454557,23.9391,9,44.4444,false,0.96290560
62,NoDOGE,5,-3.7094,0.454557,23.9391,9,44.4444,false,0.96290560
63,NoDOGE,5,-3.7094,0.454557,23.9391,9,44.4444,false,0.96290560
64,NoDOGE,5,-3.7094,0.454557,23.9391,9,44.4444,false,0.96290560
65,NoDOGE,5,-3.7094,0.454557,23.9391,9,44.4444,false,0.96290560
66,NoDOGE,5,-3.7094,0.454557,23.9391,9,44.4444,false,0.96290560
67,NoDOGE,5,-3.7094,0.454557,23.9391,9,44.4444,false,0.96290560
68,NoDOGE,5,-3.7094,0.454557,23.9391,9,44.4444,false,0.96290560
69,NoDOGE,5,-3.7094,0.454557,23.9391,9,44.4444,false,0.96290560
70,NoDOGE,5,-3.7094,0.454557,23.9391,9,44.4444,false,0.96290560
71,NoDOGE,5,-3.7094,0.454557,23.9391,9,44.4444,false,0.96290560
72,NoDOGE,5,-3.7094,0.454557,23.9391,9,44.4444,false,0.96290560
73,NoDOGE,5,-3.7094,0.454557,23.9391,9,44.4444,false,0.96290560
74,NoDOGE,5,-3.7094,0.454557,23.9391,9,44.4444,false,0.96290560
75,NoDOGE,5,-3.7094,0.454557,23.9391,9,44.4444,false,0.96290560
76,NoDOGE,5,-3.7094,0.454557,23.9391,9,44.4444,false,0.96290560
77,NoDOGE,5,-3.7094,0.454557,23.9391,9,44.4444,false,0.96290560
78,NoDOGE,5,-3.7094,0.454557,23.9391,9,44.4444,false,0.96290560
79,NoDOGE,5,-3.7094,0.454557,23.9391,9,44.4444,false,0.96290560
80,NoDOGE,5,-3.7094,0.454557,23.9391,9,44.4444,false,0.96290560
81,NoDOGE,5,-3.7094,0.454557,23.9391,9,44.4444,false,0.96290560
82,NoDOGE,5,-3.7094,0.454557,23.9391,9,44.4444,false,0.96290560
83,NoDOGE,5,-3.7094,0.454557,23.9391,9,44.4444,false,0.96290560
84,NoDOGE,5,-3.7094,0.454557,23.9391,9,44.4444,false,0.96290560
85,NoDOGE,5,-3.7094,0.454557,23.9391,9,44.4444,false,0.96290560
86,NoDOGE,5,-3.7094,0.454557,23.9391,9,44.4444,false,0.96290560
87,NoDOGE,5,-3.7094,0.454557,23.9391,9,44.4444,false,0.96290560
88,NoDOGE,5,-3.7094,0.454557,23.9391,9,44.4444,false,0.96290560
89,NoDOGE,5,-3.7094,0.454557,23.9391,9,44.4444,false,0.96290560
90,NoDOGE,5,-3.7094,0.454557,23.9391,9,44.4444,false,0.96290560
91,NoDOGE,5,-3.7094,0.454557,23.9391,9,44.4444,false,0.96290560
92,NoDOGE,5,-3.7094,0.454557,23.9391,9,44.4444,false,0.96290560
93,NoDOGE,5,-3.7094,0.454557,23.9391,9,44.4444,false,0.96290560
94,NoDOGE,5,-3.7094,0.454557,23.9391,9,44.4444,false,0.96290560
95,NoDOGE,5,-3.7094,0.454557,23.9391,9,44.4444,false,0.96290560
96,NoDOGE,5,-3.7094,0.454557,23.9391,9,44.4444,false,0.96290560
97,NoDOGE,5,-3.7094,0.454557,23.9391,9,44.4444,false,0.96290560
98,NoDOGE,5,-3.7094,0.454557,23.9391,9,44.4444,false,0.96290560
99,NoDOGE,5,-3.7094,0.454557,23.9391,9,44.4444,false,0.96290560
100,NoDOGE,5,-3.7094,0.454557,23.9391,9,44.4444,false,0.96290560
1,Legacy4,0,143.7275,6.970095,22.3321,39,61.5385,true,2.43727508
2,Legacy4,0,65.3760,4.363441,21.5593,34,58.8235,true,1.65376021
3,Legacy4,0,53.8342,3.654972,30.3556,28,57.1429,true,1.53834223
4,Legacy4,0,347.9409,11.528173,15.4374,23,56.5217,true,4.47940869
5,Legacy4,0,322.3640,13.906768,9.4797,20,65.0000,true,4.22363953
6,Legacy4,0,125.5302,9.603854,10.5314,19,63.1579,true,2.25530160
7,Legacy4,0,138.5531,9.447909,10.5314,18,44.4444,true,2.38553060
8,Legacy4,0,68.0509,6.099841,12.6244,17,41.1765,true,1.68050943
9,Legacy4,0,125.1357,8.228486,11.2866,17,52.9412,true,2.25135664
10,Legacy4,0,81.0317,5.647214,27.4502,17,52.9412,true,1.81031701
11,Legacy4,0,80.9221,5.674402,20.7753,16,50.0000,true,1.80922108
12,Legacy4,0,129.0441,9.738935,10.7657,14,57.1429,true,2.29044068
13,Legacy4,0,106.6442,9.207711,10.7657,13,53.8462,true,2.06644243
14,Legacy4,0,97.4788,7.984833,22.0472,13,53.8462,true,1.97478756
15,Legacy4,0,104.3901,7.687519,22.8253,13,53.8462,true,2.04390145
16,Legacy4,0,247.2349,14.261577,10.1725,12,66.6667,true,3.47234921
17,Legacy4,0,207.2225,13.634138,10.7657,11,63.6364,true,3.07222519
18,Legacy4,0,78.7031,6.513393,27.2362,12,50.0000,true,1.78703111
19,Legacy4,0,157.9941,11.230137,11.3009,11,45.4545,true,2.57994146
20,Legacy4,0,130.6734,11.001023,11.3009,11,45.4545,true,2.30673362
21,Legacy4,0,115.1421,9.456666,17.8015,11,45.4545,true,2.15142070
22,Legacy4,0,124.7455,10.155402,17.8015,11,45.4545,true,2.24745541
23,Legacy4,0,161.0650,13.225030,17.8015,10,60.0000,true,2.61065008
24,Legacy4,0,128.9307,10.445017,17.8015,11,54.5455,true,2.28930686
25,Legacy4,0,136.6610,12.562060,17.8015,10,50.0000,true,2.36661020
26,Legacy4,0,143.8812,11.230806,17.8015,10,50.0000,true,2.43881185
27,Legacy4,0,80.0299,8.401248,17.8015,10,40.0000,true,1.80029948
28,Legacy4,0,82.3339,8.583108,17.8015,10,40.0000,true,1.82333926
29,Legacy4,0,72.3107,8.081392,17.8015,10,40.0000,true,1.72310703
30,Legacy4,0,82.6003,8.670224,17.8015,10,40.0000,true,1.82600286
31,Legacy4,0,86.2785,8.868668,17.8015,10,40.0000,true,1.86278545
32,Legacy4,0,89.7009,9.065951,17.8015,10,40.0000,true,1.89700946
33,Legacy4,0,100.3335,9.290882,17.8015,10,40.0000,true,2.00333490
34,Legacy4,0,114.2377,10.267480,17.8015,10,40.0000,true,2.14237652
35,Legacy4,0,162.3532,13.252963,17.8015,9,55.5556,true,2.62353180
36,Legacy4,0,128.8293,12.013654,17.8015,9,55.5556,true,2.28829305
37,Legacy4,0,97.4062,10.822518,17.8015,9,44.4444,true,1.97406187
38,Legacy4,0,94.5921,10.649225,17.8015,9,44.4444,true,1.94592059
39,Legacy4,0,87.5810,10.168476,17.8015,9,44.4444,true,1.87580995
40,Legacy4,0,90.9661,10.395116,17.8015,9,44.4444,true,1.90966142
41,Legacy4,0,90.3046,10.338012,17.8015,9,44.4444,true,1.90304565
42,Legacy4,0,90.7297,10.356030,17.8015,9,44.4444,true,1.90729685
43,Legacy4,0,88.2365,10.161775,17.8015,9,44.4444,true,1.88236463
44,Legacy4,0,91.2073,10.364210,17.8015,9,44.4444,true,1.91207271
45,Legacy4,0,93.4493,10.510777,17.8015,9,44.4444,true,1.93449302
46,Legacy4,0,97.3904,10.771632,17.8015,9,44.4444,true,1.97390375
47,Legacy4,0,105.4261,11.299438,17.8015,9,44.4444,true,2.05426063
48,Legacy4,0,106.8466,11.355477,17.8015,9,44.4444,true,2.06846607
49,Legacy4,0,104.9366,11.232131,17.8015,9,44.4444,true,2.04936555
50,Legacy4,0,103.9491,11.161600,17.8015,9,44.4444,true,2.03949062
51,Legacy4,0,102.5623,11.148521,17.8015,9,44.4444,true,2.02562320
52,Legacy4,0,100.0327,11.086069,17.8015,9,44.4444,true,2.00032670
53,Legacy4,0,102.1030,11.259235,17.8015,9,44.4444,true,2.02102987
54,Legacy4,0,86.8400,10.248954,17.8015,9,44.4444,true,1.86840047
55,Legacy4,0,88.4209,10.059521,17.8015,9,33.3333,true,1.88420944
56,Legacy4,0,85.5210,9.925920,17.8015,9,33.3333,true,1.85520960
57,Legacy4,0,103.3518,10.741090,17.8015,9,33.3333,true,2.03351842
58,Legacy4,0,101.8011,10.598155,17.8015,9,33.3333,true,2.01801113
59,Legacy4,0,107.5520,10.827752,17.8015,9,33.3333,true,2.07552042
60,Legacy4,0,145.3608,13.374494,17.8015,9,55.5556,true,2.45360784
61,Legacy4,0,129.4123,12.894466,17.8015,9,55.5556,true,2.29412282
62,Legacy4,0,116.4053,12.090402,17.8015,9,44.4444,true,2.16405331
63,Legacy4,0,117.1337,11.028442,17.8015,9,44.4444,true,2.17133655
64,Legacy4,0,91.1603,10.221951,17.8015,9,33.3333,true,1.91160273
65,Legacy4,0,90.3589,10.198741,17.8015,9,33.3333,true,1.90358850
66,Legacy4,0,83.7018,9.823619,17.8015,9,33.3333,true,1.83701840
67,Legacy4,0,89.0739,10.163027,17.8015,9,33.3333,true,1.89073877
68,Legacy4,0,91.8037,10.337494,17.8015,9,33.3333,true,1.91803723
69,Legacy4,0,93.2616,10.437869,17.8015,9,33.3333,true,1.93261600
70,Legacy4,0,104.0844,10.879105,17.8015,9,33.3333,true,2.04084400
71,Legacy4,0,116.8858,11.850700,17.8015,9,33.3333,true,2.16885800
72,Legacy4,0,167.3945,14.889052,17.8015,8,50.0000,true,2.67394459
73,Legacy4,0,165.2481,14.875264,17.8015,8,50.0000,true,2.65248098
74,Legacy4,0,134.6458,13.408866,17.8015,8,50.0000,true,2.34645783
75,Legacy4,0,131.6833,13.087872,17.8015,8,37.5000,true,2.31683273
76,Legacy4,0,130.5744,13.639503,17.8015,8,37.5000,true,2.30574412
77,Legacy4,0,135.4835,13.873486,17.8015,8,37.5000,true,2.35483523
78,Legacy4,0,119.0174,13.141928,17.8015,8,37.5000,true,2.19017450
79,Legacy4,0,107.4459,12.501382,17.8015,8,37.5000,true,2.07445915
80,Legacy4,0,107.4459,12.501382,17.8015,8,37.5000,true,2.07445915
81,Legacy4,0,107.4459,12.501382,17.8015,8,37.5000,true,2.07445915
82,Legacy4,0,107.4459,12.501382,17.8015,8,37.5000,true,2.07445915
83,Legacy4,0,107.4459,12.501382,17.8015,8,37.5000,true,2.07445915
84,Legacy4,0,107.4459,12.501382,17.8015,8,37.5000,true,2.07445915
85,Legacy4,0,107.4459,12.501382,17.8015,8,37.5000,true,2.07445915
86,Legacy4,0,107.4459,12.501382,17.8015,8,37.5000,true,2.07445915
87,Legacy4,0,107.4459,12.501382,17.8015,8,37.5000,true,2.07445915
88,Legacy4,0,107.4459,12.501382,17.8015,8,37.5000,true,2.07445915
89,Legacy4,0,107.4459,12.501382,17.8015,8,37.5000,true,2.07445915
90,Legacy4,0,107.4459,12.501382,17.8015,8,37.5000,true,2.07445915
91,Legacy4,0,107.4459,12.501382,17.8015,8,37.5000,true,2.07445915
92,Legacy4,0,107.4459,12.501382,17.8015,8,37.5000,true,2.07445915
93,Legacy4,0,107.4459,12.501382,17.8015,8,37.5000,true,2.07445915
94,Legacy4,0,107.4459,12.501382,17.8015,8,37.5000,true,2.07445915
95,Legacy4,0,107.4459,12.501382,17.8015,8,37.5000,true,2.07445915
96,Legacy4,0,107.4459,12.501382,17.8015,8,37.5000,true,2.07445915
97,Legacy4,0,107.4459,12.501382,17.8015,8,37.5000,true,2.07445915
98,Legacy4,0,107.4459,12.501382,17.8015,8,37.5000,true,2.07445915
99,Legacy4,0,107.4459,12.501382,17.8015,8,37.5000,true,2.07445915
100,Legacy4,0,107.4459,12.501382,17.8015,8,37.5000,true,2.07445915
1,Legacy4,1,-18.3537,-1.401032,23.2808,33,51.5152,false,0.81646305
2,Legacy4,1,21.1033,2.616374,17.1520,28,53.5714,true,1.21103348
3,Legacy4,1,50.0780,4.387352,12.4228,23,47.8261,true,1.50078033
4,Legacy4,1,15.6463,2.110360,25.7916,21,42.8571,true,1.15646331
5,Legacy4,1,11.7740,1.832561,25.1174,21,52.3810,true,1.11774014
6,Legacy4,1,12.4872,1.928218,22.7792,18,50.0000,true,1.12487240
7,Legacy4,1,-21.5100,-0.860530,38.2070,17,52.9412,false,0.78490003
8,Legacy4,1,-8.1956,-0.040234,27.3693,14,50.0000,false,0.91804351
9,Legacy4,1,-15.8149,-0.938256,28.5155,14,42.8571,false,0.84185062
10,Legacy4,1,-14.8793,-0.989865,26.9104,13,38.4615,false,0.85120737
11,Legacy4,1,-3.4571,0.737310,26.4236,13,46.1538,false,0.96542876
12,Legacy4,1,18.6460,2.960657,27.9749,13,46.1538,true,1.18645991
13,Legacy4,1,-10.2494,0.777985,27.0277,13,46.1538,false,0.89750577
14,Legacy4,1,12.8052,2.753724,27.2582,12,41.6667,true,1.12805236
15,Legacy4,1,16.6043,3.087351,28.8529,12,33.3333,true,1.16604343
16,Legacy4,1,-39.9045,-2.255864,42.8348,12,33.3333,false,0.60095474
17,Legacy4,1,-23.5275,-1.045383,29.3076,11,36.3636,false,0.76472510
18,Legacy4,1,-32.0995,-2.772918,32.0995,11,36.3636,false,0.67900459
19,Legacy4,1,-44.6158,-5.101525,44.6158,11,36.3636,false,0.55384185
20,Legacy4,1,-39.2818,-3.781424,39.2818,11,36.3636,false,0.60718178
21,Legacy4,1,-20.2447,-1.721013,37.9741,10,40.0000,false,0.79755258
22,Legacy4,1,-18.3581,-1.287562,37.9741,10,40.0000,false,0.81641863
23,Legacy4,1,-16.8615,-1.104833,37.9741,10,40.0000,false,0.83138532
24,Legacy4,1,0.5618,1.430709,37.9741,10,40.0000,true,1.00561817
25,Legacy4,1,-1.9973,1.076769,37.9741,10,40.0000,false,0.98002715
26,Legacy4,1,-0.0317,1.352583,37.9741,10,40.0000,false,0.99968323
27,Legacy4,1,1.9275,1.632560,37.9741,10,40.0000,true,1.01927527
28,Legacy4,1,-22.6101,-1.397894,37.9741,10,30.0000,false,0.77389938
29,Legacy4,1,-16.1097,-0.631859,37.9741,10,30.0000,false,0.83890338
30,Legacy4,1,-10.9876,0.393271,37.9741,10,30.0000,false,0.89012432
31,Legacy4,1,-7.2732,1.033102,37.9741,10,30.0000,false,0.92726804
32,Legacy4,1,-3.6611,1.630953,37.9741,10,30.0000,false,0.96338890
33,Legacy4,1,-6.2149,1.387463,37.9741,10,30.0000,false,0.93785107
34,Legacy4,1,-12.7005,0.913192,37.9741,10,30.0000,false,0.87299473
35,Legacy4,1,-6.9361,1.328571,37.9741,10,30.0000,false,0.93063931
36,Legacy4,1,-2.1635,2.100751,37.9741,10,30.0000,false,0.97836523
37,Legacy4,1,1.6171,2.980037,37.9741,10,30.0000,true,1.01617080
38,Legacy4,1,10.7190,3.733802,37.9741,10,30.0000,true,1.10718957
39,Legacy4,1,-2.5686,3.070930,37.9741,10,30.0000,false,0.97431424
40,Legacy4,1,-9.4945,2.170290,37.9741,10,30.0000,false,0.90505473
41,Legacy4,1,-11.5549,1.874096,37.9741,10,30.0000,false,0.88445113
42,Legacy4,1,-10.6483,2.161949,37.9741,10,30.0000,false,0.89351706
43,Legacy4,1,-5.7245,2.845720,37.9741,10,30.0000,false,0.94275474
44,Legacy4,1,18.4206,4.461187,37.9741,9,33.3333,true,1.18420552
45,Legacy4,1,17.7378,4.396470,37.9741,9,33.3333,true,1.17737842
46,Legacy4,1,21.5454,4.820975,37.9741,9,33.3333,true,1.21545444
47,Legacy4,1,19.8501,4.650802,37.9741,9,33.3333,true,1.19850121
48,Legacy4,1,25.7654,5.277563,37.9741,9,33.3333,true,1.25765422
49,Legacy4,1,21.6600,4.867200,37.9741,9,33.3333,true,1.21659993
50,Legacy4,1,13.0230,3.872471,37.9741,9,33.3333,true,1.13023013
51,Legacy4,1,2.6037,2.441361,37.9741,9,33.3333,true,1.02603654
52,Legacy4,1,2.6037,2.441361,37.9741,9,33.3333,true,1.02603654
53,Legacy4,1,2.6037,2.441361,37.9741,9,33.3333,true,1.02603654
54,Legacy4,1,2.6037,2.441361,37.9741,9,33.3333,true,1.02603654
55,Legacy4,1,2.6037,2.441361,37.9741,9,33.3333,true,1.02603654
56,Legacy4,1,2.6037,2.441361,37.9741,9,33.3333,true,1.02603654
57,Legacy4,1,2.6037,2.441361,37.9741,9,33.3333,true,1.02603654
58,Legacy4,1,2.6037,2.441361,37.9741,9,33.3333,true,1.02603654
59,Legacy4,1,2.6037,2.441361,37.9741,9,33.3333,true,1.02603654
60,Legacy4,1,2.6037,2.441361,37.9741,9,33.3333,true,1.02603654
61,Legacy4,1,2.6037,2.441361,37.9741,9,33.3333,true,1.02603654
62,Legacy4,1,2.6037,2.441361,37.9741,9,33.3333,true,1.02603654
63,Legacy4,1,2.6037,2.441361,37.9741,9,33.3333,true,1.02603654
64,Legacy4,1,2.6037,2.441361,37.9741,9,33.3333,true,1.02603654
65,Legacy4,1,2.6037,2.441361,37.9741,9,33.3333,true,1.02603654
66,Legacy4,1,2.6037,2.441361,37.9741,9,33.3333,true,1.02603654
67,Legacy4,1,2.6037,2.441361,37.9741,9,33.3333,true,1.02603654
68,Legacy4,1,2.6037,2.441361,37.9741,9,33.3333,true,1.02603654
69,Legacy4,1,2.6037,2.441361,37.9741,9,33.3333,true,1.02603654
70,Legacy4,1,2.6037,2.441361,37.9741,9,33.3333,true,1.02603654
71,Legacy4,1,2.6037,2.441361,37.9741,9,33.3333,true,1.02603654
72,Legacy4,1,2.6037,2.441361,37.9741,9,33.3333,true,1.02603654
73,Legacy4,1,2.6037,2.441361,37.9741,9,33.3333,true,1.02603654
74,Legacy4,1,2.6037,2.441361,37.9741,9,33.3333,true,1.02603654
75,Legacy4,1,2.6037,2.441361,37.9741,9,33.3333,true,1.02603654
76,Legacy4,1,2.6037,2.441361,37.9741,9,33.3333,true,1.02603654
77,Legacy4,1,2.6037,2.441361,37.9741,9,33.3333,true,1.02603654
78,Legacy4,1,2.6037,2.441361,37.9741,9,33.3333,true,1.02603654
79,Legacy4,1,2.6037,2.441361,37.9741,9,33.3333,true,1.02603654
80,Legacy4,1,2.6037,2.441361,37.9741,9,33.3333,true,1.02603654
81,Legacy4,1,2.6037,2.441361,37.9741,9,33.3333,true,1.02603654
82,Legacy4,1,2.6037,2.441361,37.9741,9,33.3333,true,1.02603654
83,Legacy4,1,2.6037,2.441361,37.9741,9,33.3333,true,1.02603654
84,Legacy4,1,2.6037,2.441361,37.9741,9,33.3333,true,1.02603654
85,Legacy4,1,2.6037,2.441361,37.9741,9,33.3333,true,1.02603654
86,Legacy4,1,2.6037,2.441361,37.9741,9,33.3333,true,1.02603654
87,Legacy4,1,2.6037,2.441361,37.9741,9,33.3333,true,1.02603654
88,Legacy4,1,2.6037,2.441361,37.9741,9,33.3333,true,1.02603654
89,Legacy4,1,2.6037,2.441361,37.9741,9,33.3333,true,1.02603654
90,Legacy4,1,2.6037,2.441361,37.9741,9,33.3333,true,1.02603654
91,Legacy4,1,2.6037,2.441361,37.9741,9,33.3333,true,1.02603654
92,Legacy4,1,2.6037,2.441361,37.9741,9,33.3333,true,1.02603654
93,Legacy4,1,2.6037,2.441361,37.9741,9,33.3333,true,1.02603654
94,Legacy4,1,2.6037,2.441361,37.9741,9,33.3333,true,1.02603654
95,Legacy4,1,2.6037,2.441361,37.9741,9,33.3333,true,1.02603654
96,Legacy4,1,2.6037,2.441361,37.9741,9,33.3333,true,1.02603654
97,Legacy4,1,2.6037,2.441361,37.9741,9,33.3333,true,1.02603654
98,Legacy4,1,2.6037,2.441361,37.9741,9,33.3333,true,1.02603654
99,Legacy4,1,2.6037,2.441361,37.9741,9,33.3333,true,1.02603654
100,Legacy4,1,2.6037,2.441361,37.9741,9,33.3333,true,1.02603654
1,Legacy4,2,69.2609,3.942818,23.1566,37,72.9730,true,1.69260909
2,Legacy4,2,58.2264,3.381827,19.7728,31,54.8387,true,1.58226355
3,Legacy4,2,119.5464,4.119575,25.4429,26,50.0000,true,2.19546410
4,Legacy4,2,25.1694,3.516479,22.9694,21,57.1429,true,1.25169449
5,Legacy4,2,165.6975,7.481713,22.7489,20,65.0000,true,2.65697457
6,Legacy4,2,179.2438,10.774601,21.4489,18,66.6667,true,2.79243776
7,Legacy4,2,0.4837,0.991215,37.7374,15,46.6667,true,1.00483666
8,Legacy4,2,4.1441,1.071007,39.8500,15,60.0000,true,1.04144087
9,Legacy4,2,215.1385,8.186420,22.2790,14,71.4286,true,3.15138504
10,Legacy4,2,178.4312,6.810842,24.5661,14,50.0000,true,2.78431167
11,Legacy4,2,104.9076,5.682586,23.9390,13,53.8462,true,2.04907607
12,Legacy4,2,133.1082,5.664092,25.0490,12,50.0000,true,2.33108247
13,Legacy4,2,102.0995,6.418261,25.2943,11,45.4545,true,2.02099544
14,Legacy4,2,61.0976,5.511426,25.2943,11,45.4545,true,1.61097569
15,Legacy4,2,-10.0040,-0.011779,39.6170,12,41.6667,false,0.89996002
16,Legacy4,2,-4.1466,0.547819,42.1598,12,41.6667,false,0.95853405
17,Legacy4,2,-3.8540,0.540042,38.6339,12,41.6667,false,0.96145996
18,Legacy4,2,20.4246,2.094948,38.5935,12,50.0000,true,1.20424605
19,Legacy4,2,214.0961,10.107790,16.2487,11,54.5455,true,3.14096109
20,Legacy4,2,223.2524,10.221150,16.2487,11,54.5455,true,3.23252383
21,Legacy4,2,154.4658,9.105534,24.1997,10,50.0000,true,2.54465836
22,Legacy4,2,193.1877,10.613226,24.1997,9,55.5556,true,2.93187711
23,Legacy4,2,202.3614,10.770045,24.1997,9,55.5556,true,3.02361387
24,Legacy4,2,202.6241,10.661056,24.1997,9,55.5556,true,3.02624102
25,Legacy4,2,-21.3431,-0.898859,31.8646,10,30.0000,false,0.78656880
26,Legacy4,2,-35.3923,-1.481329,37.5174,10,30.0000,false,0.64607657
27,Legacy4,2,118.8962,9.068582,24.1997,8,50.0000,true,2.18896177
28,Legacy4,2,128.3078,9.427170,24.1997,8,50.0000,true,2.28307764
29,Legacy4,2,127.2525,8.830332,24.1997,8,50.0000,true,2.27252462
30,Legacy4,2,118.4933,8.380990,24.1997,8,50.0000,true,2.18493334
31,Legacy4,2,124.0214,8.597660,24.1997,8,50.0000,true,2.24021367
32,Legacy4,2,132.7001,8.943362,24.1997,8,50.0000,true,2.32700134
33,Legacy4,2,133.1121,8.935902,24.1997,8,50.0000,true,2.33112062
34,Legacy4,2,129.5377,8.757790,24.1997,8,50.0000,true,2.29537687
35,Legacy4,2,127.9173,8.660907,24.1997,8,50.0000,true,2.27917256
36,Legacy4,2,138.7235,9.096094,24.1997,8,50.0000,true,2.38723508
37,Legacy4,2,152.2327,9.620825,24.1997,8,50.0000,true,2.52232715
38,Legacy4,2,153.9001,9.664223,24.1997,8,50.0000,true,2.53900138
39,Legacy4,2,154.2815,9.656593,24.1997,8,50.0000,true,2.54281500
40,Legacy4,2,166.4629,10.105008,24.1997,8,50.0000,true,2.66462939
41,Legacy4,2,167.1504,10.110507,24.1997,8,50.0000,true,2.67150391
42,Legacy4,2,163.0173,9.930663,24.1997,8,50.0000,true,2.63017257
43,Legacy4,2,162.3541,9.881925,24.1997,8,50.0000,true,2.62354087
44,Legacy4,2,173.6665,10.292988,24.1997,8,50.0000,true,2.73666536
45,Legacy4,2,167.3691,10.030856,24.1997,8,50.0000,true,2.67369067
46,Legacy4,2,144.9496,9.095663,24.1997,8,50.0000,true,2.44949561
47,Legacy4,2,144.8074,9.062674,24.1997,8,50.0000,true,2.44807443
48,Legacy4,2,153.0964,9.383083,24.1997,8,50.0000,true,2.53096421
49,Legacy4,2,159.7401,9.629211,24.1997,8,50.0000,true,2.59740116
50,Legacy4,2,181.3203,10.449226,24.1997,8,50.0000,true,2.81320339
51,Legacy4,2,168.0240,9.910688,24.1997,8,50.0000,true,2.68023952
52,Legacy4,2,174.2961,10.132585,24.1997,8,50.0000,true,2.74296140
53,Legacy4,2,177.4072,10.228936,24.1997,8,50.0000,true,2.77407167
54,Legacy4,2,166.3894,9.768347,24.1997,8,50.0000,true,2.66389381
55,Legacy4,2,173.4901,10.025751,24.1997,8,50.0000,true,2.73490138
56,Legacy4,2,176.5145,10.119396,24.1997,8,50.0000,true,2.76514466
57,Legacy4,2,173.7649,9.985403,24.1997,8,50.0000,true,2.73764947
58,Legacy4,2,161.7272,9.473166,24.1997,8,50.0000,true,2.61727197
59,Legacy4,2,164.8291,9.573491,24.1997,8,50.0000,true,2.64829082
60,Legacy4,2,160.7348,9.379023,24.1997,8,50.0000,true,2.60734799
61,Legacy4,2,157.6196,9.223458,24.1997,8,50.0000,true,2.57619630
62,Legacy4,2,157.6196,9.223458,24.1997,8,50.0000,true,2.57619630
63,Legacy4,2,157.6196,9.223458,24.1997,8,50.0000,true,2.57619630
64,Legacy4,2,157.6196,9.223458,24.1997,8,50.0000,true,2.57619630
65,Legacy4,2,157.6196,9.223458,24.1997,8,50.0000,true,2.57619630
66,Legacy4,2,157.6196,9.223458,24.1997,8,50.0000,true,2.57619630
67,Legacy4,2,157.6196,9.223458,24.1997,8,50.0000,true,2.57619630
68,Legacy4,2,157.6196,9.223458,24.1997,8,50.0000,true,2.57619630
69,Legacy4,2,157.6196,9.223458,24.1997,8,50.0000,true,2.57619630
70,Legacy4,2,157.6196,9.223458,24.1997,8,50.0000,true,2.57619630
71,Legacy4,2,157.6196,9.223458,24.1997,8,50.0000,true,2.57619630
72,Legacy4,2,157.6196,9.223458,24.1997,8,50.0000,true,2.57619630
73,Legacy4,2,157.6196,9.223458,24.1997,8,50.0000,true,2.57619630
74,Legacy4,2,157.6196,9.223458,24.1997,8,50.0000,true,2.57619630
75,Legacy4,2,157.6196,9.223458,24.1997,8,50.0000,true,2.57619630
76,Legacy4,2,157.6196,9.223458,24.1997,8,50.0000,true,2.57619630
77,Legacy4,2,157.6196,9.223458,24.1997,8,50.0000,true,2.57619630
78,Legacy4,2,157.6196,9.223458,24.1997,8,50.0000,true,2.57619630
79,Legacy4,2,157.6196,9.223458,24.1997,8,50.0000,true,2.57619630
80,Legacy4,2,157.6196,9.223458,24.1997,8,50.0000,true,2.57619630
81,Legacy4,2,157.6196,9.223458,24.1997,8,50.0000,true,2.57619630
82,Legacy4,2,157.6196,9.223458,24.1997,8,50.0000,true,2.57619630
83,Legacy4,2,157.6196,9.223458,24.1997,8,50.0000,true,2.57619630
84,Legacy4,2,157.6196,9.223458,24.1997,8,50.0000,true,2.57619630
85,Legacy4,2,157.6196,9.223458,24.1997,8,50.0000,true,2.57619630
86,Legacy4,2,157.6196,9.223458,24.1997,8,50.0000,true,2.57619630
87,Legacy4,2,157.6196,9.223458,24.1997,8,50.0000,true,2.57619630
88,Legacy4,2,157.6196,9.223458,24.1997,8,50.0000,true,2.57619630
89,Legacy4,2,157.6196,9.223458,24.1997,8,50.0000,true,2.57619630
90,Legacy4,2,157.6196,9.223458,24.1997,8,50.0000,true,2.57619630
91,Legacy4,2,157.6196,9.223458,24.1997,8,50.0000,true,2.57619630
92,Legacy4,2,157.6196,9.223458,24.1997,8,50.0000,true,2.57619630
93,Legacy4,2,157.6196,9.223458,24.1997,8,50.0000,true,2.57619630
94,Legacy4,2,157.6196,9.223458,24.1997,8,50.0000,true,2.57619630
95,Legacy4,2,157.6196,9.223458,24.1997,8,50.0000,true,2.57619630
96,Legacy4,2,157.6196,9.223458,24.1997,8,50.0000,true,2.57619630
97,Legacy4,2,157.6196,9.223458,24.1997,8,50.0000,true,2.57619630
98,Legacy4,2,157.6196,9.223458,24.1997,8,50.0000,true,2.57619630
99,Legacy4,2,157.6196,9.223458,24.1997,8,50.0000,true,2.57619630
100,Legacy4,2,157.6196,9.223458,24.1997,8,50.0000,true,2.57619630
1,Legacy4,3,77.8925,4.238651,22.4807,42,59.5238,true,1.77892487
2,Legacy4,3,193.9194,6.376564,25.3636,34,61.7647,true,2.93919411
3,Legacy4,3,54.0623,3.761424,30.5570,27,59.2593,true,1.54062344
4,Legacy4,3,251.0048,7.871600,30.1819,26,65.3846,true,3.51004806
5,Legacy4,3,169.2564,10.487031,17.1836,22,63.6364,true,2.69256446
6,Legacy4,3,64.3800,4.003065,41.9098,21,47.6190,true,1.64379975
7,Legacy4,3,73.2385,5.352021,22.4926,20,55.0000,true,1.73238509
8,Legacy4,3,36.0502,3.742218,45.5066,17,64.7059,true,1.36050193
9,Legacy4,3,97.0201,5.320091,34.6928,16,56.2500,true,1.97020139
10,Legacy4,3,84.0003,5.486154,45.5337,16,56.2500,true,1.84000277
11,Legacy4,3,207.1518,8.192170,46.9806,16,62.5000,true,3.07151768
12,Legacy4,3,74.5326,5.809872,42.1582,14,57.1429,true,1.74532625
13,Legacy4,3,104.2356,6.808760,21.3534,14,42.8571,true,2.04235596
14,Legacy4,3,26.2157,3.354243,30.8382,14,42.8571,true,1.26215653
15,Legacy4,3,-1.7786,1.742973,37.3430,14,42.8571,false,0.98221386
16,Legacy4,3,48.8695,4.883070,28.1288,13,46.1538,true,1.48869462
17,Legacy4,3,69.3705,5.957283,40.3196,12,50.0000,true,1.69370487
18,Legacy4,3,10.5930,2.547070,50.1059,12,33.3333,true,1.10593004
19,Legacy4,3,144.1434,9.557551,22.1662,11,45.4545,true,2.44143385
20,Legacy4,3,127.9989,8.588008,22.1662,11,45.4545,true,2.27998883
21,Legacy4,3,128.8648,8.165630,23.9823,11,45.4545,true,2.28864753
22,Legacy4,3,80.0748,6.482691,25.2038,10,40.0000,true,1.80074822
23,Legacy4,3,146.7972,8.915710,25.0453,10,40.0000,true,2.46797184
24,Legacy4,3,101.3306,8.101809,28.7993,10,40.0000,true,2.01330628
25,Legacy4,3,45.7265,5.604992,30.9266,10,30.0000,true,1.45726463
26,Legacy4,3,45.7186,5.757171,31.1471,10,30.0000,true,1.45718605
27,Legacy4,3,57.0822,6.244651,31.5290,10,30.0000,true,1.57082204
28,Legacy4,3,53.9083,5.970200,35.5365,10,30.0000,true,1.53908340
29,Legacy4,3,43.2179,5.477747,35.6411,10,30.0000,true,1.43217906
30,Legacy4,3,20.8123,4.124988,44.6727,10,30.0000,true,1.20812306
31,Legacy4,3,139.3627,9.170043,36.2251,9,44.4444,true,2.39362677
32,Legacy4,3,-5.8866,2.578821,50.4869,10,30.0000,false,0.94113408
33,Legacy4,3,290.3129,15.684113,20.7930,8,62.5000,true,3.90312946
34,Legacy4,3,52.6219,6.017496,51.4533,9,44.4444,true,1.52621850
35,Legacy4,3,32.3619,4.855849,51.4533,9,44.4444,true,1.32361889
36,Legacy4,3,48.2280,5.694126,51.6226,9,44.4444,true,1.48227975
37,Legacy4,3,47.9202,5.605697,51.8915,9,44.4444,true,1.47920238
38,Legacy4,3,40.6361,5.140285,54.5148,9,44.4444,true,1.40636051
39,Legacy4,3,88.0435,7.816322,42.4983,8,50.0000,true,1.88043496
40,Legacy4,3,72.2627,7.248193,42.4983,8,50.0000,true,1.72262702
41,Legacy4,3,67.5182,7.055454,42.4983,8,50.0000,true,1.67518191
42,Legacy4,3,148.5302,11.666488,22.1662,8,50.0000,true,2.48530177
43,Legacy4,3,122.4068,11.471242,22.1662,8,50.0000,true,2.22406823
44,Legacy4,3,118.4682,11.469256,22.1662,8,50.0000,true,2.18468163
45,Legacy4,3,100.1965,11.031191,22.1662,8,50.0000,true,2.00196513
46,Legacy4,3,105.8416,11.264223,22.1662,8,50.0000,true,2.05841641
47,Legacy4,3,48.7469,7.566675,22.1662,8,50.0000,true,1.48746928
48,Legacy4,3,48.7469,7.566675,22.1662,8,50.0000,true,1.48746928
49,Legacy4,3,48.7469,7.566675,22.1662,8,50.0000,true,1.48746928
50,Legacy4,3,48.7469,7.566675,22.1662,8,50.0000,true,1.48746928
51,Legacy4,3,48.7469,7.566675,22.1662,8,50.0000,true,1.48746928
52,Legacy4,3,48.7469,7.566675,22.1662,8,50.0000,true,1.48746928
53,Legacy4,3,48.7469,7.566675,22.1662,8,50.0000,true,1.48746928
54,Legacy4,3,48.7469,7.566675,22.1662,8,50.0000,true,1.48746928
55,Legacy4,3,48.7469,7.566675,22.1662,8,50.0000,true,1.48746928
56,Legacy4,3,48.7469,7.566675,22.1662,8,50.0000,true,1.48746928
57,Legacy4,3,48.7469,7.566675,22.1662,8,50.0000,true,1.48746928
58,Legacy4,3,48.7469,7.566675,22.1662,8,50.0000,true,1.48746928
59,Legacy4,3,48.7469,7.566675,22.1662,8,50.0000,true,1.48746928
60,Legacy4,3,48.7469,7.566675,22.1662,8,50.0000,true,1.48746928
61,Legacy4,3,48.7469,7.566675,22.1662,8,50.0000,true,1.48746928
62,Legacy4,3,48.7469,7.566675,22.1662,8,50.0000,true,1.48746928
63,Legacy4,3,48.7469,7.566675,22.1662,8,50.0000,true,1.48746928
64,Legacy4,3,48.7469,7.566675,22.1662,8,50.0000,true,1.48746928
65,Legacy4,3,48.7469,7.566675,22.1662,8,50.0000,true,1.48746928
66,Legacy4,3,48.7469,7.566675,22.1662,8,50.0000,true,1.48746928
67,Legacy4,3,48.7469,7.566675,22.1662,8,50.0000,true,1.48746928
68,Legacy4,3,48.7469,7.566675,22.1662,8,50.0000,true,1.48746928
69,Legacy4,3,48.7469,7.566675,22.1662,8,50.0000,true,1.48746928
70,Legacy4,3,48.7469,7.566675,22.1662,8,50.0000,true,1.48746928
71,Legacy4,3,48.7469,7.566675,22.1662,8,50.0000,true,1.48746928
72,Legacy4,3,48.7469,7.566675,22.1662,8,50.0000,true,1.48746928
73,Legacy4,3,48.7469,7.566675,22.1662,8,50.0000,true,1.48746928
74,Legacy4,3,48.7469,7.566675,22.1662,8,50.0000,true,1.48746928
75,Legacy4,3,48.7469,7.566675,22.1662,8,50.0000,true,1.48746928
76,Legacy4,3,48.7469,7.566675,22.1662,8,50.0000,true,1.48746928
77,Legacy4,3,48.7469,7.566675,22.1662,8,50.0000,true,1.48746928
78,Legacy4,3,48.7469,7.566675,22.1662,8,50.0000,true,1.48746928
79,Legacy4,3,48.7469,7.566675,22.1662,8,50.0000,true,1.48746928
80,Legacy4,3,48.7469,7.566675,22.1662,8,50.0000,true,1.48746928
81,Legacy4,3,48.7469,7.566675,22.1662,8,50.0000,true,1.48746928
82,Legacy4,3,48.7469,7.566675,22.1662,8,50.0000,true,1.48746928
83,Legacy4,3,48.7469,7.566675,22.1662,8,50.0000,true,1.48746928
84,Legacy4,3,48.7469,7.566675,22.1662,8,50.0000,true,1.48746928
85,Legacy4,3,48.7469,7.566675,22.1662,8,50.0000,true,1.48746928
86,Legacy4,3,48.7469,7.566675,22.1662,8,50.0000,true,1.48746928
87,Legacy4,3,48.7469,7.566675,22.1662,8,50.0000,true,1.48746928
88,Legacy4,3,48.7469,7.566675,22.1662,8,50.0000,true,1.48746928
89,Legacy4,3,48.7469,7.566675,22.1662,8,50.0000,true,1.48746928
90,Legacy4,3,48.7469,7.566675,22.1662,8,50.0000,true,1.48746928
91,Legacy4,3,48.7469,7.566675,22.1662,8,50.0000,true,1.48746928
92,Legacy4,3,48.7469,7.566675,22.1662,8,50.0000,true,1.48746928
93,Legacy4,3,48.7469,7.566675,22.1662,8,50.0000,true,1.48746928
94,Legacy4,3,48.7469,7.566675,22.1662,8,50.0000,true,1.48746928
95,Legacy4,3,48.7469,7.566675,22.1662,8,50.0000,true,1.48746928
96,Legacy4,3,48.7469,7.566675,22.1662,8,50.0000,true,1.48746928
97,Legacy4,3,48.7469,7.566675,22.1662,8,50.0000,true,1.48746928
98,Legacy4,3,48.7469,7.566675,22.1662,8,50.0000,true,1.48746928
99,Legacy4,3,48.7469,7.566675,22.1662,8,50.0000,true,1.48746928
100,Legacy4,3,48.7469,7.566675,22.1662,8,50.0000,true,1.48746928
1,Legacy4,4,23.6345,2.484107,26.5596,34,52.9412,true,1.23634527
2,Legacy4,4,26.0258,2.877543,25.4735,27,59.2593,true,1.26025848
3,Legacy4,4,-5.0388,0.451547,29.4294,24,54.1667,false,0.94961211
4,Legacy4,4,21.4770,2.773059,27.0521,21,52.3810,true,1.21477002
5,Legacy4,4,61.1273,6.186866,15.3021,17,64.7059,true,1.61127296
6,Legacy4,4,73.8505,7.535517,16.0534,16,62.5000,true,1.73850502
7,Legacy4,4,14.0581,2.386858,27.0391,16,68.7500,true,1.14058054
8,Legacy4,4,-1.5681,0.870130,38.9639,13,53.8462,false,0.98431906
9,Legacy4,4,-0.1378,1.060515,39.6937,13,53.8462,false,0.99862175
10,Legacy4,4,20.6890,3.543301,31.4115,12,58.3333,true,1.20688982
11,Legacy4,4,18.4104,3.109867,30.9305,12,50.0000,true,1.18410388
12,Legacy4,4,31.5061,4.134200,27.0521,12,58.3333,true,1.31506105
13,Legacy4,4,38.7342,5.538159,19.8483,11,54.5455,true,1.38734240
14,Legacy4,4,-11.8308,0.214503,38.1840,11,36.3636,false,0.88169151
15,Legacy4,4,52.1365,7.456353,19.8483,10,60.0000,true,1.52136526
16,Legacy4,4,39.0273,6.106709,21.2184,10,50.0000,true,1.39027307
17,Legacy4,4,19.7755,3.615346,29.2268,10,50.0000,true,1.19775509
18,Legacy4,4,12.5007,2.814019,28.5285,10,40.0000,true,1.12500690
19,Legacy4,4,-18.6076,-0.557895,43.0869,10,30.0000,false,0.81392446
20,Legacy4,4,-11.0535,0.038871,37.6794,9,33.3333,false,0.88946522
21,Legacy4,4,-15.8438,-0.577395,39.6581,9,33.3333,false,0.84156179
22,Legacy4,4,-18.0537,-0.899254,39.6581,9,33.3333,false,0.81946289
23,Legacy4,4,-18.0366,-0.894951,39.6581,9,33.3333,false,0.81963413
24,Legacy4,4,-14.2683,-0.350675,39.6581,9,33.3333,false,0.85731689
25,Legacy4,4,-9.8754,0.268977,39.8609,9,33.3333,false,0.90124608
26,Legacy4,4,-10.7901,0.144651,39.8609,9,33.3333,false,0.89209886
27,Legacy4,4,-10.0275,0.247978,39.8609,9,33.3333,false,0.89972490
28,Legacy4,4,-6.6316,0.587522,37.9058,9,33.3333,false,0.93368416
29,Legacy4,4,-10.0556,0.123052,37.9058,9,33.3333,false,0.89944438
30,Legacy4,4,-7.6042,0.455907,37.9058,9,33.3333,false,0.92395789
31,Legacy4,4,-11.6217,-0.094129,37.9058,9,33.3333,false,0.88378250
32,Legacy4,4,-7.4220,0.478507,37.9058,9,33.3333,false,0.92578002
33,Legacy4,4,-7.7513,0.433560,37.9058,9,33.3333,false,0.92248686
34,Legacy4,4,-7.9919,0.400469,37.9058,9,33.3333,false,0.92008100
35,Legacy4,4,-11.3594,-0.057037,37.9058,9,33.3333,false,0.88640571
36,Legacy4,4,-20.3700,-0.883496,44.3576,9,33.3333,false,0.79629965
37,Legacy4,4,-19.8117,-0.640514,45.9301,9,33.3333,false,0.80188306
38,Legacy4,4,-19.0952,-0.532747,45.9301,9,33.3333,false,0.80904785
39,Legacy4,4,-12.6425,0.084354,42.4963,9,33.3333,false,0.87357537
40,Legacy4,4,-12.7884,0.064019,42.4963,9,33.3333,false,0.87211648
41,Legacy4,4,-11.1288,0.363737,43.4866,9,33.3333,false,0.88871192
42,Legacy4,4,6.1812,1.969412,33.6421,8,37.5000,true,1.06181216
43,Legacy4,4,-5.5131,0.511363,33.6421,8,37.5000,false,0.94486884
44,Legacy4,4,-7.1572,0.296248,33.6421,8,37.5000,false,0.92842830
45,Legacy4,4,-6.4579,0.386098,33.6421,8,37.5000,false,0.93542111
46,Legacy4,4,-9.5714,-0.020863,33.6421,8,37.5000,false,0.90428627
47,Legacy4,4,-9.5714,-0.020863,33.6421,8,37.5000,false,0.90428627
48,Legacy4,4,-9.5714,-0.020863,33.6421,8,37.5000,false,0.90428627
49,Legacy4,4,-9.5714,-0.020863,33.6421,8,37.5000,false,0.90428627
50,Legacy4,4,-9.5714,-0.020863,33.6421,8,37.5000,false,0.90428627
51,Legacy4,4,-9.5714,-0.020863,33.6421,8,37.5000,false,0.90428627
52,Legacy4,4,-9.5714,-0.020863,33.6421,8,37.5000,false,0.90428627
53,Legacy4,4,-9.5714,-0.020863,33.6421,8,37.5000,false,0.90428627
54,Legacy4,4,-9.5714,-0.020863,33.6421,8,37.5000,false,0.90428627
55,Legacy4,4,-9.5714,-0.020863,33.6421,8,37.5000,false,0.90428627
56,Legacy4,4,-9.5714,-0.020863,33.6421,8,37.5000,false,0.90428627
57,Legacy4,4,-9.5714,-0.020863,33.6421,8,37.5000,false,0.90428627
58,Legacy4,4,-9.5714,-0.020863,33.6421,8,37.5000,false,0.90428627
59,Legacy4,4,-9.5714,-0.020863,33.6421,8,37.5000,false,0.90428627
60,Legacy4,4,-9.5714,-0.020863,33.6421,8,37.5000,false,0.90428627
61,Legacy4,4,-9.5714,-0.020863,33.6421,8,37.5000,false,0.90428627
62,Legacy4,4,-9.5714,-0.020863,33.6421,8,37.5000,false,0.90428627
63,Legacy4,4,-9.5714,-0.020863,33.6421,8,37.5000,false,0.90428627
64,Legacy4,4,-9.5714,-0.020863,33.6421,8,37.5000,false,0.90428627
65,Legacy4,4,-9.5714,-0.020863,33.6421,8,37.5000,false,0.90428627
66,Legacy4,4,-9.5714,-0.020863,33.6421,8,37.5000,false,0.90428627
67,Legacy4,4,-9.5714,-0.020863,33.6421,8,37.5000,false,0.90428627
68,Legacy4,4,-9.5714,-0.020863,33.6421,8,37.5000,false,0.90428627
69,Legacy4,4,-9.5714,-0.020863,33.6421,8,37.5000,false,0.90428627
70,Legacy4,4,-9.5714,-0.020863,33.6421,8,37.5000,false,0.90428627
71,Legacy4,4,-9.5714,-0.020863,33.6421,8,37.5000,false,0.90428627
72,Legacy4,4,-9.5714,-0.020863,33.6421,8,37.5000,false,0.90428627
73,Legacy4,4,-9.5714,-0.020863,33.6421,8,37.5000,false,0.90428627
74,Legacy4,4,-9.5714,-0.020863,33.6421,8,37.5000,false,0.90428627
75,Legacy4,4,-9.5714,-0.020863,33.6421,8,37.5000,false,0.90428627
76,Legacy4,4,-9.5714,-0.020863,33.6421,8,37.5000,false,0.90428627
77,Legacy4,4,-9.5714,-0.020863,33.6421,8,37.5000,false,0.90428627
78,Legacy4,4,-9.5714,-0.020863,33.6421,8,37.5000,false,0.90428627
79,Legacy4,4,-9.5714,-0.020863,33.6421,8,37.5000,false,0.90428627
80,Legacy4,4,-9.5714,-0.020863,33.6421,8,37.5000,false,0.90428627
81,Legacy4,4,-9.5714,-0.020863,33.6421,8,37.5000,false,0.90428627
82,Legacy4,4,-9.5714,-0.020863,33.6421,8,37.5000,false,0.90428627
83,Legacy4,4,-9.5714,-0.020863,33.6421,8,37.5000,false,0.90428627
84,Legacy4,4,-9.5714,-0.020863,33.6421,8,37.5000,false,0.90428627
85,Legacy4,4,-9.5714,-0.020863,33.6421,8,37.5000,false,0.90428627
86,Legacy4,4,-9.5714,-0.020863,33.6421,8,37.5000,false,0.90428627
87,Legacy4,4,-9.5714,-0.020863,33.6421,8,37.5000,false,0.90428627
88,Legacy4,4,-9.5714,-0.020863,33.6421,8,37.5000,false,0.90428627
89,Legacy4,4,-9.5714,-0.020863,33.6421,8,37.5000,false,0.90428627
90,Legacy4,4,-9.5714,-0.020863,33.6421,8,37.5000,false,0.90428627
91,Legacy4,4,-9.5714,-0.020863,33.6421,8,37.5000,false,0.90428627
92,Legacy4,4,-9.5714,-0.020863,33.6421,8,37.5000,false,0.90428627
93,Legacy4,4,-9.5714,-0.020863,33.6421,8,37.5000,false,0.90428627
94,Legacy4,4,-9.5714,-0.020863,33.6421,8,37.5000,false,0.90428627
95,Legacy4,4,-9.5714,-0.020863,33.6421,8,37.5000,false,0.90428627
96,Legacy4,4,-9.5714,-0.020863,33.6421,8,37.5000,false,0.90428627
97,Legacy4,4,-9.5714,-0.020863,33.6421,8,37.5000,false,0.90428627
98,Legacy4,4,-9.5714,-0.020863,33.6421,8,37.5000,false,0.90428627
99,Legacy4,4,-9.5714,-0.020863,33.6421,8,37.5000,false,0.90428627
100,Legacy4,4,-9.5714,-0.020863,33.6421,8,37.5000,false,0.90428627
1,Legacy4,5,9.0632,1.702122,11.3598,26,46.1538,true,1.09063198
2,Legacy4,5,25.6069,4.919202,7.9612,21,61.9048,true,1.25606917
3,Legacy4,5,-35.8316,-7.031449,35.8316,20,30.0000,false,0.64168413
4,Legacy4,5,-23.5651,-2.093265,26.6913,18,27.7778,false,0.76434918
5,Legacy4,5,-25.7318,-1.994590,29.4038,17,29.4118,false,0.74268197
6,Legacy4,5,-31.0492,-3.122491,35.9631,17,23.5294,false,0.68950768
7,Legacy4,5,-29.2822,-3.438288,31.0305,16,37.5000,false,0.70717750
8,Legacy4,5,-24.4779,-3.209595,29.3111,15,33.3333,false,0.75522109
9,Legacy4,5,-22.0811,-3.007569,23.7361,14,35.7143,false,0.77918900
10,Legacy4,5,-29.0260,-4.723762,33.3320,14,35.7143,false,0.70973957
11,Legacy4,5,-42.3365,-6.887072,42.8591,14,28.5714,false,0.57663508
12,Legacy4,5,-31.7390,-3.052461,35.3237,14,21.4286,false,0.68260954
13,Legacy4,5,-38.0866,-3.457676,43.7334,14,21.4286,false,0.61913448
14,Legacy4,5,-34.6581,-3.335437,38.2925,14,21.4286,false,0.65341851
15,Legacy4,5,-36.3340,-3.615149,40.3521,14,21.4286,false,0.63666020
16,Legacy4,5,-42.7704,-4.419770,43.7031,14,21.4286,false,0.57229597
17,Legacy4,5,-28.5744,-3.234940,28.5744,13,23.0769,false,0.71425578
18,Legacy4,5,-28.8086,-3.114462,28.8086,13,23.0769,false,0.71191356
19,Legacy4,5,-14.8525,-0.454138,22.5472,12,25.0000,false,0.85147506
20,Legacy4,5,-6.8722,0.448245,22.5472,11,27.2727,false,0.93127822
21,Legacy4,5,-10.1966,-0.128110,22.5472,11,27.2727,false,0.89803400
22,Legacy4,5,-15.8887,-1.348989,22.5472,11,27.2727,false,0.84111269
23,Legacy4,5,-18.0096,-1.793684,22.5472,11,27.2727,false,0.81990377
24,Legacy4,5,-19.9192,-2.162379,22.6875,11,27.2727,false,0.80080759
25,Legacy4,5,-31.3358,-4.862134,31.3358,11,27.2727,false,0.68664177
26,Legacy4,5,-31.3358,-4.862134,31.3358,11,27.2727,false,0.68664177
27,Legacy4,5,-31.3358,-4.862134,31.3358,11,27.2727,false,0.68664177
28,Legacy4,5,-31.3358,-4.862134,31.3358,11,27.2727,false,0.68664177
29,Legacy4,5,-31.3358,-4.862134,31.3358,11,27.2727,false,0.68664177
30,Legacy4,5,-31.3358,-4.862134,31.3358,11,27.2727,false,0.68664177
31,Legacy4,5,-31.3358,-4.862134,31.3358,11,27.2727,false,0.68664177
32,Legacy4,5,-31.3358,-4.862134,31.3358,11,27.2727,false,0.68664177
33,Legacy4,5,-31.3358,-4.862134,31.3358,11,27.2727,false,0.68664177
34,Legacy4,5,-31.3358,-4.862134,31.3358,11,27.2727,false,0.68664177
35,Legacy4,5,-31.3358,-4.862134,31.3358,11,27.2727,false,0.68664177
36,Legacy4,5,-31.3358,-4.862134,31.3358,11,27.2727,false,0.68664177
37,Legacy4,5,-31.3358,-4.862134,31.3358,11,27.2727,false,0.68664177
38,Legacy4,5,-31.3358,-4.862134,31.3358,11,27.2727,false,0.68664177
39,Legacy4,5,-31.3358,-4.862134,31.3358,11,27.2727,false,0.68664177
40,Legacy4,5,-31.3358,-4.862134,31.3358,11,27.2727,false,0.68664177
41,Legacy4,5,-31.3358,-4.862134,31.3358,11,27.2727,false,0.68664177
42,Legacy4,5,-31.3358,-4.862134,31.3358,11,27.2727,false,0.68664177
43,Legacy4,5,-31.3358,-4.862134,31.3358,11,27.2727,false,0.68664177
44,Legacy4,5,-31.3358,-4.862134,31.3358,11,27.2727,false,0.68664177
45,Legacy4,5,-31.3358,-4.862134,31.3358,11,27.2727,false,0.68664177
46,Legacy4,5,-31.3358,-4.862134,31.3358,11,27.2727,false,0.68664177
47,Legacy4,5,-31.3358,-4.862134,31.3358,11,27.2727,false,0.68664177
48,Legacy4,5,-31.3358,-4.862134,31.3358,11,27.2727,false,0.68664177
49,Legacy4,5,-31.3358,-4.862134,31.3358,11,27.2727,false,0.68664177
50,Legacy4,5,-31.3358,-4.862134,31.3358,11,27.2727,false,0.68664177
51,Legacy4,5,-31.3358,-4.862134,31.3358,11,27.2727,false,0.68664177
52,Legacy4,5,-31.3358,-4.862134,31.3358,11,27.2727,false,0.68664177
53,Legacy4,5,-31.3358,-4.862134,31.3358,11,27.2727,false,0.68664177
54,Legacy4,5,-31.3358,-4.862134,31.3358,11,27.2727,false,0.68664177
55,Legacy4,5,-31.3358,-4.862134,31.3358,11,27.2727,false,0.68664177
56,Legacy4,5,-31.3358,-4.862134,31.3358,11,27.2727,false,0.68664177
57,Legacy4,5,-31.3358,-4.862134,31.3358,11,27.2727,false,0.68664177
58,Legacy4,5,-31.3358,-4.862134,31.3358,11,27.2727,false,0.68664177
59,Legacy4,5,-31.3358,-4.862134,31.3358,11,27.2727,false,0.68664177
60,Legacy4,5,-31.3358,-4.862134,31.3358,11,27.2727,false,0.68664177
61,Legacy4,5,-31.3358,-4.862134,31.3358,11,27.2727,false,0.68664177
62,Legacy4,5,-31.3358,-4.862134,31.3358,11,27.2727,false,0.68664177
63,Legacy4,5,-31.3358,-4.862134,31.3358,11,27.2727,false,0.68664177
64,Legacy4,5,-31.3358,-4.862134,31.3358,11,27.2727,false,0.68664177
65,Legacy4,5,-31.3358,-4.862134,31.3358,11,27.2727,false,0.68664177
66,Legacy4,5,-31.3358,-4.862134,31.3358,11,27.2727,false,0.68664177
67,Legacy4,5,-31.3358,-4.862134,31.3358,11,27.2727,false,0.68664177
68,Legacy4,5,-31.3358,-4.862134,31.3358,11,27.2727,false,0.68664177
69,Legacy4,5,-31.3358,-4.862134,31.3358,11,27.2727,false,0.68664177
70,Legacy4,5,-31.3358,-4.862134,31.3358,11,27.2727,false,0.68664177
71,Legacy4,5,-31.3358,-4.862134,31.3358,11,27.2727,false,0.68664177
72,Legacy4,5,-31.3358,-4.862134,31.3358,11,27.2727,false,0.68664177
73,Legacy4,5,-31.3358,-4.862134,31.3358,11,27.2727,false,0.68664177
74,Legacy4,5,-31.3358,-4.862134,31.3358,11,27.2727,false,0.68664177
75,Legacy4,5,-31.3358,-4.862134,31.3358,11,27.2727,false,0.68664177
76,Legacy4,5,-31.3358,-4.862134,31.3358,11,27.2727,false,0.68664177
77,Legacy4,5,-31.3358,-4.862134,31.3358,11,27.2727,false,0.68664177
78,Legacy4,5,-31.3358,-4.862134,31.3358,11,27.2727,false,0.68664177
79,Legacy4,5,-31.3358,-4.862134,31.3358,11,27.2727,false,0.68664177
80,Legacy4,5,-31.3358,-4.862134,31.3358,11,27.2727,false,0.68664177
81,Legacy4,5,-31.3358,-4.862134,31.3358,11,27.2727,false,0.68664177
82,Legacy4,5,-31.3358,-4.862134,31.3358,11,27.2727,false,0.68664177
83,Legacy4,5,-31.3358,-4.862134,31.3358,11,27.2727,false,0.68664177
84,Legacy4,5,-31.3358,-4.862134,31.3358,11,27.2727,false,0.68664177
85,Legacy4,5,-31.3358,-4.862134,31.3358,11,27.2727,false,0.68664177
86,Legacy4,5,-31.3358,-4.862134,31.3358,11,27.2727,false,0.68664177
87,Legacy4,5,-31.3358,-4.862134,31.3358,11,27.2727,false,0.68664177
88,Legacy4,5,-31.3358,-4.862134,31.3358,11,27.2727,false,0.68664177
89,Legacy4,5,-31.3358,-4.862134,31.3358,11,27.2727,false,0.68664177
90,Legacy4,5,-31.3358,-4.862134,31.3358,11,27.2727,false,0.68664177
91,Legacy4,5,-31.3358,-4.862134,31.3358,11,27.2727,false,0.68664177
92,Legacy4,5,-31.3358,-4.862134,31.3358,11,27.2727,false,0.68664177
93,Legacy4,5,-31.3358,-4.862134,31.3358,11,27.2727,false,0.68664177
94,Legacy4,5,-31.3358,-4.862134,31.3358,11,27.2727,false,0.68664177
95,Legacy4,5,-31.3358,-4.862134,31.3358,11,27.2727,false,0.68664177
96,Legacy4,5,-31.3358,-4.862134,31.3358,11,27.2727,false,0.68664177
97,Legacy4,5,-31.3358,-4.862134,31.3358,11,27.2727,false,0.68664177
98,Legacy4,5,-31.3358,-4.862134,31.3358,11,27.2727,false,0.68664177
99,Legacy4,5,-31.3358,-4.862134,31.3358,11,27.2727,false,0.68664177
100,Legacy4,5,-31.3358,-4.862134,31.3358,11,27.2727,false,0.68664177
1,Legacy5BNB,0,61.1249,3.775415,22.3321,41,56.0976,true,1.61124945
2,Legacy5BNB,0,34.1244,2.919956,21.5593,34,55.8824,true,1.34124406
3,Legacy5BNB,0,34.6182,2.901859,39.8944,28,53.5714,true,1.34618159
4,Legacy5BNB,0,401.7524,12.816590,11.8035,23,60.8696,true,5.01752373
5,Legacy5BNB,0,205.3754,11.208676,12.3844,22,54.5455,true,3.05375369
6,Legacy5BNB,0,126.4721,8.917337,10.9361,20,60.0000,true,2.26472107
7,Legacy5BNB,0,215.3674,11.626739,10.5314,19,52.6316,true,3.15367433
8,Legacy5BNB,0,196.3664,12.014792,11.5607,16,62.5000,true,2.96366396
9,Legacy5BNB,0,202.4026,10.641210,11.2866,16,62.5000,true,3.02402624
10,Legacy5BNB,0,135.2168,7.091212,27.4502,16,50.0000,true,2.35216775
11,Legacy5BNB,0,220.6842,11.019882,20.7753,14,57.1429,true,3.20684176
12,Legacy5BNB,0,245.7301,13.019370,10.5314,14,64.2857,true,3.45730086
13,Legacy5BNB,0,187.5389,12.113740,13.5499,13,53.8462,true,2.87538929
14,Legacy5BNB,0,127.9984,9.597384,22.0472,13,61.5385,true,2.27998436
15,Legacy5BNB,0,134.2539,8.735998,22.8253,13,53.8462,true,2.34253877
16,Legacy5BNB,0,303.1777,15.774689,10.1725,12,66.6667,true,4.03177736
17,Legacy5BNB,0,279.8718,14.609592,14.0555,12,66.6667,true,3.79871760
18,Legacy5BNB,0,153.7995,9.468750,27.2362,12,58.3333,true,2.53799467
19,Legacy5BNB,0,339.2041,16.672134,10.1725,11,72.7273,true,4.39204099
20,Legacy5BNB,0,205.9523,11.952406,13.7991,12,58.3333,true,3.05952303
21,Legacy5BNB,0,249.0004,13.658472,17.8015,11,63.6364,true,3.49000425
22,Legacy5BNB,0,251.7580,13.207688,17.8015,11,63.6364,true,3.51757983
23,Legacy5BNB,0,355.0314,17.293289,17.8015,10,70.0000,true,4.55031412
24,Legacy5BNB,0,127.5002,9.821603,17.8015,11,54.5455,true,2.27500243
25,Legacy5BNB,0,198.5220,14.190344,17.8015,10,60.0000,true,2.98522029
26,Legacy5BNB,0,139.0365,12.596054,17.8015,10,60.0000,true,2.39036536
27,Legacy5BNB,0,141.6902,12.804403,17.8015,10,60.0000,true,2.41690231
28,Legacy5BNB,0,164.4224,13.280628,17.8015,10,60.0000,true,2.64422369
29,Legacy5BNB,0,151.3383,12.948417,17.8015,10,60.0000,true,2.51338250
30,Legacy5BNB,0,154.4255,12.953222,17.8015,10,60.0000,true,2.54425489
31,Legacy5BNB,0,143.5348,12.341792,17.8015,10,50.0000,true,2.43534830
32,Legacy5BNB,0,122.9280,10.794943,17.8015,10,50.0000,true,2.22927951
33,Legacy5BNB,0,134.6608,10.887644,17.8015,10,50.0000,true,2.34660764
34,Legacy5BNB,0,140.0215,11.360417,17.8015,10,50.0000,true,2.40021507
35,Legacy5BNB,0,124.3760,10.299399,17.8015,10,50.0000,true,2.24375998
36,Legacy5BNB,0,121.9128,10.233800,17.8015,10,50.0000,true,2.21912824
37,Legacy5BNB,0,146.9714,13.104272,17.8015,9,55.5556,true,2.46971423
38,Legacy5BNB,0,155.4967,13.369937,17.8015,9,55.5556,true,2.55496741
39,Legacy5BNB,0,155.1703,13.406310,17.8015,9,55.5556,true,2.55170315
40,Legacy5BNB,0,160.6031,13.583807,17.8015,9,55.5556,true,2.60603092
41,Legacy5BNB,0,142.3805,13.062790,17.8015,9,55.5556,true,2.42380545
42,Legacy5BNB,0,129.5746,12.514851,17.8015,9,55.5556,true,2.29574648
43,Legacy5BNB,0,129.5746,12.514851,17.8015,9,55.5556,true,2.29574648
44,Legacy5BNB,0,129.5746,12.514851,17.8015,9,55.5556,true,2.29574648
45,Legacy5BNB,0,129.5746,12.514851,17.8015,9,55.5556,true,2.29574648
46,Legacy5BNB,0,129.5746,12.514851,17.8015,9,55.5556,true,2.29574648
47,Legacy5BNB,0,129.5746,12.514851,17.8015,9,55.5556,true,2.29574648
48,Legacy5BNB,0,129.5746,12.514851,17.8015,9,55.5556,true,2.29574648
49,Legacy5BNB,0,129.5746,12.514851,17.8015,9,55.5556,true,2.29574648
50,Legacy5BNB,0,129.5746,12.514851,17.8015,9,55.5556,true,2.29574648
51,Legacy5BNB,0,129.5746,12.514851,17.8015,9,55.5556,true,2.29574648
52,Legacy5BNB,0,129.5746,12.514851,17.8015,9,55.5556,true,2.29574648
53,Legacy5BNB,0,129.5746,12.514851,17.8015,9,55.5556,true,2.29574648
54,Legacy5BNB,0,129.5746,12.514851,17.8015,9,55.5556,true,2.29574648
55,Legacy5BNB,0,129.5746,12.514851,17.8015,9,55.5556,true,2.29574648
56,Legacy5BNB,0,129.5746,12.514851,17.8015,9,55.5556,true,2.29574648
57,Legacy5BNB,0,129.5746,12.514851,17.8015,9,55.5556,true,2.29574648
58,Legacy5BNB,0,129.5746,12.514851,17.8015,9,55.5556,true,2.29574648
59,Legacy5BNB,0,129.5746,12.514851,17.8015,9,55.5556,true,2.29574648
60,Legacy5BNB,0,129.5746,12.514851,17.8015,9,55.5556,true,2.29574648
61,Legacy5BNB,0,129.5746,12.514851,17.8015,9,55.5556,true,2.29574648
62,Legacy5BNB,0,129.5746,12.514851,17.8015,9,55.5556,true,2.29574648
63,Legacy5BNB,0,129.5746,12.514851,17.8015,9,55.5556,true,2.29574648
64,Legacy5BNB,0,129.5746,12.514851,17.8015,9,55.5556,true,2.29574648
65,Legacy5BNB,0,129.5746,12.514851,17.8015,9,55.5556,true,2.29574648
66,Legacy5BNB,0,129.5746,12.514851,17.8015,9,55.5556,true,2.29574648
67,Legacy5BNB,0,129.5746,12.514851,17.8015,9,55.5556,true,2.29574648
68,Legacy5BNB,0,129.5746,12.514851,17.8015,9,55.5556,true,2.29574648
69,Legacy5BNB,0,129.5746,12.514851,17.8015,9,55.5556,true,2.29574648
70,Legacy5BNB,0,129.5746,12.514851,17.8015,9,55.5556,true,2.29574648
71,Legacy5BNB,0,129.5746,12.514851,17.8015,9,55.5556,true,2.29574648
72,Legacy5BNB,0,129.5746,12.514851,17.8015,9,55.5556,true,2.29574648
73,Legacy5BNB,0,129.5746,12.514851,17.8015,9,55.5556,true,2.29574648
74,Legacy5BNB,0,129.5746,12.514851,17.8015,9,55.5556,true,2.29574648
75,Legacy5BNB,0,129.5746,12.514851,17.8015,9,55.5556,true,2.29574648
76,Legacy5BNB,0,129.5746,12.514851,17.8015,9,55.5556,true,2.29574648
77,Legacy5BNB,0,129.5746,12.514851,17.8015,9,55.5556,true,2.29574648
78,Legacy5BNB,0,129.5746,12.514851,17.8015,9,55.5556,true,2.29574648
79,Legacy5BNB,0,129.5746,12.514851,17.8015,9,55.5556,true,2.29574648
80,Legacy5BNB,0,129.5746,12.514851,17.8015,9,55.5556,true,2.29574648
81,Legacy5BNB,0,129.5746,12.514851,17.8015,9,55.5556,true,2.29574648
82,Legacy5BNB,0,129.5746,12.514851,17.8015,9,55.5556,true,2.29574648
83,Legacy5BNB,0,129.5746,12.514851,17.8015,9,55.5556,true,2.29574648
84,Legacy5BNB,0,129.5746,12.514851,17.8015,9,55.5556,true,2.29574648
85,Legacy5BNB,0,129.5746,12.514851,17.8015,9,55.5556,true,2.29574648
86,Legacy5BNB,0,129.5746,12.514851,17.8015,9,55.5556,true,2.29574648
87,Legacy5BNB,0,129.5746,12.514851,17.8015,9,55.5556,true,2.29574648
88,Legacy5BNB,0,129.5746,12.514851,17.8015,9,55.5556,true,2.29574648
89,Legacy5BNB,0,129.5746,12.514851,17.8015,9,55.5556,true,2.29574648
90,Legacy5BNB,0,129.5746,12.514851,17.8015,9,55.5556,true,2.29574648
91,Legacy5BNB,0,129.5746,12.514851,17.8015,9,55.5556,true,2.29574648
92,Legacy5BNB,0,129.5746,12.514851,17.8015,9,55.5556,true,2.29574648
93,Legacy5BNB,0,129.5746,12.514851,17.8015,9,55.5556,true,2.29574648
94,Legacy5BNB,0,129.5746,12.514851,17.8015,9,55.5556,true,2.29574648
95,Legacy5BNB,0,129.5746,12.514851,17.8015,9,55.5556,true,2.29574648
96,Legacy5BNB,0,129.5746,12.514851,17.8015,9,55.5556,true,2.29574648
97,Legacy5BNB,0,129.5746,12.514851,17.8015,9,55.5556,true,2.29574648
98,Legacy5BNB,0,129.5746,12.514851,17.8015,9,55.5556,true,2.29574648
99,Legacy5BNB,0,129.5746,12.514851,17.8015,9,55.5556,true,2.29574648
100,Legacy5BNB,0,129.5746,12.514851,17.8015,9,55.5556,true,2.29574648
1,Legacy5BNB,1,-16.4781,-1.467473,28.3401,30,46.6667,false,0.83521892
2,Legacy5BNB,1,45.9412,6.033207,14.9031,24,58.3333,true,1.45941180
3,Legacy5BNB,1,45.3545,6.008258,15.2475,19,52.6316,true,1.45354512
4,Legacy5BNB,1,28.8304,4.420146,15.9311,17,47.0588,true,1.28830370
5,Legacy5BNB,1,32.9659,4.143267,16.0292,17,52.9412,true,1.32965881
6,Legacy5BNB,1,1.6117,1.033073,18.0143,15,46.6667,true,1.01611681
7,Legacy5BNB,1,-16.8620,-1.132054,36.2997,14,42.8571,false,0.83137970
8,Legacy5BNB,1,-6.1050,-0.056371,18.1994,12,41.6667,false,0.93894982
9,Legacy5BNB,1,-24.9221,-3.176100,24.9221,12,33.3333,false,0.75077872
10,Legacy5BNB,1,-11.9855,-1.255332,25.7884,11,36.3636,false,0.88014486
11,Legacy5BNB,1,-17.8462,-1.749763,29.0685,11,27.2727,false,0.82153819
12,Legacy5BNB,1,18.6499,3.397832,22.7093,11,36.3636,true,1.18649935
13,Legacy5BNB,1,1.0207,1.770897,22.7093,11,36.3636,true,1.01020673
14,Legacy5BNB,1,56.9228,7.311028,19.7359,9,33.3333,true,1.56922752
15,Legacy5BNB,1,65.8433,7.697744,19.7359,9,33.3333,true,1.65843285
16,Legacy5BNB,1,-21.7415,-0.571801,42.8348,10,30.0000,false,0.78258528
17,Legacy5BNB,1,9.5535,2.853470,22.7093,9,33.3333,true,1.09553456
18,Legacy5BNB,1,4.7630,2.244971,25.7866,9,33.3333,true,1.04762961
19,Legacy5BNB,1,-3.6357,1.114425,31.4462,9,33.3333,false,0.96364347
20,Legacy5BNB,1,-7.8243,-0.343637,31.4462,8,37.5000,false,0.92175686
21,Legacy5BNB,1,-11.8510,-1.164443,31.4462,8,37.5000,false,0.88149048
22,Legacy5BNB,1,-9.7658,-0.541901,31.4462,8,37.5000,false,0.90234207
23,Legacy5BNB,1,-8.1116,-0.267593,31.4462,8,37.5000,false,0.91888392
24,Legacy5BNB,1,11.1454,3.252944,31.4462,8,37.5000,true,1.11145380
25,Legacy5BNB,1,8.3169,2.815241,31.4462,8,37.5000,true,1.08316947
26,Legacy5BNB,1,10.4894,3.173067,31.4462,8,37.5000,true,1.10489424
27,Legacy5BNB,1,12.6548,3.525687,31.4462,8,37.5000,true,1.12654822
28,Legacy5BNB,1,-14.4652,-0.784240,31.4462,8,25.0000,false,0.85534791
29,Legacy5BNB,1,-7.2807,0.353461,31.4462,8,25.0000,false,0.92719322
30,Legacy5BNB,1,-1.6195,1.677660,31.4462,8,25.0000,false,0.98380487
31,Legacy5BNB,1,2.4858,2.469923,31.4462,8,25.0000,true,1.02485776
32,Legacy5BNB,1,6.4780,3.177248,31.4462,8,25.0000,true,1.06478014
33,Legacy5BNB,1,3.6555,2.856071,31.4462,8,25.0000,true,1.03655460
34,Legacy5BNB,1,-3.5128,2.116788,31.4462,8,25.0000,false,0.96487249
35,Legacy5BNB,1,2.8584,2.800964,31.4462,8,25.0000,true,1.02858383
36,Legacy5BNB,1,8.1333,3.695547,31.4462,8,25.0000,true,1.08133264
37,Legacy5BNB,1,12.3117,4.519948,31.4462,8,25.0000,true,1.12311703
38,Legacy5BNB,1,22.3715,5.539992,31.4462,8,25.0000,true,1.22371501
39,Legacy5BNB,1,26.1575,5.967673,31.4462,8,25.0000,true,1.26157475
40,Legacy5BNB,1,14.6821,4.825708,31.4462,8,25.0000,true,1.14682125
41,Legacy5BNB,1,8.9838,4.196706,31.4462,8,25.0000,true,1.08983773
42,Legacy5BNB,1,35.6440,7.296146,31.4462,7,28.5714,true,1.35643972
43,Legacy5BNB,1,43.1187,8.005724,31.4462,7,28.5714,true,1.43118697
44,Legacy5BNB,1,30.8836,6.875327,31.4462,7,28.5714,true,1.30883646
45,Legacy5BNB,1,30.1291,6.820010,31.4462,7,28.5714,true,1.30129083
46,Legacy5BNB,1,34.3374,7.300314,31.4462,7,28.5714,true,1.34337414
47,Legacy5BNB,1,32.4637,7.130436,31.4462,7,28.5714,true,1.32463669
48,Legacy5BNB,1,39.0015,7.826316,31.4462,7,28.5714,true,1.39001521
49,Legacy5BNB,1,34.4640,7.397908,31.4462,7,28.5714,true,1.34464019
50,Legacy5BNB,1,24.9180,6.295557,31.4462,7,28.5714,true,1.24918046
51,Legacy5BNB,1,13.4021,4.597032,31.4462,7,28.5714,true,1.13402108
52,Legacy5BNB,1,13.4021,4.597032,31.4462,7,28.5714,true,1.13402108
53,Legacy5BNB,1,13.4021,4.597032,31.4462,7,28.5714,true,1.13402108
54,Legacy5BNB,1,13.4021,4.597032,31.4462,7,28.5714,true,1.13402108
55,Legacy5BNB,1,13.4021,4.597032,31.4462,7,28.5714,true,1.13402108
56,Legacy5BNB,1,13.4021,4.597032,31.4462,7,28.5714,true,1.13402108
57,Legacy5BNB,1,13.4021,4.597032,31.4462,7,28.5714,true,1.13402108
58,Legacy5BNB,1,13.4021,4.597032,31.4462,7,28.5714,true,1.13402108
59,Legacy5BNB,1,13.4021,4.597032,31.4462,7,28.5714,true,1.13402108
60,Legacy5BNB,1,13.4021,4.597032,31.4462,7,28.5714,true,1.13402108
61,Legacy5BNB,1,13.4021,4.597032,31.4462,7,28.5714,true,1.13402108
62,Legacy5BNB,1,13.4021,4.597032,31.4462,7,28.5714,true,1.13402108
63,Legacy5BNB,1,13.4021,4.597032,31.4462,7,28.5714,true,1.13402108
64,Legacy5BNB,1,13.4021,4.597032,31.4462,7,28.5714,true,1.13402108
65,Legacy5BNB,1,13.4021,4.597032,31.4462,7,28.5714,true,1.13402108
66,Legacy5BNB,1,13.4021,4.597032,31.4462,7,28.5714,true,1.13402108
67,Legacy5BNB,1,13.4021,4.597032,31.4462,7,28.5714,true,1.13402108
68,Legacy5BNB,1,13.4021,4.597032,31.4462,7,28.5714,true,1.13402108
69,Legacy5BNB,1,13.4021,4.597032,31.4462,7,28.5714,true,1.13402108
70,Legacy5BNB,1,13.4021,4.597032,31.4462,7,28.5714,true,1.13402108
71,Legacy5BNB,1,13.4021,4.597032,31.4462,7,28.5714,true,1.13402108
72,Legacy5BNB,1,13.4021,4.597032,31.4462,7,28.5714,true,1.13402108
73,Legacy5BNB,1,13.4021,4.597032,31.4462,7,28.5714,true,1.13402108
74,Legacy5BNB,1,13.4021,4.597032,31.4462,7,28.5714,true,1.13402108
75,Legacy5BNB,1,13.4021,4.597032,31.4462,7,28.5714,true,1.13402108
76,Legacy5BNB,1,13.4021,4.597032,31.4462,7,28.5714,true,1.13402108
77,Legacy5BNB,1,13.4021,4.597032,31.4462,7,28.5714,true,1.13402108
78,Legacy5BNB,1,13.4021,4.597032,31.4462,7,28.5714,true,1.13402108
79,Legacy5BNB,1,13.4021,4.597032,31.4462,7,28.5714,true,1.13402108
80,Legacy5BNB,1,13.4021,4.597032,31.4462,7,28.5714,true,1.13402108
81,Legacy5BNB,1,13.4021,4.597032,31.4462,7,28.5714,true,1.13402108
82,Legacy5BNB,1,13.4021,4.597032,31.4462,7,28.5714,true,1.13402108
83,Legacy5BNB,1,13.4021,4.597032,31.4462,7,28.5714,true,1.13402108
84,Legacy5BNB,1,13.4021,4.597032,31.4462,7,28.5714,true,1.13402108
85,Legacy5BNB,1,13.4021,4.597032,31.4462,7,28.5714,true,1.13402108
86,Legacy5BNB,1,13.4021,4.597032,31.4462,7,28.5714,true,1.13402108
87,Legacy5BNB,1,13.4021,4.597032,31.4462,7,28.5714,true,1.13402108
88,Legacy5BNB,1,13.4021,4.597032,31.4462,7,28.5714,true,1.13402108
89,Legacy5BNB,1,13.4021,4.597032,31.4462,7,28.5714,true,1.13402108
90,Legacy5BNB,1,13.4021,4.597032,31.4462,7,28.5714,true,1.13402108
91,Legacy5BNB,1,13.4021,4.597032,31.4462,7,28.5714,true,1.13402108
92,Legacy5BNB,1,13.4021,4.597032,31.4462,7,28.5714,true,1.13402108
93,Legacy5BNB,1,13.4021,4.597032,31.4462,7,28.5714,true,1.13402108
94,Legacy5BNB,1,13.4021,4.597032,31.4462,7,28.5714,true,1.13402108
95,Legacy5BNB,1,13.4021,4.597032,31.4462,7,28.5714,true,1.13402108
96,Legacy5BNB,1,13.4021,4.597032,31.4462,7,28.5714,true,1.13402108
97,Legacy5BNB,1,13.4021,4.597032,31.4462,7,28.5714,true,1.13402108
98,Legacy5BNB,1,13.4021,4.597032,31.4462,7,28.5714,true,1.13402108
99,Legacy5BNB,1,13.4021,4.597032,31.4462,7,28.5714,true,1.13402108
100,Legacy5BNB,1,13.4021,4.597032,31.4462,7,28.5714,true,1.13402108
1,Legacy5BNB,2,103.1909,5.043793,21.2955,36,72.2222,true,2.03190870
2,Legacy5BNB,2,40.9417,3.072455,19.7433,29,48.2759,true,1.40941717
3,Legacy5BNB,2,123.2157,4.267846,24.0457,25,52.0000,true,2.23215745
4,Legacy5BNB,2,49.2030,5.194806,22.5723,21,57.1429,true,1.49202954
5,Legacy5BNB,2,58.1941,5.992511,23.5477,20,55.0000,true,1.58194094
6,Legacy5BNB,2,50.0354,6.015713,21.4489,18,50.0000,true,1.50035375
7,Legacy5BNB,2,-12.0384,-0.839617,41.5454,16,50.0000,false,0.87961556
8,Legacy5BNB,2,-30.1477,-2.094666,49.5903,15,46.6667,false,0.69852305
9,Legacy5BNB,2,166.3071,7.162986,26.2783,14,64.2857,true,2.66307056
10,Legacy5BNB,2,176.8385,7.127181,22.4214,13,53.8462,true,2.76838496
11,Legacy5BNB,2,104.9076,5.682586,23.9390,13,53.8462,true,2.04907607
12,Legacy5BNB,2,133.1082,5.664092,25.0490,12,50.0000,true,2.33108247
13,Legacy5BNB,2,102.0995,6.418261,25.2943,11,45.4545,true,2.02099544
14,Legacy5BNB,2,61.0976,5.511426,25.2943,11,45.4545,true,1.61097569
15,Legacy5BNB,2,-10.0040,-0.011779,39.6170,12,41.6667,false,0.89996002
16,Legacy5BNB,2,-4.1466,0.547819,42.1598,12,41.6667,false,0.95853405
17,Legacy5BNB,2,-3.8540,0.540042,38.6339,12,41.6667,false,0.96145996
18,Legacy5BNB,2,20.4246,2.094948,38.5935,12,50.0000,true,1.20424605
19,Legacy5BNB,2,214.0961,10.107790,16.2487,11,54.5455,true,3.14096109
20,Legacy5BNB,2,223.2524,10.221150,16.2487,11,54.5455,true,3.23252383
21,Legacy5BNB,2,154.4658,9.105534,24.1997,10,50.0000,true,2.54465836
22,Legacy5BNB,2,21.8345,4.498053,24.1997,9,44.4444,true,1.21834517
23,Legacy5BNB,2,25.6466,4.976176,24.1997,9,44.4444,true,1.25646650
24,Legacy5BNB,2,25.7558,4.997416,24.1997,9,44.4444,true,1.25755821
25,Legacy5BNB,2,-7.4770,0.344263,24.1997,9,33.3333,false,0.92523021
26,Legacy5BNB,2,-35.3923,-1.481329,37.5174,10,30.0000,false,0.64607657
27,Legacy5BNB,2,118.8962,9.068582,24.1997,8,50.0000,true,2.18896177
28,Legacy5BNB,2,128.3078,9.427170,24.1997,8,50.0000,true,2.28307764
29,Legacy5BNB,2,127.2525,8.830332,24.1997,8,50.0000,true,2.27252462
30,Legacy5BNB,2,118.4933,8.380990,24.1997,8,50.0000,true,2.18493334
31,Legacy5BNB,2,124.0214,8.597660,24.1997,8,50.0000,true,2.24021367
32,Legacy5BNB,2,132.7001,8.943362,24.1997,8,50.0000,true,2.32700134
33,Legacy5BNB,2,133.1121,8.935902,24.1997,8,50.0000,true,2.33112062
34,Legacy5BNB,2,129.5377,8.757790,24.1997,8,50.0000,true,2.29537687
35,Legacy5BNB,2,127.9173,8.660907,24.1997,8,50.0000,true,2.27917256
36,Legacy5BNB,2,138.7235,9.096094,24.1997,8,50.0000,true,2.38723508
37,Legacy5BNB,2,152.2327,9.620825,24.1997,8,50.0000,true,2.52232715
38,Legacy5BNB,2,153.9001,9.664223,24.1997,8,50.0000,true,2.53900138
39,Legacy5BNB,2,154.2815,9.656593,24.1997,8,50.0000,true,2.54281500
40,Legacy5BNB,2,166.4629,10.105008,24.1997,8,50.0000,true,2.66462939
41,Legacy5BNB,2,167.1504,10.110507,24.1997,8,50.0000,true,2.67150391
42,Legacy5BNB,2,163.0173,9.930663,24.1997,8,50.0000,true,2.63017257
43,Legacy5BNB,2,162.3541,9.881925,24.1997,8,50.0000,true,2.62354087
44,Legacy5BNB,2,173.6665,10.292988,24.1997,8,50.0000,true,2.73666536
45,Legacy5BNB,2,167.3691,10.030856,24.1997,8,50.0000,true,2.67369067
46,Legacy5BNB,2,144.9496,9.095663,24.1997,8,50.0000,true,2.44949561
47,Legacy5BNB,2,144.8074,9.062674,24.1997,8,50.0000,true,2.44807443
48,Legacy5BNB,2,153.0964,9.383083,24.1997,8,50.0000,true,2.53096421
49,Legacy5BNB,2,159.7401,9.629211,24.1997,8,50.0000,true,2.59740116
50,Legacy5BNB,2,181.3203,10.449226,24.1997,8,50.0000,true,2.81320339
51,Legacy5BNB,2,168.0240,9.910688,24.1997,8,50.0000,true,2.68023952
52,Legacy5BNB,2,174.2961,10.132585,24.1997,8,50.0000,true,2.74296140
53,Legacy5BNB,2,177.4072,10.228936,24.1997,8,50.0000,true,2.77407167
54,Legacy5BNB,2,166.3894,9.768347,24.1997,8,50.0000,true,2.66389381
55,Legacy5BNB,2,173.4901,10.025751,24.1997,8,50.0000,true,2.73490138
56,Legacy5BNB,2,176.5145,10.119396,24.1997,8,50.0000,true,2.76514466
57,Legacy5BNB,2,173.7649,9.985403,24.1997,8,50.0000,true,2.73764947
58,Legacy5BNB,2,161.7272,9.473166,24.1997,8,50.0000,true,2.61727197
59,Legacy5BNB,2,164.8291,9.573491,24.1997,8,50.0000,true,2.64829082
60,Legacy5BNB,2,160.7348,9.379023,24.1997,8,50.0000,true,2.60734799
61,Legacy5BNB,2,157.6196,9.223458,24.1997,8,50.0000,true,2.57619630
62,Legacy5BNB,2,157.6196,9.223458,24.1997,8,50.0000,true,2.57619630
63,Legacy5BNB,2,157.6196,9.223458,24.1997,8,50.0000,true,2.57619630
64,Legacy5BNB,2,157.6196,9.223458,24.1997,8,50.0000,true,2.57619630
65,Legacy5BNB,2,157.6196,9.223458,24.1997,8,50.0000,true,2.57619630
66,Legacy5BNB,2,157.6196,9.223458,24.1997,8,50.0000,true,2.57619630
67,Legacy5BNB,2,157.6196,9.223458,24.1997,8,50.0000,true,2.57619630
68,Legacy5BNB,2,157.6196,9.223458,24.1997,8,50.0000,true,2.57619630
69,Legacy5BNB,2,157.6196,9.223458,24.1997,8,50.0000,true,2.57619630
70,Legacy5BNB,2,157.6196,9.223458,24.1997,8,50.0000,true,2.57619630
71,Legacy5BNB,2,157.6196,9.223458,24.1997,8,50.0000,true,2.57619630
72,Legacy5BNB,2,157.6196,9.223458,24.1997,8,50.0000,true,2.57619630
73,Legacy5BNB,2,157.6196,9.223458,24.1997,8,50.0000,true,2.57619630
74,Legacy5BNB,2,157.6196,9.223458,24.1997,8,50.0000,true,2.57619630
75,Legacy5BNB,2,157.6196,9.223458,24.1997,8,50.0000,true,2.57619630
76,Legacy5BNB,2,157.6196,9.223458,24.1997,8,50.0000,true,2.57619630
77,Legacy5BNB,2,157.6196,9.223458,24.1997,8,50.0000,true,2.57619630
78,Legacy5BNB,2,157.6196,9.223458,24.1997,8,50.0000,true,2.57619630
79,Legacy5BNB,2,157.6196,9.223458,24.1997,8,50.0000,true,2.57619630
80,Legacy5BNB,2,157.6196,9.223458,24.1997,8,50.0000,true,2.57619630
81,Legacy5BNB,2,157.6196,9.223458,24.1997,8,50.0000,true,2.57619630
82,Legacy5BNB,2,157.6196,9.223458,24.1997,8,50.0000,true,2.57619630
83,Legacy5BNB,2,157.6196,9.223458,24.1997,8,50.0000,true,2.57619630
84,Legacy5BNB,2,157.6196,9.223458,24.1997,8,50.0000,true,2.57619630
85,Legacy5BNB,2,157.6196,9.223458,24.1997,8,50.0000,true,2.57619630
86,Legacy5BNB,2,157.6196,9.223458,24.1997,8,50.0000,true,2.57619630
87,Legacy5BNB,2,157.6196,9.223458,24.1997,8,50.0000,true,2.57619630
88,Legacy5BNB,2,157.6196,9.223458,24.1997,8,50.0000,true,2.57619630
89,Legacy5BNB,2,157.6196,9.223458,24.1997,8,50.0000,true,2.57619630
90,Legacy5BNB,2,157.6196,9.223458,24.1997,8,50.0000,true,2.57619630
91,Legacy5BNB,2,157.6196,9.223458,24.1997,8,50.0000,true,2.57619630
92,Legacy5BNB,2,157.6196,9.223458,24.1997,8,50.0000,true,2.57619630
93,Legacy5BNB,2,157.6196,9.223458,24.1997,8,50.0000,true,2.57619630
94,Legacy5BNB,2,157.6196,9.223458,24.1997,8,50.0000,true,2.57619630
95,Legacy5BNB,2,157.6196,9.223458,24.1997,8,50.0000,true,2.57619630
96,Legacy5BNB,2,157.6196,9.223458,24.1997,8,50.0000,true,2.57619630
97,Legacy5BNB,2,157.6196,9.223458,24.1997,8,50.0000,true,2.57619630
98,Legacy5BNB,2,157.6196,9.223458,24.1997,8,50.0000,true,2.57619630
99,Legacy5BNB,2,157.6196,9.223458,24.1997,8,50.0000,true,2.57619630
100,Legacy5BNB,2,157.6196,9.223458,24.1997,8,50.0000,true,2.57619630
1,Legacy5BNB,3,110.8844,6.279138,24.5138,40,62.5000,true,2.10884440
2,Legacy5BNB,3,157.9195,6.249489,25.3636,31,58.0645,true,2.57919492
3,Legacy5BNB,3,82.1897,4.844553,41.5388,26,65.3846,true,1.82189731
4,Legacy5BNB,3,271.4517,8.670545,20.6076,24,62.5000,true,3.71451725
5,Legacy5BNB,3,130.7363,6.945434,29.4786,22,59.0909,true,2.30736290
6,Legacy5BNB,3,234.5369,7.594628,22.8884,19,57.8947,true,3.34536914
7,Legacy5BNB,3,109.1837,7.626360,17.1313,18,61.1111,true,2.09183665
8,Legacy5BNB,3,41.8910,4.179087,38.0386,16,62.5000,true,1.41890975
9,Legacy5BNB,3,83.7160,5.184273,34.6928,15,53.3333,true,1.83716017
10,Legacy5BNB,3,82.7647,5.695416,45.8995,15,53.3333,true,1.82764715
11,Legacy5BNB,3,239.4801,9.223817,49.0509,15,60.0000,true,3.39480072
12,Legacy5BNB,3,154.1722,10.473935,17.5780,13,61.5385,true,2.54172249
13,Legacy5BNB,3,107.0893,7.979477,17.2070,13,46.1538,true,2.07089311
14,Legacy5BNB,3,12.7707,2.465426,34.5900,13,38.4615,true,1.12770739
15,Legacy5BNB,3,43.8378,4.530877,37.0522,12,50.0000,true,1.43837808
16,Legacy5BNB,3,141.0967,9.615575,18.0626,11,54.5455,true,2.41096735
17,Legacy5BNB,3,199.4981,11.244815,27.1043,10,60.0000,true,2.99498134
18,Legacy5BNB,3,161.5116,11.277037,18.0626,10,50.0000,true,2.61511650
19,Legacy5BNB,3,157.0153,10.621766,18.0626,10,50.0000,true,2.57015262
20,Legacy5BNB,3,140.0196,9.515238,21.7643,10,50.0000,true,2.40019579
21,Legacy5BNB,3,140.9311,9.007649,23.9823,10,50.0000,true,2.40931100
22,Legacy5BNB,3,89.5688,7.199737,21.2604,9,44.4444,true,1.89568837
23,Legacy5BNB,3,159.8090,9.852906,21.0935,9,44.4444,true,2.59808975
24,Legacy5BNB,3,111.9453,8.999047,25.0454,9,44.4444,true,2.11945304
25,Legacy5BNB,3,53.4095,6.339777,27.2849,9,33.3333,true,1.53409543
26,Legacy5BNB,3,53.4013,6.512311,27.5170,9,33.3333,true,1.53401270
27,Legacy5BNB,3,65.3640,6.989726,27.9191,9,33.3333,true,1.65363987
28,Legacy5BNB,3,62.0228,6.665946,32.1378,9,33.3333,true,1.62022789
29,Legacy5BNB,3,50.7687,6.152151,32.2480,9,33.3333,true,1.50768728
30,Legacy5BNB,3,27.1818,4.700611,41.7557,9,33.3333,true,1.27181846
31,Legacy5BNB,3,44.6191,5.514090,36.2251,9,33.3333,true,1.44619055
32,Legacy5BNB,3,-0.9247,2.987454,47.8764,9,33.3333,false,0.99075312
33,Legacy5BNB,3,11.5836,3.892838,48.8938,9,44.4444,true,1.11583588
34,Legacy5BNB,3,60.6685,6.664604,48.8938,8,50.0000,true,1.60668473
35,Legacy5BNB,3,39.3404,5.441237,48.8938,8,50.0000,true,1.39340353
36,Legacy5BNB,3,56.0429,6.301368,49.0721,8,50.0000,true,1.56042941
37,Legacy5BNB,3,55.7190,6.201943,49.3551,8,50.0000,true,1.55718979
38,Legacy5BNB,3,48.0508,5.690656,52.1167,8,50.0000,true,1.48050751
39,Legacy5BNB,3,167.9536,12.621898,18.0626,7,57.1429,true,2.67953612
40,Legacy5BNB,3,145.4667,12.631635,18.0626,7,57.1429,true,2.45466683
41,Legacy5BNB,3,138.7060,12.658898,18.0626,7,57.1429,true,2.38705966
42,Legacy5BNB,3,161.6333,12.943948,18.0626,7,57.1429,true,2.61633337
43,Legacy5BNB,3,134.1327,12.763071,18.0626,7,57.1429,true,2.34132691
44,Legacy5BNB,3,129.9864,12.762679,18.0626,7,57.1429,true,2.29986374
45,Legacy5BNB,3,110.7514,12.292221,18.0626,7,57.1429,true,2.10751395
46,Legacy5BNB,3,116.6941,12.540840,18.0626,7,57.1429,true,2.16694149
47,Legacy5BNB,3,56.5893,8.539737,18.0626,7,57.1429,true,1.56589254
48,Legacy5BNB,3,56.5893,8.539737,18.0626,7,57.1429,true,1.56589254
49,Legacy5BNB,3,56.5893,8.539737,18.0626,7,57.1429,true,1.56589254
50,Legacy5BNB,3,56.5893,8.539737,18.0626,7,57.1429,true,1.56589254
51,Legacy5BNB,3,56.5893,8.539737,18.0626,7,57.1429,true,1.56589254
52,Legacy5BNB,3,56.5893,8.539737,18.0626,7,57.1429,true,1.56589254
53,Legacy5BNB,3,56.5893,8.539737,18.0626,7,57.1429,true,1.56589254
54,Legacy5BNB,3,56.5893,8.539737,18.0626,7,57.1429,true,1.56589254
55,Legacy5BNB,3,56.5893,8.539737,18.0626,7,57.1429,true,1.56589254
56,Legacy5BNB,3,56.5893,8.539737,18.0626,7,57.1429,true,1.56589254
57,Legacy5BNB,3,56.5893,8.539737,18.0626,7,57.1429,true,1.56589254
58,Legacy5BNB,3,56.5893,8.539737,18.0626,7,57.1429,true,1.56589254
59,Legacy5BNB,3,56.5893,8.539737,18.0626,7,57.1429,true,1.56589254
60,Legacy5BNB,3,56.5893,8.539737,18.0626,7,57.1429,true,1.56589254
61,Legacy5BNB,3,56.5893,8.539737,18.0626,7,57.1429,true,1.56589254
62,Legacy5BNB,3,56.5893,8.539737,18.0626,7,57.1429,true,1.56589254
63,Legacy5BNB,3,56.5893,8.539737,18.0626,7,57.1429,true,1.56589254
64,Legacy5BNB,3,56.5893,8.539737,18.0626,7,57.1429,true,1.56589254
65,Legacy5BNB,3,56.5893,8.539737,18.0626,7,57.1429,true,1.56589254
66,Legacy5BNB,3,56.5893,8.539737,18.0626,7,57.1429,true,1.56589254
67,Legacy5BNB,3,56.5893,8.539737,18.0626,7,57.1429,true,1.56589254
68,Legacy5BNB,3,56.5893,8.539737,18.0626,7,57.1429,true,1.56589254
69,Legacy5BNB,3,56.5893,8.539737,18.0626,7,57.1429,true,1.56589254
70,Legacy5BNB,3,56.5893,8.539737,18.0626,7,57.1429,true,1.56589254
71,Legacy5BNB,3,56.5893,8.539737,18.0626,7,57.1429,true,1.56589254
72,Legacy5BNB,3,56.5893,8.539737,18.0626,7,57.1429,true,1.56589254
73,Legacy5BNB,3,56.5893,8.539737,18.0626,7,57.1429,true,1.56589254
74,Legacy5BNB,3,56.5893,8.539737,18.0626,7,57.1429,true,1.56589254
75,Legacy5BNB,3,56.5893,8.539737,18.0626,7,57.1429,true,1.56589254
76,Legacy5BNB,3,56.5893,8.539737,18.0626,7,57.1429,true,1.56589254
77,Legacy5BNB,3,56.5893,8.539737,18.0626,7,57.1429,true,1.56589254
78,Legacy5BNB,3,56.5893,8.539737,18.0626,7,57.1429,true,1.56589254
79,Legacy5BNB,3,56.5893,8.539737,18.0626,7,57.1429,true,1.56589254
80,Legacy5BNB,3,56.5893,8.539737,18.0626,7,57.1429,true,1.56589254
81,Legacy5BNB,3,56.5893,8.539737,18.0626,7,57.1429,true,1.56589254
82,Legacy5BNB,3,56.5893,8.539737,18.0626,7,57.1429,true,1.56589254
83,Legacy5BNB,3,56.5893,8.539737,18.0626,7,57.1429,true,1.56589254
84,Legacy5BNB,3,56.5893,8.539737,18.0626,7,57.1429,true,1.56589254
85,Legacy5BNB,3,56.5893,8.539737,18.0626,7,57.1429,true,1.56589254
86,Legacy5BNB,3,56.5893,8.539737,18.0626,7,57.1429,true,1.56589254
87,Legacy5BNB,3,56.5893,8.539737,18.0626,7,57.1429,true,1.56589254
88,Legacy5BNB,3,56.5893,8.539737,18.0626,7,57.1429,true,1.56589254
89,Legacy5BNB,3,56.5893,8.539737,18.0626,7,57.1429,true,1.56589254
90,Legacy5BNB,3,56.5893,8.539737,18.0626,7,57.1429,true,1.56589254
91,Legacy5BNB,3,56.5893,8.539737,18.0626,7,57.1429,true,1.56589254
92,Legacy5BNB,3,56.5893,8.539737,18.0626,7,57.1429,true,1.56589254
93,Legacy5BNB,3,56.5893,8.539737,18.0626,7,57.1429,true,1.56589254
94,Legacy5BNB,3,56.5893,8.539737,18.0626,7,57.1429,true,1.56589254
95,Legacy5BNB,3,56.5893,8.539737,18.0626,7,57.1429,true,1.56589254
96,Legacy5BNB,3,56.5893,8.539737,18.0626,7,57.1429,true,1.56589254
97,Legacy5BNB,3,56.5893,8.539737,18.0626,7,57.1429,true,1.56589254
98,Legacy5BNB,3,56.5893,8.539737,18.0626,7,57.1429,true,1.56589254
99,Legacy5BNB,3,56.5893,8.539737,18.0626,7,57.1429,true,1.56589254
100,Legacy5BNB,3,56.5893,8.539737,18.0626,7,57.1429,true,1.56589254
1,Legacy5BNB,4,18.9971,2.190176,27.4756,33,60.6061,true,1.18997083
2,Legacy5BNB,4,4.4742,1.167145,36.7450,25,60.0000,true,1.04474215
3,Legacy5BNB,4,-17.7526,-1.541176,32.8293,22,45.4545,false,0.82247391
4,Legacy5BNB,4,13.3192,2.195169,36.0822,19,47.3684,true,1.13319163
5,Legacy5BNB,4,53.8794,5.747024,28.6338,16,68.7500,true,1.53879436
6,Legacy5BNB,4,80.2232,8.470719,20.0734,14,64.2857,true,1.80223161
7,Legacy5BNB,4,18.9129,2.953611,32.2681,14,71.4286,true,1.18912934
8,Legacy5BNB,4,44.9708,6.129724,18.5178,12,75.0000,true,1.44970784
9,Legacy5BNB,4,72.4170,8.179135,21.3509,11,72.7273,true,1.72417021
10,Legacy5BNB,4,118.7504,18.038480,7.3289,10,80.0000,true,2.18750416
11,Legacy5BNB,4,48.9089,7.482790,19.3635,9,66.6667,true,1.48908885
12,Legacy5BNB,4,50.1173,6.537078,14.8356,10,60.0000,true,1.50117326
13,Legacy5BNB,4,42.6876,5.492923,20.4834,10,60.0000,true,1.42687598
14,Legacy5BNB,4,20.1202,3.372415,20.4834,10,50.0000,true,1.20120196
15,Legacy5BNB,4,67.3098,9.623270,16.7909,8,62.5000,true,1.67309823
16,Legacy5BNB,4,66.0361,11.450270,9.0133,8,50.0000,true,1.66036109
17,Legacy5BNB,4,32.2646,6.118317,17.3745,8,50.0000,true,1.32264583
18,Legacy5BNB,4,76.1563,10.089314,15.4457,8,50.0000,true,1.76156319
19,Legacy5BNB,4,52.6733,9.173068,17.5968,7,57.1429,true,1.52673344
20,Legacy5BNB,4,62.4003,8.142883,20.4834,7,57.1429,true,1.62400299
21,Legacy5BNB,4,54.6324,7.515326,20.4834,7,57.1429,true,1.54632360
22,Legacy5BNB,4,85.9625,21.861955,6.1019,6,66.6667,true,1.85962498
23,Legacy5BNB,4,37.6294,10.398769,9.0660,6,50.0000,true,1.37629444
24,Legacy5BNB,4,43.9570,10.903954,9.0660,6,50.0000,true,1.43956971
25,Legacy5BNB,4,68.1794,15.144011,6.1019,6,66.6667,true,1.68179423
26,Legacy5BNB,4,49.7974,11.438007,9.3717,6,50.0000,true,1.49797410
27,Legacy5BNB,4,51.0779,11.618395,9.3717,6,50.0000,true,1.51077942
28,Legacy5BNB,4,62.6624,14.572298,6.1019,6,50.0000,true,1.62662361
29,Legacy5BNB,4,48.5477,12.276393,7.9639,6,50.0000,true,1.48547746
30,Legacy5BNB,4,39.1028,9.023997,16.1023,6,50.0000,true,1.39102759
31,Legacy5BNB,4,33.0543,8.356771,16.1023,6,50.0000,true,1.33054315
32,Legacy5BNB,4,39.3771,9.148339,16.1023,6,50.0000,true,1.39377083
33,Legacy5BNB,4,37.7414,8.741079,16.7909,6,50.0000,true,1.37741408
34,Legacy5BNB,4,37.3822,8.727586,16.7909,6,50.0000,true,1.37382175
35,Legacy5BNB,4,48.8414,13.835684,6.4254,6,50.0000,true,1.48841441
36,Legacy5BNB,4,33.7112,7.928579,16.1481,6,50.0000,true,1.33711219
37,Legacy5BNB,4,34.6488,7.098631,18.5178,6,50.0000,true,1.34648761
38,Legacy5BNB,4,35.8518,7.262300,18.5178,6,50.0000,true,1.35851842
39,Legacy5BNB,4,46.6870,9.321570,13.3431,6,50.0000,true,1.46687026
40,Legacy5BNB,4,46.4421,9.295692,13.3431,6,50.0000,true,1.46442055
41,Legacy5BNB,4,49.2287,8.447132,14.8356,6,50.0000,true,1.49228691
42,Legacy5BNB,4,41.7741,6.851597,20.4834,6,50.0000,true,1.41774145
43,Legacy5BNB,4,26.1598,4.823091,20.4834,6,50.0000,true,1.26159765
44,Legacy5BNB,4,23.9646,4.495576,20.4834,6,50.0000,true,1.23964609
45,Legacy5BNB,4,24.8983,4.616849,20.4834,6,50.0000,true,1.24898295
46,Legacy5BNB,4,51.8439,20.161195,6.1019,5,60.0000,true,1.51843868
47,Legacy5BNB,4,51.8439,20.161195,6.1019,5,60.0000,true,1.51843868
48,Legacy5BNB,4,51.8439,20.161195,6.1019,5,60.0000,true,1.51843868
49,Legacy5BNB,4,51.8439,20.161195,6.1019,5,60.0000,true,1.51843868
50,Legacy5BNB,4,51.8439,20.161195,6.1019,5,60.0000,true,1.51843868
51,Legacy5BNB,4,51.8439,20.161195,6.1019,5,60.0000,true,1.51843868
52,Legacy5BNB,4,51.8439,20.161195,6.1019,5,60.0000,true,1.51843868
53,Legacy5BNB,4,51.8439,20.161195,6.1019,5,60.0000,true,1.51843868
54,Legacy5BNB,4,51.8439,20.161195,6.1019,5,60.0000,true,1.51843868
55,Legacy5BNB,4,51.8439,20.161195,6.1019,5,60.0000,true,1.51843868
56,Legacy5BNB,4,51.8439,20.161195,6.1019,5,60.0000,true,1.51843868
57,Legacy5BNB,4,51.8439,20.161195,6.1019,5,60.0000,true,1.51843868
58,Legacy5BNB,4,51.8439,20.161195,6.1019,5,60.0000,true,1.51843868
59,Legacy5BNB,4,51.8439,20.161195,6.1019,5,60.0000,true,1.51843868
60,Legacy5BNB,4,51.8439,20.161195,6.1019,5,60.0000,true,1.51843868
61,Legacy5BNB,4,51.8439,20.161195,6.1019,5,60.0000,true,1.51843868
62,Legacy5BNB,4,51.8439,20.161195,6.1019,5,60.0000,true,1.51843868
63,Legacy5BNB,4,51.8439,20.161195,6.1019,5,60.0000,true,1.51843868
64,Legacy5BNB,4,51.8439,20.161195,6.1019,5,60.0000,true,1.51843868
65,Legacy5BNB,4,51.8439,20.161195,6.1019,5,60.0000,true,1.51843868
66,Legacy5BNB,4,51.8439,20.161195,6.1019,5,60.0000,true,1.51843868
67,Legacy5BNB,4,51.8439,20.161195,6.1019,5,60.0000,true,1.51843868
68,Legacy5BNB,4,51.8439,20.161195,6.1019,5,60.0000,true,1.51843868
69,Legacy5BNB,4,51.8439,20.161195,6.1019,5,60.0000,true,1.51843868
70,Legacy5BNB,4,51.8439,20.161195,6.1019,5,60.0000,true,1.51843868
71,Legacy5BNB,4,51.8439,20.161195,6.1019,5,60.0000,true,1.51843868
72,Legacy5BNB,4,51.8439,20.161195,6.1019,5,60.0000,true,1.51843868
73,Legacy5BNB,4,51.8439,20.161195,6.1019,5,60.0000,true,1.51843868
74,Legacy5BNB,4,51.8439,20.161195,6.1019,5,60.0000,true,1.51843868
75,Legacy5BNB,4,51.8439,20.161195,6.1019,5,60.0000,true,1.51843868
76,Legacy5BNB,4,51.8439,20.161195,6.1019,5,60.0000,true,1.51843868
77,Legacy5BNB,4,51.8439,20.161195,6.1019,5,60.0000,true,1.51843868
78,Legacy5BNB,4,51.8439,20.161195,6.1019,5,60.0000,true,1.51843868
79,Legacy5BNB,4,51.8439,20.161195,6.1019,5,60.0000,true,1.51843868
80,Legacy5BNB,4,51.8439,20.161195,6.1019,5,60.0000,true,1.51843868
81,Legacy5BNB,4,51.8439,20.161195,6.1019,5,60.0000,true,1.51843868
82,Legacy5BNB,4,51.8439,20.161195,6.1019,5,60.0000,true,1.51843868
83,Legacy5BNB,4,51.8439,20.161195,6.1019,5,60.0000,true,1.51843868
84,Legacy5BNB,4,51.8439,20.161195,6.1019,5,60.0000,true,1.51843868
85,Legacy5BNB,4,51.8439,20.161195,6.1019,5,60.0000,true,1.51843868
86,Legacy5BNB,4,51.8439,20.161195,6.1019,5,60.0000,true,1.51843868
87,Legacy5BNB,4,51.8439,20.161195,6.1019,5,60.0000,true,1.51843868
88,Legacy5BNB,4,51.8439,20.161195,6.1019,5,60.0000,true,1.51843868
89,Legacy5BNB,4,51.8439,20.161195,6.1019,5,60.0000,true,1.51843868
90,Legacy5BNB,4,51.8439,20.161195,6.1019,5,60.0000,true,1.51843868
91,Legacy5BNB,4,51.8439,20.161195,6.1019,5,60.0000,true,1.51843868
92,Legacy5BNB,4,51.8439,20.161195,6.1019,5,60.0000,true,1.51843868
93,Legacy5BNB,4,51.8439,20.161195,6.1019,5,60.0000,true,1.51843868
94,Legacy5BNB,4,51.8439,20.161195,6.1019,5,60.0000,true,1.51843868
95,Legacy5BNB,4,51.8439,20.161195,6.1019,5,60.0000,true,1.51843868
96,Legacy5BNB,4,51.8439,20.161195,6.1019,5,60.0000,true,1.51843868
97,Legacy5BNB,4,51.8439,20.161195,6.1019,5,60.0000,true,1.51843868
98,Legacy5BNB,4,51.8439,20.161195,6.1019,5,60.0000,true,1.51843868
99,Legacy5BNB,4,51.8439,20.161195,6.1019,5,60.0000,true,1.51843868
100,Legacy5BNB,4,51.8439,20.161195,6.1019,5,60.0000,true,1.51843868
1,Legacy5BNB,5,11.4172,2.253092,11.5632,26,53.8462,true,1.11417238
2,Legacy5BNB,5,13.1103,2.654170,17.6114,23,52.1739,true,1.13110336
3,Legacy5BNB,5,-27.6721,-4.301820,31.9748,19,31.5789,false,0.72327919
4,Legacy5BNB,5,-44.6807,-6.579870,46.3703,17,35.2941,false,0.55319339
5,Legacy5BNB,5,-49.7620,-7.075201,53.3416,17,35.2941,false,0.50238028
6,Legacy5BNB,5,-50.3516,-7.632042,52.7818,16,37.5000,false,0.49648385
7,Legacy5BNB,5,-45.5106,-6.590736,49.6965,14,28.5714,false,0.54489437
8,Legacy5BNB,5,-31.6221,-5.135985,36.4800,13,30.7692,false,0.68377948
9,Legacy5BNB,5,-45.1370,-6.905307,48.7024,12,33.3333,false,0.54863015
10,Legacy5BNB,5,-26.8526,-6.345794,31.9937,11,45.4545,false,0.73147391
11,Legacy5BNB,5,-51.0965,-7.411178,53.7849,12,33.3333,false,0.48903525
12,Legacy5BNB,5,-57.0628,-9.440296,57.6435,12,25.0000,false,0.42937161
13,Legacy5BNB,5,-58.8291,-9.501735,59.8714,12,25.0000,false,0.41170932
14,Legacy5BNB,5,-56.3003,-8.497889,56.5407,12,25.0000,false,0.43699709
15,Legacy5BNB,5,-59.6288,-9.891036,59.6288,12,16.6667,false,0.40371205
16,Legacy5BNB,5,-61.8969,-9.060054,61.8969,12,16.6667,false,0.38103139
17,Legacy5BNB,5,-46.2277,-8.100944,46.2277,11,18.1818,false,0.53772306
18,Legacy5BNB,5,-46.7861,-8.003633,46.7861,11,18.1818,false,0.53213913
19,Legacy5BNB,5,-46.8875,-7.446887,46.8875,11,18.1818,false,0.53112517
20,Legacy5BNB,5,-50.9690,-7.058770,50.9690,11,18.1818,false,0.49031044
21,Legacy5BNB,5,-30.1630,-5.941478,30.1630,9,22.2222,false,0.69837013
22,Legacy5BNB,5,-30.6664,-6.165821,30.6664,9,22.2222,false,0.69333606
23,Legacy5BNB,5,-32.4147,-6.935648,32.4147,9,22.2222,false,0.67585337
24,Legacy5BNB,5,-33.9888,-7.528349,33.9888,9,22.2222,false,0.66011223
25,Legacy5BNB,5,-43.3996,-12.933310,43.3996,9,22.2222,false,0.56600442
26,Legacy5BNB,5,-43.3996,-12.933310,43.3996,9,22.2222,false,0.56600442
27,Legacy5BNB,5,-43.3996,-12.933310,43.3996,9,22.2222,false,0.56600442
28,Legacy5BNB,5,-43.3996,-12.933310,43.3996,9,22.2222,false,0.56600442
29,Legacy5BNB,5,-43.3996,-12.933310,43.3996,9,22.2222,false,0.56600442
30,Legacy5BNB,5,-43.3996,-12.933310,43.3996,9,22.2222,false,0.56600442
31,Legacy5BNB,5,-43.3996,-12.933310,43.3996,9,22.2222,false,0.56600442
32,Legacy5BNB,5,-43.3996,-12.933310,43.3996,9,22.2222,false,0.56600442
33,Legacy5BNB,5,-43.3996,-12.933310,43.3996,9,22.2222,false,0.56600442
34,Legacy5BNB,5,-43.3996,-12.933310,43.3996,9,22.2222,false,0.56600442
35,Legacy5BNB,5,-43.3996,-12.933310,43.3996,9,22.2222,false,0.56600442
36,Legacy5BNB,5,-43.3996,-12.933310,43.3996,9,22.2222,false,0.56600442
37,Legacy5BNB,5,-43.3996,-12.933310,43.3996,9,22.2222,false,0.56600442
38,Legacy5BNB,5,-43.3996,-12.933310,43.3996,9,22.2222,false,0.56600442
39,Legacy5BNB,5,-43.3996,-12.933310,43.3996,9,22.2222,false,0.56600442
40,Legacy5BNB,5,-43.3996,-12.933310,43.3996,9,22.2222,false,0.56600442
41,Legacy5BNB,5,-43.3996,-12.933310,43.3996,9,22.2222,false,0.56600442
42,Legacy5BNB,5,-43.3996,-12.933310,43.3996,9,22.2222,false,0.56600442
43,Legacy5BNB,5,-43.3996,-12.933310,43.3996,9,22.2222,false,0.56600442
44,Legacy5BNB,5,-43.3996,-12.933310,43.3996,9,22.2222,false,0.56600442
45,Legacy5BNB,5,-43.3996,-12.933310,43.3996,9,22.2222,false,0.56600442
46,Legacy5BNB,5,-43.3996,-12.933310,43.3996,9,22.2222,false,0.56600442
47,Legacy5BNB,5,-43.3996,-12.933310,43.3996,9,22.2222,false,0.56600442
48,Legacy5BNB,5,-43.3996,-12.933310,43.3996,9,22.2222,false,0.56600442
49,Legacy5BNB,5,-43.3996,-12.933310,43.3996,9,22.2222,false,0.56600442
50,Legacy5BNB,5,-43.3996,-12.933310,43.3996,9,22.2222,false,0.56600442
51,Legacy5BNB,5,-43.3996,-12.933310,43.3996,9,22.2222,false,0.56600442
52,Legacy5BNB,5,-43.3996,-12.933310,43.3996,9,22.2222,false,0.56600442
53,Legacy5BNB,5,-43.3996,-12.933310,43.3996,9,22.2222,false,0.56600442
54,Legacy5BNB,5,-43.3996,-12.933310,43.3996,9,22.2222,false,0.56600442
55,Legacy5BNB,5,-43.3996,-12.933310,43.3996,9,22.2222,false,0.56600442
56,Legacy5BNB,5,-43.3996,-12.933310,43.3996,9,22.2222,false,0.56600442
57,Legacy5BNB,5,-43.3996,-12.933310,43.3996,9,22.2222,false,0.56600442
58,Legacy5BNB,5,-43.3996,-12.933310,43.3996,9,22.2222,false,0.56600442
59,Legacy5BNB,5,-43.3996,-12.933310,43.3996,9,22.2222,false,0.56600442
60,Legacy5BNB,5,-43.3996,-12.933310,43.3996,9,22.2222,false,0.56600442
61,Legacy5BNB,5,-43.3996,-12.933310,43.3996,9,22.2222,false,0.56600442
62,Legacy5BNB,5,-43.3996,-12.933310,43.3996,9,22.2222,false,0.56600442
63,Legacy5BNB,5,-43.3996,-12.933310,43.3996,9,22.2222,false,0.56600442
64,Legacy5BNB,5,-43.3996,-12.933310,43.3996,9,22.2222,false,0.56600442
65,Legacy5BNB,5,-43.3996,-12.933310,43.3996,9,22.2222,false,0.56600442
66,Legacy5BNB,5,-43.3996,-12.933310,43.3996,9,22.2222,false,0.56600442
67,Legacy5BNB,5,-43.3996,-12.933310,43.3996,9,22.2222,false,0.56600442
68,Legacy5BNB,5,-43.3996,-12.933310,43.3996,9,22.2222,false,0.56600442
69,Legacy5BNB,5,-43.3996,-12.933310,43.3996,9,22.2222,false,0.56600442
70,Legacy5BNB,5,-43.3996,-12.933310,43.3996,9,22.2222,false,0.56600442
71,Legacy5BNB,5,-43.3996,-12.933310,43.3996,9,22.2222,false,0.56600442
72,Legacy5BNB,5,-43.3996,-12.933310,43.3996,9,22.2222,false,0.56600442
73,Legacy5BNB,5,-43.3996,-12.933310,43.3996,9,22.2222,false,0.56600442
74,Legacy5BNB,5,-43.3996,-12.933310,43.3996,9,22.2222,false,0.56600442
75,Legacy5BNB,5,-43.3996,-12.933310,43.3996,9,22.2222,false,0.56600442
76,Legacy5BNB,5,-43.3996,-12.933310,43.3996,9,22.2222,false,0.56600442
77,Legacy5BNB,5,-43.3996,-12.933310,43.3996,9,22.2222,false,0.56600442
78,Legacy5BNB,5,-43.3996,-12.933310,43.3996,9,22.2222,false,0.56600442
79,Legacy5BNB,5,-43.3996,-12.933310,43.3996,9,22.2222,false,0.56600442
80,Legacy5BNB,5,-43.3996,-12.933310,43.3996,9,22.2222,false,0.56600442
81,Legacy5BNB,5,-43.3996,-12.933310,43.3996,9,22.2222,false,0.56600442
82,Legacy5BNB,5,-43.3996,-12.933310,43.3996,9,22.2222,false,0.56600442
83,Legacy5BNB,5,-43.3996,-12.933310,43.3996,9,22.2222,false,0.56600442
84,Legacy5BNB,5,-43.3996,-12.933310,43.3996,9,22.2222,false,0.56600442
85,Legacy5BNB,5,-43.3996,-12.933310,43.3996,9,22.2222,false,0.56600442
86,Legacy5BNB,5,-43.3996,-12.933310,43.3996,9,22.2222,false,0.56600442
87,Legacy5BNB,5,-43.3996,-12.933310,43.3996,9,22.2222,false,0.56600442
88,Legacy5BNB,5,-43.3996,-12.933310,43.3996,9,22.2222,false,0.56600442
89,Legacy5BNB,5,-43.3996,-12.933310,43.3996,9,22.2222,false,0.56600442
90,Legacy5BNB,5,-43.3996,-12.933310,43.3996,9,22.2222,false,0.56600442
91,Legacy5BNB,5,-43.3996,-12.933310,43.3996,9,22.2222,false,0.56600442
92,Legacy5BNB,5,-43.3996,-12.933310,43.3996,9,22.2222,false,0.56600442
93,Legacy5BNB,5,-43.3996,-12.933310,43.3996,9,22.2222,false,0.56600442
94,Legacy5BNB,5,-43.3996,-12.933310,43.3996,9,22.2222,false,0.56600442
95,Legacy5BNB,5,-43.3996,-12.933310,43.3996,9,22.2222,false,0.56600442
96,Legacy5BNB,5,-43.3996,-12.933310,43.3996,9,22.2222,false,0.56600442
97,Legacy5BNB,5,-43.3996,-12.933310,43.3996,9,22.2222,false,0.56600442
98,Legacy5BNB,5,-43.3996,-12.933310,43.3996,9,22.2222,false,0.56600442
99,Legacy5BNB,5,-43.3996,-12.933310,43.3996,9,22.2222,false,0.56600442
100,Legacy5BNB,5,-43.3996,-12.933310,43.3996,9,22.2222,false,0.56600442
1,OldGuardNoBNB,0,21.6351,1.875586,51.7856,41,56.0976,true,1.21635106
2,OldGuardNoBNB,0,77.1213,4.130995,21.5593,35,62.8571,true,1.77121311
3,OldGuardNoBNB,0,3.4599,1.195292,43.5367,28,53.5714,true,1.03459922
4,OldGuardNoBNB,0,171.6886,7.664749,27.7048,25,52.0000,true,2.71688575
5,OldGuardNoBNB,0,94.1995,6.507558,33.3168,22,50.0000,true,1.94199459
6,OldGuardNoBNB,0,62.8965,5.237027,28.4489,21,52.3810,true,1.62896489
7,OldGuardNoBNB,0,83.2394,5.789342,33.4356,20,40.0000,true,1.83239402
8,OldGuardNoBNB,0,26.4693,3.081241,31.5569,17,47.0588,true,1.26469279
9,OldGuardNoBNB,0,52.5446,4.310631,32.6544,17,52.9412,true,1.52544631
10,OldGuardNoBNB,0,95.9376,5.705308,28.5913,17,47.0588,true,1.95937593
11,OldGuardNoBNB,0,38.4798,3.538024,44.3631,16,43.7500,true,1.38479758
12,OldGuardNoBNB,0,238.1288,8.333382,39.1195,15,53.3333,true,3.38128810
13,OldGuardNoBNB,0,277.6579,13.065395,13.4065,13,61.5385,true,3.77657938
14,OldGuardNoBNB,0,191.4004,11.435532,13.4065,13,61.5385,true,2.91400402
15,OldGuardNoBNB,0,96.8501,5.668183,42.5991,14,50.0000,true,1.96850142
16,OldGuardNoBNB,0,259.5907,10.338725,22.7052,13,53.8462,true,3.59590740
17,OldGuardNoBNB,0,251.8229,11.045309,22.7052,12,58.3333,true,3.51822915
18,OldGuardNoBNB,0,225.4313,10.348070,22.7052,12,58.3333,true,3.25431285
19,OldGuardNoBNB,0,178.4143,9.128739,22.7052,12,58.3333,true,2.78414313
20,OldGuardNoBNB,0,138.5349,7.776564,27.1527,12,50.0000,true,2.38534929
21,OldGuardNoBNB,0,81.7123,5.585207,32.0189,12,50.0000,true,1.81712270
22,OldGuardNoBNB,0,87.4259,5.767803,32.6416,12,50.0000,true,1.87425854
23,OldGuardNoBNB,0,96.5786,6.116339,32.6416,12,50.0000,true,1.96578615
24,OldGuardNoBNB,0,116.5466,7.026180,32.6416,11,54.5455,true,2.16546614
25,OldGuardNoBNB,0,117.3272,7.049003,32.6416,11,54.5455,true,2.17327175
26,OldGuardNoBNB,0,112.1070,6.871303,32.6416,11,54.5455,true,2.12107016
27,OldGuardNoBNB,0,128.0699,7.412179,32.6416,11,54.5455,true,2.28069941
28,OldGuardNoBNB,0,106.6116,6.646236,32.6416,11,54.5455,true,2.06611594
29,OldGuardNoBNB,0,104.7037,6.553461,32.6416,11,54.5455,true,2.04703712
30,OldGuardNoBNB,0,103.7173,6.496546,32.6416,11,54.5455,true,2.03717341
31,OldGuardNoBNB,0,102.3322,6.439810,32.6416,11,54.5455,true,2.02332174
32,OldGuardNoBNB,0,99.8054,6.343958,32.6416,11,54.5455,true,1.99805399
33,OldGuardNoBNB,0,101.8734,6.437188,32.6416,11,54.5455,true,2.01873363
34,OldGuardNoBNB,0,86.6278,5.835970,32.6416,11,54.5455,true,1.86627764
35,OldGuardNoBNB,0,88.2069,5.995471,32.6416,11,45.4545,true,1.88206866
36,OldGuardNoBNB,0,85.3102,5.856407,32.6416,11,45.4545,true,1.85310177
37,OldGuardNoBNB,0,103.1208,6.651169,32.6416,11,45.4545,true,2.03120800
38,OldGuardNoBNB,0,101.5718,6.625583,32.6416,11,45.4545,true,2.01571832
39,OldGuardNoBNB,0,107.3162,6.833631,32.6416,11,45.4545,true,2.07316227
40,OldGuardNoBNB,0,89.2218,6.299573,32.6416,11,45.4545,true,1.89221789
41,OldGuardNoBNB,0,76.9223,5.699933,32.6416,11,45.4545,true,1.76922333
42,OldGuardNoBNB,0,74.5696,5.571593,32.6416,11,45.4545,true,1.74569626
43,OldGuardNoBNB,0,96.0023,6.590018,32.6416,11,45.4545,true,1.96002329
44,OldGuardNoBNB,0,90.9431,6.351753,32.6416,11,45.4545,true,1.90943082
45,OldGuardNoBNB,0,90.1426,6.306402,32.6416,11,45.4545,true,1.90142570
46,OldGuardNoBNB,0,83.4931,5.977863,32.6416,11,45.4545,true,1.83493123
47,OldGuardNoBNB,0,88.8591,6.228371,32.6416,11,45.4545,true,1.88859057
48,OldGuardNoBNB,0,91.5858,6.349074,32.6416,11,45.4545,true,1.91585801
49,OldGuardNoBNB,0,93.0420,6.408935,32.6416,11,45.4545,true,1.93042021
50,OldGuardNoBNB,0,103.8525,6.908063,32.6416,11,45.4545,true,2.03852525
51,OldGuardNoBNB,0,116.6394,7.422424,32.6416,11,45.4545,true,2.16639381
52,OldGuardNoBNB,0,134.9373,8.293436,32.6416,10,50.0000,true,2.34937250
53,OldGuardNoBNB,0,133.0514,8.207484,32.6416,10,50.0000,true,2.33051421
54,OldGuardNoBNB,0,122.9123,7.767373,32.6416,10,50.0000,true,2.22912258
55,OldGuardNoBNB,0,130.6071,8.085453,32.6416,10,50.0000,true,2.30607067
56,OldGuardNoBNB,0,130.3124,8.062026,32.6416,10,50.0000,true,2.30312440
57,OldGuardNoBNB,0,135.2160,8.256675,32.6416,10,50.0000,true,2.35215974
58,OldGuardNoBNB,0,118.7686,7.533222,32.6416,10,50.0000,true,2.18768609
59,OldGuardNoBNB,0,107.2102,6.987260,32.6416,10,50.0000,true,2.07210221
60,OldGuardNoBNB,0,107.2102,6.987260,32.6416,10,50.0000,true,2.07210221
61,OldGuardNoBNB,0,107.2102,6.987260,32.6416,10,50.0000,true,2.07210221
62,OldGuardNoBNB,0,107.2102,6.987260,32.6416,10,50.0000,true,2.07210221
63,OldGuardNoBNB,0,107.2102,6.987260,32.6416,10,50.0000,true,2.07210221
64,OldGuardNoBNB,0,107.2102,6.987260,32.6416,10,50.0000,true,2.07210221
65,OldGuardNoBNB,0,107.2102,6.987260,32.6416,10,50.0000,true,2.07210221
66,OldGuardNoBNB,0,107.2102,6.987260,32.6416,10,50.0000,true,2.07210221
67,OldGuardNoBNB,0,107.2102,6.987260,32.6416,10,50.0000,true,2.07210221
68,OldGuardNoBNB,0,107.2102,6.987260,32.6416,10,50.0000,true,2.07210221
69,OldGuardNoBNB,0,107.2102,6.987260,32.6416,10,50.0000,true,2.07210221
70,OldGuardNoBNB,0,107.2102,6.987260,32.6416,10,50.0000,true,2.07210221
71,OldGuardNoBNB,0,107.2102,6.987260,32.6416,10,50.0000,true,2.07210221
72,OldGuardNoBNB,0,107.2102,6.987260,32.6416,10,50.0000,true,2.07210221
73,OldGuardNoBNB,0,107.2102,6.987260,32.6416,10,50.0000,true,2.07210221
74,OldGuardNoBNB,0,107.2102,6.987260,32.6416,10,50.0000,true,2.07210221
75,OldGuardNoBNB,0,107.2102,6.987260,32.6416,10,50.0000,true,2.07210221
76,OldGuardNoBNB,0,107.2102,6.987260,32.6416,10,50.0000,true,2.07210221
77,OldGuardNoBNB,0,107.2102,6.987260,32.6416,10,50.0000,true,2.07210221
78,OldGuardNoBNB,0,107.2102,6.987260,32.6416,10,50.0000,true,2.07210221
79,OldGuardNoBNB,0,107.2102,6.987260,32.6416,10,50.0000,true,2.07210221
80,OldGuardNoBNB,0,107.2102,6.987260,32.6416,10,50.0000,true,2.07210221
81,OldGuardNoBNB,0,107.2102,6.987260,32.6416,10,50.0000,true,2.07210221
82,OldGuardNoBNB,0,107.2102,6.987260,32.6416,10,50.0000,true,2.07210221
83,OldGuardNoBNB,0,107.2102,6.987260,32.6416,10,50.0000,true,2.07210221
84,OldGuardNoBNB,0,107.2102,6.987260,32.6416,10,50.0000,true,2.07210221
85,OldGuardNoBNB,0,107.2102,6.987260,32.6416,10,50.0000,true,2.07210221
86,OldGuardNoBNB,0,107.2102,6.987260,32.6416,10,50.0000,true,2.07210221
87,OldGuardNoBNB,0,107.2102,6.987260,32.6416,10,50.0000,true,2.07210221
88,OldGuardNoBNB,0,107.2102,6.987260,32.6416,10,50.0000,true,2.07210221
89,OldGuardNoBNB,0,107.2102,6.987260,32.6416,10,50.0000,true,2.07210221
90,OldGuardNoBNB,0,107.2102,6.987260,32.6416,10,50.0000,true,2.07210221
91,OldGuardNoBNB,0,107.2102,6.987260,32.6416,10,50.0000,true,2.07210221
92,OldGuardNoBNB,0,107.2102,6.987260,32.6416,10,50.0000,true,2.07210221
93,OldGuardNoBNB,0,107.2102,6.987260,32.6416,10,50.0000,true,2.07210221
94,OldGuardNoBNB,0,107.2102,6.987260,32.6416,10,50.0000,true,2.07210221
95,OldGuardNoBNB,0,107.2102,6.987260,32.6416,10,50.0000,true,2.07210221
96,OldGuardNoBNB,0,107.2102,6.987260,32.6416,10,50.0000,true,2.07210221
97,OldGuardNoBNB,0,107.2102,6.987260,32.6416,10,50.0000,true,2.07210221
98,OldGuardNoBNB,0,107.2102,6.987260,32.6416,10,50.0000,true,2.07210221
99,OldGuardNoBNB,0,107.2102,6.987260,32.6416,10,50.0000,true,2.07210221
100,OldGuardNoBNB,0,107.2102,6.987260,32.6416,10,50.0000,true,2.07210221
1,OldGuardNoBNB,1,-18.1058,-1.285152,30.9234,30,43.3333,false,0.81894205
2,OldGuardNoBNB,1,1.8176,0.896302,32.7174,26,50.0000,true,1.01817644
3,OldGuardNoBNB,1,15.4983,2.340368,27.6231,21,52.3810,true,1.15498318
4,OldGuardNoBNB,1,39.4479,4.386953,31.4646,19,57.8947,true,1.39447891
5,OldGuardNoBNB,1,32.7186,5.151003,20.3787,18,55.5556,true,1.32718626
6,OldGuardNoBNB,1,8.3609,1.971246,16.0865,16,43.7500,true,1.08360873
7,OldGuardNoBNB,1,18.1939,3.156837,15.9798,15,53.3333,true,1.18193874
8,OldGuardNoBNB,1,-29.8840,-3.732139,37.4448,14,35.7143,false,0.70116035
9,OldGuardNoBNB,1,-34.5871,-4.285312,40.5807,14,35.7143,false,0.65412941
10,OldGuardNoBNB,1,-42.7227,-5.894403,46.1392,13,30.7692,false,0.57277287
11,OldGuardNoBNB,1,-43.1789,-6.026839,49.0347,13,30.7692,false,0.56821118
12,OldGuardNoBNB,1,-56.9111,-10.201784,57.6645,13,30.7692,false,0.43088852
13,OldGuardNoBNB,1,-52.9888,-7.771709,53.5860,13,30.7692,false,0.47011227
14,OldGuardNoBNB,1,-57.5735,-8.944843,57.5735,13,30.7692,false,0.42426534
15,OldGuardNoBNB,1,-42.8513,-5.599930,47.3760,12,25.0000,false,0.57148743
16,OldGuardNoBNB,1,-34.2750,-3.542464,47.3760,11,27.2727,false,0.65724977
17,OldGuardNoBNB,1,-47.2848,-5.722146,50.9671,11,27.2727,false,0.52715153
18,OldGuardNoBNB,1,-49.4774,-6.848537,53.0659,11,27.2727,false,0.50522608
19,OldGuardNoBNB,1,-53.0594,-8.660403,55.4443,11,27.2727,false,0.46940619
20,OldGuardNoBNB,1,-51.3908,-8.081578,55.9427,11,27.2727,false,0.48609160
21,OldGuardNoBNB,1,-52.1038,-7.890172,54.0056,11,27.2727,false,0.47896174
22,OldGuardNoBNB,1,-49.6104,-6.521448,51.6244,11,27.2727,false,0.50389612
23,OldGuardNoBNB,1,-50.5364,-7.079286,52.9091,11,27.2727,false,0.49463571
24,OldGuardNoBNB,1,-50.9091,-7.224168,53.1370,11,27.2727,false,0.49090926
25,OldGuardNoBNB,1,-49.0108,-6.539757,52.7237,11,27.2727,false,0.50989202
26,OldGuardNoBNB,1,-53.5059,-8.583401,55.6402,11,27.2727,false,0.46494136
27,OldGuardNoBNB,1,-42.4819,-6.394170,47.3760,10,20.0000,false,0.57518058
28,OldGuardNoBNB,1,-46.3988,-8.288718,47.3760,10,20.0000,false,0.53601216
29,OldGuardNoBNB,1,-46.3988,-8.288718,47.3760,10,20.0000,false,0.53601216
30,OldGuardNoBNB,1,-46.3988,-8.288718,47.3760,10,20.0000,false,0.53601216
31,OldGuardNoBNB,1,-46.3988,-8.288718,47.3760,10,20.0000,false,0.53601216
32,OldGuardNoBNB,1,-46.3988,-8.288718,47.3760,10,20.0000,false,0.53601216
33,OldGuardNoBNB,1,-46.3988,-8.288718,47.3760,10,20.0000,false,0.53601216
34,OldGuardNoBNB,1,-46.3988,-8.288718,47.3760,10,20.0000,false,0.53601216
35,OldGuardNoBNB,1,-46.3988,-8.288718,47.3760,10,20.0000,false,0.53601216
36,OldGuardNoBNB,1,-46.3988,-8.288718,47.3760,10,20.0000,false,0.53601216
37,OldGuardNoBNB,1,-46.3988,-8.288718,47.3760,10,20.0000,false,0.53601216
38,OldGuardNoBNB,1,-46.3988,-8.288718,47.3760,10,20.0000,false,0.53601216
39,OldGuardNoBNB,1,-46.3988,-8.288718,47.3760,10,20.0000,false,0.53601216
40,OldGuardNoBNB,1,-46.3988,-8.288718,47.3760,10,20.0000,false,0.53601216
41,OldGuardNoBNB,1,-46.3988,-8.288718,47.3760,10,20.0000,false,0.53601216
42,OldGuardNoBNB,1,-46.3988,-8.288718,47.3760,10,20.0000,false,0.53601216
43,OldGuardNoBNB,1,-46.3988,-8.288718,47.3760,10,20.0000,false,0.53601216
44,OldGuardNoBNB,1,-46.3988,-8.288718,47.3760,10,20.0000,false,0.53601216
45,OldGuardNoBNB,1,-46.3988,-8.288718,47.3760,10,20.0000,false,0.53601216
46,OldGuardNoBNB,1,-46.3988,-8.288718,47.3760,10,20.0000,false,0.53601216
47,OldGuardNoBNB,1,-46.3988,-8.288718,47.3760,10,20.0000,false,0.53601216
48,OldGuardNoBNB,1,-46.3988,-8.288718,47.3760,10,20.0000,false,0.53601216
49,OldGuardNoBNB,1,-46.3988,-8.288718,47.3760,10,20.0000,false,0.53601216
50,OldGuardNoBNB,1,-46.3988,-8.288718,47.3760,10,20.0000,false,0.53601216
51,OldGuardNoBNB,1,-46.3988,-8.288718,47.3760,10,20.0000,false,0.53601216
52,OldGuardNoBNB,1,-46.3988,-8.288718,47.3760,10,20.0000,false,0.53601216
53,OldGuardNoBNB,1,-46.3988,-8.288718,47.3760,10,20.0000,false,0.53601216
54,OldGuardNoBNB,1,-46.3988,-8.288718,47.3760,10,20.0000,false,0.53601216
55,OldGuardNoBNB,1,-46.3988,-8.288718,47.3760,10,20.0000,false,0.53601216
56,OldGuardNoBNB,1,-46.3988,-8.288718,47.3760,10,20.0000,false,0.53601216
57,OldGuardNoBNB,1,-46.3988,-8.288718,47.3760,10,20.0000,false,0.53601216
58,OldGuardNoBNB,1,-46.3988,-8.288718,47.3760,10,20.0000,false,0.53601216
59,OldGuardNoBNB,1,-46.3988,-8.288718,47.3760,10,20.0000,false,0.53601216
60,OldGuardNoBNB,1,-46.3988,-8.288718,47.3760,10,20.0000,false,0.53601216
61,OldGuardNoBNB,1,-46.3988,-8.288718,47.3760,10,20.0000,false,0.53601216
62,OldGuardNoBNB,1,-46.3988,-8.288718,47.3760,10,20.0000,false,0.53601216
63,OldGuardNoBNB,1,-46.3988,-8.288718,47.3760,10,20.0000,false,0.53601216
64,OldGuardNoBNB,1,-46.3988,-8.288718,47.3760,10,20.0000,false,0.53601216
65,OldGuardNoBNB,1,-46.3988,-8.288718,47.3760,10,20.0000,false,0.53601216
66,OldGuardNoBNB,1,-46.3988,-8.288718,47.3760,10,20.0000,false,0.53601216
67,OldGuardNoBNB,1,-46.3988,-8.288718,47.3760,10,20.0000,false,0.53601216
68,OldGuardNoBNB,1,-46.3988,-8.288718,47.3760,10,20.0000,false,0.53601216
69,OldGuardNoBNB,1,-46.3988,-8.288718,47.3760,10,20.0000,false,0.53601216
70,OldGuardNoBNB,1,-46.3988,-8.288718,47.3760,10,20.0000,false,0.53601216
71,OldGuardNoBNB,1,-46.3988,-8.288718,47.3760,10,20.0000,false,0.53601216
72,OldGuardNoBNB,1,-46.3988,-8.288718,47.3760,10,20.0000,false,0.53601216
73,OldGuardNoBNB,1,-46.3988,-8.288718,47.3760,10,20.0000,false,0.53601216
74,OldGuardNoBNB,1,-46.3988,-8.288718,47.3760,10,20.0000,false,0.53601216
75,OldGuardNoBNB,1,-46.3988,-8.288718,47.3760,10,20.0000,false,0.53601216
76,OldGuardNoBNB,1,-46.3988,-8.288718,47.3760,10,20.0000,false,0.53601216
77,OldGuardNoBNB,1,-46.3988,-8.288718,47.3760,10,20.0000,false,0.53601216
78,OldGuardNoBNB,1,-46.3988,-8.288718,47.3760,10,20.0000,false,0.53601216
79,OldGuardNoBNB,1,-46.3988,-8.288718,47.3760,10,20.0000,false,0.53601216
80,OldGuardNoBNB,1,-46.3988,-8.288718,47.3760,10,20.0000,false,0.53601216
81,OldGuardNoBNB,1,-46.3988,-8.288718,47.3760,10,20.0000,false,0.53601216
82,OldGuardNoBNB,1,-46.3988,-8.288718,47.3760,10,20.0000,false,0.53601216
83,OldGuardNoBNB,1,-46.3988,-8.288718,47.3760,10,20.0000,false,0.53601216
84,OldGuardNoBNB,1,-46.3988,-8.288718,47.3760,10,20.0000,false,0.53601216
85,OldGuardNoBNB,1,-46.3988,-8.288718,47.3760,10,20.0000,false,0.53601216
86,OldGuardNoBNB,1,-46.3988,-8.288718,47.3760,10,20.0000,false,0.53601216
87,OldGuardNoBNB,1,-46.3988,-8.288718,47.3760,10,20.0000,false,0.53601216
88,OldGuardNoBNB,1,-46.3988,-8.288718,47.3760,10,20.0000,false,0.53601216
89,OldGuardNoBNB,1,-46.3988,-8.288718,47.3760,10,20.0000,false,0.53601216
90,OldGuardNoBNB,1,-46.3988,-8.288718,47.3760,10,20.0000,false,0.53601216
91,OldGuardNoBNB,1,-46.3988,-8.288718,47.3760,10,20.0000,false,0.53601216
92,OldGuardNoBNB,1,-46.3988,-8.288718,47.3760,10,20.0000,false,0.53601216
93,OldGuardNoBNB,1,-46.3988,-8.288718,47.3760,10,20.0000,false,0.53601216
94,OldGuardNoBNB,1,-46.3988,-8.288718,47.3760,10,20.0000,false,0.53601216
95,OldGuardNoBNB,1,-46.3988,-8.288718,47.3760,10,20.0000,false,0.53601216
96,OldGuardNoBNB,1,-46.3988,-8.288718,47.3760,10,20.0000,false,0.53601216
97,OldGuardNoBNB,1,-46.3988,-8.288718,47.3760,10,20.0000,false,0.53601216
98,OldGuardNoBNB,1,-46.3988,-8.288718,47.3760,10,20.0000,false,0.53601216
99,OldGuardNoBNB,1,-46.3988,-8.288718,47.3760,10,20.0000,false,0.53601216
100,OldGuardNoBNB,1,-46.3988,-8.288718,47.3760,10,20.0000,false,0.53601216
1,OldGuardNoBNB,2,38.6239,2.732850,23.1566,37,70.2703,true,1.38623911
2,OldGuardNoBNB,2,82.1121,4.256669,19.7728,30,56.6667,true,1.82112056
3,OldGuardNoBNB,2,119.5464,4.119575,25.4429,26,50.0000,true,2.19546410
4,OldGuardNoBNB,2,25.1694,3.516479,22.9694,21,57.1429,true,1.25169449
5,OldGuardNoBNB,2,158.0574,7.274306,22.7489,20,65.0000,true,2.58057361
6,OldGuardNoBNB,2,188.9350,10.997071,23.5792,18,66.6667,true,2.88934987
7,OldGuardNoBNB,2,0.4837,0.991215,37.7374,15,46.6667,true,1.00483666
8,OldGuardNoBNB,2,4.1441,1.071007,39.8500,15,60.0000,true,1.04144087
9,OldGuardNoBNB,2,215.1385,8.186420,22.2790,14,71.4286,true,3.15138504
10,OldGuardNoBNB,2,178.4312,6.810842,24.5661,14,50.0000,true,2.78431167
11,OldGuardNoBNB,2,104.9076,5.682586,23.9390,13,53.8462,true,2.04907607
12,OldGuardNoBNB,2,133.1082,5.664092,25.0490,12,50.0000,true,2.33108247
13,OldGuardNoBNB,2,102.0995,6.418261,25.2943,11,45.4545,true,2.02099544
14,OldGuardNoBNB,2,61.0976,5.511426,25.2943,11,45.4545,true,1.61097569
15,OldGuardNoBNB,2,-10.0040,-0.011779,39.6170,12,41.6667,false,0.89996002
16,OldGuardNoBNB,2,-4.1466,0.547819,42.1598,12,41.6667,false,0.95853405
17,OldGuardNoBNB,2,-3.8540,0.540042,38.6339,12,41.6667,false,0.96145996
18,OldGuardNoBNB,2,20.4246,2.094948,38.5935,12,50.0000,true,1.20424605
19,OldGuardNoBNB,2,214.0961,10.107790,16.2487,11,54.5455,true,3.14096109
20,OldGuardNoBNB,2,223.2524,10.221150,16.2487,11,54.5455,true,3.23252383
21,OldGuardNoBNB,2,154.4658,9.105534,24.1997,10,50.0000,true,2.54465836
22,OldGuardNoBNB,2,193.1877,10.613226,24.1997,9,55.5556,true,2.93187711
23,OldGuardNoBNB,2,202.3614,10.770045,24.1997,9,55.5556,true,3.02361387
24,OldGuardNoBNB,2,202.6241,10.661056,24.1997,9,55.5556,true,3.02624102
25,OldGuardNoBNB,2,-21.3431,-0.898859,31.8646,10,30.0000,false,0.78656880
26,OldGuardNoBNB,2,-35.3923,-1.481329,37.5174,10,30.0000,false,0.64607657
27,OldGuardNoBNB,2,118.8962,9.068582,24.1997,8,50.0000,true,2.18896177
28,OldGuardNoBNB,2,128.3078,9.427170,24.1997,8,50.0000,true,2.28307764
29,OldGuardNoBNB,2,127.2525,8.830332,24.1997,8,50.0000,true,2.27252462
30,OldGuardNoBNB,2,118.4933,8.380990,24.1997,8,50.0000,true,2.18493334
31,OldGuardNoBNB,2,124.0214,8.597660,24.1997,8,50.0000,true,2.24021367
32,OldGuardNoBNB,2,132.7001,8.943362,24.1997,8,50.0000,true,2.32700134
33,OldGuardNoBNB,2,133.1121,8.935902,24.1997,8,50.0000,true,2.33112062
34,OldGuardNoBNB,2,129.5377,8.757790,24.1997,8,50.0000,true,2.29537687
35,OldGuardNoBNB,2,127.9173,8.660907,24.1997,8,50.0000,true,2.27917256
36,OldGuardNoBNB,2,138.7235,9.096094,24.1997,8,50.0000,true,2.38723508
37,OldGuardNoBNB,2,152.2327,9.620825,24.1997,8,50.0000,true,2.52232715
38,OldGuardNoBNB,2,153.9001,9.664223,24.1997,8,50.0000,true,2.53900138
39,OldGuardNoBNB,2,154.2815,9.656593,24.1997,8,50.0000,true,2.54281500
40,OldGuardNoBNB,2,166.4629,10.105008,24.1997,8,50.0000,true,2.66462939
41,OldGuardNoBNB,2,167.1504,10.110507,24.1997,8,50.0000,true,2.67150391
42,OldGuardNoBNB,2,163.0173,9.930663,24.1997,8,50.0000,true,2.63017257
43,OldGuardNoBNB,2,162.3541,9.881925,24.1997,8,50.0000,true,2.62354087
44,OldGuardNoBNB,2,173.6665,10.292988,24.1997,8,50.0000,true,2.73666536
45,OldGuardNoBNB,2,167.3691,10.030856,24.1997,8,50.0000,true,2.67369067
46,OldGuardNoBNB,2,144.9496,9.095663,24.1997,8,50.0000,true,2.44949561
47,OldGuardNoBNB,2,144.8074,9.062674,24.1997,8,50.0000,true,2.44807443
48,OldGuardNoBNB,2,153.0964,9.383083,24.1997,8,50.0000,true,2.53096421
49,OldGuardNoBNB,2,159.7401,9.629211,24.1997,8,50.0000,true,2.59740116
50,OldGuardNoBNB,2,181.3203,10.449226,24.1997,8,50.0000,true,2.81320339
51,OldGuardNoBNB,2,168.0240,9.910688,24.1997,8,50.0000,true,2.68023952
52,OldGuardNoBNB,2,174.2961,10.132585,24.1997,8,50.0000,true,2.74296140
53,OldGuardNoBNB,2,177.4072,10.228936,24.1997,8,50.0000,true,2.77407167
54,OldGuardNoBNB,2,166.3894,9.768347,24.1997,8,50.0000,true,2.66389381
55,OldGuardNoBNB,2,173.4901,10.025751,24.1997,8,50.0000,true,2.73490138
56,OldGuardNoBNB,2,176.5145,10.119396,24.1997,8,50.0000,true,2.76514466
57,OldGuardNoBNB,2,173.7649,9.985403,24.1997,8,50.0000,true,2.73764947
58,OldGuardNoBNB,2,161.7272,9.473166,24.1997,8,50.0000,true,2.61727197
59,OldGuardNoBNB,2,164.8291,9.573491,24.1997,8,50.0000,true,2.64829082
60,OldGuardNoBNB,2,160.7348,9.379023,24.1997,8,50.0000,true,2.60734799
61,OldGuardNoBNB,2,157.6196,9.223458,24.1997,8,50.0000,true,2.57619630
62,OldGuardNoBNB,2,157.6196,9.223458,24.1997,8,50.0000,true,2.57619630
63,OldGuardNoBNB,2,157.6196,9.223458,24.1997,8,50.0000,true,2.57619630
64,OldGuardNoBNB,2,157.6196,9.223458,24.1997,8,50.0000,true,2.57619630
65,OldGuardNoBNB,2,157.6196,9.223458,24.1997,8,50.0000,true,2.57619630
66,OldGuardNoBNB,2,157.6196,9.223458,24.1997,8,50.0000,true,2.57619630
67,OldGuardNoBNB,2,157.6196,9.223458,24.1997,8,50.0000,true,2.57619630
68,OldGuardNoBNB,2,157.6196,9.223458,24.1997,8,50.0000,true,2.57619630
69,OldGuardNoBNB,2,157.6196,9.223458,24.1997,8,50.0000,true,2.57619630
70,OldGuardNoBNB,2,157.6196,9.223458,24.1997,8,50.0000,true,2.57619630
71,OldGuardNoBNB,2,157.6196,9.223458,24.1997,8,50.0000,true,2.57619630
72,OldGuardNoBNB,2,157.6196,9.223458,24.1997,8,50.0000,true,2.57619630
73,OldGuardNoBNB,2,157.6196,9.223458,24.1997,8,50.0000,true,2.57619630
74,OldGuardNoBNB,2,157.6196,9.223458,24.1997,8,50.0000,true,2.57619630
75,OldGuardNoBNB,2,157.6196,9.223458,24.1997,8,50.0000,true,2.57619630
76,OldGuardNoBNB,2,157.6196,9.223458,24.1997,8,50.0000,true,2.57619630
77,OldGuardNoBNB,2,157.6196,9.223458,24.1997,8,50.0000,true,2.57619630
78,OldGuardNoBNB,2,157.6196,9.223458,24.1997,8,50.0000,true,2.57619630
79,OldGuardNoBNB,2,157.6196,9.223458,24.1997,8,50.0000,true,2.57619630
80,OldGuardNoBNB,2,157.6196,9.223458,24.1997,8,50.0000,true,2.57619630
81,OldGuardNoBNB,2,157.6196,9.223458,24.1997,8,50.0000,true,2.57619630
82,OldGuardNoBNB,2,157.6196,9.223458,24.1997,8,50.0000,true,2.57619630
83,OldGuardNoBNB,2,157.6196,9.223458,24.1997,8,50.0000,true,2.57619630
84,OldGuardNoBNB,2,157.6196,9.223458,24.1997,8,50.0000,true,2.57619630
85,OldGuardNoBNB,2,157.6196,9.223458,24.1997,8,50.0000,true,2.57619630
86,OldGuardNoBNB,2,157.6196,9.223458,24.1997,8,50.0000,true,2.57619630
87,OldGuardNoBNB,2,157.6196,9.223458,24.1997,8,50.0000,true,2.57619630
88,OldGuardNoBNB,2,157.6196,9.223458,24.1997,8,50.0000,true,2.57619630
89,OldGuardNoBNB,2,157.6196,9.223458,24.1997,8,50.0000,true,2.57619630
90,OldGuardNoBNB,2,157.6196,9.223458,24.1997,8,50.0000,true,2.57619630
91,OldGuardNoBNB,2,157.6196,9.223458,24.1997,8,50.0000,true,2.57619630
92,OldGuardNoBNB,2,157.6196,9.223458,24.1997,8,50.0000,true,2.57619630
93,OldGuardNoBNB,2,157.6196,9.223458,24.1997,8,50.0000,true,2.57619630
94,OldGuardNoBNB,2,157.6196,9.223458,24.1997,8,50.0000,true,2.57619630
95,OldGuardNoBNB,2,157.6196,9.223458,24.1997,8,50.0000,true,2.57619630
96,OldGuardNoBNB,2,157.6196,9.223458,24.1997,8,50.0000,true,2.57619630
97,OldGuardNoBNB,2,157.6196,9.223458,24.1997,8,50.0000,true,2.57619630
98,OldGuardNoBNB,2,157.6196,9.223458,24.1997,8,50.0000,true,2.57619630
99,OldGuardNoBNB,2,157.6196,9.223458,24.1997,8,50.0000,true,2.57619630
100,OldGuardNoBNB,2,157.6196,9.223458,24.1997,8,50.0000,true,2.57619630
1,OldGuardNoBNB,3,77.8925,4.238651,22.4807,42,59.5238,true,1.77892487
2,OldGuardNoBNB,3,193.9194,6.376564,25.3636,34,61.7647,true,2.93919411
3,OldGuardNoBNB,3,54.0623,3.761424,30.5570,27,59.2593,true,1.54062344
4,OldGuardNoBNB,3,251.0048,7.871600,30.1819,26,65.3846,true,3.51004806
5,OldGuardNoBNB,3,169.2564,10.487031,17.1836,22,63.6364,true,2.69256446
6,OldGuardNoBNB,3,64.3800,4.003065,41.9098,21,47.6190,true,1.64379975
7,OldGuardNoBNB,3,73.2385,5.352021,22.4926,20,55.0000,true,1.73238509
8,OldGuardNoBNB,3,36.0502,3.742218,45.5066,17,64.7059,true,1.36050193
9,OldGuardNoBNB,3,97.0201,5.320091,34.6928,16,56.2500,true,1.97020139
10,OldGuardNoBNB,3,84.0003,5.486154,45.5337,16,56.2500,true,1.84000277
11,OldGuardNoBNB,3,207.1518,8.192170,46.9806,16,62.5000,true,3.07151768
12,OldGuardNoBNB,3,74.5326,5.809872,42.1582,14,57.1429,true,1.74532625
13,OldGuardNoBNB,3,104.2356,6.808760,21.3534,14,42.8571,true,2.04235596
14,OldGuardNoBNB,3,26.2157,3.354243,30.8382,14,42.8571,true,1.26215653
15,OldGuardNoBNB,3,-1.7786,1.742973,37.3430,14,42.8571,false,0.98221386
16,OldGuardNoBNB,3,48.8695,4.883070,28.1288,13,46.1538,true,1.48869462
17,OldGuardNoBNB,3,69.3705,5.957283,40.3196,12,50.0000,true,1.69370487
18,OldGuardNoBNB,3,10.5930,2.547070,50.1059,12,33.3333,true,1.10593004
19,OldGuardNoBNB,3,144.1434,9.557551,22.1662,11,45.4545,true,2.44143385
20,OldGuardNoBNB,3,127.9989,8.588008,22.1662,11,45.4545,true,2.27998883
21,OldGuardNoBNB,3,128.8648,8.165630,23.9823,11,45.4545,true,2.28864753
22,OldGuardNoBNB,3,80.0748,6.482691,25.2038,10,40.0000,true,1.80074822
23,OldGuardNoBNB,3,146.7972,8.915710,25.0453,10,40.0000,true,2.46797184
24,OldGuardNoBNB,3,101.3306,8.101809,28.7993,10,40.0000,true,2.01330628
25,OldGuardNoBNB,3,45.7265,5.604992,30.9266,10,30.0000,true,1.45726463
26,OldGuardNoBNB,3,45.7186,5.757171,31.1471,10,30.0000,true,1.45718605
27,OldGuardNoBNB,3,57.0822,6.244651,31.5290,10,30.0000,true,1.57082204
28,OldGuardNoBNB,3,53.9083,5.970200,35.5365,10,30.0000,true,1.53908340
29,OldGuardNoBNB,3,43.2179,5.477747,35.6411,10,30.0000,true,1.43217906
30,OldGuardNoBNB,3,20.8123,4.124988,44.6727,10,30.0000,true,1.20812306
31,OldGuardNoBNB,3,139.3627,9.170043,36.2251,9,44.4444,true,2.39362677
32,OldGuardNoBNB,3,-5.8866,2.578821,50.4869,10,30.0000,false,0.94113408
33,OldGuardNoBNB,3,290.3129,15.684113,20.7930,8,62.5000,true,3.90312946
34,OldGuardNoBNB,3,52.6219,6.017496,51.4533,9,44.4444,true,1.52621850
35,OldGuardNoBNB,3,32.3619,4.855849,51.4533,9,44.4444,true,1.32361889
36,OldGuardNoBNB,3,48.2280,5.694126,51.6226,9,44.4444,true,1.48227975
37,OldGuardNoBNB,3,47.9202,5.605697,51.8915,9,44.4444,true,1.47920238
38,OldGuardNoBNB,3,40.6361,5.140285,54.5148,9,44.4444,true,1.40636051
39,OldGuardNoBNB,3,88.0435,7.816322,42.4983,8,50.0000,true,1.88043496
40,OldGuardNoBNB,3,72.2627,7.248193,42.4983,8,50.0000,true,1.72262702
41,OldGuardNoBNB,3,67.5182,7.055454,42.4983,8,50.0000,true,1.67518191
42,OldGuardNoBNB,3,148.5302,11.666488,22.1662,8,50.0000,true,2.48530177
43,OldGuardNoBNB,3,122.4068,11.471242,22.1662,8,50.0000,true,2.22406823
44,OldGuardNoBNB,3,118.4682,11.469256,22.1662,8,50.0000,true,2.18468163
45,OldGuardNoBNB,3,100.1965,11.031191,22.1662,8,50.0000,true,2.00196513
46,OldGuardNoBNB,3,105.8416,11.264223,22.1662,8,50.0000,true,2.05841641
47,OldGuardNoBNB,3,48.7469,7.566675,22.1662,8,50.0000,true,1.48746928
48,OldGuardNoBNB,3,48.7469,7.566675,22.1662,8,50.0000,true,1.48746928
49,OldGuardNoBNB,3,48.7469,7.566675,22.1662,8,50.0000,true,1.48746928
50,OldGuardNoBNB,3,48.7469,7.566675,22.1662,8,50.0000,true,1.48746928
51,OldGuardNoBNB,3,48.7469,7.566675,22.1662,8,50.0000,true,1.48746928
52,OldGuardNoBNB,3,48.7469,7.566675,22.1662,8,50.0000,true,1.48746928
53,OldGuardNoBNB,3,48.7469,7.566675,22.1662,8,50.0000,true,1.48746928
54,OldGuardNoBNB,3,48.7469,7.566675,22.1662,8,50.0000,true,1.48746928
55,OldGuardNoBNB,3,48.7469,7.566675,22.1662,8,50.0000,true,1.48746928
56,OldGuardNoBNB,3,48.7469,7.566675,22.1662,8,50.0000,true,1.48746928
57,OldGuardNoBNB,3,48.7469,7.566675,22.1662,8,50.0000,true,1.48746928
58,OldGuardNoBNB,3,48.7469,7.566675,22.1662,8,50.0000,true,1.48746928
59,OldGuardNoBNB,3,48.7469,7.566675,22.1662,8,50.0000,true,1.48746928
60,OldGuardNoBNB,3,48.7469,7.566675,22.1662,8,50.0000,true,1.48746928
61,OldGuardNoBNB,3,48.7469,7.566675,22.1662,8,50.0000,true,1.48746928
62,OldGuardNoBNB,3,48.7469,7.566675,22.1662,8,50.0000,true,1.48746928
63,OldGuardNoBNB,3,48.7469,7.566675,22.1662,8,50.0000,true,1.48746928
64,OldGuardNoBNB,3,48.7469,7.566675,22.1662,8,50.0000,true,1.48746928
65,OldGuardNoBNB,3,48.7469,7.566675,22.1662,8,50.0000,true,1.48746928
66,OldGuardNoBNB,3,48.7469,7.566675,22.1662,8,50.0000,true,1.48746928
67,OldGuardNoBNB,3,48.7469,7.566675,22.1662,8,50.0000,true,1.48746928
68,OldGuardNoBNB,3,48.7469,7.566675,22.1662,8,50.0000,true,1.48746928
69,OldGuardNoBNB,3,48.7469,7.566675,22.1662,8,50.0000,true,1.48746928
70,OldGuardNoBNB,3,48.7469,7.566675,22.1662,8,50.0000,true,1.48746928
71,OldGuardNoBNB,3,48.7469,7.566675,22.1662,8,50.0000,true,1.48746928
72,OldGuardNoBNB,3,48.7469,7.566675,22.1662,8,50.0000,true,1.48746928
73,OldGuardNoBNB,3,48.7469,7.566675,22.1662,8,50.0000,true,1.48746928
74,OldGuardNoBNB,3,48.7469,7.566675,22.1662,8,50.0000,true,1.48746928
75,OldGuardNoBNB,3,48.7469,7.566675,22.1662,8,50.0000,true,1.48746928
76,OldGuardNoBNB,3,48.7469,7.566675,22.1662,8,50.0000,true,1.48746928
77,OldGuardNoBNB,3,48.7469,7.566675,22.1662,8,50.0000,true,1.48746928
78,OldGuardNoBNB,3,48.7469,7.566675,22.1662,8,50.0000,true,1.48746928
79,OldGuardNoBNB,3,48.7469,7.566675,22.1662,8,50.0000,true,1.48746928
80,OldGuardNoBNB,3,48.7469,7.566675,22.1662,8,50.0000,true,1.48746928
81,OldGuardNoBNB,3,48.7469,7.566675,22.1662,8,50.0000,true,1.48746928
82,OldGuardNoBNB,3,48.7469,7.566675,22.1662,8,50.0000,true,1.48746928
83,OldGuardNoBNB,3,48.7469,7.566675,22.1662,8,50.0000,true,1.48746928
84,OldGuardNoBNB,3,48.7469,7.566675,22.1662,8,50.0000,true,1.48746928
85,OldGuardNoBNB,3,48.7469,7.566675,22.1662,8,50.0000,true,1.48746928
86,OldGuardNoBNB,3,48.7469,7.566675,22.1662,8,50.0000,true,1.48746928
87,OldGuardNoBNB,3,48.7469,7.566675,22.1662,8,50.0000,true,1.48746928
88,OldGuardNoBNB,3,48.7469,7.566675,22.1662,8,50.0000,true,1.48746928
89,OldGuardNoBNB,3,48.7469,7.566675,22.1662,8,50.0000,true,1.48746928
90,OldGuardNoBNB,3,48.7469,7.566675,22.1662,8,50.0000,true,1.48746928
91,OldGuardNoBNB,3,48.7469,7.566675,22.1662,8,50.0000,true,1.48746928
92,OldGuardNoBNB,3,48.7469,7.566675,22.1662,8,50.0000,true,1.48746928
93,OldGuardNoBNB,3,48.7469,7.566675,22.1662,8,50.0000,true,1.48746928
94,OldGuardNoBNB,3,48.7469,7.566675,22.1662,8,50.0000,true,1.48746928
95,OldGuardNoBNB,3,48.7469,7.566675,22.1662,8,50.0000,true,1.48746928
96,OldGuardNoBNB,3,48.7469,7.566675,22.1662,8,50.0000,true,1.48746928
97,OldGuardNoBNB,3,48.7469,7.566675,22.1662,8,50.0000,true,1.48746928
98,OldGuardNoBNB,3,48.7469,7.566675,22.1662,8,50.0000,true,1.48746928
99,OldGuardNoBNB,3,48.7469,7.566675,22.1662,8,50.0000,true,1.48746928
100,OldGuardNoBNB,3,48.7469,7.566675,22.1662,8,50.0000,true,1.48746928
1,OldGuardNoBNB,4,23.6345,2.484107,26.5596,34,52.9412,true,1.23634527
2,OldGuardNoBNB,4,26.0258,2.877543,25.4735,27,59.2593,true,1.26025848
3,OldGuardNoBNB,4,-5.0388,0.451547,29.4294,24,54.1667,false,0.94961211
4,OldGuardNoBNB,4,21.4770,2.773059,27.0521,21,52.3810,true,1.21477002
5,OldGuardNoBNB,4,61.1273,6.186866,15.3021,17,64.7059,true,1.61127296
6,OldGuardNoBNB,4,73.8505,7.535517,16.0534,16,62.5000,true,1.73850502
7,OldGuardNoBNB,4,14.0581,2.386858,27.0391,16,68.7500,true,1.14058054
8,OldGuardNoBNB,4,-1.5681,0.870130,38.9639,13,53.8462,false,0.98431906
9,OldGuardNoBNB,4,-0.1378,1.060515,39.6937,13,53.8462,false,0.99862175
10,OldGuardNoBNB,4,20.6890,3.543301,31.4115,12,58.3333,true,1.20688982
11,OldGuardNoBNB,4,18.4104,3.109867,30.9305,12,50.0000,true,1.18410388
12,OldGuardNoBNB,4,31.5061,4.134200,27.0521,12,58.3333,true,1.31506105
13,OldGuardNoBNB,4,38.7342,5.538159,19.8483,11,54.5455,true,1.38734240
14,OldGuardNoBNB,4,-11.8308,0.214503,38.1840,11,36.3636,false,0.88169151
15,OldGuardNoBNB,4,52.1365,7.456353,19.8483,10,60.0000,true,1.52136526
16,OldGuardNoBNB,4,39.0273,6.106709,21.2184,10,50.0000,true,1.39027307
17,OldGuardNoBNB,4,19.7755,3.615346,29.2268,10,50.0000,true,1.19775509
18,OldGuardNoBNB,4,12.5007,2.814019,28.5285,10,40.0000,true,1.12500690
19,OldGuardNoBNB,4,-18.6076,-0.557895,43.0869,10,30.0000,false,0.81392446
20,OldGuardNoBNB,4,-11.0535,0.038871,37.6794,9,33.3333,false,0.88946522
21,OldGuardNoBNB,4,-15.8438,-0.577395,39.6581,9,33.3333,false,0.84156179
22,OldGuardNoBNB,4,-18.0537,-0.899254,39.6581,9,33.3333,false,0.81946289
23,OldGuardNoBNB,4,-18.0366,-0.894951,39.6581,9,33.3333,false,0.81963413
24,OldGuardNoBNB,4,-14.2683,-0.350675,39.6581,9,33.3333,false,0.85731689
25,OldGuardNoBNB,4,-9.8754,0.268977,39.8609,9,33.3333,false,0.90124608
26,OldGuardNoBNB,4,-10.7901,0.144651,39.8609,9,33.3333,false,0.89209886
27,OldGuardNoBNB,4,-10.0275,0.247978,39.8609,9,33.3333,false,0.89972490
28,OldGuardNoBNB,4,-6.6316,0.587522,37.9058,9,33.3333,false,0.93368416
29,OldGuardNoBNB,4,-10.0556,0.123052,37.9058,9,33.3333,false,0.89944438
30,OldGuardNoBNB,4,-7.6042,0.455907,37.9058,9,33.3333,false,0.92395789
31,OldGuardNoBNB,4,-11.6217,-0.094129,37.9058,9,33.3333,false,0.88378250
32,OldGuardNoBNB,4,-7.4220,0.478507,37.9058,9,33.3333,false,0.92578002
33,OldGuardNoBNB,4,-7.7513,0.433560,37.9058,9,33.3333,false,0.92248686
34,OldGuardNoBNB,4,-7.9919,0.400469,37.9058,9,33.3333,false,0.92008100
35,OldGuardNoBNB,4,-11.3594,-0.057037,37.9058,9,33.3333,false,0.88640571
36,OldGuardNoBNB,4,-20.3700,-0.883496,44.3576,9,33.3333,false,0.79629965
37,OldGuardNoBNB,4,-19.8117,-0.640514,45.9301,9,33.3333,false,0.80188306
38,OldGuardNoBNB,4,-19.0952,-0.532747,45.9301,9,33.3333,false,0.80904785
39,OldGuardNoBNB,4,-12.6425,0.084354,42.4963,9,33.3333,false,0.87357537
40,OldGuardNoBNB,4,-12.7884,0.064019,42.4963,9,33.3333,false,0.87211648
41,OldGuardNoBNB,4,-11.1288,0.363737,43.4866,9,33.3333,false,0.88871192
42,OldGuardNoBNB,4,6.1812,1.969412,33.6421,8,37.5000,true,1.06181216
43,OldGuardNoBNB,4,-5.5131,0.511363,33.6421,8,37.5000,false,0.94486884
44,OldGuardNoBNB,4,-7.1572,0.296248,33.6421,8,37.5000,false,0.92842830
45,OldGuardNoBNB,4,-6.4579,0.386098,33.6421,8,37.5000,false,0.93542111
46,OldGuardNoBNB,4,-9.5714,-0.020863,33.6421,8,37.5000,false,0.90428627
47,OldGuardNoBNB,4,-9.5714,-0.020863,33.6421,8,37.5000,false,0.90428627
48,OldGuardNoBNB,4,-9.5714,-0.020863,33.6421,8,37.5000,false,0.90428627
49,OldGuardNoBNB,4,-9.5714,-0.020863,33.6421,8,37.5000,false,0.90428627
50,OldGuardNoBNB,4,-9.5714,-0.020863,33.6421,8,37.5000,false,0.90428627
51,OldGuardNoBNB,4,-9.5714,-0.020863,33.6421,8,37.5000,false,0.90428627
52,OldGuardNoBNB,4,-9.5714,-0.020863,33.6421,8,37.5000,false,0.90428627
53,OldGuardNoBNB,4,-9.5714,-0.020863,33.6421,8,37.5000,false,0.90428627
54,OldGuardNoBNB,4,-9.5714,-0.020863,33.6421,8,37.5000,false,0.90428627
55,OldGuardNoBNB,4,-9.5714,-0.020863,33.6421,8,37.5000,false,0.90428627
56,OldGuardNoBNB,4,-9.5714,-0.020863,33.6421,8,37.5000,false,0.90428627
57,OldGuardNoBNB,4,-9.5714,-0.020863,33.6421,8,37.5000,false,0.90428627
58,OldGuardNoBNB,4,-9.5714,-0.020863,33.6421,8,37.5000,false,0.90428627
59,OldGuardNoBNB,4,-9.5714,-0.020863,33.6421,8,37.5000,false,0.90428627
60,OldGuardNoBNB,4,-9.5714,-0.020863,33.6421,8,37.5000,false,0.90428627
61,OldGuardNoBNB,4,-9.5714,-0.020863,33.6421,8,37.5000,false,0.90428627
62,OldGuardNoBNB,4,-9.5714,-0.020863,33.6421,8,37.5000,false,0.90428627
63,OldGuardNoBNB,4,-9.5714,-0.020863,33.6421,8,37.5000,false,0.90428627
64,OldGuardNoBNB,4,-9.5714,-0.020863,33.6421,8,37.5000,false,0.90428627
65,OldGuardNoBNB,4,-9.5714,-0.020863,33.6421,8,37.5000,false,0.90428627
66,OldGuardNoBNB,4,-9.5714,-0.020863,33.6421,8,37.5000,false,0.90428627
67,OldGuardNoBNB,4,-9.5714,-0.020863,33.6421,8,37.5000,false,0.90428627
68,OldGuardNoBNB,4,-9.5714,-0.020863,33.6421,8,37.5000,false,0.90428627
69,OldGuardNoBNB,4,-9.5714,-0.020863,33.6421,8,37.5000,false,0.90428627
70,OldGuardNoBNB,4,-9.5714,-0.020863,33.6421,8,37.5000,false,0.90428627
71,OldGuardNoBNB,4,-9.5714,-0.020863,33.6421,8,37.5000,false,0.90428627
72,OldGuardNoBNB,4,-9.5714,-0.020863,33.6421,8,37.5000,false,0.90428627
73,OldGuardNoBNB,4,-9.5714,-0.020863,33.6421,8,37.5000,false,0.90428627
74,OldGuardNoBNB,4,-9.5714,-0.020863,33.6421,8,37.5000,false,0.90428627
75,OldGuardNoBNB,4,-9.5714,-0.020863,33.6421,8,37.5000,false,0.90428627
76,OldGuardNoBNB,4,-9.5714,-0.020863,33.6421,8,37.5000,false,0.90428627
77,OldGuardNoBNB,4,-9.5714,-0.020863,33.6421,8,37.5000,false,0.90428627
78,OldGuardNoBNB,4,-9.5714,-0.020863,33.6421,8,37.5000,false,0.90428627
79,OldGuardNoBNB,4,-9.5714,-0.020863,33.6421,8,37.5000,false,0.90428627
80,OldGuardNoBNB,4,-9.5714,-0.020863,33.6421,8,37.5000,false,0.90428627
81,OldGuardNoBNB,4,-9.5714,-0.020863,33.6421,8,37.5000,false,0.90428627
82,OldGuardNoBNB,4,-9.5714,-0.020863,33.6421,8,37.5000,false,0.90428627
83,OldGuardNoBNB,4,-9.5714,-0.020863,33.6421,8,37.5000,false,0.90428627
84,OldGuardNoBNB,4,-9.5714,-0.020863,33.6421,8,37.5000,false,0.90428627
85,OldGuardNoBNB,4,-9.5714,-0.020863,33.6421,8,37.5000,false,0.90428627
86,OldGuardNoBNB,4,-9.5714,-0.020863,33.6421,8,37.5000,false,0.90428627
87,OldGuardNoBNB,4,-9.5714,-0.020863,33.6421,8,37.5000,false,0.90428627
88,OldGuardNoBNB,4,-9.5714,-0.020863,33.6421,8,37.5000,false,0.90428627
89,OldGuardNoBNB,4,-9.5714,-0.020863,33.6421,8,37.5000,false,0.90428627
90,OldGuardNoBNB,4,-9.5714,-0.020863,33.6421,8,37.5000,false,0.90428627
91,OldGuardNoBNB,4,-9.5714,-0.020863,33.6421,8,37.5000,false,0.90428627
92,OldGuardNoBNB,4,-9.5714,-0.020863,33.6421,8,37.5000,false,0.90428627
93,OldGuardNoBNB,4,-9.5714,-0.020863,33.6421,8,37.5000,false,0.90428627
94,OldGuardNoBNB,4,-9.5714,-0.020863,33.6421,8,37.5000,false,0.90428627
95,OldGuardNoBNB,4,-9.5714,-0.020863,33.6421,8,37.5000,false,0.90428627
96,OldGuardNoBNB,4,-9.5714,-0.020863,33.6421,8,37.5000,false,0.90428627
97,OldGuardNoBNB,4,-9.5714,-0.020863,33.6421,8,37.5000,false,0.90428627
98,OldGuardNoBNB,4,-9.5714,-0.020863,33.6421,8,37.5000,false,0.90428627
99,OldGuardNoBNB,4,-9.5714,-0.020863,33.6421,8,37.5000,false,0.90428627
100,OldGuardNoBNB,4,-9.5714,-0.020863,33.6421,8,37.5000,false,0.90428627
1,OldGuardNoBNB,5,1.0139,0.607159,12.3110,28,46.4286,true,1.01013881
2,OldGuardNoBNB,5,34.5494,3.447696,23.2079,24,54.1667,true,1.34549427
3,OldGuardNoBNB,5,-18.4611,-0.820326,25.4648,22,36.3636,false,0.81538868
4,OldGuardNoBNB,5,-16.3534,-0.533325,27.3168,20,30.0000,false,0.83646595
5,OldGuardNoBNB,5,-28.1736,-1.068805,30.6830,19,31.5789,false,0.71826383
6,OldGuardNoBNB,5,-52.6250,-5.986510,52.6250,19,26.3158,false,0.47375037
7,OldGuardNoBNB,5,-46.2513,-4.177839,46.2513,18,33.3333,false,0.53748662
8,OldGuardNoBNB,5,-17.5387,-1.246145,28.0416,16,31.2500,false,0.82461305
9,OldGuardNoBNB,5,-32.7018,-3.406552,32.7018,16,31.2500,false,0.67298153
10,OldGuardNoBNB,5,-33.9135,-4.415928,38.1047,15,33.3333,false,0.66086470
11,OldGuardNoBNB,5,-51.6517,-6.694820,52.0899,15,26.6667,false,0.48348304
12,OldGuardNoBNB,5,-60.8128,-10.092329,60.8128,15,20.0000,false,0.39187194
13,OldGuardNoBNB,5,-62.8740,-10.360882,62.8740,15,20.0000,false,0.37126009
14,OldGuardNoBNB,5,-59.2840,-9.219991,59.2840,15,20.0000,false,0.40716009
15,OldGuardNoBNB,5,-60.6429,-9.800009,60.6429,15,20.0000,false,0.39357097
16,OldGuardNoBNB,5,-62.8540,-8.762738,62.8540,15,20.0000,false,0.37146004
17,OldGuardNoBNB,5,-51.2890,-7.437789,51.2890,14,21.4286,false,0.48710960
18,OldGuardNoBNB,5,-51.7949,-7.367787,51.7949,14,21.4286,false,0.48205126
19,OldGuardNoBNB,5,-46.9318,-6.118974,49.4003,13,23.0769,false,0.53068247
20,OldGuardNoBNB,5,-47.2779,-6.313042,49.4003,13,23.0769,false,0.52722053
21,OldGuardNoBNB,5,-48.6788,-6.803089,49.4003,13,23.0769,false,0.51321249
22,OldGuardNoBNB,5,-49.0487,-6.925467,49.4003,13,23.0769,false,0.50951311
23,OldGuardNoBNB,5,-50.3334,-7.381357,50.3334,13,23.0769,false,0.49666557
24,OldGuardNoBNB,5,-51.4902,-7.724562,51.4902,13,23.0769,false,0.48509785
25,OldGuardNoBNB,5,-58.4059,-10.611545,58.4059,13,23.0769,false,0.41594067
26,OldGuardNoBNB,5,-58.4059,-10.611545,58.4059,13,23.0769,false,0.41594067
27,OldGuardNoBNB,5,-58.4059,-10.611545,58.4059,13,23.0769,false,0.41594067
28,OldGuardNoBNB,5,-58.4059,-10.611545,58.4059,13,23.0769,false,0.41594067
29,OldGuardNoBNB,5,-58.4059,-10.611545,58.4059,13,23.0769,false,0.41594067
30,OldGuardNoBNB,5,-58.4059,-10.611545,58.4059,13,23.0769,false,0.41594067
31,OldGuardNoBNB,5,-58.4059,-10.611545,58.4059,13,23.0769,false,0.41594067
32,OldGuardNoBNB,5,-58.4059,-10.611545,58.4059,13,23.0769,false,0.41594067
33,OldGuardNoBNB,5,-58.4059,-10.611545,58.4059,13,23.0769,false,0.41594067
34,OldGuardNoBNB,5,-58.4059,-10.611545,58.4059,13,23.0769,false,0.41594067
35,OldGuardNoBNB,5,-58.4059,-10.611545,58.4059,13,23.0769,false,0.41594067
36,OldGuardNoBNB,5,-58.4059,-10.611545,58.4059,13,23.0769,false,0.41594067
37,OldGuardNoBNB,5,-58.4059,-10.611545,58.4059,13,23.0769,false,0.41594067
38,OldGuardNoBNB,5,-58.4059,-10.611545,58.4059,13,23.0769,false,0.41594067
39,OldGuardNoBNB,5,-58.4059,-10.611545,58.4059,13,23.0769,false,0.41594067
40,OldGuardNoBNB,5,-58.4059,-10.611545,58.4059,13,23.0769,false,0.41594067
41,OldGuardNoBNB,5,-58.4059,-10.611545,58.4059,13,23.0769,false,0.41594067
42,OldGuardNoBNB,5,-58.4059,-10.611545,58.4059,13,23.0769,false,0.41594067
43,OldGuardNoBNB,5,-58.4059,-10.611545,58.4059,13,23.0769,false,0.41594067
44,OldGuardNoBNB,5,-58.4059,-10.611545,58.4059,13,23.0769,false,0.41594067
45,OldGuardNoBNB,5,-58.4059,-10.611545,58.4059,13,23.0769,false,0.41594067
46,OldGuardNoBNB,5,-58.4059,-10.611545,58.4059,13,23.0769,false,0.41594067
47,OldGuardNoBNB,5,-58.4059,-10.611545,58.4059,13,23.0769,false,0.41594067
48,OldGuardNoBNB,5,-58.4059,-10.611545,58.4059,13,23.0769,false,0.41594067
49,OldGuardNoBNB,5,-58.4059,-10.611545,58.4059,13,23.0769,false,0.41594067
50,OldGuardNoBNB,5,-58.4059,-10.611545,58.4059,13,23.0769,false,0.41594067
51,OldGuardNoBNB,5,-58.4059,-10.611545,58.4059,13,23.0769,false,0.41594067
52,OldGuardNoBNB,5,-58.4059,-10.611545,58.4059,13,23.0769,false,0.41594067
53,OldGuardNoBNB,5,-58.4059,-10.611545,58.4059,13,23.0769,false,0.41594067
54,OldGuardNoBNB,5,-58.4059,-10.611545,58.4059,13,23.0769,false,0.41594067
55,OldGuardNoBNB,5,-58.4059,-10.611545,58.4059,13,23.0769,false,0.41594067
56,OldGuardNoBNB,5,-58.4059,-10.611545,58.4059,13,23.0769,false,0.41594067
57,OldGuardNoBNB,5,-58.4059,-10.611545,58.4059,13,23.0769,false,0.41594067
58,OldGuardNoBNB,5,-58.4059,-10.611545,58.4059,13,23.0769,false,0.41594067
59,OldGuardNoBNB,5,-58.4059,-10.611545,58.4059,13,23.0769,false,0.41594067
60,OldGuardNoBNB,5,-58.4059,-10.611545,58.4059,13,23.0769,false,0.41594067
61,OldGuardNoBNB,5,-58.4059,-10.611545,58.4059,13,23.0769,false,0.41594067
62,OldGuardNoBNB,5,-58.4059,-10.611545,58.4059,13,23.0769,false,0.41594067
63,OldGuardNoBNB,5,-58.4059,-10.611545,58.4059,13,23.0769,false,0.41594067
64,OldGuardNoBNB,5,-58.4059,-10.611545,58.4059,13,23.0769,false,0.41594067
65,OldGuardNoBNB,5,-58.4059,-10.611545,58.4059,13,23.0769,false,0.41594067
66,OldGuardNoBNB,5,-58.4059,-10.611545,58.4059,13,23.0769,false,0.41594067
67,OldGuardNoBNB,5,-58.4059,-10.611545,58.4059,13,23.0769,false,0.41594067
68,OldGuardNoBNB,5,-58.4059,-10.611545,58.4059,13,23.0769,false,0.41594067
69,OldGuardNoBNB,5,-58.4059,-10.611545,58.4059,13,23.0769,false,0.41594067
70,OldGuardNoBNB,5,-58.4059,-10.611545,58.4059,13,23.0769,false,0.41594067
71,OldGuardNoBNB,5,-58.4059,-10.611545,58.4059,13,23.0769,false,0.41594067
72,OldGuardNoBNB,5,-58.4059,-10.611545,58.4059,13,23.0769,false,0.41594067
73,OldGuardNoBNB,5,-58.4059,-10.611545,58.4059,13,23.0769,false,0.41594067
74,OldGuardNoBNB,5,-58.4059,-10.611545,58.4059,13,23.0769,false,0.41594067
75,OldGuardNoBNB,5,-58.4059,-10.611545,58.4059,13,23.0769,false,0.41594067
76,OldGuardNoBNB,5,-58.4059,-10.611545,58.4059,13,23.0769,false,0.41594067
77,OldGuardNoBNB,5,-58.4059,-10.611545,58.4059,13,23.0769,false,0.41594067
78,OldGuardNoBNB,5,-58.4059,-10.611545,58.4059,13,23.0769,false,0.41594067
79,OldGuardNoBNB,5,-58.4059,-10.611545,58.4059,13,23.0769,false,0.41594067
80,OldGuardNoBNB,5,-58.4059,-10.611545,58.4059,13,23.0769,false,0.41594067
81,OldGuardNoBNB,5,-58.4059,-10.611545,58.4059,13,23.0769,false,0.41594067
82,OldGuardNoBNB,5,-58.4059,-10.611545,58.4059,13,23.0769,false,0.41594067
83,OldGuardNoBNB,5,-58.4059,-10.611545,58.4059,13,23.0769,false,0.41594067
84,OldGuardNoBNB,5,-58.4059,-10.611545,58.4059,13,23.0769,false,0.41594067
85,OldGuardNoBNB,5,-58.4059,-10.611545,58.4059,13,23.0769,false,0.41594067
86,OldGuardNoBNB,5,-58.4059,-10.611545,58.4059,13,23.0769,false,0.41594067
87,OldGuardNoBNB,5,-58.4059,-10.611545,58.4059,13,23.0769,false,0.41594067
88,OldGuardNoBNB,5,-58.4059,-10.611545,58.4059,13,23.0769,false,0.41594067
89,OldGuardNoBNB,5,-58.4059,-10.611545,58.4059,13,23.0769,false,0.41594067
90,OldGuardNoBNB,5,-58.4059,-10.611545,58.4059,13,23.0769,false,0.41594067
91,OldGuardNoBNB,5,-58.4059,-10.611545,58.4059,13,23.0769,false,0.41594067
92,OldGuardNoBNB,5,-58.4059,-10.611545,58.4059,13,23.0769,false,0.41594067
93,OldGuardNoBNB,5,-58.4059,-10.611545,58.4059,13,23.0769,false,0.41594067
94,OldGuardNoBNB,5,-58.4059,-10.611545,58.4059,13,23.0769,false,0.41594067
95,OldGuardNoBNB,5,-58.4059,-10.611545,58.4059,13,23.0769,false,0.41594067
96,OldGuardNoBNB,5,-58.4059,-10.611545,58.4059,13,23.0769,false,0.41594067
97,OldGuardNoBNB,5,-58.4059,-10.611545,58.4059,13,23.0769,false,0.41594067
98,OldGuardNoBNB,5,-58.4059,-10.611545,58.4059,13,23.0769,false,0.41594067
99,OldGuardNoBNB,5,-58.4059,-10.611545,58.4059,13,23.0769,false,0.41594067
100,OldGuardNoBNB,5,-58.4059,-10.611545,58.4059,13,23.0769,false,0.41594067
1,LargeCaps5,0,225.2899,7.496939,30.0752,39,66.6667,true,3.25289897
2,LargeCaps5,0,134.6937,4.940936,46.0983,34,64.7059,true,2.34693740
3,LargeCaps5,0,105.8875,4.582661,61.6003,28,57.1429,true,2.05887492
4,LargeCaps5,0,270.7860,7.605751,67.4043,24,66.6667,true,3.70786023
5,LargeCaps5,0,398.1724,8.689983,58.4974,22,63.6364,true,4.98172394
6,LargeCaps5,0,155.7798,6.485364,58.7746,20,65.0000,true,2.55779824
7,LargeCaps5,0,377.1785,8.844271,50.1785,19,57.8947,true,4.77178482
8,LargeCaps5,0,278.7627,7.776234,58.7918,17,52.9412,true,3.78762678
9,LargeCaps5,0,312.0690,7.953978,54.5961,17,52.9412,true,4.12068965
10,LargeCaps5,0,211.4631,7.420797,54.5961,17,52.9412,true,3.11463119
11,LargeCaps5,0,82.7241,5.712940,54.5961,16,62.5000,true,1.82724144
12,LargeCaps5,0,379.5913,9.479158,54.5961,14,57.1429,true,4.79591349
13,LargeCaps5,0,330.3710,10.067816,54.5961,14,57.1429,true,4.30371032
14,LargeCaps5,0,307.1851,9.228554,54.5961,14,57.1429,true,4.07185061
15,LargeCaps5,0,149.9929,7.168765,54.5961,14,50.0000,true,2.49992913
16,LargeCaps5,0,563.9767,10.784926,54.5961,14,57.1429,true,6.63976719
17,LargeCaps5,0,433.8661,11.025223,52.2376,12,66.6667,true,5.33866077
18,LargeCaps5,0,432.6651,9.771916,52.2376,13,53.8462,true,5.32665115
19,LargeCaps5,0,417.4210,10.523100,52.2376,11,54.5455,true,5.17421031
20,LargeCaps5,0,139.7011,7.015279,52.2376,12,50.0000,true,2.39701084
21,LargeCaps5,0,113.8228,6.661498,52.2376,12,50.0000,true,2.13822801
22,LargeCaps5,0,109.2046,6.706512,52.2376,12,50.0000,true,2.09204622
23,LargeCaps5,0,102.6321,6.598082,52.2376,12,50.0000,true,2.02632060
24,LargeCaps5,0,221.1747,9.526896,52.2376,11,54.5455,true,3.21174668
25,LargeCaps5,0,208.4484,9.180868,52.2376,11,54.5455,true,3.08448423
26,LargeCaps5,0,904.0573,18.633985,20.7753,9,66.6667,true,10.04057275
27,LargeCaps5,0,573.1849,13.725100,20.7753,9,66.6667,true,6.73184898
28,LargeCaps5,0,729.6774,14.683001,20.7753,9,66.6667,true,8.29677376
29,LargeCaps5,0,597.2483,13.798782,20.7753,9,66.6667,true,6.97248345
30,LargeCaps5,0,570.9218,12.082263,24.0155,9,55.5556,true,6.70921827
31,LargeCaps5,0,420.6914,11.128798,40.2871,9,55.5556,true,5.20691374
32,LargeCaps5,0,494.8693,11.789053,23.5434,9,55.5556,true,5.94869295
33,LargeCaps5,0,434.1494,10.516550,27.0552,9,55.5556,true,5.34149442
34,LargeCaps5,0,527.6072,10.701773,20.7753,9,55.5556,true,6.27607203
35,LargeCaps5,0,459.1155,10.629915,20.7753,9,55.5556,true,5.59115458
36,LargeCaps5,0,470.0073,10.757447,20.7753,9,55.5556,true,5.70007328
37,LargeCaps5,0,516.8787,10.612400,20.7753,9,55.5556,true,6.16878722
38,LargeCaps5,0,623.5912,10.810134,20.7753,9,55.5556,true,7.23591196
39,LargeCaps5,0,607.3215,11.291099,20.7753,8,50.0000,true,7.07321529
40,LargeCaps5,0,608.3247,11.464800,20.7753,8,50.0000,true,7.08324650
41,LargeCaps5,0,574.6907,11.575883,20.7753,8,50.0000,true,6.74690725
42,LargeCaps5,0,574.0895,11.680344,20.7753,8,50.0000,true,6.74089499
43,LargeCaps5,0,547.6277,11.733136,20.7753,8,50.0000,true,6.47627713
44,LargeCaps5,0,539.8824,11.906660,20.7753,8,50.0000,true,6.39882402
45,LargeCaps5,0,506.7162,12.092833,20.7753,8,50.0000,true,6.06716212
46,LargeCaps5,0,461.3965,11.936747,20.7753,8,50.0000,true,5.61396481
47,LargeCaps5,0,481.1599,12.128341,20.9254,8,50.0000,true,5.81159884
48,LargeCaps5,0,461.0548,12.041490,24.4042,8,50.0000,true,5.61054767
49,LargeCaps5,0,455.8739,11.948317,24.4042,8,50.0000,true,5.55873905
50,LargeCaps5,0,862.1785,13.831766,20.7753,7,71.4286,true,9.62178534
51,LargeCaps5,0,855.6362,13.809991,20.7753,7,71.4286,true,9.55636248
52,LargeCaps5,0,843.7020,13.770591,20.7753,7,71.4286,true,9.43702019
53,LargeCaps5,0,853.4692,13.859753,20.7753,7,71.4286,true,9.53469233
54,LargeCaps5,0,781.4627,13.532881,20.7753,7,71.4286,true,8.81462659
55,LargeCaps5,0,788.9209,13.806513,20.7753,7,57.1429,true,8.88920922
56,LargeCaps5,0,775.2396,13.658218,20.7753,7,57.1429,true,8.75239553
57,LargeCaps5,0,859.3610,14.308943,20.7753,7,57.1429,true,9.59361008
58,LargeCaps5,0,852.0451,14.331142,20.7753,7,57.1429,true,9.52045072
59,LargeCaps5,0,879.1765,14.415980,20.7753,7,57.1429,true,9.79176455
60,LargeCaps5,0,793.7145,14.569638,20.7753,7,57.1429,true,8.93714511
61,LargeCaps5,0,735.6229,14.037188,20.7753,7,57.1429,true,8.35622880
62,LargeCaps5,0,724.5108,13.891562,20.7753,7,57.1429,true,8.24510795
63,LargeCaps5,0,825.7397,14.661878,20.7753,7,57.1429,true,9.25739719
64,LargeCaps5,0,801.8444,14.413479,20.7753,7,57.1429,true,9.01844362
65,LargeCaps5,0,798.0635,14.328488,20.7753,7,57.1429,true,8.98063459
66,LargeCaps5,0,766.6574,14.021303,20.7753,7,57.1429,true,8.66657419
67,LargeCaps5,0,792.0013,14.172443,20.7753,7,57.1429,true,8.92001289
68,LargeCaps5,0,804.8800,14.222691,20.7753,7,57.1429,true,9.04879992
69,LargeCaps5,0,811.7579,14.224863,20.7753,7,57.1429,true,9.11757874
70,LargeCaps5,0,862.8170,14.675510,20.7753,7,57.1429,true,9.62817026
71,LargeCaps5,0,923.2107,14.915055,20.7753,7,57.1429,true,10.23210696
72,LargeCaps5,0,856.5140,14.413316,20.7753,7,57.1429,true,9.56513955
73,LargeCaps5,0,846.0135,14.080102,20.7753,7,57.1429,true,9.46013454
74,LargeCaps5,0,952.8382,15.234820,20.7753,6,66.6667,true,10.52838157
75,LargeCaps5,0,989.1816,15.453320,20.7753,6,66.6667,true,10.89181554
76,LargeCaps5,0,987.7900,15.382055,20.7753,6,66.6667,true,10.87789999
77,LargeCaps5,0,1010.9499,15.498260,20.7753,6,66.6667,true,11.10949908
78,LargeCaps5,0,933.2673,14.849159,20.7753,6,66.6667,true,10.33267264
79,LargeCaps5,0,878.6758,14.379904,20.7753,6,66.6667,true,9.78675778
80,LargeCaps5,0,878.6758,14.379904,20.7753,6,66.6667,true,9.78675778
81,LargeCaps5,0,878.6758,14.379904,20.7753,6,66.6667,true,9.78675778
82,LargeCaps5,0,878.6758,14.379904,20.7753,6,66.6667,true,9.78675778
83,LargeCaps5,0,878.6758,14.379904,20.7753,6,66.6667,true,9.78675778
84,LargeCaps5,0,878.6758,14.379904,20.7753,6,66.6667,true,9.78675778
85,LargeCaps5,0,878.6758,14.379904,20.7753,6,66.6667,true,9.78675778
86,LargeCaps5,0,878.6758,14.379904,20.7753,6,66.6667,true,9.78675778
87,LargeCaps5,0,878.6758,14.379904,20.7753,6,66.6667,true,9.78675778
88,LargeCaps5,0,878.6758,14.379904,20.7753,6,66.6667,true,9.78675778
89,LargeCaps5,0,878.6758,14.379904,20.7753,6,66.6667,true,9.78675778
90,LargeCaps5,0,878.6758,14.379904,20.7753,6,66.6667,true,9.78675778
91,LargeCaps5,0,878.6758,14.379904,20.7753,6,66.6667,true,9.78675778
92,LargeCaps5,0,878.6758,14.379904,20.7753,6,66.6667,true,9.78675778
93,LargeCaps5,0,878.6758,14.379904,20.7753,6,66.6667,true,9.78675778
94,LargeCaps5,0,878.6758,14.379904,20.7753,6,66.6667,true,9.78675778
95,LargeCaps5,0,878.6758,14.379904,20.7753,6,66.6667,true,9.78675778
96,LargeCaps5,0,878.6758,14.379904,20.7753,6,66.6667,true,9.78675778
97,LargeCaps5,0,878.6758,14.379904,20.7753,6,66.6667,true,9.78675778
98,LargeCaps5,0,878.6758,14.379904,20.7753,6,66.6667,true,9.78675778
99,LargeCaps5,0,878.6758,14.379904,20.7753,6,66.6667,true,9.78675778
100,LargeCaps5,0,878.6758,14.379904,20.7753,6,66.6667,true,9.78675778
1,LargeCaps5,1,50.7699,6.930121,7.3265,23,56.5217,true,1.50769856
2,LargeCaps5,1,37.0641,5.590495,13.2586,20,50.0000,true,1.37064115
3,LargeCaps5,1,72.5993,8.222606,13.8007,17,58.8235,true,1.72599347
4,LargeCaps5,1,82.9589,10.808646,9.3367,15,60.0000,true,1.82958945
5,LargeCaps5,1,6.2766,1.789516,25.1378,14,57.1429,true,1.06276646
6,LargeCaps5,1,30.0684,5.001021,13.1216,12,50.0000,true,1.30068399
7,LargeCaps5,1,29.2771,5.313265,13.8735,11,63.6364,true,1.29277143
8,LargeCaps5,1,-21.1756,-3.683436,25.1737,10,50.0000,false,0.78824432
9,LargeCaps5,1,-7.5041,-1.310629,18.2251,10,50.0000,false,0.92495881
10,LargeCaps5,1,-11.6051,-2.216551,17.5749,10,40.0000,false,0.88394854
11,LargeCaps5,1,-15.6607,-2.478529,20.0949,9,44.4444,false,0.84339292
12,LargeCaps5,1,-18.2889,-3.816044,26.6123,9,44.4444,false,0.81711093
13,LargeCaps5,1,-19.5691,-3.847095,26.6123,9,44.4444,false,0.80430881
14,LargeCaps5,1,-24.0263,-4.394351,26.6123,9,44.4444,false,0.75973735
15,LargeCaps5,1,-19.2849,-3.691696,26.6123,9,44.4444,false,0.80715096
16,LargeCaps5,1,-12.2686,-2.303477,26.6123,8,50.0000,false,0.87731429
17,LargeCaps5,1,-15.6526,-3.440402,26.6123,8,50.0000,false,0.84347429
18,LargeCaps5,1,-16.5306,-3.730849,26.6123,8,50.0000,false,0.83469354
19,LargeCaps5,1,-18.3088,-4.340731,26.6123,8,50.0000,false,0.81691186
20,LargeCaps5,1,-14.4481,-2.972908,26.6123,8,50.0000,false,0.85551949
21,LargeCaps5,1,-19.2532,-4.621926,26.6123,8,50.0000,false,0.80746763
22,LargeCaps5,1,-19.2311,-4.587414,26.6123,8,50.0000,false,0.80768898
23,LargeCaps5,1,-18.5525,-4.327106,26.6123,8,50.0000,false,0.81447526
24,LargeCaps5,1,-18.7729,-4.378341,26.6123,8,50.0000,false,0.81227096
25,LargeCaps5,1,-16.3696,-3.542683,26.6123,8,50.0000,false,0.83630362
26,LargeCaps5,1,-18.7285,-4.315080,26.6123,8,50.0000,false,0.81271452
27,LargeCaps5,1,-21.5926,-5.252626,26.6123,8,37.5000,false,0.78407378
28,LargeCaps5,1,-21.5926,-5.252626,26.6123,8,37.5000,false,0.78407378
29,LargeCaps5,1,-21.5926,-5.252626,26.6123,8,37.5000,false,0.78407378
30,LargeCaps5,1,-21.5926,-5.252626,26.6123,8,37.5000,false,0.78407378
31,LargeCaps5,1,-21.5926,-5.252626,26.6123,8,37.5000,false,0.78407378
32,LargeCaps5,1,-21.5926,-5.252626,26.6123,8,37.5000,false,0.78407378
33,LargeCaps5,1,-21.5926,-5.252626,26.6123,8,37.5000,false,0.78407378
34,LargeCaps5,1,-21.5926,-5.252626,26.6123,8,37.5000,false,0.78407378
35,LargeCaps5,1,-21.5926,-5.252626,26.6123,8,37.5000,false,0.78407378
36,LargeCaps5,1,-21.5926,-5.252626,26.6123,8,37.5000,false,0.78407378
37,LargeCaps5,1,-21.5926,-5.252626,26.6123,8,37.5000,false,0.78407378
38,LargeCaps5,1,-21.5926,-5.252626,26.6123,8,37.5000,false,0.78407378
39,LargeCaps5,1,-21.5926,-5.252626,26.6123,8,37.5000,false,0.78407378
40,LargeCaps5,1,-21.5926,-5.252626,26.6123,8,37.5000,false,0.78407378
41,LargeCaps5,1,-21.5926,-5.252626,26.6123,8,37.5000,false,0.78407378
42,LargeCaps5,1,-21.5926,-5.252626,26.6123,8,37.5000,false,0.78407378
43,LargeCaps5,1,-21.5926,-5.252626,26.6123,8,37.5000,false,0.78407378
44,LargeCaps5,1,-21.5926,-5.252626,26.6123,8,37.5000,false,0.78407378
45,LargeCaps5,1,-21.5926,-5.252626,26.6123,8,37.5000,false,0.78407378
46,LargeCaps5,1,-21.5926,-5.252626,26.6123,8,37.5000,false,0.78407378
47,LargeCaps5,1,-21.5926,-5.252626,26.6123,8,37.5000,false,0.78407378
48,LargeCaps5,1,-21.5926,-5.252626,26.6123,8,37.5000,false,0.78407378
49,LargeCaps5,1,-21.5926,-5.252626,26.6123,8,37.5000,false,0.78407378
50,LargeCaps5,1,-21.5926,-5.252626,26.6123,8,37.5000,false,0.78407378
51,LargeCaps5,1,-21.5926,-5.252626,26.6123,8,37.5000,false,0.78407378
52,LargeCaps5,1,-21.5926,-5.252626,26.6123,8,37.5000,false,0.78407378
53,LargeCaps5,1,-21.5926,-5.252626,26.6123,8,37.5000,false,0.78407378
54,LargeCaps5,1,-21.5926,-5.252626,26.6123,8,37.5000,false,0.78407378
55,LargeCaps5,1,-21.5926,-5.252626,26.6123,8,37.5000,false,0.78407378
56,LargeCaps5,1,-21.5926,-5.252626,26.6123,8,37.5000,false,0.78407378
57,LargeCaps5,1,-21.5926,-5.252626,26.6123,8,37.5000,false,0.78407378
58,LargeCaps5,1,-21.5926,-5.252626,26.6123,8,37.5000,false,0.78407378
59,LargeCaps5,1,-21.5926,-5.252626,26.6123,8,37.5000,false,0.78407378
60,LargeCaps5,1,-21.5926,-5.252626,26.6123,8,37.5000,false,0.78407378
61,LargeCaps5,1,-21.5926,-5.252626,26.6123,8,37.5000,false,0.78407378
62,LargeCaps5,1,-21.5926,-5.252626,26.6123,8,37.5000,false,0.78407378
63,LargeCaps5,1,-21.5926,-5.252626,26.6123,8,37.5000,false,0.78407378
64,LargeCaps5,1,-21.5926,-5.252626,26.6123,8,37.5000,false,0.78407378
65,LargeCaps5,1,-21.5926,-5.252626,26.6123,8,37.5000,false,0.78407378
66,LargeCaps5,1,-21.5926,-5.252626,26.6123,8,37.5000,false,0.78407378
67,LargeCaps5,1,-21.5926,-5.252626,26.6123,8,37.5000,false,0.78407378
68,LargeCaps5,1,-21.5926,-5.252626,26.6123,8,37.5000,false,0.78407378
69,LargeCaps5,1,-21.5926,-5.252626,26.6123,8,37.5000,false,0.78407378
70,LargeCaps5,1,-21.5926,-5.252626,26.6123,8,37.5000,false,0.78407378
71,LargeCaps5,1,-21.5926,-5.252626,26.6123,8,37.5000,false,0.78407378
72,LargeCaps5,1,-21.5926,-5.252626,26.6123,8,37.5000,false,0.78407378
73,LargeCaps5,1,-21.5926,-5.252626,26.6123,8,37.5000,false,0.78407378
74,LargeCaps5,1,-21.5926,-5.252626,26.6123,8,37.5000,false,0.78407378
75,LargeCaps5,1,-21.5926,-5.252626,26.6123,8,37.5000,false,0.78407378
76,LargeCaps5,1,-21.5926,-5.252626,26.6123,8,37.5000,false,0.78407378
77,LargeCaps5,1,-21.5926,-5.252626,26.6123,8,37.5000,false,0.78407378
78,LargeCaps5,1,-21.5926,-5.252626,26.6123,8,37.5000,false,0.78407378
79,LargeCaps5,1,-21.5926,-5.252626,26.6123,8,37.5000,false,0.78407378
80,LargeCaps5,1,-21.5926,-5.252626,26.6123,8,37.5000,false,0.78407378
81,LargeCaps5,1,-21.5926,-5.252626,26.6123,8,37.5000,false,0.78407378
82,LargeCaps5,1,-21.5926,-5.252626,26.6123,8,37.5000,false,0.78407378
83,LargeCaps5,1,-21.5926,-5.252626,26.6123,8,37.5000,false,0.78407378
84,LargeCaps5,1,-21.5926,-5.252626,26.6123,8,37.5000,false,0.78407378
85,LargeCaps5,1,-21.5926,-5.252626,26.6123,8,37.5000,false,0.78407378
86,LargeCaps5,1,-21.5926,-5.252626,26.6123,8,37.5000,false,0.78407378
87,LargeCaps5,1,-21.5926,-5.252626,26.6123,8,37.5000,false,0.78407378
88,LargeCaps5,1,-21.5926,-5.252626,26.6123,8,37.5000,false,0.78407378
89,LargeCaps5,1,-21.5926,-5.252626,26.6123,8,37.5000,false,0.78407378
90,LargeCaps5,1,-21.5926,-5.252626,26.6123,8,37.5000,false,0.78407378
91,LargeCaps5,1,-21.5926,-5.252626,26.6123,8,37.5000,false,0.78407378
92,LargeCaps5,1,-21.5926,-5.252626,26.6123,8,37.5000,false,0.78407378
93,LargeCaps5,1,-21.5926,-5.252626,26.6123,8,37.5000,false,0.78407378
94,LargeCaps5,1,-21.5926,-5.252626,26.6123,8,37.5000,false,0.78407378
95,LargeCaps5,1,-21.5926,-5.252626,26.6123,8,37.5000,false,0.78407378
96,LargeCaps5,1,-21.5926,-5.252626,26.6123,8,37.5000,false,0.78407378
97,LargeCaps5,1,-21.5926,-5.252626,26.6123,8,37.5000,false,0.78407378
98,LargeCaps5,1,-21.5926,-5.252626,26.6123,8,37.5000,false,0.78407378
99,LargeCaps5,1,-21.5926,-5.252626,26.6123,8,37.5000,false,0.78407378
100,LargeCaps5,1,-21.5926,-5.252626,26.6123,8,37.5000,false,0.78407378
1,LargeCaps5,2,54.7157,2.951753,29.5556,36,61.1111,true,1.54715736
2,LargeCaps5,2,137.9518,4.200967,25.0490,30,50.0000,true,2.37951833
3,LargeCaps5,2,159.0097,4.596364,44.8830,25,52.0000,true,2.59009657
4,LargeCaps5,2,260.3309,7.015106,20.1638,21,57.1429,true,3.60330915
5,LargeCaps5,2,220.2670,8.663352,13.8622,19,63.1579,true,3.20266987
6,LargeCaps5,2,216.1108,7.772178,14.3628,19,63.1579,true,3.16110814
7,LargeCaps5,2,121.1494,4.977958,29.0641,16,62.5000,true,2.21149419
8,LargeCaps5,2,136.3899,6.329678,32.4137,14,57.1429,true,2.36389874
9,LargeCaps5,2,343.0997,9.514478,13.8622,13,69.2308,true,4.43099662
10,LargeCaps5,2,218.6996,8.424513,13.8820,13,61.5385,true,3.18699623
11,LargeCaps5,2,157.2165,6.857749,16.3752,13,53.8462,true,2.57216492
12,LargeCaps5,2,142.8462,5.830218,25.0490,13,53.8462,true,2.42846241
13,LargeCaps5,2,236.8565,9.185032,33.0931,12,50.0000,true,3.36856473
14,LargeCaps5,2,159.3294,6.880554,45.5969,11,54.5455,true,2.59329407
15,LargeCaps5,2,292.3370,11.043708,18.5647,11,63.6364,true,3.92337030
16,LargeCaps5,2,360.7462,12.067901,19.1329,11,63.6364,true,4.60746213
17,LargeCaps5,2,350.1568,12.133767,22.1705,11,63.6364,true,4.50156772
18,LargeCaps5,2,234.6238,10.632874,16.8193,10,60.0000,true,3.34623787
19,LargeCaps5,2,361.9108,13.365163,17.0900,10,60.0000,true,4.61910759
20,LargeCaps5,2,301.6290,11.875323,17.5766,10,60.0000,true,4.01628954
21,LargeCaps5,2,195.3967,9.691908,26.4165,10,50.0000,true,2.95396679
22,LargeCaps5,2,263.4746,11.093821,26.4165,9,66.6667,true,3.63474638
23,LargeCaps5,2,295.0373,12.374531,26.4165,9,66.6667,true,3.95037307
24,LargeCaps5,2,245.6953,10.990020,26.4165,9,55.5556,true,3.45695276
25,LargeCaps5,2,153.2020,7.910949,26.4165,9,44.4444,true,2.53201992
26,LargeCaps5,2,129.0651,6.413665,26.4165,9,44.4444,true,2.29065105
27,LargeCaps5,2,195.1020,11.129305,26.4165,8,50.0000,true,2.95101953
28,LargeCaps5,2,203.8132,11.446065,26.4165,8,50.0000,true,3.03813207
29,LargeCaps5,2,182.1317,10.845359,26.4165,8,50.0000,true,2.82131700
30,LargeCaps5,2,167.2108,10.392344,26.4165,8,50.0000,true,2.67210798
31,LargeCaps5,2,173.9714,10.603086,26.4165,8,50.0000,true,2.73971416
32,LargeCaps5,2,184.5853,10.944948,26.4165,8,50.0000,true,2.84585288
33,LargeCaps5,2,185.0891,10.928391,26.4165,8,50.0000,true,2.85089063
34,LargeCaps5,2,180.7177,10.738281,26.4165,8,50.0000,true,2.80717710
35,LargeCaps5,2,178.7360,10.630582,26.4165,8,50.0000,true,2.78735972
36,LargeCaps5,2,191.9517,11.064599,26.4165,8,50.0000,true,2.91951694
37,LargeCaps5,2,208.4730,11.589608,26.4165,8,50.0000,true,3.08473050
38,LargeCaps5,2,210.5123,11.625415,26.4165,8,50.0000,true,3.10512257
39,LargeCaps5,2,210.9787,11.609352,26.4165,8,50.0000,true,3.10978651
40,LargeCaps5,2,225.8762,12.057446,26.4165,8,50.0000,true,3.25876187
41,LargeCaps5,2,226.7169,12.055150,26.4165,8,50.0000,true,3.26716919
42,LargeCaps5,2,221.6622,11.863954,26.4165,8,50.0000,true,3.21662220
43,LargeCaps5,2,220.8512,11.806150,26.4165,8,50.0000,true,3.20851184
44,LargeCaps5,2,234.6860,12.217541,26.4165,8,50.0000,true,3.34685969
45,LargeCaps5,2,226.9844,11.942082,26.4165,8,50.0000,true,3.26984353
46,LargeCaps5,2,199.5660,10.978309,26.4165,8,50.0000,true,2.99565971
47,LargeCaps5,2,199.3922,10.936301,26.4165,8,50.0000,true,2.99392165
48,LargeCaps5,2,209.5293,11.255605,26.4165,8,50.0000,true,3.09529336
49,LargeCaps5,2,217.6544,11.499254,26.4165,8,50.0000,true,3.17654375
50,LargeCaps5,2,244.0463,12.330762,26.4165,8,50.0000,true,3.44046342
51,LargeCaps5,2,227.7853,11.771456,26.4165,8,50.0000,true,3.27785258
52,LargeCaps5,2,235.4560,11.990939,26.4165,8,50.0000,true,3.35455956
53,LargeCaps5,2,239.2606,12.081953,26.4165,8,50.0000,true,3.39260649
54,LargeCaps5,2,225.7862,11.602162,26.4165,8,50.0000,true,3.25786227
55,LargeCaps5,2,234.4702,11.858247,26.4165,8,50.0000,true,3.34470240
56,LargeCaps5,2,238.1689,11.946632,26.4165,8,50.0000,true,3.38168903
57,LargeCaps5,2,234.8063,11.801595,26.4165,8,50.0000,true,3.34806324
58,LargeCaps5,2,220.0845,11.269057,26.4165,8,50.0000,true,3.20084516
59,LargeCaps5,2,223.8780,11.364247,26.4165,8,50.0000,true,3.23878029
60,LargeCaps5,2,218.8708,11.157612,26.4165,8,50.0000,true,3.18870843
61,LargeCaps5,2,215.0611,10.990985,26.4165,8,50.0000,true,3.15061084
62,LargeCaps5,2,215.0611,10.990985,26.4165,8,50.0000,true,3.15061084
63,LargeCaps5,2,215.0611,10.990985,26.4165,8,50.0000,true,3.15061084
64,LargeCaps5,2,215.0611,10.990985,26.4165,8,50.0000,true,3.15061084
65,LargeCaps5,2,215.0611,10.990985,26.4165,8,50.0000,true,3.15061084
66,LargeCaps5,2,215.0611,10.990985,26.4165,8,50.0000,true,3.15061084
67,LargeCaps5,2,215.0611,10.990985,26.4165,8,50.0000,true,3.15061084
68,LargeCaps5,2,215.0611,10.990985,26.4165,8,50.0000,true,3.15061084
69,LargeCaps5,2,215.0611,10.990985,26.4165,8,50.0000,true,3.15061084
70,LargeCaps5,2,215.0611,10.990985,26.4165,8,50.0000,true,3.15061084
71,LargeCaps5,2,215.0611,10.990985,26.4165,8,50.0000,true,3.15061084
72,LargeCaps5,2,215.0611,10.990985,26.4165,8,50.0000,true,3.15061084
73,LargeCaps5,2,215.0611,10.990985,26.4165,8,50.0000,true,3.15061084
74,LargeCaps5,2,215.0611,10.990985,26.4165,8,50.0000,true,3.15061084
75,LargeCaps5,2,215.0611,10.990985,26.4165,8,50.0000,true,3.15061084
76,LargeCaps5,2,215.0611,10.990985,26.4165,8,50.0000,true,3.15061084
77,LargeCaps5,2,215.0611,10.990985,26.4165,8,50.0000,true,3.15061084
78,LargeCaps5,2,215.0611,10.990985,26.4165,8,50.0000,true,3.15061084
79,LargeCaps5,2,215.0611,10.990985,26.4165,8,50.0000,true,3.15061084
80,LargeCaps5,2,215.0611,10.990985,26.4165,8,50.0000,true,3.15061084
81,LargeCaps5,2,215.0611,10.990985,26.4165,8,50.0000,true,3.15061084
82,LargeCaps5,2,215.0611,10.990985,26.4165,8,50.0000,true,3.15061084
83,LargeCaps5,2,215.0611,10.990985,26.4165,8,50.0000,true,3.15061084
84,LargeCaps5,2,215.0611,10.990985,26.4165,8,50.0000,true,3.15061084
85,LargeCaps5,2,215.0611,10.990985,26.4165,8,50.0000,true,3.15061084
86,LargeCaps5,2,215.0611,10.990985,26.4165,8,50.0000,true,3.15061084
87,LargeCaps5,2,215.0611,10.990985,26.4165,8,50.0000,true,3.15061084
88,LargeCaps5,2,215.0611,10.990985,26.4165,8,50.0000,true,3.15061084
89,LargeCaps5,2,215.0611,10.990985,26.4165,8,50.0000,true,3.15061084
90,LargeCaps5,2,215.0611,10.990985,26.4165,8,50.0000,true,3.15061084
91,LargeCaps5,2,215.0611,10.990985,26.4165,8,50.0000,true,3.15061084
92,LargeCaps5,2,215.0611,10.990985,26.4165,8,50.0000,true,3.15061084
93,LargeCaps5,2,215.0611,10.990985,26.4165,8,50.0000,true,3.15061084
94,LargeCaps5,2,215.0611,10.990985,26.4165,8,50.0000,true,3.15061084
95,LargeCaps5,2,215.0611,10.990985,26.4165,8,50.0000,true,3.15061084
96,LargeCaps5,2,215.0611,10.990985,26.4165,8,50.0000,true,3.15061084
97,LargeCaps5,2,215.0611,10.990985,26.4165,8,50.0000,true,3.15061084
98,LargeCaps5,2,215.0611,10.990985,26.4165,8,50.0000,true,3.15061084
99,LargeCaps5,2,215.0611,10.990985,26.4165,8,50.0000,true,3.15061084
100,LargeCaps5,2,215.0611,10.990985,26.4165,8,50.0000,true,3.15061084
1,LargeCaps5,3,84.5130,4.147271,32.0447,43,60.4651,true,1.84513041
2,LargeCaps5,3,33.4940,2.496496,28.4615,34,47.0588,true,1.33493958
3,LargeCaps5,3,-0.3443,1.355385,60.5630,28,57.1429,false,0.99655694
4,LargeCaps5,3,42.2421,3.422395,33.2479,24,50.0000,true,1.42242079
5,LargeCaps5,3,23.7179,2.793776,51.9304,22,54.5455,true,1.23717887
6,LargeCaps5,3,111.4728,5.275964,50.7204,19,57.8947,true,2.11472773
7,LargeCaps5,3,24.5387,3.122222,48.5051,18,55.5556,true,1.24538690
8,LargeCaps5,3,2.5007,2.355223,67.4884,17,58.8235,true,1.02500719
9,LargeCaps5,3,22.5230,3.231634,58.8081,16,56.2500,true,1.22522971
10,LargeCaps5,3,-60.0270,-2.221412,76.4903,15,40.0000,false,0.39973016
11,LargeCaps5,3,22.4607,3.547540,57.8810,15,46.6667,true,1.22460722
12,LargeCaps5,3,72.2119,5.628118,39.5741,13,69.2308,true,1.72211852
13,LargeCaps5,3,-21.8490,0.047685,43.8395,13,46.1538,false,0.78151024
14,LargeCaps5,3,-44.4188,-1.997837,63.6919,13,38.4615,false,0.55581171
15,LargeCaps5,3,10.2429,2.948147,47.6430,12,50.0000,true,1.10242900
16,LargeCaps5,3,-7.7553,1.723823,48.5486,12,50.0000,false,0.92244663
17,LargeCaps5,3,18.1755,3.861894,59.0195,12,50.0000,true,1.18175456
18,LargeCaps5,3,80.2736,6.118047,61.8675,11,54.5455,true,1.80273566
19,LargeCaps5,3,66.9362,5.713540,61.8675,11,54.5455,true,1.66936207
20,LargeCaps5,3,-21.2699,0.980346,65.0119,11,54.5455,false,0.78730100
21,LargeCaps5,3,24.7583,3.727458,40.4262,10,60.0000,true,1.24758287
22,LargeCaps5,3,-28.9359,-1.040010,58.5524,10,50.0000,false,0.71064100
23,LargeCaps5,3,-35.7243,-1.270796,64.2824,10,50.0000,false,0.64275713
24,LargeCaps5,3,-21.5413,0.247097,58.0004,10,50.0000,false,0.78458670
25,LargeCaps5,3,-24.1233,0.134491,57.8489,10,50.0000,false,0.75876652
26,LargeCaps5,3,-22.8070,0.286826,56.6894,10,50.0000,false,0.77193035
27,LargeCaps5,3,-43.2040,-1.104475,67.9768,10,50.0000,false,0.56796042
28,LargeCaps5,3,-51.1573,-2.162060,69.6829,10,50.0000,false,0.48842723
29,LargeCaps5,3,-54.0237,-2.500006,67.8505,10,50.0000,false,0.45976291
30,LargeCaps5,3,-35.4576,-0.849204,56.1328,9,55.5556,false,0.64542404
31,LargeCaps5,3,-17.6831,1.098792,41.8139,9,55.5556,false,0.82316949
32,LargeCaps5,3,-37.0189,-0.622443,53.1022,9,55.5556,false,0.62981080
33,LargeCaps5,3,-38.2370,-0.103868,57.4974,9,55.5556,false,0.61762954
34,LargeCaps5,3,-38.8422,-0.209989,57.4974,9,55.5556,false,0.61157813
35,LargeCaps5,3,-39.0209,-0.241769,57.4974,9,55.5556,false,0.60979057
36,LargeCaps5,3,-31.7114,0.974331,57.6456,9,55.5556,false,0.68288555
37,LargeCaps5,3,-31.8532,0.980806,57.8810,9,55.5556,false,0.68146781
38,LargeCaps5,3,-35.2090,0.823987,60.1777,9,55.5556,false,0.64790960
39,LargeCaps5,3,17.2637,4.288705,39.5741,8,62.5000,true,1.17263651
40,LargeCaps5,3,7.4228,3.423904,39.5741,8,62.5000,true,1.07422771
41,LargeCaps5,3,4.4641,3.135117,39.5741,8,62.5000,true,1.04464101
42,LargeCaps5,3,14.4977,4.092798,39.5741,8,62.5000,true,1.14497730
43,LargeCaps5,3,2.4627,2.933689,39.5741,8,62.5000,true,1.02462714
44,LargeCaps5,3,0.6482,2.739546,39.5741,8,62.5000,true,1.00648175
45,LargeCaps5,3,-7.7696,1.754908,39.5741,8,62.5000,false,0.92230435
46,LargeCaps5,3,-5.1689,2.071626,39.5741,8,62.5000,false,0.94831143
47,LargeCaps5,3,-31.4724,-1.602286,48.9720,8,62.5000,false,0.68527637
48,LargeCaps5,3,-31.4724,-1.602286,48.9720,8,62.5000,false,0.68527637
49,LargeCaps5,3,-31.4724,-1.602286,48.9720,8,62.5000,false,0.68527637
50,LargeCaps5,3,-31.4724,-1.602286,48.9720,8,62.5000,false,0.68527637
51,LargeCaps5,3,-31.4724,-1.602286,48.9720,8,62.5000,false,0.68527637
52,LargeCaps5,3,-31.4724,-1.602286,48.9720,8,62.5000,false,0.68527637
53,LargeCaps5,3,-31.4724,-1.602286,48.9720,8,62.5000,false,0.68527637
54,LargeCaps5,3,-31.4724,-1.602286,48.9720,8,62.5000,false,0.68527637
55,LargeCaps5,3,-31.4724,-1.602286,48.9720,8,62.5000,false,0.68527637
56,LargeCaps5,3,-31.4724,-1.602286,48.9720,8,62.5000,false,0.68527637
57,LargeCaps5,3,-31.4724,-1.602286,48.9720,8,62.5000,false,0.68527637
58,LargeCaps5,3,-31.4724,-1.602286,48.9720,8,62.5000,false,0.68527637
59,LargeCaps5,3,-31.4724,-1.602286,48.9720,8,62.5000,false,0.68527637
60,LargeCaps5,3,-31.4724,-1.602286,48.9720,8,62.5000,false,0.68527637
61,LargeCaps5,3,-31.4724,-1.602286,48.9720,8,62.5000,false,0.68527637
62,LargeCaps5,3,-31.4724,-1.602286,48.9720,8,62.5000,false,0.68527637
63,LargeCaps5,3,-31.4724,-1.602286,48.9720,8,62.5000,false,0.68527637
64,LargeCaps5,3,-31.4724,-1.602286,48.9720,8,62.5000,false,0.68527637
65,LargeCaps5,3,-31.4724,-1.602286,48.9720,8,62.5000,false,0.68527637
66,LargeCaps5,3,-31.4724,-1.602286,48.9720,8,62.5000,false,0.68527637
67,LargeCaps5,3,-31.4724,-1.602286,48.9720,8,62.5000,false,0.68527637
68,LargeCaps5,3,-31.4724,-1.602286,48.9720,8,62.5000,false,0.68527637
69,LargeCaps5,3,-31.4724,-1.602286,48.9720,8,62.5000,false,0.68527637
70,LargeCaps5,3,-31.4724,-1.602286,48.9720,8,62.5000,false,0.68527637
71,LargeCaps5,3,-31.4724,-1.602286,48.9720,8,62.5000,false,0.68527637
72,LargeCaps5,3,-31.4724,-1.602286,48.9720,8,62.5000,false,0.68527637
73,LargeCaps5,3,-31.4724,-1.602286,48.9720,8,62.5000,false,0.68527637
74,LargeCaps5,3,-31.4724,-1.602286,48.9720,8,62.5000,false,0.68527637
75,LargeCaps5,3,-31.4724,-1.602286,48.9720,8,62.5000,false,0.68527637
76,LargeCaps5,3,-31.4724,-1.602286,48.9720,8,62.5000,false,0.68527637
77,LargeCaps5,3,-31.4724,-1.602286,48.9720,8,62.5000,false,0.68527637
78,LargeCaps5,3,-31.4724,-1.602286,48.9720,8,62.5000,false,0.68527637
79,LargeCaps5,3,-31.4724,-1.602286,48.9720,8,62.5000,false,0.68527637
80,LargeCaps5,3,-31.4724,-1.602286,48.9720,8,62.5000,false,0.68527637
81,LargeCaps5,3,-31.4724,-1.602286,48.9720,8,62.5000,false,0.68527637
82,LargeCaps5,3,-31.4724,-1.602286,48.9720,8,62.5000,false,0.68527637
83,LargeCaps5,3,-31.4724,-1.602286,48.9720,8,62.5000,false,0.68527637
84,LargeCaps5,3,-31.4724,-1.602286,48.9720,8,62.5000,false,0.68527637
85,LargeCaps5,3,-31.4724,-1.602286,48.9720,8,62.5000,false,0.68527637
86,LargeCaps5,3,-31.4724,-1.602286,48.9720,8,62.5000,false,0.68527637
87,LargeCaps5,3,-31.4724,-1.602286,48.9720,8,62.5000,false,0.68527637
88,LargeCaps5,3,-31.4724,-1.602286,48.9720,8,62.5000,false,0.68527637
89,LargeCaps5,3,-31.4724,-1.602286,48.9720,8,62.5000,false,0.68527637
90,LargeCaps5,3,-31.4724,-1.602286,48.9720,8,62.5000,false,0.68527637
91,LargeCaps5,3,-31.4724,-1.602286,48.9720,8,62.5000,false,0.68527637
92,LargeCaps5,3,-31.4724,-1.602286,48.9720,8,62.5000,false,0.68527637
93,LargeCaps5,3,-31.4724,-1.602286,48.9720,8,62.5000,false,0.68527637
94,LargeCaps5,3,-31.4724,-1.602286,48.9720,8,62.5000,false,0.68527637
95,LargeCaps5,3,-31.4724,-1.602286,48.9720,8,62.5000,false,0.68527637
96,LargeCaps5,3,-31.4724,-1.602286,48.9720,8,62.5000,false,0.68527637
97,LargeCaps5,3,-31.4724,-1.602286,48.9720,8,62.5000,false,0.68527637
98,LargeCaps5,3,-31.4724,-1.602286,48.9720,8,62.5000,false,0.68527637
99,LargeCaps5,3,-31.4724,-1.602286,48.9720,8,62.5000,false,0.68527637
100,LargeCaps5,3,-31.4724,-1.602286,48.9720,8,62.5000,false,0.68527637
1,LargeCaps5,4,82.6744,5.472649,13.1427,38,63.1579,true,1.82674419
2,LargeCaps5,4,12.5140,1.690578,24.9900,31,51.6129,true,1.12513985
3,LargeCaps5,4,19.4214,2.342895,22.0162,27,55.5556,true,1.19421440
4,LargeCaps5,4,49.6876,4.234189,19.6170,22,50.0000,true,1.49687591
5,LargeCaps5,4,115.0655,7.493845,19.0807,19,68.4211,true,2.15065474
6,LargeCaps5,4,27.9579,3.363744,27.9987,19,57.8947,true,1.27957853
7,LargeCaps5,4,7.4429,1.586786,20.1575,17,52.9412,true,1.07442853
8,LargeCaps5,4,16.1047,2.676790,32.1756,15,60.0000,true,1.16104692
9,LargeCaps5,4,144.2489,14.137598,14.8333,13,84.6154,true,2.44248910
10,LargeCaps5,4,42.8196,6.079616,14.8333,13,69.2308,true,1.42819622
11,LargeCaps5,4,-4.5520,0.399104,25.9557,13,53.8462,false,0.95447975
12,LargeCaps5,4,15.6487,2.689620,23.4937,12,58.3333,true,1.15648678
13,LargeCaps5,4,82.2564,9.626208,14.8333,11,63.6364,true,1.82256366
14,LargeCaps5,4,48.9873,6.372363,14.8333,11,54.5455,true,1.48987292
15,LargeCaps5,4,46.3339,6.334883,25.1711,10,50.0000,true,1.46333861
16,LargeCaps5,4,82.3571,11.452426,8.0250,10,50.0000,true,1.82357051
17,LargeCaps5,4,37.9398,6.048488,17.3745,10,50.0000,true,1.37939789
18,LargeCaps5,4,41.9256,6.788362,22.1475,9,44.4444,true,1.41925572
19,LargeCaps5,4,31.5762,5.417868,25.8959,9,44.4444,true,1.31576168
20,LargeCaps5,4,135.2190,19.488212,6.2141,8,62.5000,true,2.35218977
21,LargeCaps5,4,106.4086,18.661123,6.2141,8,62.5000,true,2.06408554
22,LargeCaps5,4,83.1370,16.652378,6.2141,8,62.5000,true,1.83136965
23,LargeCaps5,4,35.5383,8.573889,9.0660,8,50.0000,true,1.35538289
24,LargeCaps5,4,41.7697,9.012680,9.0660,8,50.0000,true,1.41769675
25,LargeCaps5,4,44.9395,8.615982,10.0713,8,50.0000,true,1.44939538
26,LargeCaps5,4,47.5214,9.440472,9.3717,8,50.0000,true,1.47521374
27,LargeCaps5,4,48.7824,9.596729,9.3717,8,50.0000,true,1.48782449
28,LargeCaps5,4,40.1849,8.180211,12.6924,8,37.5000,true,1.40184852
29,LargeCaps5,4,28.0207,6.523205,17.2331,8,37.5000,true,1.28020665
30,LargeCaps5,4,19.8808,4.827667,24.5519,8,37.5000,true,1.19880835
31,LargeCaps5,4,14.6682,4.085122,24.5519,8,37.5000,true,1.14668196
32,LargeCaps5,4,20.1173,4.907969,24.5519,8,37.5000,true,1.20117251
33,LargeCaps5,4,122.4963,20.518765,6.2141,7,57.1429,true,2.22496350
34,LargeCaps5,4,18.3980,4.614523,25.1711,8,37.5000,true,1.18398010
35,LargeCaps5,4,46.5799,11.243853,6.4254,8,50.0000,true,1.46579929
36,LargeCaps5,4,31.6796,6.615946,16.1481,8,50.0000,true,1.31679597
37,LargeCaps5,4,32.6029,5.948652,18.5178,8,50.0000,true,1.32602894
38,LargeCaps5,4,33.7877,6.095551,18.5178,8,50.0000,true,1.33787695
39,LargeCaps5,4,104.7545,20.466917,6.2141,7,57.1429,true,2.04754536
40,LargeCaps5,4,44.2170,7.770933,13.3431,8,50.0000,true,1.44216999
41,LargeCaps5,4,46.9613,7.105586,14.8356,8,50.0000,true,1.46961295
42,LargeCaps5,4,108.4072,20.357763,6.2141,7,57.1429,true,2.08407247
43,LargeCaps5,4,85.4542,19.613162,6.2141,7,57.1429,true,1.85454191
44,LargeCaps5,4,79.5491,19.226217,6.2141,7,57.1429,true,1.79549107
45,LargeCaps5,4,66.7185,18.747432,6.2141,7,57.1429,true,1.66718509
46,LargeCaps5,4,49.5367,15.613690,6.2141,7,57.1429,true,1.49536737
47,LargeCaps5,4,49.5367,15.613690,6.2141,7,57.1429,true,1.49536737
48,LargeCaps5,4,49.5367,15.613690,6.2141,7,57.1429,true,1.49536737
49,LargeCaps5,4,49.5367,15.613690,6.2141,7,57.1429,true,1.49536737
50,LargeCaps5,4,49.5367,15.613690,6.2141,7,57.1429,true,1.49536737
51,LargeCaps5,4,49.5367,15.613690,6.2141,7,57.1429,true,1.49536737
52,LargeCaps5,4,49.5367,15.613690,6.2141,7,57.1429,true,1.49536737
53,LargeCaps5,4,49.5367,15.613690,6.2141,7,57.1429,true,1.49536737
54,LargeCaps5,4,49.5367,15.613690,6.2141,7,57.1429,true,1.49536737
55,LargeCaps5,4,49.5367,15.613690,6.2141,7,57.1429,true,1.49536737
56,LargeCaps5,4,49.5367,15.613690,6.2141,7,57.1429,true,1.49536737
57,LargeCaps5,4,49.5367,15.613690,6.2141,7,57.1429,true,1.49536737
58,LargeCaps5,4,49.5367,15.613690,6.2141,7,57.1429,true,1.49536737
59,LargeCaps5,4,49.5367,15.613690,6.2141,7,57.1429,true,1.49536737
60,LargeCaps5,4,49.5367,15.613690,6.2141,7,57.1429,true,1.49536737
61,LargeCaps5,4,49.5367,15.613690,6.2141,7,57.1429,true,1.49536737
62,LargeCaps5,4,49.5367,15.613690,6.2141,7,57.1429,true,1.49536737
63,LargeCaps5,4,49.5367,15.613690,6.2141,7,57.1429,true,1.49536737
64,LargeCaps5,4,49.5367,15.613690,6.2141,7,57.1429,true,1.49536737
65,LargeCaps5,4,49.5367,15.613690,6.2141,7,57.1429,true,1.49536737
66,LargeCaps5,4,49.5367,15.613690,6.2141,7,57.1429,true,1.49536737
67,LargeCaps5,4,49.5367,15.613690,6.2141,7,57.1429,true,1.49536737
68,LargeCaps5,4,49.5367,15.613690,6.2141,7,57.1429,true,1.49536737
69,LargeCaps5,4,49.5367,15.613690,6.2141,7,57.1429,true,1.49536737
70,LargeCaps5,4,49.5367,15.613690,6.2141,7,57.1429,true,1.49536737
71,LargeCaps5,4,49.5367,15.613690,6.2141,7,57.1429,true,1.49536737
72,LargeCaps5,4,49.5367,15.613690,6.2141,7,57.1429,true,1.49536737
73,LargeCaps5,4,49.5367,15.613690,6.2141,7,57.1429,true,1.49536737
74,LargeCaps5,4,49.5367,15.613690,6.2141,7,57.1429,true,1.49536737
75,LargeCaps5,4,49.5367,15.613690,6.2141,7,57.1429,true,1.49536737
76,LargeCaps5,4,49.5367,15.613690,6.2141,7,57.1429,true,1.49536737
77,LargeCaps5,4,49.5367,15.613690,6.2141,7,57.1429,true,1.49536737
78,LargeCaps5,4,49.5367,15.613690,6.2141,7,57.1429,true,1.49536737
79,LargeCaps5,4,49.5367,15.613690,6.2141,7,57.1429,true,1.49536737
80,LargeCaps5,4,49.5367,15.613690,6.2141,7,57.1429,true,1.49536737
81,LargeCaps5,4,49.5367,15.613690,6.2141,7,57.1429,true,1.49536737
82,LargeCaps5,4,49.5367,15.613690,6.2141,7,57.1429,true,1.49536737
83,LargeCaps5,4,49.5367,15.613690,6.2141,7,57.1429,true,1.49536737
84,LargeCaps5,4,49.5367,15.613690,6.2141,7,57.1429,true,1.49536737
85,LargeCaps5,4,49.5367,15.613690,6.2141,7,57.1429,true,1.49536737
86,LargeCaps5,4,49.5367,15.613690,6.2141,7,57.1429,true,1.49536737
87,LargeCaps5,4,49.5367,15.613690,6.2141,7,57.1429,true,1.49536737
88,LargeCaps5,4,49.5367,15.613690,6.2141,7,57.1429,true,1.49536737
89,LargeCaps5,4,49.5367,15.613690,6.2141,7,57.1429,true,1.49536737
90,LargeCaps5,4,49.5367,15.613690,6.2141,7,57.1429,true,1.49536737
91,LargeCaps5,4,49.5367,15.613690,6.2141,7,57.1429,true,1.49536737
92,LargeCaps5,4,49.5367,15.613690,6.2141,7,57.1429,true,1.49536737
93,LargeCaps5,4,49.5367,15.613690,6.2141,7,57.1429,true,1.49536737
94,LargeCaps5,4,49.5367,15.613690,6.2141,7,57.1429,true,1.49536737
95,LargeCaps5,4,49.5367,15.613690,6.2141,7,57.1429,true,1.49536737
96,LargeCaps5,4,49.5367,15.613690,6.2141,7,57.1429,true,1.49536737
97,LargeCaps5,4,49.5367,15.613690,6.2141,7,57.1429,true,1.49536737
98,LargeCaps5,4,49.5367,15.613690,6.2141,7,57.1429,true,1.49536737
99,LargeCaps5,4,49.5367,15.613690,6.2141,7,57.1429,true,1.49536737
100,LargeCaps5,4,49.5367,15.613690,6.2141,7,57.1429,true,1.49536737
1,LargeCaps5,5,25.1684,3.082973,14.0870,30,46.6667,true,1.25168409
2,LargeCaps5,5,-1.0307,0.283952,16.3928,25,48.0000,false,0.98969291
3,LargeCaps5,5,-26.0375,-2.540519,37.0202,23,43.4783,false,0.73962520
4,LargeCaps5,5,-8.9126,-0.119859,25.5103,20,35.0000,false,0.91087420
5,LargeCaps5,5,-25.5284,-2.299253,34.0523,20,40.0000,false,0.74471599
6,LargeCaps5,5,10.3591,1.940592,23.7809,18,44.4444,true,1.10359123
7,LargeCaps5,5,-5.0559,0.270049,24.3403,17,35.2941,false,0.94944051
8,LargeCaps5,5,-21.0929,-1.861518,25.7349,17,41.1765,false,0.78907084
9,LargeCaps5,5,4.2643,1.346069,20.2547,15,53.3333,true,1.04264268
10,LargeCaps5,5,1.1655,1.123380,27.3570,15,40.0000,true,1.01165484
11,LargeCaps5,5,7.1704,1.928826,25.6962,13,46.1538,true,1.07170352
12,LargeCaps5,5,3.1592,1.487378,27.0976,13,38.4615,true,1.03159208
13,LargeCaps5,5,-13.6935,-0.438860,36.7582,13,38.4615,false,0.86306477
14,LargeCaps5,5,-13.3728,-0.144850,39.5126,13,38.4615,false,0.86627237
15,LargeCaps5,5,-14.3886,-0.549817,37.3656,13,46.1538,false,0.85611393
16,LargeCaps5,5,-19.0309,-0.964999,38.5439,13,30.7692,false,0.80969102
17,LargeCaps5,5,-24.6608,-1.735990,40.8129,13,30.7692,false,0.75339210
18,LargeCaps5,5,-24.0706,-2.001789,40.5005,13,30.7692,false,0.75929430
19,LargeCaps5,5,-21.9470,-1.611118,37.5506,12,33.3333,false,0.78053000
20,LargeCaps5,5,10.9922,2.542649,19.6721,11,36.3636,true,1.10992212
21,LargeCaps5,5,7.6764,2.200409,19.6721,11,36.3636,true,1.07676374
22,LargeCaps5,5,7.4501,2.260488,19.6721,11,36.3636,true,1.07450055
23,LargeCaps5,5,-2.6558,0.993398,22.4975,11,36.3636,false,0.97344164
24,LargeCaps5,5,9.9084,2.566630,19.6721,10,40.0000,true,1.09908359
25,LargeCaps5,5,6.1327,2.157856,23.9391,9,44.4444,true,1.06132748
26,LargeCaps5,5,2.0261,1.507062,23.9391,9,44.4444,true,1.02026060
27,LargeCaps5,5,-2.2943,0.732485,23.9391,9,44.4444,false,0.97705663
28,LargeCaps5,5,-3.3109,0.537670,23.9391,9,44.4444,false,0.96689099
29,LargeCaps5,5,-4.1542,0.372383,23.9391,9,44.4444,false,0.95845813
30,LargeCaps5,5,0.0969,1.176709,23.9391,9,44.4444,true,1.00096899
31,LargeCaps5,5,-3.6228,0.476505,23.9391,9,44.4444,false,0.96377199
32,LargeCaps5,5,-2.6236,0.669860,23.9391,9,44.4444,false,0.97376435
33,LargeCaps5,5,0.2297,1.202055,23.9391,9,44.4444,true,1.00229745
34,LargeCaps5,5,3.7819,1.823262,23.9391,9,44.4444,true,1.03781943
35,LargeCaps5,5,0.5070,1.252210,23.9391,9,44.4444,true,1.00506990
36,LargeCaps5,5,1.5813,1.444348,23.9391,9,44.4444,true,1.01581313
37,LargeCaps5,5,1.5062,1.430868,23.9391,9,44.4444,true,1.01506226
38,LargeCaps5,5,1.0268,1.344821,23.9391,9,44.4444,true,1.01026824
39,LargeCaps5,5,2.0665,1.529272,23.9391,9,44.4444,true,1.02066492
40,LargeCaps5,5,-0.5327,1.058931,23.9391,9,44.4444,false,0.99467322
41,LargeCaps5,5,-3.7094,0.454557,23.9391,9,44.4444,false,0.96290560
42,LargeCaps5,5,-3.7094,0.454557,23.9391,9,44.4444,false,0.96290560
43,LargeCaps5,5,-3.7094,0.454557,23.9391,9,44.4444,false,0.96290560
44,LargeCaps5,5,-3.7094,0.454557,23.9391,9,44.4444,false,0.96290560
45,LargeCaps5,5,-3.7094,0.454557,23.9391,9,44.4444,false,0.96290560
46,LargeCaps5,5,-3.7094,0.454557,23.9391,9,44.4444,false,0.96290560
47,LargeCaps5,5,-3.7094,0.454557,23.9391,9,44.4444,false,0.96290560
48,LargeCaps5,5,-3.7094,0.454557,23.9391,9,44.4444,false,0.96290560
49,LargeCaps5,5,-3.7094,0.454557,23.9391,9,44.4444,false,0.96290560
50,LargeCaps5,5,-3.7094,0.454557,23.9391,9,44.4444,false,0.96290560
51,LargeCaps5,5,-3.7094,0.454557,23.9391,9,44.4444,false,0.96290560
52,LargeCaps5,5,-3.7094,0.454557,23.9391,9,44.4444,false,0.96290560
53,LargeCaps5,5,-3.7094,0.454557,23.9391,9,44.4444,false,0.96290560
54,LargeCaps5,5,-3.7094,0.454557,23.9391,9,44.4444,false,0.96290560
55,LargeCaps5,5,-3.7094,0.454557,23.9391,9,44.4444,false,0.96290560
56,LargeCaps5,5,-3.7094,0.454557,23.9391,9,44.4444,false,0.96290560
57,LargeCaps5,5,-3.7094,0.454557,23.9391,9,44.4444,false,0.96290560
58,LargeCaps5,5,-3.7094,0.454557,23.9391,9,44.4444,false,0.96290560
59,LargeCaps5,5,-3.7094,0.454557,23.9391,9,44.4444,false,0.96290560
60,LargeCaps5,5,-3.7094,0.454557,23.9391,9,44.4444,false,0.96290560
61,LargeCaps5,5,-3.7094,0.454557,23.9391,9,44.4444,false,0.96290560
62,LargeCaps5,5,-3.7094,0.454557,23.9391,9,44.4444,false,0.96290560
63,LargeCaps5,5,-3.7094,0.454557,23.9391,9,44.4444,false,0.96290560
64,LargeCaps5,5,-3.7094,0.454557,23.9391,9,44.4444,false,0.96290560
65,LargeCaps5,5,-3.7094,0.454557,23.9391,9,44.4444,false,0.96290560
66,LargeCaps5,5,-3.7094,0.454557,23.9391,9,44.4444,false,0.96290560
67,LargeCaps5,5,-3.7094,0.454557,23.9391,9,44.4444,false,0.96290560
68,LargeCaps5,5,-3.7094,0.454557,23.9391,9,44.4444,false,0.96290560
69,LargeCaps5,5,-3.7094,0.454557,23.9391,9,44.4444,false,0.96290560
70,LargeCaps5,5,-3.7094,0.454557,23.9391,9,44.4444,false,0.96290560
71,LargeCaps5,5,-3.7094,0.454557,23.9391,9,44.4444,false,0.96290560
72,LargeCaps5,5,-3.7094,0.454557,23.9391,9,44.4444,false,0.96290560
73,LargeCaps5,5,-3.7094,0.454557,23.9391,9,44.4444,false,0.96290560
74,LargeCaps5,5,-3.7094,0.454557,23.9391,9,44.4444,false,0.96290560
75,LargeCaps5,5,-3.7094,0.454557,23.9391,9,44.4444,false,0.96290560
76,LargeCaps5,5,-3.7094,0.454557,23.9391,9,44.4444,false,0.96290560
77,LargeCaps5,5,-3.7094,0.454557,23.9391,9,44.4444,false,0.96290560
78,LargeCaps5,5,-3.7094,0.454557,23.9391,9,44.4444,false,0.96290560
79,LargeCaps5,5,-3.7094,0.454557,23.9391,9,44.4444,false,0.96290560
80,LargeCaps5,5,-3.7094,0.454557,23.9391,9,44.4444,false,0.96290560
81,LargeCaps5,5,-3.7094,0.454557,23.9391,9,44.4444,false,0.96290560
82,LargeCaps5,5,-3.7094,0.454557,23.9391,9,44.4444,false,0.96290560
83,LargeCaps5,5,-3.7094,0.454557,23.9391,9,44.4444,false,0.96290560
84,LargeCaps5,5,-3.7094,0.454557,23.9391,9,44.4444,false,0.96290560
85,LargeCaps5,5,-3.7094,0.454557,23.9391,9,44.4444,false,0.96290560
86,LargeCaps5,5,-3.7094,0.454557,23.9391,9,44.4444,false,0.96290560
87,LargeCaps5,5,-3.7094,0.454557,23.9391,9,44.4444,false,0.96290560
88,LargeCaps5,5,-3.7094,0.454557,23.9391,9,44.4444,false,0.96290560
89,LargeCaps5,5,-3.7094,0.454557,23.9391,9,44.4444,false,0.96290560
90,LargeCaps5,5,-3.7094,0.454557,23.9391,9,44.4444,false,0.96290560
91,LargeCaps5,5,-3.7094,0.454557,23.9391,9,44.4444,false,0.96290560
92,LargeCaps5,5,-3.7094,0.454557,23.9391,9,44.4444,false,0.96290560
93,LargeCaps5,5,-3.7094,0.454557,23.9391,9,44.4444,false,0.96290560
94,LargeCaps5,5,-3.7094,0.454557,23.9391,9,44.4444,false,0.96290560
95,LargeCaps5,5,-3.7094,0.454557,23.9391,9,44.4444,false,0.96290560
96,LargeCaps5,5,-3.7094,0.454557,23.9391,9,44.4444,false,0.96290560
97,LargeCaps5,5,-3.7094,0.454557,23.9391,9,44.4444,false,0.96290560
98,LargeCaps5,5,-3.7094,0.454557,23.9391,9,44.4444,false,0.96290560
99,LargeCaps5,5,-3.7094,0.454557,23.9391,9,44.4444,false,0.96290560
100,LargeCaps5,5,-3.7094,0.454557,23.9391,9,44.4444,false,0.96290560
1,Legacy3,0,266.7175,7.857934,16.4641,41,65.8537,true,3.66717529
2,Legacy3,0,17.6430,1.881786,25.7342,36,52.7778,true,1.17642987
3,Legacy3,0,73.0088,4.389664,29.4962,29,55.1724,true,1.73008796
4,Legacy3,0,250.9776,10.301638,15.4374,23,52.1739,true,3.50977569
5,Legacy3,0,229.5270,11.078375,8.3428,21,61.9048,true,3.29526994
6,Legacy3,0,136.7027,10.334512,10.0150,20,70.0000,true,2.36702722
7,Legacy3,0,257.1051,13.918781,4.5135,19,57.8947,true,3.57105127
8,Legacy3,0,166.1438,9.936650,14.3740,18,50.0000,true,2.66143768
9,Legacy3,0,213.3713,9.325931,20.1765,18,55.5556,true,3.13371274
10,Legacy3,0,156.8999,7.935593,19.7340,18,55.5556,true,2.56899903
11,Legacy3,0,95.3174,5.900301,21.3265,17,47.0588,true,1.95317427
12,Legacy3,0,298.3227,14.604846,9.0386,13,69.2308,true,3.98322666
13,Legacy3,0,206.9663,14.180870,9.0386,13,69.2308,true,3.06966259
14,Legacy3,0,160.8240,10.593371,22.0472,13,61.5385,true,2.60823966
15,Legacy3,0,161.2511,9.786527,22.8253,13,61.5385,true,2.61251056
16,Legacy3,0,353.1465,17.516916,8.1723,12,75.0000,true,4.53146464
17,Legacy3,0,338.0366,18.661652,7.7746,11,72.7273,true,4.38036581
18,Legacy3,0,146.3597,9.263246,27.2362,12,58.3333,true,2.46359686
19,Legacy3,0,258.7252,14.136235,11.3009,11,63.6364,true,3.58725199
20,Legacy3,0,230.8636,14.809829,11.3009,11,63.6364,true,3.30863632
21,Legacy3,0,230.0573,14.586559,11.3009,11,63.6364,true,3.30057274
22,Legacy3,0,215.0858,14.317541,8.7231,11,54.5455,true,3.15085767
23,Legacy3,0,337.8929,23.288088,7.7746,10,80.0000,true,4.37892903
24,Legacy3,0,160.1554,11.568906,15.8226,12,58.3333,true,2.60155392
25,Legacy3,0,128.4276,12.774047,12.4918,11,45.4545,true,2.28427602
26,Legacy3,0,130.5960,10.797969,21.7984,11,45.4545,true,2.30596041
27,Legacy3,0,178.7606,16.026147,7.7746,10,50.0000,true,2.78760585
28,Legacy3,0,182.3281,16.365599,7.7746,10,50.0000,true,2.82328094
29,Legacy3,0,160.1931,15.697911,7.7746,10,50.0000,true,2.60193052
30,Legacy3,0,158.2944,14.346023,11.3009,10,50.0000,true,2.58294356
31,Legacy3,0,163.4974,14.515574,11.3009,10,50.0000,true,2.63497379
32,Legacy3,0,168.3385,14.721975,11.3009,10,50.0000,true,2.68338482
33,Legacy3,0,183.3786,14.347378,12.7382,10,50.0000,true,2.83378579
34,Legacy3,0,203.1934,15.836577,8.7231,10,50.0000,true,3.03193430
35,Legacy3,0,195.6813,15.446232,9.9636,10,50.0000,true,2.95681278
36,Legacy3,0,223.6869,19.892635,7.7746,9,66.6667,true,3.23686885
37,Legacy3,0,179.2378,19.244139,7.7746,9,55.5556,true,2.79237809
38,Legacy3,0,175.2571,19.103541,7.7746,9,55.5556,true,2.75257128
39,Legacy3,0,165.3397,18.591671,7.7746,9,55.5556,true,2.65339738
40,Legacy3,0,170.1281,18.847215,7.7746,9,55.5556,true,2.70128145
41,Legacy3,0,169.1923,18.779718,7.7746,9,55.5556,true,2.69192321
42,Legacy3,0,169.7937,18.796255,7.7746,9,55.5556,true,2.69793668
43,Legacy3,0,166.2669,18.554537,7.7746,9,55.5556,true,2.66266920
44,Legacy3,0,170.4692,18.793926,7.7746,9,55.5556,true,2.70469230
45,Legacy3,0,173.6407,18.962970,7.7746,9,55.5556,true,2.73640660
46,Legacy3,0,179.2154,19.262027,7.7746,9,55.5556,true,2.79215442
47,Legacy3,0,190.5822,19.823768,7.7746,9,55.5556,true,2.90582197
48,Legacy3,0,192.5916,19.773025,7.7746,9,55.5556,true,2.92591606
49,Legacy3,0,189.8898,19.658902,7.7746,9,55.5556,true,2.89889772
50,Legacy3,0,188.4929,19.589257,7.7746,9,55.5556,true,2.88492929
51,Legacy3,0,186.5313,19.662313,7.7746,9,55.5556,true,2.86531335
52,Legacy3,0,182.9531,19.667135,7.7746,9,55.5556,true,2.82953059
53,Legacy3,0,185.8816,19.766593,7.7746,9,55.5556,true,2.85881593
54,Legacy3,0,164.2916,18.165001,7.7746,9,55.5556,true,2.64291642
55,Legacy3,0,166.5279,16.558139,7.7746,9,44.4444,true,2.66527875
56,Legacy3,0,162.4257,16.572774,7.7746,9,44.4444,true,2.62425749
57,Legacy3,0,187.6481,16.526123,7.7746,9,44.4444,true,2.87648142
58,Legacy3,0,185.4546,16.110835,7.7746,9,44.4444,true,2.85454582
59,Legacy3,0,189.0818,15.526752,9.9636,10,50.0000,true,2.89081805
60,Legacy3,0,176.5302,15.496745,9.9636,10,50.0000,true,2.76530249
61,Legacy3,0,158.5557,15.205150,9.9636,10,50.0000,true,2.58555725
62,Legacy3,0,143.8964,14.309150,12.4918,10,40.0000,true,2.43896433
63,Legacy3,0,144.7173,12.616716,21.7984,10,40.0000,true,2.44717279
64,Legacy3,0,195.9949,17.864383,7.7746,9,44.4444,true,2.95994918
65,Legacy3,0,194.7540,17.937864,7.7746,9,44.4444,true,2.94753985
66,Legacy3,0,177.3939,17.303291,7.7746,9,44.4444,true,2.77393925
67,Legacy3,0,167.4515,15.769351,11.3009,9,44.4444,true,2.67451471
68,Legacy3,0,171.3129,15.911434,11.3009,9,44.4444,true,2.71312932
69,Legacy3,0,173.3751,16.009033,11.3009,9,44.4444,true,2.73375148
70,Legacy3,0,188.6844,15.929823,12.7382,9,44.4444,true,2.88684370
71,Legacy3,0,206.9411,17.403622,8.7231,9,44.4444,true,3.06941143
72,Legacy3,0,201.3630,17.053720,9.9636,9,44.4444,true,3.01362977
73,Legacy3,0,275.2025,22.609590,7.7746,8,62.5000,true,3.75202514
74,Legacy3,0,231.9145,20.853210,7.7746,8,62.5000,true,3.31914493
75,Legacy3,0,227.7239,19.864912,7.7746,8,50.0000,true,3.27723920
76,Legacy3,0,226.1554,21.073735,7.7746,8,50.0000,true,3.26155398
77,Legacy3,0,233.0995,21.194843,7.7746,8,50.0000,true,3.33099504
78,Legacy3,0,209.8077,21.063135,7.7746,8,50.0000,true,3.09807680
79,Legacy3,0,193.4393,20.785395,7.7746,8,50.0000,true,2.93439348
80,Legacy3,0,193.4393,20.785395,7.7746,8,50.0000,true,2.93439348
81,Legacy3,0,193.4393,20.785395,7.7746,8,50.0000,true,2.93439348
82,Legacy3,0,193.4393,20.785395,7.7746,8,50.0000,true,2.93439348
83,Legacy3,0,193.4393,20.785395,7.7746,8,50.0000,true,2.93439348
84,Legacy3,0,193.4393,20.785395,7.7746,8,50.0000,true,2.93439348
85,Legacy3,0,193.4393,20.785395,7.7746,8,50.0000,true,2.93439348
86,Legacy3,0,193.4393,20.785395,7.7746,8,50.0000,true,2.93439348
87,Legacy3,0,193.4393,20.785395,7.7746,8,50.0000,true,2.93439348
88,Legacy3,0,193.4393,20.785395,7.7746,8,50.0000,true,2.93439348
89,Legacy3,0,193.4393,20.785395,7.7746,8,50.0000,true,2.93439348
90,Legacy3,0,193.4393,20.785395,7.7746,8,50.0000,true,2.93439348
91,Legacy3,0,193.4393,20.785395,7.7746,8,50.0000,true,2.93439348
92,Legacy3,0,193.4393,20.785395,7.7746,8,50.0000,true,2.93439348
93,Legacy3,0,193.4393,20.785395,7.7746,8,50.0000,true,2.93439348
94,Legacy3,0,193.4393,20.785395,7.7746,8,50.0000,true,2.93439348
95,Legacy3,0,193.4393,20.785395,7.7746,8,50.0000,true,2.93439348
96,Legacy3,0,193.4393,20.785395,7.7746,8,50.0000,true,2.93439348
97,Legacy3,0,193.4393,20.785395,7.7746,8,50.0000,true,2.93439348
98,Legacy3,0,193.4393,20.785395,7.7746,8,50.0000,true,2.93439348
99,Legacy3,0,193.4393,20.785395,7.7746,8,50.0000,true,2.93439348
100,Legacy3,0,193.4393,20.785395,7.7746,8,50.0000,true,2.93439348
1,Legacy3,1,31.7827,2.904268,18.5257,35,60.0000,true,1.31782692
2,Legacy3,1,13.2622,1.935157,17.7159,29,51.7241,true,1.13262222
3,Legacy3,1,48.7160,4.179710,14.9121,25,48.0000,true,1.48716016
4,Legacy3,1,21.9350,2.579412,22.7591,22,59.0909,true,1.21934980
5,Legacy3,1,26.2550,3.121250,22.0208,19,63.1579,true,1.26255037
6,Legacy3,1,-10.9577,-0.316348,24.7914,19,47.3684,false,0.89042323
7,Legacy3,1,-8.5627,0.542946,28.2588,18,55.5556,false,0.91437342
8,Legacy3,1,27.4189,3.163859,18.8407,17,58.8235,true,1.27418946
9,Legacy3,1,49.0556,4.866492,18.4521,16,62.5000,true,1.49055634
10,Legacy3,1,26.8211,3.475637,23.6584,14,57.1429,true,1.26821051
11,Legacy3,1,-17.8644,-0.578425,29.7876,14,50.0000,false,0.82135557
12,Legacy3,1,1.1921,1.439767,29.9254,13,46.1538,true,1.01192137
13,Legacy3,1,16.6632,3.003900,40.1320,12,58.3333,true,1.16663154
14,Legacy3,1,11.8100,2.565616,40.1320,12,50.0000,true,1.11809970
15,Legacy3,1,88.8965,8.570930,18.4521,11,63.6364,true,1.88896548
16,Legacy3,1,5.6243,1.938213,26.4334,11,63.6364,true,1.05624319
17,Legacy3,1,3.7764,1.854466,27.5888,11,54.5455,true,1.03776388
18,Legacy3,1,-18.6038,-0.845163,31.8860,11,54.5455,false,0.81396161
19,Legacy3,1,-27.2902,-2.051373,34.9166,11,54.5455,false,0.72709786
20,Legacy3,1,-23.3528,-1.466293,31.8407,11,54.5455,false,0.76647163
21,Legacy3,1,-6.9209,-0.010272,22.3169,10,50.0000,false,0.93079108
22,Legacy3,1,-6.8954,-0.006848,22.3169,10,50.0000,false,0.93104624
23,Legacy3,1,-6.1131,0.096658,22.3169,10,50.0000,false,0.93886898
24,Legacy3,1,-6.3672,0.062848,22.3169,10,50.0000,false,0.93632802
25,Legacy3,1,-3.5969,0.425479,22.3169,10,50.0000,false,0.96403116
26,Legacy3,1,-6.3161,0.069125,22.3169,10,50.0000,false,0.93683932
27,Legacy3,1,-9.6176,-0.362507,22.3169,10,40.0000,false,0.90382432
28,Legacy3,1,-9.6176,-0.362507,22.3169,10,40.0000,false,0.90382432
29,Legacy3,1,-9.6176,-0.362507,22.3169,10,40.0000,false,0.90382432
30,Legacy3,1,-9.6176,-0.362507,22.3169,10,40.0000,false,0.90382432
31,Legacy3,1,-9.6176,-0.362507,22.3169,10,40.0000,false,0.90382432
32,Legacy3,1,-9.6176,-0.362507,22.3169,10,40.0000,false,0.90382432
33,Legacy3,1,-9.6176,-0.362507,22.3169,10,40.0000,false,0.90382432
34,Legacy3,1,-9.6176,-0.362507,22.3169,10,40.0000,false,0.90382432
35,Legacy3,1,-9.6176,-0.362507,22.3169,10,40.0000,false,0.90382432
36,Legacy3,1,-9.6176,-0.362507,22.3169,10,40.0000,false,0.90382432
37,Legacy3,1,-9.6176,-0.362507,22.3169,10,40.0000,false,0.90382432
38,Legacy3,1,-9.6176,-0.362507,22.3169,10,40.0000,false,0.90382432
39,Legacy3,1,-9.6176,-0.362507,22.3169,10,40.0000,false,0.90382432
40,Legacy3,1,-9.6176,-0.362507,22.3169,10,40.0000,false,0.90382432
41,Legacy3,1,-9.6176,-0.362507,22.3169,10,40.0000,false,0.90382432
42,Legacy3,1,-9.6176,-0.362507,22.3169,10,40.0000,false,0.90382432
43,Legacy3,1,-9.6176,-0.362507,22.3169,10,40.0000,false,0.90382432
44,Legacy3,1,-9.6176,-0.362507,22.3169,10,40.0000,false,0.90382432
45,Legacy3,1,-9.6176,-0.362507,22.3169,10,40.0000,false,0.90382432
46,Legacy3,1,-9.6176,-0.362507,22.3169,10,40.0000,false,0.90382432
47,Legacy3,1,-9.6176,-0.362507,22.3169,10,40.0000,false,0.90382432
48,Legacy3,1,-9.6176,-0.362507,22.3169,10,40.0000,false,0.90382432
49,Legacy3,1,-9.6176,-0.362507,22.3169,10,40.0000,false,0.90382432
50,Legacy3,1,-9.6176,-0.362507,22.3169,10,40.0000,false,0.90382432
51,Legacy3,1,-9.6176,-0.362507,22.3169,10,40.0000,false,0.90382432
52,Legacy3,1,-9.6176,-0.362507,22.3169,10,40.0000,false,0.90382432
53,Legacy3,1,-9.6176,-0.362507,22.3169,10,40.0000,false,0.90382432
54,Legacy3,1,-9.6176,-0.362507,22.3169,10,40.0000,false,0.90382432
55,Legacy3,1,-9.6176,-0.362507,22.3169,10,40.0000,false,0.90382432
56,Legacy3,1,-9.6176,-0.362507,22.3169,10,40.0000,false,0.90382432
57,Legacy3,1,-9.6176,-0.362507,22.3169,10,40.0000,false,0.90382432
58,Legacy3,1,-9.6176,-0.362507,22.3169,10,40.0000,false,0.90382432
59,Legacy3,1,-9.6176,-0.362507,22.3169,10,40.0000,false,0.90382432
60,Legacy3,1,-9.6176,-0.362507,22.3169,10,40.0000,false,0.90382432
61,Legacy3,1,-9.6176,-0.362507,22.3169,10,40.0000,false,0.90382432
62,Legacy3,1,-9.6176,-0.362507,22.3169,10,40.0000,false,0.90382432
63,Legacy3,1,-9.6176,-0.362507,22.3169,10,40.0000,false,0.90382432
64,Legacy3,1,-9.6176,-0.362507,22.3169,10,40.0000,false,0.90382432
65,Legacy3,1,-9.6176,-0.362507,22.3169,10,40.0000,false,0.90382432
66,Legacy3,1,-9.6176,-0.362507,22.3169,10,40.0000,false,0.90382432
67,Legacy3,1,-9.6176,-0.362507,22.3169,10,40.0000,false,0.90382432
68,Legacy3,1,-9.6176,-0.362507,22.3169,10,40.0000,false,0.90382432
69,Legacy3,1,-9.6176,-0.362507,22.3169,10,40.0000,false,0.90382432
70,Legacy3,1,-9.6176,-0.362507,22.3169,10,40.0000,false,0.90382432
71,Legacy3,1,-9.6176,-0.362507,22.3169,10,40.0000,false,0.90382432
72,Legacy3,1,-9.6176,-0.362507,22.3169,10,40.0000,false,0.90382432
73,Legacy3,1,-9.6176,-0.362507,22.3169,10,40.0000,false,0.90382432
74,Legacy3,1,-9.6176,-0.362507,22.3169,10,40.0000,false,0.90382432
75,Legacy3,1,-9.6176,-0.362507,22.3169,10,40.0000,false,0.90382432
76,Legacy3,1,-9.6176,-0.362507,22.3169,10,40.0000,false,0.90382432
77,Legacy3,1,-9.6176,-0.362507,22.3169,10,40.0000,false,0.90382432
78,Legacy3,1,-9.6176,-0.362507,22.3169,10,40.0000,false,0.90382432
79,Legacy3,1,-9.6176,-0.362507,22.3169,10,40.0000,false,0.90382432
80,Legacy3,1,-9.6176,-0.362507,22.3169,10,40.0000,false,0.90382432
81,Legacy3,1,-9.6176,-0.362507,22.3169,10,40.0000,false,0.90382432
82,Legacy3,1,-9.6176,-0.362507,22.3169,10,40.0000,false,0.90382432
83,Legacy3,1,-9.6176,-0.362507,22.3169,10,40.0000,false,0.90382432
84,Legacy3,1,-9.6176,-0.362507,22.3169,10,40.0000,false,0.90382432
85,Legacy3,1,-9.6176,-0.362507,22.3169,10,40.0000,false,0.90382432
86,Legacy3,1,-9.6176,-0.362507,22.3169,10,40.0000,false,0.90382432
87,Legacy3,1,-9.6176,-0.362507,22.3169,10,40.0000,false,0.90382432
88,Legacy3,1,-9.6176,-0.362507,22.3169,10,40.0000,false,0.90382432
89,Legacy3,1,-9.6176,-0.362507,22.3169,10,40.0000,false,0.90382432
90,Legacy3,1,-9.6176,-0.362507,22.3169,10,40.0000,false,0.90382432
91,Legacy3,1,-9.6176,-0.362507,22.3169,10,40.0000,false,0.90382432
92,Legacy3,1,-9.6176,-0.362507,22.3169,10,40.0000,false,0.90382432
93,Legacy3,1,-9.6176,-0.362507,22.3169,10,40.0000,false,0.90382432
94,Legacy3,1,-9.6176,-0.362507,22.3169,10,40.0000,false,0.90382432
95,Legacy3,1,-9.6176,-0.362507,22.3169,10,40.0000,false,0.90382432
96,Legacy3,1,-9.6176,-0.362507,22.3169,10,40.0000,false,0.90382432
97,Legacy3,1,-9.6176,-0.362507,22.3169,10,40.0000,false,0.90382432
98,Legacy3,1,-9.6176,-0.362507,22.3169,10,40.0000,false,0.90382432
99,Legacy3,1,-9.6176,-0.362507,22.3169,10,40.0000,false,0.90382432
100,Legacy3,1,-9.6176,-0.362507,22.3169,10,40.0000,false,0.90382432
1,Legacy3,2,60.2767,3.009759,31.9598,39,71.7949,true,1.60276652
2,Legacy3,2,175.3572,6.858457,16.9209,33,57.5758,true,2.75357178
3,Legacy3,2,132.2360,4.085379,22.2386,29,48.2759,true,2.32235963
4,Legacy3,2,-12.9612,-0.039942,39.5868,25,48.0000,false,0.87038786
5,Legacy3,2,89.2867,4.014167,25.0490,23,60.8696,true,1.89286745
6,Legacy3,2,124.1228,7.279210,26.4265,21,61.9048,true,2.24122809
7,Legacy3,2,83.5470,4.690660,27.5263,17,47.0588,true,1.83546953
8,Legacy3,2,186.9503,6.340873,25.4552,17,58.8235,true,2.86950270
9,Legacy3,2,113.8126,5.253179,25.4552,17,58.8235,true,2.13812610
10,Legacy3,2,102.9083,4.774565,27.6488,17,41.1765,true,2.02908301
11,Legacy3,2,130.7016,5.992181,27.0473,16,50.0000,true,2.30701636
12,Legacy3,2,68.2893,3.855172,29.0006,15,33.3333,true,1.68289269
13,Legacy3,2,75.0665,4.955702,25.4552,14,35.7143,true,1.75066499
14,Legacy3,2,31.9408,3.687774,29.5236,14,28.5714,true,1.31940824
15,Legacy3,2,100.3472,6.309624,27.6673,14,35.7143,true,2.00347199
16,Legacy3,2,102.4998,6.700123,25.4552,13,38.4615,true,2.02499794
17,Legacy3,2,97.5881,6.460095,25.4552,13,38.4615,true,1.97588058
18,Legacy3,2,110.4043,6.835415,25.4552,13,38.4615,true,2.10404255
19,Legacy3,2,134.3800,7.505718,25.4552,13,38.4615,true,2.34380015
20,Legacy3,2,155.2149,8.018226,25.4552,13,38.4615,true,2.55214884
21,Legacy3,2,130.7256,7.274711,25.4552,13,38.4615,true,2.30725630
22,Legacy3,2,167.6854,8.535519,25.4552,12,41.6667,true,2.67685408
23,Legacy3,2,184.8530,8.870445,25.4552,12,41.6667,true,2.84852989
24,Legacy3,2,186.6877,8.821767,25.4552,12,41.6667,true,2.86687682
25,Legacy3,2,-25.1668,-0.640051,45.2074,13,23.0769,false,0.74833202
26,Legacy3,2,-25.4538,-0.574195,37.3694,12,25.0000,false,0.74546214
27,Legacy3,2,102.8112,6.911593,25.4552,11,36.3636,true,2.02811205
28,Legacy3,2,103.7546,7.055122,25.4552,11,36.3636,true,2.03754550
29,Legacy3,2,103.0151,6.665629,25.4552,11,36.3636,true,2.03015111
30,Legacy3,2,92.6053,6.202391,22.5722,11,36.3636,true,1.92605322
31,Legacy3,2,97.4784,6.381013,22.5722,11,36.3636,true,1.97478370
32,Legacy3,2,105.1288,6.661357,22.5722,11,36.3636,true,2.05128839
33,Legacy3,2,105.4920,6.663643,22.5722,11,36.3636,true,2.05491960
34,Legacy3,2,102.3411,6.531530,22.5722,11,36.3636,true,2.02341093
35,Legacy3,2,100.9127,6.463335,22.5722,11,36.3636,true,2.00912658
36,Legacy3,2,110.4385,6.814127,22.5722,11,36.3636,true,2.10438539
37,Legacy3,2,122.3471,7.235913,22.5722,11,36.3636,true,2.22347118
38,Legacy3,2,123.8170,7.278109,22.5722,11,36.3636,true,2.23816978
39,Legacy3,2,124.1532,7.280018,22.5722,11,36.3636,true,2.24153154
40,Legacy3,2,134.8913,7.641925,22.5722,11,36.3636,true,2.34891285
41,Legacy3,2,135.4973,7.654068,22.5722,11,36.3636,true,2.35497284
42,Legacy3,2,131.8539,7.519903,22.5722,11,36.3636,true,2.31853862
43,Legacy3,2,131.2693,7.489264,22.5722,11,36.3636,true,2.31269267
44,Legacy3,2,141.2414,7.821487,22.5722,11,36.3636,true,2.41241369
45,Legacy3,2,135.6901,7.622337,22.5722,11,36.3636,true,2.35690051
46,Legacy3,2,115.9269,6.891875,22.5722,11,36.3636,true,2.15926903
47,Legacy3,2,115.8016,6.873312,22.5722,11,36.3636,true,2.15801624
48,Legacy3,2,123.1085,7.134013,22.5722,11,36.3636,true,2.23108489
49,Legacy3,2,128.9650,7.335970,22.5722,11,36.3636,true,2.28965010
50,Legacy3,2,147.9883,7.990886,22.5722,11,36.3636,true,2.47988318
51,Legacy3,2,136.2673,7.573335,22.5722,11,36.3636,true,2.36267343
52,Legacy3,2,141.7964,7.756078,22.5722,11,36.3636,true,2.41796375
53,Legacy3,2,144.5388,7.839655,22.5722,11,36.3636,true,2.44538795
54,Legacy3,2,134.8264,7.483098,22.5722,11,36.3636,true,2.34826442
55,Legacy3,2,141.0859,7.693967,22.5722,11,36.3636,true,2.41085872
56,Legacy3,2,143.7519,7.775333,22.5722,11,36.3636,true,2.43751865
57,Legacy3,2,141.3281,7.676648,22.5722,11,36.3636,true,2.41328120
58,Legacy3,2,130.7167,7.277958,22.5722,11,36.3636,true,2.30716654
59,Legacy3,2,133.4510,7.364551,22.5722,11,36.3636,true,2.33451015
60,Legacy3,2,129.8418,7.217062,22.5722,11,36.3636,true,2.29841839
61,Legacy3,2,127.0958,7.100142,22.5722,11,36.3636,true,2.27095768
62,Legacy3,2,127.0958,7.100142,22.5722,11,36.3636,true,2.27095768
63,Legacy3,2,127.0958,7.100142,22.5722,11,36.3636,true,2.27095768
64,Legacy3,2,127.0958,7.100142,22.5722,11,36.3636,true,2.27095768
65,Legacy3,2,127.0958,7.100142,22.5722,11,36.3636,true,2.27095768
66,Legacy3,2,127.0958,7.100142,22.5722,11,36.3636,true,2.27095768
67,Legacy3,2,127.0958,7.100142,22.5722,11,36.3636,true,2.27095768
68,Legacy3,2,127.0958,7.100142,22.5722,11,36.3636,true,2.27095768
69,Legacy3,2,127.0958,7.100142,22.5722,11,36.3636,true,2.27095768
70,Legacy3,2,127.0958,7.100142,22.5722,11,36.3636,true,2.27095768
71,Legacy3,2,127.0958,7.100142,22.5722,11,36.3636,true,2.27095768
72,Legacy3,2,127.0958,7.100142,22.5722,11,36.3636,true,2.27095768
73,Legacy3,2,127.0958,7.100142,22.5722,11,36.3636,true,2.27095768
74,Legacy3,2,127.0958,7.100142,22.5722,11,36.3636,true,2.27095768
75,Legacy3,2,127.0958,7.100142,22.5722,11,36.3636,true,2.27095768
76,Legacy3,2,127.0958,7.100142,22.5722,11,36.3636,true,2.27095768
77,Legacy3,2,127.0958,7.100142,22.5722,11,36.3636,true,2.27095768
78,Legacy3,2,127.0958,7.100142,22.5722,11,36.3636,true,2.27095768
79,Legacy3,2,127.0958,7.100142,22.5722,11,36.3636,true,2.27095768
80,Legacy3,2,127.0958,7.100142,22.5722,11,36.3636,true,2.27095768
81,Legacy3,2,127.0958,7.100142,22.5722,11,36.3636,true,2.27095768
82,Legacy3,2,127.0958,7.100142,22.5722,11,36.3636,true,2.27095768
83,Legacy3,2,127.0958,7.100142,22.5722,11,36.3636,true,2.27095768
84,Legacy3,2,127.0958,7.100142,22.5722,11,36.3636,true,2.27095768
85,Legacy3,2,127.0958,7.100142,22.5722,11,36.3636,true,2.27095768
86,Legacy3,2,127.0958,7.100142,22.5722,11,36.3636,true,2.27095768
87,Legacy3,2,127.0958,7.100142,22.5722,11,36.3636,true,2.27095768
88,Legacy3,2,127.0958,7.100142,22.5722,11,36.3636,true,2.27095768
89,Legacy3,2,127.0958,7.100142,22.5722,11,36.3636,true,2.27095768
90,Legacy3,2,127.0958,7.100142,22.5722,11,36.3636,true,2.27095768
91,Legacy3,2,127.0958,7.100142,22.5722,11,36.3636,true,2.27095768
92,Legacy3,2,127.0958,7.100142,22.5722,11,36.3636,true,2.27095768
93,Legacy3,2,127.0958,7.100142,22.5722,11,36.3636,true,2.27095768
94,Legacy3,2,127.0958,7.100142,22.5722,11,36.3636,true,2.27095768
95,Legacy3,2,127.0958,7.100142,22.5722,11,36.3636,true,2.27095768
96,Legacy3,2,127.0958,7.100142,22.5722,11,36.3636,true,2.27095768
97,Legacy3,2,127.0958,7.100142,22.5722,11,36.3636,true,2.27095768
98,Legacy3,2,127.0958,7.100142,22.5722,11,36.3636,true,2.27095768
99,Legacy3,2,127.0958,7.100142,22.5722,11,36.3636,true,2.27095768
100,Legacy3,2,127.0958,7.100142,22.5722,11,36.3636,true,2.27095768
1,Legacy3,3,-21.7724,-0.302262,53.3126,41,51.2195,false,0.78227634
2,Legacy3,3,-6.3572,0.768128,29.7614,34,52.9412,false,0.93642825
3,Legacy3,3,6.2196,1.641812,45.2664,29,51.7241,true,1.06219574
4,Legacy3,3,55.1431,3.516624,40.5341,25,56.0000,true,1.55143143
5,Legacy3,3,-63.5995,-4.314193,72.0568,22,40.9091,false,0.36400545
6,Legacy3,3,-24.9936,-0.161763,71.5485,21,38.0952,false,0.75006423
7,Legacy3,3,51.6989,3.736729,49.8099,18,50.0000,true,1.51698919
8,Legacy3,3,-28.1407,-0.398959,48.1172,17,52.9412,false,0.71859276
9,Legacy3,3,185.3581,8.932606,30.8546,16,56.2500,true,2.85358146
10,Legacy3,3,39.7542,3.675309,36.5254,16,43.7500,true,1.39754153
11,Legacy3,3,38.1859,3.660671,51.3343,16,50.0000,true,1.38185888
12,Legacy3,3,93.1903,5.877812,44.3284,15,46.6667,true,1.93190265
13,Legacy3,3,12.1695,2.612159,44.7975,15,33.3333,true,1.12169503
14,Legacy3,3,2.9553,1.985525,50.9461,15,33.3333,true,1.02955304
15,Legacy3,3,-30.1361,0.488000,50.9625,14,35.7143,false,0.69863887
16,Legacy3,3,41.8394,4.262550,41.0654,13,38.4615,true,1.41839365
17,Legacy3,3,45.8906,4.613098,35.7740,11,45.4545,true,1.45890573
18,Legacy3,3,3.6247,2.297222,38.4250,11,36.3636,true,1.03624734
19,Legacy3,3,-14.2973,0.730074,39.9583,11,36.3636,false,0.85702676
20,Legacy3,3,57.5068,6.371804,29.3632,10,50.0000,true,1.57506768
21,Legacy3,3,41.0546,4.993075,29.3632,10,40.0000,true,1.41054630
22,Legacy3,3,45.0033,5.234751,29.3632,10,40.0000,true,1.45003313
23,Legacy3,3,55.0585,6.040323,29.3632,10,40.0000,true,1.55058503
24,Legacy3,3,51.2258,5.834678,29.3632,10,40.0000,true,1.51225756
25,Legacy3,3,46.8993,5.551539,29.3632,10,40.0000,true,1.46899316
26,Legacy3,3,35.4671,5.024683,29.3632,10,40.0000,true,1.35467080
27,Legacy3,3,37.8604,5.165188,29.3632,10,40.0000,true,1.37860404
28,Legacy3,3,24.3389,4.182820,29.3632,10,40.0000,true,1.24338886
29,Legacy3,3,24.3389,4.182820,29.3632,10,40.0000,true,1.24338886
30,Legacy3,3,24.3389,4.182820,29.3632,10,40.0000,true,1.24338886
31,Legacy3,3,24.3389,4.182820,29.3632,10,40.0000,true,1.24338886
32,Legacy3,3,24.3389,4.182820,29.3632,10,40.0000,true,1.24338886
33,Legacy3,3,24.3389,4.182820,29.3632,10,40.0000,true,1.24338886
34,Legacy3,3,24.3389,4.182820,29.3632,10,40.0000,true,1.24338886
35,Legacy3,3,24.3389,4.182820,29.3632,10,40.0000,true,1.24338886
36,Legacy3,3,24.3389,4.182820,29.3632,10,40.0000,true,1.24338886
37,Legacy3,3,24.3389,4.182820,29.3632,10,40.0000,true,1.24338886
38,Legacy3,3,24.3389,4.182820,29.3632,10,40.0000,true,1.24338886
39,Legacy3,3,24.3389,4.182820,29.3632,10,40.0000,true,1.24338886
40,Legacy3,3,24.3389,4.182820,29.3632,10,40.0000,true,1.24338886
41,Legacy3,3,24.3389,4.182820,29.3632,10,40.0000,true,1.24338886
42,Legacy3,3,24.3389,4.182820,29.3632,10,40.0000,true,1.24338886
43,Legacy3,3,24.3389,4.182820,29.3632,10,40.0000,true,1.24338886
44,Legacy3,3,24.3389,4.182820,29.3632,10,40.0000,true,1.24338886
45,Legacy3,3,24.3389,4.182820,29.3632,10,40.0000,true,1.24338886
46,Legacy3,3,24.3389,4.182820,29.3632,10,40.0000,true,1.24338886
47,Legacy3,3,24.3389,4.182820,29.3632,10,40.0000,true,1.24338886
48,Legacy3,3,24.3389,4.182820,29.3632,10,40.0000,true,1.24338886
49,Legacy3,3,24.3389,4.182820,29.3632,10,40.0000,true,1.24338886
50,Legacy3,3,24.3389,4.182820,29.3632,10,40.0000,true,1.24338886
51,Legacy3,3,24.3389,4.182820,29.3632,10,40.0000,true,1.24338886
52,Legacy3,3,24.3389,4.182820,29.3632,10,40.0000,true,1.24338886
53,Legacy3,3,24.3389,4.182820,29.3632,10,40.0000,true,1.24338886
54,Legacy3,3,24.3389,4.182820,29.3632,10,40.0000,true,1.24338886
55,Legacy3,3,24.3389,4.182820,29.3632,10,40.0000,true,1.24338886
56,Legacy3,3,24.3389,4.182820,29.3632,10,40.0000,true,1.24338886
57,Legacy3,3,24.3389,4.182820,29.3632,10,40.0000,true,1.24338886
58,Legacy3,3,24.3389,4.182820,29.3632,10,40.0000,true,1.24338886
59,Legacy3,3,24.3389,4.182820,29.3632,10,40.0000,true,1.24338886
60,Legacy3,3,24.3389,4.182820,29.3632,10,40.0000,true,1.24338886
61,Legacy3,3,24.3389,4.182820,29.3632,10,40.0000,true,1.24338886
62,Legacy3,3,24.3389,4.182820,29.3632,10,40.0000,true,1.24338886
63,Legacy3,3,24.3389,4.182820,29.3632,10,40.0000,true,1.24338886
64,Legacy3,3,24.3389,4.182820,29.3632,10,40.0000,true,1.24338886
65,Legacy3,3,24.3389,4.182820,29.3632,10,40.0000,true,1.24338886
66,Legacy3,3,24.3389,4.182820,29.3632,10,40.0000,true,1.24338886
67,Legacy3,3,24.3389,4.182820,29.3632,10,40.0000,true,1.24338886
68,Legacy3,3,24.3389,4.182820,29.3632,10,40.0000,true,1.24338886
69,Legacy3,3,24.3389,4.182820,29.3632,10,40.0000,true,1.24338886
70,Legacy3,3,24.3389,4.182820,29.3632,10,40.0000,true,1.24338886
71,Legacy3,3,24.3389,4.182820,29.3632,10,40.0000,true,1.24338886
72,Legacy3,3,24.3389,4.182820,29.3632,10,40.0000,true,1.24338886
73,Legacy3,3,24.3389,4.182820,29.3632,10,40.0000,true,1.24338886
74,Legacy3,3,24.3389,4.182820,29.3632,10,40.0000,true,1.24338886
75,Legacy3,3,24.3389,4.182820,29.3632,10,40.0000,true,1.24338886
76,Legacy3,3,24.3389,4.182820,29.3632,10,40.0000,true,1.24338886
77,Legacy3,3,24.3389,4.182820,29.3632,10,40.0000,true,1.24338886
78,Legacy3,3,24.3389,4.182820,29.3632,10,40.0000,true,1.24338886
79,Legacy3,3,24.3389,4.182820,29.3632,10,40.0000,true,1.24338886
80,Legacy3,3,24.3389,4.182820,29.3632,10,40.0000,true,1.24338886
81,Legacy3,3,24.3389,4.182820,29.3632,10,40.0000,true,1.24338886
82,Legacy3,3,24.3389,4.182820,29.3632,10,40.0000,true,1.24338886
83,Legacy3,3,24.3389,4.182820,29.3632,10,40.0000,true,1.24338886
84,Legacy3,3,24.3389,4.182820,29.3632,10,40.0000,true,1.24338886
85,Legacy3,3,24.3389,4.182820,29.3632,10,40.0000,true,1.24338886
86,Legacy3,3,24.3389,4.182820,29.3632,10,40.0000,true,1.24338886
87,Legacy3,3,24.3389,4.182820,29.3632,10,40.0000,true,1.24338886
88,Legacy3,3,24.3389,4.182820,29.3632,10,40.0000,true,1.24338886
89,Legacy3,3,24.3389,4.182820,29.3632,10,40.0000,true,1.24338886
90,Legacy3,3,24.3389,4.182820,29.3632,10,40.0000,true,1.24338886
91,Legacy3,3,24.3389,4.182820,29.3632,10,40.0000,true,1.24338886
92,Legacy3,3,24.3389,4.182820,29.3632,10,40.0000,true,1.24338886
93,Legacy3,3,24.3389,4.182820,29.3632,10,40.0000,true,1.24338886
94,Legacy3,3,24.3389,4.182820,29.3632,10,40.0000,true,1.24338886
95,Legacy3,3,24.3389,4.182820,29.3632,10,40.0000,true,1.24338886
96,Legacy3,3,24.3389,4.182820,29.3632,10,40.0000,true,1.24338886
97,Legacy3,3,24.3389,4.182820,29.3632,10,40.0000,true,1.24338886
98,Legacy3,3,24.3389,4.182820,29.3632,10,40.0000,true,1.24338886
99,Legacy3,3,24.3389,4.182820,29.3632,10,40.0000,true,1.24338886
100,Legacy3,3,24.3389,4.182820,29.3632,10,40.0000,true,1.24338886
1,Legacy3,4,-33.3932,-2.284614,51.5754,31,41.9355,false,0.66606836
2,Legacy3,4,-20.4449,-1.813777,30.0559,27,48.1481,false,0.79555106
3,Legacy3,4,-23.0628,-1.429168,46.8540,23,47.8261,false,0.76937238
4,Legacy3,4,-41.1004,-5.065511,52.8317,20,40.0000,false,0.58899590
5,Legacy3,4,-47.3875,-6.594532,53.5377,19,31.5789,false,0.52612532
6,Legacy3,4,-51.6532,-8.499407,58.4573,17,35.2941,false,0.48346775
7,Legacy3,4,-64.4548,-8.426498,66.5070,16,37.5000,false,0.35545195
8,Legacy3,4,-42.6160,-4.190306,54.3539,14,42.8571,false,0.57384006
9,Legacy3,4,-36.4504,-3.605288,45.1024,12,50.0000,false,0.63549606
10,Legacy3,4,-46.7893,-5.430486,51.0691,12,33.3333,false,0.53210710
11,Legacy3,4,-46.5692,-5.272287,50.8108,12,25.0000,false,0.53430781
12,Legacy3,4,-46.4541,-5.044401,49.5315,12,25.0000,false,0.53545878
13,Legacy3,4,-47.4318,-4.442374,52.1429,12,33.3333,false,0.52568248
14,Legacy3,4,-19.0503,-1.636919,33.6704,11,36.3636,false,0.80949699
15,Legacy3,4,-31.9565,-3.192208,40.2418,11,36.3636,false,0.68043550
16,Legacy3,4,-8.1457,-0.665434,17.2058,10,40.0000,false,0.91854323
17,Legacy3,4,-8.2450,-0.768586,17.5799,10,40.0000,false,0.91754986
18,Legacy3,4,-10.5548,-0.794393,19.7859,10,40.0000,false,0.89445241
19,Legacy3,4,-40.4279,-4.087982,40.8250,10,30.0000,false,0.59572054
20,Legacy3,4,-40.6686,-4.172305,42.2246,10,30.0000,false,0.59331369
21,Legacy3,4,-44.8431,-5.121674,46.0979,10,30.0000,false,0.55156864
22,Legacy3,4,-44.9870,-5.133741,46.0979,10,30.0000,false,0.55013014
23,Legacy3,4,-47.0005,-5.602060,47.3537,10,30.0000,false,0.52999518
24,Legacy3,4,-46.8674,-5.542397,47.2215,10,30.0000,false,0.53132606
25,Legacy3,4,-44.9388,-5.052414,46.0979,10,30.0000,false,0.55061171
26,Legacy3,4,-44.4469,-4.912972,46.0979,10,30.0000,false,0.55553140
27,Legacy3,4,-45.5135,-4.874582,47.9285,10,30.0000,false,0.54486510
28,Legacy3,4,-45.6045,-4.874347,47.9285,10,30.0000,false,0.54395516
29,Legacy3,4,-44.5694,-4.392093,48.8253,10,30.0000,false,0.55430604
30,Legacy3,4,-45.8424,-4.515889,50.8617,10,30.0000,false,0.54157600
31,Legacy3,4,-51.8071,-5.947581,52.1283,10,30.0000,false,0.48192920
32,Legacy3,4,-56.5816,-6.089041,56.8710,10,30.0000,false,0.43418372
33,Legacy3,4,-56.2546,-5.981786,56.5461,10,30.0000,false,0.43745394
34,Legacy3,4,-43.5980,-5.054692,43.9739,9,33.3333,false,0.56402005
35,Legacy3,4,-43.5980,-5.054692,43.9739,9,33.3333,false,0.56402005
36,Legacy3,4,-43.5980,-5.054692,43.9739,9,33.3333,false,0.56402005
37,Legacy3,4,-43.5980,-5.054692,43.9739,9,33.3333,false,0.56402005
38,Legacy3,4,-43.5980,-5.054692,43.9739,9,33.3333,false,0.56402005
39,Legacy3,4,-43.5980,-5.054692,43.9739,9,33.3333,false,0.56402005
40,Legacy3,4,-43.5980,-5.054692,43.9739,9,33.3333,false,0.56402005
41,Legacy3,4,-43.5980,-5.054692,43.9739,9,33.3333,false,0.56402005
42,Legacy3,4,-43.5980,-5.054692,43.9739,9,33.3333,false,0.56402005
43,Legacy3,4,-43.5980,-5.054692,43.9739,9,33.3333,false,0.56402005
44,Legacy3,4,-43.5980,-5.054692,43.9739,9,33.3333,false,0.56402005
45,Legacy3,4,-43.5980,-5.054692,43.9739,9,33.3333,false,0.56402005
46,Legacy3,4,-43.5980,-5.054692,43.9739,9,33.3333,false,0.56402005
47,Legacy3,4,-43.5980,-5.054692,43.9739,9,33.3333,false,0.56402005
48,Legacy3,4,-43.5980,-5.054692,43.9739,9,33.3333,false,0.56402005
49,Legacy3,4,-43.5980,-5.054692,43.9739,9,33.3333,false,0.56402005
50,Legacy3,4,-43.5980,-5.054692,43.9739,9,33.3333,false,0.56402005
51,Legacy3,4,-43.5980,-5.054692,43.9739,9,33.3333,false,0.56402005
52,Legacy3,4,-43.5980,-5.054692,43.9739,9,33.3333,false,0.56402005
53,Legacy3,4,-43.5980,-5.054692,43.9739,9,33.3333,false,0.56402005
54,Legacy3,4,-43.5980,-5.054692,43.9739,9,33.3333,false,0.56402005
55,Legacy3,4,-43.5980,-5.054692,43.9739,9,33.3333,false,0.56402005
56,Legacy3,4,-43.5980,-5.054692,43.9739,9,33.3333,false,0.56402005
57,Legacy3,4,-43.5980,-5.054692,43.9739,9,33.3333,false,0.56402005
58,Legacy3,4,-43.5980,-5.054692,43.9739,9,33.3333,false,0.56402005
59,Legacy3,4,-43.5980,-5.054692,43.9739,9,33.3333,false,0.56402005
60,Legacy3,4,-43.5980,-5.054692,43.9739,9,33.3333,false,0.56402005
61,Legacy3,4,-43.5980,-5.054692,43.9739,9,33.3333,false,0.56402005
62,Legacy3,4,-43.5980,-5.054692,43.9739,9,33.3333,false,0.56402005
63,Legacy3,4,-43.5980,-5.054692,43.9739,9,33.3333,false,0.56402005
64,Legacy3,4,-43.5980,-5.054692,43.9739,9,33.3333,false,0.56402005
65,Legacy3,4,-43.5980,-5.054692,43.9739,9,33.3333,false,0.56402005
66,Legacy3,4,-43.5980,-5.054692,43.9739,9,33.3333,false,0.56402005
67,Legacy3,4,-43.5980,-5.054692,43.9739,9,33.3333,false,0.56402005
68,Legacy3,4,-43.5980,-5.054692,43.9739,9,33.3333,false,0.56402005
69,Legacy3,4,-43.5980,-5.054692,43.9739,9,33.3333,false,0.56402005
70,Legacy3,4,-43.5980,-5.054692,43.9739,9,33.3333,false,0.56402005
71,Legacy3,4,-43.5980,-5.054692,43.9739,9,33.3333,false,0.56402005
72,Legacy3,4,-43.5980,-5.054692,43.9739,9,33.3333,false,0.56402005
73,Legacy3,4,-43.5980,-5.054692,43.9739,9,33.3333,false,0.56402005
74,Legacy3,4,-43.5980,-5.054692,43.9739,9,33.3333,false,0.56402005
75,Legacy3,4,-43.5980,-5.054692,43.9739,9,33.3333,false,0.56402005
76,Legacy3,4,-43.5980,-5.054692,43.9739,9,33.3333,false,0.56402005
77,Legacy3,4,-43.5980,-5.054692,43.9739,9,33.3333,false,0.56402005
78,Legacy3,4,-43.5980,-5.054692,43.9739,9,33.3333,false,0.56402005
79,Legacy3,4,-43.5980,-5.054692,43.9739,9,33.3333,false,0.56402005
80,Legacy3,4,-43.5980,-5.054692,43.9739,9,33.3333,false,0.56402005
81,Legacy3,4,-43.5980,-5.054692,43.9739,9,33.3333,false,0.56402005
82,Legacy3,4,-43.5980,-5.054692,43.9739,9,33.3333,false,0.56402005
83,Legacy3,4,-43.5980,-5.054692,43.9739,9,33.3333,false,0.56402005
84,Legacy3,4,-43.5980,-5.054692,43.9739,9,33.3333,false,0.56402005
85,Legacy3,4,-43.5980,-5.054692,43.9739,9,33.3333,false,0.56402005
86,Legacy3,4,-43.5980,-5.054692,43.9739,9,33.3333,false,0.56402005
87,Legacy3,4,-43.5980,-5.054692,43.9739,9,33.3333,false,0.56402005
88,Legacy3,4,-43.5980,-5.054692,43.9739,9,33.3333,false,0.56402005
89,Legacy3,4,-43.5980,-5.054692,43.9739,9,33.3333,false,0.56402005
90,Legacy3,4,-43.5980,-5.054692,43.9739,9,33.3333,false,0.56402005
91,Legacy3,4,-43.5980,-5.054692,43.9739,9,33.3333,false,0.56402005
92,Legacy3,4,-43.5980,-5.054692,43.9739,9,33.3333,false,0.56402005
93,Legacy3,4,-43.5980,-5.054692,43.9739,9,33.3333,false,0.56402005
94,Legacy3,4,-43.5980,-5.054692,43.9739,9,33.3333,false,0.56402005
95,Legacy3,4,-43.5980,-5.054692,43.9739,9,33.3333,false,0.56402005
96,Legacy3,4,-43.5980,-5.054692,43.9739,9,33.3333,false,0.56402005
97,Legacy3,4,-43.5980,-5.054692,43.9739,9,33.3333,false,0.56402005
98,Legacy3,4,-43.5980,-5.054692,43.9739,9,33.3333,false,0.56402005
99,Legacy3,4,-43.5980,-5.054692,43.9739,9,33.3333,false,0.56402005
100,Legacy3,4,-43.5980,-5.054692,43.9739,9,33.3333,false,0.56402005
1,Legacy3,5,19.9943,2.597991,17.0770,33,42.4242,true,1.19994294
2,Legacy3,5,-0.9805,0.318627,21.0949,26,53.8462,false,0.99019491
3,Legacy3,5,-52.4755,-6.969828,61.0261,25,20.0000,false,0.47524510
4,Legacy3,5,-7.8197,0.095189,42.0842,21,38.0952,false,0.92180308
5,Legacy3,5,-45.9256,-3.583392,60.9325,20,25.0000,false,0.54074358
6,Legacy3,5,-58.5923,-6.600352,65.6351,20,15.0000,false,0.41407680
7,Legacy3,5,-48.1006,-5.409363,56.6164,18,33.3333,false,0.51899426
8,Legacy3,5,-37.9081,-5.340420,43.4393,16,25.0000,false,0.62091854
9,Legacy3,5,-44.9374,-5.429527,50.0805,15,26.6667,false,0.55062582
10,Legacy3,5,-33.6992,-6.118314,41.3385,14,21.4286,false,0.66300782
11,Legacy3,5,-19.6896,-2.173407,45.7751,14,28.5714,false,0.80310394
12,Legacy3,5,-52.8482,-4.800541,58.4518,16,25.0000,false,0.47151839
13,Legacy3,5,-43.3217,-3.300965,51.1183,15,26.6667,false,0.56678256
14,Legacy3,5,-47.5519,-4.338772,51.8015,15,26.6667,false,0.52448118
15,Legacy3,5,-51.1380,-4.472424,55.8887,15,26.6667,false,0.48861988
16,Legacy3,5,-55.7436,-5.477659,59.0203,15,26.6667,false,0.44256407
17,Legacy3,5,-46.0665,-5.731776,50.0925,14,28.5714,false,0.53933461
18,Legacy3,5,-48.7285,-6.343158,52.6426,14,28.5714,false,0.51271457
19,Legacy3,5,-44.7930,-4.519959,48.8269,14,21.4286,false,0.55206960
20,Legacy3,5,-33.5147,-2.755476,38.3727,12,25.0000,false,0.66485277
21,Legacy3,5,-36.2215,-2.793607,40.8817,12,25.0000,false,0.63778533
22,Legacy3,5,-17.4258,-1.995599,30.6914,11,27.2727,false,0.82574211
23,Legacy3,5,-17.6464,-2.039078,30.6914,11,27.2727,false,0.82353586
24,Legacy3,5,-20.0934,-2.579200,30.6914,11,27.2727,false,0.79906645
25,Legacy3,5,-21.3770,-2.857905,30.6914,11,27.2727,false,0.78623004
26,Legacy3,5,-21.3770,-2.857905,30.6914,11,27.2727,false,0.78623004
27,Legacy3,5,-21.3770,-2.857905,30.6914,11,27.2727,false,0.78623004
28,Legacy3,5,-21.3770,-2.857905,30.6914,11,27.2727,false,0.78623004
29,Legacy3,5,-21.3770,-2.857905,30.6914,11,27.2727,false,0.78623004
30,Legacy3,5,-21.3770,-2.857905,30.6914,11,27.2727,false,0.78623004
31,Legacy3,5,-21.3770,-2.857905,30.6914,11,27.2727,false,0.78623004
32,Legacy3,5,-21.3770,-2.857905,30.6914,11,27.2727,false,0.78623004
33,Legacy3,5,-21.3770,-2.857905,30.6914,11,27.2727,false,0.78623004
34,Legacy3,5,-21.3770,-2.857905,30.6914,11,27.2727,false,0.78623004
35,Legacy3,5,-21.3770,-2.857905,30.6914,11,27.2727,false,0.78623004
36,Legacy3,5,-21.3770,-2.857905,30.6914,11,27.2727,false,0.78623004
37,Legacy3,5,-21.3770,-2.857905,30.6914,11,27.2727,false,0.78623004
38,Legacy3,5,-21.3770,-2.857905,30.6914,11,27.2727,false,0.78623004
39,Legacy3,5,-21.3770,-2.857905,30.6914,11,27.2727,false,0.78623004
40,Legacy3,5,-21.3770,-2.857905,30.6914,11,27.2727,false,0.78623004
41,Legacy3,5,-21.3770,-2.857905,30.6914,11,27.2727,false,0.78623004
42,Legacy3,5,-21.3770,-2.857905,30.6914,11,27.2727,false,0.78623004
43,Legacy3,5,-21.3770,-2.857905,30.6914,11,27.2727,false,0.78623004
44,Legacy3,5,-21.3770,-2.857905,30.6914,11,27.2727,false,0.78623004
45,Legacy3,5,-21.3770,-2.857905,30.6914,11,27.2727,false,0.78623004
46,Legacy3,5,-21.3770,-2.857905,30.6914,11,27.2727,false,0.78623004
47,Legacy3,5,-21.3770,-2.857905,30.6914,11,27.2727,false,0.78623004
48,Legacy3,5,-21.3770,-2.857905,30.6914,11,27.2727,false,0.78623004
49,Legacy3,5,-21.3770,-2.857905,30.6914,11,27.2727,false,0.78623004
50,Legacy3,5,-21.3770,-2.857905,30.6914,11,27.2727,false,0.78623004
51,Legacy3,5,-21.3770,-2.857905,30.6914,11,27.2727,false,0.78623004
52,Legacy3,5,-21.3770,-2.857905,30.6914,11,27.2727,false,0.78623004
53,Legacy3,5,-21.3770,-2.857905,30.6914,11,27.2727,false,0.78623004
54,Legacy3,5,-21.3770,-2.857905,30.6914,11,27.2727,false,0.78623004
55,Legacy3,5,-21.3770,-2.857905,30.6914,11,27.2727,false,0.78623004
56,Legacy3,5,-21.3770,-2.857905,30.6914,11,27.2727,false,0.78623004
57,Legacy3,5,-21.3770,-2.857905,30.6914,11,27.2727,false,0.78623004
58,Legacy3,5,-21.3770,-2.857905,30.6914,11,27.2727,false,0.78623004
59,Legacy3,5,-21.3770,-2.857905,30.6914,11,27.2727,false,0.78623004
60,Legacy3,5,-21.3770,-2.857905,30.6914,11,27.2727,false,0.78623004
61,Legacy3,5,-21.3770,-2.857905,30.6914,11,27.2727,false,0.78623004
62,Legacy3,5,-21.3770,-2.857905,30.6914,11,27.2727,false,0.78623004
63,Legacy3,5,-21.3770,-2.857905,30.6914,11,27.2727,false,0.78623004
64,Legacy3,5,-21.3770,-2.857905,30.6914,11,27.2727,false,0.78623004
65,Legacy3,5,-21.3770,-2.857905,30.6914,11,27.2727,false,0.78623004
66,Legacy3,5,-21.3770,-2.857905,30.6914,11,27.2727,false,0.78623004
67,Legacy3,5,-21.3770,-2.857905,30.6914,11,27.2727,false,0.78623004
68,Legacy3,5,-21.3770,-2.857905,30.6914,11,27.2727,false,0.78623004
69,Legacy3,5,-21.3770,-2.857905,30.6914,11,27.2727,false,0.78623004
70,Legacy3,5,-21.3770,-2.857905,30.6914,11,27.2727,false,0.78623004
71,Legacy3,5,-21.3770,-2.857905,30.6914,11,27.2727,false,0.78623004
72,Legacy3,5,-21.3770,-2.857905,30.6914,11,27.2727,false,0.78623004
73,Legacy3,5,-21.3770,-2.857905,30.6914,11,27.2727,false,0.78623004
74,Legacy3,5,-21.3770,-2.857905,30.6914,11,27.2727,false,0.78623004
75,Legacy3,5,-21.3770,-2.857905,30.6914,11,27.2727,false,0.78623004
76,Legacy3,5,-21.3770,-2.857905,30.6914,11,27.2727,false,0.78623004
77,Legacy3,5,-21.3770,-2.857905,30.6914,11,27.2727,false,0.78623004
78,Legacy3,5,-21.3770,-2.857905,30.6914,11,27.2727,false,0.78623004
79,Legacy3,5,-21.3770,-2.857905,30.6914,11,27.2727,false,0.78623004
80,Legacy3,5,-21.3770,-2.857905,30.6914,11,27.2727,false,0.78623004
81,Legacy3,5,-21.3770,-2.857905,30.6914,11,27.2727,false,0.78623004
82,Legacy3,5,-21.3770,-2.857905,30.6914,11,27.2727,false,0.78623004
83,Legacy3,5,-21.3770,-2.857905,30.6914,11,27.2727,false,0.78623004
84,Legacy3,5,-21.3770,-2.857905,30.6914,11,27.2727,false,0.78623004
85,Legacy3,5,-21.3770,-2.857905,30.6914,11,27.2727,false,0.78623004
86,Legacy3,5,-21.3770,-2.857905,30.6914,11,27.2727,false,0.78623004
87,Legacy3,5,-21.3770,-2.857905,30.6914,11,27.2727,false,0.78623004
88,Legacy3,5,-21.3770,-2.857905,30.6914,11,27.2727,false,0.78623004
89,Legacy3,5,-21.3770,-2.857905,30.6914,11,27.2727,false,0.78623004
90,Legacy3,5,-21.3770,-2.857905,30.6914,11,27.2727,false,0.78623004
91,Legacy3,5,-21.3770,-2.857905,30.6914,11,27.2727,false,0.78623004
92,Legacy3,5,-21.3770,-2.857905,30.6914,11,27.2727,false,0.78623004
93,Legacy3,5,-21.3770,-2.857905,30.6914,11,27.2727,false,0.78623004
94,Legacy3,5,-21.3770,-2.857905,30.6914,11,27.2727,false,0.78623004
95,Legacy3,5,-21.3770,-2.857905,30.6914,11,27.2727,false,0.78623004
96,Legacy3,5,-21.3770,-2.857905,30.6914,11,27.2727,false,0.78623004
97,Legacy3,5,-21.3770,-2.857905,30.6914,11,27.2727,false,0.78623004
98,Legacy3,5,-21.3770,-2.857905,30.6914,11,27.2727,false,0.78623004
99,Legacy3,5,-21.3770,-2.857905,30.6914,11,27.2727,false,0.78623004
100,Legacy3,5,-21.3770,-2.857905,30.6914,11,27.2727,false,0.78623004
1,LowVolume5,0,11.7346,1.407260,41.4654,42,47.6190,true,1.11734615
2,LowVolume5,0,-33.4320,-1.159510,55.1506,35,54.2857,false,0.66567993
3,LowVolume5,0,58.6413,3.681930,33.2479,31,45.1613,true,1.58641298
4,LowVolume5,0,42.9674,3.129246,47.7406,27,37.0370,true,1.42967415
5,LowVolume5,0,21.3648,2.359002,49.8342,24,54.1667,true,1.21364799
6,LowVolume5,0,58.5094,4.243732,43.7829,21,57.1429,true,1.58509385
7,LowVolume5,0,149.5657,6.265299,45.3744,21,47.6190,true,2.49565692
8,LowVolume5,0,215.6527,9.066469,18.4521,18,55.5556,true,3.15652741
9,LowVolume5,0,206.7554,8.358616,20.1765,18,55.5556,true,3.06755379
10,LowVolume5,0,61.7417,4.469049,21.2373,18,44.4444,true,1.61741690
11,LowVolume5,0,106.6183,5.676380,36.4185,17,47.0588,true,2.06618331
12,LowVolume5,0,206.8880,8.293298,24.3660,16,56.2500,true,3.06887979
13,LowVolume5,0,25.8851,3.087915,32.0184,16,50.0000,true,1.25885149
14,LowVolume5,0,19.3551,2.355417,43.4365,15,53.3333,true,1.19355054
15,LowVolume5,0,46.7461,4.482026,29.6992,15,46.6667,true,1.46746095
16,LowVolume5,0,12.9311,2.460516,36.0666,15,46.6667,true,1.12931135
17,LowVolume5,0,30.9898,3.750054,36.0666,14,50.0000,true,1.30989766
18,LowVolume5,0,24.0294,3.280796,36.0666,14,50.0000,true,1.24029410
19,LowVolume5,0,7.7284,2.025060,36.0666,14,42.8571,true,1.07728351
20,LowVolume5,0,14.1498,2.591498,36.0666,14,42.8571,true,1.14149821
21,LowVolume5,0,13.1481,2.519149,36.0666,14,42.8571,true,1.13148096
22,LowVolume5,0,10.8965,2.331227,36.0666,14,42.8571,true,1.10896471
23,LowVolume5,0,10.8965,2.331227,36.0666,14,42.8571,true,1.10896471
24,LowVolume5,0,10.8965,2.331227,36.0666,14,42.8571,true,1.10896471
25,LowVolume5,0,10.8965,2.331227,36.0666,14,42.8571,true,1.10896471
26,LowVolume5,0,10.8965,2.331227,36.0666,14,42.8571,true,1.10896471
27,LowVolume5,0,10.8965,2.331227,36.0666,14,42.8571,true,1.10896471
28,LowVolume5,0,10.8965,2.331227,36.0666,14,42.8571,true,1.10896471
29,LowVolume5,0,10.8965,2.331227,36.0666,14,42.8571,true,1.10896471
30,LowVolume5,0,10.8965,2.331227,36.0666,14,42.8571,true,1.10896471
31,LowVolume5,0,10.8965,2.331227,36.0666,14,42.8571,true,1.10896471
32,LowVolume5,0,10.8965,2.331227,36.0666,14,42.8571,true,1.10896471
33,LowVolume5,0,10.8965,2.331227,36.0666,14,42.8571,true,1.10896471
34,LowVolume5,0,10.8965,2.331227,36.0666,14,42.8571,true,1.10896471
35,LowVolume5,0,10.8965,2.331227,36.0666,14,42.8571,true,1.10896471
36,LowVolume5,0,10.8965,2.331227,36.0666,14,42.8571,true,1.10896471
37,LowVolume5,0,10.8965,2.331227,36.0666,14,42.8571,true,1.10896471
38,LowVolume5,0,10.8965,2.331227,36.0666,14,42.8571,true,1.10896471
39,LowVolume5,0,10.8965,2.331227,36.0666,14,42.8571,true,1.10896471
40,LowVolume5,0,10.8965,2.331227,36.0666,14,42.8571,true,1.10896471
41,LowVolume5,0,10.8965,2.331227,36.0666,14,42.8571,true,1.10896471
42,LowVolume5,0,10.8965,2.331227,36.0666,14,42.8571,true,1.10896471
43,LowVolume5,0,10.8965,2.331227,36.0666,14,42.8571,true,1.10896471
44,LowVolume5,0,10.8965,2.331227,36.0666,14,42.8571,true,1.10896471
45,LowVolume5,0,10.8965,2.331227,36.0666,14,42.8571,true,1.10896471
46,LowVolume5,0,10.8965,2.331227,36.0666,14,42.8571,true,1.10896471
47,LowVolume5,0,10.8965,2.331227,36.0666,14,42.8571,true,1.10896471
48,LowVolume5,0,10.8965,2.331227,36.0666,14,42.8571,true,1.10896471
49,LowVolume5,0,10.8965,2.331227,36.0666,14,42.8571,true,1.10896471
50,LowVolume5,0,10.8965,2.331227,36.0666,14,42.8571,true,1.10896471
51,LowVolume5,0,10.8965,2.331227,36.0666,14,42.8571,true,1.10896471
52,LowVolume5,0,10.8965,2.331227,36.0666,14,42.8571,true,1.10896471
53,LowVolume5,0,10.8965,2.331227,36.0666,14,42.8571,true,1.10896471
54,LowVolume5,0,10.8965,2.331227,36.0666,14,42.8571,true,1.10896471
55,LowVolume5,0,10.8965,2.331227,36.0666,14,42.8571,true,1.10896471
56,LowVolume5,0,10.8965,2.331227,36.0666,14,42.8571,true,1.10896471
57,LowVolume5,0,10.8965,2.331227,36.0666,14,42.8571,true,1.10896471
58,LowVolume5,0,10.8965,2.331227,36.0666,14,42.8571,true,1.10896471
59,LowVolume5,0,10.8965,2.331227,36.0666,14,42.8571,true,1.10896471
60,LowVolume5,0,10.8965,2.331227,36.0666,14,42.8571,true,1.10896471
61,LowVolume5,0,10.8965,2.331227,36.0666,14,42.8571,true,1.10896471
62,LowVolume5,0,10.8965,2.331227,36.0666,14,42.8571,true,1.10896471
63,LowVolume5,0,10.8965,2.331227,36.0666,14,42.8571,true,1.10896471
64,LowVolume5,0,10.8965,2.331227,36.0666,14,42.8571,true,1.10896471
65,LowVolume5,0,10.8965,2.331227,36.0666,14,42.8571,true,1.10896471
66,LowVolume5,0,10.8965,2.331227,36.0666,14,42.8571,true,1.10896471
67,LowVolume5,0,10.8965,2.331227,36.0666,14,42.8571,true,1.10896471
68,LowVolume5,0,10.8965,2.331227,36.0666,14,42.8571,true,1.10896471
69,LowVolume5,0,10.8965,2.331227,36.0666,14,42.8571,true,1.10896471
70,LowVolume5,0,10.8965,2.331227,36.0666,14,42.8571,true,1.10896471
71,LowVolume5,0,10.8965,2.331227,36.0666,14,42.8571,true,1.10896471
72,LowVolume5,0,10.8965,2.331227,36.0666,14,42.8571,true,1.10896471
73,LowVolume5,0,10.8965,2.331227,36.0666,14,42.8571,true,1.10896471
74,LowVolume5,0,10.8965,2.331227,36.0666,14,42.8571,true,1.10896471
75,LowVolume5,0,10.8965,2.331227,36.0666,14,42.8571,true,1.10896471
76,LowVolume5,0,10.8965,2.331227,36.0666,14,42.8571,true,1.10896471
77,LowVolume5,0,10.8965,2.331227,36.0666,14,42.8571,true,1.10896471
78,LowVolume5,0,10.8965,2.331227,36.0666,14,42.8571,true,1.10896471
79,LowVolume5,0,10.8965,2.331227,36.0666,14,42.8571,true,1.10896471
80,LowVolume5,0,10.8965,2.331227,36.0666,14,42.8571,true,1.10896471
81,LowVolume5,0,10.8965,2.331227,36.0666,14,42.8571,true,1.10896471
82,LowVolume5,0,10.8965,2.331227,36.0666,14,42.8571,true,1.10896471
83,LowVolume5,0,10.8965,2.331227,36.0666,14,42.8571,true,1.10896471
84,LowVolume5,0,10.8965,2.331227,36.0666,14,42.8571,true,1.10896471
85,LowVolume5,0,10.8965,2.331227,36.0666,14,42.8571,true,1.10896471
86,LowVolume5,0,10.8965,2.331227,36.0666,14,42.8571,true,1.10896471
87,LowVolume5,0,10.8965,2.331227,36.0666,14,42.8571,true,1.10896471
88,LowVolume5,0,10.8965,2.331227,36.0666,14,42.8571,true,1.10896471
89,LowVolume5,0,10.8965,2.331227,36.0666,14,42.8571,true,1.10896471
90,LowVolume5,0,10.8965,2.331227,36.0666,14,42.8571,true,1.10896471
91,LowVolume5,0,10.8965,2.331227,36.0666,14,42.8571,true,1.10896471
92,LowVolume5,0,10.8965,2.331227,36.0666,14,42.8571,true,1.10896471
93,LowVolume5,0,10.8965,2.331227,36.0666,14,42.8571,true,1.10896471
94,LowVolume5,0,10.8965,2.331227,36.0666,14,42.8571,true,1.10896471
95,LowVolume5,0,10.8965,2.331227,36.0666,14,42.8571,true,1.10896471
96,LowVolume5,0,10.8965,2.331227,36.0666,14,42.8571,true,1.10896471
97,LowVolume5,0,10.8965,2.331227,36.0666,14,42.8571,true,1.10896471
98,LowVolume5,0,10.8965,2.331227,36.0666,14,42.8571,true,1.10896471
99,LowVolume5,0,10.8965,2.331227,36.0666,14,42.8571,true,1.10896471
100,LowVolume5,0,10.8965,2.331227,36.0666,14,42.8571,true,1.10896471
1,LowVolume5,1,-23.1587,-1.209968,36.0065,36,36.1111,false,0.76841311
2,LowVolume5,1,-5.2787,0.189839,26.7737,29,51.7241,false,0.94721274
3,LowVolume5,1,-4.8384,0.647022,36.9876,25,48.0000,false,0.95161645
4,LowVolume5,1,-15.5954,-0.268288,41.4716,23,52.1739,false,0.84404585
5,LowVolume5,1,15.9239,2.121209,20.4658,21,52.3810,true,1.15923852
6,LowVolume5,1,-3.8608,0.442389,28.5120,19,42.1053,false,0.96139231
7,LowVolume5,1,56.4613,5.361619,21.7208,17,58.8235,true,1.56461290
8,LowVolume5,1,35.3998,3.876370,19.1991,17,52.9412,true,1.35399783
9,LowVolume5,1,3.5004,1.534795,39.0692,16,56.2500,true,1.03500370
10,LowVolume5,1,-19.2808,0.110033,41.4849,15,53.3333,false,0.80719235
11,LowVolume5,1,-11.9450,0.604278,42.4083,14,50.0000,false,0.88054969
12,LowVolume5,1,-8.6510,0.188061,39.9735,14,50.0000,false,0.91348993
13,LowVolume5,1,-24.8507,-1.438562,48.8109,13,46.1538,false,0.75149349
14,LowVolume5,1,-29.4381,-2.199543,48.8109,13,46.1538,false,0.70561899
15,LowVolume5,1,-24.2222,-1.042568,48.8109,13,46.1538,false,0.75777834
16,LowVolume5,1,-29.2780,-1.662084,50.7875,13,46.1538,false,0.70722034
17,LowVolume5,1,-39.4131,-2.217505,58.3357,13,46.1538,false,0.60586923
18,LowVolume5,1,-45.9327,-4.371851,58.8912,13,38.4615,false,0.54067262
19,LowVolume5,1,-48.0536,-5.127076,58.8912,13,38.4615,false,0.51946398
20,LowVolume5,1,-48.2967,-5.225968,58.8912,13,38.4615,false,0.51703334
21,LowVolume5,1,-49.4376,-5.155050,58.8912,13,30.7692,false,0.50562391
22,LowVolume5,1,-26.1090,-1.502736,48.8109,12,41.6667,false,0.73890962
23,LowVolume5,1,-28.0713,-1.919745,48.8109,12,41.6667,false,0.71928671
24,LowVolume5,1,-28.4195,-1.996981,48.8109,12,41.6667,false,0.71580505
25,LowVolume5,1,-27.7881,-1.862851,48.8109,12,41.6667,false,0.72211888
26,LowVolume5,1,-32.2429,-2.852356,48.8109,12,41.6667,false,0.67757072
27,LowVolume5,1,-30.7512,-2.511316,48.8109,12,41.6667,false,0.69248754
28,LowVolume5,1,-35.4669,-3.598444,48.8109,12,41.6667,false,0.64533080
29,LowVolume5,1,-35.4669,-3.598444,48.8109,12,41.6667,false,0.64533080
30,LowVolume5,1,-35.4669,-3.598444,48.8109,12,41.6667,false,0.64533080
31,LowVolume5,1,-35.4669,-3.598444,48.8109,12,41.6667,false,0.64533080
32,LowVolume5,1,-35.4669,-3.598444,48.8109,12,41.6667,false,0.64533080
33,LowVolume5,1,-35.4669,-3.598444,48.8109,12,41.6667,false,0.64533080
34,LowVolume5,1,-35.4669,-3.598444,48.8109,12,41.6667,false,0.64533080
35,LowVolume5,1,-35.4669,-3.598444,48.8109,12,41.6667,false,0.64533080
36,LowVolume5,1,-35.4669,-3.598444,48.8109,12,41.6667,false,0.64533080
37,LowVolume5,1,-35.4669,-3.598444,48.8109,12,41.6667,false,0.64533080
38,LowVolume5,1,-35.4669,-3.598444,48.8109,12,41.6667,false,0.64533080
39,LowVolume5,1,-35.4669,-3.598444,48.8109,12,41.6667,false,0.64533080
40,LowVolume5,1,-35.4669,-3.598444,48.8109,12,41.6667,false,0.64533080
41,LowVolume5,1,-35.4669,-3.598444,48.8109,12,41.6667,false,0.64533080
42,LowVolume5,1,-35.4669,-3.598444,48.8109,12,41.6667,false,0.64533080
43,LowVolume5,1,-35.4669,-3.598444,48.8109,12,41.6667,false,0.64533080
44,LowVolume5,1,-35.4669,-3.598444,48.8109,12,41.6667,false,0.64533080
45,LowVolume5,1,-35.4669,-3.598444,48.8109,12,41.6667,false,0.64533080
46,LowVolume5,1,-35.4669,-3.598444,48.8109,12,41.6667,false,0.64533080
47,LowVolume5,1,-35.4669,-3.598444,48.8109,12,41.6667,false,0.64533080
48,LowVolume5,1,-35.4669,-3.598444,48.8109,12,41.6667,false,0.64533080
49,LowVolume5,1,-35.4669,-3.598444,48.8109,12,41.6667,false,0.64533080
50,LowVolume5,1,-35.4669,-3.598444,48.8109,12,41.6667,false,0.64533080
51,LowVolume5,1,-35.4669,-3.598444,48.8109,12,41.6667,false,0.64533080
52,LowVolume5,1,-35.4669,-3.598444,48.8109,12,41.6667,false,0.64533080
53,LowVolume5,1,-35.4669,-3.598444,48.8109,12,41.6667,false,0.64533080
54,LowVolume5,1,-35.4669,-3.598444,48.8109,12,41.6667,false,0.64533080
55,LowVolume5,1,-35.4669,-3.598444,48.8109,12,41.6667,false,0.64533080
56,LowVolume5,1,-35.4669,-3.598444,48.8109,12,41.6667,false,0.64533080
57,LowVolume5,1,-35.4669,-3.598444,48.8109,12,41.6667,false,0.64533080
58,LowVolume5,1,-35.4669,-3.598444,48.8109,12,41.6667,false,0.64533080
59,LowVolume5,1,-35.4669,-3.598444,48.8109,12,41.6667,false,0.64533080
60,LowVolume5,1,-35.4669,-3.598444,48.8109,12,41.6667,false,0.64533080
61,LowVolume5,1,-35.4669,-3.598444,48.8109,12,41.6667,false,0.64533080
62,LowVolume5,1,-35.4669,-3.598444,48.8109,12,41.6667,false,0.64533080
63,LowVolume5,1,-35.4669,-3.598444,48.8109,12,41.6667,false,0.64533080
64,LowVolume5,1,-35.4669,-3.598444,48.8109,12,41.6667,false,0.64533080
65,LowVolume5,1,-35.4669,-3.598444,48.8109,12,41.6667,false,0.64533080
66,LowVolume5,1,-35.4669,-3.598444,48.8109,12,41.6667,false,0.64533080
67,LowVolume5,1,-35.4669,-3.598444,48.8109,12,41.6667,false,0.64533080
68,LowVolume5,1,-35.4669,-3.598444,48.8109,12,41.6667,false,0.64533080
69,LowVolume5,1,-35.4669,-3.598444,48.8109,12,41.6667,false,0.64533080
70,LowVolume5,1,-35.4669,-3.598444,48.8109,12,41.6667,false,0.64533080
71,LowVolume5,1,-35.4669,-3.598444,48.8109,12,41.6667,false,0.64533080
72,LowVolume5,1,-35.4669,-3.598444,48.8109,12,41.6667,false,0.64533080
73,LowVolume5,1,-35.4669,-3.598444,48.8109,12,41.6667,false,0.64533080
74,LowVolume5,1,-35.4669,-3.598444,48.8109,12,41.6667,false,0.64533080
75,LowVolume5,1,-35.4669,-3.598444,48.8109,12,41.6667,false,0.64533080
76,LowVolume5,1,-35.4669,-3.598444,48.8109,12,41.6667,false,0.64533080
77,LowVolume5,1,-35.4669,-3.598444,48.8109,12,41.6667,false,0.64533080
78,LowVolume5,1,-35.4669,-3.598444,48.8109,12,41.6667,false,0.64533080
79,LowVolume5,1,-35.4669,-3.598444,48.8109,12,41.6667,false,0.64533080
80,LowVolume5,1,-35.4669,-3.598444,48.8109,12,41.6667,false,0.64533080
81,LowVolume5,1,-35.4669,-3.598444,48.8109,12,41.6667,false,0.64533080
82,LowVolume5,1,-35.4669,-3.598444,48.8109,12,41.6667,false,0.64533080
83,LowVolume5,1,-35.4669,-3.598444,48.8109,12,41.6667,false,0.64533080
84,LowVolume5,1,-35.4669,-3.598444,48.8109,12,41.6667,false,0.64533080
85,LowVolume5,1,-35.4669,-3.598444,48.8109,12,41.6667,false,0.64533080
86,LowVolume5,1,-35.4669,-3.598444,48.8109,12,41.6667,false,0.64533080
87,LowVolume5,1,-35.4669,-3.598444,48.8109,12,41.6667,false,0.64533080
88,LowVolume5,1,-35.4669,-3.598444,48.8109,12,41.6667,false,0.64533080
89,LowVolume5,1,-35.4669,-3.598444,48.8109,12,41.6667,false,0.64533080
90,LowVolume5,1,-35.4669,-3.598444,48.8109,12,41.6667,false,0.64533080
91,LowVolume5,1,-35.4669,-3.598444,48.8109,12,41.6667,false,0.64533080
92,LowVolume5,1,-35.4669,-3.598444,48.8109,12,41.6667,false,0.64533080
93,LowVolume5,1,-35.4669,-3.598444,48.8109,12,41.6667,false,0.64533080
94,LowVolume5,1,-35.4669,-3.598444,48.8109,12,41.6667,false,0.64533080
95,LowVolume5,1,-35.4669,-3.598444,48.8109,12,41.6667,false,0.64533080
96,LowVolume5,1,-35.4669,-3.598444,48.8109,12,41.6667,false,0.64533080
97,LowVolume5,1,-35.4669,-3.598444,48.8109,12,41.6667,false,0.64533080
98,LowVolume5,1,-35.4669,-3.598444,48.8109,12,41.6667,false,0.64533080
99,LowVolume5,1,-35.4669,-3.598444,48.8109,12,41.6667,false,0.64533080
100,LowVolume5,1,-35.4669,-3.598444,48.8109,12,41.6667,false,0.64533080
1,LowVolume5,2,100.7433,3.478419,39.4610,42,54.7619,true,2.00743312
2,LowVolume5,2,102.0619,4.129919,31.5194,36,52.7778,true,2.02061902
3,LowVolume5,2,202.3053,4.836847,27.6919,29,48.2759,true,3.02305283
4,LowVolume5,2,124.9714,3.871670,36.3925,26,50.0000,true,2.24971403
5,LowVolume5,2,77.7626,3.942602,23.7350,24,50.0000,true,1.77762591
6,LowVolume5,2,43.2376,3.025061,32.5813,23,43.4783,true,1.43237619
7,LowVolume5,2,89.5669,4.217809,45.4135,21,42.8571,true,1.89566929
8,LowVolume5,2,340.7907,7.538939,22.3500,17,52.9412,true,4.40790689
9,LowVolume5,2,270.2672,7.603929,20.5542,17,47.0588,true,3.70267201
10,LowVolume5,2,249.4968,7.044578,37.8403,16,43.7500,true,3.49496761
11,LowVolume5,2,661.7020,11.124727,33.3588,15,53.3333,true,7.61701950
12,LowVolume5,2,464.1513,10.786017,31.6482,15,60.0000,true,5.64151321
13,LowVolume5,2,249.7802,12.146226,24.2042,14,57.1429,true,3.49780188
14,LowVolume5,2,101.2337,5.328026,31.5587,15,40.0000,true,2.01233738
15,LowVolume5,2,120.4080,5.859854,31.5587,15,46.6667,true,2.20408035
16,LowVolume5,2,132.6038,5.590301,34.7849,15,33.3333,true,2.32603836
17,LowVolume5,2,262.9391,7.386514,33.4142,14,42.8571,true,3.62939064
18,LowVolume5,2,158.7108,6.401202,50.2672,14,35.7143,true,2.58710819
19,LowVolume5,2,290.0249,8.874268,34.7196,14,42.8571,true,3.90024943
20,LowVolume5,2,303.9230,8.779040,38.6702,14,35.7143,true,4.03923020
21,LowVolume5,2,435.4933,9.071374,31.3399,13,46.1538,true,5.35493271
22,LowVolume5,2,489.7567,12.097621,31.3399,12,50.0000,true,5.89756721
23,LowVolume5,2,515.2283,11.507948,31.3399,12,50.0000,true,6.15228280
24,LowVolume5,2,143.0862,7.985200,31.3399,11,45.4545,true,2.43086231
25,LowVolume5,2,158.1360,8.343464,31.3399,11,45.4545,true,2.58136043
26,LowVolume5,2,141.2801,7.989676,31.5587,11,45.4545,true,2.41280137
27,LowVolume5,2,101.6092,7.538351,31.5587,11,45.4545,true,2.01609200
28,LowVolume5,2,101.3882,7.504612,31.5587,11,45.4545,true,2.01388218
29,LowVolume5,2,105.4248,7.633884,31.5587,11,45.4545,true,2.05424822
30,LowVolume5,2,101.8109,7.466634,32.1889,11,45.4545,true,2.01810865
31,LowVolume5,2,101.9714,7.447863,32.1889,11,45.4545,true,2.01971426
32,LowVolume5,2,102.6283,7.448125,32.1889,11,45.4545,true,2.02628267
33,LowVolume5,2,102.6804,7.382981,32.9300,11,45.4545,true,2.02680352
34,LowVolume5,2,129.4843,8.719641,22.1299,10,50.0000,true,2.29484331
35,LowVolume5,2,117.3321,8.237151,23.8334,10,40.0000,true,2.17332104
36,LowVolume5,2,117.3321,8.237151,23.8334,10,40.0000,true,2.17332104
37,LowVolume5,2,117.3321,8.237151,23.8334,10,40.0000,true,2.17332104
38,LowVolume5,2,117.3321,8.237151,23.8334,10,40.0000,true,2.17332104
39,LowVolume5,2,117.3321,8.237151,23.8334,10,40.0000,true,2.17332104
40,LowVolume5,2,117.3321,8.237151,23.8334,10,40.0000,true,2.17332104
41,LowVolume5,2,117.3321,8.237151,23.8334,10,40.0000,true,2.17332104
42,LowVolume5,2,117.3321,8.237151,23.8334,10,40.0000,true,2.17332104
43,LowVolume5,2,117.3321,8.237151,23.8334,10,40.0000,true,2.17332104
44,LowVolume5,2,117.3321,8.237151,23.8334,10,40.0000,true,2.17332104
45,LowVolume5,2,117.3321,8.237151,23.8334,10,40.0000,true,2.17332104
46,LowVolume5,2,117.3321,8.237151,23.8334,10,40.0000,true,2.17332104
47,LowVolume5,2,117.3321,8.237151,23.8334,10,40.0000,true,2.17332104
48,LowVolume5,2,117.3321,8.237151,23.8334,10,40.0000,true,2.17332104
49,LowVolume5,2,117.3321,8.237151,23.8334,10,40.0000,true,2.17332104
50,LowVolume5,2,117.3321,8.237151,23.8334,10,40.0000,true,2.17332104
51,LowVolume5,2,117.3321,8.237151,23.8334,10,40.0000,true,2.17332104
52,LowVolume5,2,117.3321,8.237151,23.8334,10,40.0000,true,2.17332104
53,LowVolume5,2,117.3321,8.237151,23.8334,10,40.0000,true,2.17332104
54,LowVolume5,2,117.3321,8.237151,23.8334,10,40.0000,true,2.17332104
55,LowVolume5,2,117.3321,8.237151,23.8334,10,40.0000,true,2.17332104
56,LowVolume5,2,117.3321,8.237151,23.8334,10,40.0000,true,2.17332104
57,LowVolume5,2,117.3321,8.237151,23.8334,10,40.0000,true,2.17332104
58,LowVolume5,2,117.3321,8.237151,23.8334,10,40.0000,true,2.17332104
59,LowVolume5,2,117.3321,8.237151,23.8334,10,40.0000,true,2.17332104
60,LowVolume5,2,117.3321,8.237151,23.8334,10,40.0000,true,2.17332104
61,LowVolume5,2,117.3321,8.237151,23.8334,10,40.0000,true,2.17332104
62,LowVolume5,2,117.3321,8.237151,23.8334,10,40.0000,true,2.17332104
63,LowVolume5,2,117.3321,8.237151,23.8334,10,40.0000,true,2.17332104
64,LowVolume5,2,117.3321,8.237151,23.8334,10,40.0000,true,2.17332104
65,LowVolume5,2,117.3321,8.237151,23.8334,10,40.0000,true,2.17332104
66,LowVolume5,2,117.3321,8.237151,23.8334,10,40.0000,true,2.17332104
67,LowVolume5,2,117.3321,8.237151,23.8334,10,40.0000,true,2.17332104
68,LowVolume5,2,117.3321,8.237151,23.8334,10,40.0000,true,2.17332104
69,LowVolume5,2,117.3321,8.237151,23.8334,10,40.0000,true,2.17332104
70,LowVolume5,2,117.3321,8.237151,23.8334,10,40.0000,true,2.17332104
71,LowVolume5,2,117.3321,8.237151,23.8334,10,40.0000,true,2.17332104
72,LowVolume5,2,117.3321,8.237151,23.8334,10,40.0000,true,2.17332104
73,LowVolume5,2,117.3321,8.237151,23.8334,10,40.0000,true,2.17332104
74,LowVolume5,2,117.3321,8.237151,23.8334,10,40.0000,true,2.17332104
75,LowVolume5,2,117.3321,8.237151,23.8334,10,40.0000,true,2.17332104
76,LowVolume5,2,117.3321,8.237151,23.8334,10,40.0000,true,2.17332104
77,LowVolume5,2,117.3321,8.237151,23.8334,10,40.0000,true,2.17332104
78,LowVolume5,2,117.3321,8.237151,23.8334,10,40.0000,true,2.17332104
79,LowVolume5,2,117.3321,8.237151,23.8334,10,40.0000,true,2.17332104
80,LowVolume5,2,117.3321,8.237151,23.8334,10,40.0000,true,2.17332104
81,LowVolume5,2,117.3321,8.237151,23.8334,10,40.0000,true,2.17332104
82,LowVolume5,2,117.3321,8.237151,23.8334,10,40.0000,true,2.17332104
83,LowVolume5,2,117.3321,8.237151,23.8334,10,40.0000,true,2.17332104
84,LowVolume5,2,117.3321,8.237151,23.8334,10,40.0000,true,2.17332104
85,LowVolume5,2,117.3321,8.237151,23.8334,10,40.0000,true,2.17332104
86,LowVolume5,2,117.3321,8.237151,23.8334,10,40.0000,true,2.17332104
87,LowVolume5,2,117.3321,8.237151,23.8334,10,40.0000,true,2.17332104
88,LowVolume5,2,117.3321,8.237151,23.8334,10,40.0000,true,2.17332104
89,LowVolume5,2,117.3321,8.237151,23.8334,10,40.0000,true,2.17332104
90,LowVolume5,2,117.3321,8.237151,23.8334,10,40.0000,true,2.17332104
91,LowVolume5,2,117.3321,8.237151,23.8334,10,40.0000,true,2.17332104
92,LowVolume5,2,117.3321,8.237151,23.8334,10,40.0000,true,2.17332104
93,LowVolume5,2,117.3321,8.237151,23.8334,10,40.0000,true,2.17332104
94,LowVolume5,2,117.3321,8.237151,23.8334,10,40.0000,true,2.17332104
95,LowVolume5,2,117.3321,8.237151,23.8334,10,40.0000,true,2.17332104
96,LowVolume5,2,117.3321,8.237151,23.8334,10,40.0000,true,2.17332104
97,LowVolume5,2,117.3321,8.237151,23.8334,10,40.0000,true,2.17332104
98,LowVolume5,2,117.3321,8.237151,23.8334,10,40.0000,true,2.17332104
99,LowVolume5,2,117.3321,8.237151,23.8334,10,40.0000,true,2.17332104
100,LowVolume5,2,117.3321,8.237151,23.8334,10,40.0000,true,2.17332104
1,LowVolume5,3,563.9409,6.582572,28.6980,47,59.5745,true,6.63940859
2,LowVolume5,3,211.1490,5.755392,23.8122,38,63.1579,true,3.11148988
3,LowVolume5,3,843.1273,9.786769,29.4832,31,54.8387,true,9.43127316
4,LowVolume5,3,86.9525,4.010704,57.5124,27,55.5556,true,1.86952465
5,LowVolume5,3,60.0064,3.713584,51.5573,25,60.0000,true,1.60006384
6,LowVolume5,3,218.4514,6.634984,29.1874,22,59.0909,true,3.18451450
7,LowVolume5,3,299.4118,6.468062,42.7987,20,55.0000,true,3.99411849
8,LowVolume5,3,112.1754,4.828142,57.2602,20,55.0000,true,2.12175361
9,LowVolume5,3,1282.1457,10.544431,27.3146,18,66.6667,true,13.82145701
10,LowVolume5,3,1417.6305,11.006991,34.9246,16,68.7500,true,15.17630546
11,LowVolume5,3,297.7373,9.465184,35.0771,16,62.5000,true,3.97737260
12,LowVolume5,3,448.5580,9.601788,46.3998,14,50.0000,true,5.48558025
13,LowVolume5,3,85.7028,5.441662,40.8325,14,35.7143,true,1.85702762
14,LowVolume5,3,284.8515,7.542401,39.0977,14,42.8571,true,3.84851499
15,LowVolume5,3,107.7169,5.468340,49.1772,14,35.7143,true,2.07716917
16,LowVolume5,3,2.5947,2.829375,64.3352,14,35.7143,true,1.02594717
17,LowVolume5,3,92.8031,5.976202,44.7484,12,41.6667,true,1.92803110
18,LowVolume5,3,171.9500,7.349848,57.6950,12,41.6667,true,2.71949953
19,LowVolume5,3,184.8386,7.643799,45.6369,12,41.6667,true,2.84838633
20,LowVolume5,3,32.6957,4.146320,49.1745,12,41.6667,true,1.32695740
21,LowVolume5,3,212.9468,7.270075,63.6105,12,41.6667,true,3.12946791
22,LowVolume5,3,286.7670,8.264141,62.8716,12,41.6667,true,3.86767008
23,LowVolume5,3,261.1707,9.170231,42.1910,11,45.4545,true,3.61170707
24,LowVolume5,3,269.4416,9.269168,42.1910,11,45.4545,true,3.69441608
25,LowVolume5,3,245.8716,9.267278,42.1910,11,45.4545,true,3.45871640
26,LowVolume5,3,290.6485,10.450190,42.1910,10,50.0000,true,3.90648533
27,LowVolume5,3,293.1083,10.545055,42.1910,10,50.0000,true,3.93108324
28,LowVolume5,3,174.9178,8.572724,42.1910,10,50.0000,true,2.74917831
29,LowVolume5,3,180.2604,8.677424,42.1910,10,50.0000,true,2.80260364
30,LowVolume5,3,165.2345,8.321593,42.1910,10,50.0000,true,2.65234491
31,LowVolume5,3,193.6167,8.939846,42.1910,10,50.0000,true,2.93616696
32,LowVolume5,3,187.2724,8.792290,42.1910,10,50.0000,true,2.87272438
33,LowVolume5,3,167.3492,8.321259,42.1910,10,50.0000,true,2.67349243
34,LowVolume5,3,166.6814,8.287818,42.1910,10,50.0000,true,2.66681426
35,LowVolume5,3,166.6814,8.287818,42.1910,10,50.0000,true,2.66681426
36,LowVolume5,3,166.6814,8.287818,42.1910,10,50.0000,true,2.66681426
37,LowVolume5,3,166.6814,8.287818,42.1910,10,50.0000,true,2.66681426
38,LowVolume5,3,166.6814,8.287818,42.1910,10,50.0000,true,2.66681426
39,LowVolume5,3,166.6814,8.287818,42.1910,10,50.0000,true,2.66681426
40,LowVolume5,3,166.6814,8.287818,42.1910,10,50.0000,true,2.66681426
41,LowVolume5,3,166.6814,8.287818,42.1910,10,50.0000,true,2.66681426
42,LowVolume5,3,166.6814,8.287818,42.1910,10,50.0000,true,2.66681426
43,LowVolume5,3,166.6814,8.287818,42.1910,10,50.0000,true,2.66681426
44,LowVolume5,3,166.6814,8.287818,42.1910,10,50.0000,true,2.66681426
45,LowVolume5,3,166.6814,8.287818,42.1910,10,50.0000,true,2.66681426
46,LowVolume5,3,166.6814,8.287818,42.1910,10,50.0000,true,2.66681426
47,LowVolume5,3,166.6814,8.287818,42.1910,10,50.0000,true,2.66681426
48,LowVolume5,3,166.6814,8.287818,42.1910,10,50.0000,true,2.66681426
49,LowVolume5,3,166.6814,8.287818,42.1910,10,50.0000,true,2.66681426
50,LowVolume5,3,166.6814,8.287818,42.1910,10,50.0000,true,2.66681426
51,LowVolume5,3,166.6814,8.287818,42.1910,10,50.0000,true,2.66681426
52,LowVolume5,3,166.6814,8.287818,42.1910,10,50.0000,true,2.66681426
53,LowVolume5,3,166.6814,8.287818,42.1910,10,50.0000,true,2.66681426
54,LowVolume5,3,166.6814,8.287818,42.1910,10,50.0000,true,2.66681426
55,LowVolume5,3,166.6814,8.287818,42.1910,10,50.0000,true,2.66681426
56,LowVolume5,3,166.6814,8.287818,42.1910,10,50.0000,true,2.66681426
57,LowVolume5,3,166.6814,8.287818,42.1910,10,50.0000,true,2.66681426
58,LowVolume5,3,166.6814,8.287818,42.1910,10,50.0000,true,2.66681426
59,LowVolume5,3,166.6814,8.287818,42.1910,10,50.0000,true,2.66681426
60,LowVolume5,3,166.6814,8.287818,42.1910,10,50.0000,true,2.66681426
61,LowVolume5,3,166.6814,8.287818,42.1910,10,50.0000,true,2.66681426
62,LowVolume5,3,166.6814,8.287818,42.1910,10,50.0000,true,2.66681426
63,LowVolume5,3,166.6814,8.287818,42.1910,10,50.0000,true,2.66681426
64,LowVolume5,3,166.6814,8.287818,42.1910,10,50.0000,true,2.66681426
65,LowVolume5,3,166.6814,8.287818,42.1910,10,50.0000,true,2.66681426
66,LowVolume5,3,166.6814,8.287818,42.1910,10,50.0000,true,2.66681426
67,LowVolume5,3,166.6814,8.287818,42.1910,10,50.0000,true,2.66681426
68,LowVolume5,3,166.6814,8.287818,42.1910,10,50.0000,true,2.66681426
69,LowVolume5,3,166.6814,8.287818,42.1910,10,50.0000,true,2.66681426
70,LowVolume5,3,166.6814,8.287818,42.1910,10,50.0000,true,2.66681426
71,LowVolume5,3,166.6814,8.287818,42.1910,10,50.0000,true,2.66681426
72,LowVolume5,3,166.6814,8.287818,42.1910,10,50.0000,true,2.66681426
73,LowVolume5,3,166.6814,8.287818,42.1910,10,50.0000,true,2.66681426
74,LowVolume5,3,166.6814,8.287818,42.1910,10,50.0000,true,2.66681426
75,LowVolume5,3,166.6814,8.287818,42.1910,10,50.0000,true,2.66681426
76,LowVolume5,3,166.6814,8.287818,42.1910,10,50.0000,true,2.66681426
77,LowVolume5,3,166.6814,8.287818,42.1910,10,50.0000,true,2.66681426
78,LowVolume5,3,166.6814,8.287818,42.1910,10,50.0000,true,2.66681426
79,LowVolume5,3,166.6814,8.287818,42.1910,10,50.0000,true,2.66681426
80,LowVolume5,3,166.6814,8.287818,42.1910,10,50.0000,true,2.66681426
81,LowVolume5,3,166.6814,8.287818,42.1910,10,50.0000,true,2.66681426
82,LowVolume5,3,166.6814,8.287818,42.1910,10,50.0000,true,2.66681426
83,LowVolume5,3,166.6814,8.287818,42.1910,10,50.0000,true,2.66681426
84,LowVolume5,3,166.6814,8.287818,42.1910,10,50.0000,true,2.66681426
85,LowVolume5,3,166.6814,8.287818,42.1910,10,50.0000,true,2.66681426
86,LowVolume5,3,166.6814,8.287818,42.1910,10,50.0000,true,2.66681426
87,LowVolume5,3,166.6814,8.287818,42.1910,10,50.0000,true,2.66681426
88,LowVolume5,3,166.6814,8.287818,42.1910,10,50.0000,true,2.66681426
89,LowVolume5,3,166.6814,8.287818,42.1910,10,50.0000,true,2.66681426
90,LowVolume5,3,166.6814,8.287818,42.1910,10,50.0000,true,2.66681426
91,LowVolume5,3,166.6814,8.287818,42.1910,10,50.0000,true,2.66681426
92,LowVolume5,3,166.6814,8.287818,42.1910,10,50.0000,true,2.66681426
93,LowVolume5,3,166.6814,8.287818,42.1910,10,50.0000,true,2.66681426
94,LowVolume5,3,166.6814,8.287818,42.1910,10,50.0000,true,2.66681426
95,LowVolume5,3,166.6814,8.287818,42.1910,10,50.0000,true,2.66681426
96,LowVolume5,3,166.6814,8.287818,42.1910,10,50.0000,true,2.66681426
97,LowVolume5,3,166.6814,8.287818,42.1910,10,50.0000,true,2.66681426
98,LowVolume5,3,166.6814,8.287818,42.1910,10,50.0000,true,2.66681426
99,LowVolume5,3,166.6814,8.287818,42.1910,10,50.0000,true,2.66681426
100,LowVolume5,3,166.6814,8.287818,42.1910,10,50.0000,true,2.66681426
1,LowVolume5,4,-44.5049,-4.281921,46.1720,27,37.0370,false,0.55495091
2,LowVolume5,4,-63.1486,-9.397874,63.6203,24,29.1667,false,0.36851405
3,LowVolume5,4,-68.3633,-7.271022,68.5502,22,27.2727,false,0.31636684
4,LowVolume5,4,-51.2100,-5.503383,57.1492,19,42.1053,false,0.48789986
5,LowVolume5,4,-18.1376,-0.673628,36.1688,17,47.0588,false,0.81862436
6,LowVolume5,4,-51.0262,-4.378120,58.9639,17,29.4118,false,0.48973780
7,LowVolume5,4,-72.6168,-9.540687,73.2151,17,35.2941,false,0.27383154
8,LowVolume5,4,-71.9927,-9.950707,72.2363,16,25.0000,false,0.28007334
9,LowVolume5,4,-57.4291,-5.732996,58.7020,15,26.6667,false,0.42570854
10,LowVolume5,4,-55.3951,-5.745184,55.3951,14,28.5714,false,0.44604896
11,LowVolume5,4,-39.3600,-2.998207,45.2877,14,42.8571,false,0.60640001
12,LowVolume5,4,-48.5591,-4.593148,49.4247,13,30.7692,false,0.51440880
13,LowVolume5,4,-40.1064,-3.269266,40.1064,12,25.0000,false,0.59893564
14,LowVolume5,4,-52.3173,-6.213597,52.3173,11,27.2727,false,0.47682668
15,LowVolume5,4,-59.4376,-8.312865,59.4376,11,18.1818,false,0.40562444
16,LowVolume5,4,-58.5613,-7.922132,58.5613,11,18.1818,false,0.41438734
17,LowVolume5,4,-63.2840,-9.330110,63.2840,11,9.0909,false,0.36715968
18,LowVolume5,4,-62.5120,-8.888617,62.5120,11,18.1818,false,0.37488016
19,LowVolume5,4,-61.1491,-8.350991,61.1491,11,18.1818,false,0.38850858
20,LowVolume5,4,-62.4330,-8.771735,62.4330,11,18.1818,false,0.37567022
21,LowVolume5,4,-62.0972,-8.609646,62.0972,11,18.1818,false,0.37902794
22,LowVolume5,4,-60.9714,-8.172828,60.9714,11,18.1818,false,0.39028620
23,LowVolume5,4,-60.3196,-7.909102,60.3196,11,18.1818,false,0.39680414
24,LowVolume5,4,-59.0555,-7.441089,59.0555,11,18.1818,false,0.40944498
25,LowVolume5,4,-59.9838,-7.725566,59.9838,11,18.1818,false,0.40016186
26,LowVolume5,4,-42.7725,-8.067155,42.7725,10,30.0000,false,0.57227482
27,LowVolume5,4,-43.1466,-8.190654,43.1466,10,30.0000,false,0.56853446
28,LowVolume5,4,-41.8806,-7.636744,41.8806,10,30.0000,false,0.58119414
29,LowVolume5,4,-42.4110,-6.194598,42.4110,10,20.0000,false,0.57588999
30,LowVolume5,4,-39.7863,-3.938233,39.7863,10,20.0000,false,0.60213698
31,LowVolume5,4,-41.8256,-4.011362,41.8256,10,20.0000,false,0.58174396
32,LowVolume5,4,-44.9678,-3.508293,44.9678,10,20.0000,false,0.55032158
33,LowVolume5,4,-47.2967,-4.114886,47.2967,10,20.0000,false,0.52703310
34,LowVolume5,4,-45.9330,-3.745228,45.9330,10,20.0000,false,0.54067050
35,LowVolume5,4,-19.8498,-0.681497,35.7936,9,22.2222,false,0.80150159
36,LowVolume5,4,-24.5274,-1.854386,35.7936,9,22.2222,false,0.75472581
37,LowVolume5,4,-33.9400,-4.702061,35.7936,9,22.2222,false,0.66060031
38,LowVolume5,4,-34.1121,-4.749870,35.7936,9,22.2222,false,0.65887850
39,LowVolume5,4,-34.1121,-4.749870,35.7936,9,22.2222,false,0.65887850
40,LowVolume5,4,-34.1121,-4.749870,35.7936,9,22.2222,false,0.65887850
41,LowVolume5,4,-34.1121,-4.749870,35.7936,9,22.2222,false,0.65887850
42,LowVolume5,4,-34.1121,-4.749870,35.7936,9,22.2222,false,0.65887850
43,LowVolume5,4,-34.1121,-4.749870,35.7936,9,22.2222,false,0.65887850
44,LowVolume5,4,-34.1121,-4.749870,35.7936,9,22.2222,false,0.65887850
45,LowVolume5,4,-34.1121,-4.749870,35.7936,9,22.2222,false,0.65887850
46,LowVolume5,4,-34.1121,-4.749870,35.7936,9,22.2222,false,0.65887850
47,LowVolume5,4,-34.1121,-4.749870,35.7936,9,22.2222,false,0.65887850
48,LowVolume5,4,-34.1121,-4.749870,35.7936,9,22.2222,false,0.65887850
49,LowVolume5,4,-34.1121,-4.749870,35.7936,9,22.2222,false,0.65887850
50,LowVolume5,4,-34.1121,-4.749870,35.7936,9,22.2222,false,0.65887850
51,LowVolume5,4,-34.1121,-4.749870,35.7936,9,22.2222,false,0.65887850
52,LowVolume5,4,-34.1121,-4.749870,35.7936,9,22.2222,false,0.65887850
53,LowVolume5,4,-34.1121,-4.749870,35.7936,9,22.2222,false,0.65887850
54,LowVolume5,4,-34.1121,-4.749870,35.7936,9,22.2222,false,0.65887850
55,LowVolume5,4,-34.1121,-4.749870,35.7936,9,22.2222,false,0.65887850
56,LowVolume5,4,-34.1121,-4.749870,35.7936,9,22.2222,false,0.65887850
57,LowVolume5,4,-34.1121,-4.749870,35.7936,9,22.2222,false,0.65887850
58,LowVolume5,4,-34.1121,-4.749870,35.7936,9,22.2222,false,0.65887850
59,LowVolume5,4,-34.1121,-4.749870,35.7936,9,22.2222,false,0.65887850
60,LowVolume5,4,-34.1121,-4.749870,35.7936,9,22.2222,false,0.65887850
61,LowVolume5,4,-34.1121,-4.749870,35.7936,9,22.2222,false,0.65887850
62,LowVolume5,4,-34.1121,-4.749870,35.7936,9,22.2222,false,0.65887850
63,LowVolume5,4,-34.1121,-4.749870,35.7936,9,22.2222,false,0.65887850
64,LowVolume5,4,-34.1121,-4.749870,35.7936,9,22.2222,false,0.65887850
65,LowVolume5,4,-34.1121,-4.749870,35.7936,9,22.2222,false,0.65887850
66,LowVolume5,4,-34.1121,-4.749870,35.7936,9,22.2222,false,0.65887850
67,LowVolume5,4,-34.1121,-4.749870,35.7936,9,22.2222,false,0.65887850
68,LowVolume5,4,-34.1121,-4.749870,35.7936,9,22.2222,false,0.65887850
69,LowVolume5,4,-34.1121,-4.749870,35.7936,9,22.2222,false,0.65887850
70,LowVolume5,4,-34.1121,-4.749870,35.7936,9,22.2222,false,0.65887850
71,LowVolume5,4,-34.1121,-4.749870,35.7936,9,22.2222,false,0.65887850
72,LowVolume5,4,-34.1121,-4.749870,35.7936,9,22.2222,false,0.65887850
73,LowVolume5,4,-34.1121,-4.749870,35.7936,9,22.2222,false,0.65887850
74,LowVolume5,4,-34.1121,-4.749870,35.7936,9,22.2222,false,0.65887850
75,LowVolume5,4,-34.1121,-4.749870,35.7936,9,22.2222,false,0.65887850
76,LowVolume5,4,-34.1121,-4.749870,35.7936,9,22.2222,false,0.65887850
77,LowVolume5,4,-34.1121,-4.749870,35.7936,9,22.2222,false,0.65887850
78,LowVolume5,4,-34.1121,-4.749870,35.7936,9,22.2222,false,0.65887850
79,LowVolume5,4,-34.1121,-4.749870,35.7936,9,22.2222,false,0.65887850
80,LowVolume5,4,-34.1121,-4.749870,35.7936,9,22.2222,false,0.65887850
81,LowVolume5,4,-34.1121,-4.749870,35.7936,9,22.2222,false,0.65887850
82,LowVolume5,4,-34.1121,-4.749870,35.7936,9,22.2222,false,0.65887850
83,LowVolume5,4,-34.1121,-4.749870,35.7936,9,22.2222,false,0.65887850
84,LowVolume5,4,-34.1121,-4.749870,35.7936,9,22.2222,false,0.65887850
85,LowVolume5,4,-34.1121,-4.749870,35.7936,9,22.2222,false,0.65887850
86,LowVolume5,4,-34.1121,-4.749870,35.7936,9,22.2222,false,0.65887850
87,LowVolume5,4,-34.1121,-4.749870,35.7936,9,22.2222,false,0.65887850
88,LowVolume5,4,-34.1121,-4.749870,35.7936,9,22.2222,false,0.65887850
89,LowVolume5,4,-34.1121,-4.749870,35.7936,9,22.2222,false,0.65887850
90,LowVolume5,4,-34.1121,-4.749870,35.7936,9,22.2222,false,0.65887850
91,LowVolume5,4,-34.1121,-4.749870,35.7936,9,22.2222,false,0.65887850
92,LowVolume5,4,-34.1121,-4.749870,35.7936,9,22.2222,false,0.65887850
93,LowVolume5,4,-34.1121,-4.749870,35.7936,9,22.2222,false,0.65887850
94,LowVolume5,4,-34.1121,-4.749870,35.7936,9,22.2222,false,0.65887850
95,LowVolume5,4,-34.1121,-4.749870,35.7936,9,22.2222,false,0.65887850
96,LowVolume5,4,-34.1121,-4.749870,35.7936,9,22.2222,false,0.65887850
97,LowVolume5,4,-34.1121,-4.749870,35.7936,9,22.2222,false,0.65887850
98,LowVolume5,4,-34.1121,-4.749870,35.7936,9,22.2222,false,0.65887850
99,LowVolume5,4,-34.1121,-4.749870,35.7936,9,22.2222,false,0.65887850
100,LowVolume5,4,-34.1121,-4.749870,35.7936,9,22.2222,false,0.65887850
1,LowVolume5,5,-4.5915,0.096538,22.3370,40,45.0000,false,0.95408453
2,LowVolume5,5,9.1233,1.429124,33.0028,31,58.0645,true,1.09123347
3,LowVolume5,5,-59.7239,-6.906280,60.3625,30,26.6667,false,0.40276061
4,LowVolume5,5,-52.0875,-3.220571,60.5880,28,42.8571,false,0.47912544
5,LowVolume5,5,-76.3574,-6.270197,77.0178,26,34.6154,false,0.23642578
6,LowVolume5,5,-66.2295,-5.259399,67.7972,25,28.0000,false,0.33770507
7,LowVolume5,5,-54.8188,-2.774725,67.4340,23,39.1304,false,0.45181238
8,LowVolume5,5,-61.5729,-3.945333,66.6209,21,33.3333,false,0.38427078
9,LowVolume5,5,-71.4325,-5.714310,71.4325,20,30.0000,false,0.28567505
10,LowVolume5,5,-72.8047,-7.726894,72.8047,19,21.0526,false,0.27195349
11,LowVolume5,5,-70.3841,-5.987437,76.8382,19,21.0526,false,0.29615905
12,LowVolume5,5,-71.3560,-6.457310,79.3294,18,22.2222,false,0.28644043
13,LowVolume5,5,-74.8521,-7.473055,79.3294,18,16.6667,false,0.25147851
14,LowVolume5,5,-75.8526,-7.837295,79.3294,18,16.6667,false,0.24147404
15,LowVolume5,5,-75.7626,-7.635329,79.3294,18,16.6667,false,0.24237443
16,LowVolume5,5,-76.3571,-7.828234,79.3294,18,16.6667,false,0.23642927
17,LowVolume5,5,-77.5822,-8.349489,79.3294,18,16.6667,false,0.22417781
18,LowVolume5,5,-73.3295,-7.177223,79.3294,17,23.5294,false,0.26670525
19,LowVolume5,5,-82.9169,-10.151239,82.9169,18,11.1111,false,0.17083130
20,LowVolume5,5,-84.0827,-9.766385,84.0827,18,11.1111,false,0.15917283
21,LowVolume5,5,-84.5862,-9.380668,84.5862,18,11.1111,false,0.15413794
22,LowVolume5,5,-78.1981,-8.879808,79.3294,17,11.7647,false,0.21801934
23,LowVolume5,5,-78.2563,-8.873435,79.3294,17,11.7647,false,0.21743683
24,LowVolume5,5,-78.9024,-9.124222,79.3294,17,11.7647,false,0.21097621
25,LowVolume5,5,-79.4384,-9.348396,79.4384,17,11.7647,false,0.20561645
26,LowVolume5,5,-79.4384,-9.348396,79.4384,17,11.7647,false,0.20561645
27,LowVolume5,5,-79.4384,-9.348396,79.4384,17,11.7647,false,0.20561645
28,LowVolume5,5,-79.4384,-9.348396,79.4384,17,11.7647,false,0.20561645
29,LowVolume5,5,-79.4384,-9.348396,79.4384,17,11.7647,false,0.20561645
30,LowVolume5,5,-79.4384,-9.348396,79.4384,17,11.7647,false,0.20561645
31,LowVolume5,5,-79.4384,-9.348396,79.4384,17,11.7647,false,0.20561645
32,LowVolume5,5,-79.4384,-9.348396,79.4384,17,11.7647,false,0.20561645
33,LowVolume5,5,-79.4384,-9.348396,79.4384,17,11.7647,false,0.20561645
34,LowVolume5,5,-79.4384,-9.348396,79.4384,17,11.7647,false,0.20561645
35,LowVolume5,5,-79.4384,-9.348396,79.4384,17,11.7647,false,0.20561645
36,LowVolume5,5,-79.4384,-9.348396,79.4384,17,11.7647,false,0.20561645
37,LowVolume5,5,-79.4384,-9.348396,79.4384,17,11.7647,false,0.20561645
38,LowVolume5,5,-79.4384,-9.348396,79.4384,17,11.7647,false,0.20561645
39,LowVolume5,5,-79.4384,-9.348396,79.4384,17,11.7647,false,0.20561645
40,LowVolume5,5,-79.4384,-9.348396,79.4384,17,11.7647,false,0.20561645
41,LowVolume5,5,-79.4384,-9.348396,79.4384,17,11.7647,false,0.20561645
42,LowVolume5,5,-79.4384,-9.348396,79.4384,17,11.7647,false,0.20561645
43,LowVolume5,5,-79.4384,-9.348396,79.4384,17,11.7647,false,0.20561645
44,LowVolume5,5,-79.4384,-9.348396,79.4384,17,11.7647,false,0.20561645
45,LowVolume5,5,-79.4384,-9.348396,79.4384,17,11.7647,false,0.20561645
46,LowVolume5,5,-79.4384,-9.348396,79.4384,17,11.7647,false,0.20561645
47,LowVolume5,5,-79.4384,-9.348396,79.4384,17,11.7647,false,0.20561645
48,LowVolume5,5,-79.4384,-9.348396,79.4384,17,11.7647,false,0.20561645
49,LowVolume5,5,-79.4384,-9.348396,79.4384,17,11.7647,false,0.20561645
50,LowVolume5,5,-79.4384,-9.348396,79.4384,17,11.7647,false,0.20561645
51,LowVolume5,5,-79.4384,-9.348396,79.4384,17,11.7647,false,0.20561645
52,LowVolume5,5,-79.4384,-9.348396,79.4384,17,11.7647,false,0.20561645
53,LowVolume5,5,-79.4384,-9.348396,79.4384,17,11.7647,false,0.20561645
54,LowVolume5,5,-79.4384,-9.348396,79.4384,17,11.7647,false,0.20561645
55,LowVolume5,5,-79.4384,-9.348396,79.4384,17,11.7647,false,0.20561645
56,LowVolume5,5,-79.4384,-9.348396,79.4384,17,11.7647,false,0.20561645
57,LowVolume5,5,-79.4384,-9.348396,79.4384,17,11.7647,false,0.20561645
58,LowVolume5,5,-79.4384,-9.348396,79.4384,17,11.7647,false,0.20561645
59,LowVolume5,5,-79.4384,-9.348396,79.4384,17,11.7647,false,0.20561645
60,LowVolume5,5,-79.4384,-9.348396,79.4384,17,11.7647,false,0.20561645
61,LowVolume5,5,-79.4384,-9.348396,79.4384,17,11.7647,false,0.20561645
62,LowVolume5,5,-79.4384,-9.348396,79.4384,17,11.7647,false,0.20561645
63,LowVolume5,5,-79.4384,-9.348396,79.4384,17,11.7647,false,0.20561645
64,LowVolume5,5,-79.4384,-9.348396,79.4384,17,11.7647,false,0.20561645
65,LowVolume5,5,-79.4384,-9.348396,79.4384,17,11.7647,false,0.20561645
66,LowVolume5,5,-79.4384,-9.348396,79.4384,17,11.7647,false,0.20561645
67,LowVolume5,5,-79.4384,-9.348396,79.4384,17,11.7647,false,0.20561645
68,LowVolume5,5,-79.4384,-9.348396,79.4384,17,11.7647,false,0.20561645
69,LowVolume5,5,-79.4384,-9.348396,79.4384,17,11.7647,false,0.20561645
70,LowVolume5,5,-79.4384,-9.348396,79.4384,17,11.7647,false,0.20561645
71,LowVolume5,5,-79.4384,-9.348396,79.4384,17,11.7647,false,0.20561645
72,LowVolume5,5,-79.4384,-9.348396,79.4384,17,11.7647,false,0.20561645
73,LowVolume5,5,-79.4384,-9.348396,79.4384,17,11.7647,false,0.20561645
74,LowVolume5,5,-79.4384,-9.348396,79.4384,17,11.7647,false,0.20561645
75,LowVolume5,5,-79.4384,-9.348396,79.4384,17,11.7647,false,0.20561645
76,LowVolume5,5,-79.4384,-9.348396,79.4384,17,11.7647,false,0.20561645
77,LowVolume5,5,-79.4384,-9.348396,79.4384,17,11.7647,false,0.20561645
78,LowVolume5,5,-79.4384,-9.348396,79.4384,17,11.7647,false,0.20561645
79,LowVolume5,5,-79.4384,-9.348396,79.4384,17,11.7647,false,0.20561645
80,LowVolume5,5,-79.4384,-9.348396,79.4384,17,11.7647,false,0.20561645
81,LowVolume5,5,-79.4384,-9.348396,79.4384,17,11.7647,false,0.20561645
82,LowVolume5,5,-79.4384,-9.348396,79.4384,17,11.7647,false,0.20561645
83,LowVolume5,5,-79.4384,-9.348396,79.4384,17,11.7647,false,0.20561645
84,LowVolume5,5,-79.4384,-9.348396,79.4384,17,11.7647,false,0.20561645
85,LowVolume5,5,-79.4384,-9.348396,79.4384,17,11.7647,false,0.20561645
86,LowVolume5,5,-79.4384,-9.348396,79.4384,17,11.7647,false,0.20561645
87,LowVolume5,5,-79.4384,-9.348396,79.4384,17,11.7647,false,0.20561645
88,LowVolume5,5,-79.4384,-9.348396,79.4384,17,11.7647,false,0.20561645
89,LowVolume5,5,-79.4384,-9.348396,79.4384,17,11.7647,false,0.20561645
90,LowVolume5,5,-79.4384,-9.348396,79.4384,17,11.7647,false,0.20561645
91,LowVolume5,5,-79.4384,-9.348396,79.4384,17,11.7647,false,0.20561645
92,LowVolume5,5,-79.4384,-9.348396,79.4384,17,11.7647,false,0.20561645
93,LowVolume5,5,-79.4384,-9.348396,79.4384,17,11.7647,false,0.20561645
94,LowVolume5,5,-79.4384,-9.348396,79.4384,17,11.7647,false,0.20561645
95,LowVolume5,5,-79.4384,-9.348396,79.4384,17,11.7647,false,0.20561645
96,LowVolume5,5,-79.4384,-9.348396,79.4384,17,11.7647,false,0.20561645
97,LowVolume5,5,-79.4384,-9.348396,79.4384,17,11.7647,false,0.20561645
98,LowVolume5,5,-79.4384,-9.348396,79.4384,17,11.7647,false,0.20561645
99,LowVolume5,5,-79.4384,-9.348396,79.4384,17,11.7647,false,0.20561645
100,LowVolume5,5,-79.4384,-9.348396,79.4384,17,11.7647,false,0.20561645
1,OldGuard4,0,66.0797,3.278852,51.7856,46,60.8696,true,1.66079730
2,OldGuard4,0,96.0755,4.325568,26.3460,39,61.5385,true,1.96075522
3,OldGuard4,0,43.8134,3.098615,38.0935,33,51.5152,true,1.43813371
4,OldGuard4,0,101.3355,5.409635,27.7048,29,44.8276,true,2.01335478
5,OldGuard4,0,145.8107,7.254198,32.5177,23,56.5217,true,2.45810724
6,OldGuard4,0,72.1687,5.625393,23.3449,22,50.0000,true,1.72168716
7,OldGuard4,0,101.1199,5.953126,41.2912,21,47.6190,true,2.01119902
8,OldGuard4,0,67.1145,5.544356,15.1952,18,50.0000,true,1.67114519
9,OldGuard4,0,91.5428,6.261423,20.1379,18,61.1111,true,1.91542808
10,OldGuard4,0,68.5945,5.026274,28.1814,18,55.5556,true,1.68594522
11,OldGuard4,0,83.1807,4.691304,32.1192,17,52.9412,true,1.83180697
12,OldGuard4,0,167.7465,7.233455,35.1324,15,53.3333,true,2.67746498
13,OldGuard4,0,121.2979,6.643752,28.2436,15,53.3333,true,2.21297926
14,OldGuard4,0,115.5850,6.580580,38.5057,14,57.1429,true,2.15584968
15,OldGuard4,0,175.3029,7.806838,39.1195,14,50.0000,true,2.75302853
16,OldGuard4,0,513.6478,16.421398,13.4065,13,69.2308,true,6.13647808
17,OldGuard4,0,430.4079,16.147059,13.4065,13,69.2308,true,5.30407892
18,OldGuard4,0,127.2813,6.559789,42.5991,13,53.8462,true,2.27281331
19,OldGuard4,0,210.7857,9.289569,22.7052,12,50.0000,true,3.10785738
20,OldGuard4,0,276.5033,10.581671,22.7052,13,53.8462,true,3.76503280
21,OldGuard4,0,158.1415,7.917413,22.7052,13,53.8462,true,2.58141453
22,OldGuard4,0,88.0014,5.857927,22.7052,12,41.6667,true,1.88001365
23,OldGuard4,0,169.8948,8.525468,22.7052,12,58.3333,true,2.69894758
24,OldGuard4,0,178.5330,8.995518,22.7052,11,54.5455,true,2.78533007
25,OldGuard4,0,175.0071,8.875817,22.7052,11,54.5455,true,2.75007093
26,OldGuard4,0,160.6963,8.510917,22.7052,11,54.5455,true,2.60696326
27,OldGuard4,0,117.4080,7.162144,22.7052,11,45.4545,true,2.17407968
28,OldGuard4,0,96.9528,6.395662,22.7052,11,45.4545,true,1.96952770
29,OldGuard4,0,95.1341,6.302632,22.7052,11,45.4545,true,1.95134080
30,OldGuard4,0,94.1938,6.246476,22.7052,11,45.4545,true,1.94193820
31,OldGuard4,0,92.8734,6.189552,22.7052,11,45.4545,true,1.92873409
32,OldGuard4,0,90.4648,6.092590,22.7052,11,45.4545,true,1.90464756
33,OldGuard4,0,92.4360,6.189603,22.7052,11,45.4545,true,1.92436046
34,OldGuard4,0,77.9032,5.566718,22.7052,11,45.4545,true,1.77903159
35,OldGuard4,0,79.4084,5.719671,22.7052,11,36.3636,true,1.79408440
36,OldGuard4,0,76.6472,5.580070,22.7052,11,36.3636,true,1.76647167
37,OldGuard4,0,93.6252,6.386457,22.7052,11,36.3636,true,1.93625167
38,OldGuard4,0,92.1486,6.356182,22.7052,11,36.3636,true,1.92148611
39,OldGuard4,0,144.2288,8.169379,22.7052,11,54.5455,true,2.44228846
40,OldGuard4,0,133.6247,7.861390,22.7052,11,54.5455,true,2.33624747
41,OldGuard4,0,118.4391,7.285298,22.7052,11,54.5455,true,2.18439090
42,OldGuard4,0,106.0543,6.807426,22.7052,11,45.4545,true,2.06054284
43,OldGuard4,0,106.7478,6.798624,22.7052,11,45.4545,true,2.06747771
44,OldGuard4,0,82.0167,6.060711,22.7052,11,36.3636,true,1.82016742
45,OldGuard4,0,81.2537,6.017840,22.7052,11,36.3636,true,1.81253652
46,OldGuard4,0,74.9151,5.686313,22.7052,11,36.3636,true,1.74915059
47,OldGuard4,0,80.0301,5.944583,22.7052,11,36.3636,true,1.80030142
48,OldGuard4,0,82.6294,6.070284,22.7052,11,36.3636,true,1.82629414
49,OldGuard4,0,84.0176,6.134080,22.7052,11,36.3636,true,1.84017558
50,OldGuard4,0,94.3227,6.633483,22.7052,11,36.3636,true,1.94322685
51,OldGuard4,0,155.7929,8.844706,22.7052,10,50.0000,true,2.55792872
52,OldGuard4,0,154.6045,8.800771,22.7052,10,50.0000,true,2.54604513
53,OldGuard4,0,152.5608,8.724524,22.7052,10,50.0000,true,2.52560816
54,OldGuard4,0,123.4223,7.679587,22.7052,10,50.0000,true,2.23422264
55,OldGuard4,0,120.6015,7.632649,22.7052,10,40.0000,true,2.20601455
56,OldGuard4,0,119.5456,7.839153,22.7052,10,40.0000,true,2.19545633
57,OldGuard4,0,124.2199,8.037770,22.7052,10,40.0000,true,2.24219933
58,OldGuard4,0,108.5415,7.313193,22.7052,10,40.0000,true,2.08541461
59,OldGuard4,0,97.5234,6.760308,22.7052,10,40.0000,true,1.97523413
60,OldGuard4,0,97.5234,6.760308,22.7052,10,40.0000,true,1.97523413
61,OldGuard4,0,97.5234,6.760308,22.7052,10,40.0000,true,1.97523413
62,OldGuard4,0,97.5234,6.760308,22.7052,10,40.0000,true,1.97523413
63,OldGuard4,0,97.5234,6.760308,22.7052,10,40.0000,true,1.97523413
64,OldGuard4,0,97.5234,6.760308,22.7052,10,40.0000,true,1.97523413
65,OldGuard4,0,97.5234,6.760308,22.7052,10,40.0000,true,1.97523413
66,OldGuard4,0,97.5234,6.760308,22.7052,10,40.0000,true,1.97523413
67,OldGuard4,0,97.5234,6.760308,22.7052,10,40.0000,true,1.97523413
68,OldGuard4,0,97.5234,6.760308,22.7052,10,40.0000,true,1.97523413
69,OldGuard4,0,97.5234,6.760308,22.7052,10,40.0000,true,1.97523413
70,OldGuard4,0,97.5234,6.760308,22.7052,10,40.0000,true,1.97523413
71,OldGuard4,0,97.5234,6.760308,22.7052,10,40.0000,true,1.97523413
72,OldGuard4,0,97.5234,6.760308,22.7052,10,40.0000,true,1.97523413
73,OldGuard4,0,97.5234,6.760308,22.7052,10,40.0000,true,1.97523413
74,OldGuard4,0,97.5234,6.760308,22.7052,10,40.0000,true,1.97523413
75,OldGuard4,0,97.5234,6.760308,22.7052,10,40.0000,true,1.97523413
76,OldGuard4,0,97.5234,6.760308,22.7052,10,40.0000,true,1.97523413
77,OldGuard4,0,97.5234,6.760308,22.7052,10,40.0000,true,1.97523413
78,OldGuard4,0,97.5234,6.760308,22.7052,10,40.0000,true,1.97523413
79,OldGuard4,0,97.5234,6.760308,22.7052,10,40.0000,true,1.97523413
80,OldGuard4,0,97.5234,6.760308,22.7052,10,40.0000,true,1.97523413
81,OldGuard4,0,97.5234,6.760308,22.7052,10,40.0000,true,1.97523413
82,OldGuard4,0,97.5234,6.760308,22.7052,10,40.0000,true,1.97523413
83,OldGuard4,0,97.5234,6.760308,22.7052,10,40.0000,true,1.97523413
84,OldGuard4,0,97.5234,6.760308,22.7052,10,40.0000,true,1.97523413
85,OldGuard4,0,97.5234,6.760308,22.7052,10,40.0000,true,1.97523413
86,OldGuard4,0,97.5234,6.760308,22.7052,10,40.0000,true,1.97523413
87,OldGuard4,0,97.5234,6.760308,22.7052,10,40.0000,true,1.97523413
88,OldGuard4,0,97.5234,6.760308,22.7052,10,40.0000,true,1.97523413
89,OldGuard4,0,97.5234,6.760308,22.7052,10,40.0000,true,1.97523413
90,OldGuard4,0,97.5234,6.760308,22.7052,10,40.0000,true,1.97523413
91,OldGuard4,0,97.5234,6.760308,22.7052,10,40.0000,true,1.97523413
92,OldGuard4,0,97.5234,6.760308,22.7052,10,40.0000,true,1.97523413
93,OldGuard4,0,97.5234,6.760308,22.7052,10,40.0000,true,1.97523413
94,OldGuard4,0,97.5234,6.760308,22.7052,10,40.0000,true,1.97523413
95,OldGuard4,0,97.5234,6.760308,22.7052,10,40.0000,true,1.97523413
96,OldGuard4,0,97.5234,6.760308,22.7052,10,40.0000,true,1.97523413
97,OldGuard4,0,97.5234,6.760308,22.7052,10,40.0000,true,1.97523413
98,OldGuard4,0,97.5234,6.760308,22.7052,10,40.0000,true,1.97523413
99,OldGuard4,0,97.5234,6.760308,22.7052,10,40.0000,true,1.97523413
100,OldGuard4,0,97.5234,6.760308,22.7052,10,40.0000,true,1.97523413
1,OldGuard4,1,-30.1734,-2.562730,44.9945,32,40.6250,false,0.69826649
2,OldGuard4,1,-16.0199,-1.170764,37.1984,29,44.8276,false,0.83980128
3,OldGuard4,1,-40.8598,-2.826957,45.6819,25,40.0000,false,0.59140154
4,OldGuard4,1,33.3971,3.728845,14.1897,20,55.0000,true,1.33397145
5,OldGuard4,1,-0.6617,0.770771,32.6197,20,50.0000,false,0.99338308
6,OldGuard4,1,30.3136,3.213743,29.1869,18,55.5556,true,1.30313612
7,OldGuard4,1,86.2583,6.800043,14.5004,16,62.5000,true,1.86258328
8,OldGuard4,1,2.9315,1.472518,37.4729,14,57.1429,true,1.02931535
9,OldGuard4,1,-16.9466,-0.762218,38.4596,14,50.0000,false,0.83053438
10,OldGuard4,1,20.7064,3.716655,18.5468,12,58.3333,true,1.20706388
11,OldGuard4,1,27.3683,4.486109,23.1185,12,58.3333,true,1.27368339
12,OldGuard4,1,-17.4653,-0.911541,35.1929,12,50.0000,false,0.82534698
13,OldGuard4,1,-8.6640,0.427054,36.5683,12,50.0000,false,0.91336004
14,OldGuard4,1,22.8644,4.211476,25.5803,11,54.5455,true,1.22864394
15,OldGuard4,1,11.5444,2.710181,25.5560,11,36.3636,true,1.11544427
16,OldGuard4,1,9.1959,2.410639,27.8990,11,36.3636,true,1.09195916
17,OldGuard4,1,-15.5455,-0.284370,44.8578,11,36.3636,false,0.84454465
18,OldGuard4,1,15.7737,3.395022,25.4446,10,40.0000,true,1.15773721
19,OldGuard4,1,-5.8947,0.100516,25.4446,10,40.0000,false,0.94105322
20,OldGuard4,1,-8.5419,-0.414459,25.4446,10,40.0000,false,0.91458071
21,OldGuard4,1,0.7761,1.293108,25.4446,10,40.0000,true,1.00776133
22,OldGuard4,1,8.2218,2.448422,25.4446,10,40.0000,true,1.08221799
23,OldGuard4,1,12.0104,2.963649,25.4446,10,40.0000,true,1.12010388
24,OldGuard4,1,5.9593,2.112655,25.4446,10,40.0000,true,1.05959280
25,OldGuard4,1,0.3748,1.292150,25.4446,10,40.0000,true,1.00374776
26,OldGuard4,1,-19.6834,-2.318607,33.6152,10,30.0000,false,0.80316579
27,OldGuard4,1,-17.9152,-1.837750,33.6152,10,30.0000,false,0.82084760
28,OldGuard4,1,-23.5050,-3.438570,33.6152,10,30.0000,false,0.76494985
29,OldGuard4,1,-23.5050,-3.438570,33.6152,10,30.0000,false,0.76494985
30,OldGuard4,1,-23.5050,-3.438570,33.6152,10,30.0000,false,0.76494985
31,OldGuard4,1,-23.5050,-3.438570,33.6152,10,30.0000,false,0.76494985
32,OldGuard4,1,-23.5050,-3.438570,33.6152,10,30.0000,false,0.76494985
33,OldGuard4,1,-23.5050,-3.438570,33.6152,10,30.0000,false,0.76494985
34,OldGuard4,1,-23.5050,-3.438570,33.6152,10,30.0000,false,0.76494985
35,OldGuard4,1,-23.5050,-3.438570,33.6152,10,30.0000,false,0.76494985
36,OldGuard4,1,-23.5050,-3.438570,33.6152,10,30.0000,false,0.76494985
37,OldGuard4,1,-23.5050,-3.438570,33.6152,10,30.0000,false,0.76494985
38,OldGuard4,1,-23.5050,-3.438570,33.6152,10,30.0000,false,0.76494985
39,OldGuard4,1,-23.5050,-3.438570,33.6152,10,30.0000,false,0.76494985
40,OldGuard4,1,-23.5050,-3.438570,33.6152,10,30.0000,false,0.76494985
41,OldGuard4,1,-23.5050,-3.438570,33.6152,10,30.0000,false,0.76494985
42,OldGuard4,1,-23.5050,-3.438570,33.6152,10,30.0000,false,0.76494985
43,OldGuard4,1,-23.5050,-3.438570,33.6152,10,30.0000,false,0.76494985
44,OldGuard4,1,-23.5050,-3.438570,33.6152,10,30.0000,false,0.76494985
45,OldGuard4,1,-23.5050,-3.438570,33.6152,10,30.0000,false,0.76494985
46,OldGuard4,1,-23.5050,-3.438570,33.6152,10,30.0000,false,0.76494985
47,OldGuard4,1,-23.5050,-3.438570,33.6152,10,30.0000,false,0.76494985
48,OldGuard4,1,-23.5050,-3.438570,33.6152,10,30.0000,false,0.76494985
49,OldGuard4,1,-23.5050,-3.438570,33.6152,10,30.0000,false,0.76494985
50,OldGuard4,1,-23.5050,-3.438570,33.6152,10,30.0000,false,0.76494985
51,OldGuard4,1,-23.5050,-3.438570,33.6152,10,30.0000,false,0.76494985
52,OldGuard4,1,-23.5050,-3.438570,33.6152,10,30.0000,false,0.76494985
53,OldGuard4,1,-23.5050,-3.438570,33.6152,10,30.0000,false,0.76494985
54,OldGuard4,1,-23.5050,-3.438570,33.6152,10,30.0000,false,0.76494985
55,OldGuard4,1,-23.5050,-3.438570,33.6152,10,30.0000,false,0.76494985
56,OldGuard4,1,-23.5050,-3.438570,33.6152,10,30.0000,false,0.76494985
57,OldGuard4,1,-23.5050,-3.438570,33.6152,10,30.0000,false,0.76494985
58,OldGuard4,1,-23.5050,-3.438570,33.6152,10,30.0000,false,0.76494985
59,OldGuard4,1,-23.5050,-3.438570,33.6152,10,30.0000,false,0.76494985
60,OldGuard4,1,-23.5050,-3.438570,33.6152,10,30.0000,false,0.76494985
61,OldGuard4,1,-23.5050,-3.438570,33.6152,10,30.0000,false,0.76494985
62,OldGuard4,1,-23.5050,-3.438570,33.6152,10,30.0000,false,0.76494985
63,OldGuard4,1,-23.5050,-3.438570,33.6152,10,30.0000,false,0.76494985
64,OldGuard4,1,-23.5050,-3.438570,33.6152,10,30.0000,false,0.76494985
65,OldGuard4,1,-23.5050,-3.438570,33.6152,10,30.0000,false,0.76494985
66,OldGuard4,1,-23.5050,-3.438570,33.6152,10,30.0000,false,0.76494985
67,OldGuard4,1,-23.5050,-3.438570,33.6152,10,30.0000,false,0.76494985
68,OldGuard4,1,-23.5050,-3.438570,33.6152,10,30.0000,false,0.76494985
69,OldGuard4,1,-23.5050,-3.438570,33.6152,10,30.0000,false,0.76494985
70,OldGuard4,1,-23.5050,-3.438570,33.6152,10,30.0000,false,0.76494985
71,OldGuard4,1,-23.5050,-3.438570,33.6152,10,30.0000,false,0.76494985
72,OldGuard4,1,-23.5050,-3.438570,33.6152,10,30.0000,false,0.76494985
73,OldGuard4,1,-23.5050,-3.438570,33.6152,10,30.0000,false,0.76494985
74,OldGuard4,1,-23.5050,-3.438570,33.6152,10,30.0000,false,0.76494985
75,OldGuard4,1,-23.5050,-3.438570,33.6152,10,30.0000,false,0.76494985
76,OldGuard4,1,-23.5050,-3.438570,33.6152,10,30.0000,false,0.76494985
77,OldGuard4,1,-23.5050,-3.438570,33.6152,10,30.0000,false,0.76494985
78,OldGuard4,1,-23.5050,-3.438570,33.6152,10,30.0000,false,0.76494985
79,OldGuard4,1,-23.5050,-3.438570,33.6152,10,30.0000,false,0.76494985
80,OldGuard4,1,-23.5050,-3.438570,33.6152,10,30.0000,false,0.76494985
81,OldGuard4,1,-23.5050,-3.438570,33.6152,10,30.0000,false,0.76494985
82,OldGuard4,1,-23.5050,-3.438570,33.6152,10,30.0000,false,0.76494985
83,OldGuard4,1,-23.5050,-3.438570,33.6152,10,30.0000,false,0.76494985
84,OldGuard4,1,-23.5050,-3.438570,33.6152,10,30.0000,false,0.76494985
85,OldGuard4,1,-23.5050,-3.438570,33.6152,10,30.0000,false,0.76494985
86,OldGuard4,1,-23.5050,-3.438570,33.6152,10,30.0000,false,0.76494985
87,OldGuard4,1,-23.5050,-3.438570,33.6152,10,30.0000,false,0.76494985
88,OldGuard4,1,-23.5050,-3.438570,33.6152,10,30.0000,false,0.76494985
89,OldGuard4,1,-23.5050,-3.438570,33.6152,10,30.0000,false,0.76494985
90,OldGuard4,1,-23.5050,-3.438570,33.6152,10,30.0000,false,0.76494985
91,OldGuard4,1,-23.5050,-3.438570,33.6152,10,30.0000,false,0.76494985
92,OldGuard4,1,-23.5050,-3.438570,33.6152,10,30.0000,false,0.76494985
93,OldGuard4,1,-23.5050,-3.438570,33.6152,10,30.0000,false,0.76494985
94,OldGuard4,1,-23.5050,-3.438570,33.6152,10,30.0000,false,0.76494985
95,OldGuard4,1,-23.5050,-3.438570,33.6152,10,30.0000,false,0.76494985
96,OldGuard4,1,-23.5050,-3.438570,33.6152,10,30.0000,false,0.76494985
97,OldGuard4,1,-23.5050,-3.438570,33.6152,10,30.0000,false,0.76494985
98,OldGuard4,1,-23.5050,-3.438570,33.6152,10,30.0000,false,0.76494985
99,OldGuard4,1,-23.5050,-3.438570,33.6152,10,30.0000,false,0.76494985
100,OldGuard4,1,-23.5050,-3.438570,33.6152,10,30.0000,false,0.76494985
1,OldGuard4,2,45.7515,2.567602,31.9598,40,65.0000,true,1.45751460
2,OldGuard4,2,166.2252,6.519431,17.3925,34,55.8824,true,2.66225174
3,OldGuard4,2,91.2021,3.417471,20.6487,29,44.8276,true,1.91202094
4,OldGuard4,2,-15.0338,-0.194685,39.4905,25,48.0000,false,0.84966180
5,OldGuard4,2,78.5650,3.750788,25.0490,23,56.5217,true,1.78564999
6,OldGuard4,2,96.2047,6.074163,35.9305,21,61.9048,true,1.96204741
7,OldGuard4,2,58.6048,3.822840,36.7964,18,50.0000,true,1.58604826
8,OldGuard4,2,192.6052,6.457677,23.6878,17,64.7059,true,2.92605246
9,OldGuard4,2,120.1087,5.436267,25.0977,17,64.7059,true,2.20108745
10,OldGuard4,2,106.6940,4.883189,28.2077,17,41.1765,true,2.06694006
11,OldGuard4,2,138.8543,6.192200,26.4254,16,56.2500,true,2.38854306
12,OldGuard4,2,73.1319,3.960474,28.8493,15,40.0000,true,1.73131865
13,OldGuard4,2,74.9337,4.932856,27.4409,14,35.7143,true,1.74933660
14,OldGuard4,2,35.4488,4.003662,29.5236,13,30.7692,true,1.35448828
15,OldGuard4,2,105.6740,6.777867,27.6673,13,38.4615,true,2.05673972
16,OldGuard4,2,83.2966,5.951197,34.2719,13,38.4615,true,1.83296584
17,OldGuard4,2,78.8506,5.726269,34.2719,13,38.4615,true,1.78850632
18,OldGuard4,2,90.4515,6.098238,34.2719,13,38.4615,true,1.90451459
19,OldGuard4,2,112.1536,6.761008,34.2719,13,38.4615,true,2.12153580
20,OldGuard4,2,131.0127,7.267259,34.2719,13,38.4615,true,2.31012662
21,OldGuard4,2,108.8457,6.553387,34.2719,13,38.4615,true,2.08845743
22,OldGuard4,2,142.3006,7.787842,34.2719,12,41.6667,true,2.42300597
23,OldGuard4,2,157.8402,8.118732,34.2719,12,41.6667,true,2.57840163
24,OldGuard4,2,159.5009,8.079972,34.2719,12,41.6667,true,2.59500870
25,OldGuard4,2,-32.2633,-1.248472,51.6879,13,23.0769,false,0.67736712
26,OldGuard4,2,-32.5231,-1.067310,44.7770,12,25.0000,false,0.67476940
27,OldGuard4,2,83.5785,6.163192,34.2719,11,36.3636,true,1.83578464
28,OldGuard4,2,84.4324,6.271081,34.2719,11,36.3636,true,1.84432351
29,OldGuard4,2,83.7630,5.932578,34.2719,11,36.3636,true,1.83763033
30,OldGuard4,2,97.7263,6.656921,22.5722,10,40.0000,true,1.97726256
31,OldGuard4,2,102.7289,6.843072,22.5722,10,40.0000,true,2.02728867
32,OldGuard4,2,110.5827,7.136571,22.5722,10,40.0000,true,2.10582746
33,OldGuard4,2,110.9555,7.136729,22.5722,10,40.0000,true,2.10955521
34,OldGuard4,2,107.7209,6.995144,22.5722,10,40.0000,true,2.07720879
35,OldGuard4,2,106.2545,6.921041,22.5722,10,40.0000,true,2.06254465
36,OldGuard4,2,116.0336,7.288776,22.5722,10,40.0000,true,2.16033618
37,OldGuard4,2,128.2588,7.731665,22.5722,10,40.0000,true,2.28258819
38,OldGuard4,2,129.7678,7.773948,22.5722,10,40.0000,true,2.29767759
39,OldGuard4,2,130.1129,7.773705,22.5722,10,40.0000,true,2.30112873
40,OldGuard4,2,141.1365,8.153628,22.5722,10,40.0000,true,2.41136507
41,OldGuard4,2,141.7586,8.164177,22.5722,10,40.0000,true,2.41758618
42,OldGuard4,2,138.0183,8.020222,22.5722,10,40.0000,true,2.38018325
43,OldGuard4,2,137.4182,7.985639,22.5722,10,40.0000,true,2.37418187
44,OldGuard4,2,147.6554,8.334235,22.5722,10,40.0000,true,2.47655425
45,OldGuard4,2,141.9565,8.121676,22.5722,10,40.0000,true,2.41956509
46,OldGuard4,2,121.6679,7.349246,22.5722,10,40.0000,true,2.21667905
47,OldGuard4,2,121.5393,7.327639,22.5722,10,40.0000,true,2.21539295
48,OldGuard4,2,129.0404,7.600179,22.5722,10,40.0000,true,2.29040433
49,OldGuard4,2,135.0527,7.810925,22.5722,10,40.0000,true,2.35052666
50,OldGuard4,2,154.5818,8.499762,22.5722,10,40.0000,true,2.54581759
51,OldGuard4,2,142.5492,8.056961,22.5722,10,40.0000,true,2.42549150
52,OldGuard4,2,148.2252,8.247579,22.5722,10,40.0000,true,2.48225187
53,OldGuard4,2,151.0405,8.333619,22.5722,10,40.0000,true,2.51040521
54,OldGuard4,2,141.0699,7.955598,22.5722,10,40.0000,true,2.41069940
55,OldGuard4,2,147.4958,8.175770,22.5722,10,40.0000,true,2.47495793
56,OldGuard4,2,150.2327,8.259473,22.5722,10,40.0000,true,2.50232669
57,OldGuard4,2,147.7445,8.153408,22.5722,10,40.0000,true,2.47744483
58,OldGuard4,2,136.8509,7.731643,22.5722,10,40.0000,true,2.36850881
59,OldGuard4,2,139.6579,7.820813,22.5722,10,40.0000,true,2.39657943
60,OldGuard4,2,135.9528,7.663767,22.5722,10,40.0000,true,2.35952807
61,OldGuard4,2,133.1337,7.538998,22.5722,10,40.0000,true,2.33133725
62,OldGuard4,2,133.1337,7.538998,22.5722,10,40.0000,true,2.33133725
63,OldGuard4,2,133.1337,7.538998,22.5722,10,40.0000,true,2.33133725
64,OldGuard4,2,133.1337,7.538998,22.5722,10,40.0000,true,2.33133725
65,OldGuard4,2,133.1337,7.538998,22.5722,10,40.0000,true,2.33133725
66,OldGuard4,2,133.1337,7.538998,22.5722,10,40.0000,true,2.33133725
67,OldGuard4,2,133.1337,7.538998,22.5722,10,40.0000,true,2.33133725
68,OldGuard4,2,133.1337,7.538998,22.5722,10,40.0000,true,2.33133725
69,OldGuard4,2,133.1337,7.538998,22.5722,10,40.0000,true,2.33133725
70,OldGuard4,2,133.1337,7.538998,22.5722,10,40.0000,true,2.33133725
71,OldGuard4,2,133.1337,7.538998,22.5722,10,40.0000,true,2.33133725
72,OldGuard4,2,133.1337,7.538998,22.5722,10,40.0000,true,2.33133725
73,OldGuard4,2,133.1337,7.538998,22.5722,10,40.0000,true,2.33133725
74,OldGuard4,2,133.1337,7.538998,22.5722,10,40.0000,true,2.33133725
75,OldGuard4,2,133.1337,7.538998,22.5722,10,40.0000,true,2.33133725
76,OldGuard4,2,133.1337,7.538998,22.5722,10,40.0000,true,2.33133725
77,OldGuard4,2,133.1337,7.538998,22.5722,10,40.0000,true,2.33133725
78,OldGuard4,2,133.1337,7.538998,22.5722,10,40.0000,true,2.33133725
79,OldGuard4,2,133.1337,7.538998,22.5722,10,40.0000,true,2.33133725
80,OldGuard4,2,133.1337,7.538998,22.5722,10,40.0000,true,2.33133725
81,OldGuard4,2,133.1337,7.538998,22.5722,10,40.0000,true,2.33133725
82,OldGuard4,2,133.1337,7.538998,22.5722,10,40.0000,true,2.33133725
83,OldGuard4,2,133.1337,7.538998,22.5722,10,40.0000,true,2.33133725
84,OldGuard4,2,133.1337,7.538998,22.5722,10,40.0000,true,2.33133725
85,OldGuard4,2,133.1337,7.538998,22.5722,10,40.0000,true,2.33133725
86,OldGuard4,2,133.1337,7.538998,22.5722,10,40.0000,true,2.33133725
87,OldGuard4,2,133.1337,7.538998,22.5722,10,40.0000,true,2.33133725
88,OldGuard4,2,133.1337,7.538998,22.5722,10,40.0000,true,2.33133725
89,OldGuard4,2,133.1337,7.538998,22.5722,10,40.0000,true,2.33133725
90,OldGuard4,2,133.1337,7.538998,22.5722,10,40.0000,true,2.33133725
91,OldGuard4,2,133.1337,7.538998,22.5722,10,40.0000,true,2.33133725
92,OldGuard4,2,133.1337,7.538998,22.5722,10,40.0000,true,2.33133725
93,OldGuard4,2,133.1337,7.538998,22.5722,10,40.0000,true,2.33133725
94,OldGuard4,2,133.1337,7.538998,22.5722,10,40.0000,true,2.33133725
95,OldGuard4,2,133.1337,7.538998,22.5722,10,40.0000,true,2.33133725
96,OldGuard4,2,133.1337,7.538998,22.5722,10,40.0000,true,2.33133725
97,OldGuard4,2,133.1337,7.538998,22.5722,10,40.0000,true,2.33133725
98,OldGuard4,2,133.1337,7.538998,22.5722,10,40.0000,true,2.33133725
99,OldGuard4,2,133.1337,7.538998,22.5722,10,40.0000,true,2.33133725
100,OldGuard4,2,133.1337,7.538998,22.5722,10,40.0000,true,2.33133725
1,OldGuard4,3,-21.7724,-0.302262,53.3126,41,51.2195,false,0.78227634
2,OldGuard4,3,-6.3572,0.768128,29.7614,34,52.9412,false,0.93642825
3,OldGuard4,3,6.2196,1.641812,45.2664,29,51.7241,true,1.06219574
4,OldGuard4,3,55.1431,3.516624,40.5341,25,56.0000,true,1.55143143
5,OldGuard4,3,-63.5995,-4.314193,72.0568,22,40.9091,false,0.36400545
6,OldGuard4,3,-24.9936,-0.161763,71.5485,21,38.0952,false,0.75006423
7,OldGuard4,3,51.6989,3.736729,49.8099,18,50.0000,true,1.51698919
8,OldGuard4,3,-28.1407,-0.398959,48.1172,17,52.9412,false,0.71859276
9,OldGuard4,3,185.3581,8.932606,30.8546,16,56.2500,true,2.85358146
10,OldGuard4,3,39.7542,3.675309,36.5254,16,43.7500,true,1.39754153
11,OldGuard4,3,38.1859,3.660671,51.3343,16,50.0000,true,1.38185888
12,OldGuard4,3,93.1903,5.877812,44.3284,15,46.6667,true,1.93190265
13,OldGuard4,3,12.1695,2.612159,44.7975,15,33.3333,true,1.12169503
14,OldGuard4,3,2.9553,1.985525,50.9461,15,33.3333,true,1.02955304
15,OldGuard4,3,-30.1361,0.488000,50.9625,14,35.7143,false,0.69863887
16,OldGuard4,3,41.8394,4.262550,41.0654,13,38.4615,true,1.41839365
17,OldGuard4,3,45.8906,4.613098,35.7740,11,45.4545,true,1.45890573
18,OldGuard4,3,3.6247,2.297222,38.4250,11,36.3636,true,1.03624734
19,OldGuard4,3,-14.2973,0.730074,39.9583,11,36.3636,false,0.85702676
20,OldGuard4,3,57.5068,6.371804,29.3632,10,50.0000,true,1.57506768
21,OldGuard4,3,41.0546,4.993075,29.3632,10,40.0000,true,1.41054630
22,OldGuard4,3,45.0033,5.234751,29.3632,10,40.0000,true,1.45003313
23,OldGuard4,3,55.0585,6.040323,29.3632,10,40.0000,true,1.55058503
24,OldGuard4,3,51.2258,5.834678,29.3632,10,40.0000,true,1.51225756
25,OldGuard4,3,46.8993,5.551539,29.3632,10,40.0000,true,1.46899316
26,OldGuard4,3,35.4671,5.024683,29.3632,10,40.0000,true,1.35467080
27,OldGuard4,3,37.8604,5.165188,29.3632,10,40.0000,true,1.37860404
28,OldGuard4,3,24.3389,4.182820,29.3632,10,40.0000,true,1.24338886
29,OldGuard4,3,24.3389,4.182820,29.3632,10,40.0000,true,1.24338886
30,OldGuard4,3,24.3389,4.182820,29.3632,10,40.0000,true,1.24338886
31,OldGuard4,3,24.3389,4.182820,29.3632,10,40.0000,true,1.24338886
32,OldGuard4,3,24.3389,4.182820,29.3632,10,40.0000,true,1.24338886
33,OldGuard4,3,24.3389,4.182820,29.3632,10,40.0000,true,1.24338886
34,OldGuard4,3,24.3389,4.182820,29.3632,10,40.0000,true,1.24338886
35,OldGuard4,3,24.3389,4.182820,29.3632,10,40.0000,true,1.24338886
36,OldGuard4,3,24.3389,4.182820,29.3632,10,40.0000,true,1.24338886
37,OldGuard4,3,24.3389,4.182820,29.3632,10,40.0000,true,1.24338886
38,OldGuard4,3,24.3389,4.182820,29.3632,10,40.0000,true,1.24338886
39,OldGuard4,3,24.3389,4.182820,29.3632,10,40.0000,true,1.24338886
40,OldGuard4,3,24.3389,4.182820,29.3632,10,40.0000,true,1.24338886
41,OldGuard4,3,24.3389,4.182820,29.3632,10,40.0000,true,1.24338886
42,OldGuard4,3,24.3389,4.182820,29.3632,10,40.0000,true,1.24338886
43,OldGuard4,3,24.3389,4.182820,29.3632,10,40.0000,true,1.24338886
44,OldGuard4,3,24.3389,4.182820,29.3632,10,40.0000,true,1.24338886
45,OldGuard4,3,24.3389,4.182820,29.3632,10,40.0000,true,1.24338886
46,OldGuard4,3,24.3389,4.182820,29.3632,10,40.0000,true,1.24338886
47,OldGuard4,3,24.3389,4.182820,29.3632,10,40.0000,true,1.24338886
48,OldGuard4,3,24.3389,4.182820,29.3632,10,40.0000,true,1.24338886
49,OldGuard4,3,24.3389,4.182820,29.3632,10,40.0000,true,1.24338886
50,OldGuard4,3,24.3389,4.182820,29.3632,10,40.0000,true,1.24338886
51,OldGuard4,3,24.3389,4.182820,29.3632,10,40.0000,true,1.24338886
52,OldGuard4,3,24.3389,4.182820,29.3632,10,40.0000,true,1.24338886
53,OldGuard4,3,24.3389,4.182820,29.3632,10,40.0000,true,1.24338886
54,OldGuard4,3,24.3389,4.182820,29.3632,10,40.0000,true,1.24338886
55,OldGuard4,3,24.3389,4.182820,29.3632,10,40.0000,true,1.24338886
56,OldGuard4,3,24.3389,4.182820,29.3632,10,40.0000,true,1.24338886
57,OldGuard4,3,24.3389,4.182820,29.3632,10,40.0000,true,1.24338886
58,OldGuard4,3,24.3389,4.182820,29.3632,10,40.0000,true,1.24338886
59,OldGuard4,3,24.3389,4.182820,29.3632,10,40.0000,true,1.24338886
60,OldGuard4,3,24.3389,4.182820,29.3632,10,40.0000,true,1.24338886
61,OldGuard4,3,24.3389,4.182820,29.3632,10,40.0000,true,1.24338886
62,OldGuard4,3,24.3389,4.182820,29.3632,10,40.0000,true,1.24338886
63,OldGuard4,3,24.3389,4.182820,29.3632,10,40.0000,true,1.24338886
64,OldGuard4,3,24.3389,4.182820,29.3632,10,40.0000,true,1.24338886
65,OldGuard4,3,24.3389,4.182820,29.3632,10,40.0000,true,1.24338886
66,OldGuard4,3,24.3389,4.182820,29.3632,10,40.0000,true,1.24338886
67,OldGuard4,3,24.3389,4.182820,29.3632,10,40.0000,true,1.24338886
68,OldGuard4,3,24.3389,4.182820,29.3632,10,40.0000,true,1.24338886
69,OldGuard4,3,24.3389,4.182820,29.3632,10,40.0000,true,1.24338886
70,OldGuard4,3,24.3389,4.182820,29.3632,10,40.0000,true,1.24338886
71,OldGuard4,3,24.3389,4.182820,29.3632,10,40.0000,true,1.24338886
72,OldGuard4,3,24.3389,4.182820,29.3632,10,40.0000,true,1.24338886
73,OldGuard4,3,24.3389,4.182820,29.3632,10,40.0000,true,1.24338886
74,OldGuard4,3,24.3389,4.182820,29.3632,10,40.0000,true,1.24338886
75,OldGuard4,3,24.3389,4.182820,29.3632,10,40.0000,true,1.24338886
76,OldGuard4,3,24.3389,4.182820,29.3632,10,40.0000,true,1.24338886
77,OldGuard4,3,24.3389,4.182820,29.3632,10,40.0000,true,1.24338886
78,OldGuard4,3,24.3389,4.182820,29.3632,10,40.0000,true,1.24338886
79,OldGuard4,3,24.3389,4.182820,29.3632,10,40.0000,true,1.24338886
80,OldGuard4,3,24.3389,4.182820,29.3632,10,40.0000,true,1.24338886
81,OldGuard4,3,24.3389,4.182820,29.3632,10,40.0000,true,1.24338886
82,OldGuard4,3,24.3389,4.182820,29.3632,10,40.0000,true,1.24338886
83,OldGuard4,3,24.3389,4.182820,29.3632,10,40.0000,true,1.24338886
84,OldGuard4,3,24.3389,4.182820,29.3632,10,40.0000,true,1.24338886
85,OldGuard4,3,24.3389,4.182820,29.3632,10,40.0000,true,1.24338886
86,OldGuard4,3,24.3389,4.182820,29.3632,10,40.0000,true,1.24338886
87,OldGuard4,3,24.3389,4.182820,29.3632,10,40.0000,true,1.24338886
88,OldGuard4,3,24.3389,4.182820,29.3632,10,40.0000,true,1.24338886
89,OldGuard4,3,24.3389,4.182820,29.3632,10,40.0000,true,1.24338886
90,OldGuard4,3,24.3389,4.182820,29.3632,10,40.0000,true,1.24338886
91,OldGuard4,3,24.3389,4.182820,29.3632,10,40.0000,true,1.24338886
92,OldGuard4,3,24.3389,4.182820,29.3632,10,40.0000,true,1.24338886
93,OldGuard4,3,24.3389,4.182820,29.3632,10,40.0000,true,1.24338886
94,OldGuard4,3,24.3389,4.182820,29.3632,10,40.0000,true,1.24338886
95,OldGuard4,3,24.3389,4.182820,29.3632,10,40.0000,true,1.24338886
96,OldGuard4,3,24.3389,4.182820,29.3632,10,40.0000,true,1.24338886
97,OldGuard4,3,24.3389,4.182820,29.3632,10,40.0000,true,1.24338886
98,OldGuard4,3,24.3389,4.182820,29.3632,10,40.0000,true,1.24338886
99,OldGuard4,3,24.3389,4.182820,29.3632,10,40.0000,true,1.24338886
100,OldGuard4,3,24.3389,4.182820,29.3632,10,40.0000,true,1.24338886
1,OldGuard4,4,-1.3902,0.592359,28.3355,32,43.7500,false,0.98609777
2,OldGuard4,4,-2.9128,0.570419,25.9539,28,46.4286,false,0.97087237
3,OldGuard4,4,-8.4631,0.194697,42.8951,24,50.0000,false,0.91536904
4,OldGuard4,4,-25.2322,-3.018604,40.1241,21,42.8571,false,0.74767775
5,OldGuard4,4,-43.8821,-7.420080,50.4421,20,30.0000,false,0.56117920
6,OldGuard4,4,-57.8016,-9.609088,63.7404,18,33.3333,false,0.42198423
7,OldGuard4,4,-69.4482,-9.312415,71.2121,17,35.2941,false,0.30551785
8,OldGuard4,4,-46.1375,-4.570447,54.3539,15,40.0000,false,0.53862474
9,OldGuard4,4,-42.4882,-4.340390,46.1643,13,46.1538,false,0.57511806
10,OldGuard4,4,-50.9778,-6.008080,53.7026,13,30.7692,false,0.49022172
11,OldGuard4,4,-51.0871,-5.971744,51.0871,13,23.0769,false,0.48912876
12,OldGuard4,4,-53.0784,-6.142120,53.0784,13,15.3846,false,0.46921599
13,OldGuard4,4,-36.1139,-2.619660,52.6215,13,30.7692,false,0.63886079
14,OldGuard4,4,-14.2353,-1.084254,22.4853,12,33.3333,false,0.85764696
15,OldGuard4,4,-12.6047,-1.216744,16.4623,11,36.3636,false,0.87395255
16,OldGuard4,4,-15.2679,-1.950114,17.6396,10,30.0000,false,0.84732090
17,OldGuard4,4,-17.7182,-2.482393,17.7182,10,30.0000,false,0.82281844
18,OldGuard4,4,-19.7894,-2.285715,24.7931,10,30.0000,false,0.80210566
19,OldGuard4,4,-46.5784,-5.028414,46.5784,10,20.0000,false,0.53421603
20,OldGuard4,4,-46.7942,-5.116931,47.8420,10,20.0000,false,0.53205768
21,OldGuard4,4,-50.5377,-6.104325,51.3387,10,20.0000,false,0.49462255
22,OldGuard4,4,-50.6667,-6.113392,51.3387,10,20.0000,false,0.49333256
23,OldGuard4,4,-52.4724,-6.592185,52.4724,10,20.0000,false,0.47527641
24,OldGuard4,4,-52.3530,-6.527034,52.3530,10,20.0000,false,0.47646989
25,OldGuard4,4,-50.6236,-6.019425,51.3387,10,20.0000,false,0.49376441
26,OldGuard4,4,-50.1824,-5.872676,51.3387,10,20.0000,false,0.49817618
27,OldGuard4,4,-51.1389,-5.799808,52.9913,10,20.0000,false,0.48861110
28,OldGuard4,4,-51.2205,-5.796379,52.9913,10,20.0000,false,0.48779511
29,OldGuard4,4,-50.2923,-5.269182,53.8009,10,20.0000,false,0.49707733
30,OldGuard4,4,-31.3881,-2.322697,45.7530,10,30.0000,false,0.68611947
31,OldGuard4,4,-44.6069,-4.839258,45.7530,10,30.0000,false,0.55393134
32,OldGuard4,4,-45.5707,-5.021304,45.7530,10,30.0000,false,0.54429304
33,OldGuard4,4,-56.4342,-6.867886,56.4342,10,20.0000,false,0.43565840
34,OldGuard4,4,-49.4212,-6.046005,49.4212,9,22.2222,false,0.50578842
35,OldGuard4,4,-49.4212,-6.046005,49.4212,9,22.2222,false,0.50578842
36,OldGuard4,4,-49.4212,-6.046005,49.4212,9,22.2222,false,0.50578842
37,OldGuard4,4,-49.4212,-6.046005,49.4212,9,22.2222,false,0.50578842
38,OldGuard4,4,-49.4212,-6.046005,49.4212,9,22.2222,false,0.50578842
39,OldGuard4,4,-49.4212,-6.046005,49.4212,9,22.2222,false,0.50578842
40,OldGuard4,4,-49.4212,-6.046005,49.4212,9,22.2222,false,0.50578842
41,OldGuard4,4,-49.4212,-6.046005,49.4212,9,22.2222,false,0.50578842
42,OldGuard4,4,-49.4212,-6.046005,49.4212,9,22.2222,false,0.50578842
43,OldGuard4,4,-49.4212,-6.046005,49.4212,9,22.2222,false,0.50578842
44,OldGuard4,4,-49.4212,-6.046005,49.4212,9,22.2222,false,0.50578842
45,OldGuard4,4,-49.4212,-6.046005,49.4212,9,22.2222,false,0.50578842
46,OldGuard4,4,-49.4212,-6.046005,49.4212,9,22.2222,false,0.50578842
47,OldGuard4,4,-49.4212,-6.046005,49.4212,9,22.2222,false,0.50578842
48,OldGuard4,4,-49.4212,-6.046005,49.4212,9,22.2222,false,0.50578842
49,OldGuard4,4,-49.4212,-6.046005,49.4212,9,22.2222,false,0.50578842
50,OldGuard4,4,-49.4212,-6.046005,49.4212,9,22.2222,false,0.50578842
51,OldGuard4,4,-49.4212,-6.046005,49.4212,9,22.2222,false,0.50578842
52,OldGuard4,4,-49.4212,-6.046005,49.4212,9,22.2222,false,0.50578842
53,OldGuard4,4,-49.4212,-6.046005,49.4212,9,22.2222,false,0.50578842
54,OldGuard4,4,-49.4212,-6.046005,49.4212,9,22.2222,false,0.50578842
55,OldGuard4,4,-49.4212,-6.046005,49.4212,9,22.2222,false,0.50578842
56,OldGuard4,4,-49.4212,-6.046005,49.4212,9,22.2222,false,0.50578842
57,OldGuard4,4,-49.4212,-6.046005,49.4212,9,22.2222,false,0.50578842
58,OldGuard4,4,-49.4212,-6.046005,49.4212,9,22.2222,false,0.50578842
59,OldGuard4,4,-49.4212,-6.046005,49.4212,9,22.2222,false,0.50578842
60,OldGuard4,4,-49.4212,-6.046005,49.4212,9,22.2222,false,0.50578842
61,OldGuard4,4,-49.4212,-6.046005,49.4212,9,22.2222,false,0.50578842
62,OldGuard4,4,-49.4212,-6.046005,49.4212,9,22.2222,false,0.50578842
63,OldGuard4,4,-49.4212,-6.046005,49.4212,9,22.2222,false,0.50578842
64,OldGuard4,4,-49.4212,-6.046005,49.4212,9,22.2222,false,0.50578842
65,OldGuard4,4,-49.4212,-6.046005,49.4212,9,22.2222,false,0.50578842
66,OldGuard4,4,-49.4212,-6.046005,49.4212,9,22.2222,false,0.50578842
67,OldGuard4,4,-49.4212,-6.046005,49.4212,9,22.2222,false,0.50578842
68,OldGuard4,4,-49.4212,-6.046005,49.4212,9,22.2222,false,0.50578842
69,OldGuard4,4,-49.4212,-6.046005,49.4212,9,22.2222,false,0.50578842
70,OldGuard4,4,-49.4212,-6.046005,49.4212,9,22.2222,false,0.50578842
71,OldGuard4,4,-49.4212,-6.046005,49.4212,9,22.2222,false,0.50578842
72,OldGuard4,4,-49.4212,-6.046005,49.4212,9,22.2222,false,0.50578842
73,OldGuard4,4,-49.4212,-6.046005,49.4212,9,22.2222,false,0.50578842
74,OldGuard4,4,-49.4212,-6.046005,49.4212,9,22.2222,false,0.50578842
75,OldGuard4,4,-49.4212,-6.046005,49.4212,9,22.2222,false,0.50578842
76,OldGuard4,4,-49.4212,-6.046005,49.4212,9,22.2222,false,0.50578842
77,OldGuard4,4,-49.4212,-6.046005,49.4212,9,22.2222,false,0.50578842
78,OldGuard4,4,-49.4212,-6.046005,49.4212,9,22.2222,false,0.50578842
79,OldGuard4,4,-49.4212,-6.046005,49.4212,9,22.2222,false,0.50578842
80,OldGuard4,4,-49.4212,-6.046005,49.4212,9,22.2222,false,0.50578842
81,OldGuard4,4,-49.4212,-6.046005,49.4212,9,22.2222,false,0.50578842
82,OldGuard4,4,-49.4212,-6.046005,49.4212,9,22.2222,false,0.50578842
83,OldGuard4,4,-49.4212,-6.046005,49.4212,9,22.2222,false,0.50578842
84,OldGuard4,4,-49.4212,-6.046005,49.4212,9,22.2222,false,0.50578842
85,OldGuard4,4,-49.4212,-6.046005,49.4212,9,22.2222,false,0.50578842
86,OldGuard4,4,-49.4212,-6.046005,49.4212,9,22.2222,false,0.50578842
87,OldGuard4,4,-49.4212,-6.046005,49.4212,9,22.2222,false,0.50578842
88,OldGuard4,4,-49.4212,-6.046005,49.4212,9,22.2222,false,0.50578842
89,OldGuard4,4,-49.4212,-6.046005,49.4212,9,22.2222,false,0.50578842
90,OldGuard4,4,-49.4212,-6.046005,49.4212,9,22.2222,false,0.50578842
91,OldGuard4,4,-49.4212,-6.046005,49.4212,9,22.2222,false,0.50578842
92,OldGuard4,4,-49.4212,-6.046005,49.4212,9,22.2222,false,0.50578842
93,OldGuard4,4,-49.4212,-6.046005,49.4212,9,22.2222,false,0.50578842
94,OldGuard4,4,-49.4212,-6.046005,49.4212,9,22.2222,false,0.50578842
95,OldGuard4,4,-49.4212,-6.046005,49.4212,9,22.2222,false,0.50578842
96,OldGuard4,4,-49.4212,-6.046005,49.4212,9,22.2222,false,0.50578842
97,OldGuard4,4,-49.4212,-6.046005,49.4212,9,22.2222,false,0.50578842
98,OldGuard4,4,-49.4212,-6.046005,49.4212,9,22.2222,false,0.50578842
99,OldGuard4,4,-49.4212,-6.046005,49.4212,9,22.2222,false,0.50578842
100,OldGuard4,4,-49.4212,-6.046005,49.4212,9,22.2222,false,0.50578842
1,OldGuard4,5,110.5244,4.803492,11.0388,38,44.7368,true,2.10524376
2,OldGuard4,5,84.2899,4.617392,27.4178,29,55.1724,true,1.84289882
3,OldGuard4,5,-33.9983,-2.769514,53.7550,27,29.6296,false,0.66001685
4,OldGuard4,5,-4.6313,0.758404,51.2894,25,36.0000,false,0.95368697
5,OldGuard4,5,-11.9561,0.660502,59.5739,22,31.8182,false,0.88043900
6,OldGuard4,5,-35.9349,-1.654448,64.9626,22,22.7273,false,0.64065061
7,OldGuard4,5,-25.3433,-0.798302,61.0181,20,35.0000,false,0.74656687
8,OldGuard4,5,-30.4517,-3.246945,36.6472,17,23.5294,false,0.69548261
9,OldGuard4,5,-55.5448,-6.592925,59.6971,17,23.5294,false,0.44455250
10,OldGuard4,5,-47.2047,-7.691713,53.2879,16,18.7500,false,0.52795313
11,OldGuard4,5,-32.6633,-2.995262,54.5349,15,26.6667,false,0.67336716
12,OldGuard4,5,-72.9311,-9.923558,76.1481,17,23.5294,false,0.27068890
13,OldGuard4,5,-66.0132,-8.414706,69.9361,16,25.0000,false,0.33986759
14,OldGuard4,5,-67.3184,-8.963113,69.9664,16,25.0000,false,0.32681628
15,OldGuard4,5,-69.7945,-8.848343,72.7313,16,25.0000,false,0.30205532
16,OldGuard4,5,-71.2745,-8.982348,73.4013,16,25.0000,false,0.28725497
17,OldGuard4,5,-63.2183,-9.419445,65.9640,15,26.6667,false,0.36781651
18,OldGuard4,5,-65.2830,-10.265085,67.9333,15,26.6667,false,0.34716955
19,OldGuard4,5,-65.5922,-9.770883,68.1063,15,20.0000,false,0.34407779
20,OldGuard4,5,-62.3610,-7.939575,65.1112,14,21.4286,false,0.37639024
21,OldGuard4,5,-63.5516,-7.233897,66.2148,14,21.4286,false,0.36448442
22,OldGuard4,5,-49.9798,-7.850580,58.0156,13,23.0769,false,0.50020221
23,OldGuard4,5,-50.1134,-7.877335,58.0156,13,23.0769,false,0.49886575
24,OldGuard4,5,-51.5957,-8.423969,58.0156,13,23.0769,false,0.48404314
25,OldGuard4,5,-52.3733,-8.690441,58.0156,13,23.0769,false,0.47626735
26,OldGuard4,5,-52.3733,-8.690441,58.0156,13,23.0769,false,0.47626735
27,OldGuard4,5,-52.3733,-8.690441,58.0156,13,23.0769,false,0.47626735
28,OldGuard4,5,-52.3733,-8.690441,58.0156,13,23.0769,false,0.47626735
29,OldGuard4,5,-52.3733,-8.690441,58.0156,13,23.0769,false,0.47626735
30,OldGuard4,5,-52.3733,-8.690441,58.0156,13,23.0769,false,0.47626735
31,OldGuard4,5,-52.3733,-8.690441,58.0156,13,23.0769,false,0.47626735
32,OldGuard4,5,-52.3733,-8.690441,58.0156,13,23.0769,false,0.47626735
33,OldGuard4,5,-52.3733,-8.690441,58.0156,13,23.0769,false,0.47626735
34,OldGuard4,5,-52.3733,-8.690441,58.0156,13,23.0769,false,0.47626735
35,OldGuard4,5,-52.3733,-8.690441,58.0156,13,23.0769,false,0.47626735
36,OldGuard4,5,-52.3733,-8.690441,58.0156,13,23.0769,false,0.47626735
37,OldGuard4,5,-52.3733,-8.690441,58.0156,13,23.0769,false,0.47626735
38,OldGuard4,5,-52.3733,-8.690441,58.0156,13,23.0769,false,0.47626735
39,OldGuard4,5,-52.3733,-8.690441,58.0156,13,23.0769,false,0.47626735
40,OldGuard4,5,-52.3733,-8.690441,58.0156,13,23.0769,false,0.47626735
41,OldGuard4,5,-52.3733,-8.690441,58.0156,13,23.0769,false,0.47626735
42,OldGuard4,5,-52.3733,-8.690441,58.0156,13,23.0769,false,0.47626735
43,OldGuard4,5,-52.3733,-8.690441,58.0156,13,23.0769,false,0.47626735
44,OldGuard4,5,-52.3733,-8.690441,58.0156,13,23.0769,false,0.47626735
45,OldGuard4,5,-52.3733,-8.690441,58.0156,13,23.0769,false,0.47626735
46,OldGuard4,5,-52.3733,-8.690441,58.0156,13,23.0769,false,0.47626735
47,OldGuard4,5,-52.3733,-8.690441,58.0156,13,23.0769,false,0.47626735
48,OldGuard4,5,-52.3733,-8.690441,58.0156,13,23.0769,false,0.47626735
49,OldGuard4,5,-52.3733,-8.690441,58.0156,13,23.0769,false,0.47626735
50,OldGuard4,5,-52.3733,-8.690441,58.0156,13,23.0769,false,0.47626735
51,OldGuard4,5,-52.3733,-8.690441,58.0156,13,23.0769,false,0.47626735
52,OldGuard4,5,-52.3733,-8.690441,58.0156,13,23.0769,false,0.47626735
53,OldGuard4,5,-52.3733,-8.690441,58.0156,13,23.0769,false,0.47626735
54,OldGuard4,5,-52.3733,-8.690441,58.0156,13,23.0769,false,0.47626735
55,OldGuard4,5,-52.3733,-8.690441,58.0156,13,23.0769,false,0.47626735
56,OldGuard4,5,-52.3733,-8.690441,58.0156,13,23.0769,false,0.47626735
57,OldGuard4,5,-52.3733,-8.690441,58.0156,13,23.0769,false,0.47626735
58,OldGuard4,5,-52.3733,-8.690441,58.0156,13,23.0769,false,0.47626735
59,OldGuard4,5,-52.3733,-8.690441,58.0156,13,23.0769,false,0.47626735
60,OldGuard4,5,-52.3733,-8.690441,58.0156,13,23.0769,false,0.47626735
61,OldGuard4,5,-52.3733,-8.690441,58.0156,13,23.0769,false,0.47626735
62,OldGuard4,5,-52.3733,-8.690441,58.0156,13,23.0769,false,0.47626735
63,OldGuard4,5,-52.3733,-8.690441,58.0156,13,23.0769,false,0.47626735
64,OldGuard4,5,-52.3733,-8.690441,58.0156,13,23.0769,false,0.47626735
65,OldGuard4,5,-52.3733,-8.690441,58.0156,13,23.0769,false,0.47626735
66,OldGuard4,5,-52.3733,-8.690441,58.0156,13,23.0769,false,0.47626735
67,OldGuard4,5,-52.3733,-8.690441,58.0156,13,23.0769,false,0.47626735
68,OldGuard4,5,-52.3733,-8.690441,58.0156,13,23.0769,false,0.47626735
69,OldGuard4,5,-52.3733,-8.690441,58.0156,13,23.0769,false,0.47626735
70,OldGuard4,5,-52.3733,-8.690441,58.0156,13,23.0769,false,0.47626735
71,OldGuard4,5,-52.3733,-8.690441,58.0156,13,23.0769,false,0.47626735
72,OldGuard4,5,-52.3733,-8.690441,58.0156,13,23.0769,false,0.47626735
73,OldGuard4,5,-52.3733,-8.690441,58.0156,13,23.0769,false,0.47626735
74,OldGuard4,5,-52.3733,-8.690441,58.0156,13,23.0769,false,0.47626735
75,OldGuard4,5,-52.3733,-8.690441,58.0156,13,23.0769,false,0.47626735
76,OldGuard4,5,-52.3733,-8.690441,58.0156,13,23.0769,false,0.47626735
77,OldGuard4,5,-52.3733,-8.690441,58.0156,13,23.0769,false,0.47626735
78,OldGuard4,5,-52.3733,-8.690441,58.0156,13,23.0769,false,0.47626735
79,OldGuard4,5,-52.3733,-8.690441,58.0156,13,23.0769,false,0.47626735
80,OldGuard4,5,-52.3733,-8.690441,58.0156,13,23.0769,false,0.47626735
81,OldGuard4,5,-52.3733,-8.690441,58.0156,13,23.0769,false,0.47626735
82,OldGuard4,5,-52.3733,-8.690441,58.0156,13,23.0769,false,0.47626735
83,OldGuard4,5,-52.3733,-8.690441,58.0156,13,23.0769,false,0.47626735
84,OldGuard4,5,-52.3733,-8.690441,58.0156,13,23.0769,false,0.47626735
85,OldGuard4,5,-52.3733,-8.690441,58.0156,13,23.0769,false,0.47626735
86,OldGuard4,5,-52.3733,-8.690441,58.0156,13,23.0769,false,0.47626735
87,OldGuard4,5,-52.3733,-8.690441,58.0156,13,23.0769,false,0.47626735
88,OldGuard4,5,-52.3733,-8.690441,58.0156,13,23.0769,false,0.47626735
89,OldGuard4,5,-52.3733,-8.690441,58.0156,13,23.0769,false,0.47626735
90,OldGuard4,5,-52.3733,-8.690441,58.0156,13,23.0769,false,0.47626735
91,OldGuard4,5,-52.3733,-8.690441,58.0156,13,23.0769,false,0.47626735
92,OldGuard4,5,-52.3733,-8.690441,58.0156,13,23.0769,false,0.47626735
93,OldGuard4,5,-52.3733,-8.690441,58.0156,13,23.0769,false,0.47626735
94,OldGuard4,5,-52.3733,-8.690441,58.0156,13,23.0769,false,0.47626735
95,OldGuard4,5,-52.3733,-8.690441,58.0156,13,23.0769,false,0.47626735
96,OldGuard4,5,-52.3733,-8.690441,58.0156,13,23.0769,false,0.47626735
97,OldGuard4,5,-52.3733,-8.690441,58.0156,13,23.0769,false,0.47626735
98,OldGuard4,5,-52.3733,-8.690441,58.0156,13,23.0769,false,0.47626735
99,OldGuard4,5,-52.3733,-8.690441,58.0156,13,23.0769,false,0.47626735
100,OldGuard4,5,-52.3733,-8.690441,58.0156,13,23.0769,false,0.47626735
