atr_period,lookback,threshold,pass,total,pass_pct,sharpe,ret_pct,dd_pct,trades,win_rate
5,21,0,29,45,64.4,0.855,119.3,32.6,14,0.536
5,21,5,28,45,62.2,0.500,58.7,37.8,13,0.526
5,21,10,29,45,64.4,0.596,62.7,36.0,12,0.525
5,21,15,28,45,62.2,0.779,85.7,33.6,12,0.549
5,21,20,26,45,57.8,0.987,104.2,31.1,12,0.551
5,21,25,29,45,64.4,0.977,107.0,32.1,11,0.550
5,21,30,30,45,66.7,1.032,94.5,26.5,11,0.570
5,21,40,35,45,77.8,0.877,67.4,29.0,10,0.569
5,42,0,29,45,64.4,0.855,119.3,32.6,14,0.536
5,42,5,27,45,60.0,0.744,110.5,34.5,13,0.526
5,42,10,28,45,62.2,0.948,122.2,31.9,12,0.562
5,42,15,27,45,60.0,0.990,116.8,30.6,12,0.562
5,42,20,33,45,73.3,1.038,93.2,29.2,12,0.567
5,42,25,34,45,75.6,1.025,99.7,25.5,11,0.561
5,42,30,30,45,66.7,0.782,73.7,28.2,11,0.547
5,42,40,32,45,71.1,0.883,74.5,27.0,10,0.581
5,63,0,29,45,64.4,0.855,119.3,32.6,14,0.536
5,63,5,30,45,66.7,1.052,139.9,30.7,13,0.553
5,63,10,30,45,66.7,1.000,155.0,29.7,12,0.579
5,63,15,32,45,71.1,1.023,146.6,27.9,12,0.571
5,63,20,31,45,68.9,0.909,139.9,28.9,12,0.561
5,63,25,29,45,64.4,0.668,89.7,29.9,11,0.525
5,63,30,27,45,60.0,0.222,44.4,32.4,11,0.517
5,63,40,36,45,80.0,0.661,60.9,26.7,9,0.555
5,126,0,29,45,64.4,0.855,119.3,32.6,14,0.536
5,126,5,30,45,66.7,1.138,152.2,29.3,13,0.574
5,126,10,27,45,60.0,0.897,158.0,31.9,12,0.557
5,126,15,27,45,60.0,0.646,89.9,29.1,12,0.547
5,126,20,25,45,55.6,0.636,69.8,30.5,11,0.531
5,126,25,25,45,55.6,0.638,62.3,29.5,11,0.536
5,126,30,25,45,55.6,0.487,58.9,31.8,11,0.543
5,126,40,27,45,60.0,0.348,76.5,33.6,10,0.547
5,252,0,29,45,64.4,0.855,119.3,32.6,14,0.536
5,252,5,26,45,57.8,0.786,157.5,30.6,13,0.562
5,252,10,24,45,53.3,0.520,93.3,31.9,12,0.542
5,252,15,25,45,55.6,0.584,95.1,30.6,12,0.546
5,252,20,29,45,64.4,0.822,96.0,29.2,12,0.552
5,252,25,32,45,71.1,0.750,92.8,30.8,11,0.563
5,252,30,31,45,68.9,0.943,89.1,28.0,11,0.573
5,252,40,31,45,68.9,0.659,87.1,27.1,9,0.559
5,504,0,29,45,64.4,0.855,119.3,32.6,14,0.536
5,504,5,25,45,55.6,0.982,149.4,31.3,13,0.551
5,504,10,27,45,60.0,0.790,107.3,31.7,13,0.542
5,504,15,27,45,60.0,0.664,99.3,31.8,13,0.539
5,504,20,29,45,64.4,0.719,100.2,30.5,13,0.534
5,504,25,30,45,66.7,0.771,105.9,30.7,12,0.530
5,504,30,26,45,57.8,0.589,92.7,32.3,12,0.520
5,504,40,31,45,68.9,0.759,86.4,31.4,12,0.553
6,21,0,29,45,64.4,0.855,119.3,32.6,14,0.536
6,21,5,29,45,64.4,0.552,81.0,36.9,12,0.530
6,21,10,33,45,73.3,1.102,100.7,33.5,12,0.550
6,21,15,32,45,71.1,0.937,108.0,33.7,12,0.535
6,21,20,32,45,71.1,0.898,96.0,29.9,11,0.542
6,21,25,34,45,75.6,0.989,83.8,27.7,10,0.573
6,21,30,35,45,77.8,1.050,92.5,26.0,10,0.564
6,21,40,35,45,77.8,0.945,74.6,21.9,9,0.603
6,42,0,29,45,64.4,0.855,119.3,32.6,14,0.536
6,42,5,33,45,73.3,1.101,123.5,32.8,13,0.550
6,42,10,33,45,73.3,1.202,123.7,31.7,12,0.557
6,42,15,33,45,73.3,1.205,119.3,27.9,12,0.583
6,42,20,32,45,71.1,0.947,106.4,28.2,11,0.560
6,42,25,31,45,68.9,0.678,57.4,27.9,11,0.553
6,42,30,32,45,71.1,0.762,80.2,29.5,10,0.562
6,42,40,32,45,71.1,0.435,53.2,27.2,9,0.567
6,63,0,29,45,64.4,0.855,119.3,32.6,14,0.536
6,63,5,32,45,71.1,1.169,158.0,31.4,13,0.554
6,63,10,32,45,71.1,1.261,153.6,26.9,12,0.592
6,63,15,28,45,62.2,0.824,126.6,29.3,12,0.560
6,63,20,28,45,62.2,0.662,90.6,30.6,11,0.562
6,63,25,28,45,62.2,0.787,91.3,30.8,11,0.565
6,63,30,31,45,68.9,0.821,89.0,27.7,10,0.553
6,63,40,29,45,64.4,0.392,52.6,31.0,9,0.514
6,126,0,29,45,64.4,0.855,119.3,32.6,14,0.536
6,126,5,29,45,64.4,1.165,159.1,29.7,13,0.567
6,126,10,28,45,62.2,1.040,128.9,27.9,12,0.582
6,126,15,25,45,55.6,0.690,101.1,29.2,12,0.544
6,126,20,24,45,53.3,0.512,64.1,32.2,11,0.532
6,126,25,25,45,55.6,0.514,62.8,30.9,11,0.544
6,126,30,24,45,53.3,0.753,82.6,30.6,11,0.547
6,126,40,32,45,71.1,0.527,72.7,30.6,9,0.541
6,252,0,29,45,64.4,0.855,119.3,32.6,14,0.536
6,252,5,25,45,55.6,0.757,133.5,30.4,13,0.565
6,252,10,26,45,57.8,0.790,124.6,30.2,12,0.562
6,252,15,25,45,55.6,0.512,90.8,31.2,12,0.544
6,252,20,25,45,55.6,0.619,92.6,28.7,11,0.556
6,252,25,26,45,57.8,0.488,84.8,33.1,11,0.526
6,252,30,33,45,73.3,0.999,82.3,27.5,10,0.573
6,252,40,22,45,48.9,0.299,55.0,30.0,8,0.515
6,504,0,29,45,64.4,0.855,119.3,32.6,14,0.536
6,504,5,26,45,57.8,0.903,138.7,31.9,13,0.564
6,504,10,27,45,60.0,0.734,103.3,32.1,13,0.543
6,504,15,27,45,60.0,0.737,102.2,31.0,13,0.534
6,504,20,29,45,64.4,0.893,109.2,29.7,12,0.550
6,504,25,28,45,62.2,0.854,95.0,30.8,12,0.542
6,504,30,27,45,60.0,0.804,103.4,28.5,12,0.542
6,504,40,27,45,60.0,0.629,74.0,31.7,11,0.554
7,21,0,29,45,64.4,0.855,119.3,32.6,14,0.536
7,21,5,30,45,66.7,1.032,130.2,32.9,12,0.520
7,21,10,32,45,71.1,1.077,109.5,34.1,12,0.513
7,21,15,30,45,66.7,0.956,86.5,32.0,11,0.518
7,21,20,37,45,82.2,1.080,85.9,25.1,11,0.562
7,21,25,41,45,91.1,1.157,92.0,28.5,10,0.577
7,21,30,40,45,88.9,1.184,88.6,27.2,10,0.572
7,21,40,36,45,80.0,0.822,76.8,26.3,8,0.575
7,42,0,29,45,64.4,0.855,119.3,32.6,14,0.536
7,42,5,33,45,73.3,1.021,111.2,32.3,13,0.537
7,42,10,36,45,80.0,1.340,130.5,27.7,12,0.563
7,42,15,37,45,82.2,1.243,123.0,28.0,12,0.574
7,42,20,34,45,75.6,1.092,127.3,27.1,11,0.574
7,42,25,29,45,64.4,0.674,91.7,30.8,10,0.555
7,42,30,30,45,66.7,0.554,86.1,31.0,10,0.549
7,42,40,28,45,62.2,0.374,60.4,27.9,9,0.536
7,63,0,29,45,64.4,0.855,119.3,32.6,14,0.536
7,63,5,33,45,73.3,1.032,140.5,31.8,13,0.543
7,63,10,33,45,73.3,0.963,126.3,28.4,12,0.559
7,63,15,30,45,66.7,0.749,118.0,29.1,11,0.560
7,63,20,31,45,68.9,0.709,119.3,29.9,11,0.565
7,63,25,31,45,68.9,0.749,117.1,27.9,11,0.558
7,63,30,33,45,73.3,0.704,90.6,28.0,10,0.556
7,63,40,25,45,55.6,0.528,68.7,29.7,9,0.522
7,126,0,29,45,64.4,0.855,119.3,32.6,14,0.536
7,126,5,30,45,66.7,1.211,156.0,26.8,13,0.576
7,126,10,28,45,62.2,0.938,140.7,27.6,12,0.567
7,126,15,25,45,55.6,0.646,113.5,29.7,12,0.542
7,126,20,25,45,55.6,0.547,105.8,30.9,11,0.549
7,126,25,23,45,51.1,0.166,63.5,34.7,11,0.523
7,126,30,29,45,64.4,0.524,102.3,33.8,10,0.549
7,126,40,22,45,48.9,0.166,62.1,33.8,9,0.530
7,252,0,29,45,64.4,0.855,119.3,32.6,14,0.536
7,252,5,26,45,57.8,0.754,130.4,30.6,13,0.561
7,252,10,26,45,57.8,0.699,126.1,30.0,12,0.552
7,252,15,28,45,62.2,0.620,109.7,30.9,12,0.549
7,252,20,24,45,53.3,0.324,92.3,34.3,11,0.541
7,252,25,26,45,57.8,0.446,72.2,31.0,10,0.528
7,252,30,28,45,62.2,0.941,89.7,26.0,10,0.566
7,252,40,23,45,51.1,0.376,60.2,29.8,8,0.514
7,504,0,29,45,64.4,0.855,119.3,32.6,14,0.536
7,504,5,26,45,57.8,0.886,134.0,32.1,13,0.548
7,504,10,27,45,60.0,0.655,100.6,32.1,13,0.543
7,504,15,28,45,62.2,0.814,112.5,31.1,13,0.536
7,504,20,27,45,60.0,0.674,98.5,31.6,13,0.529
7,504,25,30,45,66.7,0.902,101.8,28.7,12,0.554
7,504,30,25,45,55.6,0.601,90.5,30.8,12,0.542
7,504,40,24,45,53.3,0.513,59.8,33.3,11,0.514
8,21,0,29,45,64.4,0.855,119.3,32.6,14,0.536
8,21,5,29,45,64.4,0.659,63.3,35.3,12,0.516
8,21,10,29,45,64.4,0.757,61.6,34.8,12,0.523
8,21,15,26,45,57.8,0.612,58.7,33.0,11,0.541
8,21,20,28,45,62.2,1.044,98.1,32.3,11,0.569
8,21,25,37,45,82.2,1.352,122.2,28.3,10,0.606
8,21,30,39,45,86.7,1.490,132.0,25.1,9,0.625
8,21,40,39,45,86.7,1.096,92.0,25.7,8,0.586
8,42,0,29,45,64.4,0.855,119.3,32.6,14,0.536
8,42,5,29,45,64.4,1.069,100.6,32.3,13,0.532
8,42,10,35,45,77.8,1.392,132.7,32.3,12,0.567
8,42,15,36,45,80.0,1.368,131.4,27.9,11,0.589
8,42,20,33,45,73.3,0.919,110.6,29.4,11,0.573
8,42,25,29,45,64.4,0.618,83.6,31.5,10,0.557
8,42,30,30,45,66.7,0.590,92.2,28.6,9,0.558
8,42,40,26,45,57.8,0.226,41.5,29.7,8,0.509
8,63,0,29,45,64.4,0.855,119.3,32.6,14,0.536
8,63,5,29,45,64.4,1.043,121.9,30.6,13,0.537
8,63,10,34,45,75.6,1.128,135.7,27.0,12,0.559
8,63,15,29,45,64.4,0.721,82.5,30.7,11,0.539
8,63,20,29,45,64.4,0.678,79.4,30.9,10,0.551
8,63,25,29,45,64.4,0.655,86.0,29.8,10,0.568
8,63,30,33,45,73.3,0.769,95.6,28.7,10,0.560
8,63,40,33,45,73.3,0.852,91.3,28.4,9,0.546
8,126,0,29,45,64.4,0.855,119.3,32.6,14,0.536
8,126,5,27,45,60.0,1.294,162.6,27.0,13,0.571
8,126,10,29,45,64.4,0.996,141.1,27.6,12,0.562
8,126,15,25,45,55.6,0.711,107.8,30.8,12,0.545
8,126,20,22,45,48.9,0.458,112.1,32.0,11,0.541
8,126,25,26,45,57.8,0.645,100.5,30.5,11,0.551
8,126,30,25,45,55.6,0.510,72.3,31.8,10,0.533
8,126,40,24,45,53.3,0.276,53.6,30.2,9,0.541
8,252,0,29,45,64.4,0.855,119.3,32.6,14,0.536
8,252,5,26,45,57.8,0.742,128.9,30.8,13,0.554
8,252,10,26,45,57.8,0.763,122.5,30.0,12,0.554
8,252,15,29,45,64.4,0.584,116.7,32.4,11,0.545
8,252,20,17,45,37.8,0.046,73.5,34.3,11,0.512
8,252,25,26,45,57.8,0.700,89.0,28.1,10,0.543
8,252,30,33,45,73.3,1.077,84.2,26.1,10,0.582
8,252,40,27,45,60.0,0.598,70.2,31.3,8,0.538
8,504,0,29,45,64.4,0.855,119.3,32.6,14,0.536
8,504,5,26,45,57.8,0.904,131.8,32.4,13,0.546
8,504,10,26,45,57.8,0.757,125.2,31.9,13,0.544
8,504,15,26,45,57.8,0.667,97.9,32.2,13,0.537
8,504,20,27,45,60.0,0.735,100.6,30.8,13,0.532
8,504,25,27,45,60.0,0.801,98.6,29.0,13,0.543
8,504,30,26,45,57.8,0.794,91.3,29.9,12,0.539
8,504,40,27,45,60.0,0.840,66.7,29.5,11,0.546
9,21,0,29,45,64.4,0.855,119.3,32.6,14,0.536
9,21,5,31,45,68.9,0.530,79.0,35.8,12,0.536
9,21,10,34,45,75.6,1.062,89.4,30.3,11,0.595
9,21,15,35,45,77.8,1.391,114.8,25.9,11,0.625
9,21,20,37,45,82.2,1.378,105.0,27.3,10,0.631
9,21,25,35,45,77.8,1.219,106.1,29.0,10,0.623
9,21,30,36,45,80.0,1.079,94.7,27.8,9,0.582
9,21,40,30,45,66.7,0.502,36.8,29.2,8,0.536
9,42,0,29,45,64.4,0.855,119.3,32.6,14,0.536
9,42,5,34,45,75.6,1.255,145.2,28.1,13,0.580
9,42,10,31,45,68.9,1.215,139.5,28.5,12,0.585
9,42,15,32,45,71.1,1.063,133.1,30.2,12,0.585
9,42,20,34,45,75.6,0.824,95.5,31.8,11,0.559
9,42,25,32,45,71.1,0.759,96.9,28.4,10,0.556
9,42,30,29,45,64.4,0.646,76.4,28.7,9,0.555
9,42,40,26,45,57.8,0.396,52.3,28.1,8,0.551
9,63,0,29,45,64.4,0.855,119.3,32.6,14,0.536
9,63,5,30,45,66.7,1.141,158.6,28.1,13,0.580
9,63,10,32,45,71.1,1.008,145.2,28.3,12,0.567
9,63,15,29,45,64.4,0.737,94.2,30.5,11,0.530
9,63,20,29,45,64.4,0.754,102.0,28.0,11,0.538
9,63,25,30,45,66.7,0.667,83.4,27.8,10,0.551
9,63,30,30,45,66.7,0.775,91.0,27.0,10,0.566
9,63,40,31,45,68.9,0.692,86.4,28.7,9,0.552
9,126,0,29,45,64.4,0.855,119.3,32.6,14,0.536
9,126,5,27,45,60.0,1.080,159.8,28.1,13,0.570
9,126,10,29,45,64.4,0.777,124.4,29.1,12,0.556
9,126,15,29,45,64.4,0.861,113.6,27.1,12,0.558
9,126,20,24,45,53.3,0.682,106.9,30.7,11,0.552
9,126,25,29,45,64.4,0.766,102.6,29.8,11,0.563
9,126,30,31,45,68.9,0.939,96.9,28.6,10,0.563
9,126,40,29,45,64.4,0.647,50.2,26.4,8,0.534
9,252,0,29,45,64.4,0.855,119.3,32.6,14,0.536
9,252,5,29,45,64.4,0.735,131.0,31.0,13,0.562
9,252,10,30,45,66.7,0.669,119.2,30.9,12,0.563
9,252,15,26,45,57.8,0.524,122.6,32.3,12,0.536
9,252,20,31,45,68.9,0.944,105.0,28.6,11,0.565
9,252,25,28,45,62.2,0.531,86.0,29.9,10,0.547
9,252,30,29,45,64.4,0.776,71.9,26.9,9,0.564
9,252,40,28,45,62.2,0.778,65.9,25.9,9,0.509
9,504,0,29,45,64.4,0.855,119.3,32.6,14,0.536
9,504,5,29,45,64.4,0.811,130.3,32.1,13,0.553
9,504,10,26,45,57.8,0.790,126.5,31.5,13,0.544
9,504,15,26,45,57.8,0.713,99.9,31.3,13,0.538
9,504,20,23,45,51.1,0.535,93.0,31.6,13,0.532
9,504,25,28,45,62.2,0.846,96.1,30.0,13,0.540
9,504,30,25,45,55.6,0.712,88.5,30.9,12,0.543
9,504,40,25,45,55.6,0.673,61.8,28.1,11,0.504
10,21,0,29,45,64.4,0.855,119.3,32.6,14,0.536
10,21,5,29,45,64.4,0.659,71.2,33.9,12,0.568
10,21,10,30,45,66.7,0.961,86.4,31.0,11,0.586
10,21,15,32,45,71.1,1.200,101.2,27.9,10,0.600
10,21,20,34,45,75.6,1.184,100.6,28.3,10,0.586
10,21,25,29,45,64.4,0.603,80.2,28.4,10,0.532
10,21,30,32,45,71.1,0.746,58.9,27.8,9,0.578
10,21,40,32,45,71.1,0.457,52.8,28.4,8,0.536
10,42,0,29,45,64.4,0.855,119.3,32.6,14,0.536
10,42,5,29,45,64.4,0.992,114.6,30.2,13,0.556
10,42,10,32,45,71.1,1.035,138.6,29.8,12,0.567
10,42,15,31,45,68.9,0.812,112.9,29.5,11,0.562
10,42,20,33,45,73.3,0.813,94.6,30.4,10,0.551
10,42,25,28,45,62.2,0.570,78.9,30.1,10,0.537
10,42,30,23,45,51.1,0.269,67.0,32.5,9,0.526
10,42,40,25,45,55.6,0.328,44.7,28.6,8,0.544
10,63,0,29,45,64.4,0.855,119.3,32.6,14,0.536
10,63,5,32,45,71.1,1.051,140.4,28.5,13,0.564
10,63,10,26,45,57.8,0.536,113.5,30.9,11,0.547
10,63,15,27,45,60.0,0.433,88.9,32.1,11,0.520
10,63,20,29,45,64.4,0.540,80.8,28.9,11,0.530
10,63,25,31,45,68.9,0.735,84.2,26.7,10,0.549
10,63,30,33,45,73.3,0.674,90.1,29.2,10,0.545
10,63,40,36,45,80.0,1.045,113.5,25.9,8,0.616
10,126,0,29,45,64.4,0.855,119.3,32.6,14,0.536
10,126,5,27,45,60.0,0.866,140.0,28.7,13,0.564
10,126,10,29,45,64.4,0.678,110.0,28.8,12,0.546
10,126,15,26,45,57.8,0.813,104.0,28.8,11,0.547
10,126,20,24,45,53.3,0.675,99.5,30.4,11,0.546
10,126,25,26,45,57.8,0.496,67.8,32.1,11,0.527
10,126,30,26,45,57.8,0.417,47.6,33.7,10,0.536
10,126,40,30,45,66.7,0.501,46.7,26.2,8,0.545
10,252,0,29,45,64.4,0.855,119.3,32.6,14,0.536
10,252,5,26,45,57.8,0.616,124.8,31.9,13,0.561
10,252,10,29,45,64.4,0.806,121.6,29.4,12,0.551
10,252,15,24,45,53.3,0.427,121.8,32.5,12,0.539
10,252,20,23,45,51.1,0.511,90.7,30.9,11,0.536
10,252,25,29,45,64.4,0.842,86.6,27.0,10,0.560
10,252,30,32,45,71.1,1.134,89.5,23.8,9,0.574
10,252,40,27,45,60.0,0.698,62.1,27.4,8,0.513
10,504,0,29,45,64.4,0.855,119.3,32.6,14,0.536
10,504,5,29,45,64.4,0.769,126.8,31.9,13,0.553
10,504,10,24,45,53.3,0.632,98.5,32.8,13,0.535
10,504,15,24,45,53.3,0.665,98.8,32.0,13,0.535
10,504,20,25,45,55.6,0.731,93.4,31.2,13,0.532
10,504,25,25,45,55.6,0.750,89.0,29.9,12,0.540
10,504,30,28,45,62.2,1.099,100.0,26.9,12,0.553
10,504,40,27,45,60.0,0.793,68.2,29.4,11,0.523
11,21,0,29,45,64.4,0.855,119.3,32.6,14,0.536
11,21,5,27,45,60.0,0.627,55.6,38.1,11,0.546
11,21,10,36,45,80.0,1.129,91.7,27.5,11,0.556
11,21,15,36,45,80.0,1.115,100.6,27.6,10,0.594
11,21,20,36,45,80.0,1.095,107.4,26.7,10,0.601
11,21,25,35,45,77.8,0.927,86.7,25.7,9,0.573
11,21,30,25,45,55.6,0.297,76.7,28.2,9,0.556
11,21,40,27,45,60.0,0.277,45.2,26.5,8,0.498
11,42,0,29,45,64.4,0.855,119.3,32.6,14,0.536
11,42,5,33,45,73.3,1.282,134.0,27.7,12,0.564
11,42,10,37,45,82.2,1.293,137.6,28.2,12,0.581
11,42,15,32,45,71.1,0.810,89.7,32.0,11,0.554
11,42,20,28,45,62.2,0.526,62.9,33.8,10,0.524
11,42,25,25,45,55.6,0.358,60.2,31.3,10,0.519
11,42,30,28,45,62.2,0.278,50.9,28.6,9,0.540
11,42,40,24,45,53.3,0.133,30.1,29.6,8,0.567
11,63,0,29,45,64.4,0.855,119.3,32.6,14,0.536
11,63,5,28,45,62.2,0.917,129.9,29.1,12,0.552
11,63,10,27,45,60.0,0.641,85.4,31.0,12,0.542
11,63,15,28,45,62.2,0.575,88.8,27.8,11,0.519
11,63,20,28,45,62.2,0.582,99.9,27.6,10,0.536
11,63,25,29,45,64.4,0.660,85.0,28.6,10,0.540
11,63,30,31,45,68.9,0.614,78.6,31.0,9,0.550
11,63,40,36,45,80.0,1.084,106.7,26.4,9,0.585
11,126,0,29,45,64.4,0.855,119.3,32.6,14,0.536
11,126,5,26,45,57.8,0.955,134.1,28.2,13,0.560
11,126,10,29,45,64.4,0.691,96.5,28.9,12,0.548
11,126,15,27,45,60.0,0.552,95.4,29.0,11,0.542
11,126,20,27,45,60.0,0.679,100.5,30.0,11,0.550
11,126,25,27,45,60.0,0.534,74.8,32.3,11,0.535
11,126,30,28,45,62.2,0.637,76.5,31.5,10,0.540
11,126,40,29,45,64.4,0.282,38.9,30.3,8,0.525
11,252,0,29,45,64.4,0.855,119.3,32.6,14,0.536
11,252,5,26,45,57.8,0.608,118.8,30.7,13,0.551
11,252,10,28,45,62.2,0.638,117.7,29.4,12,0.553
11,252,15,24,45,53.3,0.441,100.8,31.3,12,0.534
11,252,20,24,45,53.3,0.327,75.6,31.7,10,0.536
11,252,25,25,45,55.6,0.419,73.2,30.1,10,0.528
11,252,30,32,45,71.1,1.023,68.6,26.3,9,0.547
11,252,40,24,45,53.3,0.396,53.7,28.3,8,0.464
11,504,0,29,45,64.4,0.855,119.3,32.6,14,0.536
11,504,5,26,45,57.8,0.802,124.4,31.5,13,0.547
11,504,10,24,45,53.3,0.632,98.5,32.8,13,0.535
11,504,15,27,45,60.0,0.738,96.0,31.1,13,0.539
11,504,20,25,45,55.6,0.733,90.9,30.8,12,0.533
11,504,25,23,45,51.1,0.478,81.2,31.7,12,0.516
11,504,30,22,45,48.9,0.455,66.9,31.7,12,0.512
11,504,40,29,45,64.4,0.945,68.5,28.4,11,0.526
12,21,0,29,45,64.4,0.855,119.3,32.6,14,0.536
12,21,5,26,45,57.8,1.019,121.9,30.0,12,0.550
12,21,10,36,45,80.0,1.282,138.7,24.8,11,0.586
12,21,15,37,45,82.2,1.071,123.2,27.7,10,0.610
12,21,20,38,45,84.4,0.876,71.5,24.5,9,0.573
12,21,25,35,45,77.8,0.426,19.3,30.7,9,0.528
12,21,30,30,45,66.7,0.214,55.7,27.7,8,0.523
12,21,40,28,45,62.2,0.043,37.4,27.8,8,0.498
12,42,0,29,45,64.4,0.855,119.3,32.6,14,0.536
12,42,5,33,45,73.3,1.499,173.2,26.8,12,0.590
12,42,10,33,45,73.3,1.163,123.3,29.8,11,0.578
12,42,15,28,45,62.2,0.670,86.0,33.5,11,0.554
12,42,20,26,45,57.8,0.417,57.0,34.7,10,0.514
12,42,25,25,45,55.6,0.199,47.0,29.3,10,0.515
12,42,30,28,45,62.2,0.364,45.5,28.2,9,0.515
12,42,40,27,45,60.0,0.134,32.7,30.5,8,0.559
12,63,0,29,45,64.4,0.855,119.3,32.6,14,0.536
12,63,5,29,45,64.4,0.917,136.7,30.4,12,0.571
12,63,10,27,45,60.0,0.794,114.7,28.7,11,0.543
12,63,15,26,45,57.8,0.580,96.4,27.8,11,0.525
12,63,20,29,45,64.4,0.656,88.2,28.5,10,0.523
12,63,25,30,45,66.7,0.594,92.9,28.6,10,0.525
12,63,30,31,45,68.9,0.701,114.4,29.2,9,0.573
12,63,40,25,45,55.6,0.396,46.4,37.2,8,0.546
12,126,0,29,45,64.4,0.855,119.3,32.6,14,0.536
12,126,5,27,45,60.0,1.043,134.9,28.3,12,0.560
12,126,10,27,45,60.0,0.649,107.0,29.2,12,0.536
12,126,15,24,45,53.3,0.542,104.6,30.6,12,0.536
12,126,20,27,45,60.0,0.653,95.7,30.6,11,0.550
12,126,25,27,45,60.0,0.619,75.9,32.1,11,0.528
12,126,30,27,45,60.0,0.435,74.4,32.0,10,0.527
12,126,40,28,45,62.2,0.251,34.8,32.4,8,0.504
12,252,0,29,45,64.4,0.855,119.3,32.6,14,0.536
12,252,5,26,45,57.8,0.641,119.9,30.9,12,0.551
12,252,10,26,45,57.8,0.533,112.8,30.7,12,0.545
12,252,15,24,45,53.3,0.483,98.0,31.7,12,0.533
12,252,20,28,45,62.2,0.587,111.6,30.6,10,0.537
12,252,25,25,45,55.6,0.647,82.7,29.4,10,0.547
12,252,30,31,45,68.9,0.581,60.6,30.4,9,0.521
12,252,40,25,45,55.6,0.544,64.3,28.0,8,0.517
12,504,0,29,45,64.4,0.855,119.3,32.6,14,0.536
12,504,5,26,45,57.8,0.802,124.4,31.5,13,0.547
12,504,10,25,45,55.6,0.651,98.9,32.6,13,0.535
12,504,15,26,45,57.8,0.894,117.0,30.5,13,0.546
12,504,20,24,45,53.3,0.633,87.6,31.1,13,0.532
12,504,25,24,45,53.3,0.413,78.5,32.3,12,0.506
12,504,30,27,45,60.0,0.805,86.9,29.2,12,0.531
12,504,40,32,45,71.1,0.958,77.1,28.7,11,0.532
13,21,0,29,45,64.4,0.855,119.3,32.6,14,0.536
13,21,5,26,45,57.8,0.943,76.3,30.4,11,0.558
13,21,10,32,45,71.1,0.655,70.2,31.0,10,0.558
13,21,15,30,45,66.7,0.553,65.1,28.5,10,0.528
13,21,20,29,45,64.4,0.203,21.2,34.7,9,0.524
13,21,25,29,45,64.4,0.361,38.7,31.9,8,0.512
13,21,30,29,45,64.4,0.207,65.4,27.0,8,0.517
13,21,40,29,45,64.4,0.139,30.3,28.6,8,0.519
13,42,0,29,45,64.4,0.855,119.3,32.6,14,0.536
13,42,5,33,45,73.3,1.291,144.9,27.3,12,0.586
13,42,10,28,45,62.2,0.589,77.0,34.5,11,0.553
13,42,15,29,45,64.4,0.572,78.9,34.3,11,0.531
13,42,20,27,45,60.0,0.555,66.7,33.5,10,0.536
13,42,25,27,45,60.0,0.492,57.9,31.8,9,0.542
13,42,30,28,45,62.2,0.274,31.5,32.1,9,0.544
13,42,40,30,45,66.7,0.233,41.0,27.3,8,0.600
13,63,0,29,45,64.4,0.855,119.3,32.6,14,0.536
13,63,5,27,45,60.0,0.876,125.6,29.0,12,0.560
13,63,10,26,45,57.8,0.783,99.0,29.3,11,0.529
13,63,15,30,45,66.7,0.736,88.3,28.4,11,0.529
13,63,20,29,45,64.4,0.617,90.5,28.5,10,0.535
13,63,25,27,45,60.0,0.553,90.5,30.1,10,0.538
13,63,30,32,45,71.1,0.625,83.6,31.3,9,0.558
13,63,40,25,45,55.6,0.498,59.1,36.3,8,0.569
13,126,0,29,45,64.4,0.855,119.3,32.6,14,0.536
13,126,5,30,45,66.7,0.877,113.1,30.3,12,0.557
13,126,10,25,45,55.6,0.500,109.8,30.3,12,0.536
13,126,15,25,45,55.6,0.507,87.1,30.7,11,0.530
13,126,20,25,45,55.6,0.617,97.7,30.8,11,0.531
13,126,25,25,45,55.6,0.666,98.5,31.4,11,0.537
13,126,30,30,45,66.7,0.616,53.9,31.2,9,0.541
13,126,40,26,45,57.8,0.272,37.4,31.4,8,0.497
13,252,0,29,45,64.4,0.855,119.3,32.6,14,0.536
13,252,5,29,45,64.4,0.642,121.9,31.2,13,0.559
13,252,10,25,45,55.6,0.583,114.0,30.7,12,0.535
13,252,15,24,45,53.3,0.594,102.1,31.5,11,0.547
13,252,20,23,45,51.1,0.295,91.9,33.0,10,0.530
13,252,25,29,45,64.4,0.686,77.1,29.2,10,0.526
13,252,30,30,45,66.7,0.589,61.2,29.1,9,0.519
13,252,40,23,45,51.1,0.511,59.2,26.7,8,0.517
13,504,0,29,45,64.4,0.855,119.3,32.6,14,0.536
13,504,5,29,45,64.4,0.791,125.6,31.5,13,0.539
13,504,10,25,45,55.6,0.651,98.9,32.6,13,0.535
13,504,15,25,45,55.6,0.839,96.4,31.7,13,0.536
13,504,20,25,45,55.6,0.433,80.3,32.3,12,0.521
13,504,25,25,45,55.6,0.441,81.1,32.1,12,0.504
13,504,30,27,45,60.0,0.982,91.2,28.3,12,0.540
13,504,40,29,45,64.4,0.936,77.7,30.7,11,0.523
14,21,0,29,45,64.4,0.855,119.3,32.6,14,0.536
14,21,5,30,45,66.7,0.986,97.9,27.9,11,0.567
14,21,10,27,45,60.0,0.350,37.3,34.7,10,0.573
14,21,15,28,45,62.2,0.250,20.1,34.0,9,0.533
14,21,20,30,45,66.7,0.382,45.0,32.6,9,0.523
14,21,25,30,45,66.7,0.240,38.1,33.0,8,0.479
14,21,30,30,45,66.7,0.181,23.8,29.4,8,0.489
14,21,40,26,45,57.8,0.012,15.6,29.7,8,0.511
14,42,0,29,45,64.4,0.855,119.3,32.6,14,0.536
14,42,5,30,45,66.7,0.611,77.2,34.4,11,0.573
14,42,10,30,45,66.7,0.575,84.1,34.5,11,0.548
14,42,15,31,45,68.9,0.779,79.1,33.5,10,0.560
14,42,20,30,45,66.7,0.721,67.2,29.3,10,0.576
14,42,25,28,45,62.2,0.430,39.4,31.5,9,0.546
14,42,30,28,45,62.2,0.280,37.4,32.9,9,0.532
14,42,40,28,45,62.2,0.374,62.6,27.9,8,0.575
14,63,0,29,45,64.4,0.855,119.3,32.6,14,0.536
14,63,5,29,45,64.4,0.590,104.4,31.5,12,0.541
14,63,10,33,45,73.3,0.823,95.7,29.6,11,0.537
14,63,15,32,45,71.1,0.715,92.1,29.3,11,0.549
14,63,20,28,45,62.2,0.557,86.1,30.8,10,0.535
14,63,25,31,45,68.9,0.514,79.0,31.2,10,0.543
14,63,30,35,45,77.8,0.692,84.2,31.2,9,0.550
14,63,40,24,45,53.3,0.527,64.5,34.4,8,0.560
14,126,0,29,45,64.4,0.855,119.3,32.6,14,0.536
14,126,5,27,45,60.0,0.781,112.3,30.2,12,0.550
14,126,10,28,45,62.2,0.512,104.4,30.7,12,0.544
14,126,15,30,45,66.7,0.625,89.4,30.4,11,0.551
14,126,20,27,45,60.0,0.637,99.0,30.0,11,0.546
14,126,25,29,45,64.4,0.663,73.0,31.1,10,0.492
14,126,30,26,45,57.8,0.222,40.7,34.1,9,0.469
14,126,40,26,45,57.8,0.371,37.0,31.0,8,0.516
14,252,0,29,45,64.4,0.855,119.3,32.6,14,0.536
14,252,5,28,45,62.2,0.637,122.9,31.5,13,0.558
14,252,10,27,45,60.0,0.513,114.6,31.0,12,0.538
14,252,15,30,45,66.7,0.669,118.0,30.5,11,0.568
14,252,20,26,45,57.8,0.171,88.7,32.9,10,0.526
14,252,25,26,45,57.8,0.428,64.0,31.1,10,0.508
14,252,30,26,45,57.8,0.461,56.8,29.5,9,0.506
14,252,40,22,45,48.9,0.517,59.0,23.1,8,0.456
14,504,0,29,45,64.4,0.855,119.3,32.6,14,0.536
14,504,5,29,45,64.4,0.791,125.6,31.5,13,0.539
14,504,10,29,45,64.4,0.790,121.1,31.4,13,0.549
14,504,15,28,45,62.2,0.705,88.6,32.8,13,0.544
14,504,20,24,45,53.3,0.382,78.9,32.2,12,0.498
14,504,25,23,45,51.1,0.416,81.4,32.1,12,0.506
14,504,30,22,45,48.9,0.701,68.7,29.4,12,0.522
14,504,40,31,45,68.9,0.945,84.1,29.5,10,0.518
15,21,0,29,45,64.4,0.855,119.3,32.6,14,0.536
15,21,5,35,45,77.8,0.927,60.2,29.3,11,0.550
15,21,10,29,45,64.4,0.213,21.9,35.2,11,0.543
15,21,15,26,45,57.8,0.044,40.4,34.2,9,0.503
15,21,20,25,45,55.6,0.178,41.3,34.4,9,0.494
15,21,25,23,45,51.1,0.104,24.7,31.7,8,0.489
15,21,30,22,45,48.9,-0.232,13.2,33.6,8,0.503
15,21,40,24,45,53.3,-0.218,4.0,31.5,8,0.483
15,42,0,29,45,64.4,0.855,119.3,32.6,14,0.536
15,42,5,32,45,71.1,0.747,77.4,33.3,12,0.555
15,42,10,31,45,68.9,0.742,76.6,34.3,11,0.549
15,42,15,28,45,62.2,0.379,54.2,34.1,10,0.547
15,42,20,29,45,64.4,0.509,61.2,32.3,10,0.557
15,42,25,30,45,66.7,0.541,47.1,31.8,9,0.546
15,42,30,30,45,66.7,0.397,62.7,30.1,9,0.561
15,42,40,31,45,68.9,0.471,66.6,29.0,8,0.568
15,63,0,29,45,64.4,0.855,119.3,32.6,14,0.536
15,63,5,30,45,66.7,0.706,106.2,30.2,12,0.550
15,63,10,34,45,75.6,0.701,86.0,29.9,11,0.538
15,63,15,29,45,64.4,0.655,89.5,28.8,11,0.536
15,63,20,30,45,66.7,0.618,80.4,32.8,10,0.550
15,63,25,30,45,66.7,0.705,90.8,30.1,10,0.565
15,63,30,31,45,68.9,0.852,86.6,32.1,9,0.575
15,63,40,22,45,48.9,0.195,55.5,33.0,8,0.541
15,126,0,29,45,64.4,0.855,119.3,32.6,14,0.536
15,126,5,28,45,62.2,0.759,101.5,30.0,12,0.553
15,126,10,29,45,64.4,0.593,99.0,30.2,12,0.552
15,126,15,31,45,68.9,0.695,98.4,29.8,11,0.564
15,126,20,29,45,64.4,0.703,107.1,31.0,11,0.530
15,126,25,28,45,62.2,0.648,57.9,32.0,10,0.517
15,126,30,26,45,57.8,0.179,39.1,35.0,10,0.463
15,126,40,23,45,51.1,0.277,31.7,32.7,9,0.502
15,252,0,29,45,64.4,0.855,119.3,32.6,14,0.536
15,252,5,27,45,60.0,0.646,124.8,31.0,13,0.559
15,252,10,28,45,62.2,0.557,116.3,30.6,12,0.546
15,252,15,28,45,62.2,0.517,100.2,32.6,11,0.546
15,252,20,27,45,60.0,0.297,78.8,32.3,10,0.524
15,252,25,27,45,60.0,0.574,64.2,30.7,10,0.506
15,252,30,25,45,55.6,0.377,55.1,31.0,9,0.492
15,252,40,19,45,42.2,0.259,48.1,25.6,8,0.408
15,504,0,29,45,64.4,0.855,119.3,32.6,14,0.536
15,504,5,29,45,64.4,0.755,124.9,31.9,13,0.540
15,504,10,28,45,62.2,0.659,108.7,32.1,13,0.549
15,504,15,24,45,53.3,0.578,85.9,32.4,13,0.504
15,504,20,23,45,51.1,0.484,81.7,31.8,12,0.510
15,504,25,23,45,51.1,0.402,80.3,32.2,12,0.503
15,504,30,21,45,46.7,0.681,67.1,30.6,12,0.513
15,504,40,30,45,66.7,0.585,58.0,35.3,11,0.531
16,21,0,29,45,64.4,0.855,119.3,32.6,14,0.536
16,21,5,30,45,66.7,0.483,54.0,34.5,11,0.567
16,21,10,24,45,53.3,0.107,25.0,37.4,11,0.518
16,21,15,22,45,48.9,-0.051,19.7,35.6,9,0.471
16,21,20,25,45,55.6,0.050,27.1,33.1,9,0.493
16,21,25,24,45,53.3,-0.195,20.4,34.0,9,0.486
16,21,30,24,45,53.3,-0.176,17.7,32.5,8,0.494
16,21,40,23,45,51.1,-0.021,7.3,28.8,7,0.492
16,42,0,29,45,64.4,0.855,119.3,32.6,14,0.536
16,42,5,30,45,66.7,0.692,73.6,33.8,12,0.552
16,42,10,31,45,68.9,0.633,68.1,32.5,11,0.555
16,42,15,28,45,62.2,0.470,66.1,31.4,10,0.560
16,42,20,28,45,62.2,0.532,68.3,31.9,10,0.553
16,42,25,29,45,64.4,0.569,58.5,29.1,9,0.548
16,42,30,29,45,64.4,0.245,59.5,32.0,9,0.548
16,42,40,28,45,62.2,0.346,46.6,28.3,8,0.541
16,63,0,29,45,64.4,0.855,119.3,32.6,14,0.536
16,63,5,31,45,68.9,0.697,83.5,30.9,12,0.527
16,63,10,31,45,68.9,0.707,95.2,28.9,11,0.542
16,63,15,30,45,66.7,0.882,92.8,28.5,10,0.551
16,63,20,32,45,71.1,0.599,85.0,30.0,10,0.521
16,63,25,30,45,66.7,0.634,86.5,30.3,10,0.548
16,63,30,27,45,60.0,0.409,68.4,32.1,9,0.514
16,63,40,23,45,51.1,0.340,56.3,33.2,8,0.551
16,126,0,29,45,64.4,0.855,119.3,32.6,14,0.536
16,126,5,28,45,62.2,0.740,116.9,29.3,12,0.553
16,126,10,29,45,64.4,0.685,90.9,29.9,12,0.545
16,126,15,30,45,66.7,0.632,91.3,29.4,11,0.552
16,126,20,30,45,66.7,0.733,108.4,30.3,11,0.515
16,126,25,24,45,53.3,0.330,71.2,33.6,10,0.490
16,126,30,25,45,55.6,0.259,42.1,34.8,10,0.488
16,126,40,23,45,51.1,0.238,30.5,34.0,9,0.454
16,252,0,29,45,64.4,0.855,119.3,32.6,14,0.536
16,252,5,27,45,60.0,0.656,124.9,31.1,13,0.561
16,252,10,30,45,66.7,0.867,129.6,29.7,12,0.557
16,252,15,31,45,68.9,0.669,103.9,30.0,11,0.535
16,252,20,27,45,60.0,0.492,88.9,32.1,10,0.535
16,252,25,27,45,60.0,0.511,63.7,31.6,10,0.505
16,252,30,25,45,55.6,0.535,58.9,29.7,10,0.496
16,252,40,20,45,44.4,0.153,50.9,25.7,8,0.415
16,504,0,29,45,64.4,0.855,119.3,32.6,14,0.536
16,504,5,29,45,64.4,0.814,135.0,31.9,13,0.552
16,504,10,29,45,64.4,0.656,95.5,32.8,13,0.544
16,504,15,25,45,55.6,0.679,88.4,31.9,13,0.517
16,504,20,23,45,51.1,0.503,82.3,31.8,12,0.510
16,504,25,23,45,51.1,0.455,81.7,31.5,12,0.505
16,504,30,24,45,53.3,0.506,76.8,32.3,12,0.494
16,504,40,27,45,60.0,0.784,69.0,29.8,11,0.536
17,21,0,29,45,64.4,0.855,119.3,32.6,14,0.536
17,21,5,25,45,55.6,0.326,41.9,35.7,12,0.521
17,21,10,23,45,51.1,-0.071,21.5,35.0,10,0.475
17,21,15,26,45,57.8,0.012,23.3,34.6,10,0.483
17,21,20,27,45,60.0,0.388,38.2,32.4,9,0.528
17,21,25,25,45,55.6,0.335,31.8,31.2,8,0.532
17,21,30,29,45,64.4,0.481,35.1,28.6,8,0.565
17,21,40,27,45,60.0,0.241,14.9,26.9,7,0.509
17,42,0,29,45,64.4,0.855,119.3,32.6,14,0.536
17,42,5,27,45,60.0,0.382,72.9,34.3,12,0.521
17,42,10,29,45,64.4,0.622,75.2,32.8,11,0.564
17,42,15,28,45,62.2,0.525,67.8,32.0,10,0.556
17,42,20,29,45,64.4,0.491,71.4,31.1,10,0.550
17,42,25,29,45,64.4,0.611,81.3,28.5,9,0.586
17,42,30,32,45,71.1,0.497,55.2,29.8,8,0.564
17,42,40,26,45,57.8,0.392,42.4,28.5,8,0.561
17,63,0,29,45,64.4,0.855,119.3,32.6,14,0.536
17,63,5,30,45,66.7,0.721,96.3,32.5,12,0.533
17,63,10,32,45,71.1,0.765,96.8,29.2,11,0.545
17,63,15,30,45,66.7,0.718,85.2,29.4,10,0.520
17,63,20,32,45,71.1,0.667,90.5,28.7,10,0.534
17,63,25,31,45,68.9,0.572,75.4,30.0,10,0.559
17,63,30,25,45,55.6,0.301,61.3,34.1,10,0.514
17,63,40,26,45,57.8,0.320,48.4,33.3,8,0.546
17,126,0,29,45,64.4,0.855,119.3,32.6,14,0.536
17,126,5,28,45,62.2,0.868,116.3,28.9,12,0.556
17,126,10,31,45,68.9,0.759,97.1,30.3,12,0.544
17,126,15,28,45,62.2,0.721,98.8,29.5,11,0.532
17,126,20,31,45,68.9,0.748,112.8,30.6,10,0.550
17,126,25,27,45,60.0,0.471,51.4,32.9,10,0.495
17,126,30,27,45,60.0,0.402,50.9,33.3,9,0.497
17,126,40,28,45,62.2,0.747,41.6,30.2,9,0.498
17,252,0,29,45,64.4,0.855,119.3,32.6,14,0.536
17,252,5,26,45,57.8,0.658,125.0,31.2,12,0.558
17,252,10,31,45,68.9,0.909,137.5,29.3,11,0.576
17,252,15,27,45,60.0,0.540,98.2,30.6,11,0.528
17,252,20,27,45,60.0,0.491,83.1,32.6,10,0.504
17,252,25,22,45,48.9,0.305,58.0,32.1,10,0.482
17,252,30,26,45,57.8,0.596,60.9,27.5,9,0.511
17,252,40,25,45,55.6,0.324,60.7,24.3,8,0.442
17,504,0,29,45,64.4,0.855,119.3,32.6,14,0.536
17,504,5,29,45,64.4,0.744,129.4,32.1,13,0.543
17,504,10,28,45,62.2,0.748,94.8,32.9,13,0.527
17,504,15,25,45,55.6,0.659,88.2,31.9,13,0.519
17,504,20,25,45,55.6,0.600,83.3,31.8,12,0.516
17,504,25,25,45,55.6,0.471,86.1,31.9,12,0.510
17,504,30,26,45,57.8,0.785,95.1,30.0,12,0.526
17,504,40,27,45,60.0,0.882,68.0,29.6,11,0.526
18,21,0,29,45,64.4,0.855,119.3,32.6,14,0.536
18,21,5,26,45,57.8,0.382,52.6,36.5,11,0.500
18,21,10,21,45,46.7,0.037,26.6,37.1,10,0.480
18,21,15,27,45,60.0,0.346,43.7,33.3,9,0.522
18,21,20,29,45,64.4,0.414,40.5,32.0,8,0.526
18,21,25,27,45,60.0,0.303,30.0,30.3,8,0.520
18,21,30,22,45,48.9,0.249,28.9,29.1,8,0.539
18,21,40,25,45,55.6,0.100,16.1,27.4,7,0.527
18,42,0,29,45,64.4,0.855,119.3,32.6,14,0.536
18,42,5,26,45,57.8,0.355,65.3,36.6,12,0.511
18,42,10,32,45,71.1,0.839,84.6,31.7,11,0.560
18,42,15,25,45,55.6,0.298,58.7,34.3,10,0.526
18,42,20,29,45,64.4,0.609,65.8,31.8,10,0.577
18,42,25,26,45,57.8,0.494,51.1,30.6,9,0.536
18,42,30,30,45,66.7,0.339,45.3,27.5,8,0.540
18,42,40,24,45,53.3,0.291,35.6,29.9,7,0.525
18,63,0,29,45,64.4,0.855,119.3,32.6,14,0.536
18,63,5,32,45,71.1,0.870,100.1,32.6,11,0.545
18,63,10,28,45,62.2,0.725,92.9,29.4,11,0.520
18,63,15,32,45,71.1,0.642,79.8,31.0,10,0.535
18,63,20,27,45,60.0,0.479,87.2,29.1,10,0.542
18,63,25,25,45,55.6,0.419,73.3,30.0,9,0.482
18,63,30,23,45,51.1,0.144,56.1,33.7,9,0.496
18,63,40,26,45,57.8,0.443,41.6,32.4,8,0.543
18,126,0,29,45,64.4,0.855,119.3,32.6,14,0.536
18,126,5,29,45,64.4,0.859,113.9,29.1,12,0.548
18,126,10,24,45,53.3,0.785,96.9,29.0,11,0.540
18,126,15,32,45,71.1,0.773,96.2,29.3,11,0.540
18,126,20,28,45,62.2,0.672,105.4,30.3,10,0.526
18,126,25,27,45,60.0,0.601,92.3,31.0,10,0.520
18,126,30,25,45,55.6,0.251,40.0,35.0,10,0.475
18,126,40,27,45,60.0,0.480,33.7,34.0,9,0.477
18,252,0,29,45,64.4,0.855,119.3,32.6,14,0.536
18,252,5,30,45,66.7,0.799,124.7,30.0,12,0.566
18,252,10,31,45,68.9,0.838,137.0,29.4,11,0.566
18,252,15,30,45,66.7,0.641,95.1,29.6,11,0.538
18,252,20,29,45,64.4,0.593,93.3,31.2,10,0.518
18,252,25,27,45,60.0,0.557,68.9,29.2,10,0.505
18,252,30,21,45,46.7,0.427,53.8,27.9,9,0.463
18,252,40,25,45,55.6,0.409,64.6,21.4,8,0.456
18,504,0,29,45,64.4,0.855,119.3,32.6,14,0.536
18,504,5,29,45,64.4,0.826,134.4,31.9,13,0.553
18,504,10,26,45,57.8,0.881,103.9,31.7,13,0.538
18,504,15,25,45,55.6,0.679,88.4,31.9,13,0.517
18,504,20,24,45,53.3,0.599,84.0,31.1,12,0.513
18,504,25,26,45,57.8,0.581,93.6,31.2,12,0.524
18,504,30,25,45,55.6,0.636,83.0,31.7,12,0.514
18,504,40,24,45,53.3,0.745,64.5,30.3,11,0.483
19,21,0,29,45,64.4,0.855,119.3,32.6,14,0.536
19,21,5,25,45,55.6,0.182,75.8,34.1,11,0.519
19,21,10,30,45,66.7,0.523,51.3,30.7,10,0.524
19,21,15,27,45,60.0,0.142,28.6,32.3,9,0.503
19,21,20,25,45,55.6,0.071,27.7,31.8,8,0.494
19,21,25,23,45,51.1,0.163,25.3,31.1,8,0.542
19,21,30,24,45,53.3,0.127,12.5,30.5,8,0.532
19,21,40,25,45,55.6,0.104,6.4,29.5,7,0.532
19,42,0,29,45,64.4,0.855,119.3,32.6,14,0.536
19,42,5,31,45,68.9,1.064,133.4,30.7,12,0.559
19,42,10,31,45,68.9,0.618,89.9,31.0,11,0.545
19,42,15,28,45,62.2,0.466,54.9,31.6,10,0.548
19,42,20,26,45,57.8,0.546,49.3,31.3,9,0.551
19,42,25,25,45,55.6,0.421,42.0,31.5,9,0.548
19,42,30,29,45,64.4,0.463,44.6,28.9,8,0.542
19,42,40,19,45,42.2,0.180,36.8,30.0,7,0.533
19,63,0,29,45,64.4,0.855,119.3,32.6,14,0.536
19,63,5,31,45,68.9,0.896,112.2,29.4,11,0.533
19,63,10,31,45,68.9,0.726,85.6,29.6,11,0.539
19,63,15,30,45,66.7,0.581,76.5,31.8,10,0.536
19,63,20,24,45,53.3,0.415,73.1,31.6,10,0.523
19,63,25,24,45,53.3,0.324,69.4,32.2,9,0.504
19,63,30,22,45,48.9,0.151,51.6,33.3,9,0.524
19,63,40,21,45,46.7,0.518,46.8,32.3,8,0.561
19,126,0,29,45,64.4,0.855,119.3,32.6,14,0.536
19,126,5,29,45,64.4,1.018,117.8,28.3,12,0.565
19,126,10,29,45,64.4,0.795,114.7,28.7,11,0.573
19,126,15,29,45,64.4,0.773,98.1,28.8,11,0.540
19,126,20,29,45,64.4,0.658,109.0,31.6,10,0.528
19,126,25,28,45,62.2,0.477,73.7,32.4,10,0.490
19,126,30,24,45,53.3,0.414,68.2,32.7,9,0.511
19,126,40,25,45,55.6,0.358,32.8,33.7,8,0.484
19,252,0,29,45,64.4,0.855,119.3,32.6,14,0.536
19,252,5,30,45,66.7,0.850,127.8,29.7,12,0.571
19,252,10,30,45,66.7,0.663,124.4,29.8,11,0.545
19,252,15,31,45,68.9,0.615,97.0,30.5,11,0.545
19,252,20,30,45,66.7,0.581,94.5,30.9,11,0.520
19,252,25,29,45,64.4,0.741,82.7,27.2,10,0.507
19,252,30,25,45,55.6,0.578,62.5,28.0,9,0.480
19,252,40,24,45,53.3,0.352,60.6,20.8,8,0.461
19,504,0,29,45,64.4,0.855,119.3,32.6,14,0.536
19,504,5,29,45,64.4,0.832,135.5,31.8,13,0.553
19,504,10,29,45,64.4,0.923,106.6,31.0,13,0.547
19,504,15,29,45,64.4,0.866,103.2,30.5,13,0.533
19,504,20,25,45,55.6,0.635,84.0,31.6,12,0.512
19,504,25,28,45,62.2,0.670,93.4,30.7,12,0.528
19,504,30,28,45,62.2,0.908,85.3,29.0,12,0.542
19,504,40,26,45,57.8,0.656,63.3,30.9,11,0.477
20,21,0,29,45,64.4,0.855,119.3,32.6,14,0.536
20,21,5,24,45,53.3,0.280,37.5,35.3,12,0.498
20,21,10,25,45,55.6,0.303,45.1,31.7,10,0.526
20,21,15,26,45,57.8,0.154,31.4,31.9,9,0.511
20,21,20,28,45,62.2,0.241,34.3,30.8,9,0.530
20,21,25,32,45,71.1,0.367,23.1,30.3,8,0.525
20,21,30,34,45,75.6,0.575,24.9,25.6,8,0.541
20,21,40,32,45,71.1,0.612,23.0,28.7,7,0.559
20,42,0,29,45,64.4,0.855,119.3,32.6,14,0.536
20,42,5,32,45,71.1,1.140,133.5,29.2,12,0.546
20,42,10,29,45,64.4,0.793,96.9,29.9,11,0.565
20,42,15,29,45,64.4,0.657,58.6,29.1,10,0.559
20,42,20,30,45,66.7,0.695,53.5,31.0,9,0.558
20,42,25,28,45,62.2,0.674,51.8,29.8,9,0.567
20,42,30,28,45,62.2,0.496,57.2,28.7,8,0.539
20,42,40,24,45,53.3,0.392,39.5,29.0,8,0.542
20,63,0,29,45,64.4,0.855,119.3,32.6,14,0.536
20,63,5,32,45,71.1,1.033,126.8,29.1,11,0.557
20,63,10,34,45,75.6,0.865,89.2,29.0,11,0.551
20,63,15,34,45,75.6,0.897,93.7,29.4,10,0.552
20,63,20,26,45,57.8,0.489,86.8,30.6,10,0.510
20,63,25,26,45,57.8,0.261,76.0,32.7,10,0.518
20,63,30,26,45,57.8,0.406,63.3,32.4,9,0.535
20,63,40,20,45,44.4,0.198,14.4,33.0,8,0.500
20,126,0,29,45,64.4,0.855,119.3,32.6,14,0.536
20,126,5,31,45,68.9,1.041,119.9,27.7,12,0.572
20,126,10,30,45,66.7,1.143,125.9,28.1,12,0.577
20,126,15,29,45,64.4,0.802,119.5,29.7,11,0.536
20,126,20,31,45,68.9,0.803,98.5,30.5,10,0.549
20,126,25,28,45,62.2,0.603,92.9,31.4,10,0.507
20,126,30,24,45,53.3,0.359,69.2,33.1,10,0.499
20,126,40,19,45,42.2,0.168,22.4,35.2,8,0.444
20,252,0,29,45,64.4,0.855,119.3,32.6,14,0.536
20,252,5,32,45,71.1,1.055,136.9,29.5,13,0.576
20,252,10,35,45,77.8,0.905,118.8,31.2,11,0.559
20,252,15,31,45,68.9,0.637,105.9,30.6,11,0.548
20,252,20,31,45,68.9,0.605,92.1,31.0,11,0.516
20,252,25,20,45,44.4,0.424,67.3,30.2,10,0.479
20,252,30,24,45,53.3,0.799,73.9,25.5,9,0.506
20,252,40,23,45,51.1,0.348,57.6,20.8,8,0.448
20,504,0,29,45,64.4,0.855,119.3,32.6,14,0.536
20,504,5,29,45,64.4,0.764,132.1,31.8,13,0.552
20,504,10,29,45,64.4,0.920,106.7,31.0,13,0.548
20,504,15,26,45,57.8,0.679,90.8,31.9,13,0.523
20,504,20,26,45,57.8,0.672,92.6,32.0,13,0.517
20,504,25,28,45,62.2,0.855,104.6,30.5,12,0.546
20,504,30,31,45,68.9,1.172,97.5,27.9,12,0.546
20,504,40,23,45,51.1,0.724,77.4,30.0,11,0.513
21,21,0,29,45,64.4,0.855,119.3,32.6,14,0.536
21,21,5,26,45,57.8,0.607,63.6,33.4,10,0.534
21,21,10,32,45,71.1,0.833,62.3,30.6,9,0.560
21,21,15,27,45,60.0,0.323,31.3,30.9,9,0.545
21,21,20,29,45,64.4,0.251,23.9,28.8,8,0.519
21,21,25,29,45,64.4,0.248,27.6,28.0,8,0.529
21,21,30,33,45,73.3,0.572,34.5,25.4,7,0.560
21,21,40,31,45,68.9,0.692,36.7,22.9,7,0.602
21,42,0,29,45,64.4,0.855,119.3,32.6,14,0.536
21,42,5,36,45,80.0,1.114,106.1,29.4,11,0.581
21,42,10,34,45,75.6,0.970,81.2,30.4,10,0.583
21,42,15,34,45,75.6,0.885,75.6,29.0,10,0.578
21,42,20,34,45,75.6,0.997,86.3,28.3,9,0.601
21,42,25,27,45,60.0,0.726,71.9,28.7,9,0.548
21,42,30,32,45,71.1,0.840,77.4,26.5,9,0.563
21,42,40,26,45,57.8,0.573,47.5,27.7,8,0.563
21,63,0,29,45,64.4,0.855,119.3,32.6,14,0.536
21,63,5,33,45,73.3,0.900,96.6,30.9,11,0.567
21,63,10,32,45,71.1,0.945,95.4,28.7,11,0.562
21,63,15,34,45,75.6,0.994,103.8,28.2,10,0.580
21,63,20,27,45,60.0,0.680,86.6,28.5,10,0.538
21,63,25,25,45,55.6,0.423,73.3,30.8,10,0.533
21,63,30,26,45,57.8,0.483,65.0,31.0,9,0.546
21,63,40,20,45,44.4,0.246,42.3,31.6,8,0.462
21,126,0,29,45,64.4,0.855,119.3,32.6,14,0.536
21,126,5,31,45,68.9,1.177,130.7,28.1,12,0.584
21,126,10,30,45,66.7,1.018,119.8,28.3,11,0.565
21,126,15,34,45,75.6,1.120,129.2,27.2,11,0.579
21,126,20,29,45,64.4,0.799,90.6,29.2,10,0.508
21,126,25,26,45,57.8,0.694,86.9,29.3,10,0.512
21,126,30,23,45,51.1,0.487,64.4,32.4,10,0.507
21,126,40,25,45,55.6,0.421,30.9,29.9,8,0.466
21,252,0,29,45,64.4,0.855,119.3,32.6,14,0.536
21,252,5,32,45,71.1,0.843,127.5,29.8,12,0.559
21,252,10,34,45,75.6,0.956,120.5,29.8,11,0.551
21,252,15,31,45,68.9,0.689,104.8,29.6,11,0.552
21,252,20,28,45,62.2,0.462,87.1,32.2,11,0.513
21,252,25,21,45,46.7,0.559,69.0,28.7,10,0.468
21,252,30,23,45,51.1,0.828,88.4,21.3,9,0.513
21,252,40,24,45,53.3,0.247,71.7,21.7,8,0.448
21,504,0,29,45,64.4,0.855,119.3,32.6,14,0.536
21,504,5,29,45,64.4,0.764,132.1,31.8,13,0.552
21,504,10,29,45,64.4,0.912,109.2,31.0,13,0.550
21,504,15,26,45,57.8,0.679,90.8,31.9,13,0.523
21,504,20,26,45,57.8,0.778,100.7,30.8,12,0.537
21,504,25,28,45,62.2,0.873,99.4,30.5,12,0.549
21,504,30,28,45,62.2,0.657,83.8,30.6,12,0.500
21,504,40,24,45,53.3,0.854,78.1,29.2,11,0.514
22,21,0,29,45,64.4,0.855,119.3,32.6,14,0.536
22,21,5,26,45,57.8,0.797,74.2,31.6,11,0.552
22,21,10,33,45,73.3,0.673,51.4,29.5,9,0.558
22,21,15,29,45,64.4,0.475,45.0,29.8,9,0.539
22,21,20,28,45,62.2,0.273,41.6,29.5,8,0.545
22,21,25,27,45,60.0,0.446,36.9,28.5,8,0.531
22,21,30,32,45,71.1,0.542,41.3,25.8,7,0.548
22,21,40,34,45,75.6,0.637,46.0,22.4,7,0.591
22,42,0,29,45,64.4,0.855,119.3,32.6,14,0.536
22,42,5,35,45,77.8,1.230,110.7,28.8,11,0.569
22,42,10,32,45,71.1,0.940,71.1,30.1,10,0.561
22,42,15,31,45,68.9,0.859,85.6,29.2,10,0.568
22,42,20,33,45,73.3,0.951,79.3,29.0,9,0.588
22,42,25,31,45,68.9,0.760,70.9,29.3,9,0.557
22,42,30,28,45,62.2,0.710,72.5,28.6,8,0.569
22,42,40,22,45,48.9,0.584,60.2,27.5,8,0.556
22,63,0,29,45,64.4,0.855,119.3,32.6,14,0.536
22,63,5,34,45,75.6,1.076,97.2,28.3,11,0.550
22,63,10,32,45,71.1,0.849,93.0,28.9,10,0.548
22,63,15,31,45,68.9,0.813,85.6,28.5,10,0.546
22,63,20,27,45,60.0,0.516,75.8,31.3,10,0.542
22,63,25,24,45,53.3,0.455,68.2,31.2,9,0.522
22,63,30,26,45,57.8,0.560,72.1,29.5,9,0.535
22,63,40,22,45,48.9,0.330,49.9,32.2,8,0.467
22,126,0,29,45,64.4,0.855,119.3,32.6,14,0.536
22,126,5,31,45,68.9,1.027,119.3,28.3,12,0.560
22,126,10,30,45,66.7,0.994,117.1,28.3,11,0.564
22,126,15,33,45,73.3,1.090,124.3,27.3,11,0.576
22,126,20,29,45,64.4,0.841,98.1,28.9,10,0.531
22,126,25,24,45,53.3,0.759,86.6,29.7,10,0.524
22,126,30,23,45,51.1,0.436,63.1,33.2,10,0.481
22,126,40,23,45,51.1,0.286,35.1,30.2,8,0.439
22,252,0,29,45,64.4,0.855,119.3,32.6,14,0.536
22,252,5,32,45,71.1,0.808,124.1,30.1,12,0.555
22,252,10,31,45,68.9,0.826,126.6,29.5,11,0.563
22,252,15,31,45,68.9,0.772,113.0,30.0,11,0.560
22,252,20,23,45,51.1,0.361,79.3,31.7,11,0.497
22,252,25,25,45,55.6,0.743,84.6,25.3,10,0.470
22,252,30,23,45,51.1,0.569,87.5,23.7,9,0.478
22,252,40,21,45,46.7,0.183,65.6,23.8,8,0.446
22,504,0,29,45,64.4,0.855,119.3,32.6,14,0.536
22,504,5,29,45,64.4,0.764,132.1,31.8,13,0.552
22,504,10,28,45,62.2,0.820,96.9,31.0,13,0.530
22,504,15,26,45,57.8,0.679,90.8,31.9,13,0.523
22,504,20,26,45,57.8,0.777,100.6,30.8,12,0.537
22,504,25,26,45,57.8,0.748,93.9,31.4,12,0.552
22,504,30,24,45,53.3,0.578,81.8,31.0,12,0.496
22,504,40,25,45,55.6,0.752,73.8,31.4,11,0.530
23,21,0,29,45,64.4,0.855,119.3,32.6,14,0.536
23,21,5,24,45,53.3,0.356,44.8,32.5,11,0.546
23,21,10,33,45,73.3,0.845,75.7,29.0,10,0.574
23,21,15,40,45,88.9,1.146,91.1,25.4,9,0.619
23,21,20,38,45,84.4,0.850,76.1,26.6,9,0.586
23,21,25,32,45,71.1,0.747,66.8,25.3,8,0.578
23,21,30,33,45,73.3,0.908,67.9,21.1,8,0.605
23,21,40,33,45,73.3,0.914,60.1,21.9,7,0.614
23,42,0,29,45,64.4,0.855,119.3,32.6,14,0.536
23,42,5,32,45,71.1,1.179,107.5,28.4,11,0.584
23,42,10,34,45,75.6,0.998,99.8,28.8,11,0.579
23,42,15,32,45,71.1,0.791,76.5,29.6,10,0.561
23,42,20,30,45,66.7,0.801,75.3,30.5,9,0.581
23,42,25,31,45,68.9,0.815,74.5,28.9,9,0.571
23,42,30,26,45,57.8,0.610,68.5,29.9,9,0.565
23,42,40,31,45,68.9,0.908,74.5,24.8,8,0.574
23,63,0,29,45,64.4,0.855,119.3,32.6,14,0.536
23,63,5,35,45,77.8,1.251,113.2,27.7,11,0.580
23,63,10,32,45,71.1,0.818,92.6,28.5,11,0.552
23,63,15,30,45,66.7,0.797,87.6,29.4,10,0.551
23,63,20,26,45,57.8,0.425,75.6,31.3,10,0.545
23,63,25,29,45,64.4,0.549,73.7,28.9,9,0.536
23,63,30,27,45,60.0,0.485,60.9,29.8,9,0.518
23,63,40,26,45,57.8,0.412,47.8,31.3,8,0.514
23,126,0,29,45,64.4,0.855,119.3,32.6,14,0.536
23,126,5,30,45,66.7,0.916,112.9,28.7,12,0.553
23,126,10,29,45,64.4,0.932,120.5,28.1,11,0.562
23,126,15,34,45,75.6,1.013,99.5,27.5,11,0.569
23,126,20,30,45,66.7,0.849,94.4,28.6,11,0.543
23,126,25,25,45,55.6,0.585,77.1,31.3,10,0.503
23,126,30,29,45,64.4,0.738,77.2,28.5,10,0.523
23,126,40,28,45,62.2,0.581,82.1,26.6,8,0.508
23,252,0,29,45,64.4,0.855,119.3,32.6,14,0.536
23,252,5,30,45,66.7,0.706,131.1,30.7,13,0.553
23,252,10,31,45,68.9,0.884,122.8,29.4,11,0.563
23,252,15,31,45,68.9,0.733,99.2,30.9,11,0.553
23,252,20,22,45,48.9,0.471,88.1,29.9,10,0.502
23,252,25,24,45,53.3,0.495,81.0,26.9,10,0.493
23,252,30,31,45,68.9,0.501,108.3,25.0,9,0.521
23,252,40,25,45,55.6,0.424,80.5,24.6,8,0.497
23,504,0,29,45,64.4,0.855,119.3,32.6,14,0.536
23,504,5,29,45,64.4,0.772,128.8,31.8,13,0.556
23,504,10,28,45,62.2,0.767,95.5,31.7,13,0.527
23,504,15,26,45,57.8,0.626,89.0,32.6,13,0.518
23,504,20,28,45,62.2,0.790,118.2,30.8,12,0.556
23,504,25,28,45,62.2,0.859,114.1,31.0,12,0.541
23,504,30,23,45,51.1,0.420,82.6,30.9,12,0.522
23,504,40,28,45,62.2,0.819,78.0,29.5,11,0.530
24,21,0,29,45,64.4,0.855,119.3,32.6,14,0.536
24,21,5,19,45,42.2,0.220,35.1,33.4,11,0.538
24,21,10,24,45,53.3,0.199,36.5,33.4,10,0.532
24,21,15,30,45,66.7,0.455,43.8,31.3,9,0.535
24,21,20,29,45,64.4,0.557,55.2,30.2,9,0.558
24,21,25,35,45,77.8,0.956,74.2,24.1,8,0.613
24,21,30,36,45,80.0,0.934,75.3,24.2,8,0.604
24,21,40,30,45,66.7,0.647,30.9,25.7,7,0.599
24,42,0,29,45,64.4,0.855,119.3,32.6,14,0.536
24,42,5,31,45,68.9,0.981,103.5,30.3,12,0.560
24,42,10,30,45,66.7,0.824,78.7,31.2,11,0.564
24,42,15,28,45,62.2,0.727,74.9,31.8,11,0.566
24,42,20,30,45,66.7,0.825,79.4,30.5,10,0.588
24,42,25,35,45,77.8,1.019,86.9,28.9,9,0.590
24,42,30,30,45,66.7,0.909,74.8,30.3,9,0.584
24,42,40,26,45,57.8,0.705,41.0,27.3,7,0.589
24,63,0,29,45,64.4,0.855,119.3,32.6,14,0.536
24,63,5,32,45,71.1,1.013,107.4,28.5,11,0.560
24,63,10,27,45,60.0,0.819,88.8,28.7,11,0.568
24,63,15,30,45,66.7,0.841,90.1,29.0,10,0.561
24,63,20,27,45,60.0,0.530,75.2,30.3,10,0.551
24,63,25,27,45,60.0,0.553,71.5,29.4,10,0.556
24,63,30,29,45,64.4,0.482,59.7,29.3,9,0.529
24,63,40,23,45,51.1,0.503,50.8,30.5,8,0.511
24,126,0,29,45,64.4,0.855,119.3,32.6,14,0.536
24,126,5,26,45,57.8,0.783,110.7,29.1,12,0.557
24,126,10,33,45,73.3,1.160,129.3,27.2,11,0.585
24,126,15,32,45,71.1,0.969,110.0,28.0,11,0.559
24,126,20,30,45,66.7,0.895,97.3,28.8,11,0.550
24,126,25,30,45,66.7,0.693,72.7,31.5,10,0.544
24,126,30,27,45,60.0,0.602,72.9,30.0,10,0.536
24,126,40,23,45,51.1,0.114,64.7,29.5,8,0.485
24,252,0,29,45,64.4,0.855,119.3,32.6,14,0.536
24,252,5,30,45,66.7,0.739,134.0,30.2,12,0.560
24,252,10,29,45,64.4,0.968,130.9,30.2,12,0.575
24,252,15,31,45,68.9,0.776,103.1,29.9,11,0.548
24,252,20,25,45,55.6,0.473,88.5,30.3,10,0.522
24,252,25,28,45,62.2,0.552,97.3,26.8,10,0.511
24,252,30,28,45,62.2,0.355,118.6,27.1,9,0.518
24,252,40,26,45,57.8,0.409,82.8,22.9,8,0.514
24,504,0,29,45,64.4,0.855,119.3,32.6,14,0.536
24,504,5,29,45,64.4,0.758,126.7,31.8,13,0.552
24,504,10,28,45,62.2,0.767,95.5,31.7,13,0.527
24,504,15,27,45,60.0,0.695,95.8,32.0,13,0.528
24,504,20,28,45,62.2,0.769,115.3,31.2,12,0.545
24,504,25,26,45,57.8,0.752,110.4,31.0,12,0.530
24,504,30,25,45,55.6,0.657,104.4,29.8,12,0.534
24,504,40,32,45,71.1,0.976,92.4,27.6,11,0.549
25,21,0,29,45,64.4,0.855,119.3,32.6,14,0.536
25,21,5,29,45,64.4,0.510,60.8,31.8,10,0.532
25,21,10,30,45,66.7,0.801,75.6,28.1,9,0.572
25,21,15,30,45,66.7,0.627,63.8,28.5,8,0.604
25,21,20,30,45,66.7,0.610,48.7,29.2,8,0.588
25,21,25,28,45,62.2,0.585,41.9,26.9,8,0.596
25,21,30,30,45,66.7,0.716,48.7,25.9,7,0.600
25,21,40,35,45,77.8,1.045,45.3,20.1,7,0.595
25,42,0,29,45,64.4,0.855,119.3,32.6,14,0.536
25,42,5,32,45,71.1,1.000,101.5,29.7,11,0.558
25,42,10,31,45,68.9,0.799,80.1,31.0,11,0.571
25,42,15,30,45,66.7,0.857,77.1,28.4,10,0.575
25,42,20,32,45,71.1,1.034,80.5,26.9,10,0.587
25,42,25,30,45,66.7,0.808,70.4,29.6,9,0.582
25,42,30,29,45,64.4,0.758,56.9,29.3,9,0.570
25,42,40,30,45,66.7,0.794,49.9,25.2,7,0.573
25,63,0,29,45,64.4,0.855,119.3,32.6,14,0.536
25,63,5,32,45,71.1,0.887,100.6,29.6,11,0.572
25,63,10,30,45,66.7,0.856,93.5,27.8,11,0.564
25,63,15,32,45,71.1,0.941,91.1,27.2,10,0.565
25,63,20,27,45,60.0,0.551,74.5,30.2,10,0.541
25,63,25,31,45,68.9,0.705,73.8,27.6,9,0.566
25,63,30,27,45,60.0,0.500,57.2,28.8,9,0.541
25,63,40,20,45,44.4,0.252,40.2,32.3,8,0.490
25,126,0,29,45,64.4,0.855,119.3,32.6,14,0.536
25,126,5,27,45,60.0,0.770,110.4,28.8,12,0.560
25,126,10,32,45,71.1,1.149,129.6,27.0,11,0.576
25,126,15,32,45,71.1,1.000,104.4,27.9,11,0.571
25,126,20,30,45,66.7,0.840,92.1,28.7,10,0.539
25,126,25,30,45,66.7,0.714,78.4,30.0,10,0.551
25,126,30,27,45,60.0,0.606,55.8,29.8,9,0.543
25,126,40,25,45,55.6,0.151,65.5,29.0,8,0.483
25,252,0,29,45,64.4,0.855,119.3,32.6,14,0.536
25,252,5,30,45,66.7,0.732,134.5,30.2,12,0.554
25,252,10,31,45,68.9,0.976,128.8,29.2,11,0.577
25,252,15,27,45,60.0,0.826,119.0,28.4,11,0.560
25,252,20,25,45,55.6,0.375,91.1,30.7,10,0.525
25,252,25,30,45,66.7,0.603,107.8,25.9,10,0.522
25,252,30,30,45,66.7,0.473,107.3,25.4,9,0.531
25,252,40,26,45,57.8,0.368,79.7,23.2,8,0.517
25,504,0,29,45,64.4,0.855,119.3,32.6,14,0.536
25,504,5,29,45,64.4,0.766,122.0,31.8,13,0.552
25,504,10,28,45,62.2,0.767,95.5,31.7,13,0.527
25,504,15,28,45,62.2,0.792,117.0,30.9,13,0.550
25,504,20,27,45,60.0,0.769,111.7,31.2,12,0.545
25,504,25,30,45,66.7,0.837,109.3,30.9,12,0.547
25,504,30,26,45,57.8,0.647,102.1,30.8,12,0.539
25,504,40,26,45,57.8,0.764,88.5,29.8,11,0.531
26,21,0,29,45,64.4,0.855,119.3,32.6,14,0.536
26,21,5,32,45,71.1,0.900,94.3,31.6,10,0.548
26,21,10,30,45,66.7,0.537,59.1,31.5,9,0.554
26,21,15,30,45,66.7,0.636,69.0,26.8,9,0.594
26,21,20,35,45,77.8,0.823,72.2,27.1,8,0.610
26,21,25,37,45,82.2,1.051,69.6,23.0,8,0.624
26,21,30,34,45,75.6,0.936,64.5,22.5,7,0.623
26,21,40,26,45,57.8,0.752,34.3,24.7,7,0.596
26,42,0,29,45,64.4,0.855,119.3,32.6,14,0.536
26,42,5,32,45,71.1,0.908,90.1,31.0,11,0.557
26,42,10,29,45,64.4,0.812,87.2,30.6,11,0.568
26,42,15,32,45,71.1,0.996,80.2,27.5,10,0.577
26,42,20,35,45,77.8,1.278,86.8,27.8,9,0.615
26,42,25,32,45,71.1,0.994,68.8,28.7,9,0.616
26,42,30,33,45,73.3,0.819,63.6,29.7,8,0.567
26,42,40,27,45,60.0,0.614,41.8,26.8,7,0.575
26,63,0,29,45,64.4,0.855,119.3,32.6,14,0.536
26,63,5,32,45,71.1,0.939,102.2,27.9,11,0.572
26,63,10,30,45,66.7,0.902,95.4,27.8,11,0.566
26,63,15,30,45,66.7,0.664,82.0,30.4,10,0.550
26,63,20,28,45,62.2,0.574,73.3,30.1,10,0.531
26,63,25,27,45,60.0,0.470,60.0,29.7,9,0.526
26,63,30,27,45,60.0,0.456,55.7,29.4,9,0.527
26,63,40,22,45,48.9,0.384,48.2,31.3,8,0.512
26,126,0,29,45,64.4,0.855,119.3,32.6,14,0.536
26,126,5,26,45,57.8,0.747,110.6,28.8,12,0.560
26,126,10,32,45,71.1,1.092,127.7,27.8,12,0.570
26,126,15,30,45,66.7,0.914,100.6,28.9,11,0.540
26,126,20,30,45,66.7,0.910,87.3,27.7,11,0.555
26,126,25,27,45,60.0,0.534,85.7,32.6,10,0.538
26,126,30,25,45,55.6,0.402,60.3,31.4,9,0.527
26,126,40,26,45,57.8,0.131,68.1,29.4,8,0.472
26,252,0,29,45,64.4,0.855,119.3,32.6,14,0.536
26,252,5,28,45,62.2,0.753,135.1,30.2,12,0.555
26,252,10,29,45,64.4,0.745,112.6,30.2,12,0.559
26,252,15,28,45,62.2,0.628,97.1,30.1,11,0.520
26,252,20,28,45,62.2,0.458,96.3,29.0,10,0.502
26,252,25,29,45,64.4,0.488,120.2,28.2,10,0.517
26,252,30,28,45,62.2,0.437,111.4,27.0,9,0.523
26,252,40,26,45,57.8,0.330,77.7,24.6,8,0.512
26,504,0,29,45,64.4,0.855,119.3,32.6,14,0.536
26,504,5,28,45,62.2,0.835,122.5,31.8,13,0.552
26,504,10,28,45,62.2,0.781,99.1,31.7,13,0.528
26,504,15,29,45,64.4,0.734,122.5,31.5,13,0.554
26,504,20,27,45,60.0,0.710,108.0,31.9,13,0.524
26,504,25,28,45,62.2,0.639,102.7,31.2,12,0.537
26,504,30,26,45,57.8,0.565,98.6,32.2,12,0.536
26,504,40,27,45,60.0,0.792,84.4,29.6,10,0.560
27,21,0,29,45,64.4,0.855,119.3,32.6,14,0.536
27,21,5,32,45,71.1,0.959,91.3,28.9,10,0.560
27,21,10,30,45,66.7,0.884,92.1,27.0,9,0.604
27,21,15,31,45,68.9,0.953,81.7,25.3,9,0.606
27,21,20,34,45,75.6,0.924,70.4,24.7,8,0.600
27,21,25,34,45,75.6,0.898,63.5,25.4,8,0.615
27,21,30,36,45,80.0,0.958,67.4,23.3,7,0.624
27,21,40,29,45,64.4,0.775,58.7,22.8,7,0.588
27,42,0,29,45,64.4,0.855,119.3,32.6,14,0.536
27,42,5,32,45,71.1,0.949,104.5,28.4,11,0.578
27,42,10,32,45,71.1,0.958,92.5,27.6,11,0.576
27,42,15,32,45,71.1,1.013,83.3,27.6,10,0.579
27,42,20,37,45,82.2,1.136,77.6,26.8,9,0.595
27,42,25,31,45,68.9,0.822,61.9,29.1,9,0.600
27,42,30,32,45,71.1,0.769,58.1,28.3,8,0.581
27,42,40,29,45,64.4,0.589,42.9,27.9,8,0.583
27,63,0,29,45,64.4,0.855,119.3,32.6,14,0.536
27,63,5,33,45,73.3,0.993,121.2,27.6,11,0.579
27,63,10,31,45,68.9,0.974,102.0,27.7,11,0.574
27,63,15,30,45,66.7,0.790,87.2,27.8,10,0.545
27,63,20,30,45,66.7,0.633,73.1,29.0,10,0.548
27,63,25,27,45,60.0,0.552,63.6,29.3,10,0.531
27,63,30,28,45,62.2,0.417,55.4,30.0,9,0.483
27,63,40,24,45,53.3,0.402,44.7,31.3,8,0.550
27,126,0,29,45,64.4,0.855,119.3,32.6,14,0.536
27,126,5,30,45,66.7,0.815,113.4,29.0,12,0.566
27,126,10,29,45,64.4,1.034,119.2,27.7,12,0.569
27,126,15,30,45,66.7,0.959,102.2,28.2,11,0.557
27,126,20,28,45,62.2,0.837,97.2,28.6,11,0.541
27,126,25,29,45,64.4,0.872,98.6,27.6,10,0.547
27,126,30,25,45,55.6,0.395,57.0,32.0,9,0.499
27,126,40,26,45,57.8,0.152,68.0,28.6,8,0.490
27,252,0,29,45,64.4,0.855,119.3,32.6,14,0.536
27,252,5,28,45,62.2,0.690,124.5,30.8,13,0.555
27,252,10,28,45,62.2,0.634,107.8,30.5,12,0.548
27,252,15,27,45,60.0,0.534,93.9,29.8,10,0.530
27,252,20,26,45,57.8,0.403,93.9,29.8,10,0.493
27,252,25,27,45,60.0,0.464,111.1,29.4,10,0.526
27,252,30,26,45,57.8,0.124,90.8,30.2,8,0.489
27,252,40,24,45,53.3,0.486,88.8,22.1,8,0.536
27,504,0,29,45,64.4,0.855,119.3,32.6,14,0.536
27,504,5,29,45,64.4,0.888,124.6,31.6,13,0.559
27,504,10,27,45,60.0,0.810,104.6,31.7,13,0.531
27,504,15,29,45,64.4,0.719,121.1,31.9,13,0.542
27,504,20,27,45,60.0,0.709,108.5,31.7,13,0.540
27,504,25,29,45,64.4,0.694,102.4,32.7,12,0.550
27,504,30,28,45,62.2,0.654,100.1,31.9,12,0.539
27,504,40,31,45,68.9,0.886,91.4,28.7,11,0.540
28,21,0,29,45,64.4,0.855,119.3,32.6,14,0.536
28,21,5,31,45,68.9,0.788,85.4,30.0,10,0.574
28,21,10,32,45,71.1,0.822,66.8,27.8,9,0.580
28,21,15,35,45,77.8,1.027,79.6,24.6,9,0.596
28,21,20,34,45,75.6,0.905,66.0,25.5,8,0.580
28,21,25,35,45,77.8,0.934,64.8,24.5,8,0.602
28,21,30,35,45,77.8,0.948,65.3,23.1,8,0.607
28,21,40,28,45,62.2,0.616,51.4,24.5,7,0.589
28,42,0,29,45,64.4,0.855,119.3,32.6,14,0.536
28,42,5,35,45,77.8,0.899,94.3,29.2,11,0.568
28,42,10,32,45,71.1,1.015,84.8,27.4,10,0.576
28,42,15,30,45,66.7,1.020,80.4,27.6,10,0.580
28,42,20,31,45,68.9,0.876,68.0,27.3,10,0.570
28,42,25,26,45,57.8,0.675,54.6,29.6,9,0.586
28,42,30,32,45,71.1,0.849,51.5,27.9,8,0.591
28,42,40,29,45,64.4,0.503,40.3,28.3,8,0.547
28,63,0,29,45,64.4,0.855,119.3,32.6,14,0.536
28,63,5,32,45,71.1,1.042,111.7,28.1,11,0.577
28,63,10,30,45,66.7,0.948,99.1,27.7,11,0.571
28,63,15,30,45,66.7,0.647,74.4,30.7,10,0.554
28,63,20,31,45,68.9,0.701,67.6,29.1,10,0.552
28,63,25,26,45,57.8,0.384,54.0,29.9,9,0.502
28,63,30,26,45,57.8,0.473,55.6,29.2,9,0.482
28,63,40,31,45,68.9,0.459,53.9,31.5,8,0.549
28,126,0,29,45,64.4,0.855,119.3,32.6,14,0.536
28,126,5,29,45,64.4,0.770,112.7,29.3,12,0.563
28,126,10,33,45,73.3,1.124,127.2,27.9,12,0.580
28,126,15,27,45,60.0,0.917,108.8,28.9,11,0.536
28,126,20,29,45,64.4,0.916,96.2,28.8,11,0.545
28,126,25,28,45,62.2,0.710,77.3,27.2,10,0.523
28,126,30,25,45,55.6,0.439,61.7,30.7,9,0.499
28,126,40,28,45,62.2,0.190,62.6,27.5,8,0.498
28,252,0,29,45,64.4,0.855,119.3,32.6,14,0.536
28,252,5,29,45,64.4,0.808,135.8,30.7,12,0.565
28,252,10,29,45,64.4,0.755,109.2,31.7,12,0.546
28,252,15,23,45,51.1,0.409,90.7,30.3,10,0.501
28,252,20,27,45,60.0,0.526,104.5,29.0,10,0.509
28,252,25,28,45,62.2,0.490,107.5,29.4,10,0.525
28,252,30,25,45,55.6,0.232,88.2,29.3,9,0.490
28,252,40,23,45,51.1,0.279,87.0,24.0,8,0.531
28,504,0,29,45,64.4,0.855,119.3,32.6,14,0.536
28,504,5,29,45,64.4,0.837,111.0,32.5,13,0.545
28,504,10,29,45,64.4,0.794,110.5,32.2,13,0.533
28,504,15,28,45,62.2,0.716,113.9,31.9,13,0.542
28,504,20,28,45,62.2,0.692,104.4,32.7,13,0.543
28,504,25,29,45,64.4,0.687,102.2,32.7,12,0.549
28,504,30,27,45,60.0,0.589,98.8,32.2,12,0.532
28,504,40,29,45,64.4,0.713,84.7,28.3,10,0.556
29,21,0,29,45,64.4,0.855,119.3,32.6,14,0.536
29,21,5,35,45,77.8,0.969,70.9,31.0,10,0.568
29,21,10,31,45,68.9,0.815,60.5,29.0,9,0.564
29,21,15,28,45,62.2,0.691,55.0,27.0,9,0.558
29,21,20,32,45,71.1,0.791,61.4,25.5,9,0.571
29,21,25,32,45,71.1,0.692,52.2,26.1,8,0.574
29,21,30,36,45,80.0,0.812,55.0,24.2,7,0.601
29,21,40,27,45,60.0,0.454,26.4,25.8,7,0.533
29,42,0,29,45,64.4,0.855,119.3,32.6,14,0.536
29,42,5,33,45,73.3,0.904,76.1,28.8,11,0.559
29,42,10,32,45,71.1,1.046,86.8,26.4,10,0.570
29,42,15,31,45,68.9,0.953,75.6,28.7,10,0.560
29,42,20,29,45,64.4,0.797,61.0,27.7,10,0.549
29,42,25,29,45,64.4,0.531,51.0,29.1,9,0.547
29,42,30,32,45,71.1,0.618,56.4,29.6,8,0.562
29,42,40,32,45,71.1,0.601,46.2,28.5,8,0.545
29,63,0,29,45,64.4,0.855,119.3,32.6,14,0.536
29,63,5,31,45,68.9,0.805,92.1,28.6,11,0.554
29,63,10,32,45,71.1,0.904,93.9,28.3,11,0.557
29,63,15,27,45,60.0,0.561,71.8,29.2,10,0.537
29,63,20,26,45,57.8,0.350,62.1,30.7,10,0.501
29,63,25,27,45,60.0,0.412,54.2,29.5,9,0.493
29,63,30,27,45,60.0,0.457,58.2,30.3,9,0.502
29,63,40,34,45,75.6,0.627,66.0,28.6,8,0.561
29,126,0,29,45,64.4,0.855,119.3,32.6,14,0.536
29,126,5,35,45,77.8,1.088,126.0,27.8,12,0.574
29,126,10,31,45,68.9,0.925,114.4,29.0,12,0.553
29,126,15,25,45,55.6,0.644,101.8,29.7,11,0.512
29,126,20,31,45,68.9,0.990,89.5,29.3,11,0.552
29,126,25,31,45,68.9,0.904,84.9,27.3,11,0.537
29,126,30,26,45,57.8,0.500,62.8,30.2,9,0.509
29,126,40,27,45,60.0,0.194,80.7,27.2,8,0.511
29,252,0,29,45,64.4,0.855,119.3,32.6,14,0.536
29,252,5,27,45,60.0,0.722,126.0,30.7,13,0.560
29,252,10,35,45,77.8,1.089,114.7,31.1,12,0.563
29,252,15,27,45,60.0,0.642,93.2,31.0,10,0.506
29,252,20,27,45,60.0,0.508,112.7,28.7,10,0.525
29,252,25,28,45,62.2,0.463,108.5,29.1,9,0.519
29,252,30,25,45,55.6,0.202,85.2,29.7,8,0.484
29,252,40,25,45,55.6,0.163,74.2,24.9,8,0.501
29,504,0,29,45,64.4,0.855,119.3,32.6,14,0.536
29,504,5,29,45,64.4,0.813,109.5,32.8,13,0.528
29,504,10,29,45,64.4,0.806,122.4,31.7,13,0.546
29,504,15,27,45,60.0,0.712,109.2,31.9,13,0.540
29,504,20,28,45,62.2,0.692,104.4,32.7,13,0.543
29,504,25,30,45,66.7,0.728,103.3,32.2,12,0.543
29,504,30,27,45,60.0,0.642,86.3,31.4,12,0.532
29,504,40,31,45,68.9,0.827,78.4,29.3,10,0.553
30,21,0,29,45,64.4,0.855,119.3,32.6,14,0.536
30,21,5,37,45,82.2,1.017,76.5,30.3,10,0.566
30,21,10,34,45,75.6,1.063,71.8,25.9,9,0.593
30,21,15,34,45,75.6,0.981,67.5,25.7,9,0.594
30,21,20,34,45,75.6,0.977,64.8,25.5,9,0.588
30,21,25,33,45,73.3,0.953,58.4,25.1,8,0.589
30,21,30,34,45,75.6,0.950,57.1,24.0,8,0.589
30,21,40,27,45,60.0,0.633,43.8,24.3,7,0.583
30,42,0,29,45,64.4,0.855,119.3,32.6,14,0.536
30,42,5,33,45,73.3,1.083,83.4,26.5,11,0.572
30,42,10,32,45,71.1,1.107,85.8,26.5,11,0.581
30,42,15,32,45,71.1,1.087,80.8,27.6,10,0.576
30,42,20,27,45,60.0,0.795,70.3,26.3,9,0.575
30,42,25,32,45,71.1,0.746,56.5,28.7,9,0.577
30,42,30,30,45,66.7,0.735,52.5,28.3,8,0.569
30,42,40,31,45,68.9,0.720,55.9,27.4,8,0.580
30,63,0,29,45,64.4,0.855,119.3,32.6,14,0.536
30,63,5,31,45,68.9,0.985,100.4,27.7,11,0.561
30,63,10,33,45,73.3,0.931,98.3,28.3,11,0.548
30,63,15,28,45,62.2,0.581,71.2,28.1,10,0.522
30,63,20,30,45,66.7,0.548,65.7,30.2,10,0.519
30,63,25,27,45,60.0,0.561,62.3,28.6,9,0.528
30,63,30,28,45,62.2,0.614,63.5,28.9,9,0.534
30,63,40,35,45,77.8,0.614,70.1,27.9,8,0.552
30,126,0,29,45,64.4,0.855,119.3,32.6,14,0.536
30,126,5,32,45,71.1,0.737,119.2,31.7,12,0.568
30,126,10,32,45,71.1,0.957,112.6,29.5,12,0.550
30,126,15,29,45,64.4,0.945,108.7,28.3,11,0.553
30,126,20,28,45,62.2,0.988,97.1,28.5,11,0.563
30,126,25,33,45,73.3,1.031,92.2,26.4,10,0.550
30,126,30,25,45,55.6,0.357,65.8,31.4,9,0.494
30,126,40,26,45,57.8,0.137,66.6,28.7,8,0.498
30,252,0,29,45,64.4,0.855,119.3,32.6,14,0.536
30,252,5,26,45,57.8,0.716,124.3,31.3,13,0.554
30,252,10,34,45,75.6,1.134,111.4,29.8,12,0.572
30,252,15,25,45,55.6,0.447,90.6,30.4,10,0.505
30,252,20,27,45,60.0,0.545,113.7,29.6,10,0.532
30,252,25,26,45,57.8,0.390,100.7,29.1,9,0.507
30,252,30,25,45,55.6,0.359,97.3,27.4,8,0.520
30,252,40,24,45,53.3,0.162,85.6,24.4,8,0.510
30,504,0,29,45,64.4,0.855,119.3,32.6,14,0.536
30,504,5,29,45,64.4,0.829,112.0,32.4,13,0.540
30,504,10,29,45,64.4,0.774,120.1,32.1,13,0.546
30,504,15,27,45,60.0,0.711,107.9,31.7,13,0.524
30,504,20,29,45,64.4,0.750,109.1,32.6,13,0.549
30,504,25,30,45,66.7,0.722,101.6,32.2,12,0.541
30,504,30,27,45,60.0,0.745,102.0,30.4,12,0.548
30,504,40,30,45,66.7,0.863,78.5,29.5,10,0.562
31,21,0,29,45,64.4,0.855,119.3,32.6,14,0.536
31,21,5,36,45,80.0,1.038,88.2,28.3,10,0.578
31,21,10,35,45,77.8,0.774,68.2,28.0,9,0.560
31,21,15,32,45,71.1,0.949,61.8,26.6,9,0.567
31,21,20,33,45,73.3,0.990,63.9,26.1,9,0.588
31,21,25,32,45,71.1,0.922,53.7,25.0,8,0.606
31,21,30,29,45,64.4,0.850,48.9,24.4,7,0.608
31,21,40,30,45,66.7,0.585,37.8,24.1,7,0.557
31,42,0,29,45,64.4,0.855,119.3,32.6,14,0.536
31,42,5,34,45,75.6,0.897,90.6,27.7,11,0.558
31,42,10,32,45,71.1,1.053,81.1,26.8,11,0.563
31,42,15,28,45,62.2,0.860,72.6,28.7,10,0.575
31,42,20,28,45,62.2,0.784,63.7,26.9,9,0.555
31,42,25,28,45,62.2,0.626,53.2,29.2,9,0.543
31,42,30,30,45,66.7,0.559,44.8,30.1,8,0.571
31,42,40,31,45,68.9,0.688,46.3,28.9,8,0.578
31,63,0,29,45,64.4,0.855,119.3,32.6,14,0.536
31,63,5,30,45,66.7,0.943,94.1,28.2,11,0.561
31,63,10,29,45,64.4,0.777,88.7,29.2,11,0.548
31,63,15,28,45,62.2,0.551,65.9,29.7,10,0.522
31,63,20,30,45,66.7,0.478,56.6,30.6,10,0.514
31,63,25,27,45,60.0,0.433,58.0,30.6,9,0.523
31,63,30,27,45,60.0,0.420,59.7,30.9,9,0.541
31,63,40,36,45,80.0,0.721,79.3,27.7,8,0.582
31,126,0,29,45,64.4,0.855,119.3,32.6,14,0.536
31,126,5,32,45,71.1,0.829,123.5,31.1,12,0.566
31,126,10,29,45,64.4,0.826,107.2,30.0,12,0.554
31,126,15,31,45,68.9,1.039,115.6,28.0,11,0.566
31,126,20,34,45,75.6,1.047,96.2,26.5,11,0.561
31,126,25,27,45,60.0,0.553,80.5,29.9,9,0.537
31,126,30,25,45,55.6,0.370,70.7,31.5,9,0.509
31,126,40,27,45,60.0,0.290,90.4,27.4,8,0.529
31,252,0,29,45,64.4,0.855,119.3,32.6,14,0.536
31,252,5,27,45,60.0,0.683,108.0,32.6,13,0.554
31,252,10,35,45,77.8,1.169,113.8,28.7,12,0.565
31,252,15,27,45,60.0,0.369,87.8,30.9,11,0.502
31,252,20,28,45,62.2,0.538,113.3,29.7,10,0.542
31,252,25,28,45,62.2,0.435,101.3,29.1,9,0.524
31,252,30,25,45,55.6,0.314,95.5,28.3,8,0.514
31,252,40,24,45,53.3,0.127,86.3,25.3,7,0.509
31,504,0,29,45,64.4,0.855,119.3,32.6,14,0.536
31,504,5,28,45,62.2,0.764,103.5,32.4,13,0.523
31,504,10,29,45,64.4,0.842,134.3,30.9,13,0.559
31,504,15,29,45,64.4,0.727,108.6,32.9,13,0.549
31,504,20,29,45,64.4,0.727,108.6,32.9,13,0.549
31,504,25,29,45,64.4,0.669,91.3,31.3,12,0.538
31,504,30,28,45,62.2,0.691,102.3,30.8,12,0.547
31,504,40,30,45,66.7,0.946,87.4,29.7,10,0.566
32,21,0,29,45,64.4,0.855,119.3,32.6,14,0.536
32,21,5,34,45,75.6,0.798,76.2,31.1,10,0.564
32,21,10,35,45,77.8,0.889,81.2,27.1,10,0.579
32,21,15,32,45,71.1,0.906,68.8,25.7,9,0.561
32,21,20,34,45,75.6,0.929,61.9,25.1,8,0.582
32,21,25,31,45,68.9,0.768,49.1,25.3,8,0.571
32,21,30,33,45,73.3,0.831,50.2,25.7,7,0.576
32,21,40,30,45,66.7,0.661,42.8,23.4,7,0.556
32,42,0,29,45,64.4,0.855,119.3,32.6,14,0.536
32,42,5,34,45,75.6,0.861,99.5,27.9,11,0.564
32,42,10,32,45,71.1,1.024,74.2,26.7,10,0.555
32,42,15,31,45,68.9,0.981,67.2,27.4,10,0.568
32,42,20,30,45,66.7,0.874,64.3,25.9,9,0.570
32,42,25,29,45,64.4,0.730,51.3,28.9,9,0.571
32,42,30,30,45,66.7,0.561,45.3,30.4,8,0.555
32,42,40,30,45,66.7,0.730,59.1,29.4,8,0.577
32,63,0,29,45,64.4,0.855,119.3,32.6,14,0.536
32,63,5,30,45,66.7,0.913,96.0,28.0,11,0.552
32,63,10,32,45,71.1,0.930,82.3,27.9,11,0.553
32,63,15,29,45,64.4,0.532,65.4,29.7,10,0.523
32,63,20,30,45,66.7,0.507,58.9,30.3,10,0.524
32,63,25,26,45,57.8,0.482,63.2,31.1,9,0.522
32,63,30,29,45,64.4,0.665,64.9,29.0,9,0.547
32,63,40,30,45,66.7,0.740,80.2,26.6,8,0.582
32,126,0,29,45,64.4,0.855,119.3,32.6,14,0.536
32,126,5,35,45,77.8,0.931,125.3,31.5,12,0.563
32,126,10,29,45,64.4,0.635,103.2,30.9,12,0.558
32,126,15,32,45,71.1,1.094,120.1,27.8,11,0.573
32,126,20,32,45,71.1,1.057,109.8,27.4,10,0.562
32,126,25,29,45,64.4,0.626,83.1,29.5,9,0.530
32,126,30,30,45,66.7,0.561,76.9,31.6,9,0.530
32,126,40,23,45,51.1,0.277,85.7,27.7,7,0.516
32,252,0,29,45,64.4,0.855,119.3,32.6,14,0.536
32,252,5,29,45,64.4,0.806,108.3,31.2,13,0.566
32,252,10,35,45,77.8,1.153,115.2,28.9,12,0.552
32,252,15,31,45,68.9,0.675,96.2,31.1,11,0.521
32,252,20,28,45,62.2,0.532,124.2,29.2,9,0.527
32,252,25,27,45,60.0,0.441,96.9,29.6,9,0.504
32,252,30,23,45,51.1,0.307,88.1,27.7,8,0.509
32,252,40,25,45,55.6,0.259,94.0,24.6,8,0.520
32,504,0,29,45,64.4,0.855,119.3,32.6,14,0.536
32,504,5,28,45,62.2,0.768,103.6,32.4,13,0.527
32,504,10,29,45,64.4,0.842,134.3,30.9,13,0.559
32,504,15,29,45,64.4,0.727,108.6,32.9,13,0.549
32,504,20,29,45,64.4,0.780,110.0,32.2,12,0.552
32,504,25,30,45,66.7,0.776,107.1,30.7,12,0.552
32,504,30,28,45,62.2,0.703,101.9,30.7,12,0.546
32,504,40,34,45,75.6,1.133,89.6,28.0,10,0.561
33,21,0,29,45,64.4,0.855,119.3,32.6,14,0.536
33,21,5,35,45,77.8,1.152,107.0,29.6,10,0.604
33,21,10,34,45,75.6,1.062,97.7,27.1,10,0.608
33,21,15,32,45,71.1,0.956,82.4,27.0,9,0.602
33,21,20,32,45,71.1,0.934,65.2,25.7,9,0.586
33,21,25,33,45,73.3,0.965,57.0,26.1,8,0.606
33,21,30,31,45,68.9,0.648,42.0,26.7,8,0.581
33,21,40,21,45,46.7,0.428,32.3,27.6,7,0.542
33,42,0,29,45,64.4,0.855,119.3,32.6,14,0.536
33,42,5,34,45,75.6,1.174,115.0,27.1,11,0.595
33,42,10,30,45,66.7,1.103,74.7,26.4,10,0.586
33,42,15,30,45,66.7,0.805,65.3,28.6,10,0.564
33,42,20,28,45,62.2,0.596,52.7,29.6,9,0.546
33,42,25,24,45,53.3,0.488,44.8,31.6,9,0.552
33,42,30,28,45,62.2,0.594,50.1,30.4,9,0.563
33,42,40,28,45,62.2,0.713,52.4,27.0,8,0.571
33,63,0,29,45,64.4,0.855,119.3,32.6,14,0.536
33,63,5,32,45,71.1,0.938,106.9,27.8,11,0.571
33,63,10,30,45,66.7,0.716,77.4,29.8,11,0.534
33,63,15,27,45,60.0,0.480,66.2,30.6,10,0.530
33,63,20,26,45,57.8,0.373,56.3,32.2,10,0.529
33,63,25,26,45,57.8,0.436,63.2,30.2,9,0.535
33,63,30,27,45,60.0,0.617,62.2,28.7,9,0.559
33,63,40,27,45,60.0,0.823,75.5,25.0,7,0.576
33,126,0,29,45,64.4,0.855,119.3,32.6,14,0.536
33,126,5,30,45,66.7,0.824,120.9,31.7,12,0.565
33,126,10,26,45,57.8,0.514,100.4,32.9,12,0.556
33,126,15,29,45,64.4,0.734,123.7,31.4,11,0.565
33,126,20,34,45,75.6,1.093,108.7,25.8,10,0.558
33,126,25,29,45,64.4,0.671,80.8,29.4,9,0.534
33,126,30,28,45,62.2,0.512,71.8,31.5,9,0.524
33,126,40,23,45,51.1,0.090,57.3,28.7,8,0.450
33,252,0,29,45,64.4,0.855,119.3,32.6,14,0.536
33,252,5,30,45,66.7,0.840,108.5,33.2,12,0.563
33,252,10,32,45,71.1,1.114,114.5,29.6,11,0.553
33,252,15,32,45,71.1,0.705,96.0,31.0,11,0.533
33,252,20,27,45,60.0,0.440,111.3,29.5,10,0.523
33,252,25,27,45,60.0,0.379,88.7,29.3,9,0.502
33,252,30,27,45,60.0,0.374,102.0,25.8,8,0.509
33,252,40,25,45,55.6,0.355,94.3,24.3,8,0.535
33,504,0,29,45,64.4,0.855,119.3,32.6,14,0.536
33,504,5,28,45,62.2,0.764,103.5,32.4,13,0.523
33,504,10,29,45,64.4,0.829,134.0,30.9,13,0.557
33,504,15,29,45,64.4,0.727,108.6,32.9,13,0.549
33,504,20,29,45,64.4,0.773,103.2,31.5,12,0.548
33,504,25,29,45,64.4,0.845,115.3,30.7,12,0.571
33,504,30,28,45,62.2,0.696,101.9,30.7,12,0.542
33,504,40,30,45,66.7,0.825,82.4,29.5,10,0.528
34,21,0,29,45,64.4,0.855,119.3,32.6,14,0.536
34,21,5,33,45,73.3,0.869,81.0,30.6,10,0.586
34,21,10,33,45,73.3,1.034,89.2,28.0,10,0.614
34,21,15,32,45,71.1,0.987,90.6,27.6,9,0.595
34,21,20,30,45,66.7,0.688,61.1,29.3,9,0.568
34,21,25,31,45,68.9,0.701,48.8,28.3,8,0.578
34,21,30,29,45,64.4,0.696,61.7,24.3,8,0.558
34,21,40,28,45,62.2,0.553,51.8,25.2,7,0.561
34,42,0,29,45,64.4,0.855,119.3,32.6,14,0.536
34,42,5,32,45,71.1,1.213,106.1,27.8,11,0.609
34,42,10,29,45,64.4,0.671,72.0,30.8,10,0.553
34,42,15,26,45,57.8,0.624,57.7,29.3,10,0.542
34,42,20,28,45,62.2,0.695,60.2,27.7,9,0.541
34,42,25,32,45,71.1,0.826,69.4,25.3,9,0.572
34,42,30,27,45,60.0,0.571,59.1,29.5,9,0.558
34,42,40,25,45,55.6,0.450,45.1,29.0,8,0.534
34,63,0,29,45,64.4,0.855,119.3,32.6,14,0.536
34,63,5,33,45,73.3,1.037,109.0,29.3,11,0.576
34,63,10,27,45,60.0,0.606,73.3,29.0,10,0.522
34,63,15,27,45,60.0,0.617,74.9,28.2,10,0.532
34,63,20,26,45,57.8,0.351,64.1,31.9,10,0.519
34,63,25,25,45,55.6,0.542,63.3,30.3,9,0.545
34,63,30,25,45,55.6,0.462,60.5,30.9,9,0.536
34,63,40,23,45,51.1,0.479,73.7,26.5,7,0.546
34,126,0,29,45,64.4,0.855,119.3,32.6,14,0.536
34,126,5,27,45,60.0,0.587,114.1,32.7,12,0.553
34,126,10,26,45,57.8,0.574,110.3,32.7,12,0.548
34,126,15,30,45,66.7,0.705,118.7,31.2,11,0.563
34,126,20,30,45,66.7,0.688,98.6,27.8,10,0.553
34,126,25,28,45,62.2,0.628,94.2,29.2,9,0.538
34,126,30,23,45,51.1,0.429,69.7,30.0,9,0.506
34,126,40,23,45,51.1,0.004,56.1,29.6,8,0.428
34,252,0,29,45,64.4,0.855,119.3,32.6,14,0.536
34,252,5,28,45,62.2,0.888,115.9,32.8,12,0.554
34,252,10,31,45,68.9,0.885,112.2,28.6,11,0.555
34,252,15,32,45,71.1,0.683,95.2,31.2,11,0.530
34,252,20,28,45,62.2,0.488,109.4,30.5,10,0.520
34,252,25,27,45,60.0,0.363,88.8,28.9,9,0.518
34,252,30,27,45,60.0,0.299,98.8,25.3,8,0.512
34,252,40,25,45,55.6,0.401,95.5,24.3,7,0.542
34,504,0,29,45,64.4,0.855,119.3,32.6,14,0.536
34,504,5,28,45,62.2,0.764,103.5,32.4,13,0.523
34,504,10,29,45,64.4,0.685,120.2,32.3,13,0.541
34,504,15,29,45,64.4,0.727,108.6,32.9,13,0.549
34,504,20,28,45,62.2,0.739,102.0,32.2,12,0.548
34,504,25,29,45,64.4,0.845,115.3,30.7,12,0.571
34,504,30,28,45,62.2,0.737,104.6,30.7,12,0.543
34,504,40,30,45,66.7,0.840,82.6,29.5,10,0.529
35,21,0,29,45,64.4,0.855,119.3,32.6,14,0.536
35,21,5,31,45,68.9,0.894,89.7,30.2,10,0.584
35,21,10,31,45,68.9,0.815,98.0,28.7,10,0.577
35,21,15,31,45,68.9,0.782,91.1,28.1,10,0.563
35,21,20,30,45,66.7,0.723,69.5,27.9,9,0.565
35,21,25,30,45,66.7,0.772,71.1,26.7,8,0.577
35,21,30,32,45,71.1,0.788,62.4,25.7,8,0.570
35,21,40,29,45,64.4,0.743,60.2,24.9,7,0.587
35,42,0,29,45,64.4,0.855,119.3,32.6,14,0.536
35,42,5,30,45,66.7,0.893,106.9,29.5,11,0.560
35,42,10,29,45,64.4,0.762,73.0,29.5,10,0.548
35,42,15,30,45,66.7,0.796,63.4,29.0,10,0.554
35,42,20,32,45,71.1,0.762,67.3,27.1,9,0.556
35,42,25,27,45,60.0,0.618,60.9,29.0,9,0.558
35,42,30,28,45,62.2,0.547,57.7,30.3,9,0.555
35,42,40,21,45,46.7,0.474,57.0,29.4,8,0.547
35,63,0,29,45,64.4,0.855,119.3,32.6,14,0.536
35,63,5,29,45,64.4,0.752,98.9,30.1,11,0.531
35,63,10,30,45,66.7,0.781,78.5,28.8,10,0.533
35,63,15,29,45,64.4,0.668,72.2,28.5,10,0.547
35,63,20,26,45,57.8,0.331,62.3,31.9,10,0.524
35,63,25,24,45,53.3,0.453,58.8,29.3,9,0.538
35,63,30,27,45,60.0,0.416,64.1,31.2,9,0.532
35,63,40,26,45,57.8,0.430,71.9,28.3,7,0.536
35,126,0,29,45,64.4,0.855,119.3,32.6,14,0.536
35,126,5,30,45,66.7,0.814,120.2,31.9,12,0.564
35,126,10,31,45,68.9,0.773,114.3,31.9,12,0.566
35,126,15,30,45,66.7,0.593,115.4,31.4,11,0.556
35,126,20,29,45,64.4,0.600,110.5,29.5,10,0.534
35,126,25,27,45,60.0,0.594,96.1,30.0,9,0.525
35,126,30,22,45,48.9,0.367,83.6,31.0,9,0.522
35,126,40,21,45,46.7,0.100,52.4,28.6,8,0.456
35,252,0,29,45,64.4,0.855,119.3,32.6,14,0.536
35,252,5,27,45,60.0,0.728,117.2,32.8,13,0.550
35,252,10,31,45,68.9,0.881,113.2,28.9,11,0.541
35,252,15,32,45,71.1,0.583,100.9,31.1,11,0.518
35,252,20,28,45,62.2,0.387,89.6,32.2,10,0.521
35,252,25,31,45,68.9,0.624,103.9,27.8,9,0.540
35,252,30,27,45,60.0,0.299,98.8,25.3,8,0.512
35,252,40,25,45,55.6,0.455,100.8,24.3,7,0.546
35,504,0,29,45,64.4,0.855,119.3,32.6,14,0.536
35,504,5,28,45,62.2,0.764,103.5,32.4,13,0.523
35,504,10,28,45,62.2,0.685,114.6,32.3,13,0.541
35,504,15,29,45,64.4,0.727,108.6,32.9,13,0.549
35,504,20,27,45,60.0,0.738,111.1,31.0,12,0.560
35,504,25,30,45,66.7,0.899,114.7,30.7,12,0.560
35,504,30,29,45,64.4,0.809,105.9,30.8,12,0.548
35,504,40,31,45,68.9,0.847,76.7,29.9,10,0.528
36,21,0,29,45,64.4,0.855,119.3,32.6,14,0.536
36,21,5,31,45,68.9,0.787,76.6,31.1,10,0.535
36,21,10,34,45,75.6,0.782,90.4,28.0,10,0.571
36,21,15,30,45,66.7,0.584,84.2,28.2,9,0.562
36,21,20,27,45,60.0,0.563,76.5,27.9,8,0.545
36,21,25,27,45,60.0,0.623,58.6,27.6,8,0.558
36,21,30,27,45,60.0,0.505,52.6,28.9,8,0.559
36,21,40,30,45,66.7,0.659,47.7,26.8,7,0.575
36,42,0,29,45,64.4,0.855,119.3,32.6,14,0.536
36,42,5,33,45,73.3,0.809,96.7,29.4,11,0.549
36,42,10,26,45,57.8,0.559,78.5,29.5,10,0.536
36,42,15,27,45,60.0,0.654,67.1,29.3,10,0.552
36,42,20,30,45,66.7,0.685,63.6,27.3,10,0.552
36,42,25,27,45,60.0,0.569,68.5,29.3,9,0.556
36,42,30,26,45,57.8,0.574,65.9,30.0,9,0.553
36,42,40,26,45,57.8,0.582,59.7,30.4,8,0.547
36,63,0,29,45,64.4,0.855,119.3,32.6,14,0.536
36,63,5,30,45,66.7,0.572,97.6,29.9,11,0.528
36,63,10,27,45,60.0,0.667,85.1,29.0,10,0.541
36,63,15,26,45,57.8,0.706,77.8,28.0,10,0.544
36,63,20,26,45,57.8,0.556,76.6,30.2,10,0.543
36,63,25,28,45,62.2,0.530,77.3,31.6,9,0.543
36,63,30,24,45,53.3,0.363,87.7,30.9,8,0.541
36,63,40,19,45,42.2,0.060,56.8,28.9,7,0.477
36,126,0,29,45,64.4,0.855,119.3,32.6,14,0.536
36,126,5,26,45,57.8,0.579,113.3,32.6,12,0.555
36,126,10,28,45,62.2,0.736,111.1,33.0,12,0.563
36,126,15,29,45,64.4,0.682,112.2,31.0,11,0.542
36,126,20,31,45,68.9,0.889,125.6,29.2,10,0.560
36,126,25,27,45,60.0,0.563,101.4,29.9,9,0.516
36,126,30,23,45,51.1,0.460,113.1,29.8,9,0.515
36,126,40,18,45,40.0,-0.152,42.8,31.8,7,0.418
36,252,0,29,45,64.4,0.855,119.3,32.6,14,0.536
36,252,5,27,45,60.0,0.862,114.3,33.4,12,0.540
36,252,10,30,45,66.7,0.829,106.6,30.2,11,0.545
36,252,15,27,45,60.0,0.519,113.9,31.8,10,0.527
36,252,20,26,45,57.8,0.507,104.6,29.6,9,0.529
36,252,25,26,45,57.8,0.618,101.1,27.6,9,0.556
36,252,30,29,45,64.4,0.643,102.6,25.2,8,0.551
36,252,40,27,45,60.0,0.635,112.3,23.8,8,0.544
36,504,0,29,45,64.4,0.855,119.3,32.6,14,0.536
36,504,5,28,45,62.2,0.844,107.1,32.6,13,0.527
36,504,10,29,45,64.4,0.749,115.5,32.3,13,0.543
36,504,15,29,45,64.4,0.727,108.6,32.9,13,0.549
36,504,20,27,45,60.0,0.738,111.1,31.0,12,0.560
36,504,25,30,45,66.7,0.872,114.1,31.0,12,0.560
36,504,30,28,45,62.2,0.779,99.2,30.3,11,0.556
36,504,40,29,45,64.4,0.606,58.9,31.7,10,0.530
37,21,0,29,45,64.4,0.855,119.3,32.6,14,0.536
37,21,5,33,45,73.3,0.800,77.9,31.9,10,0.582
37,21,10,30,45,66.7,0.756,84.4,29.1,10,0.588
37,21,15,28,45,62.2,0.572,71.2,28.5,9,0.564
37,21,20,27,45,60.0,0.594,61.2,27.6,8,0.557
37,21,25,27,45,60.0,0.623,65.5,28.6,8,0.583
37,21,30,27,45,60.0,0.576,51.3,27.2,8,0.573
37,21,40,31,45,68.9,0.812,55.6,26.8,7,0.569
37,42,0,29,45,64.4,0.855,119.3,32.6,14,0.536
37,42,5,33,45,73.3,0.887,100.9,28.9,11,0.567
37,42,10,26,45,57.8,0.681,83.9,28.8,10,0.555
37,42,15,27,45,60.0,0.584,59.6,29.0,10,0.547
37,42,20,32,45,71.1,0.794,73.4,27.2,9,0.560
37,42,25,27,45,60.0,0.621,70.4,29.8,9,0.560
37,42,30,28,45,62.2,0.526,61.5,30.5,9,0.543
37,42,40,23,45,51.1,0.523,69.6,30.3,8,0.561
37,63,0,29,45,64.4,0.855,119.3,32.6,14,0.536
37,63,5,29,45,64.4,0.607,101.3,29.8,10,0.541
37,63,10,27,45,60.0,0.659,75.9,29.0,10,0.542
37,63,15,27,45,60.0,0.628,84.2,29.5,10,0.552
37,63,20,29,45,64.4,0.483,69.5,30.5,10,0.528
37,63,25,24,45,53.3,0.327,72.8,31.5,9,0.532
37,63,30,24,45,53.3,0.333,77.6,30.9,8,0.535
37,63,40,19,45,42.2,0.197,56.1,29.0,7,0.499
37,126,0,29,45,64.4,0.855,119.3,32.6,14,0.536
37,126,5,26,45,57.8,0.582,113.0,32.5,12,0.560
37,126,10,29,45,64.4,0.654,107.4,32.8,12,0.549
37,126,15,31,45,68.9,0.869,118.5,30.0,11,0.567
37,126,20,28,45,62.2,0.650,116.4,30.1,10,0.552
37,126,25,25,45,55.6,0.462,92.0,29.8,9,0.510
37,126,30,24,45,53.3,0.381,98.6,30.2,9,0.522
37,126,40,18,45,40.0,-0.119,40.7,31.0,7,0.422
37,252,0,29,45,64.4,0.855,119.3,32.6,14,0.536
37,252,5,28,45,62.2,0.967,115.5,32.6,12,0.553
37,252,10,30,45,66.7,0.865,106.8,30.5,11,0.554
37,252,15,31,45,68.9,0.521,107.3,31.1,10,0.535
37,252,20,27,45,60.0,0.497,101.7,29.4,9,0.543
37,252,25,26,45,57.8,0.618,101.1,27.6,9,0.556
37,252,30,29,45,64.4,0.672,103.1,24.7,8,0.562
37,252,40,27,45,60.0,0.557,99.4,23.7,8,0.542
37,504,0,29,45,64.4,0.855,119.3,32.6,14,0.536
37,504,5,28,45,62.2,0.843,107.9,32.4,13,0.529
37,504,10,27,45,60.0,0.668,112.2,32.8,13,0.531
37,504,15,27,45,60.0,0.684,109.7,31.8,12,0.558
37,504,20,27,45,60.0,0.684,109.7,31.8,12,0.556
37,504,25,30,45,66.7,0.882,111.5,31.0,12,0.555
37,504,30,29,45,64.4,0.758,85.1,30.0,11,0.541
37,504,40,29,45,64.4,0.717,60.2,31.4,10,0.545
38,21,0,29,45,64.4,0.855,119.3,32.6,14,0.536
38,21,5,31,45,68.9,0.801,94.2,29.6,10,0.582
38,21,10,30,45,66.7,0.620,78.3,29.3,10,0.571
38,21,15,24,45,53.3,0.551,62.4,29.8,9,0.561
38,21,20,25,45,55.6,0.340,51.4,30.7,9,0.529
38,21,25,26,45,57.8,0.467,53.3,29.4,8,0.539
38,21,30,28,45,62.2,0.495,47.9,28.2,8,0.553
38,21,40,29,45,64.4,0.751,50.0,25.2,7,0.573
38,42,0,29,45,64.4,0.855,119.3,32.6,14,0.536
38,42,5,30,45,66.7,0.713,102.7,28.8,11,0.563
38,42,10,28,45,62.2,0.667,76.2,28.4,10,0.550
38,42,15,28,45,62.2,0.666,59.2,28.6,10,0.555
38,42,20,32,45,71.1,0.756,64.8,26.3,10,0.558
38,42,25,24,45,53.3,0.412,62.5,30.4,9,0.542
38,42,30,23,45,51.1,0.470,67.2,29.4,9,0.547
38,42,40,27,45,60.0,0.578,75.9,30.6,8,0.543
38,63,0,29,45,64.4,0.855,119.3,32.6,14,0.536
38,63,5,32,45,71.1,0.901,107.0,28.4,11,0.566
38,63,10,29,45,64.4,0.749,77.8,28.3,10,0.556
38,63,15,29,45,64.4,0.617,67.9,29.8,10,0.555
38,63,20,26,45,57.8,0.475,80.4,30.0,10,0.531
38,63,25,27,45,60.0,0.326,80.6,32.0,9,0.539
38,63,30,27,45,60.0,0.327,78.9,30.4,8,0.542
38,63,40,18,45,40.0,0.163,52.6,29.2,7,0.500
38,126,0,29,45,64.4,0.855,119.3,32.6,14,0.536
38,126,5,27,45,60.0,0.661,115.8,32.0,12,0.567
38,126,10,30,45,66.7,0.740,110.5,31.0,12,0.561
38,126,15,29,45,64.4,0.743,112.3,30.3,11,0.546
38,126,20,32,45,71.1,0.890,119.7,29.7,10,0.555
38,126,25,25,45,55.6,0.568,97.9,30.3,9,0.514
38,126,30,25,45,55.6,0.445,105.6,30.0,9,0.517
38,126,40,20,45,44.4,0.044,35.8,31.5,8,0.427
38,252,0,29,45,64.4,0.855,119.3,32.6,14,0.536
38,252,5,30,45,66.7,0.878,116.0,31.5,13,0.555
38,252,10,31,45,68.9,0.903,107.6,30.8,11,0.549
38,252,15,31,45,68.9,0.472,108.0,30.0,10,0.540
38,252,20,26,45,57.8,0.495,96.8,29.4,9,0.525
38,252,25,26,45,57.8,0.618,101.1,27.6,9,0.556
38,252,30,29,45,64.4,0.636,102.8,25.8,9,0.553
38,252,40,27,45,60.0,0.481,83.8,24.2,8,0.525
38,504,0,29,45,64.4,0.855,119.3,32.6,14,0.536
38,504,5,28,45,62.2,0.844,107.1,32.6,13,0.527
38,504,10,27,45,60.0,0.665,107.4,32.8,13,0.516
38,504,15,27,45,60.0,0.684,109.7,31.8,12,0.558
38,504,20,27,45,60.0,0.738,111.1,31.0,12,0.560
38,504,25,29,45,64.4,0.789,107.2,31.0,12,0.548
38,504,30,33,45,73.3,0.919,101.4,29.1,11,0.555
38,504,40,25,45,55.6,0.669,57.0,31.6,10,0.528
39,21,0,29,45,64.4,0.855,119.3,32.6,14,0.536
39,21,5,32,45,71.1,0.900,95.2,30.0,10,0.586
39,21,10,27,45,60.0,0.643,72.2,29.8,10,0.550
39,21,15,24,45,53.3,0.414,46.5,30.4,9,0.535
39,21,20,26,45,57.8,0.494,49.5,29.4,9,0.534
39,21,25,26,45,57.8,0.496,44.4,29.5,8,0.532
39,21,30,27,45,60.0,0.427,33.5,28.7,8,0.530
39,21,40,31,45,68.9,0.718,45.9,26.7,7,0.563
39,42,0,29,45,64.4,0.855,119.3,32.6,14,0.536
39,42,5,30,45,66.7,0.932,97.3,27.7,11,0.555
39,42,10,30,45,66.7,0.799,74.1,27.2,10,0.552
39,42,15,29,45,64.4,0.737,63.3,27.4,10,0.549
39,42,20,31,45,68.9,0.755,64.7,28.1,9,0.554
39,42,25,24,45,53.3,0.338,55.8,30.7,9,0.531
39,42,30,23,45,51.1,0.199,62.2,31.8,8,0.516
39,42,40,24,45,53.3,0.449,61.6,30.7,8,0.540
39,63,0,29,45,64.4,0.855,119.3,32.6,14,0.536
39,63,5,32,45,71.1,0.941,97.5,27.8,11,0.556
39,63,10,30,45,66.7,0.852,81.6,28.4,11,0.558
39,63,15,26,45,57.8,0.559,84.0,30.1,10,0.551
39,63,20,26,45,57.8,0.304,83.1,31.3,9,0.540
39,63,25,28,45,62.2,0.400,83.6,30.9,9,0.537
39,63,30,24,45,53.3,0.370,68.8,28.3,8,0.522
39,63,40,18,45,40.0,0.155,52.4,29.1,7,0.510
39,126,0,29,45,64.4,0.855,119.3,32.6,14,0.536
39,126,5,27,45,60.0,0.683,115.5,31.8,12,0.560
39,126,10,28,45,62.2,0.658,110.2,31.0,12,0.560
39,126,15,27,45,60.0,0.734,105.2,31.1,11,0.542
39,126,20,32,45,71.1,0.871,117.2,29.5,10,0.537
39,126,25,26,45,57.8,0.599,113.7,30.3,9,0.533
39,126,30,25,45,55.6,0.416,70.3,30.7,9,0.498
39,126,40,22,45,48.9,0.078,24.2,31.6,8,0.456
39,252,0,29,45,64.4,0.855,119.3,32.6,14,0.536
39,252,5,28,45,62.2,0.800,127.2,31.4,13,0.552
39,252,10,31,45,68.9,0.856,107.9,30.2,11,0.541
39,252,15,31,45,68.9,0.541,108.4,30.1,10,0.542
39,252,20,26,45,57.8,0.497,97.7,29.4,9,0.549
39,252,25,26,45,57.8,0.671,102.8,27.6,9,0.562
39,252,30,29,45,64.4,0.623,102.1,25.8,8,0.529
39,252,40,27,45,60.0,0.702,88.9,23.9,8,0.564
39,504,0,29,45,64.4,0.855,119.3,32.6,14,0.536
39,504,5,28,45,62.2,0.844,107.1,32.6,13,0.527
39,504,10,28,45,62.2,0.738,112.5,32.8,13,0.537
39,504,15,29,45,64.4,0.744,111.8,31.8,12,0.560
39,504,20,27,45,60.0,0.682,109.3,31.8,12,0.534
39,504,25,29,45,64.4,0.784,108.8,31.0,12,0.548
39,504,30,29,45,64.4,0.676,78.6,30.2,11,0.529
39,504,40,26,45,57.8,0.704,58.0,31.4,10,0.532
40,21,0,29,45,64.4,0.855,119.3,32.6,14,0.536
40,21,5,30,45,66.7,0.923,101.1,29.5,11,0.575
40,21,10,29,45,64.4,0.826,71.1,30.1,10,0.585
40,21,15,27,45,60.0,0.609,53.6,28.6,9,0.553
40,21,20,26,45,57.8,0.492,48.2,29.8,9,0.540
40,21,25,29,45,64.4,0.500,47.8,29.6,8,0.528
40,21,30,27,45,60.0,0.592,41.0,28.2,8,0.530
40,21,40,31,45,68.9,0.843,51.5,25.7,7,0.558
40,42,0,29,45,64.4,0.855,119.3,32.6,14,0.536
40,42,5,32,45,71.1,0.958,106.5,27.8,11,0.578
40,42,10,29,45,64.4,0.728,85.6,27.6,10,0.550
40,42,15,31,45,68.9,0.790,62.9,27.4,10,0.547
40,42,20,32,45,71.1,0.810,75.9,27.0,9,0.557
40,42,25,26,45,57.8,0.458,71.6,30.7,9,0.528
40,42,30,20,45,44.4,0.415,62.6,30.4,8,0.513
40,42,40,24,45,53.3,0.442,52.4,30.2,7,0.535
40,63,0,29,45,64.4,0.855,119.3,32.6,14,0.536
40,63,5,31,45,68.9,0.877,96.2,28.0,11,0.552
40,63,10,31,45,68.9,0.893,81.1,28.1,11,0.555
40,63,15,29,45,64.4,0.695,79.8,30.0,10,0.560
40,63,20,27,45,60.0,0.461,84.6,30.2,9,0.522
40,63,25,28,45,62.2,0.333,82.4,30.3,8,0.524
40,63,30,24,45,53.3,0.264,65.2,30.1,8,0.515
40,63,40,18,45,40.0,0.178,45.1,27.5,7,0.497
40,126,0,29,45,64.4,0.855,119.3,32.6,14,0.536
40,126,5,26,45,57.8,0.614,113.0,31.9,12,0.558
40,126,10,29,45,64.4,0.624,118.3,31.5,11,0.535
40,126,15,28,45,62.2,0.688,112.1,31.8,11,0.533
40,126,20,29,45,64.4,0.710,113.9,30.3,10,0.543
40,126,25,29,45,64.4,0.702,84.7,29.6,9,0.492
40,126,30,25,45,55.6,0.431,71.8,30.4,9,0.498
40,126,40,22,45,48.9,0.112,24.7,30.6,8,0.460
40,252,0,29,45,64.4,0.855,119.3,32.6,14,0.536
40,252,5,28,45,62.2,0.763,127.6,32.7,13,0.541
40,252,10,31,45,68.9,0.788,109.4,30.9,11,0.529
40,252,15,31,45,68.9,0.524,113.5,30.2,10,0.542
40,252,20,27,45,60.0,0.524,101.8,29.7,9,0.550
40,252,25,26,45,57.8,0.617,100.9,27.6,9,0.556
40,252,30,29,45,64.4,0.615,106.5,25.6,8,0.547
40,252,40,27,45,60.0,0.442,83.3,24.9,8,0.517
40,504,0,29,45,64.4,0.855,119.3,32.6,14,0.536
40,504,5,28,45,62.2,0.844,107.1,32.6,13,0.527
40,504,10,28,45,62.2,0.738,112.8,32.8,13,0.537
40,504,15,27,45,60.0,0.669,108.5,32.3,13,0.546
40,504,20,27,45,60.0,0.681,109.7,31.8,12,0.550
40,504,25,31,45,68.9,1.001,118.7,30.5,12,0.563
40,504,30,30,45,66.7,0.713,73.1,30.4,11,0.522
40,504,40,26,45,57.8,0.676,57.2,31.4,10,0.529
41,21,0,29,45,64.4,0.855,119.3,32.6,14,0.536
41,21,5,30,45,66.7,1.012,94.8,29.5,10,0.575
41,21,10,29,45,64.4,0.857,77.4,29.0,10,0.567
41,21,15,27,45,60.0,0.691,70.8,28.0,9,0.551
41,21,20,26,45,57.8,0.553,49.2,28.9,9,0.537
41,21,25,29,45,64.4,0.631,57.3,27.8,8,0.555
41,21,30,27,45,60.0,0.594,44.2,28.1,8,0.517
41,21,40,28,45,62.2,0.770,52.6,25.9,7,0.558
41,42,0,29,45,64.4,0.855,119.3,32.6,14,0.536
41,42,5,30,45,66.7,0.961,101.1,27.7,11,0.566
41,42,10,29,45,64.4,0.677,79.1,27.8,10,0.542
41,42,15,31,45,68.9,0.754,75.7,27.3,10,0.531
41,42,20,28,45,62.2,0.567,73.6,29.7,9,0.541
41,42,25,23,45,51.1,0.333,59.2,30.8,9,0.501
41,42,30,23,45,51.1,0.385,62.1,30.8,8,0.498
41,42,40,23,45,51.1,0.369,44.9,31.5,8,0.518
41,63,0,29,45,64.4,0.855,119.3,32.6,14,0.536
41,63,5,31,45,68.9,0.944,107.8,27.6,11,0.563
41,63,10,30,45,66.7,0.848,82.7,28.1,10,0.539
41,63,15,29,45,64.4,0.588,83.0,31.2,10,0.516
41,63,20,28,45,62.2,0.382,83.4,30.9,9,0.499
41,63,25,28,45,62.2,0.375,83.6,31.1,8,0.515
41,63,30,21,45,46.7,0.401,72.1,28.4,8,0.522
41,63,40,19,45,42.2,0.099,40.1,28.2,7,0.478
41,126,0,29,45,64.4,0.855,119.3,32.6,14,0.536
41,126,5,27,45,60.0,0.696,113.6,30.9,12,0.550
41,126,10,29,45,64.4,0.754,118.2,30.3,11,0.546
41,126,15,28,45,62.2,0.809,127.5,30.0,11,0.555
41,126,20,31,45,68.9,0.852,115.6,30.0,10,0.544
41,126,25,29,45,64.4,0.703,73.8,31.1,9,0.492
41,126,30,23,45,51.1,0.381,70.2,30.7,9,0.481
41,126,40,22,45,48.9,0.170,25.5,30.7,7,0.473
41,252,0,29,45,64.4,0.855,119.3,32.6,14,0.536
41,252,5,28,45,62.2,0.730,114.9,32.7,13,0.536
41,252,10,31,45,68.9,0.769,105.1,31.2,11,0.527
41,252,15,31,45,68.9,0.566,110.2,29.7,10,0.536
41,252,20,27,45,60.0,0.606,103.5,28.9,9,0.554
41,252,25,26,45,57.8,0.579,100.0,27.8,9,0.551
41,252,30,29,45,64.4,0.615,106.5,25.6,8,0.547
41,252,40,27,45,60.0,0.460,74.9,25.3,8,0.515
41,504,0,29,45,64.4,0.855,119.3,32.6,14,0.536
41,504,5,28,45,62.2,0.844,107.1,32.6,13,0.527
41,504,10,28,45,62.2,0.736,110.2,32.9,13,0.532
41,504,15,27,45,60.0,0.670,108.5,32.3,13,0.544
41,504,20,29,45,64.4,0.741,111.7,31.8,12,0.552
41,504,25,31,45,68.9,0.913,93.3,31.4,12,0.557
41,504,30,32,45,71.1,0.789,76.6,29.9,11,0.529
41,504,40,27,45,60.0,0.765,59.5,30.7,10,0.533
42,21,0,29,45,64.4,0.855,119.3,32.6,14,0.536
42,21,5,32,45,71.1,1.139,96.3,28.4,10,0.569
42,21,10,30,45,66.7,1.014,73.8,29.1,10,0.574
42,21,15,29,45,64.4,1.047,75.9,28.7,9,0.564
42,21,20,27,45,60.0,0.825,69.9,28.3,9,0.547
42,21,25,27,45,60.0,0.647,58.2,27.4,8,0.525
42,21,30,29,45,64.4,0.866,53.5,26.1,8,0.527
42,21,40,33,45,73.3,0.894,57.7,24.5,7,0.539
42,42,0,29,45,64.4,0.855,119.3,32.6,14,0.536
42,42,5,30,45,66.7,1.098,104.3,26.8,11,0.564
42,42,10,33,45,73.3,0.992,95.7,26.7,10,0.560
42,42,15,33,45,73.3,0.964,86.3,27.6,10,0.546
42,42,20,30,45,66.7,0.701,79.3,28.0,9,0.516
42,42,25,23,45,51.1,0.370,66.9,31.0,9,0.502
42,42,30,22,45,48.9,0.316,56.6,32.2,8,0.492
42,42,40,24,45,53.3,0.552,47.7,28.7,7,0.539
42,63,0,29,45,64.4,0.855,119.3,32.6,14,0.536
42,63,5,32,45,71.1,1.255,117.0,28.0,11,0.576
42,63,10,30,45,66.7,1.020,93.0,28.1,11,0.547
42,63,15,26,45,57.8,0.586,86.1,28.2,10,0.509
42,63,20,27,45,60.0,0.349,74.6,32.1,9,0.501
42,63,25,27,45,60.0,0.415,85.5,29.7,8,0.537
42,63,30,24,45,53.3,0.488,76.3,26.6,8,0.522
42,63,40,19,45,42.2,0.068,34.7,29.4,7,0.472
42,126,0,29,45,64.4,0.855,119.3,32.6,14,0.536
42,126,5,27,45,60.0,0.792,116.1,31.5,12,0.556
42,126,10,29,45,64.4,0.685,117.8,31.4,11,0.526
42,126,15,29,45,64.4,0.696,123.5,30.9,11,0.540
42,126,20,26,45,57.8,0.489,106.8,31.2,10,0.512
42,126,25,25,45,55.6,0.489,70.2,31.6,9,0.486
42,126,30,24,45,53.3,0.366,58.5,31.7,9,0.486
42,126,40,21,45,46.7,0.195,32.8,28.8,7,0.473
42,252,0,29,45,64.4,0.855,119.3,32.6,14,0.536
42,252,5,29,45,64.4,0.759,114.5,32.6,13,0.535
42,252,10,31,45,68.9,0.791,106.9,31.5,11,0.523
42,252,15,31,45,68.9,0.519,106.1,30.3,10,0.537
42,252,20,27,45,60.0,0.704,107.0,27.9,9,0.563
42,252,25,26,45,57.8,0.567,101.8,27.8,9,0.547
42,252,30,29,45,64.4,0.465,90.7,27.3,8,0.544
42,252,40,27,45,60.0,0.826,95.1,22.7,7,0.585
42,504,0,29,45,64.4,0.855,119.3,32.6,14,0.536
42,504,5,28,45,62.2,0.844,107.1,32.6,13,0.527
42,504,10,29,45,64.4,0.866,123.3,31.5,13,0.547
42,504,15,27,45,60.0,0.669,108.5,32.3,13,0.546
42,504,20,30,45,66.7,0.796,112.2,31.8,12,0.553
42,504,25,31,45,68.9,0.806,87.4,32.3,12,0.541
42,504,30,30,45,66.7,0.556,58.8,31.4,11,0.526
42,504,40,27,45,60.0,0.740,66.4,30.1,10,0.527
43,21,0,29,45,64.4,0.855,119.3,32.6,14,0.536
43,21,5,33,45,73.3,1.237,86.4,29.0,11,0.566
43,21,10,28,45,62.2,1.004,83.4,29.0,10,0.565
43,21,15,32,45,71.1,1.004,86.5,29.0,9,0.569
43,21,20,33,45,73.3,1.001,83.5,29.4,9,0.553
43,21,25,32,45,71.1,1.057,69.4,26.6,8,0.557
43,21,30,31,45,68.9,0.860,55.2,27.3,8,0.531
43,21,40,30,45,66.7,0.699,43.8,24.8,7,0.527
43,42,0,29,45,64.4,0.855,119.3,32.6,14,0.536
43,42,5,29,45,64.4,1.150,104.3,27.6,11,0.579
43,42,10,34,45,75.6,1.123,93.1,27.6,10,0.552
43,42,15,26,45,57.8,0.790,77.6,28.4,10,0.527
43,42,20,26,45,57.8,0.524,68.3,29.0,9,0.507
43,42,25,22,45,48.9,0.257,63.1,31.8,9,0.508
43,42,30,22,45,48.9,0.255,57.9,32.3,8,0.503
43,42,40,29,45,64.4,0.868,65.5,28.5,7,0.559
43,63,0,29,45,64.4,0.855,119.3,32.6,14,0.536
43,63,5,32,45,71.1,1.211,113.3,28.0,11,0.564
43,63,10,29,45,64.4,0.940,84.2,29.1,11,0.530
43,63,15,26,45,57.8,0.636,85.2,28.7,10,0.518
43,63,20,27,45,60.0,0.380,74.4,31.7,9,0.518
43,63,25,27,45,60.0,0.534,78.5,29.7,8,0.548
43,63,30,27,45,60.0,0.565,54.7,27.1,8,0.547
43,63,40,20,45,44.4,-0.006,30.1,31.6,7,0.441
43,126,0,29,45,64.4,0.855,119.3,32.6,14,0.536
43,126,5,27,45,60.0,0.718,100.0,32.3,12,0.538
43,126,10,29,45,64.4,0.696,108.6,31.7,11,0.522
43,126,15,29,45,64.4,0.749,126.7,30.7,11,0.553
43,126,20,27,45,60.0,0.427,70.6,31.9,10,0.495
43,126,25,26,45,57.8,0.580,86.1,30.0,9,0.495
43,126,30,25,45,55.6,0.388,58.1,31.8,9,0.494
43,126,40,21,45,46.7,0.114,31.4,28.6,7,0.463
43,252,0,29,45,64.4,0.855,119.3,32.6,14,0.536
43,252,5,29,45,64.4,0.790,108.2,32.4,13,0.520
43,252,10,31,45,68.9,0.771,107.2,31.9,11,0.521
43,252,15,31,45,68.9,0.554,110.5,29.9,10,0.545
43,252,20,26,45,57.8,0.533,98.4,28.9,9,0.547
43,252,25,26,45,57.8,0.590,102.7,27.7,9,0.550
43,252,30,28,45,62.2,0.291,89.0,26.1,8,0.524
43,252,40,30,45,66.7,0.679,81.6,23.7,7,0.567
43,504,0,29,45,64.4,0.855,119.3,32.6,14,0.536
43,504,5,28,45,62.2,0.843,106.2,32.6,13,0.525
43,504,10,29,45,64.4,0.874,123.4,31.5,13,0.547
43,504,15,27,45,60.0,0.666,108.4,32.3,12,0.538
43,504,20,25,45,55.6,0.528,87.8,33.6,12,0.521
43,504,25,31,45,68.9,0.783,84.9,32.4,12,0.539
43,504,30,30,45,66.7,0.640,63.4,31.4,11,0.533
43,504,40,27,45,60.0,0.728,67.4,29.7,10,0.520
44,21,0,29,45,64.4,0.855,119.3,32.6,14,0.536
44,21,5,30,45,66.7,1.080,84.3,29.4,11,0.551
44,21,10,36,45,80.0,1.231,84.2,27.8,10,0.551
44,21,15,37,45,82.2,1.352,85.6,26.8,9,0.579
44,21,20,39,45,86.7,1.461,97.4,25.9,9,0.582
44,21,25,33,45,73.3,1.069,60.6,27.0,8,0.526
44,21,30,30,45,66.7,0.695,43.4,27.7,8,0.495
44,21,40,22,45,48.9,0.365,34.0,28.9,7,0.475
44,42,0,29,45,64.4,0.855,119.3,32.6,14,0.536
44,42,5,31,45,68.9,1.070,102.2,27.9,11,0.545
44,42,10,33,45,73.3,1.159,82.1,27.0,10,0.549
44,42,15,22,45,48.9,0.628,72.8,28.3,9,0.513
44,42,20,23,45,51.1,0.584,66.3,28.3,9,0.503
44,42,25,25,45,55.6,0.313,66.0,32.0,9,0.495
44,42,30,25,45,55.6,0.756,73.0,31.2,8,0.519
44,42,40,30,45,66.7,0.859,67.4,27.7,7,0.547
44,63,0,29,45,64.4,0.855,119.3,32.6,14,0.536
44,63,5,32,45,71.1,1.127,110.6,29.3,11,0.553
44,63,10,25,45,55.6,0.743,81.7,29.8,11,0.518
44,63,15,23,45,51.1,0.397,77.8,31.5,10,0.498
44,63,20,27,45,60.0,0.457,87.4,30.4,9,0.516
44,63,25,26,45,57.8,0.514,76.4,28.4,8,0.524
44,63,30,23,45,51.1,0.337,47.0,27.8,8,0.510
44,63,40,20,45,44.4,0.044,32.5,30.4,7,0.433
44,126,0,29,45,64.4,0.855,119.3,32.6,14,0.536
44,126,5,27,45,60.0,0.691,107.3,32.3,12,0.534
44,126,10,30,45,66.7,0.707,110.9,31.7,11,0.523
44,126,15,28,45,62.2,0.564,114.9,31.8,11,0.522
44,126,20,28,45,62.2,0.469,79.7,32.1,10,0.509
44,126,25,26,45,57.8,0.503,73.9,30.4,9,0.499
44,126,30,27,45,60.0,0.494,61.8,30.6,8,0.498
44,126,40,26,45,57.8,0.347,56.9,25.5,7,0.477
44,252,0,29,45,64.4,0.855,119.3,32.6,14,0.536
44,252,5,29,45,64.4,0.846,113.5,32.4,13,0.534
44,252,10,33,45,73.3,0.725,120.2,31.9,11,0.538
44,252,15,31,45,68.9,0.610,113.8,29.8,10,0.548
44,252,20,26,45,57.8,0.512,99.2,28.8,9,0.539
44,252,25,24,45,53.3,0.401,81.3,29.2,9,0.526
44,252,30,29,45,64.4,0.554,91.8,26.1,8,0.531
44,252,40,28,45,62.2,0.491,61.1,26.8,8,0.520
44,504,0,29,45,64.4,0.855,119.3,32.6,14,0.536
44,504,5,29,45,64.4,0.826,112.7,33.0,13,0.527
44,504,10,29,45,64.4,0.862,122.6,31.6,13,0.547
44,504,15,27,45,60.0,0.665,107.3,32.5,12,0.534
44,504,20,27,45,60.0,0.624,94.0,32.7,12,0.529
44,504,25,34,45,75.6,0.936,104.1,30.8,12,0.554
44,504,30,30,45,66.7,0.640,63.4,31.4,11,0.533
44,504,40,31,45,68.9,1.012,78.0,28.4,10,0.535
45,21,0,29,45,64.4,0.855,119.3,32.6,14,0.536
45,21,5,31,45,68.9,1.167,90.7,29.0,11,0.574
45,21,10,29,45,64.4,1.090,83.5,29.1,10,0.555
45,21,15,29,45,64.4,1.049,88.7,29.5,10,0.543
45,21,20,32,45,71.1,1.202,99.9,27.4,9,0.551
45,21,25,27,45,60.0,0.674,54.3,28.3,8,0.496
45,21,30,27,45,60.0,0.653,47.9,27.0,8,0.486
45,21,40,23,45,51.1,0.296,32.6,29.1,7,0.486
45,42,0,29,45,64.4,0.855,119.3,32.6,14,0.536
45,42,5,30,45,66.7,1.069,101.4,27.7,11,0.547
45,42,10,31,45,68.9,1.022,86.8,27.7,10,0.541
45,42,15,21,45,46.7,0.440,67.7,29.5,9,0.492
45,42,20,20,45,44.4,0.225,57.0,32.2,9,0.483
45,42,25,24,45,53.3,0.234,65.8,32.8,8,0.516
45,42,30,22,45,48.9,0.261,61.1,32.0,8,0.527
45,42,40,23,45,51.1,0.486,49.1,27.7,7,0.541
45,63,0,29,45,64.4,0.855,119.3,32.6,14,0.536
45,63,5,32,45,71.1,1.055,100.2,28.9,11,0.540
45,63,10,23,45,51.1,0.534,74.1,30.3,10,0.497
45,63,15,24,45,53.3,0.427,76.8,31.5,10,0.509
45,63,20,26,45,57.8,0.330,83.8,31.7,9,0.540
45,63,25,27,45,60.0,0.497,88.1,28.1,8,0.546
45,63,30,23,45,51.1,0.194,36.4,28.6,7,0.488
45,63,40,20,45,44.4,0.015,32.0,30.8,7,0.449
45,126,0,29,45,64.4,0.855,119.3,32.6,14,0.536
45,126,5,25,45,55.6,0.535,105.6,31.9,12,0.523
45,126,10,27,45,60.0,0.686,108.0,32.1,11,0.542
45,126,15,28,45,62.2,0.447,102.6,33.7,11,0.512
45,126,20,27,45,60.0,0.426,86.6,32.3,9,0.507
45,126,25,26,45,57.8,0.545,83.6,30.4,9,0.504
45,126,30,25,45,55.6,0.510,68.4,28.6,8,0.495
45,126,40,26,45,57.8,0.374,58.6,25.2,7,0.484
45,252,0,29,45,64.4,0.855,119.3,32.6,14,0.536
45,252,5,27,45,60.0,0.853,113.9,32.4,13,0.537
45,252,10,32,45,71.1,0.666,130.1,31.7,11,0.547
45,252,15,30,45,66.7,0.546,108.5,30.0,10,0.543
45,252,20,27,45,60.0,0.637,105.9,28.1,9,0.546
45,252,25,26,45,57.8,0.497,89.9,28.2,8,0.542
45,252,30,29,45,64.4,0.509,90.9,26.8,8,0.542
45,252,40,27,45,60.0,0.361,63.6,24.8,7,0.520
45,504,0,29,45,64.4,0.855,119.3,32.6,14,0.536
45,504,5,29,45,64.4,0.837,124.2,32.6,13,0.538
45,504,10,29,45,64.4,0.866,123.3,31.5,13,0.547
45,504,15,27,45,60.0,0.688,107.0,32.5,12,0.531
45,504,20,29,45,64.4,0.839,103.7,32.2,12,0.543
45,504,25,34,45,75.6,0.993,92.1,30.5,12,0.547
45,504,30,29,45,64.4,0.622,63.1,31.6,11,0.536
45,504,40,27,45,60.0,0.858,67.9,29.8,10,0.524
46,21,0,29,45,64.4,0.855,119.3,32.6,14,0.536
46,21,5,30,45,66.7,1.004,81.8,29.9,11,0.554
46,21,10,33,45,73.3,1.223,94.9,28.2,10,0.554
46,21,15,31,45,68.9,1.184,92.6,29.1,9,0.551
46,21,20,31,45,68.9,1.013,77.4,27.6,9,0.545
46,21,25,31,45,68.9,0.944,68.1,26.2,8,0.528
46,21,30,28,45,62.2,0.610,50.6,27.0,8,0.488
46,21,40,24,45,53.3,0.360,40.7,28.9,7,0.509
46,42,0,29,45,64.4,0.855,119.3,32.6,14,0.536
46,42,5,30,45,66.7,1.025,92.7,27.7,11,0.548
46,42,10,29,45,64.4,0.917,87.6,27.8,10,0.534
46,42,15,27,45,60.0,0.720,82.6,29.1,10,0.508
46,42,20,22,45,48.9,0.480,78.7,30.3,9,0.514
46,42,25,21,45,46.7,0.266,58.4,32.8,8,0.513
46,42,30,23,45,51.1,0.426,61.7,30.9,8,0.531
46,42,40,22,45,48.9,0.366,45.1,28.1,7,0.526
46,63,0,29,45,64.4,0.855,119.3,32.6,14,0.536
46,63,5,30,45,66.7,1.035,100.1,29.0,11,0.535
46,63,10,28,45,62.2,0.777,88.3,29.8,10,0.507
46,63,15,25,45,55.6,0.623,82.0,31.3,9,0.533
46,63,20,27,45,60.0,0.638,91.5,30.1,9,0.554
46,63,25,23,45,51.1,0.409,82.8,28.6,8,0.531
46,63,30,23,45,51.1,0.233,38.2,28.0,7,0.494
46,63,40,20,45,44.4,-0.050,28.3,31.0,7,0.452
46,126,0,29,45,64.4,0.855,119.3,32.6,14,0.536
46,126,5,26,45,57.8,0.502,106.3,32.6,12,0.518
46,126,10,25,45,55.6,0.532,107.0,32.4,11,0.546
46,126,15,26,45,57.8,0.609,104.3,32.8,10,0.509
46,126,20,26,45,57.8,0.382,107.2,32.9,9,0.514
46,126,25,27,45,60.0,0.428,83.9,30.9,9,0.499
46,126,30,25,45,55.6,0.483,68.0,28.8,8,0.493
46,126,40,26,45,57.8,0.365,59.1,25.3,7,0.471
46,252,0,29,45,64.4,0.855,119.3,32.6,14,0.536
46,252,5,28,45,62.2,0.784,117.1,32.2,13,0.547
46,252,10,32,45,71.1,0.590,109.4,32.1,11,0.532
46,252,15,29,45,64.4,0.528,108.0,30.3,10,0.542
46,252,20,26,45,57.8,0.581,101.2,27.9,9,0.553
46,252,25,26,45,57.8,0.541,90.4,28.1,8,0.534
46,252,30,30,45,66.7,0.726,100.6,26.1,8,0.555
46,252,40,24,45,53.3,0.315,60.1,24.8,7,0.457
46,504,0,29,45,64.4,0.855,119.3,32.6,14,0.536
46,504,5,29,45,64.4,0.837,122.9,32.6,13,0.537
46,504,10,29,45,64.4,0.804,117.1,31.5,13,0.542
46,504,15,27,45,60.0,0.688,107.0,32.5,12,0.531
46,504,20,29,45,64.4,0.753,89.0,32.2,12,0.528
46,504,25,30,45,66.7,0.804,79.7,31.1,12,0.537
46,504,30,30,45,66.7,0.667,64.1,31.2,11,0.539
46,504,40,28,45,62.2,0.936,88.3,30.9,10,0.519
47,21,0,29,45,64.4,0.855,119.3,32.6,14,0.536
47,21,5,33,45,73.3,1.185,87.6,29.5,10,0.571
47,21,10,33,45,73.3,1.172,86.3,29.9,10,0.544
47,21,15,29,45,64.4,0.783,68.4,30.3,9,0.526
47,21,20,29,45,64.4,0.918,74.6,28.2,9,0.526
47,21,25,31,45,68.9,0.753,60.6,26.8,8,0.506
47,21,30,29,45,64.4,0.747,58.0,25.8,8,0.521
47,21,40,23,45,51.1,0.397,32.9,26.9,7,0.524
47,42,0,29,45,64.4,0.855,119.3,32.6,14,0.536
47,42,5,31,45,68.9,1.137,91.6,27.8,10,0.558
47,42,10,30,45,66.7,0.895,84.7,28.6,10,0.518
47,42,15,29,45,64.4,0.754,78.9,28.5,10,0.512
47,42,20,20,45,44.4,0.293,75.1,32.1,9,0.509
47,42,25,28,45,62.2,0.331,77.5,30.2,8,0.543
47,42,30,28,45,62.2,0.434,56.6,29.2,8,0.551
47,42,40,19,45,42.2,0.145,25.1,29.5,7,0.507
47,63,0,29,45,64.4,0.855,119.3,32.6,14,0.536
47,63,5,31,45,68.9,1.033,96.6,29.1,11,0.540
47,63,10,29,45,64.4,0.875,86.4,29.2,10,0.515
47,63,15,28,45,62.2,0.582,90.3,32.0,9,0.558
47,63,20,28,45,62.2,0.612,84.1,29.0,9,0.565
47,63,25,29,45,64.4,0.489,58.2,27.5,8,0.539
47,63,30,23,45,51.1,0.269,37.3,28.0,7,0.510
47,63,40,19,45,42.2,0.015,32.5,28.3,6,0.449
47,126,0,29,45,64.4,0.855,119.3,32.6,14,0.536
47,126,5,26,45,57.8,0.688,110.4,32.5,12,0.525
47,126,10,25,45,55.6,0.581,101.4,32.2,11,0.534
47,126,15,27,45,60.0,0.559,106.2,33.4,11,0.531
47,126,20,24,45,53.3,0.344,97.4,31.3,9,0.514
47,126,25,25,45,55.6,0.438,74.8,30.6,9,0.502
47,126,30,20,45,44.4,0.490,65.6,28.8,8,0.502
47,126,40,26,45,57.8,0.373,58.5,24.9,7,0.460
47,252,0,29,45,64.4,0.855,119.3,32.6,14,0.536
47,252,5,27,45,60.0,0.841,111.9,32.4,13,0.534
47,252,10,28,45,62.2,0.724,132.8,30.9,11,0.553
47,252,15,25,45,55.6,0.538,105.0,30.1,10,0.553
47,252,20,25,45,55.6,0.492,83.6,29.9,9,0.538
47,252,25,26,45,57.8,0.473,88.6,28.1,8,0.533
47,252,30,30,45,66.7,0.725,100.4,26.1,8,0.554
47,252,40,28,45,62.2,0.418,69.2,24.5,7,0.525
47,504,0,29,45,64.4,0.855,119.3,32.6,14,0.536
47,504,5,29,45,64.4,0.857,131.9,32.6,13,0.538
47,504,10,29,45,64.4,0.788,114.3,33.2,13,0.541
47,504,15,29,45,64.4,0.893,116.5,32.0,12,0.542
47,504,20,29,45,64.4,0.753,89.0,32.2,12,0.528
47,504,25,32,45,71.1,0.894,81.6,31.1,12,0.540
47,504,30,30,45,66.7,0.625,62.9,31.2,11,0.528
47,504,40,31,45,68.9,0.986,75.0,28.9,10,0.568
48,21,0,29,45,64.4,0.855,119.3,32.6,14,0.536
48,21,5,33,45,73.3,0.983,91.0,30.4,10,0.537
48,21,10,29,45,64.4,0.932,87.9,30.7,10,0.529
48,21,15,29,45,64.4,0.879,83.3,30.0,9,0.510
48,21,20,28,45,62.2,0.681,50.8,29.5,8,0.501
48,21,25,29,45,64.4,0.708,52.2,27.9,8,0.506
48,21,30,22,45,48.9,0.414,39.9,29.1,7,0.521
48,21,40,24,45,53.3,0.470,46.4,29.3,7,0.554
48,42,0,29,45,64.4,0.855,119.3,32.6,14,0.536
48,42,5,30,45,66.7,0.943,83.7,28.3,10,0.532
48,42,10,25,45,55.6,0.550,63.3,30.4,10,0.503
48,42,15,19,45,42.2,0.210,67.8,32.8,9,0.498
48,42,20,23,45,51.1,0.207,76.5,32.1,9,0.521
48,42,25,29,45,64.4,0.511,79.1,29.7,8,0.549
48,42,30,29,45,64.4,0.561,60.1,29.4,8,0.552
48,42,40,19,45,42.2,-0.031,32.9,31.3,7,0.450
48,63,0,29,45,64.4,0.855,119.3,32.6,14,0.536
48,63,5,31,45,68.9,0.923,85.3,30.1,11,0.519
48,63,10,24,45,53.3,0.452,78.4,32.5,10,0.513
48,63,15,28,45,62.2,0.569,91.5,32.1,9,0.549
48,63,20,30,45,66.7,0.787,83.6,29.0,9,0.571
48,63,25,27,45,60.0,0.389,73.6,29.0,8,0.536
48,63,30,22,45,48.9,0.176,36.6,28.4,7,0.476
48,63,40,20,45,44.4,0.031,31.0,28.0,6,0.463
48,126,0,29,45,64.4,0.855,119.3,32.6,14,0.536
48,126,5,26,45,57.8,0.505,103.4,34.5,12,0.524
48,126,10,26,45,57.8,0.751,102.1,32.2,11,0.551
48,126,15,24,45,53.3,0.388,102.4,33.6,10,0.498
48,126,20,24,45,53.3,0.356,123.5,33.7,10,0.523
48,126,25,21,45,46.7,0.367,71.8,30.3,9,0.489
48,126,30,23,45,51.1,0.577,67.3,28.0,8,0.512
48,126,40,24,45,53.3,0.191,34.3,26.0,7,0.438
48,252,0,29,45,64.4,0.855,119.3,32.6,14,0.536
48,252,5,30,45,66.7,0.928,118.9,32.4,13,0.551
48,252,10,27,45,60.0,0.542,130.1,32.1,11,0.533
48,252,15,29,45,64.4,0.645,105.8,29.3,10,0.559
48,252,20,26,45,57.8,0.569,90.6,29.0,9,0.548
48,252,25,26,45,57.8,0.501,88.5,28.1,8,0.531
48,252,30,32,45,71.1,0.820,106.2,24.7,8,0.560
48,252,40,23,45,51.1,0.161,50.8,26.5,7,0.519
48,504,0,29,45,64.4,0.855,119.3,32.6,14,0.536
48,504,5,29,45,64.4,0.857,131.9,32.6,13,0.538
48,504,10,29,45,64.4,0.774,111.1,33.7,13,0.539
48,504,15,29,45,64.4,0.893,116.5,32.0,12,0.542
48,504,20,29,45,64.4,0.753,89.0,32.2,12,0.528
48,504,25,32,45,71.1,0.894,81.6,31.1,12,0.540
48,504,30,30,45,66.7,0.552,61.0,31.9,11,0.525
48,504,40,31,45,68.9,0.895,74.1,29.4,10,0.555
49,21,0,29,45,64.4,0.855,119.3,32.6,14,0.536
49,21,5,32,45,71.1,0.992,90.3,29.5,10,0.533
49,21,10,32,45,71.1,1.041,87.2,28.7,10,0.541
49,21,15,28,45,62.2,0.868,78.6,30.5,9,0.529
49,21,20,27,45,60.0,0.612,54.1,28.7,8,0.511
49,21,25,29,45,64.4,0.764,58.7,27.0,8,0.520
49,21,30,25,45,55.6,0.578,39.1,30.3,7,0.523
49,21,40,23,45,51.1,0.301,36.4,30.2,7,0.518
49,42,0,29,45,64.4,0.855,119.3,32.6,14,0.536
49,42,5,30,45,66.7,0.956,79.0,27.2,10,0.541
49,42,10,29,45,64.4,0.677,70.0,29.6,10,0.519
49,42,15,22,45,48.9,0.226,61.6,32.6,9,0.499
49,42,20,25,45,55.6,0.221,70.0,32.5,9,0.523
49,42,25,25,45,55.6,0.262,71.6,32.1,8,0.529
49,42,30,24,45,53.3,0.384,55.9,29.7,8,0.521
49,42,40,18,45,40.0,-0.007,23.7,31.0,7,0.449
49,63,0,29,45,64.4,0.855,119.3,32.6,14,0.536
49,63,5,32,45,71.1,0.940,80.2,29.2,11,0.534
49,63,10,26,45,57.8,0.418,71.9,32.1,10,0.507
49,63,15,26,45,57.8,0.573,87.2,32.0,9,0.556
49,63,20,25,45,55.6,0.588,81.9,28.7,9,0.547
49,63,25,24,45,53.3,0.238,47.3,29.7,8,0.501
49,63,30,24,45,53.3,0.204,38.1,29.2,7,0.490
49,63,40,22,45,48.9,0.015,31.3,28.4,6,0.466
49,126,0,29,45,64.4,0.855,119.3,32.6,14,0.536
49,126,5,28,45,62.2,0.648,108.6,32.5,11,0.524
49,126,10,26,45,57.8,0.621,118.0,30.3,11,0.556
49,126,15,27,45,60.0,0.680,111.0,32.3,10,0.528
49,126,20,23,45,51.1,0.365,89.9,33.0,10,0.500
49,126,25,20,45,44.4,0.246,70.1,31.7,9,0.486
49,126,30,22,45,48.9,0.410,45.9,29.9,8,0.500
49,126,40,24,45,53.3,0.190,34.1,26.0,7,0.436
49,252,0,29,45,64.4,0.855,119.3,32.6,14,0.536
49,252,5,27,45,60.0,0.689,124.3,32.2,13,0.554
49,252,10,27,45,60.0,0.541,130.0,32.2,11,0.531
49,252,15,33,45,73.3,0.636,105.5,30.4,10,0.562
49,252,20,26,45,57.8,0.583,91.0,29.0,9,0.550
49,252,25,26,45,57.8,0.510,88.5,28.1,8,0.531
49,252,30,30,45,66.7,0.633,79.7,25.9,8,0.535
49,252,40,26,45,57.8,0.055,34.8,25.8,7,0.508
49,504,0,29,45,64.4,0.855,119.3,32.6,14,0.536
49,504,5,29,45,64.4,0.861,131.7,32.6,13,0.534
49,504,10,29,45,64.4,0.774,111.1,33.7,13,0.539
49,504,15,29,45,64.4,0.893,116.5,32.0,12,0.542
49,504,20,29,45,64.4,0.731,84.5,31.8,12,0.521
49,504,25,30,45,66.7,0.660,63.8,32.7,12,0.537
49,504,30,30,45,66.7,0.552,61.0,31.9,11,0.525
49,504,40,28,45,62.2,0.792,66.9,30.4,10,0.547
50,21,0,29,45,64.4,0.855,119.3,32.6,14,0.536
50,21,5,34,45,75.6,1.010,79.1,28.7,10,0.539
50,21,10,30,45,66.7,0.709,51.0,29.8,10,0.520
50,21,15,26,45,57.8,0.454,49.8,30.3,9,0.499
50,21,20,28,45,62.2,0.696,59.6,27.5,8,0.522
50,21,25,29,45,64.4,0.784,64.6,28.3,8,0.546
50,21,30,29,45,64.4,0.764,58.6,28.9,8,0.542
50,21,40,28,45,62.2,0.517,50.2,30.4,7,0.539
50,42,0,29,45,64.4,0.855,119.3,32.6,14,0.536
50,42,5,31,45,68.9,0.794,72.5,28.9,10,0.528
50,42,10,29,45,64.4,0.810,79.2,27.4,9,0.534
50,42,15,29,45,64.4,0.579,85.4,31.0,9,0.542
50,42,20,28,45,62.2,0.306,75.2,31.8,8,0.528
50,42,25,24,45,53.3,0.148,62.2,31.2,8,0.520
50,42,30,18,45,40.0,-0.016,45.5,30.8,8,0.479
50,42,40,18,45,40.0,-0.025,19.7,30.8,6,0.439
50,63,0,29,45,64.4,0.855,119.3,32.6,14,0.536
50,63,5,31,45,68.9,0.705,79.2,30.3,11,0.513
50,63,10,30,45,66.7,0.682,95.3,30.9,10,0.535
50,63,15,24,45,53.3,0.481,86.4,31.5,9,0.550
50,63,20,23,45,51.1,0.377,73.9,30.2,8,0.526
50,63,25,24,45,53.3,0.267,44.8,29.8,8,0.522
50,63,30,23,45,51.1,0.189,34.0,28.7,7,0.487
50,63,40,22,45,48.9,-0.017,30.4,28.8,6,0.462
50,126,0,29,45,64.4,0.855,119.3,32.6,14,0.536
50,126,5,28,45,62.2,0.633,108.0,33.0,11,0.534
50,126,10,25,45,55.6,0.468,108.6,31.6,11,0.534
50,126,15,27,45,60.0,0.583,115.5,31.9,10,0.537
50,126,20,23,45,51.1,0.452,90.9,32.1,10,0.508
50,126,25,23,45,51.1,0.399,77.0,31.4,9,0.489
50,126,30,22,45,48.9,0.391,43.7,29.0,8,0.487
50,126,40,24,45,53.3,0.175,32.7,26.3,7,0.428
50,252,0,29,45,64.4,0.855,119.3,32.6,14,0.536
50,252,5,28,45,62.2,0.587,118.6,32.9,12,0.534
50,252,10,29,45,64.4,0.710,132.4,32.4,11,0.536
50,252,15,32,45,71.1,0.756,109.2,29.0,10,0.574
50,252,20,26,45,57.8,0.484,87.1,29.0,9,0.530
50,252,25,28,45,62.2,0.674,107.6,27.2,9,0.543
50,252,30,30,45,66.7,0.646,79.8,25.9,8,0.535
50,252,40,26,45,57.8,0.055,34.8,25.8,7,0.508
50,504,0,29,45,64.4,0.855,119.3,32.6,14,0.536
50,504,5,29,45,64.4,0.860,131.5,32.6,13,0.534
50,504,10,28,45,62.2,0.717,106.1,33.8,13,0.528
50,504,15,29,45,64.4,0.881,105.9,32.0,12,0.537
50,504,20,31,45,68.9,0.895,89.5,30.8,12,0.529
50,504,25,30,45,66.7,0.617,62.7,32.7,12,0.528
50,504,30,30,45,66.7,0.552,61.0,31.9,11,0.525
50,504,40,28,45,62.2,0.738,60.1,30.7,10,0.537
51,21,0,29,45,64.4,0.855,119.3,32.6,14,0.536
51,21,5,31,45,68.9,0.681,69.6,33.2,11,0.513
51,21,10,27,45,60.0,0.566,60.6,30.4,10,0.513
51,21,15,31,45,68.9,0.688,52.1,29.4,9,0.525
51,21,20,29,45,64.4,0.631,71.9,27.8,8,0.534
51,21,25,32,45,71.1,0.858,74.1,26.2,8,0.550
51,21,30,31,45,68.9,0.868,66.3,26.8,7,0.563
51,21,40,28,45,62.2,0.705,56.1,28.1,7,0.561
51,42,0,29,45,64.4,0.855,119.3,32.6,14,0.536
51,42,5,32,45,71.1,0.785,71.6,28.6,10,0.517
51,42,10,31,45,68.9,0.638,93.7,28.7,9,0.535
51,42,15,28,45,62.2,0.526,91.7,30.4,9,0.537
51,42,20,24,45,53.3,0.330,76.3,31.3,8,0.532
51,42,25,24,45,53.3,0.296,63.8,29.7,8,0.540
51,42,30,25,45,55.6,0.293,58.7,29.3,8,0.523
51,42,40,24,45,53.3,0.297,36.8,30.8,7,0.452
51,63,0,29,45,64.4,0.855,119.3,32.6,14,0.536
51,63,5,32,45,71.1,0.858,86.4,30.5,11,0.528
51,63,10,28,45,62.2,0.668,105.5,30.8,9,0.539
51,63,15,26,45,57.8,0.524,82.0,30.4,9,0.549
51,63,20,27,45,60.0,0.466,83.8,28.2,9,0.545
51,63,25,27,45,60.0,0.414,48.1,28.0,8,0.516
51,63,30,24,45,53.3,0.304,35.4,29.5,7,0.495
51,63,40,22,45,48.9,0.032,31.4,28.8,6,0.467
51,126,0,29,45,64.4,0.855,119.3,32.6,14,0.536
51,126,5,28,45,62.2,0.641,107.8,32.3,11,0.530
51,126,10,25,45,55.6,0.691,129.3,30.4,11,0.549
51,126,15,27,45,60.0,0.662,126.5,32.5,10,0.545
51,126,20,23,45,51.1,0.436,90.6,32.1,10,0.505
51,126,25,19,45,42.2,0.232,70.9,30.8,9,0.495
51,126,30,24,45,53.3,0.540,50.1,28.6,8,0.504
51,126,40,24,45,53.3,0.180,30.8,26.9,7,0.449
51,252,0,29,45,64.4,0.855,119.3,32.6,14,0.536
51,252,5,27,45,60.0,0.721,127.0,31.2,12,0.542
51,252,10,27,45,60.0,0.517,129.3,32.1,11,0.526
51,252,15,30,45,66.7,0.683,106.8,29.2,10,0.569
51,252,20,26,45,57.8,0.543,87.6,29.0,9,0.539
51,252,25,30,45,66.7,0.765,99.9,27.0,8,0.528
51,252,30,30,45,66.7,0.677,82.9,25.9,8,0.547
51,252,40,26,45,57.8,0.102,43.6,25.6,7,0.509
51,504,0,29,45,64.4,0.855,119.3,32.6,14,0.536
51,504,5,29,45,64.4,0.897,135.4,32.6,13,0.535
51,504,10,28,45,62.2,0.717,106.1,33.8,13,0.528
51,504,15,29,45,64.4,0.813,101.9,32.0,12,0.527
51,504,20,31,45,68.9,0.895,89.5,30.8,12,0.529
51,504,25,30,45,66.7,0.617,62.7,32.7,12,0.528
51,504,30,30,45,66.7,0.549,60.8,31.9,11,0.523
51,504,40,28,45,62.2,0.861,62.3,29.9,10,0.553
52,21,0,29,45,64.4,0.855,119.3,32.6,14,0.536
52,21,5,30,45,66.7,0.754,70.4,30.2,10,0.523
52,21,10,32,45,71.1,0.813,86.9,28.8,9,0.544
52,21,15,30,45,66.7,0.691,83.5,29.5,9,0.533
52,21,20,30,45,66.7,0.800,75.5,27.4,8,0.556
52,21,25,33,45,73.3,0.995,75.1,24.5,8,0.574
52,21,30,30,45,66.7,0.920,69.9,26.1,7,0.574
52,21,40,24,45,53.3,0.353,33.7,28.2,6,0.511
52,42,0,29,45,64.4,0.855,119.3,32.6,14,0.536
52,42,5,33,45,73.3,0.897,99.7,28.4,10,0.557
52,42,10,33,45,73.3,0.851,104.3,28.0,9,0.566
52,42,15,28,45,62.2,0.599,93.0,29.8,9,0.555
52,42,20,26,45,57.8,0.247,65.4,30.5,8,0.550
52,42,25,25,45,55.6,0.285,70.4,29.7,8,0.537
52,42,30,19,45,42.2,0.186,51.4,29.2,7,0.486
52,42,40,28,45,62.2,0.502,44.0,30.4,7,0.507
52,63,0,29,45,64.4,0.855,119.3,32.6,14,0.536
52,63,5,34,45,75.6,0.977,113.2,29.5,11,0.548
52,63,10,29,45,64.4,0.721,107.2,30.5,9,0.553
52,63,15,26,45,57.8,0.446,77.2,30.6,9,0.563
52,63,20,25,45,55.6,0.353,73.0,29.5,8,0.527
52,63,25,24,45,53.3,0.464,51.6,27.8,8,0.511
52,63,30,24,45,53.3,0.246,32.0,29.7,7,0.507
52,63,40,23,45,51.1,0.063,32.2,28.7,6,0.472
52,126,0,29,45,64.4,0.855,119.3,32.6,14,0.536
52,126,5,28,45,62.2,0.659,108.0,32.6,12,0.537
52,126,10,25,45,55.6,0.547,127.6,32.1,11,0.538
52,126,15,27,45,60.0,0.674,124.9,33.0,10,0.555
52,126,20,26,45,57.8,0.588,86.7,30.5,10,0.524
52,126,25,19,45,42.2,0.244,71.1,30.7,9,0.495
52,126,30,24,45,53.3,0.517,50.0,28.2,8,0.498
52,126,40,24,45,53.3,0.173,30.7,26.9,7,0.447
52,252,0,29,45,64.4,0.855,119.3,32.6,14,0.536
52,252,5,28,45,62.2,0.557,124.8,32.9,12,0.536
52,252,10,32,45,71.1,0.880,127.0,31.1,11,0.561
52,252,15,28,45,62.2,0.766,110.9,29.3,10,0.565
52,252,20,26,45,57.8,0.543,87.7,29.0,9,0.543
52,252,25,30,45,66.7,0.779,99.8,27.0,8,0.529
52,252,30,29,45,64.4,0.495,69.4,26.2,8,0.526
52,252,40,20,45,44.4,0.030,38.7,27.0,7,0.460
52,504,0,29,45,64.4,0.855,119.3,32.6,14,0.536
52,504,5,29,45,64.4,0.946,126.4,32.6,14,0.540
52,504,10,28,45,62.2,0.717,106.1,33.8,13,0.528
52,504,15,29,45,64.4,0.817,102.0,32.0,12,0.530
52,504,20,29,45,64.4,0.660,70.7,32.5,12,0.524
52,504,25,30,45,66.7,0.673,64.7,32.7,12,0.535
52,504,30,29,45,64.4,0.564,61.2,31.8,11,0.526
52,504,40,31,45,68.9,0.968,66.9,28.5,9,0.573
53,21,0,29,45,64.4,0.855,119.3,32.6,14,0.536
53,21,5,33,45,73.3,1.090,96.0,31.5,10,0.562
53,21,10,34,45,75.6,0.943,78.0,27.1,10,0.546
53,21,15,30,45,66.7,0.789,88.1,27.0,9,0.562
53,21,20,36,45,80.0,1.330,119.9,23.3,8,0.624
53,21,25,34,45,75.6,1.190,113.3,22.6,8,0.613
53,21,30,35,45,77.8,1.045,61.6,23.9,7,0.589
53,21,40,25,45,55.6,0.454,36.8,28.0,6,0.539
53,42,0,29,45,64.4,0.855,119.3,32.6,14,0.536
53,42,5,31,45,68.9,0.918,90.1,28.3,10,0.554
53,42,10,32,45,71.1,0.890,104.4,27.9,9,0.580
53,42,15,28,45,62.2,0.633,90.4,29.2,9,0.575
53,42,20,26,45,57.8,0.394,68.2,29.8,8,0.546
53,42,25,24,45,53.3,0.273,55.4,30.8,8,0.540
53,42,30,22,45,48.9,0.105,32.5,30.8,7,0.504
53,42,40,28,45,62.2,0.469,49.2,30.9,7,0.500
53,63,0,29,45,64.4,0.855,119.3,32.6,14,0.536
53,63,5,29,45,64.4,0.917,111.5,29.2,10,0.557
53,63,10,29,45,64.4,0.823,106.9,29.6,9,0.579
53,63,15,28,45,62.2,0.520,83.4,28.8,9,0.570
53,63,20,26,45,57.8,0.371,52.1,29.7,8,0.540
53,63,25,25,45,55.6,0.462,51.0,29.0,8,0.523
53,63,30,27,45,60.0,0.362,43.6,30.1,7,0.514
53,63,40,24,45,53.3,0.173,46.1,28.8,6,0.474
53,126,0,29,45,64.4,0.855,119.3,32.6,14,0.536
53,126,5,31,45,68.9,0.789,111.1,31.4,11,0.560
53,126,10,23,45,51.1,0.500,133.5,32.9,11,0.552
53,126,15,23,45,51.1,0.645,130.7,33.9,10,0.532
53,126,20,26,45,57.8,0.549,101.5,30.5,9,0.518
53,126,25,23,45,51.1,0.444,80.2,30.2,9,0.519
53,126,30,25,45,55.6,0.662,64.5,27.8,8,0.511
53,126,40,24,45,53.3,0.208,39.2,26.9,7,0.448
53,252,0,29,45,64.4,0.855,119.3,32.6,14,0.536
53,252,5,28,45,62.2,0.627,127.5,32.9,12,0.538
53,252,10,31,45,68.9,0.846,128.8,31.1,11,0.555
53,252,15,28,45,62.2,0.742,91.0,30.8,10,0.554
53,252,20,26,45,57.8,0.613,88.3,28.5,9,0.542
53,252,25,30,45,66.7,0.801,88.6,26.4,8,0.540
53,252,30,30,45,66.7,0.591,75.4,26.0,8,0.537
53,252,40,20,45,44.4,0.038,38.8,27.0,7,0.460
53,504,0,29,45,64.4,0.855,119.3,32.6,14,0.536
53,504,5,29,45,64.4,0.925,129.9,32.4,13,0.539
53,504,10,29,45,64.4,0.802,110.6,33.8,13,0.531
53,504,15,27,45,60.0,0.636,82.2,33.3,12,0.514
53,504,20,30,45,66.7,0.698,70.5,32.6,12,0.527
53,504,25,28,45,62.2,0.522,60.6,32.8,12,0.529
53,504,30,28,45,62.2,0.541,60.6,32.3,11,0.524
53,504,40,30,45,66.7,1.148,69.7,28.2,9,0.587
54,21,0,29,45,64.4,0.855,119.3,32.6,14,0.536
54,21,5,32,45,71.1,0.894,86.8,29.4,11,0.563
54,21,10,34,45,75.6,0.998,88.7,27.7,10,0.563
54,21,15,33,45,73.3,0.924,93.4,26.0,9,0.563
54,21,20,37,45,82.2,1.263,94.8,22.8,8,0.619
54,21,25,38,45,84.4,1.370,80.1,22.4,8,0.628
54,21,30,35,45,77.8,1.215,59.0,22.7,7,0.604
54,21,40,26,45,57.8,0.663,44.5,25.2,6,0.586
54,42,0,29,45,64.4,0.855,119.3,32.6,14,0.536
54,42,5,32,45,71.1,0.985,110.2,28.8,10,0.571
54,42,10,34,45,75.6,0.921,102.9,27.4,9,0.584
54,42,15,34,45,75.6,0.917,90.1,26.0,9,0.576
54,42,20,26,45,57.8,0.570,83.5,28.1,8,0.588
54,42,25,24,45,53.3,0.273,56.5,30.5,8,0.535
54,42,30,24,45,53.3,0.352,36.0,30.4,7,0.526
54,42,40,29,45,64.4,0.516,45.6,31.7,7,0.528
54,63,0,29,45,64.4,0.855,119.3,32.6,14,0.536
54,63,5,30,45,66.7,1.037,130.3,28.7,10,0.562
54,63,10,34,45,75.6,0.977,99.4,26.4,10,0.571
54,63,15,27,45,60.0,0.485,82.0,29.3,9,0.558
54,63,20,28,45,62.2,0.390,52.1,30.3,8,0.549
54,63,25,27,45,60.0,0.535,51.0,28.8,8,0.544
54,63,30,28,45,62.2,0.371,44.9,29.5,7,0.535
54,63,40,26,45,57.8,0.284,48.1,27.9,6,0.510
54,126,0,29,45,64.4,0.855,119.3,32.6,14,0.536
54,126,5,28,45,62.2,0.709,109.5,31.0,11,0.560
54,126,10,24,45,53.3,0.685,130.4,33.0,11,0.562
54,126,15,24,45,53.3,0.693,126.9,33.4,10,0.537
54,126,20,27,45,60.0,0.758,97.4,29.5,10,0.544
54,126,25,26,45,57.8,0.629,93.7,29.5,9,0.538
54,126,30,27,45,60.0,0.712,67.1,26.7,8,0.534
54,126,40,24,45,53.3,0.140,31.9,26.9,7,0.434
54,252,0,29,45,64.4,0.855,119.3,32.6,14,0.536
54,252,5,28,45,62.2,0.673,120.5,33.6,12,0.541
54,252,10,26,45,57.8,0.677,120.3,30.6,11,0.540
54,252,15,28,45,62.2,0.786,102.2,30.0,10,0.567
54,252,20,26,45,57.8,0.583,89.0,28.7,9,0.536
54,252,25,30,45,66.7,0.692,79.9,26.4,8,0.527
54,252,30,27,45,60.0,0.583,70.3,26.4,8,0.526
54,252,40,23,45,51.1,0.284,42.3,27.0,7,0.529
54,504,0,29,45,64.4,0.855,119.3,32.6,14,0.536
54,504,5,29,45,64.4,0.960,124.2,32.4,14,0.542
54,504,10,29,45,64.4,0.834,112.9,33.6,13,0.533
54,504,15,27,45,60.0,0.662,82.8,33.0,12,0.514
54,504,20,29,45,64.4,0.595,66.1,33.2,12,0.528
54,504,25,28,45,62.2,0.560,63.4,32.8,12,0.531
54,504,30,30,45,66.7,0.830,73.1,31.3,11,0.560
54,504,40,30,45,66.7,1.148,69.7,28.2,9,0.587
55,21,0,29,45,64.4,0.855,119.3,32.6,14,0.536
55,21,5,36,45,80.0,0.991,92.7,29.6,10,0.568
55,21,10,29,45,64.4,0.944,85.4,28.2,10,0.548
55,21,15,37,45,82.2,1.192,94.3,26.1,9,0.590
55,21,20,34,45,75.6,1.198,92.7,24.3,8,0.603
55,21,25,38,45,84.4,1.189,85.5,23.4,7,0.605
55,21,30,32,45,71.1,1.064,96.2,23.8,7,0.601
55,21,40,28,45,62.2,0.765,46.0,25.0,7,0.598
55,42,0,29,45,64.4,0.855,119.3,32.6,14,0.536
55,42,5,29,45,64.4,0.968,106.4,29.2,10,0.561
55,42,10,36,45,80.0,1.075,100.0,26.1,9,0.593
55,42,15,26,45,57.8,0.615,78.6,26.9,9,0.548
55,42,20,27,45,60.0,0.639,84.2,27.5,8,0.584
55,42,25,27,45,60.0,0.472,62.6,30.1,8,0.572
55,42,30,25,45,55.6,0.187,32.0,32.7,7,0.517
55,42,40,25,45,55.6,0.241,33.5,31.1,7,0.505
55,63,0,29,45,64.4,0.855,119.3,32.6,14,0.536
55,63,5,34,45,75.6,1.253,122.2,28.0,11,0.583
55,63,10,30,45,66.7,0.836,91.1,26.6,9,0.565
55,63,15,27,45,60.0,0.597,92.6,28.9,9,0.585
55,63,20,29,45,64.4,0.494,52.0,29.7,8,0.555
55,63,25,28,45,62.2,0.462,50.1,29.8,8,0.543
55,63,30,29,45,64.4,0.446,46.6,29.3,7,0.539
55,63,40,26,45,57.8,0.342,49.0,27.2,6,0.523
55,126,0,29,45,64.4,0.855,119.3,32.6,14,0.536
55,126,5,27,45,60.0,0.622,108.3,31.1,11,0.548
55,126,10,26,45,57.8,0.650,113.6,32.0,11,0.564
55,126,15,25,45,55.6,0.725,122.5,33.2,10,0.543
55,126,20,27,45,60.0,0.756,98.9,29.7,9,0.547
55,126,25,23,45,51.1,0.476,60.3,31.1,9,0.526
55,126,30,28,45,62.2,0.744,72.3,27.6,9,0.542
55,126,40,27,45,60.0,0.369,43.7,25.6,7,0.452
55,252,0,29,45,64.4,0.855,119.3,32.6,14,0.536
55,252,5,28,45,62.2,0.730,117.6,33.6,12,0.543
55,252,10,26,45,57.8,0.645,119.2,31.2,11,0.534
55,252,15,28,45,62.2,0.665,90.6,30.5,10,0.546
55,252,20,28,45,62.2,0.754,92.6,28.5,9,0.535
55,252,25,28,45,62.2,0.652,73.8,27.2,9,0.527
55,252,30,29,45,64.4,0.209,44.4,27.9,8,0.511
55,252,40,23,45,51.1,0.300,42.7,27.0,8,0.531
55,504,0,29,45,64.4,0.855,119.3,32.6,14,0.536
55,504,5,29,45,64.4,0.946,124.6,32.4,13,0.539
55,504,10,31,45,68.9,1.032,122.3,33.0,13,0.538
55,504,15,29,45,64.4,0.772,84.5,32.0,12,0.523
55,504,20,30,45,66.7,0.658,67.5,33.2,12,0.526
55,504,25,28,45,62.2,0.526,61.9,33.2,12,0.517
55,504,30,30,45,66.7,0.821,72.9,31.4,11,0.558
55,504,40,30,45,66.7,1.144,69.6,28.2,9,0.587
56,21,0,29,45,64.4,0.855,119.3,32.6,14,0.536
56,21,5,35,45,77.8,1.150,98.6,29.2,10,0.576
56,21,10,35,45,77.8,1.253,99.2,27.6,10,0.597
56,21,15,32,45,71.1,0.919,79.5,27.1,9,0.567
56,21,20,35,45,77.8,1.074,81.9,25.1,8,0.590
56,21,25,26,45,57.8,0.787,70.7,25.3,8,0.573
56,21,30,29,45,64.4,0.928,84.7,24.3,7,0.585
56,21,40,27,45,60.0,0.637,41.5,25.0,6,0.576
56,42,0,29,45,64.4,0.855,119.3,32.6,14,0.536
56,42,5,38,45,84.4,1.307,122.1,27.8,10,0.600
56,42,10,31,45,68.9,0.957,91.5,26.7,9,0.578
56,42,15,27,45,60.0,0.623,78.0,27.2,9,0.553
56,42,20,25,45,55.6,0.471,79.2,29.0,8,0.562
56,42,25,27,45,60.0,0.392,74.1,31.3,8,0.554
56,42,30,27,45,60.0,0.493,59.6,29.8,7,0.557
56,42,40,24,45,53.3,0.213,31.8,31.5,7,0.500
56,63,0,29,45,64.4,0.855,119.3,32.6,14,0.536
56,63,5,34,45,75.6,1.079,111.8,28.7,10,0.573
56,63,10,29,45,64.4,0.824,95.9,26.9,9,0.569
56,63,15,27,45,60.0,0.608,91.7,28.9,9,0.583
56,63,20,28,45,62.2,0.581,80.7,30.3,8,0.576
56,63,25,28,45,62.2,0.530,56.1,28.3,8,0.540
56,63,30,29,45,64.4,0.495,47.2,28.9,7,0.538
56,63,40,24,45,53.3,0.273,41.2,27.2,6,0.504
56,126,0,29,45,64.4,0.855,119.3,32.6,14,0.536
56,126,5,27,45,60.0,0.614,107.6,31.4,11,0.551
56,126,10,26,45,57.8,0.691,117.4,32.8,11,0.571
56,126,15,25,45,55.6,0.751,123.5,33.2,10,0.545
56,126,20,24,45,53.3,0.685,96.8,31.4,9,0.539
56,126,25,24,45,53.3,0.426,67.5,30.7,9,0.514
56,126,30,28,45,62.2,0.772,73.0,27.2,9,0.542
56,126,40,25,45,55.6,0.233,37.4,25.5,7,0.438
56,252,0,29,45,64.4,0.855,119.3,32.6,14,0.536
56,252,5,28,45,62.2,0.701,116.0,33.6,12,0.550
56,252,10,25,45,55.6,0.552,118.5,32.7,11,0.529
56,252,15,28,45,62.2,0.677,93.2,30.5,10,0.540
56,252,20,30,45,66.7,0.877,93.5,27.5,9,0.547
56,252,25,28,45,62.2,0.668,74.1,27.2,9,0.535
56,252,30,29,45,64.4,0.271,45.6,27.5,8,0.509
56,252,40,23,45,51.1,0.362,45.3,26.4,8,0.528
56,504,0,29,45,64.4,0.855,119.3,32.6,14,0.536
56,504,5,29,45,64.4,0.946,124.6,32.4,13,0.539
56,504,10,31,45,68.9,1.029,111.5,33.1,13,0.534
56,504,15,29,45,64.4,0.725,79.6,32.0,12,0.517
56,504,20,30,45,66.7,0.658,67.5,33.2,12,0.526
56,504,25,28,45,62.2,0.526,61.9,33.2,12,0.517
56,504,30,30,45,66.7,0.830,73.1,31.3,11,0.560
56,504,40,30,45,66.7,1.127,69.1,28.6,9,0.587
57,21,0,29,45,64.4,0.855,119.3,32.6,14,0.536
57,21,5,29,45,64.4,0.797,87.0,32.4,10,0.548
57,21,10,29,45,64.4,0.960,79.9,28.3,10,0.576
57,21,15,33,45,73.3,1.004,75.4,26.3,9,0.603
57,21,20,33,45,73.3,1.015,77.1,25.7,8,0.593
57,21,25,30,45,66.7,1.009,86.9,24.2,8,0.582
57,21,30,25,45,55.6,0.668,44.0,26.2,7,0.560
57,21,40,25,45,55.6,0.630,47.7,26.3,7,0.583
57,42,0,29,45,64.4,0.855,119.3,32.6,14,0.536
57,42,5,35,45,77.8,1.125,106.0,27.9,10,0.586
57,42,10,30,45,66.7,0.963,91.4,26.6,9,0.586
57,42,15,21,45,46.7,0.377,69.1,29.1,9,0.537
57,42,20,22,45,48.9,0.335,75.2,29.5,8,0.548
57,42,25,23,45,51.1,0.300,69.2,30.6,7,0.520
57,42,30,25,45,55.6,0.359,57.8,29.9,7,0.533
57,42,40,30,45,66.7,0.587,52.6,30.2,7,0.524
57,63,0,29,45,64.4,0.855,119.3,32.6,14,0.536
57,63,5,33,45,73.3,1.174,109.2,27.1,10,0.601
57,63,10,27,45,60.0,0.749,93.4,29.2,10,0.572
57,63,15,27,45,60.0,0.551,88.7,29.6,9,0.577
57,63,20,28,45,62.2,0.494,79.8,29.7,8,0.556
57,63,25,28,45,62.2,0.519,82.9,28.0,8,0.544
57,63,30,26,45,57.8,0.428,45.0,28.1,7,0.517
57,63,40,22,45,48.9,0.237,44.5,26.5,6,0.493
57,126,0,29,45,64.4,0.855,119.3,32.6,14,0.536
57,126,5,25,45,55.6,0.596,106.8,31.6,11,0.555
57,126,10,26,45,57.8,0.659,103.5,32.0,11,0.560
57,126,15,25,45,55.6,0.721,122.1,33.3,10,0.543
57,126,20,26,45,57.8,0.762,131.8,31.1,9,0.558
57,126,25,21,45,46.7,0.434,67.4,30.1,9,0.519
57,126,30,27,45,60.0,0.544,75.9,27.7,8,0.520
57,126,40,24,45,53.3,0.220,36.4,25.5,7,0.438
57,252,0,29,45,64.4,0.855,119.3,32.6,14,0.536
57,252,5,28,45,62.2,0.672,106.1,33.6,12,0.540
57,252,10,31,45,68.9,0.657,122.1,31.8,11,0.534
57,252,15,29,45,64.4,0.681,91.0,30.4,10,0.543
57,252,20,30,45,66.7,0.910,96.2,27.5,9,0.548
57,252,25,28,45,62.2,0.410,66.8,27.7,8,0.514
57,252,30,29,45,64.4,0.244,48.3,28.6,8,0.508
57,252,40,23,45,51.1,0.362,45.3,26.4,8,0.528
57,504,0,29,45,64.4,0.855,119.3,32.6,14,0.536
57,504,5,29,45,64.4,0.949,125.0,32.4,13,0.539
57,504,10,31,45,68.9,1.108,120.8,31.8,13,0.539
57,504,15,29,45,64.4,0.725,79.6,32.0,12,0.517
57,504,20,30,45,66.7,0.660,67.5,33.2,12,0.528
57,504,25,28,45,62.2,0.526,61.9,33.2,12,0.517
57,504,30,30,45,66.7,0.875,100.4,30.3,11,0.561
57,504,40,30,45,66.7,1.155,69.8,28.6,9,0.589
58,21,0,29,45,64.4,0.855,119.3,32.6,14,0.536
58,21,5,29,45,64.4,0.711,68.6,32.6,10,0.546
58,21,10,25,45,55.6,0.849,66.8,28.6,9,0.577
58,21,15,24,45,53.3,0.793,65.4,28.2,9,0.579
58,21,20,30,45,66.7,0.755,60.5,26.6,8,0.565
58,21,25,29,45,64.4,0.860,70.8,27.2,8,0.567
58,21,30,21,45,46.7,0.576,41.5,27.7,7,0.548
58,21,40,24,45,53.3,0.572,48.4,26.6,7,0.567
58,42,0,29,45,64.4,0.855,119.3,32.6,14,0.536
58,42,5,30,45,66.7,1.076,88.5,27.8,10,0.589
58,42,10,29,45,64.4,0.773,77.2,27.7,9,0.555
58,42,15,22,45,48.9,0.349,66.9,29.6,9,0.519
58,42,20,28,45,62.2,0.395,77.9,29.1,8,0.547
58,42,25,26,45,57.8,0.360,72.0,31.4,8,0.549
58,42,30,27,45,60.0,0.358,63.3,29.6,7,0.539
58,42,40,30,45,66.7,0.565,46.5,30.2,7,0.521
58,63,0,29,45,64.4,0.855,119.3,32.6,14,0.536
58,63,5,32,45,71.1,1.147,100.2,27.7,10,0.584
58,63,10,26,45,57.8,0.748,90.2,29.2,10,0.559
58,63,15,29,45,64.4,0.546,89.8,29.4,9,0.564
58,63,20,30,45,66.7,0.484,85.1,29.3,8,0.555
58,63,25,28,45,62.2,0.476,73.0,28.2,8,0.541
58,63,30,23,45,51.1,0.340,41.4,29.9,7,0.508
58,63,40,23,45,51.1,0.287,41.8,26.5,6,0.494
58,126,0,29,45,64.4,0.855,119.3,32.6,14,0.536
58,126,5,25,45,55.6,0.601,107.5,31.4,11,0.552
58,126,10,26,45,57.8,0.661,108.4,31.6,11,0.554
58,126,15,26,45,57.8,0.665,118.1,33.8,10,0.549
58,126,20,26,45,57.8,0.793,124.4,31.1,10,0.554
58,126,25,21,45,46.7,0.436,65.3,30.2,9,0.513
58,126,30,25,45,55.6,0.426,64.0,28.3,9,0.499
58,126,40,23,45,51.1,0.159,32.1,26.3,7,0.411
58,252,0,29,45,64.4,0.855,119.3,32.6,14,0.536
58,252,5,28,45,62.2,0.661,110.9,33.2,12,0.532
58,252,10,31,45,68.9,0.656,115.7,31.8,11,0.530
58,252,15,27,45,60.0,0.725,82.7,30.6,10,0.539
58,252,20,30,45,66.7,0.798,86.1,27.5,9,0.533
58,252,25,28,45,62.2,0.533,72.7,27.5,8,0.517
58,252,30,29,45,64.4,0.271,45.6,27.5,8,0.509
58,252,40,27,45,60.0,0.591,58.6,25.9,8,0.552
58,504,0,29,45,64.4,0.855,119.3,32.6,14,0.536
58,504,5,28,45,62.2,0.947,121.3,32.4,13,0.535
58,504,10,31,45,68.9,1.048,119.1,31.6,13,0.531
58,504,15,27,45,60.0,0.492,61.7,33.6,12,0.508
58,504,20,29,45,64.4,0.589,65.6,33.5,12,0.528
58,504,25,28,45,62.2,0.526,61.9,33.2,12,0.517
58,504,30,31,45,68.9,0.888,100.8,30.3,11,0.562
58,504,40,27,45,60.0,1.073,64.6,28.8,9,0.574
59,21,0,29,45,64.4,0.855,119.3,32.6,14,0.536
59,21,5,32,45,71.1,1.047,79.5,31.2,10,0.578
59,21,10,27,45,60.0,0.847,61.6,28.3,10,0.563
59,21,15,21,45,46.7,0.499,50.6,28.9,9,0.528
59,21,20,25,45,55.6,0.623,57.6,27.4,8,0.530
59,21,25,26,45,57.8,0.530,63.3,29.6,8,0.514
59,21,30,20,45,44.4,0.426,39.7,30.0,7,0.539
59,21,40,23,45,51.1,0.452,47.3,28.2,7,0.549
59,42,0,29,45,64.4,0.855,119.3,32.6,14,0.536
59,42,5,30,45,66.7,0.995,80.9,27.9,10,0.575
59,42,10,27,45,60.0,0.692,74.6,27.6,9,0.538
59,42,15,22,45,48.9,0.297,65.0,30.9,9,0.506
59,42,20,23,45,51.1,0.276,72.5,30.2,8,0.529
59,42,25,25,45,55.6,0.272,73.0,30.8,8,0.547
59,42,30,25,45,55.6,0.335,58.6,29.4,7,0.527
59,42,40,27,45,60.0,0.544,56.7,30.8,7,0.521
59,63,0,29,45,64.4,0.855,119.3,32.6,14,0.536
59,63,5,27,45,60.0,0.897,85.9,28.4,11,0.557
59,63,10,26,45,57.8,0.632,83.6,30.4,10,0.541
59,63,15,26,45,57.8,0.425,82.9,30.5,9,0.563
59,63,20,31,45,68.9,0.463,83.2,29.3,8,0.551
59,63,25,26,45,57.8,0.467,71.7,28.6,8,0.535
59,63,30,23,45,51.1,0.340,41.4,29.9,7,0.508
59,63,40,23,45,51.1,0.330,42.6,26.1,6,0.501
59,126,0,29,45,64.4,0.855,119.3,32.6,14,0.536
59,126,5,26,45,57.8,0.629,107.5,31.9,12,0.558
59,126,10,24,45,53.3,0.545,102.9,32.2,11,0.548
59,126,15,23,45,51.1,0.534,107.2,34.2,10,0.539
59,126,20,27,45,60.0,0.822,116.8,30.2,10,0.551
59,126,25,23,45,51.1,0.531,97.1,31.4,9,0.525
59,126,30,21,45,46.7,0.256,52.2,29.3,8,0.474
59,126,40,25,45,55.6,0.190,31.6,25.3,7,0.420
59,252,0,29,45,64.4,0.855,119.3,32.6,14,0.536
59,252,5,28,45,62.2,0.623,106.8,33.4,12,0.536
59,252,10,28,45,62.2,0.690,108.6,30.8,12,0.527
59,252,15,26,45,57.8,0.524,71.5,31.9,10,0.522
59,252,20,28,45,62.2,0.677,76.1,28.2,9,0.526
59,252,25,28,45,62.2,0.468,61.7,26.7,8,0.516
59,252,30,26,45,57.8,0.146,42.6,29.0,8,0.513
59,252,40,28,45,62.2,0.668,61.2,24.7,7,0.581
59,504,0,29,45,64.4,0.855,119.3,32.6,14,0.536
59,504,5,28,45,62.2,0.926,115.3,32.4,14,0.528
59,504,10,31,45,68.9,1.048,119.1,31.6,13,0.531
59,504,15,27,45,60.0,0.492,61.7,33.6,12,0.508
59,504,20,30,45,66.7,0.653,67.1,33.5,12,0.527
59,504,25,30,45,66.7,0.751,72.3,32.7,12,0.528
59,504,30,31,45,68.9,0.885,100.8,30.3,11,0.563
59,504,40,23,45,51.1,0.809,59.1,30.5,10,0.551
60,21,0,29,45,64.4,0.855,119.3,32.6,14,0.536
60,21,5,32,45,71.1,0.754,65.0,33.0,10,0.557
60,21,10,22,45,48.9,0.578,50.2,31.6,10,0.530
60,21,15,23,45,51.1,0.535,54.4,29.3,9,0.520
60,21,20,25,45,55.6,0.618,60.0,28.3,9,0.515
60,21,25,26,45,57.8,0.625,63.6,29.7,8,0.538
60,21,30,22,45,48.9,0.410,44.6,30.4,8,0.538
60,21,40,21,45,46.7,0.442,45.0,28.2,7,0.559
60,42,0,29,45,64.4,0.855,119.3,32.6,14,0.536
60,42,5,26,45,57.8,0.636,61.5,31.2,10,0.541
60,42,10,27,45,60.0,0.651,74.1,28.2,10,0.526
60,42,15,21,45,46.7,0.246,64.8,31.7,9,0.512
60,42,20,26,45,57.8,0.413,71.0,29.6,8,0.545
60,42,25,26,45,57.8,0.317,74.4,30.9,7,0.542
60,42,30,32,45,71.1,0.720,72.0,30.5,7,0.557
60,42,40,26,45,57.8,0.609,55.7,30.7,7,0.531
60,63,0,29,45,64.4,0.855,119.3,32.6,14,0.536
60,63,5,27,45,60.0,0.809,82.0,29.5,11,0.542
60,63,10,26,45,57.8,0.560,80.1,31.4,10,0.542
60,63,15,27,45,60.0,0.579,80.3,30.4,9,0.572
60,63,20,31,45,68.9,0.630,87.4,28.7,8,0.570
60,63,25,26,45,57.8,0.698,78.0,28.9,8,0.564
60,63,30,23,45,51.1,0.462,47.1,27.6,7,0.529
60,63,40,21,45,46.7,0.275,41.5,26.8,6,0.489
60,126,0,29,45,64.4,0.855,119.3,32.6,14,0.536
60,126,5,26,45,57.8,0.653,108.1,31.9,12,0.560
60,126,10,26,45,57.8,0.603,104.1,32.1,11,0.559
60,126,15,23,45,51.1,0.579,115.7,32.5,10,0.548
60,126,20,27,45,60.0,0.806,121.9,30.8,10,0.547
60,126,25,22,45,48.9,0.500,91.8,31.3,9,0.537
60,126,30,21,45,46.7,0.280,41.7,29.6,8,0.464
60,126,40,25,45,55.6,0.225,36.5,25.2,7,0.421
60,252,0,29,45,64.4,0.855,119.3,32.6,14,0.536
60,252,5,28,45,62.2,0.711,110.6,33.4,12,0.546
60,252,10,32,45,71.1,0.678,113.7,31.5,12,0.529
60,252,15,27,45,60.0,0.578,65.4,31.7,11,0.525
60,252,20,28,45,62.2,0.679,76.0,28.6,9,0.520
60,252,25,28,45,62.2,0.575,64.8,26.7,8,0.523
60,252,30,26,45,57.8,0.164,42.6,28.9,8,0.511
60,252,40,27,45,60.0,0.627,60.3,25.6,7,0.572
60,504,0,29,45,64.4,0.855,119.3,32.6,14,0.536
60,504,5,28,45,62.2,0.960,120.0,32.4,14,0.531
60,504,10,31,45,68.9,0.936,102.1,33.3,13,0.524
60,504,15,27,45,60.0,0.492,61.7,33.6,12,0.508
60,504,20,30,45,66.7,0.674,67.0,33.2,12,0.529
60,504,25,30,45,66.7,0.756,72.5,32.6,12,0.528
60,504,30,31,45,68.9,0.843,91.1,30.7,11,0.547
60,504,40,23,45,51.1,0.791,58.7,30.5,10,0.549
