atr_period,universe,window,return_pct,sharpe,max_dd_pct,trades,win_rate_pct,pass
5,Base5,0,0.0000,0.0000,0.0000,0,0.00,0
5,Base5,1,0.0000,0.0000,0.0000,0,0.00,0
5,Base5,2,0.0000,0.0000,0.0000,0,0.00,0
5,Base5,3,0.0000,0.0000,0.0000,0,0.00,0
5,Base5,4,0.0000,0.0000,0.0000,0,0.00,0
5,Base5,5,0.0000,0.0000,0.0000,0,0.00,0
5,Base5,6,0.0000,0.0000,0.0000,0,0.00,0
5,Base5,7,0.0000,0.0000,0.0000,0,0.00,0
5,Base5,8,0.0000,0.0000,0.0000,0,0.00,0
5,NoDOGE,0,0.0000,0.0000,0.0000,0,0.00,0
5,NoDOGE,1,0.0000,0.0000,0.0000,0,0.00,0
5,NoDOGE,2,0.0000,0.0000,0.0000,0,0.00,0
5,NoDOGE,3,0.0000,0.0000,0.0000,0,0.00,0
5,NoDOGE,4,0.0000,0.0000,0.0000,0,0.00,0
5,NoDOGE,5,0.0000,0.0000,0.0000,0,0.00,0
5,NoDOGE,6,0.0000,0.0000,0.0000,0,0.00,0
5,NoDOGE,7,0.0000,0.0000,0.0000,0,0.00,0
5,NoDOGE,8,0.0000,0.0000,0.0000,0,0.00,0
5,LargeCaps5,0,0.0000,0.0000,0.0000,0,0.00,0
5,LargeCaps5,1,0.0000,0.0000,0.0000,0,0.00,0
5,LargeCaps5,2,0.0000,0.0000,0.0000,0,0.00,0
5,LargeCaps5,3,0.0000,0.0000,0.0000,0,0.00,0
5,LargeCaps5,4,0.0000,0.0000,0.0000,0,0.00,0
5,LargeCaps5,5,0.0000,0.0000,0.0000,0,0.00,0
5,LargeCaps5,6,0.0000,0.0000,0.0000,0,0.00,0
5,LargeCaps5,7,0.0000,0.0000,0.0000,0,0.00,0
5,LargeCaps5,8,0.0000,0.0000,0.0000,0,0.00,0
5,LowVolume5,0,0.0000,0.0000,0.0000,0,0.00,0
5,LowVolume5,1,0.0000,0.0000,0.0000,0,0.00,0
5,LowVolume5,2,0.0000,0.0000,0.0000,0,0.00,0
5,LowVolume5,3,0.0000,0.0000,0.0000,0,0.00,0
5,LowVolume5,4,0.0000,0.0000,0.0000,0,0.00,0
5,LowVolume5,5,0.0000,0.0000,0.0000,0,0.00,0
5,LowVolume5,6,0.0000,0.0000,0.0000,0,0.00,0
5,LowVolume5,7,0.0000,0.0000,0.0000,0,0.00,0
5,LowVolume5,8,0.0000,0.0000,0.0000,0,0.00,0
5,Legacy3,0,0.0000,0.0000,0.0000,0,0.00,0
5,Legacy3,1,0.0000,0.0000,0.0000,0,0.00,0
5,Legacy3,2,0.0000,0.0000,0.0000,0,0.00,0
5,Legacy3,3,0.0000,0.0000,0.0000,0,0.00,0
5,Legacy3,4,0.0000,0.0000,0.0000,0,0.00,0
5,Legacy3,5,0.0000,0.0000,0.0000,0,0.00,0
5,Legacy3,6,0.0000,0.0000,0.0000,0,0.00,0
5,Legacy3,7,0.0000,0.0000,0.0000,0,0.00,0
5,Legacy3,8,0.0000,0.0000,0.0000,0,0.00,0
5,Legacy4,0,0.0000,0.0000,0.0000,0,0.00,0
5,Legacy4,1,0.0000,0.0000,0.0000,0,0.00,0
5,Legacy4,2,0.0000,0.0000,0.0000,0,0.00,0
5,Legacy4,3,0.0000,0.0000,0.0000,0,0.00,0
5,Legacy4,4,0.0000,0.0000,0.0000,0,0.00,0
5,Legacy4,5,0.0000,0.0000,0.0000,0,0.00,0
5,Legacy4,6,0.0000,0.0000,0.0000,0,0.00,0
5,Legacy4,7,0.0000,0.0000,0.0000,0,0.00,0
5,Legacy4,8,0.0000,0.0000,0.0000,0,0.00,0
5,Legacy5,0,0.0000,0.0000,0.0000,0,0.00,0
5,Legacy5,1,0.0000,0.0000,0.0000,0,0.00,0
5,Legacy5,2,0.0000,0.0000,0.0000,0,0.00,0
5,Legacy5,3,0.0000,0.0000,0.0000,0,0.00,0
5,Legacy5,4,0.0000,0.0000,0.0000,0,0.00,0
5,Legacy5,5,0.0000,0.0000,0.0000,0,0.00,0
5,Legacy5,6,0.0000,0.0000,0.0000,0,0.00,0
5,Legacy5,7,0.0000,0.0000,0.0000,0,0.00,0
5,Legacy5,8,0.0000,0.0000,0.0000,0,0.00,0
5,Legacy4BNB,0,0.0000,0.0000,0.0000,0,0.00,0
5,Legacy4BNB,1,0.0000,0.0000,0.0000,0,0.00,0
5,Legacy4BNB,2,0.0000,0.0000,0.0000,0,0.00,0
5,Legacy4BNB,3,0.0000,0.0000,0.0000,0,0.00,0
5,Legacy4BNB,4,0.0000,0.0000,0.0000,0,0.00,0
5,Legacy4BNB,5,0.0000,0.0000,0.0000,0,0.00,0
5,Legacy4BNB,6,0.0000,0.0000,0.0000,0,0.00,0
5,Legacy4BNB,7,0.0000,0.0000,0.0000,0,0.00,0
5,Legacy4BNB,8,0.0000,0.0000,0.0000,0,0.00,0
5,Legacy5BNB,0,0.0000,0.0000,0.0000,0,0.00,0
5,Legacy5BNB,1,0.0000,0.0000,0.0000,0,0.00,0
5,Legacy5BNB,2,0.0000,0.0000,0.0000,0,0.00,0
5,Legacy5BNB,3,0.0000,0.0000,0.0000,0,0.00,0
5,Legacy5BNB,4,0.0000,0.0000,0.0000,0,0.00,0
5,Legacy5BNB,5,0.0000,0.0000,0.0000,0,0.00,0
5,Legacy5BNB,6,0.0000,0.0000,0.0000,0,0.00,0
5,Legacy5BNB,7,0.0000,0.0000,0.0000,0,0.00,0
5,Legacy5BNB,8,0.0000,0.0000,0.0000,0,0.00,0
6,Base5,0,0.0000,0.0000,0.0000,0,0.00,0
6,Base5,1,0.0000,0.0000,0.0000,0,0.00,0
6,Base5,2,0.0000,0.0000,0.0000,0,0.00,0
6,Base5,3,0.0000,0.0000,0.0000,0,0.00,0
6,Base5,4,0.0000,0.0000,0.0000,0,0.00,0
6,Base5,5,0.0000,0.0000,0.0000,0,0.00,0
6,Base5,6,0.0000,0.0000,0.0000,0,0.00,0
6,Base5,7,0.0000,0.0000,0.0000,0,0.00,0
6,Base5,8,0.0000,0.0000,0.0000,0,0.00,0
6,NoDOGE,0,0.0000,0.0000,0.0000,0,0.00,0
6,NoDOGE,1,0.0000,0.0000,0.0000,0,0.00,0
6,NoDOGE,2,0.0000,0.0000,0.0000,0,0.00,0
6,NoDOGE,3,0.0000,0.0000,0.0000,0,0.00,0
6,NoDOGE,4,0.0000,0.0000,0.0000,0,0.00,0
6,NoDOGE,5,0.0000,0.0000,0.0000,0,0.00,0
6,NoDOGE,6,0.0000,0.0000,0.0000,0,0.00,0
6,NoDOGE,7,0.0000,0.0000,0.0000,0,0.00,0
6,NoDOGE,8,0.0000,0.0000,0.0000,0,0.00,0
6,LargeCaps5,0,0.0000,0.0000,0.0000,0,0.00,0
6,LargeCaps5,1,0.0000,0.0000,0.0000,0,0.00,0
6,LargeCaps5,2,0.0000,0.0000,0.0000,0,0.00,0
6,LargeCaps5,3,0.0000,0.0000,0.0000,0,0.00,0
6,LargeCaps5,4,0.0000,0.0000,0.0000,0,0.00,0
6,LargeCaps5,5,0.0000,0.0000,0.0000,0,0.00,0
6,LargeCaps5,6,0.0000,0.0000,0.0000,0,0.00,0
6,LargeCaps5,7,0.0000,0.0000,0.0000,0,0.00,0
6,LargeCaps5,8,0.0000,0.0000,0.0000,0,0.00,0
6,LowVolume5,0,0.0000,0.0000,0.0000,0,0.00,0
6,LowVolume5,1,0.0000,0.0000,0.0000,0,0.00,0
6,LowVolume5,2,0.0000,0.0000,0.0000,0,0.00,0
6,LowVolume5,3,0.0000,0.0000,0.0000,0,0.00,0
6,LowVolume5,4,0.0000,0.0000,0.0000,0,0.00,0
6,LowVolume5,5,0.0000,0.0000,0.0000,0,0.00,0
6,LowVolume5,6,0.0000,0.0000,0.0000,0,0.00,0
6,LowVolume5,7,0.0000,0.0000,0.0000,0,0.00,0
6,LowVolume5,8,0.0000,0.0000,0.0000,0,0.00,0
6,Legacy3,0,0.0000,0.0000,0.0000,0,0.00,0
6,Legacy3,1,0.0000,0.0000,0.0000,0,0.00,0
6,Legacy3,2,0.0000,0.0000,0.0000,0,0.00,0
6,Legacy3,3,0.0000,0.0000,0.0000,0,0.00,0
6,Legacy3,4,0.0000,0.0000,0.0000,0,0.00,0
6,Legacy3,5,0.0000,0.0000,0.0000,0,0.00,0
6,Legacy3,6,0.0000,0.0000,0.0000,0,0.00,0
6,Legacy3,7,0.0000,0.0000,0.0000,0,0.00,0
6,Legacy3,8,0.0000,0.0000,0.0000,0,0.00,0
6,Legacy4,0,0.0000,0.0000,0.0000,0,0.00,0
6,Legacy4,1,0.0000,0.0000,0.0000,0,0.00,0
6,Legacy4,2,0.0000,0.0000,0.0000,0,0.00,0
6,Legacy4,3,0.0000,0.0000,0.0000,0,0.00,0
6,Legacy4,4,0.0000,0.0000,0.0000,0,0.00,0
6,Legacy4,5,0.0000,0.0000,0.0000,0,0.00,0
6,Legacy4,6,0.0000,0.0000,0.0000,0,0.00,0
6,Legacy4,7,0.0000,0.0000,0.0000,0,0.00,0
6,Legacy4,8,0.0000,0.0000,0.0000,0,0.00,0
6,Legacy5,0,0.0000,0.0000,0.0000,0,0.00,0
6,Legacy5,1,0.0000,0.0000,0.0000,0,0.00,0
6,Legacy5,2,0.0000,0.0000,0.0000,0,0.00,0
6,Legacy5,3,0.0000,0.0000,0.0000,0,0.00,0
6,Legacy5,4,0.0000,0.0000,0.0000,0,0.00,0
6,Legacy5,5,0.0000,0.0000,0.0000,0,0.00,0
6,Legacy5,6,0.0000,0.0000,0.0000,0,0.00,0
6,Legacy5,7,0.0000,0.0000,0.0000,0,0.00,0
6,Legacy5,8,0.0000,0.0000,0.0000,0,0.00,0
6,Legacy4BNB,0,0.0000,0.0000,0.0000,0,0.00,0
6,Legacy4BNB,1,0.0000,0.0000,0.0000,0,0.00,0
6,Legacy4BNB,2,0.0000,0.0000,0.0000,0,0.00,0
6,Legacy4BNB,3,0.0000,0.0000,0.0000,0,0.00,0
6,Legacy4BNB,4,0.0000,0.0000,0.0000,0,0.00,0
6,Legacy4BNB,5,0.0000,0.0000,0.0000,0,0.00,0
6,Legacy4BNB,6,0.0000,0.0000,0.0000,0,0.00,0
6,Legacy4BNB,7,0.0000,0.0000,0.0000,0,0.00,0
6,Legacy4BNB,8,0.0000,0.0000,0.0000,0,0.00,0
6,Legacy5BNB,0,0.0000,0.0000,0.0000,0,0.00,0
6,Legacy5BNB,1,0.0000,0.0000,0.0000,0,0.00,0
6,Legacy5BNB,2,0.0000,0.0000,0.0000,0,0.00,0
6,Legacy5BNB,3,0.0000,0.0000,0.0000,0,0.00,0
6,Legacy5BNB,4,0.0000,0.0000,0.0000,0,0.00,0
6,Legacy5BNB,5,0.0000,0.0000,0.0000,0,0.00,0
6,Legacy5BNB,6,0.0000,0.0000,0.0000,0,0.00,0
6,Legacy5BNB,7,0.0000,0.0000,0.0000,0,0.00,0
6,Legacy5BNB,8,0.0000,0.0000,0.0000,0,0.00,0
7,Base5,0,0.0000,0.0000,0.0000,0,0.00,0
7,Base5,1,0.0000,0.0000,0.0000,0,0.00,0
7,Base5,2,0.0000,0.0000,0.0000,0,0.00,0
7,Base5,3,0.0000,0.0000,0.0000,0,0.00,0
7,Base5,4,0.0000,0.0000,0.0000,0,0.00,0
7,Base5,5,0.0000,0.0000,0.0000,0,0.00,0
7,Base5,6,0.0000,0.0000,0.0000,0,0.00,0
7,Base5,7,0.0000,0.0000,0.0000,0,0.00,0
7,Base5,8,0.0000,0.0000,0.0000,0,0.00,0
7,NoDOGE,0,0.0000,0.0000,0.0000,0,0.00,0
7,NoDOGE,1,0.0000,0.0000,0.0000,0,0.00,0
7,NoDOGE,2,0.0000,0.0000,0.0000,0,0.00,0
7,NoDOGE,3,0.0000,0.0000,0.0000,0,0.00,0
7,NoDOGE,4,0.0000,0.0000,0.0000,0,0.00,0
7,NoDOGE,5,0.0000,0.0000,0.0000,0,0.00,0
7,NoDOGE,6,0.0000,0.0000,0.0000,0,0.00,0
7,NoDOGE,7,0.0000,0.0000,0.0000,0,0.00,0
7,NoDOGE,8,0.0000,0.0000,0.0000,0,0.00,0
7,LargeCaps5,0,0.0000,0.0000,0.0000,0,0.00,0
7,LargeCaps5,1,0.0000,0.0000,0.0000,0,0.00,0
7,LargeCaps5,2,0.0000,0.0000,0.0000,0,0.00,0
7,LargeCaps5,3,0.0000,0.0000,0.0000,0,0.00,0
7,LargeCaps5,4,0.0000,0.0000,0.0000,0,0.00,0
7,LargeCaps5,5,0.0000,0.0000,0.0000,0,0.00,0
7,LargeCaps5,6,0.0000,0.0000,0.0000,0,0.00,0
7,LargeCaps5,7,0.0000,0.0000,0.0000,0,0.00,0
7,LargeCaps5,8,0.0000,0.0000,0.0000,0,0.00,0
7,LowVolume5,0,0.0000,0.0000,0.0000,0,0.00,0
7,LowVolume5,1,0.0000,0.0000,0.0000,0,0.00,0
7,LowVolume5,2,0.0000,0.0000,0.0000,0,0.00,0
7,LowVolume5,3,0.0000,0.0000,0.0000,0,0.00,0
7,LowVolume5,4,0.0000,0.0000,0.0000,0,0.00,0
7,LowVolume5,5,0.0000,0.0000,0.0000,0,0.00,0
7,LowVolume5,6,0.0000,0.0000,0.0000,0,0.00,0
7,LowVolume5,7,0.0000,0.0000,0.0000,0,0.00,0
7,LowVolume5,8,0.0000,0.0000,0.0000,0,0.00,0
7,Legacy3,0,0.0000,0.0000,0.0000,0,0.00,0
7,Legacy3,1,0.0000,0.0000,0.0000,0,0.00,0
7,Legacy3,2,0.0000,0.0000,0.0000,0,0.00,0
7,Legacy3,3,0.0000,0.0000,0.0000,0,0.00,0
7,Legacy3,4,0.0000,0.0000,0.0000,0,0.00,0
7,Legacy3,5,0.0000,0.0000,0.0000,0,0.00,0
7,Legacy3,6,0.0000,0.0000,0.0000,0,0.00,0
7,Legacy3,7,0.0000,0.0000,0.0000,0,0.00,0
7,Legacy3,8,0.0000,0.0000,0.0000,0,0.00,0
7,Legacy4,0,0.0000,0.0000,0.0000,0,0.00,0
7,Legacy4,1,0.0000,0.0000,0.0000,0,0.00,0
7,Legacy4,2,0.0000,0.0000,0.0000,0,0.00,0
7,Legacy4,3,0.0000,0.0000,0.0000,0,0.00,0
7,Legacy4,4,0.0000,0.0000,0.0000,0,0.00,0
7,Legacy4,5,0.0000,0.0000,0.0000,0,0.00,0
7,Legacy4,6,0.0000,0.0000,0.0000,0,0.00,0
7,Legacy4,7,0.0000,0.0000,0.0000,0,0.00,0
7,Legacy4,8,0.0000,0.0000,0.0000,0,0.00,0
7,Legacy5,0,0.0000,0.0000,0.0000,0,0.00,0
7,Legacy5,1,0.0000,0.0000,0.0000,0,0.00,0
7,Legacy5,2,0.0000,0.0000,0.0000,0,0.00,0
7,Legacy5,3,0.0000,0.0000,0.0000,0,0.00,0
7,Legacy5,4,0.0000,0.0000,0.0000,0,0.00,0
7,Legacy5,5,0.0000,0.0000,0.0000,0,0.00,0
7,Legacy5,6,0.0000,0.0000,0.0000,0,0.00,0
7,Legacy5,7,0.0000,0.0000,0.0000,0,0.00,0
7,Legacy5,8,0.0000,0.0000,0.0000,0,0.00,0
7,Legacy4BNB,0,0.0000,0.0000,0.0000,0,0.00,0
7,Legacy4BNB,1,0.0000,0.0000,0.0000,0,0.00,0
7,Legacy4BNB,2,0.0000,0.0000,0.0000,0,0.00,0
7,Legacy4BNB,3,0.0000,0.0000,0.0000,0,0.00,0
7,Legacy4BNB,4,0.0000,0.0000,0.0000,0,0.00,0
7,Legacy4BNB,5,0.0000,0.0000,0.0000,0,0.00,0
7,Legacy4BNB,6,0.0000,0.0000,0.0000,0,0.00,0
7,Legacy4BNB,7,0.0000,0.0000,0.0000,0,0.00,0
7,Legacy4BNB,8,0.0000,0.0000,0.0000,0,0.00,0
7,Legacy5BNB,0,0.0000,0.0000,0.0000,0,0.00,0
7,Legacy5BNB,1,0.0000,0.0000,0.0000,0,0.00,0
7,Legacy5BNB,2,0.0000,0.0000,0.0000,0,0.00,0
7,Legacy5BNB,3,0.0000,0.0000,0.0000,0,0.00,0
7,Legacy5BNB,4,0.0000,0.0000,0.0000,0,0.00,0
7,Legacy5BNB,5,0.0000,0.0000,0.0000,0,0.00,0
7,Legacy5BNB,6,0.0000,0.0000,0.0000,0,0.00,0
7,Legacy5BNB,7,0.0000,0.0000,0.0000,0,0.00,0
7,Legacy5BNB,8,0.0000,0.0000,0.0000,0,0.00,0
8,Base5,0,0.0000,0.0000,0.0000,0,0.00,0
8,Base5,1,0.0000,0.0000,0.0000,0,0.00,0
8,Base5,2,0.0000,0.0000,0.0000,0,0.00,0
8,Base5,3,0.0000,0.0000,0.0000,0,0.00,0
8,Base5,4,0.0000,0.0000,0.0000,0,0.00,0
8,Base5,5,0.0000,0.0000,0.0000,0,0.00,0
8,Base5,6,0.0000,0.0000,0.0000,0,0.00,0
8,Base5,7,0.0000,0.0000,0.0000,0,0.00,0
8,Base5,8,0.0000,0.0000,0.0000,0,0.00,0
8,NoDOGE,0,0.0000,0.0000,0.0000,0,0.00,0
8,NoDOGE,1,0.0000,0.0000,0.0000,0,0.00,0
8,NoDOGE,2,0.0000,0.0000,0.0000,0,0.00,0
8,NoDOGE,3,0.0000,0.0000,0.0000,0,0.00,0
8,NoDOGE,4,0.0000,0.0000,0.0000,0,0.00,0
8,NoDOGE,5,0.0000,0.0000,0.0000,0,0.00,0
8,NoDOGE,6,0.0000,0.0000,0.0000,0,0.00,0
8,NoDOGE,7,0.0000,0.0000,0.0000,0,0.00,0
8,NoDOGE,8,0.0000,0.0000,0.0000,0,0.00,0
8,LargeCaps5,0,0.0000,0.0000,0.0000,0,0.00,0
8,LargeCaps5,1,0.0000,0.0000,0.0000,0,0.00,0
8,LargeCaps5,2,0.0000,0.0000,0.0000,0,0.00,0
8,LargeCaps5,3,0.0000,0.0000,0.0000,0,0.00,0
8,LargeCaps5,4,0.0000,0.0000,0.0000,0,0.00,0
8,LargeCaps5,5,0.0000,0.0000,0.0000,0,0.00,0
8,LargeCaps5,6,0.0000,0.0000,0.0000,0,0.00,0
8,LargeCaps5,7,0.0000,0.0000,0.0000,0,0.00,0
8,LargeCaps5,8,0.0000,0.0000,0.0000,0,0.00,0
8,LowVolume5,0,0.0000,0.0000,0.0000,0,0.00,0
8,LowVolume5,1,0.0000,0.0000,0.0000,0,0.00,0
8,LowVolume5,2,0.0000,0.0000,0.0000,0,0.00,0
8,LowVolume5,3,0.0000,0.0000,0.0000,0,0.00,0
8,LowVolume5,4,0.0000,0.0000,0.0000,0,0.00,0
8,LowVolume5,5,0.0000,0.0000,0.0000,0,0.00,0
8,LowVolume5,6,0.0000,0.0000,0.0000,0,0.00,0
8,LowVolume5,7,0.0000,0.0000,0.0000,0,0.00,0
8,LowVolume5,8,0.0000,0.0000,0.0000,0,0.00,0
8,Legacy3,0,0.0000,0.0000,0.0000,0,0.00,0
8,Legacy3,1,0.0000,0.0000,0.0000,0,0.00,0
8,Legacy3,2,0.0000,0.0000,0.0000,0,0.00,0
8,Legacy3,3,0.0000,0.0000,0.0000,0,0.00,0
8,Legacy3,4,0.0000,0.0000,0.0000,0,0.00,0
8,Legacy3,5,0.0000,0.0000,0.0000,0,0.00,0
8,Legacy3,6,0.0000,0.0000,0.0000,0,0.00,0
8,Legacy3,7,0.0000,0.0000,0.0000,0,0.00,0
8,Legacy3,8,0.0000,0.0000,0.0000,0,0.00,0
8,Legacy4,0,0.0000,0.0000,0.0000,0,0.00,0
8,Legacy4,1,0.0000,0.0000,0.0000,0,0.00,0
8,Legacy4,2,0.0000,0.0000,0.0000,0,0.00,0
8,Legacy4,3,0.0000,0.0000,0.0000,0,0.00,0
8,Legacy4,4,0.0000,0.0000,0.0000,0,0.00,0
8,Legacy4,5,0.0000,0.0000,0.0000,0,0.00,0
8,Legacy4,6,0.0000,0.0000,0.0000,0,0.00,0
8,Legacy4,7,0.0000,0.0000,0.0000,0,0.00,0
8,Legacy4,8,0.0000,0.0000,0.0000,0,0.00,0
8,Legacy5,0,0.0000,0.0000,0.0000,0,0.00,0
8,Legacy5,1,0.0000,0.0000,0.0000,0,0.00,0
8,Legacy5,2,0.0000,0.0000,0.0000,0,0.00,0
8,Legacy5,3,0.0000,0.0000,0.0000,0,0.00,0
8,Legacy5,4,0.0000,0.0000,0.0000,0,0.00,0
8,Legacy5,5,0.0000,0.0000,0.0000,0,0.00,0
8,Legacy5,6,0.0000,0.0000,0.0000,0,0.00,0
8,Legacy5,7,0.0000,0.0000,0.0000,0,0.00,0
8,Legacy5,8,0.0000,0.0000,0.0000,0,0.00,0
8,Legacy4BNB,0,0.0000,0.0000,0.0000,0,0.00,0
8,Legacy4BNB,1,0.0000,0.0000,0.0000,0,0.00,0
8,Legacy4BNB,2,0.0000,0.0000,0.0000,0,0.00,0
8,Legacy4BNB,3,0.0000,0.0000,0.0000,0,0.00,0
8,Legacy4BNB,4,0.0000,0.0000,0.0000,0,0.00,0
8,Legacy4BNB,5,0.0000,0.0000,0.0000,0,0.00,0
8,Legacy4BNB,6,0.0000,0.0000,0.0000,0,0.00,0
8,Legacy4BNB,7,0.0000,0.0000,0.0000,0,0.00,0
8,Legacy4BNB,8,0.0000,0.0000,0.0000,0,0.00,0
8,Legacy5BNB,0,0.0000,0.0000,0.0000,0,0.00,0
8,Legacy5BNB,1,0.0000,0.0000,0.0000,0,0.00,0
8,Legacy5BNB,2,0.0000,0.0000,0.0000,0,0.00,0
8,Legacy5BNB,3,0.0000,0.0000,0.0000,0,0.00,0
8,Legacy5BNB,4,0.0000,0.0000,0.0000,0,0.00,0
8,Legacy5BNB,5,0.0000,0.0000,0.0000,0,0.00,0
8,Legacy5BNB,6,0.0000,0.0000,0.0000,0,0.00,0
8,Legacy5BNB,7,0.0000,0.0000,0.0000,0,0.00,0
8,Legacy5BNB,8,0.0000,0.0000,0.0000,0,0.00,0
9,Base5,0,0.0000,0.0000,0.0000,0,0.00,0
9,Base5,1,0.0000,0.0000,0.0000,0,0.00,0
9,Base5,2,0.0000,0.0000,0.0000,0,0.00,0
9,Base5,3,0.0000,0.0000,0.0000,0,0.00,0
9,Base5,4,0.0000,0.0000,0.0000,0,0.00,0
9,Base5,5,0.0000,0.0000,0.0000,0,0.00,0
9,Base5,6,0.0000,0.0000,0.0000,0,0.00,0
9,Base5,7,0.0000,0.0000,0.0000,0,0.00,0
9,Base5,8,0.0000,0.0000,0.0000,0,0.00,0
9,NoDOGE,0,0.0000,0.0000,0.0000,0,0.00,0
9,NoDOGE,1,0.0000,0.0000,0.0000,0,0.00,0
9,NoDOGE,2,0.0000,0.0000,0.0000,0,0.00,0
9,NoDOGE,3,0.0000,0.0000,0.0000,0,0.00,0
9,NoDOGE,4,0.0000,0.0000,0.0000,0,0.00,0
9,NoDOGE,5,0.0000,0.0000,0.0000,0,0.00,0
9,NoDOGE,6,0.0000,0.0000,0.0000,0,0.00,0
9,NoDOGE,7,0.0000,0.0000,0.0000,0,0.00,0
9,NoDOGE,8,0.0000,0.0000,0.0000,0,0.00,0
9,LargeCaps5,0,0.0000,0.0000,0.0000,0,0.00,0
9,LargeCaps5,1,0.0000,0.0000,0.0000,0,0.00,0
9,LargeCaps5,2,0.0000,0.0000,0.0000,0,0.00,0
9,LargeCaps5,3,0.0000,0.0000,0.0000,0,0.00,0
9,LargeCaps5,4,0.0000,0.0000,0.0000,0,0.00,0
9,LargeCaps5,5,0.0000,0.0000,0.0000,0,0.00,0
9,LargeCaps5,6,0.0000,0.0000,0.0000,0,0.00,0
9,LargeCaps5,7,0.0000,0.0000,0.0000,0,0.00,0
9,LargeCaps5,8,0.0000,0.0000,0.0000,0,0.00,0
9,LowVolume5,0,0.0000,0.0000,0.0000,0,0.00,0
9,LowVolume5,1,0.0000,0.0000,0.0000,0,0.00,0
9,LowVolume5,2,0.0000,0.0000,0.0000,0,0.00,0
9,LowVolume5,3,0.0000,0.0000,0.0000,0,0.00,0
9,LowVolume5,4,0.0000,0.0000,0.0000,0,0.00,0
9,LowVolume5,5,0.0000,0.0000,0.0000,0,0.00,0
9,LowVolume5,6,0.0000,0.0000,0.0000,0,0.00,0
9,LowVolume5,7,0.0000,0.0000,0.0000,0,0.00,0
9,LowVolume5,8,0.0000,0.0000,0.0000,0,0.00,0
9,Legacy3,0,0.0000,0.0000,0.0000,0,0.00,0
9,Legacy3,1,0.0000,0.0000,0.0000,0,0.00,0
9,Legacy3,2,0.0000,0.0000,0.0000,0,0.00,0
9,Legacy3,3,0.0000,0.0000,0.0000,0,0.00,0
9,Legacy3,4,0.0000,0.0000,0.0000,0,0.00,0
9,Legacy3,5,0.0000,0.0000,0.0000,0,0.00,0
9,Legacy3,6,0.0000,0.0000,0.0000,0,0.00,0
9,Legacy3,7,0.0000,0.0000,0.0000,0,0.00,0
9,Legacy3,8,0.0000,0.0000,0.0000,0,0.00,0
9,Legacy4,0,0.0000,0.0000,0.0000,0,0.00,0
9,Legacy4,1,0.0000,0.0000,0.0000,0,0.00,0
9,Legacy4,2,0.0000,0.0000,0.0000,0,0.00,0
9,Legacy4,3,0.0000,0.0000,0.0000,0,0.00,0
9,Legacy4,4,0.0000,0.0000,0.0000,0,0.00,0
9,Legacy4,5,0.0000,0.0000,0.0000,0,0.00,0
9,Legacy4,6,0.0000,0.0000,0.0000,0,0.00,0
9,Legacy4,7,0.0000,0.0000,0.0000,0,0.00,0
9,Legacy4,8,0.0000,0.0000,0.0000,0,0.00,0
9,Legacy5,0,0.0000,0.0000,0.0000,0,0.00,0
9,Legacy5,1,0.0000,0.0000,0.0000,0,0.00,0
9,Legacy5,2,0.0000,0.0000,0.0000,0,0.00,0
9,Legacy5,3,0.0000,0.0000,0.0000,0,0.00,0
9,Legacy5,4,0.0000,0.0000,0.0000,0,0.00,0
9,Legacy5,5,0.0000,0.0000,0.0000,0,0.00,0
9,Legacy5,6,0.0000,0.0000,0.0000,0,0.00,0
9,Legacy5,7,0.0000,0.0000,0.0000,0,0.00,0
9,Legacy5,8,0.0000,0.0000,0.0000,0,0.00,0
9,Legacy4BNB,0,0.0000,0.0000,0.0000,0,0.00,0
9,Legacy4BNB,1,0.0000,0.0000,0.0000,0,0.00,0
9,Legacy4BNB,2,0.0000,0.0000,0.0000,0,0.00,0
9,Legacy4BNB,3,0.0000,0.0000,0.0000,0,0.00,0
9,Legacy4BNB,4,0.0000,0.0000,0.0000,0,0.00,0
9,Legacy4BNB,5,0.0000,0.0000,0.0000,0,0.00,0
9,Legacy4BNB,6,0.0000,0.0000,0.0000,0,0.00,0
9,Legacy4BNB,7,0.0000,0.0000,0.0000,0,0.00,0
9,Legacy4BNB,8,0.0000,0.0000,0.0000,0,0.00,0
9,Legacy5BNB,0,0.0000,0.0000,0.0000,0,0.00,0
9,Legacy5BNB,1,0.0000,0.0000,0.0000,0,0.00,0
9,Legacy5BNB,2,0.0000,0.0000,0.0000,0,0.00,0
9,Legacy5BNB,3,0.0000,0.0000,0.0000,0,0.00,0
9,Legacy5BNB,4,0.0000,0.0000,0.0000,0,0.00,0
9,Legacy5BNB,5,0.0000,0.0000,0.0000,0,0.00,0
9,Legacy5BNB,6,0.0000,0.0000,0.0000,0,0.00,0
9,Legacy5BNB,7,0.0000,0.0000,0.0000,0,0.00,0
9,Legacy5BNB,8,0.0000,0.0000,0.0000,0,0.00,0
10,Base5,0,0.0000,0.0000,0.0000,0,0.00,0
10,Base5,1,0.0000,0.0000,0.0000,0,0.00,0
10,Base5,2,0.0000,0.0000,0.0000,0,0.00,0
10,Base5,3,0.0000,0.0000,0.0000,0,0.00,0
10,Base5,4,0.0000,0.0000,0.0000,0,0.00,0
10,Base5,5,0.0000,0.0000,0.0000,0,0.00,0
10,Base5,6,0.0000,0.0000,0.0000,0,0.00,0
10,Base5,7,0.0000,0.0000,0.0000,0,0.00,0
10,Base5,8,0.0000,0.0000,0.0000,0,0.00,0
10,NoDOGE,0,0.0000,0.0000,0.0000,0,0.00,0
10,NoDOGE,1,0.0000,0.0000,0.0000,0,0.00,0
10,NoDOGE,2,0.0000,0.0000,0.0000,0,0.00,0
10,NoDOGE,3,0.0000,0.0000,0.0000,0,0.00,0
10,NoDOGE,4,0.0000,0.0000,0.0000,0,0.00,0
10,NoDOGE,5,0.0000,0.0000,0.0000,0,0.00,0
10,NoDOGE,6,0.0000,0.0000,0.0000,0,0.00,0
10,NoDOGE,7,0.0000,0.0000,0.0000,0,0.00,0
10,NoDOGE,8,0.0000,0.0000,0.0000,0,0.00,0
10,LargeCaps5,0,0.0000,0.0000,0.0000,0,0.00,0
10,LargeCaps5,1,0.0000,0.0000,0.0000,0,0.00,0
10,LargeCaps5,2,0.0000,0.0000,0.0000,0,0.00,0
10,LargeCaps5,3,0.0000,0.0000,0.0000,0,0.00,0
10,LargeCaps5,4,0.0000,0.0000,0.0000,0,0.00,0
10,LargeCaps5,5,0.0000,0.0000,0.0000,0,0.00,0
10,LargeCaps5,6,0.0000,0.0000,0.0000,0,0.00,0
10,LargeCaps5,7,0.0000,0.0000,0.0000,0,0.00,0
10,LargeCaps5,8,0.0000,0.0000,0.0000,0,0.00,0
10,LowVolume5,0,0.0000,0.0000,0.0000,0,0.00,0
10,LowVolume5,1,0.0000,0.0000,0.0000,0,0.00,0
10,LowVolume5,2,0.0000,0.0000,0.0000,0,0.00,0
10,LowVolume5,3,0.0000,0.0000,0.0000,0,0.00,0
10,LowVolume5,4,0.0000,0.0000,0.0000,0,0.00,0
10,LowVolume5,5,0.0000,0.0000,0.0000,0,0.00,0
10,LowVolume5,6,0.0000,0.0000,0.0000,0,0.00,0
10,LowVolume5,7,0.0000,0.0000,0.0000,0,0.00,0
10,LowVolume5,8,0.0000,0.0000,0.0000,0,0.00,0
10,Legacy3,0,0.0000,0.0000,0.0000,0,0.00,0
10,Legacy3,1,0.0000,0.0000,0.0000,0,0.00,0
10,Legacy3,2,0.0000,0.0000,0.0000,0,0.00,0
10,Legacy3,3,0.0000,0.0000,0.0000,0,0.00,0
10,Legacy3,4,0.0000,0.0000,0.0000,0,0.00,0
10,Legacy3,5,0.0000,0.0000,0.0000,0,0.00,0
10,Legacy3,6,0.0000,0.0000,0.0000,0,0.00,0
10,Legacy3,7,0.0000,0.0000,0.0000,0,0.00,0
10,Legacy3,8,0.0000,0.0000,0.0000,0,0.00,0
10,Legacy4,0,0.0000,0.0000,0.0000,0,0.00,0
10,Legacy4,1,0.0000,0.0000,0.0000,0,0.00,0
10,Legacy4,2,0.0000,0.0000,0.0000,0,0.00,0
10,Legacy4,3,0.0000,0.0000,0.0000,0,0.00,0
10,Legacy4,4,0.0000,0.0000,0.0000,0,0.00,0
10,Legacy4,5,0.0000,0.0000,0.0000,0,0.00,0
10,Legacy4,6,0.0000,0.0000,0.0000,0,0.00,0
10,Legacy4,7,0.0000,0.0000,0.0000,0,0.00,0
10,Legacy4,8,0.0000,0.0000,0.0000,0,0.00,0
10,Legacy5,0,0.0000,0.0000,0.0000,0,0.00,0
10,Legacy5,1,0.0000,0.0000,0.0000,0,0.00,0
10,Legacy5,2,0.0000,0.0000,0.0000,0,0.00,0
10,Legacy5,3,0.0000,0.0000,0.0000,0,0.00,0
10,Legacy5,4,0.0000,0.0000,0.0000,0,0.00,0
10,Legacy5,5,0.0000,0.0000,0.0000,0,0.00,0
10,Legacy5,6,0.0000,0.0000,0.0000,0,0.00,0
10,Legacy5,7,0.0000,0.0000,0.0000,0,0.00,0
10,Legacy5,8,0.0000,0.0000,0.0000,0,0.00,0
10,Legacy4BNB,0,0.0000,0.0000,0.0000,0,0.00,0
10,Legacy4BNB,1,0.0000,0.0000,0.0000,0,0.00,0
10,Legacy4BNB,2,0.0000,0.0000,0.0000,0,0.00,0
10,Legacy4BNB,3,0.0000,0.0000,0.0000,0,0.00,0
10,Legacy4BNB,4,0.0000,0.0000,0.0000,0,0.00,0
10,Legacy4BNB,5,0.0000,0.0000,0.0000,0,0.00,0
10,Legacy4BNB,6,0.0000,0.0000,0.0000,0,0.00,0
10,Legacy4BNB,7,0.0000,0.0000,0.0000,0,0.00,0
10,Legacy4BNB,8,0.0000,0.0000,0.0000,0,0.00,0
10,Legacy5BNB,0,0.0000,0.0000,0.0000,0,0.00,0
10,Legacy5BNB,1,0.0000,0.0000,0.0000,0,0.00,0
10,Legacy5BNB,2,0.0000,0.0000,0.0000,0,0.00,0
10,Legacy5BNB,3,0.0000,0.0000,0.0000,0,0.00,0
10,Legacy5BNB,4,0.0000,0.0000,0.0000,0,0.00,0
10,Legacy5BNB,5,0.0000,0.0000,0.0000,0,0.00,0
10,Legacy5BNB,6,0.0000,0.0000,0.0000,0,0.00,0
10,Legacy5BNB,7,0.0000,0.0000,0.0000,0,0.00,0
10,Legacy5BNB,8,0.0000,0.0000,0.0000,0,0.00,0
11,Base5,0,0.0000,0.0000,0.0000,0,0.00,0
11,Base5,1,0.0000,0.0000,0.0000,0,0.00,0
11,Base5,2,0.0000,0.0000,0.0000,0,0.00,0
11,Base5,3,0.0000,0.0000,0.0000,0,0.00,0
11,Base5,4,0.0000,0.0000,0.0000,0,0.00,0
11,Base5,5,0.0000,0.0000,0.0000,0,0.00,0
11,Base5,6,0.0000,0.0000,0.0000,0,0.00,0
11,Base5,7,0.0000,0.0000,0.0000,0,0.00,0
11,Base5,8,0.0000,0.0000,0.0000,0,0.00,0
11,NoDOGE,0,0.0000,0.0000,0.0000,0,0.00,0
11,NoDOGE,1,0.0000,0.0000,0.0000,0,0.00,0
11,NoDOGE,2,0.0000,0.0000,0.0000,0,0.00,0
11,NoDOGE,3,0.0000,0.0000,0.0000,0,0.00,0
11,NoDOGE,4,0.0000,0.0000,0.0000,0,0.00,0
11,NoDOGE,5,0.0000,0.0000,0.0000,0,0.00,0
11,NoDOGE,6,0.0000,0.0000,0.0000,0,0.00,0
11,NoDOGE,7,0.0000,0.0000,0.0000,0,0.00,0
11,NoDOGE,8,0.0000,0.0000,0.0000,0,0.00,0
11,LargeCaps5,0,0.0000,0.0000,0.0000,0,0.00,0
11,LargeCaps5,1,0.0000,0.0000,0.0000,0,0.00,0
11,LargeCaps5,2,0.0000,0.0000,0.0000,0,0.00,0
11,LargeCaps5,3,0.0000,0.0000,0.0000,0,0.00,0
11,LargeCaps5,4,0.0000,0.0000,0.0000,0,0.00,0
11,LargeCaps5,5,0.0000,0.0000,0.0000,0,0.00,0
11,LargeCaps5,6,0.0000,0.0000,0.0000,0,0.00,0
11,LargeCaps5,7,0.0000,0.0000,0.0000,0,0.00,0
11,LargeCaps5,8,0.0000,0.0000,0.0000,0,0.00,0
11,LowVolume5,0,0.0000,0.0000,0.0000,0,0.00,0
11,LowVolume5,1,0.0000,0.0000,0.0000,0,0.00,0
11,LowVolume5,2,0.0000,0.0000,0.0000,0,0.00,0
11,LowVolume5,3,0.0000,0.0000,0.0000,0,0.00,0
11,LowVolume5,4,0.0000,0.0000,0.0000,0,0.00,0
11,LowVolume5,5,0.0000,0.0000,0.0000,0,0.00,0
11,LowVolume5,6,0.0000,0.0000,0.0000,0,0.00,0
11,LowVolume5,7,0.0000,0.0000,0.0000,0,0.00,0
11,LowVolume5,8,0.0000,0.0000,0.0000,0,0.00,0
11,Legacy3,0,0.0000,0.0000,0.0000,0,0.00,0
11,Legacy3,1,0.0000,0.0000,0.0000,0,0.00,0
11,Legacy3,2,0.0000,0.0000,0.0000,0,0.00,0
11,Legacy3,3,0.0000,0.0000,0.0000,0,0.00,0
11,Legacy3,4,0.0000,0.0000,0.0000,0,0.00,0
11,Legacy3,5,0.0000,0.0000,0.0000,0,0.00,0
11,Legacy3,6,0.0000,0.0000,0.0000,0,0.00,0
11,Legacy3,7,0.0000,0.0000,0.0000,0,0.00,0
11,Legacy3,8,0.0000,0.0000,0.0000,0,0.00,0
11,Legacy4,0,0.0000,0.0000,0.0000,0,0.00,0
11,Legacy4,1,0.0000,0.0000,0.0000,0,0.00,0
11,Legacy4,2,0.0000,0.0000,0.0000,0,0.00,0
11,Legacy4,3,0.0000,0.0000,0.0000,0,0.00,0
11,Legacy4,4,0.0000,0.0000,0.0000,0,0.00,0
11,Legacy4,5,0.0000,0.0000,0.0000,0,0.00,0
11,Legacy4,6,0.0000,0.0000,0.0000,0,0.00,0
11,Legacy4,7,0.0000,0.0000,0.0000,0,0.00,0
11,Legacy4,8,0.0000,0.0000,0.0000,0,0.00,0
11,Legacy5,0,0.0000,0.0000,0.0000,0,0.00,0
11,Legacy5,1,0.0000,0.0000,0.0000,0,0.00,0
11,Legacy5,2,0.0000,0.0000,0.0000,0,0.00,0
11,Legacy5,3,0.0000,0.0000,0.0000,0,0.00,0
11,Legacy5,4,0.0000,0.0000,0.0000,0,0.00,0
11,Legacy5,5,0.0000,0.0000,0.0000,0,0.00,0
11,Legacy5,6,0.0000,0.0000,0.0000,0,0.00,0
11,Legacy5,7,0.0000,0.0000,0.0000,0,0.00,0
11,Legacy5,8,0.0000,0.0000,0.0000,0,0.00,0
11,Legacy4BNB,0,0.0000,0.0000,0.0000,0,0.00,0
11,Legacy4BNB,1,0.0000,0.0000,0.0000,0,0.00,0
11,Legacy4BNB,2,0.0000,0.0000,0.0000,0,0.00,0
11,Legacy4BNB,3,0.0000,0.0000,0.0000,0,0.00,0
11,Legacy4BNB,4,0.0000,0.0000,0.0000,0,0.00,0
11,Legacy4BNB,5,0.0000,0.0000,0.0000,0,0.00,0
11,Legacy4BNB,6,0.0000,0.0000,0.0000,0,0.00,0
11,Legacy4BNB,7,0.0000,0.0000,0.0000,0,0.00,0
11,Legacy4BNB,8,0.0000,0.0000,0.0000,0,0.00,0
11,Legacy5BNB,0,0.0000,0.0000,0.0000,0,0.00,0
11,Legacy5BNB,1,0.0000,0.0000,0.0000,0,0.00,0
11,Legacy5BNB,2,0.0000,0.0000,0.0000,0,0.00,0
11,Legacy5BNB,3,0.0000,0.0000,0.0000,0,0.00,0
11,Legacy5BNB,4,0.0000,0.0000,0.0000,0,0.00,0
11,Legacy5BNB,5,0.0000,0.0000,0.0000,0,0.00,0
11,Legacy5BNB,6,0.0000,0.0000,0.0000,0,0.00,0
11,Legacy5BNB,7,0.0000,0.0000,0.0000,0,0.00,0
11,Legacy5BNB,8,0.0000,0.0000,0.0000,0,0.00,0
12,Base5,0,0.0000,0.0000,0.0000,0,0.00,0
12,Base5,1,0.0000,0.0000,0.0000,0,0.00,0
12,Base5,2,0.0000,0.0000,0.0000,0,0.00,0
12,Base5,3,0.0000,0.0000,0.0000,0,0.00,0
12,Base5,4,0.0000,0.0000,0.0000,0,0.00,0
12,Base5,5,0.0000,0.0000,0.0000,0,0.00,0
12,Base5,6,0.0000,0.0000,0.0000,0,0.00,0
12,Base5,7,0.0000,0.0000,0.0000,0,0.00,0
12,Base5,8,0.0000,0.0000,0.0000,0,0.00,0
12,NoDOGE,0,0.0000,0.0000,0.0000,0,0.00,0
12,NoDOGE,1,0.0000,0.0000,0.0000,0,0.00,0
12,NoDOGE,2,0.0000,0.0000,0.0000,0,0.00,0
12,NoDOGE,3,0.0000,0.0000,0.0000,0,0.00,0
12,NoDOGE,4,0.0000,0.0000,0.0000,0,0.00,0
12,NoDOGE,5,0.0000,0.0000,0.0000,0,0.00,0
12,NoDOGE,6,0.0000,0.0000,0.0000,0,0.00,0
12,NoDOGE,7,0.0000,0.0000,0.0000,0,0.00,0
12,NoDOGE,8,0.0000,0.0000,0.0000,0,0.00,0
12,LargeCaps5,0,0.0000,0.0000,0.0000,0,0.00,0
12,LargeCaps5,1,0.0000,0.0000,0.0000,0,0.00,0
12,LargeCaps5,2,0.0000,0.0000,0.0000,0,0.00,0
12,LargeCaps5,3,0.0000,0.0000,0.0000,0,0.00,0
12,LargeCaps5,4,0.0000,0.0000,0.0000,0,0.00,0
12,LargeCaps5,5,0.0000,0.0000,0.0000,0,0.00,0
12,LargeCaps5,6,0.0000,0.0000,0.0000,0,0.00,0
12,LargeCaps5,7,0.0000,0.0000,0.0000,0,0.00,0
12,LargeCaps5,8,0.0000,0.0000,0.0000,0,0.00,0
12,LowVolume5,0,0.0000,0.0000,0.0000,0,0.00,0
12,LowVolume5,1,0.0000,0.0000,0.0000,0,0.00,0
12,LowVolume5,2,0.0000,0.0000,0.0000,0,0.00,0
12,LowVolume5,3,0.0000,0.0000,0.0000,0,0.00,0
12,LowVolume5,4,0.0000,0.0000,0.0000,0,0.00,0
12,LowVolume5,5,0.0000,0.0000,0.0000,0,0.00,0
12,LowVolume5,6,0.0000,0.0000,0.0000,0,0.00,0
12,LowVolume5,7,0.0000,0.0000,0.0000,0,0.00,0
12,LowVolume5,8,0.0000,0.0000,0.0000,0,0.00,0
12,Legacy3,0,0.0000,0.0000,0.0000,0,0.00,0
12,Legacy3,1,0.0000,0.0000,0.0000,0,0.00,0
12,Legacy3,2,0.0000,0.0000,0.0000,0,0.00,0
12,Legacy3,3,0.0000,0.0000,0.0000,0,0.00,0
12,Legacy3,4,0.0000,0.0000,0.0000,0,0.00,0
12,Legacy3,5,0.0000,0.0000,0.0000,0,0.00,0
12,Legacy3,6,0.0000,0.0000,0.0000,0,0.00,0
12,Legacy3,7,0.0000,0.0000,0.0000,0,0.00,0
12,Legacy3,8,0.0000,0.0000,0.0000,0,0.00,0
12,Legacy4,0,0.0000,0.0000,0.0000,0,0.00,0
12,Legacy4,1,0.0000,0.0000,0.0000,0,0.00,0
12,Legacy4,2,0.0000,0.0000,0.0000,0,0.00,0
12,Legacy4,3,0.0000,0.0000,0.0000,0,0.00,0
12,Legacy4,4,0.0000,0.0000,0.0000,0,0.00,0
12,Legacy4,5,0.0000,0.0000,0.0000,0,0.00,0
12,Legacy4,6,0.0000,0.0000,0.0000,0,0.00,0
12,Legacy4,7,0.0000,0.0000,0.0000,0,0.00,0
12,Legacy4,8,0.0000,0.0000,0.0000,0,0.00,0
12,Legacy5,0,0.0000,0.0000,0.0000,0,0.00,0
12,Legacy5,1,0.0000,0.0000,0.0000,0,0.00,0
12,Legacy5,2,0.0000,0.0000,0.0000,0,0.00,0
12,Legacy5,3,0.0000,0.0000,0.0000,0,0.00,0
12,Legacy5,4,0.0000,0.0000,0.0000,0,0.00,0
12,Legacy5,5,0.0000,0.0000,0.0000,0,0.00,0
12,Legacy5,6,0.0000,0.0000,0.0000,0,0.00,0
12,Legacy5,7,0.0000,0.0000,0.0000,0,0.00,0
12,Legacy5,8,0.0000,0.0000,0.0000,0,0.00,0
12,Legacy4BNB,0,0.0000,0.0000,0.0000,0,0.00,0
12,Legacy4BNB,1,0.0000,0.0000,0.0000,0,0.00,0
12,Legacy4BNB,2,0.0000,0.0000,0.0000,0,0.00,0
12,Legacy4BNB,3,0.0000,0.0000,0.0000,0,0.00,0
12,Legacy4BNB,4,0.0000,0.0000,0.0000,0,0.00,0
12,Legacy4BNB,5,0.0000,0.0000,0.0000,0,0.00,0
12,Legacy4BNB,6,0.0000,0.0000,0.0000,0,0.00,0
12,Legacy4BNB,7,0.0000,0.0000,0.0000,0,0.00,0
12,Legacy4BNB,8,0.0000,0.0000,0.0000,0,0.00,0
12,Legacy5BNB,0,0.0000,0.0000,0.0000,0,0.00,0
12,Legacy5BNB,1,0.0000,0.0000,0.0000,0,0.00,0
12,Legacy5BNB,2,0.0000,0.0000,0.0000,0,0.00,0
12,Legacy5BNB,3,0.0000,0.0000,0.0000,0,0.00,0
12,Legacy5BNB,4,0.0000,0.0000,0.0000,0,0.00,0
12,Legacy5BNB,5,0.0000,0.0000,0.0000,0,0.00,0
12,Legacy5BNB,6,0.0000,0.0000,0.0000,0,0.00,0
12,Legacy5BNB,7,0.0000,0.0000,0.0000,0,0.00,0
12,Legacy5BNB,8,0.0000,0.0000,0.0000,0,0.00,0
13,Base5,0,0.0000,0.0000,0.0000,0,0.00,0
13,Base5,1,0.0000,0.0000,0.0000,0,0.00,0
13,Base5,2,0.0000,0.0000,0.0000,0,0.00,0
13,Base5,3,0.0000,0.0000,0.0000,0,0.00,0
13,Base5,4,0.0000,0.0000,0.0000,0,0.00,0
13,Base5,5,0.0000,0.0000,0.0000,0,0.00,0
13,Base5,6,0.0000,0.0000,0.0000,0,0.00,0
13,Base5,7,0.0000,0.0000,0.0000,0,0.00,0
13,Base5,8,0.0000,0.0000,0.0000,0,0.00,0
13,NoDOGE,0,0.0000,0.0000,0.0000,0,0.00,0
13,NoDOGE,1,0.0000,0.0000,0.0000,0,0.00,0
13,NoDOGE,2,0.0000,0.0000,0.0000,0,0.00,0
13,NoDOGE,3,0.0000,0.0000,0.0000,0,0.00,0
13,NoDOGE,4,0.0000,0.0000,0.0000,0,0.00,0
13,NoDOGE,5,0.0000,0.0000,0.0000,0,0.00,0
13,NoDOGE,6,0.0000,0.0000,0.0000,0,0.00,0
13,NoDOGE,7,0.0000,0.0000,0.0000,0,0.00,0
13,NoDOGE,8,0.0000,0.0000,0.0000,0,0.00,0
13,LargeCaps5,0,0.0000,0.0000,0.0000,0,0.00,0
13,LargeCaps5,1,0.0000,0.0000,0.0000,0,0.00,0
13,LargeCaps5,2,0.0000,0.0000,0.0000,0,0.00,0
13,LargeCaps5,3,0.0000,0.0000,0.0000,0,0.00,0
13,LargeCaps5,4,0.0000,0.0000,0.0000,0,0.00,0
13,LargeCaps5,5,0.0000,0.0000,0.0000,0,0.00,0
13,LargeCaps5,6,0.0000,0.0000,0.0000,0,0.00,0
13,LargeCaps5,7,0.0000,0.0000,0.0000,0,0.00,0
13,LargeCaps5,8,0.0000,0.0000,0.0000,0,0.00,0
13,LowVolume5,0,0.0000,0.0000,0.0000,0,0.00,0
13,LowVolume5,1,0.0000,0.0000,0.0000,0,0.00,0
13,LowVolume5,2,0.0000,0.0000,0.0000,0,0.00,0
13,LowVolume5,3,0.0000,0.0000,0.0000,0,0.00,0
13,LowVolume5,4,0.0000,0.0000,0.0000,0,0.00,0
13,LowVolume5,5,0.0000,0.0000,0.0000,0,0.00,0
13,LowVolume5,6,0.0000,0.0000,0.0000,0,0.00,0
13,LowVolume5,7,0.0000,0.0000,0.0000,0,0.00,0
13,LowVolume5,8,0.0000,0.0000,0.0000,0,0.00,0
13,Legacy3,0,0.0000,0.0000,0.0000,0,0.00,0
13,Legacy3,1,0.0000,0.0000,0.0000,0,0.00,0
13,Legacy3,2,0.0000,0.0000,0.0000,0,0.00,0
13,Legacy3,3,0.0000,0.0000,0.0000,0,0.00,0
13,Legacy3,4,0.0000,0.0000,0.0000,0,0.00,0
13,Legacy3,5,0.0000,0.0000,0.0000,0,0.00,0
13,Legacy3,6,0.0000,0.0000,0.0000,0,0.00,0
13,Legacy3,7,0.0000,0.0000,0.0000,0,0.00,0
13,Legacy3,8,0.0000,0.0000,0.0000,0,0.00,0
13,Legacy4,0,0.0000,0.0000,0.0000,0,0.00,0
13,Legacy4,1,0.0000,0.0000,0.0000,0,0.00,0
13,Legacy4,2,0.0000,0.0000,0.0000,0,0.00,0
13,Legacy4,3,0.0000,0.0000,0.0000,0,0.00,0
13,Legacy4,4,0.0000,0.0000,0.0000,0,0.00,0
13,Legacy4,5,0.0000,0.0000,0.0000,0,0.00,0
13,Legacy4,6,0.0000,0.0000,0.0000,0,0.00,0
13,Legacy4,7,0.0000,0.0000,0.0000,0,0.00,0
13,Legacy4,8,0.0000,0.0000,0.0000,0,0.00,0
13,Legacy5,0,0.0000,0.0000,0.0000,0,0.00,0
13,Legacy5,1,0.0000,0.0000,0.0000,0,0.00,0
13,Legacy5,2,0.0000,0.0000,0.0000,0,0.00,0
13,Legacy5,3,0.0000,0.0000,0.0000,0,0.00,0
13,Legacy5,4,0.0000,0.0000,0.0000,0,0.00,0
13,Legacy5,5,0.0000,0.0000,0.0000,0,0.00,0
13,Legacy5,6,0.0000,0.0000,0.0000,0,0.00,0
13,Legacy5,7,0.0000,0.0000,0.0000,0,0.00,0
13,Legacy5,8,0.0000,0.0000,0.0000,0,0.00,0
13,Legacy4BNB,0,0.0000,0.0000,0.0000,0,0.00,0
13,Legacy4BNB,1,0.0000,0.0000,0.0000,0,0.00,0
13,Legacy4BNB,2,0.0000,0.0000,0.0000,0,0.00,0
13,Legacy4BNB,3,0.0000,0.0000,0.0000,0,0.00,0
13,Legacy4BNB,4,0.0000,0.0000,0.0000,0,0.00,0
13,Legacy4BNB,5,0.0000,0.0000,0.0000,0,0.00,0
13,Legacy4BNB,6,0.0000,0.0000,0.0000,0,0.00,0
13,Legacy4BNB,7,0.0000,0.0000,0.0000,0,0.00,0
13,Legacy4BNB,8,0.0000,0.0000,0.0000,0,0.00,0
13,Legacy5BNB,0,0.0000,0.0000,0.0000,0,0.00,0
13,Legacy5BNB,1,0.0000,0.0000,0.0000,0,0.00,0
13,Legacy5BNB,2,0.0000,0.0000,0.0000,0,0.00,0
13,Legacy5BNB,3,0.0000,0.0000,0.0000,0,0.00,0
13,Legacy5BNB,4,0.0000,0.0000,0.0000,0,0.00,0
13,Legacy5BNB,5,0.0000,0.0000,0.0000,0,0.00,0
13,Legacy5BNB,6,0.0000,0.0000,0.0000,0,0.00,0
13,Legacy5BNB,7,0.0000,0.0000,0.0000,0,0.00,0
13,Legacy5BNB,8,0.0000,0.0000,0.0000,0,0.00,0
14,Base5,0,0.0000,0.0000,0.0000,0,0.00,0
14,Base5,1,0.0000,0.0000,0.0000,0,0.00,0
14,Base5,2,0.0000,0.0000,0.0000,0,0.00,0
14,Base5,3,0.0000,0.0000,0.0000,0,0.00,0
14,Base5,4,0.0000,0.0000,0.0000,0,0.00,0
14,Base5,5,0.0000,0.0000,0.0000,0,0.00,0
14,Base5,6,0.0000,0.0000,0.0000,0,0.00,0
14,Base5,7,0.0000,0.0000,0.0000,0,0.00,0
14,Base5,8,0.0000,0.0000,0.0000,0,0.00,0
14,NoDOGE,0,0.0000,0.0000,0.0000,0,0.00,0
14,NoDOGE,1,0.0000,0.0000,0.0000,0,0.00,0
14,NoDOGE,2,0.0000,0.0000,0.0000,0,0.00,0
14,NoDOGE,3,0.0000,0.0000,0.0000,0,0.00,0
14,NoDOGE,4,0.0000,0.0000,0.0000,0,0.00,0
14,NoDOGE,5,0.0000,0.0000,0.0000,0,0.00,0
14,NoDOGE,6,0.0000,0.0000,0.0000,0,0.00,0
14,NoDOGE,7,0.0000,0.0000,0.0000,0,0.00,0
14,NoDOGE,8,0.0000,0.0000,0.0000,0,0.00,0
14,LargeCaps5,0,0.0000,0.0000,0.0000,0,0.00,0
14,LargeCaps5,1,0.0000,0.0000,0.0000,0,0.00,0
14,LargeCaps5,2,0.0000,0.0000,0.0000,0,0.00,0
14,LargeCaps5,3,0.0000,0.0000,0.0000,0,0.00,0
14,LargeCaps5,4,0.0000,0.0000,0.0000,0,0.00,0
14,LargeCaps5,5,0.0000,0.0000,0.0000,0,0.00,0
14,LargeCaps5,6,0.0000,0.0000,0.0000,0,0.00,0
14,LargeCaps5,7,0.0000,0.0000,0.0000,0,0.00,0
14,LargeCaps5,8,0.0000,0.0000,0.0000,0,0.00,0
14,LowVolume5,0,0.0000,0.0000,0.0000,0,0.00,0
14,LowVolume5,1,0.0000,0.0000,0.0000,0,0.00,0
14,LowVolume5,2,0.0000,0.0000,0.0000,0,0.00,0
14,LowVolume5,3,0.0000,0.0000,0.0000,0,0.00,0
14,LowVolume5,4,0.0000,0.0000,0.0000,0,0.00,0
14,LowVolume5,5,0.0000,0.0000,0.0000,0,0.00,0
14,LowVolume5,6,0.0000,0.0000,0.0000,0,0.00,0
14,LowVolume5,7,0.0000,0.0000,0.0000,0,0.00,0
14,LowVolume5,8,0.0000,0.0000,0.0000,0,0.00,0
14,Legacy3,0,0.0000,0.0000,0.0000,0,0.00,0
14,Legacy3,1,0.0000,0.0000,0.0000,0,0.00,0
14,Legacy3,2,0.0000,0.0000,0.0000,0,0.00,0
14,Legacy3,3,0.0000,0.0000,0.0000,0,0.00,0
14,Legacy3,4,0.0000,0.0000,0.0000,0,0.00,0
14,Legacy3,5,0.0000,0.0000,0.0000,0,0.00,0
14,Legacy3,6,0.0000,0.0000,0.0000,0,0.00,0
14,Legacy3,7,0.0000,0.0000,0.0000,0,0.00,0
14,Legacy3,8,0.0000,0.0000,0.0000,0,0.00,0
14,Legacy4,0,0.0000,0.0000,0.0000,0,0.00,0
14,Legacy4,1,0.0000,0.0000,0.0000,0,0.00,0
14,Legacy4,2,0.0000,0.0000,0.0000,0,0.00,0
14,Legacy4,3,0.0000,0.0000,0.0000,0,0.00,0
14,Legacy4,4,0.0000,0.0000,0.0000,0,0.00,0
14,Legacy4,5,0.0000,0.0000,0.0000,0,0.00,0
14,Legacy4,6,0.0000,0.0000,0.0000,0,0.00,0
14,Legacy4,7,0.0000,0.0000,0.0000,0,0.00,0
14,Legacy4,8,0.0000,0.0000,0.0000,0,0.00,0
14,Legacy5,0,0.0000,0.0000,0.0000,0,0.00,0
14,Legacy5,1,0.0000,0.0000,0.0000,0,0.00,0
14,Legacy5,2,0.0000,0.0000,0.0000,0,0.00,0
14,Legacy5,3,0.0000,0.0000,0.0000,0,0.00,0
14,Legacy5,4,0.0000,0.0000,0.0000,0,0.00,0
14,Legacy5,5,0.0000,0.0000,0.0000,0,0.00,0
14,Legacy5,6,0.0000,0.0000,0.0000,0,0.00,0
14,Legacy5,7,0.0000,0.0000,0.0000,0,0.00,0
14,Legacy5,8,0.0000,0.0000,0.0000,0,0.00,0
14,Legacy4BNB,0,0.0000,0.0000,0.0000,0,0.00,0
14,Legacy4BNB,1,0.0000,0.0000,0.0000,0,0.00,0
14,Legacy4BNB,2,0.0000,0.0000,0.0000,0,0.00,0
14,Legacy4BNB,3,0.0000,0.0000,0.0000,0,0.00,0
14,Legacy4BNB,4,0.0000,0.0000,0.0000,0,0.00,0
14,Legacy4BNB,5,0.0000,0.0000,0.0000,0,0.00,0
14,Legacy4BNB,6,0.0000,0.0000,0.0000,0,0.00,0
14,Legacy4BNB,7,0.0000,0.0000,0.0000,0,0.00,0
14,Legacy4BNB,8,0.0000,0.0000,0.0000,0,0.00,0
14,Legacy5BNB,0,0.0000,0.0000,0.0000,0,0.00,0
14,Legacy5BNB,1,0.0000,0.0000,0.0000,0,0.00,0
14,Legacy5BNB,2,0.0000,0.0000,0.0000,0,0.00,0
14,Legacy5BNB,3,0.0000,0.0000,0.0000,0,0.00,0
14,Legacy5BNB,4,0.0000,0.0000,0.0000,0,0.00,0
14,Legacy5BNB,5,0.0000,0.0000,0.0000,0,0.00,0
14,Legacy5BNB,6,0.0000,0.0000,0.0000,0,0.00,0
14,Legacy5BNB,7,0.0000,0.0000,0.0000,0,0.00,0
14,Legacy5BNB,8,0.0000,0.0000,0.0000,0,0.00,0
15,Base5,0,0.0000,0.0000,0.0000,0,0.00,0
15,Base5,1,0.0000,0.0000,0.0000,0,0.00,0
15,Base5,2,0.0000,0.0000,0.0000,0,0.00,0
15,Base5,3,0.0000,0.0000,0.0000,0,0.00,0
15,Base5,4,0.0000,0.0000,0.0000,0,0.00,0
15,Base5,5,0.0000,0.0000,0.0000,0,0.00,0
15,Base5,6,0.0000,0.0000,0.0000,0,0.00,0
15,Base5,7,0.0000,0.0000,0.0000,0,0.00,0
15,Base5,8,0.0000,0.0000,0.0000,0,0.00,0
15,NoDOGE,0,0.0000,0.0000,0.0000,0,0.00,0
15,NoDOGE,1,0.0000,0.0000,0.0000,0,0.00,0
15,NoDOGE,2,0.0000,0.0000,0.0000,0,0.00,0
15,NoDOGE,3,0.0000,0.0000,0.0000,0,0.00,0
15,NoDOGE,4,0.0000,0.0000,0.0000,0,0.00,0
15,NoDOGE,5,0.0000,0.0000,0.0000,0,0.00,0
15,NoDOGE,6,0.0000,0.0000,0.0000,0,0.00,0
15,NoDOGE,7,0.0000,0.0000,0.0000,0,0.00,0
15,NoDOGE,8,0.0000,0.0000,0.0000,0,0.00,0
15,LargeCaps5,0,0.0000,0.0000,0.0000,0,0.00,0
15,LargeCaps5,1,0.0000,0.0000,0.0000,0,0.00,0
15,LargeCaps5,2,0.0000,0.0000,0.0000,0,0.00,0
15,LargeCaps5,3,0.0000,0.0000,0.0000,0,0.00,0
15,LargeCaps5,4,0.0000,0.0000,0.0000,0,0.00,0
15,LargeCaps5,5,0.0000,0.0000,0.0000,0,0.00,0
15,LargeCaps5,6,0.0000,0.0000,0.0000,0,0.00,0
15,LargeCaps5,7,0.0000,0.0000,0.0000,0,0.00,0
15,LargeCaps5,8,0.0000,0.0000,0.0000,0,0.00,0
15,LowVolume5,0,0.0000,0.0000,0.0000,0,0.00,0
15,LowVolume5,1,0.0000,0.0000,0.0000,0,0.00,0
15,LowVolume5,2,0.0000,0.0000,0.0000,0,0.00,0
15,LowVolume5,3,0.0000,0.0000,0.0000,0,0.00,0
15,LowVolume5,4,0.0000,0.0000,0.0000,0,0.00,0
15,LowVolume5,5,0.0000,0.0000,0.0000,0,0.00,0
15,LowVolume5,6,0.0000,0.0000,0.0000,0,0.00,0
15,LowVolume5,7,0.0000,0.0000,0.0000,0,0.00,0
15,LowVolume5,8,0.0000,0.0000,0.0000,0,0.00,0
15,Legacy3,0,0.0000,0.0000,0.0000,0,0.00,0
15,Legacy3,1,0.0000,0.0000,0.0000,0,0.00,0
15,Legacy3,2,0.0000,0.0000,0.0000,0,0.00,0
15,Legacy3,3,0.0000,0.0000,0.0000,0,0.00,0
15,Legacy3,4,0.0000,0.0000,0.0000,0,0.00,0
15,Legacy3,5,0.0000,0.0000,0.0000,0,0.00,0
15,Legacy3,6,0.0000,0.0000,0.0000,0,0.00,0
15,Legacy3,7,0.0000,0.0000,0.0000,0,0.00,0
15,Legacy3,8,0.0000,0.0000,0.0000,0,0.00,0
15,Legacy4,0,0.0000,0.0000,0.0000,0,0.00,0
15,Legacy4,1,0.0000,0.0000,0.0000,0,0.00,0
15,Legacy4,2,0.0000,0.0000,0.0000,0,0.00,0
15,Legacy4,3,0.0000,0.0000,0.0000,0,0.00,0
15,Legacy4,4,0.0000,0.0000,0.0000,0,0.00,0
15,Legacy4,5,0.0000,0.0000,0.0000,0,0.00,0
15,Legacy4,6,0.0000,0.0000,0.0000,0,0.00,0
15,Legacy4,7,0.0000,0.0000,0.0000,0,0.00,0
15,Legacy4,8,0.0000,0.0000,0.0000,0,0.00,0
15,Legacy5,0,0.0000,0.0000,0.0000,0,0.00,0
15,Legacy5,1,0.0000,0.0000,0.0000,0,0.00,0
15,Legacy5,2,0.0000,0.0000,0.0000,0,0.00,0
15,Legacy5,3,0.0000,0.0000,0.0000,0,0.00,0
15,Legacy5,4,0.0000,0.0000,0.0000,0,0.00,0
15,Legacy5,5,0.0000,0.0000,0.0000,0,0.00,0
15,Legacy5,6,0.0000,0.0000,0.0000,0,0.00,0
15,Legacy5,7,0.0000,0.0000,0.0000,0,0.00,0
15,Legacy5,8,0.0000,0.0000,0.0000,0,0.00,0
15,Legacy4BNB,0,0.0000,0.0000,0.0000,0,0.00,0
15,Legacy4BNB,1,0.0000,0.0000,0.0000,0,0.00,0
15,Legacy4BNB,2,0.0000,0.0000,0.0000,0,0.00,0
15,Legacy4BNB,3,0.0000,0.0000,0.0000,0,0.00,0
15,Legacy4BNB,4,0.0000,0.0000,0.0000,0,0.00,0
15,Legacy4BNB,5,0.0000,0.0000,0.0000,0,0.00,0
15,Legacy4BNB,6,0.0000,0.0000,0.0000,0,0.00,0
15,Legacy4BNB,7,0.0000,0.0000,0.0000,0,0.00,0
15,Legacy4BNB,8,0.0000,0.0000,0.0000,0,0.00,0
15,Legacy5BNB,0,0.0000,0.0000,0.0000,0,0.00,0
15,Legacy5BNB,1,0.0000,0.0000,0.0000,0,0.00,0
15,Legacy5BNB,2,0.0000,0.0000,0.0000,0,0.00,0
15,Legacy5BNB,3,0.0000,0.0000,0.0000,0,0.00,0
15,Legacy5BNB,4,0.0000,0.0000,0.0000,0,0.00,0
15,Legacy5BNB,5,0.0000,0.0000,0.0000,0,0.00,0
15,Legacy5BNB,6,0.0000,0.0000,0.0000,0,0.00,0
15,Legacy5BNB,7,0.0000,0.0000,0.0000,0,0.00,0
15,Legacy5BNB,8,0.0000,0.0000,0.0000,0,0.00,0
16,Base5,0,0.0000,0.0000,0.0000,0,0.00,0
16,Base5,1,0.0000,0.0000,0.0000,0,0.00,0
16,Base5,2,0.0000,0.0000,0.0000,0,0.00,0
16,Base5,3,0.0000,0.0000,0.0000,0,0.00,0
16,Base5,4,0.0000,0.0000,0.0000,0,0.00,0
16,Base5,5,0.0000,0.0000,0.0000,0,0.00,0
16,Base5,6,0.0000,0.0000,0.0000,0,0.00,0
16,Base5,7,0.0000,0.0000,0.0000,0,0.00,0
16,Base5,8,0.0000,0.0000,0.0000,0,0.00,0
16,NoDOGE,0,0.0000,0.0000,0.0000,0,0.00,0
16,NoDOGE,1,0.0000,0.0000,0.0000,0,0.00,0
16,NoDOGE,2,0.0000,0.0000,0.0000,0,0.00,0
16,NoDOGE,3,0.0000,0.0000,0.0000,0,0.00,0
16,NoDOGE,4,0.0000,0.0000,0.0000,0,0.00,0
16,NoDOGE,5,0.0000,0.0000,0.0000,0,0.00,0
16,NoDOGE,6,0.0000,0.0000,0.0000,0,0.00,0
16,NoDOGE,7,0.0000,0.0000,0.0000,0,0.00,0
16,NoDOGE,8,0.0000,0.0000,0.0000,0,0.00,0
16,LargeCaps5,0,0.0000,0.0000,0.0000,0,0.00,0
16,LargeCaps5,1,0.0000,0.0000,0.0000,0,0.00,0
16,LargeCaps5,2,0.0000,0.0000,0.0000,0,0.00,0
16,LargeCaps5,3,0.0000,0.0000,0.0000,0,0.00,0
16,LargeCaps5,4,0.0000,0.0000,0.0000,0,0.00,0
16,LargeCaps5,5,0.0000,0.0000,0.0000,0,0.00,0
16,LargeCaps5,6,0.0000,0.0000,0.0000,0,0.00,0
16,LargeCaps5,7,0.0000,0.0000,0.0000,0,0.00,0
16,LargeCaps5,8,0.0000,0.0000,0.0000,0,0.00,0
16,LowVolume5,0,0.0000,0.0000,0.0000,0,0.00,0
16,LowVolume5,1,0.0000,0.0000,0.0000,0,0.00,0
16,LowVolume5,2,0.0000,0.0000,0.0000,0,0.00,0
16,LowVolume5,3,0.0000,0.0000,0.0000,0,0.00,0
16,LowVolume5,4,0.0000,0.0000,0.0000,0,0.00,0
16,LowVolume5,5,0.0000,0.0000,0.0000,0,0.00,0
16,LowVolume5,6,0.0000,0.0000,0.0000,0,0.00,0
16,LowVolume5,7,0.0000,0.0000,0.0000,0,0.00,0
16,LowVolume5,8,0.0000,0.0000,0.0000,0,0.00,0
16,Legacy3,0,0.0000,0.0000,0.0000,0,0.00,0
16,Legacy3,1,0.0000,0.0000,0.0000,0,0.00,0
16,Legacy3,2,0.0000,0.0000,0.0000,0,0.00,0
16,Legacy3,3,0.0000,0.0000,0.0000,0,0.00,0
16,Legacy3,4,0.0000,0.0000,0.0000,0,0.00,0
16,Legacy3,5,0.0000,0.0000,0.0000,0,0.00,0
16,Legacy3,6,0.0000,0.0000,0.0000,0,0.00,0
16,Legacy3,7,0.0000,0.0000,0.0000,0,0.00,0
16,Legacy3,8,0.0000,0.0000,0.0000,0,0.00,0
16,Legacy4,0,0.0000,0.0000,0.0000,0,0.00,0
16,Legacy4,1,0.0000,0.0000,0.0000,0,0.00,0
16,Legacy4,2,0.0000,0.0000,0.0000,0,0.00,0
16,Legacy4,3,0.0000,0.0000,0.0000,0,0.00,0
16,Legacy4,4,0.0000,0.0000,0.0000,0,0.00,0
16,Legacy4,5,0.0000,0.0000,0.0000,0,0.00,0
16,Legacy4,6,0.0000,0.0000,0.0000,0,0.00,0
16,Legacy4,7,0.0000,0.0000,0.0000,0,0.00,0
16,Legacy4,8,0.0000,0.0000,0.0000,0,0.00,0
16,Legacy5,0,0.0000,0.0000,0.0000,0,0.00,0
16,Legacy5,1,0.0000,0.0000,0.0000,0,0.00,0
16,Legacy5,2,0.0000,0.0000,0.0000,0,0.00,0
16,Legacy5,3,0.0000,0.0000,0.0000,0,0.00,0
16,Legacy5,4,0.0000,0.0000,0.0000,0,0.00,0
16,Legacy5,5,0.0000,0.0000,0.0000,0,0.00,0
16,Legacy5,6,0.0000,0.0000,0.0000,0,0.00,0
16,Legacy5,7,0.0000,0.0000,0.0000,0,0.00,0
16,Legacy5,8,0.0000,0.0000,0.0000,0,0.00,0
16,Legacy4BNB,0,0.0000,0.0000,0.0000,0,0.00,0
16,Legacy4BNB,1,0.0000,0.0000,0.0000,0,0.00,0
16,Legacy4BNB,2,0.0000,0.0000,0.0000,0,0.00,0
16,Legacy4BNB,3,0.0000,0.0000,0.0000,0,0.00,0
16,Legacy4BNB,4,0.0000,0.0000,0.0000,0,0.00,0
16,Legacy4BNB,5,0.0000,0.0000,0.0000,0,0.00,0
16,Legacy4BNB,6,0.0000,0.0000,0.0000,0,0.00,0
16,Legacy4BNB,7,0.0000,0.0000,0.0000,0,0.00,0
16,Legacy4BNB,8,0.0000,0.0000,0.0000,0,0.00,0
16,Legacy5BNB,0,0.0000,0.0000,0.0000,0,0.00,0
16,Legacy5BNB,1,0.0000,0.0000,0.0000,0,0.00,0
16,Legacy5BNB,2,0.0000,0.0000,0.0000,0,0.00,0
16,Legacy5BNB,3,0.0000,0.0000,0.0000,0,0.00,0
16,Legacy5BNB,4,0.0000,0.0000,0.0000,0,0.00,0
16,Legacy5BNB,5,0.0000,0.0000,0.0000,0,0.00,0
16,Legacy5BNB,6,0.0000,0.0000,0.0000,0,0.00,0
16,Legacy5BNB,7,0.0000,0.0000,0.0000,0,0.00,0
16,Legacy5BNB,8,0.0000,0.0000,0.0000,0,0.00,0
17,Base5,0,0.0000,0.0000,0.0000,0,0.00,0
17,Base5,1,0.0000,0.0000,0.0000,0,0.00,0
17,Base5,2,0.0000,0.0000,0.0000,0,0.00,0
17,Base5,3,0.0000,0.0000,0.0000,0,0.00,0
17,Base5,4,0.0000,0.0000,0.0000,0,0.00,0
17,Base5,5,0.0000,0.0000,0.0000,0,0.00,0
17,Base5,6,0.0000,0.0000,0.0000,0,0.00,0
17,Base5,7,0.0000,0.0000,0.0000,0,0.00,0
17,Base5,8,0.0000,0.0000,0.0000,0,0.00,0
17,NoDOGE,0,0.0000,0.0000,0.0000,0,0.00,0
17,NoDOGE,1,0.0000,0.0000,0.0000,0,0.00,0
17,NoDOGE,2,0.0000,0.0000,0.0000,0,0.00,0
17,NoDOGE,3,0.0000,0.0000,0.0000,0,0.00,0
17,NoDOGE,4,0.0000,0.0000,0.0000,0,0.00,0
17,NoDOGE,5,0.0000,0.0000,0.0000,0,0.00,0
17,NoDOGE,6,0.0000,0.0000,0.0000,0,0.00,0
17,NoDOGE,7,0.0000,0.0000,0.0000,0,0.00,0
17,NoDOGE,8,0.0000,0.0000,0.0000,0,0.00,0
17,LargeCaps5,0,0.0000,0.0000,0.0000,0,0.00,0
17,LargeCaps5,1,0.0000,0.0000,0.0000,0,0.00,0
17,LargeCaps5,2,0.0000,0.0000,0.0000,0,0.00,0
17,LargeCaps5,3,0.0000,0.0000,0.0000,0,0.00,0
17,LargeCaps5,4,0.0000,0.0000,0.0000,0,0.00,0
17,LargeCaps5,5,0.0000,0.0000,0.0000,0,0.00,0
17,LargeCaps5,6,0.0000,0.0000,0.0000,0,0.00,0
17,LargeCaps5,7,0.0000,0.0000,0.0000,0,0.00,0
17,LargeCaps5,8,0.0000,0.0000,0.0000,0,0.00,0
17,LowVolume5,0,0.0000,0.0000,0.0000,0,0.00,0
17,LowVolume5,1,0.0000,0.0000,0.0000,0,0.00,0
17,LowVolume5,2,0.0000,0.0000,0.0000,0,0.00,0
17,LowVolume5,3,0.0000,0.0000,0.0000,0,0.00,0
17,LowVolume5,4,0.0000,0.0000,0.0000,0,0.00,0
17,LowVolume5,5,0.0000,0.0000,0.0000,0,0.00,0
17,LowVolume5,6,0.0000,0.0000,0.0000,0,0.00,0
17,LowVolume5,7,0.0000,0.0000,0.0000,0,0.00,0
17,LowVolume5,8,0.0000,0.0000,0.0000,0,0.00,0
17,Legacy3,0,0.0000,0.0000,0.0000,0,0.00,0
17,Legacy3,1,0.0000,0.0000,0.0000,0,0.00,0
17,Legacy3,2,0.0000,0.0000,0.0000,0,0.00,0
17,Legacy3,3,0.0000,0.0000,0.0000,0,0.00,0
17,Legacy3,4,0.0000,0.0000,0.0000,0,0.00,0
17,Legacy3,5,0.0000,0.0000,0.0000,0,0.00,0
17,Legacy3,6,0.0000,0.0000,0.0000,0,0.00,0
17,Legacy3,7,0.0000,0.0000,0.0000,0,0.00,0
17,Legacy3,8,0.0000,0.0000,0.0000,0,0.00,0
17,Legacy4,0,0.0000,0.0000,0.0000,0,0.00,0
17,Legacy4,1,0.0000,0.0000,0.0000,0,0.00,0
17,Legacy4,2,0.0000,0.0000,0.0000,0,0.00,0
17,Legacy4,3,0.0000,0.0000,0.0000,0,0.00,0
17,Legacy4,4,0.0000,0.0000,0.0000,0,0.00,0
17,Legacy4,5,0.0000,0.0000,0.0000,0,0.00,0
17,Legacy4,6,0.0000,0.0000,0.0000,0,0.00,0
17,Legacy4,7,0.0000,0.0000,0.0000,0,0.00,0
17,Legacy4,8,0.0000,0.0000,0.0000,0,0.00,0
17,Legacy5,0,0.0000,0.0000,0.0000,0,0.00,0
17,Legacy5,1,0.0000,0.0000,0.0000,0,0.00,0
17,Legacy5,2,0.0000,0.0000,0.0000,0,0.00,0
17,Legacy5,3,0.0000,0.0000,0.0000,0,0.00,0
17,Legacy5,4,0.0000,0.0000,0.0000,0,0.00,0
17,Legacy5,5,0.0000,0.0000,0.0000,0,0.00,0
17,Legacy5,6,0.0000,0.0000,0.0000,0,0.00,0
17,Legacy5,7,0.0000,0.0000,0.0000,0,0.00,0
17,Legacy5,8,0.0000,0.0000,0.0000,0,0.00,0
17,Legacy4BNB,0,0.0000,0.0000,0.0000,0,0.00,0
17,Legacy4BNB,1,0.0000,0.0000,0.0000,0,0.00,0
17,Legacy4BNB,2,0.0000,0.0000,0.0000,0,0.00,0
17,Legacy4BNB,3,0.0000,0.0000,0.0000,0,0.00,0
17,Legacy4BNB,4,0.0000,0.0000,0.0000,0,0.00,0
17,Legacy4BNB,5,0.0000,0.0000,0.0000,0,0.00,0
17,Legacy4BNB,6,0.0000,0.0000,0.0000,0,0.00,0
17,Legacy4BNB,7,0.0000,0.0000,0.0000,0,0.00,0
17,Legacy4BNB,8,0.0000,0.0000,0.0000,0,0.00,0
17,Legacy5BNB,0,0.0000,0.0000,0.0000,0,0.00,0
17,Legacy5BNB,1,0.0000,0.0000,0.0000,0,0.00,0
17,Legacy5BNB,2,0.0000,0.0000,0.0000,0,0.00,0
17,Legacy5BNB,3,0.0000,0.0000,0.0000,0,0.00,0
17,Legacy5BNB,4,0.0000,0.0000,0.0000,0,0.00,0
17,Legacy5BNB,5,0.0000,0.0000,0.0000,0,0.00,0
17,Legacy5BNB,6,0.0000,0.0000,0.0000,0,0.00,0
17,Legacy5BNB,7,0.0000,0.0000,0.0000,0,0.00,0
17,Legacy5BNB,8,0.0000,0.0000,0.0000,0,0.00,0
18,Base5,0,0.0000,0.0000,0.0000,0,0.00,0
18,Base5,1,0.0000,0.0000,0.0000,0,0.00,0
18,Base5,2,0.0000,0.0000,0.0000,0,0.00,0
18,Base5,3,0.0000,0.0000,0.0000,0,0.00,0
18,Base5,4,0.0000,0.0000,0.0000,0,0.00,0
18,Base5,5,0.0000,0.0000,0.0000,0,0.00,0
18,Base5,6,0.0000,0.0000,0.0000,0,0.00,0
18,Base5,7,0.0000,0.0000,0.0000,0,0.00,0
18,Base5,8,0.0000,0.0000,0.0000,0,0.00,0
18,NoDOGE,0,0.0000,0.0000,0.0000,0,0.00,0
18,NoDOGE,1,0.0000,0.0000,0.0000,0,0.00,0
18,NoDOGE,2,0.0000,0.0000,0.0000,0,0.00,0
18,NoDOGE,3,0.0000,0.0000,0.0000,0,0.00,0
18,NoDOGE,4,0.0000,0.0000,0.0000,0,0.00,0
18,NoDOGE,5,0.0000,0.0000,0.0000,0,0.00,0
18,NoDOGE,6,0.0000,0.0000,0.0000,0,0.00,0
18,NoDOGE,7,0.0000,0.0000,0.0000,0,0.00,0
18,NoDOGE,8,0.0000,0.0000,0.0000,0,0.00,0
18,LargeCaps5,0,0.0000,0.0000,0.0000,0,0.00,0
18,LargeCaps5,1,0.0000,0.0000,0.0000,0,0.00,0
18,LargeCaps5,2,0.0000,0.0000,0.0000,0,0.00,0
18,LargeCaps5,3,0.0000,0.0000,0.0000,0,0.00,0
18,LargeCaps5,4,0.0000,0.0000,0.0000,0,0.00,0
18,LargeCaps5,5,0.0000,0.0000,0.0000,0,0.00,0
18,LargeCaps5,6,0.0000,0.0000,0.0000,0,0.00,0
18,LargeCaps5,7,0.0000,0.0000,0.0000,0,0.00,0
18,LargeCaps5,8,0.0000,0.0000,0.0000,0,0.00,0
18,LowVolume5,0,0.0000,0.0000,0.0000,0,0.00,0
18,LowVolume5,1,0.0000,0.0000,0.0000,0,0.00,0
18,LowVolume5,2,0.0000,0.0000,0.0000,0,0.00,0
18,LowVolume5,3,0.0000,0.0000,0.0000,0,0.00,0
18,LowVolume5,4,0.0000,0.0000,0.0000,0,0.00,0
18,LowVolume5,5,0.0000,0.0000,0.0000,0,0.00,0
18,LowVolume5,6,0.0000,0.0000,0.0000,0,0.00,0
18,LowVolume5,7,0.0000,0.0000,0.0000,0,0.00,0
18,LowVolume5,8,0.0000,0.0000,0.0000,0,0.00,0
18,Legacy3,0,0.0000,0.0000,0.0000,0,0.00,0
18,Legacy3,1,0.0000,0.0000,0.0000,0,0.00,0
18,Legacy3,2,0.0000,0.0000,0.0000,0,0.00,0
18,Legacy3,3,0.0000,0.0000,0.0000,0,0.00,0
18,Legacy3,4,0.0000,0.0000,0.0000,0,0.00,0
18,Legacy3,5,0.0000,0.0000,0.0000,0,0.00,0
18,Legacy3,6,0.0000,0.0000,0.0000,0,0.00,0
18,Legacy3,7,0.0000,0.0000,0.0000,0,0.00,0
18,Legacy3,8,0.0000,0.0000,0.0000,0,0.00,0
18,Legacy4,0,0.0000,0.0000,0.0000,0,0.00,0
18,Legacy4,1,0.0000,0.0000,0.0000,0,0.00,0
18,Legacy4,2,0.0000,0.0000,0.0000,0,0.00,0
18,Legacy4,3,0.0000,0.0000,0.0000,0,0.00,0
18,Legacy4,4,0.0000,0.0000,0.0000,0,0.00,0
18,Legacy4,5,0.0000,0.0000,0.0000,0,0.00,0
18,Legacy4,6,0.0000,0.0000,0.0000,0,0.00,0
18,Legacy4,7,0.0000,0.0000,0.0000,0,0.00,0
18,Legacy4,8,0.0000,0.0000,0.0000,0,0.00,0
18,Legacy5,0,0.0000,0.0000,0.0000,0,0.00,0
18,Legacy5,1,0.0000,0.0000,0.0000,0,0.00,0
18,Legacy5,2,0.0000,0.0000,0.0000,0,0.00,0
18,Legacy5,3,0.0000,0.0000,0.0000,0,0.00,0
18,Legacy5,4,0.0000,0.0000,0.0000,0,0.00,0
18,Legacy5,5,0.0000,0.0000,0.0000,0,0.00,0
18,Legacy5,6,0.0000,0.0000,0.0000,0,0.00,0
18,Legacy5,7,0.0000,0.0000,0.0000,0,0.00,0
18,Legacy5,8,0.0000,0.0000,0.0000,0,0.00,0
18,Legacy4BNB,0,0.0000,0.0000,0.0000,0,0.00,0
18,Legacy4BNB,1,0.0000,0.0000,0.0000,0,0.00,0
18,Legacy4BNB,2,0.0000,0.0000,0.0000,0,0.00,0
18,Legacy4BNB,3,0.0000,0.0000,0.0000,0,0.00,0
18,Legacy4BNB,4,0.0000,0.0000,0.0000,0,0.00,0
18,Legacy4BNB,5,0.0000,0.0000,0.0000,0,0.00,0
18,Legacy4BNB,6,0.0000,0.0000,0.0000,0,0.00,0
18,Legacy4BNB,7,0.0000,0.0000,0.0000,0,0.00,0
18,Legacy4BNB,8,0.0000,0.0000,0.0000,0,0.00,0
18,Legacy5BNB,0,0.0000,0.0000,0.0000,0,0.00,0
18,Legacy5BNB,1,0.0000,0.0000,0.0000,0,0.00,0
18,Legacy5BNB,2,0.0000,0.0000,0.0000,0,0.00,0
18,Legacy5BNB,3,0.0000,0.0000,0.0000,0,0.00,0
18,Legacy5BNB,4,0.0000,0.0000,0.0000,0,0.00,0
18,Legacy5BNB,5,0.0000,0.0000,0.0000,0,0.00,0
18,Legacy5BNB,6,0.0000,0.0000,0.0000,0,0.00,0
18,Legacy5BNB,7,0.0000,0.0000,0.0000,0,0.00,0
18,Legacy5BNB,8,0.0000,0.0000,0.0000,0,0.00,0
19,Base5,0,0.0000,0.0000,0.0000,0,0.00,0
19,Base5,1,0.0000,0.0000,0.0000,0,0.00,0
19,Base5,2,0.0000,0.0000,0.0000,0,0.00,0
19,Base5,3,0.0000,0.0000,0.0000,0,0.00,0
19,Base5,4,0.0000,0.0000,0.0000,0,0.00,0
19,Base5,5,0.0000,0.0000,0.0000,0,0.00,0
19,Base5,6,0.0000,0.0000,0.0000,0,0.00,0
19,Base5,7,0.0000,0.0000,0.0000,0,0.00,0
19,Base5,8,0.0000,0.0000,0.0000,0,0.00,0
19,NoDOGE,0,0.0000,0.0000,0.0000,0,0.00,0
19,NoDOGE,1,0.0000,0.0000,0.0000,0,0.00,0
19,NoDOGE,2,0.0000,0.0000,0.0000,0,0.00,0
19,NoDOGE,3,0.0000,0.0000,0.0000,0,0.00,0
19,NoDOGE,4,0.0000,0.0000,0.0000,0,0.00,0
19,NoDOGE,5,0.0000,0.0000,0.0000,0,0.00,0
19,NoDOGE,6,0.0000,0.0000,0.0000,0,0.00,0
19,NoDOGE,7,0.0000,0.0000,0.0000,0,0.00,0
19,NoDOGE,8,0.0000,0.0000,0.0000,0,0.00,0
19,LargeCaps5,0,0.0000,0.0000,0.0000,0,0.00,0
19,LargeCaps5,1,0.0000,0.0000,0.0000,0,0.00,0
19,LargeCaps5,2,0.0000,0.0000,0.0000,0,0.00,0
19,LargeCaps5,3,0.0000,0.0000,0.0000,0,0.00,0
19,LargeCaps5,4,0.0000,0.0000,0.0000,0,0.00,0
19,LargeCaps5,5,0.0000,0.0000,0.0000,0,0.00,0
19,LargeCaps5,6,0.0000,0.0000,0.0000,0,0.00,0
19,LargeCaps5,7,0.0000,0.0000,0.0000,0,0.00,0
19,LargeCaps5,8,0.0000,0.0000,0.0000,0,0.00,0
19,LowVolume5,0,0.0000,0.0000,0.0000,0,0.00,0
19,LowVolume5,1,0.0000,0.0000,0.0000,0,0.00,0
19,LowVolume5,2,0.0000,0.0000,0.0000,0,0.00,0
19,LowVolume5,3,0.0000,0.0000,0.0000,0,0.00,0
19,LowVolume5,4,0.0000,0.0000,0.0000,0,0.00,0
19,LowVolume5,5,0.0000,0.0000,0.0000,0,0.00,0
19,LowVolume5,6,0.0000,0.0000,0.0000,0,0.00,0
19,LowVolume5,7,0.0000,0.0000,0.0000,0,0.00,0
19,LowVolume5,8,0.0000,0.0000,0.0000,0,0.00,0
19,Legacy3,0,0.0000,0.0000,0.0000,0,0.00,0
19,Legacy3,1,0.0000,0.0000,0.0000,0,0.00,0
19,Legacy3,2,0.0000,0.0000,0.0000,0,0.00,0
19,Legacy3,3,0.0000,0.0000,0.0000,0,0.00,0
19,Legacy3,4,0.0000,0.0000,0.0000,0,0.00,0
19,Legacy3,5,0.0000,0.0000,0.0000,0,0.00,0
19,Legacy3,6,0.0000,0.0000,0.0000,0,0.00,0
19,Legacy3,7,0.0000,0.0000,0.0000,0,0.00,0
19,Legacy3,8,0.0000,0.0000,0.0000,0,0.00,0
19,Legacy4,0,0.0000,0.0000,0.0000,0,0.00,0
19,Legacy4,1,0.0000,0.0000,0.0000,0,0.00,0
19,Legacy4,2,0.0000,0.0000,0.0000,0,0.00,0
19,Legacy4,3,0.0000,0.0000,0.0000,0,0.00,0
19,Legacy4,4,0.0000,0.0000,0.0000,0,0.00,0
19,Legacy4,5,0.0000,0.0000,0.0000,0,0.00,0
19,Legacy4,6,0.0000,0.0000,0.0000,0,0.00,0
19,Legacy4,7,0.0000,0.0000,0.0000,0,0.00,0
19,Legacy4,8,0.0000,0.0000,0.0000,0,0.00,0
19,Legacy5,0,0.0000,0.0000,0.0000,0,0.00,0
19,Legacy5,1,0.0000,0.0000,0.0000,0,0.00,0
19,Legacy5,2,0.0000,0.0000,0.0000,0,0.00,0
19,Legacy5,3,0.0000,0.0000,0.0000,0,0.00,0
19,Legacy5,4,0.0000,0.0000,0.0000,0,0.00,0
19,Legacy5,5,0.0000,0.0000,0.0000,0,0.00,0
19,Legacy5,6,0.0000,0.0000,0.0000,0,0.00,0
19,Legacy5,7,0.0000,0.0000,0.0000,0,0.00,0
19,Legacy5,8,0.0000,0.0000,0.0000,0,0.00,0
19,Legacy4BNB,0,0.0000,0.0000,0.0000,0,0.00,0
19,Legacy4BNB,1,0.0000,0.0000,0.0000,0,0.00,0
19,Legacy4BNB,2,0.0000,0.0000,0.0000,0,0.00,0
19,Legacy4BNB,3,0.0000,0.0000,0.0000,0,0.00,0
19,Legacy4BNB,4,0.0000,0.0000,0.0000,0,0.00,0
19,Legacy4BNB,5,0.0000,0.0000,0.0000,0,0.00,0
19,Legacy4BNB,6,0.0000,0.0000,0.0000,0,0.00,0
19,Legacy4BNB,7,0.0000,0.0000,0.0000,0,0.00,0
19,Legacy4BNB,8,0.0000,0.0000,0.0000,0,0.00,0
19,Legacy5BNB,0,0.0000,0.0000,0.0000,0,0.00,0
19,Legacy5BNB,1,0.0000,0.0000,0.0000,0,0.00,0
19,Legacy5BNB,2,0.0000,0.0000,0.0000,0,0.00,0
19,Legacy5BNB,3,0.0000,0.0000,0.0000,0,0.00,0
19,Legacy5BNB,4,0.0000,0.0000,0.0000,0,0.00,0
19,Legacy5BNB,5,0.0000,0.0000,0.0000,0,0.00,0
19,Legacy5BNB,6,0.0000,0.0000,0.0000,0,0.00,0
19,Legacy5BNB,7,0.0000,0.0000,0.0000,0,0.00,0
19,Legacy5BNB,8,0.0000,0.0000,0.0000,0,0.00,0
20,Base5,0,0.0000,0.0000,0.0000,0,0.00,0
20,Base5,1,0.0000,0.0000,0.0000,0,0.00,0
20,Base5,2,0.0000,0.0000,0.0000,0,0.00,0
20,Base5,3,0.0000,0.0000,0.0000,0,0.00,0
20,Base5,4,0.0000,0.0000,0.0000,0,0.00,0
20,Base5,5,0.0000,0.0000,0.0000,0,0.00,0
20,Base5,6,0.0000,0.0000,0.0000,0,0.00,0
20,Base5,7,0.0000,0.0000,0.0000,0,0.00,0
20,Base5,8,0.0000,0.0000,0.0000,0,0.00,0
20,NoDOGE,0,0.0000,0.0000,0.0000,0,0.00,0
20,NoDOGE,1,0.0000,0.0000,0.0000,0,0.00,0
20,NoDOGE,2,0.0000,0.0000,0.0000,0,0.00,0
20,NoDOGE,3,0.0000,0.0000,0.0000,0,0.00,0
20,NoDOGE,4,0.0000,0.0000,0.0000,0,0.00,0
20,NoDOGE,5,0.0000,0.0000,0.0000,0,0.00,0
20,NoDOGE,6,0.0000,0.0000,0.0000,0,0.00,0
20,NoDOGE,7,0.0000,0.0000,0.0000,0,0.00,0
20,NoDOGE,8,0.0000,0.0000,0.0000,0,0.00,0
20,LargeCaps5,0,0.0000,0.0000,0.0000,0,0.00,0
20,LargeCaps5,1,0.0000,0.0000,0.0000,0,0.00,0
20,LargeCaps5,2,0.0000,0.0000,0.0000,0,0.00,0
20,LargeCaps5,3,0.0000,0.0000,0.0000,0,0.00,0
20,LargeCaps5,4,0.0000,0.0000,0.0000,0,0.00,0
20,LargeCaps5,5,0.0000,0.0000,0.0000,0,0.00,0
20,LargeCaps5,6,0.0000,0.0000,0.0000,0,0.00,0
20,LargeCaps5,7,0.0000,0.0000,0.0000,0,0.00,0
20,LargeCaps5,8,0.0000,0.0000,0.0000,0,0.00,0
20,LowVolume5,0,0.0000,0.0000,0.0000,0,0.00,0
20,LowVolume5,1,0.0000,0.0000,0.0000,0,0.00,0
20,LowVolume5,2,0.0000,0.0000,0.0000,0,0.00,0
20,LowVolume5,3,0.0000,0.0000,0.0000,0,0.00,0
20,LowVolume5,4,0.0000,0.0000,0.0000,0,0.00,0
20,LowVolume5,5,0.0000,0.0000,0.0000,0,0.00,0
20,LowVolume5,6,0.0000,0.0000,0.0000,0,0.00,0
20,LowVolume5,7,0.0000,0.0000,0.0000,0,0.00,0
20,LowVolume5,8,0.0000,0.0000,0.0000,0,0.00,0
20,Legacy3,0,0.0000,0.0000,0.0000,0,0.00,0
20,Legacy3,1,0.0000,0.0000,0.0000,0,0.00,0
20,Legacy3,2,0.0000,0.0000,0.0000,0,0.00,0
20,Legacy3,3,0.0000,0.0000,0.0000,0,0.00,0
20,Legacy3,4,0.0000,0.0000,0.0000,0,0.00,0
20,Legacy3,5,0.0000,0.0000,0.0000,0,0.00,0
20,Legacy3,6,0.0000,0.0000,0.0000,0,0.00,0
20,Legacy3,7,0.0000,0.0000,0.0000,0,0.00,0
20,Legacy3,8,0.0000,0.0000,0.0000,0,0.00,0
20,Legacy4,0,0.0000,0.0000,0.0000,0,0.00,0
20,Legacy4,1,0.0000,0.0000,0.0000,0,0.00,0
20,Legacy4,2,0.0000,0.0000,0.0000,0,0.00,0
20,Legacy4,3,0.0000,0.0000,0.0000,0,0.00,0
20,Legacy4,4,0.0000,0.0000,0.0000,0,0.00,0
20,Legacy4,5,0.0000,0.0000,0.0000,0,0.00,0
20,Legacy4,6,0.0000,0.0000,0.0000,0,0.00,0
20,Legacy4,7,0.0000,0.0000,0.0000,0,0.00,0
20,Legacy4,8,0.0000,0.0000,0.0000,0,0.00,0
20,Legacy5,0,0.0000,0.0000,0.0000,0,0.00,0
20,Legacy5,1,0.0000,0.0000,0.0000,0,0.00,0
20,Legacy5,2,0.0000,0.0000,0.0000,0,0.00,0
20,Legacy5,3,0.0000,0.0000,0.0000,0,0.00,0
20,Legacy5,4,0.0000,0.0000,0.0000,0,0.00,0
20,Legacy5,5,0.0000,0.0000,0.0000,0,0.00,0
20,Legacy5,6,0.0000,0.0000,0.0000,0,0.00,0
20,Legacy5,7,0.0000,0.0000,0.0000,0,0.00,0
20,Legacy5,8,0.0000,0.0000,0.0000,0,0.00,0
20,Legacy4BNB,0,0.0000,0.0000,0.0000,0,0.00,0
20,Legacy4BNB,1,0.0000,0.0000,0.0000,0,0.00,0
20,Legacy4BNB,2,0.0000,0.0000,0.0000,0,0.00,0
20,Legacy4BNB,3,0.0000,0.0000,0.0000,0,0.00,0
20,Legacy4BNB,4,0.0000,0.0000,0.0000,0,0.00,0
20,Legacy4BNB,5,0.0000,0.0000,0.0000,0,0.00,0
20,Legacy4BNB,6,0.0000,0.0000,0.0000,0,0.00,0
20,Legacy4BNB,7,0.0000,0.0000,0.0000,0,0.00,0
20,Legacy4BNB,8,0.0000,0.0000,0.0000,0,0.00,0
20,Legacy5BNB,0,0.0000,0.0000,0.0000,0,0.00,0
20,Legacy5BNB,1,0.0000,0.0000,0.0000,0,0.00,0
20,Legacy5BNB,2,0.0000,0.0000,0.0000,0,0.00,0
20,Legacy5BNB,3,0.0000,0.0000,0.0000,0,0.00,0
20,Legacy5BNB,4,0.0000,0.0000,0.0000,0,0.00,0
20,Legacy5BNB,5,0.0000,0.0000,0.0000,0,0.00,0
20,Legacy5BNB,6,0.0000,0.0000,0.0000,0,0.00,0
20,Legacy5BNB,7,0.0000,0.0000,0.0000,0,0.00,0
20,Legacy5BNB,8,0.0000,0.0000,0.0000,0,0.00,0
21,Base5,0,0.0000,0.0000,0.0000,0,0.00,0
21,Base5,1,0.0000,0.0000,0.0000,0,0.00,0
21,Base5,2,0.0000,0.0000,0.0000,0,0.00,0
21,Base5,3,0.0000,0.0000,0.0000,0,0.00,0
21,Base5,4,0.0000,0.0000,0.0000,0,0.00,0
21,Base5,5,0.0000,0.0000,0.0000,0,0.00,0
21,Base5,6,0.0000,0.0000,0.0000,0,0.00,0
21,Base5,7,0.0000,0.0000,0.0000,0,0.00,0
21,Base5,8,0.0000,0.0000,0.0000,0,0.00,0
21,NoDOGE,0,0.0000,0.0000,0.0000,0,0.00,0
21,NoDOGE,1,0.0000,0.0000,0.0000,0,0.00,0
21,NoDOGE,2,0.0000,0.0000,0.0000,0,0.00,0
21,NoDOGE,3,0.0000,0.0000,0.0000,0,0.00,0
21,NoDOGE,4,0.0000,0.0000,0.0000,0,0.00,0
21,NoDOGE,5,0.0000,0.0000,0.0000,0,0.00,0
21,NoDOGE,6,0.0000,0.0000,0.0000,0,0.00,0
21,NoDOGE,7,0.0000,0.0000,0.0000,0,0.00,0
21,NoDOGE,8,0.0000,0.0000,0.0000,0,0.00,0
21,LargeCaps5,0,0.0000,0.0000,0.0000,0,0.00,0
21,LargeCaps5,1,0.0000,0.0000,0.0000,0,0.00,0
21,LargeCaps5,2,0.0000,0.0000,0.0000,0,0.00,0
21,LargeCaps5,3,0.0000,0.0000,0.0000,0,0.00,0
21,LargeCaps5,4,0.0000,0.0000,0.0000,0,0.00,0
21,LargeCaps5,5,0.0000,0.0000,0.0000,0,0.00,0
21,LargeCaps5,6,0.0000,0.0000,0.0000,0,0.00,0
21,LargeCaps5,7,0.0000,0.0000,0.0000,0,0.00,0
21,LargeCaps5,8,0.0000,0.0000,0.0000,0,0.00,0
21,LowVolume5,0,0.0000,0.0000,0.0000,0,0.00,0
21,LowVolume5,1,0.0000,0.0000,0.0000,0,0.00,0
21,LowVolume5,2,0.0000,0.0000,0.0000,0,0.00,0
21,LowVolume5,3,0.0000,0.0000,0.0000,0,0.00,0
21,LowVolume5,4,0.0000,0.0000,0.0000,0,0.00,0
21,LowVolume5,5,0.0000,0.0000,0.0000,0,0.00,0
21,LowVolume5,6,0.0000,0.0000,0.0000,0,0.00,0
21,LowVolume5,7,0.0000,0.0000,0.0000,0,0.00,0
21,LowVolume5,8,0.0000,0.0000,0.0000,0,0.00,0
21,Legacy3,0,0.0000,0.0000,0.0000,0,0.00,0
21,Legacy3,1,0.0000,0.0000,0.0000,0,0.00,0
21,Legacy3,2,0.0000,0.0000,0.0000,0,0.00,0
21,Legacy3,3,0.0000,0.0000,0.0000,0,0.00,0
21,Legacy3,4,0.0000,0.0000,0.0000,0,0.00,0
21,Legacy3,5,0.0000,0.0000,0.0000,0,0.00,0
21,Legacy3,6,0.0000,0.0000,0.0000,0,0.00,0
21,Legacy3,7,0.0000,0.0000,0.0000,0,0.00,0
21,Legacy3,8,0.0000,0.0000,0.0000,0,0.00,0
21,Legacy4,0,0.0000,0.0000,0.0000,0,0.00,0
21,Legacy4,1,0.0000,0.0000,0.0000,0,0.00,0
21,Legacy4,2,0.0000,0.0000,0.0000,0,0.00,0
21,Legacy4,3,0.0000,0.0000,0.0000,0,0.00,0
21,Legacy4,4,0.0000,0.0000,0.0000,0,0.00,0
21,Legacy4,5,0.0000,0.0000,0.0000,0,0.00,0
21,Legacy4,6,0.0000,0.0000,0.0000,0,0.00,0
21,Legacy4,7,0.0000,0.0000,0.0000,0,0.00,0
21,Legacy4,8,0.0000,0.0000,0.0000,0,0.00,0
21,Legacy5,0,0.0000,0.0000,0.0000,0,0.00,0
21,Legacy5,1,0.0000,0.0000,0.0000,0,0.00,0
21,Legacy5,2,0.0000,0.0000,0.0000,0,0.00,0
21,Legacy5,3,0.0000,0.0000,0.0000,0,0.00,0
21,Legacy5,4,0.0000,0.0000,0.0000,0,0.00,0
21,Legacy5,5,0.0000,0.0000,0.0000,0,0.00,0
21,Legacy5,6,0.0000,0.0000,0.0000,0,0.00,0
21,Legacy5,7,0.0000,0.0000,0.0000,0,0.00,0
21,Legacy5,8,0.0000,0.0000,0.0000,0,0.00,0
21,Legacy4BNB,0,0.0000,0.0000,0.0000,0,0.00,0
21,Legacy4BNB,1,0.0000,0.0000,0.0000,0,0.00,0
21,Legacy4BNB,2,0.0000,0.0000,0.0000,0,0.00,0
21,Legacy4BNB,3,0.0000,0.0000,0.0000,0,0.00,0
21,Legacy4BNB,4,0.0000,0.0000,0.0000,0,0.00,0
21,Legacy4BNB,5,0.0000,0.0000,0.0000,0,0.00,0
21,Legacy4BNB,6,0.0000,0.0000,0.0000,0,0.00,0
21,Legacy4BNB,7,0.0000,0.0000,0.0000,0,0.00,0
21,Legacy4BNB,8,0.0000,0.0000,0.0000,0,0.00,0
21,Legacy5BNB,0,0.0000,0.0000,0.0000,0,0.00,0
21,Legacy5BNB,1,0.0000,0.0000,0.0000,0,0.00,0
21,Legacy5BNB,2,0.0000,0.0000,0.0000,0,0.00,0
21,Legacy5BNB,3,0.0000,0.0000,0.0000,0,0.00,0
21,Legacy5BNB,4,0.0000,0.0000,0.0000,0,0.00,0
21,Legacy5BNB,5,0.0000,0.0000,0.0000,0,0.00,0
21,Legacy5BNB,6,0.0000,0.0000,0.0000,0,0.00,0
21,Legacy5BNB,7,0.0000,0.0000,0.0000,0,0.00,0
21,Legacy5BNB,8,0.0000,0.0000,0.0000,0,0.00,0
22,Base5,0,0.0000,0.0000,0.0000,0,0.00,0
22,Base5,1,0.0000,0.0000,0.0000,0,0.00,0
22,Base5,2,0.0000,0.0000,0.0000,0,0.00,0
22,Base5,3,0.0000,0.0000,0.0000,0,0.00,0
22,Base5,4,0.0000,0.0000,0.0000,0,0.00,0
22,Base5,5,0.0000,0.0000,0.0000,0,0.00,0
22,Base5,6,0.0000,0.0000,0.0000,0,0.00,0
22,Base5,7,0.0000,0.0000,0.0000,0,0.00,0
22,Base5,8,0.0000,0.0000,0.0000,0,0.00,0
22,NoDOGE,0,0.0000,0.0000,0.0000,0,0.00,0
22,NoDOGE,1,0.0000,0.0000,0.0000,0,0.00,0
22,NoDOGE,2,0.0000,0.0000,0.0000,0,0.00,0
22,NoDOGE,3,0.0000,0.0000,0.0000,0,0.00,0
22,NoDOGE,4,0.0000,0.0000,0.0000,0,0.00,0
22,NoDOGE,5,0.0000,0.0000,0.0000,0,0.00,0
22,NoDOGE,6,0.0000,0.0000,0.0000,0,0.00,0
22,NoDOGE,7,0.0000,0.0000,0.0000,0,0.00,0
22,NoDOGE,8,0.0000,0.0000,0.0000,0,0.00,0
22,LargeCaps5,0,0.0000,0.0000,0.0000,0,0.00,0
22,LargeCaps5,1,0.0000,0.0000,0.0000,0,0.00,0
22,LargeCaps5,2,0.0000,0.0000,0.0000,0,0.00,0
22,LargeCaps5,3,0.0000,0.0000,0.0000,0,0.00,0
22,LargeCaps5,4,0.0000,0.0000,0.0000,0,0.00,0
22,LargeCaps5,5,0.0000,0.0000,0.0000,0,0.00,0
22,LargeCaps5,6,0.0000,0.0000,0.0000,0,0.00,0
22,LargeCaps5,7,0.0000,0.0000,0.0000,0,0.00,0
22,LargeCaps5,8,0.0000,0.0000,0.0000,0,0.00,0
22,LowVolume5,0,0.0000,0.0000,0.0000,0,0.00,0
22,LowVolume5,1,0.0000,0.0000,0.0000,0,0.00,0
22,LowVolume5,2,0.0000,0.0000,0.0000,0,0.00,0
22,LowVolume5,3,0.0000,0.0000,0.0000,0,0.00,0
22,LowVolume5,4,0.0000,0.0000,0.0000,0,0.00,0
22,LowVolume5,5,0.0000,0.0000,0.0000,0,0.00,0
22,LowVolume5,6,0.0000,0.0000,0.0000,0,0.00,0
22,LowVolume5,7,0.0000,0.0000,0.0000,0,0.00,0
22,LowVolume5,8,0.0000,0.0000,0.0000,0,0.00,0
22,Legacy3,0,0.0000,0.0000,0.0000,0,0.00,0
22,Legacy3,1,0.0000,0.0000,0.0000,0,0.00,0
22,Legacy3,2,0.0000,0.0000,0.0000,0,0.00,0
22,Legacy3,3,0.0000,0.0000,0.0000,0,0.00,0
22,Legacy3,4,0.0000,0.0000,0.0000,0,0.00,0
22,Legacy3,5,0.0000,0.0000,0.0000,0,0.00,0
22,Legacy3,6,0.0000,0.0000,0.0000,0,0.00,0
22,Legacy3,7,0.0000,0.0000,0.0000,0,0.00,0
22,Legacy3,8,0.0000,0.0000,0.0000,0,0.00,0
22,Legacy4,0,0.0000,0.0000,0.0000,0,0.00,0
22,Legacy4,1,0.0000,0.0000,0.0000,0,0.00,0
22,Legacy4,2,0.0000,0.0000,0.0000,0,0.00,0
22,Legacy4,3,0.0000,0.0000,0.0000,0,0.00,0
22,Legacy4,4,0.0000,0.0000,0.0000,0,0.00,0
22,Legacy4,5,0.0000,0.0000,0.0000,0,0.00,0
22,Legacy4,6,0.0000,0.0000,0.0000,0,0.00,0
22,Legacy4,7,0.0000,0.0000,0.0000,0,0.00,0
22,Legacy4,8,0.0000,0.0000,0.0000,0,0.00,0
22,Legacy5,0,0.0000,0.0000,0.0000,0,0.00,0
22,Legacy5,1,0.0000,0.0000,0.0000,0,0.00,0
22,Legacy5,2,0.0000,0.0000,0.0000,0,0.00,0
22,Legacy5,3,0.0000,0.0000,0.0000,0,0.00,0
22,Legacy5,4,0.0000,0.0000,0.0000,0,0.00,0
22,Legacy5,5,0.0000,0.0000,0.0000,0,0.00,0
22,Legacy5,6,0.0000,0.0000,0.0000,0,0.00,0
22,Legacy5,7,0.0000,0.0000,0.0000,0,0.00,0
22,Legacy5,8,0.0000,0.0000,0.0000,0,0.00,0
22,Legacy4BNB,0,0.0000,0.0000,0.0000,0,0.00,0
22,Legacy4BNB,1,0.0000,0.0000,0.0000,0,0.00,0
22,Legacy4BNB,2,0.0000,0.0000,0.0000,0,0.00,0
22,Legacy4BNB,3,0.0000,0.0000,0.0000,0,0.00,0
22,Legacy4BNB,4,0.0000,0.0000,0.0000,0,0.00,0
22,Legacy4BNB,5,0.0000,0.0000,0.0000,0,0.00,0
22,Legacy4BNB,6,0.0000,0.0000,0.0000,0,0.00,0
22,Legacy4BNB,7,0.0000,0.0000,0.0000,0,0.00,0
22,Legacy4BNB,8,0.0000,0.0000,0.0000,0,0.00,0
22,Legacy5BNB,0,0.0000,0.0000,0.0000,0,0.00,0
22,Legacy5BNB,1,0.0000,0.0000,0.0000,0,0.00,0
22,Legacy5BNB,2,0.0000,0.0000,0.0000,0,0.00,0
22,Legacy5BNB,3,0.0000,0.0000,0.0000,0,0.00,0
22,Legacy5BNB,4,0.0000,0.0000,0.0000,0,0.00,0
22,Legacy5BNB,5,0.0000,0.0000,0.0000,0,0.00,0
22,Legacy5BNB,6,0.0000,0.0000,0.0000,0,0.00,0
22,Legacy5BNB,7,0.0000,0.0000,0.0000,0,0.00,0
22,Legacy5BNB,8,0.0000,0.0000,0.0000,0,0.00,0
23,Base5,0,0.0000,0.0000,0.0000,0,0.00,0
23,Base5,1,0.0000,0.0000,0.0000,0,0.00,0
23,Base5,2,0.0000,0.0000,0.0000,0,0.00,0
23,Base5,3,0.0000,0.0000,0.0000,0,0.00,0
23,Base5,4,0.0000,0.0000,0.0000,0,0.00,0
23,Base5,5,0.0000,0.0000,0.0000,0,0.00,0
23,Base5,6,0.0000,0.0000,0.0000,0,0.00,0
23,Base5,7,0.0000,0.0000,0.0000,0,0.00,0
23,Base5,8,0.0000,0.0000,0.0000,0,0.00,0
23,NoDOGE,0,0.0000,0.0000,0.0000,0,0.00,0
23,NoDOGE,1,0.0000,0.0000,0.0000,0,0.00,0
23,NoDOGE,2,0.0000,0.0000,0.0000,0,0.00,0
23,NoDOGE,3,0.0000,0.0000,0.0000,0,0.00,0
23,NoDOGE,4,0.0000,0.0000,0.0000,0,0.00,0
23,NoDOGE,5,0.0000,0.0000,0.0000,0,0.00,0
23,NoDOGE,6,0.0000,0.0000,0.0000,0,0.00,0
23,NoDOGE,7,0.0000,0.0000,0.0000,0,0.00,0
23,NoDOGE,8,0.0000,0.0000,0.0000,0,0.00,0
23,LargeCaps5,0,0.0000,0.0000,0.0000,0,0.00,0
23,LargeCaps5,1,0.0000,0.0000,0.0000,0,0.00,0
23,LargeCaps5,2,0.0000,0.0000,0.0000,0,0.00,0
23,LargeCaps5,3,0.0000,0.0000,0.0000,0,0.00,0
23,LargeCaps5,4,0.0000,0.0000,0.0000,0,0.00,0
23,LargeCaps5,5,0.0000,0.0000,0.0000,0,0.00,0
23,LargeCaps5,6,0.0000,0.0000,0.0000,0,0.00,0
23,LargeCaps5,7,0.0000,0.0000,0.0000,0,0.00,0
23,LargeCaps5,8,0.0000,0.0000,0.0000,0,0.00,0
23,LowVolume5,0,0.0000,0.0000,0.0000,0,0.00,0
23,LowVolume5,1,0.0000,0.0000,0.0000,0,0.00,0
23,LowVolume5,2,0.0000,0.0000,0.0000,0,0.00,0
23,LowVolume5,3,0.0000,0.0000,0.0000,0,0.00,0
23,LowVolume5,4,0.0000,0.0000,0.0000,0,0.00,0
23,LowVolume5,5,0.0000,0.0000,0.0000,0,0.00,0
23,LowVolume5,6,0.0000,0.0000,0.0000,0,0.00,0
23,LowVolume5,7,0.0000,0.0000,0.0000,0,0.00,0
23,LowVolume5,8,0.0000,0.0000,0.0000,0,0.00,0
23,Legacy3,0,0.0000,0.0000,0.0000,0,0.00,0
23,Legacy3,1,0.0000,0.0000,0.0000,0,0.00,0
23,Legacy3,2,0.0000,0.0000,0.0000,0,0.00,0
23,Legacy3,3,0.0000,0.0000,0.0000,0,0.00,0
23,Legacy3,4,0.0000,0.0000,0.0000,0,0.00,0
23,Legacy3,5,0.0000,0.0000,0.0000,0,0.00,0
23,Legacy3,6,0.0000,0.0000,0.0000,0,0.00,0
23,Legacy3,7,0.0000,0.0000,0.0000,0,0.00,0
23,Legacy3,8,0.0000,0.0000,0.0000,0,0.00,0
23,Legacy4,0,0.0000,0.0000,0.0000,0,0.00,0
23,Legacy4,1,0.0000,0.0000,0.0000,0,0.00,0
23,Legacy4,2,0.0000,0.0000,0.0000,0,0.00,0
23,Legacy4,3,0.0000,0.0000,0.0000,0,0.00,0
23,Legacy4,4,0.0000,0.0000,0.0000,0,0.00,0
23,Legacy4,5,0.0000,0.0000,0.0000,0,0.00,0
23,Legacy4,6,0.0000,0.0000,0.0000,0,0.00,0
23,Legacy4,7,0.0000,0.0000,0.0000,0,0.00,0
23,Legacy4,8,0.0000,0.0000,0.0000,0,0.00,0
23,Legacy5,0,0.0000,0.0000,0.0000,0,0.00,0
23,Legacy5,1,0.0000,0.0000,0.0000,0,0.00,0
23,Legacy5,2,0.0000,0.0000,0.0000,0,0.00,0
23,Legacy5,3,0.0000,0.0000,0.0000,0,0.00,0
23,Legacy5,4,0.0000,0.0000,0.0000,0,0.00,0
23,Legacy5,5,0.0000,0.0000,0.0000,0,0.00,0
23,Legacy5,6,0.0000,0.0000,0.0000,0,0.00,0
23,Legacy5,7,0.0000,0.0000,0.0000,0,0.00,0
23,Legacy5,8,0.0000,0.0000,0.0000,0,0.00,0
23,Legacy4BNB,0,0.0000,0.0000,0.0000,0,0.00,0
23,Legacy4BNB,1,0.0000,0.0000,0.0000,0,0.00,0
23,Legacy4BNB,2,0.0000,0.0000,0.0000,0,0.00,0
23,Legacy4BNB,3,0.0000,0.0000,0.0000,0,0.00,0
23,Legacy4BNB,4,0.0000,0.0000,0.0000,0,0.00,0
23,Legacy4BNB,5,0.0000,0.0000,0.0000,0,0.00,0
23,Legacy4BNB,6,0.0000,0.0000,0.0000,0,0.00,0
23,Legacy4BNB,7,0.0000,0.0000,0.0000,0,0.00,0
23,Legacy4BNB,8,0.0000,0.0000,0.0000,0,0.00,0
23,Legacy5BNB,0,0.0000,0.0000,0.0000,0,0.00,0
23,Legacy5BNB,1,0.0000,0.0000,0.0000,0,0.00,0
23,Legacy5BNB,2,0.0000,0.0000,0.0000,0,0.00,0
23,Legacy5BNB,3,0.0000,0.0000,0.0000,0,0.00,0
23,Legacy5BNB,4,0.0000,0.0000,0.0000,0,0.00,0
23,Legacy5BNB,5,0.0000,0.0000,0.0000,0,0.00,0
23,Legacy5BNB,6,0.0000,0.0000,0.0000,0,0.00,0
23,Legacy5BNB,7,0.0000,0.0000,0.0000,0,0.00,0
23,Legacy5BNB,8,0.0000,0.0000,0.0000,0,0.00,0
24,Base5,0,0.0000,0.0000,0.0000,0,0.00,0
24,Base5,1,0.0000,0.0000,0.0000,0,0.00,0
24,Base5,2,0.0000,0.0000,0.0000,0,0.00,0
24,Base5,3,0.0000,0.0000,0.0000,0,0.00,0
24,Base5,4,0.0000,0.0000,0.0000,0,0.00,0
24,Base5,5,0.0000,0.0000,0.0000,0,0.00,0
24,Base5,6,0.0000,0.0000,0.0000,0,0.00,0
24,Base5,7,0.0000,0.0000,0.0000,0,0.00,0
24,Base5,8,0.0000,0.0000,0.0000,0,0.00,0
24,NoDOGE,0,0.0000,0.0000,0.0000,0,0.00,0
24,NoDOGE,1,0.0000,0.0000,0.0000,0,0.00,0
24,NoDOGE,2,0.0000,0.0000,0.0000,0,0.00,0
24,NoDOGE,3,0.0000,0.0000,0.0000,0,0.00,0
24,NoDOGE,4,0.0000,0.0000,0.0000,0,0.00,0
24,NoDOGE,5,0.0000,0.0000,0.0000,0,0.00,0
24,NoDOGE,6,0.0000,0.0000,0.0000,0,0.00,0
24,NoDOGE,7,0.0000,0.0000,0.0000,0,0.00,0
24,NoDOGE,8,0.0000,0.0000,0.0000,0,0.00,0
24,LargeCaps5,0,0.0000,0.0000,0.0000,0,0.00,0
24,LargeCaps5,1,0.0000,0.0000,0.0000,0,0.00,0
24,LargeCaps5,2,0.0000,0.0000,0.0000,0,0.00,0
24,LargeCaps5,3,0.0000,0.0000,0.0000,0,0.00,0
24,LargeCaps5,4,0.0000,0.0000,0.0000,0,0.00,0
24,LargeCaps5,5,0.0000,0.0000,0.0000,0,0.00,0
24,LargeCaps5,6,0.0000,0.0000,0.0000,0,0.00,0
24,LargeCaps5,7,0.0000,0.0000,0.0000,0,0.00,0
24,LargeCaps5,8,0.0000,0.0000,0.0000,0,0.00,0
24,LowVolume5,0,0.0000,0.0000,0.0000,0,0.00,0
24,LowVolume5,1,0.0000,0.0000,0.0000,0,0.00,0
24,LowVolume5,2,0.0000,0.0000,0.0000,0,0.00,0
24,LowVolume5,3,0.0000,0.0000,0.0000,0,0.00,0
24,LowVolume5,4,0.0000,0.0000,0.0000,0,0.00,0
24,LowVolume5,5,0.0000,0.0000,0.0000,0,0.00,0
24,LowVolume5,6,0.0000,0.0000,0.0000,0,0.00,0
24,LowVolume5,7,0.0000,0.0000,0.0000,0,0.00,0
24,LowVolume5,8,0.0000,0.0000,0.0000,0,0.00,0
24,Legacy3,0,0.0000,0.0000,0.0000,0,0.00,0
24,Legacy3,1,0.0000,0.0000,0.0000,0,0.00,0
24,Legacy3,2,0.0000,0.0000,0.0000,0,0.00,0
24,Legacy3,3,0.0000,0.0000,0.0000,0,0.00,0
24,Legacy3,4,0.0000,0.0000,0.0000,0,0.00,0
24,Legacy3,5,0.0000,0.0000,0.0000,0,0.00,0
24,Legacy3,6,0.0000,0.0000,0.0000,0,0.00,0
24,Legacy3,7,0.0000,0.0000,0.0000,0,0.00,0
24,Legacy3,8,0.0000,0.0000,0.0000,0,0.00,0
24,Legacy4,0,0.0000,0.0000,0.0000,0,0.00,0
24,Legacy4,1,0.0000,0.0000,0.0000,0,0.00,0
24,Legacy4,2,0.0000,0.0000,0.0000,0,0.00,0
24,Legacy4,3,0.0000,0.0000,0.0000,0,0.00,0
24,Legacy4,4,0.0000,0.0000,0.0000,0,0.00,0
24,Legacy4,5,0.0000,0.0000,0.0000,0,0.00,0
24,Legacy4,6,0.0000,0.0000,0.0000,0,0.00,0
24,Legacy4,7,0.0000,0.0000,0.0000,0,0.00,0
24,Legacy4,8,0.0000,0.0000,0.0000,0,0.00,0
24,Legacy5,0,0.0000,0.0000,0.0000,0,0.00,0
24,Legacy5,1,0.0000,0.0000,0.0000,0,0.00,0
24,Legacy5,2,0.0000,0.0000,0.0000,0,0.00,0
24,Legacy5,3,0.0000,0.0000,0.0000,0,0.00,0
24,Legacy5,4,0.0000,0.0000,0.0000,0,0.00,0
24,Legacy5,5,0.0000,0.0000,0.0000,0,0.00,0
24,Legacy5,6,0.0000,0.0000,0.0000,0,0.00,0
24,Legacy5,7,0.0000,0.0000,0.0000,0,0.00,0
24,Legacy5,8,0.0000,0.0000,0.0000,0,0.00,0
24,Legacy4BNB,0,0.0000,0.0000,0.0000,0,0.00,0
24,Legacy4BNB,1,0.0000,0.0000,0.0000,0,0.00,0
24,Legacy4BNB,2,0.0000,0.0000,0.0000,0,0.00,0
24,Legacy4BNB,3,0.0000,0.0000,0.0000,0,0.00,0
24,Legacy4BNB,4,0.0000,0.0000,0.0000,0,0.00,0
24,Legacy4BNB,5,0.0000,0.0000,0.0000,0,0.00,0
24,Legacy4BNB,6,0.0000,0.0000,0.0000,0,0.00,0
24,Legacy4BNB,7,0.0000,0.0000,0.0000,0,0.00,0
24,Legacy4BNB,8,0.0000,0.0000,0.0000,0,0.00,0
24,Legacy5BNB,0,0.0000,0.0000,0.0000,0,0.00,0
24,Legacy5BNB,1,0.0000,0.0000,0.0000,0,0.00,0
24,Legacy5BNB,2,0.0000,0.0000,0.0000,0,0.00,0
24,Legacy5BNB,3,0.0000,0.0000,0.0000,0,0.00,0
24,Legacy5BNB,4,0.0000,0.0000,0.0000,0,0.00,0
24,Legacy5BNB,5,0.0000,0.0000,0.0000,0,0.00,0
24,Legacy5BNB,6,0.0000,0.0000,0.0000,0,0.00,0
24,Legacy5BNB,7,0.0000,0.0000,0.0000,0,0.00,0
24,Legacy5BNB,8,0.0000,0.0000,0.0000,0,0.00,0
25,Base5,0,0.0000,0.0000,0.0000,0,0.00,0
25,Base5,1,0.0000,0.0000,0.0000,0,0.00,0
25,Base5,2,0.0000,0.0000,0.0000,0,0.00,0
25,Base5,3,0.0000,0.0000,0.0000,0,0.00,0
25,Base5,4,0.0000,0.0000,0.0000,0,0.00,0
25,Base5,5,0.0000,0.0000,0.0000,0,0.00,0
25,Base5,6,0.0000,0.0000,0.0000,0,0.00,0
25,Base5,7,0.0000,0.0000,0.0000,0,0.00,0
25,Base5,8,0.0000,0.0000,0.0000,0,0.00,0
25,NoDOGE,0,0.0000,0.0000,0.0000,0,0.00,0
25,NoDOGE,1,0.0000,0.0000,0.0000,0,0.00,0
25,NoDOGE,2,0.0000,0.0000,0.0000,0,0.00,0
25,NoDOGE,3,0.0000,0.0000,0.0000,0,0.00,0
25,NoDOGE,4,0.0000,0.0000,0.0000,0,0.00,0
25,NoDOGE,5,0.0000,0.0000,0.0000,0,0.00,0
25,NoDOGE,6,0.0000,0.0000,0.0000,0,0.00,0
25,NoDOGE,7,0.0000,0.0000,0.0000,0,0.00,0
25,NoDOGE,8,0.0000,0.0000,0.0000,0,0.00,0
25,LargeCaps5,0,0.0000,0.0000,0.0000,0,0.00,0
25,LargeCaps5,1,0.0000,0.0000,0.0000,0,0.00,0
25,LargeCaps5,2,0.0000,0.0000,0.0000,0,0.00,0
25,LargeCaps5,3,0.0000,0.0000,0.0000,0,0.00,0
25,LargeCaps5,4,0.0000,0.0000,0.0000,0,0.00,0
25,LargeCaps5,5,0.0000,0.0000,0.0000,0,0.00,0
25,LargeCaps5,6,0.0000,0.0000,0.0000,0,0.00,0
25,LargeCaps5,7,0.0000,0.0000,0.0000,0,0.00,0
25,LargeCaps5,8,0.0000,0.0000,0.0000,0,0.00,0
25,LowVolume5,0,0.0000,0.0000,0.0000,0,0.00,0
25,LowVolume5,1,0.0000,0.0000,0.0000,0,0.00,0
25,LowVolume5,2,0.0000,0.0000,0.0000,0,0.00,0
25,LowVolume5,3,0.0000,0.0000,0.0000,0,0.00,0
25,LowVolume5,4,0.0000,0.0000,0.0000,0,0.00,0
25,LowVolume5,5,0.0000,0.0000,0.0000,0,0.00,0
25,LowVolume5,6,0.0000,0.0000,0.0000,0,0.00,0
25,LowVolume5,7,0.0000,0.0000,0.0000,0,0.00,0
25,LowVolume5,8,0.0000,0.0000,0.0000,0,0.00,0
25,Legacy3,0,0.0000,0.0000,0.0000,0,0.00,0
25,Legacy3,1,0.0000,0.0000,0.0000,0,0.00,0
25,Legacy3,2,0.0000,0.0000,0.0000,0,0.00,0
25,Legacy3,3,0.0000,0.0000,0.0000,0,0.00,0
25,Legacy3,4,0.0000,0.0000,0.0000,0,0.00,0
25,Legacy3,5,0.0000,0.0000,0.0000,0,0.00,0
25,Legacy3,6,0.0000,0.0000,0.0000,0,0.00,0
25,Legacy3,7,0.0000,0.0000,0.0000,0,0.00,0
25,Legacy3,8,0.0000,0.0000,0.0000,0,0.00,0
25,Legacy4,0,0.0000,0.0000,0.0000,0,0.00,0
25,Legacy4,1,0.0000,0.0000,0.0000,0,0.00,0
25,Legacy4,2,0.0000,0.0000,0.0000,0,0.00,0
25,Legacy4,3,0.0000,0.0000,0.0000,0,0.00,0
25,Legacy4,4,0.0000,0.0000,0.0000,0,0.00,0
25,Legacy4,5,0.0000,0.0000,0.0000,0,0.00,0
25,Legacy4,6,0.0000,0.0000,0.0000,0,0.00,0
25,Legacy4,7,0.0000,0.0000,0.0000,0,0.00,0
25,Legacy4,8,0.0000,0.0000,0.0000,0,0.00,0
25,Legacy5,0,0.0000,0.0000,0.0000,0,0.00,0
25,Legacy5,1,0.0000,0.0000,0.0000,0,0.00,0
25,Legacy5,2,0.0000,0.0000,0.0000,0,0.00,0
25,Legacy5,3,0.0000,0.0000,0.0000,0,0.00,0
25,Legacy5,4,0.0000,0.0000,0.0000,0,0.00,0
25,Legacy5,5,0.0000,0.0000,0.0000,0,0.00,0
25,Legacy5,6,0.0000,0.0000,0.0000,0,0.00,0
25,Legacy5,7,0.0000,0.0000,0.0000,0,0.00,0
25,Legacy5,8,0.0000,0.0000,0.0000,0,0.00,0
25,Legacy4BNB,0,0.0000,0.0000,0.0000,0,0.00,0
25,Legacy4BNB,1,0.0000,0.0000,0.0000,0,0.00,0
25,Legacy4BNB,2,0.0000,0.0000,0.0000,0,0.00,0
25,Legacy4BNB,3,0.0000,0.0000,0.0000,0,0.00,0
25,Legacy4BNB,4,0.0000,0.0000,0.0000,0,0.00,0
25,Legacy4BNB,5,0.0000,0.0000,0.0000,0,0.00,0
25,Legacy4BNB,6,0.0000,0.0000,0.0000,0,0.00,0
25,Legacy4BNB,7,0.0000,0.0000,0.0000,0,0.00,0
25,Legacy4BNB,8,0.0000,0.0000,0.0000,0,0.00,0
25,Legacy5BNB,0,0.0000,0.0000,0.0000,0,0.00,0
25,Legacy5BNB,1,0.0000,0.0000,0.0000,0,0.00,0
25,Legacy5BNB,2,0.0000,0.0000,0.0000,0,0.00,0
25,Legacy5BNB,3,0.0000,0.0000,0.0000,0,0.00,0
25,Legacy5BNB,4,0.0000,0.0000,0.0000,0,0.00,0
25,Legacy5BNB,5,0.0000,0.0000,0.0000,0,0.00,0
25,Legacy5BNB,6,0.0000,0.0000,0.0000,0,0.00,0
25,Legacy5BNB,7,0.0000,0.0000,0.0000,0,0.00,0
25,Legacy5BNB,8,0.0000,0.0000,0.0000,0,0.00,0
26,Base5,0,0.0000,0.0000,0.0000,0,0.00,0
26,Base5,1,0.0000,0.0000,0.0000,0,0.00,0
26,Base5,2,0.0000,0.0000,0.0000,0,0.00,0
26,Base5,3,0.0000,0.0000,0.0000,0,0.00,0
26,Base5,4,0.0000,0.0000,0.0000,0,0.00,0
26,Base5,5,0.0000,0.0000,0.0000,0,0.00,0
26,Base5,6,0.0000,0.0000,0.0000,0,0.00,0
26,Base5,7,0.0000,0.0000,0.0000,0,0.00,0
26,Base5,8,0.0000,0.0000,0.0000,0,0.00,0
26,NoDOGE,0,0.0000,0.0000,0.0000,0,0.00,0
26,NoDOGE,1,0.0000,0.0000,0.0000,0,0.00,0
26,NoDOGE,2,0.0000,0.0000,0.0000,0,0.00,0
26,NoDOGE,3,0.0000,0.0000,0.0000,0,0.00,0
26,NoDOGE,4,0.0000,0.0000,0.0000,0,0.00,0
26,NoDOGE,5,0.0000,0.0000,0.0000,0,0.00,0
26,NoDOGE,6,0.0000,0.0000,0.0000,0,0.00,0
26,NoDOGE,7,0.0000,0.0000,0.0000,0,0.00,0
26,NoDOGE,8,0.0000,0.0000,0.0000,0,0.00,0
26,LargeCaps5,0,0.0000,0.0000,0.0000,0,0.00,0
26,LargeCaps5,1,0.0000,0.0000,0.0000,0,0.00,0
26,LargeCaps5,2,0.0000,0.0000,0.0000,0,0.00,0
26,LargeCaps5,3,0.0000,0.0000,0.0000,0,0.00,0
26,LargeCaps5,4,0.0000,0.0000,0.0000,0,0.00,0
26,LargeCaps5,5,0.0000,0.0000,0.0000,0,0.00,0
26,LargeCaps5,6,0.0000,0.0000,0.0000,0,0.00,0
26,LargeCaps5,7,0.0000,0.0000,0.0000,0,0.00,0
26,LargeCaps5,8,0.0000,0.0000,0.0000,0,0.00,0
26,LowVolume5,0,0.0000,0.0000,0.0000,0,0.00,0
26,LowVolume5,1,0.0000,0.0000,0.0000,0,0.00,0
26,LowVolume5,2,0.0000,0.0000,0.0000,0,0.00,0
26,LowVolume5,3,0.0000,0.0000,0.0000,0,0.00,0
26,LowVolume5,4,0.0000,0.0000,0.0000,0,0.00,0
26,LowVolume5,5,0.0000,0.0000,0.0000,0,0.00,0
26,LowVolume5,6,0.0000,0.0000,0.0000,0,0.00,0
26,LowVolume5,7,0.0000,0.0000,0.0000,0,0.00,0
26,LowVolume5,8,0.0000,0.0000,0.0000,0,0.00,0
26,Legacy3,0,0.0000,0.0000,0.0000,0,0.00,0
26,Legacy3,1,0.0000,0.0000,0.0000,0,0.00,0
26,Legacy3,2,0.0000,0.0000,0.0000,0,0.00,0
26,Legacy3,3,0.0000,0.0000,0.0000,0,0.00,0
26,Legacy3,4,0.0000,0.0000,0.0000,0,0.00,0
26,Legacy3,5,0.0000,0.0000,0.0000,0,0.00,0
26,Legacy3,6,0.0000,0.0000,0.0000,0,0.00,0
26,Legacy3,7,0.0000,0.0000,0.0000,0,0.00,0
26,Legacy3,8,0.0000,0.0000,0.0000,0,0.00,0
26,Legacy4,0,0.0000,0.0000,0.0000,0,0.00,0
26,Legacy4,1,0.0000,0.0000,0.0000,0,0.00,0
26,Legacy4,2,0.0000,0.0000,0.0000,0,0.00,0
26,Legacy4,3,0.0000,0.0000,0.0000,0,0.00,0
26,Legacy4,4,0.0000,0.0000,0.0000,0,0.00,0
26,Legacy4,5,0.0000,0.0000,0.0000,0,0.00,0
26,Legacy4,6,0.0000,0.0000,0.0000,0,0.00,0
26,Legacy4,7,0.0000,0.0000,0.0000,0,0.00,0
26,Legacy4,8,0.0000,0.0000,0.0000,0,0.00,0
26,Legacy5,0,0.0000,0.0000,0.0000,0,0.00,0
26,Legacy5,1,0.0000,0.0000,0.0000,0,0.00,0
26,Legacy5,2,0.0000,0.0000,0.0000,0,0.00,0
26,Legacy5,3,0.0000,0.0000,0.0000,0,0.00,0
26,Legacy5,4,0.0000,0.0000,0.0000,0,0.00,0
26,Legacy5,5,0.0000,0.0000,0.0000,0,0.00,0
26,Legacy5,6,0.0000,0.0000,0.0000,0,0.00,0
26,Legacy5,7,0.0000,0.0000,0.0000,0,0.00,0
26,Legacy5,8,0.0000,0.0000,0.0000,0,0.00,0
26,Legacy4BNB,0,0.0000,0.0000,0.0000,0,0.00,0
26,Legacy4BNB,1,0.0000,0.0000,0.0000,0,0.00,0
26,Legacy4BNB,2,0.0000,0.0000,0.0000,0,0.00,0
26,Legacy4BNB,3,0.0000,0.0000,0.0000,0,0.00,0
26,Legacy4BNB,4,0.0000,0.0000,0.0000,0,0.00,0
26,Legacy4BNB,5,0.0000,0.0000,0.0000,0,0.00,0
26,Legacy4BNB,6,0.0000,0.0000,0.0000,0,0.00,0
26,Legacy4BNB,7,0.0000,0.0000,0.0000,0,0.00,0
26,Legacy4BNB,8,0.0000,0.0000,0.0000,0,0.00,0
26,Legacy5BNB,0,0.0000,0.0000,0.0000,0,0.00,0
26,Legacy5BNB,1,0.0000,0.0000,0.0000,0,0.00,0
26,Legacy5BNB,2,0.0000,0.0000,0.0000,0,0.00,0
26,Legacy5BNB,3,0.0000,0.0000,0.0000,0,0.00,0
26,Legacy5BNB,4,0.0000,0.0000,0.0000,0,0.00,0
26,Legacy5BNB,5,0.0000,0.0000,0.0000,0,0.00,0
26,Legacy5BNB,6,0.0000,0.0000,0.0000,0,0.00,0
26,Legacy5BNB,7,0.0000,0.0000,0.0000,0,0.00,0
26,Legacy5BNB,8,0.0000,0.0000,0.0000,0,0.00,0
27,Base5,0,0.0000,0.0000,0.0000,0,0.00,0
27,Base5,1,0.0000,0.0000,0.0000,0,0.00,0
27,Base5,2,0.0000,0.0000,0.0000,0,0.00,0
27,Base5,3,0.0000,0.0000,0.0000,0,0.00,0
27,Base5,4,0.0000,0.0000,0.0000,0,0.00,0
27,Base5,5,0.0000,0.0000,0.0000,0,0.00,0
27,Base5,6,0.0000,0.0000,0.0000,0,0.00,0
27,Base5,7,0.0000,0.0000,0.0000,0,0.00,0
27,Base5,8,0.0000,0.0000,0.0000,0,0.00,0
27,NoDOGE,0,0.0000,0.0000,0.0000,0,0.00,0
27,NoDOGE,1,0.0000,0.0000,0.0000,0,0.00,0
27,NoDOGE,2,0.0000,0.0000,0.0000,0,0.00,0
27,NoDOGE,3,0.0000,0.0000,0.0000,0,0.00,0
27,NoDOGE,4,0.0000,0.0000,0.0000,0,0.00,0
27,NoDOGE,5,0.0000,0.0000,0.0000,0,0.00,0
27,NoDOGE,6,0.0000,0.0000,0.0000,0,0.00,0
27,NoDOGE,7,0.0000,0.0000,0.0000,0,0.00,0
27,NoDOGE,8,0.0000,0.0000,0.0000,0,0.00,0
27,LargeCaps5,0,0.0000,0.0000,0.0000,0,0.00,0
27,LargeCaps5,1,0.0000,0.0000,0.0000,0,0.00,0
27,LargeCaps5,2,0.0000,0.0000,0.0000,0,0.00,0
27,LargeCaps5,3,0.0000,0.0000,0.0000,0,0.00,0
27,LargeCaps5,4,0.0000,0.0000,0.0000,0,0.00,0
27,LargeCaps5,5,0.0000,0.0000,0.0000,0,0.00,0
27,LargeCaps5,6,0.0000,0.0000,0.0000,0,0.00,0
27,LargeCaps5,7,0.0000,0.0000,0.0000,0,0.00,0
27,LargeCaps5,8,0.0000,0.0000,0.0000,0,0.00,0
27,LowVolume5,0,0.0000,0.0000,0.0000,0,0.00,0
27,LowVolume5,1,0.0000,0.0000,0.0000,0,0.00,0
27,LowVolume5,2,0.0000,0.0000,0.0000,0,0.00,0
27,LowVolume5,3,0.0000,0.0000,0.0000,0,0.00,0
27,LowVolume5,4,0.0000,0.0000,0.0000,0,0.00,0
27,LowVolume5,5,0.0000,0.0000,0.0000,0,0.00,0
27,LowVolume5,6,0.0000,0.0000,0.0000,0,0.00,0
27,LowVolume5,7,0.0000,0.0000,0.0000,0,0.00,0
27,LowVolume5,8,0.0000,0.0000,0.0000,0,0.00,0
27,Legacy3,0,0.0000,0.0000,0.0000,0,0.00,0
27,Legacy3,1,0.0000,0.0000,0.0000,0,0.00,0
27,Legacy3,2,0.0000,0.0000,0.0000,0,0.00,0
27,Legacy3,3,0.0000,0.0000,0.0000,0,0.00,0
27,Legacy3,4,0.0000,0.0000,0.0000,0,0.00,0
27,Legacy3,5,0.0000,0.0000,0.0000,0,0.00,0
27,Legacy3,6,0.0000,0.0000,0.0000,0,0.00,0
27,Legacy3,7,0.0000,0.0000,0.0000,0,0.00,0
27,Legacy3,8,0.0000,0.0000,0.0000,0,0.00,0
27,Legacy4,0,0.0000,0.0000,0.0000,0,0.00,0
27,Legacy4,1,0.0000,0.0000,0.0000,0,0.00,0
27,Legacy4,2,0.0000,0.0000,0.0000,0,0.00,0
27,Legacy4,3,0.0000,0.0000,0.0000,0,0.00,0
27,Legacy4,4,0.0000,0.0000,0.0000,0,0.00,0
27,Legacy4,5,0.0000,0.0000,0.0000,0,0.00,0
27,Legacy4,6,0.0000,0.0000,0.0000,0,0.00,0
27,Legacy4,7,0.0000,0.0000,0.0000,0,0.00,0
27,Legacy4,8,0.0000,0.0000,0.0000,0,0.00,0
27,Legacy5,0,0.0000,0.0000,0.0000,0,0.00,0
27,Legacy5,1,0.0000,0.0000,0.0000,0,0.00,0
27,Legacy5,2,0.0000,0.0000,0.0000,0,0.00,0
27,Legacy5,3,0.0000,0.0000,0.0000,0,0.00,0
27,Legacy5,4,0.0000,0.0000,0.0000,0,0.00,0
27,Legacy5,5,0.0000,0.0000,0.0000,0,0.00,0
27,Legacy5,6,0.0000,0.0000,0.0000,0,0.00,0
27,Legacy5,7,0.0000,0.0000,0.0000,0,0.00,0
27,Legacy5,8,0.0000,0.0000,0.0000,0,0.00,0
27,Legacy4BNB,0,0.0000,0.0000,0.0000,0,0.00,0
27,Legacy4BNB,1,0.0000,0.0000,0.0000,0,0.00,0
27,Legacy4BNB,2,0.0000,0.0000,0.0000,0,0.00,0
27,Legacy4BNB,3,0.0000,0.0000,0.0000,0,0.00,0
27,Legacy4BNB,4,0.0000,0.0000,0.0000,0,0.00,0
27,Legacy4BNB,5,0.0000,0.0000,0.0000,0,0.00,0
27,Legacy4BNB,6,0.0000,0.0000,0.0000,0,0.00,0
27,Legacy4BNB,7,0.0000,0.0000,0.0000,0,0.00,0
27,Legacy4BNB,8,0.0000,0.0000,0.0000,0,0.00,0
27,Legacy5BNB,0,0.0000,0.0000,0.0000,0,0.00,0
27,Legacy5BNB,1,0.0000,0.0000,0.0000,0,0.00,0
27,Legacy5BNB,2,0.0000,0.0000,0.0000,0,0.00,0
27,Legacy5BNB,3,0.0000,0.0000,0.0000,0,0.00,0
27,Legacy5BNB,4,0.0000,0.0000,0.0000,0,0.00,0
27,Legacy5BNB,5,0.0000,0.0000,0.0000,0,0.00,0
27,Legacy5BNB,6,0.0000,0.0000,0.0000,0,0.00,0
27,Legacy5BNB,7,0.0000,0.0000,0.0000,0,0.00,0
27,Legacy5BNB,8,0.0000,0.0000,0.0000,0,0.00,0
28,Base5,0,0.0000,0.0000,0.0000,0,0.00,0
28,Base5,1,0.0000,0.0000,0.0000,0,0.00,0
28,Base5,2,0.0000,0.0000,0.0000,0,0.00,0
28,Base5,3,0.0000,0.0000,0.0000,0,0.00,0
28,Base5,4,0.0000,0.0000,0.0000,0,0.00,0
28,Base5,5,0.0000,0.0000,0.0000,0,0.00,0
28,Base5,6,0.0000,0.0000,0.0000,0,0.00,0
28,Base5,7,0.0000,0.0000,0.0000,0,0.00,0
28,Base5,8,0.0000,0.0000,0.0000,0,0.00,0
28,NoDOGE,0,0.0000,0.0000,0.0000,0,0.00,0
28,NoDOGE,1,0.0000,0.0000,0.0000,0,0.00,0
28,NoDOGE,2,0.0000,0.0000,0.0000,0,0.00,0
28,NoDOGE,3,0.0000,0.0000,0.0000,0,0.00,0
28,NoDOGE,4,0.0000,0.0000,0.0000,0,0.00,0
28,NoDOGE,5,0.0000,0.0000,0.0000,0,0.00,0
28,NoDOGE,6,0.0000,0.0000,0.0000,0,0.00,0
28,NoDOGE,7,0.0000,0.0000,0.0000,0,0.00,0
28,NoDOGE,8,0.0000,0.0000,0.0000,0,0.00,0
28,LargeCaps5,0,0.0000,0.0000,0.0000,0,0.00,0
28,LargeCaps5,1,0.0000,0.0000,0.0000,0,0.00,0
28,LargeCaps5,2,0.0000,0.0000,0.0000,0,0.00,0
28,LargeCaps5,3,0.0000,0.0000,0.0000,0,0.00,0
28,LargeCaps5,4,0.0000,0.0000,0.0000,0,0.00,0
28,LargeCaps5,5,0.0000,0.0000,0.0000,0,0.00,0
28,LargeCaps5,6,0.0000,0.0000,0.0000,0,0.00,0
28,LargeCaps5,7,0.0000,0.0000,0.0000,0,0.00,0
28,LargeCaps5,8,0.0000,0.0000,0.0000,0,0.00,0
28,LowVolume5,0,0.0000,0.0000,0.0000,0,0.00,0
28,LowVolume5,1,0.0000,0.0000,0.0000,0,0.00,0
28,LowVolume5,2,0.0000,0.0000,0.0000,0,0.00,0
28,LowVolume5,3,0.0000,0.0000,0.0000,0,0.00,0
28,LowVolume5,4,0.0000,0.0000,0.0000,0,0.00,0
28,LowVolume5,5,0.0000,0.0000,0.0000,0,0.00,0
28,LowVolume5,6,0.0000,0.0000,0.0000,0,0.00,0
28,LowVolume5,7,0.0000,0.0000,0.0000,0,0.00,0
28,LowVolume5,8,0.0000,0.0000,0.0000,0,0.00,0
28,Legacy3,0,0.0000,0.0000,0.0000,0,0.00,0
28,Legacy3,1,0.0000,0.0000,0.0000,0,0.00,0
28,Legacy3,2,0.0000,0.0000,0.0000,0,0.00,0
28,Legacy3,3,0.0000,0.0000,0.0000,0,0.00,0
28,Legacy3,4,0.0000,0.0000,0.0000,0,0.00,0
28,Legacy3,5,0.0000,0.0000,0.0000,0,0.00,0
28,Legacy3,6,0.0000,0.0000,0.0000,0,0.00,0
28,Legacy3,7,0.0000,0.0000,0.0000,0,0.00,0
28,Legacy3,8,0.0000,0.0000,0.0000,0,0.00,0
28,Legacy4,0,0.0000,0.0000,0.0000,0,0.00,0
28,Legacy4,1,0.0000,0.0000,0.0000,0,0.00,0
28,Legacy4,2,0.0000,0.0000,0.0000,0,0.00,0
28,Legacy4,3,0.0000,0.0000,0.0000,0,0.00,0
28,Legacy4,4,0.0000,0.0000,0.0000,0,0.00,0
28,Legacy4,5,0.0000,0.0000,0.0000,0,0.00,0
28,Legacy4,6,0.0000,0.0000,0.0000,0,0.00,0
28,Legacy4,7,0.0000,0.0000,0.0000,0,0.00,0
28,Legacy4,8,0.0000,0.0000,0.0000,0,0.00,0
28,Legacy5,0,0.0000,0.0000,0.0000,0,0.00,0
28,Legacy5,1,0.0000,0.0000,0.0000,0,0.00,0
28,Legacy5,2,0.0000,0.0000,0.0000,0,0.00,0
28,Legacy5,3,0.0000,0.0000,0.0000,0,0.00,0
28,Legacy5,4,0.0000,0.0000,0.0000,0,0.00,0
28,Legacy5,5,0.0000,0.0000,0.0000,0,0.00,0
28,Legacy5,6,0.0000,0.0000,0.0000,0,0.00,0
28,Legacy5,7,0.0000,0.0000,0.0000,0,0.00,0
28,Legacy5,8,0.0000,0.0000,0.0000,0,0.00,0
28,Legacy4BNB,0,0.0000,0.0000,0.0000,0,0.00,0
28,Legacy4BNB,1,0.0000,0.0000,0.0000,0,0.00,0
28,Legacy4BNB,2,0.0000,0.0000,0.0000,0,0.00,0
28,Legacy4BNB,3,0.0000,0.0000,0.0000,0,0.00,0
28,Legacy4BNB,4,0.0000,0.0000,0.0000,0,0.00,0
28,Legacy4BNB,5,0.0000,0.0000,0.0000,0,0.00,0
28,Legacy4BNB,6,0.0000,0.0000,0.0000,0,0.00,0
28,Legacy4BNB,7,0.0000,0.0000,0.0000,0,0.00,0
28,Legacy4BNB,8,0.0000,0.0000,0.0000,0,0.00,0
28,Legacy5BNB,0,0.0000,0.0000,0.0000,0,0.00,0
28,Legacy5BNB,1,0.0000,0.0000,0.0000,0,0.00,0
28,Legacy5BNB,2,0.0000,0.0000,0.0000,0,0.00,0
28,Legacy5BNB,3,0.0000,0.0000,0.0000,0,0.00,0
28,Legacy5BNB,4,0.0000,0.0000,0.0000,0,0.00,0
28,Legacy5BNB,5,0.0000,0.0000,0.0000,0,0.00,0
28,Legacy5BNB,6,0.0000,0.0000,0.0000,0,0.00,0
28,Legacy5BNB,7,0.0000,0.0000,0.0000,0,0.00,0
28,Legacy5BNB,8,0.0000,0.0000,0.0000,0,0.00,0
29,Base5,0,0.0000,0.0000,0.0000,0,0.00,0
29,Base5,1,0.0000,0.0000,0.0000,0,0.00,0
29,Base5,2,0.0000,0.0000,0.0000,0,0.00,0
29,Base5,3,0.0000,0.0000,0.0000,0,0.00,0
29,Base5,4,0.0000,0.0000,0.0000,0,0.00,0
29,Base5,5,0.0000,0.0000,0.0000,0,0.00,0
29,Base5,6,0.0000,0.0000,0.0000,0,0.00,0
29,Base5,7,0.0000,0.0000,0.0000,0,0.00,0
29,Base5,8,0.0000,0.0000,0.0000,0,0.00,0
29,NoDOGE,0,0.0000,0.0000,0.0000,0,0.00,0
29,NoDOGE,1,0.0000,0.0000,0.0000,0,0.00,0
29,NoDOGE,2,0.0000,0.0000,0.0000,0,0.00,0
29,NoDOGE,3,0.0000,0.0000,0.0000,0,0.00,0
29,NoDOGE,4,0.0000,0.0000,0.0000,0,0.00,0
29,NoDOGE,5,0.0000,0.0000,0.0000,0,0.00,0
29,NoDOGE,6,0.0000,0.0000,0.0000,0,0.00,0
29,NoDOGE,7,0.0000,0.0000,0.0000,0,0.00,0
29,NoDOGE,8,0.0000,0.0000,0.0000,0,0.00,0
29,LargeCaps5,0,0.0000,0.0000,0.0000,0,0.00,0
29,LargeCaps5,1,0.0000,0.0000,0.0000,0,0.00,0
29,LargeCaps5,2,0.0000,0.0000,0.0000,0,0.00,0
29,LargeCaps5,3,0.0000,0.0000,0.0000,0,0.00,0
29,LargeCaps5,4,0.0000,0.0000,0.0000,0,0.00,0
29,LargeCaps5,5,0.0000,0.0000,0.0000,0,0.00,0
29,LargeCaps5,6,0.0000,0.0000,0.0000,0,0.00,0
29,LargeCaps5,7,0.0000,0.0000,0.0000,0,0.00,0
29,LargeCaps5,8,0.0000,0.0000,0.0000,0,0.00,0
29,LowVolume5,0,0.0000,0.0000,0.0000,0,0.00,0
29,LowVolume5,1,0.0000,0.0000,0.0000,0,0.00,0
29,LowVolume5,2,0.0000,0.0000,0.0000,0,0.00,0
29,LowVolume5,3,0.0000,0.0000,0.0000,0,0.00,0
29,LowVolume5,4,0.0000,0.0000,0.0000,0,0.00,0
29,LowVolume5,5,0.0000,0.0000,0.0000,0,0.00,0
29,LowVolume5,6,0.0000,0.0000,0.0000,0,0.00,0
29,LowVolume5,7,0.0000,0.0000,0.0000,0,0.00,0
29,LowVolume5,8,0.0000,0.0000,0.0000,0,0.00,0
29,Legacy3,0,0.0000,0.0000,0.0000,0,0.00,0
29,Legacy3,1,0.0000,0.0000,0.0000,0,0.00,0
29,Legacy3,2,0.0000,0.0000,0.0000,0,0.00,0
29,Legacy3,3,0.0000,0.0000,0.0000,0,0.00,0
29,Legacy3,4,0.0000,0.0000,0.0000,0,0.00,0
29,Legacy3,5,0.0000,0.0000,0.0000,0,0.00,0
29,Legacy3,6,0.0000,0.0000,0.0000,0,0.00,0
29,Legacy3,7,0.0000,0.0000,0.0000,0,0.00,0
29,Legacy3,8,0.0000,0.0000,0.0000,0,0.00,0
29,Legacy4,0,0.0000,0.0000,0.0000,0,0.00,0
29,Legacy4,1,0.0000,0.0000,0.0000,0,0.00,0
29,Legacy4,2,0.0000,0.0000,0.0000,0,0.00,0
29,Legacy4,3,0.0000,0.0000,0.0000,0,0.00,0
29,Legacy4,4,0.0000,0.0000,0.0000,0,0.00,0
29,Legacy4,5,0.0000,0.0000,0.0000,0,0.00,0
29,Legacy4,6,0.0000,0.0000,0.0000,0,0.00,0
29,Legacy4,7,0.0000,0.0000,0.0000,0,0.00,0
29,Legacy4,8,0.0000,0.0000,0.0000,0,0.00,0
29,Legacy5,0,0.0000,0.0000,0.0000,0,0.00,0
29,Legacy5,1,0.0000,0.0000,0.0000,0,0.00,0
29,Legacy5,2,0.0000,0.0000,0.0000,0,0.00,0
29,Legacy5,3,0.0000,0.0000,0.0000,0,0.00,0
29,Legacy5,4,0.0000,0.0000,0.0000,0,0.00,0
29,Legacy5,5,0.0000,0.0000,0.0000,0,0.00,0
29,Legacy5,6,0.0000,0.0000,0.0000,0,0.00,0
29,Legacy5,7,0.0000,0.0000,0.0000,0,0.00,0
29,Legacy5,8,0.0000,0.0000,0.0000,0,0.00,0
29,Legacy4BNB,0,0.0000,0.0000,0.0000,0,0.00,0
29,Legacy4BNB,1,0.0000,0.0000,0.0000,0,0.00,0
29,Legacy4BNB,2,0.0000,0.0000,0.0000,0,0.00,0
29,Legacy4BNB,3,0.0000,0.0000,0.0000,0,0.00,0
29,Legacy4BNB,4,0.0000,0.0000,0.0000,0,0.00,0
29,Legacy4BNB,5,0.0000,0.0000,0.0000,0,0.00,0
29,Legacy4BNB,6,0.0000,0.0000,0.0000,0,0.00,0
29,Legacy4BNB,7,0.0000,0.0000,0.0000,0,0.00,0
29,Legacy4BNB,8,0.0000,0.0000,0.0000,0,0.00,0
29,Legacy5BNB,0,0.0000,0.0000,0.0000,0,0.00,0
29,Legacy5BNB,1,0.0000,0.0000,0.0000,0,0.00,0
29,Legacy5BNB,2,0.0000,0.0000,0.0000,0,0.00,0
29,Legacy5BNB,3,0.0000,0.0000,0.0000,0,0.00,0
29,Legacy5BNB,4,0.0000,0.0000,0.0000,0,0.00,0
29,Legacy5BNB,5,0.0000,0.0000,0.0000,0,0.00,0
29,Legacy5BNB,6,0.0000,0.0000,0.0000,0,0.00,0
29,Legacy5BNB,7,0.0000,0.0000,0.0000,0,0.00,0
29,Legacy5BNB,8,0.0000,0.0000,0.0000,0,0.00,0
30,Base5,0,0.0000,0.0000,0.0000,0,0.00,0
30,Base5,1,0.0000,0.0000,0.0000,0,0.00,0
30,Base5,2,0.0000,0.0000,0.0000,0,0.00,0
30,Base5,3,0.0000,0.0000,0.0000,0,0.00,0
30,Base5,4,0.0000,0.0000,0.0000,0,0.00,0
30,Base5,5,0.0000,0.0000,0.0000,0,0.00,0
30,Base5,6,0.0000,0.0000,0.0000,0,0.00,0
30,Base5,7,0.0000,0.0000,0.0000,0,0.00,0
30,Base5,8,0.0000,0.0000,0.0000,0,0.00,0
30,NoDOGE,0,0.0000,0.0000,0.0000,0,0.00,0
30,NoDOGE,1,0.0000,0.0000,0.0000,0,0.00,0
30,NoDOGE,2,0.0000,0.0000,0.0000,0,0.00,0
30,NoDOGE,3,0.0000,0.0000,0.0000,0,0.00,0
30,NoDOGE,4,0.0000,0.0000,0.0000,0,0.00,0
30,NoDOGE,5,0.0000,0.0000,0.0000,0,0.00,0
30,NoDOGE,6,0.0000,0.0000,0.0000,0,0.00,0
30,NoDOGE,7,0.0000,0.0000,0.0000,0,0.00,0
30,NoDOGE,8,0.0000,0.0000,0.0000,0,0.00,0
30,LargeCaps5,0,0.0000,0.0000,0.0000,0,0.00,0
30,LargeCaps5,1,0.0000,0.0000,0.0000,0,0.00,0
30,LargeCaps5,2,0.0000,0.0000,0.0000,0,0.00,0
30,LargeCaps5,3,0.0000,0.0000,0.0000,0,0.00,0
30,LargeCaps5,4,0.0000,0.0000,0.0000,0,0.00,0
30,LargeCaps5,5,0.0000,0.0000,0.0000,0,0.00,0
30,LargeCaps5,6,0.0000,0.0000,0.0000,0,0.00,0
30,LargeCaps5,7,0.0000,0.0000,0.0000,0,0.00,0
30,LargeCaps5,8,0.0000,0.0000,0.0000,0,0.00,0
30,LowVolume5,0,0.0000,0.0000,0.0000,0,0.00,0
30,LowVolume5,1,0.0000,0.0000,0.0000,0,0.00,0
30,LowVolume5,2,0.0000,0.0000,0.0000,0,0.00,0
30,LowVolume5,3,0.0000,0.0000,0.0000,0,0.00,0
30,LowVolume5,4,0.0000,0.0000,0.0000,0,0.00,0
30,LowVolume5,5,0.0000,0.0000,0.0000,0,0.00,0
30,LowVolume5,6,0.0000,0.0000,0.0000,0,0.00,0
30,LowVolume5,7,0.0000,0.0000,0.0000,0,0.00,0
30,LowVolume5,8,0.0000,0.0000,0.0000,0,0.00,0
30,Legacy3,0,0.0000,0.0000,0.0000,0,0.00,0
30,Legacy3,1,0.0000,0.0000,0.0000,0,0.00,0
30,Legacy3,2,0.0000,0.0000,0.0000,0,0.00,0
30,Legacy3,3,0.0000,0.0000,0.0000,0,0.00,0
30,Legacy3,4,0.0000,0.0000,0.0000,0,0.00,0
30,Legacy3,5,0.0000,0.0000,0.0000,0,0.00,0
30,Legacy3,6,0.0000,0.0000,0.0000,0,0.00,0
30,Legacy3,7,0.0000,0.0000,0.0000,0,0.00,0
30,Legacy3,8,0.0000,0.0000,0.0000,0,0.00,0
30,Legacy4,0,0.0000,0.0000,0.0000,0,0.00,0
30,Legacy4,1,0.0000,0.0000,0.0000,0,0.00,0
30,Legacy4,2,0.0000,0.0000,0.0000,0,0.00,0
30,Legacy4,3,0.0000,0.0000,0.0000,0,0.00,0
30,Legacy4,4,0.0000,0.0000,0.0000,0,0.00,0
30,Legacy4,5,0.0000,0.0000,0.0000,0,0.00,0
30,Legacy4,6,0.0000,0.0000,0.0000,0,0.00,0
30,Legacy4,7,0.0000,0.0000,0.0000,0,0.00,0
30,Legacy4,8,0.0000,0.0000,0.0000,0,0.00,0
30,Legacy5,0,0.0000,0.0000,0.0000,0,0.00,0
30,Legacy5,1,0.0000,0.0000,0.0000,0,0.00,0
30,Legacy5,2,0.0000,0.0000,0.0000,0,0.00,0
30,Legacy5,3,0.0000,0.0000,0.0000,0,0.00,0
30,Legacy5,4,0.0000,0.0000,0.0000,0,0.00,0
30,Legacy5,5,0.0000,0.0000,0.0000,0,0.00,0
30,Legacy5,6,0.0000,0.0000,0.0000,0,0.00,0
30,Legacy5,7,0.0000,0.0000,0.0000,0,0.00,0
30,Legacy5,8,0.0000,0.0000,0.0000,0,0.00,0
30,Legacy4BNB,0,0.0000,0.0000,0.0000,0,0.00,0
30,Legacy4BNB,1,0.0000,0.0000,0.0000,0,0.00,0
30,Legacy4BNB,2,0.0000,0.0000,0.0000,0,0.00,0
30,Legacy4BNB,3,0.0000,0.0000,0.0000,0,0.00,0
30,Legacy4BNB,4,0.0000,0.0000,0.0000,0,0.00,0
30,Legacy4BNB,5,0.0000,0.0000,0.0000,0,0.00,0
30,Legacy4BNB,6,0.0000,0.0000,0.0000,0,0.00,0
30,Legacy4BNB,7,0.0000,0.0000,0.0000,0,0.00,0
30,Legacy4BNB,8,0.0000,0.0000,0.0000,0,0.00,0
30,Legacy5BNB,0,0.0000,0.0000,0.0000,0,0.00,0
30,Legacy5BNB,1,0.0000,0.0000,0.0000,0,0.00,0
30,Legacy5BNB,2,0.0000,0.0000,0.0000,0,0.00,0
30,Legacy5BNB,3,0.0000,0.0000,0.0000,0,0.00,0
30,Legacy5BNB,4,0.0000,0.0000,0.0000,0,0.00,0
30,Legacy5BNB,5,0.0000,0.0000,0.0000,0,0.00,0
30,Legacy5BNB,6,0.0000,0.0000,0.0000,0,0.00,0
30,Legacy5BNB,7,0.0000,0.0000,0.0000,0,0.00,0
30,Legacy5BNB,8,0.0000,0.0000,0.0000,0,0.00,0
31,Base5,0,0.0000,0.0000,0.0000,0,0.00,0
31,Base5,1,0.0000,0.0000,0.0000,0,0.00,0
31,Base5,2,0.0000,0.0000,0.0000,0,0.00,0
31,Base5,3,0.0000,0.0000,0.0000,0,0.00,0
31,Base5,4,0.0000,0.0000,0.0000,0,0.00,0
31,Base5,5,0.0000,0.0000,0.0000,0,0.00,0
31,Base5,6,0.0000,0.0000,0.0000,0,0.00,0
31,Base5,7,0.0000,0.0000,0.0000,0,0.00,0
31,Base5,8,0.0000,0.0000,0.0000,0,0.00,0
31,NoDOGE,0,0.0000,0.0000,0.0000,0,0.00,0
31,NoDOGE,1,0.0000,0.0000,0.0000,0,0.00,0
31,NoDOGE,2,0.0000,0.0000,0.0000,0,0.00,0
31,NoDOGE,3,0.0000,0.0000,0.0000,0,0.00,0
31,NoDOGE,4,0.0000,0.0000,0.0000,0,0.00,0
31,NoDOGE,5,0.0000,0.0000,0.0000,0,0.00,0
31,NoDOGE,6,0.0000,0.0000,0.0000,0,0.00,0
31,NoDOGE,7,0.0000,0.0000,0.0000,0,0.00,0
31,NoDOGE,8,0.0000,0.0000,0.0000,0,0.00,0
31,LargeCaps5,0,0.0000,0.0000,0.0000,0,0.00,0
31,LargeCaps5,1,0.0000,0.0000,0.0000,0,0.00,0
31,LargeCaps5,2,0.0000,0.0000,0.0000,0,0.00,0
31,LargeCaps5,3,0.0000,0.0000,0.0000,0,0.00,0
31,LargeCaps5,4,0.0000,0.0000,0.0000,0,0.00,0
31,LargeCaps5,5,0.0000,0.0000,0.0000,0,0.00,0
31,LargeCaps5,6,0.0000,0.0000,0.0000,0,0.00,0
31,LargeCaps5,7,0.0000,0.0000,0.0000,0,0.00,0
31,LargeCaps5,8,0.0000,0.0000,0.0000,0,0.00,0
31,LowVolume5,0,0.0000,0.0000,0.0000,0,0.00,0
31,LowVolume5,1,0.0000,0.0000,0.0000,0,0.00,0
31,LowVolume5,2,0.0000,0.0000,0.0000,0,0.00,0
31,LowVolume5,3,0.0000,0.0000,0.0000,0,0.00,0
31,LowVolume5,4,0.0000,0.0000,0.0000,0,0.00,0
31,LowVolume5,5,0.0000,0.0000,0.0000,0,0.00,0
31,LowVolume5,6,0.0000,0.0000,0.0000,0,0.00,0
31,LowVolume5,7,0.0000,0.0000,0.0000,0,0.00,0
31,LowVolume5,8,0.0000,0.0000,0.0000,0,0.00,0
31,Legacy3,0,0.0000,0.0000,0.0000,0,0.00,0
31,Legacy3,1,0.0000,0.0000,0.0000,0,0.00,0
31,Legacy3,2,0.0000,0.0000,0.0000,0,0.00,0
31,Legacy3,3,0.0000,0.0000,0.0000,0,0.00,0
31,Legacy3,4,0.0000,0.0000,0.0000,0,0.00,0
31,Legacy3,5,0.0000,0.0000,0.0000,0,0.00,0
31,Legacy3,6,0.0000,0.0000,0.0000,0,0.00,0
31,Legacy3,7,0.0000,0.0000,0.0000,0,0.00,0
31,Legacy3,8,0.0000,0.0000,0.0000,0,0.00,0
31,Legacy4,0,0.0000,0.0000,0.0000,0,0.00,0
31,Legacy4,1,0.0000,0.0000,0.0000,0,0.00,0
31,Legacy4,2,0.0000,0.0000,0.0000,0,0.00,0
31,Legacy4,3,0.0000,0.0000,0.0000,0,0.00,0
31,Legacy4,4,0.0000,0.0000,0.0000,0,0.00,0
31,Legacy4,5,0.0000,0.0000,0.0000,0,0.00,0
31,Legacy4,6,0.0000,0.0000,0.0000,0,0.00,0
31,Legacy4,7,0.0000,0.0000,0.0000,0,0.00,0
31,Legacy4,8,0.0000,0.0000,0.0000,0,0.00,0
31,Legacy5,0,0.0000,0.0000,0.0000,0,0.00,0
31,Legacy5,1,0.0000,0.0000,0.0000,0,0.00,0
31,Legacy5,2,0.0000,0.0000,0.0000,0,0.00,0
31,Legacy5,3,0.0000,0.0000,0.0000,0,0.00,0
31,Legacy5,4,0.0000,0.0000,0.0000,0,0.00,0
31,Legacy5,5,0.0000,0.0000,0.0000,0,0.00,0
31,Legacy5,6,0.0000,0.0000,0.0000,0,0.00,0
31,Legacy5,7,0.0000,0.0000,0.0000,0,0.00,0
31,Legacy5,8,0.0000,0.0000,0.0000,0,0.00,0
31,Legacy4BNB,0,0.0000,0.0000,0.0000,0,0.00,0
31,Legacy4BNB,1,0.0000,0.0000,0.0000,0,0.00,0
31,Legacy4BNB,2,0.0000,0.0000,0.0000,0,0.00,0
31,Legacy4BNB,3,0.0000,0.0000,0.0000,0,0.00,0
31,Legacy4BNB,4,0.0000,0.0000,0.0000,0,0.00,0
31,Legacy4BNB,5,0.0000,0.0000,0.0000,0,0.00,0
31,Legacy4BNB,6,0.0000,0.0000,0.0000,0,0.00,0
31,Legacy4BNB,7,0.0000,0.0000,0.0000,0,0.00,0
31,Legacy4BNB,8,0.0000,0.0000,0.0000,0,0.00,0
31,Legacy5BNB,0,0.0000,0.0000,0.0000,0,0.00,0
31,Legacy5BNB,1,0.0000,0.0000,0.0000,0,0.00,0
31,Legacy5BNB,2,0.0000,0.0000,0.0000,0,0.00,0
31,Legacy5BNB,3,0.0000,0.0000,0.0000,0,0.00,0
31,Legacy5BNB,4,0.0000,0.0000,0.0000,0,0.00,0
31,Legacy5BNB,5,0.0000,0.0000,0.0000,0,0.00,0
31,Legacy5BNB,6,0.0000,0.0000,0.0000,0,0.00,0
31,Legacy5BNB,7,0.0000,0.0000,0.0000,0,0.00,0
31,Legacy5BNB,8,0.0000,0.0000,0.0000,0,0.00,0
32,Base5,0,0.0000,0.0000,0.0000,0,0.00,0
32,Base5,1,0.0000,0.0000,0.0000,0,0.00,0
32,Base5,2,0.0000,0.0000,0.0000,0,0.00,0
32,Base5,3,0.0000,0.0000,0.0000,0,0.00,0
32,Base5,4,0.0000,0.0000,0.0000,0,0.00,0
32,Base5,5,0.0000,0.0000,0.0000,0,0.00,0
32,Base5,6,0.0000,0.0000,0.0000,0,0.00,0
32,Base5,7,0.0000,0.0000,0.0000,0,0.00,0
32,Base5,8,0.0000,0.0000,0.0000,0,0.00,0
32,NoDOGE,0,0.0000,0.0000,0.0000,0,0.00,0
32,NoDOGE,1,0.0000,0.0000,0.0000,0,0.00,0
32,NoDOGE,2,0.0000,0.0000,0.0000,0,0.00,0
32,NoDOGE,3,0.0000,0.0000,0.0000,0,0.00,0
32,NoDOGE,4,0.0000,0.0000,0.0000,0,0.00,0
32,NoDOGE,5,0.0000,0.0000,0.0000,0,0.00,0
32,NoDOGE,6,0.0000,0.0000,0.0000,0,0.00,0
32,NoDOGE,7,0.0000,0.0000,0.0000,0,0.00,0
32,NoDOGE,8,0.0000,0.0000,0.0000,0,0.00,0
32,LargeCaps5,0,0.0000,0.0000,0.0000,0,0.00,0
32,LargeCaps5,1,0.0000,0.0000,0.0000,0,0.00,0
32,LargeCaps5,2,0.0000,0.0000,0.0000,0,0.00,0
32,LargeCaps5,3,0.0000,0.0000,0.0000,0,0.00,0
32,LargeCaps5,4,0.0000,0.0000,0.0000,0,0.00,0
32,LargeCaps5,5,0.0000,0.0000,0.0000,0,0.00,0
32,LargeCaps5,6,0.0000,0.0000,0.0000,0,0.00,0
32,LargeCaps5,7,0.0000,0.0000,0.0000,0,0.00,0
32,LargeCaps5,8,0.0000,0.0000,0.0000,0,0.00,0
32,LowVolume5,0,0.0000,0.0000,0.0000,0,0.00,0
32,LowVolume5,1,0.0000,0.0000,0.0000,0,0.00,0
32,LowVolume5,2,0.0000,0.0000,0.0000,0,0.00,0
32,LowVolume5,3,0.0000,0.0000,0.0000,0,0.00,0
32,LowVolume5,4,0.0000,0.0000,0.0000,0,0.00,0
32,LowVolume5,5,0.0000,0.0000,0.0000,0,0.00,0
32,LowVolume5,6,0.0000,0.0000,0.0000,0,0.00,0
32,LowVolume5,7,0.0000,0.0000,0.0000,0,0.00,0
32,LowVolume5,8,0.0000,0.0000,0.0000,0,0.00,0
32,Legacy3,0,0.0000,0.0000,0.0000,0,0.00,0
32,Legacy3,1,0.0000,0.0000,0.0000,0,0.00,0
32,Legacy3,2,0.0000,0.0000,0.0000,0,0.00,0
32,Legacy3,3,0.0000,0.0000,0.0000,0,0.00,0
32,Legacy3,4,0.0000,0.0000,0.0000,0,0.00,0
32,Legacy3,5,0.0000,0.0000,0.0000,0,0.00,0
32,Legacy3,6,0.0000,0.0000,0.0000,0,0.00,0
32,Legacy3,7,0.0000,0.0000,0.0000,0,0.00,0
32,Legacy3,8,0.0000,0.0000,0.0000,0,0.00,0
32,Legacy4,0,0.0000,0.0000,0.0000,0,0.00,0
32,Legacy4,1,0.0000,0.0000,0.0000,0,0.00,0
32,Legacy4,2,0.0000,0.0000,0.0000,0,0.00,0
32,Legacy4,3,0.0000,0.0000,0.0000,0,0.00,0
32,Legacy4,4,0.0000,0.0000,0.0000,0,0.00,0
32,Legacy4,5,0.0000,0.0000,0.0000,0,0.00,0
32,Legacy4,6,0.0000,0.0000,0.0000,0,0.00,0
32,Legacy4,7,0.0000,0.0000,0.0000,0,0.00,0
32,Legacy4,8,0.0000,0.0000,0.0000,0,0.00,0
32,Legacy5,0,0.0000,0.0000,0.0000,0,0.00,0
32,Legacy5,1,0.0000,0.0000,0.0000,0,0.00,0
32,Legacy5,2,0.0000,0.0000,0.0000,0,0.00,0
32,Legacy5,3,0.0000,0.0000,0.0000,0,0.00,0
32,Legacy5,4,0.0000,0.0000,0.0000,0,0.00,0
32,Legacy5,5,0.0000,0.0000,0.0000,0,0.00,0
32,Legacy5,6,0.0000,0.0000,0.0000,0,0.00,0
32,Legacy5,7,0.0000,0.0000,0.0000,0,0.00,0
32,Legacy5,8,0.0000,0.0000,0.0000,0,0.00,0
32,Legacy4BNB,0,0.0000,0.0000,0.0000,0,0.00,0
32,Legacy4BNB,1,0.0000,0.0000,0.0000,0,0.00,0
32,Legacy4BNB,2,0.0000,0.0000,0.0000,0,0.00,0
32,Legacy4BNB,3,0.0000,0.0000,0.0000,0,0.00,0
32,Legacy4BNB,4,0.0000,0.0000,0.0000,0,0.00,0
32,Legacy4BNB,5,0.0000,0.0000,0.0000,0,0.00,0
32,Legacy4BNB,6,0.0000,0.0000,0.0000,0,0.00,0
32,Legacy4BNB,7,0.0000,0.0000,0.0000,0,0.00,0
32,Legacy4BNB,8,0.0000,0.0000,0.0000,0,0.00,0
32,Legacy5BNB,0,0.0000,0.0000,0.0000,0,0.00,0
32,Legacy5BNB,1,0.0000,0.0000,0.0000,0,0.00,0
32,Legacy5BNB,2,0.0000,0.0000,0.0000,0,0.00,0
32,Legacy5BNB,3,0.0000,0.0000,0.0000,0,0.00,0
32,Legacy5BNB,4,0.0000,0.0000,0.0000,0,0.00,0
32,Legacy5BNB,5,0.0000,0.0000,0.0000,0,0.00,0
32,Legacy5BNB,6,0.0000,0.0000,0.0000,0,0.00,0
32,Legacy5BNB,7,0.0000,0.0000,0.0000,0,0.00,0
32,Legacy5BNB,8,0.0000,0.0000,0.0000,0,0.00,0
33,Base5,0,0.0000,0.0000,0.0000,0,0.00,0
33,Base5,1,0.0000,0.0000,0.0000,0,0.00,0
33,Base5,2,0.0000,0.0000,0.0000,0,0.00,0
33,Base5,3,0.0000,0.0000,0.0000,0,0.00,0
33,Base5,4,0.0000,0.0000,0.0000,0,0.00,0
33,Base5,5,0.0000,0.0000,0.0000,0,0.00,0
33,Base5,6,0.0000,0.0000,0.0000,0,0.00,0
33,Base5,7,0.0000,0.0000,0.0000,0,0.00,0
33,Base5,8,0.0000,0.0000,0.0000,0,0.00,0
33,NoDOGE,0,0.0000,0.0000,0.0000,0,0.00,0
33,NoDOGE,1,0.0000,0.0000,0.0000,0,0.00,0
33,NoDOGE,2,0.0000,0.0000,0.0000,0,0.00,0
33,NoDOGE,3,0.0000,0.0000,0.0000,0,0.00,0
33,NoDOGE,4,0.0000,0.0000,0.0000,0,0.00,0
33,NoDOGE,5,0.0000,0.0000,0.0000,0,0.00,0
33,NoDOGE,6,0.0000,0.0000,0.0000,0,0.00,0
33,NoDOGE,7,0.0000,0.0000,0.0000,0,0.00,0
33,NoDOGE,8,0.0000,0.0000,0.0000,0,0.00,0
33,LargeCaps5,0,0.0000,0.0000,0.0000,0,0.00,0
33,LargeCaps5,1,0.0000,0.0000,0.0000,0,0.00,0
33,LargeCaps5,2,0.0000,0.0000,0.0000,0,0.00,0
33,LargeCaps5,3,0.0000,0.0000,0.0000,0,0.00,0
33,LargeCaps5,4,0.0000,0.0000,0.0000,0,0.00,0
33,LargeCaps5,5,0.0000,0.0000,0.0000,0,0.00,0
33,LargeCaps5,6,0.0000,0.0000,0.0000,0,0.00,0
33,LargeCaps5,7,0.0000,0.0000,0.0000,0,0.00,0
33,LargeCaps5,8,0.0000,0.0000,0.0000,0,0.00,0
33,LowVolume5,0,0.0000,0.0000,0.0000,0,0.00,0
33,LowVolume5,1,0.0000,0.0000,0.0000,0,0.00,0
33,LowVolume5,2,0.0000,0.0000,0.0000,0,0.00,0
33,LowVolume5,3,0.0000,0.0000,0.0000,0,0.00,0
33,LowVolume5,4,0.0000,0.0000,0.0000,0,0.00,0
33,LowVolume5,5,0.0000,0.0000,0.0000,0,0.00,0
33,LowVolume5,6,0.0000,0.0000,0.0000,0,0.00,0
33,LowVolume5,7,0.0000,0.0000,0.0000,0,0.00,0
33,LowVolume5,8,0.0000,0.0000,0.0000,0,0.00,0
33,Legacy3,0,0.0000,0.0000,0.0000,0,0.00,0
33,Legacy3,1,0.0000,0.0000,0.0000,0,0.00,0
33,Legacy3,2,0.0000,0.0000,0.0000,0,0.00,0
33,Legacy3,3,0.0000,0.0000,0.0000,0,0.00,0
33,Legacy3,4,0.0000,0.0000,0.0000,0,0.00,0
33,Legacy3,5,0.0000,0.0000,0.0000,0,0.00,0
33,Legacy3,6,0.0000,0.0000,0.0000,0,0.00,0
33,Legacy3,7,0.0000,0.0000,0.0000,0,0.00,0
33,Legacy3,8,0.0000,0.0000,0.0000,0,0.00,0
33,Legacy4,0,0.0000,0.0000,0.0000,0,0.00,0
33,Legacy4,1,0.0000,0.0000,0.0000,0,0.00,0
33,Legacy4,2,0.0000,0.0000,0.0000,0,0.00,0
33,Legacy4,3,0.0000,0.0000,0.0000,0,0.00,0
33,Legacy4,4,0.0000,0.0000,0.0000,0,0.00,0
33,Legacy4,5,0.0000,0.0000,0.0000,0,0.00,0
33,Legacy4,6,0.0000,0.0000,0.0000,0,0.00,0
33,Legacy4,7,0.0000,0.0000,0.0000,0,0.00,0
33,Legacy4,8,0.0000,0.0000,0.0000,0,0.00,0
33,Legacy5,0,0.0000,0.0000,0.0000,0,0.00,0
33,Legacy5,1,0.0000,0.0000,0.0000,0,0.00,0
33,Legacy5,2,0.0000,0.0000,0.0000,0,0.00,0
33,Legacy5,3,0.0000,0.0000,0.0000,0,0.00,0
33,Legacy5,4,0.0000,0.0000,0.0000,0,0.00,0
33,Legacy5,5,0.0000,0.0000,0.0000,0,0.00,0
33,Legacy5,6,0.0000,0.0000,0.0000,0,0.00,0
33,Legacy5,7,0.0000,0.0000,0.0000,0,0.00,0
33,Legacy5,8,0.0000,0.0000,0.0000,0,0.00,0
33,Legacy4BNB,0,0.0000,0.0000,0.0000,0,0.00,0
33,Legacy4BNB,1,0.0000,0.0000,0.0000,0,0.00,0
33,Legacy4BNB,2,0.0000,0.0000,0.0000,0,0.00,0
33,Legacy4BNB,3,0.0000,0.0000,0.0000,0,0.00,0
33,Legacy4BNB,4,0.0000,0.0000,0.0000,0,0.00,0
33,Legacy4BNB,5,0.0000,0.0000,0.0000,0,0.00,0
33,Legacy4BNB,6,0.0000,0.0000,0.0000,0,0.00,0
33,Legacy4BNB,7,0.0000,0.0000,0.0000,0,0.00,0
33,Legacy4BNB,8,0.0000,0.0000,0.0000,0,0.00,0
33,Legacy5BNB,0,0.0000,0.0000,0.0000,0,0.00,0
33,Legacy5BNB,1,0.0000,0.0000,0.0000,0,0.00,0
33,Legacy5BNB,2,0.0000,0.0000,0.0000,0,0.00,0
33,Legacy5BNB,3,0.0000,0.0000,0.0000,0,0.00,0
33,Legacy5BNB,4,0.0000,0.0000,0.0000,0,0.00,0
33,Legacy5BNB,5,0.0000,0.0000,0.0000,0,0.00,0
33,Legacy5BNB,6,0.0000,0.0000,0.0000,0,0.00,0
33,Legacy5BNB,7,0.0000,0.0000,0.0000,0,0.00,0
33,Legacy5BNB,8,0.0000,0.0000,0.0000,0,0.00,0
34,Base5,0,0.0000,0.0000,0.0000,0,0.00,0
34,Base5,1,0.0000,0.0000,0.0000,0,0.00,0
34,Base5,2,0.0000,0.0000,0.0000,0,0.00,0
34,Base5,3,0.0000,0.0000,0.0000,0,0.00,0
34,Base5,4,0.0000,0.0000,0.0000,0,0.00,0
34,Base5,5,0.0000,0.0000,0.0000,0,0.00,0
34,Base5,6,0.0000,0.0000,0.0000,0,0.00,0
34,Base5,7,0.0000,0.0000,0.0000,0,0.00,0
34,Base5,8,0.0000,0.0000,0.0000,0,0.00,0
34,NoDOGE,0,0.0000,0.0000,0.0000,0,0.00,0
34,NoDOGE,1,0.0000,0.0000,0.0000,0,0.00,0
34,NoDOGE,2,0.0000,0.0000,0.0000,0,0.00,0
34,NoDOGE,3,0.0000,0.0000,0.0000,0,0.00,0
34,NoDOGE,4,0.0000,0.0000,0.0000,0,0.00,0
34,NoDOGE,5,0.0000,0.0000,0.0000,0,0.00,0
34,NoDOGE,6,0.0000,0.0000,0.0000,0,0.00,0
34,NoDOGE,7,0.0000,0.0000,0.0000,0,0.00,0
34,NoDOGE,8,0.0000,0.0000,0.0000,0,0.00,0
34,LargeCaps5,0,0.0000,0.0000,0.0000,0,0.00,0
34,LargeCaps5,1,0.0000,0.0000,0.0000,0,0.00,0
34,LargeCaps5,2,0.0000,0.0000,0.0000,0,0.00,0
34,LargeCaps5,3,0.0000,0.0000,0.0000,0,0.00,0
34,LargeCaps5,4,0.0000,0.0000,0.0000,0,0.00,0
34,LargeCaps5,5,0.0000,0.0000,0.0000,0,0.00,0
34,LargeCaps5,6,0.0000,0.0000,0.0000,0,0.00,0
34,LargeCaps5,7,0.0000,0.0000,0.0000,0,0.00,0
34,LargeCaps5,8,0.0000,0.0000,0.0000,0,0.00,0
34,LowVolume5,0,0.0000,0.0000,0.0000,0,0.00,0
34,LowVolume5,1,0.0000,0.0000,0.0000,0,0.00,0
34,LowVolume5,2,0.0000,0.0000,0.0000,0,0.00,0
34,LowVolume5,3,0.0000,0.0000,0.0000,0,0.00,0
34,LowVolume5,4,0.0000,0.0000,0.0000,0,0.00,0
34,LowVolume5,5,0.0000,0.0000,0.0000,0,0.00,0
34,LowVolume5,6,0.0000,0.0000,0.0000,0,0.00,0
34,LowVolume5,7,0.0000,0.0000,0.0000,0,0.00,0
34,LowVolume5,8,0.0000,0.0000,0.0000,0,0.00,0
34,Legacy3,0,0.0000,0.0000,0.0000,0,0.00,0
34,Legacy3,1,0.0000,0.0000,0.0000,0,0.00,0
34,Legacy3,2,0.0000,0.0000,0.0000,0,0.00,0
34,Legacy3,3,0.0000,0.0000,0.0000,0,0.00,0
34,Legacy3,4,0.0000,0.0000,0.0000,0,0.00,0
34,Legacy3,5,0.0000,0.0000,0.0000,0,0.00,0
34,Legacy3,6,0.0000,0.0000,0.0000,0,0.00,0
34,Legacy3,7,0.0000,0.0000,0.0000,0,0.00,0
34,Legacy3,8,0.0000,0.0000,0.0000,0,0.00,0
34,Legacy4,0,0.0000,0.0000,0.0000,0,0.00,0
34,Legacy4,1,0.0000,0.0000,0.0000,0,0.00,0
34,Legacy4,2,0.0000,0.0000,0.0000,0,0.00,0
34,Legacy4,3,0.0000,0.0000,0.0000,0,0.00,0
34,Legacy4,4,0.0000,0.0000,0.0000,0,0.00,0
34,Legacy4,5,0.0000,0.0000,0.0000,0,0.00,0
34,Legacy4,6,0.0000,0.0000,0.0000,0,0.00,0
34,Legacy4,7,0.0000,0.0000,0.0000,0,0.00,0
34,Legacy4,8,0.0000,0.0000,0.0000,0,0.00,0
34,Legacy5,0,0.0000,0.0000,0.0000,0,0.00,0
34,Legacy5,1,0.0000,0.0000,0.0000,0,0.00,0
34,Legacy5,2,0.0000,0.0000,0.0000,0,0.00,0
34,Legacy5,3,0.0000,0.0000,0.0000,0,0.00,0
34,Legacy5,4,0.0000,0.0000,0.0000,0,0.00,0
34,Legacy5,5,0.0000,0.0000,0.0000,0,0.00,0
34,Legacy5,6,0.0000,0.0000,0.0000,0,0.00,0
34,Legacy5,7,0.0000,0.0000,0.0000,0,0.00,0
34,Legacy5,8,0.0000,0.0000,0.0000,0,0.00,0
34,Legacy4BNB,0,0.0000,0.0000,0.0000,0,0.00,0
34,Legacy4BNB,1,0.0000,0.0000,0.0000,0,0.00,0
34,Legacy4BNB,2,0.0000,0.0000,0.0000,0,0.00,0
34,Legacy4BNB,3,0.0000,0.0000,0.0000,0,0.00,0
34,Legacy4BNB,4,0.0000,0.0000,0.0000,0,0.00,0
34,Legacy4BNB,5,0.0000,0.0000,0.0000,0,0.00,0
34,Legacy4BNB,6,0.0000,0.0000,0.0000,0,0.00,0
34,Legacy4BNB,7,0.0000,0.0000,0.0000,0,0.00,0
34,Legacy4BNB,8,0.0000,0.0000,0.0000,0,0.00,0
34,Legacy5BNB,0,0.0000,0.0000,0.0000,0,0.00,0
34,Legacy5BNB,1,0.0000,0.0000,0.0000,0,0.00,0
34,Legacy5BNB,2,0.0000,0.0000,0.0000,0,0.00,0
34,Legacy5BNB,3,0.0000,0.0000,0.0000,0,0.00,0
34,Legacy5BNB,4,0.0000,0.0000,0.0000,0,0.00,0
34,Legacy5BNB,5,0.0000,0.0000,0.0000,0,0.00,0
34,Legacy5BNB,6,0.0000,0.0000,0.0000,0,0.00,0
34,Legacy5BNB,7,0.0000,0.0000,0.0000,0,0.00,0
34,Legacy5BNB,8,0.0000,0.0000,0.0000,0,0.00,0
35,Base5,0,0.0000,0.0000,0.0000,0,0.00,0
35,Base5,1,0.0000,0.0000,0.0000,0,0.00,0
35,Base5,2,0.0000,0.0000,0.0000,0,0.00,0
35,Base5,3,0.0000,0.0000,0.0000,0,0.00,0
35,Base5,4,0.0000,0.0000,0.0000,0,0.00,0
35,Base5,5,0.0000,0.0000,0.0000,0,0.00,0
35,Base5,6,0.0000,0.0000,0.0000,0,0.00,0
35,Base5,7,0.0000,0.0000,0.0000,0,0.00,0
35,Base5,8,0.0000,0.0000,0.0000,0,0.00,0
35,NoDOGE,0,0.0000,0.0000,0.0000,0,0.00,0
35,NoDOGE,1,0.0000,0.0000,0.0000,0,0.00,0
35,NoDOGE,2,0.0000,0.0000,0.0000,0,0.00,0
35,NoDOGE,3,0.0000,0.0000,0.0000,0,0.00,0
35,NoDOGE,4,0.0000,0.0000,0.0000,0,0.00,0
35,NoDOGE,5,0.0000,0.0000,0.0000,0,0.00,0
35,NoDOGE,6,0.0000,0.0000,0.0000,0,0.00,0
35,NoDOGE,7,0.0000,0.0000,0.0000,0,0.00,0
35,NoDOGE,8,0.0000,0.0000,0.0000,0,0.00,0
35,LargeCaps5,0,0.0000,0.0000,0.0000,0,0.00,0
35,LargeCaps5,1,0.0000,0.0000,0.0000,0,0.00,0
35,LargeCaps5,2,0.0000,0.0000,0.0000,0,0.00,0
35,LargeCaps5,3,0.0000,0.0000,0.0000,0,0.00,0
35,LargeCaps5,4,0.0000,0.0000,0.0000,0,0.00,0
35,LargeCaps5,5,0.0000,0.0000,0.0000,0,0.00,0
35,LargeCaps5,6,0.0000,0.0000,0.0000,0,0.00,0
35,LargeCaps5,7,0.0000,0.0000,0.0000,0,0.00,0
35,LargeCaps5,8,0.0000,0.0000,0.0000,0,0.00,0
35,LowVolume5,0,0.0000,0.0000,0.0000,0,0.00,0
35,LowVolume5,1,0.0000,0.0000,0.0000,0,0.00,0
35,LowVolume5,2,0.0000,0.0000,0.0000,0,0.00,0
35,LowVolume5,3,0.0000,0.0000,0.0000,0,0.00,0
35,LowVolume5,4,0.0000,0.0000,0.0000,0,0.00,0
35,LowVolume5,5,0.0000,0.0000,0.0000,0,0.00,0
35,LowVolume5,6,0.0000,0.0000,0.0000,0,0.00,0
35,LowVolume5,7,0.0000,0.0000,0.0000,0,0.00,0
35,LowVolume5,8,0.0000,0.0000,0.0000,0,0.00,0
35,Legacy3,0,0.0000,0.0000,0.0000,0,0.00,0
35,Legacy3,1,0.0000,0.0000,0.0000,0,0.00,0
35,Legacy3,2,0.0000,0.0000,0.0000,0,0.00,0
35,Legacy3,3,0.0000,0.0000,0.0000,0,0.00,0
35,Legacy3,4,0.0000,0.0000,0.0000,0,0.00,0
35,Legacy3,5,0.0000,0.0000,0.0000,0,0.00,0
35,Legacy3,6,0.0000,0.0000,0.0000,0,0.00,0
35,Legacy3,7,0.0000,0.0000,0.0000,0,0.00,0
35,Legacy3,8,0.0000,0.0000,0.0000,0,0.00,0
35,Legacy4,0,0.0000,0.0000,0.0000,0,0.00,0
35,Legacy4,1,0.0000,0.0000,0.0000,0,0.00,0
35,Legacy4,2,0.0000,0.0000,0.0000,0,0.00,0
35,Legacy4,3,0.0000,0.0000,0.0000,0,0.00,0
35,Legacy4,4,0.0000,0.0000,0.0000,0,0.00,0
35,Legacy4,5,0.0000,0.0000,0.0000,0,0.00,0
35,Legacy4,6,0.0000,0.0000,0.0000,0,0.00,0
35,Legacy4,7,0.0000,0.0000,0.0000,0,0.00,0
35,Legacy4,8,0.0000,0.0000,0.0000,0,0.00,0
35,Legacy5,0,0.0000,0.0000,0.0000,0,0.00,0
35,Legacy5,1,0.0000,0.0000,0.0000,0,0.00,0
35,Legacy5,2,0.0000,0.0000,0.0000,0,0.00,0
35,Legacy5,3,0.0000,0.0000,0.0000,0,0.00,0
35,Legacy5,4,0.0000,0.0000,0.0000,0,0.00,0
35,Legacy5,5,0.0000,0.0000,0.0000,0,0.00,0
35,Legacy5,6,0.0000,0.0000,0.0000,0,0.00,0
35,Legacy5,7,0.0000,0.0000,0.0000,0,0.00,0
35,Legacy5,8,0.0000,0.0000,0.0000,0,0.00,0
35,Legacy4BNB,0,0.0000,0.0000,0.0000,0,0.00,0
35,Legacy4BNB,1,0.0000,0.0000,0.0000,0,0.00,0
35,Legacy4BNB,2,0.0000,0.0000,0.0000,0,0.00,0
35,Legacy4BNB,3,0.0000,0.0000,0.0000,0,0.00,0
35,Legacy4BNB,4,0.0000,0.0000,0.0000,0,0.00,0
35,Legacy4BNB,5,0.0000,0.0000,0.0000,0,0.00,0
35,Legacy4BNB,6,0.0000,0.0000,0.0000,0,0.00,0
35,Legacy4BNB,7,0.0000,0.0000,0.0000,0,0.00,0
35,Legacy4BNB,8,0.0000,0.0000,0.0000,0,0.00,0
35,Legacy5BNB,0,0.0000,0.0000,0.0000,0,0.00,0
35,Legacy5BNB,1,0.0000,0.0000,0.0000,0,0.00,0
35,Legacy5BNB,2,0.0000,0.0000,0.0000,0,0.00,0
35,Legacy5BNB,3,0.0000,0.0000,0.0000,0,0.00,0
35,Legacy5BNB,4,0.0000,0.0000,0.0000,0,0.00,0
35,Legacy5BNB,5,0.0000,0.0000,0.0000,0,0.00,0
35,Legacy5BNB,6,0.0000,0.0000,0.0000,0,0.00,0
35,Legacy5BNB,7,0.0000,0.0000,0.0000,0,0.00,0
35,Legacy5BNB,8,0.0000,0.0000,0.0000,0,0.00,0
36,Base5,0,0.0000,0.0000,0.0000,0,0.00,0
36,Base5,1,0.0000,0.0000,0.0000,0,0.00,0
36,Base5,2,0.0000,0.0000,0.0000,0,0.00,0
36,Base5,3,0.0000,0.0000,0.0000,0,0.00,0
36,Base5,4,0.0000,0.0000,0.0000,0,0.00,0
36,Base5,5,0.0000,0.0000,0.0000,0,0.00,0
36,Base5,6,0.0000,0.0000,0.0000,0,0.00,0
36,Base5,7,0.0000,0.0000,0.0000,0,0.00,0
36,Base5,8,0.0000,0.0000,0.0000,0,0.00,0
36,NoDOGE,0,0.0000,0.0000,0.0000,0,0.00,0
36,NoDOGE,1,0.0000,0.0000,0.0000,0,0.00,0
36,NoDOGE,2,0.0000,0.0000,0.0000,0,0.00,0
36,NoDOGE,3,0.0000,0.0000,0.0000,0,0.00,0
36,NoDOGE,4,0.0000,0.0000,0.0000,0,0.00,0
36,NoDOGE,5,0.0000,0.0000,0.0000,0,0.00,0
36,NoDOGE,6,0.0000,0.0000,0.0000,0,0.00,0
36,NoDOGE,7,0.0000,0.0000,0.0000,0,0.00,0
36,NoDOGE,8,0.0000,0.0000,0.0000,0,0.00,0
36,LargeCaps5,0,0.0000,0.0000,0.0000,0,0.00,0
36,LargeCaps5,1,0.0000,0.0000,0.0000,0,0.00,0
36,LargeCaps5,2,0.0000,0.0000,0.0000,0,0.00,0
36,LargeCaps5,3,0.0000,0.0000,0.0000,0,0.00,0
36,LargeCaps5,4,0.0000,0.0000,0.0000,0,0.00,0
36,LargeCaps5,5,0.0000,0.0000,0.0000,0,0.00,0
36,LargeCaps5,6,0.0000,0.0000,0.0000,0,0.00,0
36,LargeCaps5,7,0.0000,0.0000,0.0000,0,0.00,0
36,LargeCaps5,8,0.0000,0.0000,0.0000,0,0.00,0
36,LowVolume5,0,0.0000,0.0000,0.0000,0,0.00,0
36,LowVolume5,1,0.0000,0.0000,0.0000,0,0.00,0
36,LowVolume5,2,0.0000,0.0000,0.0000,0,0.00,0
36,LowVolume5,3,0.0000,0.0000,0.0000,0,0.00,0
36,LowVolume5,4,0.0000,0.0000,0.0000,0,0.00,0
36,LowVolume5,5,0.0000,0.0000,0.0000,0,0.00,0
36,LowVolume5,6,0.0000,0.0000,0.0000,0,0.00,0
36,LowVolume5,7,0.0000,0.0000,0.0000,0,0.00,0
36,LowVolume5,8,0.0000,0.0000,0.0000,0,0.00,0
36,Legacy3,0,0.0000,0.0000,0.0000,0,0.00,0
36,Legacy3,1,0.0000,0.0000,0.0000,0,0.00,0
36,Legacy3,2,0.0000,0.0000,0.0000,0,0.00,0
36,Legacy3,3,0.0000,0.0000,0.0000,0,0.00,0
36,Legacy3,4,0.0000,0.0000,0.0000,0,0.00,0
36,Legacy3,5,0.0000,0.0000,0.0000,0,0.00,0
36,Legacy3,6,0.0000,0.0000,0.0000,0,0.00,0
36,Legacy3,7,0.0000,0.0000,0.0000,0,0.00,0
36,Legacy3,8,0.0000,0.0000,0.0000,0,0.00,0
36,Legacy4,0,0.0000,0.0000,0.0000,0,0.00,0
36,Legacy4,1,0.0000,0.0000,0.0000,0,0.00,0
36,Legacy4,2,0.0000,0.0000,0.0000,0,0.00,0
36,Legacy4,3,0.0000,0.0000,0.0000,0,0.00,0
36,Legacy4,4,0.0000,0.0000,0.0000,0,0.00,0
36,Legacy4,5,0.0000,0.0000,0.0000,0,0.00,0
36,Legacy4,6,0.0000,0.0000,0.0000,0,0.00,0
36,Legacy4,7,0.0000,0.0000,0.0000,0,0.00,0
36,Legacy4,8,0.0000,0.0000,0.0000,0,0.00,0
36,Legacy5,0,0.0000,0.0000,0.0000,0,0.00,0
36,Legacy5,1,0.0000,0.0000,0.0000,0,0.00,0
36,Legacy5,2,0.0000,0.0000,0.0000,0,0.00,0
36,Legacy5,3,0.0000,0.0000,0.0000,0,0.00,0
36,Legacy5,4,0.0000,0.0000,0.0000,0,0.00,0
36,Legacy5,5,0.0000,0.0000,0.0000,0,0.00,0
36,Legacy5,6,0.0000,0.0000,0.0000,0,0.00,0
36,Legacy5,7,0.0000,0.0000,0.0000,0,0.00,0
36,Legacy5,8,0.0000,0.0000,0.0000,0,0.00,0
36,Legacy4BNB,0,0.0000,0.0000,0.0000,0,0.00,0
36,Legacy4BNB,1,0.0000,0.0000,0.0000,0,0.00,0
36,Legacy4BNB,2,0.0000,0.0000,0.0000,0,0.00,0
36,Legacy4BNB,3,0.0000,0.0000,0.0000,0,0.00,0
36,Legacy4BNB,4,0.0000,0.0000,0.0000,0,0.00,0
36,Legacy4BNB,5,0.0000,0.0000,0.0000,0,0.00,0
36,Legacy4BNB,6,0.0000,0.0000,0.0000,0,0.00,0
36,Legacy4BNB,7,0.0000,0.0000,0.0000,0,0.00,0
36,Legacy4BNB,8,0.0000,0.0000,0.0000,0,0.00,0
36,Legacy5BNB,0,0.0000,0.0000,0.0000,0,0.00,0
36,Legacy5BNB,1,0.0000,0.0000,0.0000,0,0.00,0
36,Legacy5BNB,2,0.0000,0.0000,0.0000,0,0.00,0
36,Legacy5BNB,3,0.0000,0.0000,0.0000,0,0.00,0
36,Legacy5BNB,4,0.0000,0.0000,0.0000,0,0.00,0
36,Legacy5BNB,5,0.0000,0.0000,0.0000,0,0.00,0
36,Legacy5BNB,6,0.0000,0.0000,0.0000,0,0.00,0
36,Legacy5BNB,7,0.0000,0.0000,0.0000,0,0.00,0
36,Legacy5BNB,8,0.0000,0.0000,0.0000,0,0.00,0
37,Base5,0,0.0000,0.0000,0.0000,0,0.00,0
37,Base5,1,0.0000,0.0000,0.0000,0,0.00,0
37,Base5,2,0.0000,0.0000,0.0000,0,0.00,0
37,Base5,3,0.0000,0.0000,0.0000,0,0.00,0
37,Base5,4,0.0000,0.0000,0.0000,0,0.00,0
37,Base5,5,0.0000,0.0000,0.0000,0,0.00,0
37,Base5,6,0.0000,0.0000,0.0000,0,0.00,0
37,Base5,7,0.0000,0.0000,0.0000,0,0.00,0
37,Base5,8,0.0000,0.0000,0.0000,0,0.00,0
37,NoDOGE,0,0.0000,0.0000,0.0000,0,0.00,0
37,NoDOGE,1,0.0000,0.0000,0.0000,0,0.00,0
37,NoDOGE,2,0.0000,0.0000,0.0000,0,0.00,0
37,NoDOGE,3,0.0000,0.0000,0.0000,0,0.00,0
37,NoDOGE,4,0.0000,0.0000,0.0000,0,0.00,0
37,NoDOGE,5,0.0000,0.0000,0.0000,0,0.00,0
37,NoDOGE,6,0.0000,0.0000,0.0000,0,0.00,0
37,NoDOGE,7,0.0000,0.0000,0.0000,0,0.00,0
37,NoDOGE,8,0.0000,0.0000,0.0000,0,0.00,0
37,LargeCaps5,0,0.0000,0.0000,0.0000,0,0.00,0
37,LargeCaps5,1,0.0000,0.0000,0.0000,0,0.00,0
37,LargeCaps5,2,0.0000,0.0000,0.0000,0,0.00,0
37,LargeCaps5,3,0.0000,0.0000,0.0000,0,0.00,0
37,LargeCaps5,4,0.0000,0.0000,0.0000,0,0.00,0
37,LargeCaps5,5,0.0000,0.0000,0.0000,0,0.00,0
37,LargeCaps5,6,0.0000,0.0000,0.0000,0,0.00,0
37,LargeCaps5,7,0.0000,0.0000,0.0000,0,0.00,0
37,LargeCaps5,8,0.0000,0.0000,0.0000,0,0.00,0
37,LowVolume5,0,0.0000,0.0000,0.0000,0,0.00,0
37,LowVolume5,1,0.0000,0.0000,0.0000,0,0.00,0
37,LowVolume5,2,0.0000,0.0000,0.0000,0,0.00,0
37,LowVolume5,3,0.0000,0.0000,0.0000,0,0.00,0
37,LowVolume5,4,0.0000,0.0000,0.0000,0,0.00,0
37,LowVolume5,5,0.0000,0.0000,0.0000,0,0.00,0
37,LowVolume5,6,0.0000,0.0000,0.0000,0,0.00,0
37,LowVolume5,7,0.0000,0.0000,0.0000,0,0.00,0
37,LowVolume5,8,0.0000,0.0000,0.0000,0,0.00,0
37,Legacy3,0,0.0000,0.0000,0.0000,0,0.00,0
37,Legacy3,1,0.0000,0.0000,0.0000,0,0.00,0
37,Legacy3,2,0.0000,0.0000,0.0000,0,0.00,0
37,Legacy3,3,0.0000,0.0000,0.0000,0,0.00,0
37,Legacy3,4,0.0000,0.0000,0.0000,0,0.00,0
37,Legacy3,5,0.0000,0.0000,0.0000,0,0.00,0
37,Legacy3,6,0.0000,0.0000,0.0000,0,0.00,0
37,Legacy3,7,0.0000,0.0000,0.0000,0,0.00,0
37,Legacy3,8,0.0000,0.0000,0.0000,0,0.00,0
37,Legacy4,0,0.0000,0.0000,0.0000,0,0.00,0
37,Legacy4,1,0.0000,0.0000,0.0000,0,0.00,0
37,Legacy4,2,0.0000,0.0000,0.0000,0,0.00,0
37,Legacy4,3,0.0000,0.0000,0.0000,0,0.00,0
37,Legacy4,4,0.0000,0.0000,0.0000,0,0.00,0
37,Legacy4,5,0.0000,0.0000,0.0000,0,0.00,0
37,Legacy4,6,0.0000,0.0000,0.0000,0,0.00,0
37,Legacy4,7,0.0000,0.0000,0.0000,0,0.00,0
37,Legacy4,8,0.0000,0.0000,0.0000,0,0.00,0
37,Legacy5,0,0.0000,0.0000,0.0000,0,0.00,0
37,Legacy5,1,0.0000,0.0000,0.0000,0,0.00,0
37,Legacy5,2,0.0000,0.0000,0.0000,0,0.00,0
37,Legacy5,3,0.0000,0.0000,0.0000,0,0.00,0
37,Legacy5,4,0.0000,0.0000,0.0000,0,0.00,0
37,Legacy5,5,0.0000,0.0000,0.0000,0,0.00,0
37,Legacy5,6,0.0000,0.0000,0.0000,0,0.00,0
37,Legacy5,7,0.0000,0.0000,0.0000,0,0.00,0
37,Legacy5,8,0.0000,0.0000,0.0000,0,0.00,0
37,Legacy4BNB,0,0.0000,0.0000,0.0000,0,0.00,0
37,Legacy4BNB,1,0.0000,0.0000,0.0000,0,0.00,0
37,Legacy4BNB,2,0.0000,0.0000,0.0000,0,0.00,0
37,Legacy4BNB,3,0.0000,0.0000,0.0000,0,0.00,0
37,Legacy4BNB,4,0.0000,0.0000,0.0000,0,0.00,0
37,Legacy4BNB,5,0.0000,0.0000,0.0000,0,0.00,0
37,Legacy4BNB,6,0.0000,0.0000,0.0000,0,0.00,0
37,Legacy4BNB,7,0.0000,0.0000,0.0000,0,0.00,0
37,Legacy4BNB,8,0.0000,0.0000,0.0000,0,0.00,0
37,Legacy5BNB,0,0.0000,0.0000,0.0000,0,0.00,0
37,Legacy5BNB,1,0.0000,0.0000,0.0000,0,0.00,0
37,Legacy5BNB,2,0.0000,0.0000,0.0000,0,0.00,0
37,Legacy5BNB,3,0.0000,0.0000,0.0000,0,0.00,0
37,Legacy5BNB,4,0.0000,0.0000,0.0000,0,0.00,0
37,Legacy5BNB,5,0.0000,0.0000,0.0000,0,0.00,0
37,Legacy5BNB,6,0.0000,0.0000,0.0000,0,0.00,0
37,Legacy5BNB,7,0.0000,0.0000,0.0000,0,0.00,0
37,Legacy5BNB,8,0.0000,0.0000,0.0000,0,0.00,0
38,Base5,0,0.0000,0.0000,0.0000,0,0.00,0
38,Base5,1,0.0000,0.0000,0.0000,0,0.00,0
38,Base5,2,0.0000,0.0000,0.0000,0,0.00,0
38,Base5,3,0.0000,0.0000,0.0000,0,0.00,0
38,Base5,4,0.0000,0.0000,0.0000,0,0.00,0
38,Base5,5,0.0000,0.0000,0.0000,0,0.00,0
38,Base5,6,0.0000,0.0000,0.0000,0,0.00,0
38,Base5,7,0.0000,0.0000,0.0000,0,0.00,0
38,Base5,8,0.0000,0.0000,0.0000,0,0.00,0
38,NoDOGE,0,0.0000,0.0000,0.0000,0,0.00,0
38,NoDOGE,1,0.0000,0.0000,0.0000,0,0.00,0
38,NoDOGE,2,0.0000,0.0000,0.0000,0,0.00,0
38,NoDOGE,3,0.0000,0.0000,0.0000,0,0.00,0
38,NoDOGE,4,0.0000,0.0000,0.0000,0,0.00,0
38,NoDOGE,5,0.0000,0.0000,0.0000,0,0.00,0
38,NoDOGE,6,0.0000,0.0000,0.0000,0,0.00,0
38,NoDOGE,7,0.0000,0.0000,0.0000,0,0.00,0
38,NoDOGE,8,0.0000,0.0000,0.0000,0,0.00,0
38,LargeCaps5,0,0.0000,0.0000,0.0000,0,0.00,0
38,LargeCaps5,1,0.0000,0.0000,0.0000,0,0.00,0
38,LargeCaps5,2,0.0000,0.0000,0.0000,0,0.00,0
38,LargeCaps5,3,0.0000,0.0000,0.0000,0,0.00,0
38,LargeCaps5,4,0.0000,0.0000,0.0000,0,0.00,0
38,LargeCaps5,5,0.0000,0.0000,0.0000,0,0.00,0
38,LargeCaps5,6,0.0000,0.0000,0.0000,0,0.00,0
38,LargeCaps5,7,0.0000,0.0000,0.0000,0,0.00,0
38,LargeCaps5,8,0.0000,0.0000,0.0000,0,0.00,0
38,LowVolume5,0,0.0000,0.0000,0.0000,0,0.00,0
38,LowVolume5,1,0.0000,0.0000,0.0000,0,0.00,0
38,LowVolume5,2,0.0000,0.0000,0.0000,0,0.00,0
38,LowVolume5,3,0.0000,0.0000,0.0000,0,0.00,0
38,LowVolume5,4,0.0000,0.0000,0.0000,0,0.00,0
38,LowVolume5,5,0.0000,0.0000,0.0000,0,0.00,0
38,LowVolume5,6,0.0000,0.0000,0.0000,0,0.00,0
38,LowVolume5,7,0.0000,0.0000,0.0000,0,0.00,0
38,LowVolume5,8,0.0000,0.0000,0.0000,0,0.00,0
38,Legacy3,0,0.0000,0.0000,0.0000,0,0.00,0
38,Legacy3,1,0.0000,0.0000,0.0000,0,0.00,0
38,Legacy3,2,0.0000,0.0000,0.0000,0,0.00,0
38,Legacy3,3,0.0000,0.0000,0.0000,0,0.00,0
38,Legacy3,4,0.0000,0.0000,0.0000,0,0.00,0
38,Legacy3,5,0.0000,0.0000,0.0000,0,0.00,0
38,Legacy3,6,0.0000,0.0000,0.0000,0,0.00,0
38,Legacy3,7,0.0000,0.0000,0.0000,0,0.00,0
38,Legacy3,8,0.0000,0.0000,0.0000,0,0.00,0
38,Legacy4,0,0.0000,0.0000,0.0000,0,0.00,0
38,Legacy4,1,0.0000,0.0000,0.0000,0,0.00,0
38,Legacy4,2,0.0000,0.0000,0.0000,0,0.00,0
38,Legacy4,3,0.0000,0.0000,0.0000,0,0.00,0
38,Legacy4,4,0.0000,0.0000,0.0000,0,0.00,0
38,Legacy4,5,0.0000,0.0000,0.0000,0,0.00,0
38,Legacy4,6,0.0000,0.0000,0.0000,0,0.00,0
38,Legacy4,7,0.0000,0.0000,0.0000,0,0.00,0
38,Legacy4,8,0.0000,0.0000,0.0000,0,0.00,0
38,Legacy5,0,0.0000,0.0000,0.0000,0,0.00,0
38,Legacy5,1,0.0000,0.0000,0.0000,0,0.00,0
38,Legacy5,2,0.0000,0.0000,0.0000,0,0.00,0
38,Legacy5,3,0.0000,0.0000,0.0000,0,0.00,0
38,Legacy5,4,0.0000,0.0000,0.0000,0,0.00,0
38,Legacy5,5,0.0000,0.0000,0.0000,0,0.00,0
38,Legacy5,6,0.0000,0.0000,0.0000,0,0.00,0
38,Legacy5,7,0.0000,0.0000,0.0000,0,0.00,0
38,Legacy5,8,0.0000,0.0000,0.0000,0,0.00,0
38,Legacy4BNB,0,0.0000,0.0000,0.0000,0,0.00,0
38,Legacy4BNB,1,0.0000,0.0000,0.0000,0,0.00,0
38,Legacy4BNB,2,0.0000,0.0000,0.0000,0,0.00,0
38,Legacy4BNB,3,0.0000,0.0000,0.0000,0,0.00,0
38,Legacy4BNB,4,0.0000,0.0000,0.0000,0,0.00,0
38,Legacy4BNB,5,0.0000,0.0000,0.0000,0,0.00,0
38,Legacy4BNB,6,0.0000,0.0000,0.0000,0,0.00,0
38,Legacy4BNB,7,0.0000,0.0000,0.0000,0,0.00,0
38,Legacy4BNB,8,0.0000,0.0000,0.0000,0,0.00,0
38,Legacy5BNB,0,0.0000,0.0000,0.0000,0,0.00,0
38,Legacy5BNB,1,0.0000,0.0000,0.0000,0,0.00,0
38,Legacy5BNB,2,0.0000,0.0000,0.0000,0,0.00,0
38,Legacy5BNB,3,0.0000,0.0000,0.0000,0,0.00,0
38,Legacy5BNB,4,0.0000,0.0000,0.0000,0,0.00,0
38,Legacy5BNB,5,0.0000,0.0000,0.0000,0,0.00,0
38,Legacy5BNB,6,0.0000,0.0000,0.0000,0,0.00,0
38,Legacy5BNB,7,0.0000,0.0000,0.0000,0,0.00,0
38,Legacy5BNB,8,0.0000,0.0000,0.0000,0,0.00,0
39,Base5,0,0.0000,0.0000,0.0000,0,0.00,0
39,Base5,1,0.0000,0.0000,0.0000,0,0.00,0
39,Base5,2,0.0000,0.0000,0.0000,0,0.00,0
39,Base5,3,0.0000,0.0000,0.0000,0,0.00,0
39,Base5,4,0.0000,0.0000,0.0000,0,0.00,0
39,Base5,5,0.0000,0.0000,0.0000,0,0.00,0
39,Base5,6,0.0000,0.0000,0.0000,0,0.00,0
39,Base5,7,0.0000,0.0000,0.0000,0,0.00,0
39,Base5,8,0.0000,0.0000,0.0000,0,0.00,0
39,NoDOGE,0,0.0000,0.0000,0.0000,0,0.00,0
39,NoDOGE,1,0.0000,0.0000,0.0000,0,0.00,0
39,NoDOGE,2,0.0000,0.0000,0.0000,0,0.00,0
39,NoDOGE,3,0.0000,0.0000,0.0000,0,0.00,0
39,NoDOGE,4,0.0000,0.0000,0.0000,0,0.00,0
39,NoDOGE,5,0.0000,0.0000,0.0000,0,0.00,0
39,NoDOGE,6,0.0000,0.0000,0.0000,0,0.00,0
39,NoDOGE,7,0.0000,0.0000,0.0000,0,0.00,0
39,NoDOGE,8,0.0000,0.0000,0.0000,0,0.00,0
39,LargeCaps5,0,0.0000,0.0000,0.0000,0,0.00,0
39,LargeCaps5,1,0.0000,0.0000,0.0000,0,0.00,0
39,LargeCaps5,2,0.0000,0.0000,0.0000,0,0.00,0
39,LargeCaps5,3,0.0000,0.0000,0.0000,0,0.00,0
39,LargeCaps5,4,0.0000,0.0000,0.0000,0,0.00,0
39,LargeCaps5,5,0.0000,0.0000,0.0000,0,0.00,0
39,LargeCaps5,6,0.0000,0.0000,0.0000,0,0.00,0
39,LargeCaps5,7,0.0000,0.0000,0.0000,0,0.00,0
39,LargeCaps5,8,0.0000,0.0000,0.0000,0,0.00,0
39,LowVolume5,0,0.0000,0.0000,0.0000,0,0.00,0
39,LowVolume5,1,0.0000,0.0000,0.0000,0,0.00,0
39,LowVolume5,2,0.0000,0.0000,0.0000,0,0.00,0
39,LowVolume5,3,0.0000,0.0000,0.0000,0,0.00,0
39,LowVolume5,4,0.0000,0.0000,0.0000,0,0.00,0
39,LowVolume5,5,0.0000,0.0000,0.0000,0,0.00,0
39,LowVolume5,6,0.0000,0.0000,0.0000,0,0.00,0
39,LowVolume5,7,0.0000,0.0000,0.0000,0,0.00,0
39,LowVolume5,8,0.0000,0.0000,0.0000,0,0.00,0
39,Legacy3,0,0.0000,0.0000,0.0000,0,0.00,0
39,Legacy3,1,0.0000,0.0000,0.0000,0,0.00,0
39,Legacy3,2,0.0000,0.0000,0.0000,0,0.00,0
39,Legacy3,3,0.0000,0.0000,0.0000,0,0.00,0
39,Legacy3,4,0.0000,0.0000,0.0000,0,0.00,0
39,Legacy3,5,0.0000,0.0000,0.0000,0,0.00,0
39,Legacy3,6,0.0000,0.0000,0.0000,0,0.00,0
39,Legacy3,7,0.0000,0.0000,0.0000,0,0.00,0
39,Legacy3,8,0.0000,0.0000,0.0000,0,0.00,0
39,Legacy4,0,0.0000,0.0000,0.0000,0,0.00,0
39,Legacy4,1,0.0000,0.0000,0.0000,0,0.00,0
39,Legacy4,2,0.0000,0.0000,0.0000,0,0.00,0
39,Legacy4,3,0.0000,0.0000,0.0000,0,0.00,0
39,Legacy4,4,0.0000,0.0000,0.0000,0,0.00,0
39,Legacy4,5,0.0000,0.0000,0.0000,0,0.00,0
39,Legacy4,6,0.0000,0.0000,0.0000,0,0.00,0
39,Legacy4,7,0.0000,0.0000,0.0000,0,0.00,0
39,Legacy4,8,0.0000,0.0000,0.0000,0,0.00,0
39,Legacy5,0,0.0000,0.0000,0.0000,0,0.00,0
39,Legacy5,1,0.0000,0.0000,0.0000,0,0.00,0
39,Legacy5,2,0.0000,0.0000,0.0000,0,0.00,0
39,Legacy5,3,0.0000,0.0000,0.0000,0,0.00,0
39,Legacy5,4,0.0000,0.0000,0.0000,0,0.00,0
39,Legacy5,5,0.0000,0.0000,0.0000,0,0.00,0
39,Legacy5,6,0.0000,0.0000,0.0000,0,0.00,0
39,Legacy5,7,0.0000,0.0000,0.0000,0,0.00,0
39,Legacy5,8,0.0000,0.0000,0.0000,0,0.00,0
39,Legacy4BNB,0,0.0000,0.0000,0.0000,0,0.00,0
39,Legacy4BNB,1,0.0000,0.0000,0.0000,0,0.00,0
39,Legacy4BNB,2,0.0000,0.0000,0.0000,0,0.00,0
39,Legacy4BNB,3,0.0000,0.0000,0.0000,0,0.00,0
39,Legacy4BNB,4,0.0000,0.0000,0.0000,0,0.00,0
39,Legacy4BNB,5,0.0000,0.0000,0.0000,0,0.00,0
39,Legacy4BNB,6,0.0000,0.0000,0.0000,0,0.00,0
39,Legacy4BNB,7,0.0000,0.0000,0.0000,0,0.00,0
39,Legacy4BNB,8,0.0000,0.0000,0.0000,0,0.00,0
39,Legacy5BNB,0,0.0000,0.0000,0.0000,0,0.00,0
39,Legacy5BNB,1,0.0000,0.0000,0.0000,0,0.00,0
39,Legacy5BNB,2,0.0000,0.0000,0.0000,0,0.00,0
39,Legacy5BNB,3,0.0000,0.0000,0.0000,0,0.00,0
39,Legacy5BNB,4,0.0000,0.0000,0.0000,0,0.00,0
39,Legacy5BNB,5,0.0000,0.0000,0.0000,0,0.00,0
39,Legacy5BNB,6,0.0000,0.0000,0.0000,0,0.00,0
39,Legacy5BNB,7,0.0000,0.0000,0.0000,0,0.00,0
39,Legacy5BNB,8,0.0000,0.0000,0.0000,0,0.00,0
40,Base5,0,0.0000,0.0000,0.0000,0,0.00,0
40,Base5,1,0.0000,0.0000,0.0000,0,0.00,0
40,Base5,2,0.0000,0.0000,0.0000,0,0.00,0
40,Base5,3,0.0000,0.0000,0.0000,0,0.00,0
40,Base5,4,0.0000,0.0000,0.0000,0,0.00,0
40,Base5,5,0.0000,0.0000,0.0000,0,0.00,0
40,Base5,6,0.0000,0.0000,0.0000,0,0.00,0
40,Base5,7,0.0000,0.0000,0.0000,0,0.00,0
40,Base5,8,0.0000,0.0000,0.0000,0,0.00,0
40,NoDOGE,0,0.0000,0.0000,0.0000,0,0.00,0
40,NoDOGE,1,0.0000,0.0000,0.0000,0,0.00,0
40,NoDOGE,2,0.0000,0.0000,0.0000,0,0.00,0
40,NoDOGE,3,0.0000,0.0000,0.0000,0,0.00,0
40,NoDOGE,4,0.0000,0.0000,0.0000,0,0.00,0
40,NoDOGE,5,0.0000,0.0000,0.0000,0,0.00,0
40,NoDOGE,6,0.0000,0.0000,0.0000,0,0.00,0
40,NoDOGE,7,0.0000,0.0000,0.0000,0,0.00,0
40,NoDOGE,8,0.0000,0.0000,0.0000,0,0.00,0
40,LargeCaps5,0,0.0000,0.0000,0.0000,0,0.00,0
40,LargeCaps5,1,0.0000,0.0000,0.0000,0,0.00,0
40,LargeCaps5,2,0.0000,0.0000,0.0000,0,0.00,0
40,LargeCaps5,3,0.0000,0.0000,0.0000,0,0.00,0
40,LargeCaps5,4,0.0000,0.0000,0.0000,0,0.00,0
40,LargeCaps5,5,0.0000,0.0000,0.0000,0,0.00,0
40,LargeCaps5,6,0.0000,0.0000,0.0000,0,0.00,0
40,LargeCaps5,7,0.0000,0.0000,0.0000,0,0.00,0
40,LargeCaps5,8,0.0000,0.0000,0.0000,0,0.00,0
40,LowVolume5,0,0.0000,0.0000,0.0000,0,0.00,0
40,LowVolume5,1,0.0000,0.0000,0.0000,0,0.00,0
40,LowVolume5,2,0.0000,0.0000,0.0000,0,0.00,0
40,LowVolume5,3,0.0000,0.0000,0.0000,0,0.00,0
40,LowVolume5,4,0.0000,0.0000,0.0000,0,0.00,0
40,LowVolume5,5,0.0000,0.0000,0.0000,0,0.00,0
40,LowVolume5,6,0.0000,0.0000,0.0000,0,0.00,0
40,LowVolume5,7,0.0000,0.0000,0.0000,0,0.00,0
40,LowVolume5,8,0.0000,0.0000,0.0000,0,0.00,0
40,Legacy3,0,0.0000,0.0000,0.0000,0,0.00,0
40,Legacy3,1,0.0000,0.0000,0.0000,0,0.00,0
40,Legacy3,2,0.0000,0.0000,0.0000,0,0.00,0
40,Legacy3,3,0.0000,0.0000,0.0000,0,0.00,0
40,Legacy3,4,0.0000,0.0000,0.0000,0,0.00,0
40,Legacy3,5,0.0000,0.0000,0.0000,0,0.00,0
40,Legacy3,6,0.0000,0.0000,0.0000,0,0.00,0
40,Legacy3,7,0.0000,0.0000,0.0000,0,0.00,0
40,Legacy3,8,0.0000,0.0000,0.0000,0,0.00,0
40,Legacy4,0,0.0000,0.0000,0.0000,0,0.00,0
40,Legacy4,1,0.0000,0.0000,0.0000,0,0.00,0
40,Legacy4,2,0.0000,0.0000,0.0000,0,0.00,0
40,Legacy4,3,0.0000,0.0000,0.0000,0,0.00,0
40,Legacy4,4,0.0000,0.0000,0.0000,0,0.00,0
40,Legacy4,5,0.0000,0.0000,0.0000,0,0.00,0
40,Legacy4,6,0.0000,0.0000,0.0000,0,0.00,0
40,Legacy4,7,0.0000,0.0000,0.0000,0,0.00,0
40,Legacy4,8,0.0000,0.0000,0.0000,0,0.00,0
40,Legacy5,0,0.0000,0.0000,0.0000,0,0.00,0
40,Legacy5,1,0.0000,0.0000,0.0000,0,0.00,0
40,Legacy5,2,0.0000,0.0000,0.0000,0,0.00,0
40,Legacy5,3,0.0000,0.0000,0.0000,0,0.00,0
40,Legacy5,4,0.0000,0.0000,0.0000,0,0.00,0
40,Legacy5,5,0.0000,0.0000,0.0000,0,0.00,0
40,Legacy5,6,0.0000,0.0000,0.0000,0,0.00,0
40,Legacy5,7,0.0000,0.0000,0.0000,0,0.00,0
40,Legacy5,8,0.0000,0.0000,0.0000,0,0.00,0
40,Legacy4BNB,0,0.0000,0.0000,0.0000,0,0.00,0
40,Legacy4BNB,1,0.0000,0.0000,0.0000,0,0.00,0
40,Legacy4BNB,2,0.0000,0.0000,0.0000,0,0.00,0
40,Legacy4BNB,3,0.0000,0.0000,0.0000,0,0.00,0
40,Legacy4BNB,4,0.0000,0.0000,0.0000,0,0.00,0
40,Legacy4BNB,5,0.0000,0.0000,0.0000,0,0.00,0
40,Legacy4BNB,6,0.0000,0.0000,0.0000,0,0.00,0
40,Legacy4BNB,7,0.0000,0.0000,0.0000,0,0.00,0
40,Legacy4BNB,8,0.0000,0.0000,0.0000,0,0.00,0
40,Legacy5BNB,0,0.0000,0.0000,0.0000,0,0.00,0
40,Legacy5BNB,1,0.0000,0.0000,0.0000,0,0.00,0
40,Legacy5BNB,2,0.0000,0.0000,0.0000,0,0.00,0
40,Legacy5BNB,3,0.0000,0.0000,0.0000,0,0.00,0
40,Legacy5BNB,4,0.0000,0.0000,0.0000,0,0.00,0
40,Legacy5BNB,5,0.0000,0.0000,0.0000,0,0.00,0
40,Legacy5BNB,6,0.0000,0.0000,0.0000,0,0.00,0
40,Legacy5BNB,7,0.0000,0.0000,0.0000,0,0.00,0
40,Legacy5BNB,8,0.0000,0.0000,0.0000,0,0.00,0
41,Base5,0,0.0000,0.0000,0.0000,0,0.00,0
41,Base5,1,0.0000,0.0000,0.0000,0,0.00,0
41,Base5,2,0.0000,0.0000,0.0000,0,0.00,0
41,Base5,3,0.0000,0.0000,0.0000,0,0.00,0
41,Base5,4,0.0000,0.0000,0.0000,0,0.00,0
41,Base5,5,0.0000,0.0000,0.0000,0,0.00,0
41,Base5,6,0.0000,0.0000,0.0000,0,0.00,0
41,Base5,7,0.0000,0.0000,0.0000,0,0.00,0
41,Base5,8,0.0000,0.0000,0.0000,0,0.00,0
41,NoDOGE,0,0.0000,0.0000,0.0000,0,0.00,0
41,NoDOGE,1,0.0000,0.0000,0.0000,0,0.00,0
41,NoDOGE,2,0.0000,0.0000,0.0000,0,0.00,0
41,NoDOGE,3,0.0000,0.0000,0.0000,0,0.00,0
41,NoDOGE,4,0.0000,0.0000,0.0000,0,0.00,0
41,NoDOGE,5,0.0000,0.0000,0.0000,0,0.00,0
41,NoDOGE,6,0.0000,0.0000,0.0000,0,0.00,0
41,NoDOGE,7,0.0000,0.0000,0.0000,0,0.00,0
41,NoDOGE,8,0.0000,0.0000,0.0000,0,0.00,0
41,LargeCaps5,0,0.0000,0.0000,0.0000,0,0.00,0
41,LargeCaps5,1,0.0000,0.0000,0.0000,0,0.00,0
41,LargeCaps5,2,0.0000,0.0000,0.0000,0,0.00,0
41,LargeCaps5,3,0.0000,0.0000,0.0000,0,0.00,0
41,LargeCaps5,4,0.0000,0.0000,0.0000,0,0.00,0
41,LargeCaps5,5,0.0000,0.0000,0.0000,0,0.00,0
41,LargeCaps5,6,0.0000,0.0000,0.0000,0,0.00,0
41,LargeCaps5,7,0.0000,0.0000,0.0000,0,0.00,0
41,LargeCaps5,8,0.0000,0.0000,0.0000,0,0.00,0
41,LowVolume5,0,0.0000,0.0000,0.0000,0,0.00,0
41,LowVolume5,1,0.0000,0.0000,0.0000,0,0.00,0
41,LowVolume5,2,0.0000,0.0000,0.0000,0,0.00,0
41,LowVolume5,3,0.0000,0.0000,0.0000,0,0.00,0
41,LowVolume5,4,0.0000,0.0000,0.0000,0,0.00,0
41,LowVolume5,5,0.0000,0.0000,0.0000,0,0.00,0
41,LowVolume5,6,0.0000,0.0000,0.0000,0,0.00,0
41,LowVolume5,7,0.0000,0.0000,0.0000,0,0.00,0
41,LowVolume5,8,0.0000,0.0000,0.0000,0,0.00,0
41,Legacy3,0,0.0000,0.0000,0.0000,0,0.00,0
41,Legacy3,1,0.0000,0.0000,0.0000,0,0.00,0
41,Legacy3,2,0.0000,0.0000,0.0000,0,0.00,0
41,Legacy3,3,0.0000,0.0000,0.0000,0,0.00,0
41,Legacy3,4,0.0000,0.0000,0.0000,0,0.00,0
41,Legacy3,5,0.0000,0.0000,0.0000,0,0.00,0
41,Legacy3,6,0.0000,0.0000,0.0000,0,0.00,0
41,Legacy3,7,0.0000,0.0000,0.0000,0,0.00,0
41,Legacy3,8,0.0000,0.0000,0.0000,0,0.00,0
41,Legacy4,0,0.0000,0.0000,0.0000,0,0.00,0
41,Legacy4,1,0.0000,0.0000,0.0000,0,0.00,0
41,Legacy4,2,0.0000,0.0000,0.0000,0,0.00,0
41,Legacy4,3,0.0000,0.0000,0.0000,0,0.00,0
41,Legacy4,4,0.0000,0.0000,0.0000,0,0.00,0
41,Legacy4,5,0.0000,0.0000,0.0000,0,0.00,0
41,Legacy4,6,0.0000,0.0000,0.0000,0,0.00,0
41,Legacy4,7,0.0000,0.0000,0.0000,0,0.00,0
41,Legacy4,8,0.0000,0.0000,0.0000,0,0.00,0
41,Legacy5,0,0.0000,0.0000,0.0000,0,0.00,0
41,Legacy5,1,0.0000,0.0000,0.0000,0,0.00,0
41,Legacy5,2,0.0000,0.0000,0.0000,0,0.00,0
41,Legacy5,3,0.0000,0.0000,0.0000,0,0.00,0
41,Legacy5,4,0.0000,0.0000,0.0000,0,0.00,0
41,Legacy5,5,0.0000,0.0000,0.0000,0,0.00,0
41,Legacy5,6,0.0000,0.0000,0.0000,0,0.00,0
41,Legacy5,7,0.0000,0.0000,0.0000,0,0.00,0
41,Legacy5,8,0.0000,0.0000,0.0000,0,0.00,0
41,Legacy4BNB,0,0.0000,0.0000,0.0000,0,0.00,0
41,Legacy4BNB,1,0.0000,0.0000,0.0000,0,0.00,0
41,Legacy4BNB,2,0.0000,0.0000,0.0000,0,0.00,0
41,Legacy4BNB,3,0.0000,0.0000,0.0000,0,0.00,0
41,Legacy4BNB,4,0.0000,0.0000,0.0000,0,0.00,0
41,Legacy4BNB,5,0.0000,0.0000,0.0000,0,0.00,0
41,Legacy4BNB,6,0.0000,0.0000,0.0000,0,0.00,0
41,Legacy4BNB,7,0.0000,0.0000,0.0000,0,0.00,0
41,Legacy4BNB,8,0.0000,0.0000,0.0000,0,0.00,0
41,Legacy5BNB,0,0.0000,0.0000,0.0000,0,0.00,0
41,Legacy5BNB,1,0.0000,0.0000,0.0000,0,0.00,0
41,Legacy5BNB,2,0.0000,0.0000,0.0000,0,0.00,0
41,Legacy5BNB,3,0.0000,0.0000,0.0000,0,0.00,0
41,Legacy5BNB,4,0.0000,0.0000,0.0000,0,0.00,0
41,Legacy5BNB,5,0.0000,0.0000,0.0000,0,0.00,0
41,Legacy5BNB,6,0.0000,0.0000,0.0000,0,0.00,0
41,Legacy5BNB,7,0.0000,0.0000,0.0000,0,0.00,0
41,Legacy5BNB,8,0.0000,0.0000,0.0000,0,0.00,0
42,Base5,0,0.0000,0.0000,0.0000,0,0.00,0
42,Base5,1,0.0000,0.0000,0.0000,0,0.00,0
42,Base5,2,0.0000,0.0000,0.0000,0,0.00,0
42,Base5,3,0.0000,0.0000,0.0000,0,0.00,0
42,Base5,4,0.0000,0.0000,0.0000,0,0.00,0
42,Base5,5,0.0000,0.0000,0.0000,0,0.00,0
42,Base5,6,0.0000,0.0000,0.0000,0,0.00,0
42,Base5,7,0.0000,0.0000,0.0000,0,0.00,0
42,Base5,8,0.0000,0.0000,0.0000,0,0.00,0
42,NoDOGE,0,0.0000,0.0000,0.0000,0,0.00,0
42,NoDOGE,1,0.0000,0.0000,0.0000,0,0.00,0
42,NoDOGE,2,0.0000,0.0000,0.0000,0,0.00,0
42,NoDOGE,3,0.0000,0.0000,0.0000,0,0.00,0
42,NoDOGE,4,0.0000,0.0000,0.0000,0,0.00,0
42,NoDOGE,5,0.0000,0.0000,0.0000,0,0.00,0
42,NoDOGE,6,0.0000,0.0000,0.0000,0,0.00,0
42,NoDOGE,7,0.0000,0.0000,0.0000,0,0.00,0
42,NoDOGE,8,0.0000,0.0000,0.0000,0,0.00,0
42,LargeCaps5,0,0.0000,0.0000,0.0000,0,0.00,0
42,LargeCaps5,1,0.0000,0.0000,0.0000,0,0.00,0
42,LargeCaps5,2,0.0000,0.0000,0.0000,0,0.00,0
42,LargeCaps5,3,0.0000,0.0000,0.0000,0,0.00,0
42,LargeCaps5,4,0.0000,0.0000,0.0000,0,0.00,0
42,LargeCaps5,5,0.0000,0.0000,0.0000,0,0.00,0
42,LargeCaps5,6,0.0000,0.0000,0.0000,0,0.00,0
42,LargeCaps5,7,0.0000,0.0000,0.0000,0,0.00,0
42,LargeCaps5,8,0.0000,0.0000,0.0000,0,0.00,0
42,LowVolume5,0,0.0000,0.0000,0.0000,0,0.00,0
42,LowVolume5,1,0.0000,0.0000,0.0000,0,0.00,0
42,LowVolume5,2,0.0000,0.0000,0.0000,0,0.00,0
42,LowVolume5,3,0.0000,0.0000,0.0000,0,0.00,0
42,LowVolume5,4,0.0000,0.0000,0.0000,0,0.00,0
42,LowVolume5,5,0.0000,0.0000,0.0000,0,0.00,0
42,LowVolume5,6,0.0000,0.0000,0.0000,0,0.00,0
42,LowVolume5,7,0.0000,0.0000,0.0000,0,0.00,0
42,LowVolume5,8,0.0000,0.0000,0.0000,0,0.00,0
42,Legacy3,0,0.0000,0.0000,0.0000,0,0.00,0
42,Legacy3,1,0.0000,0.0000,0.0000,0,0.00,0
42,Legacy3,2,0.0000,0.0000,0.0000,0,0.00,0
42,Legacy3,3,0.0000,0.0000,0.0000,0,0.00,0
42,Legacy3,4,0.0000,0.0000,0.0000,0,0.00,0
42,Legacy3,5,0.0000,0.0000,0.0000,0,0.00,0
42,Legacy3,6,0.0000,0.0000,0.0000,0,0.00,0
42,Legacy3,7,0.0000,0.0000,0.0000,0,0.00,0
42,Legacy3,8,0.0000,0.0000,0.0000,0,0.00,0
42,Legacy4,0,0.0000,0.0000,0.0000,0,0.00,0
42,Legacy4,1,0.0000,0.0000,0.0000,0,0.00,0
42,Legacy4,2,0.0000,0.0000,0.0000,0,0.00,0
42,Legacy4,3,0.0000,0.0000,0.0000,0,0.00,0
42,Legacy4,4,0.0000,0.0000,0.0000,0,0.00,0
42,Legacy4,5,0.0000,0.0000,0.0000,0,0.00,0
42,Legacy4,6,0.0000,0.0000,0.0000,0,0.00,0
42,Legacy4,7,0.0000,0.0000,0.0000,0,0.00,0
42,Legacy4,8,0.0000,0.0000,0.0000,0,0.00,0
42,Legacy5,0,0.0000,0.0000,0.0000,0,0.00,0
42,Legacy5,1,0.0000,0.0000,0.0000,0,0.00,0
42,Legacy5,2,0.0000,0.0000,0.0000,0,0.00,0
42,Legacy5,3,0.0000,0.0000,0.0000,0,0.00,0
42,Legacy5,4,0.0000,0.0000,0.0000,0,0.00,0
42,Legacy5,5,0.0000,0.0000,0.0000,0,0.00,0
42,Legacy5,6,0.0000,0.0000,0.0000,0,0.00,0
42,Legacy5,7,0.0000,0.0000,0.0000,0,0.00,0
42,Legacy5,8,0.0000,0.0000,0.0000,0,0.00,0
42,Legacy4BNB,0,0.0000,0.0000,0.0000,0,0.00,0
42,Legacy4BNB,1,0.0000,0.0000,0.0000,0,0.00,0
42,Legacy4BNB,2,0.0000,0.0000,0.0000,0,0.00,0
42,Legacy4BNB,3,0.0000,0.0000,0.0000,0,0.00,0
42,Legacy4BNB,4,0.0000,0.0000,0.0000,0,0.00,0
42,Legacy4BNB,5,0.0000,0.0000,0.0000,0,0.00,0
42,Legacy4BNB,6,0.0000,0.0000,0.0000,0,0.00,0
42,Legacy4BNB,7,0.0000,0.0000,0.0000,0,0.00,0
42,Legacy4BNB,8,0.0000,0.0000,0.0000,0,0.00,0
42,Legacy5BNB,0,0.0000,0.0000,0.0000,0,0.00,0
42,Legacy5BNB,1,0.0000,0.0000,0.0000,0,0.00,0
42,Legacy5BNB,2,0.0000,0.0000,0.0000,0,0.00,0
42,Legacy5BNB,3,0.0000,0.0000,0.0000,0,0.00,0
42,Legacy5BNB,4,0.0000,0.0000,0.0000,0,0.00,0
42,Legacy5BNB,5,0.0000,0.0000,0.0000,0,0.00,0
42,Legacy5BNB,6,0.0000,0.0000,0.0000,0,0.00,0
42,Legacy5BNB,7,0.0000,0.0000,0.0000,0,0.00,0
42,Legacy5BNB,8,0.0000,0.0000,0.0000,0,0.00,0
43,Base5,0,0.0000,0.0000,0.0000,0,0.00,0
43,Base5,1,0.0000,0.0000,0.0000,0,0.00,0
43,Base5,2,0.0000,0.0000,0.0000,0,0.00,0
43,Base5,3,0.0000,0.0000,0.0000,0,0.00,0
43,Base5,4,0.0000,0.0000,0.0000,0,0.00,0
43,Base5,5,0.0000,0.0000,0.0000,0,0.00,0
43,Base5,6,0.0000,0.0000,0.0000,0,0.00,0
43,Base5,7,0.0000,0.0000,0.0000,0,0.00,0
43,Base5,8,0.0000,0.0000,0.0000,0,0.00,0
43,NoDOGE,0,0.0000,0.0000,0.0000,0,0.00,0
43,NoDOGE,1,0.0000,0.0000,0.0000,0,0.00,0
43,NoDOGE,2,0.0000,0.0000,0.0000,0,0.00,0
43,NoDOGE,3,0.0000,0.0000,0.0000,0,0.00,0
43,NoDOGE,4,0.0000,0.0000,0.0000,0,0.00,0
43,NoDOGE,5,0.0000,0.0000,0.0000,0,0.00,0
43,NoDOGE,6,0.0000,0.0000,0.0000,0,0.00,0
43,NoDOGE,7,0.0000,0.0000,0.0000,0,0.00,0
43,NoDOGE,8,0.0000,0.0000,0.0000,0,0.00,0
43,LargeCaps5,0,0.0000,0.0000,0.0000,0,0.00,0
43,LargeCaps5,1,0.0000,0.0000,0.0000,0,0.00,0
43,LargeCaps5,2,0.0000,0.0000,0.0000,0,0.00,0
43,LargeCaps5,3,0.0000,0.0000,0.0000,0,0.00,0
43,LargeCaps5,4,0.0000,0.0000,0.0000,0,0.00,0
43,LargeCaps5,5,0.0000,0.0000,0.0000,0,0.00,0
43,LargeCaps5,6,0.0000,0.0000,0.0000,0,0.00,0
43,LargeCaps5,7,0.0000,0.0000,0.0000,0,0.00,0
43,LargeCaps5,8,0.0000,0.0000,0.0000,0,0.00,0
43,LowVolume5,0,0.0000,0.0000,0.0000,0,0.00,0
43,LowVolume5,1,0.0000,0.0000,0.0000,0,0.00,0
43,LowVolume5,2,0.0000,0.0000,0.0000,0,0.00,0
43,LowVolume5,3,0.0000,0.0000,0.0000,0,0.00,0
43,LowVolume5,4,0.0000,0.0000,0.0000,0,0.00,0
43,LowVolume5,5,0.0000,0.0000,0.0000,0,0.00,0
43,LowVolume5,6,0.0000,0.0000,0.0000,0,0.00,0
43,LowVolume5,7,0.0000,0.0000,0.0000,0,0.00,0
43,LowVolume5,8,0.0000,0.0000,0.0000,0,0.00,0
43,Legacy3,0,0.0000,0.0000,0.0000,0,0.00,0
43,Legacy3,1,0.0000,0.0000,0.0000,0,0.00,0
43,Legacy3,2,0.0000,0.0000,0.0000,0,0.00,0
43,Legacy3,3,0.0000,0.0000,0.0000,0,0.00,0
43,Legacy3,4,0.0000,0.0000,0.0000,0,0.00,0
43,Legacy3,5,0.0000,0.0000,0.0000,0,0.00,0
43,Legacy3,6,0.0000,0.0000,0.0000,0,0.00,0
43,Legacy3,7,0.0000,0.0000,0.0000,0,0.00,0
43,Legacy3,8,0.0000,0.0000,0.0000,0,0.00,0
43,Legacy4,0,0.0000,0.0000,0.0000,0,0.00,0
43,Legacy4,1,0.0000,0.0000,0.0000,0,0.00,0
43,Legacy4,2,0.0000,0.0000,0.0000,0,0.00,0
43,Legacy4,3,0.0000,0.0000,0.0000,0,0.00,0
43,Legacy4,4,0.0000,0.0000,0.0000,0,0.00,0
43,Legacy4,5,0.0000,0.0000,0.0000,0,0.00,0
43,Legacy4,6,0.0000,0.0000,0.0000,0,0.00,0
43,Legacy4,7,0.0000,0.0000,0.0000,0,0.00,0
43,Legacy4,8,0.0000,0.0000,0.0000,0,0.00,0
43,Legacy5,0,0.0000,0.0000,0.0000,0,0.00,0
43,Legacy5,1,0.0000,0.0000,0.0000,0,0.00,0
43,Legacy5,2,0.0000,0.0000,0.0000,0,0.00,0
43,Legacy5,3,0.0000,0.0000,0.0000,0,0.00,0
43,Legacy5,4,0.0000,0.0000,0.0000,0,0.00,0
43,Legacy5,5,0.0000,0.0000,0.0000,0,0.00,0
43,Legacy5,6,0.0000,0.0000,0.0000,0,0.00,0
43,Legacy5,7,0.0000,0.0000,0.0000,0,0.00,0
43,Legacy5,8,0.0000,0.0000,0.0000,0,0.00,0
43,Legacy4BNB,0,0.0000,0.0000,0.0000,0,0.00,0
43,Legacy4BNB,1,0.0000,0.0000,0.0000,0,0.00,0
43,Legacy4BNB,2,0.0000,0.0000,0.0000,0,0.00,0
43,Legacy4BNB,3,0.0000,0.0000,0.0000,0,0.00,0
43,Legacy4BNB,4,0.0000,0.0000,0.0000,0,0.00,0
43,Legacy4BNB,5,0.0000,0.0000,0.0000,0,0.00,0
43,Legacy4BNB,6,0.0000,0.0000,0.0000,0,0.00,0
43,Legacy4BNB,7,0.0000,0.0000,0.0000,0,0.00,0
43,Legacy4BNB,8,0.0000,0.0000,0.0000,0,0.00,0
43,Legacy5BNB,0,0.0000,0.0000,0.0000,0,0.00,0
43,Legacy5BNB,1,0.0000,0.0000,0.0000,0,0.00,0
43,Legacy5BNB,2,0.0000,0.0000,0.0000,0,0.00,0
43,Legacy5BNB,3,0.0000,0.0000,0.0000,0,0.00,0
43,Legacy5BNB,4,0.0000,0.0000,0.0000,0,0.00,0
43,Legacy5BNB,5,0.0000,0.0000,0.0000,0,0.00,0
43,Legacy5BNB,6,0.0000,0.0000,0.0000,0,0.00,0
43,Legacy5BNB,7,0.0000,0.0000,0.0000,0,0.00,0
43,Legacy5BNB,8,0.0000,0.0000,0.0000,0,0.00,0
44,Base5,0,0.0000,0.0000,0.0000,0,0.00,0
44,Base5,1,0.0000,0.0000,0.0000,0,0.00,0
44,Base5,2,0.0000,0.0000,0.0000,0,0.00,0
44,Base5,3,0.0000,0.0000,0.0000,0,0.00,0
44,Base5,4,0.0000,0.0000,0.0000,0,0.00,0
44,Base5,5,0.0000,0.0000,0.0000,0,0.00,0
44,Base5,6,0.0000,0.0000,0.0000,0,0.00,0
44,Base5,7,0.0000,0.0000,0.0000,0,0.00,0
44,Base5,8,0.0000,0.0000,0.0000,0,0.00,0
44,NoDOGE,0,0.0000,0.0000,0.0000,0,0.00,0
44,NoDOGE,1,0.0000,0.0000,0.0000,0,0.00,0
44,NoDOGE,2,0.0000,0.0000,0.0000,0,0.00,0
44,NoDOGE,3,0.0000,0.0000,0.0000,0,0.00,0
44,NoDOGE,4,0.0000,0.0000,0.0000,0,0.00,0
44,NoDOGE,5,0.0000,0.0000,0.0000,0,0.00,0
44,NoDOGE,6,0.0000,0.0000,0.0000,0,0.00,0
44,NoDOGE,7,0.0000,0.0000,0.0000,0,0.00,0
44,NoDOGE,8,0.0000,0.0000,0.0000,0,0.00,0
44,LargeCaps5,0,0.0000,0.0000,0.0000,0,0.00,0
44,LargeCaps5,1,0.0000,0.0000,0.0000,0,0.00,0
44,LargeCaps5,2,0.0000,0.0000,0.0000,0,0.00,0
44,LargeCaps5,3,0.0000,0.0000,0.0000,0,0.00,0
44,LargeCaps5,4,0.0000,0.0000,0.0000,0,0.00,0
44,LargeCaps5,5,0.0000,0.0000,0.0000,0,0.00,0
44,LargeCaps5,6,0.0000,0.0000,0.0000,0,0.00,0
44,LargeCaps5,7,0.0000,0.0000,0.0000,0,0.00,0
44,LargeCaps5,8,0.0000,0.0000,0.0000,0,0.00,0
44,LowVolume5,0,0.0000,0.0000,0.0000,0,0.00,0
44,LowVolume5,1,0.0000,0.0000,0.0000,0,0.00,0
44,LowVolume5,2,0.0000,0.0000,0.0000,0,0.00,0
44,LowVolume5,3,0.0000,0.0000,0.0000,0,0.00,0
44,LowVolume5,4,0.0000,0.0000,0.0000,0,0.00,0
44,LowVolume5,5,0.0000,0.0000,0.0000,0,0.00,0
44,LowVolume5,6,0.0000,0.0000,0.0000,0,0.00,0
44,LowVolume5,7,0.0000,0.0000,0.0000,0,0.00,0
44,LowVolume5,8,0.0000,0.0000,0.0000,0,0.00,0
44,Legacy3,0,0.0000,0.0000,0.0000,0,0.00,0
44,Legacy3,1,0.0000,0.0000,0.0000,0,0.00,0
44,Legacy3,2,0.0000,0.0000,0.0000,0,0.00,0
44,Legacy3,3,0.0000,0.0000,0.0000,0,0.00,0
44,Legacy3,4,0.0000,0.0000,0.0000,0,0.00,0
44,Legacy3,5,0.0000,0.0000,0.0000,0,0.00,0
44,Legacy3,6,0.0000,0.0000,0.0000,0,0.00,0
44,Legacy3,7,0.0000,0.0000,0.0000,0,0.00,0
44,Legacy3,8,0.0000,0.0000,0.0000,0,0.00,0
44,Legacy4,0,0.0000,0.0000,0.0000,0,0.00,0
44,Legacy4,1,0.0000,0.0000,0.0000,0,0.00,0
44,Legacy4,2,0.0000,0.0000,0.0000,0,0.00,0
44,Legacy4,3,0.0000,0.0000,0.0000,0,0.00,0
44,Legacy4,4,0.0000,0.0000,0.0000,0,0.00,0
44,Legacy4,5,0.0000,0.0000,0.0000,0,0.00,0
44,Legacy4,6,0.0000,0.0000,0.0000,0,0.00,0
44,Legacy4,7,0.0000,0.0000,0.0000,0,0.00,0
44,Legacy4,8,0.0000,0.0000,0.0000,0,0.00,0
44,Legacy5,0,0.0000,0.0000,0.0000,0,0.00,0
44,Legacy5,1,0.0000,0.0000,0.0000,0,0.00,0
44,Legacy5,2,0.0000,0.0000,0.0000,0,0.00,0
44,Legacy5,3,0.0000,0.0000,0.0000,0,0.00,0
44,Legacy5,4,0.0000,0.0000,0.0000,0,0.00,0
44,Legacy5,5,0.0000,0.0000,0.0000,0,0.00,0
44,Legacy5,6,0.0000,0.0000,0.0000,0,0.00,0
44,Legacy5,7,0.0000,0.0000,0.0000,0,0.00,0
44,Legacy5,8,0.0000,0.0000,0.0000,0,0.00,0
44,Legacy4BNB,0,0.0000,0.0000,0.0000,0,0.00,0
44,Legacy4BNB,1,0.0000,0.0000,0.0000,0,0.00,0
44,Legacy4BNB,2,0.0000,0.0000,0.0000,0,0.00,0
44,Legacy4BNB,3,0.0000,0.0000,0.0000,0,0.00,0
44,Legacy4BNB,4,0.0000,0.0000,0.0000,0,0.00,0
44,Legacy4BNB,5,0.0000,0.0000,0.0000,0,0.00,0
44,Legacy4BNB,6,0.0000,0.0000,0.0000,0,0.00,0
44,Legacy4BNB,7,0.0000,0.0000,0.0000,0,0.00,0
44,Legacy4BNB,8,0.0000,0.0000,0.0000,0,0.00,0
44,Legacy5BNB,0,0.0000,0.0000,0.0000,0,0.00,0
44,Legacy5BNB,1,0.0000,0.0000,0.0000,0,0.00,0
44,Legacy5BNB,2,0.0000,0.0000,0.0000,0,0.00,0
44,Legacy5BNB,3,0.0000,0.0000,0.0000,0,0.00,0
44,Legacy5BNB,4,0.0000,0.0000,0.0000,0,0.00,0
44,Legacy5BNB,5,0.0000,0.0000,0.0000,0,0.00,0
44,Legacy5BNB,6,0.0000,0.0000,0.0000,0,0.00,0
44,Legacy5BNB,7,0.0000,0.0000,0.0000,0,0.00,0
44,Legacy5BNB,8,0.0000,0.0000,0.0000,0,0.00,0
45,Base5,0,0.0000,0.0000,0.0000,0,0.00,0
45,Base5,1,0.0000,0.0000,0.0000,0,0.00,0
45,Base5,2,0.0000,0.0000,0.0000,0,0.00,0
45,Base5,3,0.0000,0.0000,0.0000,0,0.00,0
45,Base5,4,0.0000,0.0000,0.0000,0,0.00,0
45,Base5,5,0.0000,0.0000,0.0000,0,0.00,0
45,Base5,6,0.0000,0.0000,0.0000,0,0.00,0
45,Base5,7,0.0000,0.0000,0.0000,0,0.00,0
45,Base5,8,0.0000,0.0000,0.0000,0,0.00,0
45,NoDOGE,0,0.0000,0.0000,0.0000,0,0.00,0
45,NoDOGE,1,0.0000,0.0000,0.0000,0,0.00,0
45,NoDOGE,2,0.0000,0.0000,0.0000,0,0.00,0
45,NoDOGE,3,0.0000,0.0000,0.0000,0,0.00,0
45,NoDOGE,4,0.0000,0.0000,0.0000,0,0.00,0
45,NoDOGE,5,0.0000,0.0000,0.0000,0,0.00,0
45,NoDOGE,6,0.0000,0.0000,0.0000,0,0.00,0
45,NoDOGE,7,0.0000,0.0000,0.0000,0,0.00,0
45,NoDOGE,8,0.0000,0.0000,0.0000,0,0.00,0
45,LargeCaps5,0,0.0000,0.0000,0.0000,0,0.00,0
45,LargeCaps5,1,0.0000,0.0000,0.0000,0,0.00,0
45,LargeCaps5,2,0.0000,0.0000,0.0000,0,0.00,0
45,LargeCaps5,3,0.0000,0.0000,0.0000,0,0.00,0
45,LargeCaps5,4,0.0000,0.0000,0.0000,0,0.00,0
45,LargeCaps5,5,0.0000,0.0000,0.0000,0,0.00,0
45,LargeCaps5,6,0.0000,0.0000,0.0000,0,0.00,0
45,LargeCaps5,7,0.0000,0.0000,0.0000,0,0.00,0
45,LargeCaps5,8,0.0000,0.0000,0.0000,0,0.00,0
45,LowVolume5,0,0.0000,0.0000,0.0000,0,0.00,0
45,LowVolume5,1,0.0000,0.0000,0.0000,0,0.00,0
45,LowVolume5,2,0.0000,0.0000,0.0000,0,0.00,0
45,LowVolume5,3,0.0000,0.0000,0.0000,0,0.00,0
45,LowVolume5,4,0.0000,0.0000,0.0000,0,0.00,0
45,LowVolume5,5,0.0000,0.0000,0.0000,0,0.00,0
45,LowVolume5,6,0.0000,0.0000,0.0000,0,0.00,0
45,LowVolume5,7,0.0000,0.0000,0.0000,0,0.00,0
45,LowVolume5,8,0.0000,0.0000,0.0000,0,0.00,0
45,Legacy3,0,0.0000,0.0000,0.0000,0,0.00,0
45,Legacy3,1,0.0000,0.0000,0.0000,0,0.00,0
45,Legacy3,2,0.0000,0.0000,0.0000,0,0.00,0
45,Legacy3,3,0.0000,0.0000,0.0000,0,0.00,0
45,Legacy3,4,0.0000,0.0000,0.0000,0,0.00,0
45,Legacy3,5,0.0000,0.0000,0.0000,0,0.00,0
45,Legacy3,6,0.0000,0.0000,0.0000,0,0.00,0
45,Legacy3,7,0.0000,0.0000,0.0000,0,0.00,0
45,Legacy3,8,0.0000,0.0000,0.0000,0,0.00,0
45,Legacy4,0,0.0000,0.0000,0.0000,0,0.00,0
45,Legacy4,1,0.0000,0.0000,0.0000,0,0.00,0
45,Legacy4,2,0.0000,0.0000,0.0000,0,0.00,0
45,Legacy4,3,0.0000,0.0000,0.0000,0,0.00,0
45,Legacy4,4,0.0000,0.0000,0.0000,0,0.00,0
45,Legacy4,5,0.0000,0.0000,0.0000,0,0.00,0
45,Legacy4,6,0.0000,0.0000,0.0000,0,0.00,0
45,Legacy4,7,0.0000,0.0000,0.0000,0,0.00,0
45,Legacy4,8,0.0000,0.0000,0.0000,0,0.00,0
45,Legacy5,0,0.0000,0.0000,0.0000,0,0.00,0
45,Legacy5,1,0.0000,0.0000,0.0000,0,0.00,0
45,Legacy5,2,0.0000,0.0000,0.0000,0,0.00,0
45,Legacy5,3,0.0000,0.0000,0.0000,0,0.00,0
45,Legacy5,4,0.0000,0.0000,0.0000,0,0.00,0
45,Legacy5,5,0.0000,0.0000,0.0000,0,0.00,0
45,Legacy5,6,0.0000,0.0000,0.0000,0,0.00,0
45,Legacy5,7,0.0000,0.0000,0.0000,0,0.00,0
45,Legacy5,8,0.0000,0.0000,0.0000,0,0.00,0
45,Legacy4BNB,0,0.0000,0.0000,0.0000,0,0.00,0
45,Legacy4BNB,1,0.0000,0.0000,0.0000,0,0.00,0
45,Legacy4BNB,2,0.0000,0.0000,0.0000,0,0.00,0
45,Legacy4BNB,3,0.0000,0.0000,0.0000,0,0.00,0
45,Legacy4BNB,4,0.0000,0.0000,0.0000,0,0.00,0
45,Legacy4BNB,5,0.0000,0.0000,0.0000,0,0.00,0
45,Legacy4BNB,6,0.0000,0.0000,0.0000,0,0.00,0
45,Legacy4BNB,7,0.0000,0.0000,0.0000,0,0.00,0
45,Legacy4BNB,8,0.0000,0.0000,0.0000,0,0.00,0
45,Legacy5BNB,0,0.0000,0.0000,0.0000,0,0.00,0
45,Legacy5BNB,1,0.0000,0.0000,0.0000,0,0.00,0
45,Legacy5BNB,2,0.0000,0.0000,0.0000,0,0.00,0
45,Legacy5BNB,3,0.0000,0.0000,0.0000,0,0.00,0
45,Legacy5BNB,4,0.0000,0.0000,0.0000,0,0.00,0
45,Legacy5BNB,5,0.0000,0.0000,0.0000,0,0.00,0
45,Legacy5BNB,6,0.0000,0.0000,0.0000,0,0.00,0
45,Legacy5BNB,7,0.0000,0.0000,0.0000,0,0.00,0
45,Legacy5BNB,8,0.0000,0.0000,0.0000,0,0.00,0
46,Base5,0,0.0000,0.0000,0.0000,0,0.00,0
46,Base5,1,0.0000,0.0000,0.0000,0,0.00,0
46,Base5,2,0.0000,0.0000,0.0000,0,0.00,0
46,Base5,3,0.0000,0.0000,0.0000,0,0.00,0
46,Base5,4,0.0000,0.0000,0.0000,0,0.00,0
46,Base5,5,0.0000,0.0000,0.0000,0,0.00,0
46,Base5,6,0.0000,0.0000,0.0000,0,0.00,0
46,Base5,7,0.0000,0.0000,0.0000,0,0.00,0
46,Base5,8,0.0000,0.0000,0.0000,0,0.00,0
46,NoDOGE,0,0.0000,0.0000,0.0000,0,0.00,0
46,NoDOGE,1,0.0000,0.0000,0.0000,0,0.00,0
46,NoDOGE,2,0.0000,0.0000,0.0000,0,0.00,0
46,NoDOGE,3,0.0000,0.0000,0.0000,0,0.00,0
46,NoDOGE,4,0.0000,0.0000,0.0000,0,0.00,0
46,NoDOGE,5,0.0000,0.0000,0.0000,0,0.00,0
46,NoDOGE,6,0.0000,0.0000,0.0000,0,0.00,0
46,NoDOGE,7,0.0000,0.0000,0.0000,0,0.00,0
46,NoDOGE,8,0.0000,0.0000,0.0000,0,0.00,0
46,LargeCaps5,0,0.0000,0.0000,0.0000,0,0.00,0
46,LargeCaps5,1,0.0000,0.0000,0.0000,0,0.00,0
46,LargeCaps5,2,0.0000,0.0000,0.0000,0,0.00,0
46,LargeCaps5,3,0.0000,0.0000,0.0000,0,0.00,0
46,LargeCaps5,4,0.0000,0.0000,0.0000,0,0.00,0
46,LargeCaps5,5,0.0000,0.0000,0.0000,0,0.00,0
46,LargeCaps5,6,0.0000,0.0000,0.0000,0,0.00,0
46,LargeCaps5,7,0.0000,0.0000,0.0000,0,0.00,0
46,LargeCaps5,8,0.0000,0.0000,0.0000,0,0.00,0
46,LowVolume5,0,0.0000,0.0000,0.0000,0,0.00,0
46,LowVolume5,1,0.0000,0.0000,0.0000,0,0.00,0
46,LowVolume5,2,0.0000,0.0000,0.0000,0,0.00,0
46,LowVolume5,3,0.0000,0.0000,0.0000,0,0.00,0
46,LowVolume5,4,0.0000,0.0000,0.0000,0,0.00,0
46,LowVolume5,5,0.0000,0.0000,0.0000,0,0.00,0
46,LowVolume5,6,0.0000,0.0000,0.0000,0,0.00,0
46,LowVolume5,7,0.0000,0.0000,0.0000,0,0.00,0
46,LowVolume5,8,0.0000,0.0000,0.0000,0,0.00,0
46,Legacy3,0,0.0000,0.0000,0.0000,0,0.00,0
46,Legacy3,1,0.0000,0.0000,0.0000,0,0.00,0
46,Legacy3,2,0.0000,0.0000,0.0000,0,0.00,0
46,Legacy3,3,0.0000,0.0000,0.0000,0,0.00,0
46,Legacy3,4,0.0000,0.0000,0.0000,0,0.00,0
46,Legacy3,5,0.0000,0.0000,0.0000,0,0.00,0
46,Legacy3,6,0.0000,0.0000,0.0000,0,0.00,0
46,Legacy3,7,0.0000,0.0000,0.0000,0,0.00,0
46,Legacy3,8,0.0000,0.0000,0.0000,0,0.00,0
46,Legacy4,0,0.0000,0.0000,0.0000,0,0.00,0
46,Legacy4,1,0.0000,0.0000,0.0000,0,0.00,0
46,Legacy4,2,0.0000,0.0000,0.0000,0,0.00,0
46,Legacy4,3,0.0000,0.0000,0.0000,0,0.00,0
46,Legacy4,4,0.0000,0.0000,0.0000,0,0.00,0
46,Legacy4,5,0.0000,0.0000,0.0000,0,0.00,0
46,Legacy4,6,0.0000,0.0000,0.0000,0,0.00,0
46,Legacy4,7,0.0000,0.0000,0.0000,0,0.00,0
46,Legacy4,8,0.0000,0.0000,0.0000,0,0.00,0
46,Legacy5,0,0.0000,0.0000,0.0000,0,0.00,0
46,Legacy5,1,0.0000,0.0000,0.0000,0,0.00,0
46,Legacy5,2,0.0000,0.0000,0.0000,0,0.00,0
46,Legacy5,3,0.0000,0.0000,0.0000,0,0.00,0
46,Legacy5,4,0.0000,0.0000,0.0000,0,0.00,0
46,Legacy5,5,0.0000,0.0000,0.0000,0,0.00,0
46,Legacy5,6,0.0000,0.0000,0.0000,0,0.00,0
46,Legacy5,7,0.0000,0.0000,0.0000,0,0.00,0
46,Legacy5,8,0.0000,0.0000,0.0000,0,0.00,0
46,Legacy4BNB,0,0.0000,0.0000,0.0000,0,0.00,0
46,Legacy4BNB,1,0.0000,0.0000,0.0000,0,0.00,0
46,Legacy4BNB,2,0.0000,0.0000,0.0000,0,0.00,0
46,Legacy4BNB,3,0.0000,0.0000,0.0000,0,0.00,0
46,Legacy4BNB,4,0.0000,0.0000,0.0000,0,0.00,0
46,Legacy4BNB,5,0.0000,0.0000,0.0000,0,0.00,0
46,Legacy4BNB,6,0.0000,0.0000,0.0000,0,0.00,0
46,Legacy4BNB,7,0.0000,0.0000,0.0000,0,0.00,0
46,Legacy4BNB,8,0.0000,0.0000,0.0000,0,0.00,0
46,Legacy5BNB,0,0.0000,0.0000,0.0000,0,0.00,0
46,Legacy5BNB,1,0.0000,0.0000,0.0000,0,0.00,0
46,Legacy5BNB,2,0.0000,0.0000,0.0000,0,0.00,0
46,Legacy5BNB,3,0.0000,0.0000,0.0000,0,0.00,0
46,Legacy5BNB,4,0.0000,0.0000,0.0000,0,0.00,0
46,Legacy5BNB,5,0.0000,0.0000,0.0000,0,0.00,0
46,Legacy5BNB,6,0.0000,0.0000,0.0000,0,0.00,0
46,Legacy5BNB,7,0.0000,0.0000,0.0000,0,0.00,0
46,Legacy5BNB,8,0.0000,0.0000,0.0000,0,0.00,0
47,Base5,0,0.0000,0.0000,0.0000,0,0.00,0
47,Base5,1,0.0000,0.0000,0.0000,0,0.00,0
47,Base5,2,0.0000,0.0000,0.0000,0,0.00,0
47,Base5,3,0.0000,0.0000,0.0000,0,0.00,0
47,Base5,4,0.0000,0.0000,0.0000,0,0.00,0
47,Base5,5,0.0000,0.0000,0.0000,0,0.00,0
47,Base5,6,0.0000,0.0000,0.0000,0,0.00,0
47,Base5,7,0.0000,0.0000,0.0000,0,0.00,0
47,Base5,8,0.0000,0.0000,0.0000,0,0.00,0
47,NoDOGE,0,0.0000,0.0000,0.0000,0,0.00,0
47,NoDOGE,1,0.0000,0.0000,0.0000,0,0.00,0
47,NoDOGE,2,0.0000,0.0000,0.0000,0,0.00,0
47,NoDOGE,3,0.0000,0.0000,0.0000,0,0.00,0
47,NoDOGE,4,0.0000,0.0000,0.0000,0,0.00,0
47,NoDOGE,5,0.0000,0.0000,0.0000,0,0.00,0
47,NoDOGE,6,0.0000,0.0000,0.0000,0,0.00,0
47,NoDOGE,7,0.0000,0.0000,0.0000,0,0.00,0
47,NoDOGE,8,0.0000,0.0000,0.0000,0,0.00,0
47,LargeCaps5,0,0.0000,0.0000,0.0000,0,0.00,0
47,LargeCaps5,1,0.0000,0.0000,0.0000,0,0.00,0
47,LargeCaps5,2,0.0000,0.0000,0.0000,0,0.00,0
47,LargeCaps5,3,0.0000,0.0000,0.0000,0,0.00,0
47,LargeCaps5,4,0.0000,0.0000,0.0000,0,0.00,0
47,LargeCaps5,5,0.0000,0.0000,0.0000,0,0.00,0
47,LargeCaps5,6,0.0000,0.0000,0.0000,0,0.00,0
47,LargeCaps5,7,0.0000,0.0000,0.0000,0,0.00,0
47,LargeCaps5,8,0.0000,0.0000,0.0000,0,0.00,0
47,LowVolume5,0,0.0000,0.0000,0.0000,0,0.00,0
47,LowVolume5,1,0.0000,0.0000,0.0000,0,0.00,0
47,LowVolume5,2,0.0000,0.0000,0.0000,0,0.00,0
47,LowVolume5,3,0.0000,0.0000,0.0000,0,0.00,0
47,LowVolume5,4,0.0000,0.0000,0.0000,0,0.00,0
47,LowVolume5,5,0.0000,0.0000,0.0000,0,0.00,0
47,LowVolume5,6,0.0000,0.0000,0.0000,0,0.00,0
47,LowVolume5,7,0.0000,0.0000,0.0000,0,0.00,0
47,LowVolume5,8,0.0000,0.0000,0.0000,0,0.00,0
47,Legacy3,0,0.0000,0.0000,0.0000,0,0.00,0
47,Legacy3,1,0.0000,0.0000,0.0000,0,0.00,0
47,Legacy3,2,0.0000,0.0000,0.0000,0,0.00,0
47,Legacy3,3,0.0000,0.0000,0.0000,0,0.00,0
47,Legacy3,4,0.0000,0.0000,0.0000,0,0.00,0
47,Legacy3,5,0.0000,0.0000,0.0000,0,0.00,0
47,Legacy3,6,0.0000,0.0000,0.0000,0,0.00,0
47,Legacy3,7,0.0000,0.0000,0.0000,0,0.00,0
47,Legacy3,8,0.0000,0.0000,0.0000,0,0.00,0
47,Legacy4,0,0.0000,0.0000,0.0000,0,0.00,0
47,Legacy4,1,0.0000,0.0000,0.0000,0,0.00,0
47,Legacy4,2,0.0000,0.0000,0.0000,0,0.00,0
47,Legacy4,3,0.0000,0.0000,0.0000,0,0.00,0
47,Legacy4,4,0.0000,0.0000,0.0000,0,0.00,0
47,Legacy4,5,0.0000,0.0000,0.0000,0,0.00,0
47,Legacy4,6,0.0000,0.0000,0.0000,0,0.00,0
47,Legacy4,7,0.0000,0.0000,0.0000,0,0.00,0
47,Legacy4,8,0.0000,0.0000,0.0000,0,0.00,0
47,Legacy5,0,0.0000,0.0000,0.0000,0,0.00,0
47,Legacy5,1,0.0000,0.0000,0.0000,0,0.00,0
47,Legacy5,2,0.0000,0.0000,0.0000,0,0.00,0
47,Legacy5,3,0.0000,0.0000,0.0000,0,0.00,0
47,Legacy5,4,0.0000,0.0000,0.0000,0,0.00,0
47,Legacy5,5,0.0000,0.0000,0.0000,0,0.00,0
47,Legacy5,6,0.0000,0.0000,0.0000,0,0.00,0
47,Legacy5,7,0.0000,0.0000,0.0000,0,0.00,0
47,Legacy5,8,0.0000,0.0000,0.0000,0,0.00,0
47,Legacy4BNB,0,0.0000,0.0000,0.0000,0,0.00,0
47,Legacy4BNB,1,0.0000,0.0000,0.0000,0,0.00,0
47,Legacy4BNB,2,0.0000,0.0000,0.0000,0,0.00,0
47,Legacy4BNB,3,0.0000,0.0000,0.0000,0,0.00,0
47,Legacy4BNB,4,0.0000,0.0000,0.0000,0,0.00,0
47,Legacy4BNB,5,0.0000,0.0000,0.0000,0,0.00,0
47,Legacy4BNB,6,0.0000,0.0000,0.0000,0,0.00,0
47,Legacy4BNB,7,0.0000,0.0000,0.0000,0,0.00,0
47,Legacy4BNB,8,0.0000,0.0000,0.0000,0,0.00,0
47,Legacy5BNB,0,0.0000,0.0000,0.0000,0,0.00,0
47,Legacy5BNB,1,0.0000,0.0000,0.0000,0,0.00,0
47,Legacy5BNB,2,0.0000,0.0000,0.0000,0,0.00,0
47,Legacy5BNB,3,0.0000,0.0000,0.0000,0,0.00,0
47,Legacy5BNB,4,0.0000,0.0000,0.0000,0,0.00,0
47,Legacy5BNB,5,0.0000,0.0000,0.0000,0,0.00,0
47,Legacy5BNB,6,0.0000,0.0000,0.0000,0,0.00,0
47,Legacy5BNB,7,0.0000,0.0000,0.0000,0,0.00,0
47,Legacy5BNB,8,0.0000,0.0000,0.0000,0,0.00,0
48,Base5,0,0.0000,0.0000,0.0000,0,0.00,0
48,Base5,1,0.0000,0.0000,0.0000,0,0.00,0
48,Base5,2,0.0000,0.0000,0.0000,0,0.00,0
48,Base5,3,0.0000,0.0000,0.0000,0,0.00,0
48,Base5,4,0.0000,0.0000,0.0000,0,0.00,0
48,Base5,5,0.0000,0.0000,0.0000,0,0.00,0
48,Base5,6,0.0000,0.0000,0.0000,0,0.00,0
48,Base5,7,0.0000,0.0000,0.0000,0,0.00,0
48,Base5,8,0.0000,0.0000,0.0000,0,0.00,0
48,NoDOGE,0,0.0000,0.0000,0.0000,0,0.00,0
48,NoDOGE,1,0.0000,0.0000,0.0000,0,0.00,0
48,NoDOGE,2,0.0000,0.0000,0.0000,0,0.00,0
48,NoDOGE,3,0.0000,0.0000,0.0000,0,0.00,0
48,NoDOGE,4,0.0000,0.0000,0.0000,0,0.00,0
48,NoDOGE,5,0.0000,0.0000,0.0000,0,0.00,0
48,NoDOGE,6,0.0000,0.0000,0.0000,0,0.00,0
48,NoDOGE,7,0.0000,0.0000,0.0000,0,0.00,0
48,NoDOGE,8,0.0000,0.0000,0.0000,0,0.00,0
48,LargeCaps5,0,0.0000,0.0000,0.0000,0,0.00,0
48,LargeCaps5,1,0.0000,0.0000,0.0000,0,0.00,0
48,LargeCaps5,2,0.0000,0.0000,0.0000,0,0.00,0
48,LargeCaps5,3,0.0000,0.0000,0.0000,0,0.00,0
48,LargeCaps5,4,0.0000,0.0000,0.0000,0,0.00,0
48,LargeCaps5,5,0.0000,0.0000,0.0000,0,0.00,0
48,LargeCaps5,6,0.0000,0.0000,0.0000,0,0.00,0
48,LargeCaps5,7,0.0000,0.0000,0.0000,0,0.00,0
48,LargeCaps5,8,0.0000,0.0000,0.0000,0,0.00,0
48,LowVolume5,0,0.0000,0.0000,0.0000,0,0.00,0
48,LowVolume5,1,0.0000,0.0000,0.0000,0,0.00,0
48,LowVolume5,2,0.0000,0.0000,0.0000,0,0.00,0
48,LowVolume5,3,0.0000,0.0000,0.0000,0,0.00,0
48,LowVolume5,4,0.0000,0.0000,0.0000,0,0.00,0
48,LowVolume5,5,0.0000,0.0000,0.0000,0,0.00,0
48,LowVolume5,6,0.0000,0.0000,0.0000,0,0.00,0
48,LowVolume5,7,0.0000,0.0000,0.0000,0,0.00,0
48,LowVolume5,8,0.0000,0.0000,0.0000,0,0.00,0
48,Legacy3,0,0.0000,0.0000,0.0000,0,0.00,0
48,Legacy3,1,0.0000,0.0000,0.0000,0,0.00,0
48,Legacy3,2,0.0000,0.0000,0.0000,0,0.00,0
48,Legacy3,3,0.0000,0.0000,0.0000,0,0.00,0
48,Legacy3,4,0.0000,0.0000,0.0000,0,0.00,0
48,Legacy3,5,0.0000,0.0000,0.0000,0,0.00,0
48,Legacy3,6,0.0000,0.0000,0.0000,0,0.00,0
48,Legacy3,7,0.0000,0.0000,0.0000,0,0.00,0
48,Legacy3,8,0.0000,0.0000,0.0000,0,0.00,0
48,Legacy4,0,0.0000,0.0000,0.0000,0,0.00,0
48,Legacy4,1,0.0000,0.0000,0.0000,0,0.00,0
48,Legacy4,2,0.0000,0.0000,0.0000,0,0.00,0
48,Legacy4,3,0.0000,0.0000,0.0000,0,0.00,0
48,Legacy4,4,0.0000,0.0000,0.0000,0,0.00,0
48,Legacy4,5,0.0000,0.0000,0.0000,0,0.00,0
48,Legacy4,6,0.0000,0.0000,0.0000,0,0.00,0
48,Legacy4,7,0.0000,0.0000,0.0000,0,0.00,0
48,Legacy4,8,0.0000,0.0000,0.0000,0,0.00,0
48,Legacy5,0,0.0000,0.0000,0.0000,0,0.00,0
48,Legacy5,1,0.0000,0.0000,0.0000,0,0.00,0
48,Legacy5,2,0.0000,0.0000,0.0000,0,0.00,0
48,Legacy5,3,0.0000,0.0000,0.0000,0,0.00,0
48,Legacy5,4,0.0000,0.0000,0.0000,0,0.00,0
48,Legacy5,5,0.0000,0.0000,0.0000,0,0.00,0
48,Legacy5,6,0.0000,0.0000,0.0000,0,0.00,0
48,Legacy5,7,0.0000,0.0000,0.0000,0,0.00,0
48,Legacy5,8,0.0000,0.0000,0.0000,0,0.00,0
48,Legacy4BNB,0,0.0000,0.0000,0.0000,0,0.00,0
48,Legacy4BNB,1,0.0000,0.0000,0.0000,0,0.00,0
48,Legacy4BNB,2,0.0000,0.0000,0.0000,0,0.00,0
48,Legacy4BNB,3,0.0000,0.0000,0.0000,0,0.00,0
48,Legacy4BNB,4,0.0000,0.0000,0.0000,0,0.00,0
48,Legacy4BNB,5,0.0000,0.0000,0.0000,0,0.00,0
48,Legacy4BNB,6,0.0000,0.0000,0.0000,0,0.00,0
48,Legacy4BNB,7,0.0000,0.0000,0.0000,0,0.00,0
48,Legacy4BNB,8,0.0000,0.0000,0.0000,0,0.00,0
48,Legacy5BNB,0,0.0000,0.0000,0.0000,0,0.00,0
48,Legacy5BNB,1,0.0000,0.0000,0.0000,0,0.00,0
48,Legacy5BNB,2,0.0000,0.0000,0.0000,0,0.00,0
48,Legacy5BNB,3,0.0000,0.0000,0.0000,0,0.00,0
48,Legacy5BNB,4,0.0000,0.0000,0.0000,0,0.00,0
48,Legacy5BNB,5,0.0000,0.0000,0.0000,0,0.00,0
48,Legacy5BNB,6,0.0000,0.0000,0.0000,0,0.00,0
48,Legacy5BNB,7,0.0000,0.0000,0.0000,0,0.00,0
48,Legacy5BNB,8,0.0000,0.0000,0.0000,0,0.00,0
49,Base5,0,0.0000,0.0000,0.0000,0,0.00,0
49,Base5,1,0.0000,0.0000,0.0000,0,0.00,0
49,Base5,2,0.0000,0.0000,0.0000,0,0.00,0
49,Base5,3,0.0000,0.0000,0.0000,0,0.00,0
49,Base5,4,0.0000,0.0000,0.0000,0,0.00,0
49,Base5,5,0.0000,0.0000,0.0000,0,0.00,0
49,Base5,6,0.0000,0.0000,0.0000,0,0.00,0
49,Base5,7,0.0000,0.0000,0.0000,0,0.00,0
49,Base5,8,0.0000,0.0000,0.0000,0,0.00,0
49,NoDOGE,0,0.0000,0.0000,0.0000,0,0.00,0
49,NoDOGE,1,0.0000,0.0000,0.0000,0,0.00,0
49,NoDOGE,2,0.0000,0.0000,0.0000,0,0.00,0
49,NoDOGE,3,0.0000,0.0000,0.0000,0,0.00,0
49,NoDOGE,4,0.0000,0.0000,0.0000,0,0.00,0
49,NoDOGE,5,0.0000,0.0000,0.0000,0,0.00,0
49,NoDOGE,6,0.0000,0.0000,0.0000,0,0.00,0
49,NoDOGE,7,0.0000,0.0000,0.0000,0,0.00,0
49,NoDOGE,8,0.0000,0.0000,0.0000,0,0.00,0
49,LargeCaps5,0,0.0000,0.0000,0.0000,0,0.00,0
49,LargeCaps5,1,0.0000,0.0000,0.0000,0,0.00,0
49,LargeCaps5,2,0.0000,0.0000,0.0000,0,0.00,0
49,LargeCaps5,3,0.0000,0.0000,0.0000,0,0.00,0
49,LargeCaps5,4,0.0000,0.0000,0.0000,0,0.00,0
49,LargeCaps5,5,0.0000,0.0000,0.0000,0,0.00,0
49,LargeCaps5,6,0.0000,0.0000,0.0000,0,0.00,0
49,LargeCaps5,7,0.0000,0.0000,0.0000,0,0.00,0
49,LargeCaps5,8,0.0000,0.0000,0.0000,0,0.00,0
49,LowVolume5,0,0.0000,0.0000,0.0000,0,0.00,0
49,LowVolume5,1,0.0000,0.0000,0.0000,0,0.00,0
49,LowVolume5,2,0.0000,0.0000,0.0000,0,0.00,0
49,LowVolume5,3,0.0000,0.0000,0.0000,0,0.00,0
49,LowVolume5,4,0.0000,0.0000,0.0000,0,0.00,0
49,LowVolume5,5,0.0000,0.0000,0.0000,0,0.00,0
49,LowVolume5,6,0.0000,0.0000,0.0000,0,0.00,0
49,LowVolume5,7,0.0000,0.0000,0.0000,0,0.00,0
49,LowVolume5,8,0.0000,0.0000,0.0000,0,0.00,0
49,Legacy3,0,0.0000,0.0000,0.0000,0,0.00,0
49,Legacy3,1,0.0000,0.0000,0.0000,0,0.00,0
49,Legacy3,2,0.0000,0.0000,0.0000,0,0.00,0
49,Legacy3,3,0.0000,0.0000,0.0000,0,0.00,0
49,Legacy3,4,0.0000,0.0000,0.0000,0,0.00,0
49,Legacy3,5,0.0000,0.0000,0.0000,0,0.00,0
49,Legacy3,6,0.0000,0.0000,0.0000,0,0.00,0
49,Legacy3,7,0.0000,0.0000,0.0000,0,0.00,0
49,Legacy3,8,0.0000,0.0000,0.0000,0,0.00,0
49,Legacy4,0,0.0000,0.0000,0.0000,0,0.00,0
49,Legacy4,1,0.0000,0.0000,0.0000,0,0.00,0
49,Legacy4,2,0.0000,0.0000,0.0000,0,0.00,0
49,Legacy4,3,0.0000,0.0000,0.0000,0,0.00,0
49,Legacy4,4,0.0000,0.0000,0.0000,0,0.00,0
49,Legacy4,5,0.0000,0.0000,0.0000,0,0.00,0
49,Legacy4,6,0.0000,0.0000,0.0000,0,0.00,0
49,Legacy4,7,0.0000,0.0000,0.0000,0,0.00,0
49,Legacy4,8,0.0000,0.0000,0.0000,0,0.00,0
49,Legacy5,0,0.0000,0.0000,0.0000,0,0.00,0
49,Legacy5,1,0.0000,0.0000,0.0000,0,0.00,0
49,Legacy5,2,0.0000,0.0000,0.0000,0,0.00,0
49,Legacy5,3,0.0000,0.0000,0.0000,0,0.00,0
49,Legacy5,4,0.0000,0.0000,0.0000,0,0.00,0
49,Legacy5,5,0.0000,0.0000,0.0000,0,0.00,0
49,Legacy5,6,0.0000,0.0000,0.0000,0,0.00,0
49,Legacy5,7,0.0000,0.0000,0.0000,0,0.00,0
49,Legacy5,8,0.0000,0.0000,0.0000,0,0.00,0
49,Legacy4BNB,0,0.0000,0.0000,0.0000,0,0.00,0
49,Legacy4BNB,1,0.0000,0.0000,0.0000,0,0.00,0
49,Legacy4BNB,2,0.0000,0.0000,0.0000,0,0.00,0
49,Legacy4BNB,3,0.0000,0.0000,0.0000,0,0.00,0
49,Legacy4BNB,4,0.0000,0.0000,0.0000,0,0.00,0
49,Legacy4BNB,5,0.0000,0.0000,0.0000,0,0.00,0
49,Legacy4BNB,6,0.0000,0.0000,0.0000,0,0.00,0
49,Legacy4BNB,7,0.0000,0.0000,0.0000,0,0.00,0
49,Legacy4BNB,8,0.0000,0.0000,0.0000,0,0.00,0
49,Legacy5BNB,0,0.0000,0.0000,0.0000,0,0.00,0
49,Legacy5BNB,1,0.0000,0.0000,0.0000,0,0.00,0
49,Legacy5BNB,2,0.0000,0.0000,0.0000,0,0.00,0
49,Legacy5BNB,3,0.0000,0.0000,0.0000,0,0.00,0
49,Legacy5BNB,4,0.0000,0.0000,0.0000,0,0.00,0
49,Legacy5BNB,5,0.0000,0.0000,0.0000,0,0.00,0
49,Legacy5BNB,6,0.0000,0.0000,0.0000,0,0.00,0
49,Legacy5BNB,7,0.0000,0.0000,0.0000,0,0.00,0
49,Legacy5BNB,8,0.0000,0.0000,0.0000,0,0.00,0
50,Base5,0,0.0000,0.0000,0.0000,0,0.00,0
50,Base5,1,0.0000,0.0000,0.0000,0,0.00,0
50,Base5,2,0.0000,0.0000,0.0000,0,0.00,0
50,Base5,3,0.0000,0.0000,0.0000,0,0.00,0
50,Base5,4,0.0000,0.0000,0.0000,0,0.00,0
50,Base5,5,0.0000,0.0000,0.0000,0,0.00,0
50,Base5,6,0.0000,0.0000,0.0000,0,0.00,0
50,Base5,7,0.0000,0.0000,0.0000,0,0.00,0
50,Base5,8,0.0000,0.0000,0.0000,0,0.00,0
50,NoDOGE,0,0.0000,0.0000,0.0000,0,0.00,0
50,NoDOGE,1,0.0000,0.0000,0.0000,0,0.00,0
50,NoDOGE,2,0.0000,0.0000,0.0000,0,0.00,0
50,NoDOGE,3,0.0000,0.0000,0.0000,0,0.00,0
50,NoDOGE,4,0.0000,0.0000,0.0000,0,0.00,0
50,NoDOGE,5,0.0000,0.0000,0.0000,0,0.00,0
50,NoDOGE,6,0.0000,0.0000,0.0000,0,0.00,0
50,NoDOGE,7,0.0000,0.0000,0.0000,0,0.00,0
50,NoDOGE,8,0.0000,0.0000,0.0000,0,0.00,0
50,LargeCaps5,0,0.0000,0.0000,0.0000,0,0.00,0
50,LargeCaps5,1,0.0000,0.0000,0.0000,0,0.00,0
50,LargeCaps5,2,0.0000,0.0000,0.0000,0,0.00,0
50,LargeCaps5,3,0.0000,0.0000,0.0000,0,0.00,0
50,LargeCaps5,4,0.0000,0.0000,0.0000,0,0.00,0
50,LargeCaps5,5,0.0000,0.0000,0.0000,0,0.00,0
50,LargeCaps5,6,0.0000,0.0000,0.0000,0,0.00,0
50,LargeCaps5,7,0.0000,0.0000,0.0000,0,0.00,0
50,LargeCaps5,8,0.0000,0.0000,0.0000,0,0.00,0
50,LowVolume5,0,0.0000,0.0000,0.0000,0,0.00,0
50,LowVolume5,1,0.0000,0.0000,0.0000,0,0.00,0
50,LowVolume5,2,0.0000,0.0000,0.0000,0,0.00,0
50,LowVolume5,3,0.0000,0.0000,0.0000,0,0.00,0
50,LowVolume5,4,0.0000,0.0000,0.0000,0,0.00,0
50,LowVolume5,5,0.0000,0.0000,0.0000,0,0.00,0
50,LowVolume5,6,0.0000,0.0000,0.0000,0,0.00,0
50,LowVolume5,7,0.0000,0.0000,0.0000,0,0.00,0
50,LowVolume5,8,0.0000,0.0000,0.0000,0,0.00,0
50,Legacy3,0,0.0000,0.0000,0.0000,0,0.00,0
50,Legacy3,1,0.0000,0.0000,0.0000,0,0.00,0
50,Legacy3,2,0.0000,0.0000,0.0000,0,0.00,0
50,Legacy3,3,0.0000,0.0000,0.0000,0,0.00,0
50,Legacy3,4,0.0000,0.0000,0.0000,0,0.00,0
50,Legacy3,5,0.0000,0.0000,0.0000,0,0.00,0
50,Legacy3,6,0.0000,0.0000,0.0000,0,0.00,0
50,Legacy3,7,0.0000,0.0000,0.0000,0,0.00,0
50,Legacy3,8,0.0000,0.0000,0.0000,0,0.00,0
50,Legacy4,0,0.0000,0.0000,0.0000,0,0.00,0
50,Legacy4,1,0.0000,0.0000,0.0000,0,0.00,0
50,Legacy4,2,0.0000,0.0000,0.0000,0,0.00,0
50,Legacy4,3,0.0000,0.0000,0.0000,0,0.00,0
50,Legacy4,4,0.0000,0.0000,0.0000,0,0.00,0
50,Legacy4,5,0.0000,0.0000,0.0000,0,0.00,0
50,Legacy4,6,0.0000,0.0000,0.0000,0,0.00,0
50,Legacy4,7,0.0000,0.0000,0.0000,0,0.00,0
50,Legacy4,8,0.0000,0.0000,0.0000,0,0.00,0
50,Legacy5,0,0.0000,0.0000,0.0000,0,0.00,0
50,Legacy5,1,0.0000,0.0000,0.0000,0,0.00,0
50,Legacy5,2,0.0000,0.0000,0.0000,0,0.00,0
50,Legacy5,3,0.0000,0.0000,0.0000,0,0.00,0
50,Legacy5,4,0.0000,0.0000,0.0000,0,0.00,0
50,Legacy5,5,0.0000,0.0000,0.0000,0,0.00,0
50,Legacy5,6,0.0000,0.0000,0.0000,0,0.00,0
50,Legacy5,7,0.0000,0.0000,0.0000,0,0.00,0
50,Legacy5,8,0.0000,0.0000,0.0000,0,0.00,0
50,Legacy4BNB,0,0.0000,0.0000,0.0000,0,0.00,0
50,Legacy4BNB,1,0.0000,0.0000,0.0000,0,0.00,0
50,Legacy4BNB,2,0.0000,0.0000,0.0000,0,0.00,0
50,Legacy4BNB,3,0.0000,0.0000,0.0000,0,0.00,0
50,Legacy4BNB,4,0.0000,0.0000,0.0000,0,0.00,0
50,Legacy4BNB,5,0.0000,0.0000,0.0000,0,0.00,0
50,Legacy4BNB,6,0.0000,0.0000,0.0000,0,0.00,0
50,Legacy4BNB,7,0.0000,0.0000,0.0000,0,0.00,0
50,Legacy4BNB,8,0.0000,0.0000,0.0000,0,0.00,0
50,Legacy5BNB,0,0.0000,0.0000,0.0000,0,0.00,0
50,Legacy5BNB,1,0.0000,0.0000,0.0000,0,0.00,0
50,Legacy5BNB,2,0.0000,0.0000,0.0000,0,0.00,0
50,Legacy5BNB,3,0.0000,0.0000,0.0000,0,0.00,0
50,Legacy5BNB,4,0.0000,0.0000,0.0000,0,0.00,0
50,Legacy5BNB,5,0.0000,0.0000,0.0000,0,0.00,0
50,Legacy5BNB,6,0.0000,0.0000,0.0000,0,0.00,0
50,Legacy5BNB,7,0.0000,0.0000,0.0000,0,0.00,0
50,Legacy5BNB,8,0.0000,0.0000,0.0000,0,0.00,0
51,Base5,0,0.0000,0.0000,0.0000,0,0.00,0
51,Base5,1,0.0000,0.0000,0.0000,0,0.00,0
51,Base5,2,0.0000,0.0000,0.0000,0,0.00,0
51,Base5,3,0.0000,0.0000,0.0000,0,0.00,0
51,Base5,4,0.0000,0.0000,0.0000,0,0.00,0
51,Base5,5,0.0000,0.0000,0.0000,0,0.00,0
51,Base5,6,0.0000,0.0000,0.0000,0,0.00,0
51,Base5,7,0.0000,0.0000,0.0000,0,0.00,0
51,Base5,8,0.0000,0.0000,0.0000,0,0.00,0
51,NoDOGE,0,0.0000,0.0000,0.0000,0,0.00,0
51,NoDOGE,1,0.0000,0.0000,0.0000,0,0.00,0
51,NoDOGE,2,0.0000,0.0000,0.0000,0,0.00,0
51,NoDOGE,3,0.0000,0.0000,0.0000,0,0.00,0
51,NoDOGE,4,0.0000,0.0000,0.0000,0,0.00,0
51,NoDOGE,5,0.0000,0.0000,0.0000,0,0.00,0
51,NoDOGE,6,0.0000,0.0000,0.0000,0,0.00,0
51,NoDOGE,7,0.0000,0.0000,0.0000,0,0.00,0
51,NoDOGE,8,0.0000,0.0000,0.0000,0,0.00,0
51,LargeCaps5,0,0.0000,0.0000,0.0000,0,0.00,0
51,LargeCaps5,1,0.0000,0.0000,0.0000,0,0.00,0
51,LargeCaps5,2,0.0000,0.0000,0.0000,0,0.00,0
51,LargeCaps5,3,0.0000,0.0000,0.0000,0,0.00,0
51,LargeCaps5,4,0.0000,0.0000,0.0000,0,0.00,0
51,LargeCaps5,5,0.0000,0.0000,0.0000,0,0.00,0
51,LargeCaps5,6,0.0000,0.0000,0.0000,0,0.00,0
51,LargeCaps5,7,0.0000,0.0000,0.0000,0,0.00,0
51,LargeCaps5,8,0.0000,0.0000,0.0000,0,0.00,0
51,LowVolume5,0,0.0000,0.0000,0.0000,0,0.00,0
51,LowVolume5,1,0.0000,0.0000,0.0000,0,0.00,0
51,LowVolume5,2,0.0000,0.0000,0.0000,0,0.00,0
51,LowVolume5,3,0.0000,0.0000,0.0000,0,0.00,0
51,LowVolume5,4,0.0000,0.0000,0.0000,0,0.00,0
51,LowVolume5,5,0.0000,0.0000,0.0000,0,0.00,0
51,LowVolume5,6,0.0000,0.0000,0.0000,0,0.00,0
51,LowVolume5,7,0.0000,0.0000,0.0000,0,0.00,0
51,LowVolume5,8,0.0000,0.0000,0.0000,0,0.00,0
51,Legacy3,0,0.0000,0.0000,0.0000,0,0.00,0
51,Legacy3,1,0.0000,0.0000,0.0000,0,0.00,0
51,Legacy3,2,0.0000,0.0000,0.0000,0,0.00,0
51,Legacy3,3,0.0000,0.0000,0.0000,0,0.00,0
51,Legacy3,4,0.0000,0.0000,0.0000,0,0.00,0
51,Legacy3,5,0.0000,0.0000,0.0000,0,0.00,0
51,Legacy3,6,0.0000,0.0000,0.0000,0,0.00,0
51,Legacy3,7,0.0000,0.0000,0.0000,0,0.00,0
51,Legacy3,8,0.0000,0.0000,0.0000,0,0.00,0
51,Legacy4,0,0.0000,0.0000,0.0000,0,0.00,0
51,Legacy4,1,0.0000,0.0000,0.0000,0,0.00,0
51,Legacy4,2,0.0000,0.0000,0.0000,0,0.00,0
51,Legacy4,3,0.0000,0.0000,0.0000,0,0.00,0
51,Legacy4,4,0.0000,0.0000,0.0000,0,0.00,0
51,Legacy4,5,0.0000,0.0000,0.0000,0,0.00,0
51,Legacy4,6,0.0000,0.0000,0.0000,0,0.00,0
51,Legacy4,7,0.0000,0.0000,0.0000,0,0.00,0
51,Legacy4,8,0.0000,0.0000,0.0000,0,0.00,0
51,Legacy5,0,0.0000,0.0000,0.0000,0,0.00,0
51,Legacy5,1,0.0000,0.0000,0.0000,0,0.00,0
51,Legacy5,2,0.0000,0.0000,0.0000,0,0.00,0
51,Legacy5,3,0.0000,0.0000,0.0000,0,0.00,0
51,Legacy5,4,0.0000,0.0000,0.0000,0,0.00,0
51,Legacy5,5,0.0000,0.0000,0.0000,0,0.00,0
51,Legacy5,6,0.0000,0.0000,0.0000,0,0.00,0
51,Legacy5,7,0.0000,0.0000,0.0000,0,0.00,0
51,Legacy5,8,0.0000,0.0000,0.0000,0,0.00,0
51,Legacy4BNB,0,0.0000,0.0000,0.0000,0,0.00,0
51,Legacy4BNB,1,0.0000,0.0000,0.0000,0,0.00,0
51,Legacy4BNB,2,0.0000,0.0000,0.0000,0,0.00,0
51,Legacy4BNB,3,0.0000,0.0000,0.0000,0,0.00,0
51,Legacy4BNB,4,0.0000,0.0000,0.0000,0,0.00,0
51,Legacy4BNB,5,0.0000,0.0000,0.0000,0,0.00,0
51,Legacy4BNB,6,0.0000,0.0000,0.0000,0,0.00,0
51,Legacy4BNB,7,0.0000,0.0000,0.0000,0,0.00,0
51,Legacy4BNB,8,0.0000,0.0000,0.0000,0,0.00,0
51,Legacy5BNB,0,0.0000,0.0000,0.0000,0,0.00,0
51,Legacy5BNB,1,0.0000,0.0000,0.0000,0,0.00,0
51,Legacy5BNB,2,0.0000,0.0000,0.0000,0,0.00,0
51,Legacy5BNB,3,0.0000,0.0000,0.0000,0,0.00,0
51,Legacy5BNB,4,0.0000,0.0000,0.0000,0,0.00,0
51,Legacy5BNB,5,0.0000,0.0000,0.0000,0,0.00,0
51,Legacy5BNB,6,0.0000,0.0000,0.0000,0,0.00,0
51,Legacy5BNB,7,0.0000,0.0000,0.0000,0,0.00,0
51,Legacy5BNB,8,0.0000,0.0000,0.0000,0,0.00,0
52,Base5,0,0.0000,0.0000,0.0000,0,0.00,0
52,Base5,1,0.0000,0.0000,0.0000,0,0.00,0
52,Base5,2,0.0000,0.0000,0.0000,0,0.00,0
52,Base5,3,0.0000,0.0000,0.0000,0,0.00,0
52,Base5,4,0.0000,0.0000,0.0000,0,0.00,0
52,Base5,5,0.0000,0.0000,0.0000,0,0.00,0
52,Base5,6,0.0000,0.0000,0.0000,0,0.00,0
52,Base5,7,0.0000,0.0000,0.0000,0,0.00,0
52,Base5,8,0.0000,0.0000,0.0000,0,0.00,0
52,NoDOGE,0,0.0000,0.0000,0.0000,0,0.00,0
52,NoDOGE,1,0.0000,0.0000,0.0000,0,0.00,0
52,NoDOGE,2,0.0000,0.0000,0.0000,0,0.00,0
52,NoDOGE,3,0.0000,0.0000,0.0000,0,0.00,0
52,NoDOGE,4,0.0000,0.0000,0.0000,0,0.00,0
52,NoDOGE,5,0.0000,0.0000,0.0000,0,0.00,0
52,NoDOGE,6,0.0000,0.0000,0.0000,0,0.00,0
52,NoDOGE,7,0.0000,0.0000,0.0000,0,0.00,0
52,NoDOGE,8,0.0000,0.0000,0.0000,0,0.00,0
52,LargeCaps5,0,0.0000,0.0000,0.0000,0,0.00,0
52,LargeCaps5,1,0.0000,0.0000,0.0000,0,0.00,0
52,LargeCaps5,2,0.0000,0.0000,0.0000,0,0.00,0
52,LargeCaps5,3,0.0000,0.0000,0.0000,0,0.00,0
52,LargeCaps5,4,0.0000,0.0000,0.0000,0,0.00,0
52,LargeCaps5,5,0.0000,0.0000,0.0000,0,0.00,0
52,LargeCaps5,6,0.0000,0.0000,0.0000,0,0.00,0
52,LargeCaps5,7,0.0000,0.0000,0.0000,0,0.00,0
52,LargeCaps5,8,0.0000,0.0000,0.0000,0,0.00,0
52,LowVolume5,0,0.0000,0.0000,0.0000,0,0.00,0
52,LowVolume5,1,0.0000,0.0000,0.0000,0,0.00,0
52,LowVolume5,2,0.0000,0.0000,0.0000,0,0.00,0
52,LowVolume5,3,0.0000,0.0000,0.0000,0,0.00,0
52,LowVolume5,4,0.0000,0.0000,0.0000,0,0.00,0
52,LowVolume5,5,0.0000,0.0000,0.0000,0,0.00,0
52,LowVolume5,6,0.0000,0.0000,0.0000,0,0.00,0
52,LowVolume5,7,0.0000,0.0000,0.0000,0,0.00,0
52,LowVolume5,8,0.0000,0.0000,0.0000,0,0.00,0
52,Legacy3,0,0.0000,0.0000,0.0000,0,0.00,0
52,Legacy3,1,0.0000,0.0000,0.0000,0,0.00,0
52,Legacy3,2,0.0000,0.0000,0.0000,0,0.00,0
52,Legacy3,3,0.0000,0.0000,0.0000,0,0.00,0
52,Legacy3,4,0.0000,0.0000,0.0000,0,0.00,0
52,Legacy3,5,0.0000,0.0000,0.0000,0,0.00,0
52,Legacy3,6,0.0000,0.0000,0.0000,0,0.00,0
52,Legacy3,7,0.0000,0.0000,0.0000,0,0.00,0
52,Legacy3,8,0.0000,0.0000,0.0000,0,0.00,0
52,Legacy4,0,0.0000,0.0000,0.0000,0,0.00,0
52,Legacy4,1,0.0000,0.0000,0.0000,0,0.00,0
52,Legacy4,2,0.0000,0.0000,0.0000,0,0.00,0
52,Legacy4,3,0.0000,0.0000,0.0000,0,0.00,0
52,Legacy4,4,0.0000,0.0000,0.0000,0,0.00,0
52,Legacy4,5,0.0000,0.0000,0.0000,0,0.00,0
52,Legacy4,6,0.0000,0.0000,0.0000,0,0.00,0
52,Legacy4,7,0.0000,0.0000,0.0000,0,0.00,0
52,Legacy4,8,0.0000,0.0000,0.0000,0,0.00,0
52,Legacy5,0,0.0000,0.0000,0.0000,0,0.00,0
52,Legacy5,1,0.0000,0.0000,0.0000,0,0.00,0
52,Legacy5,2,0.0000,0.0000,0.0000,0,0.00,0
52,Legacy5,3,0.0000,0.0000,0.0000,0,0.00,0
52,Legacy5,4,0.0000,0.0000,0.0000,0,0.00,0
52,Legacy5,5,0.0000,0.0000,0.0000,0,0.00,0
52,Legacy5,6,0.0000,0.0000,0.0000,0,0.00,0
52,Legacy5,7,0.0000,0.0000,0.0000,0,0.00,0
52,Legacy5,8,0.0000,0.0000,0.0000,0,0.00,0
52,Legacy4BNB,0,0.0000,0.0000,0.0000,0,0.00,0
52,Legacy4BNB,1,0.0000,0.0000,0.0000,0,0.00,0
52,Legacy4BNB,2,0.0000,0.0000,0.0000,0,0.00,0
52,Legacy4BNB,3,0.0000,0.0000,0.0000,0,0.00,0
52,Legacy4BNB,4,0.0000,0.0000,0.0000,0,0.00,0
52,Legacy4BNB,5,0.0000,0.0000,0.0000,0,0.00,0
52,Legacy4BNB,6,0.0000,0.0000,0.0000,0,0.00,0
52,Legacy4BNB,7,0.0000,0.0000,0.0000,0,0.00,0
52,Legacy4BNB,8,0.0000,0.0000,0.0000,0,0.00,0
52,Legacy5BNB,0,0.0000,0.0000,0.0000,0,0.00,0
52,Legacy5BNB,1,0.0000,0.0000,0.0000,0,0.00,0
52,Legacy5BNB,2,0.0000,0.0000,0.0000,0,0.00,0
52,Legacy5BNB,3,0.0000,0.0000,0.0000,0,0.00,0
52,Legacy5BNB,4,0.0000,0.0000,0.0000,0,0.00,0
52,Legacy5BNB,5,0.0000,0.0000,0.0000,0,0.00,0
52,Legacy5BNB,6,0.0000,0.0000,0.0000,0,0.00,0
52,Legacy5BNB,7,0.0000,0.0000,0.0000,0,0.00,0
52,Legacy5BNB,8,0.0000,0.0000,0.0000,0,0.00,0
53,Base5,0,0.0000,0.0000,0.0000,0,0.00,0
53,Base5,1,0.0000,0.0000,0.0000,0,0.00,0
53,Base5,2,0.0000,0.0000,0.0000,0,0.00,0
53,Base5,3,0.0000,0.0000,0.0000,0,0.00,0
53,Base5,4,0.0000,0.0000,0.0000,0,0.00,0
53,Base5,5,0.0000,0.0000,0.0000,0,0.00,0
53,Base5,6,0.0000,0.0000,0.0000,0,0.00,0
53,Base5,7,0.0000,0.0000,0.0000,0,0.00,0
53,Base5,8,0.0000,0.0000,0.0000,0,0.00,0
53,NoDOGE,0,0.0000,0.0000,0.0000,0,0.00,0
53,NoDOGE,1,0.0000,0.0000,0.0000,0,0.00,0
53,NoDOGE,2,0.0000,0.0000,0.0000,0,0.00,0
53,NoDOGE,3,0.0000,0.0000,0.0000,0,0.00,0
53,NoDOGE,4,0.0000,0.0000,0.0000,0,0.00,0
53,NoDOGE,5,0.0000,0.0000,0.0000,0,0.00,0
53,NoDOGE,6,0.0000,0.0000,0.0000,0,0.00,0
53,NoDOGE,7,0.0000,0.0000,0.0000,0,0.00,0
53,NoDOGE,8,0.0000,0.0000,0.0000,0,0.00,0
53,LargeCaps5,0,0.0000,0.0000,0.0000,0,0.00,0
53,LargeCaps5,1,0.0000,0.0000,0.0000,0,0.00,0
53,LargeCaps5,2,0.0000,0.0000,0.0000,0,0.00,0
53,LargeCaps5,3,0.0000,0.0000,0.0000,0,0.00,0
53,LargeCaps5,4,0.0000,0.0000,0.0000,0,0.00,0
53,LargeCaps5,5,0.0000,0.0000,0.0000,0,0.00,0
53,LargeCaps5,6,0.0000,0.0000,0.0000,0,0.00,0
53,LargeCaps5,7,0.0000,0.0000,0.0000,0,0.00,0
53,LargeCaps5,8,0.0000,0.0000,0.0000,0,0.00,0
53,LowVolume5,0,0.0000,0.0000,0.0000,0,0.00,0
53,LowVolume5,1,0.0000,0.0000,0.0000,0,0.00,0
53,LowVolume5,2,0.0000,0.0000,0.0000,0,0.00,0
53,LowVolume5,3,0.0000,0.0000,0.0000,0,0.00,0
53,LowVolume5,4,0.0000,0.0000,0.0000,0,0.00,0
53,LowVolume5,5,0.0000,0.0000,0.0000,0,0.00,0
53,LowVolume5,6,0.0000,0.0000,0.0000,0,0.00,0
53,LowVolume5,7,0.0000,0.0000,0.0000,0,0.00,0
53,LowVolume5,8,0.0000,0.0000,0.0000,0,0.00,0
53,Legacy3,0,0.0000,0.0000,0.0000,0,0.00,0
53,Legacy3,1,0.0000,0.0000,0.0000,0,0.00,0
53,Legacy3,2,0.0000,0.0000,0.0000,0,0.00,0
53,Legacy3,3,0.0000,0.0000,0.0000,0,0.00,0
53,Legacy3,4,0.0000,0.0000,0.0000,0,0.00,0
53,Legacy3,5,0.0000,0.0000,0.0000,0,0.00,0
53,Legacy3,6,0.0000,0.0000,0.0000,0,0.00,0
53,Legacy3,7,0.0000,0.0000,0.0000,0,0.00,0
53,Legacy3,8,0.0000,0.0000,0.0000,0,0.00,0
53,Legacy4,0,0.0000,0.0000,0.0000,0,0.00,0
53,Legacy4,1,0.0000,0.0000,0.0000,0,0.00,0
53,Legacy4,2,0.0000,0.0000,0.0000,0,0.00,0
53,Legacy4,3,0.0000,0.0000,0.0000,0,0.00,0
53,Legacy4,4,0.0000,0.0000,0.0000,0,0.00,0
53,Legacy4,5,0.0000,0.0000,0.0000,0,0.00,0
53,Legacy4,6,0.0000,0.0000,0.0000,0,0.00,0
53,Legacy4,7,0.0000,0.0000,0.0000,0,0.00,0
53,Legacy4,8,0.0000,0.0000,0.0000,0,0.00,0
53,Legacy5,0,0.0000,0.0000,0.0000,0,0.00,0
53,Legacy5,1,0.0000,0.0000,0.0000,0,0.00,0
53,Legacy5,2,0.0000,0.0000,0.0000,0,0.00,0
53,Legacy5,3,0.0000,0.0000,0.0000,0,0.00,0
53,Legacy5,4,0.0000,0.0000,0.0000,0,0.00,0
53,Legacy5,5,0.0000,0.0000,0.0000,0,0.00,0
53,Legacy5,6,0.0000,0.0000,0.0000,0,0.00,0
53,Legacy5,7,0.0000,0.0000,0.0000,0,0.00,0
53,Legacy5,8,0.0000,0.0000,0.0000,0,0.00,0
53,Legacy4BNB,0,0.0000,0.0000,0.0000,0,0.00,0
53,Legacy4BNB,1,0.0000,0.0000,0.0000,0,0.00,0
53,Legacy4BNB,2,0.0000,0.0000,0.0000,0,0.00,0
53,Legacy4BNB,3,0.0000,0.0000,0.0000,0,0.00,0
53,Legacy4BNB,4,0.0000,0.0000,0.0000,0,0.00,0
53,Legacy4BNB,5,0.0000,0.0000,0.0000,0,0.00,0
53,Legacy4BNB,6,0.0000,0.0000,0.0000,0,0.00,0
53,Legacy4BNB,7,0.0000,0.0000,0.0000,0,0.00,0
53,Legacy4BNB,8,0.0000,0.0000,0.0000,0,0.00,0
53,Legacy5BNB,0,0.0000,0.0000,0.0000,0,0.00,0
53,Legacy5BNB,1,0.0000,0.0000,0.0000,0,0.00,0
53,Legacy5BNB,2,0.0000,0.0000,0.0000,0,0.00,0
53,Legacy5BNB,3,0.0000,0.0000,0.0000,0,0.00,0
53,Legacy5BNB,4,0.0000,0.0000,0.0000,0,0.00,0
53,Legacy5BNB,5,0.0000,0.0000,0.0000,0,0.00,0
53,Legacy5BNB,6,0.0000,0.0000,0.0000,0,0.00,0
53,Legacy5BNB,7,0.0000,0.0000,0.0000,0,0.00,0
53,Legacy5BNB,8,0.0000,0.0000,0.0000,0,0.00,0
54,Base5,0,0.0000,0.0000,0.0000,0,0.00,0
54,Base5,1,0.0000,0.0000,0.0000,0,0.00,0
54,Base5,2,0.0000,0.0000,0.0000,0,0.00,0
54,Base5,3,0.0000,0.0000,0.0000,0,0.00,0
54,Base5,4,0.0000,0.0000,0.0000,0,0.00,0
54,Base5,5,0.0000,0.0000,0.0000,0,0.00,0
54,Base5,6,0.0000,0.0000,0.0000,0,0.00,0
54,Base5,7,0.0000,0.0000,0.0000,0,0.00,0
54,Base5,8,0.0000,0.0000,0.0000,0,0.00,0
54,NoDOGE,0,0.0000,0.0000,0.0000,0,0.00,0
54,NoDOGE,1,0.0000,0.0000,0.0000,0,0.00,0
54,NoDOGE,2,0.0000,0.0000,0.0000,0,0.00,0
54,NoDOGE,3,0.0000,0.0000,0.0000,0,0.00,0
54,NoDOGE,4,0.0000,0.0000,0.0000,0,0.00,0
54,NoDOGE,5,0.0000,0.0000,0.0000,0,0.00,0
54,NoDOGE,6,0.0000,0.0000,0.0000,0,0.00,0
54,NoDOGE,7,0.0000,0.0000,0.0000,0,0.00,0
54,NoDOGE,8,0.0000,0.0000,0.0000,0,0.00,0
54,LargeCaps5,0,0.0000,0.0000,0.0000,0,0.00,0
54,LargeCaps5,1,0.0000,0.0000,0.0000,0,0.00,0
54,LargeCaps5,2,0.0000,0.0000,0.0000,0,0.00,0
54,LargeCaps5,3,0.0000,0.0000,0.0000,0,0.00,0
54,LargeCaps5,4,0.0000,0.0000,0.0000,0,0.00,0
54,LargeCaps5,5,0.0000,0.0000,0.0000,0,0.00,0
54,LargeCaps5,6,0.0000,0.0000,0.0000,0,0.00,0
54,LargeCaps5,7,0.0000,0.0000,0.0000,0,0.00,0
54,LargeCaps5,8,0.0000,0.0000,0.0000,0,0.00,0
54,LowVolume5,0,0.0000,0.0000,0.0000,0,0.00,0
54,LowVolume5,1,0.0000,0.0000,0.0000,0,0.00,0
54,LowVolume5,2,0.0000,0.0000,0.0000,0,0.00,0
54,LowVolume5,3,0.0000,0.0000,0.0000,0,0.00,0
54,LowVolume5,4,0.0000,0.0000,0.0000,0,0.00,0
54,LowVolume5,5,0.0000,0.0000,0.0000,0,0.00,0
54,LowVolume5,6,0.0000,0.0000,0.0000,0,0.00,0
54,LowVolume5,7,0.0000,0.0000,0.0000,0,0.00,0
54,LowVolume5,8,0.0000,0.0000,0.0000,0,0.00,0
54,Legacy3,0,0.0000,0.0000,0.0000,0,0.00,0
54,Legacy3,1,0.0000,0.0000,0.0000,0,0.00,0
54,Legacy3,2,0.0000,0.0000,0.0000,0,0.00,0
54,Legacy3,3,0.0000,0.0000,0.0000,0,0.00,0
54,Legacy3,4,0.0000,0.0000,0.0000,0,0.00,0
54,Legacy3,5,0.0000,0.0000,0.0000,0,0.00,0
54,Legacy3,6,0.0000,0.0000,0.0000,0,0.00,0
54,Legacy3,7,0.0000,0.0000,0.0000,0,0.00,0
54,Legacy3,8,0.0000,0.0000,0.0000,0,0.00,0
54,Legacy4,0,0.0000,0.0000,0.0000,0,0.00,0
54,Legacy4,1,0.0000,0.0000,0.0000,0,0.00,0
54,Legacy4,2,0.0000,0.0000,0.0000,0,0.00,0
54,Legacy4,3,0.0000,0.0000,0.0000,0,0.00,0
54,Legacy4,4,0.0000,0.0000,0.0000,0,0.00,0
54,Legacy4,5,0.0000,0.0000,0.0000,0,0.00,0
54,Legacy4,6,0.0000,0.0000,0.0000,0,0.00,0
54,Legacy4,7,0.0000,0.0000,0.0000,0,0.00,0
54,Legacy4,8,0.0000,0.0000,0.0000,0,0.00,0
54,Legacy5,0,0.0000,0.0000,0.0000,0,0.00,0
54,Legacy5,1,0.0000,0.0000,0.0000,0,0.00,0
54,Legacy5,2,0.0000,0.0000,0.0000,0,0.00,0
54,Legacy5,3,0.0000,0.0000,0.0000,0,0.00,0
54,Legacy5,4,0.0000,0.0000,0.0000,0,0.00,0
54,Legacy5,5,0.0000,0.0000,0.0000,0,0.00,0
54,Legacy5,6,0.0000,0.0000,0.0000,0,0.00,0
54,Legacy5,7,0.0000,0.0000,0.0000,0,0.00,0
54,Legacy5,8,0.0000,0.0000,0.0000,0,0.00,0
54,Legacy4BNB,0,0.0000,0.0000,0.0000,0,0.00,0
54,Legacy4BNB,1,0.0000,0.0000,0.0000,0,0.00,0
54,Legacy4BNB,2,0.0000,0.0000,0.0000,0,0.00,0
54,Legacy4BNB,3,0.0000,0.0000,0.0000,0,0.00,0
54,Legacy4BNB,4,0.0000,0.0000,0.0000,0,0.00,0
54,Legacy4BNB,5,0.0000,0.0000,0.0000,0,0.00,0
54,Legacy4BNB,6,0.0000,0.0000,0.0000,0,0.00,0
54,Legacy4BNB,7,0.0000,0.0000,0.0000,0,0.00,0
54,Legacy4BNB,8,0.0000,0.0000,0.0000,0,0.00,0
54,Legacy5BNB,0,0.0000,0.0000,0.0000,0,0.00,0
54,Legacy5BNB,1,0.0000,0.0000,0.0000,0,0.00,0
54,Legacy5BNB,2,0.0000,0.0000,0.0000,0,0.00,0
54,Legacy5BNB,3,0.0000,0.0000,0.0000,0,0.00,0
54,Legacy5BNB,4,0.0000,0.0000,0.0000,0,0.00,0
54,Legacy5BNB,5,0.0000,0.0000,0.0000,0,0.00,0
54,Legacy5BNB,6,0.0000,0.0000,0.0000,0,0.00,0
54,Legacy5BNB,7,0.0000,0.0000,0.0000,0,0.00,0
54,Legacy5BNB,8,0.0000,0.0000,0.0000,0,0.00,0
55,Base5,0,0.0000,0.0000,0.0000,0,0.00,0
55,Base5,1,0.0000,0.0000,0.0000,0,0.00,0
55,Base5,2,0.0000,0.0000,0.0000,0,0.00,0
55,Base5,3,0.0000,0.0000,0.0000,0,0.00,0
55,Base5,4,0.0000,0.0000,0.0000,0,0.00,0
55,Base5,5,0.0000,0.0000,0.0000,0,0.00,0
55,Base5,6,0.0000,0.0000,0.0000,0,0.00,0
55,Base5,7,0.0000,0.0000,0.0000,0,0.00,0
55,Base5,8,0.0000,0.0000,0.0000,0,0.00,0
55,NoDOGE,0,0.0000,0.0000,0.0000,0,0.00,0
55,NoDOGE,1,0.0000,0.0000,0.0000,0,0.00,0
55,NoDOGE,2,0.0000,0.0000,0.0000,0,0.00,0
55,NoDOGE,3,0.0000,0.0000,0.0000,0,0.00,0
55,NoDOGE,4,0.0000,0.0000,0.0000,0,0.00,0
55,NoDOGE,5,0.0000,0.0000,0.0000,0,0.00,0
55,NoDOGE,6,0.0000,0.0000,0.0000,0,0.00,0
55,NoDOGE,7,0.0000,0.0000,0.0000,0,0.00,0
55,NoDOGE,8,0.0000,0.0000,0.0000,0,0.00,0
55,LargeCaps5,0,0.0000,0.0000,0.0000,0,0.00,0
55,LargeCaps5,1,0.0000,0.0000,0.0000,0,0.00,0
55,LargeCaps5,2,0.0000,0.0000,0.0000,0,0.00,0
55,LargeCaps5,3,0.0000,0.0000,0.0000,0,0.00,0
55,LargeCaps5,4,0.0000,0.0000,0.0000,0,0.00,0
55,LargeCaps5,5,0.0000,0.0000,0.0000,0,0.00,0
55,LargeCaps5,6,0.0000,0.0000,0.0000,0,0.00,0
55,LargeCaps5,7,0.0000,0.0000,0.0000,0,0.00,0
55,LargeCaps5,8,0.0000,0.0000,0.0000,0,0.00,0
55,LowVolume5,0,0.0000,0.0000,0.0000,0,0.00,0
55,LowVolume5,1,0.0000,0.0000,0.0000,0,0.00,0
55,LowVolume5,2,0.0000,0.0000,0.0000,0,0.00,0
55,LowVolume5,3,0.0000,0.0000,0.0000,0,0.00,0
55,LowVolume5,4,0.0000,0.0000,0.0000,0,0.00,0
55,LowVolume5,5,0.0000,0.0000,0.0000,0,0.00,0
55,LowVolume5,6,0.0000,0.0000,0.0000,0,0.00,0
55,LowVolume5,7,0.0000,0.0000,0.0000,0,0.00,0
55,LowVolume5,8,0.0000,0.0000,0.0000,0,0.00,0
55,Legacy3,0,0.0000,0.0000,0.0000,0,0.00,0
55,Legacy3,1,0.0000,0.0000,0.0000,0,0.00,0
55,Legacy3,2,0.0000,0.0000,0.0000,0,0.00,0
55,Legacy3,3,0.0000,0.0000,0.0000,0,0.00,0
55,Legacy3,4,0.0000,0.0000,0.0000,0,0.00,0
55,Legacy3,5,0.0000,0.0000,0.0000,0,0.00,0
55,Legacy3,6,0.0000,0.0000,0.0000,0,0.00,0
55,Legacy3,7,0.0000,0.0000,0.0000,0,0.00,0
55,Legacy3,8,0.0000,0.0000,0.0000,0,0.00,0
55,Legacy4,0,0.0000,0.0000,0.0000,0,0.00,0
55,Legacy4,1,0.0000,0.0000,0.0000,0,0.00,0
55,Legacy4,2,0.0000,0.0000,0.0000,0,0.00,0
55,Legacy4,3,0.0000,0.0000,0.0000,0,0.00,0
55,Legacy4,4,0.0000,0.0000,0.0000,0,0.00,0
55,Legacy4,5,0.0000,0.0000,0.0000,0,0.00,0
55,Legacy4,6,0.0000,0.0000,0.0000,0,0.00,0
55,Legacy4,7,0.0000,0.0000,0.0000,0,0.00,0
55,Legacy4,8,0.0000,0.0000,0.0000,0,0.00,0
55,Legacy5,0,0.0000,0.0000,0.0000,0,0.00,0
55,Legacy5,1,0.0000,0.0000,0.0000,0,0.00,0
55,Legacy5,2,0.0000,0.0000,0.0000,0,0.00,0
55,Legacy5,3,0.0000,0.0000,0.0000,0,0.00,0
55,Legacy5,4,0.0000,0.0000,0.0000,0,0.00,0
55,Legacy5,5,0.0000,0.0000,0.0000,0,0.00,0
55,Legacy5,6,0.0000,0.0000,0.0000,0,0.00,0
55,Legacy5,7,0.0000,0.0000,0.0000,0,0.00,0
55,Legacy5,8,0.0000,0.0000,0.0000,0,0.00,0
55,Legacy4BNB,0,0.0000,0.0000,0.0000,0,0.00,0
55,Legacy4BNB,1,0.0000,0.0000,0.0000,0,0.00,0
55,Legacy4BNB,2,0.0000,0.0000,0.0000,0,0.00,0
55,Legacy4BNB,3,0.0000,0.0000,0.0000,0,0.00,0
55,Legacy4BNB,4,0.0000,0.0000,0.0000,0,0.00,0
55,Legacy4BNB,5,0.0000,0.0000,0.0000,0,0.00,0
55,Legacy4BNB,6,0.0000,0.0000,0.0000,0,0.00,0
55,Legacy4BNB,7,0.0000,0.0000,0.0000,0,0.00,0
55,Legacy4BNB,8,0.0000,0.0000,0.0000,0,0.00,0
55,Legacy5BNB,0,0.0000,0.0000,0.0000,0,0.00,0
55,Legacy5BNB,1,0.0000,0.0000,0.0000,0,0.00,0
55,Legacy5BNB,2,0.0000,0.0000,0.0000,0,0.00,0
55,Legacy5BNB,3,0.0000,0.0000,0.0000,0,0.00,0
55,Legacy5BNB,4,0.0000,0.0000,0.0000,0,0.00,0
55,Legacy5BNB,5,0.0000,0.0000,0.0000,0,0.00,0
55,Legacy5BNB,6,0.0000,0.0000,0.0000,0,0.00,0
55,Legacy5BNB,7,0.0000,0.0000,0.0000,0,0.00,0
55,Legacy5BNB,8,0.0000,0.0000,0.0000,0,0.00,0
56,Base5,0,0.0000,0.0000,0.0000,0,0.00,0
56,Base5,1,0.0000,0.0000,0.0000,0,0.00,0
56,Base5,2,0.0000,0.0000,0.0000,0,0.00,0
56,Base5,3,0.0000,0.0000,0.0000,0,0.00,0
56,Base5,4,0.0000,0.0000,0.0000,0,0.00,0
56,Base5,5,0.0000,0.0000,0.0000,0,0.00,0
56,Base5,6,0.0000,0.0000,0.0000,0,0.00,0
56,Base5,7,0.0000,0.0000,0.0000,0,0.00,0
56,Base5,8,0.0000,0.0000,0.0000,0,0.00,0
56,NoDOGE,0,0.0000,0.0000,0.0000,0,0.00,0
56,NoDOGE,1,0.0000,0.0000,0.0000,0,0.00,0
56,NoDOGE,2,0.0000,0.0000,0.0000,0,0.00,0
56,NoDOGE,3,0.0000,0.0000,0.0000,0,0.00,0
56,NoDOGE,4,0.0000,0.0000,0.0000,0,0.00,0
56,NoDOGE,5,0.0000,0.0000,0.0000,0,0.00,0
56,NoDOGE,6,0.0000,0.0000,0.0000,0,0.00,0
56,NoDOGE,7,0.0000,0.0000,0.0000,0,0.00,0
56,NoDOGE,8,0.0000,0.0000,0.0000,0,0.00,0
56,LargeCaps5,0,0.0000,0.0000,0.0000,0,0.00,0
56,LargeCaps5,1,0.0000,0.0000,0.0000,0,0.00,0
56,LargeCaps5,2,0.0000,0.0000,0.0000,0,0.00,0
56,LargeCaps5,3,0.0000,0.0000,0.0000,0,0.00,0
56,LargeCaps5,4,0.0000,0.0000,0.0000,0,0.00,0
56,LargeCaps5,5,0.0000,0.0000,0.0000,0,0.00,0
56,LargeCaps5,6,0.0000,0.0000,0.0000,0,0.00,0
56,LargeCaps5,7,0.0000,0.0000,0.0000,0,0.00,0
56,LargeCaps5,8,0.0000,0.0000,0.0000,0,0.00,0
56,LowVolume5,0,0.0000,0.0000,0.0000,0,0.00,0
56,LowVolume5,1,0.0000,0.0000,0.0000,0,0.00,0
56,LowVolume5,2,0.0000,0.0000,0.0000,0,0.00,0
56,LowVolume5,3,0.0000,0.0000,0.0000,0,0.00,0
56,LowVolume5,4,0.0000,0.0000,0.0000,0,0.00,0
56,LowVolume5,5,0.0000,0.0000,0.0000,0,0.00,0
56,LowVolume5,6,0.0000,0.0000,0.0000,0,0.00,0
56,LowVolume5,7,0.0000,0.0000,0.0000,0,0.00,0
56,LowVolume5,8,0.0000,0.0000,0.0000,0,0.00,0
56,Legacy3,0,0.0000,0.0000,0.0000,0,0.00,0
56,Legacy3,1,0.0000,0.0000,0.0000,0,0.00,0
56,Legacy3,2,0.0000,0.0000,0.0000,0,0.00,0
56,Legacy3,3,0.0000,0.0000,0.0000,0,0.00,0
56,Legacy3,4,0.0000,0.0000,0.0000,0,0.00,0
56,Legacy3,5,0.0000,0.0000,0.0000,0,0.00,0
56,Legacy3,6,0.0000,0.0000,0.0000,0,0.00,0
56,Legacy3,7,0.0000,0.0000,0.0000,0,0.00,0
56,Legacy3,8,0.0000,0.0000,0.0000,0,0.00,0
56,Legacy4,0,0.0000,0.0000,0.0000,0,0.00,0
56,Legacy4,1,0.0000,0.0000,0.0000,0,0.00,0
56,Legacy4,2,0.0000,0.0000,0.0000,0,0.00,0
56,Legacy4,3,0.0000,0.0000,0.0000,0,0.00,0
56,Legacy4,4,0.0000,0.0000,0.0000,0,0.00,0
56,Legacy4,5,0.0000,0.0000,0.0000,0,0.00,0
56,Legacy4,6,0.0000,0.0000,0.0000,0,0.00,0
56,Legacy4,7,0.0000,0.0000,0.0000,0,0.00,0
56,Legacy4,8,0.0000,0.0000,0.0000,0,0.00,0
56,Legacy5,0,0.0000,0.0000,0.0000,0,0.00,0
56,Legacy5,1,0.0000,0.0000,0.0000,0,0.00,0
56,Legacy5,2,0.0000,0.0000,0.0000,0,0.00,0
56,Legacy5,3,0.0000,0.0000,0.0000,0,0.00,0
56,Legacy5,4,0.0000,0.0000,0.0000,0,0.00,0
56,Legacy5,5,0.0000,0.0000,0.0000,0,0.00,0
56,Legacy5,6,0.0000,0.0000,0.0000,0,0.00,0
56,Legacy5,7,0.0000,0.0000,0.0000,0,0.00,0
56,Legacy5,8,0.0000,0.0000,0.0000,0,0.00,0
56,Legacy4BNB,0,0.0000,0.0000,0.0000,0,0.00,0
56,Legacy4BNB,1,0.0000,0.0000,0.0000,0,0.00,0
56,Legacy4BNB,2,0.0000,0.0000,0.0000,0,0.00,0
56,Legacy4BNB,3,0.0000,0.0000,0.0000,0,0.00,0
56,Legacy4BNB,4,0.0000,0.0000,0.0000,0,0.00,0
56,Legacy4BNB,5,0.0000,0.0000,0.0000,0,0.00,0
56,Legacy4BNB,6,0.0000,0.0000,0.0000,0,0.00,0
56,Legacy4BNB,7,0.0000,0.0000,0.0000,0,0.00,0
56,Legacy4BNB,8,0.0000,0.0000,0.0000,0,0.00,0
56,Legacy5BNB,0,0.0000,0.0000,0.0000,0,0.00,0
56,Legacy5BNB,1,0.0000,0.0000,0.0000,0,0.00,0
56,Legacy5BNB,2,0.0000,0.0000,0.0000,0,0.00,0
56,Legacy5BNB,3,0.0000,0.0000,0.0000,0,0.00,0
56,Legacy5BNB,4,0.0000,0.0000,0.0000,0,0.00,0
56,Legacy5BNB,5,0.0000,0.0000,0.0000,0,0.00,0
56,Legacy5BNB,6,0.0000,0.0000,0.0000,0,0.00,0
56,Legacy5BNB,7,0.0000,0.0000,0.0000,0,0.00,0
56,Legacy5BNB,8,0.0000,0.0000,0.0000,0,0.00,0
57,Base5,0,0.0000,0.0000,0.0000,0,0.00,0
57,Base5,1,0.0000,0.0000,0.0000,0,0.00,0
57,Base5,2,0.0000,0.0000,0.0000,0,0.00,0
57,Base5,3,0.0000,0.0000,0.0000,0,0.00,0
57,Base5,4,0.0000,0.0000,0.0000,0,0.00,0
57,Base5,5,0.0000,0.0000,0.0000,0,0.00,0
57,Base5,6,0.0000,0.0000,0.0000,0,0.00,0
57,Base5,7,0.0000,0.0000,0.0000,0,0.00,0
57,Base5,8,0.0000,0.0000,0.0000,0,0.00,0
57,NoDOGE,0,0.0000,0.0000,0.0000,0,0.00,0
57,NoDOGE,1,0.0000,0.0000,0.0000,0,0.00,0
57,NoDOGE,2,0.0000,0.0000,0.0000,0,0.00,0
57,NoDOGE,3,0.0000,0.0000,0.0000,0,0.00,0
57,NoDOGE,4,0.0000,0.0000,0.0000,0,0.00,0
57,NoDOGE,5,0.0000,0.0000,0.0000,0,0.00,0
57,NoDOGE,6,0.0000,0.0000,0.0000,0,0.00,0
57,NoDOGE,7,0.0000,0.0000,0.0000,0,0.00,0
57,NoDOGE,8,0.0000,0.0000,0.0000,0,0.00,0
57,LargeCaps5,0,0.0000,0.0000,0.0000,0,0.00,0
57,LargeCaps5,1,0.0000,0.0000,0.0000,0,0.00,0
57,LargeCaps5,2,0.0000,0.0000,0.0000,0,0.00,0
57,LargeCaps5,3,0.0000,0.0000,0.0000,0,0.00,0
57,LargeCaps5,4,0.0000,0.0000,0.0000,0,0.00,0
57,LargeCaps5,5,0.0000,0.0000,0.0000,0,0.00,0
57,LargeCaps5,6,0.0000,0.0000,0.0000,0,0.00,0
57,LargeCaps5,7,0.0000,0.0000,0.0000,0,0.00,0
57,LargeCaps5,8,0.0000,0.0000,0.0000,0,0.00,0
57,LowVolume5,0,0.0000,0.0000,0.0000,0,0.00,0
57,LowVolume5,1,0.0000,0.0000,0.0000,0,0.00,0
57,LowVolume5,2,0.0000,0.0000,0.0000,0,0.00,0
57,LowVolume5,3,0.0000,0.0000,0.0000,0,0.00,0
57,LowVolume5,4,0.0000,0.0000,0.0000,0,0.00,0
57,LowVolume5,5,0.0000,0.0000,0.0000,0,0.00,0
57,LowVolume5,6,0.0000,0.0000,0.0000,0,0.00,0
57,LowVolume5,7,0.0000,0.0000,0.0000,0,0.00,0
57,LowVolume5,8,0.0000,0.0000,0.0000,0,0.00,0
57,Legacy3,0,0.0000,0.0000,0.0000,0,0.00,0
57,Legacy3,1,0.0000,0.0000,0.0000,0,0.00,0
57,Legacy3,2,0.0000,0.0000,0.0000,0,0.00,0
57,Legacy3,3,0.0000,0.0000,0.0000,0,0.00,0
57,Legacy3,4,0.0000,0.0000,0.0000,0,0.00,0
57,Legacy3,5,0.0000,0.0000,0.0000,0,0.00,0
57,Legacy3,6,0.0000,0.0000,0.0000,0,0.00,0
57,Legacy3,7,0.0000,0.0000,0.0000,0,0.00,0
57,Legacy3,8,0.0000,0.0000,0.0000,0,0.00,0
57,Legacy4,0,0.0000,0.0000,0.0000,0,0.00,0
57,Legacy4,1,0.0000,0.0000,0.0000,0,0.00,0
57,Legacy4,2,0.0000,0.0000,0.0000,0,0.00,0
57,Legacy4,3,0.0000,0.0000,0.0000,0,0.00,0
57,Legacy4,4,0.0000,0.0000,0.0000,0,0.00,0
57,Legacy4,5,0.0000,0.0000,0.0000,0,0.00,0
57,Legacy4,6,0.0000,0.0000,0.0000,0,0.00,0
57,Legacy4,7,0.0000,0.0000,0.0000,0,0.00,0
57,Legacy4,8,0.0000,0.0000,0.0000,0,0.00,0
57,Legacy5,0,0.0000,0.0000,0.0000,0,0.00,0
57,Legacy5,1,0.0000,0.0000,0.0000,0,0.00,0
57,Legacy5,2,0.0000,0.0000,0.0000,0,0.00,0
57,Legacy5,3,0.0000,0.0000,0.0000,0,0.00,0
57,Legacy5,4,0.0000,0.0000,0.0000,0,0.00,0
57,Legacy5,5,0.0000,0.0000,0.0000,0,0.00,0
57,Legacy5,6,0.0000,0.0000,0.0000,0,0.00,0
57,Legacy5,7,0.0000,0.0000,0.0000,0,0.00,0
57,Legacy5,8,0.0000,0.0000,0.0000,0,0.00,0
57,Legacy4BNB,0,0.0000,0.0000,0.0000,0,0.00,0
57,Legacy4BNB,1,0.0000,0.0000,0.0000,0,0.00,0
57,Legacy4BNB,2,0.0000,0.0000,0.0000,0,0.00,0
57,Legacy4BNB,3,0.0000,0.0000,0.0000,0,0.00,0
57,Legacy4BNB,4,0.0000,0.0000,0.0000,0,0.00,0
57,Legacy4BNB,5,0.0000,0.0000,0.0000,0,0.00,0
57,Legacy4BNB,6,0.0000,0.0000,0.0000,0,0.00,0
57,Legacy4BNB,7,0.0000,0.0000,0.0000,0,0.00,0
57,Legacy4BNB,8,0.0000,0.0000,0.0000,0,0.00,0
57,Legacy5BNB,0,0.0000,0.0000,0.0000,0,0.00,0
57,Legacy5BNB,1,0.0000,0.0000,0.0000,0,0.00,0
57,Legacy5BNB,2,0.0000,0.0000,0.0000,0,0.00,0
57,Legacy5BNB,3,0.0000,0.0000,0.0000,0,0.00,0
57,Legacy5BNB,4,0.0000,0.0000,0.0000,0,0.00,0
57,Legacy5BNB,5,0.0000,0.0000,0.0000,0,0.00,0
57,Legacy5BNB,6,0.0000,0.0000,0.0000,0,0.00,0
57,Legacy5BNB,7,0.0000,0.0000,0.0000,0,0.00,0
57,Legacy5BNB,8,0.0000,0.0000,0.0000,0,0.00,0
58,Base5,0,0.0000,0.0000,0.0000,0,0.00,0
58,Base5,1,0.0000,0.0000,0.0000,0,0.00,0
58,Base5,2,0.0000,0.0000,0.0000,0,0.00,0
58,Base5,3,0.0000,0.0000,0.0000,0,0.00,0
58,Base5,4,0.0000,0.0000,0.0000,0,0.00,0
58,Base5,5,0.0000,0.0000,0.0000,0,0.00,0
58,Base5,6,0.0000,0.0000,0.0000,0,0.00,0
58,Base5,7,0.0000,0.0000,0.0000,0,0.00,0
58,Base5,8,0.0000,0.0000,0.0000,0,0.00,0
58,NoDOGE,0,0.0000,0.0000,0.0000,0,0.00,0
58,NoDOGE,1,0.0000,0.0000,0.0000,0,0.00,0
58,NoDOGE,2,0.0000,0.0000,0.0000,0,0.00,0
58,NoDOGE,3,0.0000,0.0000,0.0000,0,0.00,0
58,NoDOGE,4,0.0000,0.0000,0.0000,0,0.00,0
58,NoDOGE,5,0.0000,0.0000,0.0000,0,0.00,0
58,NoDOGE,6,0.0000,0.0000,0.0000,0,0.00,0
58,NoDOGE,7,0.0000,0.0000,0.0000,0,0.00,0
58,NoDOGE,8,0.0000,0.0000,0.0000,0,0.00,0
58,LargeCaps5,0,0.0000,0.0000,0.0000,0,0.00,0
58,LargeCaps5,1,0.0000,0.0000,0.0000,0,0.00,0
58,LargeCaps5,2,0.0000,0.0000,0.0000,0,0.00,0
58,LargeCaps5,3,0.0000,0.0000,0.0000,0,0.00,0
58,LargeCaps5,4,0.0000,0.0000,0.0000,0,0.00,0
58,LargeCaps5,5,0.0000,0.0000,0.0000,0,0.00,0
58,LargeCaps5,6,0.0000,0.0000,0.0000,0,0.00,0
58,LargeCaps5,7,0.0000,0.0000,0.0000,0,0.00,0
58,LargeCaps5,8,0.0000,0.0000,0.0000,0,0.00,0
58,LowVolume5,0,0.0000,0.0000,0.0000,0,0.00,0
58,LowVolume5,1,0.0000,0.0000,0.0000,0,0.00,0
58,LowVolume5,2,0.0000,0.0000,0.0000,0,0.00,0
58,LowVolume5,3,0.0000,0.0000,0.0000,0,0.00,0
58,LowVolume5,4,0.0000,0.0000,0.0000,0,0.00,0
58,LowVolume5,5,0.0000,0.0000,0.0000,0,0.00,0
58,LowVolume5,6,0.0000,0.0000,0.0000,0,0.00,0
58,LowVolume5,7,0.0000,0.0000,0.0000,0,0.00,0
58,LowVolume5,8,0.0000,0.0000,0.0000,0,0.00,0
58,Legacy3,0,0.0000,0.0000,0.0000,0,0.00,0
58,Legacy3,1,0.0000,0.0000,0.0000,0,0.00,0
58,Legacy3,2,0.0000,0.0000,0.0000,0,0.00,0
58,Legacy3,3,0.0000,0.0000,0.0000,0,0.00,0
58,Legacy3,4,0.0000,0.0000,0.0000,0,0.00,0
58,Legacy3,5,0.0000,0.0000,0.0000,0,0.00,0
58,Legacy3,6,0.0000,0.0000,0.0000,0,0.00,0
58,Legacy3,7,0.0000,0.0000,0.0000,0,0.00,0
58,Legacy3,8,0.0000,0.0000,0.0000,0,0.00,0
58,Legacy4,0,0.0000,0.0000,0.0000,0,0.00,0
58,Legacy4,1,0.0000,0.0000,0.0000,0,0.00,0
58,Legacy4,2,0.0000,0.0000,0.0000,0,0.00,0
58,Legacy4,3,0.0000,0.0000,0.0000,0,0.00,0
58,Legacy4,4,0.0000,0.0000,0.0000,0,0.00,0
58,Legacy4,5,0.0000,0.0000,0.0000,0,0.00,0
58,Legacy4,6,0.0000,0.0000,0.0000,0,0.00,0
58,Legacy4,7,0.0000,0.0000,0.0000,0,0.00,0
58,Legacy4,8,0.0000,0.0000,0.0000,0,0.00,0
58,Legacy5,0,0.0000,0.0000,0.0000,0,0.00,0
58,Legacy5,1,0.0000,0.0000,0.0000,0,0.00,0
58,Legacy5,2,0.0000,0.0000,0.0000,0,0.00,0
58,Legacy5,3,0.0000,0.0000,0.0000,0,0.00,0
58,Legacy5,4,0.0000,0.0000,0.0000,0,0.00,0
58,Legacy5,5,0.0000,0.0000,0.0000,0,0.00,0
58,Legacy5,6,0.0000,0.0000,0.0000,0,0.00,0
58,Legacy5,7,0.0000,0.0000,0.0000,0,0.00,0
58,Legacy5,8,0.0000,0.0000,0.0000,0,0.00,0
58,Legacy4BNB,0,0.0000,0.0000,0.0000,0,0.00,0
58,Legacy4BNB,1,0.0000,0.0000,0.0000,0,0.00,0
58,Legacy4BNB,2,0.0000,0.0000,0.0000,0,0.00,0
58,Legacy4BNB,3,0.0000,0.0000,0.0000,0,0.00,0
58,Legacy4BNB,4,0.0000,0.0000,0.0000,0,0.00,0
58,Legacy4BNB,5,0.0000,0.0000,0.0000,0,0.00,0
58,Legacy4BNB,6,0.0000,0.0000,0.0000,0,0.00,0
58,Legacy4BNB,7,0.0000,0.0000,0.0000,0,0.00,0
58,Legacy4BNB,8,0.0000,0.0000,0.0000,0,0.00,0
58,Legacy5BNB,0,0.0000,0.0000,0.0000,0,0.00,0
58,Legacy5BNB,1,0.0000,0.0000,0.0000,0,0.00,0
58,Legacy5BNB,2,0.0000,0.0000,0.0000,0,0.00,0
58,Legacy5BNB,3,0.0000,0.0000,0.0000,0,0.00,0
58,Legacy5BNB,4,0.0000,0.0000,0.0000,0,0.00,0
58,Legacy5BNB,5,0.0000,0.0000,0.0000,0,0.00,0
58,Legacy5BNB,6,0.0000,0.0000,0.0000,0,0.00,0
58,Legacy5BNB,7,0.0000,0.0000,0.0000,0,0.00,0
58,Legacy5BNB,8,0.0000,0.0000,0.0000,0,0.00,0
59,Base5,0,0.0000,0.0000,0.0000,0,0.00,0
59,Base5,1,0.0000,0.0000,0.0000,0,0.00,0
59,Base5,2,0.0000,0.0000,0.0000,0,0.00,0
59,Base5,3,0.0000,0.0000,0.0000,0,0.00,0
59,Base5,4,0.0000,0.0000,0.0000,0,0.00,0
59,Base5,5,0.0000,0.0000,0.0000,0,0.00,0
59,Base5,6,0.0000,0.0000,0.0000,0,0.00,0
59,Base5,7,0.0000,0.0000,0.0000,0,0.00,0
59,Base5,8,0.0000,0.0000,0.0000,0,0.00,0
59,NoDOGE,0,0.0000,0.0000,0.0000,0,0.00,0
59,NoDOGE,1,0.0000,0.0000,0.0000,0,0.00,0
59,NoDOGE,2,0.0000,0.0000,0.0000,0,0.00,0
59,NoDOGE,3,0.0000,0.0000,0.0000,0,0.00,0
59,NoDOGE,4,0.0000,0.0000,0.0000,0,0.00,0
59,NoDOGE,5,0.0000,0.0000,0.0000,0,0.00,0
59,NoDOGE,6,0.0000,0.0000,0.0000,0,0.00,0
59,NoDOGE,7,0.0000,0.0000,0.0000,0,0.00,0
59,NoDOGE,8,0.0000,0.0000,0.0000,0,0.00,0
59,LargeCaps5,0,0.0000,0.0000,0.0000,0,0.00,0
59,LargeCaps5,1,0.0000,0.0000,0.0000,0,0.00,0
59,LargeCaps5,2,0.0000,0.0000,0.0000,0,0.00,0
59,LargeCaps5,3,0.0000,0.0000,0.0000,0,0.00,0
59,LargeCaps5,4,0.0000,0.0000,0.0000,0,0.00,0
59,LargeCaps5,5,0.0000,0.0000,0.0000,0,0.00,0
59,LargeCaps5,6,0.0000,0.0000,0.0000,0,0.00,0
59,LargeCaps5,7,0.0000,0.0000,0.0000,0,0.00,0
59,LargeCaps5,8,0.0000,0.0000,0.0000,0,0.00,0
59,LowVolume5,0,0.0000,0.0000,0.0000,0,0.00,0
59,LowVolume5,1,0.0000,0.0000,0.0000,0,0.00,0
59,LowVolume5,2,0.0000,0.0000,0.0000,0,0.00,0
59,LowVolume5,3,0.0000,0.0000,0.0000,0,0.00,0
59,LowVolume5,4,0.0000,0.0000,0.0000,0,0.00,0
59,LowVolume5,5,0.0000,0.0000,0.0000,0,0.00,0
59,LowVolume5,6,0.0000,0.0000,0.0000,0,0.00,0
59,LowVolume5,7,0.0000,0.0000,0.0000,0,0.00,0
59,LowVolume5,8,0.0000,0.0000,0.0000,0,0.00,0
59,Legacy3,0,0.0000,0.0000,0.0000,0,0.00,0
59,Legacy3,1,0.0000,0.0000,0.0000,0,0.00,0
59,Legacy3,2,0.0000,0.0000,0.0000,0,0.00,0
59,Legacy3,3,0.0000,0.0000,0.0000,0,0.00,0
59,Legacy3,4,0.0000,0.0000,0.0000,0,0.00,0
59,Legacy3,5,0.0000,0.0000,0.0000,0,0.00,0
59,Legacy3,6,0.0000,0.0000,0.0000,0,0.00,0
59,Legacy3,7,0.0000,0.0000,0.0000,0,0.00,0
59,Legacy3,8,0.0000,0.0000,0.0000,0,0.00,0
59,Legacy4,0,0.0000,0.0000,0.0000,0,0.00,0
59,Legacy4,1,0.0000,0.0000,0.0000,0,0.00,0
59,Legacy4,2,0.0000,0.0000,0.0000,0,0.00,0
59,Legacy4,3,0.0000,0.0000,0.0000,0,0.00,0
59,Legacy4,4,0.0000,0.0000,0.0000,0,0.00,0
59,Legacy4,5,0.0000,0.0000,0.0000,0,0.00,0
59,Legacy4,6,0.0000,0.0000,0.0000,0,0.00,0
59,Legacy4,7,0.0000,0.0000,0.0000,0,0.00,0
59,Legacy4,8,0.0000,0.0000,0.0000,0,0.00,0
59,Legacy5,0,0.0000,0.0000,0.0000,0,0.00,0
59,Legacy5,1,0.0000,0.0000,0.0000,0,0.00,0
59,Legacy5,2,0.0000,0.0000,0.0000,0,0.00,0
59,Legacy5,3,0.0000,0.0000,0.0000,0,0.00,0
59,Legacy5,4,0.0000,0.0000,0.0000,0,0.00,0
59,Legacy5,5,0.0000,0.0000,0.0000,0,0.00,0
59,Legacy5,6,0.0000,0.0000,0.0000,0,0.00,0
59,Legacy5,7,0.0000,0.0000,0.0000,0,0.00,0
59,Legacy5,8,0.0000,0.0000,0.0000,0,0.00,0
59,Legacy4BNB,0,0.0000,0.0000,0.0000,0,0.00,0
59,Legacy4BNB,1,0.0000,0.0000,0.0000,0,0.00,0
59,Legacy4BNB,2,0.0000,0.0000,0.0000,0,0.00,0
59,Legacy4BNB,3,0.0000,0.0000,0.0000,0,0.00,0
59,Legacy4BNB,4,0.0000,0.0000,0.0000,0,0.00,0
59,Legacy4BNB,5,0.0000,0.0000,0.0000,0,0.00,0
59,Legacy4BNB,6,0.0000,0.0000,0.0000,0,0.00,0
59,Legacy4BNB,7,0.0000,0.0000,0.0000,0,0.00,0
59,Legacy4BNB,8,0.0000,0.0000,0.0000,0,0.00,0
59,Legacy5BNB,0,0.0000,0.0000,0.0000,0,0.00,0
59,Legacy5BNB,1,0.0000,0.0000,0.0000,0,0.00,0
59,Legacy5BNB,2,0.0000,0.0000,0.0000,0,0.00,0
59,Legacy5BNB,3,0.0000,0.0000,0.0000,0,0.00,0
59,Legacy5BNB,4,0.0000,0.0000,0.0000,0,0.00,0
59,Legacy5BNB,5,0.0000,0.0000,0.0000,0,0.00,0
59,Legacy5BNB,6,0.0000,0.0000,0.0000,0,0.00,0
59,Legacy5BNB,7,0.0000,0.0000,0.0000,0,0.00,0
59,Legacy5BNB,8,0.0000,0.0000,0.0000,0,0.00,0
60,Base5,0,0.0000,0.0000,0.0000,0,0.00,0
60,Base5,1,0.0000,0.0000,0.0000,0,0.00,0
60,Base5,2,0.0000,0.0000,0.0000,0,0.00,0
60,Base5,3,0.0000,0.0000,0.0000,0,0.00,0
60,Base5,4,0.0000,0.0000,0.0000,0,0.00,0
60,Base5,5,0.0000,0.0000,0.0000,0,0.00,0
60,Base5,6,0.0000,0.0000,0.0000,0,0.00,0
60,Base5,7,0.0000,0.0000,0.0000,0,0.00,0
60,Base5,8,0.0000,0.0000,0.0000,0,0.00,0
60,NoDOGE,0,0.0000,0.0000,0.0000,0,0.00,0
60,NoDOGE,1,0.0000,0.0000,0.0000,0,0.00,0
60,NoDOGE,2,0.0000,0.0000,0.0000,0,0.00,0
60,NoDOGE,3,0.0000,0.0000,0.0000,0,0.00,0
60,NoDOGE,4,0.0000,0.0000,0.0000,0,0.00,0
60,NoDOGE,5,0.0000,0.0000,0.0000,0,0.00,0
60,NoDOGE,6,0.0000,0.0000,0.0000,0,0.00,0
60,NoDOGE,7,0.0000,0.0000,0.0000,0,0.00,0
60,NoDOGE,8,0.0000,0.0000,0.0000,0,0.00,0
60,LargeCaps5,0,0.0000,0.0000,0.0000,0,0.00,0
60,LargeCaps5,1,0.0000,0.0000,0.0000,0,0.00,0
60,LargeCaps5,2,0.0000,0.0000,0.0000,0,0.00,0
60,LargeCaps5,3,0.0000,0.0000,0.0000,0,0.00,0
60,LargeCaps5,4,0.0000,0.0000,0.0000,0,0.00,0
60,LargeCaps5,5,0.0000,0.0000,0.0000,0,0.00,0
60,LargeCaps5,6,0.0000,0.0000,0.0000,0,0.00,0
60,LargeCaps5,7,0.0000,0.0000,0.0000,0,0.00,0
60,LargeCaps5,8,0.0000,0.0000,0.0000,0,0.00,0
60,LowVolume5,0,0.0000,0.0000,0.0000,0,0.00,0
60,LowVolume5,1,0.0000,0.0000,0.0000,0,0.00,0
60,LowVolume5,2,0.0000,0.0000,0.0000,0,0.00,0
60,LowVolume5,3,0.0000,0.0000,0.0000,0,0.00,0
60,LowVolume5,4,0.0000,0.0000,0.0000,0,0.00,0
60,LowVolume5,5,0.0000,0.0000,0.0000,0,0.00,0
60,LowVolume5,6,0.0000,0.0000,0.0000,0,0.00,0
60,LowVolume5,7,0.0000,0.0000,0.0000,0,0.00,0
60,LowVolume5,8,0.0000,0.0000,0.0000,0,0.00,0
60,Legacy3,0,0.0000,0.0000,0.0000,0,0.00,0
60,Legacy3,1,0.0000,0.0000,0.0000,0,0.00,0
60,Legacy3,2,0.0000,0.0000,0.0000,0,0.00,0
60,Legacy3,3,0.0000,0.0000,0.0000,0,0.00,0
60,Legacy3,4,0.0000,0.0000,0.0000,0,0.00,0
60,Legacy3,5,0.0000,0.0000,0.0000,0,0.00,0
60,Legacy3,6,0.0000,0.0000,0.0000,0,0.00,0
60,Legacy3,7,0.0000,0.0000,0.0000,0,0.00,0
60,Legacy3,8,0.0000,0.0000,0.0000,0,0.00,0
60,Legacy4,0,0.0000,0.0000,0.0000,0,0.00,0
60,Legacy4,1,0.0000,0.0000,0.0000,0,0.00,0
60,Legacy4,2,0.0000,0.0000,0.0000,0,0.00,0
60,Legacy4,3,0.0000,0.0000,0.0000,0,0.00,0
60,Legacy4,4,0.0000,0.0000,0.0000,0,0.00,0
60,Legacy4,5,0.0000,0.0000,0.0000,0,0.00,0
60,Legacy4,6,0.0000,0.0000,0.0000,0,0.00,0
60,Legacy4,7,0.0000,0.0000,0.0000,0,0.00,0
60,Legacy4,8,0.0000,0.0000,0.0000,0,0.00,0
60,Legacy5,0,0.0000,0.0000,0.0000,0,0.00,0
60,Legacy5,1,0.0000,0.0000,0.0000,0,0.00,0
60,Legacy5,2,0.0000,0.0000,0.0000,0,0.00,0
60,Legacy5,3,0.0000,0.0000,0.0000,0,0.00,0
60,Legacy5,4,0.0000,0.0000,0.0000,0,0.00,0
60,Legacy5,5,0.0000,0.0000,0.0000,0,0.00,0
60,Legacy5,6,0.0000,0.0000,0.0000,0,0.00,0
60,Legacy5,7,0.0000,0.0000,0.0000,0,0.00,0
60,Legacy5,8,0.0000,0.0000,0.0000,0,0.00,0
60,Legacy4BNB,0,0.0000,0.0000,0.0000,0,0.00,0
60,Legacy4BNB,1,0.0000,0.0000,0.0000,0,0.00,0
60,Legacy4BNB,2,0.0000,0.0000,0.0000,0,0.00,0
60,Legacy4BNB,3,0.0000,0.0000,0.0000,0,0.00,0
60,Legacy4BNB,4,0.0000,0.0000,0.0000,0,0.00,0
60,Legacy4BNB,5,0.0000,0.0000,0.0000,0,0.00,0
60,Legacy4BNB,6,0.0000,0.0000,0.0000,0,0.00,0
60,Legacy4BNB,7,0.0000,0.0000,0.0000,0,0.00,0
60,Legacy4BNB,8,0.0000,0.0000,0.0000,0,0.00,0
60,Legacy5BNB,0,0.0000,0.0000,0.0000,0,0.00,0
60,Legacy5BNB,1,0.0000,0.0000,0.0000,0,0.00,0
60,Legacy5BNB,2,0.0000,0.0000,0.0000,0,0.00,0
60,Legacy5BNB,3,0.0000,0.0000,0.0000,0,0.00,0
60,Legacy5BNB,4,0.0000,0.0000,0.0000,0,0.00,0
60,Legacy5BNB,5,0.0000,0.0000,0.0000,0,0.00,0
60,Legacy5BNB,6,0.0000,0.0000,0.0000,0,0.00,0
60,Legacy5BNB,7,0.0000,0.0000,0.0000,0,0.00,0
60,Legacy5BNB,8,0.0000,0.0000,0.0000,0,0.00,0
61,Base5,0,0.0000,0.0000,0.0000,0,0.00,0
61,Base5,1,0.0000,0.0000,0.0000,0,0.00,0
61,Base5,2,0.0000,0.0000,0.0000,0,0.00,0
61,Base5,3,0.0000,0.0000,0.0000,0,0.00,0
61,Base5,4,0.0000,0.0000,0.0000,0,0.00,0
61,Base5,5,0.0000,0.0000,0.0000,0,0.00,0
61,Base5,6,0.0000,0.0000,0.0000,0,0.00,0
61,Base5,7,0.0000,0.0000,0.0000,0,0.00,0
61,Base5,8,0.0000,0.0000,0.0000,0,0.00,0
61,NoDOGE,0,0.0000,0.0000,0.0000,0,0.00,0
61,NoDOGE,1,0.0000,0.0000,0.0000,0,0.00,0
61,NoDOGE,2,0.0000,0.0000,0.0000,0,0.00,0
61,NoDOGE,3,0.0000,0.0000,0.0000,0,0.00,0
61,NoDOGE,4,0.0000,0.0000,0.0000,0,0.00,0
61,NoDOGE,5,0.0000,0.0000,0.0000,0,0.00,0
61,NoDOGE,6,0.0000,0.0000,0.0000,0,0.00,0
61,NoDOGE,7,0.0000,0.0000,0.0000,0,0.00,0
61,NoDOGE,8,0.0000,0.0000,0.0000,0,0.00,0
61,LargeCaps5,0,0.0000,0.0000,0.0000,0,0.00,0
61,LargeCaps5,1,0.0000,0.0000,0.0000,0,0.00,0
61,LargeCaps5,2,0.0000,0.0000,0.0000,0,0.00,0
61,LargeCaps5,3,0.0000,0.0000,0.0000,0,0.00,0
61,LargeCaps5,4,0.0000,0.0000,0.0000,0,0.00,0
61,LargeCaps5,5,0.0000,0.0000,0.0000,0,0.00,0
61,LargeCaps5,6,0.0000,0.0000,0.0000,0,0.00,0
61,LargeCaps5,7,0.0000,0.0000,0.0000,0,0.00,0
61,LargeCaps5,8,0.0000,0.0000,0.0000,0,0.00,0
61,LowVolume5,0,0.0000,0.0000,0.0000,0,0.00,0
61,LowVolume5,1,0.0000,0.0000,0.0000,0,0.00,0
61,LowVolume5,2,0.0000,0.0000,0.0000,0,0.00,0
61,LowVolume5,3,0.0000,0.0000,0.0000,0,0.00,0
61,LowVolume5,4,0.0000,0.0000,0.0000,0,0.00,0
61,LowVolume5,5,0.0000,0.0000,0.0000,0,0.00,0
61,LowVolume5,6,0.0000,0.0000,0.0000,0,0.00,0
61,LowVolume5,7,0.0000,0.0000,0.0000,0,0.00,0
61,LowVolume5,8,0.0000,0.0000,0.0000,0,0.00,0
61,Legacy3,0,0.0000,0.0000,0.0000,0,0.00,0
61,Legacy3,1,0.0000,0.0000,0.0000,0,0.00,0
61,Legacy3,2,0.0000,0.0000,0.0000,0,0.00,0
61,Legacy3,3,0.0000,0.0000,0.0000,0,0.00,0
61,Legacy3,4,0.0000,0.0000,0.0000,0,0.00,0
61,Legacy3,5,0.0000,0.0000,0.0000,0,0.00,0
61,Legacy3,6,0.0000,0.0000,0.0000,0,0.00,0
61,Legacy3,7,0.0000,0.0000,0.0000,0,0.00,0
61,Legacy3,8,0.0000,0.0000,0.0000,0,0.00,0
61,Legacy4,0,0.0000,0.0000,0.0000,0,0.00,0
61,Legacy4,1,0.0000,0.0000,0.0000,0,0.00,0
61,Legacy4,2,0.0000,0.0000,0.0000,0,0.00,0
61,Legacy4,3,0.0000,0.0000,0.0000,0,0.00,0
61,Legacy4,4,0.0000,0.0000,0.0000,0,0.00,0
61,Legacy4,5,0.0000,0.0000,0.0000,0,0.00,0
61,Legacy4,6,0.0000,0.0000,0.0000,0,0.00,0
61,Legacy4,7,0.0000,0.0000,0.0000,0,0.00,0
61,Legacy4,8,0.0000,0.0000,0.0000,0,0.00,0
61,Legacy5,0,0.0000,0.0000,0.0000,0,0.00,0
61,Legacy5,1,0.0000,0.0000,0.0000,0,0.00,0
61,Legacy5,2,0.0000,0.0000,0.0000,0,0.00,0
61,Legacy5,3,0.0000,0.0000,0.0000,0,0.00,0
61,Legacy5,4,0.0000,0.0000,0.0000,0,0.00,0
61,Legacy5,5,0.0000,0.0000,0.0000,0,0.00,0
61,Legacy5,6,0.0000,0.0000,0.0000,0,0.00,0
61,Legacy5,7,0.0000,0.0000,0.0000,0,0.00,0
61,Legacy5,8,0.0000,0.0000,0.0000,0,0.00,0
61,Legacy4BNB,0,0.0000,0.0000,0.0000,0,0.00,0
61,Legacy4BNB,1,0.0000,0.0000,0.0000,0,0.00,0
61,Legacy4BNB,2,0.0000,0.0000,0.0000,0,0.00,0
61,Legacy4BNB,3,0.0000,0.0000,0.0000,0,0.00,0
61,Legacy4BNB,4,0.0000,0.0000,0.0000,0,0.00,0
61,Legacy4BNB,5,0.0000,0.0000,0.0000,0,0.00,0
61,Legacy4BNB,6,0.0000,0.0000,0.0000,0,0.00,0
61,Legacy4BNB,7,0.0000,0.0000,0.0000,0,0.00,0
61,Legacy4BNB,8,0.0000,0.0000,0.0000,0,0.00,0
61,Legacy5BNB,0,0.0000,0.0000,0.0000,0,0.00,0
61,Legacy5BNB,1,0.0000,0.0000,0.0000,0,0.00,0
61,Legacy5BNB,2,0.0000,0.0000,0.0000,0,0.00,0
61,Legacy5BNB,3,0.0000,0.0000,0.0000,0,0.00,0
61,Legacy5BNB,4,0.0000,0.0000,0.0000,0,0.00,0
61,Legacy5BNB,5,0.0000,0.0000,0.0000,0,0.00,0
61,Legacy5BNB,6,0.0000,0.0000,0.0000,0,0.00,0
61,Legacy5BNB,7,0.0000,0.0000,0.0000,0,0.00,0
61,Legacy5BNB,8,0.0000,0.0000,0.0000,0,0.00,0
62,Base5,0,0.0000,0.0000,0.0000,0,0.00,0
62,Base5,1,0.0000,0.0000,0.0000,0,0.00,0
62,Base5,2,0.0000,0.0000,0.0000,0,0.00,0
62,Base5,3,0.0000,0.0000,0.0000,0,0.00,0
62,Base5,4,0.0000,0.0000,0.0000,0,0.00,0
62,Base5,5,0.0000,0.0000,0.0000,0,0.00,0
62,Base5,6,0.0000,0.0000,0.0000,0,0.00,0
62,Base5,7,0.0000,0.0000,0.0000,0,0.00,0
62,Base5,8,0.0000,0.0000,0.0000,0,0.00,0
62,NoDOGE,0,0.0000,0.0000,0.0000,0,0.00,0
62,NoDOGE,1,0.0000,0.0000,0.0000,0,0.00,0
62,NoDOGE,2,0.0000,0.0000,0.0000,0,0.00,0
62,NoDOGE,3,0.0000,0.0000,0.0000,0,0.00,0
62,NoDOGE,4,0.0000,0.0000,0.0000,0,0.00,0
62,NoDOGE,5,0.0000,0.0000,0.0000,0,0.00,0
62,NoDOGE,6,0.0000,0.0000,0.0000,0,0.00,0
62,NoDOGE,7,0.0000,0.0000,0.0000,0,0.00,0
62,NoDOGE,8,0.0000,0.0000,0.0000,0,0.00,0
62,LargeCaps5,0,0.0000,0.0000,0.0000,0,0.00,0
62,LargeCaps5,1,0.0000,0.0000,0.0000,0,0.00,0
62,LargeCaps5,2,0.0000,0.0000,0.0000,0,0.00,0
62,LargeCaps5,3,0.0000,0.0000,0.0000,0,0.00,0
62,LargeCaps5,4,0.0000,0.0000,0.0000,0,0.00,0
62,LargeCaps5,5,0.0000,0.0000,0.0000,0,0.00,0
62,LargeCaps5,6,0.0000,0.0000,0.0000,0,0.00,0
62,LargeCaps5,7,0.0000,0.0000,0.0000,0,0.00,0
62,LargeCaps5,8,0.0000,0.0000,0.0000,0,0.00,0
62,LowVolume5,0,0.0000,0.0000,0.0000,0,0.00,0
62,LowVolume5,1,0.0000,0.0000,0.0000,0,0.00,0
62,LowVolume5,2,0.0000,0.0000,0.0000,0,0.00,0
62,LowVolume5,3,0.0000,0.0000,0.0000,0,0.00,0
62,LowVolume5,4,0.0000,0.0000,0.0000,0,0.00,0
62,LowVolume5,5,0.0000,0.0000,0.0000,0,0.00,0
62,LowVolume5,6,0.0000,0.0000,0.0000,0,0.00,0
62,LowVolume5,7,0.0000,0.0000,0.0000,0,0.00,0
62,LowVolume5,8,0.0000,0.0000,0.0000,0,0.00,0
62,Legacy3,0,0.0000,0.0000,0.0000,0,0.00,0
62,Legacy3,1,0.0000,0.0000,0.0000,0,0.00,0
62,Legacy3,2,0.0000,0.0000,0.0000,0,0.00,0
62,Legacy3,3,0.0000,0.0000,0.0000,0,0.00,0
62,Legacy3,4,0.0000,0.0000,0.0000,0,0.00,0
62,Legacy3,5,0.0000,0.0000,0.0000,0,0.00,0
62,Legacy3,6,0.0000,0.0000,0.0000,0,0.00,0
62,Legacy3,7,0.0000,0.0000,0.0000,0,0.00,0
62,Legacy3,8,0.0000,0.0000,0.0000,0,0.00,0
62,Legacy4,0,0.0000,0.0000,0.0000,0,0.00,0
62,Legacy4,1,0.0000,0.0000,0.0000,0,0.00,0
62,Legacy4,2,0.0000,0.0000,0.0000,0,0.00,0
62,Legacy4,3,0.0000,0.0000,0.0000,0,0.00,0
62,Legacy4,4,0.0000,0.0000,0.0000,0,0.00,0
62,Legacy4,5,0.0000,0.0000,0.0000,0,0.00,0
62,Legacy4,6,0.0000,0.0000,0.0000,0,0.00,0
62,Legacy4,7,0.0000,0.0000,0.0000,0,0.00,0
62,Legacy4,8,0.0000,0.0000,0.0000,0,0.00,0
62,Legacy5,0,0.0000,0.0000,0.0000,0,0.00,0
62,Legacy5,1,0.0000,0.0000,0.0000,0,0.00,0
62,Legacy5,2,0.0000,0.0000,0.0000,0,0.00,0
62,Legacy5,3,0.0000,0.0000,0.0000,0,0.00,0
62,Legacy5,4,0.0000,0.0000,0.0000,0,0.00,0
62,Legacy5,5,0.0000,0.0000,0.0000,0,0.00,0
62,Legacy5,6,0.0000,0.0000,0.0000,0,0.00,0
62,Legacy5,7,0.0000,0.0000,0.0000,0,0.00,0
62,Legacy5,8,0.0000,0.0000,0.0000,0,0.00,0
62,Legacy4BNB,0,0.0000,0.0000,0.0000,0,0.00,0
62,Legacy4BNB,1,0.0000,0.0000,0.0000,0,0.00,0
62,Legacy4BNB,2,0.0000,0.0000,0.0000,0,0.00,0
62,Legacy4BNB,3,0.0000,0.0000,0.0000,0,0.00,0
62,Legacy4BNB,4,0.0000,0.0000,0.0000,0,0.00,0
62,Legacy4BNB,5,0.0000,0.0000,0.0000,0,0.00,0
62,Legacy4BNB,6,0.0000,0.0000,0.0000,0,0.00,0
62,Legacy4BNB,7,0.0000,0.0000,0.0000,0,0.00,0
62,Legacy4BNB,8,0.0000,0.0000,0.0000,0,0.00,0
62,Legacy5BNB,0,0.0000,0.0000,0.0000,0,0.00,0
62,Legacy5BNB,1,0.0000,0.0000,0.0000,0,0.00,0
62,Legacy5BNB,2,0.0000,0.0000,0.0000,0,0.00,0
62,Legacy5BNB,3,0.0000,0.0000,0.0000,0,0.00,0
62,Legacy5BNB,4,0.0000,0.0000,0.0000,0,0.00,0
62,Legacy5BNB,5,0.0000,0.0000,0.0000,0,0.00,0
62,Legacy5BNB,6,0.0000,0.0000,0.0000,0,0.00,0
62,Legacy5BNB,7,0.0000,0.0000,0.0000,0,0.00,0
62,Legacy5BNB,8,0.0000,0.0000,0.0000,0,0.00,0
63,Base5,0,0.0000,0.0000,0.0000,0,0.00,0
63,Base5,1,0.0000,0.0000,0.0000,0,0.00,0
63,Base5,2,0.0000,0.0000,0.0000,0,0.00,0
63,Base5,3,0.0000,0.0000,0.0000,0,0.00,0
63,Base5,4,0.0000,0.0000,0.0000,0,0.00,0
63,Base5,5,0.0000,0.0000,0.0000,0,0.00,0
63,Base5,6,0.0000,0.0000,0.0000,0,0.00,0
63,Base5,7,0.0000,0.0000,0.0000,0,0.00,0
63,Base5,8,0.0000,0.0000,0.0000,0,0.00,0
63,NoDOGE,0,0.0000,0.0000,0.0000,0,0.00,0
63,NoDOGE,1,0.0000,0.0000,0.0000,0,0.00,0
63,NoDOGE,2,0.0000,0.0000,0.0000,0,0.00,0
63,NoDOGE,3,0.0000,0.0000,0.0000,0,0.00,0
63,NoDOGE,4,0.0000,0.0000,0.0000,0,0.00,0
63,NoDOGE,5,0.0000,0.0000,0.0000,0,0.00,0
63,NoDOGE,6,0.0000,0.0000,0.0000,0,0.00,0
63,NoDOGE,7,0.0000,0.0000,0.0000,0,0.00,0
63,NoDOGE,8,0.0000,0.0000,0.0000,0,0.00,0
63,LargeCaps5,0,0.0000,0.0000,0.0000,0,0.00,0
63,LargeCaps5,1,0.0000,0.0000,0.0000,0,0.00,0
63,LargeCaps5,2,0.0000,0.0000,0.0000,0,0.00,0
63,LargeCaps5,3,0.0000,0.0000,0.0000,0,0.00,0
63,LargeCaps5,4,0.0000,0.0000,0.0000,0,0.00,0
63,LargeCaps5,5,0.0000,0.0000,0.0000,0,0.00,0
63,LargeCaps5,6,0.0000,0.0000,0.0000,0,0.00,0
63,LargeCaps5,7,0.0000,0.0000,0.0000,0,0.00,0
63,LargeCaps5,8,0.0000,0.0000,0.0000,0,0.00,0
63,LowVolume5,0,0.0000,0.0000,0.0000,0,0.00,0
63,LowVolume5,1,0.0000,0.0000,0.0000,0,0.00,0
63,LowVolume5,2,0.0000,0.0000,0.0000,0,0.00,0
63,LowVolume5,3,0.0000,0.0000,0.0000,0,0.00,0
63,LowVolume5,4,0.0000,0.0000,0.0000,0,0.00,0
63,LowVolume5,5,0.0000,0.0000,0.0000,0,0.00,0
63,LowVolume5,6,0.0000,0.0000,0.0000,0,0.00,0
63,LowVolume5,7,0.0000,0.0000,0.0000,0,0.00,0
63,LowVolume5,8,0.0000,0.0000,0.0000,0,0.00,0
63,Legacy3,0,0.0000,0.0000,0.0000,0,0.00,0
63,Legacy3,1,0.0000,0.0000,0.0000,0,0.00,0
63,Legacy3,2,0.0000,0.0000,0.0000,0,0.00,0
63,Legacy3,3,0.0000,0.0000,0.0000,0,0.00,0
63,Legacy3,4,0.0000,0.0000,0.0000,0,0.00,0
63,Legacy3,5,0.0000,0.0000,0.0000,0,0.00,0
63,Legacy3,6,0.0000,0.0000,0.0000,0,0.00,0
63,Legacy3,7,0.0000,0.0000,0.0000,0,0.00,0
63,Legacy3,8,0.0000,0.0000,0.0000,0,0.00,0
63,Legacy4,0,0.0000,0.0000,0.0000,0,0.00,0
63,Legacy4,1,0.0000,0.0000,0.0000,0,0.00,0
63,Legacy4,2,0.0000,0.0000,0.0000,0,0.00,0
63,Legacy4,3,0.0000,0.0000,0.0000,0,0.00,0
63,Legacy4,4,0.0000,0.0000,0.0000,0,0.00,0
63,Legacy4,5,0.0000,0.0000,0.0000,0,0.00,0
63,Legacy4,6,0.0000,0.0000,0.0000,0,0.00,0
63,Legacy4,7,0.0000,0.0000,0.0000,0,0.00,0
63,Legacy4,8,0.0000,0.0000,0.0000,0,0.00,0
63,Legacy5,0,0.0000,0.0000,0.0000,0,0.00,0
63,Legacy5,1,0.0000,0.0000,0.0000,0,0.00,0
63,Legacy5,2,0.0000,0.0000,0.0000,0,0.00,0
63,Legacy5,3,0.0000,0.0000,0.0000,0,0.00,0
63,Legacy5,4,0.0000,0.0000,0.0000,0,0.00,0
63,Legacy5,5,0.0000,0.0000,0.0000,0,0.00,0
63,Legacy5,6,0.0000,0.0000,0.0000,0,0.00,0
63,Legacy5,7,0.0000,0.0000,0.0000,0,0.00,0
63,Legacy5,8,0.0000,0.0000,0.0000,0,0.00,0
63,Legacy4BNB,0,0.0000,0.0000,0.0000,0,0.00,0
63,Legacy4BNB,1,0.0000,0.0000,0.0000,0,0.00,0
63,Legacy4BNB,2,0.0000,0.0000,0.0000,0,0.00,0
63,Legacy4BNB,3,0.0000,0.0000,0.0000,0,0.00,0
63,Legacy4BNB,4,0.0000,0.0000,0.0000,0,0.00,0
63,Legacy4BNB,5,0.0000,0.0000,0.0000,0,0.00,0
63,Legacy4BNB,6,0.0000,0.0000,0.0000,0,0.00,0
63,Legacy4BNB,7,0.0000,0.0000,0.0000,0,0.00,0
63,Legacy4BNB,8,0.0000,0.0000,0.0000,0,0.00,0
63,Legacy5BNB,0,0.0000,0.0000,0.0000,0,0.00,0
63,Legacy5BNB,1,0.0000,0.0000,0.0000,0,0.00,0
63,Legacy5BNB,2,0.0000,0.0000,0.0000,0,0.00,0
63,Legacy5BNB,3,0.0000,0.0000,0.0000,0,0.00,0
63,Legacy5BNB,4,0.0000,0.0000,0.0000,0,0.00,0
63,Legacy5BNB,5,0.0000,0.0000,0.0000,0,0.00,0
63,Legacy5BNB,6,0.0000,0.0000,0.0000,0,0.00,0
63,Legacy5BNB,7,0.0000,0.0000,0.0000,0,0.00,0
63,Legacy5BNB,8,0.0000,0.0000,0.0000,0,0.00,0
64,Base5,0,0.0000,0.0000,0.0000,0,0.00,0
64,Base5,1,0.0000,0.0000,0.0000,0,0.00,0
64,Base5,2,0.0000,0.0000,0.0000,0,0.00,0
64,Base5,3,0.0000,0.0000,0.0000,0,0.00,0
64,Base5,4,0.0000,0.0000,0.0000,0,0.00,0
64,Base5,5,0.0000,0.0000,0.0000,0,0.00,0
64,Base5,6,0.0000,0.0000,0.0000,0,0.00,0
64,Base5,7,0.0000,0.0000,0.0000,0,0.00,0
64,Base5,8,0.0000,0.0000,0.0000,0,0.00,0
64,NoDOGE,0,0.0000,0.0000,0.0000,0,0.00,0
64,NoDOGE,1,0.0000,0.0000,0.0000,0,0.00,0
64,NoDOGE,2,0.0000,0.0000,0.0000,0,0.00,0
64,NoDOGE,3,0.0000,0.0000,0.0000,0,0.00,0
64,NoDOGE,4,0.0000,0.0000,0.0000,0,0.00,0
64,NoDOGE,5,0.0000,0.0000,0.0000,0,0.00,0
64,NoDOGE,6,0.0000,0.0000,0.0000,0,0.00,0
64,NoDOGE,7,0.0000,0.0000,0.0000,0,0.00,0
64,NoDOGE,8,0.0000,0.0000,0.0000,0,0.00,0
64,LargeCaps5,0,0.0000,0.0000,0.0000,0,0.00,0
64,LargeCaps5,1,0.0000,0.0000,0.0000,0,0.00,0
64,LargeCaps5,2,0.0000,0.0000,0.0000,0,0.00,0
64,LargeCaps5,3,0.0000,0.0000,0.0000,0,0.00,0
64,LargeCaps5,4,0.0000,0.0000,0.0000,0,0.00,0
64,LargeCaps5,5,0.0000,0.0000,0.0000,0,0.00,0
64,LargeCaps5,6,0.0000,0.0000,0.0000,0,0.00,0
64,LargeCaps5,7,0.0000,0.0000,0.0000,0,0.00,0
64,LargeCaps5,8,0.0000,0.0000,0.0000,0,0.00,0
64,LowVolume5,0,0.0000,0.0000,0.0000,0,0.00,0
64,LowVolume5,1,0.0000,0.0000,0.0000,0,0.00,0
64,LowVolume5,2,0.0000,0.0000,0.0000,0,0.00,0
64,LowVolume5,3,0.0000,0.0000,0.0000,0,0.00,0
64,LowVolume5,4,0.0000,0.0000,0.0000,0,0.00,0
64,LowVolume5,5,0.0000,0.0000,0.0000,0,0.00,0
64,LowVolume5,6,0.0000,0.0000,0.0000,0,0.00,0
64,LowVolume5,7,0.0000,0.0000,0.0000,0,0.00,0
64,LowVolume5,8,0.0000,0.0000,0.0000,0,0.00,0
64,Legacy3,0,0.0000,0.0000,0.0000,0,0.00,0
64,Legacy3,1,0.0000,0.0000,0.0000,0,0.00,0
64,Legacy3,2,0.0000,0.0000,0.0000,0,0.00,0
64,Legacy3,3,0.0000,0.0000,0.0000,0,0.00,0
64,Legacy3,4,0.0000,0.0000,0.0000,0,0.00,0
64,Legacy3,5,0.0000,0.0000,0.0000,0,0.00,0
64,Legacy3,6,0.0000,0.0000,0.0000,0,0.00,0
64,Legacy3,7,0.0000,0.0000,0.0000,0,0.00,0
64,Legacy3,8,0.0000,0.0000,0.0000,0,0.00,0
64,Legacy4,0,0.0000,0.0000,0.0000,0,0.00,0
64,Legacy4,1,0.0000,0.0000,0.0000,0,0.00,0
64,Legacy4,2,0.0000,0.0000,0.0000,0,0.00,0
64,Legacy4,3,0.0000,0.0000,0.0000,0,0.00,0
64,Legacy4,4,0.0000,0.0000,0.0000,0,0.00,0
64,Legacy4,5,0.0000,0.0000,0.0000,0,0.00,0
64,Legacy4,6,0.0000,0.0000,0.0000,0,0.00,0
64,Legacy4,7,0.0000,0.0000,0.0000,0,0.00,0
64,Legacy4,8,0.0000,0.0000,0.0000,0,0.00,0
64,Legacy5,0,0.0000,0.0000,0.0000,0,0.00,0
64,Legacy5,1,0.0000,0.0000,0.0000,0,0.00,0
64,Legacy5,2,0.0000,0.0000,0.0000,0,0.00,0
64,Legacy5,3,0.0000,0.0000,0.0000,0,0.00,0
64,Legacy5,4,0.0000,0.0000,0.0000,0,0.00,0
64,Legacy5,5,0.0000,0.0000,0.0000,0,0.00,0
64,Legacy5,6,0.0000,0.0000,0.0000,0,0.00,0
64,Legacy5,7,0.0000,0.0000,0.0000,0,0.00,0
64,Legacy5,8,0.0000,0.0000,0.0000,0,0.00,0
64,Legacy4BNB,0,0.0000,0.0000,0.0000,0,0.00,0
64,Legacy4BNB,1,0.0000,0.0000,0.0000,0,0.00,0
64,Legacy4BNB,2,0.0000,0.0000,0.0000,0,0.00,0
64,Legacy4BNB,3,0.0000,0.0000,0.0000,0,0.00,0
64,Legacy4BNB,4,0.0000,0.0000,0.0000,0,0.00,0
64,Legacy4BNB,5,0.0000,0.0000,0.0000,0,0.00,0
64,Legacy4BNB,6,0.0000,0.0000,0.0000,0,0.00,0
64,Legacy4BNB,7,0.0000,0.0000,0.0000,0,0.00,0
64,Legacy4BNB,8,0.0000,0.0000,0.0000,0,0.00,0
64,Legacy5BNB,0,0.0000,0.0000,0.0000,0,0.00,0
64,Legacy5BNB,1,0.0000,0.0000,0.0000,0,0.00,0
64,Legacy5BNB,2,0.0000,0.0000,0.0000,0,0.00,0
64,Legacy5BNB,3,0.0000,0.0000,0.0000,0,0.00,0
64,Legacy5BNB,4,0.0000,0.0000,0.0000,0,0.00,0
64,Legacy5BNB,5,0.0000,0.0000,0.0000,0,0.00,0
64,Legacy5BNB,6,0.0000,0.0000,0.0000,0,0.00,0
64,Legacy5BNB,7,0.0000,0.0000,0.0000,0,0.00,0
64,Legacy5BNB,8,0.0000,0.0000,0.0000,0,0.00,0
65,Base5,0,0.0000,0.0000,0.0000,0,0.00,0
65,Base5,1,0.0000,0.0000,0.0000,0,0.00,0
65,Base5,2,0.0000,0.0000,0.0000,0,0.00,0
65,Base5,3,0.0000,0.0000,0.0000,0,0.00,0
65,Base5,4,0.0000,0.0000,0.0000,0,0.00,0
65,Base5,5,0.0000,0.0000,0.0000,0,0.00,0
65,Base5,6,0.0000,0.0000,0.0000,0,0.00,0
65,Base5,7,0.0000,0.0000,0.0000,0,0.00,0
65,Base5,8,0.0000,0.0000,0.0000,0,0.00,0
65,NoDOGE,0,0.0000,0.0000,0.0000,0,0.00,0
65,NoDOGE,1,0.0000,0.0000,0.0000,0,0.00,0
65,NoDOGE,2,0.0000,0.0000,0.0000,0,0.00,0
65,NoDOGE,3,0.0000,0.0000,0.0000,0,0.00,0
65,NoDOGE,4,0.0000,0.0000,0.0000,0,0.00,0
65,NoDOGE,5,0.0000,0.0000,0.0000,0,0.00,0
65,NoDOGE,6,0.0000,0.0000,0.0000,0,0.00,0
65,NoDOGE,7,0.0000,0.0000,0.0000,0,0.00,0
65,NoDOGE,8,0.0000,0.0000,0.0000,0,0.00,0
65,LargeCaps5,0,0.0000,0.0000,0.0000,0,0.00,0
65,LargeCaps5,1,0.0000,0.0000,0.0000,0,0.00,0
65,LargeCaps5,2,0.0000,0.0000,0.0000,0,0.00,0
65,LargeCaps5,3,0.0000,0.0000,0.0000,0,0.00,0
65,LargeCaps5,4,0.0000,0.0000,0.0000,0,0.00,0
65,LargeCaps5,5,0.0000,0.0000,0.0000,0,0.00,0
65,LargeCaps5,6,0.0000,0.0000,0.0000,0,0.00,0
65,LargeCaps5,7,0.0000,0.0000,0.0000,0,0.00,0
65,LargeCaps5,8,0.0000,0.0000,0.0000,0,0.00,0
65,LowVolume5,0,0.0000,0.0000,0.0000,0,0.00,0
65,LowVolume5,1,0.0000,0.0000,0.0000,0,0.00,0
65,LowVolume5,2,0.0000,0.0000,0.0000,0,0.00,0
65,LowVolume5,3,0.0000,0.0000,0.0000,0,0.00,0
65,LowVolume5,4,0.0000,0.0000,0.0000,0,0.00,0
65,LowVolume5,5,0.0000,0.0000,0.0000,0,0.00,0
65,LowVolume5,6,0.0000,0.0000,0.0000,0,0.00,0
65,LowVolume5,7,0.0000,0.0000,0.0000,0,0.00,0
65,LowVolume5,8,0.0000,0.0000,0.0000,0,0.00,0
65,Legacy3,0,0.0000,0.0000,0.0000,0,0.00,0
65,Legacy3,1,0.0000,0.0000,0.0000,0,0.00,0
65,Legacy3,2,0.0000,0.0000,0.0000,0,0.00,0
65,Legacy3,3,0.0000,0.0000,0.0000,0,0.00,0
65,Legacy3,4,0.0000,0.0000,0.0000,0,0.00,0
65,Legacy3,5,0.0000,0.0000,0.0000,0,0.00,0
65,Legacy3,6,0.0000,0.0000,0.0000,0,0.00,0
65,Legacy3,7,0.0000,0.0000,0.0000,0,0.00,0
65,Legacy3,8,0.0000,0.0000,0.0000,0,0.00,0
65,Legacy4,0,0.0000,0.0000,0.0000,0,0.00,0
65,Legacy4,1,0.0000,0.0000,0.0000,0,0.00,0
65,Legacy4,2,0.0000,0.0000,0.0000,0,0.00,0
65,Legacy4,3,0.0000,0.0000,0.0000,0,0.00,0
65,Legacy4,4,0.0000,0.0000,0.0000,0,0.00,0
65,Legacy4,5,0.0000,0.0000,0.0000,0,0.00,0
65,Legacy4,6,0.0000,0.0000,0.0000,0,0.00,0
65,Legacy4,7,0.0000,0.0000,0.0000,0,0.00,0
65,Legacy4,8,0.0000,0.0000,0.0000,0,0.00,0
65,Legacy5,0,0.0000,0.0000,0.0000,0,0.00,0
65,Legacy5,1,0.0000,0.0000,0.0000,0,0.00,0
65,Legacy5,2,0.0000,0.0000,0.0000,0,0.00,0
65,Legacy5,3,0.0000,0.0000,0.0000,0,0.00,0
65,Legacy5,4,0.0000,0.0000,0.0000,0,0.00,0
65,Legacy5,5,0.0000,0.0000,0.0000,0,0.00,0
65,Legacy5,6,0.0000,0.0000,0.0000,0,0.00,0
65,Legacy5,7,0.0000,0.0000,0.0000,0,0.00,0
65,Legacy5,8,0.0000,0.0000,0.0000,0,0.00,0
65,Legacy4BNB,0,0.0000,0.0000,0.0000,0,0.00,0
65,Legacy4BNB,1,0.0000,0.0000,0.0000,0,0.00,0
65,Legacy4BNB,2,0.0000,0.0000,0.0000,0,0.00,0
65,Legacy4BNB,3,0.0000,0.0000,0.0000,0,0.00,0
65,Legacy4BNB,4,0.0000,0.0000,0.0000,0,0.00,0
65,Legacy4BNB,5,0.0000,0.0000,0.0000,0,0.00,0
65,Legacy4BNB,6,0.0000,0.0000,0.0000,0,0.00,0
65,Legacy4BNB,7,0.0000,0.0000,0.0000,0,0.00,0
65,Legacy4BNB,8,0.0000,0.0000,0.0000,0,0.00,0
65,Legacy5BNB,0,0.0000,0.0000,0.0000,0,0.00,0
65,Legacy5BNB,1,0.0000,0.0000,0.0000,0,0.00,0
65,Legacy5BNB,2,0.0000,0.0000,0.0000,0,0.00,0
65,Legacy5BNB,3,0.0000,0.0000,0.0000,0,0.00,0
65,Legacy5BNB,4,0.0000,0.0000,0.0000,0,0.00,0
65,Legacy5BNB,5,0.0000,0.0000,0.0000,0,0.00,0
65,Legacy5BNB,6,0.0000,0.0000,0.0000,0,0.00,0
65,Legacy5BNB,7,0.0000,0.0000,0.0000,0,0.00,0
65,Legacy5BNB,8,0.0000,0.0000,0.0000,0,0.00,0
66,Base5,0,0.0000,0.0000,0.0000,0,0.00,0
66,Base5,1,0.0000,0.0000,0.0000,0,0.00,0
66,Base5,2,0.0000,0.0000,0.0000,0,0.00,0
66,Base5,3,0.0000,0.0000,0.0000,0,0.00,0
66,Base5,4,0.0000,0.0000,0.0000,0,0.00,0
66,Base5,5,0.0000,0.0000,0.0000,0,0.00,0
66,Base5,6,0.0000,0.0000,0.0000,0,0.00,0
66,Base5,7,0.0000,0.0000,0.0000,0,0.00,0
66,Base5,8,0.0000,0.0000,0.0000,0,0.00,0
66,NoDOGE,0,0.0000,0.0000,0.0000,0,0.00,0
66,NoDOGE,1,0.0000,0.0000,0.0000,0,0.00,0
66,NoDOGE,2,0.0000,0.0000,0.0000,0,0.00,0
66,NoDOGE,3,0.0000,0.0000,0.0000,0,0.00,0
66,NoDOGE,4,0.0000,0.0000,0.0000,0,0.00,0
66,NoDOGE,5,0.0000,0.0000,0.0000,0,0.00,0
66,NoDOGE,6,0.0000,0.0000,0.0000,0,0.00,0
66,NoDOGE,7,0.0000,0.0000,0.0000,0,0.00,0
66,NoDOGE,8,0.0000,0.0000,0.0000,0,0.00,0
66,LargeCaps5,0,0.0000,0.0000,0.0000,0,0.00,0
66,LargeCaps5,1,0.0000,0.0000,0.0000,0,0.00,0
66,LargeCaps5,2,0.0000,0.0000,0.0000,0,0.00,0
66,LargeCaps5,3,0.0000,0.0000,0.0000,0,0.00,0
66,LargeCaps5,4,0.0000,0.0000,0.0000,0,0.00,0
66,LargeCaps5,5,0.0000,0.0000,0.0000,0,0.00,0
66,LargeCaps5,6,0.0000,0.0000,0.0000,0,0.00,0
66,LargeCaps5,7,0.0000,0.0000,0.0000,0,0.00,0
66,LargeCaps5,8,0.0000,0.0000,0.0000,0,0.00,0
66,LowVolume5,0,0.0000,0.0000,0.0000,0,0.00,0
66,LowVolume5,1,0.0000,0.0000,0.0000,0,0.00,0
66,LowVolume5,2,0.0000,0.0000,0.0000,0,0.00,0
66,LowVolume5,3,0.0000,0.0000,0.0000,0,0.00,0
66,LowVolume5,4,0.0000,0.0000,0.0000,0,0.00,0
66,LowVolume5,5,0.0000,0.0000,0.0000,0,0.00,0
66,LowVolume5,6,0.0000,0.0000,0.0000,0,0.00,0
66,LowVolume5,7,0.0000,0.0000,0.0000,0,0.00,0
66,LowVolume5,8,0.0000,0.0000,0.0000,0,0.00,0
66,Legacy3,0,0.0000,0.0000,0.0000,0,0.00,0
66,Legacy3,1,0.0000,0.0000,0.0000,0,0.00,0
66,Legacy3,2,0.0000,0.0000,0.0000,0,0.00,0
66,Legacy3,3,0.0000,0.0000,0.0000,0,0.00,0
66,Legacy3,4,0.0000,0.0000,0.0000,0,0.00,0
66,Legacy3,5,0.0000,0.0000,0.0000,0,0.00,0
66,Legacy3,6,0.0000,0.0000,0.0000,0,0.00,0
66,Legacy3,7,0.0000,0.0000,0.0000,0,0.00,0
66,Legacy3,8,0.0000,0.0000,0.0000,0,0.00,0
66,Legacy4,0,0.0000,0.0000,0.0000,0,0.00,0
66,Legacy4,1,0.0000,0.0000,0.0000,0,0.00,0
66,Legacy4,2,0.0000,0.0000,0.0000,0,0.00,0
66,Legacy4,3,0.0000,0.0000,0.0000,0,0.00,0
66,Legacy4,4,0.0000,0.0000,0.0000,0,0.00,0
66,Legacy4,5,0.0000,0.0000,0.0000,0,0.00,0
66,Legacy4,6,0.0000,0.0000,0.0000,0,0.00,0
66,Legacy4,7,0.0000,0.0000,0.0000,0,0.00,0
66,Legacy4,8,0.0000,0.0000,0.0000,0,0.00,0
66,Legacy5,0,0.0000,0.0000,0.0000,0,0.00,0
66,Legacy5,1,0.0000,0.0000,0.0000,0,0.00,0
66,Legacy5,2,0.0000,0.0000,0.0000,0,0.00,0
66,Legacy5,3,0.0000,0.0000,0.0000,0,0.00,0
66,Legacy5,4,0.0000,0.0000,0.0000,0,0.00,0
66,Legacy5,5,0.0000,0.0000,0.0000,0,0.00,0
66,Legacy5,6,0.0000,0.0000,0.0000,0,0.00,0
66,Legacy5,7,0.0000,0.0000,0.0000,0,0.00,0
66,Legacy5,8,0.0000,0.0000,0.0000,0,0.00,0
66,Legacy4BNB,0,0.0000,0.0000,0.0000,0,0.00,0
66,Legacy4BNB,1,0.0000,0.0000,0.0000,0,0.00,0
66,Legacy4BNB,2,0.0000,0.0000,0.0000,0,0.00,0
66,Legacy4BNB,3,0.0000,0.0000,0.0000,0,0.00,0
66,Legacy4BNB,4,0.0000,0.0000,0.0000,0,0.00,0
66,Legacy4BNB,5,0.0000,0.0000,0.0000,0,0.00,0
66,Legacy4BNB,6,0.0000,0.0000,0.0000,0,0.00,0
66,Legacy4BNB,7,0.0000,0.0000,0.0000,0,0.00,0
66,Legacy4BNB,8,0.0000,0.0000,0.0000,0,0.00,0
66,Legacy5BNB,0,0.0000,0.0000,0.0000,0,0.00,0
66,Legacy5BNB,1,0.0000,0.0000,0.0000,0,0.00,0
66,Legacy5BNB,2,0.0000,0.0000,0.0000,0,0.00,0
66,Legacy5BNB,3,0.0000,0.0000,0.0000,0,0.00,0
66,Legacy5BNB,4,0.0000,0.0000,0.0000,0,0.00,0
66,Legacy5BNB,5,0.0000,0.0000,0.0000,0,0.00,0
66,Legacy5BNB,6,0.0000,0.0000,0.0000,0,0.00,0
66,Legacy5BNB,7,0.0000,0.0000,0.0000,0,0.00,0
66,Legacy5BNB,8,0.0000,0.0000,0.0000,0,0.00,0
67,Base5,0,0.0000,0.0000,0.0000,0,0.00,0
67,Base5,1,0.0000,0.0000,0.0000,0,0.00,0
67,Base5,2,0.0000,0.0000,0.0000,0,0.00,0
67,Base5,3,0.0000,0.0000,0.0000,0,0.00,0
67,Base5,4,0.0000,0.0000,0.0000,0,0.00,0
67,Base5,5,0.0000,0.0000,0.0000,0,0.00,0
67,Base5,6,0.0000,0.0000,0.0000,0,0.00,0
67,Base5,7,0.0000,0.0000,0.0000,0,0.00,0
67,Base5,8,0.0000,0.0000,0.0000,0,0.00,0
67,NoDOGE,0,0.0000,0.0000,0.0000,0,0.00,0
67,NoDOGE,1,0.0000,0.0000,0.0000,0,0.00,0
67,NoDOGE,2,0.0000,0.0000,0.0000,0,0.00,0
67,NoDOGE,3,0.0000,0.0000,0.0000,0,0.00,0
67,NoDOGE,4,0.0000,0.0000,0.0000,0,0.00,0
67,NoDOGE,5,0.0000,0.0000,0.0000,0,0.00,0
67,NoDOGE,6,0.0000,0.0000,0.0000,0,0.00,0
67,NoDOGE,7,0.0000,0.0000,0.0000,0,0.00,0
67,NoDOGE,8,0.0000,0.0000,0.0000,0,0.00,0
67,LargeCaps5,0,0.0000,0.0000,0.0000,0,0.00,0
67,LargeCaps5,1,0.0000,0.0000,0.0000,0,0.00,0
67,LargeCaps5,2,0.0000,0.0000,0.0000,0,0.00,0
67,LargeCaps5,3,0.0000,0.0000,0.0000,0,0.00,0
67,LargeCaps5,4,0.0000,0.0000,0.0000,0,0.00,0
67,LargeCaps5,5,0.0000,0.0000,0.0000,0,0.00,0
67,LargeCaps5,6,0.0000,0.0000,0.0000,0,0.00,0
67,LargeCaps5,7,0.0000,0.0000,0.0000,0,0.00,0
67,LargeCaps5,8,0.0000,0.0000,0.0000,0,0.00,0
67,LowVolume5,0,0.0000,0.0000,0.0000,0,0.00,0
67,LowVolume5,1,0.0000,0.0000,0.0000,0,0.00,0
67,LowVolume5,2,0.0000,0.0000,0.0000,0,0.00,0
67,LowVolume5,3,0.0000,0.0000,0.0000,0,0.00,0
67,LowVolume5,4,0.0000,0.0000,0.0000,0,0.00,0
67,LowVolume5,5,0.0000,0.0000,0.0000,0,0.00,0
67,LowVolume5,6,0.0000,0.0000,0.0000,0,0.00,0
67,LowVolume5,7,0.0000,0.0000,0.0000,0,0.00,0
67,LowVolume5,8,0.0000,0.0000,0.0000,0,0.00,0
67,Legacy3,0,0.0000,0.0000,0.0000,0,0.00,0
67,Legacy3,1,0.0000,0.0000,0.0000,0,0.00,0
67,Legacy3,2,0.0000,0.0000,0.0000,0,0.00,0
67,Legacy3,3,0.0000,0.0000,0.0000,0,0.00,0
67,Legacy3,4,0.0000,0.0000,0.0000,0,0.00,0
67,Legacy3,5,0.0000,0.0000,0.0000,0,0.00,0
67,Legacy3,6,0.0000,0.0000,0.0000,0,0.00,0
67,Legacy3,7,0.0000,0.0000,0.0000,0,0.00,0
67,Legacy3,8,0.0000,0.0000,0.0000,0,0.00,0
67,Legacy4,0,0.0000,0.0000,0.0000,0,0.00,0
67,Legacy4,1,0.0000,0.0000,0.0000,0,0.00,0
67,Legacy4,2,0.0000,0.0000,0.0000,0,0.00,0
67,Legacy4,3,0.0000,0.0000,0.0000,0,0.00,0
67,Legacy4,4,0.0000,0.0000,0.0000,0,0.00,0
67,Legacy4,5,0.0000,0.0000,0.0000,0,0.00,0
67,Legacy4,6,0.0000,0.0000,0.0000,0,0.00,0
67,Legacy4,7,0.0000,0.0000,0.0000,0,0.00,0
67,Legacy4,8,0.0000,0.0000,0.0000,0,0.00,0
67,Legacy5,0,0.0000,0.0000,0.0000,0,0.00,0
67,Legacy5,1,0.0000,0.0000,0.0000,0,0.00,0
67,Legacy5,2,0.0000,0.0000,0.0000,0,0.00,0
67,Legacy5,3,0.0000,0.0000,0.0000,0,0.00,0
67,Legacy5,4,0.0000,0.0000,0.0000,0,0.00,0
67,Legacy5,5,0.0000,0.0000,0.0000,0,0.00,0
67,Legacy5,6,0.0000,0.0000,0.0000,0,0.00,0
67,Legacy5,7,0.0000,0.0000,0.0000,0,0.00,0
67,Legacy5,8,0.0000,0.0000,0.0000,0,0.00,0
67,Legacy4BNB,0,0.0000,0.0000,0.0000,0,0.00,0
67,Legacy4BNB,1,0.0000,0.0000,0.0000,0,0.00,0
67,Legacy4BNB,2,0.0000,0.0000,0.0000,0,0.00,0
67,Legacy4BNB,3,0.0000,0.0000,0.0000,0,0.00,0
67,Legacy4BNB,4,0.0000,0.0000,0.0000,0,0.00,0
67,Legacy4BNB,5,0.0000,0.0000,0.0000,0,0.00,0
67,Legacy4BNB,6,0.0000,0.0000,0.0000,0,0.00,0
67,Legacy4BNB,7,0.0000,0.0000,0.0000,0,0.00,0
67,Legacy4BNB,8,0.0000,0.0000,0.0000,0,0.00,0
67,Legacy5BNB,0,0.0000,0.0000,0.0000,0,0.00,0
67,Legacy5BNB,1,0.0000,0.0000,0.0000,0,0.00,0
67,Legacy5BNB,2,0.0000,0.0000,0.0000,0,0.00,0
67,Legacy5BNB,3,0.0000,0.0000,0.0000,0,0.00,0
67,Legacy5BNB,4,0.0000,0.0000,0.0000,0,0.00,0
67,Legacy5BNB,5,0.0000,0.0000,0.0000,0,0.00,0
67,Legacy5BNB,6,0.0000,0.0000,0.0000,0,0.00,0
67,Legacy5BNB,7,0.0000,0.0000,0.0000,0,0.00,0
67,Legacy5BNB,8,0.0000,0.0000,0.0000,0,0.00,0
68,Base5,0,0.0000,0.0000,0.0000,0,0.00,0
68,Base5,1,0.0000,0.0000,0.0000,0,0.00,0
68,Base5,2,0.0000,0.0000,0.0000,0,0.00,0
68,Base5,3,0.0000,0.0000,0.0000,0,0.00,0
68,Base5,4,0.0000,0.0000,0.0000,0,0.00,0
68,Base5,5,0.0000,0.0000,0.0000,0,0.00,0
68,Base5,6,0.0000,0.0000,0.0000,0,0.00,0
68,Base5,7,0.0000,0.0000,0.0000,0,0.00,0
68,Base5,8,0.0000,0.0000,0.0000,0,0.00,0
68,NoDOGE,0,0.0000,0.0000,0.0000,0,0.00,0
68,NoDOGE,1,0.0000,0.0000,0.0000,0,0.00,0
68,NoDOGE,2,0.0000,0.0000,0.0000,0,0.00,0
68,NoDOGE,3,0.0000,0.0000,0.0000,0,0.00,0
68,NoDOGE,4,0.0000,0.0000,0.0000,0,0.00,0
68,NoDOGE,5,0.0000,0.0000,0.0000,0,0.00,0
68,NoDOGE,6,0.0000,0.0000,0.0000,0,0.00,0
68,NoDOGE,7,0.0000,0.0000,0.0000,0,0.00,0
68,NoDOGE,8,0.0000,0.0000,0.0000,0,0.00,0
68,LargeCaps5,0,0.0000,0.0000,0.0000,0,0.00,0
68,LargeCaps5,1,0.0000,0.0000,0.0000,0,0.00,0
68,LargeCaps5,2,0.0000,0.0000,0.0000,0,0.00,0
68,LargeCaps5,3,0.0000,0.0000,0.0000,0,0.00,0
68,LargeCaps5,4,0.0000,0.0000,0.0000,0,0.00,0
68,LargeCaps5,5,0.0000,0.0000,0.0000,0,0.00,0
68,LargeCaps5,6,0.0000,0.0000,0.0000,0,0.00,0
68,LargeCaps5,7,0.0000,0.0000,0.0000,0,0.00,0
68,LargeCaps5,8,0.0000,0.0000,0.0000,0,0.00,0
68,LowVolume5,0,0.0000,0.0000,0.0000,0,0.00,0
68,LowVolume5,1,0.0000,0.0000,0.0000,0,0.00,0
68,LowVolume5,2,0.0000,0.0000,0.0000,0,0.00,0
68,LowVolume5,3,0.0000,0.0000,0.0000,0,0.00,0
68,LowVolume5,4,0.0000,0.0000,0.0000,0,0.00,0
68,LowVolume5,5,0.0000,0.0000,0.0000,0,0.00,0
68,LowVolume5,6,0.0000,0.0000,0.0000,0,0.00,0
68,LowVolume5,7,0.0000,0.0000,0.0000,0,0.00,0
68,LowVolume5,8,0.0000,0.0000,0.0000,0,0.00,0
68,Legacy3,0,0.0000,0.0000,0.0000,0,0.00,0
68,Legacy3,1,0.0000,0.0000,0.0000,0,0.00,0
68,Legacy3,2,0.0000,0.0000,0.0000,0,0.00,0
68,Legacy3,3,0.0000,0.0000,0.0000,0,0.00,0
68,Legacy3,4,0.0000,0.0000,0.0000,0,0.00,0
68,Legacy3,5,0.0000,0.0000,0.0000,0,0.00,0
68,Legacy3,6,0.0000,0.0000,0.0000,0,0.00,0
68,Legacy3,7,0.0000,0.0000,0.0000,0,0.00,0
68,Legacy3,8,0.0000,0.0000,0.0000,0,0.00,0
68,Legacy4,0,0.0000,0.0000,0.0000,0,0.00,0
68,Legacy4,1,0.0000,0.0000,0.0000,0,0.00,0
68,Legacy4,2,0.0000,0.0000,0.0000,0,0.00,0
68,Legacy4,3,0.0000,0.0000,0.0000,0,0.00,0
68,Legacy4,4,0.0000,0.0000,0.0000,0,0.00,0
68,Legacy4,5,0.0000,0.0000,0.0000,0,0.00,0
68,Legacy4,6,0.0000,0.0000,0.0000,0,0.00,0
68,Legacy4,7,0.0000,0.0000,0.0000,0,0.00,0
68,Legacy4,8,0.0000,0.0000,0.0000,0,0.00,0
68,Legacy5,0,0.0000,0.0000,0.0000,0,0.00,0
68,Legacy5,1,0.0000,0.0000,0.0000,0,0.00,0
68,Legacy5,2,0.0000,0.0000,0.0000,0,0.00,0
68,Legacy5,3,0.0000,0.0000,0.0000,0,0.00,0
68,Legacy5,4,0.0000,0.0000,0.0000,0,0.00,0
68,Legacy5,5,0.0000,0.0000,0.0000,0,0.00,0
68,Legacy5,6,0.0000,0.0000,0.0000,0,0.00,0
68,Legacy5,7,0.0000,0.0000,0.0000,0,0.00,0
68,Legacy5,8,0.0000,0.0000,0.0000,0,0.00,0
68,Legacy4BNB,0,0.0000,0.0000,0.0000,0,0.00,0
68,Legacy4BNB,1,0.0000,0.0000,0.0000,0,0.00,0
68,Legacy4BNB,2,0.0000,0.0000,0.0000,0,0.00,0
68,Legacy4BNB,3,0.0000,0.0000,0.0000,0,0.00,0
68,Legacy4BNB,4,0.0000,0.0000,0.0000,0,0.00,0
68,Legacy4BNB,5,0.0000,0.0000,0.0000,0,0.00,0
68,Legacy4BNB,6,0.0000,0.0000,0.0000,0,0.00,0
68,Legacy4BNB,7,0.0000,0.0000,0.0000,0,0.00,0
68,Legacy4BNB,8,0.0000,0.0000,0.0000,0,0.00,0
68,Legacy5BNB,0,0.0000,0.0000,0.0000,0,0.00,0
68,Legacy5BNB,1,0.0000,0.0000,0.0000,0,0.00,0
68,Legacy5BNB,2,0.0000,0.0000,0.0000,0,0.00,0
68,Legacy5BNB,3,0.0000,0.0000,0.0000,0,0.00,0
68,Legacy5BNB,4,0.0000,0.0000,0.0000,0,0.00,0
68,Legacy5BNB,5,0.0000,0.0000,0.0000,0,0.00,0
68,Legacy5BNB,6,0.0000,0.0000,0.0000,0,0.00,0
68,Legacy5BNB,7,0.0000,0.0000,0.0000,0,0.00,0
68,Legacy5BNB,8,0.0000,0.0000,0.0000,0,0.00,0
69,Base5,0,0.0000,0.0000,0.0000,0,0.00,0
69,Base5,1,0.0000,0.0000,0.0000,0,0.00,0
69,Base5,2,0.0000,0.0000,0.0000,0,0.00,0
69,Base5,3,0.0000,0.0000,0.0000,0,0.00,0
69,Base5,4,0.0000,0.0000,0.0000,0,0.00,0
69,Base5,5,0.0000,0.0000,0.0000,0,0.00,0
69,Base5,6,0.0000,0.0000,0.0000,0,0.00,0
69,Base5,7,0.0000,0.0000,0.0000,0,0.00,0
69,Base5,8,0.0000,0.0000,0.0000,0,0.00,0
69,NoDOGE,0,0.0000,0.0000,0.0000,0,0.00,0
69,NoDOGE,1,0.0000,0.0000,0.0000,0,0.00,0
69,NoDOGE,2,0.0000,0.0000,0.0000,0,0.00,0
69,NoDOGE,3,0.0000,0.0000,0.0000,0,0.00,0
69,NoDOGE,4,0.0000,0.0000,0.0000,0,0.00,0
69,NoDOGE,5,0.0000,0.0000,0.0000,0,0.00,0
69,NoDOGE,6,0.0000,0.0000,0.0000,0,0.00,0
69,NoDOGE,7,0.0000,0.0000,0.0000,0,0.00,0
69,NoDOGE,8,0.0000,0.0000,0.0000,0,0.00,0
69,LargeCaps5,0,0.0000,0.0000,0.0000,0,0.00,0
69,LargeCaps5,1,0.0000,0.0000,0.0000,0,0.00,0
69,LargeCaps5,2,0.0000,0.0000,0.0000,0,0.00,0
69,LargeCaps5,3,0.0000,0.0000,0.0000,0,0.00,0
69,LargeCaps5,4,0.0000,0.0000,0.0000,0,0.00,0
69,LargeCaps5,5,0.0000,0.0000,0.0000,0,0.00,0
69,LargeCaps5,6,0.0000,0.0000,0.0000,0,0.00,0
69,LargeCaps5,7,0.0000,0.0000,0.0000,0,0.00,0
69,LargeCaps5,8,0.0000,0.0000,0.0000,0,0.00,0
69,LowVolume5,0,0.0000,0.0000,0.0000,0,0.00,0
69,LowVolume5,1,0.0000,0.0000,0.0000,0,0.00,0
69,LowVolume5,2,0.0000,0.0000,0.0000,0,0.00,0
69,LowVolume5,3,0.0000,0.0000,0.0000,0,0.00,0
69,LowVolume5,4,0.0000,0.0000,0.0000,0,0.00,0
69,LowVolume5,5,0.0000,0.0000,0.0000,0,0.00,0
69,LowVolume5,6,0.0000,0.0000,0.0000,0,0.00,0
69,LowVolume5,7,0.0000,0.0000,0.0000,0,0.00,0
69,LowVolume5,8,0.0000,0.0000,0.0000,0,0.00,0
69,Legacy3,0,0.0000,0.0000,0.0000,0,0.00,0
69,Legacy3,1,0.0000,0.0000,0.0000,0,0.00,0
69,Legacy3,2,0.0000,0.0000,0.0000,0,0.00,0
69,Legacy3,3,0.0000,0.0000,0.0000,0,0.00,0
69,Legacy3,4,0.0000,0.0000,0.0000,0,0.00,0
69,Legacy3,5,0.0000,0.0000,0.0000,0,0.00,0
69,Legacy3,6,0.0000,0.0000,0.0000,0,0.00,0
69,Legacy3,7,0.0000,0.0000,0.0000,0,0.00,0
69,Legacy3,8,0.0000,0.0000,0.0000,0,0.00,0
69,Legacy4,0,0.0000,0.0000,0.0000,0,0.00,0
69,Legacy4,1,0.0000,0.0000,0.0000,0,0.00,0
69,Legacy4,2,0.0000,0.0000,0.0000,0,0.00,0
69,Legacy4,3,0.0000,0.0000,0.0000,0,0.00,0
69,Legacy4,4,0.0000,0.0000,0.0000,0,0.00,0
69,Legacy4,5,0.0000,0.0000,0.0000,0,0.00,0
69,Legacy4,6,0.0000,0.0000,0.0000,0,0.00,0
69,Legacy4,7,0.0000,0.0000,0.0000,0,0.00,0
69,Legacy4,8,0.0000,0.0000,0.0000,0,0.00,0
69,Legacy5,0,0.0000,0.0000,0.0000,0,0.00,0
69,Legacy5,1,0.0000,0.0000,0.0000,0,0.00,0
69,Legacy5,2,0.0000,0.0000,0.0000,0,0.00,0
69,Legacy5,3,0.0000,0.0000,0.0000,0,0.00,0
69,Legacy5,4,0.0000,0.0000,0.0000,0,0.00,0
69,Legacy5,5,0.0000,0.0000,0.0000,0,0.00,0
69,Legacy5,6,0.0000,0.0000,0.0000,0,0.00,0
69,Legacy5,7,0.0000,0.0000,0.0000,0,0.00,0
69,Legacy5,8,0.0000,0.0000,0.0000,0,0.00,0
69,Legacy4BNB,0,0.0000,0.0000,0.0000,0,0.00,0
69,Legacy4BNB,1,0.0000,0.0000,0.0000,0,0.00,0
69,Legacy4BNB,2,0.0000,0.0000,0.0000,0,0.00,0
69,Legacy4BNB,3,0.0000,0.0000,0.0000,0,0.00,0
69,Legacy4BNB,4,0.0000,0.0000,0.0000,0,0.00,0
69,Legacy4BNB,5,0.0000,0.0000,0.0000,0,0.00,0
69,Legacy4BNB,6,0.0000,0.0000,0.0000,0,0.00,0
69,Legacy4BNB,7,0.0000,0.0000,0.0000,0,0.00,0
69,Legacy4BNB,8,0.0000,0.0000,0.0000,0,0.00,0
69,Legacy5BNB,0,0.0000,0.0000,0.0000,0,0.00,0
69,Legacy5BNB,1,0.0000,0.0000,0.0000,0,0.00,0
69,Legacy5BNB,2,0.0000,0.0000,0.0000,0,0.00,0
69,Legacy5BNB,3,0.0000,0.0000,0.0000,0,0.00,0
69,Legacy5BNB,4,0.0000,0.0000,0.0000,0,0.00,0
69,Legacy5BNB,5,0.0000,0.0000,0.0000,0,0.00,0
69,Legacy5BNB,6,0.0000,0.0000,0.0000,0,0.00,0
69,Legacy5BNB,7,0.0000,0.0000,0.0000,0,0.00,0
69,Legacy5BNB,8,0.0000,0.0000,0.0000,0,0.00,0
70,Base5,0,0.0000,0.0000,0.0000,0,0.00,0
70,Base5,1,0.0000,0.0000,0.0000,0,0.00,0
70,Base5,2,0.0000,0.0000,0.0000,0,0.00,0
70,Base5,3,0.0000,0.0000,0.0000,0,0.00,0
70,Base5,4,0.0000,0.0000,0.0000,0,0.00,0
70,Base5,5,0.0000,0.0000,0.0000,0,0.00,0
70,Base5,6,0.0000,0.0000,0.0000,0,0.00,0
70,Base5,7,0.0000,0.0000,0.0000,0,0.00,0
70,Base5,8,0.0000,0.0000,0.0000,0,0.00,0
70,NoDOGE,0,0.0000,0.0000,0.0000,0,0.00,0
70,NoDOGE,1,0.0000,0.0000,0.0000,0,0.00,0
70,NoDOGE,2,0.0000,0.0000,0.0000,0,0.00,0
70,NoDOGE,3,0.0000,0.0000,0.0000,0,0.00,0
70,NoDOGE,4,0.0000,0.0000,0.0000,0,0.00,0
70,NoDOGE,5,0.0000,0.0000,0.0000,0,0.00,0
70,NoDOGE,6,0.0000,0.0000,0.0000,0,0.00,0
70,NoDOGE,7,0.0000,0.0000,0.0000,0,0.00,0
70,NoDOGE,8,0.0000,0.0000,0.0000,0,0.00,0
70,LargeCaps5,0,0.0000,0.0000,0.0000,0,0.00,0
70,LargeCaps5,1,0.0000,0.0000,0.0000,0,0.00,0
70,LargeCaps5,2,0.0000,0.0000,0.0000,0,0.00,0
70,LargeCaps5,3,0.0000,0.0000,0.0000,0,0.00,0
70,LargeCaps5,4,0.0000,0.0000,0.0000,0,0.00,0
70,LargeCaps5,5,0.0000,0.0000,0.0000,0,0.00,0
70,LargeCaps5,6,0.0000,0.0000,0.0000,0,0.00,0
70,LargeCaps5,7,0.0000,0.0000,0.0000,0,0.00,0
70,LargeCaps5,8,0.0000,0.0000,0.0000,0,0.00,0
70,LowVolume5,0,0.0000,0.0000,0.0000,0,0.00,0
70,LowVolume5,1,0.0000,0.0000,0.0000,0,0.00,0
70,LowVolume5,2,0.0000,0.0000,0.0000,0,0.00,0
70,LowVolume5,3,0.0000,0.0000,0.0000,0,0.00,0
70,LowVolume5,4,0.0000,0.0000,0.0000,0,0.00,0
70,LowVolume5,5,0.0000,0.0000,0.0000,0,0.00,0
70,LowVolume5,6,0.0000,0.0000,0.0000,0,0.00,0
70,LowVolume5,7,0.0000,0.0000,0.0000,0,0.00,0
70,LowVolume5,8,0.0000,0.0000,0.0000,0,0.00,0
70,Legacy3,0,0.0000,0.0000,0.0000,0,0.00,0
70,Legacy3,1,0.0000,0.0000,0.0000,0,0.00,0
70,Legacy3,2,0.0000,0.0000,0.0000,0,0.00,0
70,Legacy3,3,0.0000,0.0000,0.0000,0,0.00,0
70,Legacy3,4,0.0000,0.0000,0.0000,0,0.00,0
70,Legacy3,5,0.0000,0.0000,0.0000,0,0.00,0
70,Legacy3,6,0.0000,0.0000,0.0000,0,0.00,0
70,Legacy3,7,0.0000,0.0000,0.0000,0,0.00,0
70,Legacy3,8,0.0000,0.0000,0.0000,0,0.00,0
70,Legacy4,0,0.0000,0.0000,0.0000,0,0.00,0
70,Legacy4,1,0.0000,0.0000,0.0000,0,0.00,0
70,Legacy4,2,0.0000,0.0000,0.0000,0,0.00,0
70,Legacy4,3,0.0000,0.0000,0.0000,0,0.00,0
70,Legacy4,4,0.0000,0.0000,0.0000,0,0.00,0
70,Legacy4,5,0.0000,0.0000,0.0000,0,0.00,0
70,Legacy4,6,0.0000,0.0000,0.0000,0,0.00,0
70,Legacy4,7,0.0000,0.0000,0.0000,0,0.00,0
70,Legacy4,8,0.0000,0.0000,0.0000,0,0.00,0
70,Legacy5,0,0.0000,0.0000,0.0000,0,0.00,0
70,Legacy5,1,0.0000,0.0000,0.0000,0,0.00,0
70,Legacy5,2,0.0000,0.0000,0.0000,0,0.00,0
70,Legacy5,3,0.0000,0.0000,0.0000,0,0.00,0
70,Legacy5,4,0.0000,0.0000,0.0000,0,0.00,0
70,Legacy5,5,0.0000,0.0000,0.0000,0,0.00,0
70,Legacy5,6,0.0000,0.0000,0.0000,0,0.00,0
70,Legacy5,7,0.0000,0.0000,0.0000,0,0.00,0
70,Legacy5,8,0.0000,0.0000,0.0000,0,0.00,0
70,Legacy4BNB,0,0.0000,0.0000,0.0000,0,0.00,0
70,Legacy4BNB,1,0.0000,0.0000,0.0000,0,0.00,0
70,Legacy4BNB,2,0.0000,0.0000,0.0000,0,0.00,0
70,Legacy4BNB,3,0.0000,0.0000,0.0000,0,0.00,0
70,Legacy4BNB,4,0.0000,0.0000,0.0000,0,0.00,0
70,Legacy4BNB,5,0.0000,0.0000,0.0000,0,0.00,0
70,Legacy4BNB,6,0.0000,0.0000,0.0000,0,0.00,0
70,Legacy4BNB,7,0.0000,0.0000,0.0000,0,0.00,0
70,Legacy4BNB,8,0.0000,0.0000,0.0000,0,0.00,0
70,Legacy5BNB,0,0.0000,0.0000,0.0000,0,0.00,0
70,Legacy5BNB,1,0.0000,0.0000,0.0000,0,0.00,0
70,Legacy5BNB,2,0.0000,0.0000,0.0000,0,0.00,0
70,Legacy5BNB,3,0.0000,0.0000,0.0000,0,0.00,0
70,Legacy5BNB,4,0.0000,0.0000,0.0000,0,0.00,0
70,Legacy5BNB,5,0.0000,0.0000,0.0000,0,0.00,0
70,Legacy5BNB,6,0.0000,0.0000,0.0000,0,0.00,0
70,Legacy5BNB,7,0.0000,0.0000,0.0000,0,0.00,0
70,Legacy5BNB,8,0.0000,0.0000,0.0000,0,0.00,0
71,Base5,0,0.0000,0.0000,0.0000,0,0.00,0
71,Base5,1,0.0000,0.0000,0.0000,0,0.00,0
71,Base5,2,0.0000,0.0000,0.0000,0,0.00,0
71,Base5,3,0.0000,0.0000,0.0000,0,0.00,0
71,Base5,4,0.0000,0.0000,0.0000,0,0.00,0
71,Base5,5,0.0000,0.0000,0.0000,0,0.00,0
71,Base5,6,0.0000,0.0000,0.0000,0,0.00,0
71,Base5,7,0.0000,0.0000,0.0000,0,0.00,0
71,Base5,8,0.0000,0.0000,0.0000,0,0.00,0
71,NoDOGE,0,0.0000,0.0000,0.0000,0,0.00,0
71,NoDOGE,1,0.0000,0.0000,0.0000,0,0.00,0
71,NoDOGE,2,0.0000,0.0000,0.0000,0,0.00,0
71,NoDOGE,3,0.0000,0.0000,0.0000,0,0.00,0
71,NoDOGE,4,0.0000,0.0000,0.0000,0,0.00,0
71,NoDOGE,5,0.0000,0.0000,0.0000,0,0.00,0
71,NoDOGE,6,0.0000,0.0000,0.0000,0,0.00,0
71,NoDOGE,7,0.0000,0.0000,0.0000,0,0.00,0
71,NoDOGE,8,0.0000,0.0000,0.0000,0,0.00,0
71,LargeCaps5,0,0.0000,0.0000,0.0000,0,0.00,0
71,LargeCaps5,1,0.0000,0.0000,0.0000,0,0.00,0
71,LargeCaps5,2,0.0000,0.0000,0.0000,0,0.00,0
71,LargeCaps5,3,0.0000,0.0000,0.0000,0,0.00,0
71,LargeCaps5,4,0.0000,0.0000,0.0000,0,0.00,0
71,LargeCaps5,5,0.0000,0.0000,0.0000,0,0.00,0
71,LargeCaps5,6,0.0000,0.0000,0.0000,0,0.00,0
71,LargeCaps5,7,0.0000,0.0000,0.0000,0,0.00,0
71,LargeCaps5,8,0.0000,0.0000,0.0000,0,0.00,0
71,LowVolume5,0,0.0000,0.0000,0.0000,0,0.00,0
71,LowVolume5,1,0.0000,0.0000,0.0000,0,0.00,0
71,LowVolume5,2,0.0000,0.0000,0.0000,0,0.00,0
71,LowVolume5,3,0.0000,0.0000,0.0000,0,0.00,0
71,LowVolume5,4,0.0000,0.0000,0.0000,0,0.00,0
71,LowVolume5,5,0.0000,0.0000,0.0000,0,0.00,0
71,LowVolume5,6,0.0000,0.0000,0.0000,0,0.00,0
71,LowVolume5,7,0.0000,0.0000,0.0000,0,0.00,0
71,LowVolume5,8,0.0000,0.0000,0.0000,0,0.00,0
71,Legacy3,0,0.0000,0.0000,0.0000,0,0.00,0
71,Legacy3,1,0.0000,0.0000,0.0000,0,0.00,0
71,Legacy3,2,0.0000,0.0000,0.0000,0,0.00,0
71,Legacy3,3,0.0000,0.0000,0.0000,0,0.00,0
71,Legacy3,4,0.0000,0.0000,0.0000,0,0.00,0
71,Legacy3,5,0.0000,0.0000,0.0000,0,0.00,0
71,Legacy3,6,0.0000,0.0000,0.0000,0,0.00,0
71,Legacy3,7,0.0000,0.0000,0.0000,0,0.00,0
71,Legacy3,8,0.0000,0.0000,0.0000,0,0.00,0
71,Legacy4,0,0.0000,0.0000,0.0000,0,0.00,0
71,Legacy4,1,0.0000,0.0000,0.0000,0,0.00,0
71,Legacy4,2,0.0000,0.0000,0.0000,0,0.00,0
71,Legacy4,3,0.0000,0.0000,0.0000,0,0.00,0
71,Legacy4,4,0.0000,0.0000,0.0000,0,0.00,0
71,Legacy4,5,0.0000,0.0000,0.0000,0,0.00,0
71,Legacy4,6,0.0000,0.0000,0.0000,0,0.00,0
71,Legacy4,7,0.0000,0.0000,0.0000,0,0.00,0
71,Legacy4,8,0.0000,0.0000,0.0000,0,0.00,0
71,Legacy5,0,0.0000,0.0000,0.0000,0,0.00,0
71,Legacy5,1,0.0000,0.0000,0.0000,0,0.00,0
71,Legacy5,2,0.0000,0.0000,0.0000,0,0.00,0
71,Legacy5,3,0.0000,0.0000,0.0000,0,0.00,0
71,Legacy5,4,0.0000,0.0000,0.0000,0,0.00,0
71,Legacy5,5,0.0000,0.0000,0.0000,0,0.00,0
71,Legacy5,6,0.0000,0.0000,0.0000,0,0.00,0
71,Legacy5,7,0.0000,0.0000,0.0000,0,0.00,0
71,Legacy5,8,0.0000,0.0000,0.0000,0,0.00,0
71,Legacy4BNB,0,0.0000,0.0000,0.0000,0,0.00,0
71,Legacy4BNB,1,0.0000,0.0000,0.0000,0,0.00,0
71,Legacy4BNB,2,0.0000,0.0000,0.0000,0,0.00,0
71,Legacy4BNB,3,0.0000,0.0000,0.0000,0,0.00,0
71,Legacy4BNB,4,0.0000,0.0000,0.0000,0,0.00,0
71,Legacy4BNB,5,0.0000,0.0000,0.0000,0,0.00,0
71,Legacy4BNB,6,0.0000,0.0000,0.0000,0,0.00,0
71,Legacy4BNB,7,0.0000,0.0000,0.0000,0,0.00,0
71,Legacy4BNB,8,0.0000,0.0000,0.0000,0,0.00,0
71,Legacy5BNB,0,0.0000,0.0000,0.0000,0,0.00,0
71,Legacy5BNB,1,0.0000,0.0000,0.0000,0,0.00,0
71,Legacy5BNB,2,0.0000,0.0000,0.0000,0,0.00,0
71,Legacy5BNB,3,0.0000,0.0000,0.0000,0,0.00,0
71,Legacy5BNB,4,0.0000,0.0000,0.0000,0,0.00,0
71,Legacy5BNB,5,0.0000,0.0000,0.0000,0,0.00,0
71,Legacy5BNB,6,0.0000,0.0000,0.0000,0,0.00,0
71,Legacy5BNB,7,0.0000,0.0000,0.0000,0,0.00,0
71,Legacy5BNB,8,0.0000,0.0000,0.0000,0,0.00,0
72,Base5,0,0.0000,0.0000,0.0000,0,0.00,0
72,Base5,1,0.0000,0.0000,0.0000,0,0.00,0
72,Base5,2,0.0000,0.0000,0.0000,0,0.00,0
72,Base5,3,0.0000,0.0000,0.0000,0,0.00,0
72,Base5,4,0.0000,0.0000,0.0000,0,0.00,0
72,Base5,5,0.0000,0.0000,0.0000,0,0.00,0
72,Base5,6,0.0000,0.0000,0.0000,0,0.00,0
72,Base5,7,0.0000,0.0000,0.0000,0,0.00,0
72,Base5,8,0.0000,0.0000,0.0000,0,0.00,0
72,NoDOGE,0,0.0000,0.0000,0.0000,0,0.00,0
72,NoDOGE,1,0.0000,0.0000,0.0000,0,0.00,0
72,NoDOGE,2,0.0000,0.0000,0.0000,0,0.00,0
72,NoDOGE,3,0.0000,0.0000,0.0000,0,0.00,0
72,NoDOGE,4,0.0000,0.0000,0.0000,0,0.00,0
72,NoDOGE,5,0.0000,0.0000,0.0000,0,0.00,0
72,NoDOGE,6,0.0000,0.0000,0.0000,0,0.00,0
72,NoDOGE,7,0.0000,0.0000,0.0000,0,0.00,0
72,NoDOGE,8,0.0000,0.0000,0.0000,0,0.00,0
72,LargeCaps5,0,0.0000,0.0000,0.0000,0,0.00,0
72,LargeCaps5,1,0.0000,0.0000,0.0000,0,0.00,0
72,LargeCaps5,2,0.0000,0.0000,0.0000,0,0.00,0
72,LargeCaps5,3,0.0000,0.0000,0.0000,0,0.00,0
72,LargeCaps5,4,0.0000,0.0000,0.0000,0,0.00,0
72,LargeCaps5,5,0.0000,0.0000,0.0000,0,0.00,0
72,LargeCaps5,6,0.0000,0.0000,0.0000,0,0.00,0
72,LargeCaps5,7,0.0000,0.0000,0.0000,0,0.00,0
72,LargeCaps5,8,0.0000,0.0000,0.0000,0,0.00,0
72,LowVolume5,0,0.0000,0.0000,0.0000,0,0.00,0
72,LowVolume5,1,0.0000,0.0000,0.0000,0,0.00,0
72,LowVolume5,2,0.0000,0.0000,0.0000,0,0.00,0
72,LowVolume5,3,0.0000,0.0000,0.0000,0,0.00,0
72,LowVolume5,4,0.0000,0.0000,0.0000,0,0.00,0
72,LowVolume5,5,0.0000,0.0000,0.0000,0,0.00,0
72,LowVolume5,6,0.0000,0.0000,0.0000,0,0.00,0
72,LowVolume5,7,0.0000,0.0000,0.0000,0,0.00,0
72,LowVolume5,8,0.0000,0.0000,0.0000,0,0.00,0
72,Legacy3,0,0.0000,0.0000,0.0000,0,0.00,0
72,Legacy3,1,0.0000,0.0000,0.0000,0,0.00,0
72,Legacy3,2,0.0000,0.0000,0.0000,0,0.00,0
72,Legacy3,3,0.0000,0.0000,0.0000,0,0.00,0
72,Legacy3,4,0.0000,0.0000,0.0000,0,0.00,0
72,Legacy3,5,0.0000,0.0000,0.0000,0,0.00,0
72,Legacy3,6,0.0000,0.0000,0.0000,0,0.00,0
72,Legacy3,7,0.0000,0.0000,0.0000,0,0.00,0
72,Legacy3,8,0.0000,0.0000,0.0000,0,0.00,0
72,Legacy4,0,0.0000,0.0000,0.0000,0,0.00,0
72,Legacy4,1,0.0000,0.0000,0.0000,0,0.00,0
72,Legacy4,2,0.0000,0.0000,0.0000,0,0.00,0
72,Legacy4,3,0.0000,0.0000,0.0000,0,0.00,0
72,Legacy4,4,0.0000,0.0000,0.0000,0,0.00,0
72,Legacy4,5,0.0000,0.0000,0.0000,0,0.00,0
72,Legacy4,6,0.0000,0.0000,0.0000,0,0.00,0
72,Legacy4,7,0.0000,0.0000,0.0000,0,0.00,0
72,Legacy4,8,0.0000,0.0000,0.0000,0,0.00,0
72,Legacy5,0,0.0000,0.0000,0.0000,0,0.00,0
72,Legacy5,1,0.0000,0.0000,0.0000,0,0.00,0
72,Legacy5,2,0.0000,0.0000,0.0000,0,0.00,0
72,Legacy5,3,0.0000,0.0000,0.0000,0,0.00,0
72,Legacy5,4,0.0000,0.0000,0.0000,0,0.00,0
72,Legacy5,5,0.0000,0.0000,0.0000,0,0.00,0
72,Legacy5,6,0.0000,0.0000,0.0000,0,0.00,0
72,Legacy5,7,0.0000,0.0000,0.0000,0,0.00,0
72,Legacy5,8,0.0000,0.0000,0.0000,0,0.00,0
72,Legacy4BNB,0,0.0000,0.0000,0.0000,0,0.00,0
72,Legacy4BNB,1,0.0000,0.0000,0.0000,0,0.00,0
72,Legacy4BNB,2,0.0000,0.0000,0.0000,0,0.00,0
72,Legacy4BNB,3,0.0000,0.0000,0.0000,0,0.00,0
72,Legacy4BNB,4,0.0000,0.0000,0.0000,0,0.00,0
72,Legacy4BNB,5,0.0000,0.0000,0.0000,0,0.00,0
72,Legacy4BNB,6,0.0000,0.0000,0.0000,0,0.00,0
72,Legacy4BNB,7,0.0000,0.0000,0.0000,0,0.00,0
72,Legacy4BNB,8,0.0000,0.0000,0.0000,0,0.00,0
72,Legacy5BNB,0,0.0000,0.0000,0.0000,0,0.00,0
72,Legacy5BNB,1,0.0000,0.0000,0.0000,0,0.00,0
72,Legacy5BNB,2,0.0000,0.0000,0.0000,0,0.00,0
72,Legacy5BNB,3,0.0000,0.0000,0.0000,0,0.00,0
72,Legacy5BNB,4,0.0000,0.0000,0.0000,0,0.00,0
72,Legacy5BNB,5,0.0000,0.0000,0.0000,0,0.00,0
72,Legacy5BNB,6,0.0000,0.0000,0.0000,0,0.00,0
72,Legacy5BNB,7,0.0000,0.0000,0.0000,0,0.00,0
72,Legacy5BNB,8,0.0000,0.0000,0.0000,0,0.00,0
73,Base5,0,0.0000,0.0000,0.0000,0,0.00,0
73,Base5,1,0.0000,0.0000,0.0000,0,0.00,0
73,Base5,2,0.0000,0.0000,0.0000,0,0.00,0
73,Base5,3,0.0000,0.0000,0.0000,0,0.00,0
73,Base5,4,0.0000,0.0000,0.0000,0,0.00,0
73,Base5,5,0.0000,0.0000,0.0000,0,0.00,0
73,Base5,6,0.0000,0.0000,0.0000,0,0.00,0
73,Base5,7,0.0000,0.0000,0.0000,0,0.00,0
73,Base5,8,0.0000,0.0000,0.0000,0,0.00,0
73,NoDOGE,0,0.0000,0.0000,0.0000,0,0.00,0
73,NoDOGE,1,0.0000,0.0000,0.0000,0,0.00,0
73,NoDOGE,2,0.0000,0.0000,0.0000,0,0.00,0
73,NoDOGE,3,0.0000,0.0000,0.0000,0,0.00,0
73,NoDOGE,4,0.0000,0.0000,0.0000,0,0.00,0
73,NoDOGE,5,0.0000,0.0000,0.0000,0,0.00,0
73,NoDOGE,6,0.0000,0.0000,0.0000,0,0.00,0
73,NoDOGE,7,0.0000,0.0000,0.0000,0,0.00,0
73,NoDOGE,8,0.0000,0.0000,0.0000,0,0.00,0
73,LargeCaps5,0,0.0000,0.0000,0.0000,0,0.00,0
73,LargeCaps5,1,0.0000,0.0000,0.0000,0,0.00,0
73,LargeCaps5,2,0.0000,0.0000,0.0000,0,0.00,0
73,LargeCaps5,3,0.0000,0.0000,0.0000,0,0.00,0
73,LargeCaps5,4,0.0000,0.0000,0.0000,0,0.00,0
73,LargeCaps5,5,0.0000,0.0000,0.0000,0,0.00,0
73,LargeCaps5,6,0.0000,0.0000,0.0000,0,0.00,0
73,LargeCaps5,7,0.0000,0.0000,0.0000,0,0.00,0
73,LargeCaps5,8,0.0000,0.0000,0.0000,0,0.00,0
73,LowVolume5,0,0.0000,0.0000,0.0000,0,0.00,0
73,LowVolume5,1,0.0000,0.0000,0.0000,0,0.00,0
73,LowVolume5,2,0.0000,0.0000,0.0000,0,0.00,0
73,LowVolume5,3,0.0000,0.0000,0.0000,0,0.00,0
73,LowVolume5,4,0.0000,0.0000,0.0000,0,0.00,0
73,LowVolume5,5,0.0000,0.0000,0.0000,0,0.00,0
73,LowVolume5,6,0.0000,0.0000,0.0000,0,0.00,0
73,LowVolume5,7,0.0000,0.0000,0.0000,0,0.00,0
73,LowVolume5,8,0.0000,0.0000,0.0000,0,0.00,0
73,Legacy3,0,0.0000,0.0000,0.0000,0,0.00,0
73,Legacy3,1,0.0000,0.0000,0.0000,0,0.00,0
73,Legacy3,2,0.0000,0.0000,0.0000,0,0.00,0
73,Legacy3,3,0.0000,0.0000,0.0000,0,0.00,0
73,Legacy3,4,0.0000,0.0000,0.0000,0,0.00,0
73,Legacy3,5,0.0000,0.0000,0.0000,0,0.00,0
73,Legacy3,6,0.0000,0.0000,0.0000,0,0.00,0
73,Legacy3,7,0.0000,0.0000,0.0000,0,0.00,0
73,Legacy3,8,0.0000,0.0000,0.0000,0,0.00,0
73,Legacy4,0,0.0000,0.0000,0.0000,0,0.00,0
73,Legacy4,1,0.0000,0.0000,0.0000,0,0.00,0
73,Legacy4,2,0.0000,0.0000,0.0000,0,0.00,0
73,Legacy4,3,0.0000,0.0000,0.0000,0,0.00,0
73,Legacy4,4,0.0000,0.0000,0.0000,0,0.00,0
73,Legacy4,5,0.0000,0.0000,0.0000,0,0.00,0
73,Legacy4,6,0.0000,0.0000,0.0000,0,0.00,0
73,Legacy4,7,0.0000,0.0000,0.0000,0,0.00,0
73,Legacy4,8,0.0000,0.0000,0.0000,0,0.00,0
73,Legacy5,0,0.0000,0.0000,0.0000,0,0.00,0
73,Legacy5,1,0.0000,0.0000,0.0000,0,0.00,0
73,Legacy5,2,0.0000,0.0000,0.0000,0,0.00,0
73,Legacy5,3,0.0000,0.0000,0.0000,0,0.00,0
73,Legacy5,4,0.0000,0.0000,0.0000,0,0.00,0
73,Legacy5,5,0.0000,0.0000,0.0000,0,0.00,0
73,Legacy5,6,0.0000,0.0000,0.0000,0,0.00,0
73,Legacy5,7,0.0000,0.0000,0.0000,0,0.00,0
73,Legacy5,8,0.0000,0.0000,0.0000,0,0.00,0
73,Legacy4BNB,0,0.0000,0.0000,0.0000,0,0.00,0
73,Legacy4BNB,1,0.0000,0.0000,0.0000,0,0.00,0
73,Legacy4BNB,2,0.0000,0.0000,0.0000,0,0.00,0
73,Legacy4BNB,3,0.0000,0.0000,0.0000,0,0.00,0
73,Legacy4BNB,4,0.0000,0.0000,0.0000,0,0.00,0
73,Legacy4BNB,5,0.0000,0.0000,0.0000,0,0.00,0
73,Legacy4BNB,6,0.0000,0.0000,0.0000,0,0.00,0
73,Legacy4BNB,7,0.0000,0.0000,0.0000,0,0.00,0
73,Legacy4BNB,8,0.0000,0.0000,0.0000,0,0.00,0
73,Legacy5BNB,0,0.0000,0.0000,0.0000,0,0.00,0
73,Legacy5BNB,1,0.0000,0.0000,0.0000,0,0.00,0
73,Legacy5BNB,2,0.0000,0.0000,0.0000,0,0.00,0
73,Legacy5BNB,3,0.0000,0.0000,0.0000,0,0.00,0
73,Legacy5BNB,4,0.0000,0.0000,0.0000,0,0.00,0
73,Legacy5BNB,5,0.0000,0.0000,0.0000,0,0.00,0
73,Legacy5BNB,6,0.0000,0.0000,0.0000,0,0.00,0
73,Legacy5BNB,7,0.0000,0.0000,0.0000,0,0.00,0
73,Legacy5BNB,8,0.0000,0.0000,0.0000,0,0.00,0
74,Base5,0,0.0000,0.0000,0.0000,0,0.00,0
74,Base5,1,0.0000,0.0000,0.0000,0,0.00,0
74,Base5,2,0.0000,0.0000,0.0000,0,0.00,0
74,Base5,3,0.0000,0.0000,0.0000,0,0.00,0
74,Base5,4,0.0000,0.0000,0.0000,0,0.00,0
74,Base5,5,0.0000,0.0000,0.0000,0,0.00,0
74,Base5,6,0.0000,0.0000,0.0000,0,0.00,0
74,Base5,7,0.0000,0.0000,0.0000,0,0.00,0
74,Base5,8,0.0000,0.0000,0.0000,0,0.00,0
74,NoDOGE,0,0.0000,0.0000,0.0000,0,0.00,0
74,NoDOGE,1,0.0000,0.0000,0.0000,0,0.00,0
74,NoDOGE,2,0.0000,0.0000,0.0000,0,0.00,0
74,NoDOGE,3,0.0000,0.0000,0.0000,0,0.00,0
74,NoDOGE,4,0.0000,0.0000,0.0000,0,0.00,0
74,NoDOGE,5,0.0000,0.0000,0.0000,0,0.00,0
74,NoDOGE,6,0.0000,0.0000,0.0000,0,0.00,0
74,NoDOGE,7,0.0000,0.0000,0.0000,0,0.00,0
74,NoDOGE,8,0.0000,0.0000,0.0000,0,0.00,0
74,LargeCaps5,0,0.0000,0.0000,0.0000,0,0.00,0
74,LargeCaps5,1,0.0000,0.0000,0.0000,0,0.00,0
74,LargeCaps5,2,0.0000,0.0000,0.0000,0,0.00,0
74,LargeCaps5,3,0.0000,0.0000,0.0000,0,0.00,0
74,LargeCaps5,4,0.0000,0.0000,0.0000,0,0.00,0
74,LargeCaps5,5,0.0000,0.0000,0.0000,0,0.00,0
74,LargeCaps5,6,0.0000,0.0000,0.0000,0,0.00,0
74,LargeCaps5,7,0.0000,0.0000,0.0000,0,0.00,0
74,LargeCaps5,8,0.0000,0.0000,0.0000,0,0.00,0
74,LowVolume5,0,0.0000,0.0000,0.0000,0,0.00,0
74,LowVolume5,1,0.0000,0.0000,0.0000,0,0.00,0
74,LowVolume5,2,0.0000,0.0000,0.0000,0,0.00,0
74,LowVolume5,3,0.0000,0.0000,0.0000,0,0.00,0
74,LowVolume5,4,0.0000,0.0000,0.0000,0,0.00,0
74,LowVolume5,5,0.0000,0.0000,0.0000,0,0.00,0
74,LowVolume5,6,0.0000,0.0000,0.0000,0,0.00,0
74,LowVolume5,7,0.0000,0.0000,0.0000,0,0.00,0
74,LowVolume5,8,0.0000,0.0000,0.0000,0,0.00,0
74,Legacy3,0,0.0000,0.0000,0.0000,0,0.00,0
74,Legacy3,1,0.0000,0.0000,0.0000,0,0.00,0
74,Legacy3,2,0.0000,0.0000,0.0000,0,0.00,0
74,Legacy3,3,0.0000,0.0000,0.0000,0,0.00,0
74,Legacy3,4,0.0000,0.0000,0.0000,0,0.00,0
74,Legacy3,5,0.0000,0.0000,0.0000,0,0.00,0
74,Legacy3,6,0.0000,0.0000,0.0000,0,0.00,0
74,Legacy3,7,0.0000,0.0000,0.0000,0,0.00,0
74,Legacy3,8,0.0000,0.0000,0.0000,0,0.00,0
74,Legacy4,0,0.0000,0.0000,0.0000,0,0.00,0
74,Legacy4,1,0.0000,0.0000,0.0000,0,0.00,0
74,Legacy4,2,0.0000,0.0000,0.0000,0,0.00,0
74,Legacy4,3,0.0000,0.0000,0.0000,0,0.00,0
74,Legacy4,4,0.0000,0.0000,0.0000,0,0.00,0
74,Legacy4,5,0.0000,0.0000,0.0000,0,0.00,0
74,Legacy4,6,0.0000,0.0000,0.0000,0,0.00,0
74,Legacy4,7,0.0000,0.0000,0.0000,0,0.00,0
74,Legacy4,8,0.0000,0.0000,0.0000,0,0.00,0
74,Legacy5,0,0.0000,0.0000,0.0000,0,0.00,0
74,Legacy5,1,0.0000,0.0000,0.0000,0,0.00,0
74,Legacy5,2,0.0000,0.0000,0.0000,0,0.00,0
74,Legacy5,3,0.0000,0.0000,0.0000,0,0.00,0
74,Legacy5,4,0.0000,0.0000,0.0000,0,0.00,0
74,Legacy5,5,0.0000,0.0000,0.0000,0,0.00,0
74,Legacy5,6,0.0000,0.0000,0.0000,0,0.00,0
74,Legacy5,7,0.0000,0.0000,0.0000,0,0.00,0
74,Legacy5,8,0.0000,0.0000,0.0000,0,0.00,0
74,Legacy4BNB,0,0.0000,0.0000,0.0000,0,0.00,0
74,Legacy4BNB,1,0.0000,0.0000,0.0000,0,0.00,0
74,Legacy4BNB,2,0.0000,0.0000,0.0000,0,0.00,0
74,Legacy4BNB,3,0.0000,0.0000,0.0000,0,0.00,0
74,Legacy4BNB,4,0.0000,0.0000,0.0000,0,0.00,0
74,Legacy4BNB,5,0.0000,0.0000,0.0000,0,0.00,0
74,Legacy4BNB,6,0.0000,0.0000,0.0000,0,0.00,0
74,Legacy4BNB,7,0.0000,0.0000,0.0000,0,0.00,0
74,Legacy4BNB,8,0.0000,0.0000,0.0000,0,0.00,0
74,Legacy5BNB,0,0.0000,0.0000,0.0000,0,0.00,0
74,Legacy5BNB,1,0.0000,0.0000,0.0000,0,0.00,0
74,Legacy5BNB,2,0.0000,0.0000,0.0000,0,0.00,0
74,Legacy5BNB,3,0.0000,0.0000,0.0000,0,0.00,0
74,Legacy5BNB,4,0.0000,0.0000,0.0000,0,0.00,0
74,Legacy5BNB,5,0.0000,0.0000,0.0000,0,0.00,0
74,Legacy5BNB,6,0.0000,0.0000,0.0000,0,0.00,0
74,Legacy5BNB,7,0.0000,0.0000,0.0000,0,0.00,0
74,Legacy5BNB,8,0.0000,0.0000,0.0000,0,0.00,0
75,Base5,0,0.0000,0.0000,0.0000,0,0.00,0
75,Base5,1,0.0000,0.0000,0.0000,0,0.00,0
75,Base5,2,0.0000,0.0000,0.0000,0,0.00,0
75,Base5,3,0.0000,0.0000,0.0000,0,0.00,0
75,Base5,4,0.0000,0.0000,0.0000,0,0.00,0
75,Base5,5,0.0000,0.0000,0.0000,0,0.00,0
75,Base5,6,0.0000,0.0000,0.0000,0,0.00,0
75,Base5,7,0.0000,0.0000,0.0000,0,0.00,0
75,Base5,8,0.0000,0.0000,0.0000,0,0.00,0
75,NoDOGE,0,0.0000,0.0000,0.0000,0,0.00,0
75,NoDOGE,1,0.0000,0.0000,0.0000,0,0.00,0
75,NoDOGE,2,0.0000,0.0000,0.0000,0,0.00,0
75,NoDOGE,3,0.0000,0.0000,0.0000,0,0.00,0
75,NoDOGE,4,0.0000,0.0000,0.0000,0,0.00,0
75,NoDOGE,5,0.0000,0.0000,0.0000,0,0.00,0
75,NoDOGE,6,0.0000,0.0000,0.0000,0,0.00,0
75,NoDOGE,7,0.0000,0.0000,0.0000,0,0.00,0
75,NoDOGE,8,0.0000,0.0000,0.0000,0,0.00,0
75,LargeCaps5,0,0.0000,0.0000,0.0000,0,0.00,0
75,LargeCaps5,1,0.0000,0.0000,0.0000,0,0.00,0
75,LargeCaps5,2,0.0000,0.0000,0.0000,0,0.00,0
75,LargeCaps5,3,0.0000,0.0000,0.0000,0,0.00,0
75,LargeCaps5,4,0.0000,0.0000,0.0000,0,0.00,0
75,LargeCaps5,5,0.0000,0.0000,0.0000,0,0.00,0
75,LargeCaps5,6,0.0000,0.0000,0.0000,0,0.00,0
75,LargeCaps5,7,0.0000,0.0000,0.0000,0,0.00,0
75,LargeCaps5,8,0.0000,0.0000,0.0000,0,0.00,0
75,LowVolume5,0,0.0000,0.0000,0.0000,0,0.00,0
75,LowVolume5,1,0.0000,0.0000,0.0000,0,0.00,0
75,LowVolume5,2,0.0000,0.0000,0.0000,0,0.00,0
75,LowVolume5,3,0.0000,0.0000,0.0000,0,0.00,0
75,LowVolume5,4,0.0000,0.0000,0.0000,0,0.00,0
75,LowVolume5,5,0.0000,0.0000,0.0000,0,0.00,0
75,LowVolume5,6,0.0000,0.0000,0.0000,0,0.00,0
75,LowVolume5,7,0.0000,0.0000,0.0000,0,0.00,0
75,LowVolume5,8,0.0000,0.0000,0.0000,0,0.00,0
75,Legacy3,0,0.0000,0.0000,0.0000,0,0.00,0
75,Legacy3,1,0.0000,0.0000,0.0000,0,0.00,0
75,Legacy3,2,0.0000,0.0000,0.0000,0,0.00,0
75,Legacy3,3,0.0000,0.0000,0.0000,0,0.00,0
75,Legacy3,4,0.0000,0.0000,0.0000,0,0.00,0
75,Legacy3,5,0.0000,0.0000,0.0000,0,0.00,0
75,Legacy3,6,0.0000,0.0000,0.0000,0,0.00,0
75,Legacy3,7,0.0000,0.0000,0.0000,0,0.00,0
75,Legacy3,8,0.0000,0.0000,0.0000,0,0.00,0
75,Legacy4,0,0.0000,0.0000,0.0000,0,0.00,0
75,Legacy4,1,0.0000,0.0000,0.0000,0,0.00,0
75,Legacy4,2,0.0000,0.0000,0.0000,0,0.00,0
75,Legacy4,3,0.0000,0.0000,0.0000,0,0.00,0
75,Legacy4,4,0.0000,0.0000,0.0000,0,0.00,0
75,Legacy4,5,0.0000,0.0000,0.0000,0,0.00,0
75,Legacy4,6,0.0000,0.0000,0.0000,0,0.00,0
75,Legacy4,7,0.0000,0.0000,0.0000,0,0.00,0
75,Legacy4,8,0.0000,0.0000,0.0000,0,0.00,0
75,Legacy5,0,0.0000,0.0000,0.0000,0,0.00,0
75,Legacy5,1,0.0000,0.0000,0.0000,0,0.00,0
75,Legacy5,2,0.0000,0.0000,0.0000,0,0.00,0
75,Legacy5,3,0.0000,0.0000,0.0000,0,0.00,0
75,Legacy5,4,0.0000,0.0000,0.0000,0,0.00,0
75,Legacy5,5,0.0000,0.0000,0.0000,0,0.00,0
75,Legacy5,6,0.0000,0.0000,0.0000,0,0.00,0
75,Legacy5,7,0.0000,0.0000,0.0000,0,0.00,0
75,Legacy5,8,0.0000,0.0000,0.0000,0,0.00,0
75,Legacy4BNB,0,0.0000,0.0000,0.0000,0,0.00,0
75,Legacy4BNB,1,0.0000,0.0000,0.0000,0,0.00,0
75,Legacy4BNB,2,0.0000,0.0000,0.0000,0,0.00,0
75,Legacy4BNB,3,0.0000,0.0000,0.0000,0,0.00,0
75,Legacy4BNB,4,0.0000,0.0000,0.0000,0,0.00,0
75,Legacy4BNB,5,0.0000,0.0000,0.0000,0,0.00,0
75,Legacy4BNB,6,0.0000,0.0000,0.0000,0,0.00,0
75,Legacy4BNB,7,0.0000,0.0000,0.0000,0,0.00,0
75,Legacy4BNB,8,0.0000,0.0000,0.0000,0,0.00,0
75,Legacy5BNB,0,0.0000,0.0000,0.0000,0,0.00,0
75,Legacy5BNB,1,0.0000,0.0000,0.0000,0,0.00,0
75,Legacy5BNB,2,0.0000,0.0000,0.0000,0,0.00,0
75,Legacy5BNB,3,0.0000,0.0000,0.0000,0,0.00,0
75,Legacy5BNB,4,0.0000,0.0000,0.0000,0,0.00,0
75,Legacy5BNB,5,0.0000,0.0000,0.0000,0,0.00,0
75,Legacy5BNB,6,0.0000,0.0000,0.0000,0,0.00,0
75,Legacy5BNB,7,0.0000,0.0000,0.0000,0,0.00,0
75,Legacy5BNB,8,0.0000,0.0000,0.0000,0,0.00,0
76,Base5,0,0.0000,0.0000,0.0000,0,0.00,0
76,Base5,1,0.0000,0.0000,0.0000,0,0.00,0
76,Base5,2,0.0000,0.0000,0.0000,0,0.00,0
76,Base5,3,0.0000,0.0000,0.0000,0,0.00,0
76,Base5,4,0.0000,0.0000,0.0000,0,0.00,0
76,Base5,5,0.0000,0.0000,0.0000,0,0.00,0
76,Base5,6,0.0000,0.0000,0.0000,0,0.00,0
76,Base5,7,0.0000,0.0000,0.0000,0,0.00,0
76,Base5,8,0.0000,0.0000,0.0000,0,0.00,0
76,NoDOGE,0,0.0000,0.0000,0.0000,0,0.00,0
76,NoDOGE,1,0.0000,0.0000,0.0000,0,0.00,0
76,NoDOGE,2,0.0000,0.0000,0.0000,0,0.00,0
76,NoDOGE,3,0.0000,0.0000,0.0000,0,0.00,0
76,NoDOGE,4,0.0000,0.0000,0.0000,0,0.00,0
76,NoDOGE,5,0.0000,0.0000,0.0000,0,0.00,0
76,NoDOGE,6,0.0000,0.0000,0.0000,0,0.00,0
76,NoDOGE,7,0.0000,0.0000,0.0000,0,0.00,0
76,NoDOGE,8,0.0000,0.0000,0.0000,0,0.00,0
76,LargeCaps5,0,0.0000,0.0000,0.0000,0,0.00,0
76,LargeCaps5,1,0.0000,0.0000,0.0000,0,0.00,0
76,LargeCaps5,2,0.0000,0.0000,0.0000,0,0.00,0
76,LargeCaps5,3,0.0000,0.0000,0.0000,0,0.00,0
76,LargeCaps5,4,0.0000,0.0000,0.0000,0,0.00,0
76,LargeCaps5,5,0.0000,0.0000,0.0000,0,0.00,0
76,LargeCaps5,6,0.0000,0.0000,0.0000,0,0.00,0
76,LargeCaps5,7,0.0000,0.0000,0.0000,0,0.00,0
76,LargeCaps5,8,0.0000,0.0000,0.0000,0,0.00,0
76,LowVolume5,0,0.0000,0.0000,0.0000,0,0.00,0
76,LowVolume5,1,0.0000,0.0000,0.0000,0,0.00,0
76,LowVolume5,2,0.0000,0.0000,0.0000,0,0.00,0
76,LowVolume5,3,0.0000,0.0000,0.0000,0,0.00,0
76,LowVolume5,4,0.0000,0.0000,0.0000,0,0.00,0
76,LowVolume5,5,0.0000,0.0000,0.0000,0,0.00,0
76,LowVolume5,6,0.0000,0.0000,0.0000,0,0.00,0
76,LowVolume5,7,0.0000,0.0000,0.0000,0,0.00,0
76,LowVolume5,8,0.0000,0.0000,0.0000,0,0.00,0
76,Legacy3,0,0.0000,0.0000,0.0000,0,0.00,0
76,Legacy3,1,0.0000,0.0000,0.0000,0,0.00,0
76,Legacy3,2,0.0000,0.0000,0.0000,0,0.00,0
76,Legacy3,3,0.0000,0.0000,0.0000,0,0.00,0
76,Legacy3,4,0.0000,0.0000,0.0000,0,0.00,0
76,Legacy3,5,0.0000,0.0000,0.0000,0,0.00,0
76,Legacy3,6,0.0000,0.0000,0.0000,0,0.00,0
76,Legacy3,7,0.0000,0.0000,0.0000,0,0.00,0
76,Legacy3,8,0.0000,0.0000,0.0000,0,0.00,0
76,Legacy4,0,0.0000,0.0000,0.0000,0,0.00,0
76,Legacy4,1,0.0000,0.0000,0.0000,0,0.00,0
76,Legacy4,2,0.0000,0.0000,0.0000,0,0.00,0
76,Legacy4,3,0.0000,0.0000,0.0000,0,0.00,0
76,Legacy4,4,0.0000,0.0000,0.0000,0,0.00,0
76,Legacy4,5,0.0000,0.0000,0.0000,0,0.00,0
76,Legacy4,6,0.0000,0.0000,0.0000,0,0.00,0
76,Legacy4,7,0.0000,0.0000,0.0000,0,0.00,0
76,Legacy4,8,0.0000,0.0000,0.0000,0,0.00,0
76,Legacy5,0,0.0000,0.0000,0.0000,0,0.00,0
76,Legacy5,1,0.0000,0.0000,0.0000,0,0.00,0
76,Legacy5,2,0.0000,0.0000,0.0000,0,0.00,0
76,Legacy5,3,0.0000,0.0000,0.0000,0,0.00,0
76,Legacy5,4,0.0000,0.0000,0.0000,0,0.00,0
76,Legacy5,5,0.0000,0.0000,0.0000,0,0.00,0
76,Legacy5,6,0.0000,0.0000,0.0000,0,0.00,0
76,Legacy5,7,0.0000,0.0000,0.0000,0,0.00,0
76,Legacy5,8,0.0000,0.0000,0.0000,0,0.00,0
76,Legacy4BNB,0,0.0000,0.0000,0.0000,0,0.00,0
76,Legacy4BNB,1,0.0000,0.0000,0.0000,0,0.00,0
76,Legacy4BNB,2,0.0000,0.0000,0.0000,0,0.00,0
76,Legacy4BNB,3,0.0000,0.0000,0.0000,0,0.00,0
76,Legacy4BNB,4,0.0000,0.0000,0.0000,0,0.00,0
76,Legacy4BNB,5,0.0000,0.0000,0.0000,0,0.00,0
76,Legacy4BNB,6,0.0000,0.0000,0.0000,0,0.00,0
76,Legacy4BNB,7,0.0000,0.0000,0.0000,0,0.00,0
76,Legacy4BNB,8,0.0000,0.0000,0.0000,0,0.00,0
76,Legacy5BNB,0,0.0000,0.0000,0.0000,0,0.00,0
76,Legacy5BNB,1,0.0000,0.0000,0.0000,0,0.00,0
76,Legacy5BNB,2,0.0000,0.0000,0.0000,0,0.00,0
76,Legacy5BNB,3,0.0000,0.0000,0.0000,0,0.00,0
76,Legacy5BNB,4,0.0000,0.0000,0.0000,0,0.00,0
76,Legacy5BNB,5,0.0000,0.0000,0.0000,0,0.00,0
76,Legacy5BNB,6,0.0000,0.0000,0.0000,0,0.00,0
76,Legacy5BNB,7,0.0000,0.0000,0.0000,0,0.00,0
76,Legacy5BNB,8,0.0000,0.0000,0.0000,0,0.00,0
77,Base5,0,0.0000,0.0000,0.0000,0,0.00,0
77,Base5,1,0.0000,0.0000,0.0000,0,0.00,0
77,Base5,2,0.0000,0.0000,0.0000,0,0.00,0
77,Base5,3,0.0000,0.0000,0.0000,0,0.00,0
77,Base5,4,0.0000,0.0000,0.0000,0,0.00,0
77,Base5,5,0.0000,0.0000,0.0000,0,0.00,0
77,Base5,6,0.0000,0.0000,0.0000,0,0.00,0
77,Base5,7,0.0000,0.0000,0.0000,0,0.00,0
77,Base5,8,0.0000,0.0000,0.0000,0,0.00,0
77,NoDOGE,0,0.0000,0.0000,0.0000,0,0.00,0
77,NoDOGE,1,0.0000,0.0000,0.0000,0,0.00,0
77,NoDOGE,2,0.0000,0.0000,0.0000,0,0.00,0
77,NoDOGE,3,0.0000,0.0000,0.0000,0,0.00,0
77,NoDOGE,4,0.0000,0.0000,0.0000,0,0.00,0
77,NoDOGE,5,0.0000,0.0000,0.0000,0,0.00,0
77,NoDOGE,6,0.0000,0.0000,0.0000,0,0.00,0
77,NoDOGE,7,0.0000,0.0000,0.0000,0,0.00,0
77,NoDOGE,8,0.0000,0.0000,0.0000,0,0.00,0
77,LargeCaps5,0,0.0000,0.0000,0.0000,0,0.00,0
77,LargeCaps5,1,0.0000,0.0000,0.0000,0,0.00,0
77,LargeCaps5,2,0.0000,0.0000,0.0000,0,0.00,0
77,LargeCaps5,3,0.0000,0.0000,0.0000,0,0.00,0
77,LargeCaps5,4,0.0000,0.0000,0.0000,0,0.00,0
77,LargeCaps5,5,0.0000,0.0000,0.0000,0,0.00,0
77,LargeCaps5,6,0.0000,0.0000,0.0000,0,0.00,0
77,LargeCaps5,7,0.0000,0.0000,0.0000,0,0.00,0
77,LargeCaps5,8,0.0000,0.0000,0.0000,0,0.00,0
77,LowVolume5,0,0.0000,0.0000,0.0000,0,0.00,0
77,LowVolume5,1,0.0000,0.0000,0.0000,0,0.00,0
77,LowVolume5,2,0.0000,0.0000,0.0000,0,0.00,0
77,LowVolume5,3,0.0000,0.0000,0.0000,0,0.00,0
77,LowVolume5,4,0.0000,0.0000,0.0000,0,0.00,0
77,LowVolume5,5,0.0000,0.0000,0.0000,0,0.00,0
77,LowVolume5,6,0.0000,0.0000,0.0000,0,0.00,0
77,LowVolume5,7,0.0000,0.0000,0.0000,0,0.00,0
77,LowVolume5,8,0.0000,0.0000,0.0000,0,0.00,0
77,Legacy3,0,0.0000,0.0000,0.0000,0,0.00,0
77,Legacy3,1,0.0000,0.0000,0.0000,0,0.00,0
77,Legacy3,2,0.0000,0.0000,0.0000,0,0.00,0
77,Legacy3,3,0.0000,0.0000,0.0000,0,0.00,0
77,Legacy3,4,0.0000,0.0000,0.0000,0,0.00,0
77,Legacy3,5,0.0000,0.0000,0.0000,0,0.00,0
77,Legacy3,6,0.0000,0.0000,0.0000,0,0.00,0
77,Legacy3,7,0.0000,0.0000,0.0000,0,0.00,0
77,Legacy3,8,0.0000,0.0000,0.0000,0,0.00,0
77,Legacy4,0,0.0000,0.0000,0.0000,0,0.00,0
77,Legacy4,1,0.0000,0.0000,0.0000,0,0.00,0
77,Legacy4,2,0.0000,0.0000,0.0000,0,0.00,0
77,Legacy4,3,0.0000,0.0000,0.0000,0,0.00,0
77,Legacy4,4,0.0000,0.0000,0.0000,0,0.00,0
77,Legacy4,5,0.0000,0.0000,0.0000,0,0.00,0
77,Legacy4,6,0.0000,0.0000,0.0000,0,0.00,0
77,Legacy4,7,0.0000,0.0000,0.0000,0,0.00,0
77,Legacy4,8,0.0000,0.0000,0.0000,0,0.00,0
77,Legacy5,0,0.0000,0.0000,0.0000,0,0.00,0
77,Legacy5,1,0.0000,0.0000,0.0000,0,0.00,0
77,Legacy5,2,0.0000,0.0000,0.0000,0,0.00,0
77,Legacy5,3,0.0000,0.0000,0.0000,0,0.00,0
77,Legacy5,4,0.0000,0.0000,0.0000,0,0.00,0
77,Legacy5,5,0.0000,0.0000,0.0000,0,0.00,0
77,Legacy5,6,0.0000,0.0000,0.0000,0,0.00,0
77,Legacy5,7,0.0000,0.0000,0.0000,0,0.00,0
77,Legacy5,8,0.0000,0.0000,0.0000,0,0.00,0
77,Legacy4BNB,0,0.0000,0.0000,0.0000,0,0.00,0
77,Legacy4BNB,1,0.0000,0.0000,0.0000,0,0.00,0
77,Legacy4BNB,2,0.0000,0.0000,0.0000,0,0.00,0
77,Legacy4BNB,3,0.0000,0.0000,0.0000,0,0.00,0
77,Legacy4BNB,4,0.0000,0.0000,0.0000,0,0.00,0
77,Legacy4BNB,5,0.0000,0.0000,0.0000,0,0.00,0
77,Legacy4BNB,6,0.0000,0.0000,0.0000,0,0.00,0
77,Legacy4BNB,7,0.0000,0.0000,0.0000,0,0.00,0
77,Legacy4BNB,8,0.0000,0.0000,0.0000,0,0.00,0
77,Legacy5BNB,0,0.0000,0.0000,0.0000,0,0.00,0
77,Legacy5BNB,1,0.0000,0.0000,0.0000,0,0.00,0
77,Legacy5BNB,2,0.0000,0.0000,0.0000,0,0.00,0
77,Legacy5BNB,3,0.0000,0.0000,0.0000,0,0.00,0
77,Legacy5BNB,4,0.0000,0.0000,0.0000,0,0.00,0
77,Legacy5BNB,5,0.0000,0.0000,0.0000,0,0.00,0
77,Legacy5BNB,6,0.0000,0.0000,0.0000,0,0.00,0
77,Legacy5BNB,7,0.0000,0.0000,0.0000,0,0.00,0
77,Legacy5BNB,8,0.0000,0.0000,0.0000,0,0.00,0
78,Base5,0,0.0000,0.0000,0.0000,0,0.00,0
78,Base5,1,0.0000,0.0000,0.0000,0,0.00,0
78,Base5,2,0.0000,0.0000,0.0000,0,0.00,0
78,Base5,3,0.0000,0.0000,0.0000,0,0.00,0
78,Base5,4,0.0000,0.0000,0.0000,0,0.00,0
78,Base5,5,0.0000,0.0000,0.0000,0,0.00,0
78,Base5,6,0.0000,0.0000,0.0000,0,0.00,0
78,Base5,7,0.0000,0.0000,0.0000,0,0.00,0
78,Base5,8,0.0000,0.0000,0.0000,0,0.00,0
78,NoDOGE,0,0.0000,0.0000,0.0000,0,0.00,0
78,NoDOGE,1,0.0000,0.0000,0.0000,0,0.00,0
78,NoDOGE,2,0.0000,0.0000,0.0000,0,0.00,0
78,NoDOGE,3,0.0000,0.0000,0.0000,0,0.00,0
78,NoDOGE,4,0.0000,0.0000,0.0000,0,0.00,0
78,NoDOGE,5,0.0000,0.0000,0.0000,0,0.00,0
78,NoDOGE,6,0.0000,0.0000,0.0000,0,0.00,0
78,NoDOGE,7,0.0000,0.0000,0.0000,0,0.00,0
78,NoDOGE,8,0.0000,0.0000,0.0000,0,0.00,0
78,LargeCaps5,0,0.0000,0.0000,0.0000,0,0.00,0
78,LargeCaps5,1,0.0000,0.0000,0.0000,0,0.00,0
78,LargeCaps5,2,0.0000,0.0000,0.0000,0,0.00,0
78,LargeCaps5,3,0.0000,0.0000,0.0000,0,0.00,0
78,LargeCaps5,4,0.0000,0.0000,0.0000,0,0.00,0
78,LargeCaps5,5,0.0000,0.0000,0.0000,0,0.00,0
78,LargeCaps5,6,0.0000,0.0000,0.0000,0,0.00,0
78,LargeCaps5,7,0.0000,0.0000,0.0000,0,0.00,0
78,LargeCaps5,8,0.0000,0.0000,0.0000,0,0.00,0
78,LowVolume5,0,0.0000,0.0000,0.0000,0,0.00,0
78,LowVolume5,1,0.0000,0.0000,0.0000,0,0.00,0
78,LowVolume5,2,0.0000,0.0000,0.0000,0,0.00,0
78,LowVolume5,3,0.0000,0.0000,0.0000,0,0.00,0
78,LowVolume5,4,0.0000,0.0000,0.0000,0,0.00,0
78,LowVolume5,5,0.0000,0.0000,0.0000,0,0.00,0
78,LowVolume5,6,0.0000,0.0000,0.0000,0,0.00,0
78,LowVolume5,7,0.0000,0.0000,0.0000,0,0.00,0
78,LowVolume5,8,0.0000,0.0000,0.0000,0,0.00,0
78,Legacy3,0,0.0000,0.0000,0.0000,0,0.00,0
78,Legacy3,1,0.0000,0.0000,0.0000,0,0.00,0
78,Legacy3,2,0.0000,0.0000,0.0000,0,0.00,0
78,Legacy3,3,0.0000,0.0000,0.0000,0,0.00,0
78,Legacy3,4,0.0000,0.0000,0.0000,0,0.00,0
78,Legacy3,5,0.0000,0.0000,0.0000,0,0.00,0
78,Legacy3,6,0.0000,0.0000,0.0000,0,0.00,0
78,Legacy3,7,0.0000,0.0000,0.0000,0,0.00,0
78,Legacy3,8,0.0000,0.0000,0.0000,0,0.00,0
78,Legacy4,0,0.0000,0.0000,0.0000,0,0.00,0
78,Legacy4,1,0.0000,0.0000,0.0000,0,0.00,0
78,Legacy4,2,0.0000,0.0000,0.0000,0,0.00,0
78,Legacy4,3,0.0000,0.0000,0.0000,0,0.00,0
78,Legacy4,4,0.0000,0.0000,0.0000,0,0.00,0
78,Legacy4,5,0.0000,0.0000,0.0000,0,0.00,0
78,Legacy4,6,0.0000,0.0000,0.0000,0,0.00,0
78,Legacy4,7,0.0000,0.0000,0.0000,0,0.00,0
78,Legacy4,8,0.0000,0.0000,0.0000,0,0.00,0
78,Legacy5,0,0.0000,0.0000,0.0000,0,0.00,0
78,Legacy5,1,0.0000,0.0000,0.0000,0,0.00,0
78,Legacy5,2,0.0000,0.0000,0.0000,0,0.00,0
78,Legacy5,3,0.0000,0.0000,0.0000,0,0.00,0
78,Legacy5,4,0.0000,0.0000,0.0000,0,0.00,0
78,Legacy5,5,0.0000,0.0000,0.0000,0,0.00,0
78,Legacy5,6,0.0000,0.0000,0.0000,0,0.00,0
78,Legacy5,7,0.0000,0.0000,0.0000,0,0.00,0
78,Legacy5,8,0.0000,0.0000,0.0000,0,0.00,0
78,Legacy4BNB,0,0.0000,0.0000,0.0000,0,0.00,0
78,Legacy4BNB,1,0.0000,0.0000,0.0000,0,0.00,0
78,Legacy4BNB,2,0.0000,0.0000,0.0000,0,0.00,0
78,Legacy4BNB,3,0.0000,0.0000,0.0000,0,0.00,0
78,Legacy4BNB,4,0.0000,0.0000,0.0000,0,0.00,0
78,Legacy4BNB,5,0.0000,0.0000,0.0000,0,0.00,0
78,Legacy4BNB,6,0.0000,0.0000,0.0000,0,0.00,0
78,Legacy4BNB,7,0.0000,0.0000,0.0000,0,0.00,0
78,Legacy4BNB,8,0.0000,0.0000,0.0000,0,0.00,0
78,Legacy5BNB,0,0.0000,0.0000,0.0000,0,0.00,0
78,Legacy5BNB,1,0.0000,0.0000,0.0000,0,0.00,0
78,Legacy5BNB,2,0.0000,0.0000,0.0000,0,0.00,0
78,Legacy5BNB,3,0.0000,0.0000,0.0000,0,0.00,0
78,Legacy5BNB,4,0.0000,0.0000,0.0000,0,0.00,0
78,Legacy5BNB,5,0.0000,0.0000,0.0000,0,0.00,0
78,Legacy5BNB,6,0.0000,0.0000,0.0000,0,0.00,0
78,Legacy5BNB,7,0.0000,0.0000,0.0000,0,0.00,0
78,Legacy5BNB,8,0.0000,0.0000,0.0000,0,0.00,0
79,Base5,0,0.0000,0.0000,0.0000,0,0.00,0
79,Base5,1,0.0000,0.0000,0.0000,0,0.00,0
79,Base5,2,0.0000,0.0000,0.0000,0,0.00,0
79,Base5,3,0.0000,0.0000,0.0000,0,0.00,0
79,Base5,4,0.0000,0.0000,0.0000,0,0.00,0
79,Base5,5,0.0000,0.0000,0.0000,0,0.00,0
79,Base5,6,0.0000,0.0000,0.0000,0,0.00,0
79,Base5,7,0.0000,0.0000,0.0000,0,0.00,0
79,Base5,8,0.0000,0.0000,0.0000,0,0.00,0
79,NoDOGE,0,0.0000,0.0000,0.0000,0,0.00,0
79,NoDOGE,1,0.0000,0.0000,0.0000,0,0.00,0
79,NoDOGE,2,0.0000,0.0000,0.0000,0,0.00,0
79,NoDOGE,3,0.0000,0.0000,0.0000,0,0.00,0
79,NoDOGE,4,0.0000,0.0000,0.0000,0,0.00,0
79,NoDOGE,5,0.0000,0.0000,0.0000,0,0.00,0
79,NoDOGE,6,0.0000,0.0000,0.0000,0,0.00,0
79,NoDOGE,7,0.0000,0.0000,0.0000,0,0.00,0
79,NoDOGE,8,0.0000,0.0000,0.0000,0,0.00,0
79,LargeCaps5,0,0.0000,0.0000,0.0000,0,0.00,0
79,LargeCaps5,1,0.0000,0.0000,0.0000,0,0.00,0
79,LargeCaps5,2,0.0000,0.0000,0.0000,0,0.00,0
79,LargeCaps5,3,0.0000,0.0000,0.0000,0,0.00,0
79,LargeCaps5,4,0.0000,0.0000,0.0000,0,0.00,0
79,LargeCaps5,5,0.0000,0.0000,0.0000,0,0.00,0
79,LargeCaps5,6,0.0000,0.0000,0.0000,0,0.00,0
79,LargeCaps5,7,0.0000,0.0000,0.0000,0,0.00,0
79,LargeCaps5,8,0.0000,0.0000,0.0000,0,0.00,0
79,LowVolume5,0,0.0000,0.0000,0.0000,0,0.00,0
79,LowVolume5,1,0.0000,0.0000,0.0000,0,0.00,0
79,LowVolume5,2,0.0000,0.0000,0.0000,0,0.00,0
79,LowVolume5,3,0.0000,0.0000,0.0000,0,0.00,0
79,LowVolume5,4,0.0000,0.0000,0.0000,0,0.00,0
79,LowVolume5,5,0.0000,0.0000,0.0000,0,0.00,0
79,LowVolume5,6,0.0000,0.0000,0.0000,0,0.00,0
79,LowVolume5,7,0.0000,0.0000,0.0000,0,0.00,0
79,LowVolume5,8,0.0000,0.0000,0.0000,0,0.00,0
79,Legacy3,0,0.0000,0.0000,0.0000,0,0.00,0
79,Legacy3,1,0.0000,0.0000,0.0000,0,0.00,0
79,Legacy3,2,0.0000,0.0000,0.0000,0,0.00,0
79,Legacy3,3,0.0000,0.0000,0.0000,0,0.00,0
79,Legacy3,4,0.0000,0.0000,0.0000,0,0.00,0
79,Legacy3,5,0.0000,0.0000,0.0000,0,0.00,0
79,Legacy3,6,0.0000,0.0000,0.0000,0,0.00,0
79,Legacy3,7,0.0000,0.0000,0.0000,0,0.00,0
79,Legacy3,8,0.0000,0.0000,0.0000,0,0.00,0
79,Legacy4,0,0.0000,0.0000,0.0000,0,0.00,0
79,Legacy4,1,0.0000,0.0000,0.0000,0,0.00,0
79,Legacy4,2,0.0000,0.0000,0.0000,0,0.00,0
79,Legacy4,3,0.0000,0.0000,0.0000,0,0.00,0
79,Legacy4,4,0.0000,0.0000,0.0000,0,0.00,0
79,Legacy4,5,0.0000,0.0000,0.0000,0,0.00,0
79,Legacy4,6,0.0000,0.0000,0.0000,0,0.00,0
79,Legacy4,7,0.0000,0.0000,0.0000,0,0.00,0
79,Legacy4,8,0.0000,0.0000,0.0000,0,0.00,0
79,Legacy5,0,0.0000,0.0000,0.0000,0,0.00,0
79,Legacy5,1,0.0000,0.0000,0.0000,0,0.00,0
79,Legacy5,2,0.0000,0.0000,0.0000,0,0.00,0
79,Legacy5,3,0.0000,0.0000,0.0000,0,0.00,0
79,Legacy5,4,0.0000,0.0000,0.0000,0,0.00,0
79,Legacy5,5,0.0000,0.0000,0.0000,0,0.00,0
79,Legacy5,6,0.0000,0.0000,0.0000,0,0.00,0
79,Legacy5,7,0.0000,0.0000,0.0000,0,0.00,0
79,Legacy5,8,0.0000,0.0000,0.0000,0,0.00,0
79,Legacy4BNB,0,0.0000,0.0000,0.0000,0,0.00,0
79,Legacy4BNB,1,0.0000,0.0000,0.0000,0,0.00,0
79,Legacy4BNB,2,0.0000,0.0000,0.0000,0,0.00,0
79,Legacy4BNB,3,0.0000,0.0000,0.0000,0,0.00,0
79,Legacy4BNB,4,0.0000,0.0000,0.0000,0,0.00,0
79,Legacy4BNB,5,0.0000,0.0000,0.0000,0,0.00,0
79,Legacy4BNB,6,0.0000,0.0000,0.0000,0,0.00,0
79,Legacy4BNB,7,0.0000,0.0000,0.0000,0,0.00,0
79,Legacy4BNB,8,0.0000,0.0000,0.0000,0,0.00,0
79,Legacy5BNB,0,0.0000,0.0000,0.0000,0,0.00,0
79,Legacy5BNB,1,0.0000,0.0000,0.0000,0,0.00,0
79,Legacy5BNB,2,0.0000,0.0000,0.0000,0,0.00,0
79,Legacy5BNB,3,0.0000,0.0000,0.0000,0,0.00,0
79,Legacy5BNB,4,0.0000,0.0000,0.0000,0,0.00,0
79,Legacy5BNB,5,0.0000,0.0000,0.0000,0,0.00,0
79,Legacy5BNB,6,0.0000,0.0000,0.0000,0,0.00,0
79,Legacy5BNB,7,0.0000,0.0000,0.0000,0,0.00,0
79,Legacy5BNB,8,0.0000,0.0000,0.0000,0,0.00,0
80,Base5,0,0.0000,0.0000,0.0000,0,0.00,0
80,Base5,1,0.0000,0.0000,0.0000,0,0.00,0
80,Base5,2,0.0000,0.0000,0.0000,0,0.00,0
80,Base5,3,0.0000,0.0000,0.0000,0,0.00,0
80,Base5,4,0.0000,0.0000,0.0000,0,0.00,0
80,Base5,5,0.0000,0.0000,0.0000,0,0.00,0
80,Base5,6,0.0000,0.0000,0.0000,0,0.00,0
80,Base5,7,0.0000,0.0000,0.0000,0,0.00,0
80,Base5,8,0.0000,0.0000,0.0000,0,0.00,0
80,NoDOGE,0,0.0000,0.0000,0.0000,0,0.00,0
80,NoDOGE,1,0.0000,0.0000,0.0000,0,0.00,0
80,NoDOGE,2,0.0000,0.0000,0.0000,0,0.00,0
80,NoDOGE,3,0.0000,0.0000,0.0000,0,0.00,0
80,NoDOGE,4,0.0000,0.0000,0.0000,0,0.00,0
80,NoDOGE,5,0.0000,0.0000,0.0000,0,0.00,0
80,NoDOGE,6,0.0000,0.0000,0.0000,0,0.00,0
80,NoDOGE,7,0.0000,0.0000,0.0000,0,0.00,0
80,NoDOGE,8,0.0000,0.0000,0.0000,0,0.00,0
80,LargeCaps5,0,0.0000,0.0000,0.0000,0,0.00,0
80,LargeCaps5,1,0.0000,0.0000,0.0000,0,0.00,0
80,LargeCaps5,2,0.0000,0.0000,0.0000,0,0.00,0
80,LargeCaps5,3,0.0000,0.0000,0.0000,0,0.00,0
80,LargeCaps5,4,0.0000,0.0000,0.0000,0,0.00,0
80,LargeCaps5,5,0.0000,0.0000,0.0000,0,0.00,0
80,LargeCaps5,6,0.0000,0.0000,0.0000,0,0.00,0
80,LargeCaps5,7,0.0000,0.0000,0.0000,0,0.00,0
80,LargeCaps5,8,0.0000,0.0000,0.0000,0,0.00,0
80,LowVolume5,0,0.0000,0.0000,0.0000,0,0.00,0
80,LowVolume5,1,0.0000,0.0000,0.0000,0,0.00,0
80,LowVolume5,2,0.0000,0.0000,0.0000,0,0.00,0
80,LowVolume5,3,0.0000,0.0000,0.0000,0,0.00,0
80,LowVolume5,4,0.0000,0.0000,0.0000,0,0.00,0
80,LowVolume5,5,0.0000,0.0000,0.0000,0,0.00,0
80,LowVolume5,6,0.0000,0.0000,0.0000,0,0.00,0
80,LowVolume5,7,0.0000,0.0000,0.0000,0,0.00,0
80,LowVolume5,8,0.0000,0.0000,0.0000,0,0.00,0
80,Legacy3,0,0.0000,0.0000,0.0000,0,0.00,0
80,Legacy3,1,0.0000,0.0000,0.0000,0,0.00,0
80,Legacy3,2,0.0000,0.0000,0.0000,0,0.00,0
80,Legacy3,3,0.0000,0.0000,0.0000,0,0.00,0
80,Legacy3,4,0.0000,0.0000,0.0000,0,0.00,0
80,Legacy3,5,0.0000,0.0000,0.0000,0,0.00,0
80,Legacy3,6,0.0000,0.0000,0.0000,0,0.00,0
80,Legacy3,7,0.0000,0.0000,0.0000,0,0.00,0
80,Legacy3,8,0.0000,0.0000,0.0000,0,0.00,0
80,Legacy4,0,0.0000,0.0000,0.0000,0,0.00,0
80,Legacy4,1,0.0000,0.0000,0.0000,0,0.00,0
80,Legacy4,2,0.0000,0.0000,0.0000,0,0.00,0
80,Legacy4,3,0.0000,0.0000,0.0000,0,0.00,0
80,Legacy4,4,0.0000,0.0000,0.0000,0,0.00,0
80,Legacy4,5,0.0000,0.0000,0.0000,0,0.00,0
80,Legacy4,6,0.0000,0.0000,0.0000,0,0.00,0
80,Legacy4,7,0.0000,0.0000,0.0000,0,0.00,0
80,Legacy4,8,0.0000,0.0000,0.0000,0,0.00,0
80,Legacy5,0,0.0000,0.0000,0.0000,0,0.00,0
80,Legacy5,1,0.0000,0.0000,0.0000,0,0.00,0
80,Legacy5,2,0.0000,0.0000,0.0000,0,0.00,0
80,Legacy5,3,0.0000,0.0000,0.0000,0,0.00,0
80,Legacy5,4,0.0000,0.0000,0.0000,0,0.00,0
80,Legacy5,5,0.0000,0.0000,0.0000,0,0.00,0
80,Legacy5,6,0.0000,0.0000,0.0000,0,0.00,0
80,Legacy5,7,0.0000,0.0000,0.0000,0,0.00,0
80,Legacy5,8,0.0000,0.0000,0.0000,0,0.00,0
80,Legacy4BNB,0,0.0000,0.0000,0.0000,0,0.00,0
80,Legacy4BNB,1,0.0000,0.0000,0.0000,0,0.00,0
80,Legacy4BNB,2,0.0000,0.0000,0.0000,0,0.00,0
80,Legacy4BNB,3,0.0000,0.0000,0.0000,0,0.00,0
80,Legacy4BNB,4,0.0000,0.0000,0.0000,0,0.00,0
80,Legacy4BNB,5,0.0000,0.0000,0.0000,0,0.00,0
80,Legacy4BNB,6,0.0000,0.0000,0.0000,0,0.00,0
80,Legacy4BNB,7,0.0000,0.0000,0.0000,0,0.00,0
80,Legacy4BNB,8,0.0000,0.0000,0.0000,0,0.00,0
80,Legacy5BNB,0,0.0000,0.0000,0.0000,0,0.00,0
80,Legacy5BNB,1,0.0000,0.0000,0.0000,0,0.00,0
80,Legacy5BNB,2,0.0000,0.0000,0.0000,0,0.00,0
80,Legacy5BNB,3,0.0000,0.0000,0.0000,0,0.00,0
80,Legacy5BNB,4,0.0000,0.0000,0.0000,0,0.00,0
80,Legacy5BNB,5,0.0000,0.0000,0.0000,0,0.00,0
80,Legacy5BNB,6,0.0000,0.0000,0.0000,0,0.00,0
80,Legacy5BNB,7,0.0000,0.0000,0.0000,0,0.00,0
80,Legacy5BNB,8,0.0000,0.0000,0.0000,0,0.00,0
81,Base5,0,0.0000,0.0000,0.0000,0,0.00,0
81,Base5,1,0.0000,0.0000,0.0000,0,0.00,0
81,Base5,2,0.0000,0.0000,0.0000,0,0.00,0
81,Base5,3,0.0000,0.0000,0.0000,0,0.00,0
81,Base5,4,0.0000,0.0000,0.0000,0,0.00,0
81,Base5,5,0.0000,0.0000,0.0000,0,0.00,0
81,Base5,6,0.0000,0.0000,0.0000,0,0.00,0
81,Base5,7,0.0000,0.0000,0.0000,0,0.00,0
81,Base5,8,0.0000,0.0000,0.0000,0,0.00,0
81,NoDOGE,0,0.0000,0.0000,0.0000,0,0.00,0
81,NoDOGE,1,0.0000,0.0000,0.0000,0,0.00,0
81,NoDOGE,2,0.0000,0.0000,0.0000,0,0.00,0
81,NoDOGE,3,0.0000,0.0000,0.0000,0,0.00,0
81,NoDOGE,4,0.0000,0.0000,0.0000,0,0.00,0
81,NoDOGE,5,0.0000,0.0000,0.0000,0,0.00,0
81,NoDOGE,6,0.0000,0.0000,0.0000,0,0.00,0
81,NoDOGE,7,0.0000,0.0000,0.0000,0,0.00,0
81,NoDOGE,8,0.0000,0.0000,0.0000,0,0.00,0
81,LargeCaps5,0,0.0000,0.0000,0.0000,0,0.00,0
81,LargeCaps5,1,0.0000,0.0000,0.0000,0,0.00,0
81,LargeCaps5,2,0.0000,0.0000,0.0000,0,0.00,0
81,LargeCaps5,3,0.0000,0.0000,0.0000,0,0.00,0
81,LargeCaps5,4,0.0000,0.0000,0.0000,0,0.00,0
81,LargeCaps5,5,0.0000,0.0000,0.0000,0,0.00,0
81,LargeCaps5,6,0.0000,0.0000,0.0000,0,0.00,0
81,LargeCaps5,7,0.0000,0.0000,0.0000,0,0.00,0
81,LargeCaps5,8,0.0000,0.0000,0.0000,0,0.00,0
81,LowVolume5,0,0.0000,0.0000,0.0000,0,0.00,0
81,LowVolume5,1,0.0000,0.0000,0.0000,0,0.00,0
81,LowVolume5,2,0.0000,0.0000,0.0000,0,0.00,0
81,LowVolume5,3,0.0000,0.0000,0.0000,0,0.00,0
81,LowVolume5,4,0.0000,0.0000,0.0000,0,0.00,0
81,LowVolume5,5,0.0000,0.0000,0.0000,0,0.00,0
81,LowVolume5,6,0.0000,0.0000,0.0000,0,0.00,0
81,LowVolume5,7,0.0000,0.0000,0.0000,0,0.00,0
81,LowVolume5,8,0.0000,0.0000,0.0000,0,0.00,0
81,Legacy3,0,0.0000,0.0000,0.0000,0,0.00,0
81,Legacy3,1,0.0000,0.0000,0.0000,0,0.00,0
81,Legacy3,2,0.0000,0.0000,0.0000,0,0.00,0
81,Legacy3,3,0.0000,0.0000,0.0000,0,0.00,0
81,Legacy3,4,0.0000,0.0000,0.0000,0,0.00,0
81,Legacy3,5,0.0000,0.0000,0.0000,0,0.00,0
81,Legacy3,6,0.0000,0.0000,0.0000,0,0.00,0
81,Legacy3,7,0.0000,0.0000,0.0000,0,0.00,0
81,Legacy3,8,0.0000,0.0000,0.0000,0,0.00,0
81,Legacy4,0,0.0000,0.0000,0.0000,0,0.00,0
81,Legacy4,1,0.0000,0.0000,0.0000,0,0.00,0
81,Legacy4,2,0.0000,0.0000,0.0000,0,0.00,0
81,Legacy4,3,0.0000,0.0000,0.0000,0,0.00,0
81,Legacy4,4,0.0000,0.0000,0.0000,0,0.00,0
81,Legacy4,5,0.0000,0.0000,0.0000,0,0.00,0
81,Legacy4,6,0.0000,0.0000,0.0000,0,0.00,0
81,Legacy4,7,0.0000,0.0000,0.0000,0,0.00,0
81,Legacy4,8,0.0000,0.0000,0.0000,0,0.00,0
81,Legacy5,0,0.0000,0.0000,0.0000,0,0.00,0
81,Legacy5,1,0.0000,0.0000,0.0000,0,0.00,0
81,Legacy5,2,0.0000,0.0000,0.0000,0,0.00,0
81,Legacy5,3,0.0000,0.0000,0.0000,0,0.00,0
81,Legacy5,4,0.0000,0.0000,0.0000,0,0.00,0
81,Legacy5,5,0.0000,0.0000,0.0000,0,0.00,0
81,Legacy5,6,0.0000,0.0000,0.0000,0,0.00,0
81,Legacy5,7,0.0000,0.0000,0.0000,0,0.00,0
81,Legacy5,8,0.0000,0.0000,0.0000,0,0.00,0
81,Legacy4BNB,0,0.0000,0.0000,0.0000,0,0.00,0
81,Legacy4BNB,1,0.0000,0.0000,0.0000,0,0.00,0
81,Legacy4BNB,2,0.0000,0.0000,0.0000,0,0.00,0
81,Legacy4BNB,3,0.0000,0.0000,0.0000,0,0.00,0
81,Legacy4BNB,4,0.0000,0.0000,0.0000,0,0.00,0
81,Legacy4BNB,5,0.0000,0.0000,0.0000,0,0.00,0
81,Legacy4BNB,6,0.0000,0.0000,0.0000,0,0.00,0
81,Legacy4BNB,7,0.0000,0.0000,0.0000,0,0.00,0
81,Legacy4BNB,8,0.0000,0.0000,0.0000,0,0.00,0
81,Legacy5BNB,0,0.0000,0.0000,0.0000,0,0.00,0
81,Legacy5BNB,1,0.0000,0.0000,0.0000,0,0.00,0
81,Legacy5BNB,2,0.0000,0.0000,0.0000,0,0.00,0
81,Legacy5BNB,3,0.0000,0.0000,0.0000,0,0.00,0
81,Legacy5BNB,4,0.0000,0.0000,0.0000,0,0.00,0
81,Legacy5BNB,5,0.0000,0.0000,0.0000,0,0.00,0
81,Legacy5BNB,6,0.0000,0.0000,0.0000,0,0.00,0
81,Legacy5BNB,7,0.0000,0.0000,0.0000,0,0.00,0
81,Legacy5BNB,8,0.0000,0.0000,0.0000,0,0.00,0
82,Base5,0,0.0000,0.0000,0.0000,0,0.00,0
82,Base5,1,0.0000,0.0000,0.0000,0,0.00,0
82,Base5,2,0.0000,0.0000,0.0000,0,0.00,0
82,Base5,3,0.0000,0.0000,0.0000,0,0.00,0
82,Base5,4,0.0000,0.0000,0.0000,0,0.00,0
82,Base5,5,0.0000,0.0000,0.0000,0,0.00,0
82,Base5,6,0.0000,0.0000,0.0000,0,0.00,0
82,Base5,7,0.0000,0.0000,0.0000,0,0.00,0
82,Base5,8,0.0000,0.0000,0.0000,0,0.00,0
82,NoDOGE,0,0.0000,0.0000,0.0000,0,0.00,0
82,NoDOGE,1,0.0000,0.0000,0.0000,0,0.00,0
82,NoDOGE,2,0.0000,0.0000,0.0000,0,0.00,0
82,NoDOGE,3,0.0000,0.0000,0.0000,0,0.00,0
82,NoDOGE,4,0.0000,0.0000,0.0000,0,0.00,0
82,NoDOGE,5,0.0000,0.0000,0.0000,0,0.00,0
82,NoDOGE,6,0.0000,0.0000,0.0000,0,0.00,0
82,NoDOGE,7,0.0000,0.0000,0.0000,0,0.00,0
82,NoDOGE,8,0.0000,0.0000,0.0000,0,0.00,0
82,LargeCaps5,0,0.0000,0.0000,0.0000,0,0.00,0
82,LargeCaps5,1,0.0000,0.0000,0.0000,0,0.00,0
82,LargeCaps5,2,0.0000,0.0000,0.0000,0,0.00,0
82,LargeCaps5,3,0.0000,0.0000,0.0000,0,0.00,0
82,LargeCaps5,4,0.0000,0.0000,0.0000,0,0.00,0
82,LargeCaps5,5,0.0000,0.0000,0.0000,0,0.00,0
82,LargeCaps5,6,0.0000,0.0000,0.0000,0,0.00,0
82,LargeCaps5,7,0.0000,0.0000,0.0000,0,0.00,0
82,LargeCaps5,8,0.0000,0.0000,0.0000,0,0.00,0
82,LowVolume5,0,0.0000,0.0000,0.0000,0,0.00,0
82,LowVolume5,1,0.0000,0.0000,0.0000,0,0.00,0
82,LowVolume5,2,0.0000,0.0000,0.0000,0,0.00,0
82,LowVolume5,3,0.0000,0.0000,0.0000,0,0.00,0
82,LowVolume5,4,0.0000,0.0000,0.0000,0,0.00,0
82,LowVolume5,5,0.0000,0.0000,0.0000,0,0.00,0
82,LowVolume5,6,0.0000,0.0000,0.0000,0,0.00,0
82,LowVolume5,7,0.0000,0.0000,0.0000,0,0.00,0
82,LowVolume5,8,0.0000,0.0000,0.0000,0,0.00,0
82,Legacy3,0,0.0000,0.0000,0.0000,0,0.00,0
82,Legacy3,1,0.0000,0.0000,0.0000,0,0.00,0
82,Legacy3,2,0.0000,0.0000,0.0000,0,0.00,0
82,Legacy3,3,0.0000,0.0000,0.0000,0,0.00,0
82,Legacy3,4,0.0000,0.0000,0.0000,0,0.00,0
82,Legacy3,5,0.0000,0.0000,0.0000,0,0.00,0
82,Legacy3,6,0.0000,0.0000,0.0000,0,0.00,0
82,Legacy3,7,0.0000,0.0000,0.0000,0,0.00,0
82,Legacy3,8,0.0000,0.0000,0.0000,0,0.00,0
82,Legacy4,0,0.0000,0.0000,0.0000,0,0.00,0
82,Legacy4,1,0.0000,0.0000,0.0000,0,0.00,0
82,Legacy4,2,0.0000,0.0000,0.0000,0,0.00,0
82,Legacy4,3,0.0000,0.0000,0.0000,0,0.00,0
82,Legacy4,4,0.0000,0.0000,0.0000,0,0.00,0
82,Legacy4,5,0.0000,0.0000,0.0000,0,0.00,0
82,Legacy4,6,0.0000,0.0000,0.0000,0,0.00,0
82,Legacy4,7,0.0000,0.0000,0.0000,0,0.00,0
82,Legacy4,8,0.0000,0.0000,0.0000,0,0.00,0
82,Legacy5,0,0.0000,0.0000,0.0000,0,0.00,0
82,Legacy5,1,0.0000,0.0000,0.0000,0,0.00,0
82,Legacy5,2,0.0000,0.0000,0.0000,0,0.00,0
82,Legacy5,3,0.0000,0.0000,0.0000,0,0.00,0
82,Legacy5,4,0.0000,0.0000,0.0000,0,0.00,0
82,Legacy5,5,0.0000,0.0000,0.0000,0,0.00,0
82,Legacy5,6,0.0000,0.0000,0.0000,0,0.00,0
82,Legacy5,7,0.0000,0.0000,0.0000,0,0.00,0
82,Legacy5,8,0.0000,0.0000,0.0000,0,0.00,0
82,Legacy4BNB,0,0.0000,0.0000,0.0000,0,0.00,0
82,Legacy4BNB,1,0.0000,0.0000,0.0000,0,0.00,0
82,Legacy4BNB,2,0.0000,0.0000,0.0000,0,0.00,0
82,Legacy4BNB,3,0.0000,0.0000,0.0000,0,0.00,0
82,Legacy4BNB,4,0.0000,0.0000,0.0000,0,0.00,0
82,Legacy4BNB,5,0.0000,0.0000,0.0000,0,0.00,0
82,Legacy4BNB,6,0.0000,0.0000,0.0000,0,0.00,0
82,Legacy4BNB,7,0.0000,0.0000,0.0000,0,0.00,0
82,Legacy4BNB,8,0.0000,0.0000,0.0000,0,0.00,0
82,Legacy5BNB,0,0.0000,0.0000,0.0000,0,0.00,0
82,Legacy5BNB,1,0.0000,0.0000,0.0000,0,0.00,0
82,Legacy5BNB,2,0.0000,0.0000,0.0000,0,0.00,0
82,Legacy5BNB,3,0.0000,0.0000,0.0000,0,0.00,0
82,Legacy5BNB,4,0.0000,0.0000,0.0000,0,0.00,0
82,Legacy5BNB,5,0.0000,0.0000,0.0000,0,0.00,0
82,Legacy5BNB,6,0.0000,0.0000,0.0000,0,0.00,0
82,Legacy5BNB,7,0.0000,0.0000,0.0000,0,0.00,0
82,Legacy5BNB,8,0.0000,0.0000,0.0000,0,0.00,0
83,Base5,0,0.0000,0.0000,0.0000,0,0.00,0
83,Base5,1,0.0000,0.0000,0.0000,0,0.00,0
83,Base5,2,0.0000,0.0000,0.0000,0,0.00,0
83,Base5,3,0.0000,0.0000,0.0000,0,0.00,0
83,Base5,4,0.0000,0.0000,0.0000,0,0.00,0
83,Base5,5,0.0000,0.0000,0.0000,0,0.00,0
83,Base5,6,0.0000,0.0000,0.0000,0,0.00,0
83,Base5,7,0.0000,0.0000,0.0000,0,0.00,0
83,Base5,8,0.0000,0.0000,0.0000,0,0.00,0
83,NoDOGE,0,0.0000,0.0000,0.0000,0,0.00,0
83,NoDOGE,1,0.0000,0.0000,0.0000,0,0.00,0
83,NoDOGE,2,0.0000,0.0000,0.0000,0,0.00,0
83,NoDOGE,3,0.0000,0.0000,0.0000,0,0.00,0
83,NoDOGE,4,0.0000,0.0000,0.0000,0,0.00,0
83,NoDOGE,5,0.0000,0.0000,0.0000,0,0.00,0
83,NoDOGE,6,0.0000,0.0000,0.0000,0,0.00,0
83,NoDOGE,7,0.0000,0.0000,0.0000,0,0.00,0
83,NoDOGE,8,0.0000,0.0000,0.0000,0,0.00,0
83,LargeCaps5,0,0.0000,0.0000,0.0000,0,0.00,0
83,LargeCaps5,1,0.0000,0.0000,0.0000,0,0.00,0
83,LargeCaps5,2,0.0000,0.0000,0.0000,0,0.00,0
83,LargeCaps5,3,0.0000,0.0000,0.0000,0,0.00,0
83,LargeCaps5,4,0.0000,0.0000,0.0000,0,0.00,0
83,LargeCaps5,5,0.0000,0.0000,0.0000,0,0.00,0
83,LargeCaps5,6,0.0000,0.0000,0.0000,0,0.00,0
83,LargeCaps5,7,0.0000,0.0000,0.0000,0,0.00,0
83,LargeCaps5,8,0.0000,0.0000,0.0000,0,0.00,0
83,LowVolume5,0,0.0000,0.0000,0.0000,0,0.00,0
83,LowVolume5,1,0.0000,0.0000,0.0000,0,0.00,0
83,LowVolume5,2,0.0000,0.0000,0.0000,0,0.00,0
83,LowVolume5,3,0.0000,0.0000,0.0000,0,0.00,0
83,LowVolume5,4,0.0000,0.0000,0.0000,0,0.00,0
83,LowVolume5,5,0.0000,0.0000,0.0000,0,0.00,0
83,LowVolume5,6,0.0000,0.0000,0.0000,0,0.00,0
83,LowVolume5,7,0.0000,0.0000,0.0000,0,0.00,0
83,LowVolume5,8,0.0000,0.0000,0.0000,0,0.00,0
83,Legacy3,0,0.0000,0.0000,0.0000,0,0.00,0
83,Legacy3,1,0.0000,0.0000,0.0000,0,0.00,0
83,Legacy3,2,0.0000,0.0000,0.0000,0,0.00,0
83,Legacy3,3,0.0000,0.0000,0.0000,0,0.00,0
83,Legacy3,4,0.0000,0.0000,0.0000,0,0.00,0
83,Legacy3,5,0.0000,0.0000,0.0000,0,0.00,0
83,Legacy3,6,0.0000,0.0000,0.0000,0,0.00,0
83,Legacy3,7,0.0000,0.0000,0.0000,0,0.00,0
83,Legacy3,8,0.0000,0.0000,0.0000,0,0.00,0
83,Legacy4,0,0.0000,0.0000,0.0000,0,0.00,0
83,Legacy4,1,0.0000,0.0000,0.0000,0,0.00,0
83,Legacy4,2,0.0000,0.0000,0.0000,0,0.00,0
83,Legacy4,3,0.0000,0.0000,0.0000,0,0.00,0
83,Legacy4,4,0.0000,0.0000,0.0000,0,0.00,0
83,Legacy4,5,0.0000,0.0000,0.0000,0,0.00,0
83,Legacy4,6,0.0000,0.0000,0.0000,0,0.00,0
83,Legacy4,7,0.0000,0.0000,0.0000,0,0.00,0
83,Legacy4,8,0.0000,0.0000,0.0000,0,0.00,0
83,Legacy5,0,0.0000,0.0000,0.0000,0,0.00,0
83,Legacy5,1,0.0000,0.0000,0.0000,0,0.00,0
83,Legacy5,2,0.0000,0.0000,0.0000,0,0.00,0
83,Legacy5,3,0.0000,0.0000,0.0000,0,0.00,0
83,Legacy5,4,0.0000,0.0000,0.0000,0,0.00,0
83,Legacy5,5,0.0000,0.0000,0.0000,0,0.00,0
83,Legacy5,6,0.0000,0.0000,0.0000,0,0.00,0
83,Legacy5,7,0.0000,0.0000,0.0000,0,0.00,0
83,Legacy5,8,0.0000,0.0000,0.0000,0,0.00,0
83,Legacy4BNB,0,0.0000,0.0000,0.0000,0,0.00,0
83,Legacy4BNB,1,0.0000,0.0000,0.0000,0,0.00,0
83,Legacy4BNB,2,0.0000,0.0000,0.0000,0,0.00,0
83,Legacy4BNB,3,0.0000,0.0000,0.0000,0,0.00,0
83,Legacy4BNB,4,0.0000,0.0000,0.0000,0,0.00,0
83,Legacy4BNB,5,0.0000,0.0000,0.0000,0,0.00,0
83,Legacy4BNB,6,0.0000,0.0000,0.0000,0,0.00,0
83,Legacy4BNB,7,0.0000,0.0000,0.0000,0,0.00,0
83,Legacy4BNB,8,0.0000,0.0000,0.0000,0,0.00,0
83,Legacy5BNB,0,0.0000,0.0000,0.0000,0,0.00,0
83,Legacy5BNB,1,0.0000,0.0000,0.0000,0,0.00,0
83,Legacy5BNB,2,0.0000,0.0000,0.0000,0,0.00,0
83,Legacy5BNB,3,0.0000,0.0000,0.0000,0,0.00,0
83,Legacy5BNB,4,0.0000,0.0000,0.0000,0,0.00,0
83,Legacy5BNB,5,0.0000,0.0000,0.0000,0,0.00,0
83,Legacy5BNB,6,0.0000,0.0000,0.0000,0,0.00,0
83,Legacy5BNB,7,0.0000,0.0000,0.0000,0,0.00,0
83,Legacy5BNB,8,0.0000,0.0000,0.0000,0,0.00,0
84,Base5,0,0.0000,0.0000,0.0000,0,0.00,0
84,Base5,1,0.0000,0.0000,0.0000,0,0.00,0
84,Base5,2,0.0000,0.0000,0.0000,0,0.00,0
84,Base5,3,0.0000,0.0000,0.0000,0,0.00,0
84,Base5,4,0.0000,0.0000,0.0000,0,0.00,0
84,Base5,5,0.0000,0.0000,0.0000,0,0.00,0
84,Base5,6,0.0000,0.0000,0.0000,0,0.00,0
84,Base5,7,0.0000,0.0000,0.0000,0,0.00,0
84,Base5,8,0.0000,0.0000,0.0000,0,0.00,0
84,NoDOGE,0,0.0000,0.0000,0.0000,0,0.00,0
84,NoDOGE,1,0.0000,0.0000,0.0000,0,0.00,0
84,NoDOGE,2,0.0000,0.0000,0.0000,0,0.00,0
84,NoDOGE,3,0.0000,0.0000,0.0000,0,0.00,0
84,NoDOGE,4,0.0000,0.0000,0.0000,0,0.00,0
84,NoDOGE,5,0.0000,0.0000,0.0000,0,0.00,0
84,NoDOGE,6,0.0000,0.0000,0.0000,0,0.00,0
84,NoDOGE,7,0.0000,0.0000,0.0000,0,0.00,0
84,NoDOGE,8,0.0000,0.0000,0.0000,0,0.00,0
84,LargeCaps5,0,0.0000,0.0000,0.0000,0,0.00,0
84,LargeCaps5,1,0.0000,0.0000,0.0000,0,0.00,0
84,LargeCaps5,2,0.0000,0.0000,0.0000,0,0.00,0
84,LargeCaps5,3,0.0000,0.0000,0.0000,0,0.00,0
84,LargeCaps5,4,0.0000,0.0000,0.0000,0,0.00,0
84,LargeCaps5,5,0.0000,0.0000,0.0000,0,0.00,0
84,LargeCaps5,6,0.0000,0.0000,0.0000,0,0.00,0
84,LargeCaps5,7,0.0000,0.0000,0.0000,0,0.00,0
84,LargeCaps5,8,0.0000,0.0000,0.0000,0,0.00,0
84,LowVolume5,0,0.0000,0.0000,0.0000,0,0.00,0
84,LowVolume5,1,0.0000,0.0000,0.0000,0,0.00,0
84,LowVolume5,2,0.0000,0.0000,0.0000,0,0.00,0
84,LowVolume5,3,0.0000,0.0000,0.0000,0,0.00,0
84,LowVolume5,4,0.0000,0.0000,0.0000,0,0.00,0
84,LowVolume5,5,0.0000,0.0000,0.0000,0,0.00,0
84,LowVolume5,6,0.0000,0.0000,0.0000,0,0.00,0
84,LowVolume5,7,0.0000,0.0000,0.0000,0,0.00,0
84,LowVolume5,8,0.0000,0.0000,0.0000,0,0.00,0
84,Legacy3,0,0.0000,0.0000,0.0000,0,0.00,0
84,Legacy3,1,0.0000,0.0000,0.0000,0,0.00,0
84,Legacy3,2,0.0000,0.0000,0.0000,0,0.00,0
84,Legacy3,3,0.0000,0.0000,0.0000,0,0.00,0
84,Legacy3,4,0.0000,0.0000,0.0000,0,0.00,0
84,Legacy3,5,0.0000,0.0000,0.0000,0,0.00,0
84,Legacy3,6,0.0000,0.0000,0.0000,0,0.00,0
84,Legacy3,7,0.0000,0.0000,0.0000,0,0.00,0
84,Legacy3,8,0.0000,0.0000,0.0000,0,0.00,0
84,Legacy4,0,0.0000,0.0000,0.0000,0,0.00,0
84,Legacy4,1,0.0000,0.0000,0.0000,0,0.00,0
84,Legacy4,2,0.0000,0.0000,0.0000,0,0.00,0
84,Legacy4,3,0.0000,0.0000,0.0000,0,0.00,0
84,Legacy4,4,0.0000,0.0000,0.0000,0,0.00,0
84,Legacy4,5,0.0000,0.0000,0.0000,0,0.00,0
84,Legacy4,6,0.0000,0.0000,0.0000,0,0.00,0
84,Legacy4,7,0.0000,0.0000,0.0000,0,0.00,0
84,Legacy4,8,0.0000,0.0000,0.0000,0,0.00,0
84,Legacy5,0,0.0000,0.0000,0.0000,0,0.00,0
84,Legacy5,1,0.0000,0.0000,0.0000,0,0.00,0
84,Legacy5,2,0.0000,0.0000,0.0000,0,0.00,0
84,Legacy5,3,0.0000,0.0000,0.0000,0,0.00,0
84,Legacy5,4,0.0000,0.0000,0.0000,0,0.00,0
84,Legacy5,5,0.0000,0.0000,0.0000,0,0.00,0
84,Legacy5,6,0.0000,0.0000,0.0000,0,0.00,0
84,Legacy5,7,0.0000,0.0000,0.0000,0,0.00,0
84,Legacy5,8,0.0000,0.0000,0.0000,0,0.00,0
84,Legacy4BNB,0,0.0000,0.0000,0.0000,0,0.00,0
84,Legacy4BNB,1,0.0000,0.0000,0.0000,0,0.00,0
84,Legacy4BNB,2,0.0000,0.0000,0.0000,0,0.00,0
84,Legacy4BNB,3,0.0000,0.0000,0.0000,0,0.00,0
84,Legacy4BNB,4,0.0000,0.0000,0.0000,0,0.00,0
84,Legacy4BNB,5,0.0000,0.0000,0.0000,0,0.00,0
84,Legacy4BNB,6,0.0000,0.0000,0.0000,0,0.00,0
84,Legacy4BNB,7,0.0000,0.0000,0.0000,0,0.00,0
84,Legacy4BNB,8,0.0000,0.0000,0.0000,0,0.00,0
84,Legacy5BNB,0,0.0000,0.0000,0.0000,0,0.00,0
84,Legacy5BNB,1,0.0000,0.0000,0.0000,0,0.00,0
84,Legacy5BNB,2,0.0000,0.0000,0.0000,0,0.00,0
84,Legacy5BNB,3,0.0000,0.0000,0.0000,0,0.00,0
84,Legacy5BNB,4,0.0000,0.0000,0.0000,0,0.00,0
84,Legacy5BNB,5,0.0000,0.0000,0.0000,0,0.00,0
84,Legacy5BNB,6,0.0000,0.0000,0.0000,0,0.00,0
84,Legacy5BNB,7,0.0000,0.0000,0.0000,0,0.00,0
84,Legacy5BNB,8,0.0000,0.0000,0.0000,0,0.00,0
85,Base5,0,0.0000,0.0000,0.0000,0,0.00,0
85,Base5,1,0.0000,0.0000,0.0000,0,0.00,0
85,Base5,2,0.0000,0.0000,0.0000,0,0.00,0
85,Base5,3,0.0000,0.0000,0.0000,0,0.00,0
85,Base5,4,0.0000,0.0000,0.0000,0,0.00,0
85,Base5,5,0.0000,0.0000,0.0000,0,0.00,0
85,Base5,6,0.0000,0.0000,0.0000,0,0.00,0
85,Base5,7,0.0000,0.0000,0.0000,0,0.00,0
85,Base5,8,0.0000,0.0000,0.0000,0,0.00,0
85,NoDOGE,0,0.0000,0.0000,0.0000,0,0.00,0
85,NoDOGE,1,0.0000,0.0000,0.0000,0,0.00,0
85,NoDOGE,2,0.0000,0.0000,0.0000,0,0.00,0
85,NoDOGE,3,0.0000,0.0000,0.0000,0,0.00,0
85,NoDOGE,4,0.0000,0.0000,0.0000,0,0.00,0
85,NoDOGE,5,0.0000,0.0000,0.0000,0,0.00,0
85,NoDOGE,6,0.0000,0.0000,0.0000,0,0.00,0
85,NoDOGE,7,0.0000,0.0000,0.0000,0,0.00,0
85,NoDOGE,8,0.0000,0.0000,0.0000,0,0.00,0
85,LargeCaps5,0,0.0000,0.0000,0.0000,0,0.00,0
85,LargeCaps5,1,0.0000,0.0000,0.0000,0,0.00,0
85,LargeCaps5,2,0.0000,0.0000,0.0000,0,0.00,0
85,LargeCaps5,3,0.0000,0.0000,0.0000,0,0.00,0
85,LargeCaps5,4,0.0000,0.0000,0.0000,0,0.00,0
85,LargeCaps5,5,0.0000,0.0000,0.0000,0,0.00,0
85,LargeCaps5,6,0.0000,0.0000,0.0000,0,0.00,0
85,LargeCaps5,7,0.0000,0.0000,0.0000,0,0.00,0
85,LargeCaps5,8,0.0000,0.0000,0.0000,0,0.00,0
85,LowVolume5,0,0.0000,0.0000,0.0000,0,0.00,0
85,LowVolume5,1,0.0000,0.0000,0.0000,0,0.00,0
85,LowVolume5,2,0.0000,0.0000,0.0000,0,0.00,0
85,LowVolume5,3,0.0000,0.0000,0.0000,0,0.00,0
85,LowVolume5,4,0.0000,0.0000,0.0000,0,0.00,0
85,LowVolume5,5,0.0000,0.0000,0.0000,0,0.00,0
85,LowVolume5,6,0.0000,0.0000,0.0000,0,0.00,0
85,LowVolume5,7,0.0000,0.0000,0.0000,0,0.00,0
85,LowVolume5,8,0.0000,0.0000,0.0000,0,0.00,0
85,Legacy3,0,0.0000,0.0000,0.0000,0,0.00,0
85,Legacy3,1,0.0000,0.0000,0.0000,0,0.00,0
85,Legacy3,2,0.0000,0.0000,0.0000,0,0.00,0
85,Legacy3,3,0.0000,0.0000,0.0000,0,0.00,0
85,Legacy3,4,0.0000,0.0000,0.0000,0,0.00,0
85,Legacy3,5,0.0000,0.0000,0.0000,0,0.00,0
85,Legacy3,6,0.0000,0.0000,0.0000,0,0.00,0
85,Legacy3,7,0.0000,0.0000,0.0000,0,0.00,0
85,Legacy3,8,0.0000,0.0000,0.0000,0,0.00,0
85,Legacy4,0,0.0000,0.0000,0.0000,0,0.00,0
85,Legacy4,1,0.0000,0.0000,0.0000,0,0.00,0
85,Legacy4,2,0.0000,0.0000,0.0000,0,0.00,0
85,Legacy4,3,0.0000,0.0000,0.0000,0,0.00,0
85,Legacy4,4,0.0000,0.0000,0.0000,0,0.00,0
85,Legacy4,5,0.0000,0.0000,0.0000,0,0.00,0
85,Legacy4,6,0.0000,0.0000,0.0000,0,0.00,0
85,Legacy4,7,0.0000,0.0000,0.0000,0,0.00,0
85,Legacy4,8,0.0000,0.0000,0.0000,0,0.00,0
85,Legacy5,0,0.0000,0.0000,0.0000,0,0.00,0
85,Legacy5,1,0.0000,0.0000,0.0000,0,0.00,0
85,Legacy5,2,0.0000,0.0000,0.0000,0,0.00,0
85,Legacy5,3,0.0000,0.0000,0.0000,0,0.00,0
85,Legacy5,4,0.0000,0.0000,0.0000,0,0.00,0
85,Legacy5,5,0.0000,0.0000,0.0000,0,0.00,0
85,Legacy5,6,0.0000,0.0000,0.0000,0,0.00,0
85,Legacy5,7,0.0000,0.0000,0.0000,0,0.00,0
85,Legacy5,8,0.0000,0.0000,0.0000,0,0.00,0
85,Legacy4BNB,0,0.0000,0.0000,0.0000,0,0.00,0
85,Legacy4BNB,1,0.0000,0.0000,0.0000,0,0.00,0
85,Legacy4BNB,2,0.0000,0.0000,0.0000,0,0.00,0
85,Legacy4BNB,3,0.0000,0.0000,0.0000,0,0.00,0
85,Legacy4BNB,4,0.0000,0.0000,0.0000,0,0.00,0
85,Legacy4BNB,5,0.0000,0.0000,0.0000,0,0.00,0
85,Legacy4BNB,6,0.0000,0.0000,0.0000,0,0.00,0
85,Legacy4BNB,7,0.0000,0.0000,0.0000,0,0.00,0
85,Legacy4BNB,8,0.0000,0.0000,0.0000,0,0.00,0
85,Legacy5BNB,0,0.0000,0.0000,0.0000,0,0.00,0
85,Legacy5BNB,1,0.0000,0.0000,0.0000,0,0.00,0
85,Legacy5BNB,2,0.0000,0.0000,0.0000,0,0.00,0
85,Legacy5BNB,3,0.0000,0.0000,0.0000,0,0.00,0
85,Legacy5BNB,4,0.0000,0.0000,0.0000,0,0.00,0
85,Legacy5BNB,5,0.0000,0.0000,0.0000,0,0.00,0
85,Legacy5BNB,6,0.0000,0.0000,0.0000,0,0.00,0
85,Legacy5BNB,7,0.0000,0.0000,0.0000,0,0.00,0
85,Legacy5BNB,8,0.0000,0.0000,0.0000,0,0.00,0
86,Base5,0,0.0000,0.0000,0.0000,0,0.00,0
86,Base5,1,0.0000,0.0000,0.0000,0,0.00,0
86,Base5,2,0.0000,0.0000,0.0000,0,0.00,0
86,Base5,3,0.0000,0.0000,0.0000,0,0.00,0
86,Base5,4,0.0000,0.0000,0.0000,0,0.00,0
86,Base5,5,0.0000,0.0000,0.0000,0,0.00,0
86,Base5,6,0.0000,0.0000,0.0000,0,0.00,0
86,Base5,7,0.0000,0.0000,0.0000,0,0.00,0
86,Base5,8,0.0000,0.0000,0.0000,0,0.00,0
86,NoDOGE,0,0.0000,0.0000,0.0000,0,0.00,0
86,NoDOGE,1,0.0000,0.0000,0.0000,0,0.00,0
86,NoDOGE,2,0.0000,0.0000,0.0000,0,0.00,0
86,NoDOGE,3,0.0000,0.0000,0.0000,0,0.00,0
86,NoDOGE,4,0.0000,0.0000,0.0000,0,0.00,0
86,NoDOGE,5,0.0000,0.0000,0.0000,0,0.00,0
86,NoDOGE,6,0.0000,0.0000,0.0000,0,0.00,0
86,NoDOGE,7,0.0000,0.0000,0.0000,0,0.00,0
86,NoDOGE,8,0.0000,0.0000,0.0000,0,0.00,0
86,LargeCaps5,0,0.0000,0.0000,0.0000,0,0.00,0
86,LargeCaps5,1,0.0000,0.0000,0.0000,0,0.00,0
86,LargeCaps5,2,0.0000,0.0000,0.0000,0,0.00,0
86,LargeCaps5,3,0.0000,0.0000,0.0000,0,0.00,0
86,LargeCaps5,4,0.0000,0.0000,0.0000,0,0.00,0
86,LargeCaps5,5,0.0000,0.0000,0.0000,0,0.00,0
86,LargeCaps5,6,0.0000,0.0000,0.0000,0,0.00,0
86,LargeCaps5,7,0.0000,0.0000,0.0000,0,0.00,0
86,LargeCaps5,8,0.0000,0.0000,0.0000,0,0.00,0
86,LowVolume5,0,0.0000,0.0000,0.0000,0,0.00,0
86,LowVolume5,1,0.0000,0.0000,0.0000,0,0.00,0
86,LowVolume5,2,0.0000,0.0000,0.0000,0,0.00,0
86,LowVolume5,3,0.0000,0.0000,0.0000,0,0.00,0
86,LowVolume5,4,0.0000,0.0000,0.0000,0,0.00,0
86,LowVolume5,5,0.0000,0.0000,0.0000,0,0.00,0
86,LowVolume5,6,0.0000,0.0000,0.0000,0,0.00,0
86,LowVolume5,7,0.0000,0.0000,0.0000,0,0.00,0
86,LowVolume5,8,0.0000,0.0000,0.0000,0,0.00,0
86,Legacy3,0,0.0000,0.0000,0.0000,0,0.00,0
86,Legacy3,1,0.0000,0.0000,0.0000,0,0.00,0
86,Legacy3,2,0.0000,0.0000,0.0000,0,0.00,0
86,Legacy3,3,0.0000,0.0000,0.0000,0,0.00,0
86,Legacy3,4,0.0000,0.0000,0.0000,0,0.00,0
86,Legacy3,5,0.0000,0.0000,0.0000,0,0.00,0
86,Legacy3,6,0.0000,0.0000,0.0000,0,0.00,0
86,Legacy3,7,0.0000,0.0000,0.0000,0,0.00,0
86,Legacy3,8,0.0000,0.0000,0.0000,0,0.00,0
86,Legacy4,0,0.0000,0.0000,0.0000,0,0.00,0
86,Legacy4,1,0.0000,0.0000,0.0000,0,0.00,0
86,Legacy4,2,0.0000,0.0000,0.0000,0,0.00,0
86,Legacy4,3,0.0000,0.0000,0.0000,0,0.00,0
86,Legacy4,4,0.0000,0.0000,0.0000,0,0.00,0
86,Legacy4,5,0.0000,0.0000,0.0000,0,0.00,0
86,Legacy4,6,0.0000,0.0000,0.0000,0,0.00,0
86,Legacy4,7,0.0000,0.0000,0.0000,0,0.00,0
86,Legacy4,8,0.0000,0.0000,0.0000,0,0.00,0
86,Legacy5,0,0.0000,0.0000,0.0000,0,0.00,0
86,Legacy5,1,0.0000,0.0000,0.0000,0,0.00,0
86,Legacy5,2,0.0000,0.0000,0.0000,0,0.00,0
86,Legacy5,3,0.0000,0.0000,0.0000,0,0.00,0
86,Legacy5,4,0.0000,0.0000,0.0000,0,0.00,0
86,Legacy5,5,0.0000,0.0000,0.0000,0,0.00,0
86,Legacy5,6,0.0000,0.0000,0.0000,0,0.00,0
86,Legacy5,7,0.0000,0.0000,0.0000,0,0.00,0
86,Legacy5,8,0.0000,0.0000,0.0000,0,0.00,0
86,Legacy4BNB,0,0.0000,0.0000,0.0000,0,0.00,0
86,Legacy4BNB,1,0.0000,0.0000,0.0000,0,0.00,0
86,Legacy4BNB,2,0.0000,0.0000,0.0000,0,0.00,0
86,Legacy4BNB,3,0.0000,0.0000,0.0000,0,0.00,0
86,Legacy4BNB,4,0.0000,0.0000,0.0000,0,0.00,0
86,Legacy4BNB,5,0.0000,0.0000,0.0000,0,0.00,0
86,Legacy4BNB,6,0.0000,0.0000,0.0000,0,0.00,0
86,Legacy4BNB,7,0.0000,0.0000,0.0000,0,0.00,0
86,Legacy4BNB,8,0.0000,0.0000,0.0000,0,0.00,0
86,Legacy5BNB,0,0.0000,0.0000,0.0000,0,0.00,0
86,Legacy5BNB,1,0.0000,0.0000,0.0000,0,0.00,0
86,Legacy5BNB,2,0.0000,0.0000,0.0000,0,0.00,0
86,Legacy5BNB,3,0.0000,0.0000,0.0000,0,0.00,0
86,Legacy5BNB,4,0.0000,0.0000,0.0000,0,0.00,0
86,Legacy5BNB,5,0.0000,0.0000,0.0000,0,0.00,0
86,Legacy5BNB,6,0.0000,0.0000,0.0000,0,0.00,0
86,Legacy5BNB,7,0.0000,0.0000,0.0000,0,0.00,0
86,Legacy5BNB,8,0.0000,0.0000,0.0000,0,0.00,0
87,Base5,0,0.0000,0.0000,0.0000,0,0.00,0
87,Base5,1,0.0000,0.0000,0.0000,0,0.00,0
87,Base5,2,0.0000,0.0000,0.0000,0,0.00,0
87,Base5,3,0.0000,0.0000,0.0000,0,0.00,0
87,Base5,4,0.0000,0.0000,0.0000,0,0.00,0
87,Base5,5,0.0000,0.0000,0.0000,0,0.00,0
87,Base5,6,0.0000,0.0000,0.0000,0,0.00,0
87,Base5,7,0.0000,0.0000,0.0000,0,0.00,0
87,Base5,8,0.0000,0.0000,0.0000,0,0.00,0
87,NoDOGE,0,0.0000,0.0000,0.0000,0,0.00,0
87,NoDOGE,1,0.0000,0.0000,0.0000,0,0.00,0
87,NoDOGE,2,0.0000,0.0000,0.0000,0,0.00,0
87,NoDOGE,3,0.0000,0.0000,0.0000,0,0.00,0
87,NoDOGE,4,0.0000,0.0000,0.0000,0,0.00,0
87,NoDOGE,5,0.0000,0.0000,0.0000,0,0.00,0
87,NoDOGE,6,0.0000,0.0000,0.0000,0,0.00,0
87,NoDOGE,7,0.0000,0.0000,0.0000,0,0.00,0
87,NoDOGE,8,0.0000,0.0000,0.0000,0,0.00,0
87,LargeCaps5,0,0.0000,0.0000,0.0000,0,0.00,0
87,LargeCaps5,1,0.0000,0.0000,0.0000,0,0.00,0
87,LargeCaps5,2,0.0000,0.0000,0.0000,0,0.00,0
87,LargeCaps5,3,0.0000,0.0000,0.0000,0,0.00,0
87,LargeCaps5,4,0.0000,0.0000,0.0000,0,0.00,0
87,LargeCaps5,5,0.0000,0.0000,0.0000,0,0.00,0
87,LargeCaps5,6,0.0000,0.0000,0.0000,0,0.00,0
87,LargeCaps5,7,0.0000,0.0000,0.0000,0,0.00,0
87,LargeCaps5,8,0.0000,0.0000,0.0000,0,0.00,0
87,LowVolume5,0,0.0000,0.0000,0.0000,0,0.00,0
87,LowVolume5,1,0.0000,0.0000,0.0000,0,0.00,0
87,LowVolume5,2,0.0000,0.0000,0.0000,0,0.00,0
87,LowVolume5,3,0.0000,0.0000,0.0000,0,0.00,0
87,LowVolume5,4,0.0000,0.0000,0.0000,0,0.00,0
87,LowVolume5,5,0.0000,0.0000,0.0000,0,0.00,0
87,LowVolume5,6,0.0000,0.0000,0.0000,0,0.00,0
87,LowVolume5,7,0.0000,0.0000,0.0000,0,0.00,0
87,LowVolume5,8,0.0000,0.0000,0.0000,0,0.00,0
87,Legacy3,0,0.0000,0.0000,0.0000,0,0.00,0
87,Legacy3,1,0.0000,0.0000,0.0000,0,0.00,0
87,Legacy3,2,0.0000,0.0000,0.0000,0,0.00,0
87,Legacy3,3,0.0000,0.0000,0.0000,0,0.00,0
87,Legacy3,4,0.0000,0.0000,0.0000,0,0.00,0
87,Legacy3,5,0.0000,0.0000,0.0000,0,0.00,0
87,Legacy3,6,0.0000,0.0000,0.0000,0,0.00,0
87,Legacy3,7,0.0000,0.0000,0.0000,0,0.00,0
87,Legacy3,8,0.0000,0.0000,0.0000,0,0.00,0
87,Legacy4,0,0.0000,0.0000,0.0000,0,0.00,0
87,Legacy4,1,0.0000,0.0000,0.0000,0,0.00,0
87,Legacy4,2,0.0000,0.0000,0.0000,0,0.00,0
87,Legacy4,3,0.0000,0.0000,0.0000,0,0.00,0
87,Legacy4,4,0.0000,0.0000,0.0000,0,0.00,0
87,Legacy4,5,0.0000,0.0000,0.0000,0,0.00,0
87,Legacy4,6,0.0000,0.0000,0.0000,0,0.00,0
87,Legacy4,7,0.0000,0.0000,0.0000,0,0.00,0
87,Legacy4,8,0.0000,0.0000,0.0000,0,0.00,0
87,Legacy5,0,0.0000,0.0000,0.0000,0,0.00,0
87,Legacy5,1,0.0000,0.0000,0.0000,0,0.00,0
87,Legacy5,2,0.0000,0.0000,0.0000,0,0.00,0
87,Legacy5,3,0.0000,0.0000,0.0000,0,0.00,0
87,Legacy5,4,0.0000,0.0000,0.0000,0,0.00,0
87,Legacy5,5,0.0000,0.0000,0.0000,0,0.00,0
87,Legacy5,6,0.0000,0.0000,0.0000,0,0.00,0
87,Legacy5,7,0.0000,0.0000,0.0000,0,0.00,0
87,Legacy5,8,0.0000,0.0000,0.0000,0,0.00,0
87,Legacy4BNB,0,0.0000,0.0000,0.0000,0,0.00,0
87,Legacy4BNB,1,0.0000,0.0000,0.0000,0,0.00,0
87,Legacy4BNB,2,0.0000,0.0000,0.0000,0,0.00,0
87,Legacy4BNB,3,0.0000,0.0000,0.0000,0,0.00,0
87,Legacy4BNB,4,0.0000,0.0000,0.0000,0,0.00,0
87,Legacy4BNB,5,0.0000,0.0000,0.0000,0,0.00,0
87,Legacy4BNB,6,0.0000,0.0000,0.0000,0,0.00,0
87,Legacy4BNB,7,0.0000,0.0000,0.0000,0,0.00,0
87,Legacy4BNB,8,0.0000,0.0000,0.0000,0,0.00,0
87,Legacy5BNB,0,0.0000,0.0000,0.0000,0,0.00,0
87,Legacy5BNB,1,0.0000,0.0000,0.0000,0,0.00,0
87,Legacy5BNB,2,0.0000,0.0000,0.0000,0,0.00,0
87,Legacy5BNB,3,0.0000,0.0000,0.0000,0,0.00,0
87,Legacy5BNB,4,0.0000,0.0000,0.0000,0,0.00,0
87,Legacy5BNB,5,0.0000,0.0000,0.0000,0,0.00,0
87,Legacy5BNB,6,0.0000,0.0000,0.0000,0,0.00,0
87,Legacy5BNB,7,0.0000,0.0000,0.0000,0,0.00,0
87,Legacy5BNB,8,0.0000,0.0000,0.0000,0,0.00,0
88,Base5,0,0.0000,0.0000,0.0000,0,0.00,0
88,Base5,1,0.0000,0.0000,0.0000,0,0.00,0
88,Base5,2,0.0000,0.0000,0.0000,0,0.00,0
88,Base5,3,0.0000,0.0000,0.0000,0,0.00,0
88,Base5,4,0.0000,0.0000,0.0000,0,0.00,0
88,Base5,5,0.0000,0.0000,0.0000,0,0.00,0
88,Base5,6,0.0000,0.0000,0.0000,0,0.00,0
88,Base5,7,0.0000,0.0000,0.0000,0,0.00,0
88,Base5,8,0.0000,0.0000,0.0000,0,0.00,0
88,NoDOGE,0,0.0000,0.0000,0.0000,0,0.00,0
88,NoDOGE,1,0.0000,0.0000,0.0000,0,0.00,0
88,NoDOGE,2,0.0000,0.0000,0.0000,0,0.00,0
88,NoDOGE,3,0.0000,0.0000,0.0000,0,0.00,0
88,NoDOGE,4,0.0000,0.0000,0.0000,0,0.00,0
88,NoDOGE,5,0.0000,0.0000,0.0000,0,0.00,0
88,NoDOGE,6,0.0000,0.0000,0.0000,0,0.00,0
88,NoDOGE,7,0.0000,0.0000,0.0000,0,0.00,0
88,NoDOGE,8,0.0000,0.0000,0.0000,0,0.00,0
88,LargeCaps5,0,0.0000,0.0000,0.0000,0,0.00,0
88,LargeCaps5,1,0.0000,0.0000,0.0000,0,0.00,0
88,LargeCaps5,2,0.0000,0.0000,0.0000,0,0.00,0
88,LargeCaps5,3,0.0000,0.0000,0.0000,0,0.00,0
88,LargeCaps5,4,0.0000,0.0000,0.0000,0,0.00,0
88,LargeCaps5,5,0.0000,0.0000,0.0000,0,0.00,0
88,LargeCaps5,6,0.0000,0.0000,0.0000,0,0.00,0
88,LargeCaps5,7,0.0000,0.0000,0.0000,0,0.00,0
88,LargeCaps5,8,0.0000,0.0000,0.0000,0,0.00,0
88,LowVolume5,0,0.0000,0.0000,0.0000,0,0.00,0
88,LowVolume5,1,0.0000,0.0000,0.0000,0,0.00,0
88,LowVolume5,2,0.0000,0.0000,0.0000,0,0.00,0
88,LowVolume5,3,0.0000,0.0000,0.0000,0,0.00,0
88,LowVolume5,4,0.0000,0.0000,0.0000,0,0.00,0
88,LowVolume5,5,0.0000,0.0000,0.0000,0,0.00,0
88,LowVolume5,6,0.0000,0.0000,0.0000,0,0.00,0
88,LowVolume5,7,0.0000,0.0000,0.0000,0,0.00,0
88,LowVolume5,8,0.0000,0.0000,0.0000,0,0.00,0
88,Legacy3,0,0.0000,0.0000,0.0000,0,0.00,0
88,Legacy3,1,0.0000,0.0000,0.0000,0,0.00,0
88,Legacy3,2,0.0000,0.0000,0.0000,0,0.00,0
88,Legacy3,3,0.0000,0.0000,0.0000,0,0.00,0
88,Legacy3,4,0.0000,0.0000,0.0000,0,0.00,0
88,Legacy3,5,0.0000,0.0000,0.0000,0,0.00,0
88,Legacy3,6,0.0000,0.0000,0.0000,0,0.00,0
88,Legacy3,7,0.0000,0.0000,0.0000,0,0.00,0
88,Legacy3,8,0.0000,0.0000,0.0000,0,0.00,0
88,Legacy4,0,0.0000,0.0000,0.0000,0,0.00,0
88,Legacy4,1,0.0000,0.0000,0.0000,0,0.00,0
88,Legacy4,2,0.0000,0.0000,0.0000,0,0.00,0
88,Legacy4,3,0.0000,0.0000,0.0000,0,0.00,0
88,Legacy4,4,0.0000,0.0000,0.0000,0,0.00,0
88,Legacy4,5,0.0000,0.0000,0.0000,0,0.00,0
88,Legacy4,6,0.0000,0.0000,0.0000,0,0.00,0
88,Legacy4,7,0.0000,0.0000,0.0000,0,0.00,0
88,Legacy4,8,0.0000,0.0000,0.0000,0,0.00,0
88,Legacy5,0,0.0000,0.0000,0.0000,0,0.00,0
88,Legacy5,1,0.0000,0.0000,0.0000,0,0.00,0
88,Legacy5,2,0.0000,0.0000,0.0000,0,0.00,0
88,Legacy5,3,0.0000,0.0000,0.0000,0,0.00,0
88,Legacy5,4,0.0000,0.0000,0.0000,0,0.00,0
88,Legacy5,5,0.0000,0.0000,0.0000,0,0.00,0
88,Legacy5,6,0.0000,0.0000,0.0000,0,0.00,0
88,Legacy5,7,0.0000,0.0000,0.0000,0,0.00,0
88,Legacy5,8,0.0000,0.0000,0.0000,0,0.00,0
88,Legacy4BNB,0,0.0000,0.0000,0.0000,0,0.00,0
88,Legacy4BNB,1,0.0000,0.0000,0.0000,0,0.00,0
88,Legacy4BNB,2,0.0000,0.0000,0.0000,0,0.00,0
88,Legacy4BNB,3,0.0000,0.0000,0.0000,0,0.00,0
88,Legacy4BNB,4,0.0000,0.0000,0.0000,0,0.00,0
88,Legacy4BNB,5,0.0000,0.0000,0.0000,0,0.00,0
88,Legacy4BNB,6,0.0000,0.0000,0.0000,0,0.00,0
88,Legacy4BNB,7,0.0000,0.0000,0.0000,0,0.00,0
88,Legacy4BNB,8,0.0000,0.0000,0.0000,0,0.00,0
88,Legacy5BNB,0,0.0000,0.0000,0.0000,0,0.00,0
88,Legacy5BNB,1,0.0000,0.0000,0.0000,0,0.00,0
88,Legacy5BNB,2,0.0000,0.0000,0.0000,0,0.00,0
88,Legacy5BNB,3,0.0000,0.0000,0.0000,0,0.00,0
88,Legacy5BNB,4,0.0000,0.0000,0.0000,0,0.00,0
88,Legacy5BNB,5,0.0000,0.0000,0.0000,0,0.00,0
88,Legacy5BNB,6,0.0000,0.0000,0.0000,0,0.00,0
88,Legacy5BNB,7,0.0000,0.0000,0.0000,0,0.00,0
88,Legacy5BNB,8,0.0000,0.0000,0.0000,0,0.00,0
89,Base5,0,0.0000,0.0000,0.0000,0,0.00,0
89,Base5,1,0.0000,0.0000,0.0000,0,0.00,0
89,Base5,2,0.0000,0.0000,0.0000,0,0.00,0
89,Base5,3,0.0000,0.0000,0.0000,0,0.00,0
89,Base5,4,0.0000,0.0000,0.0000,0,0.00,0
89,Base5,5,0.0000,0.0000,0.0000,0,0.00,0
89,Base5,6,0.0000,0.0000,0.0000,0,0.00,0
89,Base5,7,0.0000,0.0000,0.0000,0,0.00,0
89,Base5,8,0.0000,0.0000,0.0000,0,0.00,0
89,NoDOGE,0,0.0000,0.0000,0.0000,0,0.00,0
89,NoDOGE,1,0.0000,0.0000,0.0000,0,0.00,0
89,NoDOGE,2,0.0000,0.0000,0.0000,0,0.00,0
89,NoDOGE,3,0.0000,0.0000,0.0000,0,0.00,0
89,NoDOGE,4,0.0000,0.0000,0.0000,0,0.00,0
89,NoDOGE,5,0.0000,0.0000,0.0000,0,0.00,0
89,NoDOGE,6,0.0000,0.0000,0.0000,0,0.00,0
89,NoDOGE,7,0.0000,0.0000,0.0000,0,0.00,0
89,NoDOGE,8,0.0000,0.0000,0.0000,0,0.00,0
89,LargeCaps5,0,0.0000,0.0000,0.0000,0,0.00,0
89,LargeCaps5,1,0.0000,0.0000,0.0000,0,0.00,0
89,LargeCaps5,2,0.0000,0.0000,0.0000,0,0.00,0
89,LargeCaps5,3,0.0000,0.0000,0.0000,0,0.00,0
89,LargeCaps5,4,0.0000,0.0000,0.0000,0,0.00,0
89,LargeCaps5,5,0.0000,0.0000,0.0000,0,0.00,0
89,LargeCaps5,6,0.0000,0.0000,0.0000,0,0.00,0
89,LargeCaps5,7,0.0000,0.0000,0.0000,0,0.00,0
89,LargeCaps5,8,0.0000,0.0000,0.0000,0,0.00,0
89,LowVolume5,0,0.0000,0.0000,0.0000,0,0.00,0
89,LowVolume5,1,0.0000,0.0000,0.0000,0,0.00,0
89,LowVolume5,2,0.0000,0.0000,0.0000,0,0.00,0
89,LowVolume5,3,0.0000,0.0000,0.0000,0,0.00,0
89,LowVolume5,4,0.0000,0.0000,0.0000,0,0.00,0
89,LowVolume5,5,0.0000,0.0000,0.0000,0,0.00,0
89,LowVolume5,6,0.0000,0.0000,0.0000,0,0.00,0
89,LowVolume5,7,0.0000,0.0000,0.0000,0,0.00,0
89,LowVolume5,8,0.0000,0.0000,0.0000,0,0.00,0
89,Legacy3,0,0.0000,0.0000,0.0000,0,0.00,0
89,Legacy3,1,0.0000,0.0000,0.0000,0,0.00,0
89,Legacy3,2,0.0000,0.0000,0.0000,0,0.00,0
89,Legacy3,3,0.0000,0.0000,0.0000,0,0.00,0
89,Legacy3,4,0.0000,0.0000,0.0000,0,0.00,0
89,Legacy3,5,0.0000,0.0000,0.0000,0,0.00,0
89,Legacy3,6,0.0000,0.0000,0.0000,0,0.00,0
89,Legacy3,7,0.0000,0.0000,0.0000,0,0.00,0
89,Legacy3,8,0.0000,0.0000,0.0000,0,0.00,0
89,Legacy4,0,0.0000,0.0000,0.0000,0,0.00,0
89,Legacy4,1,0.0000,0.0000,0.0000,0,0.00,0
89,Legacy4,2,0.0000,0.0000,0.0000,0,0.00,0
89,Legacy4,3,0.0000,0.0000,0.0000,0,0.00,0
89,Legacy4,4,0.0000,0.0000,0.0000,0,0.00,0
89,Legacy4,5,0.0000,0.0000,0.0000,0,0.00,0
89,Legacy4,6,0.0000,0.0000,0.0000,0,0.00,0
89,Legacy4,7,0.0000,0.0000,0.0000,0,0.00,0
89,Legacy4,8,0.0000,0.0000,0.0000,0,0.00,0
89,Legacy5,0,0.0000,0.0000,0.0000,0,0.00,0
89,Legacy5,1,0.0000,0.0000,0.0000,0,0.00,0
89,Legacy5,2,0.0000,0.0000,0.0000,0,0.00,0
89,Legacy5,3,0.0000,0.0000,0.0000,0,0.00,0
89,Legacy5,4,0.0000,0.0000,0.0000,0,0.00,0
89,Legacy5,5,0.0000,0.0000,0.0000,0,0.00,0
89,Legacy5,6,0.0000,0.0000,0.0000,0,0.00,0
89,Legacy5,7,0.0000,0.0000,0.0000,0,0.00,0
89,Legacy5,8,0.0000,0.0000,0.0000,0,0.00,0
89,Legacy4BNB,0,0.0000,0.0000,0.0000,0,0.00,0
89,Legacy4BNB,1,0.0000,0.0000,0.0000,0,0.00,0
89,Legacy4BNB,2,0.0000,0.0000,0.0000,0,0.00,0
89,Legacy4BNB,3,0.0000,0.0000,0.0000,0,0.00,0
89,Legacy4BNB,4,0.0000,0.0000,0.0000,0,0.00,0
89,Legacy4BNB,5,0.0000,0.0000,0.0000,0,0.00,0
89,Legacy4BNB,6,0.0000,0.0000,0.0000,0,0.00,0
89,Legacy4BNB,7,0.0000,0.0000,0.0000,0,0.00,0
89,Legacy4BNB,8,0.0000,0.0000,0.0000,0,0.00,0
89,Legacy5BNB,0,0.0000,0.0000,0.0000,0,0.00,0
89,Legacy5BNB,1,0.0000,0.0000,0.0000,0,0.00,0
89,Legacy5BNB,2,0.0000,0.0000,0.0000,0,0.00,0
89,Legacy5BNB,3,0.0000,0.0000,0.0000,0,0.00,0
89,Legacy5BNB,4,0.0000,0.0000,0.0000,0,0.00,0
89,Legacy5BNB,5,0.0000,0.0000,0.0000,0,0.00,0
89,Legacy5BNB,6,0.0000,0.0000,0.0000,0,0.00,0
89,Legacy5BNB,7,0.0000,0.0000,0.0000,0,0.00,0
89,Legacy5BNB,8,0.0000,0.0000,0.0000,0,0.00,0
90,Base5,0,0.0000,0.0000,0.0000,0,0.00,0
90,Base5,1,0.0000,0.0000,0.0000,0,0.00,0
90,Base5,2,0.0000,0.0000,0.0000,0,0.00,0
90,Base5,3,0.0000,0.0000,0.0000,0,0.00,0
90,Base5,4,0.0000,0.0000,0.0000,0,0.00,0
90,Base5,5,0.0000,0.0000,0.0000,0,0.00,0
90,Base5,6,0.0000,0.0000,0.0000,0,0.00,0
90,Base5,7,0.0000,0.0000,0.0000,0,0.00,0
90,Base5,8,0.0000,0.0000,0.0000,0,0.00,0
90,NoDOGE,0,0.0000,0.0000,0.0000,0,0.00,0
90,NoDOGE,1,0.0000,0.0000,0.0000,0,0.00,0
90,NoDOGE,2,0.0000,0.0000,0.0000,0,0.00,0
90,NoDOGE,3,0.0000,0.0000,0.0000,0,0.00,0
90,NoDOGE,4,0.0000,0.0000,0.0000,0,0.00,0
90,NoDOGE,5,0.0000,0.0000,0.0000,0,0.00,0
90,NoDOGE,6,0.0000,0.0000,0.0000,0,0.00,0
90,NoDOGE,7,0.0000,0.0000,0.0000,0,0.00,0
90,NoDOGE,8,0.0000,0.0000,0.0000,0,0.00,0
90,LargeCaps5,0,0.0000,0.0000,0.0000,0,0.00,0
90,LargeCaps5,1,0.0000,0.0000,0.0000,0,0.00,0
90,LargeCaps5,2,0.0000,0.0000,0.0000,0,0.00,0
90,LargeCaps5,3,0.0000,0.0000,0.0000,0,0.00,0
90,LargeCaps5,4,0.0000,0.0000,0.0000,0,0.00,0
90,LargeCaps5,5,0.0000,0.0000,0.0000,0,0.00,0
90,LargeCaps5,6,0.0000,0.0000,0.0000,0,0.00,0
90,LargeCaps5,7,0.0000,0.0000,0.0000,0,0.00,0
90,LargeCaps5,8,0.0000,0.0000,0.0000,0,0.00,0
90,LowVolume5,0,0.0000,0.0000,0.0000,0,0.00,0
90,LowVolume5,1,0.0000,0.0000,0.0000,0,0.00,0
90,LowVolume5,2,0.0000,0.0000,0.0000,0,0.00,0
90,LowVolume5,3,0.0000,0.0000,0.0000,0,0.00,0
90,LowVolume5,4,0.0000,0.0000,0.0000,0,0.00,0
90,LowVolume5,5,0.0000,0.0000,0.0000,0,0.00,0
90,LowVolume5,6,0.0000,0.0000,0.0000,0,0.00,0
90,LowVolume5,7,0.0000,0.0000,0.0000,0,0.00,0
90,LowVolume5,8,0.0000,0.0000,0.0000,0,0.00,0
90,Legacy3,0,0.0000,0.0000,0.0000,0,0.00,0
90,Legacy3,1,0.0000,0.0000,0.0000,0,0.00,0
90,Legacy3,2,0.0000,0.0000,0.0000,0,0.00,0
90,Legacy3,3,0.0000,0.0000,0.0000,0,0.00,0
90,Legacy3,4,0.0000,0.0000,0.0000,0,0.00,0
90,Legacy3,5,0.0000,0.0000,0.0000,0,0.00,0
90,Legacy3,6,0.0000,0.0000,0.0000,0,0.00,0
90,Legacy3,7,0.0000,0.0000,0.0000,0,0.00,0
90,Legacy3,8,0.0000,0.0000,0.0000,0,0.00,0
90,Legacy4,0,0.0000,0.0000,0.0000,0,0.00,0
90,Legacy4,1,0.0000,0.0000,0.0000,0,0.00,0
90,Legacy4,2,0.0000,0.0000,0.0000,0,0.00,0
90,Legacy4,3,0.0000,0.0000,0.0000,0,0.00,0
90,Legacy4,4,0.0000,0.0000,0.0000,0,0.00,0
90,Legacy4,5,0.0000,0.0000,0.0000,0,0.00,0
90,Legacy4,6,0.0000,0.0000,0.0000,0,0.00,0
90,Legacy4,7,0.0000,0.0000,0.0000,0,0.00,0
90,Legacy4,8,0.0000,0.0000,0.0000,0,0.00,0
90,Legacy5,0,0.0000,0.0000,0.0000,0,0.00,0
90,Legacy5,1,0.0000,0.0000,0.0000,0,0.00,0
90,Legacy5,2,0.0000,0.0000,0.0000,0,0.00,0
90,Legacy5,3,0.0000,0.0000,0.0000,0,0.00,0
90,Legacy5,4,0.0000,0.0000,0.0000,0,0.00,0
90,Legacy5,5,0.0000,0.0000,0.0000,0,0.00,0
90,Legacy5,6,0.0000,0.0000,0.0000,0,0.00,0
90,Legacy5,7,0.0000,0.0000,0.0000,0,0.00,0
90,Legacy5,8,0.0000,0.0000,0.0000,0,0.00,0
90,Legacy4BNB,0,0.0000,0.0000,0.0000,0,0.00,0
90,Legacy4BNB,1,0.0000,0.0000,0.0000,0,0.00,0
90,Legacy4BNB,2,0.0000,0.0000,0.0000,0,0.00,0
90,Legacy4BNB,3,0.0000,0.0000,0.0000,0,0.00,0
90,Legacy4BNB,4,0.0000,0.0000,0.0000,0,0.00,0
90,Legacy4BNB,5,0.0000,0.0000,0.0000,0,0.00,0
90,Legacy4BNB,6,0.0000,0.0000,0.0000,0,0.00,0
90,Legacy4BNB,7,0.0000,0.0000,0.0000,0,0.00,0
90,Legacy4BNB,8,0.0000,0.0000,0.0000,0,0.00,0
90,Legacy5BNB,0,0.0000,0.0000,0.0000,0,0.00,0
90,Legacy5BNB,1,0.0000,0.0000,0.0000,0,0.00,0
90,Legacy5BNB,2,0.0000,0.0000,0.0000,0,0.00,0
90,Legacy5BNB,3,0.0000,0.0000,0.0000,0,0.00,0
90,Legacy5BNB,4,0.0000,0.0000,0.0000,0,0.00,0
90,Legacy5BNB,5,0.0000,0.0000,0.0000,0,0.00,0
90,Legacy5BNB,6,0.0000,0.0000,0.0000,0,0.00,0
90,Legacy5BNB,7,0.0000,0.0000,0.0000,0,0.00,0
90,Legacy5BNB,8,0.0000,0.0000,0.0000,0,0.00,0
91,Base5,0,0.0000,0.0000,0.0000,0,0.00,0
91,Base5,1,0.0000,0.0000,0.0000,0,0.00,0
91,Base5,2,0.0000,0.0000,0.0000,0,0.00,0
91,Base5,3,0.0000,0.0000,0.0000,0,0.00,0
91,Base5,4,0.0000,0.0000,0.0000,0,0.00,0
91,Base5,5,0.0000,0.0000,0.0000,0,0.00,0
91,Base5,6,0.0000,0.0000,0.0000,0,0.00,0
91,Base5,7,0.0000,0.0000,0.0000,0,0.00,0
91,Base5,8,0.0000,0.0000,0.0000,0,0.00,0
91,NoDOGE,0,0.0000,0.0000,0.0000,0,0.00,0
91,NoDOGE,1,0.0000,0.0000,0.0000,0,0.00,0
91,NoDOGE,2,0.0000,0.0000,0.0000,0,0.00,0
91,NoDOGE,3,0.0000,0.0000,0.0000,0,0.00,0
91,NoDOGE,4,0.0000,0.0000,0.0000,0,0.00,0
91,NoDOGE,5,0.0000,0.0000,0.0000,0,0.00,0
91,NoDOGE,6,0.0000,0.0000,0.0000,0,0.00,0
91,NoDOGE,7,0.0000,0.0000,0.0000,0,0.00,0
91,NoDOGE,8,0.0000,0.0000,0.0000,0,0.00,0
91,LargeCaps5,0,0.0000,0.0000,0.0000,0,0.00,0
91,LargeCaps5,1,0.0000,0.0000,0.0000,0,0.00,0
91,LargeCaps5,2,0.0000,0.0000,0.0000,0,0.00,0
91,LargeCaps5,3,0.0000,0.0000,0.0000,0,0.00,0
91,LargeCaps5,4,0.0000,0.0000,0.0000,0,0.00,0
91,LargeCaps5,5,0.0000,0.0000,0.0000,0,0.00,0
91,LargeCaps5,6,0.0000,0.0000,0.0000,0,0.00,0
91,LargeCaps5,7,0.0000,0.0000,0.0000,0,0.00,0
91,LargeCaps5,8,0.0000,0.0000,0.0000,0,0.00,0
91,LowVolume5,0,0.0000,0.0000,0.0000,0,0.00,0
91,LowVolume5,1,0.0000,0.0000,0.0000,0,0.00,0
91,LowVolume5,2,0.0000,0.0000,0.0000,0,0.00,0
91,LowVolume5,3,0.0000,0.0000,0.0000,0,0.00,0
91,LowVolume5,4,0.0000,0.0000,0.0000,0,0.00,0
91,LowVolume5,5,0.0000,0.0000,0.0000,0,0.00,0
91,LowVolume5,6,0.0000,0.0000,0.0000,0,0.00,0
91,LowVolume5,7,0.0000,0.0000,0.0000,0,0.00,0
91,LowVolume5,8,0.0000,0.0000,0.0000,0,0.00,0
91,Legacy3,0,0.0000,0.0000,0.0000,0,0.00,0
91,Legacy3,1,0.0000,0.0000,0.0000,0,0.00,0
91,Legacy3,2,0.0000,0.0000,0.0000,0,0.00,0
91,Legacy3,3,0.0000,0.0000,0.0000,0,0.00,0
91,Legacy3,4,0.0000,0.0000,0.0000,0,0.00,0
91,Legacy3,5,0.0000,0.0000,0.0000,0,0.00,0
91,Legacy3,6,0.0000,0.0000,0.0000,0,0.00,0
91,Legacy3,7,0.0000,0.0000,0.0000,0,0.00,0
91,Legacy3,8,0.0000,0.0000,0.0000,0,0.00,0
91,Legacy4,0,0.0000,0.0000,0.0000,0,0.00,0
91,Legacy4,1,0.0000,0.0000,0.0000,0,0.00,0
91,Legacy4,2,0.0000,0.0000,0.0000,0,0.00,0
91,Legacy4,3,0.0000,0.0000,0.0000,0,0.00,0
91,Legacy4,4,0.0000,0.0000,0.0000,0,0.00,0
91,Legacy4,5,0.0000,0.0000,0.0000,0,0.00,0
91,Legacy4,6,0.0000,0.0000,0.0000,0,0.00,0
91,Legacy4,7,0.0000,0.0000,0.0000,0,0.00,0
91,Legacy4,8,0.0000,0.0000,0.0000,0,0.00,0
91,Legacy5,0,0.0000,0.0000,0.0000,0,0.00,0
91,Legacy5,1,0.0000,0.0000,0.0000,0,0.00,0
91,Legacy5,2,0.0000,0.0000,0.0000,0,0.00,0
91,Legacy5,3,0.0000,0.0000,0.0000,0,0.00,0
91,Legacy5,4,0.0000,0.0000,0.0000,0,0.00,0
91,Legacy5,5,0.0000,0.0000,0.0000,0,0.00,0
91,Legacy5,6,0.0000,0.0000,0.0000,0,0.00,0
91,Legacy5,7,0.0000,0.0000,0.0000,0,0.00,0
91,Legacy5,8,0.0000,0.0000,0.0000,0,0.00,0
91,Legacy4BNB,0,0.0000,0.0000,0.0000,0,0.00,0
91,Legacy4BNB,1,0.0000,0.0000,0.0000,0,0.00,0
91,Legacy4BNB,2,0.0000,0.0000,0.0000,0,0.00,0
91,Legacy4BNB,3,0.0000,0.0000,0.0000,0,0.00,0
91,Legacy4BNB,4,0.0000,0.0000,0.0000,0,0.00,0
91,Legacy4BNB,5,0.0000,0.0000,0.0000,0,0.00,0
91,Legacy4BNB,6,0.0000,0.0000,0.0000,0,0.00,0
91,Legacy4BNB,7,0.0000,0.0000,0.0000,0,0.00,0
91,Legacy4BNB,8,0.0000,0.0000,0.0000,0,0.00,0
91,Legacy5BNB,0,0.0000,0.0000,0.0000,0,0.00,0
91,Legacy5BNB,1,0.0000,0.0000,0.0000,0,0.00,0
91,Legacy5BNB,2,0.0000,0.0000,0.0000,0,0.00,0
91,Legacy5BNB,3,0.0000,0.0000,0.0000,0,0.00,0
91,Legacy5BNB,4,0.0000,0.0000,0.0000,0,0.00,0
91,Legacy5BNB,5,0.0000,0.0000,0.0000,0,0.00,0
91,Legacy5BNB,6,0.0000,0.0000,0.0000,0,0.00,0
91,Legacy5BNB,7,0.0000,0.0000,0.0000,0,0.00,0
91,Legacy5BNB,8,0.0000,0.0000,0.0000,0,0.00,0
92,Base5,0,0.0000,0.0000,0.0000,0,0.00,0
92,Base5,1,0.0000,0.0000,0.0000,0,0.00,0
92,Base5,2,0.0000,0.0000,0.0000,0,0.00,0
92,Base5,3,0.0000,0.0000,0.0000,0,0.00,0
92,Base5,4,0.0000,0.0000,0.0000,0,0.00,0
92,Base5,5,0.0000,0.0000,0.0000,0,0.00,0
92,Base5,6,0.0000,0.0000,0.0000,0,0.00,0
92,Base5,7,0.0000,0.0000,0.0000,0,0.00,0
92,Base5,8,0.0000,0.0000,0.0000,0,0.00,0
92,NoDOGE,0,0.0000,0.0000,0.0000,0,0.00,0
92,NoDOGE,1,0.0000,0.0000,0.0000,0,0.00,0
92,NoDOGE,2,0.0000,0.0000,0.0000,0,0.00,0
92,NoDOGE,3,0.0000,0.0000,0.0000,0,0.00,0
92,NoDOGE,4,0.0000,0.0000,0.0000,0,0.00,0
92,NoDOGE,5,0.0000,0.0000,0.0000,0,0.00,0
92,NoDOGE,6,0.0000,0.0000,0.0000,0,0.00,0
92,NoDOGE,7,0.0000,0.0000,0.0000,0,0.00,0
92,NoDOGE,8,0.0000,0.0000,0.0000,0,0.00,0
92,LargeCaps5,0,0.0000,0.0000,0.0000,0,0.00,0
92,LargeCaps5,1,0.0000,0.0000,0.0000,0,0.00,0
92,LargeCaps5,2,0.0000,0.0000,0.0000,0,0.00,0
92,LargeCaps5,3,0.0000,0.0000,0.0000,0,0.00,0
92,LargeCaps5,4,0.0000,0.0000,0.0000,0,0.00,0
92,LargeCaps5,5,0.0000,0.0000,0.0000,0,0.00,0
92,LargeCaps5,6,0.0000,0.0000,0.0000,0,0.00,0
92,LargeCaps5,7,0.0000,0.0000,0.0000,0,0.00,0
92,LargeCaps5,8,0.0000,0.0000,0.0000,0,0.00,0
92,LowVolume5,0,0.0000,0.0000,0.0000,0,0.00,0
92,LowVolume5,1,0.0000,0.0000,0.0000,0,0.00,0
92,LowVolume5,2,0.0000,0.0000,0.0000,0,0.00,0
92,LowVolume5,3,0.0000,0.0000,0.0000,0,0.00,0
92,LowVolume5,4,0.0000,0.0000,0.0000,0,0.00,0
92,LowVolume5,5,0.0000,0.0000,0.0000,0,0.00,0
92,LowVolume5,6,0.0000,0.0000,0.0000,0,0.00,0
92,LowVolume5,7,0.0000,0.0000,0.0000,0,0.00,0
92,LowVolume5,8,0.0000,0.0000,0.0000,0,0.00,0
92,Legacy3,0,0.0000,0.0000,0.0000,0,0.00,0
92,Legacy3,1,0.0000,0.0000,0.0000,0,0.00,0
92,Legacy3,2,0.0000,0.0000,0.0000,0,0.00,0
92,Legacy3,3,0.0000,0.0000,0.0000,0,0.00,0
92,Legacy3,4,0.0000,0.0000,0.0000,0,0.00,0
92,Legacy3,5,0.0000,0.0000,0.0000,0,0.00,0
92,Legacy3,6,0.0000,0.0000,0.0000,0,0.00,0
92,Legacy3,7,0.0000,0.0000,0.0000,0,0.00,0
92,Legacy3,8,0.0000,0.0000,0.0000,0,0.00,0
92,Legacy4,0,0.0000,0.0000,0.0000,0,0.00,0
92,Legacy4,1,0.0000,0.0000,0.0000,0,0.00,0
92,Legacy4,2,0.0000,0.0000,0.0000,0,0.00,0
92,Legacy4,3,0.0000,0.0000,0.0000,0,0.00,0
92,Legacy4,4,0.0000,0.0000,0.0000,0,0.00,0
92,Legacy4,5,0.0000,0.0000,0.0000,0,0.00,0
92,Legacy4,6,0.0000,0.0000,0.0000,0,0.00,0
92,Legacy4,7,0.0000,0.0000,0.0000,0,0.00,0
92,Legacy4,8,0.0000,0.0000,0.0000,0,0.00,0
92,Legacy5,0,0.0000,0.0000,0.0000,0,0.00,0
92,Legacy5,1,0.0000,0.0000,0.0000,0,0.00,0
92,Legacy5,2,0.0000,0.0000,0.0000,0,0.00,0
92,Legacy5,3,0.0000,0.0000,0.0000,0,0.00,0
92,Legacy5,4,0.0000,0.0000,0.0000,0,0.00,0
92,Legacy5,5,0.0000,0.0000,0.0000,0,0.00,0
92,Legacy5,6,0.0000,0.0000,0.0000,0,0.00,0
92,Legacy5,7,0.0000,0.0000,0.0000,0,0.00,0
92,Legacy5,8,0.0000,0.0000,0.0000,0,0.00,0
92,Legacy4BNB,0,0.0000,0.0000,0.0000,0,0.00,0
92,Legacy4BNB,1,0.0000,0.0000,0.0000,0,0.00,0
92,Legacy4BNB,2,0.0000,0.0000,0.0000,0,0.00,0
92,Legacy4BNB,3,0.0000,0.0000,0.0000,0,0.00,0
92,Legacy4BNB,4,0.0000,0.0000,0.0000,0,0.00,0
92,Legacy4BNB,5,0.0000,0.0000,0.0000,0,0.00,0
92,Legacy4BNB,6,0.0000,0.0000,0.0000,0,0.00,0
92,Legacy4BNB,7,0.0000,0.0000,0.0000,0,0.00,0
92,Legacy4BNB,8,0.0000,0.0000,0.0000,0,0.00,0
92,Legacy5BNB,0,0.0000,0.0000,0.0000,0,0.00,0
92,Legacy5BNB,1,0.0000,0.0000,0.0000,0,0.00,0
92,Legacy5BNB,2,0.0000,0.0000,0.0000,0,0.00,0
92,Legacy5BNB,3,0.0000,0.0000,0.0000,0,0.00,0
92,Legacy5BNB,4,0.0000,0.0000,0.0000,0,0.00,0
92,Legacy5BNB,5,0.0000,0.0000,0.0000,0,0.00,0
92,Legacy5BNB,6,0.0000,0.0000,0.0000,0,0.00,0
92,Legacy5BNB,7,0.0000,0.0000,0.0000,0,0.00,0
92,Legacy5BNB,8,0.0000,0.0000,0.0000,0,0.00,0
93,Base5,0,0.0000,0.0000,0.0000,0,0.00,0
93,Base5,1,0.0000,0.0000,0.0000,0,0.00,0
93,Base5,2,0.0000,0.0000,0.0000,0,0.00,0
93,Base5,3,0.0000,0.0000,0.0000,0,0.00,0
93,Base5,4,0.0000,0.0000,0.0000,0,0.00,0
93,Base5,5,0.0000,0.0000,0.0000,0,0.00,0
93,Base5,6,0.0000,0.0000,0.0000,0,0.00,0
93,Base5,7,0.0000,0.0000,0.0000,0,0.00,0
93,Base5,8,0.0000,0.0000,0.0000,0,0.00,0
93,NoDOGE,0,0.0000,0.0000,0.0000,0,0.00,0
93,NoDOGE,1,0.0000,0.0000,0.0000,0,0.00,0
93,NoDOGE,2,0.0000,0.0000,0.0000,0,0.00,0
93,NoDOGE,3,0.0000,0.0000,0.0000,0,0.00,0
93,NoDOGE,4,0.0000,0.0000,0.0000,0,0.00,0
93,NoDOGE,5,0.0000,0.0000,0.0000,0,0.00,0
93,NoDOGE,6,0.0000,0.0000,0.0000,0,0.00,0
93,NoDOGE,7,0.0000,0.0000,0.0000,0,0.00,0
93,NoDOGE,8,0.0000,0.0000,0.0000,0,0.00,0
93,LargeCaps5,0,0.0000,0.0000,0.0000,0,0.00,0
93,LargeCaps5,1,0.0000,0.0000,0.0000,0,0.00,0
93,LargeCaps5,2,0.0000,0.0000,0.0000,0,0.00,0
93,LargeCaps5,3,0.0000,0.0000,0.0000,0,0.00,0
93,LargeCaps5,4,0.0000,0.0000,0.0000,0,0.00,0
93,LargeCaps5,5,0.0000,0.0000,0.0000,0,0.00,0
93,LargeCaps5,6,0.0000,0.0000,0.0000,0,0.00,0
93,LargeCaps5,7,0.0000,0.0000,0.0000,0,0.00,0
93,LargeCaps5,8,0.0000,0.0000,0.0000,0,0.00,0
93,LowVolume5,0,0.0000,0.0000,0.0000,0,0.00,0
93,LowVolume5,1,0.0000,0.0000,0.0000,0,0.00,0
93,LowVolume5,2,0.0000,0.0000,0.0000,0,0.00,0
93,LowVolume5,3,0.0000,0.0000,0.0000,0,0.00,0
93,LowVolume5,4,0.0000,0.0000,0.0000,0,0.00,0
93,LowVolume5,5,0.0000,0.0000,0.0000,0,0.00,0
93,LowVolume5,6,0.0000,0.0000,0.0000,0,0.00,0
93,LowVolume5,7,0.0000,0.0000,0.0000,0,0.00,0
93,LowVolume5,8,0.0000,0.0000,0.0000,0,0.00,0
93,Legacy3,0,0.0000,0.0000,0.0000,0,0.00,0
93,Legacy3,1,0.0000,0.0000,0.0000,0,0.00,0
93,Legacy3,2,0.0000,0.0000,0.0000,0,0.00,0
93,Legacy3,3,0.0000,0.0000,0.0000,0,0.00,0
93,Legacy3,4,0.0000,0.0000,0.0000,0,0.00,0
93,Legacy3,5,0.0000,0.0000,0.0000,0,0.00,0
93,Legacy3,6,0.0000,0.0000,0.0000,0,0.00,0
93,Legacy3,7,0.0000,0.0000,0.0000,0,0.00,0
93,Legacy3,8,0.0000,0.0000,0.0000,0,0.00,0
93,Legacy4,0,0.0000,0.0000,0.0000,0,0.00,0
93,Legacy4,1,0.0000,0.0000,0.0000,0,0.00,0
93,Legacy4,2,0.0000,0.0000,0.0000,0,0.00,0
93,Legacy4,3,0.0000,0.0000,0.0000,0,0.00,0
93,Legacy4,4,0.0000,0.0000,0.0000,0,0.00,0
93,Legacy4,5,0.0000,0.0000,0.0000,0,0.00,0
93,Legacy4,6,0.0000,0.0000,0.0000,0,0.00,0
93,Legacy4,7,0.0000,0.0000,0.0000,0,0.00,0
93,Legacy4,8,0.0000,0.0000,0.0000,0,0.00,0
93,Legacy5,0,0.0000,0.0000,0.0000,0,0.00,0
93,Legacy5,1,0.0000,0.0000,0.0000,0,0.00,0
93,Legacy5,2,0.0000,0.0000,0.0000,0,0.00,0
93,Legacy5,3,0.0000,0.0000,0.0000,0,0.00,0
93,Legacy5,4,0.0000,0.0000,0.0000,0,0.00,0
93,Legacy5,5,0.0000,0.0000,0.0000,0,0.00,0
93,Legacy5,6,0.0000,0.0000,0.0000,0,0.00,0
93,Legacy5,7,0.0000,0.0000,0.0000,0,0.00,0
93,Legacy5,8,0.0000,0.0000,0.0000,0,0.00,0
93,Legacy4BNB,0,0.0000,0.0000,0.0000,0,0.00,0
93,Legacy4BNB,1,0.0000,0.0000,0.0000,0,0.00,0
93,Legacy4BNB,2,0.0000,0.0000,0.0000,0,0.00,0
93,Legacy4BNB,3,0.0000,0.0000,0.0000,0,0.00,0
93,Legacy4BNB,4,0.0000,0.0000,0.0000,0,0.00,0
93,Legacy4BNB,5,0.0000,0.0000,0.0000,0,0.00,0
93,Legacy4BNB,6,0.0000,0.0000,0.0000,0,0.00,0
93,Legacy4BNB,7,0.0000,0.0000,0.0000,0,0.00,0
93,Legacy4BNB,8,0.0000,0.0000,0.0000,0,0.00,0
93,Legacy5BNB,0,0.0000,0.0000,0.0000,0,0.00,0
93,Legacy5BNB,1,0.0000,0.0000,0.0000,0,0.00,0
93,Legacy5BNB,2,0.0000,0.0000,0.0000,0,0.00,0
93,Legacy5BNB,3,0.0000,0.0000,0.0000,0,0.00,0
93,Legacy5BNB,4,0.0000,0.0000,0.0000,0,0.00,0
93,Legacy5BNB,5,0.0000,0.0000,0.0000,0,0.00,0
93,Legacy5BNB,6,0.0000,0.0000,0.0000,0,0.00,0
93,Legacy5BNB,7,0.0000,0.0000,0.0000,0,0.00,0
93,Legacy5BNB,8,0.0000,0.0000,0.0000,0,0.00,0
94,Base5,0,0.0000,0.0000,0.0000,0,0.00,0
94,Base5,1,0.0000,0.0000,0.0000,0,0.00,0
94,Base5,2,0.0000,0.0000,0.0000,0,0.00,0
94,Base5,3,0.0000,0.0000,0.0000,0,0.00,0
94,Base5,4,0.0000,0.0000,0.0000,0,0.00,0
94,Base5,5,0.0000,0.0000,0.0000,0,0.00,0
94,Base5,6,0.0000,0.0000,0.0000,0,0.00,0
94,Base5,7,0.0000,0.0000,0.0000,0,0.00,0
94,Base5,8,0.0000,0.0000,0.0000,0,0.00,0
94,NoDOGE,0,0.0000,0.0000,0.0000,0,0.00,0
94,NoDOGE,1,0.0000,0.0000,0.0000,0,0.00,0
94,NoDOGE,2,0.0000,0.0000,0.0000,0,0.00,0
94,NoDOGE,3,0.0000,0.0000,0.0000,0,0.00,0
94,NoDOGE,4,0.0000,0.0000,0.0000,0,0.00,0
94,NoDOGE,5,0.0000,0.0000,0.0000,0,0.00,0
94,NoDOGE,6,0.0000,0.0000,0.0000,0,0.00,0
94,NoDOGE,7,0.0000,0.0000,0.0000,0,0.00,0
94,NoDOGE,8,0.0000,0.0000,0.0000,0,0.00,0
94,LargeCaps5,0,0.0000,0.0000,0.0000,0,0.00,0
94,LargeCaps5,1,0.0000,0.0000,0.0000,0,0.00,0
94,LargeCaps5,2,0.0000,0.0000,0.0000,0,0.00,0
94,LargeCaps5,3,0.0000,0.0000,0.0000,0,0.00,0
94,LargeCaps5,4,0.0000,0.0000,0.0000,0,0.00,0
94,LargeCaps5,5,0.0000,0.0000,0.0000,0,0.00,0
94,LargeCaps5,6,0.0000,0.0000,0.0000,0,0.00,0
94,LargeCaps5,7,0.0000,0.0000,0.0000,0,0.00,0
94,LargeCaps5,8,0.0000,0.0000,0.0000,0,0.00,0
94,LowVolume5,0,0.0000,0.0000,0.0000,0,0.00,0
94,LowVolume5,1,0.0000,0.0000,0.0000,0,0.00,0
94,LowVolume5,2,0.0000,0.0000,0.0000,0,0.00,0
94,LowVolume5,3,0.0000,0.0000,0.0000,0,0.00,0
94,LowVolume5,4,0.0000,0.0000,0.0000,0,0.00,0
94,LowVolume5,5,0.0000,0.0000,0.0000,0,0.00,0
94,LowVolume5,6,0.0000,0.0000,0.0000,0,0.00,0
94,LowVolume5,7,0.0000,0.0000,0.0000,0,0.00,0
94,LowVolume5,8,0.0000,0.0000,0.0000,0,0.00,0
94,Legacy3,0,0.0000,0.0000,0.0000,0,0.00,0
94,Legacy3,1,0.0000,0.0000,0.0000,0,0.00,0
94,Legacy3,2,0.0000,0.0000,0.0000,0,0.00,0
94,Legacy3,3,0.0000,0.0000,0.0000,0,0.00,0
94,Legacy3,4,0.0000,0.0000,0.0000,0,0.00,0
94,Legacy3,5,0.0000,0.0000,0.0000,0,0.00,0
94,Legacy3,6,0.0000,0.0000,0.0000,0,0.00,0
94,Legacy3,7,0.0000,0.0000,0.0000,0,0.00,0
94,Legacy3,8,0.0000,0.0000,0.0000,0,0.00,0
94,Legacy4,0,0.0000,0.0000,0.0000,0,0.00,0
94,Legacy4,1,0.0000,0.0000,0.0000,0,0.00,0
94,Legacy4,2,0.0000,0.0000,0.0000,0,0.00,0
94,Legacy4,3,0.0000,0.0000,0.0000,0,0.00,0
94,Legacy4,4,0.0000,0.0000,0.0000,0,0.00,0
94,Legacy4,5,0.0000,0.0000,0.0000,0,0.00,0
94,Legacy4,6,0.0000,0.0000,0.0000,0,0.00,0
94,Legacy4,7,0.0000,0.0000,0.0000,0,0.00,0
94,Legacy4,8,0.0000,0.0000,0.0000,0,0.00,0
94,Legacy5,0,0.0000,0.0000,0.0000,0,0.00,0
94,Legacy5,1,0.0000,0.0000,0.0000,0,0.00,0
94,Legacy5,2,0.0000,0.0000,0.0000,0,0.00,0
94,Legacy5,3,0.0000,0.0000,0.0000,0,0.00,0
94,Legacy5,4,0.0000,0.0000,0.0000,0,0.00,0
94,Legacy5,5,0.0000,0.0000,0.0000,0,0.00,0
94,Legacy5,6,0.0000,0.0000,0.0000,0,0.00,0
94,Legacy5,7,0.0000,0.0000,0.0000,0,0.00,0
94,Legacy5,8,0.0000,0.0000,0.0000,0,0.00,0
94,Legacy4BNB,0,0.0000,0.0000,0.0000,0,0.00,0
94,Legacy4BNB,1,0.0000,0.0000,0.0000,0,0.00,0
94,Legacy4BNB,2,0.0000,0.0000,0.0000,0,0.00,0
94,Legacy4BNB,3,0.0000,0.0000,0.0000,0,0.00,0
94,Legacy4BNB,4,0.0000,0.0000,0.0000,0,0.00,0
94,Legacy4BNB,5,0.0000,0.0000,0.0000,0,0.00,0
94,Legacy4BNB,6,0.0000,0.0000,0.0000,0,0.00,0
94,Legacy4BNB,7,0.0000,0.0000,0.0000,0,0.00,0
94,Legacy4BNB,8,0.0000,0.0000,0.0000,0,0.00,0
94,Legacy5BNB,0,0.0000,0.0000,0.0000,0,0.00,0
94,Legacy5BNB,1,0.0000,0.0000,0.0000,0,0.00,0
94,Legacy5BNB,2,0.0000,0.0000,0.0000,0,0.00,0
94,Legacy5BNB,3,0.0000,0.0000,0.0000,0,0.00,0
94,Legacy5BNB,4,0.0000,0.0000,0.0000,0,0.00,0
94,Legacy5BNB,5,0.0000,0.0000,0.0000,0,0.00,0
94,Legacy5BNB,6,0.0000,0.0000,0.0000,0,0.00,0
94,Legacy5BNB,7,0.0000,0.0000,0.0000,0,0.00,0
94,Legacy5BNB,8,0.0000,0.0000,0.0000,0,0.00,0
95,Base5,0,0.0000,0.0000,0.0000,0,0.00,0
95,Base5,1,0.0000,0.0000,0.0000,0,0.00,0
95,Base5,2,0.0000,0.0000,0.0000,0,0.00,0
95,Base5,3,0.0000,0.0000,0.0000,0,0.00,0
95,Base5,4,0.0000,0.0000,0.0000,0,0.00,0
95,Base5,5,0.0000,0.0000,0.0000,0,0.00,0
95,Base5,6,0.0000,0.0000,0.0000,0,0.00,0
95,Base5,7,0.0000,0.0000,0.0000,0,0.00,0
95,Base5,8,0.0000,0.0000,0.0000,0,0.00,0
95,NoDOGE,0,0.0000,0.0000,0.0000,0,0.00,0
95,NoDOGE,1,0.0000,0.0000,0.0000,0,0.00,0
95,NoDOGE,2,0.0000,0.0000,0.0000,0,0.00,0
95,NoDOGE,3,0.0000,0.0000,0.0000,0,0.00,0
95,NoDOGE,4,0.0000,0.0000,0.0000,0,0.00,0
95,NoDOGE,5,0.0000,0.0000,0.0000,0,0.00,0
95,NoDOGE,6,0.0000,0.0000,0.0000,0,0.00,0
95,NoDOGE,7,0.0000,0.0000,0.0000,0,0.00,0
95,NoDOGE,8,0.0000,0.0000,0.0000,0,0.00,0
95,LargeCaps5,0,0.0000,0.0000,0.0000,0,0.00,0
95,LargeCaps5,1,0.0000,0.0000,0.0000,0,0.00,0
95,LargeCaps5,2,0.0000,0.0000,0.0000,0,0.00,0
95,LargeCaps5,3,0.0000,0.0000,0.0000,0,0.00,0
95,LargeCaps5,4,0.0000,0.0000,0.0000,0,0.00,0
95,LargeCaps5,5,0.0000,0.0000,0.0000,0,0.00,0
95,LargeCaps5,6,0.0000,0.0000,0.0000,0,0.00,0
95,LargeCaps5,7,0.0000,0.0000,0.0000,0,0.00,0
95,LargeCaps5,8,0.0000,0.0000,0.0000,0,0.00,0
95,LowVolume5,0,0.0000,0.0000,0.0000,0,0.00,0
95,LowVolume5,1,0.0000,0.0000,0.0000,0,0.00,0
95,LowVolume5,2,0.0000,0.0000,0.0000,0,0.00,0
95,LowVolume5,3,0.0000,0.0000,0.0000,0,0.00,0
95,LowVolume5,4,0.0000,0.0000,0.0000,0,0.00,0
95,LowVolume5,5,0.0000,0.0000,0.0000,0,0.00,0
95,LowVolume5,6,0.0000,0.0000,0.0000,0,0.00,0
95,LowVolume5,7,0.0000,0.0000,0.0000,0,0.00,0
95,LowVolume5,8,0.0000,0.0000,0.0000,0,0.00,0
95,Legacy3,0,0.0000,0.0000,0.0000,0,0.00,0
95,Legacy3,1,0.0000,0.0000,0.0000,0,0.00,0
95,Legacy3,2,0.0000,0.0000,0.0000,0,0.00,0
95,Legacy3,3,0.0000,0.0000,0.0000,0,0.00,0
95,Legacy3,4,0.0000,0.0000,0.0000,0,0.00,0
95,Legacy3,5,0.0000,0.0000,0.0000,0,0.00,0
95,Legacy3,6,0.0000,0.0000,0.0000,0,0.00,0
95,Legacy3,7,0.0000,0.0000,0.0000,0,0.00,0
95,Legacy3,8,0.0000,0.0000,0.0000,0,0.00,0
95,Legacy4,0,0.0000,0.0000,0.0000,0,0.00,0
95,Legacy4,1,0.0000,0.0000,0.0000,0,0.00,0
95,Legacy4,2,0.0000,0.0000,0.0000,0,0.00,0
95,Legacy4,3,0.0000,0.0000,0.0000,0,0.00,0
95,Legacy4,4,0.0000,0.0000,0.0000,0,0.00,0
95,Legacy4,5,0.0000,0.0000,0.0000,0,0.00,0
95,Legacy4,6,0.0000,0.0000,0.0000,0,0.00,0
95,Legacy4,7,0.0000,0.0000,0.0000,0,0.00,0
95,Legacy4,8,0.0000,0.0000,0.0000,0,0.00,0
95,Legacy5,0,0.0000,0.0000,0.0000,0,0.00,0
95,Legacy5,1,0.0000,0.0000,0.0000,0,0.00,0
95,Legacy5,2,0.0000,0.0000,0.0000,0,0.00,0
95,Legacy5,3,0.0000,0.0000,0.0000,0,0.00,0
95,Legacy5,4,0.0000,0.0000,0.0000,0,0.00,0
95,Legacy5,5,0.0000,0.0000,0.0000,0,0.00,0
95,Legacy5,6,0.0000,0.0000,0.0000,0,0.00,0
95,Legacy5,7,0.0000,0.0000,0.0000,0,0.00,0
95,Legacy5,8,0.0000,0.0000,0.0000,0,0.00,0
95,Legacy4BNB,0,0.0000,0.0000,0.0000,0,0.00,0
95,Legacy4BNB,1,0.0000,0.0000,0.0000,0,0.00,0
95,Legacy4BNB,2,0.0000,0.0000,0.0000,0,0.00,0
95,Legacy4BNB,3,0.0000,0.0000,0.0000,0,0.00,0
95,Legacy4BNB,4,0.0000,0.0000,0.0000,0,0.00,0
95,Legacy4BNB,5,0.0000,0.0000,0.0000,0,0.00,0
95,Legacy4BNB,6,0.0000,0.0000,0.0000,0,0.00,0
95,Legacy4BNB,7,0.0000,0.0000,0.0000,0,0.00,0
95,Legacy4BNB,8,0.0000,0.0000,0.0000,0,0.00,0
95,Legacy5BNB,0,0.0000,0.0000,0.0000,0,0.00,0
95,Legacy5BNB,1,0.0000,0.0000,0.0000,0,0.00,0
95,Legacy5BNB,2,0.0000,0.0000,0.0000,0,0.00,0
95,Legacy5BNB,3,0.0000,0.0000,0.0000,0,0.00,0
95,Legacy5BNB,4,0.0000,0.0000,0.0000,0,0.00,0
95,Legacy5BNB,5,0.0000,0.0000,0.0000,0,0.00,0
95,Legacy5BNB,6,0.0000,0.0000,0.0000,0,0.00,0
95,Legacy5BNB,7,0.0000,0.0000,0.0000,0,0.00,0
95,Legacy5BNB,8,0.0000,0.0000,0.0000,0,0.00,0
96,Base5,0,0.0000,0.0000,0.0000,0,0.00,0
96,Base5,1,0.0000,0.0000,0.0000,0,0.00,0
96,Base5,2,0.0000,0.0000,0.0000,0,0.00,0
96,Base5,3,0.0000,0.0000,0.0000,0,0.00,0
96,Base5,4,0.0000,0.0000,0.0000,0,0.00,0
96,Base5,5,0.0000,0.0000,0.0000,0,0.00,0
96,Base5,6,0.0000,0.0000,0.0000,0,0.00,0
96,Base5,7,0.0000,0.0000,0.0000,0,0.00,0
96,Base5,8,0.0000,0.0000,0.0000,0,0.00,0
96,NoDOGE,0,0.0000,0.0000,0.0000,0,0.00,0
96,NoDOGE,1,0.0000,0.0000,0.0000,0,0.00,0
96,NoDOGE,2,0.0000,0.0000,0.0000,0,0.00,0
96,NoDOGE,3,0.0000,0.0000,0.0000,0,0.00,0
96,NoDOGE,4,0.0000,0.0000,0.0000,0,0.00,0
96,NoDOGE,5,0.0000,0.0000,0.0000,0,0.00,0
96,NoDOGE,6,0.0000,0.0000,0.0000,0,0.00,0
96,NoDOGE,7,0.0000,0.0000,0.0000,0,0.00,0
96,NoDOGE,8,0.0000,0.0000,0.0000,0,0.00,0
96,LargeCaps5,0,0.0000,0.0000,0.0000,0,0.00,0
96,LargeCaps5,1,0.0000,0.0000,0.0000,0,0.00,0
96,LargeCaps5,2,0.0000,0.0000,0.0000,0,0.00,0
96,LargeCaps5,3,0.0000,0.0000,0.0000,0,0.00,0
96,LargeCaps5,4,0.0000,0.0000,0.0000,0,0.00,0
96,LargeCaps5,5,0.0000,0.0000,0.0000,0,0.00,0
96,LargeCaps5,6,0.0000,0.0000,0.0000,0,0.00,0
96,LargeCaps5,7,0.0000,0.0000,0.0000,0,0.00,0
96,LargeCaps5,8,0.0000,0.0000,0.0000,0,0.00,0
96,LowVolume5,0,0.0000,0.0000,0.0000,0,0.00,0
96,LowVolume5,1,0.0000,0.0000,0.0000,0,0.00,0
96,LowVolume5,2,0.0000,0.0000,0.0000,0,0.00,0
96,LowVolume5,3,0.0000,0.0000,0.0000,0,0.00,0
96,LowVolume5,4,0.0000,0.0000,0.0000,0,0.00,0
96,LowVolume5,5,0.0000,0.0000,0.0000,0,0.00,0
96,LowVolume5,6,0.0000,0.0000,0.0000,0,0.00,0
96,LowVolume5,7,0.0000,0.0000,0.0000,0,0.00,0
96,LowVolume5,8,0.0000,0.0000,0.0000,0,0.00,0
96,Legacy3,0,0.0000,0.0000,0.0000,0,0.00,0
96,Legacy3,1,0.0000,0.0000,0.0000,0,0.00,0
96,Legacy3,2,0.0000,0.0000,0.0000,0,0.00,0
96,Legacy3,3,0.0000,0.0000,0.0000,0,0.00,0
96,Legacy3,4,0.0000,0.0000,0.0000,0,0.00,0
96,Legacy3,5,0.0000,0.0000,0.0000,0,0.00,0
96,Legacy3,6,0.0000,0.0000,0.0000,0,0.00,0
96,Legacy3,7,0.0000,0.0000,0.0000,0,0.00,0
96,Legacy3,8,0.0000,0.0000,0.0000,0,0.00,0
96,Legacy4,0,0.0000,0.0000,0.0000,0,0.00,0
96,Legacy4,1,0.0000,0.0000,0.0000,0,0.00,0
96,Legacy4,2,0.0000,0.0000,0.0000,0,0.00,0
96,Legacy4,3,0.0000,0.0000,0.0000,0,0.00,0
96,Legacy4,4,0.0000,0.0000,0.0000,0,0.00,0
96,Legacy4,5,0.0000,0.0000,0.0000,0,0.00,0
96,Legacy4,6,0.0000,0.0000,0.0000,0,0.00,0
96,Legacy4,7,0.0000,0.0000,0.0000,0,0.00,0
96,Legacy4,8,0.0000,0.0000,0.0000,0,0.00,0
96,Legacy5,0,0.0000,0.0000,0.0000,0,0.00,0
96,Legacy5,1,0.0000,0.0000,0.0000,0,0.00,0
96,Legacy5,2,0.0000,0.0000,0.0000,0,0.00,0
96,Legacy5,3,0.0000,0.0000,0.0000,0,0.00,0
96,Legacy5,4,0.0000,0.0000,0.0000,0,0.00,0
96,Legacy5,5,0.0000,0.0000,0.0000,0,0.00,0
96,Legacy5,6,0.0000,0.0000,0.0000,0,0.00,0
96,Legacy5,7,0.0000,0.0000,0.0000,0,0.00,0
96,Legacy5,8,0.0000,0.0000,0.0000,0,0.00,0
96,Legacy4BNB,0,0.0000,0.0000,0.0000,0,0.00,0
96,Legacy4BNB,1,0.0000,0.0000,0.0000,0,0.00,0
96,Legacy4BNB,2,0.0000,0.0000,0.0000,0,0.00,0
96,Legacy4BNB,3,0.0000,0.0000,0.0000,0,0.00,0
96,Legacy4BNB,4,0.0000,0.0000,0.0000,0,0.00,0
96,Legacy4BNB,5,0.0000,0.0000,0.0000,0,0.00,0
96,Legacy4BNB,6,0.0000,0.0000,0.0000,0,0.00,0
96,Legacy4BNB,7,0.0000,0.0000,0.0000,0,0.00,0
96,Legacy4BNB,8,0.0000,0.0000,0.0000,0,0.00,0
96,Legacy5BNB,0,0.0000,0.0000,0.0000,0,0.00,0
96,Legacy5BNB,1,0.0000,0.0000,0.0000,0,0.00,0
96,Legacy5BNB,2,0.0000,0.0000,0.0000,0,0.00,0
96,Legacy5BNB,3,0.0000,0.0000,0.0000,0,0.00,0
96,Legacy5BNB,4,0.0000,0.0000,0.0000,0,0.00,0
96,Legacy5BNB,5,0.0000,0.0000,0.0000,0,0.00,0
96,Legacy5BNB,6,0.0000,0.0000,0.0000,0,0.00,0
96,Legacy5BNB,7,0.0000,0.0000,0.0000,0,0.00,0
96,Legacy5BNB,8,0.0000,0.0000,0.0000,0,0.00,0
97,Base5,0,0.0000,0.0000,0.0000,0,0.00,0
97,Base5,1,0.0000,0.0000,0.0000,0,0.00,0
97,Base5,2,0.0000,0.0000,0.0000,0,0.00,0
97,Base5,3,0.0000,0.0000,0.0000,0,0.00,0
97,Base5,4,0.0000,0.0000,0.0000,0,0.00,0
97,Base5,5,0.0000,0.0000,0.0000,0,0.00,0
97,Base5,6,0.0000,0.0000,0.0000,0,0.00,0
97,Base5,7,0.0000,0.0000,0.0000,0,0.00,0
97,Base5,8,0.0000,0.0000,0.0000,0,0.00,0
97,NoDOGE,0,0.0000,0.0000,0.0000,0,0.00,0
97,NoDOGE,1,0.0000,0.0000,0.0000,0,0.00,0
97,NoDOGE,2,0.0000,0.0000,0.0000,0,0.00,0
97,NoDOGE,3,0.0000,0.0000,0.0000,0,0.00,0
97,NoDOGE,4,0.0000,0.0000,0.0000,0,0.00,0
97,NoDOGE,5,0.0000,0.0000,0.0000,0,0.00,0
97,NoDOGE,6,0.0000,0.0000,0.0000,0,0.00,0
97,NoDOGE,7,0.0000,0.0000,0.0000,0,0.00,0
97,NoDOGE,8,0.0000,0.0000,0.0000,0,0.00,0
97,LargeCaps5,0,0.0000,0.0000,0.0000,0,0.00,0
97,LargeCaps5,1,0.0000,0.0000,0.0000,0,0.00,0
97,LargeCaps5,2,0.0000,0.0000,0.0000,0,0.00,0
97,LargeCaps5,3,0.0000,0.0000,0.0000,0,0.00,0
97,LargeCaps5,4,0.0000,0.0000,0.0000,0,0.00,0
97,LargeCaps5,5,0.0000,0.0000,0.0000,0,0.00,0
97,LargeCaps5,6,0.0000,0.0000,0.0000,0,0.00,0
97,LargeCaps5,7,0.0000,0.0000,0.0000,0,0.00,0
97,LargeCaps5,8,0.0000,0.0000,0.0000,0,0.00,0
97,LowVolume5,0,0.0000,0.0000,0.0000,0,0.00,0
97,LowVolume5,1,0.0000,0.0000,0.0000,0,0.00,0
97,LowVolume5,2,0.0000,0.0000,0.0000,0,0.00,0
97,LowVolume5,3,0.0000,0.0000,0.0000,0,0.00,0
97,LowVolume5,4,0.0000,0.0000,0.0000,0,0.00,0
97,LowVolume5,5,0.0000,0.0000,0.0000,0,0.00,0
97,LowVolume5,6,0.0000,0.0000,0.0000,0,0.00,0
97,LowVolume5,7,0.0000,0.0000,0.0000,0,0.00,0
97,LowVolume5,8,0.0000,0.0000,0.0000,0,0.00,0
97,Legacy3,0,0.0000,0.0000,0.0000,0,0.00,0
97,Legacy3,1,0.0000,0.0000,0.0000,0,0.00,0
97,Legacy3,2,0.0000,0.0000,0.0000,0,0.00,0
97,Legacy3,3,0.0000,0.0000,0.0000,0,0.00,0
97,Legacy3,4,0.0000,0.0000,0.0000,0,0.00,0
97,Legacy3,5,0.0000,0.0000,0.0000,0,0.00,0
97,Legacy3,6,0.0000,0.0000,0.0000,0,0.00,0
97,Legacy3,7,0.0000,0.0000,0.0000,0,0.00,0
97,Legacy3,8,0.0000,0.0000,0.0000,0,0.00,0
97,Legacy4,0,0.0000,0.0000,0.0000,0,0.00,0
97,Legacy4,1,0.0000,0.0000,0.0000,0,0.00,0
97,Legacy4,2,0.0000,0.0000,0.0000,0,0.00,0
97,Legacy4,3,0.0000,0.0000,0.0000,0,0.00,0
97,Legacy4,4,0.0000,0.0000,0.0000,0,0.00,0
97,Legacy4,5,0.0000,0.0000,0.0000,0,0.00,0
97,Legacy4,6,0.0000,0.0000,0.0000,0,0.00,0
97,Legacy4,7,0.0000,0.0000,0.0000,0,0.00,0
97,Legacy4,8,0.0000,0.0000,0.0000,0,0.00,0
97,Legacy5,0,0.0000,0.0000,0.0000,0,0.00,0
97,Legacy5,1,0.0000,0.0000,0.0000,0,0.00,0
97,Legacy5,2,0.0000,0.0000,0.0000,0,0.00,0
97,Legacy5,3,0.0000,0.0000,0.0000,0,0.00,0
97,Legacy5,4,0.0000,0.0000,0.0000,0,0.00,0
97,Legacy5,5,0.0000,0.0000,0.0000,0,0.00,0
97,Legacy5,6,0.0000,0.0000,0.0000,0,0.00,0
97,Legacy5,7,0.0000,0.0000,0.0000,0,0.00,0
97,Legacy5,8,0.0000,0.0000,0.0000,0,0.00,0
97,Legacy4BNB,0,0.0000,0.0000,0.0000,0,0.00,0
97,Legacy4BNB,1,0.0000,0.0000,0.0000,0,0.00,0
97,Legacy4BNB,2,0.0000,0.0000,0.0000,0,0.00,0
97,Legacy4BNB,3,0.0000,0.0000,0.0000,0,0.00,0
97,Legacy4BNB,4,0.0000,0.0000,0.0000,0,0.00,0
97,Legacy4BNB,5,0.0000,0.0000,0.0000,0,0.00,0
97,Legacy4BNB,6,0.0000,0.0000,0.0000,0,0.00,0
97,Legacy4BNB,7,0.0000,0.0000,0.0000,0,0.00,0
97,Legacy4BNB,8,0.0000,0.0000,0.0000,0,0.00,0
97,Legacy5BNB,0,0.0000,0.0000,0.0000,0,0.00,0
97,Legacy5BNB,1,0.0000,0.0000,0.0000,0,0.00,0
97,Legacy5BNB,2,0.0000,0.0000,0.0000,0,0.00,0
97,Legacy5BNB,3,0.0000,0.0000,0.0000,0,0.00,0
97,Legacy5BNB,4,0.0000,0.0000,0.0000,0,0.00,0
97,Legacy5BNB,5,0.0000,0.0000,0.0000,0,0.00,0
97,Legacy5BNB,6,0.0000,0.0000,0.0000,0,0.00,0
97,Legacy5BNB,7,0.0000,0.0000,0.0000,0,0.00,0
97,Legacy5BNB,8,0.0000,0.0000,0.0000,0,0.00,0
98,Base5,0,0.0000,0.0000,0.0000,0,0.00,0
98,Base5,1,0.0000,0.0000,0.0000,0,0.00,0
98,Base5,2,0.0000,0.0000,0.0000,0,0.00,0
98,Base5,3,0.0000,0.0000,0.0000,0,0.00,0
98,Base5,4,0.0000,0.0000,0.0000,0,0.00,0
98,Base5,5,0.0000,0.0000,0.0000,0,0.00,0
98,Base5,6,0.0000,0.0000,0.0000,0,0.00,0
98,Base5,7,0.0000,0.0000,0.0000,0,0.00,0
98,Base5,8,0.0000,0.0000,0.0000,0,0.00,0
98,NoDOGE,0,0.0000,0.0000,0.0000,0,0.00,0
98,NoDOGE,1,0.0000,0.0000,0.0000,0,0.00,0
98,NoDOGE,2,0.0000,0.0000,0.0000,0,0.00,0
98,NoDOGE,3,0.0000,0.0000,0.0000,0,0.00,0
98,NoDOGE,4,0.0000,0.0000,0.0000,0,0.00,0
98,NoDOGE,5,0.0000,0.0000,0.0000,0,0.00,0
98,NoDOGE,6,0.0000,0.0000,0.0000,0,0.00,0
98,NoDOGE,7,0.0000,0.0000,0.0000,0,0.00,0
98,NoDOGE,8,0.0000,0.0000,0.0000,0,0.00,0
98,LargeCaps5,0,0.0000,0.0000,0.0000,0,0.00,0
98,LargeCaps5,1,0.0000,0.0000,0.0000,0,0.00,0
98,LargeCaps5,2,0.0000,0.0000,0.0000,0,0.00,0
98,LargeCaps5,3,0.0000,0.0000,0.0000,0,0.00,0
98,LargeCaps5,4,0.0000,0.0000,0.0000,0,0.00,0
98,LargeCaps5,5,0.0000,0.0000,0.0000,0,0.00,0
98,LargeCaps5,6,0.0000,0.0000,0.0000,0,0.00,0
98,LargeCaps5,7,0.0000,0.0000,0.0000,0,0.00,0
98,LargeCaps5,8,0.0000,0.0000,0.0000,0,0.00,0
98,LowVolume5,0,0.0000,0.0000,0.0000,0,0.00,0
98,LowVolume5,1,0.0000,0.0000,0.0000,0,0.00,0
98,LowVolume5,2,0.0000,0.0000,0.0000,0,0.00,0
98,LowVolume5,3,0.0000,0.0000,0.0000,0,0.00,0
98,LowVolume5,4,0.0000,0.0000,0.0000,0,0.00,0
98,LowVolume5,5,0.0000,0.0000,0.0000,0,0.00,0
98,LowVolume5,6,0.0000,0.0000,0.0000,0,0.00,0
98,LowVolume5,7,0.0000,0.0000,0.0000,0,0.00,0
98,LowVolume5,8,0.0000,0.0000,0.0000,0,0.00,0
98,Legacy3,0,0.0000,0.0000,0.0000,0,0.00,0
98,Legacy3,1,0.0000,0.0000,0.0000,0,0.00,0
98,Legacy3,2,0.0000,0.0000,0.0000,0,0.00,0
98,Legacy3,3,0.0000,0.0000,0.0000,0,0.00,0
98,Legacy3,4,0.0000,0.0000,0.0000,0,0.00,0
98,Legacy3,5,0.0000,0.0000,0.0000,0,0.00,0
98,Legacy3,6,0.0000,0.0000,0.0000,0,0.00,0
98,Legacy3,7,0.0000,0.0000,0.0000,0,0.00,0
98,Legacy3,8,0.0000,0.0000,0.0000,0,0.00,0
98,Legacy4,0,0.0000,0.0000,0.0000,0,0.00,0
98,Legacy4,1,0.0000,0.0000,0.0000,0,0.00,0
98,Legacy4,2,0.0000,0.0000,0.0000,0,0.00,0
98,Legacy4,3,0.0000,0.0000,0.0000,0,0.00,0
98,Legacy4,4,0.0000,0.0000,0.0000,0,0.00,0
98,Legacy4,5,0.0000,0.0000,0.0000,0,0.00,0
98,Legacy4,6,0.0000,0.0000,0.0000,0,0.00,0
98,Legacy4,7,0.0000,0.0000,0.0000,0,0.00,0
98,Legacy4,8,0.0000,0.0000,0.0000,0,0.00,0
98,Legacy5,0,0.0000,0.0000,0.0000,0,0.00,0
98,Legacy5,1,0.0000,0.0000,0.0000,0,0.00,0
98,Legacy5,2,0.0000,0.0000,0.0000,0,0.00,0
98,Legacy5,3,0.0000,0.0000,0.0000,0,0.00,0
98,Legacy5,4,0.0000,0.0000,0.0000,0,0.00,0
98,Legacy5,5,0.0000,0.0000,0.0000,0,0.00,0
98,Legacy5,6,0.0000,0.0000,0.0000,0,0.00,0
98,Legacy5,7,0.0000,0.0000,0.0000,0,0.00,0
98,Legacy5,8,0.0000,0.0000,0.0000,0,0.00,0
98,Legacy4BNB,0,0.0000,0.0000,0.0000,0,0.00,0
98,Legacy4BNB,1,0.0000,0.0000,0.0000,0,0.00,0
98,Legacy4BNB,2,0.0000,0.0000,0.0000,0,0.00,0
98,Legacy4BNB,3,0.0000,0.0000,0.0000,0,0.00,0
98,Legacy4BNB,4,0.0000,0.0000,0.0000,0,0.00,0
98,Legacy4BNB,5,0.0000,0.0000,0.0000,0,0.00,0
98,Legacy4BNB,6,0.0000,0.0000,0.0000,0,0.00,0
98,Legacy4BNB,7,0.0000,0.0000,0.0000,0,0.00,0
98,Legacy4BNB,8,0.0000,0.0000,0.0000,0,0.00,0
98,Legacy5BNB,0,0.0000,0.0000,0.0000,0,0.00,0
98,Legacy5BNB,1,0.0000,0.0000,0.0000,0,0.00,0
98,Legacy5BNB,2,0.0000,0.0000,0.0000,0,0.00,0
98,Legacy5BNB,3,0.0000,0.0000,0.0000,0,0.00,0
98,Legacy5BNB,4,0.0000,0.0000,0.0000,0,0.00,0
98,Legacy5BNB,5,0.0000,0.0000,0.0000,0,0.00,0
98,Legacy5BNB,6,0.0000,0.0000,0.0000,0,0.00,0
98,Legacy5BNB,7,0.0000,0.0000,0.0000,0,0.00,0
98,Legacy5BNB,8,0.0000,0.0000,0.0000,0,0.00,0
99,Base5,0,0.0000,0.0000,0.0000,0,0.00,0
99,Base5,1,0.0000,0.0000,0.0000,0,0.00,0
99,Base5,2,0.0000,0.0000,0.0000,0,0.00,0
99,Base5,3,0.0000,0.0000,0.0000,0,0.00,0
99,Base5,4,0.0000,0.0000,0.0000,0,0.00,0
99,Base5,5,0.0000,0.0000,0.0000,0,0.00,0
99,Base5,6,0.0000,0.0000,0.0000,0,0.00,0
99,Base5,7,0.0000,0.0000,0.0000,0,0.00,0
99,Base5,8,0.0000,0.0000,0.0000,0,0.00,0
99,NoDOGE,0,0.0000,0.0000,0.0000,0,0.00,0
99,NoDOGE,1,0.0000,0.0000,0.0000,0,0.00,0
99,NoDOGE,2,0.0000,0.0000,0.0000,0,0.00,0
99,NoDOGE,3,0.0000,0.0000,0.0000,0,0.00,0
99,NoDOGE,4,0.0000,0.0000,0.0000,0,0.00,0
99,NoDOGE,5,0.0000,0.0000,0.0000,0,0.00,0
99,NoDOGE,6,0.0000,0.0000,0.0000,0,0.00,0
99,NoDOGE,7,0.0000,0.0000,0.0000,0,0.00,0
99,NoDOGE,8,0.0000,0.0000,0.0000,0,0.00,0
99,LargeCaps5,0,0.0000,0.0000,0.0000,0,0.00,0
99,LargeCaps5,1,0.0000,0.0000,0.0000,0,0.00,0
99,LargeCaps5,2,0.0000,0.0000,0.0000,0,0.00,0
99,LargeCaps5,3,0.0000,0.0000,0.0000,0,0.00,0
99,LargeCaps5,4,0.0000,0.0000,0.0000,0,0.00,0
99,LargeCaps5,5,0.0000,0.0000,0.0000,0,0.00,0
99,LargeCaps5,6,0.0000,0.0000,0.0000,0,0.00,0
99,LargeCaps5,7,0.0000,0.0000,0.0000,0,0.00,0
99,LargeCaps5,8,0.0000,0.0000,0.0000,0,0.00,0
99,LowVolume5,0,0.0000,0.0000,0.0000,0,0.00,0
99,LowVolume5,1,0.0000,0.0000,0.0000,0,0.00,0
99,LowVolume5,2,0.0000,0.0000,0.0000,0,0.00,0
99,LowVolume5,3,0.0000,0.0000,0.0000,0,0.00,0
99,LowVolume5,4,0.0000,0.0000,0.0000,0,0.00,0
99,LowVolume5,5,0.0000,0.0000,0.0000,0,0.00,0
99,LowVolume5,6,0.0000,0.0000,0.0000,0,0.00,0
99,LowVolume5,7,0.0000,0.0000,0.0000,0,0.00,0
99,LowVolume5,8,0.0000,0.0000,0.0000,0,0.00,0
99,Legacy3,0,0.0000,0.0000,0.0000,0,0.00,0
99,Legacy3,1,0.0000,0.0000,0.0000,0,0.00,0
99,Legacy3,2,0.0000,0.0000,0.0000,0,0.00,0
99,Legacy3,3,0.0000,0.0000,0.0000,0,0.00,0
99,Legacy3,4,0.0000,0.0000,0.0000,0,0.00,0
99,Legacy3,5,0.0000,0.0000,0.0000,0,0.00,0
99,Legacy3,6,0.0000,0.0000,0.0000,0,0.00,0
99,Legacy3,7,0.0000,0.0000,0.0000,0,0.00,0
99,Legacy3,8,0.0000,0.0000,0.0000,0,0.00,0
99,Legacy4,0,0.0000,0.0000,0.0000,0,0.00,0
99,Legacy4,1,0.0000,0.0000,0.0000,0,0.00,0
99,Legacy4,2,0.0000,0.0000,0.0000,0,0.00,0
99,Legacy4,3,0.0000,0.0000,0.0000,0,0.00,0
99,Legacy4,4,0.0000,0.0000,0.0000,0,0.00,0
99,Legacy4,5,0.0000,0.0000,0.0000,0,0.00,0
99,Legacy4,6,0.0000,0.0000,0.0000,0,0.00,0
99,Legacy4,7,0.0000,0.0000,0.0000,0,0.00,0
99,Legacy4,8,0.0000,0.0000,0.0000,0,0.00,0
99,Legacy5,0,0.0000,0.0000,0.0000,0,0.00,0
99,Legacy5,1,0.0000,0.0000,0.0000,0,0.00,0
99,Legacy5,2,0.0000,0.0000,0.0000,0,0.00,0
99,Legacy5,3,0.0000,0.0000,0.0000,0,0.00,0
99,Legacy5,4,0.0000,0.0000,0.0000,0,0.00,0
99,Legacy5,5,0.0000,0.0000,0.0000,0,0.00,0
99,Legacy5,6,0.0000,0.0000,0.0000,0,0.00,0
99,Legacy5,7,0.0000,0.0000,0.0000,0,0.00,0
99,Legacy5,8,0.0000,0.0000,0.0000,0,0.00,0
99,Legacy4BNB,0,0.0000,0.0000,0.0000,0,0.00,0
99,Legacy4BNB,1,0.0000,0.0000,0.0000,0,0.00,0
99,Legacy4BNB,2,0.0000,0.0000,0.0000,0,0.00,0
99,Legacy4BNB,3,0.0000,0.0000,0.0000,0,0.00,0
99,Legacy4BNB,4,0.0000,0.0000,0.0000,0,0.00,0
99,Legacy4BNB,5,0.0000,0.0000,0.0000,0,0.00,0
99,Legacy4BNB,6,0.0000,0.0000,0.0000,0,0.00,0
99,Legacy4BNB,7,0.0000,0.0000,0.0000,0,0.00,0
99,Legacy4BNB,8,0.0000,0.0000,0.0000,0,0.00,0
99,Legacy5BNB,0,0.0000,0.0000,0.0000,0,0.00,0
99,Legacy5BNB,1,0.0000,0.0000,0.0000,0,0.00,0
99,Legacy5BNB,2,0.0000,0.0000,0.0000,0,0.00,0
99,Legacy5BNB,3,0.0000,0.0000,0.0000,0,0.00,0
99,Legacy5BNB,4,0.0000,0.0000,0.0000,0,0.00,0
99,Legacy5BNB,5,0.0000,0.0000,0.0000,0,0.00,0
99,Legacy5BNB,6,0.0000,0.0000,0.0000,0,0.00,0
99,Legacy5BNB,7,0.0000,0.0000,0.0000,0,0.00,0
99,Legacy5BNB,8,0.0000,0.0000,0.0000,0,0.00,0
100,Base5,0,0.0000,0.0000,0.0000,0,0.00,0
100,Base5,1,0.0000,0.0000,0.0000,0,0.00,0
100,Base5,2,0.0000,0.0000,0.0000,0,0.00,0
100,Base5,3,0.0000,0.0000,0.0000,0,0.00,0
100,Base5,4,0.0000,0.0000,0.0000,0,0.00,0
100,Base5,5,0.0000,0.0000,0.0000,0,0.00,0
100,Base5,6,0.0000,0.0000,0.0000,0,0.00,0
100,Base5,7,0.0000,0.0000,0.0000,0,0.00,0
100,Base5,8,0.0000,0.0000,0.0000,0,0.00,0
100,NoDOGE,0,0.0000,0.0000,0.0000,0,0.00,0
100,NoDOGE,1,0.0000,0.0000,0.0000,0,0.00,0
100,NoDOGE,2,0.0000,0.0000,0.0000,0,0.00,0
100,NoDOGE,3,0.0000,0.0000,0.0000,0,0.00,0
100,NoDOGE,4,0.0000,0.0000,0.0000,0,0.00,0
100,NoDOGE,5,0.0000,0.0000,0.0000,0,0.00,0
100,NoDOGE,6,0.0000,0.0000,0.0000,0,0.00,0
100,NoDOGE,7,0.0000,0.0000,0.0000,0,0.00,0
100,NoDOGE,8,0.0000,0.0000,0.0000,0,0.00,0
100,LargeCaps5,0,0.0000,0.0000,0.0000,0,0.00,0
100,LargeCaps5,1,0.0000,0.0000,0.0000,0,0.00,0
100,LargeCaps5,2,0.0000,0.0000,0.0000,0,0.00,0
100,LargeCaps5,3,0.0000,0.0000,0.0000,0,0.00,0
100,LargeCaps5,4,0.0000,0.0000,0.0000,0,0.00,0
100,LargeCaps5,5,0.0000,0.0000,0.0000,0,0.00,0
100,LargeCaps5,6,0.0000,0.0000,0.0000,0,0.00,0
100,LargeCaps5,7,0.0000,0.0000,0.0000,0,0.00,0
100,LargeCaps5,8,0.0000,0.0000,0.0000,0,0.00,0
100,LowVolume5,0,0.0000,0.0000,0.0000,0,0.00,0
100,LowVolume5,1,0.0000,0.0000,0.0000,0,0.00,0
100,LowVolume5,2,0.0000,0.0000,0.0000,0,0.00,0
100,LowVolume5,3,0.0000,0.0000,0.0000,0,0.00,0
100,LowVolume5,4,0.0000,0.0000,0.0000,0,0.00,0
100,LowVolume5,5,0.0000,0.0000,0.0000,0,0.00,0
100,LowVolume5,6,0.0000,0.0000,0.0000,0,0.00,0
100,LowVolume5,7,0.0000,0.0000,0.0000,0,0.00,0
100,LowVolume5,8,0.0000,0.0000,0.0000,0,0.00,0
100,Legacy3,0,0.0000,0.0000,0.0000,0,0.00,0
100,Legacy3,1,0.0000,0.0000,0.0000,0,0.00,0
100,Legacy3,2,0.0000,0.0000,0.0000,0,0.00,0
100,Legacy3,3,0.0000,0.0000,0.0000,0,0.00,0
100,Legacy3,4,0.0000,0.0000,0.0000,0,0.00,0
100,Legacy3,5,0.0000,0.0000,0.0000,0,0.00,0
100,Legacy3,6,0.0000,0.0000,0.0000,0,0.00,0
100,Legacy3,7,0.0000,0.0000,0.0000,0,0.00,0
100,Legacy3,8,0.0000,0.0000,0.0000,0,0.00,0
100,Legacy4,0,0.0000,0.0000,0.0000,0,0.00,0
100,Legacy4,1,0.0000,0.0000,0.0000,0,0.00,0
100,Legacy4,2,0.0000,0.0000,0.0000,0,0.00,0
100,Legacy4,3,0.0000,0.0000,0.0000,0,0.00,0
100,Legacy4,4,0.0000,0.0000,0.0000,0,0.00,0
100,Legacy4,5,0.0000,0.0000,0.0000,0,0.00,0
100,Legacy4,6,0.0000,0.0000,0.0000,0,0.00,0
100,Legacy4,7,0.0000,0.0000,0.0000,0,0.00,0
100,Legacy4,8,0.0000,0.0000,0.0000,0,0.00,0
100,Legacy5,0,0.0000,0.0000,0.0000,0,0.00,0
100,Legacy5,1,0.0000,0.0000,0.0000,0,0.00,0
100,Legacy5,2,0.0000,0.0000,0.0000,0,0.00,0
100,Legacy5,3,0.0000,0.0000,0.0000,0,0.00,0
100,Legacy5,4,0.0000,0.0000,0.0000,0,0.00,0
100,Legacy5,5,0.0000,0.0000,0.0000,0,0.00,0
100,Legacy5,6,0.0000,0.0000,0.0000,0,0.00,0
100,Legacy5,7,0.0000,0.0000,0.0000,0,0.00,0
100,Legacy5,8,0.0000,0.0000,0.0000,0,0.00,0
100,Legacy4BNB,0,0.0000,0.0000,0.0000,0,0.00,0
100,Legacy4BNB,1,0.0000,0.0000,0.0000,0,0.00,0
100,Legacy4BNB,2,0.0000,0.0000,0.0000,0,0.00,0
100,Legacy4BNB,3,0.0000,0.0000,0.0000,0,0.00,0
100,Legacy4BNB,4,0.0000,0.0000,0.0000,0,0.00,0
100,Legacy4BNB,5,0.0000,0.0000,0.0000,0,0.00,0
100,Legacy4BNB,6,0.0000,0.0000,0.0000,0,0.00,0
100,Legacy4BNB,7,0.0000,0.0000,0.0000,0,0.00,0
100,Legacy4BNB,8,0.0000,0.0000,0.0000,0,0.00,0
100,Legacy5BNB,0,0.0000,0.0000,0.0000,0,0.00,0
100,Legacy5BNB,1,0.0000,0.0000,0.0000,0,0.00,0
100,Legacy5BNB,2,0.0000,0.0000,0.0000,0,0.00,0
100,Legacy5BNB,3,0.0000,0.0000,0.0000,0,0.00,0
100,Legacy5BNB,4,0.0000,0.0000,0.0000,0,0.00,0
100,Legacy5BNB,5,0.0000,0.0000,0.0000,0,0.00,0
100,Legacy5BNB,6,0.0000,0.0000,0.0000,0,0.00,0
100,Legacy5BNB,7,0.0000,0.0000,0.0000,0,0.00,0
100,Legacy5BNB,8,0.0000,0.0000,0.0000,0,0.00,0