atr_mult,universe,window,final_equity,return_pct,sharpe,max_dd_pct,trades,win_rate_pct,pass
0.50,Base5,0,1.31204197,31.2042,1.608422,8.5250,93,46.2366,true
0.50,Base5,1,1.30524021,30.5240,2.848511,5.8553,125,48.0000,true
0.50,Base5,2,1.40711601,40.7116,3.017707,6.1395,120,52.5000,true
0.50,Base5,3,0.95894297,-4.1057,-0.495082,9.4416,70,41.4286,false
0.50,Base5,4,1.05809195,5.8092,0.511949,9.1399,101,42.5743,true
0.50,Base5,5,1.05686763,5.6868,0.998692,6.5234,100,39.0000,true
0.50,NoDOGE,0,1.23760101,23.7601,2.160843,4.2054,80,48.7500,true
0.50,NoDOGE,1,1.37646341,37.6463,3.377137,4.2373,116,50.8621,true
0.50,NoDOGE,2,1.31129535,31.1295,2.704278,6.1336,108,52.7778,true
0.50,NoDOGE,3,0.97311330,-2.6887,-0.308818,8.3438,61,45.9016,false
0.50,NoDOGE,4,1.01241547,1.2415,0.192304,8.0646,85,43.5294,true
0.50,NoDOGE,5,1.00373039,0.3730,0.115389,8.4959,82,37.8049,true
0.50,Legacy4,0,1.15923649,15.9236,1.473139,5.6459,79,45.5696,true
0.50,Legacy4,1,1.25761933,25.7619,2.781774,4.3677,112,53.5714,true
0.50,Legacy4,2,1.26691485,26.6915,2.418085,4.3884,91,48.3516,true
0.50,Legacy4,3,0.92225594,-7.7744,-1.090533,9.3441,55,41.8182,false
0.50,Legacy4,4,1.03776415,3.7764,0.460141,6.4916,83,46.9880,true
0.50,Legacy4,5,0.89222830,-10.7772,-3.231261,11.5276,76,30.2632,false
0.50,Legacy4,6,0.94509065,-5.4909,-1.337248,6.3310,99,44.4444,false
0.50,Legacy5BNB,0,1.19669827,19.6698,1.743781,4.3106,94,48.9362,true
0.50,Legacy5BNB,1,1.27778892,27.7789,2.862075,4.8351,133,53.3835,true
0.50,Legacy5BNB,2,1.27374469,27.3745,2.215939,4.5774,116,46.5517,true
0.50,Legacy5BNB,3,0.93700749,-6.2993,-0.786741,8.0752,69,46.3768,false
0.50,Legacy5BNB,4,1.08238948,8.2389,0.868473,7.5709,98,48.9796,true
0.50,Legacy5BNB,5,0.88346220,-11.6538,-3.504675,12.0213,86,30.2326,false
0.50,Legacy5BNB,6,0.98456013,-1.5440,-0.254356,5.8825,122,46.7213,false
0.50,OldGuardNoBNB,0,1.14163236,14.1632,1.303528,7.0586,89,46.0674,true
0.50,OldGuardNoBNB,1,1.23794214,23.7942,2.588286,4.6520,115,52.1739,true
0.50,OldGuardNoBNB,2,1.30679576,30.6796,2.513599,4.3884,106,48.1132,true
0.50,OldGuardNoBNB,3,0.94755151,-5.2448,-0.495858,13.0195,71,42.2535,false
0.50,OldGuardNoBNB,4,1.00674902,0.6749,0.140024,7.9513,95,45.2632,true
0.50,OldGuardNoBNB,5,0.84672411,-15.3276,-3.660002,15.3276,94,32.9787,false
0.50,OldGuardNoBNB,6,0.89367081,-10.6329,-2.655652,10.6329,112,41.0714,false
0.50,LargeCaps5,0,1.26608147,26.6081,2.322902,4.2054,97,50.5155,true
0.50,LargeCaps5,1,1.39853902,39.8539,3.464726,4.7053,137,51.0949,true
0.50,LargeCaps5,2,1.33004681,33.0047,2.882265,6.6882,132,52.2727,true
0.50,LargeCaps5,3,0.98867832,-1.1322,-0.095795,7.0346,75,49.3333,false
0.50,LargeCaps5,4,1.08084779,8.0848,0.763533,8.5899,100,47.0000,true
0.50,LargeCaps5,5,0.97510432,-2.4896,-0.524087,9.8840,93,34.4086,false
0.50,Legacy3,0,1.07143437,7.1434,0.891929,6.9128,64,45.3125,true
0.50,Legacy3,1,1.18174933,18.1749,2.549819,2.7928,90,54.4444,true
0.50,Legacy3,2,1.13530685,13.5307,1.465135,5.4888,69,42.0290,true
0.50,Legacy3,3,0.92746358,-7.2536,-1.027079,8.8322,43,41.8605,false
0.50,Legacy3,4,1.04443388,4.4434,0.635646,5.0295,67,47.7612,true
0.50,Legacy3,5,0.91394407,-8.6056,-2.789111,9.1344,59,30.5085,false
0.50,Legacy3,6,0.92772946,-7.2271,-2.056446,7.4225,74,39.1892,false
0.50,LowVolume5,0,1.18591070,18.5911,1.836678,5.9503,88,50.0000,true
0.50,LowVolume5,1,1.21339767,21.3398,2.553402,6.4335,93,50.5376,true
0.50,LowVolume5,2,1.16924955,16.9250,1.538825,5.5005,88,50.0000,true
0.50,LowVolume5,3,0.90693821,-9.3062,-0.778774,18.0055,62,38.7097,false
0.50,LowVolume5,4,0.95114429,-4.8856,-0.527056,8.4705,81,45.6790,false
0.50,LowVolume5,5,0.91814960,-8.1850,-1.896286,10.9329,85,40.0000,false
0.50,LowVolume5,6,0.84748910,-15.2511,-3.754171,15.2511,72,30.5556,false
0.50,OldGuard4,0,1.04509131,4.5091,0.568906,9.2970,75,45.3333,true
0.50,OldGuard4,1,1.16325924,16.3259,2.306051,3.6291,93,52.6882,true
0.50,OldGuard4,2,1.19019607,19.0196,1.793396,5.4888,84,44.0476,true
0.50,OldGuard4,3,0.95290199,-4.7098,-0.442185,12.4810,59,42.3729,false
0.50,OldGuard4,4,1.01321941,1.3219,0.222622,5.7275,79,45.5696,true
0.50,OldGuard4,5,0.85818531,-14.1815,-3.664920,14.1815,78,33.3333,false
0.50,OldGuard4,6,0.87725420,-12.2746,-3.496584,12.2746,87,35.6322,false
0.55,Base5,0,1.26067030,26.0670,1.401737,10.6873,93,45.1613,true
0.55,Base5,1,1.32526418,32.5264,3.015467,5.8553,124,49.1935,true
0.55,Base5,2,1.39879949,39.8799,2.963139,6.1395,120,52.5000,true
0.55,Base5,3,0.95174901,-4.8251,-0.592282,10.1210,70,40.0000,false
0.55,Base5,4,1.16634208,16.6342,1.183942,8.0646,99,44.4444,true
0.55,Base5,5,1.06426855,6.4269,1.114836,6.5234,99,39.3939,true
0.55,NoDOGE,0,1.18914400,18.9144,1.825396,4.7654,80,47.5000,true
0.55,NoDOGE,1,1.39758003,39.7580,3.545008,4.2373,115,52.1739,true
0.55,NoDOGE,2,1.30354517,30.3545,2.642898,6.1336,108,52.7778,true
0.55,NoDOGE,3,0.96581304,-3.4187,-0.408355,9.0314,61,44.2623,false
0.55,NoDOGE,4,1.04810276,4.8103,0.525237,8.0646,84,45.2381,true
0.55,NoDOGE,5,1.01075921,1.0759,0.269001,8.4959,81,38.2716,true
0.55,Legacy4,0,1.11384776,11.3848,1.122178,6.3994,79,44.3038,true
0.55,Legacy4,1,1.25761933,25.7619,2.781774,4.3677,112,53.5714,true
0.55,Legacy4,2,1.25942697,25.9427,2.355921,4.3884,91,48.3516,true
0.55,Legacy4,3,0.91533721,-8.4663,-1.192569,10.0242,55,40.0000,false
0.55,Legacy4,4,1.07434497,7.4345,0.885470,5.2155,82,48.7805,true
0.55,Legacy4,5,0.89222830,-10.7772,-3.231261,11.5276,76,30.2632,false
0.55,Legacy4,6,0.94509065,-5.4909,-1.337248,6.3310,99,44.4444,false
0.55,Legacy5BNB,0,1.16626927,16.6269,1.517636,5.1445,94,47.8723,true
0.55,Legacy5BNB,1,1.27778892,27.7789,2.862075,4.8351,133,53.3835,true
0.55,Legacy5BNB,2,1.26621645,26.6216,2.161213,4.5774,116,46.5517,true
0.55,Legacy5BNB,3,0.92997809,-7.0022,-0.881689,8.5850,69,44.9275,false
0.55,Legacy5BNB,4,1.12054333,12.0543,1.301008,4.3128,97,50.5155,true
0.55,Legacy5BNB,5,0.88346220,-11.6538,-3.504675,12.0213,86,30.2326,false
0.55,Legacy5BNB,6,0.98456013,-1.5440,-0.254356,5.8825,122,46.7213,false
0.55,OldGuardNoBNB,0,1.09693290,9.6933,0.955027,7.9177,89,44.9438,true
0.55,OldGuardNoBNB,1,1.23794214,23.7942,2.588286,4.6520,115,52.1739,true
0.55,OldGuardNoBNB,2,1.29907217,29.9072,2.456577,4.3884,106,48.1132,true
0.55,OldGuardNoBNB,3,0.94044302,-5.9557,-0.573686,13.4906,71,40.8451,false
0.55,OldGuardNoBNB,4,1.04223657,4.2237,0.518680,6.0017,94,46.8085,true
0.55,OldGuardNoBNB,5,0.84672411,-15.3276,-3.660002,15.3276,94,32.9787,false
0.55,OldGuardNoBNB,6,0.91384906,-8.6151,-1.991288,10.1194,111,41.4414,false
0.55,LargeCaps5,0,1.23388823,23.3888,2.134279,4.2054,97,49.4845,true
0.55,LargeCaps5,1,1.41999431,41.9994,3.629043,4.7053,136,52.2059,true
0.55,LargeCaps5,2,1.32218579,32.2186,2.819581,6.6882,132,52.2727,true
0.55,LargeCaps5,3,0.98126129,-1.8739,-0.196272,7.0346,75,48.0000,false
0.55,LargeCaps5,4,1.11894730,11.8947,1.118404,7.6574,99,48.4848,true
0.55,LargeCaps5,5,0.98193267,-1.8067,-0.365836,9.8840,92,34.7826,false
0.55,Legacy3,0,1.02948344,2.9483,0.425272,7.7732,64,43.7500,true
0.55,Legacy3,1,1.18174933,18.1749,2.549819,2.7928,90,54.4444,true
0.55,Legacy3,2,1.12859681,12.8597,1.397666,5.4888,69,42.0290,true
0.55,Legacy3,3,0.92050578,-7.9494,-1.130744,9.5161,43,39.5349,false
0.55,Legacy3,4,1.08124980,8.1250,1.132018,4.2009,66,50.0000,true
0.55,Legacy3,5,0.91394407,-8.6056,-2.789111,9.1344,59,30.5085,false
0.55,Legacy3,6,0.92772946,-7.2271,-2.056446,7.4225,74,39.1892,false
0.55,LowVolume5,0,1.13947757,13.9478,1.469525,6.8196,88,48.8636,true
0.55,LowVolume5,1,1.21339767,21.3398,2.553402,6.4335,93,50.5376,true
0.55,LowVolume5,2,1.16924955,16.9250,1.538825,5.5005,88,50.0000,true
0.55,LowVolume5,3,0.90013439,-9.9866,-0.843949,18.0055,62,37.0968,false
0.55,LowVolume5,4,0.98467179,-1.5328,-0.125678,6.0395,80,47.5000,false
0.55,LowVolume5,5,0.92457912,-7.5421,-1.722425,10.3455,84,40.4762,false
0.55,LowVolume5,6,0.86662461,-13.3375,-3.051552,13.3375,71,30.9859,false
0.55,OldGuard4,0,1.00417182,0.4172,0.109574,10.1353,75,44.0000,true
0.55,OldGuard4,1,1.16325924,16.3259,2.306051,3.6291,93,52.6882,true
0.55,OldGuard4,2,1.18316162,18.3162,1.732556,5.4888,84,44.0476,true
0.55,OldGuard4,3,0.94575335,-5.4247,-0.520863,12.9550,59,40.6780,false
0.55,OldGuard4,4,1.04893504,4.8935,0.673479,5.6963,78,47.4359,true
0.55,OldGuard4,5,0.85818531,-14.1815,-3.664920,14.1815,78,33.3333,false
0.55,OldGuard4,6,0.89706177,-10.2938,-2.674752,11.5365,86,36.0465,false
0.60,Base5,0,1.28835616,28.8356,1.517961,9.6605,92,46.7391,true
0.60,Base5,1,1.36184067,36.1841,3.244111,5.8553,123,50.4065,true
0.60,Base5,2,1.39879949,39.8799,2.963139,6.1395,120,52.5000,true
0.60,Base5,3,0.95174901,-4.8251,-0.592282,10.1210,70,40.0000,false
0.60,Base5,4,1.19107503,19.1075,1.334361,8.0646,98,45.9184,true
0.60,Base5,5,1.06150545,6.1505,1.069264,6.5234,99,39.3939,true
0.60,NoDOGE,0,1.21525905,21.5259,2.026776,4.2054,79,49.3671,true
0.60,NoDOGE,1,1.43615239,43.6152,3.764631,4.2373,114,53.5088,true
0.60,NoDOGE,2,1.30354517,30.3545,2.642898,6.1336,108,52.7778,true
0.60,NoDOGE,3,0.96581304,-3.4187,-0.408355,9.0314,61,44.2623,false
0.60,NoDOGE,4,1.07032838,7.0328,0.728260,8.0646,83,46.9880,true
0.60,NoDOGE,5,1.00813504,0.8135,0.211466,8.6481,81,38.2716,true
0.60,Legacy4,0,1.13830922,13.8309,1.328497,5.6459,78,46.1538,true
0.60,Legacy4,1,1.25761933,25.7619,2.781774,4.3677,112,53.5714,true
0.60,Legacy4,2,1.24768912,24.7689,2.242008,4.3884,91,48.3516,true
0.60,Legacy4,3,0.91533721,-8.4663,-1.192569,10.0242,55,40.0000,false
0.60,Legacy4,4,1.08372465,8.3725,0.982465,5.2155,82,48.7805,true
0.60,Legacy4,5,0.88991187,-11.0088,-3.301631,11.7573,76,30.2632,false
0.60,Legacy4,6,0.94217095,-5.7829,-1.455745,6.3310,98,45.9184,false
0.60,Legacy5BNB,0,1.15729302,15.7293,1.442511,5.1445,94,47.8723,true
0.60,Legacy5BNB,1,1.27778892,27.7789,2.862075,4.8351,133,53.3835,true
0.60,Legacy5BNB,2,1.25441532,25.4415,2.068693,4.5774,116,46.5517,true
0.60,Legacy5BNB,3,0.92997809,-7.0022,-0.881689,8.5850,69,44.9275,false
0.60,Legacy5BNB,4,1.10307710,10.3077,1.161570,4.3128,98,50.0000,true
0.60,Legacy5BNB,5,0.88116852,-11.8831,-3.574821,12.2497,86,30.2326,false
0.60,Legacy5BNB,6,0.99402389,-0.5976,-0.074567,5.8825,120,48.3333,false
0.60,OldGuardNoBNB,0,1.11032193,11.0322,1.087075,6.0708,89,46.0674,true
0.60,OldGuardNoBNB,1,1.23794214,23.7942,2.588286,4.6520,115,52.1739,true
0.60,OldGuardNoBNB,2,1.28696484,28.6965,2.352590,4.3884,106,48.1132,true
0.60,OldGuardNoBNB,3,0.94044302,-5.9557,-0.573686,13.4906,71,40.8451,false
0.60,OldGuardNoBNB,4,1.05133591,5.1336,0.612372,6.0017,94,46.8085,true
0.60,OldGuardNoBNB,5,0.84452581,-15.5474,-3.716941,15.5474,94,32.9787,false
0.60,OldGuardNoBNB,6,0.91102587,-8.8974,-2.114978,10.3971,110,42.7273,false
0.60,LargeCaps5,0,1.26098592,26.0986,2.334008,4.2054,96,51.0417,true
0.60,LargeCaps5,1,1.45918529,45.9185,3.869514,4.7053,135,53.3333,true
0.60,LargeCaps5,2,1.32218579,32.2186,2.819581,6.6882,132,52.2727,true
0.60,LargeCaps5,3,0.98126129,-1.8739,-0.196272,7.0346,75,48.0000,false
0.60,LargeCaps5,4,1.14526845,14.5268,1.338085,7.6574,98,51.0204,true
0.60,LargeCaps5,5,0.97836128,-2.1639,-0.444460,10.2118,92,34.7826,false
0.60,Legacy3,0,1.02155997,2.1560,0.326409,7.7732,64,43.7500,true
0.60,Legacy3,1,1.18174933,18.1749,2.549819,2.7928,90,54.4444,true
0.60,Legacy3,2,1.11807830,11.8078,1.285656,5.4888,69,42.0290,true
0.60,Legacy3,3,0.92050578,-7.9494,-1.130744,9.5161,43,39.5349,false
0.60,Legacy3,4,1.09068976,9.0690,1.246940,4.2009,66,50.0000,true
0.60,Legacy3,5,0.91394407,-8.6056,-2.789111,9.1344,59,30.5085,false
0.60,Legacy3,6,0.92994807,-7.0052,-1.989154,7.2011,73,41.0959,false
0.60,LowVolume5,0,1.13947757,13.9478,1.469525,6.8196,88,48.8636,true
0.60,LowVolume5,1,1.24688671,24.6887,2.841965,6.4335,92,52.1739,true
0.60,LowVolume5,2,1.15835216,15.8352,1.447477,5.5005,88,50.0000,true
0.60,LowVolume5,3,0.90013439,-9.9866,-0.843949,18.0055,62,37.0968,false
0.60,LowVolume5,4,0.99684923,-0.3151,0.021107,6.0395,79,49.3671,false
0.60,LowVolume5,5,0.92457912,-7.5421,-1.722425,10.3455,84,40.4762,false
0.60,LowVolume5,6,0.86662461,-13.3375,-3.051552,13.3375,71,30.9859,false
0.60,OldGuard4,0,0.99644316,-0.3557,0.016912,10.1353,75,44.0000,false
0.60,OldGuard4,1,1.16325924,16.3259,2.306051,3.6291,93,52.6882,true
0.60,OldGuard4,2,1.17213457,17.2135,1.630700,5.4888,84,44.0476,true
0.60,OldGuard4,3,0.94575335,-5.4247,-0.520863,12.9550,59,40.6780,false
0.60,OldGuard4,4,1.05809287,5.8093,0.783077,5.6963,78,47.4359,true
0.60,OldGuard4,5,0.85818531,-14.1815,-3.664920,14.1815,78,33.3333,false
0.60,OldGuard4,6,0.89920703,-10.0793,-2.613910,11.3250,85,37.6471,false
0.65,Base5,0,1.32792476,32.7925,1.654025,8.5250,90,48.8889,true
0.65,Base5,1,1.40003646,40.0036,3.487518,4.4223,122,50.0000,true
0.65,Base5,2,1.42595047,42.5950,3.135106,6.1395,119,53.7815,true
0.65,Base5,3,0.95174901,-4.8251,-0.592282,10.1210,70,40.0000,false
0.65,Base5,4,1.16251558,16.2516,1.154940,8.0646,98,44.8980,true
0.65,Base5,5,1.05459468,5.4595,0.954669,6.8533,99,38.3838,true
0.65,NoDOGE,0,1.25258265,25.2583,2.184708,4.2054,77,51.9481,true
0.65,NoDOGE,1,1.47643241,47.6432,4.002077,3.4831,113,53.0973,true
0.65,NoDOGE,2,1.32884724,32.8847,2.836268,5.8681,107,54.2056,true
0.65,NoDOGE,3,0.96581304,-3.4187,-0.408355,9.0314,61,44.2623,false
0.65,NoDOGE,4,1.04466418,4.4664,0.489988,8.0646,83,45.7831,true
0.65,NoDOGE,5,1.00511901,0.5119,0.145298,8.6481,81,37.0370,true
0.65,Legacy4,0,1.20491125,20.4911,1.816656,5.6459,76,48.6842,true
0.65,Legacy4,1,1.29289200,29.2892,3.052817,3.3628,111,53.1532,true
0.65,Legacy4,2,1.27190702,27.1907,2.409428,4.3884,90,50.0000,true
0.65,Legacy4,3,0.91533721,-8.4663,-1.192569,10.0242,55,40.0000,false
0.65,Legacy4,4,1.05358289,5.3583,0.648322,6.1874,82,47.5610,true
0.65,Legacy4,5,0.88724952,-11.2750,-3.381237,12.0213,76,28.9474,false
0.65,Legacy4,6,0.94217095,-5.7829,-1.455745,6.3310,98,45.9184,false
0.65,Legacy5BNB,0,1.21872811,21.8728,1.871959,4.1640,93,49.4624,true
0.65,Legacy5BNB,1,1.30935849,30.9358,3.096284,3.8350,132,52.2727,true
0.65,Legacy5BNB,2,1.27876378,27.8764,2.222013,4.5774,115,47.8261,true
0.65,Legacy5BNB,3,0.94105151,-5.8948,-0.735504,8.5731,68,45.5882,false
0.65,Legacy5BNB,4,1.07239709,7.2397,0.828971,6.8463,98,48.9796,true
0.65,Legacy5BNB,5,0.87853233,-12.1468,-3.653424,12.5123,86,29.0698,false
0.65,Legacy5BNB,6,0.99402389,-0.5976,-0.074567,5.8825,120,48.3333,false
0.65,OldGuardNoBNB,0,1.17528643,17.5286,1.601460,5.6459,87,48.2759,true
0.65,OldGuardNoBNB,1,1.27266293,27.2663,2.862050,3.6500,114,51.7544,true
0.65,OldGuardNoBNB,2,1.31194508,31.1945,2.507737,4.3884,105,49.5238,true
0.65,OldGuardNoBNB,3,0.94044302,-5.9557,-0.573686,13.4906,71,40.8451,false
0.65,OldGuardNoBNB,4,1.01641815,1.6418,0.241619,6.4796,94,44.6809,true
0.65,OldGuardNoBNB,5,0.84365541,-15.6345,-3.732331,15.6345,93,32.2581,false
0.65,OldGuardNoBNB,6,0.91102587,-8.8974,-2.114978,10.3971,110,42.7273,false
0.65,LargeCaps5,0,1.29971391,29.9714,2.468408,4.2054,94,53.1915,true
0.65,LargeCaps5,1,1.49523650,49.5237,4.080696,3.2548,134,52.2388,true
0.65,LargeCaps5,2,1.34784969,34.7850,3.016719,6.6882,131,53.4351,true
0.65,LargeCaps5,3,0.99294535,-0.7055,-0.037636,7.0346,74,48.6486,false
0.65,LargeCaps5,4,1.11780735,11.7807,1.098541,7.6574,98,50.0000,true
0.65,LargeCaps5,5,0.97543433,-2.4566,-0.509311,10.4804,92,33.6957,false
0.65,Legacy3,0,1.08133104,8.1331,1.002945,5.6560,62,46.7742,true
0.65,Legacy3,1,1.19018219,19.0182,2.598263,2.7928,90,53.3333,true
0.65,Legacy3,2,1.13978043,13.9780,1.479113,5.4888,68,44.1176,true
0.65,Legacy3,3,0.92050578,-7.9494,-1.130744,9.5161,43,39.5349,false
0.65,Legacy3,4,1.06035429,6.0354,0.835301,6.1874,66,48.4848,true
0.65,Legacy3,5,0.91394407,-8.6056,-2.789111,9.1344,59,30.5085,false
0.65,Legacy3,6,0.92994807,-7.0052,-1.989154,7.2011,73,41.0959,false
0.65,LowVolume5,0,1.15882793,15.8828,1.558627,5.9503,87,49.4253,true
0.65,LowVolume5,1,1.25578438,25.5784,2.886378,6.4335,92,51.0870,true
0.65,LowVolume5,2,1.17750530,17.7505,1.587989,5.5005,87,51.7241,true
0.65,LowVolume5,3,0.90013439,-9.9866,-0.843949,18.0055,62,37.0968,false
0.65,LowVolume5,4,0.98434508,-1.5655,-0.132593,6.0395,79,48.1013,false
0.65,LowVolume5,5,0.92639771,-7.3602,-1.677000,10.3455,83,40.9639,false
0.65,LowVolume5,6,0.86662461,-13.3375,-3.051552,13.3375,71,30.9859,false
0.65,OldGuard4,0,1.05474465,5.4745,0.684394,8.0724,73,46.5753,true
0.65,OldGuard4,1,1.17156015,17.1560,2.359872,3.6291,93,51.6129,true
0.65,OldGuard4,2,1.19488594,19.4886,1.803276,5.4888,83,45.7831,true
0.65,OldGuard4,3,0.94575335,-5.4247,-0.520863,12.9550,59,40.6780,false
0.65,OldGuard4,4,1.02295069,2.2951,0.341529,6.4796,78,44.8718,true
0.65,OldGuard4,5,0.85987331,-14.0127,-3.612159,14.0127,77,33.7662,false
0.65,OldGuard4,6,0.89920703,-10.0793,-2.613910,11.3250,85,37.6471,false
0.70,Base5,0,1.31199032,31.1990,1.586006,8.5250,88,47.7273,true
0.70,Base5,1,1.40003646,40.0036,3.487518,4.4223,122,50.0000,true
0.70,Base5,2,1.45617700,45.6177,3.288482,6.1395,117,54.7009,true
0.70,Base5,3,0.95940214,-4.0598,-0.484805,9.3982,69,42.0290,false
0.70,Base5,4,1.16147780,16.1478,1.148207,8.0646,97,43.2990,true
0.70,Base5,5,1.10598159,10.5982,1.347438,7.0157,98,39.7959,true
0.70,NoDOGE,0,1.23755228,23.7552,2.058760,4.1748,75,50.6667,true
0.70,NoDOGE,1,1.47643241,47.6432,4.002077,3.4831,113,53.0973,true
0.70,NoDOGE,2,1.35701543,35.7015,3.007902,5.7148,105,55.2381,true
0.70,NoDOGE,3,0.97357926,-2.6421,-0.299570,8.2999,60,46.6667,false
0.70,NoDOGE,4,1.04373160,4.3732,0.481329,8.0646,82,43.9024,true
0.70,NoDOGE,5,1.05409514,5.4095,0.812145,8.9681,80,38.7500,true
0.70,Legacy4,0,1.18350059,18.3501,1.634311,5.3893,75,48.0000,true
0.70,Legacy4,1,1.29289200,29.2892,3.052817,3.3628,111,53.1532,true
0.70,Legacy4,2,1.25587492,25.5875,2.265285,4.7549,89,49.4382,true
0.70,Legacy4,3,0.92269755,-7.7302,-1.074589,9.3007,54,42.5926,false
0.70,Legacy4,4,1.04501040,4.5010,0.556117,6.3712,82,45.1220,true
0.70,Legacy4,5,0.88414157,-11.5858,-3.477753,12.3295,76,28.9474,false
0.70,Legacy4,6,0.94586186,-5.4138,-1.345062,6.6507,97,45.3608,false
0.70,Legacy5BNB,0,1.19707194,19.7072,1.688377,5.2308,92,48.9130,true
0.70,Legacy5BNB,1,1.30935849,30.9358,3.096284,3.8350,132,52.2727,true
0.70,Legacy5BNB,2,1.26700450,26.7005,2.135243,5.7458,113,47.7876,true
0.70,Legacy5BNB,3,0.94561485,-5.4385,-0.667092,8.1297,67,47.7612,false
0.70,Legacy5BNB,4,1.06770995,6.7710,0.779709,6.6759,97,47.4227,true
0.70,Legacy5BNB,5,0.87545492,-12.4545,-3.749803,12.8187,86,29.0698,false
0.70,Legacy5BNB,6,0.99752633,-0.2474,-0.007770,6.2036,119,47.8992,false
0.70,OldGuardNoBNB,0,1.14890591,14.8906,1.373202,5.6226,86,47.6744,true
0.70,OldGuardNoBNB,1,1.27266293,27.2663,2.862050,3.6500,114,51.7544,true
0.70,OldGuardNoBNB,2,1.29219198,29.2192,2.353083,4.7549,104,48.0769,true
0.70,OldGuardNoBNB,3,0.94800524,-5.1995,-0.488122,12.7950,70,42.8571,false
0.70,OldGuardNoBNB,4,1.00814805,0.8148,0.154332,6.6629,94,42.5532,true
0.70,OldGuardNoBNB,5,0.84070016,-15.9300,-3.808667,15.9300,93,32.2581,false
0.70,OldGuardNoBNB,6,0.91459477,-8.5405,-2.007857,10.0461,109,42.2018,false
0.70,LargeCaps5,0,1.28411799,28.4118,2.334861,4.1748,92,52.1739,true
0.70,LargeCaps5,1,1.49523650,49.5237,4.080696,3.2548,134,52.2388,true
0.70,LargeCaps5,2,1.38729340,38.7293,3.274399,7.8308,128,54.6875,true
0.70,LargeCaps5,3,0.99776032,-0.2240,0.028272,6.5837,73,50.6849,false
0.70,LargeCaps5,4,1.12104966,12.1050,1.124203,7.6574,96,48.9583,true
0.70,LargeCaps5,5,1.02296402,2.2964,0.378496,10.7940,91,35.1648,true
0.70,Legacy3,0,1.05876759,5.8768,0.739751,7.6246,62,45.1613,true
0.70,Legacy3,1,1.19018219,19.0182,2.598263,2.7928,90,53.3333,true
0.70,Legacy3,2,1.11942457,11.9425,1.272056,6.1843,68,44.1176,true
0.70,Legacy3,3,0.92050578,-7.9494,-1.130744,9.5161,43,39.5349,false
0.70,Legacy3,4,1.05172670,5.1727,0.724679,6.3712,66,45.4545,true
0.70,Legacy3,5,0.91235102,-8.7649,-2.841590,9.2928,59,30.5085,false
0.70,Legacy3,6,0.93455454,-6.5445,-1.827740,6.7414,72,41.6667,false
0.70,LowVolume5,0,1.13946235,13.9462,1.370217,7.6223,86,48.8372,true
0.70,LowVolume5,1,1.25578438,25.5784,2.886378,6.4335,92,51.0870,true
0.70,LowVolume5,2,1.17458170,17.4582,1.564600,5.5005,87,50.5747,true
0.70,LowVolume5,3,0.90013439,-9.9866,-0.843949,18.0055,62,37.0968,false
0.70,LowVolume5,4,0.98241584,-1.7584,-0.156424,6.0946,79,46.8354,false
0.70,LowVolume5,5,0.97495318,-2.5047,-0.301689,10.3455,82,42.6829,false
0.70,LowVolume5,6,0.86308161,-13.6918,-3.133673,13.6918,71,30.9859,false
0.70,OldGuard4,0,1.02781896,2.7819,0.378340,9.9906,73,45.2055,true
0.70,OldGuard4,1,1.17156015,17.1560,2.359872,3.6291,93,51.6129,true
0.70,OldGuard4,2,1.17063216,17.0632,1.590350,6.1843,83,44.5783,true
0.70,OldGuard4,3,0.94575335,-5.4247,-0.520863,12.9550,59,40.6780,false
0.70,OldGuard4,4,1.01462743,1.4627,0.239106,6.6629,78,42.3077,true
0.70,OldGuard4,5,0.85837451,-14.1625,-3.653284,14.1625,77,33.7662,false
0.70,OldGuard4,6,0.90366124,-9.6339,-2.464053,10.8857,84,38.0952,false
0.75,Base5,0,1.26605190,26.6052,1.395244,8.5250,87,47.1264,true
0.75,Base5,1,1.40003646,40.0036,3.487518,4.4223,122,50.0000,true
0.75,Base5,2,1.44742085,44.7421,3.234043,6.1395,117,53.8462,true
0.75,Base5,3,0.96463095,-3.5369,-0.408095,8.9045,68,41.1765,false
0.75,Base5,4,1.17770230,17.7702,1.242054,8.0646,97,43.2990,true
0.75,Base5,5,1.10382203,10.3822,1.321743,7.0157,98,38.7755,true
0.75,NoDOGE,0,1.19422026,19.4220,1.730673,4.1748,74,50.0000,true
0.75,NoDOGE,1,1.47643241,47.6432,4.002077,3.4831,113,53.0973,true
0.75,NoDOGE,2,1.34885555,34.8856,2.946792,5.7148,105,54.2857,true
0.75,NoDOGE,3,0.97888534,-2.1115,-0.223391,7.8001,59,45.7627,false
0.75,NoDOGE,4,1.05831133,5.8311,0.609759,8.0646,82,43.9024,true
0.75,NoDOGE,5,1.05203689,5.2037,0.783414,8.9681,80,37.5000,true
0.75,Legacy4,0,1.16375542,16.3755,1.496874,5.3466,74,47.2973,true
0.75,Legacy4,1,1.29289200,29.2892,3.052817,3.3628,111,53.1532,true
0.75,Legacy4,2,1.24832322,24.8323,2.205350,4.9602,89,48.3146,true
0.75,Legacy4,3,0.92952755,-7.0472,-0.958400,8.6293,53,41.5094,false
0.75,Legacy4,4,1.06559556,6.5596,0.763778,6.3712,81,44.4444,true
0.75,Legacy4,5,0.88241517,-11.7585,-3.527872,12.5007,76,27.6316,false
0.75,Legacy4,6,0.94106052,-5.8939,-1.465410,7.0393,97,44.3299,false
0.75,Legacy5BNB,0,1.17710035,17.7100,1.555436,5.2308,91,48.3516,true
0.75,Legacy5BNB,1,1.30546060,30.5461,3.067793,3.8350,132,52.2727,true
0.75,Legacy5BNB,2,1.25938587,25.9386,2.081405,5.7458,113,46.9027,true
0.75,Legacy5BNB,3,0.95261449,-4.7386,-0.564413,7.6294,66,46.9697,false
0.75,Legacy5BNB,4,1.12059747,12.0597,1.252728,6.8957,94,47.8723,true
0.75,Legacy5BNB,5,0.87374548,-12.6255,-3.799594,12.9889,86,27.9070,false
0.75,Legacy5BNB,6,0.98572912,-1.4271,-0.231229,6.2036,119,46.2185,false
0.75,OldGuardNoBNB,0,1.12973791,12.9738,1.230983,5.6226,85,47.0588,true
0.75,OldGuardNoBNB,1,1.27266293,27.2663,2.862050,3.6500,114,51.7544,true
0.75,OldGuardNoBNB,2,1.28665492,28.6655,2.337515,4.9602,103,48.5437,true
0.75,OldGuardNoBNB,3,0.95502258,-4.4977,-0.407246,12.3201,69,42.0290,false
0.75,OldGuardNoBNB,4,1.02156255,2.1563,0.292431,7.2480,93,41.9355,true
0.75,OldGuardNoBNB,5,0.83905859,-16.0941,-3.853846,16.0941,93,31.1828,false
0.75,OldGuardNoBNB,6,0.91766751,-8.2332,-1.944297,9.7439,108,41.6667,false
0.75,LargeCaps5,0,1.23915551,23.9156,2.016532,4.1748,91,51.6484,true
0.75,LargeCaps5,1,1.49078527,49.0785,4.055825,3.4745,134,52.2388,true
0.75,LargeCaps5,2,1.37895146,37.8951,3.211656,7.8308,128,53.9062,true
0.75,LargeCaps5,3,1.00319819,0.3198,0.100963,6.5837,72,50.0000,true
0.75,LargeCaps5,4,1.13917789,13.9178,1.265138,7.6574,95,48.4211,true
0.75,LargeCaps5,5,1.02721547,2.7215,0.439391,10.4233,90,34.4444,true
0.75,Legacy3,0,1.05059878,5.0599,0.649935,8.3004,61,44.2623,true
0.75,Legacy3,1,1.19018219,19.0182,2.598263,2.7928,90,53.3333,true
0.75,Legacy3,2,1.11509661,11.5097,1.229965,6.1843,68,44.1176,true
0.75,Legacy3,3,0.93334358,-6.6656,-0.923692,8.5383,42,40.4762,false
0.75,Legacy3,4,1.05766973,5.7670,0.791899,6.3712,65,44.6154,true
0.75,Legacy3,5,0.91056955,-8.9430,-2.900332,9.4699,59,28.8136,false
0.75,Legacy3,6,0.93066382,-6.9336,-1.942588,6.9336,72,41.6667,false
0.75,LowVolume5,0,1.11822094,11.8221,1.169324,7.6223,86,48.8372,true
0.75,LowVolume5,1,1.25578438,25.5784,2.886378,6.4335,92,51.0870,true
0.75,LowVolume5,2,1.17207467,17.2075,1.566230,5.5005,86,52.3256,true
0.75,LowVolume5,3,0.91268808,-8.7312,-0.718779,18.0055,61,37.7049,false
0.75,LowVolume5,4,0.98177369,-1.8226,-0.160393,7.1540,78,46.1538,false
0.75,LowVolume5,5,0.97495318,-2.5047,-0.301689,10.3455,82,42.6829,false
0.75,LowVolume5,6,0.86422017,-13.5780,-3.103673,13.5780,71,30.9859,false
0.75,OldGuard4,0,1.01988893,1.9889,0.289744,10.6490,72,44.4444,true
0.75,OldGuard4,1,1.17156015,17.1560,2.359872,3.6291,93,51.6129,true
0.75,OldGuard4,2,1.16813355,16.8134,1.593508,6.1843,82,46.3415,true
0.75,OldGuard4,3,0.95894327,-4.1057,-0.371606,12.4810,58,41.3793,false
0.75,OldGuard4,4,1.01396423,1.3964,0.229302,7.2480,77,41.5584,true
0.75,OldGuard4,5,0.85669843,-14.3302,-3.705131,14.3302,77,32.4675,false
0.75,OldGuard4,6,0.90108626,-9.8914,-2.532653,10.7682,84,38.0952,false
0.80,Base5,0,1.32531231,32.5312,1.593765,8.4762,86,48.8372,true
0.80,Base5,1,1.39839399,39.8394,3.475053,4.4223,122,50.0000,true
0.80,Base5,2,1.47703216,47.7032,3.391209,6.1395,114,56.1404,true
0.80,Base5,3,0.97749440,-2.2506,-0.233562,7.6897,67,41.7910,false
0.80,Base5,4,1.12158495,12.1585,0.895681,8.0646,97,41.2371,true
0.80,Base5,5,1.08235937,8.2359,1.064955,7.3713,98,38.7755,true
0.80,NoDOGE,0,1.25011843,25.0118,1.967953,5.1336,73,52.0548,true
0.80,NoDOGE,1,1.47165358,47.1654,3.967177,3.4831,113,52.2124,true
0.80,NoDOGE,2,1.37645041,37.6450,3.121948,5.7148,102,56.8627,true
0.80,NoDOGE,3,0.99193886,-0.8061,-0.047129,6.5996,58,46.5517,false
0.80,NoDOGE,4,1.00788294,0.7883,0.151262,8.0646,82,41.4634,true
0.80,NoDOGE,5,1.03158113,3.1581,0.496657,9.4179,80,37.5000,true
0.80,Legacy4,0,1.14996769,14.9968,1.376986,5.3466,74,45.9459,true
0.80,Legacy4,1,1.31058814,31.0588,3.198846,3.3628,110,53.6364,true
0.80,Legacy4,2,1.25979740,25.9797,2.278602,4.3884,87,50.5747,true
0.80,Legacy4,3,0.93006895,-6.9931,-0.950268,8.5761,53,41.5094,false
0.80,Legacy4,4,1.02358293,2.3583,0.320507,6.9259,81,43.2099,true
0.80,Legacy4,5,0.87872264,-12.1277,-3.636176,12.8668,76,26.3158,false
0.80,Legacy4,6,0.94570565,-5.4294,-1.347562,6.6460,96,44.7917,false
0.80,Legacy5BNB,0,1.16315452,16.3155,1.441318,5.2308,91,47.2527,true
0.80,Legacy5BNB,1,1.29572750,29.5728,2.887056,3.8350,131,51.9084,true
0.80,Legacy5BNB,2,1.27096174,27.0962,2.149616,5.7458,111,48.6486,true
0.80,Legacy5BNB,3,0.90419827,-9.5802,-1.069511,11.1191,66,46.9697,false
0.80,Legacy5BNB,4,1.07641631,7.6416,0.829825,7.5182,94,46.8085,true
0.80,Legacy5BNB,5,0.87805223,-12.1948,-3.676857,12.5601,85,28.2353,false
0.80,Legacy5BNB,6,0.99059473,-0.9405,-0.139112,6.2036,118,46.6102,false
0.80,OldGuardNoBNB,0,1.11635321,11.6353,1.110887,5.6226,85,45.8824,true
0.80,OldGuardNoBNB,1,1.29008219,29.0082,3.008260,3.6500,113,52.2124,true
0.80,OldGuardNoBNB,2,1.29848144,29.8481,2.406194,4.3884,101,50.4950,true
0.80,OldGuardNoBNB,3,0.95557882,-4.4421,-0.401172,12.3201,69,42.0290,false
0.80,OldGuardNoBNB,4,1.02739941,2.7399,0.333725,8.8866,92,42.3913,true
0.80,OldGuardNoBNB,5,0.84261731,-15.7383,-3.701760,15.7383,93,30.1075,false
0.80,OldGuardNoBNB,6,0.91953745,-8.0463,-1.890046,9.5632,107,42.0561,false
0.80,LargeCaps5,0,1.29715697,29.7157,2.227126,5.1336,90,53.3333,true
0.80,LargeCaps5,1,1.45496663,45.4967,3.722434,3.4745,134,50.7463,true
0.80,LargeCaps5,2,1.40716202,40.7162,3.388116,7.8308,125,56.0000,true
0.80,LargeCaps5,3,0.96434721,-3.5653,-0.348010,8.6229,71,50.7042,false
0.80,LargeCaps5,4,1.08489622,8.4896,0.810968,7.6574,95,46.3158,true
0.80,LargeCaps5,5,1.01646056,1.6461,0.285639,10.0501,89,35.9551,true
0.80,Legacy3,0,0.99412170,-0.5878,-0.033167,7.4634,61,42.6230,false
0.80,Legacy3,1,1.20647252,20.6473,2.778642,2.7928,89,53.9326,true
0.80,Legacy3,2,1.13103922,13.1039,1.372158,5.0095,66,46.9697,true
0.80,Legacy3,3,0.93334358,-6.6656,-0.923692,8.5383,42,40.4762,false
0.80,Legacy3,4,1.03975511,3.9755,0.568564,6.3712,65,44.6154,true
0.80,Legacy3,5,0.90675920,-9.3241,-3.023357,9.8487,59,27.1186,false
0.80,Legacy3,6,0.93525763,-6.4742,-1.806819,6.7414,71,42.2535,false
0.80,LowVolume5,0,1.11242641,11.2426,1.105852,7.6223,85,48.2353,true
0.80,LowVolume5,1,1.27710629,27.7106,3.078318,6.0120,91,52.7473,true
0.80,LowVolume5,2,1.19188192,19.1882,1.725247,5.5005,84,53.5714,true
0.80,LowVolume5,3,0.91268808,-8.7312,-0.718779,18.0055,61,37.7049,false
0.80,LowVolume5,4,1.00552742,0.5527,0.126589,7.3073,77,46.7532,true
0.80,LowVolume5,5,0.96220707,-3.7793,-0.479408,12.2003,82,41.4634,false
0.80,LowVolume5,6,0.86172768,-13.8272,-3.150302,13.8272,71,30.9859,false
0.80,OldGuard4,0,0.96506272,-3.4937,-0.429286,9.8334,72,43.0556,false
0.80,OldGuard4,1,1.18759560,18.7596,2.541054,3.6291,92,52.1739,true
0.80,OldGuard4,2,1.18483443,18.4834,1.722815,5.0095,80,48.7500,true
0.80,OldGuard4,3,0.95894327,-4.1057,-0.371606,12.4810,58,41.3793,false
0.80,OldGuard4,4,1.04363189,4.3632,0.534195,7.0190,76,43.4211,true
0.80,OldGuard4,5,0.86033197,-13.9668,-3.540018,13.9668,77,31.1688,false
0.80,OldGuard4,6,0.90292242,-9.7078,-2.465411,11.0255,83,38.5542,false
0.85,Base5,0,1.33682986,33.6830,1.638620,8.4762,86,48.8372,true
0.85,Base5,1,1.39351948,39.3519,3.436900,4.4223,122,50.0000,true
0.85,Base5,2,1.49486244,49.4862,3.637376,6.1395,112,55.3571,true
0.85,Base5,3,0.97494772,-2.5052,-0.240587,8.7836,67,40.2985,false
0.85,Base5,4,1.15135450,15.1355,1.082118,8.0646,95,43.1579,true
0.85,Base5,5,1.08791796,8.7918,1.131774,7.3939,97,40.2062,true
0.85,NoDOGE,0,1.26098251,26.0983,2.040646,5.1336,73,52.0548,true
0.85,NoDOGE,1,1.46652371,46.6524,3.928713,3.4831,113,52.2124,true
0.85,NoDOGE,2,1.35952333,35.9523,3.157655,5.7148,101,55.4455,true
0.85,NoDOGE,3,0.98935455,-1.0645,-0.067276,8.7836,58,44.8276,false
0.85,NoDOGE,4,1.03463457,3.4635,0.396164,8.0646,80,43.7500,true
0.85,NoDOGE,5,1.03687894,3.6879,0.571187,9.4400,79,39.2405,true
0.85,Legacy4,0,1.14394514,14.3945,1.317112,5.2704,73,43.8356,true
0.85,Legacy4,1,1.30601971,30.6020,3.155457,3.3628,110,53.6364,true
0.85,Legacy4,2,1.28176409,28.1764,2.459615,4.6885,86,50.0000,true
0.85,Legacy4,3,0.95376560,-4.6234,-0.582571,6.7603,53,41.5094,false
0.85,Legacy4,4,1.06189180,6.1892,0.746206,6.9259,78,48.7179,true
0.85,Legacy4,5,0.88345100,-11.6549,-3.516173,12.3980,75,28.0000,false
0.85,Legacy4,6,0.95420449,-4.5796,-1.130668,6.2890,95,46.3158,false
0.85,Legacy5BNB,0,1.15706290,15.7063,1.383129,5.2308,90,45.5556,true
0.85,Legacy5BNB,1,1.29121087,29.1211,2.846782,3.8350,131,51.9084,true
0.85,Legacy5BNB,2,1.31304955,31.3050,2.433275,5.7458,110,48.1818,true
0.85,Legacy5BNB,3,0.92723577,-7.2764,-0.769172,9.5806,66,46.9697,false
0.85,Legacy5BNB,4,1.12517097,12.5171,1.304788,5.2763,91,50.5495,true
0.85,Legacy5BNB,5,0.88098758,-11.9012,-3.596819,12.2677,85,29.4118,false
0.85,Legacy5BNB,6,0.99949699,-0.0503,0.029057,5.7134,117,47.8632,false
0.85,OldGuardNoBNB,0,1.11050670,11.0507,1.052706,5.6226,84,44.0476,true
0.85,OldGuardNoBNB,1,1.28558524,28.5585,2.965231,3.6500,113,52.2124,true
0.85,OldGuardNoBNB,2,1.32112265,32.1123,2.575084,4.6885,100,50.0000,true
0.85,OldGuardNoBNB,3,0.97992542,-2.0075,-0.135070,10.1049,69,42.0290,false
0.85,OldGuardNoBNB,4,1.05933345,5.9333,0.640563,8.8866,89,47.1910,true
0.85,OldGuardNoBNB,5,0.83925001,-16.0750,-3.818819,16.0750,91,31.8681,false
0.85,OldGuardNoBNB,6,0.92780113,-7.2199,-1.689189,8.8898,106,43.3962,false
0.85,LargeCaps5,0,1.30842983,30.8430,2.298102,5.1336,90,53.3333,true
0.85,LargeCaps5,1,1.44989492,44.9895,3.685660,3.4745,134,50.7463,true
0.85,LargeCaps5,2,1.43504405,43.5044,3.321941,7.8308,124,54.8387,true
0.85,LargeCaps5,3,0.96183479,-3.8165,-0.349213,8.7507,71,49.2958,false
0.85,LargeCaps5,4,1.12213757,12.2138,1.109794,7.6574,93,47.3118,true
0.85,LargeCaps5,5,1.02168072,2.1681,0.360020,9.6262,88,37.5000,true
0.85,Legacy3,0,0.98891533,-1.1085,-0.103245,6.5218,60,40.0000,false
0.85,Legacy3,1,1.20226701,20.2267,2.724396,2.7928,89,53.9326,true
0.85,Legacy3,2,1.15600212,15.6002,1.609878,5.0095,65,47.6923,true
0.85,Legacy3,3,0.95678325,-4.3217,-0.556060,7.2903,42,40.4762,false
0.85,Legacy3,4,1.07866924,7.8669,1.113092,4.1441,62,51.6129,true
0.85,Legacy3,5,0.90675920,-9.3241,-3.023357,9.8487,59,27.1186,false
0.85,Legacy3,6,0.94366258,-5.6337,-1.567940,6.1201,70,44.2857,false
0.85,LowVolume5,0,1.09706647,9.7066,0.964515,7.6223,84,46.4286,true
0.85,LowVolume5,1,1.27710629,27.7106,3.078318,6.0120,91,52.7473,true
0.85,LowVolume5,2,1.21095210,21.0952,1.873685,5.5005,83,53.0120,true
0.85,LowVolume5,3,0.88792138,-11.2079,-0.934057,20.4847,61,37.7049,false
0.85,LowVolume5,4,1.01722385,1.7224,0.256972,6.0943,75,49.3333,true
0.85,LowVolume5,5,0.96315761,-3.6842,-0.460529,12.2638,80,42.5000,false
0.85,LowVolume5,6,0.86763221,-13.2368,-3.015071,13.2661,70,31.4286,false
0.85,OldGuard4,0,0.96000854,-3.9991,-0.488724,8.9160,71,40.8451,false
0.85,OldGuard4,1,1.18345589,18.3456,2.487391,3.6291,92,52.1739,true
0.85,OldGuard4,2,1.21098464,21.0985,1.942378,5.0095,79,49.3671,true
0.85,OldGuard4,3,0.98302584,-1.6974,-0.106520,10.5689,58,41.3793,false
0.85,OldGuard4,4,1.07607047,7.6070,0.900153,7.0190,73,49.3151,true
0.85,OldGuard4,5,0.86139205,-13.8608,-3.416286,13.8608,75,32.0000,false
0.85,OldGuard4,6,0.91103678,-8.8963,-2.252501,10.4035,82,40.2439,false
0.90,Base5,0,1.33379523,33.3795,1.596502,8.4762,86,48.8372,true
0.90,Base5,1,1.34200348,34.2003,3.205220,4.4223,122,50.0000,true
0.90,Base5,2,1.47794999,47.7950,3.523082,6.1395,110,55.4545,true
0.90,Base5,3,0.98677998,-1.3220,-0.086585,7.7004,66,37.8788,false
0.90,Base5,4,1.13536036,13.5360,0.980416,8.1161,94,43.6170,true
0.90,Base5,5,1.08037591,8.0376,1.038289,7.5223,96,39.5833,true
0.90,NoDOGE,0,1.25812005,25.8120,1.916916,5.1336,73,52.0548,true
0.90,NoDOGE,1,1.41230886,41.2309,3.720272,3.7440,113,52.2124,true
0.90,NoDOGE,2,1.34414208,34.4142,3.029129,5.7148,99,55.5556,true
0.90,NoDOGE,3,1.00136166,0.1362,0.081491,7.7004,57,42.1053,true
0.90,NoDOGE,4,1.02026185,2.0262,0.264221,9.5849,79,44.3038,true
0.90,NoDOGE,5,1.02969073,2.9691,0.468623,9.5656,78,38.4615,true
0.90,Legacy4,0,1.13087182,13.0872,1.207555,5.2704,73,43.8356,true
0.90,Legacy4,1,1.30601971,30.6020,3.155457,3.3628,110,53.6364,true
0.90,Legacy4,2,1.26586265,26.5863,2.340952,4.4678,85,50.5882,true
0.90,Legacy4,3,0.96003144,-3.9969,-0.483068,6.7603,53,39.6226,false
0.90,Legacy4,4,1.04631524,4.6315,0.573689,6.9259,78,48.7179,true
0.90,Legacy4,5,0.87926346,-12.0737,-3.608482,12.8132,74,27.0270,false
0.90,Legacy4,6,0.98559365,-1.4406,-0.313034,5.9842,93,47.3118,false
0.90,Legacy5BNB,0,1.13703302,13.7033,1.221869,5.3612,90,44.4444,true
0.90,Legacy5BNB,1,1.29195596,29.1956,2.851471,3.8350,130,51.5385,true
0.90,Legacy5BNB,2,1.29675998,29.6760,2.326172,5.7458,109,48.6239,true
0.90,Legacy5BNB,3,0.93332733,-6.6673,-0.686239,9.5443,66,45.4545,false
0.90,Legacy5BNB,4,1.11352219,11.3522,1.184467,5.2763,91,50.5495,true
0.90,Legacy5BNB,5,0.86444726,-13.5553,-3.974168,13.9149,84,27.3810,false
0.90,Legacy5BNB,6,1.03237607,3.2376,0.627336,5.3414,115,48.6957,true
0.90,OldGuardNoBNB,0,1.09781553,9.7816,0.942964,5.6226,84,44.0476,true
0.90,OldGuardNoBNB,1,1.28319066,28.3191,2.947399,3.6500,113,52.2124,true
0.90,OldGuardNoBNB,2,1.30473293,30.4733,2.464175,4.4678,99,50.5051,true
0.90,OldGuardNoBNB,3,0.98220833,-1.7792,-0.108382,9.4158,69,40.5797,false
0.90,OldGuardNoBNB,4,1.04379442,4.3794,0.492479,8.8866,89,47.1910,true
0.90,OldGuardNoBNB,5,0.83527198,-16.4728,-3.896789,16.4728,90,31.1111,false
0.90,OldGuardNoBNB,6,0.95951553,-4.0484,-0.880147,7.4514,104,44.2308,false
0.90,LargeCaps5,0,1.29769127,29.7691,2.114593,5.1336,90,52.2222,true
0.90,LargeCaps5,1,1.39710055,39.7101,3.382790,3.7354,133,50.3759,true
0.90,LargeCaps5,2,1.41880837,41.8808,3.206988,7.8308,122,54.9180,true
0.90,LargeCaps5,3,0.97350791,-2.6492,-0.206228,8.7637,70,47.1429,false
0.90,LargeCaps5,4,1.11139603,11.1396,1.015191,7.6574,92,47.8261,true
0.90,LargeCaps5,5,1.00564947,0.5649,0.131521,11.0068,87,36.7816,true
0.90,Legacy3,0,0.97896076,-2.1039,-0.241470,7.4628,60,40.0000,false
0.90,Legacy3,1,1.20226701,20.2267,2.724396,2.7928,89,53.9326,true
0.90,Legacy3,2,1.14166087,14.1661,1.478783,4.7895,64,48.4375,true
0.90,Legacy3,3,0.95716773,-4.2832,-0.550859,7.2903,42,40.4762,false
0.90,Legacy3,4,1.06284658,6.2847,0.893686,5.5502,62,51.6129,true
0.90,Legacy3,5,0.90903311,-9.0967,-2.954238,9.6227,58,25.8621,false
0.90,Legacy3,6,0.96904771,-3.0952,-0.792098,5.3589,69,44.9275,false
0.90,LowVolume5,0,1.09706647,9.7066,0.964515,7.6223,84,46.4286,true
0.90,LowVolume5,1,1.22760304,22.7603,2.789993,6.0120,91,52.7473,true
0.90,LowVolume5,2,1.21229132,21.2291,1.884098,5.5005,82,52.4390,true
0.90,LowVolume5,3,0.88418125,-11.5819,-0.969878,20.4847,61,37.7049,false
0.90,LowVolume5,4,1.01278200,1.2782,0.205978,7.1448,74,51.3514,true
0.90,LowVolume5,5,0.96557295,-3.4427,-0.426109,12.1864,79,41.7722,false
0.90,LowVolume5,6,0.87378572,-12.6214,-2.842694,13.2926,69,31.8841,false
0.90,OldGuard4,0,0.95034495,-4.9655,-0.618910,9.8329,71,40.8451,false
0.90,OldGuard4,1,1.18125154,18.1252,2.465517,3.6291,92,52.1739,true
0.90,OldGuard4,2,1.19596128,19.5961,1.821970,4.7895,78,50.0000,true
0.90,OldGuard4,3,0.97927847,-2.0722,-0.146239,10.5689,58,41.3793,false
0.90,OldGuard4,4,1.06028593,6.0286,0.725261,7.7005,73,49.3151,true
0.90,OldGuard4,5,0.86355219,-13.6448,-3.363566,13.6448,74,31.0811,false
0.90,OldGuard4,6,0.93670969,-6.3290,-1.501233,8.9889,81,40.7407,false
0.95,Base5,0,1.29754243,29.7542,1.451780,8.4762,85,47.0588,true
0.95,Base5,1,1.34200348,34.2003,3.205220,4.4223,122,50.0000,true
0.95,Base5,2,1.50887794,50.8878,3.618479,6.1395,108,56.4815,true
0.95,Base5,3,0.99869407,-0.1306,0.051590,7.7004,65,40.0000,false
0.95,Base5,4,1.06809425,6.8094,0.541113,9.5559,94,41.4894,true
0.95,Base5,5,1.05403409,5.4034,0.720028,7.9536,96,36.4583,true
0.95,NoDOGE,0,1.23766587,23.7666,1.775010,5.1336,72,50.0000,true
0.95,NoDOGE,1,1.41230886,41.2309,3.720272,3.7440,113,52.2124,true
0.95,NoDOGE,2,1.37226993,37.2270,3.137691,5.7148,97,56.7010,true
0.95,NoDOGE,3,1.01345180,1.3452,0.221202,7.7004,56,44.6429,true
0.95,NoDOGE,4,0.95981492,-4.0185,-0.270162,11.7589,79,41.7722,false
0.95,NoDOGE,5,1.00458472,0.4585,0.114863,10.5906,78,34.6154,true
0.95,Legacy4,0,1.17639816,17.6398,1.587740,4.9017,70,45.7143,true
0.95,Legacy4,1,1.30601971,30.6020,3.155457,3.3628,110,53.6364,true
0.95,Legacy4,2,1.27059390,27.0594,2.343952,4.4678,83,50.6024,true
0.95,Legacy4,3,0.98948524,-1.0515,-0.080162,6.5597,51,45.0980,false
0.95,Legacy4,4,0.99277172,-0.7228,-0.002839,9.9662,78,47.4359,false
0.95,Legacy4,5,0.88467149,-11.5329,-3.438708,13.2738,73,27.3973,false
0.95,Legacy4,6,1.00445109,0.4451,0.129146,6.3711,92,48.9130,true
0.95,Legacy5BNB,0,1.21221932,21.2219,1.752126,4.8155,87,47.1264,true
0.95,Legacy5BNB,1,1.27766345,27.7663,2.717451,3.8744,130,51.5385,true
0.95,Legacy5BNB,2,1.29313957,29.3140,2.255852,5.4357,105,48.5714,true
0.95,Legacy5BNB,3,0.95396232,-4.6038,-0.437680,8.5001,64,48.4375,false
0.95,Legacy5BNB,4,1.05653946,5.6539,0.603725,8.8578,91,49.4505,true
0.95,Legacy5BNB,5,0.86976415,-13.0236,-3.808418,14.3697,83,27.7108,false
0.95,Legacy5BNB,6,1.05523619,5.5236,0.971861,5.7309,113,50.4425,true
0.95,OldGuardNoBNB,0,1.14201109,14.2011,1.327523,5.6226,81,45.6790,true
0.95,OldGuardNoBNB,1,1.28319066,28.3191,2.947399,3.6500,113,52.2124,true
0.95,OldGuardNoBNB,2,1.30282409,30.2824,2.419183,4.4678,96,48.9583,true
0.95,OldGuardNoBNB,3,1.01234252,1.2343,0.198063,7.6976,67,44.7761,true
0.95,OldGuardNoBNB,4,0.99178878,-0.8211,0.005348,12.8473,89,46.0674,false
0.95,OldGuardNoBNB,5,0.84040943,-15.9591,-3.763619,15.9591,89,31.4607,false
0.95,OldGuardNoBNB,6,0.97377414,-2.6226,-0.499772,8.2187,103,45.6311,false
0.95,LargeCaps5,0,1.27535262,27.5353,1.943729,5.1336,89,50.5618,true
0.95,LargeCaps5,1,1.38164486,38.1645,3.258883,3.9656,133,50.3759,true
0.95,LargeCaps5,2,1.43907601,43.9076,3.214175,7.5275,118,55.9322,true
0.95,LargeCaps5,3,0.97706847,-2.2932,-0.166918,8.4301,69,47.8261,false
0.95,LargeCaps5,4,1.04554973,4.5550,0.458846,8.6386,92,45.6522,true
0.95,LargeCaps5,5,0.98112964,-1.8870,-0.217650,12.6674,87,33.3333,false
0.95,Legacy3,0,1.01837150,1.8372,0.308058,5.9820,57,42.1053,true
0.95,Legacy3,1,1.20226701,20.2267,2.724396,2.7928,89,53.9326,true
0.95,Legacy3,2,1.16221076,16.2211,1.654033,4.7895,62,50.0000,true
0.95,Legacy3,3,0.98653366,-1.3466,-0.129633,6.5597,40,47.5000,false
0.95,Legacy3,4,1.01256029,1.2560,0.218746,7.8183,62,50.0000,true
0.95,Legacy3,5,0.91543800,-8.4562,-2.688008,10.0201,57,26.3158,false
0.95,Legacy3,6,0.98692374,-1.3076,-0.288756,5.8118,68,47.0588,false
0.95,LowVolume5,0,1.13306059,13.3061,1.290789,7.6223,82,48.7805,true
0.95,LowVolume5,1,1.22760304,22.7603,2.789993,6.0120,91,52.7473,true
0.95,LowVolume5,2,1.18295118,18.2951,1.651036,5.5005,80,50.0000,true
0.95,LowVolume5,3,0.90043636,-9.9564,-0.811188,19.0229,60,40.0000,false
0.95,LowVolume5,4,0.97641672,-2.3583,-0.188742,10.0870,74,50.0000,false
0.95,LowVolume5,5,0.96552666,-3.4473,-0.423398,12.1906,78,41.0256,false
0.95,LowVolume5,6,0.88431421,-11.5686,-2.527086,12.6312,68,33.8235,false
0.95,OldGuard4,0,0.98860368,-1.1396,-0.103360,8.3900,68,42.6471,false
0.95,OldGuard4,1,1.18125154,18.1252,2.465517,3.6291,92,52.1739,true
0.95,OldGuard4,2,1.21118049,21.1180,1.929250,4.7895,75,49.3333,true
0.95,OldGuard4,3,1.00932277,0.9323,0.168602,8.9248,56,46.4286,true
0.95,OldGuard4,4,1.01155776,1.1558,0.191392,10.5709,73,47.9452,true
0.95,OldGuard4,5,0.86963663,-13.0363,-3.168817,13.0363,73,31.5068,false
0.95,OldGuard4,6,0.94998943,-5.0011,-1.093255,9.8042,80,42.5000,false
1.00,Base5,0,1.27191014,27.1910,1.372640,8.1382,83,49.3976,true
1.00,Base5,1,1.33798988,33.7990,3.161964,4.4223,122,49.1803,true
1.00,Base5,2,1.51700710,51.7007,3.545364,5.6876,104,55.7692,true
1.00,Base5,3,1.03621610,3.6216,0.484798,7.6807,63,42.8571,true
1.00,Base5,4,1.04362147,4.3621,0.384199,11.8857,94,42.5532,true
1.00,Base5,5,1.05533989,5.5340,0.727876,9.0521,96,35.4167,true
1.00,NoDOGE,0,1.21321641,21.3216,1.692060,5.1336,70,52.8571,true
1.00,NoDOGE,1,1.40808500,40.8085,3.675413,3.6867,113,51.3274,true
1.00,NoDOGE,2,1.36959283,36.9593,2.979203,5.7148,94,55.3191,true
1.00,NoDOGE,3,1.05152829,5.1528,0.665881,7.6807,54,48.1481,true
1.00,NoDOGE,4,0.93782310,-6.2177,-0.433418,13.6835,79,43.0380,false
1.00,NoDOGE,5,1.01301562,1.3016,0.231914,11.0264,78,33.3333,true
1.00,Legacy4,0,1.15315901,15.3159,1.495540,4.9017,68,48.5294,true
1.00,Legacy4,1,1.27148012,27.1480,2.912984,3.3628,110,52.7273,true
1.00,Legacy4,2,1.25172652,25.1727,2.122416,6.5947,81,48.1481,true
1.00,Legacy4,3,0.99140339,-0.8597,-0.052620,6.2429,49,46.9388,false
1.00,Legacy4,4,0.90733370,-9.2666,-0.852370,15.6920,78,46.1538,false
1.00,Legacy4,5,0.87895934,-12.1041,-3.354059,14.9674,73,27.3973,false
1.00,Legacy4,6,0.99421100,-0.5789,-0.088840,6.3711,92,48.9130,false
1.00,Legacy5BNB,0,1.17109533,17.1095,1.525205,4.8155,85,49.4118,true
1.00,Legacy5BNB,1,1.27689753,27.6898,2.682738,3.8744,128,51.5625,true
1.00,Legacy5BNB,2,1.27393739,27.3937,2.067930,6.4055,103,46.6019,true
1.00,Legacy5BNB,3,0.96048365,-3.9516,-0.359575,9.0789,61,49.1803,false
1.00,Legacy5BNB,4,0.96561358,-3.4386,-0.234866,14.0492,91,48.3516,false
1.00,Legacy5BNB,5,0.86292515,-13.7075,-3.778469,16.1607,82,26.8293,false
1.00,Legacy5BNB,6,1.06664766,6.6648,1.130808,5.7309,112,50.8929,true
1.00,OldGuardNoBNB,0,1.11672157,11.6722,1.174366,5.6226,78,48.7179,true
1.00,OldGuardNoBNB,1,1.24925481,24.9255,2.700447,3.6500,113,51.3274,true
1.00,OldGuardNoBNB,2,1.28681503,28.6815,2.236402,7.1162,93,47.3118,true
1.00,OldGuardNoBNB,3,1.01430499,1.4305,0.217105,7.8759,65,46.1538,true
1.00,OldGuardNoBNB,4,0.90643535,-9.3565,-0.757191,18.0637,89,44.9438,false
1.00,OldGuardNoBNB,5,0.83342055,-16.6579,-3.763042,17.5922,88,30.6818,false
1.00,OldGuardNoBNB,6,0.95907077,-4.0929,-0.795142,8.8566,103,45.6311,false
1.00,LargeCaps5,0,1.23349103,23.3491,1.803269,5.1336,86,53.4884,true
1.00,LargeCaps5,1,1.39405516,39.4055,3.337694,3.2548,132,50.0000,true
1.00,LargeCaps5,2,1.42916736,42.9167,3.034084,7.5275,115,54.7826,true
1.00,LargeCaps5,3,1.01873338,1.8733,0.268896,9.0093,66,50.0000,true
1.00,LargeCaps5,4,1.02159350,2.1594,0.261014,10.6312,92,46.7391,true
1.00,LargeCaps5,5,0.98132762,-1.8672,-0.211492,13.7990,87,32.1839,false
1.00,Legacy3,0,1.02530914,2.5309,0.402664,5.9820,56,42.8571,true
1.00,Legacy3,1,1.20226701,20.2267,2.724396,2.7928,89,53.9326,true
1.00,Legacy3,2,1.16280845,16.2808,1.593357,5.4730,61,47.5410,true
1.00,Legacy3,3,0.99614375,-0.3856,0.004856,6.2429,38,52.6316,false
1.00,Legacy3,4,0.96157853,-3.8421,-0.426363,10.8325,62,48.3871,false
1.00,Legacy3,5,0.89756110,-10.2439,-3.164581,11.7773,57,26.3158,false
1.00,Legacy3,6,0.97686234,-2.3138,-0.529400,5.9200,68,47.0588,false
1.00,LowVolume5,0,1.13029773,13.0298,1.250301,7.6223,81,49.3827,true
1.00,LowVolume5,1,1.23084357,23.0844,2.824742,6.0120,91,52.7473,true
1.00,LowVolume5,2,1.17897239,17.8972,1.585102,5.5005,78,50.0000,true
1.00,LowVolume5,3,0.90792513,-9.2075,-0.745702,19.1793,58,43.1034,false
1.00,LowVolume5,4,0.93798967,-6.2010,-0.571813,14.3578,73,47.9452,false
1.00,LowVolume5,5,0.94667161,-5.3328,-0.684929,13.5342,78,41.0256,false
1.00,LowVolume5,6,0.87381595,-12.6184,-2.776033,13.2385,68,33.8235,false
1.00,OldGuard4,0,0.99291150,-0.7089,-0.039213,8.3900,66,43.9394,false
1.00,OldGuard4,1,1.18125154,18.1252,2.465517,3.6291,92,52.1739,true
1.00,OldGuard4,2,1.21495395,21.4954,1.892324,6.0008,73,47.9452,true
1.00,OldGuard4,3,1.01915485,1.9155,0.268466,9.1008,54,50.0000,true
1.00,OldGuard4,4,0.96062648,-3.9374,-0.351827,13.3409,73,46.5753,false
1.00,OldGuard4,5,0.85265415,-14.7346,-3.546561,14.7346,73,31.5068,false
1.00,OldGuard4,6,0.93564520,-6.4355,-1.406890,10.4312,80,42.5000,false
1.05,Base5,0,1.32698683,32.6987,1.561630,7.8357,82,47.5610,true
1.05,Base5,1,1.36926495,36.9265,3.261418,4.4223,118,49.1525,true
1.05,Base5,2,1.52942378,52.9424,3.541646,5.6876,102,57.8431,true
1.05,Base5,3,1.02702098,2.7021,0.378719,7.6807,61,42.6230,true
1.05,Base5,4,1.05041357,5.0414,0.421294,13.8469,92,43.4783,true
1.05,Base5,5,1.05255255,5.2553,0.692165,8.5498,93,37.6344,true
1.05,NoDOGE,0,1.26575152,26.5752,1.940402,5.1336,69,50.7246,true
1.05,NoDOGE,1,1.44099853,44.0999,3.753905,3.0282,109,51.3761,true
1.05,NoDOGE,2,1.38080293,38.0803,2.980064,5.7148,92,57.6087,true
1.05,NoDOGE,3,1.04219730,4.2197,0.557845,7.6807,52,48.0769,true
1.05,NoDOGE,4,0.94392664,-5.6073,-0.362176,11.4524,77,44.1558,false
1.05,NoDOGE,5,1.01562134,1.5621,0.267270,10.0673,75,36.0000,true
1.05,Legacy4,0,1.26199337,26.1993,2.132844,4.9017,65,50.7692,true
1.05,Legacy4,1,1.26910411,26.9104,2.944514,3.3628,108,52.7778,true
1.05,Legacy4,2,1.29294360,29.2944,2.370113,6.1529,77,51.9481,true
1.05,Legacy4,3,1.00699399,0.6994,0.148821,6.2429,46,47.8261,true
1.05,Legacy4,4,0.93748923,-6.2511,-0.531886,15.2186,76,48.6842,false
1.05,Legacy4,5,0.88992144,-11.0079,-3.009732,13.6128,70,30.0000,false
1.05,Legacy4,6,1.00484494,0.4845,0.133514,7.0452,89,50.5618,true
1.05,Legacy5BNB,0,1.27349535,27.3495,2.148143,5.6265,80,52.5000,true
1.05,Legacy5BNB,1,1.25550080,25.5501,2.611749,3.9477,127,51.1811,true
1.05,Legacy5BNB,2,1.31408726,31.4087,2.266366,5.9628,99,50.5051,true
1.05,Legacy5BNB,3,0.97468059,-2.5319,-0.188879,8.7396,58,50.0000,false
1.05,Legacy5BNB,4,0.99770607,-0.2294,0.061279,14.6011,89,50.5618,false
1.05,Legacy5BNB,5,0.88460189,-11.5398,-3.124978,13.7611,78,30.7692,false
1.05,Legacy5BNB,6,1.07805637,7.8056,1.272072,6.4097,109,52.2936,true
1.05,OldGuardNoBNB,0,1.22211699,22.2117,1.848269,6.2291,75,50.6667,true
1.05,OldGuardNoBNB,1,1.24692034,24.6920,2.727804,3.6500,111,51.3514,true
1.05,OldGuardNoBNB,2,1.30190764,30.1908,2.358406,6.6769,88,51.1364,true
1.05,OldGuardNoBNB,3,1.03025572,3.0256,0.367449,6.7723,62,46.7742,true
1.05,OldGuardNoBNB,4,0.93656103,-6.3439,-0.473401,17.6036,87,47.1264,false
1.05,OldGuardNoBNB,5,0.83304441,-16.6956,-3.877561,16.6956,85,32.9412,false
1.05,OldGuardNoBNB,6,0.97285408,-2.7146,-0.486395,8.4338,99,48.4848,false
1.05,LargeCaps5,0,1.30509375,30.5094,2.203206,5.1336,84,53.5714,true
1.05,LargeCaps5,1,1.42555271,42.5553,3.418241,3.2548,128,50.0000,true
1.05,LargeCaps5,2,1.42066149,42.0661,2.928878,7.5275,113,56.6372,true
1.05,LargeCaps5,3,1.00875427,0.8754,0.164575,8.4623,64,50.0000,true
1.05,LargeCaps5,4,1.02824224,2.8242,0.308348,10.9934,90,47.7778,true
1.05,LargeCaps5,5,0.99273587,-0.7264,-0.048718,12.0831,83,34.9398,false
1.05,Legacy3,0,1.08364414,8.3644,1.112182,5.3632,53,47.1698,true
1.05,Legacy3,1,1.20486885,20.4869,2.748869,2.7928,88,53.4091,true
1.05,Legacy3,2,1.16685938,16.6859,1.625052,5.5532,59,49.1525,true
1.05,Legacy3,3,1.01088868,1.0889,0.201153,6.2429,37,51.3514,true
1.05,Legacy3,4,0.98991343,-1.0087,-0.065288,10.7387,60,51.6667,false
1.05,Legacy3,5,0.90933219,-9.0668,-2.798520,10.3150,55,30.9091,false
1.05,Legacy3,6,0.98784010,-1.2160,-0.259802,5.8118,66,48.4848,false
1.05,LowVolume5,0,1.20233201,20.2332,1.794724,7.6223,78,53.8462,true
1.05,LowVolume5,1,1.29835859,29.8359,3.180113,6.0120,89,53.9326,true
1.05,LowVolume5,2,1.19870709,19.8707,1.733536,4.3884,76,51.3158,true
1.05,LowVolume5,3,0.92381360,-7.6186,-0.583289,17.4991,57,43.8596,false
1.05,LowVolume5,4,0.95454123,-4.5459,-0.381400,15.8416,70,50.0000,false
1.05,LowVolume5,5,0.94044064,-5.9559,-0.755928,13.1308,77,41.5584,false
1.05,LowVolume5,6,0.88133519,-11.8665,-2.597746,12.9230,66,37.8788,false
1.05,OldGuard4,0,1.04940323,4.9403,0.656047,7.7870,63,47.6190,true
1.05,OldGuard4,1,1.18380790,18.3808,2.490589,3.6291,91,51.6484,true
1.05,OldGuard4,2,1.21918654,21.9187,1.921372,6.0805,71,49.2958,true
1.05,OldGuard4,3,1.03424039,3.4240,0.413555,7.4570,53,49.0566,true
1.05,OldGuard4,4,0.98893333,-1.1067,-0.047586,12.3145,71,49.2958,false
1.05,OldGuard4,5,0.84989385,-15.0106,-3.484934,15.0106,71,33.8028,false
1.05,OldGuard4,6,0.94960074,-5.0399,-1.081074,9.6715,77,45.4545,false
1.10,Base5,0,1.29051925,29.0519,1.480393,7.8357,81,46.9136,true
1.10,Base5,1,1.33609733,33.6097,2.990651,4.4223,116,48.2759,true
1.10,Base5,2,1.51513081,51.5131,3.410616,6.5650,97,55.6701,true
1.10,Base5,3,1.02702098,2.7021,0.378719,7.6807,61,42.6230,true
1.10,Base5,4,1.04450851,4.4509,0.386291,13.8612,91,45.0549,true
1.10,Base5,5,1.04161904,4.1619,0.693713,7.9626,89,37.0787,true
1.10,NoDOGE,0,1.23096678,23.0967,1.749615,5.1336,68,50.0000,true
1.10,NoDOGE,1,1.40609330,40.6093,3.480351,3.7345,107,50.4673,true
1.10,NoDOGE,2,1.36789887,36.7899,2.837481,7.2994,87,55.1724,true
1.10,NoDOGE,3,1.04219730,4.2197,0.557845,7.6807,52,48.0769,true
1.10,NoDOGE,4,0.93862021,-6.1380,-0.405608,12.2045,76,46.0526,false
1.10,NoDOGE,5,1.00507146,0.5071,0.136546,9.2506,71,35.2113,true
1.10,Legacy4,0,1.28971624,28.9716,2.297803,4.9017,64,51.5625,true
1.10,Legacy4,1,1.27594388,27.5944,2.954478,3.3628,104,52.8846,true
1.10,Legacy4,2,1.22713607,22.7136,1.808573,6.6091,75,46.6667,true
1.10,Legacy4,3,1.00214329,0.2143,0.088742,6.2429,46,47.8261,true
1.10,Legacy4,4,0.94584305,-5.4157,-0.446787,14.7102,75,50.6667,false
1.10,Legacy4,5,0.89510140,-10.4899,-2.730613,13.1100,67,29.8507,false
1.10,Legacy4,6,1.03113913,3.1139,0.614351,6.5186,87,52.8736,true
1.10,Legacy5BNB,0,1.29231060,29.2311,2.293620,4.1909,79,51.8987,true
1.10,Legacy5BNB,1,1.26226725,26.2267,2.631433,3.9477,123,51.2195,true
1.10,Legacy5BNB,2,1.25415396,25.4154,1.803468,8.5503,97,47.4227,true
1.10,Legacy5BNB,3,0.98477493,-1.5225,-0.082978,8.9633,57,52.6316,false
1.10,Legacy5BNB,4,1.00737185,0.7372,0.147079,13.1862,88,52.2727,true
1.10,Legacy5BNB,5,0.89130930,-10.8691,-2.763733,13.1072,75,30.6667,false
1.10,Legacy5BNB,6,1.10544600,10.5446,1.618321,5.0182,107,54.2056,true
1.10,OldGuardNoBNB,0,1.24084556,24.0846,1.947853,6.2291,74,51.3514,true
1.10,OldGuardNoBNB,1,1.25364055,25.3641,2.741844,3.6500,107,51.4019,true
1.10,OldGuardNoBNB,2,1.23253079,23.2531,1.796336,7.2080,85,45.8824,true
1.10,OldGuardNoBNB,3,1.02529298,2.5293,0.320423,6.7723,62,46.7742,true
1.10,OldGuardNoBNB,4,0.92537301,-7.4627,-0.566749,18.8231,86,48.8372,false
1.10,OldGuardNoBNB,5,0.84592323,-15.4077,-3.479846,15.4077,82,32.9268,false
1.10,OldGuardNoBNB,6,0.99831116,-0.1689,0.010442,8.1880,97,50.5155,false
1.10,LargeCaps5,0,1.25188135,25.1881,1.896632,5.1336,84,51.1905,true
1.10,LargeCaps5,1,1.39102163,39.1022,3.167433,3.2548,126,49.2063,true
1.10,LargeCaps5,2,1.40738494,40.7385,2.805152,9.0816,108,54.6296,true
1.10,LargeCaps5,3,1.02413476,2.4135,0.322349,8.2192,63,52.3810,true
1.10,LargeCaps5,4,1.02324942,2.3249,0.270085,10.9934,89,49.4382,true
1.10,LargeCaps5,5,0.99740191,-0.2598,-0.011527,8.9926,80,36.2500,false
1.10,Legacy3,0,1.07787499,7.7875,1.044181,5.3632,53,47.1698,true
1.10,Legacy3,1,1.20696831,20.6968,2.688912,3.2168,86,53.4884,true
1.10,Legacy3,2,1.10283589,10.2836,1.016258,6.2014,59,44.0678,true
1.10,Legacy3,3,1.00601923,0.6019,0.137955,6.2429,37,51.3514,true
1.10,Legacy3,4,0.99873439,-0.1266,0.043801,9.5108,59,54.2373,false
1.10,Legacy3,5,0.91508022,-8.4920,-2.488673,9.7481,53,32.0755,false
1.10,Legacy3,6,0.99326026,-0.6740,-0.126587,5.2950,65,49.2308,false
1.10,LowVolume5,0,1.12464760,12.4648,1.154489,7.6223,78,52.5641,true
1.10,LowVolume5,1,1.31772054,31.7721,3.288248,6.0120,87,54.0230,true
1.10,LowVolume5,2,1.14012074,14.0121,1.238027,7.4899,74,47.2973,true
1.10,LowVolume5,3,0.91936358,-8.0636,-0.623794,17.4991,57,43.8596,false
1.10,LowVolume5,4,0.93258085,-6.7419,-0.596057,16.2159,70,50.0000,false
1.10,LowVolume5,5,0.92604332,-7.3957,-1.356889,12.6548,73,42.4658,false
1.10,LowVolume5,6,0.89012082,-10.9879,-2.352286,12.0549,64,40.6250,false
1.10,OldGuard4,0,1.03703152,3.7032,0.504844,7.7870,63,47.6190,true
1.10,OldGuard4,1,1.18587066,18.5871,2.438963,3.6291,89,51.6854,true
1.10,OldGuard4,2,1.14938886,14.9389,1.324493,6.8029,70,44.2857,true
1.10,OldGuard4,3,1.02925845,2.9258,0.364704,7.4570,53,49.0566,true
1.10,OldGuard4,4,0.97711967,-2.2880,-0.167688,13.6122,70,51.4286,false
1.10,OldGuard4,5,0.85526617,-14.4734,-3.259660,14.4734,69,34.7826,false
1.10,OldGuard4,6,0.95481108,-4.5189,-0.948146,9.1759,76,46.0526,false
1.15,Base5,0,1.33353161,33.3532,1.648339,7.8357,80,47.5000,true
1.15,Base5,1,1.30393730,30.3937,2.700631,4.4223,116,48.2759,true
1.15,Base5,2,1.49817975,49.8180,3.128500,9.1052,96,58.3333,true
1.15,Base5,3,1.03337302,3.3373,0.439322,7.8415,61,40.9836,true
1.15,Base5,4,1.13392646,13.3926,0.878733,10.7800,88,48.8636,true
1.15,Base5,5,1.04546147,4.5461,0.750444,7.9626,87,37.9310,true
1.15,NoDOGE,0,1.23511973,23.5120,1.772278,5.1336,68,50.0000,true
1.15,NoDOGE,1,1.39873387,39.8734,3.421822,4.0500,107,51.4019,true
1.15,NoDOGE,2,1.35063617,35.0636,2.605749,9.8196,86,56.9767,true
1.15,NoDOGE,3,1.04864321,4.8643,0.612421,7.6807,52,46.1538,true
1.15,NoDOGE,4,0.99971771,-0.0282,0.096239,11.8802,74,48.6486,false
1.15,NoDOGE,5,1.00877908,0.8779,0.208550,9.0891,69,36.2319,true
1.15,Legacy4,0,1.30851562,30.8516,2.400936,4.9017,61,55.7377,true
1.15,Legacy4,1,1.29551039,29.5510,3.171848,3.3628,102,54.9020,true
1.15,Legacy4,2,1.18414988,18.4150,1.477556,9.3794,75,46.6667,true
1.15,Legacy4,3,1.01554819,1.5548,0.249654,6.2429,46,45.6522,true
1.15,Legacy4,4,1.01704688,1.7047,0.228104,12.4677,73,53.4247,true
1.15,Legacy4,5,0.89669406,-10.3306,-2.683731,12.9554,66,30.3030,false
1.15,Legacy4,6,1.03150404,3.1504,0.613817,6.5186,83,54.2169,true
1.15,Legacy5BNB,0,1.36271887,36.2719,2.609433,4.9555,75,56.0000,true
1.15,Legacy5BNB,1,1.28162404,28.1624,2.830228,3.9477,121,52.8926,true
1.15,Legacy5BNB,2,1.21070720,21.0707,1.505017,10.2947,96,47.9167,true
1.15,Legacy5BNB,3,0.99794751,-0.2052,0.055338,7.6580,57,50.8772,false
1.15,Legacy5BNB,4,1.10868019,10.8680,0.970087,8.8084,84,55.9524,true
1.15,Legacy5BNB,5,0.89173038,-10.8270,-2.735539,13.0662,74,31.0811,false
1.15,Legacy5BNB,6,1.11720983,11.7210,1.762498,5.1512,102,56.8627,true
1.15,OldGuardNoBNB,0,1.25893258,25.8933,2.055630,6.2291,71,54.9296,true
1.15,OldGuardNoBNB,1,1.27286504,27.2865,2.956022,3.6500,105,53.3333,true
1.15,OldGuardNoBNB,2,1.18935562,18.9356,1.475991,9.9606,85,45.8824,true
1.15,OldGuardNoBNB,3,1.03549686,3.5497,0.411512,7.5144,62,45.1613,true
1.15,OldGuardNoBNB,4,0.99503584,-0.4964,0.056116,15.2687,84,51.1905,false
1.15,OldGuardNoBNB,5,0.84003717,-15.9963,-3.574458,15.9963,81,33.3333,false
1.15,OldGuardNoBNB,6,0.99866445,-0.1336,0.017550,8.8475,93,51.6129,false
1.15,LargeCaps5,0,1.26070420,26.0704,1.877478,5.1336,83,50.6024,true
1.15,LargeCaps5,1,1.38374109,38.3741,3.113502,3.4679,126,50.0000,true
1.15,LargeCaps5,2,1.39425794,39.4258,2.608779,9.8655,106,56.6038,true
1.15,LargeCaps5,3,1.03046895,3.0469,0.379589,7.3366,63,50.7937,true
1.15,LargeCaps5,4,1.07869922,7.8699,0.649052,9.4724,86,52.3256,true
1.15,LargeCaps5,5,1.00108124,0.1081,0.060397,8.8307,78,37.1795,true
1.15,Legacy3,0,1.09358650,9.3586,1.209533,5.3632,50,52.0000,true
1.15,Legacy3,1,1.23001343,23.0013,2.981375,2.7928,84,55.9524,true
1.15,Legacy3,2,1.09673798,9.6738,0.962151,6.2014,59,44.0678,true
1.15,Legacy3,3,1.01947597,1.9476,0.304623,6.2429,37,48.6486,true
1.15,Legacy3,4,1.00687938,0.6879,0.142807,10.2355,58,55.1724,true
1.15,Legacy3,5,0.91508022,-8.4920,-2.488673,9.7481,53,32.0755,false
1.15,Legacy3,6,0.99192175,-0.8078,-0.154346,5.5535,63,50.7937,false
1.15,LowVolume5,0,1.13720426,13.7204,1.251893,7.6223,75,56.0000,true
1.15,LowVolume5,1,1.33799241,33.7992,3.457462,5.9816,85,55.2941,true
1.15,LowVolume5,2,1.14047344,14.0473,1.232276,7.4899,74,45.9459,true
1.15,LowVolume5,3,0.91625717,-8.3743,-0.652261,17.7778,57,43.8596,false
1.15,LowVolume5,4,0.93999757,-6.0002,-0.511175,16.8870,68,51.4706,false
1.15,LowVolume5,5,0.92662859,-7.3371,-1.337596,12.5996,72,43.0556,false
1.15,LowVolume5,6,0.88892130,-11.1079,-2.346744,12.9225,62,41.9355,false
1.15,OldGuard4,0,1.05214768,5.2148,0.672326,7.7870,60,51.6667,true
1.15,OldGuard4,1,1.20851296,20.8513,2.728190,3.6291,87,54.0230,true
1.15,OldGuard4,2,1.14303355,14.3034,1.273894,6.8029,70,44.2857,true
1.15,OldGuard4,3,1.03950179,3.9502,0.457602,8.0832,53,47.1698,true
1.15,OldGuard4,4,0.98508839,-1.4912,-0.082432,14.3041,69,52.1739,false
1.15,OldGuard4,5,0.84891406,-15.1086,-3.379878,15.1086,69,34.7826,false
1.15,OldGuard4,6,0.95352439,-4.6476,-0.962282,9.8835,74,47.2973,false
1.20,Base5,0,1.35468133,35.4681,1.676525,7.8357,80,48.7500,true
1.20,Base5,1,1.27288717,27.2887,2.424681,5.4086,116,46.5517,true
1.20,Base5,2,1.60053727,60.0537,3.568790,8.2985,95,58.9474,true
1.20,Base5,3,0.98106326,-1.8937,-0.132614,9.6479,61,40.9836,false
1.20,Base5,4,1.05724092,5.7241,0.446481,13.7965,88,47.7273,true
1.20,Base5,5,1.03063694,3.0637,0.501359,8.2225,83,39.7590,true
1.20,NoDOGE,0,1.25470865,25.4709,1.760180,5.6770,68,51.4706,true
1.20,NoDOGE,1,1.36542640,36.5426,3.130213,5.4086,107,49.5327,true
1.20,NoDOGE,2,1.44291332,44.2913,3.097292,9.0193,85,57.6471,true
1.20,NoDOGE,3,0.99556046,-0.4440,0.022518,9.5499,52,46.1538,false
1.20,NoDOGE,4,0.93210848,-6.7892,-0.377638,17.1918,74,47.2973,false
1.20,NoDOGE,5,0.99447470,-0.5525,-0.059266,10.4032,65,38.4615,false
1.20,Legacy4,0,1.39744206,39.7442,2.559623,5.1219,60,58.3333,true
1.20,Legacy4,1,1.26880379,26.8804,2.923705,3.3628,102,54.9020,true
1.20,Legacy4,2,1.23845444,23.8454,1.803105,10.1391,74,47.2973,true
1.20,Legacy4,3,1.02642999,2.6430,0.375493,6.2429,45,44.4444,true
1.20,Legacy4,4,0.97226164,-2.7738,-0.127790,15.4572,73,52.0548,false
1.20,Legacy4,5,0.90888533,-9.1115,-2.275455,12.2730,62,32.2581,false
1.20,Legacy4,6,1.03428565,3.4286,0.642914,6.7298,81,53.0864,true
1.20,Legacy5BNB,0,1.45532895,45.5329,2.586834,4.9531,74,58.1081,true
1.20,Legacy5BNB,1,1.25738322,25.7383,2.632577,3.9477,120,52.5000,true
1.20,Legacy5BNB,2,1.26913856,26.9139,1.803185,11.2711,94,48.9362,true
1.20,Legacy5BNB,3,1.00616849,0.6168,0.137666,7.6580,56,48.2143,true
1.20,Legacy5BNB,4,1.04862329,4.8623,0.470357,12.8430,84,54.7619,true
1.20,Legacy5BNB,5,0.90176285,-9.8237,-2.253771,12.5873,68,33.8235,false
1.20,Legacy5BNB,6,1.09753336,9.7533,1.448701,5.7920,100,54.0000,true
1.20,OldGuardNoBNB,0,1.34251079,34.2511,2.247405,5.1219,70,57.1429,true
1.20,OldGuardNoBNB,1,1.25175622,25.1756,2.757629,3.6291,105,54.2857,true
1.20,OldGuardNoBNB,2,1.24389892,24.3899,1.793993,10.7154,84,46.4286,true
1.20,OldGuardNoBNB,3,1.04659241,4.6592,0.511225,6.9922,61,44.2623,true
1.20,OldGuardNoBNB,4,0.95121985,-4.8780,-0.261648,18.1626,84,50.0000,false
1.20,OldGuardNoBNB,5,0.86335074,-13.6649,-2.926837,13.7630,77,35.0649,false
1.20,OldGuardNoBNB,6,1.00135750,0.1357,0.065686,9.1214,91,50.5495,true
1.20,LargeCaps5,0,1.28069889,28.0699,1.866345,5.1336,83,51.8072,true
1.20,LargeCaps5,1,1.35079062,35.0791,2.839775,4.4930,126,48.4127,true
1.20,LargeCaps5,2,1.47612726,47.6127,2.942480,10.3163,105,57.1429,true
1.20,LargeCaps5,3,0.97590832,-2.4092,-0.156638,9.1625,63,49.2063,false
1.20,LargeCaps5,4,0.99524259,-0.4757,0.075994,14.8841,86,51.1628,false
1.20,LargeCaps5,5,0.99161495,-0.8385,-0.109483,9.7800,70,38.5714,false
1.20,Legacy3,0,1.16840968,16.8410,1.718555,5.1219,49,55.1020,true
1.20,Legacy3,1,1.21460088,21.4601,2.814161,2.7928,84,57.1429,true
1.20,Legacy3,2,1.14703387,14.7034,1.348144,6.9876,58,44.8276,true
1.20,Legacy3,3,1.03128266,3.1283,0.446731,6.2429,36,47.2222,true
1.20,Legacy3,4,0.97249103,-2.7509,-0.255867,13.0608,58,53.4483,false
1.20,Legacy3,5,0.92324685,-7.6753,-2.165330,9.4597,50,34.0000,false
1.20,Legacy3,6,0.98062989,-1.9370,-0.403477,6.6287,63,49.2063,false
1.20,LowVolume5,0,1.18366648,18.3666,1.490863,4.2945,74,56.7568,true
1.20,LowVolume5,1,1.31867568,31.8676,3.320047,6.0051,85,57.6471,true
1.20,LowVolume5,2,1.15210024,15.2100,1.293785,9.0724,73,46.5753,true
1.20,LowVolume5,3,0.89620425,-10.3796,-0.809842,19.5773,56,42.8571,false
1.20,LowVolume5,4,0.92412759,-7.5872,-0.650337,16.8870,68,51.4706,false
1.20,LowVolume5,5,0.95439157,-4.5608,-0.816574,11.4713,70,44.2857,false
1.20,LowVolume5,6,0.89175794,-10.8242,-2.206845,12.6446,61,42.6230,false
1.20,OldGuard4,0,1.12248132,12.2481,1.233137,5.1219,59,54.2373,true
1.20,OldGuard4,1,1.19828157,19.8282,2.618296,3.6291,87,56.3218,true
1.20,OldGuard4,2,1.19545254,19.5453,1.627738,7.5841,69,44.9275,true
1.20,OldGuard4,3,1.05154041,5.1540,0.568685,7.0187,52,46.1538,true
1.20,OldGuard4,4,0.95144428,-4.8556,-0.414397,17.2309,69,50.7246,false
1.20,OldGuard4,5,0.87877322,-12.1227,-2.642404,12.1227,65,36.9231,false
1.20,OldGuard4,6,0.94266963,-5.7330,-1.172707,10.9094,74,45.9459,false
1.25,Base5,0,1.44462830,44.4628,1.950359,7.8357,74,51.3514,true
1.25,Base5,1,1.29275785,29.2758,2.548479,6.1853,113,45.1327,true
1.25,Base5,2,1.59233406,59.2334,3.528818,8.2985,95,58.9474,true
1.25,Base5,3,0.94873952,-5.1260,-0.473212,13.2255,60,38.3333,false
1.25,Base5,4,1.03698788,3.6988,0.336122,13.7965,87,47.1264,true
1.25,Base5,5,1.04348252,4.3483,0.694388,8.2503,82,39.0244,true
1.25,NoDOGE,0,1.33801772,33.8018,2.270623,5.6936,62,54.8387,true
1.25,NoDOGE,1,1.39296895,39.2969,3.294453,5.9635,104,48.0769,true
1.25,NoDOGE,2,1.44262751,44.2628,3.095623,9.0193,85,57.6471,true
1.25,NoDOGE,3,0.96360965,-3.6390,-0.316780,13.1315,51,43.1373,false
1.25,NoDOGE,4,0.91425254,-8.5747,-0.518293,17.1918,73,46.5753,false
1.25,NoDOGE,5,1.00544431,0.5444,0.139022,9.4078,64,37.5000,true
1.25,Legacy4,0,1.40331596,40.3316,2.577504,5.1278,58,58.6207,true
1.25,Legacy4,1,1.28399213,28.3992,2.975785,3.4573,99,52.5253,true
1.25,Legacy4,2,1.18618845,18.6188,1.461931,11.2345,74,45.9459,true
1.25,Legacy4,3,0.97286987,-2.7130,-0.254736,7.4561,45,42.2222,false
1.25,Legacy4,4,0.95511724,-4.4883,-0.266212,16.9319,73,50.6849,false
1.25,Legacy4,5,0.92147885,-7.8521,-1.837754,12.7994,61,32.7869,false
1.25,Legacy4,6,1.03719277,3.7193,0.692530,6.5011,80,53.7500,true
1.25,Legacy5BNB,0,1.41126240,41.1262,2.402614,4.9531,72,56.9444,true
1.25,Legacy5BNB,1,1.27423694,27.4237,2.707205,3.9291,116,50.8621,true
1.25,Legacy5BNB,2,1.27520442,27.5204,1.876397,7.9654,92,48.9130,true
1.25,Legacy5BNB,3,0.95769995,-4.2300,-0.347005,8.4026,54,44.4444,false
1.25,Legacy5BNB,4,1.01310760,1.3108,0.194910,14.1499,85,52.9412,true
1.25,Legacy5BNB,5,0.91254355,-8.7456,-1.907282,13.2748,67,34.3284,false
1.25,Legacy5BNB,6,1.10493745,10.4937,1.540931,6.0881,98,55.1020,true
1.25,OldGuardNoBNB,0,1.34343537,34.3435,2.231240,5.1278,68,57.3529,true
1.25,OldGuardNoBNB,1,1.26862048,26.8620,2.832069,3.6291,102,51.9608,true
1.25,OldGuardNoBNB,2,1.19140316,19.1403,1.461826,11.8038,84,45.2381,true
1.25,OldGuardNoBNB,3,0.99114562,-0.8854,-0.002704,11.4757,61,42.6230,false
1.25,OldGuardNoBNB,4,0.92727505,-7.2725,-0.446152,19.5901,83,48.1928,false
1.25,OldGuardNoBNB,5,0.88721027,-11.2790,-2.379095,14.4580,74,33.7838,false
1.25,OldGuardNoBNB,6,0.99877842,-0.1222,0.022001,9.0055,90,51.1111,false
1.25,LargeCaps5,0,1.36573363,36.5734,2.364537,5.1395,77,54.5455,true
1.25,LargeCaps5,1,1.37998959,37.9990,3.008495,4.9188,122,47.5410,true
1.25,LargeCaps5,2,1.49411022,49.4110,3.021809,9.2058,105,57.1429,true
1.25,LargeCaps5,3,0.94858413,-5.1416,-0.424631,11.1100,60,45.0000,false
1.25,LargeCaps5,4,0.97479435,-2.5206,-0.066502,14.8841,86,50.0000,false
1.25,LargeCaps5,5,0.99581425,-0.4186,-0.035374,9.3379,69,36.2319,false
1.25,Legacy3,0,1.17332088,17.3321,1.755668,5.1278,47,55.3191,true
1.25,Legacy3,1,1.25137090,25.1371,2.982927,2.7928,80,55.0000,true
1.25,Legacy3,2,1.09862607,9.8626,0.955891,8.1214,58,43.1034,true
1.25,Legacy3,3,1.00666251,0.6663,0.144376,7.0149,36,47.2222,true
1.25,Legacy3,4,0.95534258,-4.4657,-0.456558,14.5544,58,51.7241,false
1.25,Legacy3,5,0.93909453,-6.0905,-1.605609,9.7092,49,34.6939,false
1.25,Legacy3,6,0.98338620,-1.6614,-0.340337,6.3839,62,50.0000,false
1.25,LowVolume5,0,1.23677213,23.6772,1.885686,4.1035,71,57.7465,true
1.25,LowVolume5,1,1.33240570,33.2406,3.384333,6.1850,84,57.1429,true
1.25,LowVolume5,2,1.10347862,10.3479,0.932790,9.0724,73,45.2055,true
1.25,LowVolume5,3,0.87407288,-12.5927,-1.001846,20.6228,56,42.8571,false
1.25,LowVolume5,4,0.89484791,-10.5152,-0.973597,18.1332,67,50.7463,false
1.25,LowVolume5,5,0.98525321,-1.4747,-0.234914,11.7830,67,43.2836,false
1.25,LowVolume5,6,0.89158842,-10.8412,-2.186527,12.5678,60,43.3333,false
1.25,OldGuard4,0,1.12325436,12.3254,1.230815,5.1278,57,54.3860,true
1.25,OldGuard4,1,1.23638978,23.6390,2.821940,3.6291,83,54.2169,true
1.25,OldGuard4,2,1.14500134,14.5001,1.262440,8.7107,69,43.4783,true
1.25,OldGuard4,3,1.02557307,2.5573,0.320755,8.3774,52,46.1538,true
1.25,OldGuard4,4,0.92749383,-7.2506,-0.664453,18.6747,68,48.5294,false
1.25,OldGuard4,5,0.90481886,-9.5181,-2.051613,11.3632,62,35.4839,false
1.25,OldGuard4,6,0.94003982,-5.9960,-1.221047,10.7998,73,46.5753,false
1.30,Base5,0,1.45080431,45.0804,2.023167,7.8357,73,52.0548,true
1.30,Base5,1,1.32311900,32.3119,2.763917,6.3675,109,47.7064,true
1.30,Base5,2,1.60681808,60.6818,3.583725,8.2985,94,60.6383,true
1.30,Base5,3,0.95858245,-4.1418,-0.352113,14.1492,58,39.6552,false
1.30,Base5,4,1.03455964,3.4560,0.322813,14.1967,86,46.5116,true
1.30,Base5,5,1.08569792,8.5698,1.028804,8.6221,80,40.0000,true
1.30,NoDOGE,0,1.34859573,34.8596,2.281779,4.7837,61,55.7377,true
1.30,NoDOGE,1,1.42568361,42.5684,3.511070,5.9635,100,51.0000,true
1.30,NoDOGE,2,1.45574978,45.5750,3.156468,9.0193,84,59.5238,true
1.30,NoDOGE,3,0.97360685,-2.6393,-0.198651,14.0561,49,44.8980,false
1.30,NoDOGE,4,0.91211171,-8.7888,-0.538051,19.1039,72,45.8333,false
1.30,NoDOGE,5,1.05195653,5.1957,0.713665,10.1746,62,38.7097,true
1.30,Legacy4,0,1.42186761,42.1868,2.684623,5.1228,57,59.6491,true
1.30,Legacy4,1,1.27355547,27.3555,2.863708,3.2686,98,52.0408,true
1.30,Legacy4,2,1.21801892,21.8019,1.619411,7.7289,73,46.5753,true
1.30,Legacy4,3,1.01067623,1.0676,0.186716,8.6514,44,45.4545,true
1.30,Legacy4,4,0.94482073,-5.5179,-0.351138,19.1235,73,50.6849,false
1.30,Legacy4,5,0.91651771,-8.3482,-1.903758,13.2688,60,31.6667,false
1.30,Legacy4,6,1.03687018,3.6870,0.686968,6.5011,79,54.4304,true
1.30,Legacy5BNB,0,1.45933657,45.9337,2.560875,4.9796,70,57.1429,true
1.30,Legacy5BNB,1,1.23804243,23.8042,2.338837,4.2087,115,49.5652,true
1.30,Legacy5BNB,2,1.29159158,29.1592,1.898435,6.8273,92,47.8261,true
1.30,Legacy5BNB,3,0.99491680,-0.5083,0.030362,7.3591,53,47.1698,false
1.30,Legacy5BNB,4,1.00218594,0.2186,0.107182,16.4149,85,52.9412,true
1.30,Legacy5BNB,5,0.90763051,-9.2369,-1.970318,13.7417,66,33.3333,false
1.30,Legacy5BNB,6,1.10459379,10.4594,1.536303,6.1398,97,55.6701,true
1.30,OldGuardNoBNB,0,1.36119541,36.1195,2.335145,5.1228,67,58.2090,true
1.30,OldGuardNoBNB,1,1.25830876,25.8309,2.721123,3.6291,101,51.4851,true
1.30,OldGuardNoBNB,2,1.22337356,22.3374,1.618770,8.3207,83,45.7831,true
1.30,OldGuardNoBNB,3,1.02966219,2.9662,0.325321,12.5315,60,45.0000,true
1.30,OldGuardNoBNB,4,0.88489359,-11.5106,-0.780162,23.0321,83,48.1928,false
1.30,OldGuardNoBNB,5,0.87802397,-12.1976,-2.556013,15.3437,73,34.2466,false
1.30,OldGuardNoBNB,6,1.00733624,0.7336,0.166200,8.3393,88,52.2727,true
1.30,LargeCaps5,0,1.37566016,37.5660,2.364097,4.7837,76,53.9474,true
1.30,LargeCaps5,1,1.40660559,40.6606,3.171521,5.3088,118,50.0000,true
1.30,LargeCaps5,2,1.48499988,48.5000,2.958046,10.2268,104,57.6923,true
1.30,LargeCaps5,3,0.95842544,-4.1575,-0.331281,11.5874,58,46.5517,false
1.30,LargeCaps5,4,0.96980023,-3.0200,-0.102989,16.8494,85,49.4118,false
1.30,LargeCaps5,5,1.04188924,4.1889,0.590705,10.1046,67,37.3134,true
1.30,Legacy3,0,1.18883203,18.8832,1.886536,5.1228,46,56.5217,true
1.30,Legacy3,1,1.24119939,24.1199,2.857028,3.2392,79,54.4304,true
1.30,Legacy3,2,1.14201322,14.2013,1.264704,6.4017,57,43.8596,true
1.30,Legacy3,3,1.04473567,4.4736,0.577230,7.8663,35,48.5714,true
1.30,Legacy3,4,0.94504365,-5.4956,-0.564326,16.8087,58,51.7241,false
1.30,Legacy3,5,0.93852320,-6.1477,-1.578560,9.7642,48,33.3333,false
1.30,Legacy3,6,0.98406048,-1.5940,-0.325049,6.4355,61,50.8197,false
1.30,LowVolume5,0,1.23948059,23.9481,1.829344,4.1333,69,59.4203,true
1.30,LowVolume5,1,1.32437343,32.4373,3.265975,6.1843,83,56.6265,true
1.30,LowVolume5,2,1.17175972,17.1760,1.405632,9.0724,71,47.8873,true
1.30,LowVolume5,3,0.90225904,-9.7741,-0.645066,21.7583,55,43.6364,false
1.30,LowVolume5,4,0.88074311,-11.9257,-1.088178,20.7386,66,51.5152,false
1.30,LowVolume5,5,1.03019763,3.0198,0.435151,12.5835,65,44.6154,true
1.30,LowVolume5,6,0.90012434,-9.9876,-1.981765,11.8399,58,44.8276,false
1.30,OldGuard4,0,1.13810363,13.8104,1.356768,5.1228,56,55.3571,true
1.30,OldGuard4,1,1.22634004,22.6340,2.697479,3.6291,82,53.6585,true
1.30,OldGuard4,2,1.19021995,19.0220,1.543276,7.0020,68,44.1176,true
1.30,OldGuard4,3,1.06436145,6.4361,0.602594,9.5607,51,47.0588,true
1.30,OldGuard4,4,0.89411894,-10.5881,-0.994035,22.1558,68,48.5294,false
1.30,OldGuard4,5,0.89974961,-10.0250,-2.154779,11.8598,61,36.0656,false
1.30,OldGuard4,6,0.94903961,-5.0960,-1.016490,10.0572,71,47.8873,false
1.35,Base5,0,1.39710815,39.7108,1.811920,10.8708,72,51.3889,true
1.35,Base5,1,1.31015521,31.0155,2.672982,6.6412,109,47.7064,true
1.35,Base5,2,1.63496695,63.4967,3.821726,8.2985,90,62.2222,true
1.35,Base5,3,0.95411100,-4.5889,-0.393141,15.0905,56,39.2857,false
1.35,Base5,4,1.00582569,0.5826,0.160348,14.6982,86,46.5116,true
1.35,Base5,5,1.10113990,10.1140,1.185036,7.9246,79,41.7722,true
1.35,NoDOGE,0,1.34290639,34.2906,2.239132,4.7837,60,55.0000,true
1.35,NoDOGE,1,1.40717430,40.7174,3.379622,6.3469,100,51.0000,true
1.35,NoDOGE,2,1.47888381,47.8884,3.322521,9.0193,81,61.7284,true
1.35,NoDOGE,3,0.97099971,-2.9000,-0.221807,14.9984,47,44.6809,false
1.35,NoDOGE,4,0.88677863,-11.3221,-0.722031,20.6817,72,45.8333,false
1.35,NoDOGE,5,1.04875518,4.8755,0.671739,10.3145,62,38.7097,true
1.35,Legacy4,0,1.42345927,42.3459,2.656580,3.8347,55,63.6364,true
1.35,Legacy4,1,1.28700757,28.7008,2.961132,3.2686,97,52.5773,true
1.35,Legacy4,2,1.26110487,26.1105,1.883906,7.7289,71,47.8873,true
1.35,Legacy4,3,1.00959858,0.9599,0.174266,8.6514,42,45.2381,true
1.35,Legacy4,4,0.93929760,-6.0702,-0.396805,19.5963,73,50.6849,false
1.35,Legacy4,5,0.91508973,-8.4910,-1.931791,13.4040,60,31.6667,false
1.35,Legacy4,6,1.02884628,2.8846,0.543304,6.5011,79,53.1646,true
1.35,Legacy5BNB,0,1.44958174,44.9582,2.471104,4.4045,68,60.2941,true
1.35,Legacy5BNB,1,1.26440836,26.4408,2.561692,3.7413,114,50.8772,true
1.35,Legacy5BNB,2,1.33728007,33.7280,2.132788,6.8273,90,48.8889,true
1.35,Legacy5BNB,3,0.99441707,-0.5583,0.027019,7.3591,50,48.0000,false
1.35,Legacy5BNB,4,1.01270882,1.2709,0.191755,15.3797,84,53.5714,true
1.35,Legacy5BNB,5,0.90621639,-9.3784,-1.996707,13.8761,66,33.3333,false
1.35,Legacy5BNB,6,1.09604580,9.6046,1.409726,5.7452,97,54.6392,true
1.35,OldGuardNoBNB,0,1.36271915,36.2719,2.312899,4.9629,65,61.5385,true
1.35,OldGuardNoBNB,1,1.27828753,27.8288,2.806450,3.6291,99,52.5253,true
1.35,OldGuardNoBNB,2,1.26263698,26.2637,1.849984,8.3207,81,45.6790,true
1.35,OldGuardNoBNB,3,1.01909691,1.9097,0.241895,13.4290,58,43.1034,true
1.35,OldGuardNoBNB,4,0.87972078,-12.0279,-0.822132,23.4820,83,48.1928,false
1.35,OldGuardNoBNB,5,0.87375715,-12.6243,-2.643313,15.4756,73,34.2466,false
1.35,OldGuardNoBNB,6,1.00378304,0.3783,0.106324,8.0825,87,51.7241,true
1.35,LargeCaps5,0,1.39459947,39.4599,2.407343,4.7837,74,54.0541,true
1.35,LargeCaps5,1,1.38051181,38.0512,2.992390,6.2269,118,50.0000,true
1.35,LargeCaps5,2,1.50859873,50.8599,3.098999,10.2268,101,59.4059,true
1.35,LargeCaps5,3,0.95639861,-4.3601,-0.345730,12.5568,55,47.2727,false
1.35,LargeCaps5,4,0.95836724,-4.1633,-0.179700,17.1308,84,50.0000,false
1.35,LargeCaps5,5,1.03871853,3.8719,0.549212,10.2446,67,37.3134,true
1.35,Legacy3,0,1.19016282,19.0163,1.847202,3.8347,44,61.3636,true
1.35,Legacy3,1,1.26004050,26.0040,3.031456,3.2392,78,55.1282,true
1.35,Legacy3,2,1.15901436,15.9014,1.387246,6.4017,56,44.6429,true
1.35,Legacy3,3,1.03495059,3.4951,0.464641,7.8663,34,47.0588,true
1.35,Legacy3,4,0.94328451,-5.6715,-0.584993,16.9635,58,51.7241,false
1.35,Legacy3,5,0.93706095,-6.2939,-1.610760,9.9048,48,33.3333,false
1.35,Legacy3,6,0.97837480,-2.1625,-0.448994,6.7077,61,50.8197,false
1.35,LowVolume5,0,1.24108012,24.1080,1.810211,4.0113,67,61.1940,true
1.35,LowVolume5,1,1.33387634,33.3876,3.324491,6.1843,82,57.3171,true
1.35,LowVolume5,2,1.14649813,14.6498,1.219234,9.0724,69,46.3768,true
1.35,LowVolume5,3,0.89251203,-10.7488,-0.722776,21.8846,55,41.8182,false
1.35,LowVolume5,4,0.86646050,-13.3539,-1.234833,20.7386,66,50.0000,false
1.35,LowVolume5,5,1.02679110,2.6791,0.392924,12.5835,65,44.6154,true
1.35,LowVolume5,6,0.89284657,-10.7153,-2.105323,12.1409,58,44.8276,false
1.35,OldGuard4,0,1.13937764,13.9378,1.336085,4.4586,54,59.2593,true
1.35,OldGuard4,1,1.23798591,23.7986,2.795753,3.6291,81,54.3210,true
1.35,OldGuard4,2,1.20411276,20.4113,1.627474,7.0020,67,43.2836,true
1.35,OldGuard4,3,1.04468743,4.4687,0.447197,11.2324,50,44.0000,true
1.35,OldGuard4,4,0.89245459,-10.7545,-1.011772,22.3007,68,48.5294,false
1.35,OldGuard4,5,0.89537721,-10.4623,-2.246405,11.9971,61,36.0656,false
1.35,OldGuard4,6,0.94223717,-5.7763,-1.139865,10.2530,71,47.8873,false
1.40,Base5,0,1.41250140,41.2501,1.825094,10.8708,69,50.7246,true
1.40,Base5,1,1.33911330,33.9113,2.931104,6.8426,104,49.0385,true
1.40,Base5,2,1.51683456,51.6835,3.178298,11.1283,90,61.1111,true
1.40,Base5,3,0.95521316,-4.4787,-0.371978,16.6367,53,41.5094,false
1.40,Base5,4,1.09482038,9.4820,0.658407,15.1086,82,47.5610,true
1.40,Base5,5,1.11314866,11.3149,1.309951,7.3581,78,42.3077,true
1.40,NoDOGE,0,1.33287407,33.2874,2.185147,4.7837,57,54.3860,true
1.40,NoDOGE,1,1.42250968,42.2510,3.513401,6.2401,95,51.5789,true
1.40,NoDOGE,2,1.37202900,37.2029,2.632865,11.8269,81,60.4938,true
1.40,NoDOGE,3,0.97212138,-2.7879,-0.203541,16.5463,44,47.7273,false
1.40,NoDOGE,4,0.93011068,-6.9889,-0.388700,16.5892,69,44.9275,false
1.40,NoDOGE,5,1.06019265,6.0193,0.808718,9.7627,61,39.3443,true
1.40,Legacy4,0,1.41695046,41.6950,2.619656,3.8294,53,64.1509,true
1.40,Legacy4,1,1.32405874,32.4059,3.213826,3.2686,94,54.2553,true
1.40,Legacy4,2,1.17055824,17.0558,1.282389,8.8064,70,50.0000,true
1.40,Legacy4,3,1.00116963,0.1170,0.083689,10.4789,40,50.0000,true
1.40,Legacy4,4,0.94949052,-5.0509,-0.309069,18.7049,71,49.2958,false
1.40,Legacy4,5,0.92436640,-7.5634,-1.690896,12.5261,60,33.3333,false
1.40,Legacy4,6,1.05940142,5.9401,0.975978,6.5011,78,52.5641,true
1.40,Legacy5BNB,0,1.43575005,43.5750,2.405643,4.4045,66,59.0909,true
1.40,Legacy5BNB,1,1.30340189,30.3402,2.824462,3.8782,111,53.1532,true
1.40,Legacy5BNB,2,1.25176767,25.1768,1.627262,8.7949,88,51.1364,true
1.40,Legacy5BNB,3,0.98746928,-1.2531,-0.034839,9.2134,47,51.0638,false
1.40,Legacy5BNB,4,1.01370739,1.3707,0.199549,16.6087,82,52.4390,true
1.40,Legacy5BNB,5,0.92474927,-7.5251,-1.571948,12.1148,65,35.3846,false
1.40,Legacy5BNB,6,1.13348509,13.3485,1.788542,5.7452,95,53.6842,true
1.40,OldGuardNoBNB,0,1.35866541,35.8665,2.287533,5.9691,62,61.2903,true
1.40,OldGuardNoBNB,1,1.31508766,31.5088,3.057488,3.9548,96,54.1667,true
1.40,OldGuardNoBNB,2,1.22989636,22.9896,1.584928,9.3912,79,48.1013,true
1.40,OldGuardNoBNB,3,1.03521345,3.5213,0.357355,12.8379,56,44.6429,true
1.40,OldGuardNoBNB,4,0.88604884,-11.3951,-0.764133,22.9137,81,46.9136,false
1.40,OldGuardNoBNB,5,0.88261482,-11.7385,-2.421838,14.6188,73,35.6164,false
1.40,OldGuardNoBNB,6,1.04162197,4.1622,0.654286,8.0312,85,51.7647,true
1.40,LargeCaps5,0,1.37727095,37.7271,2.319236,4.7837,71,52.1127,true
1.40,LargeCaps5,1,1.39555662,39.5557,3.103375,6.1200,113,50.4425,true
1.40,LargeCaps5,2,1.39356244,39.3562,2.488373,13.3722,100,59.0000,true
1.40,LargeCaps5,3,0.95881853,-4.1181,-0.315849,14.1256,51,49.0196,false
1.40,LargeCaps5,4,1.00009371,0.0094,0.109569,13.7055,81,50.6173,true
1.40,LargeCaps5,5,1.05400774,5.4008,0.736303,9.6924,66,37.8788,true
1.40,Legacy3,0,1.18783334,18.7833,1.823309,3.6159,42,61.9048,true
1.40,Legacy3,1,1.30530950,30.5309,3.427784,3.6772,74,58.1081,true
1.40,Legacy3,2,1.11963371,11.9634,1.070749,6.4017,55,49.0909,true
1.40,Legacy3,3,1.02363529,2.3635,0.331126,9.7096,33,51.5152,true
1.40,Legacy3,4,0.95725872,-4.2741,-0.414522,17.0249,56,50.0000,false
1.40,Legacy3,5,0.94656035,-5.3440,-1.341780,8.9914,48,35.4167,false
1.40,Legacy3,6,1.00743102,0.7431,0.179656,6.8469,60,50.0000,true
1.40,LowVolume5,0,1.24093535,24.0935,1.806260,4.7781,63,60.3175,true
1.40,LowVolume5,1,1.39570757,39.5708,3.752960,6.1342,78,58.9744,true
1.40,LowVolume5,2,1.11247553,11.2476,0.963646,9.0724,68,50.0000,true
1.40,LowVolume5,3,0.89210742,-10.7893,-0.687054,21.5820,55,40.0000,false
1.40,LowVolume5,4,0.91291026,-8.7090,-0.763879,20.3365,62,50.0000,false
1.40,LowVolume5,5,1.03058869,3.0589,0.438502,12.6223,64,43.7500,true
1.40,LowVolume5,6,0.91804923,-8.1951,-1.408159,12.7177,57,43.8596,false
1.40,OldGuard4,0,1.13897283,13.8973,1.329102,5.2218,51,58.8235,true
1.40,OldGuard4,1,1.28246257,28.2463,3.194236,3.9548,77,57.1429,true
1.40,OldGuard4,2,1.16175613,16.1756,1.317069,7.0020,66,46.9697,true
1.40,OldGuard4,3,1.05844304,5.8443,0.534400,10.0636,49,44.8980,true
1.40,OldGuard4,4,0.90239805,-9.7602,-0.894610,21.4350,66,46.9697,false
1.40,OldGuard4,5,0.90445405,-9.5546,-2.022650,11.1050,61,37.7049,false
1.40,OldGuard4,6,0.96883400,-3.1166,-0.517399,10.7056,70,47.1429,false
1.45,Base5,0,1.32638151,32.6382,1.525717,10.8708,69,49.2754,true
1.45,Base5,1,1.41968055,41.9681,3.327422,6.5617,102,52.9412,true
1.45,Base5,2,1.54394894,54.3949,3.430845,11.6583,87,60.9195,true
1.45,Base5,3,0.97079407,-2.9206,-0.211912,15.9016,50,40.0000,false
1.45,Base5,4,1.14854143,14.8541,0.930451,15.3915,80,46.2500,true
1.45,Base5,5,1.08704090,8.7041,0.998478,8.3063,77,42.8571,true
1.45,NoDOGE,0,1.25434935,25.4349,1.766470,6.3214,57,52.6316,true
1.45,NoDOGE,1,1.44263789,44.2638,3.541917,6.5617,94,53.1915,true
1.45,NoDOGE,2,1.35307912,35.3079,2.637947,13.0923,79,59.4937,true
1.45,NoDOGE,3,0.98797808,-1.2022,-0.042352,15.8104,41,46.3415,false
1.45,NoDOGE,4,0.97542466,-2.4575,-0.058269,16.1930,67,43.2836,false
1.45,NoDOGE,5,1.02800945,2.8009,0.398199,12.5241,61,39.3443,true
1.45,Legacy4,0,1.35525029,35.5250,2.350212,4.9856,53,58.4906,true
1.45,Legacy4,1,1.34119309,34.1193,3.388542,3.8781,93,54.8387,true
1.45,Legacy4,2,1.15681508,15.6815,1.247559,10.5034,68,50.0000,true
1.45,Legacy4,3,1.07254908,7.2549,0.824299,7.0154,38,55.2632,true
1.45,Legacy4,4,0.94975112,-5.0249,-0.315909,18.6826,70,48.5714,false
1.45,Legacy4,5,0.91692486,-8.3075,-1.855634,12.6174,60,35.0000,false
1.45,Legacy4,6,1.04903301,4.9033,0.808963,6.5011,78,52.5641,true
1.45,Legacy5BNB,0,1.36369494,36.3695,2.111955,4.9856,67,55.2239,true
1.45,Legacy5BNB,1,1.31171924,31.1719,2.884722,4.4839,110,53.6364,true
1.45,Legacy5BNB,2,1.27717183,27.7172,1.809623,8.7949,86,51.1628,true
1.45,Legacy5BNB,3,1.02773489,2.7735,0.334676,7.8654,45,53.3333,true
1.45,Legacy5BNB,4,1.01033200,1.0332,0.172694,16.4372,81,51.8519,true
1.45,Legacy5BNB,5,0.91387666,-8.6123,-1.800414,12.5345,65,35.3846,false
1.45,Legacy5BNB,6,1.12239162,12.2392,1.638620,5.7452,95,53.6842,true
1.45,OldGuardNoBNB,0,1.29589279,29.5893,1.978286,5.2415,62,56.4516,true
1.45,OldGuardNoBNB,1,1.34851595,34.8516,3.292452,3.9548,94,54.2553,true
1.45,OldGuardNoBNB,2,1.21587476,21.5875,1.559399,11.0774,77,48.0519,true
1.45,OldGuardNoBNB,3,1.10902009,10.9020,0.880525,9.0802,54,48.1481,true
1.45,OldGuardNoBNB,4,0.87408890,-12.5911,-0.868025,23.9542,80,46.2500,false
1.45,OldGuardNoBNB,5,0.88086085,-11.9139,-2.402960,14.8494,73,36.9863,false
1.45,OldGuardNoBNB,6,1.03142757,3.1428,0.506960,8.0312,85,51.7647,true
1.45,LargeCaps5,0,1.29613063,29.6131,1.924759,4.7837,71,50.7042,true
1.45,LargeCaps5,1,1.41626001,41.6260,3.151602,6.3930,112,51.7857,true
1.45,LargeCaps5,2,1.41702190,41.7022,2.651541,13.1485,97,58.7629,true
1.45,LargeCaps5,3,0.94669751,-5.3302,-0.425375,15.3177,48,45.8333,false
1.45,LargeCaps5,4,1.04129413,4.1294,0.373577,14.2757,78,48.7179,true
1.45,LargeCaps5,5,1.02239320,2.2393,0.331302,12.6211,67,38.8060,true
1.45,Legacy3,0,1.20723263,20.7233,1.976684,3.6159,42,57.1429,true
1.45,Legacy3,1,1.28883321,28.8833,3.310781,3.6772,73,56.1644,true
1.45,Legacy3,2,1.10648844,10.6488,1.034656,7.7512,53,49.0566,true
1.45,Legacy3,3,1.08940976,8.9410,1.054615,6.2163,31,58.0645,true
1.45,Legacy3,4,0.95752145,-4.2479,-0.419179,16.5536,55,49.0909,false
1.45,Legacy3,5,0.93543129,-6.4569,-1.616832,9.4261,48,35.4167,false
1.45,Legacy3,6,0.99757124,-0.2429,-0.007433,6.8469,60,50.0000,false
1.45,LowVolume5,0,1.25769787,25.7698,1.906394,4.0414,63,57.1429,true
1.45,LowVolume5,1,1.34035424,34.0354,3.236422,7.2122,78,55.1282,true
1.45,LowVolume5,2,1.10602635,10.6026,0.974731,9.0724,67,49.2537,true
1.45,LowVolume5,3,0.95167680,-4.8323,-0.241964,18.3554,52,42.3077,false
1.45,LowVolume5,4,0.89813604,-10.1864,-0.907443,19.6161,61,50.8197,false
1.45,LowVolume5,5,0.99777402,-0.2226,0.033114,13.2167,64,42.1875,false
1.45,LowVolume5,6,0.90534925,-9.4651,-1.645701,12.8271,57,43.8596,false
1.45,OldGuard4,0,1.15435804,15.4358,1.443543,4.4885,51,54.9020,true
1.45,OldGuard4,1,1.26265567,26.2656,3.034474,3.9548,76,53.9474,true
1.45,OldGuard4,2,1.14811631,14.8116,1.288004,8.3428,64,46.8750,true
1.45,OldGuard4,3,1.12645410,12.6454,1.027356,7.2685,47,48.9362,true
1.45,OldGuard4,4,0.89021743,-10.9783,-1.017285,22.4955,65,46.1538,false
1.45,OldGuard4,5,0.89894368,-10.1056,-2.090717,11.7097,61,37.7049,false
1.45,OldGuard4,6,0.95935197,-4.0648,-0.687304,10.7056,70,47.1429,false
1.50,Base5,0,1.32773202,32.7732,1.530493,10.8708,68,50.0000,true
1.50,Base5,1,1.32924199,32.9242,2.647242,9.2860,101,51.4851,true
1.50,Base5,2,1.57601901,57.6019,3.338331,10.3649,87,59.7701,true
1.50,Base5,3,0.96145406,-3.8546,-0.304593,16.6410,50,38.0000,false
1.50,Base5,4,1.15826884,15.8269,0.974592,15.7941,80,46.2500,true
1.50,Base5,5,1.10348050,10.3480,1.129453,9.3857,73,43.8356,true
1.50,NoDOGE,0,1.25174553,25.1746,1.751068,6.3214,56,53.5714,true
1.50,NoDOGE,1,1.35073687,35.0737,2.840536,9.4997,93,51.6129,true
1.50,NoDOGE,2,1.38118456,38.1185,2.580750,11.8199,79,58.2278,true
1.50,NoDOGE,3,0.97847275,-2.1527,-0.136520,16.5506,41,43.9024,false
1.50,NoDOGE,4,0.98368588,-1.6314,0.000348,15.3118,67,43.2836,false
1.50,NoDOGE,5,1.03660764,3.6608,0.500143,11.8616,58,41.3793,true
1.50,Legacy4,0,1.36486892,36.4869,2.398977,4.9856,51,58.8235,true
1.50,Legacy4,1,1.33456067,33.4561,3.305560,4.8830,91,53.8462,true
1.50,Legacy4,2,1.26706770,26.7068,1.813640,9.1931,64,51.5625,true
1.50,Legacy4,3,1.07254908,7.2549,0.824299,7.0154,38,55.2632,true
1.50,Legacy4,4,0.95574957,-4.4250,-0.262003,17.5784,68,48.5294,false
1.50,Legacy4,5,0.93020625,-6.9794,-1.546328,11.6728,55,36.3636,false
1.50,Legacy4,6,1.06127068,6.1271,0.988267,6.5003,75,53.3333,true
1.50,Legacy5BNB,0,1.38095058,38.0951,2.186993,4.9856,65,56.9231,true
1.50,Legacy5BNB,1,1.29491457,29.4915,2.640798,5.3573,108,51.8519,true
1.50,Legacy5BNB,2,1.42135243,42.1352,2.422840,7.8017,82,53.6585,true
1.50,Legacy5BNB,3,1.02773489,2.7735,0.334676,7.8654,45,53.3333,true
1.50,Legacy5BNB,4,1.03634180,3.6342,0.376100,14.3479,78,52.5641,true
1.50,Legacy5BNB,5,0.92766071,-7.2339,-1.498850,11.5369,61,37.7049,false
1.50,Legacy5BNB,6,1.13188302,13.1883,1.750040,5.7452,92,54.3478,true
1.50,OldGuardNoBNB,0,1.30509015,30.5090,2.025019,5.4106,60,56.6667,true
1.50,OldGuardNoBNB,1,1.28709037,28.7090,2.900887,6.4275,93,51.6129,true
1.50,OldGuardNoBNB,2,1.32757647,32.7576,2.072412,9.7755,74,50.0000,true
1.50,OldGuardNoBNB,3,1.10902009,10.9020,0.880525,9.0802,54,48.1481,true
1.50,OldGuardNoBNB,4,0.87960948,-12.0391,-0.815918,22.6177,78,46.1538,false
1.50,OldGuardNoBNB,5,0.91551677,-8.4483,-1.657561,11.9173,65,35.3846,false
1.50,OldGuardNoBNB,6,1.04027514,4.0275,0.637949,7.6867,82,52.4390,true
1.50,LargeCaps5,0,1.30057615,30.0576,1.947777,4.7837,70,52.8571,true
1.50,LargeCaps5,1,1.31554350,31.5544,2.416267,9.9532,111,49.5495,true
1.50,LargeCaps5,2,1.52249054,52.2491,2.978585,7.4814,95,58.9474,true
1.50,LargeCaps5,3,0.93758933,-6.2411,-0.512619,16.0623,48,43.7500,false
1.50,LargeCaps5,4,1.07038678,7.0387,0.548775,14.6836,77,49.3506,true
1.50,LargeCaps5,5,1.03197672,3.1977,0.447031,11.7232,63,39.6825,true
1.50,Legacy3,0,1.21580074,21.5801,2.039374,3.6159,40,57.5000,true
1.50,Legacy3,1,1.28994843,28.9948,3.319835,3.6772,72,55.5556,true
1.50,Legacy3,2,1.21194457,21.1945,1.673441,7.7512,49,51.0204,true
1.50,Legacy3,3,1.08940976,8.9410,1.054615,6.2163,31,58.0645,true
1.50,Legacy3,4,0.96356898,-3.6431,-0.340110,16.8938,53,49.0566,false
1.50,Legacy3,5,0.93572311,-6.4277,-1.580440,9.7261,46,36.9565,false
1.50,Legacy3,6,0.99999834,-0.0002,0.038426,6.7181,58,50.0000,false
1.50,LowVolume5,0,1.26399485,26.3995,1.927809,4.2126,60,58.3333,true
1.50,LowVolume5,1,1.28653420,28.6534,2.700624,8.6962,77,53.2468,true
1.50,LowVolume5,2,1.19854110,19.8541,1.530291,9.0724,63,50.7937,true
1.50,LowVolume5,3,0.95167680,-4.8323,-0.241964,18.3554,52,42.3077,false
1.50,LowVolume5,4,0.94654019,-5.3460,-0.412999,18.9977,59,50.8475,false
1.50,LowVolume5,5,1.01503833,1.5038,0.240868,12.8373,61,40.9836,true
1.50,LowVolume5,6,0.90396971,-9.6030,-1.663858,13.0511,56,42.8571,false
1.50,OldGuard4,0,1.16255088,16.2551,1.503241,4.6589,49,55.1020,true
1.50,OldGuard4,1,1.24353584,24.3536,2.808818,5.1908,75,53.3333,true
1.50,OldGuard4,2,1.26236734,26.2367,1.912463,8.3428,60,48.3333,true
1.50,OldGuard4,3,1.12645410,12.6454,1.027356,7.2685,47,48.9362,true
1.50,OldGuard4,4,0.89583987,-10.4160,-0.945170,21.9495,63,46.0317,false
1.50,OldGuard4,5,0.91471264,-8.5287,-1.724364,10.8790,57,36.8421,false
1.50,OldGuard4,6,0.95875094,-4.1249,-0.705833,10.8550,68,47.0588,false
1.55,Base5,0,1.33802539,33.8025,1.568015,10.8708,67,49.2537,true
1.55,Base5,1,1.34324782,34.3248,2.721551,9.4100,100,51.0000,true
1.55,Base5,2,1.70100001,70.1000,3.817430,9.3192,84,60.7143,true
1.55,Base5,3,0.95005042,-4.9950,-0.416114,16.6410,50,38.0000,false
1.55,Base5,4,1.06390294,6.3903,0.470700,17.9469,78,42.3077,true
1.55,Base5,5,1.08938502,8.9385,0.969385,9.4105,73,42.4658,true
1.55,NoDOGE,0,1.26144981,26.1450,1.806954,6.1041,55,52.7273,true
1.55,NoDOGE,1,1.36496919,36.4969,2.929936,9.6234,92,51.0870,true
1.55,NoDOGE,2,1.48876115,48.8761,3.092783,10.7912,76,59.2105,true
1.55,NoDOGE,3,0.96686725,-3.3133,-0.250368,16.5506,41,43.9024,false
1.55,NoDOGE,4,0.92701473,-7.2985,-0.374122,17.3529,65,40.0000,false
1.55,NoDOGE,5,1.02866457,2.8665,0.402341,12.3756,58,39.6552,true
1.55,Legacy4,0,1.35574451,35.5745,2.347381,4.9856,51,54.9020,true
1.55,Legacy4,1,1.30473258,30.4733,3.027183,4.8830,91,52.7473,true
1.55,Legacy4,2,1.36708107,36.7081,2.309414,8.7532,62,54.8387,true
1.55,Legacy4,3,1.06694247,6.6942,0.762449,7.0154,37,56.7568,true
1.55,Legacy4,4,0.90077623,-9.9224,-0.710365,21.6209,67,44.7761,false
1.55,Legacy4,5,0.93579384,-6.4206,-1.329584,11.1152,54,35.1852,false
1.55,Legacy4,6,1.05018262,5.0183,0.793217,6.5003,73,50.6849,true
1.55,Legacy5BNB,0,1.35368439,35.3684,2.053309,4.9856,65,52.3077,true
1.55,Legacy5BNB,1,1.27697638,27.6976,2.489035,5.3573,106,51.8868,true
1.55,Legacy5BNB,2,1.49698507,49.6985,2.677126,7.8017,80,56.2500,true
1.55,Legacy5BNB,3,1.01164828,1.1648,0.188087,8.6953,44,54.5455,true
1.55,Legacy5BNB,4,0.99303829,-0.6962,0.039968,18.5767,75,50.6667,false
1.55,Legacy5BNB,5,0.94318506,-5.6815,-1.145676,10.0291,58,36.2069,false
1.55,Legacy5BNB,6,1.12005721,12.0057,1.560819,6.7985,90,52.2222,true
1.55,OldGuardNoBNB,0,1.29636537,29.6365,1.975033,5.4106,60,53.3333,true
1.55,OldGuardNoBNB,1,1.25832327,25.8323,2.626373,6.4275,93,50.5376,true
1.55,OldGuardNoBNB,2,1.39656296,39.6563,2.394636,9.3384,72,52.7778,true
1.55,OldGuardNoBNB,3,1.09909869,9.9099,0.809452,9.4201,53,49.0566,true
1.55,OldGuardNoBNB,4,0.86195976,-13.8040,-0.931173,26.4131,75,42.6667,false
1.55,OldGuardNoBNB,5,0.91680718,-8.3193,-1.589202,11.7663,64,35.9375,false
1.55,OldGuardNoBNB,6,1.01895509,1.8955,0.320576,9.5248,80,48.7500,true
1.55,LargeCaps5,0,1.29342748,29.3427,1.903822,4.7837,69,50.7246,true
1.55,LargeCaps5,1,1.33233015,33.2330,2.482426,10.2851,108,49.0741,true
1.55,LargeCaps5,2,1.64147166,64.1472,3.411469,7.4814,92,59.7826,true
1.55,LargeCaps5,3,0.91675944,-8.3241,-0.711016,16.9420,48,43.7500,false
1.55,LargeCaps5,4,1.00478347,0.4783,0.147328,15.9352,75,46.6667,true
1.55,LargeCaps5,5,1.02531507,2.5315,0.363358,12.1312,63,38.0952,true
1.55,Legacy3,0,1.20767288,20.7673,1.969186,3.6159,40,52.5000,true
1.55,Legacy3,1,1.26111745,26.1117,2.999631,3.6772,72,54.1667,true
1.55,Legacy3,2,1.21277811,21.2778,1.679134,7.7512,49,53.0612,true
1.55,Legacy3,3,1.08780458,8.7805,1.029255,6.2163,30,60.0000,true
1.55,Legacy3,4,0.94337460,-5.6625,-0.566922,18.6048,52,48.0769,false
1.55,Legacy3,5,0.94013112,-5.9869,-1.410576,9.2732,45,35.5556,false
1.55,Legacy3,6,0.99835149,-0.1649,0.007547,6.8162,57,47.3684,false
1.55,LowVolume5,0,1.26527853,26.5279,1.929764,4.2126,59,54.2373,true
1.55,LowVolume5,1,1.26482034,26.4820,2.491552,9.6930,76,52.6316,true
1.55,LowVolume5,2,1.21597475,21.5975,1.640959,9.0724,62,53.2258,true
1.55,LowVolume5,3,0.94672218,-5.3278,-0.277262,18.6606,51,43.1373,false
1.55,LowVolume5,4,0.96465546,-3.5345,-0.230400,19.5774,57,47.3684,false
1.55,LowVolume5,5,1.02172261,2.1723,0.319068,12.7339,60,41.6667,true
1.55,LowVolume5,6,0.90048798,-9.9512,-1.716005,13.6999,55,40.0000,false
1.55,OldGuard4,0,1.15477900,15.4779,1.438117,4.6589,49,51.0204,true
1.55,OldGuard4,1,1.21574220,21.5742,2.499872,5.1908,75,52.0000,true
1.55,OldGuard4,2,1.28241009,28.2410,2.030872,8.3428,59,50.8475,true
1.55,OldGuard4,3,1.12058955,12.0590,0.982640,7.2685,46,50.0000,true
1.55,OldGuard4,4,0.89663899,-10.3361,-0.914364,23.7824,61,44.2623,false
1.55,OldGuard4,5,0.91902168,-8.0978,-1.596655,10.6200,56,35.7143,false
1.55,OldGuard4,6,0.94731161,-5.2688,-0.909846,11.8662,67,43.2836,false
1.60,Base5,0,1.38064855,38.0649,1.714862,10.8708,67,50.7463,true
1.60,Base5,1,1.40336466,40.3365,2.850345,6.8235,95,52.6316,true
1.60,Base5,2,1.71342813,71.3428,3.745637,10.2742,79,60.7595,true
1.60,Base5,3,0.98545116,-1.4549,-0.064376,16.5002,48,41.6667,false
1.60,Base5,4,1.06627314,6.6273,0.483052,18.9433,77,44.1558,true
1.60,Base5,5,1.07911597,7.9116,0.865171,9.8118,72,43.0556,true
1.60,NoDOGE,0,1.30163363,30.1634,2.019740,5.9394,55,54.5455,true
1.60,NoDOGE,1,1.42604058,42.6041,3.036814,6.8235,87,52.8736,true
1.60,NoDOGE,2,1.49963859,49.9639,3.033174,11.7307,71,59.1549,true
1.60,NoDOGE,3,0.98299349,-1.7007,-0.091469,16.4096,40,45.0000,false
1.60,NoDOGE,4,0.94267533,-5.7325,-0.267708,18.6758,64,42.1875,false
1.60,NoDOGE,5,1.02414997,2.4150,0.347358,12.2416,57,40.3509,true
1.60,Legacy4,0,1.35997355,35.9974,2.327966,4.9856,51,56.8627,true
1.60,Legacy4,1,1.36911580,36.9116,3.176122,5.0181,87,52.8736,true
1.60,Legacy4,2,1.35174445,35.1744,2.149612,10.1330,59,54.2373,true
1.60,Legacy4,3,1.04018441,4.0184,0.482761,9.4700,37,54.0541,true
1.60,Legacy4,4,0.93206565,-6.7934,-0.444647,21.0353,65,46.1538,false
1.60,Legacy4,5,0.94975390,-5.0246,-1.011150,10.3326,52,34.6154,false
1.60,Legacy4,6,1.05653063,5.6531,0.890031,6.5003,69,49.2754,true
1.60,Legacy5BNB,0,1.38123010,38.1230,2.156847,4.9856,63,55.5556,true
1.60,Legacy5BNB,1,1.34552248,34.5522,2.755794,5.1177,101,52.4752,true
1.60,Legacy5BNB,2,1.46817938,46.8179,2.477548,7.8017,77,54.5455,true
1.60,Legacy5BNB,3,0.98627695,-1.3723,-0.035823,11.1354,44,52.2727,false
1.60,Legacy5BNB,4,1.03067705,3.0677,0.325285,18.2606,73,52.0548,true
1.60,Legacy5BNB,5,0.95725538,-4.2745,-0.834808,9.2369,56,35.7143,false
1.60,Legacy5BNB,6,1.12262957,12.2630,1.625612,6.2701,85,51.7647,true
1.60,OldGuardNoBNB,0,1.31851821,31.8518,2.046544,5.4484,58,56.8966,true
1.60,OldGuardNoBNB,1,1.32041637,32.0416,2.819162,6.4275,89,50.5618,true
1.60,OldGuardNoBNB,2,1.37886767,37.8868,2.226524,10.7094,69,52.1739,true
1.60,OldGuardNoBNB,3,1.16909088,16.9091,1.149668,11.6918,52,48.0769,true
1.60,OldGuardNoBNB,4,0.89190085,-10.8099,-0.690111,25.8487,73,43.8356,false
1.60,OldGuardNoBNB,5,0.93249496,-6.7505,-1.255794,10.9988,62,35.4839,false
1.60,OldGuardNoBNB,6,1.02295494,2.2955,0.377560,9.7744,76,47.3684,true
1.60,LargeCaps5,0,1.35755326,35.7553,2.227775,4.7837,67,53.7313,true
1.60,LargeCaps5,1,1.39768824,39.7688,2.677451,6.5192,102,50.9804,true
1.60,LargeCaps5,2,1.63993110,63.9931,3.292104,8.8484,88,59.0909,true
1.60,LargeCaps5,3,0.93204994,-6.7950,-0.565515,16.8017,47,44.6809,false
1.60,LargeCaps5,4,1.02854956,2.8550,0.292048,16.8799,73,49.3151,true
1.60,LargeCaps5,5,1.01931861,1.9319,0.291973,12.3572,62,38.7097,true
1.60,Legacy3,0,1.21144003,21.1440,1.984507,3.6159,40,55.0000,true
1.60,Legacy3,1,1.29209223,29.2092,3.242800,4.3591,69,53.6232,true
1.60,Legacy3,2,1.19917254,19.9173,1.562711,7.7512,46,52.1739,true
1.60,Legacy3,3,1.05873428,5.8734,0.701054,8.7226,30,56.6667,true
1.60,Legacy3,4,0.92909028,-7.0910,-0.720979,19.0707,52,46.1538,false
1.60,Legacy3,5,0.94847891,-5.1521,-1.190879,9.0189,44,34.0909,false
1.60,Legacy3,6,0.98999640,-1.0004,-0.144918,8.0087,55,43.6364,false
1.60,LowVolume5,0,1.28453369,28.4534,2.023555,4.4316,57,56.1404,true
1.60,LowVolume5,1,1.27797338,27.7973,2.583392,9.1109,74,51.3514,true
1.60,LowVolume5,2,1.20569366,20.5694,1.563510,9.0724,60,51.6667,true
1.60,LowVolume5,3,1.00531206,0.5312,0.148777,20.8343,50,42.0000,true
1.60,LowVolume5,4,0.95532887,-4.4671,-0.310696,19.9472,57,49.1228,false
1.60,LowVolume5,5,1.02681575,2.6816,0.377221,12.7725,59,40.6780,true
1.60,LowVolume5,6,0.89486878,-10.5131,-1.807374,14.3039,54,37.0370,false
1.60,OldGuard4,0,1.17451235,17.4512,1.566056,5.0334,47,55.3191,true
1.60,OldGuard4,1,1.24560250,24.5603,2.749380,4.7597,72,51.3889,true
1.60,OldGuard4,2,1.26616118,26.6161,1.905612,8.3428,56,50.0000,true
1.60,OldGuard4,3,1.18993957,18.9940,1.294245,9.3647,45,48.8889,true
1.60,OldGuard4,4,0.88306233,-11.6938,-1.039442,24.1329,61,42.6230,false
1.60,OldGuard4,5,0.92918584,-7.0814,-1.371908,10.6596,55,34.5455,false
1.60,OldGuard4,6,0.93740486,-6.2595,-1.064996,13.1773,65,40.0000,false
1.65,Base5,0,1.40143612,40.1436,1.796463,10.8708,65,50.7692,true
1.65,Base5,1,1.42702905,42.7029,2.804886,7.0320,93,49.4624,true
1.65,Base5,2,1.69924039,69.9240,3.587089,10.0423,79,58.2278,true
1.65,Base5,3,0.97031431,-2.9686,-0.196025,19.6213,47,40.4255,false
1.65,Base5,4,1.01066045,1.0660,0.193191,18.8142,76,46.0526,true
1.65,Base5,5,1.08046613,8.0466,0.877924,9.6376,72,41.6667,true
1.65,NoDOGE,0,1.32123153,32.1232,2.154195,5.9485,53,54.7170,true
1.65,NoDOGE,1,1.45880558,45.8806,3.025308,7.0320,85,50.5882,true
1.65,NoDOGE,2,1.48383658,48.3837,2.873385,11.7040,71,57.7465,true
1.65,NoDOGE,3,0.96789438,-3.2106,-0.223107,19.5341,39,43.5897,false
1.65,NoDOGE,4,0.95477158,-4.5228,-0.186178,18.5462,63,44.4444,false
1.65,NoDOGE,5,1.02543136,2.5431,0.362454,11.8332,57,38.5965,true
1.65,Legacy4,0,1.36968748,36.9687,2.411787,4.9907,50,56.0000,true
1.65,Legacy4,1,1.44450666,44.4507,3.489952,5.6749,83,54.2169,true
1.65,Legacy4,2,1.34755167,34.7552,2.108249,10.1058,59,54.2373,true
1.65,Legacy4,3,0.93409511,-6.5905,-0.517654,12.0010,37,48.6486,false
1.65,Legacy4,4,0.91947147,-8.0529,-0.537625,20.6326,63,39.6825,false
1.65,Legacy4,5,0.94991914,-5.0081,-0.934287,9.2533,50,36.0000,false
1.65,Legacy4,6,1.04601236,4.6012,0.733377,6.9183,69,49.2754,true
1.65,Legacy5BNB,0,1.39858555,39.8586,2.257126,4.9907,61,55.7377,true
1.65,Legacy5BNB,1,1.42533336,42.5333,3.112508,5.1177,96,54.1667,true
1.65,Legacy5BNB,2,1.53135273,53.1353,2.677659,7.7277,76,55.2632,true
1.65,Legacy5BNB,3,0.88568572,-11.4314,-0.736383,16.3062,44,47.7273,false
1.65,Legacy5BNB,4,1.01145434,1.1454,0.182097,18.3195,71,46.4789,true
1.65,Legacy5BNB,5,0.95742193,-4.2578,-0.767227,8.3644,54,37.0370,false
1.65,Legacy5BNB,6,1.11172831,11.1728,1.487005,6.9145,85,51.7647,true
1.65,OldGuardNoBNB,0,1.28360942,28.3609,1.832322,5.4484,57,56.1404,true
1.65,OldGuardNoBNB,1,1.39312558,39.3126,3.154114,6.4275,85,51.7647,true
1.65,OldGuardNoBNB,2,1.37459075,37.4591,2.186313,10.6823,69,52.1739,true
1.65,OldGuardNoBNB,3,1.04981200,4.9812,0.417205,14.8934,51,45.0980,true
1.65,OldGuardNoBNB,4,0.89253915,-10.7461,-0.671178,25.7778,71,38.0282,false
1.65,OldGuardNoBNB,5,0.92405024,-7.5950,-1.357682,10.9850,61,36.0656,false
1.65,OldGuardNoBNB,6,1.01028837,1.0288,0.198304,10.5285,77,46.7532,true
1.65,LargeCaps5,0,1.38541225,38.5412,2.386266,4.7837,64,54.6875,true
1.65,LargeCaps5,1,1.44348764,44.3488,2.771872,6.2134,98,50.0000,true
1.65,LargeCaps5,2,1.64635637,64.6356,3.295110,7.3265,86,56.9767,true
1.65,LargeCaps5,3,0.91773334,-8.2267,-0.668257,19.9115,46,43.4783,false
1.65,LargeCaps5,4,1.04931770,4.9318,0.416071,17.3348,72,51.3889,true
1.65,LargeCaps5,5,1.02024315,2.0243,0.302260,12.2777,63,38.0952,true
1.65,Legacy3,0,1.22009302,22.0093,2.060486,3.6159,39,53.8462,true
1.65,Legacy3,1,1.29229970,29.2300,3.228971,5.0204,68,54.4118,true
1.65,Legacy3,2,1.19509080,19.5091,1.524978,7.7512,46,52.1739,true
1.65,Legacy3,3,0.95075307,-4.9247,-0.386508,11.2745,30,50.0000,false
1.65,Legacy3,4,0.92975519,-7.0245,-0.683786,18.3004,50,38.0000,false
1.65,Legacy3,5,0.94864392,-5.1356,-1.075642,8.8496,42,35.7143,false
1.65,Legacy3,6,0.98294629,-1.7054,-0.273935,8.6638,55,43.6364,false
1.65,LowVolume5,0,1.25141218,25.1412,1.784316,5.0271,56,57.1429,true
1.65,LowVolume5,1,1.27531916,27.5319,2.536703,9.1109,73,52.0548,true
1.65,LowVolume5,2,1.21893098,21.8931,1.620532,9.0724,60,50.0000,true
1.65,LowVolume5,3,0.89746021,-10.2540,-0.508690,27.6226,49,38.7755,false
1.65,LowVolume5,4,0.93249780,-6.7502,-0.507106,19.0566,55,41.8182,false
1.65,LowVolume5,5,1.02145738,2.1457,0.310355,13.0062,58,41.3793,true
1.65,LowVolume5,6,0.89163936,-10.8361,-1.815094,14.5039,53,35.8491,false
1.65,OldGuard4,0,1.14341623,14.3416,1.274533,5.0334,46,54.3478,true
1.65,OldGuard4,1,1.24580251,24.5803,2.738392,5.0204,71,52.1127,true
1.65,OldGuard4,2,1.26185143,26.1851,1.868329,8.3428,56,50.0000,true
1.65,OldGuard4,3,1.06853356,6.8534,0.533043,13.3757,44,45.4545,true
1.65,OldGuard4,4,0.88369430,-11.6306,-1.002153,24.0603,59,35.5932,false
1.65,OldGuard4,5,0.92077109,-7.9229,-1.465245,10.6457,54,35.1852,false
1.65,OldGuard4,6,0.93477302,-6.5227,-1.088223,13.0260,65,38.4615,false
1.70,Base5,0,1.59407412,59.4074,2.394751,6.6043,63,52.3810,true
1.70,Base5,1,1.40437566,40.4376,2.656619,7.0320,92,48.9130,true
1.70,Base5,2,1.70846489,70.8465,3.618461,10.0423,79,58.2278,true
1.70,Base5,3,0.99541295,-0.4587,0.042082,19.6607,46,39.1304,false
1.70,Base5,4,0.96374730,-3.6253,-0.052006,20.3738,73,45.2055,false
1.70,Base5,5,1.13061767,13.0618,1.314002,9.7959,69,43.4783,true
1.70,NoDOGE,0,1.33891405,33.8914,2.211920,5.9485,52,53.8462,true
1.70,NoDOGE,1,1.44898666,44.8987,2.959150,7.0320,84,50.0000,true
1.70,NoDOGE,2,1.50396181,50.3962,2.964423,11.7040,71,57.7465,true
1.70,NoDOGE,3,0.99293043,-0.7070,0.018148,19.5736,38,42.1053,false
1.70,NoDOGE,4,0.93208806,-6.7912,-0.346251,19.5467,62,45.1613,false
1.70,NoDOGE,5,1.07461609,7.4616,0.895529,7.1991,54,40.7407,true
1.70,Legacy4,0,1.39546701,39.5467,2.531556,4.9907,48,58.3333,true
1.70,Legacy4,1,1.42051688,42.0517,3.307565,5.9227,81,54.3210,true
1.70,Legacy4,2,1.38582397,38.5824,2.280478,10.1058,55,54.5455,true
1.70,Legacy4,3,0.94815098,-5.1849,-0.389367,10.4267,36,47.2222,false
1.70,Legacy4,4,0.87545052,-12.4549,-0.886216,24.4324,63,38.0952,false
1.70,Legacy4,5,0.93849319,-6.1507,-1.129868,10.3449,48,33.3333,false
1.70,Legacy4,6,1.07069399,7.0694,1.078679,6.5003,67,52.2388,true
1.70,Legacy5BNB,0,1.44468501,44.4685,2.467772,4.9907,58,58.6207,true
1.70,Legacy5BNB,1,1.39580731,39.5807,2.922752,5.1177,95,53.6842,true
1.70,Legacy5BNB,2,1.52614975,52.6150,2.630768,8.6093,71,53.5211,true
1.70,Legacy5BNB,3,0.89901314,-10.0987,-0.633925,15.0468,43,46.5116,false
1.70,Legacy5BNB,4,0.97102439,-2.8976,-0.119778,20.6119,70,44.2857,false
1.70,Legacy5BNB,5,0.94148067,-5.8519,-1.041290,9.6739,53,33.9623,false
1.70,Legacy5BNB,6,1.13471095,13.4711,1.731080,6.4878,83,54.2169,true
1.70,OldGuardNoBNB,0,1.34767973,34.7680,2.165046,4.9907,52,57.6923,true
1.70,OldGuardNoBNB,1,1.36998912,36.9989,2.974953,6.4275,83,51.8072,true
1.70,OldGuardNoBNB,2,1.40724078,40.7241,2.329536,10.6823,65,50.7692,true
1.70,OldGuardNoBNB,3,1.06560912,6.5609,0.510544,13.6128,50,44.0000,true
1.70,OldGuardNoBNB,4,0.88148868,-11.8511,-0.746789,26.5720,70,37.1429,false
1.70,OldGuardNoBNB,5,0.91414190,-8.5858,-1.513779,11.2068,59,33.8983,false
1.70,OldGuardNoBNB,6,1.03231785,3.2318,0.504569,8.5457,75,49.3333,true
1.70,LargeCaps5,0,1.40510536,40.5105,2.448282,4.7837,63,53.9683,true
1.70,LargeCaps5,1,1.43377183,43.3772,2.710821,6.2134,97,49.4845,true
1.70,LargeCaps5,2,1.65310342,65.3103,3.301896,7.3265,85,55.2941,true
1.70,LargeCaps5,3,0.94147190,-5.8528,-0.437936,19.9508,45,42.2222,false
1.70,LargeCaps5,4,1.02262962,2.2630,0.256657,18.3502,71,52.1127,true
1.70,LargeCaps5,5,1.07422965,7.4230,0.889874,7.6358,60,40.0000,true
1.70,Legacy3,0,1.23255149,23.2551,2.158862,3.6159,38,57.8947,true
1.70,Legacy3,1,1.27356817,27.3568,2.985744,5.7596,66,53.0303,true
1.70,Legacy3,2,1.22903301,22.9033,1.746406,7.7512,42,52.3810,true
1.70,Legacy3,3,0.96505959,-3.4940,-0.251114,9.1510,29,48.2759,false
1.70,Legacy3,4,0.88067483,-11.9325,-1.199807,21.8603,50,36.0000,false
1.70,Legacy3,5,0.93762754,-6.2372,-1.292557,9.5919,41,31.7073,false
1.70,Legacy3,6,1.00613981,0.6140,0.150998,6.5087,53,47.1698,true
1.70,LowVolume5,0,1.28426382,28.4264,1.968737,5.0271,53,58.4906,true
1.70,LowVolume5,1,1.24443699,24.4437,2.297329,9.1109,72,48.6111,true
1.70,LowVolume5,2,1.24080116,24.0801,1.766283,9.0724,56,48.2143,true
1.70,LowVolume5,3,0.91421038,-8.5790,-0.402932,26.2718,48,37.5000,false
1.70,LowVolume5,4,0.88139014,-11.8610,-1.008470,20.4874,54,38.8889,false
1.70,LowVolume5,5,1.05547990,5.5480,0.671088,9.1568,56,41.0714,true
1.70,LowVolume5,6,0.89754858,-10.2451,-1.696780,13.9373,51,37.2549,false
1.70,OldGuard4,0,1.16780522,16.7805,1.458315,5.0334,43,55.8140,true
1.70,OldGuard4,1,1.22774494,22.7745,2.510090,5.7596,69,50.7246,true
1.70,OldGuard4,2,1.29375807,29.3758,2.056280,8.3428,52,48.0769,true
1.70,OldGuard4,3,1.08461239,8.4612,0.629105,12.0722,43,44.1860,true
1.70,OldGuard4,4,0.86825071,-13.1749,-1.139238,25.3874,58,34.4828,false
1.70,OldGuard4,5,0.91128105,-8.8719,-1.631420,10.8578,53,32.0755,false
1.70,OldGuard4,6,0.96319776,-3.6802,-0.570024,10.3813,62,41.9355,false
1.75,Base5,0,1.63159252,63.1593,2.431104,7.3799,61,52.4590,true
1.75,Base5,1,1.39975696,39.9757,2.659894,8.6120,90,48.8889,true
1.75,Base5,2,1.76762151,76.7622,3.752720,7.3156,77,59.7403,true
1.75,Base5,3,1.01583390,1.5834,0.223761,19.3925,44,40.9091,true
1.75,Base5,4,0.98829441,-1.1706,0.079645,20.4067,72,45.8333,false
1.75,Base5,5,1.14131254,14.1313,1.378530,7.6521,66,42.4242,true
1.75,NoDOGE,0,1.37042696,37.0427,2.346597,6.1781,50,54.0000,true
1.75,NoDOGE,1,1.45210924,45.2109,3.013918,8.6760,82,50.0000,true
1.75,NoDOGE,2,1.53926403,53.9264,3.067207,10.5111,70,58.5714,true
1.75,NoDOGE,3,0.98744101,-1.2559,-0.033402,19.3500,37,43.2432,false
1.75,NoDOGE,4,0.95582879,-4.4171,-0.179628,19.5800,61,45.9016,false
1.75,NoDOGE,5,1.08478122,8.4781,0.978132,6.3213,51,39.2157,true
1.75,Legacy4,0,1.39478463,39.4785,2.456654,4.9907,47,55.3191,true
1.75,Legacy4,1,1.43581010,43.5810,3.403072,5.9227,79,53.1646,true
1.75,Legacy4,2,1.43595683,43.5957,2.438175,10.0199,54,57.4074,true
1.75,Legacy4,3,1.00216190,0.2162,0.107640,8.1814,35,51.4286,true
1.75,Legacy4,4,0.87298379,-12.7016,-0.903556,24.8564,62,37.0968,false
1.75,Legacy4,5,0.95558487,-4.4415,-0.733178,10.3438,46,30.4348,false
1.75,Legacy4,6,1.09123397,9.1234,1.345225,6.3674,64,51.5625,true
1.75,Legacy5BNB,0,1.47202567,47.2026,2.537612,4.9907,56,57.1429,true
1.75,Legacy5BNB,1,1.37570216,37.5702,2.766343,6.4489,93,51.6129,true
1.75,Legacy5BNB,2,1.57432852,57.4329,2.757005,8.6094,70,55.7143,true
1.75,Legacy5BNB,3,0.95022495,-4.9775,-0.227311,13.3995,42,50.0000,false
1.75,Legacy5BNB,4,0.96828836,-3.1712,-0.140300,21.0573,69,43.4783,false
1.75,Legacy5BNB,5,0.96013660,-3.9863,-0.636005,9.5305,50,32.0000,false
1.75,Legacy5BNB,6,1.16669814,16.6698,2.066684,6.4878,79,54.4304,true
1.75,OldGuardNoBNB,0,1.34790681,34.7907,2.154351,7.0303,50,56.0000,true
1.75,OldGuardNoBNB,1,1.38473836,38.4738,3.070526,6.4275,81,50.6173,true
1.75,OldGuardNoBNB,2,1.45814840,45.8148,2.484851,10.0199,64,53.1250,true
1.75,OldGuardNoBNB,3,1.12631099,12.6311,0.836243,10.0654,49,46.9388,true
1.75,OldGuardNoBNB,4,0.87900494,-12.0995,-0.764313,26.9840,69,36.2319,false
1.75,OldGuardNoBNB,5,0.93425356,-6.5746,-1.039987,11.5797,55,29.0909,false
1.75,OldGuardNoBNB,6,1.05212163,5.2122,0.766259,8.6385,72,48.6111,true
1.75,LargeCaps5,0,1.48619372,48.6194,2.756853,4.7837,61,54.0984,true
1.75,LargeCaps5,1,1.42404810,42.4048,2.686199,8.9882,95,49.4737,true
1.75,LargeCaps5,2,1.68438450,68.4384,3.375408,7.3265,84,55.9524,true
1.75,LargeCaps5,3,0.93626697,-6.3733,-0.489653,19.7283,44,43.1818,false
1.75,LargeCaps5,4,1.02327913,2.3279,0.260515,18.3839,70,51.4286,true
1.75,LargeCaps5,5,1.08439113,8.4391,0.972204,6.7621,57,38.5965,true
1.75,Legacy3,0,1.27520905,27.5209,2.420810,3.6159,37,59.4595,true
1.75,Legacy3,1,1.24892189,24.8922,2.741084,5.7596,65,50.7692,true
1.75,Legacy3,2,1.27349388,27.3494,1.934288,7.6631,41,56.0976,true
1.75,Legacy3,3,1.02268850,2.2689,0.282697,8.1814,28,53.5714,true
1.75,Legacy3,4,0.88117646,-11.8824,-1.191792,22.1621,49,34.6939,false
1.75,Legacy3,5,0.95308299,-4.6917,-0.868518,9.7442,38,28.9474,false
1.75,Legacy3,6,1.01769975,1.7700,0.355729,5.9446,52,48.0769,true
1.75,LowVolume5,0,1.33343403,33.3434,2.270428,5.0271,52,59.6154,true
1.75,LowVolume5,1,1.21929139,21.9291,2.083732,10.0857,72,48.6111,true
1.75,LowVolume5,2,1.25598488,25.5985,1.806964,9.0724,55,49.0909,true
1.75,LowVolume5,3,0.97149550,-2.8505,-0.038867,21.6519,47,42.5532,false
1.75,LowVolume5,4,0.88609593,-11.3904,-0.950365,20.9335,53,39.6226,false
1.75,LowVolume5,5,1.06791227,6.7912,0.777326,10.0977,52,38.4615,true
1.75,LowVolume5,6,0.87615707,-12.3843,-2.062351,14.1840,50,38.0000,false
1.75,OldGuard4,0,1.20901675,20.9017,1.781723,5.0334,41,58.5366,true
1.75,OldGuard4,1,1.20398544,20.3985,2.270827,5.7596,68,48.5294,true
1.75,OldGuard4,2,1.34056040,34.0560,2.232734,7.6631,51,50.9804,true
1.75,OldGuard4,3,1.14938045,14.9380,0.974368,9.4406,42,47.6190,true
1.75,OldGuard4,4,0.86874526,-13.1255,-1.132625,25.8060,57,33.3333,false
1.75,OldGuard4,5,0.92935270,-7.0647,-1.168245,11.6921,48,27.0833,false
1.75,OldGuard4,6,0.95093950,-4.9061,-0.780063,11.2503,60,41.6667,false
1.80,Base5,0,1.59083400,59.0834,2.305719,8.2010,60,51.6667,true
1.80,Base5,1,1.33078489,33.0785,2.316768,12.7868,88,50.0000,true
1.80,Base5,2,1.83346805,83.3468,3.868621,7.4416,73,60.2740,true
1.80,Base5,3,1.01374711,1.3747,0.205390,19.4979,43,44.1860,true
1.80,Base5,4,1.04374419,4.3744,0.361692,17.9061,70,51.4286,true
1.80,Base5,5,1.16160403,16.1604,1.551640,7.1917,64,45.3125,true
1.80,NoDOGE,0,1.33619257,33.6193,2.161086,6.1781,49,53.0612,true
1.80,NoDOGE,1,1.37966699,37.9667,2.668768,12.8479,80,51.2500,true
1.80,NoDOGE,2,1.59660392,59.6604,3.204735,10.6327,66,59.0909,true
1.80,NoDOGE,3,0.98733461,-1.2665,-0.033678,19.2984,36,47.2222,false
1.80,NoDOGE,4,1.00945704,0.9457,0.174322,17.0533,59,52.5424,true
1.80,NoDOGE,5,1.10406763,10.4068,1.172527,5.2761,49,42.8571,true
1.80,Legacy4,0,1.40031008,40.0310,2.478425,4.9907,45,53.3333,true
1.80,Legacy4,1,1.45463762,45.4638,3.483238,6.0660,78,55.1282,true
1.80,Legacy4,2,1.44646976,44.6470,2.413029,7.9338,51,54.9020,true
1.80,Legacy4,3,1.00452192,0.4522,0.127938,8.1814,33,54.5455,true
1.80,Legacy4,4,0.90816133,-9.1839,-0.594454,22.7512,60,41.6667,false
1.80,Legacy4,5,0.96269723,-3.7303,-0.607395,9.8299,45,31.1111,false
1.80,Legacy4,6,1.09631874,9.6319,1.414849,6.3674,64,54.6875,true
1.80,Legacy5BNB,0,1.47785711,47.7857,2.562746,4.9907,54,55.5556,true
1.80,Legacy5BNB,1,1.40906464,40.9065,2.947887,6.4489,91,53.8462,true
1.80,Legacy5BNB,2,1.58446790,58.4468,2.704528,9.2544,65,53.8462,true
1.80,Legacy5BNB,3,0.96497975,-3.5020,-0.123577,13.3995,40,52.5000,false
1.80,Legacy5BNB,4,1.01622611,1.6226,0.216573,18.8456,66,46.9697,true
1.80,Legacy5BNB,5,0.96728284,-3.2717,-0.512476,9.0120,49,32.6531,false
1.80,Legacy5BNB,6,1.18335296,18.3353,2.257748,6.4878,78,57.6923,true
1.80,OldGuardNoBNB,0,1.35324656,35.3247,2.174542,5.8920,48,54.1667,true
1.80,OldGuardNoBNB,1,1.40289619,40.2896,3.154280,6.4275,80,52.5000,true
1.80,OldGuardNoBNB,2,1.47492364,47.4924,2.467733,7.9338,60,50.0000,true
1.80,OldGuardNoBNB,3,1.12896337,12.8963,0.846631,9.8536,47,48.9362,true
1.80,OldGuardNoBNB,4,0.91121396,-8.8786,-0.507952,25.2019,67,40.2985,false
1.80,OldGuardNoBNB,5,0.94043875,-5.9561,-0.918470,11.0729,54,31.4815,false
1.80,OldGuardNoBNB,6,1.05702416,5.7024,0.833591,8.6385,72,51.3889,true
1.80,LargeCaps5,0,1.44906738,44.9067,2.589851,4.7494,60,53.3333,true
1.80,LargeCaps5,1,1.32790564,32.7906,2.263475,13.4918,92,50.0000,true
1.80,LargeCaps5,2,1.83713233,83.7132,3.708826,9.3510,79,59.4937,true
1.80,LargeCaps5,3,0.94846900,-5.1531,-0.373770,18.6213,43,46.5116,false
1.80,LargeCaps5,4,1.12060160,12.0602,0.816760,15.9010,67,58.2090,true
1.80,LargeCaps5,5,1.10367060,10.3671,1.165930,5.6527,55,41.8182,true
1.80,Legacy3,0,1.28026080,28.0261,2.447053,2.9647,35,57.1429,true
1.80,Legacy3,1,1.26529878,26.5299,2.865605,5.9031,64,53.1250,true
1.80,Legacy3,2,1.25172327,25.1723,1.775420,7.6631,40,52.5000,true
1.80,Legacy3,3,1.01953062,1.9531,0.254970,8.1814,27,55.5556,true
1.80,Legacy3,4,0.88821774,-11.1782,-1.104689,22.4204,47,38.2979,false
1.80,Legacy3,5,0.96017672,-3.9823,-0.729751,9.2269,37,29.7297,false
1.80,Legacy3,6,1.01774831,1.7748,0.356555,5.9446,52,50.0000,true
1.80,LowVolume5,0,1.31658998,31.6590,2.165027,5.0271,49,57.1429,true
1.80,LowVolume5,1,1.21758374,21.7584,2.052255,10.3423,72,50.0000,true
1.80,LowVolume5,2,1.24873530,24.8735,1.728131,9.0724,53,47.1698,true
1.80,LowVolume5,3,0.96120867,-3.8791,-0.099039,21.9719,46,41.3043,false
1.80,LowVolume5,4,0.87649952,-12.3500,-1.041779,21.7898,53,37.7358,false
1.80,LowVolume5,5,1.06981708,6.9817,0.792061,10.0169,52,40.3846,true
1.80,LowVolume5,6,0.87989478,-12.0105,-2.025938,13.8179,49,38.7755,false
1.80,OldGuard4,0,1.21380628,21.3806,1.807059,5.0334,39,56.4103,true
1.80,OldGuard4,1,1.21977308,21.9773,2.399143,5.9031,67,50.7463,true
1.80,OldGuard4,2,1.31764328,31.7643,2.076880,7.6631,50,48.0000,true
1.80,OldGuard4,3,1.14583136,14.5831,0.952837,9.7202,41,48.7805,true
1.80,OldGuard4,4,0.87261209,-12.7388,-1.089747,26.3555,55,36.3636,false
1.80,OldGuard4,5,0.93550544,-6.4495,-1.039597,11.1859,47,29.7872,false
1.80,OldGuard4,6,0.95112211,-4.8878,-0.776134,11.2503,61,44.2623,false
1.85,Base5,0,1.61635171,61.6352,2.378326,10.0116,57,52.6316,true
1.85,Base5,1,1.40492036,40.4920,2.704341,12.7868,87,50.5747,true
1.85,Base5,2,1.83050233,83.0502,3.856240,7.6251,72,61.1111,true
1.85,Base5,3,0.99297199,-0.7028,0.029303,20.5613,43,44.1860,false
1.85,Base5,4,0.99247202,-0.7528,0.116259,24.4194,67,53.7313,false
1.85,Base5,5,1.17031580,17.0316,1.606378,7.6194,61,47.5410,true
1.85,NoDOGE,0,1.35762571,35.7626,2.258672,4.9950,46,54.3478,true
1.85,NoDOGE,1,1.37966699,37.9667,2.668768,12.8479,80,51.2500,true
1.85,NoDOGE,2,1.59402133,59.4021,3.191892,10.8099,65,60.0000,true
1.85,NoDOGE,3,0.97964381,-2.0356,-0.092403,19.3316,36,47.2222,false
1.85,NoDOGE,4,0.96873417,-3.1266,-0.057368,22.9291,56,55.3571,false
1.85,NoDOGE,5,1.12616642,12.6166,1.383450,5.6303,46,45.6522,true
1.85,Legacy4,0,1.43571139,43.5711,2.664817,3.7325,44,52.2727,true
1.85,Legacy4,1,1.50634020,50.6340,3.811486,6.0660,77,57.1429,true
1.85,Legacy4,2,1.44768295,44.7683,2.413413,8.1163,50,54.0000,true
1.85,Legacy4,3,1.00199148,0.1991,0.107025,8.1814,33,54.5455,true
1.85,Legacy4,4,0.85710706,-14.2893,-0.847942,31.0481,59,45.7627,false
1.85,Legacy4,5,0.97081021,-2.9190,-0.463414,9.2497,43,34.8837,false
1.85,Legacy4,6,1.09176355,9.1764,1.344494,6.8494,63,55.5556,true
1.85,Legacy5BNB,0,1.51458010,51.4580,2.719145,3.0563,53,54.7170,true
1.85,Legacy5BNB,1,1.46002708,46.0027,3.250665,5.9639,90,55.5556,true
1.85,Legacy5BNB,2,1.64279788,64.2798,2.894010,8.3455,63,53.9683,true
1.85,Legacy5BNB,3,0.96254892,-3.7451,-0.140357,13.3995,40,52.5000,false
1.85,Legacy5BNB,4,0.97558570,-2.4414,-0.035771,28.2822,64,50.0000,false
1.85,Legacy5BNB,5,0.97079341,-2.9207,-0.449241,8.8623,48,35.4167,false
1.85,Legacy5BNB,6,1.17612765,17.6128,2.164446,6.9692,77,58.4416,true
1.85,OldGuardNoBNB,0,1.39114924,39.1149,2.372182,6.3110,47,53.1915,true
1.85,OldGuardNoBNB,1,1.45275970,45.2760,3.480583,6.4275,79,54.4304,true
1.85,OldGuardNoBNB,2,1.46448742,46.4487,2.417892,8.1163,59,49.1525,true
1.85,OldGuardNoBNB,3,1.10362386,10.3624,0.709018,11.8769,47,48.9362,true
1.85,OldGuardNoBNB,4,0.89770706,-10.2293,-0.484725,33.2930,65,44.6154,false
1.85,OldGuardNoBNB,5,0.95137677,-4.8623,-0.730996,10.5007,52,34.6154,false
1.85,OldGuardNoBNB,6,1.05263223,5.2632,0.770761,9.1088,71,52.1127,true
1.85,LargeCaps5,0,1.40205114,40.2051,2.324824,5.6625,57,52.6316,true
1.85,LargeCaps5,1,1.32870621,32.8706,2.267542,13.4918,92,50.0000,true
1.85,LargeCaps5,2,1.83416068,83.4161,3.696085,9.4081,78,60.2564,true
1.85,LargeCaps5,3,0.94108094,-5.8919,-0.418094,18.6548,43,46.5116,false
1.85,LargeCaps5,4,1.09388338,9.3883,0.630098,21.8583,63,60.3175,true
1.85,LargeCaps5,5,1.12125196,12.1252,1.341112,5.9346,51,45.0980,true
1.85,Legacy3,0,1.25618435,25.6184,2.260046,2.9647,35,54.2857,true
1.85,Legacy3,1,1.31027163,31.0272,3.292037,5.9031,63,55.5556,true
1.85,Legacy3,2,1.25277313,25.2773,1.776596,7.6631,39,51.2821,true
1.85,Legacy3,3,1.01696237,1.6962,0.232996,8.1814,27,55.5556,true
1.85,Legacy3,4,0.89241535,-10.7585,-0.935434,24.2356,47,42.5532,false
1.85,Legacy3,5,0.96367067,-3.6329,-0.658299,9.0766,36,33.3333,false
1.85,Legacy3,6,1.01407591,1.4076,0.290880,6.4287,52,50.0000,true
1.85,LowVolume5,0,1.28839510,28.8395,2.031919,5.0271,47,57.4468,true
1.85,LowVolume5,1,1.23914783,23.9148,2.214981,11.8863,71,52.1127,true
1.85,LowVolume5,2,1.24028037,24.0280,1.672621,9.0724,51,47.0588,true
1.85,LowVolume5,3,0.92931222,-7.0688,-0.295842,24.5612,46,41.3043,false
1.85,LowVolume5,4,0.87540561,-12.4594,-0.893939,26.0998,51,41.1765,false
1.85,LowVolume5,5,1.08354613,8.3546,0.922122,10.4524,51,41.1765,true
1.85,LowVolume5,6,0.87536521,-12.4635,-2.105141,14.2616,49,38.7755,false
1.85,OldGuard4,0,1.19414804,19.4148,1.659499,5.0334,39,53.8462,true
1.85,OldGuard4,1,1.26312780,26.3128,2.817181,5.9031,66,53.0303,true
1.85,OldGuard4,2,1.30824260,30.8243,2.017585,7.6631,49,46.9388,true
1.85,OldGuard4,3,1.12011324,12.0113,0.811286,11.7465,41,48.7805,true
1.85,OldGuard4,4,0.91518949,-8.4811,-0.566714,27.5827,54,40.7407,false
1.85,OldGuard4,5,0.94189220,-5.8108,-0.919206,11.0389,46,32.6087,false
1.85,OldGuard4,6,0.94769012,-5.2310,-0.832933,11.5706,61,44.2623,false
1.90,Base5,0,1.55739390,55.7394,2.148975,10.0292,56,51.7857,true
1.90,Base5,1,1.36916733,36.9167,2.520901,12.9843,83,48.1928,true
1.90,Base5,2,1.80539567,80.5396,3.729184,7.7924,71,63.3803,true
1.90,Base5,3,1.04927402,4.9274,0.496584,16.0571,41,46.3415,true
1.90,Base5,4,0.95609753,-4.3902,-0.062812,22.8942,67,50.7463,false
1.90,Base5,5,1.17417320,17.4173,1.644042,7.6194,60,48.3333,true
1.90,NoDOGE,0,1.30810515,30.8105,1.880585,9.6164,45,53.3333,true
1.90,NoDOGE,1,1.37129984,37.1300,2.618387,11.3158,76,50.0000,true
1.90,NoDOGE,2,1.57168787,57.1688,3.060221,10.9714,64,60.9375,true
1.90,NoDOGE,3,1.01474428,1.4744,0.214082,16.4413,35,48.5714,true
1.90,NoDOGE,4,0.93322968,-6.6770,-0.273423,21.9482,56,51.7857,false
1.90,NoDOGE,5,1.11462128,11.4621,1.269512,6.0267,46,45.6522,true
1.90,Legacy4,0,1.40391997,40.3920,2.327571,5.9082,43,51.1628,true
1.90,Legacy4,1,1.56000408,56.0004,3.957632,6.0660,71,59.1549,true
1.90,Legacy4,2,1.51158993,51.1590,2.653311,7.1451,48,56.2500,true
1.90,Legacy4,3,1.03789266,3.7893,0.399478,8.1814,32,56.2500,true
1.90,Legacy4,4,0.86293765,-13.7062,-0.805155,31.2092,58,44.8276,false
1.90,Legacy4,5,0.97488780,-2.5112,-0.390012,9.7413,42,33.3333,false
1.90,Legacy4,6,1.09069887,9.0699,1.329986,6.8494,63,55.5556,true
1.90,Legacy5BNB,0,1.50261849,50.2618,2.509917,5.9082,51,54.9020,true
1.90,Legacy5BNB,1,1.48796999,48.7970,3.442726,5.9639,82,56.0976,true
1.90,Legacy5BNB,2,1.69077838,69.0778,2.941097,8.3455,60,56.6667,true
1.90,Legacy5BNB,3,0.99703687,-0.2963,0.094526,13.3995,39,53.8462,false
1.90,Legacy5BNB,4,0.97800202,-2.1998,-0.018758,28.7176,62,48.3871,false
1.90,Legacy5BNB,5,0.97191691,-2.8083,-0.424171,9.3560,47,34.0426,false
1.90,Legacy5BNB,6,1.17563097,17.5631,2.151522,6.9692,76,57.8947,true
1.90,OldGuardNoBNB,0,1.35697690,35.6977,2.058719,5.9082,46,52.1739,true
1.90,OldGuardNoBNB,1,1.48375162,48.3752,3.498658,6.4275,73,56.1644,true
1.90,OldGuardNoBNB,2,1.52913622,52.9136,2.651914,7.5704,57,50.8772,true
1.90,OldGuardNoBNB,3,1.14316650,14.3167,0.919798,12.0521,46,50.0000,true
1.90,OldGuardNoBNB,4,0.90381382,-9.6186,-0.446039,33.4489,64,43.7500,false
1.90,OldGuardNoBNB,5,0.95411598,-4.5884,-0.685961,10.5007,51,33.3333,false
1.90,OldGuardNoBNB,6,1.05160571,5.1606,0.757041,9.1088,71,52.1127,true
1.90,LargeCaps5,0,1.37471191,37.4712,2.123666,6.9602,55,54.5455,true
1.90,LargeCaps5,1,1.31510225,31.5102,2.228751,11.7392,87,48.2759,true
1.90,LargeCaps5,2,1.77815900,77.8159,3.496675,9.7969,76,60.5263,true
1.90,LargeCaps5,3,0.97479971,-2.5200,-0.124653,15.7402,42,47.6190,false
1.90,LargeCaps5,4,1.06220602,6.2206,0.466370,21.6314,62,56.4516,true
1.90,LargeCaps5,5,1.10639444,10.6394,1.190495,6.4442,51,45.0980,true
1.90,Legacy3,0,1.21493597,21.4936,1.895596,3.6001,35,51.4286,true
1.90,Legacy3,1,1.38611099,38.6111,3.740707,5.9031,57,59.6491,true
1.90,Legacy3,2,1.33137919,33.1379,2.218304,6.2461,37,54.0541,true
1.90,Legacy3,3,1.01696237,1.6962,0.232996,8.1814,27,55.5556,true
1.90,Legacy3,4,0.89848612,-10.1514,-0.873402,23.7202,46,41.3043,false
1.90,Legacy3,5,0.96771827,-3.2282,-0.576487,9.5692,35,31.4286,false
1.90,Legacy3,6,1.02354379,2.3544,0.459504,5.5551,52,50.0000,true
1.90,LowVolume5,0,1.25864064,25.8641,1.830229,5.0271,47,55.3191,true
1.90,LowVolume5,1,1.24072544,24.0725,2.055398,11.8883,67,50.7463,true
1.90,LowVolume5,2,1.29819829,29.8198,1.959771,6.4051,49,46.9388,true
1.90,LowVolume5,3,0.92931222,-7.0688,-0.295842,24.5612,46,41.3043,false
1.90,LowVolume5,4,0.85870025,-14.1300,-1.039178,27.3195,51,39.2157,false
1.90,LowVolume5,5,1.09258508,9.2585,1.011050,10.4524,50,40.0000,true
1.90,LowVolume5,6,0.87470291,-12.5297,-2.119368,14.3264,49,36.7347,false
1.90,OldGuard4,0,1.15493670,15.4937,1.336901,5.0334,39,51.2821,true
1.90,OldGuard4,1,1.31779761,31.7798,3.105184,5.9031,60,56.6667,true
1.90,OldGuard4,2,1.39032912,39.0329,2.440559,7.5704,47,48.9362,true
1.90,OldGuard4,3,1.12011324,12.0113,0.811286,11.7465,41,48.7805,true
1.90,OldGuard4,4,0.92141518,-7.8585,-0.515289,28.0192,53,39.6226,false
1.90,OldGuard4,5,0.94460410,-5.5396,-0.872669,11.0389,45,31.1111,false
1.90,OldGuard4,6,0.95653820,-4.3462,-0.684456,10.7449,61,44.2623,false
1.95,Base5,0,1.52726043,52.7260,2.057654,11.4940,56,51.7857,true
1.95,Base5,1,1.33276390,33.2764,2.319774,12.4578,82,47.5610,true
1.95,Base5,2,1.80539567,80.5396,3.729184,7.7924,71,63.3803,true
1.95,Base5,3,1.04730688,4.7307,0.467702,16.7011,40,47.5000,true
1.95,Base5,4,0.96089691,-3.9103,-0.040456,22.4567,66,50.0000,false
1.95,Base5,5,1.19921713,19.9217,1.804339,7.6194,59,47.4576,true
1.95,NoDOGE,0,1.28279508,28.2795,1.746041,10.5170,45,53.3333,true
1.95,NoDOGE,1,1.33483970,33.4840,2.410559,10.7792,75,49.3333,true
1.95,NoDOGE,2,1.57168787,57.1688,3.060221,10.9714,64,60.9375,true
1.95,NoDOGE,3,1.01397789,1.3978,0.205708,17.0824,34,50.0000,true
1.95,NoDOGE,4,0.90698465,-9.3015,-0.409541,23.0183,56,50.0000,false
1.95,NoDOGE,5,1.15229858,15.2299,1.594261,6.0267,45,46.6667,true
1.95,Legacy4,0,1.43296775,43.2968,2.429551,6.5871,42,52.3810,true
1.95,Legacy4,1,1.50606269,50.6063,3.628556,6.6856,70,58.5714,true
1.95,Legacy4,2,1.51158993,51.1590,2.653311,7.1451,48,56.2500,true
1.95,Legacy4,3,1.03956946,3.9569,0.412893,8.1814,32,56.2500,true
1.95,Legacy4,4,0.87564447,-12.4356,-0.723498,30.6124,56,42.8571,false
1.95,Legacy4,5,1.01838413,1.8384,0.337351,9.1657,41,34.1463,true
1.95,Legacy4,6,1.06710476,6.7105,0.986699,7.3218,63,53.9683,true
1.95,Legacy5BNB,0,1.54393894,54.3939,2.624399,6.5871,49,55.1020,true
1.95,Legacy5BNB,1,1.42641460,42.6415,3.086861,6.6856,80,55.0000,true
1.95,Legacy5BNB,2,1.69077838,69.0778,2.941097,8.3455,60,56.6667,true
1.95,Legacy5BNB,3,0.99864767,-0.1352,0.105268,13.3995,39,53.8462,false
1.95,Legacy5BNB,4,0.98004778,-1.9952,-0.004056,28.9944,60,46.6667,false
1.95,Legacy5BNB,5,1.02033408,2.0334,0.360723,8.7498,46,34.7826,true
1.95,Legacy5BNB,6,1.13904056,13.9041,1.691102,7.6644,76,55.2632,true
1.95,OldGuardNoBNB,0,1.38284813,38.2848,2.152072,6.5871,45,53.3333,true
1.95,OldGuardNoBNB,1,1.43244686,43.2447,3.175888,6.6856,72,55.5556,true
1.95,OldGuardNoBNB,2,1.53704164,53.7042,2.676947,7.5704,57,52.6316,true
1.95,OldGuardNoBNB,3,1.14501338,14.5013,0.929422,11.9100,46,50.0000,true
1.95,OldGuardNoBNB,4,0.91712255,-8.2877,-0.368383,32.8715,62,41.9355,false
1.95,OldGuardNoBNB,5,1.00587258,0.5873,0.137125,10.6033,50,34.0000,true
1.95,OldGuardNoBNB,6,1.02885727,2.8857,0.443498,9.1680,71,50.7042,true
1.95,LargeCaps5,0,1.35710563,35.7106,2.041577,7.6316,54,53.7037,true
1.95,LargeCaps5,1,1.28158323,28.1583,2.036437,11.0129,86,47.6744,true
1.95,LargeCaps5,2,1.77815900,77.8159,3.496675,9.7969,76,60.5263,true
1.95,LargeCaps5,3,0.97406349,-2.5937,-0.118342,16.3867,41,48.7805,false
1.95,LargeCaps5,4,1.04725954,4.7260,0.388389,19.9907,61,52.4590,true
1.95,LargeCaps5,5,1.14379366,14.3794,1.518002,6.4442,50,46.0000,true
1.95,Legacy3,0,1.24908706,24.9087,2.100060,3.6001,34,52.9412,true
1.95,Legacy3,1,1.39751714,39.7517,3.845777,5.9031,56,60.7143,true
1.95,Legacy3,2,1.33137919,33.1379,2.218304,6.2461,37,54.0541,true
1.95,Legacy3,3,1.01860535,1.8605,0.247048,8.1814,27,55.5556,true
1.95,Legacy3,4,0.88825516,-11.1745,-0.927536,25.0384,45,37.7778,false
1.95,Legacy3,5,1.01089472,1.0895,0.231165,9.2665,34,32.3529,true
1.95,Legacy3,6,1.00548867,0.5489,0.138140,6.6206,52,48.0769,true
1.95,LowVolume5,0,1.27617116,27.6171,1.898686,5.0271,46,56.5217,true
1.95,LowVolume5,1,1.24908585,24.9086,2.120139,11.8883,66,51.5152,true
1.95,LowVolume5,2,1.30558078,30.5581,1.993875,6.4051,49,48.9796,true
1.95,LowVolume5,3,0.94287685,-5.7123,-0.209871,23.4600,45,42.2222,false
1.95,LowVolume5,4,0.84766372,-15.2336,-1.134848,28.5788,50,40.0000,false
1.95,LowVolume5,5,1.14257842,14.2578,1.449773,10.4575,49,40.8163,true
1.95,LowVolume5,6,0.86255693,-13.7443,-2.344285,15.5005,49,34.6939,false
1.95,OldGuard4,0,1.18551068,18.5511,1.530574,5.0334,38,52.6316,true
1.95,OldGuard4,1,1.32864162,32.8642,3.205152,5.9031,59,57.6271,true
1.95,OldGuard4,2,1.39823553,39.8236,2.473025,7.5704,47,51.0638,true
1.95,OldGuard4,3,1.12192288,12.1923,0.821136,11.6040,41,48.7805,true
1.95,OldGuard4,4,0.91092313,-8.9077,-0.576821,29.2631,52,36.5385,false
1.95,OldGuard4,5,0.98674927,-1.3251,-0.155505,11.1409,44,31.8182,false
1.95,OldGuard4,6,0.93966504,-6.0335,-0.966215,12.3194,61,42.6230,false
2.00,Base5,0,1.58195644,58.1956,2.211591,11.6075,56,50.0000,true
2.00,Base5,1,1.43482925,43.4829,2.785510,7.8958,78,50.0000,true
2.00,Base5,2,1.75563507,75.5635,3.549082,7.7924,70,62.8571,true
2.00,Base5,3,1.11939203,11.9392,0.966165,15.4150,38,52.6316,true
2.00,Base5,4,0.93038003,-6.9620,-0.193137,22.6008,66,48.4848,false
2.00,Base5,5,1.19046288,19.0463,1.750804,7.0809,56,50.0000,true
2.00,NoDOGE,0,1.32873602,32.8736,1.961129,10.5910,45,51.1111,true
2.00,NoDOGE,1,1.43344303,43.3443,2.833095,6.1297,72,51.3889,true
2.00,NoDOGE,2,1.52836876,52.8369,2.870720,10.9714,63,60.3175,true
2.00,NoDOGE,3,1.07225404,7.2254,0.646802,16.6968,33,51.5152,true
2.00,NoDOGE,4,0.89354563,-10.6454,-0.483462,23.4920,55,47.2727,false
2.00,NoDOGE,5,1.13462352,13.4624,1.418834,5.8094,43,48.8372,true
2.00,Legacy4,0,1.45405237,45.4052,2.426201,6.8028,42,52.3810,true
2.00,Legacy4,1,1.52051487,52.0515,3.733715,5.7687,66,60.6061,true
2.00,Legacy4,2,1.50419093,50.4191,2.618899,7.1451,46,54.3478,true
2.00,Legacy4,3,1.07220103,7.2201,0.649564,8.1814,31,54.8387,true
2.00,Legacy4,4,0.85308901,-14.6911,-0.871216,31.0126,56,41.0714,false
2.00,Legacy4,5,1.00539381,0.5394,0.131725,9.0365,39,35.8974,true
2.00,Legacy4,6,1.05180812,5.1808,0.734631,8.3397,58,48.2759,true
2.00,Legacy5BNB,0,1.55553382,55.5534,2.569857,6.8028,49,55.1020,true
2.00,Legacy5BNB,1,1.41735188,41.7352,2.993258,6.0999,76,53.9474,true
2.00,Legacy5BNB,2,1.72039704,72.0397,3.049784,7.1014,58,56.8966,true
2.00,Legacy5BNB,3,1.02999472,2.9995,0.308409,13.3995,38,52.6316,true
2.00,Legacy5BNB,4,0.96398483,-3.6015,-0.098100,29.8324,59,45.7627,false
2.00,Legacy5BNB,5,1.00731889,0.7319,0.160950,8.6200,44,36.3636,true
2.00,Legacy5BNB,6,1.08023892,8.0239,1.047410,7.9968,71,49.2958,true
2.00,OldGuardNoBNB,0,1.40319530,40.3195,2.164051,7.8431,45,53.3333,true
2.00,OldGuardNoBNB,1,1.44619262,44.6193,3.277118,6.5628,68,57.3529,true
2.00,OldGuardNoBNB,2,1.52951806,52.9518,2.643689,7.5704,55,50.9091,true
2.00,OldGuardNoBNB,3,1.18516370,18.5164,1.116137,10.4870,45,48.8889,true
2.00,OldGuardNoBNB,4,0.87673083,-12.3269,-0.609252,33.2587,62,40.3226,false
2.00,OldGuardNoBNB,5,0.99855274,-0.1447,0.029062,9.5980,47,36.1702,false
2.00,OldGuardNoBNB,6,1.01313206,1.3132,0.225513,11.5248,66,45.4545,true
2.00,LargeCaps5,0,1.39572797,39.5728,2.212465,7.5934,54,51.8519,true
2.00,LargeCaps5,1,1.32549718,32.5497,2.146551,7.2722,83,48.1928,true
2.00,LargeCaps5,2,1.77686992,77.6870,3.488341,9.7969,74,60.8108,true
2.00,LargeCaps5,3,1.03004564,3.0046,0.323533,15.9978,40,50.0000,true
2.00,LargeCaps5,4,1.01516260,1.5163,0.215441,21.2526,60,50.0000,true
2.00,LargeCaps5,5,1.12825550,12.8255,1.363789,6.2616,48,47.9167,true
2.00,Legacy3,0,1.26894761,26.8948,2.073742,6.2433,34,50.0000,true
2.00,Legacy3,1,1.40393779,40.3938,3.796502,4.7516,56,60.7143,true
2.00,Legacy3,2,1.32395019,32.3950,2.171710,6.2461,36,52.7778,true
2.00,Legacy3,3,1.05057887,5.0579,0.503567,8.1814,26,53.8462,true
2.00,Legacy3,4,0.87764835,-12.2352,-1.012462,25.9335,45,37.7778,false
2.00,Legacy3,5,1.01032134,1.0321,0.221376,9.3180,34,32.3529,true
2.00,Legacy3,6,1.03481086,3.4811,0.604477,6.4951,48,47.9167,true
2.00,LowVolume5,0,1.31488741,31.4887,1.997341,9.0450,46,54.3478,true
2.00,LowVolume5,1,1.27835508,27.8355,2.268204,12.2804,65,52.3077,true
2.00,LowVolume5,2,1.27693956,27.6940,1.825865,6.4931,48,47.9167,true
2.00,LowVolume5,3,0.95063787,-4.9362,-0.162014,22.8300,45,42.2222,false
2.00,LowVolume5,4,0.81925410,-18.0746,-1.352025,30.9725,50,40.0000,false
2.00,LowVolume5,5,1.13970730,13.9707,1.420880,10.4575,48,39.5833,true
2.00,LowVolume5,6,0.89362268,-10.6377,-1.681120,12.4572,47,36.1702,false
2.00,OldGuard4,0,1.20436036,20.4360,1.558759,8.4533,38,50.0000,true
2.00,OldGuard4,1,1.33474583,33.4746,3.175301,5.1868,59,57.6271,true
2.00,OldGuard4,2,1.39043349,39.0433,2.428094,7.5704,46,50.0000,true
2.00,OldGuard4,3,1.16126352,16.1264,1.017590,9.1335,40,47.5000,true
2.00,OldGuard4,4,0.88315494,-11.6845,-0.780191,30.1078,52,36.5385,false
2.00,OldGuard4,5,0.99166244,-0.8338,-0.084500,10.5729,43,32.5581,false
2.00,OldGuard4,6,0.95133944,-4.8661,-0.723139,11.9510,57,40.3509,false
2.05,Base5,0,1.60257666,60.2577,2.266644,11.6434,55,50.9091,true
2.05,Base5,1,1.40815623,40.8156,2.605445,8.9338,77,49.3506,true
2.05,Base5,2,1.78947105,78.9471,3.628333,7.7924,68,63.2353,true
2.05,Base5,3,1.10307632,10.3076,0.800572,15.5521,37,51.3514,true
2.05,Base5,4,0.90288956,-9.7110,-0.339146,22.9454,65,47.6923,false
2.05,Base5,5,1.14398620,14.3986,1.346740,8.9495,55,45.4545,true
2.05,NoDOGE,0,1.32840850,32.8409,1.959074,10.6274,45,51.1111,true
2.05,NoDOGE,1,1.41735330,41.7353,2.708735,6.4911,71,50.7042,true
2.05,NoDOGE,2,1.55782469,55.7825,2.959908,10.9714,61,60.6557,true
2.05,NoDOGE,3,1.06092861,6.0929,0.531905,16.4931,32,53.1250,true
2.05,NoDOGE,4,0.86870069,-13.1299,-0.632783,24.6087,54,46.2963,false
2.05,NoDOGE,5,1.09032686,9.0327,0.977482,8.3686,42,42.8571,true
2.05,Legacy4,0,1.48433582,48.4336,2.520106,6.8028,41,53.6585,true
2.05,Legacy4,1,1.44757041,44.7570,3.366984,5.3941,66,57.5758,true
2.05,Legacy4,2,1.48787508,48.7875,2.541350,7.1451,45,55.5556,true
2.05,Legacy4,3,1.06663043,6.6630,0.607547,8.1814,31,54.8387,true
2.05,Legacy4,4,0.84900296,-15.0997,-0.900629,29.8710,56,41.0714,false
2.05,Legacy4,5,0.97025323,-2.9747,-0.401308,8.9951,39,30.7692,false
2.05,Legacy4,6,1.03659278,3.6593,0.533925,8.3397,57,49.1228,true
2.05,Legacy5BNB,0,1.55235732,55.2357,2.562761,6.8028,49,55.1020,true
2.05,Legacy5BNB,1,1.36204164,36.2042,2.641948,6.9819,74,52.7027,true
2.05,Legacy5BNB,2,1.70173601,70.1736,2.981096,7.1014,57,57.8947,true
2.05,Legacy5BNB,3,1.03155685,3.1557,0.317940,13.3995,37,54.0541,true
2.05,Legacy5BNB,4,0.95936762,-4.0632,-0.126702,28.6712,59,45.7627,false
2.05,Legacy5BNB,5,0.98766370,-1.2336,-0.127785,7.9059,43,34.8837,false
2.05,Legacy5BNB,6,1.06145673,6.1457,0.817215,7.9968,70,50.0000,true
2.05,OldGuardNoBNB,0,1.43241955,43.2420,2.260348,7.8431,44,54.5455,true
2.05,OldGuardNoBNB,1,1.37500079,37.5001,2.896938,6.5628,68,55.8824,true
2.05,OldGuardNoBNB,2,1.51292749,51.2927,2.562867,7.7776,54,51.8519,true
2.05,OldGuardNoBNB,3,1.17900620,17.9006,1.085130,10.2681,45,48.8889,true
2.05,OldGuardNoBNB,4,0.87253154,-12.7468,-0.635910,32.1542,62,40.3226,false
2.05,OldGuardNoBNB,5,0.96365126,-3.6349,-0.479074,9.5569,47,31.9149,false
2.05,OldGuardNoBNB,6,0.97899691,-2.1003,-0.202878,11.5248,64,45.3125,false
2.05,LargeCaps5,0,1.39538394,39.5384,2.210417,7.5934,54,51.8519,true
2.05,LargeCaps5,1,1.32386762,32.3868,2.089916,8.4428,81,49.3827,true
2.05,LargeCaps5,2,1.81111516,81.1115,3.575682,9.7969,72,61.1111,true
2.05,LargeCaps5,3,1.02604252,2.6043,0.286742,15.7924,38,52.6316,true
2.05,LargeCaps5,4,0.97618335,-2.3817,0.000082,23.2473,59,49.1525,false
2.05,LargeCaps5,5,1.10053454,10.0535,1.081256,8.3686,46,45.6522,true
2.05,Legacy3,0,1.26843183,26.8432,2.070120,6.2433,34,50.0000,true
2.05,Legacy3,1,1.37392668,37.3927,3.415796,3.6732,54,59.2593,true
2.05,Legacy3,2,1.30074578,30.0746,2.030568,6.4563,36,52.7778,true
2.05,Legacy3,3,1.04257133,4.2571,0.438965,8.1814,26,53.8462,true
2.05,Legacy3,4,0.87344467,-12.6555,-1.029761,24.7078,45,37.7778,false
2.05,Legacy3,5,0.97091253,-2.9087,-0.445204,9.2610,33,24.2424,false
2.05,Legacy3,6,1.01984140,1.9841,0.362784,6.6767,47,48.9362,true
2.05,LowVolume5,0,1.31435295,31.4353,1.994343,9.0450,46,54.3478,true
2.05,LowVolume5,1,1.27936703,27.9367,2.248054,12.2804,64,51.5625,true
2.05,LowVolume5,2,1.27335300,27.3353,1.755550,7.3786,48,47.9167,true
2.05,LowVolume5,3,0.94551917,-5.4481,-0.190623,23.4182,45,42.2222,false
2.05,LowVolume5,4,0.80199016,-19.8010,-1.466234,30.4106,50,40.0000,false
2.05,LowVolume5,5,1.11961281,11.9613,1.214090,10.4557,45,35.5556,true
2.05,LowVolume5,6,0.86297049,-13.7030,-2.067257,14.2699,45,35.5556,false
2.05,OldGuard4,0,1.20387082,20.3871,1.555408,8.4533,38,50.0000,true
2.05,OldGuard4,1,1.30621380,30.6214,2.830830,5.1868,57,56.1404,true
2.05,OldGuard4,2,1.36606384,36.6064,2.289790,7.7776,46,50.0000,true
2.05,OldGuard4,3,1.15241233,15.2412,0.971047,9.2017,40,47.5000,true
2.05,OldGuard4,4,0.87892488,-12.1075,-0.800490,28.9512,52,36.5385,false
2.05,OldGuard4,5,0.95298144,-4.7019,-0.685702,10.5166,42,26.1905,false
2.05,OldGuard4,6,0.91928625,-8.0714,-1.158046,12.1078,55,40.0000,false
2.10,Base5,0,1.56560139,56.5601,2.168019,11.9162,55,50.9091,true
2.10,Base5,1,1.42940522,42.9405,2.734104,8.8602,75,50.6667,true
2.10,Base5,2,1.91699513,91.6995,4.157523,5.5114,65,64.6154,true
2.10,Base5,3,1.09410371,9.4104,0.737982,16.2726,36,50.0000,true
2.10,Base5,4,0.87344925,-12.6551,-0.476104,26.0217,64,43.7500,false
2.10,Base5,5,1.11237324,11.2373,1.074548,8.9495,56,44.6429,true
2.10,NoDOGE,0,1.29775895,29.7759,1.819971,10.9601,45,51.1111,true
2.10,NoDOGE,1,1.43874108,43.8741,2.841649,6.4155,69,52.1739,true
2.10,NoDOGE,2,1.66884082,66.8841,3.493350,8.5100,58,62.0690,true
2.10,NoDOGE,3,1.05461617,5.4616,0.486134,17.0232,31,51.6129,true
2.10,NoDOGE,4,0.85024326,-14.9757,-0.741526,26.9690,53,43.3962,false
2.10,NoDOGE,5,1.08542424,8.5424,0.923016,8.3686,43,44.1860,true
2.10,Legacy4,0,1.42283853,42.2839,2.264705,6.8028,41,48.7805,true
2.10,Legacy4,1,1.46941896,46.9419,3.487724,5.7197,65,58.4615,true
2.10,Legacy4,2,1.53195755,53.1958,2.735954,7.1451,44,54.5455,true
2.10,Legacy4,3,1.03400603,3.4006,0.358242,8.7894,31,48.3871,true
2.10,Legacy4,4,0.80011405,-19.9886,-1.226121,31.0057,56,39.2857,false
2.10,Legacy4,5,0.95770826,-4.2292,-0.579830,9.2314,39,33.3333,false
2.10,Legacy4,6,1.03375368,3.3754,0.496341,8.6060,56,48.2143,true
2.10,Legacy5BNB,0,1.48954492,48.9545,2.366235,6.8028,48,52.0833,true
2.10,Legacy5BNB,1,1.38259928,38.2599,2.757187,6.7189,73,53.4247,true
2.10,Legacy5BNB,2,1.72983059,72.9831,3.170792,7.5325,57,56.1404,true
2.10,Legacy5BNB,3,1.00000523,0.0005,0.118291,13.3995,37,48.6486,true
2.10,Legacy5BNB,4,0.88795111,-11.2049,-0.575949,30.9821,59,42.3729,false
2.10,Legacy5BNB,5,0.97489363,-2.5106,-0.308289,8.2489,43,37.2093,false
2.10,Legacy5BNB,6,1.05854953,5.8550,0.781337,7.9968,69,49.2754,true
2.10,OldGuardNoBNB,0,1.38869297,38.8693,2.080473,7.8431,42,52.3810,true
2.10,OldGuardNoBNB,1,1.39575403,39.5754,3.018415,6.2987,67,56.7164,true
2.10,OldGuardNoBNB,2,1.57645600,57.6456,2.823618,7.8812,52,51.9231,true
2.10,OldGuardNoBNB,3,1.15014899,15.0149,0.935263,10.8378,45,44.4444,true
2.10,OldGuardNoBNB,4,0.77673636,-22.3264,-1.228522,36.6296,62,38.7097,false
2.10,OldGuardNoBNB,5,0.95036148,-4.9639,-0.650103,10.1229,46,34.7826,false
2.10,OldGuardNoBNB,6,0.96550616,-3.4494,-0.378169,11.9789,63,42.8571,false
2.10,LargeCaps5,0,1.31377811,31.3778,1.881293,7.6754,54,50.0000,true
2.10,LargeCaps5,1,1.31846225,31.8462,2.062395,8.4428,80,48.7500,true
2.10,LargeCaps5,2,1.93874887,93.8749,3.996486,9.0600,69,62.3188,true
2.10,LargeCaps5,3,1.01993765,1.9938,0.244379,16.3270,37,51.3514,true
2.10,LargeCaps5,4,0.95407991,-4.5920,-0.120924,25.6502,58,46.5517,false
2.10,LargeCaps5,5,1.10614119,10.6141,1.133420,8.3686,46,47.8261,true
2.10,Legacy3,0,1.21844245,21.8442,1.716748,6.2433,34,47.0588,true
2.10,Legacy3,1,1.39466371,39.4664,3.560186,3.8941,53,60.3774,true
2.10,Legacy3,2,1.29928543,29.9285,2.021908,6.5613,36,52.7778,true
2.10,Legacy3,3,1.01068281,1.0683,0.178656,8.7894,26,46.1538,true
2.10,Legacy3,4,0.82314831,-17.6852,-1.463409,27.8458,45,35.5556,false
2.10,Legacy3,5,0.95835904,-4.1641,-0.645954,9.3023,33,27.2727,false
2.10,Legacy3,6,1.01704818,1.7048,0.317714,6.6767,46,47.8261,true
2.10,LowVolume5,0,1.27521923,27.5219,1.781279,9.0450,46,54.3478,true
2.10,LowVolume5,1,1.31761726,31.7617,2.462675,12.0324,61,52.4590,true
2.10,LowVolume5,2,1.28864203,28.8642,1.838360,7.3786,47,48.9362,true
2.10,LowVolume5,3,0.92341287,-7.6587,-0.321677,25.2087,45,40.0000,false
2.10,LowVolume5,4,0.75359259,-24.6407,-1.785411,34.5425,49,38.7755,false
2.10,LowVolume5,5,1.09316525,9.3165,0.952075,11.4213,44,36.3636,true
2.10,LowVolume5,6,0.86050711,-13.9493,-2.101066,14.5146,45,35.5556,false
2.10,OldGuard4,0,1.15889233,15.8892,1.245472,8.4533,37,48.6486,true
2.10,OldGuard4,1,1.32592882,32.5929,2.974316,4.9188,56,57.1429,true
2.10,OldGuard4,2,1.38091395,38.0914,2.367201,7.8812,45,51.1111,true
2.10,OldGuard4,3,1.12420603,12.4206,0.817570,9.7103,40,42.5000,true
2.10,OldGuard4,4,0.78242778,-21.7572,-1.528765,33.7273,52,34.6154,false
2.10,OldGuard4,5,0.93983881,-6.0161,-0.866241,10.8734,41,29.2683,false
2.10,OldGuard4,6,0.91823703,-8.1763,-1.173269,12.6146,54,38.8889,false
2.15,Base5,0,1.46819052,46.8191,1.857408,11.9162,55,49.0909,true
2.15,Base5,1,1.39979148,39.9791,2.552076,7.7095,74,50.0000,true
2.15,Base5,2,1.83862223,83.8622,3.810245,5.8760,64,62.5000,true
2.15,Base5,3,1.19195063,19.1951,1.459764,11.1279,34,52.9412,true
2.15,Base5,4,0.88304946,-11.6951,-0.404457,25.8124,61,44.2623,false
2.15,Base5,5,1.11328136,11.3281,1.077438,8.9495,55,45.4545,true
2.15,NoDOGE,0,1.29418369,29.4184,1.801463,10.9601,45,51.1111,true
2.15,NoDOGE,1,1.42979158,42.9792,2.748698,5.7091,68,51.4706,true
2.15,NoDOGE,2,1.61750086,61.7501,3.197410,8.5100,58,60.3448,true
2.15,NoDOGE,3,1.14893166,14.8932,1.202882,11.1279,29,55.1724,true
2.15,NoDOGE,4,0.84037131,-15.9629,-0.768676,28.3997,51,41.1765,false
2.15,NoDOGE,5,1.08631037,8.6310,0.926497,8.3686,42,45.2381,true
2.15,Legacy4,0,1.41891869,41.8919,2.247414,6.8028,41,48.7805,true
2.15,Legacy4,1,1.41965109,41.9651,3.125104,6.7788,63,55.5556,true
2.15,Legacy4,2,1.48186507,48.1865,2.514532,7.1451,44,52.2727,true
2.15,Legacy4,3,1.05898392,5.8984,0.541547,8.7894,30,50.0000,true
2.15,Legacy4,4,0.72666142,-27.3339,-1.659038,37.2016,55,38.1818,false
2.15,Legacy4,5,0.95849012,-4.1510,-0.558316,9.1573,38,34.2105,false
2.15,Legacy4,6,1.03479495,3.4795,0.506676,8.6060,55,49.0909,true
2.15,Legacy5BNB,0,1.56199348,56.1993,2.655368,6.8028,47,53.1915,true
2.15,Legacy5BNB,1,1.33687756,33.6878,2.425689,7.2159,70,51.4286,true
2.15,Legacy5BNB,2,1.71023227,71.0232,3.079632,7.5325,56,53.5714,true
2.15,Legacy5BNB,3,1.02416178,2.4162,0.270934,13.3995,36,50.0000,true
2.15,Legacy5BNB,4,0.81880471,-18.1195,-0.939074,36.7424,58,41.3793,false
2.15,Legacy5BNB,5,0.97660984,-2.3390,-0.277863,8.0874,42,38.0952,false
2.15,Legacy5BNB,6,1.05961578,5.9616,0.789390,7.9041,68,50.0000,true
2.15,OldGuardNoBNB,0,1.37059363,37.0594,1.995997,7.8431,42,52.3810,true
2.15,OldGuardNoBNB,1,1.33365411,33.3654,2.573217,6.7788,65,52.3077,true
2.15,OldGuardNoBNB,2,1.49639741,49.6397,2.487990,8.0821,52,50.0000,true
2.15,OldGuardNoBNB,3,1.21924216,21.9242,1.274115,10.3418,42,50.0000,true
2.15,OldGuardNoBNB,4,0.68845347,-31.1547,-1.752485,43.6973,61,37.7049,false
2.15,OldGuardNoBNB,5,0.95756200,-4.2438,-0.534616,10.0495,44,38.6364,false
2.15,OldGuardNoBNB,6,0.96647868,-3.3521,-0.362394,11.8902,62,43.5484,false
2.15,LargeCaps5,0,1.30183997,30.1840,1.818130,8.2616,54,48.1481,true
2.15,LargeCaps5,1,1.32740101,32.7401,2.064010,6.4002,78,50.0000,true
2.15,LargeCaps5,2,1.92061694,92.0617,3.835963,9.0600,68,60.2941,true
2.15,LargeCaps5,3,1.11115181,11.1152,0.910454,10.7757,35,54.2857,true
2.15,LargeCaps5,4,0.95626734,-4.3733,-0.087806,26.0815,56,44.6429,false
2.15,LargeCaps5,5,1.10808846,10.8088,1.145394,8.3686,45,48.8889,true
2.15,Legacy3,0,1.21508571,21.5086,1.693501,6.2433,34,47.0588,true
2.15,Legacy3,1,1.36547108,36.5471,3.419974,3.9363,51,58.8235,true
2.15,Legacy3,2,1.25680095,25.6801,1.758245,6.5613,36,50.0000,true
2.15,Legacy3,3,1.03509729,3.5097,0.373253,8.7894,25,48.0000,true
2.15,Legacy3,4,0.74758107,-25.2419,-2.062410,33.7166,44,34.0909,false
2.15,Legacy3,5,0.95914143,-4.0859,-0.620646,9.2283,32,28.1250,false
2.15,Legacy3,6,1.02080382,2.0804,0.375900,6.3321,45,48.8889,true
2.15,LowVolume5,0,1.27170607,27.1706,1.761906,9.0450,46,54.3478,true
2.15,LowVolume5,1,1.33080756,33.0808,2.511734,10.5876,60,53.3333,true
2.15,LowVolume5,2,1.28969948,28.9699,1.820711,7.4114,47,48.9362,true
2.15,LowVolume5,3,1.00625446,0.6254,0.163181,18.4990,42,45.2381,true
2.15,LowVolume5,4,0.69879019,-30.1210,-2.192097,39.2905,49,38.7755,false
2.15,LowVolume5,5,1.10144774,10.1448,1.044884,11.3490,42,40.4762,true
2.15,LowVolume5,6,0.86368469,-13.6315,-2.044994,14.1989,44,36.3636,false
2.15,OldGuard4,0,1.15569964,15.5700,1.223616,8.4533,37,48.6486,true
2.15,OldGuard4,1,1.29745840,29.7458,2.817977,5.4457,54,55.5556,true
2.15,OldGuard4,2,1.31078576,31.0786,1.970679,8.0821,45,48.8889,true
2.15,OldGuard4,3,1.16727088,16.7271,1.034259,9.1599,38,47.3684,true
2.15,OldGuard4,4,0.69349801,-30.6502,-2.205205,41.2051,51,33.3333,false
2.15,OldGuard4,5,0.94695961,-5.3040,-0.764745,10.9100,39,33.3333,false
2.15,OldGuard4,6,0.92162779,-7.8372,-1.115671,12.2919,53,39.6226,false
2.20,Base5,0,1.54761927,54.7619,1.963995,11.9162,52,51.9231,true
2.20,Base5,1,1.40538330,40.5383,2.578855,8.7224,71,49.2958,true
2.20,Base5,2,1.84167684,84.1677,3.820386,5.8760,64,62.5000,true
2.20,Base5,3,1.13085697,13.0857,1.045424,11.1279,34,44.1176,true
2.20,Base5,4,0.84953333,-15.0467,-0.584073,27.6675,61,42.6230,false
2.20,Base5,5,1.11542799,11.5428,1.093322,8.9495,53,45.2830,true
2.20,NoDOGE,0,1.36419871,36.4199,2.042903,10.9601,42,54.7619,true
2.20,NoDOGE,1,1.43550325,43.5503,2.781528,5.7091,65,50.7692,true
2.20,NoDOGE,2,1.62018811,62.0188,3.207210,8.5100,58,60.3448,true
2.20,NoDOGE,3,1.09004296,9.0043,0.778495,11.1279,29,44.8276,true
2.20,NoDOGE,4,0.81119205,-18.8808,-0.949034,28.6770,51,41.1765,false
2.20,NoDOGE,5,1.08840499,8.8405,0.944236,8.3686,40,45.0000,true
2.20,Legacy4,0,1.39356845,39.3568,2.166327,6.8028,40,50.0000,true
2.20,Legacy4,1,1.41211484,41.2115,3.024128,6.7788,59,55.9322,true
2.20,Legacy4,2,1.43084533,43.0845,2.278651,7.2091,44,47.7273,true
2.20,Legacy4,3,1.02743781,2.7438,0.304754,8.7894,29,41.3793,true
2.20,Legacy4,4,0.73729978,-26.2700,-1.554925,36.2822,53,39.6226,false
2.20,Legacy4,5,0.95620160,-4.3798,-0.592302,9.4154,37,32.4324,false
2.20,Legacy4,6,1.03479495,3.4795,0.506676,8.6060,55,49.0909,true
2.20,Legacy5BNB,0,1.47724056,47.7241,2.315685,6.8028,46,52.1739,true
2.20,Legacy5BNB,1,1.38049968,38.0500,2.683243,8.2342,66,53.0303,true
2.20,Legacy5BNB,2,1.72545380,72.5454,3.073451,7.5325,55,50.9091,true
2.20,Legacy5BNB,3,1.00673464,0.6735,0.162269,13.3995,34,44.1176,true
2.20,Legacy5BNB,4,0.83080177,-16.9198,-0.849356,36.4852,56,42.8571,false
2.20,Legacy5BNB,5,0.97427806,-2.5722,-0.311237,8.3468,41,36.5854,false
2.20,Legacy5BNB,6,1.06683643,6.6836,0.874148,7.9041,68,51.4706,true
2.20,OldGuardNoBNB,0,1.36957593,36.9576,1.987040,7.8431,41,53.6585,true
2.20,OldGuardNoBNB,1,1.31213185,31.2132,2.390577,7.4437,62,51.6129,true
2.20,OldGuardNoBNB,2,1.44487733,44.4877,2.259144,8.9794,52,46.1538,true
2.20,OldGuardNoBNB,3,1.18436480,18.4365,1.099396,11.7520,41,43.9024,true
2.20,OldGuardNoBNB,4,0.69853247,-30.1468,-1.658612,42.8730,59,38.9831,false
2.20,OldGuardNoBNB,5,0.95527570,-4.4724,-0.566740,10.2965,43,37.2093,false
2.20,OldGuardNoBNB,6,0.96647868,-3.3521,-0.362394,11.8902,62,43.5484,false
2.20,LargeCaps5,0,1.29976570,29.9766,1.819337,8.2418,51,49.0196,true
2.20,LargeCaps5,1,1.33270365,33.2704,2.093384,7.4275,75,49.3333,true
2.20,LargeCaps5,2,1.99278553,99.2786,4.002073,9.0600,67,61.1940,true
2.20,LargeCaps5,3,1.06807828,6.8078,0.603421,10.7757,34,47.0588,true
2.20,LargeCaps5,4,0.94324381,-5.6756,-0.158094,26.0815,56,42.8571,false
2.20,LargeCaps5,5,1.10466164,10.4662,1.111277,8.3686,44,47.7273,true
2.20,Legacy3,0,1.19426389,19.4264,1.555754,6.2433,34,47.0588,true
2.20,Legacy3,1,1.36469702,36.4697,3.313632,4.9906,48,58.3333,true
2.20,Legacy3,2,1.21353003,21.3530,1.485165,6.9668,36,44.4444,true
2.20,Legacy3,3,1.00426274,0.4263,0.127537,8.7894,24,37.5000,true
2.20,Legacy3,4,0.75852570,-24.1474,-1.908493,32.7637,42,35.7143,false
2.20,Legacy3,5,0.95685136,-4.3149,-0.658360,9.4865,31,25.8065,false
2.20,Legacy3,6,1.02080382,2.0804,0.375900,6.3321,45,48.8889,true
2.20,LowVolume5,0,1.31851307,31.8513,1.908389,9.0450,44,56.8182,true
2.20,LowVolume5,1,1.32976439,32.9764,2.468637,11.0234,58,53.4483,true
2.20,LowVolume5,2,1.24529589,24.5296,1.561600,7.4114,47,44.6809,true
2.20,LowVolume5,3,0.97746977,-2.2530,0.000423,20.2450,41,39.0244,false
2.20,LowVolume5,4,0.70902051,-29.0979,-2.069040,38.4017,47,40.4255,false
2.20,LowVolume5,5,1.09422537,9.4225,0.977451,11.5924,42,40.4762,true
2.20,LowVolume5,6,0.86368469,-13.6315,-2.044994,14.1989,44,36.3636,false
2.20,OldGuard4,0,1.13589548,13.5895,1.091412,8.4533,37,48.6486,true
2.20,OldGuard4,1,1.29672290,29.6723,2.733683,6.4835,51,54.9020,true
2.20,OldGuard4,2,1.26565618,26.5656,1.706246,8.7512,45,44.4444,true
2.20,OldGuard4,3,1.13388020,13.3880,0.858489,10.5888,37,40.5405,true
2.20,OldGuard4,4,0.70365086,-29.6349,-2.076047,40.3444,49,34.6939,false
2.20,OldGuard4,5,0.94469862,-5.5301,-0.799878,11.0456,38,31.5789,false
2.20,OldGuard4,6,0.92162779,-7.8372,-1.115671,12.2919,53,39.6226,false
2.25,Base5,0,1.34554556,34.5546,1.521664,11.9162,51,50.9804,true
2.25,Base5,1,1.54135445,54.1354,3.119809,8.5004,68,52.9412,true
2.25,Base5,2,1.92683533,92.6835,4.055622,6.2950,60,63.3333,true
2.25,Base5,3,1.13656406,13.6564,1.081583,11.1279,33,45.4545,true
2.25,Base5,4,0.84426745,-15.5733,-0.605029,27.8632,60,41.6667,false
2.25,Base5,5,1.12909654,12.9097,1.199395,7.5679,52,44.2308,true
2.25,NoDOGE,0,1.29422711,29.4227,1.705627,10.9601,41,53.6585,true
2.25,NoDOGE,1,1.57438851,57.4389,3.384530,5.4798,62,54.8387,true
2.25,NoDOGE,2,1.69510504,69.5105,3.458156,7.2046,54,61.1111,true
2.25,NoDOGE,3,1.09004296,9.0043,0.778495,11.1279,29,44.8276,true
2.25,NoDOGE,4,0.80460783,-19.5392,-0.986979,29.2559,51,41.1765,false
2.25,NoDOGE,5,1.11930084,11.9301,1.230586,7.0249,39,46.1538,true
2.25,Legacy4,0,1.35426931,35.4269,1.989174,6.8028,38,52.6316,true
2.25,Legacy4,1,1.45466134,45.4661,3.234918,6.3051,59,57.6271,true
2.25,Legacy4,2,1.50080042,50.0800,2.511508,7.1730,42,50.0000,true
2.25,Legacy4,3,1.02743781,2.7438,0.304754,8.7894,29,41.3793,true
2.25,Legacy4,4,0.73089515,-26.9105,-1.582888,36.0050,52,38.4615,false
2.25,Legacy4,5,0.95881964,-4.1180,-0.548879,8.9296,37,32.4324,false
2.25,Legacy4,6,1.02451608,2.4516,0.372841,9.1000,55,49.0909,true
2.25,Legacy5BNB,0,1.42717671,42.7177,2.120984,6.8028,45,51.1111,true
2.25,Legacy5BNB,1,1.44303538,44.3035,2.989876,8.6139,66,54.5455,true
2.25,Legacy5BNB,2,2.10150153,110.1502,3.750449,7.5325,52,55.7692,true
2.25,Legacy5BNB,3,1.00673464,0.6735,0.162269,13.3995,34,44.1176,true
2.25,Legacy5BNB,4,0.82358492,-17.6415,-0.883935,36.2088,55,41.8182,false
2.25,Legacy5BNB,5,0.96700827,-3.2992,-0.401137,8.7926,41,34.1463,false
2.25,Legacy5BNB,6,1.03929060,3.9291,0.549169,8.7598,68,50.0000,true
2.25,OldGuardNoBNB,0,1.32316084,32.3161,1.782181,7.8431,40,52.5000,true
2.25,OldGuardNoBNB,1,1.33334221,33.3342,2.481950,7.8265,62,53.2258,true
2.25,OldGuardNoBNB,2,1.47876383,47.8764,2.339924,9.2426,50,46.0000,true
2.25,OldGuardNoBNB,3,1.17653145,17.6531,1.058798,12.6668,41,43.9024,true
2.25,OldGuardNoBNB,4,0.67259358,-32.7406,-1.813785,44.9237,58,37.9310,false
2.25,OldGuardNoBNB,5,0.95188205,-4.8118,-0.614598,9.8154,43,37.2093,false
2.25,OldGuardNoBNB,6,0.96547748,-3.4523,-0.372394,11.3006,61,44.2623,false
2.25,LargeCaps5,0,1.41212665,41.2127,2.309505,7.2574,49,51.0204,true
2.25,LargeCaps5,1,1.44652366,44.6524,2.585809,7.4849,72,48.6111,true
2.25,LargeCaps5,2,2.39877724,139.8777,4.662837,9.0602,62,64.5161,true
2.25,LargeCaps5,3,1.06807828,6.8078,0.603421,10.7757,34,47.0588,true
2.25,LargeCaps5,4,0.93558776,-6.4412,-0.198275,26.4237,56,42.8571,false
2.25,LargeCaps5,5,1.12446357,12.4464,1.290256,7.0249,43,46.5116,true
2.25,Legacy3,0,1.21797043,21.7970,1.709999,6.2433,32,53.1250,true
2.25,Legacy3,1,1.43379589,43.3796,3.709605,5.3836,48,60.4167,true
2.25,Legacy3,2,1.24760814,24.7608,1.626993,6.9305,35,45.7143,true
2.25,Legacy3,3,1.00426274,0.4263,0.127537,8.7894,24,37.5000,true
2.25,Legacy3,4,0.74246048,-25.7540,-2.022957,33.7310,41,34.1463,false
2.25,Legacy3,5,0.96198293,-3.8017,-0.570595,9.0011,31,25.8065,false
2.25,Legacy3,6,0.99729383,-0.2706,0.003685,7.2814,45,46.6667,false
2.25,LowVolume5,0,1.30450998,30.4510,1.836901,9.0450,43,58.1395,true
2.25,LowVolume5,1,1.42116386,42.1164,2.947897,10.6984,55,54.5455,true
2.25,LowVolume5,2,1.30572411,30.5724,1.826075,7.6354,45,48.8889,true
2.25,LowVolume5,3,0.97100482,-2.8995,-0.036143,20.7725,41,39.0244,false
2.25,LowVolume5,4,0.67172731,-32.8273,-2.293871,41.6417,46,39.1304,false
2.25,LowVolume5,5,1.09319243,9.3192,0.971102,11.1183,42,40.4762,true
2.25,LowVolume5,6,0.83882435,-16.1176,-2.382800,16.6686,44,34.0909,false
2.25,OldGuard4,0,1.15166086,15.1661,1.194516,8.4533,36,50.0000,true
2.25,OldGuard4,1,1.34391110,34.3911,2.984700,6.8704,51,56.8627,true
2.25,OldGuard4,2,1.29693167,29.6932,1.811511,9.0150,44,45.4545,true
2.25,OldGuard4,3,1.12638076,12.6381,0.817934,11.5156,37,40.5405,true
2.25,OldGuard4,4,0.66898350,-33.1017,-2.326955,43.2848,48,33.3333,false
2.25,OldGuard4,5,0.94380683,-5.6193,-0.816810,10.5685,38,31.5789,false
2.25,OldGuard4,6,0.90040191,-9.9598,-1.402873,13.7408,53,37.7358,false
2.30,Base5,0,1.26506467,26.5065,1.271952,11.9439,49,48.9796,true
2.30,Base5,1,1.61256697,61.2567,3.354514,7.2818,67,53.7313,true
2.30,Base5,2,2.01934374,101.9344,4.234432,6.0779,56,64.2857,true
2.30,Base5,3,1.13860877,13.8609,1.095788,11.1279,33,48.4848,true
2.30,Base5,4,0.95629265,-4.3707,-0.035266,32.4970,57,45.6140,false
2.30,Base5,5,1.12951323,12.9513,1.215830,8.1679,49,44.8980,true
2.30,NoDOGE,0,1.21681572,21.6816,1.401991,10.9881,39,51.2821,true
2.30,NoDOGE,1,1.64712724,64.7127,3.622552,5.2109,61,55.7377,true
2.30,NoDOGE,2,1.77332443,77.3324,3.643677,7.2046,50,62.0000,true
2.30,NoDOGE,3,1.09200398,9.2004,0.792113,11.1279,29,48.2759,true
2.30,NoDOGE,4,0.91276383,-8.7236,-0.312896,32.4625,48,45.8333,false
2.30,NoDOGE,5,1.12175128,12.1751,1.263172,7.0249,36,47.2222,true
2.30,Legacy4,0,1.34118290,34.1183,2.029075,6.5485,37,51.3514,true
2.30,Legacy4,1,1.42676901,42.6769,2.962059,6.7311,57,54.3860,true
2.30,Legacy4,2,1.54656061,54.6561,2.676325,7.5384,41,53.6585,true
2.30,Legacy4,3,1.02928620,2.9286,0.319148,8.7894,29,44.8276,true
2.30,Legacy4,4,0.76025208,-23.9748,-1.320991,36.8347,50,42.0000,false
2.30,Legacy4,5,0.95997218,-4.0028,-0.531500,8.4196,35,34.2857,false
2.30,Legacy4,6,1.02582962,2.5830,0.388604,9.1270,53,50.9434,true
2.30,Legacy5BNB,0,1.41534578,41.5346,2.160823,6.5485,44,52.2727,true
2.30,Legacy5BNB,1,1.42445366,42.4454,2.794950,7.5216,63,50.7937,true
2.30,Legacy5BNB,2,2.16557741,116.5577,3.885670,6.6958,51,58.8235,true
2.30,Legacy5BNB,3,1.00854579,0.8546,0.173402,13.3995,34,47.0588,true
2.30,Legacy5BNB,4,0.81978659,-18.0213,-0.877937,38.3486,55,43.6364,false
2.30,Legacy5BNB,5,0.96817065,-3.1829,-0.384529,9.1276,39,35.8974,false
2.30,Legacy5BNB,6,1.03765094,3.7651,0.526373,8.7870,65,50.7692,true
2.30,OldGuardNoBNB,0,1.31219218,31.2192,1.826245,6.5485,39,53.8462,true
2.30,OldGuardNoBNB,1,1.29317708,29.3177,2.162342,7.2559,60,50.0000,true
2.30,OldGuardNoBNB,2,1.52385211,52.3852,2.497368,9.5998,49,48.9796,true
2.30,OldGuardNoBNB,3,1.21017819,21.0178,1.230240,12.6668,40,47.5000,true
2.30,OldGuardNoBNB,4,0.65811669,-34.1883,-1.884033,47.6806,58,39.6552,false
2.30,OldGuardNoBNB,5,0.96081169,-3.9188,-0.492252,9.8227,41,36.5854,false
2.30,OldGuardNoBNB,6,0.94984668,-5.0153,-0.571023,12.7365,59,44.0678,false
2.30,LargeCaps5,0,1.27308534,27.3085,1.840440,6.8858,47,48.9362,true
2.30,LargeCaps5,1,1.54559445,54.5594,2.971168,6.2527,68,51.4706,true
2.30,LargeCaps5,2,2.31336929,131.3369,4.470603,9.0602,58,62.0690,true
2.30,LargeCaps5,3,1.06999978,7.0000,0.617511,10.7757,34,50.0000,true
2.30,LargeCaps5,4,1.04678195,4.6782,0.373088,30.2572,53,49.0566,true
2.30,LargeCaps5,5,1.12588137,12.5881,1.308541,7.0249,40,47.5000,true
2.30,Legacy3,0,1.20620108,20.6201,1.653211,5.5387,31,51.6129,true
2.30,Legacy3,1,1.36365668,36.3657,3.063984,4.7493,48,56.2500,true
2.30,Legacy3,2,1.27520424,27.5204,1.758949,6.9305,34,50.0000,true
2.30,Legacy3,3,1.00548933,0.5489,0.137320,8.7894,24,37.5000,true
2.30,Legacy3,4,0.75754696,-24.2453,-1.828753,36.3988,40,35.0000,false
2.30,Legacy3,5,0.95480064,-4.5199,-0.688672,9.6805,30,26.6667,false
2.30,Legacy3,6,0.99857248,-0.1428,0.024268,7.3304,43,48.8372,false
2.30,LowVolume5,0,1.30270347,30.2703,1.827992,9.0450,43,55.8140,true
2.30,LowVolume5,1,1.35164259,35.1643,2.462694,10.0997,55,50.9091,true
2.30,LowVolume5,2,1.32399770,32.3998,1.903081,7.6354,44,52.2727,true
2.30,LowVolume5,3,0.98076534,-1.9235,0.018183,19.9761,40,40.0000,false
2.30,LowVolume5,4,0.74962234,-25.0378,-1.525749,39.0459,44,40.9091,false
2.30,LowVolume5,5,1.10310040,10.3100,1.065566,10.6342,41,39.0244,true
2.30,LowVolume5,6,0.81878177,-18.1218,-2.638483,18.6597,43,34.8837,false
2.30,OldGuard4,0,1.14211389,14.2114,1.154908,9.2112,35,51.4286,true
2.30,OldGuard4,1,1.27816892,27.8169,2.390660,6.2460,51,52.9412,true
2.30,OldGuard4,2,1.32561877,32.5619,1.936260,9.0150,43,48.8372,true
2.30,OldGuard4,3,1.13853002,13.8530,0.888112,11.5156,36,41.6667,true
2.30,OldGuard4,4,0.65692704,-34.3073,-2.386959,44.3069,48,33.3333,false
2.30,OldGuard4,5,0.94441282,-5.5587,-0.811476,11.1009,37,29.7297,false
2.30,OldGuard4,6,0.90155633,-9.8444,-1.375741,13.6210,51,39.2157,false
2.35,Base5,0,1.53552884,53.5529,1.951665,11.9439,47,51.0638,true
2.35,Base5,1,1.76450951,76.4510,3.787124,6.3987,64,56.2500,true
2.35,Base5,2,2.01934374,101.9344,4.234432,6.0779,56,64.2857,true
2.35,Base5,3,1.12744045,12.7440,1.008069,11.1279,33,48.4848,true
2.35,Base5,4,0.96395042,-3.6050,0.000107,32.4970,56,44.6429,false
2.35,Base5,5,1.17397553,17.3976,1.546336,7.0249,48,47.9167,true
2.35,NoDOGE,0,1.24177263,24.1773,1.531304,10.9881,38,50.0000,true
2.35,NoDOGE,1,1.79647492,79.6475,4.030536,5.2109,58,58.6207,true
2.35,NoDOGE,2,1.77332443,77.3324,3.643677,7.2046,50,62.0000,true
2.35,NoDOGE,3,1.08129279,8.1293,0.707166,11.1840,29,48.2759,true
2.35,NoDOGE,4,0.92007303,-7.9927,-0.273008,32.4625,47,44.6809,false
2.35,NoDOGE,5,1.15977469,15.9775,1.585574,7.0249,36,50.0000,true
2.35,Legacy4,0,1.36196153,36.1962,2.125324,6.5485,37,51.3514,true
2.35,Legacy4,1,1.53745155,53.7452,3.168606,7.2911,55,54.5455,true
2.35,Legacy4,2,1.58159604,58.1596,2.775471,7.5384,41,53.6585,true
2.35,Legacy4,3,1.02078103,2.0781,0.254580,8.9619,29,44.8276,true
2.35,Legacy4,4,0.72929265,-27.0707,-1.461376,39.8883,48,41.6667,false
2.35,Legacy4,5,0.95098834,-4.9012,-0.653885,9.2766,35,34.2857,false
2.35,Legacy4,6,1.01126984,1.1270,0.201334,9.9464,53,50.9434,true
2.35,Legacy5BNB,0,1.42839181,42.8392,2.225404,6.5485,44,52.2727,true
2.35,Legacy5BNB,1,1.44909244,44.9092,2.595929,9.5756,60,48.3333,true
2.35,Legacy5BNB,2,2.48979927,148.9799,4.400571,6.6958,50,62.0000,true
2.35,Legacy5BNB,3,1.02333516,2.3335,0.265303,13.3995,33,48.4848,true
2.35,Legacy5BNB,4,0.79155588,-20.8444,-1.001171,38.9048,53,43.3962,false
2.35,Legacy5BNB,5,0.95652699,-4.3473,-0.536223,10.2204,38,36.8421,false
2.35,Legacy5BNB,6,1.00960839,0.9608,0.178130,9.1313,65,50.7692,true
2.35,OldGuardNoBNB,0,1.33556684,33.5567,1.937382,6.5485,40,52.5000,true
2.35,OldGuardNoBNB,1,1.38277878,38.2779,2.465476,8.7966,58,48.2759,true
2.35,OldGuardNoBNB,2,1.59408040,59.4080,2.737148,9.5998,48,50.0000,true
2.35,OldGuardNoBNB,3,1.19365992,19.3660,1.144117,13.3885,40,45.0000,true
2.35,OldGuardNoBNB,4,0.64686226,-35.3138,-1.877556,48.9838,56,39.2857,false
2.35,OldGuardNoBNB,5,0.95182000,-4.8180,-0.610432,10.6666,41,36.5854,false
2.35,OldGuardNoBNB,6,0.92711257,-7.2887,-0.862134,14.7765,59,44.0678,false
2.35,LargeCaps5,0,1.29116799,29.1168,1.929152,7.5116,46,47.8261,true
2.35,LargeCaps5,1,1.67595086,67.5951,3.332083,5.9900,66,53.0303,true
2.35,LargeCaps5,2,2.54254231,154.2542,4.861785,6.7402,58,63.7931,true
2.35,LargeCaps5,3,1.08399833,8.3998,0.713101,8.7130,33,51.5152,true
2.35,LargeCaps5,4,1.05516433,5.5164,0.412339,30.2572,52,48.0769,true
2.35,LargeCaps5,5,1.15844605,15.8446,1.557797,7.0249,41,48.7805,true
2.35,Legacy3,0,1.22309899,22.3099,1.763823,5.5387,31,51.6129,true
2.35,Legacy3,1,1.46606248,46.6062,3.371371,6.8152,46,58.6957,true
2.35,Legacy3,2,1.30409243,30.4092,1.881721,6.9305,34,50.0000,true
2.35,Legacy3,3,1.00345526,0.3455,0.121078,8.7894,24,37.5000,true
2.35,Legacy3,4,0.70256968,-29.7430,-2.252886,37.3829,40,35.0000,false
2.35,Legacy3,5,0.94586519,-5.4135,-0.820445,10.5257,30,26.6667,false
2.35,Legacy3,6,0.98331898,-1.6681,-0.213824,8.1718,43,48.8372,false
2.35,LowVolume5,0,1.33570781,33.5708,1.984605,9.0450,42,54.7619,true
2.35,LowVolume5,1,1.42881170,42.8812,2.738747,11.2594,52,51.9231,true
2.35,LowVolume5,2,1.34653630,34.6536,1.978966,7.6354,44,52.2727,true
2.35,LowVolume5,3,1.01224397,1.2244,0.197599,18.9911,39,38.4615,true
2.35,LowVolume5,4,0.71376032,-28.6240,-1.743022,39.9890,44,40.9091,false
2.35,LowVolume5,5,1.09373088,9.3731,0.973116,11.2980,40,40.0000,true
2.35,LowVolume5,6,0.79951676,-20.0483,-2.938452,20.5736,43,34.8837,false
2.35,OldGuard4,0,1.17146655,17.1467,1.357858,9.2112,35,51.4286,true
2.35,OldGuard4,1,1.34379249,34.3792,2.610826,8.3284,49,53.0612,true
2.35,OldGuard4,2,1.35564903,35.5649,2.053134,9.0150,43,48.8372,true
2.35,OldGuard4,3,1.13005577,13.0056,0.843711,11.7751,36,38.8889,true
2.35,OldGuard4,4,0.62425449,-37.5746,-2.596134,47.0769,48,33.3333,false
2.35,OldGuard4,5,0.93557459,-6.4425,-0.935048,11.9329,37,29.7297,false
2.35,OldGuard4,6,0.87507174,-12.4928,-1.776202,15.7382,51,39.2157,false
2.40,Base5,0,1.53552884,53.5529,1.951665,11.9439,47,51.0638,true
2.40,Base5,1,1.72114932,72.1149,3.516437,7.9221,60,53.3333,true
2.40,Base5,2,2.00588505,100.5885,4.177339,6.0779,56,62.5000,true
2.40,Base5,3,1.08854431,8.8544,0.728809,14.1939,33,48.4848,true
2.40,Base5,4,0.98614436,-1.3856,0.112320,27.8543,56,42.8571,false
2.40,Base5,5,1.19155064,19.1551,1.680191,6.8966,47,46.8085,true
2.40,NoDOGE,0,1.24177263,24.1773,1.531304,10.9881,38,50.0000,true
2.40,NoDOGE,1,1.72020723,72.0207,3.609903,7.9221,55,54.5455,true
2.40,NoDOGE,2,1.76409997,76.4100,3.588991,7.2774,50,60.0000,true
2.40,NoDOGE,3,1.04398873,4.3989,0.426149,14.2481,29,48.2759,true
2.40,NoDOGE,4,0.94125674,-5.8743,-0.136332,28.9633,47,42.5532,false
2.40,NoDOGE,5,1.17713720,17.7137,1.734121,6.2260,35,48.5714,true
2.40,Legacy4,0,1.36196153,36.1962,2.125324,6.5485,37,51.3514,true
2.40,Legacy4,1,1.50442115,50.4421,2.976415,7.2911,54,50.0000,true
2.40,Legacy4,2,1.59665024,59.6650,2.822501,7.3927,41,51.2195,true
2.40,Legacy4,3,1.00566152,0.5662,0.141361,10.3103,29,44.8276,true
2.40,Legacy4,4,0.76576517,-23.4235,-1.127809,38.4976,48,41.6667,false
2.40,Legacy4,5,0.95445589,-4.5544,-0.601919,8.9458,34,35.2941,false
2.40,Legacy4,6,1.00300634,0.3006,0.094879,10.6823,53,49.0566,true
2.40,Legacy5BNB,0,1.43413060,43.4131,2.247308,6.5485,43,53.4884,true
2.40,Legacy5BNB,1,1.50413080,50.4131,2.852345,9.5756,60,50.0000,true
2.40,Legacy5BNB,2,2.51349807,151.3498,4.437670,6.6958,50,60.0000,true
2.40,Legacy5BNB,3,1.00817782,0.8178,0.171928,13.3995,33,48.4848,true
2.40,Legacy5BNB,4,0.83114224,-16.8858,-0.704843,37.4913,53,43.3962,false
2.40,Legacy5BNB,5,0.95035187,-4.9648,-0.616766,10.1463,37,35.1351,false
2.40,Legacy5BNB,6,0.98713097,-1.2869,-0.104024,9.1313,64,48.4375,false
2.40,OldGuardNoBNB,0,1.29771987,29.7720,1.790081,6.5485,40,52.5000,true
2.40,OldGuardNoBNB,1,1.35307135,35.3071,2.278235,8.7966,57,43.8596,true
2.40,OldGuardNoBNB,2,1.60925343,60.9253,2.783094,9.4572,48,47.9167,true
2.40,OldGuardNoBNB,3,1.16282992,16.2830,0.990730,14.6714,39,43.5897,true
2.40,OldGuardNoBNB,4,0.68169342,-31.8307,-1.540301,45.7528,56,39.2857,false
2.40,OldGuardNoBNB,5,0.95507796,-4.4922,-0.563143,10.7280,40,37.5000,false
2.40,OldGuardNoBNB,6,0.91953675,-8.0463,-0.954179,15.4729,59,42.3729,false
2.40,LargeCaps5,0,1.29635546,29.6355,1.950433,7.5116,45,48.8889,true
2.40,LargeCaps5,1,1.62698079,62.6981,3.098084,7.9221,63,50.7937,true
2.40,LargeCaps5,2,2.53130278,153.1303,4.815594,6.7402,58,62.0690,true
2.40,LargeCaps5,3,1.04660092,4.6601,0.435769,11.8623,33,51.5152,true
2.40,LargeCaps5,4,1.09244222,9.2442,0.569544,27.8264,52,46.1538,true
2.40,LargeCaps5,5,1.15736071,15.7361,1.531069,6.2260,40,45.0000,true
2.40,Legacy3,0,1.22309899,22.3099,1.763823,5.5387,31,51.6129,true
2.40,Legacy3,1,1.44109525,44.1095,3.183798,6.8152,45,57.7778,true
2.40,Legacy3,2,1.30409243,30.4092,1.881721,6.9305,34,50.0000,true
2.40,Legacy3,3,0.98859237,-1.1408,0.002257,8.7894,24,37.5000,false
2.40,Legacy3,4,0.73770577,-26.2294,-1.722145,34.7471,40,35.0000,false
2.40,Legacy3,5,0.94931407,-5.0686,-0.763690,10.1995,29,27.5862,false
2.40,Legacy3,6,0.97528387,-2.4716,-0.338710,8.9221,43,46.5116,false
2.40,LowVolume5,0,1.29785685,29.7857,1.736959,9.0450,42,54.7619,true
2.40,LowVolume5,1,1.44988016,44.9880,2.830702,9.9512,51,52.9412,true
2.40,LowVolume5,2,1.32794398,32.7944,1.888621,7.6354,44,52.2727,true
2.40,LowVolume5,3,0.98609961,-1.3900,0.051894,21.2281,38,36.8421,false
2.40,LowVolume5,4,0.75219370,-24.7806,-1.335496,36.9685,44,40.9091,false
2.40,LowVolume5,5,1.09151902,9.1519,0.952914,11.4648,40,40.0000,true
2.40,LowVolume5,6,0.79951676,-20.0483,-2.938452,20.5736,43,34.8837,false
2.40,OldGuard4,0,1.13826982,13.8270,1.096403,9.2112,35,51.4286,true
2.40,OldGuard4,1,1.32090753,32.0908,2.434882,8.3284,48,52.0833,true
2.40,OldGuard4,2,1.35564903,35.5649,2.053134,9.0150,43,48.8372,true
2.40,OldGuard4,3,1.10086855,10.0869,0.687043,14.2114,35,37.1429,true
2.40,OldGuard4,4,0.65786830,-34.2132,-2.110075,43.7250,48,33.3333,false
2.40,OldGuard4,5,0.93752218,-6.2478,-0.905518,11.9934,36,30.5556,false
2.40,OldGuard4,6,0.87267757,-12.7322,-1.810248,15.9688,50,38.0000,false
2.45,Base5,0,1.56086584,56.0866,2.010130,11.6805,46,54.3478,true
2.45,Base5,1,1.73233901,73.2339,3.526657,7.2622,59,54.2373,true
2.45,Base5,2,1.99799805,99.7998,4.107736,6.0779,54,62.9630,true
2.45,Base5,3,1.08806143,8.8061,0.723333,14.1939,32,50.0000,true
2.45,Base5,4,0.92718120,-7.2819,-0.143242,28.1244,54,42.5926,false
2.45,Base5,5,1.16243139,16.2431,1.459367,7.0030,47,46.8085,true
2.45,NoDOGE,0,1.26226250,26.2263,1.663570,10.7218,37,54.0541,true
2.45,NoDOGE,1,1.73139079,73.1391,3.618544,7.2622,54,55.5556,true
2.45,NoDOGE,2,1.75716365,75.7164,3.521276,7.2774,48,60.4167,true
2.45,NoDOGE,3,1.04352561,4.3526,0.421737,14.2481,28,50.0000,true
2.45,NoDOGE,4,0.93130573,-6.8694,-0.177249,28.9633,45,44.4444,false
2.45,NoDOGE,5,1.15525832,15.5258,1.551204,5.7432,35,48.5714,true
2.45,Legacy4,0,1.41298188,41.2982,2.401384,5.5387,35,57.1429,true
2.45,Legacy4,1,1.55086675,55.0867,3.170161,7.2911,53,50.9434,true
2.45,Legacy4,2,1.56621018,56.6210,2.711207,8.2443,40,50.0000,true
2.45,Legacy4,3,0.98159561,-1.8404,-0.040245,11.9550,29,44.8276,false
2.45,Legacy4,4,0.82114064,-17.8859,-0.786232,36.6587,45,44.4444,false
2.45,Legacy4,5,0.94874992,-5.1250,-0.684369,9.4902,34,35.2941,false
2.45,Legacy4,6,0.98390078,-1.6099,-0.153607,11.1199,52,46.1538,false
2.45,Legacy5BNB,0,1.48038212,48.0382,2.465452,5.6954,42,57.1429,true
2.45,Legacy5BNB,1,1.51104092,51.1041,2.877649,9.5756,59,50.8475,true
2.45,Legacy5BNB,2,2.46557834,146.5578,4.358087,7.6444,49,59.1837,true
2.45,Legacy5BNB,3,0.97629557,-2.3704,-0.028019,13.3995,33,48.4848,false
2.45,Legacy5BNB,4,0.87661585,-12.3384,-0.462258,38.4551,50,44.0000,false
2.45,Legacy5BNB,5,0.94274161,-5.7258,-0.721386,10.8658,37,35.1351,false
2.45,Legacy5BNB,6,0.95679499,-4.3205,-0.510433,9.3058,63,44.4444,false
2.45,OldGuardNoBNB,0,1.34633367,34.6334,2.055442,5.7458,38,57.8947,true
2.45,OldGuardNoBNB,1,1.41981042,41.9810,2.574767,8.7966,56,48.2143,true
2.45,OldGuardNoBNB,2,1.58112972,58.1130,2.743451,10.2898,47,48.9362,true
2.45,OldGuardNoBNB,3,1.13500290,13.5003,0.848821,16.0911,39,43.5897,true
2.45,OldGuardNoBNB,4,0.72479582,-27.5204,-1.277406,41.4759,53,41.5094,false
2.45,OldGuardNoBNB,5,0.94936827,-5.0632,-0.642250,11.2617,40,37.5000,false
2.45,OldGuardNoBNB,6,0.89618762,-10.3812,-1.287474,16.9311,58,39.6552,false
2.45,LargeCaps5,0,1.32061964,32.0620,2.115787,7.5116,44,52.2727,true
2.45,LargeCaps5,1,1.63956330,63.9563,3.120558,7.2622,62,51.6129,true
2.45,LargeCaps5,2,2.62693742,162.6937,4.932082,6.7402,57,63.1579,true
2.45,LargeCaps5,3,1.04613665,4.6137,0.431955,11.8623,32,53.1250,true
2.45,LargeCaps5,4,1.05600943,5.6009,0.410419,27.8264,50,46.0000,true
2.45,LargeCaps5,5,1.13353022,13.3530,1.330143,5.7432,40,45.0000,true
2.45,Legacy3,0,1.21836148,21.8361,1.711616,5.5387,31,54.8387,true
2.45,Legacy3,1,1.45313078,45.3131,3.240112,6.8152,43,58.1395,true
2.45,Legacy3,2,1.29210097,29.2101,1.817446,7.7863,34,50.0000,true
2.45,Legacy3,3,0.96493493,-3.5065,-0.189114,10.2475,24,37.5000,false
2.45,Legacy3,4,0.75149389,-24.8506,-1.592820,35.3198,38,36.8421,false
2.45,Legacy3,5,0.94363883,-5.6361,-0.854622,10.7363,29,27.5862,false
2.45,Legacy3,6,0.97380130,-2.6199,-0.362050,8.9221,43,44.1860,false
2.45,LowVolume5,0,1.34013934,34.0139,1.950927,9.0450,41,58.5366,true
2.45,LowVolume5,1,1.46770938,46.7709,2.885685,9.9512,49,55.1020,true
2.45,LowVolume5,2,1.31573320,31.5733,1.828555,7.6354,44,52.2727,true
2.45,LowVolume5,3,0.97286159,-2.7138,-0.022399,22.7262,37,37.8378,false
2.45,LowVolume5,4,0.76309284,-23.6907,-1.267545,36.0552,42,42.8571,false
2.45,LowVolume5,5,1.08499365,8.4994,0.892417,11.9941,40,40.0000,true
2.45,LowVolume5,6,0.80734047,-19.2660,-2.697777,19.7963,43,32.5581,false
2.45,OldGuard4,0,1.13386088,13.3861,1.057114,9.2112,35,54.2857,true
2.45,OldGuard4,1,1.33106239,33.1062,2.476006,8.3284,46,52.1739,true
2.45,OldGuard4,2,1.34318350,34.3183,1.991581,9.8516,43,48.8372,true
2.45,OldGuard4,3,1.07452429,7.4524,0.543780,15.6388,35,37.1429,true
2.45,OldGuard4,4,0.67041881,-32.9581,-2.029701,42.8879,46,34.7826,false
2.45,OldGuard4,5,0.93191744,-6.8083,-0.991678,12.5195,36,30.5556,false
2.45,OldGuard4,6,0.86557271,-13.4427,-1.926466,15.9568,50,36.0000,false
2.50,Base5,0,1.66972842,66.9728,2.244333,11.8799,45,57.7778,true
2.50,Base5,1,1.69903501,69.9035,3.382413,7.2622,58,50.0000,true
2.50,Base5,2,2.10808102,110.8081,4.274746,6.0779,54,62.9630,true
2.50,Base5,3,1.09288383,9.2884,0.755707,14.1136,32,50.0000,true
2.50,Base5,4,0.92436791,-7.5632,-0.156352,28.1244,54,42.5926,false
2.50,Base5,5,1.17367132,17.3671,1.539740,7.0030,46,47.8261,true
2.50,NoDOGE,0,1.33918510,33.9185,1.955643,11.4139,36,58.3333,true
2.50,NoDOGE,1,1.69592319,69.5923,3.466961,7.2622,53,50.9434,true
2.50,NoDOGE,2,1.88185449,88.1854,3.803310,7.2675,48,60.4167,true
2.50,NoDOGE,3,1.04702263,4.7023,0.447025,14.1678,28,50.0000,true
2.50,NoDOGE,4,0.92847992,-7.1520,-0.191971,28.9633,45,44.4444,false
2.50,NoDOGE,5,1.15525832,15.5258,1.551204,5.7432,35,48.5714,true
2.50,Legacy4,0,1.50935107,50.9351,2.671885,5.5387,33,57.5758,true
2.50,Legacy4,1,1.53597846,53.5978,3.080823,7.2911,52,48.0769,true
2.50,Legacy4,2,1.67375749,67.3757,3.021759,8.2443,39,48.7179,true
2.50,Legacy4,3,0.98251524,-1.7485,-0.033596,11.9550,29,44.8276,false
2.50,Legacy4,4,0.79603969,-20.3960,-0.929507,37.4980,45,44.4444,false
2.50,Legacy4,5,0.94874992,-5.1250,-0.684369,9.4902,34,35.2941,false
2.50,Legacy4,6,0.97813165,-2.1868,-0.233523,11.9030,50,48.0000,false
2.50,Legacy5BNB,0,1.58134819,58.1348,2.716567,5.6954,40,57.5000,true
2.50,Legacy5BNB,1,1.48511549,48.5115,2.745495,9.5650,58,50.0000,true
2.50,Legacy5BNB,2,2.69634157,169.6342,4.753610,7.5331,47,59.5745,true
2.50,Legacy5BNB,3,0.97721023,-2.2790,-0.022487,13.3995,33,48.4848,false
2.50,Legacy5BNB,4,0.84655413,-15.3446,-0.622756,39.2707,50,42.0000,false
2.50,Legacy5BNB,5,0.94274161,-5.7258,-0.721386,10.8658,37,35.1351,false
2.50,Legacy5BNB,6,1.00811836,0.8118,0.156846,9.3058,60,48.3333,true
2.50,OldGuardNoBNB,0,1.43815727,43.8157,2.336196,6.3686,36,58.3333,true
2.50,OldGuardNoBNB,1,1.40618027,40.6180,2.489235,8.7966,55,45.4545,true
2.50,OldGuardNoBNB,2,1.74144159,74.1442,3.245557,9.6687,45,51.1111,true
2.50,OldGuardNoBNB,3,1.14010141,14.0101,0.874959,15.7931,38,44.7368,true
2.50,OldGuardNoBNB,4,0.69355997,-30.6440,-1.469571,43.0922,53,41.5094,false
2.50,OldGuardNoBNB,5,0.93336520,-6.6635,-0.857152,12.0487,40,37.5000,false
2.50,OldGuardNoBNB,6,0.89093280,-10.9067,-1.375350,17.6630,56,41.0714,false
2.50,LargeCaps5,0,1.35803140,35.8031,2.182641,6.9945,43,53.4884,true
2.50,LargeCaps5,1,1.61910266,61.9103,3.029628,7.2622,61,49.1803,true
2.50,LargeCaps5,2,2.83084463,183.0845,5.269271,6.0794,56,64.2857,true
2.50,LargeCaps5,3,1.04964242,4.9642,0.456240,11.7797,32,53.1250,true
2.50,LargeCaps5,4,1.05280524,5.2805,0.396305,27.8264,50,46.0000,true
2.50,LargeCaps5,5,1.13353022,13.3530,1.330143,5.7432,40,45.0000,true
2.50,Legacy3,0,1.24298094,24.2981,1.823645,5.5387,29,51.7241,true
2.50,Legacy3,1,1.44793445,44.7934,3.139830,6.8152,42,54.7619,true
2.50,Legacy3,2,1.38962786,38.9628,2.287929,7.7863,32,50.0000,true
2.50,Legacy3,3,0.96583895,-3.4161,-0.182361,10.2475,24,37.5000,false
2.50,Legacy3,4,0.73073916,-26.9261,-1.748576,36.8280,38,36.8421,false
2.50,Legacy3,5,0.94363883,-5.6361,-0.854622,10.7363,29,27.5862,false
2.50,Legacy3,6,0.97646233,-2.3538,-0.327105,9.5231,42,47.6190,false
2.50,LowVolume5,0,1.35469823,35.4698,2.000812,9.0450,39,56.4103,true
2.50,LowVolume5,1,1.48844976,48.8450,2.927351,9.8639,48,52.0833,true
2.50,LowVolume5,2,1.33422578,33.4226,1.900081,7.3447,43,51.1628,true
2.50,LowVolume5,3,0.97774832,-2.2252,0.005065,22.2647,36,38.8889,false
2.50,LowVolume5,4,0.73305970,-26.6940,-1.463419,37.8213,42,42.8571,false
2.50,LowVolume5,5,1.06670440,6.6704,0.716711,13.4776,40,40.0000,true
2.50,LowVolume5,6,0.80734047,-19.2660,-2.697777,19.7963,43,32.5581,false
2.50,OldGuard4,0,1.15677283,15.6773,1.177606,8.4660,33,51.5152,true
2.50,OldGuard4,1,1.30809370,30.8094,2.307194,8.3284,45,48.8889,true
2.50,OldGuard4,2,1.43219439,43.2194,2.387759,10.6237,41,48.7805,true
2.50,OldGuard4,3,1.07732314,7.7323,0.558197,15.3392,34,38.2353,true
2.50,OldGuard4,4,0.64403305,-35.5967,-2.236696,44.4653,46,34.7826,false
2.50,OldGuard4,5,0.91620853,-8.3791,-1.221139,13.7129,36,30.5556,false
2.50,OldGuard4,6,0.86241819,-13.7582,-1.987173,16.5113,49,36.7347,false
2.55,Base5,0,1.60906527,60.9065,2.086640,14.7072,45,55.5556,true
2.55,Base5,1,1.68251943,68.2519,3.308474,7.2622,58,50.0000,true
2.55,Base5,2,2.07429819,107.4298,4.156730,6.0779,54,61.1111,true
2.55,Base5,3,1.09227851,9.2279,0.730332,13.4267,31,48.3871,true
2.55,Base5,4,0.91172116,-8.8279,-0.213402,28.1244,54,42.5926,false
2.55,Base5,5,1.19726371,19.7264,1.695944,7.0030,45,51.1111,true
2.55,NoDOGE,0,1.29053097,29.0531,1.707066,14.2561,36,55.5556,true
2.55,NoDOGE,1,1.67943787,67.9438,3.389930,7.2622,53,50.9434,true
2.55,NoDOGE,2,1.85169702,85.1697,3.682645,7.2675,48,58.3333,true
2.55,NoDOGE,3,1.04644272,4.6443,0.432791,14.7255,27,48.1481,true
2.55,NoDOGE,4,0.91577691,-8.4223,-0.255735,28.9633,45,44.4444,false
2.55,NoDOGE,5,1.15388714,15.3887,1.513913,6.8236,35,48.5714,true
2.55,Legacy4,0,1.45788981,45.7890,2.404153,7.3614,33,54.5455,true
2.55,Legacy4,1,1.52123084,52.1231,2.987836,6.8272,52,48.0769,true
2.55,Legacy4,2,1.68526689,68.5267,3.057636,8.2198,39,48.7179,true
2.55,Legacy4,3,1.06006169,6.0062,0.506018,12.6604,28,46.4286,true
2.55,Legacy4,4,0.80849330,-19.1507,-0.833052,37.4980,45,46.6667,false
2.55,Legacy4,5,0.94874992,-5.1250,-0.684369,9.4902,34,35.2941,false
2.55,Legacy4,6,0.98523130,-1.4769,-0.138599,10.6267,48,45.8333,false
2.55,Legacy5BNB,0,1.54991737,54.9917,2.569604,5.8024,39,56.4103,true
2.55,Legacy5BNB,1,1.49545537,49.5455,2.791849,8.9353,58,50.0000,true
2.55,Legacy5BNB,2,2.71488265,171.4883,4.783458,7.5084,47,59.5745,true
2.55,Legacy5BNB,3,1.05433798,5.4338,0.436620,13.9445,32,50.0000,true
2.55,Legacy5BNB,4,0.88817231,-11.1828,-0.384180,37.2523,49,46.9388,false
2.55,Legacy5BNB,5,0.93808780,-6.1912,-0.785158,11.3059,37,35.1351,false
2.55,Legacy5BNB,6,0.99861930,-0.1381,0.043403,9.6458,57,45.6140,false
2.55,OldGuardNoBNB,0,1.38912336,38.9123,2.082869,7.3614,36,55.5556,true
2.55,OldGuardNoBNB,1,1.39267890,39.2679,2.400982,8.1616,55,45.4545,true
2.55,OldGuardNoBNB,2,1.75341641,75.3416,3.281311,9.6446,45,51.1111,true
2.55,OldGuardNoBNB,3,1.23008558,23.0086,1.248356,16.4678,37,45.9459,true
2.55,OldGuardNoBNB,4,0.74390242,-25.6098,-1.127458,43.7429,52,44.2308,false
2.55,OldGuardNoBNB,5,0.93409384,-6.5906,-0.847084,11.9801,40,37.5000,false
2.55,OldGuardNoBNB,6,0.87383362,-12.6166,-1.619537,19.3032,52,36.5385,false
2.55,LargeCaps5,0,1.28925159,28.9252,1.795722,11.1224,42,50.0000,true
2.55,LargeCaps5,1,1.60336408,60.3364,2.964695,7.2622,61,49.1803,true
2.55,LargeCaps5,2,2.78547922,178.5479,5.160778,6.0794,56,62.5000,true
2.55,LargeCaps5,3,1.04906105,4.9061,0.442773,12.4203,31,51.6129,true
2.55,LargeCaps5,4,1.10482574,10.4826,0.624372,27.8264,49,48.9796,true
2.55,LargeCaps5,5,1.13218483,13.2185,1.298067,6.8236,40,45.0000,true
2.55,Legacy3,0,1.20060156,20.0602,1.497078,7.4473,29,48.2759,true
2.55,Legacy3,1,1.45801546,45.8015,3.196139,6.1665,42,54.7619,true
2.55,Legacy3,2,1.39918348,39.9183,2.330215,7.7618,32,50.0000,true
2.55,Legacy3,3,1.04206920,4.2069,0.397658,11.3091,23,39.1304,true
2.55,Legacy3,4,0.74217118,-25.7829,-1.627718,37.6923,38,39.4737,false
2.55,Legacy3,5,0.94363883,-5.6361,-0.854622,10.7363,29,27.5862,false
2.55,Legacy3,6,0.99113296,-0.8867,-0.091730,8.2138,40,47.5000,false
2.55,LowVolume5,0,1.32501406,32.5014,1.852712,9.0450,38,55.2632,true
2.55,LowVolume5,1,1.49881285,49.8813,2.975869,9.2364,48,52.0833,true
2.55,LowVolume5,2,1.34340043,34.3400,1.940398,7.3447,43,51.1628,true
2.55,LowVolume5,3,1.02218922,2.2189,0.253201,25.2799,35,37.1429,true
2.55,LowVolume5,4,0.73305970,-26.6940,-1.463419,37.8213,42,42.8571,false
2.55,LowVolume5,5,1.07851274,7.8513,0.830297,13.4100,39,41.0256,true
2.55,LowVolume5,6,0.81978861,-18.0211,-2.446320,18.5597,41,31.7073,false
2.55,OldGuard4,0,1.11733272,11.7333,0.898048,10.8401,33,48.4848,true
2.55,OldGuard4,1,1.31720109,31.7201,2.363595,7.6901,45,48.8889,true
2.55,OldGuard4,2,1.44204271,44.2043,2.428249,10.5999,41,48.7805,true
2.55,OldGuard4,3,1.16235245,16.2352,0.956288,16.0175,33,39.3939,true
2.55,OldGuard4,4,0.65559904,-34.4401,-2.130499,45.1002,46,36.9565,false
2.55,OldGuard4,5,0.91692377,-8.3076,-1.210220,13.6455,36,30.5556,false
2.55,OldGuard4,6,0.85493897,-14.5061,-2.110820,17.2968,46,32.6087,false
2.60,Base5,0,1.64872285,64.8723,2.130173,14.1983,44,59.0909,true
2.60,Base5,1,1.70381790,70.3818,3.393093,7.2622,58,50.0000,true
2.60,Base5,2,2.05436925,105.4369,4.096071,7.0790,53,62.2642,true
2.60,Base5,3,1.08028569,8.0286,0.651027,14.3773,31,48.3871,true
2.60,Base5,4,0.84406838,-15.5932,-0.542973,31.9181,52,42.3077,false
2.60,Base5,5,1.17752861,17.7529,1.513272,7.9653,43,48.8372,true
2.60,NoDOGE,0,1.32233784,32.2338,1.802609,13.7446,35,60.0000,true
2.60,NoDOGE,1,1.70535350,70.5354,3.491740,7.2622,53,50.9434,true
2.60,NoDOGE,2,1.86245425,86.2454,3.718410,7.2675,47,59.5745,true
2.60,NoDOGE,3,1.03495315,3.4953,0.351968,15.6618,27,48.1481,true
2.60,NoDOGE,4,0.81210995,-18.7890,-0.833920,35.0056,45,42.2222,false
2.60,NoDOGE,5,1.12536580,12.5366,1.228337,7.9653,34,44.1176,true
2.60,Legacy4,0,1.46991048,46.9910,2.381541,7.3614,32,59.3750,true
2.60,Legacy4,1,1.52046032,52.0460,2.985041,6.8272,52,48.0769,true
2.60,Legacy4,2,1.65318034,65.3180,2.939929,8.2198,39,48.7179,true
2.60,Legacy4,3,1.05507883,5.5079,0.474506,12.6604,28,46.4286,true
2.60,Legacy4,4,0.80780670,-19.2193,-0.836986,37.5511,45,46.6667,false
2.60,Legacy4,5,0.96037588,-3.9624,-0.499845,8.8856,32,34.3750,false
2.60,Legacy4,6,0.98988529,-1.0115,-0.075654,10.2276,46,43.4783,false
2.60,Legacy5BNB,0,1.66492727,66.4927,2.841700,5.8024,36,63.8889,true
2.60,Legacy5BNB,1,1.49469790,49.4698,2.788853,8.9353,58,50.0000,true
2.60,Legacy5BNB,2,2.66319278,166.3193,4.697830,7.5084,47,59.5745,true
2.60,Legacy5BNB,3,1.04938203,4.9382,0.409492,14.3490,32,50.0000,true
2.60,Legacy5BNB,4,0.86956097,-13.0439,-0.469589,38.5671,49,46.9388,false
2.60,Legacy5BNB,5,0.94158786,-5.8412,-0.727441,11.2044,35,31.4286,false
2.60,Legacy5BNB,6,1.02855631,2.8556,0.395432,10.1398,57,43.8596,true
2.60,OldGuardNoBNB,0,1.39468783,39.4688,2.035873,7.3614,34,58.8235,true
2.60,OldGuardNoBNB,1,1.39197349,39.1973,2.398034,8.1616,55,45.4545,true
2.60,OldGuardNoBNB,2,1.72003233,72.0032,3.162495,9.6446,45,51.1111,true
2.60,OldGuardNoBNB,3,1.21449752,21.4498,1.180518,17.1368,37,45.9459,true
2.60,OldGuardNoBNB,4,0.74327067,-25.6729,-1.131154,43.7906,52,44.2308,false
2.60,OldGuardNoBNB,5,0.94554020,-5.4460,-0.670169,11.5741,38,36.8421,false
2.60,OldGuardNoBNB,6,0.91593397,-8.4066,-0.992694,13.8627,49,38.7755,false
2.60,LargeCaps5,0,1.34149600,34.1496,1.977272,10.5837,40,55.0000,true
2.60,LargeCaps5,1,1.62810580,62.8106,3.053201,7.2622,61,49.1803,true
2.60,LargeCaps5,2,2.80166115,180.1661,5.192263,6.0794,55,63.6364,true
2.60,LargeCaps5,3,1.03754274,3.7543,0.365424,13.3819,31,51.6129,true
2.60,LargeCaps5,4,0.91519697,-8.4803,-0.282908,32.1371,48,43.7500,false
2.60,LargeCaps5,5,1.10480818,10.4808,1.045884,7.9653,38,42.1053,true
2.60,Legacy3,0,1.21050082,21.0501,1.490534,7.4345,28,53.5714,true
2.60,Legacy3,1,1.41752815,41.7528,2.958489,6.1665,42,52.3810,true
2.60,Legacy3,2,1.39312825,39.3128,2.302648,7.7618,32,50.0000,true
2.60,Legacy3,3,1.03717092,3.7171,0.364346,11.3091,23,39.1304,true
2.60,Legacy3,4,0.74154090,-25.8459,-1.632670,37.7452,38,39.4737,false
2.60,Legacy3,5,0.96384598,-3.6154,-0.513884,9.3844,28,28.5714,false
2.60,Legacy3,6,0.99318600,-0.6814,-0.058818,7.8829,39,46.1538,false
2.60,LowVolume5,0,1.34390959,34.3910,1.864191,9.0450,37,59.4595,true
2.60,LowVolume5,1,1.57043523,57.0435,3.283149,9.2364,47,53.1915,true
2.60,LowVolume5,2,1.33758661,33.7587,1.914406,7.3447,43,51.1628,true
2.60,LowVolume5,3,1.00923569,0.9236,0.187003,26.2268,35,37.1429,true
2.60,LowVolume5,4,0.70107182,-29.8928,-1.673027,40.5345,42,42.8571,false
2.60,LowVolume5,5,1.08413650,8.4137,0.881738,13.3870,39,41.0256,true
2.60,LowVolume5,6,0.80238543,-19.7615,-2.674084,20.2886,41,31.7073,false
2.60,OldGuard4,0,1.12180846,12.1808,0.888089,10.8277,31,51.6129,true
2.60,OldGuard4,1,1.31653391,31.6534,2.360223,7.6901,45,48.8889,true
2.60,OldGuard4,2,1.43580200,43.5802,2.401856,10.5999,41,48.7805,true
2.60,OldGuard4,3,1.14762273,14.7623,0.886665,16.6901,33,39.3939,true
2.60,OldGuard4,4,0.65504228,-34.4958,-2.135035,45.1469,46,36.9565,false
2.60,OldGuard4,5,0.94517947,-5.4821,-0.734607,11.4902,35,34.2857,false
2.60,OldGuard4,6,0.86414624,-13.5854,-1.912254,15.5884,44,34.0909,false
2.65,Base5,0,1.73524937,73.5249,2.222655,13.8508,41,58.5366,true
2.65,Base5,1,1.65251306,65.2513,3.226224,7.2622,57,49.1228,true
2.65,Base5,2,2.00492705,100.4927,3.941054,7.0790,53,62.2642,true
2.65,Base5,3,1.07239589,7.2396,0.598870,14.3773,31,45.1613,true
2.65,Base5,4,0.84227479,-15.7725,-0.549147,32.6162,51,43.1373,false
2.65,Base5,5,1.15586067,15.5861,1.341707,7.9653,43,48.8372,true
2.65,NoDOGE,0,1.29679948,29.6799,1.668749,13.3953,34,55.8824,true
2.65,NoDOGE,1,1.66831628,66.8316,3.338931,7.2622,52,50.0000,true
2.65,NoDOGE,2,1.81763084,81.7631,3.557760,7.2675,47,59.5745,true
2.65,NoDOGE,3,1.04079234,4.0792,0.392770,15.6618,27,48.1481,true
2.65,NoDOGE,4,0.80688543,-19.3115,-0.859497,35.6720,45,42.2222,false
2.65,NoDOGE,5,1.10272623,10.2726,1.021619,7.9653,34,44.1176,true
2.65,Legacy4,0,1.46991048,46.9910,2.381541,7.3614,32,59.3750,true
2.65,Legacy4,1,1.52046032,52.0460,2.985041,6.8272,52,48.0769,true
2.65,Legacy4,2,1.63777678,63.7777,2.874322,8.2198,39,48.7179,true
2.65,Legacy4,3,1.05507883,5.5079,0.474506,12.6604,28,46.4286,true
2.65,Legacy4,4,0.79952441,-20.0476,-0.884485,38.1914,45,46.6667,false
2.65,Legacy4,5,0.93702687,-6.2973,-0.824349,9.6815,32,34.3750,false
2.65,Legacy4,6,1.02350697,2.3507,0.352728,10.1344,45,44.4444,true
2.65,Legacy5BNB,0,1.66492727,66.4927,2.841700,5.8024,36,63.8889,true
2.65,Legacy5BNB,1,1.50053701,50.0537,2.815981,8.9353,58,50.0000,true
2.65,Legacy5BNB,2,2.56425358,156.4254,4.524861,7.5084,47,59.5745,true
2.65,Legacy5BNB,3,1.04938203,4.9382,0.409492,14.3490,32,50.0000,true
2.65,Legacy5BNB,4,0.86343452,-13.6565,-0.501130,38.5671,49,46.9388,false
2.65,Legacy5BNB,5,0.91869564,-8.1304,-1.034699,11.9800,35,31.4286,false
2.65,Legacy5BNB,6,1.05536046,5.5360,0.691493,9.3058,56,44.6429,true
2.65,OldGuardNoBNB,0,1.39468783,39.4688,2.035873,7.3614,34,58.8235,true
2.65,OldGuardNoBNB,1,1.38765394,38.7654,2.375748,8.1616,55,45.4545,true
2.65,OldGuardNoBNB,2,1.70400588,70.4006,3.095647,9.6446,45,51.1111,true
2.65,OldGuardNoBNB,3,1.21449752,21.4498,1.180518,17.1368,37,45.9459,true
2.65,OldGuardNoBNB,4,0.76599291,-23.4007,-0.980086,42.4319,52,44.2308,false
2.65,OldGuardNoBNB,5,0.94734289,-5.2657,-0.618132,9.9910,38,42.1053,false
2.65,OldGuardNoBNB,6,0.93164195,-6.8358,-0.782810,13.8934,49,36.7347,false
2.65,LargeCaps5,0,1.23332871,23.3329,1.423020,11.4391,40,55.0000,true
2.65,LargeCaps5,1,1.59653600,59.6536,2.928772,7.2622,60,48.3333,true
2.65,LargeCaps5,2,2.73423399,173.4234,5.051738,6.0794,55,63.6364,true
2.65,LargeCaps5,3,1.04339654,4.3397,0.405015,13.3819,31,51.6129,true
2.65,LargeCaps5,4,0.90930927,-9.0691,-0.311836,32.8329,48,43.7500,false
2.65,LargeCaps5,5,1.08258217,8.2582,0.841620,7.9653,38,42.1053,true
2.65,Legacy3,0,1.21050082,21.0501,1.490534,7.4345,28,53.5714,true
2.65,Legacy3,1,1.41752815,41.7528,2.958489,6.1665,42,52.3810,true
2.65,Legacy3,2,1.38014774,38.0148,2.239330,7.7618,32,50.0000,true
2.65,Legacy3,3,1.03717092,3.7171,0.364346,11.3091,23,39.1304,true
2.65,Legacy3,4,0.73393803,-26.6062,-1.692054,38.3835,38,39.4737,false
2.65,Legacy3,5,0.94008772,-5.9912,-0.876979,10.2069,28,28.5714,false
2.65,Legacy3,6,1.01906289,1.9063,0.335609,7.5180,38,44.7368,true
2.65,LowVolume5,0,1.34390959,34.3910,1.864191,9.0450,37,59.4595,true
2.65,LowVolume5,1,1.53142835,53.1428,3.094169,9.2364,47,51.0638,true
2.65,LowVolume5,2,1.33758661,33.7587,1.914406,7.3447,43,51.1628,true
2.65,LowVolume5,3,1.00923569,0.9236,0.187003,26.2268,35,37.1429,true
2.65,LowVolume5,4,0.72250402,-27.7496,-1.484003,38.7166,42,42.8571,false
2.65,LowVolume5,5,1.06726044,6.7260,0.720299,12.9982,39,43.5897,true
2.65,LowVolume5,6,0.82844468,-17.1555,-2.259629,17.5229,40,30.0000,false
2.65,OldGuard4,0,1.12180846,12.1808,0.888089,10.8277,31,51.6129,true
2.65,OldGuard4,1,1.31244846,31.2448,2.333592,7.6901,45,48.8889,true
2.65,OldGuard4,2,1.42242387,42.2424,2.341253,10.5999,41,48.7805,true
2.65,OldGuard4,3,1.14762273,14.7623,0.886665,16.6901,33,39.3939,true
2.65,OldGuard4,4,0.67506733,-32.4933,-1.923756,43.4700,46,36.9565,false
2.65,OldGuard4,5,0.92973535,-7.0265,-0.950914,11.4789,35,37.1429,false
2.65,OldGuard4,6,0.88334756,-11.6652,-1.594768,15.1978,44,31.8182,false
2.70,Base5,0,1.76981176,76.9812,2.291840,13.9933,41,60.9756,true
2.70,Base5,1,1.65254183,65.2542,3.223275,7.2622,57,49.1228,true
2.70,Base5,2,1.92991833,92.9918,3.680839,7.0790,53,60.3774,true
2.70,Base5,3,1.06493164,6.4932,0.549273,14.4057,31,45.1613,true
2.70,Base5,4,0.99128506,-0.8715,0.134346,29.5157,47,42.5532,false
2.70,Base5,5,1.13937399,13.9374,1.222478,7.9611,42,47.6190,true
2.70,NoDOGE,0,1.32262891,32.2629,1.777561,13.5385,34,58.8235,true
2.70,NoDOGE,1,1.66861888,66.8619,3.336903,7.2622,52,50.0000,true
2.70,NoDOGE,2,1.74962928,74.9629,3.289563,7.2675,47,57.4468,true
2.70,NoDOGE,3,1.03389197,3.3892,0.344335,15.6618,27,48.1481,true
2.70,NoDOGE,4,0.91840915,-8.1591,-0.247330,33.1871,42,42.8571,false
2.70,NoDOGE,5,1.09540246,9.5402,0.977414,6.8348,33,42.4242,true
2.70,Legacy4,0,1.54422168,54.4222,2.604615,7.3614,32,62.5000,true
2.70,Legacy4,1,1.48019519,48.0195,2.775899,6.7997,51,49.0196,true
2.70,Legacy4,2,1.68835010,68.8350,3.037670,8.2198,38,50.0000,true
2.70,Legacy4,3,1.05507883,5.5079,0.474506,12.6604,28,46.4286,true
2.70,Legacy4,4,0.80954266,-19.0457,-0.820897,36.8273,44,45.4545,false
2.70,Legacy4,5,0.92087069,-7.9129,-1.042780,9.9286,32,34.3750,false
2.70,Legacy4,6,0.99972529,-0.0275,0.052413,9.9847,45,44.4444,false
2.70,Legacy5BNB,0,1.54475653,54.4757,2.645131,6.3254,35,65.7143,true
2.70,Legacy5BNB,1,1.48976156,48.9762,2.771548,7.4298,56,51.7857,true
2.70,Legacy5BNB,2,2.64343581,164.3436,4.609521,7.5084,46,60.8696,true
2.70,Legacy5BNB,3,1.04938203,4.9382,0.409492,14.3490,32,50.0000,true
2.70,Legacy5BNB,4,0.80548420,-19.4516,-0.791837,41.0491,49,42.8571,false
2.70,Legacy5BNB,5,0.90285553,-9.7144,-1.236191,12.2208,35,31.4286,false
2.70,Legacy5BNB,6,1.02588414,2.5884,0.361824,10.0563,55,43.6364,true
2.70,OldGuardNoBNB,0,1.46519615,46.5196,2.264547,7.3614,34,61.7647,true
2.70,OldGuardNoBNB,1,1.35090581,35.0906,2.171835,8.1616,54,46.2963,true
2.70,OldGuardNoBNB,2,1.75662430,75.6624,3.258893,9.6446,44,52.2727,true
2.70,OldGuardNoBNB,3,1.21449752,21.4498,1.180518,17.1368,37,45.9459,true
2.70,OldGuardNoBNB,4,0.78229239,-21.7708,-0.882450,41.3347,50,44.0000,false
2.70,OldGuardNoBNB,5,0.93526855,-6.4731,-0.784181,11.0063,38,39.4737,false
2.70,OldGuardNoBNB,6,0.91610143,-8.3899,-0.996791,14.1221,48,37.5000,false
2.70,LargeCaps5,0,1.63454901,63.4549,3.035754,5.1915,39,58.9744,true
2.70,LargeCaps5,1,1.57613046,57.6130,2.874336,7.2622,60,48.3333,true
2.70,LargeCaps5,2,2.60673053,160.6731,4.758998,7.2049,55,61.8182,true
2.70,LargeCaps5,3,1.03647890,3.6479,0.358052,13.3819,31,51.6129,true
2.70,LargeCaps5,4,0.99339743,-0.6603,0.127148,33.0418,47,42.5532,false
2.70,LargeCaps5,5,1.07539219,7.5392,0.792176,6.8348,37,40.5405,true
2.70,Legacy3,0,1.25264031,25.2640,1.682295,7.4345,28,53.5714,true
2.70,Legacy3,1,1.41268645,41.2686,2.836672,6.1665,43,51.1628,true
2.70,Legacy3,2,1.42276566,42.2766,2.432329,7.7618,31,51.6129,true
2.70,Legacy3,3,1.03717092,3.7171,0.364346,11.3091,23,39.1304,true
2.70,Legacy3,4,0.71449687,-28.5503,-1.840595,39.6966,38,39.4737,false
2.70,Legacy3,5,0.92883318,-7.1167,-1.054409,10.4027,28,28.5714,false
2.70,Legacy3,6,1.00651925,0.6519,0.147087,7.3034,38,47.3684,true
2.70,LowVolume5,0,1.39713723,39.7137,2.046964,8.3251,37,59.4595,true
2.70,LowVolume5,1,1.50579569,50.5796,2.919031,11.3408,46,52.1739,true
2.70,LowVolume5,2,1.32730297,32.7303,1.826648,7.3447,42,50.0000,true
2.70,LowVolume5,3,0.98743926,-1.2561,0.072472,27.7643,35,37.1429,false
2.70,LowVolume5,4,0.77856273,-22.1437,-1.131518,34.9840,40,45.0000,false
2.70,LowVolume5,5,1.05093015,5.0930,0.578110,13.9796,39,38.4615,true
2.70,LowVolume5,6,0.83928562,-16.0714,-2.097576,16.4436,39,35.8974,false
2.70,OldGuard4,0,1.16086042,16.0860,1.090881,10.8277,31,51.6129,true
2.70,OldGuard4,1,1.31848280,31.8483,2.305649,7.6901,45,51.1111,true
2.70,OldGuard4,2,1.46634725,46.6347,2.526079,10.5999,40,50.0000,true
2.70,OldGuard4,3,1.13826134,13.8261,0.841574,17.0756,33,39.3939,true
2.70,OldGuard4,4,0.66286391,-33.7136,-2.006994,44.6747,45,37.7778,false
2.70,OldGuard4,5,0.91775373,-8.2246,-1.143125,12.4774,35,34.2857,false
2.70,OldGuard4,6,0.90371510,-9.6285,-1.290968,12.0052,45,37.7778,false
2.75,Base5,0,1.79491692,79.4917,2.345532,13.9933,40,62.5000,true
2.75,Base5,1,1.65254183,65.2542,3.223275,7.2622,57,49.1228,true
2.75,Base5,2,2.00950396,100.9504,3.848994,7.0790,51,60.7843,true
2.75,Base5,3,1.07626089,7.6261,0.623729,13.4951,31,45.1613,true
2.75,Base5,4,1.01883796,1.8838,0.250004,30.8689,46,45.6522,true
2.75,Base5,5,1.16700225,16.7002,1.457540,7.8067,42,47.6190,true
2.75,NoDOGE,0,1.34139068,34.1391,1.864069,13.5385,33,60.6061,true
2.75,NoDOGE,1,1.66861888,66.8619,3.336903,7.2622,52,50.0000,true
2.75,NoDOGE,2,1.86301310,86.3013,3.671439,7.2675,45,57.7778,true
2.75,NoDOGE,3,1.04489101,4.4891,0.421023,14.7646,27,48.1481,true
2.75,NoDOGE,4,0.90648899,-9.3511,-0.306191,34.0543,42,42.8571,false
2.75,NoDOGE,5,1.12008648,12.0086,1.226368,6.8348,33,42.4242,true
2.75,Legacy4,0,1.54546459,54.5465,2.608896,7.3614,32,62.5000,true
2.75,Legacy4,1,1.48688036,48.6880,2.828226,7.1204,50,50.0000,true
2.75,Legacy4,2,1.68835010,68.8350,3.037670,8.2198,38,50.0000,true
2.75,Legacy4,3,1.05507883,5.5079,0.474506,12.6604,28,46.4286,true
2.75,Legacy4,4,0.79903550,-20.0965,-0.876165,36.8273,44,45.4545,false
2.75,Legacy4,5,0.94344906,-5.6551,-0.757851,9.9046,32,34.3750,false
2.75,Legacy4,6,1.00144644,0.1446,0.074744,9.9847,44,45.4545,true
2.75,Legacy5BNB,0,1.58804763,58.8048,2.762428,6.9131,34,67.6471,true
2.75,Legacy5BNB,1,1.49648994,49.6490,2.824385,7.9006,55,52.7273,true
2.75,Legacy5BNB,2,2.64343581,164.3436,4.609521,7.5084,46,60.8696,true
2.75,Legacy5BNB,3,1.04938203,4.9382,0.409492,14.3490,32,50.0000,true
2.75,Legacy5BNB,4,0.79502971,-20.4970,-0.844926,41.0491,49,42.8571,false
2.75,Legacy5BNB,5,0.92499219,-7.5008,-0.971942,12.1974,35,31.4286,false
2.75,Legacy5BNB,6,1.01715655,1.7157,0.260524,10.0563,54,44.4444,true
2.75,OldGuardNoBNB,0,1.46637545,46.6375,2.268787,7.3614,34,61.7647,true
2.75,OldGuardNoBNB,1,1.35700706,35.7007,2.219636,8.6286,53,47.1698,true
2.75,OldGuardNoBNB,2,1.71937961,71.9380,3.136174,9.6446,44,50.0000,true
2.75,OldGuardNoBNB,3,1.21449752,21.4498,1.180518,17.1368,37,45.9459,true
2.75,OldGuardNoBNB,4,0.76321570,-23.6784,-0.976041,42.4724,50,44.0000,false
2.75,OldGuardNoBNB,5,0.95819994,-4.1800,-0.501352,10.9323,38,39.4737,false
2.75,OldGuardNoBNB,6,0.91643111,-8.3569,-0.987670,14.2389,47,38.2979,false
2.75,LargeCaps5,0,1.48308114,48.3081,2.456983,12.0887,37,62.1622,true
2.75,LargeCaps5,1,1.57753453,57.7535,2.879777,7.2622,60,48.3333,true
2.75,LargeCaps5,2,2.77565834,177.5658,5.096510,5.0000,53,62.2642,true
2.75,LargeCaps5,3,1.04750546,4.7505,0.432491,12.4604,31,51.6129,true
2.75,LargeCaps5,4,0.98050399,-1.9496,0.067737,33.9109,47,42.5532,false
2.75,LargeCaps5,5,1.09962530,9.9625,1.035012,6.8348,37,40.5405,true
2.75,Legacy3,0,1.25364853,25.3649,1.687606,7.4345,28,53.5714,true
2.75,Legacy3,1,1.41689955,41.6900,2.886863,6.6436,42,52.3810,true
2.75,Legacy3,2,1.42276566,42.2766,2.432329,7.7618,31,51.6129,true
2.75,Legacy3,3,1.03717092,3.7171,0.364346,11.3091,23,39.1304,true
2.75,Legacy3,4,0.70522332,-29.4777,-1.902358,40.4792,38,39.4737,false
2.75,Legacy3,5,0.95234710,-4.7653,-0.721874,10.3281,28,28.5714,false
2.75,Legacy3,6,1.00825209,0.8252,0.173416,7.3034,37,48.6486,true
2.75,LowVolume5,0,1.39826175,39.8262,2.051334,8.3251,37,59.4595,true
2.75,LowVolume5,1,1.50674296,50.6743,2.922023,10.9088,46,54.3478,true
2.75,LowVolume5,2,1.42902062,42.9021,2.291551,7.3447,40,50.0000,true
2.75,LowVolume5,3,0.96285115,-3.7149,-0.049881,29.5630,35,37.1429,false
2.75,LowVolume5,4,0.76845766,-23.1542,-1.195008,35.8278,40,45.0000,false
2.75,LowVolume5,5,1.07753503,7.7535,0.850482,13.7410,39,38.4615,true
2.75,LowVolume5,6,0.84041692,-15.9583,-2.078836,16.3310,39,35.8974,false
2.75,OldGuard4,0,1.16179477,16.1795,1.095995,10.8277,31,51.6129,true
2.75,OldGuard4,1,1.30623796,30.6238,2.224439,8.1596,45,51.1111,true
2.75,OldGuard4,2,1.46634725,46.6347,2.526079,10.5999,40,50.0000,true
2.75,OldGuard4,3,1.13826134,13.8261,0.841574,17.0756,33,39.3939,true
2.75,OldGuard4,4,0.64669956,-35.3300,-2.104092,46.0238,45,37.7778,false
2.75,OldGuard4,5,0.94098718,-5.9013,-0.835632,12.2346,35,34.2857,false
2.75,OldGuard4,6,0.90649120,-9.3509,-1.241782,12.1248,44,38.6364,false
2.80,Base5,0,1.77182102,77.1821,2.300104,13.8197,39,64.1026,true
2.80,Base5,1,1.56101615,56.1016,2.890338,7.2622,54,44.4444,true
2.80,Base5,2,1.96087016,96.0870,3.686621,7.0790,50,62.0000,true
2.80,Base5,3,1.07065814,7.0658,0.586791,13.5526,31,45.1613,true
2.80,Base5,4,0.98244331,-1.7557,0.097610,30.8689,46,45.6522,false
2.80,Base5,5,1.15880885,15.8809,1.397569,7.8067,42,47.6190,true
2.80,NoDOGE,0,1.33631834,33.6318,1.839360,13.8655,33,60.6061,true
2.80,NoDOGE,1,1.66416606,66.4166,3.300505,7.2622,50,48.0000,true
2.80,NoDOGE,2,1.81499818,81.4998,3.474035,7.2675,43,60.4651,true
2.80,NoDOGE,3,1.03945156,3.9452,0.383102,14.8211,27,48.1481,true
2.80,NoDOGE,4,0.87410765,-12.5892,-0.466911,35.0093,42,42.8571,false
2.80,NoDOGE,5,1.11222247,11.2222,1.157705,6.8348,33,42.4242,true
2.80,Legacy4,0,1.62219999,62.2200,2.831503,7.3614,32,65.6250,true
2.80,Legacy4,1,1.46427811,46.4278,2.719177,7.1204,49,48.9796,true
2.80,Legacy4,2,1.58837096,58.8371,2.746382,9.4442,37,48.6486,true
2.80,Legacy4,3,1.01730944,1.7309,0.225346,15.7870,28,46.4286,true
2.80,Legacy4,4,0.78328867,-21.6711,-0.971480,36.8273,44,45.4545,false
2.80,Legacy4,5,0.93225230,-6.7748,-0.920116,9.9046,32,34.3750,false
2.80,Legacy4,6,0.99924610,-0.0754,0.047504,10.0796,44,47.7273,false
2.80,Legacy5BNB,0,1.66689737,66.6897,2.982091,6.9131,34,70.5882,true
2.80,Legacy5BNB,1,1.47374161,47.3742,2.717454,7.9006,54,51.8519,true
2.80,Legacy5BNB,2,2.48689930,148.6899,4.371609,8.7424,45,60.0000,true
2.80,Legacy5BNB,3,1.01181657,1.1817,0.198043,17.4151,32,50.0000,true
2.80,Legacy5BNB,4,0.86578962,-13.4210,-0.497111,31.4529,48,47.9167,false
2.80,Legacy5BNB,5,0.91339112,-8.6609,-1.134883,12.4568,35,31.4286,false
2.80,Legacy5BNB,6,1.03166063,3.1661,0.431221,9.3616,54,46.2963,true
2.80,OldGuardNoBNB,0,1.53918392,53.9184,2.471947,7.3614,34,64.7059,true
2.80,OldGuardNoBNB,1,1.33637903,33.6379,2.110823,8.6286,52,46.1538,true
2.80,OldGuardNoBNB,2,1.61756300,61.7563,2.846746,10.8501,43,48.8372,true
2.80,OldGuardNoBNB,3,1.15238840,15.2388,0.886422,20.1031,37,45.9459,true
2.80,OldGuardNoBNB,4,0.74817479,-25.1825,-1.065391,42.4724,50,44.0000,false
2.80,OldGuardNoBNB,5,0.94682811,-5.3172,-0.654657,10.9323,38,39.4737,false
2.80,OldGuardNoBNB,6,0.91441756,-8.5582,-0.995068,14.4655,47,40.4255,false
2.80,LargeCaps5,0,1.47747302,47.7473,2.431414,12.4211,37,62.1622,true
2.80,LargeCaps5,1,1.57332478,57.3325,2.840991,7.2622,58,46.5517,true
2.80,LargeCaps5,2,2.70412208,170.4122,4.911528,5.0000,51,64.7059,true
2.80,LargeCaps5,3,1.04205240,4.2052,0.395700,12.5185,31,51.6129,true
2.80,LargeCaps5,4,0.93772061,-6.2279,-0.137546,32.3609,46,43.4783,false
2.80,LargeCaps5,5,1.09116027,9.1160,0.959230,6.8348,37,40.5405,true
2.80,Legacy3,0,1.31589468,31.5895,1.969439,7.4345,28,57.1429,true
2.80,Legacy3,1,1.41672572,41.6726,2.890818,6.6436,42,52.3810,true
2.80,Legacy3,2,1.33851366,33.8514,2.020934,8.9923,30,50.0000,true
2.80,Legacy3,3,1.00070674,0.0707,0.110935,14.4272,23,39.1304,true
2.80,Legacy3,4,0.70961500,-29.0385,-1.859603,40.4792,38,39.4737,false
2.80,Legacy3,5,0.94769844,-5.2302,-0.797870,10.4973,28,28.5714,false
2.80,Legacy3,6,1.00215060,0.2151,0.080210,7.4012,37,48.6486,true
2.80,LowVolume5,0,1.46768824,46.7688,2.264222,8.3251,37,62.1622,true
2.80,LowVolume5,1,1.57170869,57.1709,3.105635,10.9088,44,52.2727,true
2.80,LowVolume5,2,1.39054335,39.0543,2.084615,9.3765,39,51.2821,true
2.80,LowVolume5,3,0.91006271,-8.9937,-0.326653,33.4097,35,37.1429,false
2.80,LowVolume5,4,0.73464042,-26.5360,-1.476763,37.1229,40,45.0000,false
2.80,LowVolume5,5,1.07227528,7.2275,0.798817,14.1620,39,38.4615,true
2.80,LowVolume5,6,0.82532940,-17.4671,-2.271369,18.0993,39,35.8974,false
2.80,OldGuard4,0,1.21948020,21.9480,1.364823,10.8277,31,54.8387,true
2.80,OldGuard4,1,1.30607771,30.6078,2.227159,8.1596,45,51.1111,true
2.80,OldGuard4,2,1.37951447,37.9514,2.132099,11.7926,39,48.7179,true
2.80,OldGuard4,3,1.08076820,8.0768,0.552030,21.2463,33,39.3939,true
2.80,OldGuard4,4,0.67780382,-32.2196,-1.846834,46.0238,44,38.6364,false
2.80,OldGuard4,5,0.93639396,-6.3606,-0.905927,12.6630,35,34.2857,false
2.80,OldGuard4,6,0.90449949,-9.5501,-1.235623,12.3570,44,40.9091,false
2.85,Base5,0,1.72278770,72.2788,2.189872,16.2047,38,63.1579,true
2.85,Base5,1,1.66632114,66.6321,3.194562,7.2622,53,45.2830,true
2.85,Base5,2,1.95176382,95.1764,3.647286,7.0790,50,62.0000,true
2.85,Base5,3,1.05085900,5.0859,0.454326,15.1512,31,45.1613,true
2.85,Base5,4,1.00463717,0.4637,0.192599,29.3072,46,47.8261,true
2.85,Base5,5,1.18447425,18.4474,1.570413,7.8067,42,42.8571,true
2.85,NoDOGE,0,1.29933711,29.9337,1.660948,16.2492,32,59.3750,true
2.85,NoDOGE,1,1.77642947,77.6429,3.629278,7.2622,49,48.9796,true
2.85,NoDOGE,2,1.80656928,80.6569,3.432233,7.2675,43,60.4651,true
2.85,NoDOGE,3,1.02022951,2.0230,0.247558,16.3963,27,48.1481,true
2.85,NoDOGE,4,0.88985011,-11.0150,-0.383079,34.0687,42,42.8571,false
2.85,NoDOGE,5,1.11298301,11.2983,1.163338,6.8348,33,42.4242,true
2.85,Legacy4,0,1.61032182,61.0322,2.789307,7.3614,32,62.5000,true
2.85,Legacy4,1,1.43849566,43.8496,2.588859,7.1204,49,48.9796,true
2.85,Legacy4,2,1.58099452,58.0995,2.708161,9.8648,37,48.6486,true
2.85,Legacy4,3,1.02386417,2.3864,0.268218,15.7870,27,48.1481,true
2.85,Legacy4,4,0.84405139,-15.5949,-0.632241,32.8978,43,48.8372,false
2.85,Legacy4,5,0.95601172,-4.3988,-0.565876,9.9046,31,35.4839,false
2.85,Legacy4,6,0.98382716,-1.6173,-0.146224,11.3427,43,46.5116,false
2.85,Legacy5BNB,0,1.65600428,65.6004,2.939745,6.9131,34,67.6471,true
2.85,Legacy5BNB,1,1.44779253,44.7793,2.591396,7.9006,54,51.8519,true
2.85,Legacy5BNB,2,2.47535006,147.5350,4.338954,8.7424,45,60.0000,true
2.85,Legacy5BNB,3,1.01833590,1.8336,0.235042,17.4151,31,51.6129,true
2.85,Legacy5BNB,4,0.95405698,-4.5943,-0.060119,25.7236,47,51.0638,false
2.85,Legacy5BNB,5,0.91507812,-8.4922,-1.111343,12.2951,35,31.4286,false
2.85,Legacy5BNB,6,0.98589347,-1.4107,-0.114568,9.8890,53,45.2830,false
2.85,OldGuardNoBNB,0,1.52912544,52.9125,2.434886,7.3614,34,61.7647,true
2.85,OldGuardNoBNB,1,1.31284857,31.2849,1.981759,8.6286,52,46.1538,true
2.85,OldGuardNoBNB,2,1.61471258,61.4713,2.836460,10.9855,43,48.8372,true
2.85,OldGuardNoBNB,3,1.15981347,15.9813,0.919044,20.1031,36,47.2222,true
2.85,OldGuardNoBNB,4,0.80621359,-19.3786,-0.752930,38.4057,49,46.9388,false
2.85,OldGuardNoBNB,5,0.94857687,-5.1423,-0.630221,10.9323,38,39.4737,false
2.85,OldGuardNoBNB,6,0.89933902,-10.0661,-1.179409,15.8759,47,40.4255,false
2.85,LargeCaps5,0,1.43548675,43.5487,2.247991,14.9099,37,62.1622,true
2.85,LargeCaps5,1,1.66920597,66.9206,3.151060,7.2622,57,47.3684,true
2.85,LargeCaps5,2,2.64763121,164.7631,4.801002,5.0000,51,64.7059,true
2.85,LargeCaps5,3,1.02278226,2.2782,0.264085,14.1363,31,51.6129,true
2.85,LargeCaps5,4,0.95620654,-4.3793,-0.047080,31.3820,46,45.6522,false
2.85,LargeCaps5,5,1.09190641,9.1906,0.966065,6.8348,37,40.5405,true
2.85,Legacy3,0,1.30625935,30.6259,1.918329,7.4345,28,53.5714,true
2.85,Legacy3,1,1.39037660,39.0377,2.725888,6.6436,42,50.0000,true
2.85,Legacy3,2,1.33851366,33.8514,2.020934,8.9923,30,50.0000,true
2.85,Legacy3,3,1.00715450,0.7154,0.156058,14.0967,22,40.9091,true
2.85,Legacy3,4,0.76466257,-23.5337,-1.428835,35.8620,37,43.2432,false
2.85,Legacy3,5,0.97185152,-2.8148,-0.397653,10.3281,27,29.6296,false
2.85,Legacy3,6,0.97954527,-2.0455,-0.261318,9.4289,37,48.6486,false
2.85,LowVolume5,0,1.45805658,45.8057,2.227866,8.2924,36,58.3333,true
2.85,LowVolume5,1,1.64653146,64.6531,3.292236,10.9088,43,51.1628,true
2.85,LowVolume5,2,1.38809298,38.8093,2.072832,9.5362,39,51.2821,true
2.85,LowVolume5,3,0.89921383,-10.0786,-0.381204,34.2035,34,38.2353,false
2.85,LowVolume5,4,0.78033652,-21.9663,-1.152144,33.2119,39,48.7179,false
2.85,LowVolume5,5,1.09630186,9.6302,1.035463,12.6955,38,39.4737,true
2.85,LowVolume5,6,0.81295388,-18.7046,-2.440394,19.3274,39,35.8974,false
2.85,OldGuard4,0,1.21055085,21.0551,1.318166,10.8984,31,51.6129,true
2.85,OldGuard4,1,1.28178649,28.1786,2.067153,8.1596,45,48.8889,true
2.85,OldGuard4,2,1.37708354,37.7084,2.120819,11.9265,39,48.7179,true
2.85,OldGuard4,3,1.08773180,8.7732,0.585916,20.7389,32,40.6250,true
2.85,OldGuard4,4,0.73038368,-26.9616,-1.465782,41.8367,43,41.8605,false
2.85,OldGuard4,5,0.96025894,-3.9741,-0.547274,12.2325,34,35.2941,false
2.85,OldGuard4,6,0.88409686,-11.5903,-1.495245,14.3339,44,40.9091,false
2.90,Base5,0,1.54616096,54.6161,1.737523,16.5475,38,63.1579,true
2.90,Base5,1,1.70472715,70.4727,3.312918,7.2622,53,47.1698,true
2.90,Base5,2,1.96112006,96.1120,3.673472,7.0790,50,62.0000,true
2.90,Base5,3,1.05443209,5.4432,0.477536,15.2964,31,45.1613,true
2.90,Base5,4,0.96399719,-3.6003,0.017507,31.8249,46,45.6522,false
2.90,Base5,5,1.18447425,18.4474,1.570413,7.8067,42,42.8571,true
2.90,NoDOGE,0,1.27090419,27.0904,1.504030,16.5918,32,59.3750,true
2.90,NoDOGE,1,1.75952550,75.9525,3.528304,7.2622,49,48.9796,true
2.90,NoDOGE,2,1.81522950,81.5229,3.459987,7.2675,43,60.4651,true
2.90,NoDOGE,3,1.02369846,2.3698,0.271911,16.5394,27,48.1481,true
2.90,NoDOGE,4,0.88839293,-11.1607,-0.391061,33.8811,42,42.8571,false
2.90,NoDOGE,5,1.11298301,11.2983,1.163338,6.8348,33,42.4242,true
2.90,Legacy4,0,1.61373334,61.3733,2.780652,5.2595,31,64.5161,true
2.90,Legacy4,1,1.39591404,39.5914,2.357291,7.6450,48,50.0000,true
2.90,Legacy4,2,1.59194502,59.1945,2.747035,9.4327,37,48.6486,true
2.90,Legacy4,3,1.02734548,2.7345,0.290597,15.9311,27,48.1481,true
2.90,Legacy4,4,0.83519168,-16.4808,-0.679585,33.6021,43,48.8372,false
2.90,Legacy4,5,0.95325367,-4.6746,-0.604335,10.1645,31,35.4839,false
2.90,Legacy4,6,0.98804568,-1.1954,-0.091927,10.9626,43,46.5116,false
2.90,Legacy5BNB,0,1.57866913,57.8669,2.655715,9.6461,34,64.7059,true
2.90,Legacy5BNB,1,1.41778783,41.7788,2.440438,7.6656,53,52.8302,true
2.90,Legacy5BNB,2,2.50695480,150.6955,4.400216,8.3049,45,60.0000,true
2.90,Legacy5BNB,3,1.03254322,3.2543,0.313829,16.2629,31,51.6129,true
2.90,Legacy5BNB,4,0.93764421,-6.2356,-0.138650,26.2855,47,51.0638,false
2.90,Legacy5BNB,5,0.91340512,-8.6595,-1.131934,12.4554,35,31.4286,false
2.90,Legacy5BNB,6,0.97589972,-2.4100,-0.233007,9.8890,53,45.2830,false
2.90,OldGuardNoBNB,0,1.53236494,53.2365,2.429768,5.2595,33,63.6364,true
2.90,OldGuardNoBNB,1,1.27398630,27.3986,1.757095,8.3956,51,47.0588,true
2.90,OldGuardNoBNB,2,1.63156936,63.1569,2.895120,10.2467,43,48.8372,true
2.90,OldGuardNoBNB,3,1.15796658,15.7967,0.907820,20.6367,36,47.2222,true
2.90,OldGuardNoBNB,4,0.79775105,-20.2249,-0.795926,39.0523,49,46.9388,false
2.90,OldGuardNoBNB,5,0.94584027,-5.4160,-0.666516,11.1892,38,39.4737,false
2.90,OldGuardNoBNB,6,0.91644756,-8.3552,-0.924565,15.5152,47,40.4255,false
2.90,LargeCaps5,0,1.36844974,36.8450,1.927833,17.4081,37,59.4595,true
2.90,LargeCaps5,1,1.64002090,64.0021,3.013054,7.2622,57,47.3684,true
2.90,LargeCaps5,2,2.66186112,166.1861,4.834724,5.0000,51,62.7451,true
2.90,LargeCaps5,3,1.04548185,4.5482,0.418113,14.2832,30,53.3333,true
2.90,LargeCaps5,4,0.94810604,-5.1894,-0.085349,31.1867,45,44.4444,false
2.90,LargeCaps5,5,1.09306356,9.3064,0.976220,6.8348,37,40.5405,true
2.90,Legacy3,0,1.30731319,30.7313,1.859647,5.3342,27,55.5556,true
2.90,Legacy3,1,1.30309870,30.3099,2.219457,6.4055,41,51.2195,true
2.90,Legacy3,2,1.34778466,34.7785,2.065897,8.5561,30,50.0000,true
2.90,Legacy3,3,1.01057899,1.0579,0.179724,14.2438,22,40.9091,true
2.90,Legacy3,4,0.75663618,-24.3364,-1.485436,36.5352,37,43.2432,false
2.90,Legacy3,5,0.96261406,-3.7386,-0.540704,11.1804,27,29.6296,false
2.90,Legacy3,6,0.96547604,-3.4524,-0.473467,10.7298,37,48.6486,false
2.90,LowVolume5,0,1.43002420,43.0024,2.080616,8.2924,36,55.5556,true
2.90,LowVolume5,1,1.53470837,53.4708,2.833320,10.9088,43,48.8372,true
2.90,LowVolume5,2,1.40258397,40.2584,2.132893,9.5362,39,51.2821,true
2.90,LowVolume5,3,0.89473966,-10.5260,-0.404628,34.5309,34,38.2353,false
2.90,LowVolume5,4,0.77376707,-22.6233,-1.197153,33.1520,39,48.7179,false
2.90,LowVolume5,5,1.08588150,8.5881,0.931986,13.5253,38,39.4737,true
2.90,LowVolume5,6,0.81303430,-18.6966,-2.397676,19.3194,39,35.8974,false
2.90,OldGuard4,0,1.21152747,21.1527,1.287487,9.0855,30,53.3333,true
2.90,OldGuard4,1,1.20163953,20.1640,1.552082,7.9253,44,47.7273,true
2.90,OldGuard4,2,1.39145959,39.1460,2.185508,11.1956,39,48.7179,true
2.90,OldGuard4,3,1.08599970,8.6000,0.576471,21.2682,32,40.6250,true
2.90,OldGuard4,4,0.72271710,-27.7283,-1.514950,42.4472,43,41.8605,false
2.90,OldGuard4,5,0.95113166,-4.8868,-0.681520,13.0668,34,35.2941,false
2.90,OldGuard4,6,0.88418432,-11.5816,-1.432586,15.5644,44,40.9091,false
2.95,Base5,0,1.51722617,51.7226,1.673071,16.7949,38,60.5263,true
2.95,Base5,1,1.94777121,94.7771,4.077539,7.0142,51,47.0588,true
2.95,Base5,2,1.91708535,91.7085,3.564592,7.0790,49,59.1837,true
2.95,Base5,3,1.07154487,7.1545,0.571572,15.2964,31,45.1613,true
2.95,Base5,4,0.99663720,-0.3363,0.153085,31.7940,45,48.8889,false
2.95,Base5,5,1.17068749,17.0687,1.450085,8.9930,43,41.8605,true
2.95,NoDOGE,0,1.27421846,27.4218,1.517527,16.8391,31,61.2903,true
2.95,NoDOGE,1,1.75632049,75.6320,3.543695,7.1421,48,47.9167,true
2.95,NoDOGE,2,1.79778195,79.7782,3.430318,7.2675,42,59.5238,true
2.95,NoDOGE,3,1.04031245,4.0312,0.378378,16.5394,27,48.1481,true
2.95,NoDOGE,4,0.88316859,-11.6831,-0.448907,34.4376,41,43.9024,false
2.95,NoDOGE,5,1.10002838,10.0028,1.027530,7.2050,34,41.1765,true
2.95,Legacy4,0,1.61373334,61.3733,2.780652,5.2595,31,64.5161,true
2.95,Legacy4,1,1.46105964,46.1060,2.732122,6.8835,46,50.0000,true
2.95,Legacy4,2,1.59209095,59.2091,2.747452,9.4244,37,48.6486,true
2.95,Legacy4,3,1.03773966,3.7740,0.356214,15.5164,27,48.1481,true
2.95,Legacy4,4,0.82816214,-17.1838,-0.763018,33.6021,42,50.0000,false
2.95,Legacy4,5,0.95023694,-4.9763,-0.623928,10.5643,31,35.4839,false
2.95,Legacy4,6,0.99438667,-0.5613,-0.011243,10.3746,42,47.6190,false
2.95,Legacy5BNB,0,1.57866913,57.8669,2.655715,9.6461,34,64.7059,true
2.95,Legacy5BNB,1,1.40325331,40.3253,2.379298,7.6656,52,50.0000,true
2.95,Legacy5BNB,2,2.45281042,145.2810,4.266335,9.9767,45,57.7778,true
2.95,Legacy5BNB,3,1.04298998,4.2990,0.370211,15.5164,31,51.6129,true
2.95,Legacy5BNB,4,0.92975236,-7.0248,-0.197751,26.2855,46,52.1739,false
2.95,Legacy5BNB,5,0.92613149,-7.3869,-0.920690,11.3120,35,34.2857,false
2.95,Legacy5BNB,6,1.00458072,0.4581,0.116268,11.1364,51,47.0588,true
2.95,OldGuardNoBNB,0,1.53236494,53.2365,2.429768,5.2595,33,63.6364,true
2.95,OldGuardNoBNB,1,1.33344168,33.3442,2.119063,8.3956,49,46.9388,true
2.95,OldGuardNoBNB,2,1.63171893,63.1719,2.895649,10.2385,43,48.8372,true
2.95,OldGuardNoBNB,3,1.16968232,16.9682,0.956679,20.6367,36,47.2222,true
2.95,OldGuardNoBNB,4,0.79103663,-20.8963,-0.874262,39.1767,48,47.9167,false
2.95,OldGuardNoBNB,5,0.94284700,-5.7153,-0.684299,11.5845,38,39.4737,false
2.95,OldGuardNoBNB,6,0.94258876,-5.7411,-0.576532,14.4112,46,43.4783,false
2.95,LargeCaps5,0,1.37201839,37.2018,1.940850,17.6530,36,61.1111,true
2.95,LargeCaps5,1,1.69855100,69.8551,3.298154,6.4622,56,46.4286,true
2.95,LargeCaps5,2,2.63627595,163.6276,4.822236,5.0000,50,62.0000,true
2.95,LargeCaps5,3,1.06244938,6.2449,0.515117,14.2832,30,53.3333,true
2.95,LargeCaps5,4,0.94253055,-5.7469,-0.129476,31.7659,44,45.4545,false
2.95,LargeCaps5,5,1.08034078,8.0341,0.844455,7.8007,38,39.4737,true
2.95,Legacy3,0,1.30731319,30.7313,1.859647,5.3342,27,55.5556,true
2.95,Legacy3,1,1.30072508,30.0725,2.205336,6.4055,40,50.0000,true
2.95,Legacy3,2,1.34790820,34.7908,2.066487,8.5477,30,50.0000,true
2.95,Legacy3,3,1.02080353,2.0804,0.249305,13.8208,22,40.9091,true
2.95,Legacy3,4,0.75026781,-24.9732,-1.658591,35.1711,36,44.4444,false
2.95,Legacy3,5,0.96783538,-3.2165,-0.453319,10.7503,27,29.6296,false
2.95,Legacy3,6,0.96973599,-3.0264,-0.402818,10.0481,36,50.0000,false
2.95,LowVolume5,0,1.43801614,43.8016,2.108732,8.2924,35,57.1429,true
2.95,LowVolume5,1,1.53470837,53.4708,2.833320,10.9088,43,48.8372,true
2.95,LowVolume5,2,1.40258397,40.2584,2.132893,9.5362,39,51.2821,true
2.95,LowVolume5,3,0.90379219,-9.6208,-0.351238,33.8685,34,38.2353,false
2.95,LowVolume5,4,0.76725452,-23.2745,-1.319817,33.7146,38,50.0000,false
2.95,LowVolume5,5,1.09177143,9.1771,0.988643,13.0563,38,39.4737,true
2.95,LowVolume5,6,0.82174247,-17.8258,-2.189648,18.4553,38,39.4737,false
2.95,OldGuard4,0,1.21152747,21.1527,1.287487,9.0855,30,53.3333,true
2.95,OldGuard4,1,1.19945072,19.9451,1.537967,7.9253,43,46.5116,true
2.95,OldGuard4,2,1.39158714,39.1587,2.186089,11.1874,39,48.7179,true
2.95,OldGuard4,3,1.09698731,9.6987,0.628157,21.2682,32,40.6250,true
2.95,OldGuard4,4,0.71663421,-28.3366,-1.655911,42.9316,42,42.8571,false
2.95,OldGuard4,5,0.95629070,-4.3709,-0.598136,12.6458,34,35.2941,false
2.95,OldGuard4,6,0.91574925,-8.4251,-0.970504,13.8643,42,45.2381,false
3.00,Base5,0,1.46071597,46.0716,1.508010,20.0613,38,57.8947,true
3.00,Base5,1,1.94777121,94.7771,4.077539,7.0142,51,47.0588,true
3.00,Base5,2,1.89358883,89.3589,3.482138,9.7060,48,60.4167,true
3.00,Base5,3,1.09091730,9.0917,0.672639,18.3620,30,53.3333,true
3.00,Base5,4,0.99663720,-0.3363,0.153085,31.7940,45,48.8889,false
3.00,Base5,5,1.16264609,16.2646,1.387773,9.7341,43,41.8605,true
3.00,NoDOGE,0,1.28365511,28.3655,1.558356,16.8391,31,61.2903,true
3.00,NoDOGE,1,1.75632049,75.6320,3.543695,7.1421,48,47.9167,true
3.00,NoDOGE,2,1.76834271,76.8343,3.343306,9.8848,42,59.5238,true
3.00,NoDOGE,3,1.05158403,5.1584,0.442344,19.5600,26,53.8462,true
3.00,NoDOGE,4,0.88316859,-11.6831,-0.448907,34.4376,41,43.9024,false
3.00,NoDOGE,5,1.10126770,10.1268,1.038566,7.2153,34,41.1765,true
3.00,Legacy4,0,1.62568437,62.5684,2.823292,5.2595,31,64.5161,true
3.00,Legacy4,1,1.46105964,46.1060,2.732122,6.8835,46,50.0000,true
3.00,Legacy4,2,1.54715691,54.7157,2.546129,9.4244,37,48.6486,true
3.00,Legacy4,3,1.13508764,13.5088,0.897580,15.5164,26,53.8462,true
3.00,Legacy4,4,0.82816214,-17.1838,-0.763018,33.6021,42,50.0000,false
3.00,Legacy4,5,0.95130751,-4.8692,-0.608859,10.4636,31,35.4839,false
3.00,Legacy4,6,0.98384482,-1.6155,-0.142474,10.8343,42,47.6190,false
3.00,Legacy5BNB,0,1.59036048,59.0360,2.697863,9.6461,34,64.7059,true
3.00,Legacy5BNB,1,1.40915752,40.9158,2.394593,7.6656,51,50.9804,true
3.00,Legacy5BNB,2,2.38358405,138.3584,4.080040,9.9767,45,57.7778,true
3.00,Legacy5BNB,3,1.14083049,14.0830,0.845360,15.5164,30,56.6667,true
3.00,Legacy5BNB,4,0.92975236,-7.0248,-0.197751,26.2855,46,52.1739,false
3.00,Legacy5BNB,5,0.92717490,-7.2825,-0.906199,11.2121,35,34.2857,false
3.00,Legacy5BNB,6,0.97080501,-2.9195,-0.274428,10.6787,51,47.0588,false
3.00,OldGuardNoBNB,0,1.54371337,54.3713,2.472430,5.2595,33,63.6364,true
3.00,OldGuardNoBNB,1,1.33588716,33.5887,2.131946,8.2276,49,46.9388,true
3.00,OldGuardNoBNB,2,1.58566645,58.5666,2.690715,10.2385,43,48.8372,true
3.00,OldGuardNoBNB,3,1.28765722,28.7657,1.407281,20.1250,35,51.4286,true
3.00,OldGuardNoBNB,4,0.79103663,-20.8963,-0.874262,39.1767,48,47.9167,false
3.00,OldGuardNoBNB,5,0.94688532,-5.3115,-0.626588,11.4849,38,39.4737,false
3.00,OldGuardNoBNB,6,0.93259603,-6.7404,-0.690711,15.1070,46,43.4783,false
3.00,LargeCaps5,0,1.38217932,38.2179,1.981009,17.6530,36,61.1111,true
3.00,LargeCaps5,1,1.69589188,69.5892,3.311818,6.6206,56,46.4286,true
3.00,LargeCaps5,2,2.66841764,166.8418,4.919648,5.0000,50,62.0000,true
3.00,LargeCaps5,3,1.07386467,7.3865,0.572375,17.4937,29,58.6207,true
3.00,LargeCaps5,4,0.94253055,-5.7469,-0.129476,31.7659,44,45.4545,false
3.00,LargeCaps5,5,1.08155792,8.1558,0.855493,7.6969,38,39.4737,true
3.00,Legacy3,0,1.31699492,31.6995,1.909102,5.3342,27,55.5556,true
3.00,Legacy3,1,1.30072508,30.0725,2.205336,6.4055,40,50.0000,true
3.00,Legacy3,2,1.34111705,34.1117,2.012218,8.5477,30,50.0000,true
3.00,Legacy3,3,1.11656277,11.6563,0.818224,13.8208,21,47.6190,true
3.00,Legacy3,4,0.75026781,-24.9732,-1.658591,35.1711,36,44.4444,false
3.00,Legacy3,5,0.96892577,-3.1074,-0.435958,10.6498,27,29.6296,false
3.00,Legacy3,6,0.96168294,-3.8317,-0.524989,10.5722,36,50.0000,false
3.00,LowVolume5,0,1.39475047,39.4750,1.933366,8.2924,34,55.8824,true
3.00,LowVolume5,1,1.53752297,53.7523,2.845079,10.7454,43,48.8372,true
3.00,LowVolume5,2,1.39428493,39.4285,2.090752,8.4273,39,51.2821,true
3.00,LowVolume5,3,1.00729661,0.7297,0.188466,33.2338,32,43.7500,true
3.00,LowVolume5,4,0.76725452,-23.2745,-1.319817,33.7146,38,50.0000,false
3.00,LowVolume5,5,1.09644761,9.6448,1.029848,12.6839,38,39.4737,true
3.00,LowVolume5,6,0.81888079,-18.1119,-2.211964,18.7575,38,39.4737,false
3.00,OldGuard4,0,1.22049983,22.0500,1.334139,9.0855,30,53.3333,true
3.00,OldGuard4,1,1.20165047,20.1650,1.552540,7.8762,43,46.5116,true
3.00,OldGuard4,2,1.38457593,38.4576,2.133816,11.1874,39,48.7179,true
3.00,OldGuard4,3,1.20763015,20.7630,1.100115,19.6411,31,45.1613,true
3.00,OldGuard4,4,0.71663421,-28.3366,-1.655911,42.9316,42,42.8571,false
3.00,OldGuard4,5,0.96038660,-3.9613,-0.531330,12.5474,34,35.2941,false
3.00,OldGuard4,6,0.91023642,-8.9764,-1.033821,14.5286,42,42.8571,false
3.05,Base5,0,1.46071597,46.0716,1.508010,20.0613,38,57.8947,true
3.05,Base5,1,1.92476892,92.4769,3.968679,7.0142,51,47.0588,true
3.05,Base5,2,1.89639180,89.6392,3.486964,9.7060,48,60.4167,true
3.05,Base5,3,1.07519757,7.5198,0.577863,18.4355,30,56.6667,true
3.05,Base5,4,1.05610429,5.6104,0.402845,27.8543,43,53.4884,true
3.05,Base5,5,1.15745304,15.7453,1.346369,9.7341,43,41.8605,true
3.05,NoDOGE,0,1.28365511,28.3655,1.558356,16.8391,31,61.2903,true
3.05,NoDOGE,1,1.75632049,75.6320,3.543695,7.1421,48,47.9167,true
3.05,NoDOGE,2,1.77096029,77.0960,3.348353,9.8848,42,59.5238,true
3.05,NoDOGE,3,1.03736569,3.7366,0.352677,19.5600,26,53.8462,true
3.05,NoDOGE,4,0.93586527,-6.4135,-0.153434,30.5256,39,48.7179,false
3.05,NoDOGE,5,1.09157890,9.1579,0.950374,7.2153,34,41.1765,true
3.05,Legacy4,0,1.62816593,62.8166,2.823288,5.1149,31,64.5161,true
3.05,Legacy4,1,1.43831765,43.8318,2.611811,6.8835,46,50.0000,true
3.05,Legacy4,2,1.55160426,55.1604,2.558518,9.1640,37,48.6486,true
3.05,Legacy4,3,1.13473595,13.4736,0.895681,15.5164,26,53.8462,true
3.05,Legacy4,4,0.86421392,-13.5786,-0.535121,33.3371,41,53.6585,false
3.05,Legacy4,5,0.94630683,-5.3693,-0.678839,10.3117,31,35.4839,false
3.05,Legacy4,6,0.97959690,-2.0403,-0.189169,11.2193,42,47.6190,false
3.05,Legacy5BNB,0,1.58669634,58.6696,2.684719,9.8543,34,64.7059,true
3.05,Legacy5BNB,1,1.34754306,34.7543,2.061972,7.6656,51,49.0196,true
3.05,Legacy5BNB,2,2.39043574,139.0436,4.089472,9.7179,45,57.7778,true
3.05,Legacy5BNB,3,1.14047702,14.0477,0.843700,15.5164,30,56.6667,true
3.05,Legacy5BNB,4,0.97022660,-2.9773,0.015379,26.2855,45,55.5556,false
3.05,Legacy5BNB,5,0.92069022,-7.9310,-0.995490,11.2168,35,34.2857,false
3.05,Legacy5BNB,6,1.00672161,0.6722,0.139530,10.8653,51,49.0196,true
3.05,OldGuardNoBNB,0,1.54606981,54.6070,2.473756,5.1149,33,63.6364,true
3.05,OldGuardNoBNB,1,1.31509353,31.5094,2.013471,8.2276,49,46.9388,true
3.05,OldGuardNoBNB,2,1.59022450,59.0225,2.702929,9.9804,43,48.8372,true
3.05,OldGuardNoBNB,3,1.28725826,28.7258,1.405733,20.1250,35,51.4286,true
3.05,OldGuardNoBNB,4,0.82547226,-17.4528,-0.663593,38.8090,47,51.0638,false
3.05,OldGuardNoBNB,5,0.94190789,-5.8092,-0.693033,11.3347,38,39.4737,false
3.05,OldGuardNoBNB,6,0.92856939,-7.1431,-0.723311,15.4736,46,43.4783,false
3.05,LargeCaps5,0,1.38217932,38.2179,1.981009,17.6530,36,61.1111,true
3.05,LargeCaps5,1,1.63506643,63.5066,3.085670,7.4954,56,44.6429,true
3.05,LargeCaps5,2,2.66841764,166.8418,4.919648,5.0000,50,62.0000,true
3.05,LargeCaps5,3,1.05934508,5.9345,0.484114,17.4937,29,58.6207,true
3.05,LargeCaps5,4,0.99876922,-0.1231,0.153370,28.6949,42,50.0000,false
3.05,LargeCaps5,5,1.07017011,7.0170,0.750060,8.0304,38,39.4737,true
3.05,Legacy3,0,1.27183036,27.1830,1.655773,7.0566,27,55.5556,true
3.05,Legacy3,1,1.28047876,28.0479,2.067521,6.4055,40,50.0000,true
3.05,Legacy3,2,1.34497214,34.4972,2.026949,8.2848,30,50.0000,true
3.05,Legacy3,3,1.11621682,11.6217,0.816252,13.8208,21,47.6190,true
3.05,Legacy3,4,0.78292868,-21.7071,-1.390590,32.3489,35,48.5714,false
3.05,Legacy3,5,0.96396824,-3.6032,-0.514934,10.4856,27,29.6296,false
3.05,Legacy3,6,0.96740130,-3.2599,-0.424623,10.0405,36,47.2222,false
3.05,LowVolume5,0,1.34396806,34.3968,1.681747,11.7672,34,55.8824,true
3.05,LowVolume5,1,1.51359080,51.3591,2.722058,10.7454,43,48.8372,true
3.05,LowVolume5,2,1.40036267,40.0363,2.113018,8.4273,39,51.2821,true
3.05,LowVolume5,3,0.93573779,-6.4262,-0.159457,35.2182,32,43.7500,false
3.05,LowVolume5,4,0.76506481,-23.4935,-1.334622,33.9038,38,50.0000,false
3.05,LowVolume5,5,1.09083761,9.0838,0.979135,12.5235,38,39.4737,true
3.05,LowVolume5,6,0.81799246,-18.2008,-2.215557,18.8457,38,36.8421,false
3.05,OldGuard4,0,1.22330715,22.3307,1.327684,8.9205,29,55.1724,true
3.05,OldGuard4,1,1.18294629,18.2946,1.420520,7.8762,43,46.5116,true
3.05,OldGuard4,2,1.38855594,38.8556,2.147880,10.9322,39,48.7179,true
3.05,OldGuard4,3,1.20588123,20.5881,1.093446,19.6411,31,45.1613,true
3.05,OldGuard4,4,0.74783094,-25.2169,-1.421854,40.4473,41,46.3415,false
3.05,OldGuard4,5,0.95533821,-4.4662,-0.607616,12.3991,34,35.2941,false
3.05,OldGuard4,6,0.91564886,-8.4351,-0.947703,14.0204,42,40.4762,false
3.10,Base5,0,1.46071597,46.0716,1.508010,20.0613,38,57.8947,true
3.10,Base5,1,1.90138182,90.1382,3.888129,7.0142,51,47.0588,true
3.10,Base5,2,1.91379834,91.3798,3.547825,9.7060,47,61.7021,true
3.10,Base5,3,1.07519757,7.5198,0.577863,18.4355,30,56.6667,true
3.10,Base5,4,1.04775129,4.7751,0.369218,28.4249,43,53.4884,true
3.10,Base5,5,1.14321583,14.3216,1.239461,9.7341,43,41.8605,true
3.10,NoDOGE,0,1.28365511,28.3655,1.558356,16.8391,31,61.2903,true
3.10,NoDOGE,1,1.73498014,73.4980,3.461432,7.1421,48,47.9167,true
3.10,NoDOGE,2,1.78721552,78.7216,3.408375,9.8848,41,60.9756,true
3.10,NoDOGE,3,1.03736569,3.7366,0.352677,19.5600,26,53.8462,true
3.10,NoDOGE,4,0.92846326,-7.1537,-0.190191,31.0751,39,48.7179,false
3.10,NoDOGE,5,1.09157890,9.1579,0.950374,7.2153,34,41.1765,true
3.10,Legacy4,0,1.62816593,62.8166,2.823288,5.1149,31,64.5161,true
3.10,Legacy4,1,1.50011638,50.0116,2.867853,6.8835,46,50.0000,true
3.10,Legacy4,2,1.54351088,54.3511,2.514780,9.6378,37,48.6486,true
3.10,Legacy4,3,1.13473595,13.4736,0.895681,15.5164,26,53.8462,true
3.10,Legacy4,4,0.85737863,-14.2621,-0.571978,33.8644,41,53.6585,false
3.10,Legacy4,5,0.94630683,-5.3693,-0.678839,10.3117,31,35.4839,false
3.10,Legacy4,6,0.99416453,-0.5835,-0.012567,11.3414,41,48.7805,false
3.10,Legacy5BNB,0,1.58669634,58.6696,2.684719,9.8543,34,64.7059,true
3.10,Legacy5BNB,1,1.40544157,40.5442,2.312394,7.6656,51,49.0196,true
3.10,Legacy5BNB,2,2.37796690,137.7967,4.041596,10.1888,45,57.7778,true
3.10,Legacy5BNB,3,1.14047702,14.0477,0.843700,15.5164,30,56.6667,true
3.10,Legacy5BNB,4,0.96255282,-3.7447,-0.021291,26.8686,45,55.5556,false
3.10,Legacy5BNB,5,0.92069022,-7.9310,-0.995490,11.2168,35,34.2857,false
3.10,Legacy5BNB,6,1.00077664,0.0777,0.076601,11.0852,50,50.0000,true
3.10,OldGuardNoBNB,0,1.54606981,54.6070,2.473756,5.1149,33,63.6364,true
3.10,OldGuardNoBNB,1,1.35878911,35.8789,2.225259,8.2276,49,46.9388,true
3.10,OldGuardNoBNB,2,1.59838068,59.8381,2.707187,9.5187,43,48.8372,true
3.10,OldGuardNoBNB,3,1.28725826,28.7258,1.405733,20.1250,35,51.4286,true
3.10,OldGuardNoBNB,4,0.81894338,-18.1057,-0.697380,39.2930,47,51.0638,false
3.10,OldGuardNoBNB,5,0.94190789,-5.8092,-0.693033,11.3347,38,39.4737,false
3.10,OldGuardNoBNB,6,0.94237818,-5.7622,-0.571506,14.7911,45,44.4444,false
3.10,LargeCaps5,0,1.40705902,40.7059,2.088643,17.6530,35,65.7143,true
3.10,LargeCaps5,1,1.61560950,61.5610,3.007155,7.4954,56,44.6429,true
3.10,LargeCaps5,2,2.72554390,172.5544,5.011709,5.0000,48,64.5833,true
3.10,LargeCaps5,3,1.05934508,5.9345,0.484114,17.4937,29,58.6207,true
3.10,LargeCaps5,4,0.99086968,-0.9130,0.116972,29.2589,42,50.0000,false
3.10,LargeCaps5,5,1.07017011,7.0170,0.750060,8.0304,38,39.4737,true
3.10,Legacy3,0,1.27183036,27.1830,1.655773,7.0566,27,55.5556,true
3.10,Legacy3,1,1.33549579,33.5496,2.402200,6.4055,40,50.0000,true
3.10,Legacy3,2,1.35187043,35.1870,2.045859,7.8144,30,50.0000,true
3.10,Legacy3,3,1.11621682,11.6217,0.816252,13.8208,21,47.6190,true
3.10,Legacy3,4,0.78292868,-21.7071,-1.390590,32.3489,35,48.5714,false
3.10,Legacy3,5,0.96396824,-3.6032,-0.514934,10.4856,27,29.6296,false
3.10,Legacy3,6,0.96457951,-3.5420,-0.443696,10.0810,36,47.2222,false
3.10,LowVolume5,0,1.34396806,34.3968,1.681747,11.7672,34,55.8824,true
3.10,LowVolume5,1,1.56388168,56.3882,2.920756,10.7454,43,48.8372,true
3.10,LowVolume5,2,1.43375907,43.3759,2.215235,8.4273,38,52.6316,true
3.10,LowVolume5,3,0.93573779,-6.4262,-0.159457,35.2182,32,43.7500,false
3.10,LowVolume5,4,0.76506481,-23.4935,-1.334622,33.9038,38,50.0000,false
3.10,LowVolume5,5,1.09083761,9.0838,0.979135,12.5235,38,39.4737,true
3.10,LowVolume5,6,0.82490644,-17.5094,-1.949372,19.0824,38,36.8421,false
3.10,OldGuard4,0,1.22330715,22.3307,1.327684,8.9205,29,55.1724,true
3.10,OldGuard4,1,1.22225111,22.2251,1.682068,7.8762,43,46.5116,true
3.10,OldGuard4,2,1.39567776,39.5678,2.155808,10.4753,39,48.7179,true
3.10,OldGuard4,3,1.20588123,20.5881,1.093446,19.6411,31,45.1613,true
3.10,OldGuard4,4,0.74783094,-25.2169,-1.421854,40.4473,41,46.3415,false
3.10,OldGuard4,5,0.95533821,-4.4662,-0.607616,12.3991,34,35.2941,false
3.10,OldGuard4,6,0.91297803,-8.7022,-0.949864,14.2711,42,40.4762,false
3.15,Base5,0,1.46071597,46.0716,1.508010,20.0613,38,57.8947,true
3.15,Base5,1,1.90138182,90.1382,3.888129,7.0142,51,47.0588,true
3.15,Base5,2,1.93817956,93.8180,3.608994,9.7060,47,61.7021,true
3.15,Base5,3,1.07519757,7.5198,0.577863,18.4355,30,56.6667,true
3.15,Base5,4,1.02720806,2.7208,0.286076,29.7018,43,51.1628,true
3.15,Base5,5,1.14269586,14.2696,1.235498,9.7341,43,41.8605,true
3.15,NoDOGE,0,1.28365511,28.3655,1.558356,16.8391,31,61.2903,true
3.15,NoDOGE,1,1.73498014,73.4980,3.461432,7.1421,48,47.9167,true
3.15,NoDOGE,2,1.80998411,80.9984,3.473650,9.8848,41,60.9756,true
3.15,NoDOGE,3,1.03736569,3.7366,0.352677,19.5600,26,53.8462,true
3.15,NoDOGE,4,0.92846326,-7.1537,-0.190191,31.0751,39,48.7179,false
3.15,NoDOGE,5,1.09108241,9.1082,0.945782,7.2153,34,41.1765,true
3.15,Legacy4,0,1.62816593,62.8166,2.823288,5.1149,31,64.5161,true
3.15,Legacy4,1,1.50011638,50.0116,2.867853,6.8835,46,50.0000,true
3.15,Legacy4,2,1.61342954,61.3430,2.772271,9.6378,37,51.3514,true
3.15,Legacy4,3,1.13473595,13.4736,0.895681,15.5164,26,53.8462,true
3.15,Legacy4,4,0.85737863,-14.2621,-0.571978,33.8644,41,53.6585,false
3.15,Legacy4,5,0.94274585,-5.7254,-0.727888,10.6492,31,35.4839,false
3.15,Legacy4,6,0.99143722,-0.8563,-0.043538,10.7574,41,48.7805,false
3.15,Legacy5BNB,0,1.58669634,58.6696,2.684719,9.8543,34,64.7059,true
3.15,Legacy5BNB,1,1.40544157,40.5442,2.312394,7.6656,51,49.0196,true
3.15,Legacy5BNB,2,2.37796690,137.7967,4.041596,10.1888,45,57.7778,true
3.15,Legacy5BNB,3,1.14047702,14.0477,0.843700,15.5164,30,56.6667,true
3.15,Legacy5BNB,4,0.96255282,-3.7447,-0.021291,26.8686,45,55.5556,false
3.15,Legacy5BNB,5,0.91722563,-8.2774,-1.042225,11.5509,35,34.2857,false
3.15,Legacy5BNB,6,0.95829320,-4.1707,-0.390568,10.4859,49,48.9796,false
3.15,OldGuardNoBNB,0,1.54606981,54.6070,2.473756,5.1149,33,63.6364,true
3.15,OldGuardNoBNB,1,1.35878911,35.8789,2.225259,8.2276,49,46.9388,true
3.15,OldGuardNoBNB,2,1.59273751,59.2738,2.687282,9.7455,43,48.8372,true
3.15,OldGuardNoBNB,3,1.28725826,28.7258,1.405733,20.1250,35,51.4286,true
3.15,OldGuardNoBNB,4,0.81894338,-18.1057,-0.697380,39.2930,47,51.0638,false
3.15,OldGuardNoBNB,5,0.93836346,-6.1637,-0.740445,11.6684,38,39.4737,false
3.15,OldGuardNoBNB,6,0.92649300,-7.3507,-0.749506,14.6929,45,44.4444,false
3.15,LargeCaps5,0,1.40705902,40.7059,2.088643,17.6530,35,65.7143,true
3.15,LargeCaps5,1,1.61560950,61.5610,3.007155,7.4954,56,44.6429,true
3.15,LargeCaps5,2,2.76026652,176.0267,5.068026,5.0000,48,64.5833,true
3.15,LargeCaps5,3,1.05934508,5.9345,0.484114,17.4937,29,58.6207,true
3.15,LargeCaps5,4,0.99086968,-0.9130,0.116972,29.2589,42,50.0000,false
3.15,LargeCaps5,5,1.06968336,6.9683,0.745497,8.0382,38,39.4737,true
3.15,Legacy3,0,1.27183036,27.1830,1.655773,7.0566,27,55.5556,true
3.15,Legacy3,1,1.33549579,33.5496,2.402200,6.4055,40,50.0000,true
3.15,Legacy3,2,1.41310807,41.3108,2.321925,7.8144,30,53.3333,true
3.15,Legacy3,3,1.11621682,11.6217,0.816252,13.8208,21,47.6190,true
3.15,Legacy3,4,0.78292868,-21.7071,-1.390590,32.3489,35,48.5714,false
3.15,Legacy3,5,0.96019781,-3.9802,-0.575130,10.8358,27,29.6296,false
3.15,Legacy3,6,0.96193336,-3.8067,-0.470513,9.6532,36,47.2222,false
3.15,LowVolume5,0,1.34396806,34.3968,1.681747,11.7672,34,55.8824,true
3.15,LowVolume5,1,1.56388168,56.3882,2.920756,10.7454,43,48.8372,true
3.15,LowVolume5,2,1.45921623,45.9216,2.331327,8.7506,39,53.8462,true
3.15,LowVolume5,3,0.93573779,-6.4262,-0.159457,35.2182,32,43.7500,false
3.15,LowVolume5,4,0.76506481,-23.4935,-1.334622,33.9038,38,50.0000,false
3.15,LowVolume5,5,1.08607674,8.6077,0.932961,12.9053,38,39.4737,true
3.15,LowVolume5,6,0.82490847,-17.5092,-1.959343,18.1960,37,37.8378,false
3.15,OldGuard4,0,1.22330715,22.3307,1.327684,8.9205,29,55.1724,true
3.15,OldGuard4,1,1.22225111,22.2251,1.682068,7.8762,43,46.5116,true
3.15,OldGuard4,2,1.45374909,45.3749,2.369241,10.6996,39,51.2821,true
3.15,OldGuard4,3,1.20588123,20.5881,1.093446,19.6411,31,45.1613,true
3.15,OldGuard4,4,0.74783094,-25.2169,-1.421854,40.4473,41,46.3415,false
3.15,OldGuard4,5,0.95174324,-4.8257,-0.662050,12.7287,34,35.2941,false
3.15,OldGuard4,6,0.90541925,-9.4581,-1.033869,14.3284,42,40.4762,false
3.20,Base5,0,1.45567351,45.5674,1.495592,20.0613,38,57.8947,true
3.20,Base5,1,1.84226204,84.2262,3.682652,7.0142,51,45.0980,true
3.20,Base5,2,2.01891869,101.8919,3.819480,6.4556,46,63.0435,true
3.20,Base5,3,1.06125789,6.1258,0.494369,18.9196,30,56.6667,true
3.20,Base5,4,1.02976969,2.9770,0.296536,29.5265,43,51.1628,true
3.20,Base5,5,1.13129964,13.1300,1.143731,9.7341,43,39.5349,true
3.20,NoDOGE,0,1.27922387,27.9224,1.536867,16.8391,31,61.2903,true
3.20,NoDOGE,1,1.68103429,68.1034,3.248884,7.1421,48,45.8333,true
3.20,NoDOGE,2,1.81987208,81.9872,3.522950,9.8848,40,62.5000,true
3.20,NoDOGE,3,1.02391650,2.3916,0.267510,20.0374,26,53.8462,true
3.20,NoDOGE,4,0.92846326,-7.1537,-0.190191,31.0751,39,48.7179,false
3.20,NoDOGE,5,1.08987319,8.9873,0.933972,7.2937,34,41.1765,true
3.20,Legacy4,0,1.63078905,63.0789,2.823046,5.1149,31,67.7419,true
3.20,Legacy4,1,1.50011638,50.0116,2.867853,6.8835,46,50.0000,true
3.20,Legacy4,2,1.60861978,60.8620,2.758550,9.9072,36,52.7778,true
3.20,Legacy4,3,1.12800155,12.8002,0.858788,16.0178,26,53.8462,true
3.20,Legacy4,4,0.85737863,-14.2621,-0.571978,33.8644,41,53.6585,false
3.20,Legacy4,5,0.93563114,-6.4369,-0.829274,11.3235,31,35.4839,false
3.20,Legacy4,6,0.97812630,-2.1874,-0.200416,11.6340,40,47.5000,false
3.20,Legacy5BNB,0,1.57620389,57.6204,2.638121,9.8543,34,67.6471,true
3.20,Legacy5BNB,1,1.40544157,40.5442,2.312394,7.6656,51,49.0196,true
3.20,Legacy5BNB,2,2.52348851,152.3489,4.197954,10.4566,44,56.8182,true
3.20,Legacy5BNB,3,1.13370854,13.3709,0.811548,16.0178,30,56.6667,true
3.20,Legacy5BNB,4,0.96255282,-3.7447,-0.021291,26.8686,45,55.5556,false
3.20,Legacy5BNB,5,0.91221889,-8.7781,-1.112541,12.2184,35,34.2857,false
3.20,Legacy5BNB,6,0.94073606,-5.9264,-0.576325,11.3651,49,48.9796,false
3.20,OldGuardNoBNB,0,1.54856066,54.8561,2.475066,5.1149,33,66.6667,true
3.20,OldGuardNoBNB,1,1.35239987,35.2400,2.191514,8.6591,49,46.9388,true
3.20,OldGuardNoBNB,2,1.58798943,58.7989,2.679400,10.0145,42,50.0000,true
3.20,OldGuardNoBNB,3,1.27961867,27.9619,1.375528,20.5990,35,51.4286,true
3.20,OldGuardNoBNB,4,0.81894338,-18.1057,-0.697380,39.2930,47,51.0638,false
3.20,OldGuardNoBNB,5,0.93427678,-6.5723,-0.796818,12.2378,38,39.4737,false
3.20,OldGuardNoBNB,6,0.91405401,-8.5946,-0.882072,16.1166,44,43.1818,false
3.20,LargeCaps5,0,1.40179474,40.1795,2.063768,17.6530,35,65.7143,true
3.20,LargeCaps5,1,1.56537526,56.5375,2.809827,8.6661,56,42.8571,true
3.20,LargeCaps5,2,2.95399150,195.3992,5.251882,5.0000,47,63.8298,true
3.20,LargeCaps5,3,1.05305811,5.3058,0.445982,17.9833,29,58.6207,true
3.20,LargeCaps5,4,0.99086968,-0.9130,0.116972,29.2589,42,50.0000,false
3.20,LargeCaps5,5,1.06849787,6.8498,0.733918,8.1401,38,39.4737,true
3.20,Legacy3,0,1.27387939,27.3879,1.659133,7.0566,27,59.2593,true
3.20,Legacy3,1,1.33549579,33.5496,2.402200,6.4055,40,50.0000,true
3.20,Legacy3,2,1.40889548,40.8895,2.306040,8.0892,29,55.1724,true
3.20,Legacy3,3,1.11621682,11.6217,0.816252,13.8208,21,47.6190,true
3.20,Legacy3,4,0.78292868,-21.7071,-1.390590,32.3489,35,48.5714,false
3.20,Legacy3,5,0.95400868,-4.5991,-0.672688,11.4105,27,29.6296,false
3.20,Legacy3,6,0.94901856,-5.0981,-0.636225,11.3085,35,45.7143,false
3.20,LowVolume5,0,1.33082574,33.0826,1.625621,11.7672,34,58.8235,true
3.20,LowVolume5,1,1.51830348,51.8303,2.720222,11.6510,43,46.5116,true
3.20,LowVolume5,2,1.45486620,45.4866,2.332957,8.7506,38,55.2632,true
3.20,LowVolume5,3,0.92912029,-7.0880,-0.192723,35.6763,32,43.7500,false
3.20,LowVolume5,4,0.76506481,-23.4935,-1.334622,33.9038,38,50.0000,false
3.20,LowVolume5,5,1.07907624,7.9076,0.864361,13.4667,38,39.4737,true
3.20,LowVolume5,6,0.81383335,-18.6167,-2.076457,19.6948,36,36.1111,false
3.20,OldGuard4,0,1.22527801,22.5278,1.332771,8.9205,29,58.6207,true
3.20,OldGuard4,1,1.21650390,21.6504,1.643740,8.1902,43,46.5116,true
3.20,OldGuard4,2,1.44941535,44.9415,2.360319,10.9659,38,52.6316,true
3.20,OldGuard4,3,1.20588123,20.5881,1.093446,19.6411,31,45.1613,true
3.20,OldGuard4,4,0.74783094,-25.2169,-1.421854,40.4473,41,46.3415,false
3.20,OldGuard4,5,0.94560861,-5.4391,-0.753654,13.2912,34,35.2941,false
3.20,OldGuard4,6,0.89326320,-10.6737,-1.167829,15.8980,41,39.0244,false
3.25,Base5,0,1.51057570,51.0576,1.633071,20.0613,37,62.1622,true
3.25,Base5,1,1.83897042,83.8970,3.629414,7.0142,51,45.0980,true
3.25,Base5,2,1.99794340,99.7943,3.755621,6.4556,46,63.0435,true
3.25,Base5,3,1.06125789,6.1258,0.494369,18.9196,30,56.6667,true
3.25,Base5,4,1.05357959,5.3580,0.392281,28.3650,43,51.1628,true
3.25,Base5,5,1.13129964,13.1300,1.143731,9.7341,43,39.5349,true
3.25,NoDOGE,0,1.32747109,32.7471,1.756512,15.1882,30,66.6667,true
3.25,NoDOGE,1,1.67803075,67.8031,3.198084,7.1421,48,45.8333,true
3.25,NoDOGE,2,1.80096475,80.0965,3.454225,9.8848,40,62.5000,true
3.25,NoDOGE,3,1.02391650,2.3916,0.267510,20.0374,26,53.8462,true
3.25,NoDOGE,4,0.92924019,-7.0760,-0.185829,31.0174,39,48.7179,false
3.25,NoDOGE,5,1.08987319,8.9873,0.933972,7.2937,34,41.1765,true
3.25,Legacy4,0,1.65207083,65.2071,2.932097,5.1144,31,67.7419,true
3.25,Legacy4,1,1.50011638,50.0116,2.867853,6.8835,46,50.0000,true
3.25,Legacy4,2,1.57014679,57.0147,2.605607,9.9072,36,52.7778,true
3.25,Legacy4,3,1.13133108,13.1331,0.876532,16.0178,26,53.8462,true
3.25,Legacy4,4,0.87276836,-12.7232,-0.492493,33.4366,40,52.5000,false
3.25,Legacy4,5,0.93747112,-6.2529,-0.802485,11.1491,31,35.4839,false
3.25,Legacy4,6,0.98480448,-1.5196,-0.117207,11.6340,40,47.5000,false
3.25,Legacy5BNB,0,1.57620389,57.6204,2.638121,9.8543,34,67.6471,true
3.25,Legacy5BNB,1,1.40544157,40.5442,2.312394,7.6656,51,49.0196,true
3.25,Legacy5BNB,2,2.59125675,159.1257,4.365309,10.4566,43,58.1395,true
3.25,Legacy5BNB,3,1.13705492,13.7055,0.827121,16.0178,30,56.6667,true
3.25,Legacy5BNB,4,0.97983040,-2.0170,0.059412,28.1702,44,54.5455,false
3.25,Legacy5BNB,5,0.91401283,-8.5987,-1.086664,12.0458,35,34.2857,false
3.25,Legacy5BNB,6,0.94073606,-5.9264,-0.576325,11.3651,49,48.9796,false
3.25,OldGuardNoBNB,0,1.54856066,54.8561,2.475066,5.1149,33,66.6667,true
3.25,OldGuardNoBNB,1,1.35239987,35.2400,2.191514,8.6591,49,46.9388,true
3.25,OldGuardNoBNB,2,1.54970129,54.9701,2.526178,10.0145,42,50.0000,true
3.25,OldGuardNoBNB,3,1.28339573,28.3396,1.389892,20.5990,35,51.4286,true
3.25,OldGuardNoBNB,4,0.83364321,-16.6357,-0.627182,38.2033,46,50.0000,false
3.25,OldGuardNoBNB,5,0.93611409,-6.3886,-0.771364,12.0652,38,39.4737,false
3.25,OldGuardNoBNB,6,0.92029474,-7.9705,-0.801452,15.5439,44,43.1818,false
3.25,LargeCaps5,0,1.45466484,45.4665,2.286940,15.5533,34,70.5882,true
3.25,LargeCaps5,1,1.56257836,56.2578,2.765200,8.6661,56,42.8571,true
3.25,LargeCaps5,2,2.92330140,192.3301,5.190118,5.0000,47,63.8298,true
3.25,LargeCaps5,3,1.05305811,5.3058,0.445982,17.9833,29,58.6207,true
3.25,LargeCaps5,4,0.99169883,-0.8301,0.120997,29.1997,42,50.0000,false
3.25,LargeCaps5,5,1.06849787,6.8498,0.733918,8.1401,38,39.4737,true
3.25,Legacy3,0,1.31299404,31.2994,1.833161,6.5377,27,59.2593,true
3.25,Legacy3,1,1.40766745,40.7667,2.767245,6.4055,39,48.7179,true
3.25,Legacy3,2,1.37519925,37.5199,2.123210,8.0892,29,55.1724,true
3.25,Legacy3,3,1.11951157,11.9512,0.834967,13.8208,21,47.6190,true
3.25,Legacy3,4,0.79698205,-20.3018,-1.297453,31.1346,34,47.0588,false
3.25,Legacy3,5,0.95595905,-4.4041,-0.640445,11.2294,27,29.6296,false
3.25,Legacy3,6,0.94901856,-5.0981,-0.636225,11.3085,35,45.7143,false
3.25,LowVolume5,0,1.42342356,42.3424,1.978166,11.7672,33,63.6364,true
3.25,LowVolume5,1,1.62305893,62.3059,3.036844,11.6510,41,46.3415,true
3.25,LowVolume5,2,1.42007049,42.0070,2.165974,9.3688,38,55.2632,true
3.25,LowVolume5,3,0.93186278,-6.8137,-0.178801,35.4865,32,43.7500,false
3.25,LowVolume5,4,0.77814639,-22.1854,-1.234378,34.9288,37,48.6486,false
3.25,LowVolume5,5,1.08128229,8.1282,0.885305,13.2898,38,39.4737,true
3.25,LowVolume5,6,0.81383335,-18.6167,-2.076457,19.6948,36,36.1111,false
3.25,OldGuard4,0,1.22527801,22.5278,1.332771,8.9205,29,58.6207,true
3.25,OldGuard4,1,1.28224511,28.2245,2.020377,8.1902,42,45.2381,true
3.25,OldGuard4,2,1.41475001,41.4750,2.188421,10.9659,38,52.6316,true
3.25,OldGuard4,3,1.20944063,20.9441,1.108384,19.6411,31,45.1613,true
3.25,OldGuard4,4,0.76125431,-23.8746,-1.345616,39.3783,40,45.0000,false
3.25,OldGuard4,5,0.94746821,-5.2532,-0.724483,13.1207,34,35.2941,false
3.25,OldGuard4,6,0.89326320,-10.6737,-1.167829,15.8980,41,39.0244,false
3.30,Base5,0,1.45876902,45.8769,1.555373,20.0613,37,59.4595,true
3.30,Base5,1,1.82760559,82.7606,3.568278,6.8652,51,47.0588,true
3.30,Base5,2,1.99794340,99.7943,3.755621,6.4556,46,63.0435,true
3.30,Base5,3,1.04863559,4.8636,0.418376,18.9196,30,56.6667,true
3.30,Base5,4,1.06164804,6.1648,0.422511,30.2641,43,51.1628,true
3.30,Base5,5,1.13375707,13.3757,1.193122,9.7341,43,41.8605,true
3.30,NoDOGE,0,1.32747109,32.7471,1.756512,15.1882,30,66.6667,true
3.30,NoDOGE,1,1.65943295,65.9433,3.108598,6.8652,48,47.9167,true
3.30,NoDOGE,2,1.80096475,80.0965,3.454225,9.8848,40,62.5000,true
3.30,NoDOGE,3,1.01173832,1.1738,0.189525,20.0374,26,53.8462,true
3.30,NoDOGE,4,1.00268637,0.2686,0.171303,29.8384,40,50.0000,true
3.30,NoDOGE,5,1.09224064,9.2241,0.990464,7.2937,34,44.1176,true
3.30,Legacy4,0,1.65207083,65.2071,2.932097,5.1144,31,67.7419,true
3.30,Legacy4,1,1.51173281,51.1733,2.915129,6.8882,46,52.1739,true
3.30,Legacy4,2,1.55699697,55.6997,2.554928,10.6617,36,52.7778,true
3.30,Legacy4,3,1.15127774,15.1278,0.985560,16.0178,25,56.0000,true
3.30,Legacy4,4,0.84204385,-15.7956,-0.644184,34.9652,40,50.0000,false
3.30,Legacy4,5,0.94525078,-5.4749,-0.684276,11.1491,31,38.7097,false
3.30,Legacy4,6,0.98480448,-1.5196,-0.117207,11.6340,40,47.5000,false
3.30,Legacy5BNB,0,1.57620389,57.6204,2.638121,9.8543,34,67.6471,true
3.30,Legacy5BNB,1,1.41632487,41.6325,2.358423,7.6689,51,50.9804,true
3.30,Legacy5BNB,2,2.56955524,156.9555,4.322071,11.2065,43,58.1395,true
3.30,Legacy5BNB,3,1.15710250,15.7103,0.921673,16.0178,29,58.6207,true
3.30,Legacy5BNB,4,0.94560501,-5.4395,-0.100002,32.2153,44,52.2727,false
3.30,Legacy5BNB,5,0.92271050,-7.7290,-0.950363,12.0458,35,37.1429,false
3.30,Legacy5BNB,6,0.97520575,-2.4794,-0.213020,11.3651,47,53.1915,false
3.30,OldGuardNoBNB,0,1.54856066,54.8561,2.475066,5.1149,33,66.6667,true
3.30,OldGuardNoBNB,1,1.36287244,36.2872,2.240559,8.6637,49,48.9796,true
3.30,OldGuardNoBNB,2,1.53672270,53.6723,2.475862,10.8318,42,50.0000,true
3.30,OldGuardNoBNB,3,1.30271409,30.2714,1.480063,20.5990,34,52.9412,true
3.30,OldGuardNoBNB,4,0.80429605,-19.5704,-0.765370,39.6224,46,47.8261,false
3.30,OldGuardNoBNB,5,0.94502207,-5.4978,-0.642944,12.0652,38,42.1053,false
3.30,OldGuardNoBNB,6,0.92029474,-7.9705,-0.801452,15.5439,44,43.1818,false
3.30,LargeCaps5,0,1.45466484,45.4665,2.286940,15.5533,34,70.5882,true
3.30,LargeCaps5,1,1.54116451,54.1165,2.669134,8.9328,56,44.6429,true
3.30,LargeCaps5,2,2.92330140,192.3301,5.190118,5.0000,47,63.8298,true
3.30,LargeCaps5,3,1.02643553,2.6436,0.282497,17.9833,29,58.6207,true
3.30,LargeCaps5,4,1.00414000,0.4140,0.177780,29.7997,42,50.0000,true
3.30,LargeCaps5,5,1.07712210,7.7122,0.846141,8.1401,37,43.2432,true
3.30,Legacy3,0,1.31299404,31.2994,1.833161,6.5377,27,59.2593,true
3.30,Legacy3,1,1.41856799,41.8568,2.820568,6.4102,39,51.2821,true
3.30,Legacy3,2,1.36368210,36.3682,2.065587,9.0086,29,55.1724,true
3.30,Legacy3,3,1.13924984,13.9250,0.948266,13.8208,20,50.0000,true
3.30,Legacy3,4,0.80724247,-19.2758,-1.228997,31.4724,34,44.1176,false
3.30,Legacy3,5,0.95595905,-4.4041,-0.640445,11.2294,27,29.6296,false
3.30,Legacy3,6,0.94901856,-5.0981,-0.636225,11.3085,35,45.7143,false
3.30,LowVolume5,0,1.42342356,42.3424,1.978166,11.7672,33,63.6364,true
3.30,LowVolume5,1,1.62289863,62.2899,3.036245,11.6510,41,46.3415,true
3.30,LowVolume5,2,1.40817755,40.8178,2.112942,9.3688,38,55.2632,true
3.30,LowVolume5,3,0.93463953,-6.5360,-0.171438,35.1299,31,45.1613,false
3.30,LowVolume5,4,0.83404296,-16.5957,-0.825396,35.5364,37,48.6486,false
3.30,LowVolume5,5,1.07471251,7.4713,0.821127,13.2898,38,39.4737,true
3.30,LowVolume5,6,0.81383335,-18.6167,-2.076457,19.6948,36,36.1111,false
3.30,OldGuard4,0,1.22527801,22.5278,1.332771,8.9205,29,58.6207,true
3.30,OldGuard4,1,1.29217442,29.2174,2.075009,8.1948,42,47.6190,true
3.30,OldGuard4,2,1.40290162,40.2902,2.134022,11.7115,38,52.6316,true
3.30,OldGuard4,3,1.22764578,22.7646,1.196687,19.6411,30,46.6667,true
3.30,OldGuard4,4,0.77105477,-22.8945,-1.280726,38.0904,40,42.5000,false
3.30,OldGuard4,5,0.94746821,-5.2532,-0.724483,13.1207,34,35.2941,false
3.30,OldGuard4,6,0.89326320,-10.6737,-1.167829,15.8980,41,39.0244,false
3.35,Base5,0,1.49731807,49.7318,1.629249,18.9543,37,59.4595,true
3.35,Base5,1,1.88326075,88.3261,3.701674,6.6810,50,50.0000,true
3.35,Base5,2,2.00137861,100.1379,3.754225,6.4556,45,62.2222,true
3.35,Base5,3,1.03325819,3.3258,0.324040,20.1086,30,56.6667,true
3.35,Base5,4,1.06295693,6.2957,0.427578,30.2641,43,51.1628,true
3.35,Base5,5,1.15895060,15.8951,1.390689,7.7283,42,42.8571,true
3.35,NoDOGE,0,1.26544495,26.5445,1.540190,15.1882,30,63.3333,true
3.35,NoDOGE,1,1.70996683,70.9967,3.249433,6.4138,47,51.0638,true
3.35,NoDOGE,2,1.80406129,80.4061,3.453954,9.8848,39,61.5385,true
3.35,NoDOGE,3,0.99690199,-0.3098,0.093618,21.2100,26,53.8462,false
3.35,NoDOGE,4,1.00392257,0.3923,0.176942,29.8384,40,50.0000,true
3.35,NoDOGE,5,1.09289408,9.2894,0.996779,7.2382,34,44.1176,true
3.35,Legacy4,0,1.65207083,65.2071,2.932097,5.1144,31,67.7419,true
3.35,Legacy4,1,1.47975488,47.9755,2.734211,7.6347,46,52.1739,true
3.35,Legacy4,2,1.55699697,55.6997,2.554928,10.6617,36,52.7778,true
3.35,Legacy4,3,1.09139845,9.1398,0.638398,16.0178,25,52.0000,true
3.35,Legacy4,4,0.84204385,-15.7956,-0.644184,34.9652,40,50.0000,false
3.35,Legacy4,5,0.94525078,-5.4749,-0.684276,11.1491,31,38.7097,false
3.35,Legacy4,6,0.98519956,-1.4800,-0.111280,11.6340,39,48.7179,false
3.35,Legacy5BNB,0,1.57620389,57.6204,2.638121,9.8543,34,67.6471,true
3.35,Legacy5BNB,1,1.38642827,38.6428,2.196451,8.3960,51,50.9804,true
3.35,Legacy5BNB,2,2.54909585,154.9096,4.344849,9.0086,42,61.9048,true
3.35,Legacy5BNB,3,1.09692026,9.6920,0.622535,16.0178,29,55.1724,true
3.35,Legacy5BNB,4,0.94560501,-5.4395,-0.100002,32.2153,44,52.2727,false
3.35,Legacy5BNB,5,0.92271050,-7.7290,-0.950363,12.0458,35,37.1429,false
3.35,Legacy5BNB,6,0.97559698,-2.4403,-0.206979,11.3651,46,54.3478,false
3.35,OldGuardNoBNB,0,1.54856066,54.8561,2.475066,5.1149,33,66.6667,true
3.35,OldGuardNoBNB,1,1.33404338,33.4043,2.066576,9.3960,49,48.9796,true
3.35,OldGuardNoBNB,2,1.53672270,53.6723,2.475862,10.8318,42,50.0000,true
3.35,OldGuardNoBNB,3,1.23182116,23.1821,1.168660,20.5990,34,50.0000,true
3.35,OldGuardNoBNB,4,0.80294810,-19.7052,-0.772560,39.7236,46,47.8261,false
3.35,OldGuardNoBNB,5,0.94780826,-5.2192,-0.605984,11.8059,38,42.1053,false
3.35,OldGuardNoBNB,6,0.92066394,-7.9336,-0.793337,15.5308,43,44.1860,false
3.35,LargeCaps5,0,1.38669557,38.6696,2.082579,15.9054,34,67.6471,true
3.35,LargeCaps5,1,1.54774426,54.7744,2.663507,8.9328,55,45.4545,true
3.35,LargeCaps5,2,2.83797228,183.7972,5.046073,5.0000,46,63.0435,true
3.35,LargeCaps5,3,1.01138367,1.1384,0.188112,18.7121,29,58.6207,true
3.35,LargeCaps5,4,1.00537799,0.5378,0.183446,29.7997,42,50.0000,true
3.35,LargeCaps5,5,1.07712210,7.7122,0.846141,8.1401,37,43.2432,true
3.35,Legacy3,0,1.31299404,31.2994,1.833161,6.5377,27,59.2593,true
3.35,Legacy3,1,1.40890942,40.8909,2.761796,7.1606,39,51.2821,true
3.35,Legacy3,2,1.36368210,36.3682,2.065587,9.0086,29,55.1724,true
3.35,Legacy3,3,1.07999614,7.9996,0.588770,13.8208,20,45.0000,true
3.35,Legacy3,4,0.80724247,-19.2758,-1.228997,31.4724,34,44.1176,false
3.35,Legacy3,5,0.95595905,-4.4041,-0.640445,11.2294,27,29.6296,false
3.35,Legacy3,6,0.95165149,-4.8349,-0.599257,11.0625,34,47.0588,false
3.35,LowVolume5,0,1.43984089,43.9841,2.035951,11.7672,33,63.6364,true
3.35,LowVolume5,1,1.61184884,61.1849,2.991339,11.8818,41,46.3415,true
3.35,LowVolume5,2,1.40817755,40.8178,2.112942,9.3688,38,55.2632,true
3.35,LowVolume5,3,0.84943058,-15.0569,-0.615748,35.1299,31,38.7097,false
3.35,LowVolume5,4,0.82837607,-17.1624,-0.868185,35.5364,36,47.2222,false
3.35,LowVolume5,5,1.07852590,7.8526,0.857827,12.9821,38,39.4737,true
3.35,LowVolume5,6,0.82152284,-17.8477,-1.970346,18.9360,36,36.1111,false
3.35,OldGuard4,0,1.22527801,22.5278,1.332771,8.9205,29,58.6207,true
3.35,OldGuard4,1,1.28337643,28.3376,2.018562,8.9309,42,47.6190,true
3.35,OldGuard4,2,1.40290162,40.2902,2.134022,11.7115,38,52.6316,true
3.35,OldGuard4,3,1.16083802,16.0838,0.888299,19.6411,30,43.3333,true
3.35,OldGuard4,4,0.76976253,-23.0237,-1.289852,38.1942,40,42.5000,false
3.35,OldGuard4,5,0.95026161,-4.9738,-0.681576,12.8646,34,35.2941,false
3.35,OldGuard4,6,0.89574145,-10.4259,-1.137018,15.6647,40,40.0000,false
3.40,Base5,0,1.49731807,49.7318,1.629249,18.9543,37,59.4595,true
3.40,Base5,1,1.85129935,85.1299,3.600825,6.6810,50,50.0000,true
3.40,Base5,2,1.98878842,98.8788,3.724650,6.4556,45,60.0000,true
3.40,Base5,3,1.03325819,3.3258,0.324040,20.1086,30,56.6667,true
3.40,Base5,4,1.15266077,15.2661,0.752089,28.3650,44,50.0000,true
3.40,Base5,5,1.15772006,15.7720,1.381633,7.7283,42,42.8571,true
3.40,NoDOGE,0,1.26544495,26.5445,1.540190,15.1882,30,63.3333,true
3.40,NoDOGE,1,1.68094646,68.0946,3.146293,6.4138,47,51.0638,true
3.40,NoDOGE,2,1.79271237,79.2712,3.422143,9.8848,39,58.9744,true
3.40,NoDOGE,3,0.99690199,-0.3098,0.093618,21.2100,26,53.8462,false
3.40,NoDOGE,4,0.97743036,-2.2570,0.058595,29.8384,40,47.5000,false
3.40,NoDOGE,5,1.09173368,9.1734,0.986061,7.2382,34,44.1176,true
3.40,Legacy4,0,1.65207083,65.2071,2.932097,5.1144,31,67.7419,true
3.40,Legacy4,1,1.47975488,47.9755,2.734211,7.6347,46,52.1739,true
3.40,Legacy4,2,1.55699697,55.6997,2.554928,10.6617,36,52.7778,true
3.40,Legacy4,3,1.09047220,9.0472,0.633307,16.0178,25,52.0000,true
3.40,Legacy4,4,0.80953639,-19.0464,-0.815578,34.9258,40,47.5000,false
3.40,Legacy4,5,0.94525078,-5.4749,-0.684276,11.1491,31,38.7097,false
3.40,Legacy4,6,0.99193830,-0.8062,-0.031425,10.8359,39,48.7179,false
3.40,Legacy5BNB,0,1.57620389,57.6204,2.638121,9.8543,34,67.6471,true
3.40,Legacy5BNB,1,1.38642827,38.6428,2.196451,8.3960,51,50.9804,true
3.40,Legacy5BNB,2,2.54909585,154.9096,4.344849,9.0086,42,61.9048,true
3.40,Legacy5BNB,3,1.09598932,9.5989,0.618067,16.0178,29,55.1724,true
3.40,Legacy5BNB,4,0.92131164,-7.8688,-0.210577,32.1742,43,51.1628,false
3.40,Legacy5BNB,5,0.92271050,-7.7290,-0.950363,12.0458,35,37.1429,false
3.40,Legacy5BNB,6,0.97324133,-2.6759,-0.239388,10.5646,45,53.3333,false
3.40,OldGuardNoBNB,0,1.54856066,54.8561,2.475066,5.1149,33,66.6667,true
3.40,OldGuardNoBNB,1,1.33404338,33.4043,2.066576,9.3960,49,48.9796,true
3.40,OldGuardNoBNB,2,1.53743639,53.7436,2.478514,10.8318,42,50.0000,true
3.40,OldGuardNoBNB,3,1.23764199,23.7642,1.192083,20.5990,34,50.0000,true
3.40,OldGuardNoBNB,4,0.78008754,-21.9912,-0.884667,39.0513,46,45.6522,false
3.40,OldGuardNoBNB,5,0.94780826,-5.2192,-0.605984,11.8059,38,42.1053,false
3.40,OldGuardNoBNB,6,0.94410015,-5.5900,-0.525214,14.7680,42,42.8571,false
3.40,LargeCaps5,0,1.38669557,38.6696,2.082579,15.9054,34,67.6471,true
3.40,LargeCaps5,1,1.50598429,50.5984,2.509010,8.9328,55,45.4545,true
3.40,LargeCaps5,2,2.82011928,182.0119,5.020848,5.0000,46,60.8696,true
3.40,LargeCaps5,3,1.01138367,1.1384,0.188112,18.7121,29,58.6207,true
3.40,LargeCaps5,4,1.10329151,10.3292,0.597431,29.7997,42,47.6190,true
3.40,LargeCaps5,5,1.07597845,7.5978,0.835357,8.1401,37,43.2432,true
3.40,Legacy3,0,1.31299404,31.2994,1.833161,6.5377,27,59.2593,true
3.40,Legacy3,1,1.40890942,40.8909,2.761796,7.1606,39,51.2821,true
3.40,Legacy3,2,1.36368210,36.3682,2.065587,9.0086,29,55.1724,true
3.40,Legacy3,3,1.07907956,7.9080,0.583712,13.8208,20,45.0000,true
3.40,Legacy3,4,0.77607853,-22.3921,-1.444846,32.3866,34,41.1765,false
3.40,Legacy3,5,0.95595905,-4.4041,-0.640445,11.2294,27,29.6296,false
3.40,Legacy3,6,0.95816076,-4.1839,-0.506237,10.2593,34,47.0588,false
3.40,LowVolume5,0,1.43984089,43.9841,2.035951,11.7672,33,63.6364,true
3.40,LowVolume5,1,1.58449366,58.4494,2.882439,11.8818,41,46.3415,true
3.40,LowVolume5,2,1.40883154,40.8832,2.115749,9.3688,38,55.2632,true
3.40,LowVolume5,3,0.86548186,-13.4518,-0.526898,35.7577,31,41.9355,false
3.40,LowVolume5,4,0.80700458,-19.2995,-0.997218,37.1996,36,44.4444,false
3.40,LowVolume5,5,1.07738076,7.7381,0.847168,13.0010,38,39.4737,true
3.40,LowVolume5,6,0.82475537,-17.5245,-1.921751,18.4400,36,36.1111,false
3.40,OldGuard4,0,1.22527801,22.5278,1.332771,8.9205,29,58.6207,true
3.40,OldGuard4,1,1.28337643,28.3376,2.018562,8.9309,42,47.6190,true
3.40,OldGuard4,2,1.40355316,40.3553,2.136897,11.6705,38,52.6316,true
3.40,OldGuard4,3,1.16469829,16.4698,0.906844,19.6411,30,43.3333,true
3.40,OldGuard4,4,0.74784679,-25.2153,-1.421128,39.9538,40,40.0000,false
3.40,OldGuard4,5,0.95026161,-4.9738,-0.681576,12.8646,34,35.2941,false
3.40,OldGuard4,6,0.90186829,-9.8132,-1.058469,14.9030,40,40.0000,false
3.45,Base5,0,1.53850993,53.8510,1.713131,19.6655,36,61.1111,true
3.45,Base5,1,1.83618744,83.6187,3.552027,6.8222,50,50.0000,true
3.45,Base5,2,1.97171762,97.1718,3.671238,7.2030,45,60.0000,true
3.45,Base5,3,1.03325819,3.3258,0.324040,20.1086,30,56.6667,true
3.45,Base5,4,1.14314268,14.3143,0.717348,28.9565,44,50.0000,true
3.45,Base5,5,1.15772006,15.7720,1.381633,7.7283,42,42.8571,true
3.45,NoDOGE,0,1.30025788,30.0258,1.686140,12.4237,29,65.5172,true
3.45,NoDOGE,1,1.68094646,68.0946,3.146293,6.4138,47,51.0638,true
3.45,NoDOGE,2,1.77732459,77.7325,3.371622,10.5403,39,58.9744,true
3.45,NoDOGE,3,0.99690199,-0.3098,0.093618,21.2100,26,53.8462,false
3.45,NoDOGE,4,0.96935923,-3.0641,0.022723,30.4177,40,47.5000,false
3.45,NoDOGE,5,1.09173368,9.1734,0.986061,7.2382,34,44.1176,true
3.45,Legacy4,0,1.60532679,60.5327,2.704438,8.2137,30,66.6667,true
3.45,Legacy4,1,1.48377129,48.3771,2.752457,7.6347,46,52.1739,true
3.45,Legacy4,2,1.55699697,55.6997,2.554928,10.6617,36,52.7778,true
3.45,Legacy4,3,1.08811188,8.8112,0.620381,16.1996,25,52.0000,true
3.45,Legacy4,4,0.82583027,-17.4170,-0.715363,35.4632,40,50.0000,false
3.45,Legacy4,5,0.92384757,-7.6152,-0.960528,12.7714,31,35.4839,false
3.45,Legacy4,6,0.98683128,-1.3169,-0.091018,12.1462,39,48.7179,false
3.45,Legacy5BNB,0,1.57257303,57.2573,2.557983,10.0619,34,64.7059,true
3.45,Legacy5BNB,1,1.39019137,39.0191,2.213752,8.3960,51,50.9804,true
3.45,Legacy5BNB,2,2.54909585,154.9096,4.344849,9.0086,42,61.9048,true
3.45,Legacy5BNB,3,1.09361706,9.3617,0.606708,16.1996,29,55.1724,true
3.45,Legacy5BNB,4,0.93985526,-6.0145,-0.116419,32.7343,43,53.4884,false
3.45,Legacy5BNB,5,0.90181766,-9.8182,-1.210110,13.6517,35,34.2857,false
3.45,Legacy5BNB,6,0.96823058,-3.1769,-0.294104,11.9108,45,53.3333,false
3.45,OldGuardNoBNB,0,1.50474535,50.4745,2.275796,8.2121,32,65.6250,true
3.45,OldGuardNoBNB,1,1.33766429,33.7664,2.085007,9.3960,49,48.9796,true
3.45,OldGuardNoBNB,2,1.53743639,53.7436,2.478514,10.8318,42,50.0000,true
3.45,OldGuardNoBNB,3,1.23496312,23.4963,1.180719,20.7709,34,50.0000,true
3.45,OldGuardNoBNB,4,0.78787377,-21.2126,-0.831883,38.4430,46,47.8261,false
3.45,OldGuardNoBNB,5,0.92734449,-7.2656,-0.854972,13.3229,37,40.5405,false
3.45,OldGuardNoBNB,6,0.93294252,-6.7057,-0.644707,16.0509,42,42.8571,false
3.45,LargeCaps5,0,1.42484416,42.4844,2.216613,13.2808,33,69.6970,true
3.45,LargeCaps5,1,1.50598429,50.5984,2.509010,8.9328,55,45.4545,true
3.45,LargeCaps5,2,2.87961587,187.9616,5.086468,5.2556,46,60.8696,true
3.45,LargeCaps5,3,1.01138367,1.1384,0.188112,18.7121,29,58.6207,true
3.45,LargeCaps5,4,1.09418109,9.4181,0.559942,30.3794,42,47.6190,true
3.45,LargeCaps5,5,1.07597845,7.5978,0.835357,8.1401,37,43.2432,true
3.45,Legacy3,0,1.31299404,31.2994,1.833161,6.5377,27,59.2593,true
3.45,Legacy3,1,1.41273354,41.2734,2.782935,7.1606,39,51.2821,true
3.45,Legacy3,2,1.36368210,36.3682,2.065587,9.0086,29,55.1724,true
3.45,Legacy3,3,1.07674390,7.6744,0.570332,14.0073,20,45.0000,true
3.45,Legacy3,4,0.79169899,-20.8301,-1.308715,31.8881,34,44.1176,false
3.45,Legacy3,5,0.93731396,-6.2686,-0.916991,12.5702,27,29.6296,false
3.45,Legacy3,6,0.95205985,-4.7940,-0.590608,10.7983,34,47.0588,false
3.45,LowVolume5,0,1.43984089,43.9841,2.035951,11.7672,33,63.6364,true
3.45,LowVolume5,1,1.58879435,58.8794,2.898823,11.8818,41,46.3415,true
3.45,LowVolume5,2,1.39673881,39.6739,2.071680,9.3688,38,55.2632,true
3.45,LowVolume5,3,0.86360852,-13.6391,-0.536487,35.8967,31,41.9355,false
3.45,LowVolume5,4,0.83354491,-16.6455,-0.819775,37.1996,36,47.2222,false
3.45,LowVolume5,5,1.01010251,1.0103,0.185664,14.3151,38,36.8421,true
3.45,LowVolume5,6,0.81500819,-18.4992,-2.035459,19.4039,36,36.1111,false
3.45,OldGuard4,0,1.22527801,22.5278,1.332771,8.9205,29,58.6207,true
3.45,OldGuard4,1,1.28685982,28.6860,2.039425,8.9309,42,47.6190,true
3.45,OldGuard4,2,1.40355316,40.3553,2.136897,11.6705,38,52.6316,true
3.45,OldGuard4,3,1.16217731,16.2177,0.895480,19.8150,30,43.3333,true
3.45,OldGuard4,4,0.75531121,-24.4689,-1.352169,39.3545,40,42.5000,false
3.45,OldGuard4,5,0.93172764,-6.8272,-0.942920,14.1807,34,35.2941,false
3.45,OldGuard4,6,0.89612582,-10.3874,-1.122667,15.4449,40,40.0000,false
3.50,Base5,0,1.68094803,68.0948,2.017115,18.9543,35,65.7143,true
3.50,Base5,1,1.84598528,84.5985,3.580609,6.6810,50,50.0000,true
3.50,Base5,2,1.98269672,98.2697,3.716704,7.2030,43,62.7907,true
3.50,Base5,3,1.03325819,3.3258,0.324040,20.1086,30,56.6667,true
3.50,Base5,4,1.14314268,14.3143,0.717348,28.9565,44,50.0000,true
3.50,Base5,5,1.15772006,15.7720,1.381633,7.7283,42,42.8571,true
3.50,NoDOGE,0,1.42063817,42.0638,2.125262,12.4237,28,71.4286,true
3.50,NoDOGE,1,1.68094646,68.0946,3.146293,6.4138,47,51.0638,true
3.50,NoDOGE,2,1.78722126,78.7221,3.420700,10.5403,37,62.1622,true
3.50,NoDOGE,3,0.99690199,-0.3098,0.093618,21.2100,26,53.8462,false
3.50,NoDOGE,4,0.96935923,-3.0641,0.022723,30.4177,40,47.5000,false
3.50,NoDOGE,5,1.09173368,9.1734,0.986061,7.2382,34,44.1176,true
3.50,Legacy4,0,1.61511656,61.5117,2.739603,8.2137,30,66.6667,true
3.50,Legacy4,1,1.31655072,31.6551,1.871306,8.4727,47,46.8085,true
3.50,Legacy4,2,1.55673595,55.6736,2.552365,10.3892,35,51.4286,true
3.50,Legacy4,3,1.07852396,7.8524,0.565668,16.1996,25,52.0000,true
3.50,Legacy4,4,0.82583027,-17.4170,-0.715363,35.4632,40,50.0000,false
3.50,Legacy4,5,0.92384757,-7.6152,-0.960528,12.7714,31,35.4839,false
3.50,Legacy4,6,0.98683128,-1.3169,-0.091018,12.1462,39,48.7179,false
3.50,Legacy5BNB,0,1.58216306,58.2163,2.593236,10.0619,34,64.7059,true
3.50,Legacy5BNB,1,1.29795376,29.7954,1.735153,8.4727,50,48.0000,true
3.50,Legacy5BNB,2,2.54866851,154.8669,4.345933,8.7310,41,60.9756,true
3.50,Legacy5BNB,3,1.08398063,8.3981,0.559008,16.1996,29,55.1724,true
3.50,Legacy5BNB,4,0.93985526,-6.0145,-0.116419,32.7343,43,53.4884,false
3.50,Legacy5BNB,5,0.90124955,-9.8750,-1.217216,13.7061,35,34.2857,false
3.50,Legacy5BNB,6,0.96823058,-3.1769,-0.294104,11.9108,45,53.3333,false
3.50,OldGuardNoBNB,0,1.57916503,57.9165,2.451558,8.2121,31,64.5161,true
3.50,OldGuardNoBNB,1,1.41662172,41.6622,2.410370,9.3960,48,50.0000,true
3.50,OldGuardNoBNB,2,1.54212737,54.2127,2.498517,10.5597,42,50.0000,true
3.50,OldGuardNoBNB,3,1.22408122,22.4081,1.134564,20.7709,34,50.0000,true
3.50,OldGuardNoBNB,4,0.78787377,-21.2126,-0.831883,38.4430,46,47.8261,false
3.50,OldGuardNoBNB,5,0.92734449,-7.2656,-0.854972,13.3229,37,40.5405,false
3.50,OldGuardNoBNB,6,0.93294252,-6.7057,-0.644707,16.0509,42,42.8571,false
3.50,LargeCaps5,0,1.43353329,43.3533,2.247945,13.2808,33,69.6970,true
3.50,LargeCaps5,1,1.52900065,52.9001,2.618336,8.9328,54,46.2963,true
3.50,LargeCaps5,2,2.89565042,189.5650,5.131304,5.2556,44,63.6364,true
3.50,LargeCaps5,3,1.01138367,1.1384,0.188112,18.7121,29,58.6207,true
3.50,LargeCaps5,4,1.09418109,9.4181,0.559942,30.3794,42,47.6190,true
3.50,LargeCaps5,5,1.07530062,7.5301,0.828817,8.1980,37,43.2432,true
3.50,Legacy3,0,1.33318498,33.3185,1.933771,6.5377,26,61.5385,true
3.50,Legacy3,1,1.41273354,41.2734,2.782935,7.1606,39,51.2821,true
3.50,Legacy3,2,1.36345349,36.3453,2.059780,8.7310,28,53.5714,true
3.50,Legacy3,3,1.06725615,6.7256,0.513937,14.0073,20,45.0000,true
3.50,Legacy3,4,0.79169899,-20.8301,-1.308715,31.8881,34,44.1176,false
3.50,Legacy3,5,0.93731396,-6.2686,-0.916991,12.5702,27,29.6296,false
3.50,Legacy3,6,0.95205985,-4.7940,-0.590608,10.7983,34,47.0588,false
3.50,LowVolume5,0,1.63241353,63.2414,2.829308,8.2924,32,68.7500,true
3.50,LowVolume5,1,1.59236027,59.2360,2.875468,11.8818,41,46.3415,true
3.50,LowVolume5,2,1.39225665,39.2257,2.047761,9.6784,37,54.0541,true
3.50,LowVolume5,3,0.85599882,-14.4001,-0.572209,35.9810,31,41.9355,false
3.50,LowVolume5,4,0.83354491,-16.6455,-0.819775,37.1996,36,47.2222,false
3.50,LowVolume5,5,1.01986615,1.9866,0.305678,14.3151,37,37.8378,true
3.50,LowVolume5,6,0.81500819,-18.4992,-2.035459,19.4039,36,36.1111,false
3.50,OldGuard4,0,1.31603268,31.6033,1.752920,8.4385,28,60.7143,true
3.50,OldGuard4,1,1.24336788,24.3368,1.762905,8.9309,42,47.6190,true
3.50,OldGuard4,2,1.40331787,40.3318,2.134080,11.4010,37,51.3514,true
3.50,OldGuard4,3,1.15193676,15.1937,0.849309,19.8150,30,43.3333,true
3.50,OldGuard4,4,0.75531121,-24.4689,-1.352169,39.3545,40,42.5000,false
3.50,OldGuard4,5,0.93172764,-6.8272,-0.942920,14.1807,34,35.2941,false
3.50,OldGuard4,6,0.89612582,-10.3874,-1.122667,15.4449,40,40.0000,false
3.55,Base5,0,1.68094803,68.0948,2.017115,18.9543,35,65.7143,true
3.55,Base5,1,1.75464047,75.4640,3.420994,6.6810,49,51.0204,true
3.55,Base5,2,1.97969351,97.9694,3.722882,7.2030,43,62.7907,true
3.55,Base5,3,1.00970914,0.9709,0.178934,22.2788,30,56.6667,true
3.55,Base5,4,1.14498199,14.4982,0.723560,28.8422,44,50.0000,true
3.55,Base5,5,1.15370602,15.3706,1.350426,7.7283,42,42.8571,true
3.55,NoDOGE,0,1.42063817,42.0638,2.125262,12.4237,28,71.4286,true
3.55,NoDOGE,1,1.68094646,68.0946,3.146293,6.4138,47,51.0638,true
3.55,NoDOGE,2,1.78451414,78.4514,3.427309,10.5403,37,62.1622,true
3.55,NoDOGE,3,0.97418154,-2.5818,-0.050164,23.3502,26,53.8462,false
3.55,NoDOGE,4,0.97091892,-2.9081,0.030230,30.3058,40,47.5000,false
3.55,NoDOGE,5,1.08794842,8.7948,0.949495,7.5598,34,44.1176,true
3.55,Legacy4,0,1.61511656,61.5117,2.739603,8.2137,30,66.6667,true
3.55,Legacy4,1,1.33983661,33.9837,1.966971,8.5623,47,48.9362,true
3.55,Legacy4,2,1.49354742,49.3547,2.280635,11.0602,35,51.4286,true
3.55,Legacy4,3,1.08252918,8.2529,0.586691,15.9286,25,52.0000,true
3.55,Legacy4,4,0.82715902,-17.2841,-0.706986,35.3593,40,50.0000,false
3.55,Legacy4,5,0.92064441,-7.9356,-1.004896,13.0738,31,35.4839,false
3.55,Legacy4,6,0.98683128,-1.3169,-0.091018,12.1462,39,48.7179,false
3.55,Legacy5BNB,0,1.58216306,58.2163,2.593236,10.0619,34,64.7059,true
3.55,Legacy5BNB,1,1.32091073,32.0911,1.829734,8.5623,50,50.0000,true
3.55,Legacy5BNB,2,2.52958227,152.9582,4.309349,8.7310,41,60.9756,true
3.55,Legacy5BNB,3,1.08800612,8.8006,0.577695,15.9286,29,55.1724,true
3.55,Legacy5BNB,4,0.94464153,-5.5358,-0.092991,32.6261,43,53.4884,false
3.55,Legacy5BNB,5,0.89812474,-10.1875,-1.259632,14.0053,35,34.2857,false
3.55,Legacy5BNB,6,0.96823058,-3.1769,-0.294104,11.9108,45,53.3333,false
3.55,OldGuardNoBNB,0,1.57916503,57.9165,2.451558,8.2121,31,64.5161,true
3.55,OldGuardNoBNB,1,1.41662172,41.6622,2.410370,9.3960,48,50.0000,true
3.55,OldGuardNoBNB,2,1.58755316,58.7553,2.343247,11.7926,41,51.2195,true
3.55,OldGuardNoBNB,3,1.22862699,22.8627,1.151421,20.4767,34,50.0000,true
3.55,OldGuardNoBNB,4,0.79728055,-20.2719,-0.778944,37.7080,46,47.8261,false
3.55,OldGuardNoBNB,5,0.92734449,-7.2656,-0.854972,13.3229,37,40.5405,false
3.55,OldGuardNoBNB,6,0.93294252,-6.7057,-0.644707,16.0509,42,42.8571,false
3.55,LargeCaps5,0,1.43353329,43.3533,2.247945,13.2808,33,69.6970,true
3.55,LargeCaps5,1,1.52900065,52.9001,2.618336,8.9328,54,46.2963,true
3.55,LargeCaps5,2,2.78962341,178.9623,4.948062,5.2556,45,62.2222,true
3.55,LargeCaps5,3,0.98833317,-1.1667,0.044421,20.9202,29,58.6207,false
3.55,LargeCaps5,4,1.09988193,9.9882,0.582592,30.2673,42,50.0000,true
3.55,LargeCaps5,5,1.07157235,7.1572,0.792295,8.5162,37,43.2432,true
3.55,Legacy3,0,1.33318498,33.3185,1.933771,6.5377,26,61.5385,true
3.55,Legacy3,1,1.41674879,41.6749,2.794118,7.1606,39,51.2821,true
3.55,Legacy3,2,1.30811037,30.8110,1.768773,11.4118,28,53.5714,true
3.55,Legacy3,3,1.07121953,7.1220,0.535761,13.7154,20,45.0000,true
3.55,Legacy3,4,0.79297282,-20.7027,-1.298620,31.7785,34,44.1176,false
3.55,Legacy3,5,0.93406411,-6.5936,-0.969344,12.8734,27,29.6296,false
3.55,Legacy3,6,0.95205985,-4.7940,-0.590608,10.7983,34,47.0588,false
3.55,LowVolume5,0,1.63241353,63.2414,2.829308,8.2924,32,68.7500,true
3.55,LowVolume5,1,1.59688605,59.6886,2.879413,11.8818,41,46.3415,true
3.55,LowVolume5,2,1.42899684,42.8997,2.021950,12.1693,36,55.5556,true
3.55,LowVolume5,3,0.85917767,-14.0822,-0.553658,35.7433,31,41.9355,false
3.55,LowVolume5,4,0.83706973,-16.2930,-0.797464,37.1996,36,47.2222,false
3.55,LowVolume5,5,1.01633007,1.6330,0.262199,14.6122,37,37.8378,true
3.55,LowVolume5,6,0.81500819,-18.4992,-2.035459,19.4039,36,36.1111,false
3.55,OldGuard4,0,1.31603268,31.6033,1.752920,8.4385,28,60.7143,true
3.55,OldGuard4,1,1.24690175,24.6902,1.775754,8.9309,42,47.6190,true
3.55,OldGuard4,2,1.44465481,44.4655,2.003254,12.6196,36,52.7778,true
3.55,OldGuard4,3,1.15621461,15.6215,0.866895,19.5172,30,43.3333,true
3.55,OldGuard4,4,0.76432922,-23.5671,-1.284519,38.6304,40,42.5000,false
3.55,OldGuard4,5,0.92849716,-7.1503,-0.992273,14.4783,34,35.2941,false
3.55,OldGuard4,6,0.89612582,-10.3874,-1.122667,15.4449,40,40.0000,false
3.60,Base5,0,1.71376415,71.3764,2.059436,18.9543,35,65.7143,true
3.60,Base5,1,1.75464047,75.4640,3.420994,6.6810,49,51.0204,true
3.60,Base5,2,1.96646695,96.6467,3.720614,7.2030,42,61.9048,true
3.60,Base5,3,1.00970914,0.9709,0.178934,22.2788,30,56.6667,true
3.60,Base5,4,1.16629567,16.6296,0.797849,29.2833,43,48.8372,true
3.60,Base5,5,1.15370602,15.3706,1.350426,7.7283,42,42.8571,true
3.60,NoDOGE,0,1.42850029,42.8500,2.158580,11.9390,28,71.4286,true
3.60,NoDOGE,1,1.68094646,68.0946,3.146293,6.4138,47,51.0638,true
3.60,NoDOGE,2,1.77528388,77.5284,3.434568,10.5403,36,61.1111,true
3.60,NoDOGE,3,0.97418154,-2.5818,-0.050164,23.3502,26,53.8462,false
3.60,NoDOGE,4,0.98899245,-1.1008,0.112734,30.7378,39,46.1538,false
3.60,NoDOGE,5,1.08794842,8.7948,0.949495,7.5598,34,44.1176,true
3.60,Legacy4,0,1.61511656,61.5117,2.739603,8.2137,30,66.6667,true
3.60,Legacy4,1,1.33983661,33.9837,1.966971,8.5623,47,48.9362,true
3.60,Legacy4,2,1.48533635,48.5336,2.250362,11.5492,35,51.4286,true
3.60,Legacy4,3,1.08155927,8.1559,0.581448,16.0039,25,52.0000,true
3.60,Legacy4,4,0.87158876,-12.8411,-0.462085,35.7600,38,52.6316,false
3.60,Legacy4,5,0.91856461,-8.1435,-1.032370,13.2702,31,35.4839,false
3.60,Legacy4,6,0.98403153,-1.5968,-0.127023,12.1462,38,50.0000,false
3.60,Legacy5BNB,0,1.58216306,58.2163,2.593236,10.0619,34,64.7059,true
3.60,Legacy5BNB,1,1.32091073,32.0911,1.829734,8.5623,50,50.0000,true
3.60,Legacy5BNB,2,2.55221225,155.2212,4.333278,9.2328,40,62.5000,true
3.60,Legacy5BNB,3,1.08703130,8.7031,0.573067,16.0039,29,55.1724,true
3.60,Legacy5BNB,4,0.99930834,-0.0692,0.160915,33.0437,41,56.0976,false
3.60,Legacy5BNB,5,0.89609582,-10.3904,-1.280861,14.1995,35,34.2857,false
3.60,Legacy5BNB,6,0.96993948,-3.0061,-0.278728,11.5493,43,55.8140,false
3.60,OldGuardNoBNB,0,1.57916503,57.9165,2.451558,8.2121,31,64.5161,true
3.60,OldGuardNoBNB,1,1.41662172,41.6622,2.410370,9.3960,48,50.0000,true
3.60,OldGuardNoBNB,2,1.57882527,57.8825,2.316407,12.1715,41,51.2195,true
3.60,OldGuardNoBNB,3,1.22752618,22.7526,1.146970,20.5479,34,50.0000,true
3.60,OldGuardNoBNB,4,0.84010541,-15.9895,-0.556610,37.0467,44,50.0000,false
3.60,OldGuardNoBNB,5,0.92524956,-7.4750,-0.878385,13.5187,37,40.5405,false
3.60,OldGuardNoBNB,6,0.93118612,-6.8814,-0.663419,16.1294,41,43.9024,false
3.60,LargeCaps5,0,1.44146678,44.1467,2.282710,12.8009,33,69.6970,true
3.60,LargeCaps5,1,1.52900065,52.9001,2.618336,8.9328,54,46.2963,true
3.60,LargeCaps5,2,2.83946355,183.9464,5.008375,5.2556,43,65.1163,true
3.60,LargeCaps5,3,0.98833317,-1.1667,0.044421,20.9202,29,58.6207,false
3.60,LargeCaps5,4,1.14035100,14.0351,0.742892,30.6996,41,51.2195,true
3.60,LargeCaps5,5,1.07157235,7.1572,0.792295,8.5162,37,43.2432,true
3.60,Legacy3,0,1.33318498,33.3185,1.933771,6.5377,26,61.5385,true
3.60,Legacy3,1,1.41674879,41.6749,2.794118,7.1606,39,51.2821,true
3.60,Legacy3,2,1.30091877,30.0919,1.734215,11.4118,28,53.5714,true
3.60,Legacy3,3,1.07025975,7.0260,0.530335,13.7927,20,45.0000,true
3.60,Legacy3,4,0.84077777,-15.9222,-0.926299,31.7785,32,46.8750,false
3.60,Legacy3,5,0.93313835,-6.6862,-0.983806,12.9597,27,29.6296,false
3.60,Legacy3,6,0.94086296,-5.9137,-0.743331,11.8474,34,47.0588,false
3.60,LowVolume5,0,1.63241353,63.2414,2.829308,8.2924,32,68.7500,true
3.60,LowVolume5,1,1.59688605,59.6886,2.879413,11.8818,41,46.3415,true
3.60,LowVolume5,2,1.42114064,42.1141,1.992165,12.1693,36,55.5556,true
3.60,LowVolume5,3,0.85176572,-14.8234,-0.588051,36.2976,31,41.9355,false
3.60,LowVolume5,4,0.87899673,-12.1003,-0.524433,37.1996,35,48.5714,false
3.60,LowVolume5,5,1.01532278,1.5323,0.249740,14.6968,37,37.8378,true
3.60,LowVolume5,6,0.80467057,-19.5329,-2.156963,20.4262,36,36.1111,false
3.60,OldGuard4,0,1.31603268,31.6033,1.752920,8.4385,28,60.7143,true
3.60,OldGuard4,1,1.24690175,24.6902,1.775754,8.9309,42,47.6190,true
3.60,OldGuard4,2,1.43671253,43.6713,1.974746,13.1000,36,52.7778,true
3.60,OldGuard4,3,1.14624018,14.6240,0.819662,19.5894,30,43.3333,true
3.60,OldGuard4,4,0.81040737,-18.9593,-0.970597,35.8852,38,44.7368,false
3.60,OldGuard4,5,0.92639963,-7.3600,-1.019585,14.6715,34,35.2941,false
3.60,OldGuard4,6,0.88475930,-11.5241,-1.250887,16.5174,40,40.0000,false
3.65,Base5,0,1.71376415,71.3764,2.059436,18.9543,35,65.7143,true
3.65,Base5,1,1.75464047,75.4640,3.420994,6.6810,49,51.0204,true
3.65,Base5,2,1.96646695,96.6467,3.720614,7.2030,42,61.9048,true
3.65,Base5,3,1.00970914,0.9709,0.178934,22.2788,30,56.6667,true
3.65,Base5,4,1.14250838,14.2508,0.713939,30.7256,43,48.8372,true
3.65,Base5,5,1.15905028,15.9050,1.394089,7.7283,42,42.8571,true
3.65,NoDOGE,0,1.42850029,42.8500,2.158580,11.9390,28,71.4286,true
3.65,NoDOGE,1,1.68094646,68.0946,3.146293,6.4138,47,51.0638,true
3.65,NoDOGE,2,1.77528388,77.5284,3.434568,10.5403,36,61.1111,true
3.65,NoDOGE,3,0.97418154,-2.5818,-0.050164,23.3502,26,53.8462,false
3.65,NoDOGE,4,0.96882135,-3.1179,0.021543,32.1504,39,46.1538,false
3.65,NoDOGE,5,1.09298807,9.2988,1.000256,7.5598,34,44.1176,true
3.65,Legacy4,0,1.61511656,61.5117,2.739603,8.2137,30,66.6667,true
3.65,Legacy4,1,1.33983661,33.9837,1.966971,8.5623,47,48.9362,true
3.65,Legacy4,2,1.48533635,48.5336,2.250362,11.5492,35,51.4286,true
3.65,Legacy4,3,1.08155927,8.1559,0.581448,16.0039,25,52.0000,true
3.65,Legacy4,4,0.86846490,-13.1535,-0.474376,35.9902,38,52.6316,false
3.65,Legacy4,5,0.91636246,-8.3638,-1.055237,13.8770,31,35.4839,false
3.65,Legacy4,6,0.97930860,-2.0691,-0.181467,12.5851,38,50.0000,false
3.65,Legacy5BNB,0,1.58216306,58.2163,2.593236,10.0619,34,64.7059,true
3.65,Legacy5BNB,1,1.32091073,32.0911,1.829734,8.5623,50,50.0000,true
3.65,Legacy5BNB,2,2.55221225,155.2212,4.333278,9.2328,40,62.5000,true
3.65,Legacy5BNB,3,1.08703130,8.7031,0.573067,16.0039,29,55.1724,true
3.65,Legacy5BNB,4,0.99572672,-0.4273,0.145939,33.2836,41,56.0976,false
3.65,Legacy5BNB,5,0.89394753,-10.6052,-1.301493,14.7999,35,34.2857,false
3.65,Legacy5BNB,6,0.96528418,-3.4716,-0.330169,11.9912,43,55.8140,false
3.65,OldGuardNoBNB,0,1.57916503,57.9165,2.451558,8.2121,31,64.5161,true
3.65,OldGuardNoBNB,1,1.41662172,41.6622,2.410370,9.3960,48,50.0000,true
3.65,OldGuardNoBNB,2,1.57882527,57.8825,2.316407,12.1715,41,51.2195,true
3.65,OldGuardNoBNB,3,1.22752618,22.7526,1.146970,20.5479,34,50.0000,true
3.65,OldGuardNoBNB,4,0.83709439,-16.2906,-0.567745,37.2723,44,50.0000,false
3.65,OldGuardNoBNB,5,0.92303138,-7.6969,-0.900541,14.1239,37,40.5405,false
3.65,OldGuardNoBNB,6,0.92671682,-7.3283,-0.708772,16.5484,41,43.9024,false
3.65,LargeCaps5,0,1.44146678,44.1467,2.282710,12.8009,33,69.6970,true
3.65,LargeCaps5,1,1.52900065,52.9001,2.618336,8.9328,54,46.2963,true
3.65,LargeCaps5,2,2.83946355,183.9464,5.008375,5.2556,43,65.1163,true
3.65,LargeCaps5,3,0.98833317,-1.1667,0.044421,20.9202,29,58.6207,false
3.65,LargeCaps5,4,1.11709285,11.7093,0.650917,32.1130,41,51.2195,true
3.65,LargeCaps5,5,1.07653614,7.6536,0.842600,8.5162,37,43.2432,true
3.65,Legacy3,0,1.33318498,33.3185,1.933771,6.5377,26,61.5385,true
3.65,Legacy3,1,1.41674879,41.6749,2.794118,7.1606,39,51.2821,true
3.65,Legacy3,2,1.30091877,30.0919,1.734215,11.4118,28,53.5714,true
3.65,Legacy3,3,1.07025975,7.0260,0.530335,13.7927,20,45.0000,true
3.65,Legacy3,4,0.85520679,-14.4793,-0.821385,30.6077,32,46.8750,false
3.65,Legacy3,5,0.93090126,-6.9099,-1.009468,13.5688,27,29.6296,false
3.65,Legacy3,6,0.93634722,-6.3653,-0.807009,12.2705,34,47.0588,false
3.65,LowVolume5,0,1.63241353,63.2414,2.829308,8.2924,32,68.7500,true
3.65,LowVolume5,1,1.59688605,59.6886,2.879413,11.8818,41,46.3415,true
3.65,LowVolume5,2,1.42114064,42.1141,1.992165,12.1693,36,55.5556,true
3.65,LowVolume5,3,0.85176572,-14.8234,-0.588051,36.2976,31,41.9355,false
3.65,LowVolume5,4,0.89408165,-10.5918,-0.435627,36.1218,35,48.5714,false
3.65,LowVolume5,5,1.05994889,5.9949,0.657083,15.2937,37,37.8378,true
3.65,LowVolume5,6,0.80467057,-19.5329,-2.156963,20.4262,36,36.1111,false
3.65,OldGuard4,0,1.31603268,31.6033,1.752920,8.4385,28,60.7143,true
3.65,OldGuard4,1,1.24690175,24.6902,1.775754,8.9309,42,47.6190,true
3.65,OldGuard4,2,1.43671253,43.6713,1.974746,13.1000,36,52.7778,true
3.65,OldGuard4,3,1.14624018,14.6240,0.819662,19.5894,30,43.3333,true
3.65,OldGuard4,4,0.82431519,-17.5685,-0.879036,34.7849,38,44.7368,false
3.65,OldGuard4,5,0.92417869,-7.5821,-1.042889,15.2686,34,35.2941,false
3.65,OldGuard4,6,0.88051283,-11.9487,-1.303480,16.9181,40,40.0000,false
3.70,Base5,0,1.71376415,71.3764,2.059436,18.9543,35,65.7143,true
3.70,Base5,1,1.81632205,81.6322,3.570327,6.6579,48,52.0833,true
3.70,Base5,2,1.96646695,96.6467,3.720614,7.2030,42,61.9048,true
3.70,Base5,3,1.03175038,3.1750,0.314397,20.5822,30,56.6667,true
3.70,Base5,4,1.09152029,9.1520,0.530179,33.8172,43,48.8372,true
3.70,Base5,5,1.15606626,15.6066,1.370391,7.7283,42,42.8571,true
3.70,NoDOGE,0,1.42850029,42.8500,2.158580,11.9390,28,71.4286,true
3.70,NoDOGE,1,1.75593074,75.5931,3.345345,6.4138,46,52.1739,true
3.70,NoDOGE,2,1.77528388,77.5284,3.434568,10.5403,36,61.1111,true
3.70,NoDOGE,3,0.99544724,-0.4553,0.084838,21.6770,26,53.8462,false
3.70,NoDOGE,4,0.92558460,-7.4415,-0.178567,35.1784,39,46.1538,false
3.70,NoDOGE,5,1.09017413,9.0174,0.972492,7.5123,34,44.1176,true
3.70,Legacy4,0,1.61511656,61.5117,2.739603,8.2137,30,66.6667,true
3.70,Legacy4,1,1.37557069,37.5571,2.138755,8.5623,46,50.0000,true
3.70,Legacy4,2,1.49986461,49.9865,2.255905,11.6633,34,52.9412,true
3.70,Legacy4,3,1.08155927,8.1559,0.581448,16.0039,25,52.0000,true
3.70,Legacy4,4,0.86985454,-13.0145,-0.467205,35.8878,38,52.6316,false
3.70,Legacy4,5,0.91400325,-8.5997,-1.077256,13.8327,31,35.4839,false
3.70,Legacy4,6,0.96803323,-3.1967,-0.326675,12.5851,37,48.6486,false
3.70,Legacy5BNB,0,1.58216306,58.2163,2.593236,10.0619,34,64.7059,true
3.70,Legacy5BNB,1,1.35614005,35.6140,1.996014,8.5623,49,51.0204,true
3.70,Legacy5BNB,2,2.55221225,155.2212,4.333278,9.2328,40,62.5000,true
3.70,Legacy5BNB,3,1.08703130,8.7031,0.573067,16.0039,29,55.1724,true
3.70,Legacy5BNB,4,0.99731999,-0.2680,0.152960,33.1769,41,56.0976,false
3.70,Legacy5BNB,5,0.89164603,-10.8354,-1.320941,14.7561,35,34.2857,false
3.70,Legacy5BNB,6,1.01217658,1.2177,0.197691,11.9912,42,57.1429,true
3.70,OldGuardNoBNB,0,1.57916503,57.9165,2.451558,8.2121,31,64.5161,true
3.70,OldGuardNoBNB,1,1.45440370,45.4404,2.591502,9.3960,47,51.0638,true
3.70,OldGuardNoBNB,2,1.57882527,57.8825,2.315191,12.1842,41,51.2195,true
3.70,OldGuardNoBNB,3,1.22752618,22.7526,1.146970,20.5479,34,50.0000,true
3.70,OldGuardNoBNB,4,0.83843383,-16.1566,-0.561109,37.1719,44,50.0000,false
3.70,OldGuardNoBNB,5,0.92065500,-7.9345,-0.923104,14.0797,37,40.5405,false
3.70,OldGuardNoBNB,6,0.91849472,-8.1505,-0.815153,16.5484,40,45.0000,false
3.70,LargeCaps5,0,1.44146678,44.1467,2.282710,12.8009,33,69.6970,true
3.70,LargeCaps5,1,1.59871490,59.8715,2.809569,8.8541,53,49.0566,true
3.70,LargeCaps5,2,2.83946355,183.9464,5.008375,5.2556,43,65.1163,true
3.70,LargeCaps5,3,1.00990779,0.9908,0.178938,19.1940,29,58.6207,true
3.70,LargeCaps5,4,1.07247713,7.2477,0.471160,34.8244,41,51.2195,true
3.70,LargeCaps5,5,1.07376455,7.3765,0.814980,8.4692,37,43.2432,true
3.70,Legacy3,0,1.33318498,33.3185,1.933771,6.5377,26,61.5385,true
3.70,Legacy3,1,1.45453415,45.4534,3.014321,7.1606,38,52.6316,true
3.70,Legacy3,2,1.31364323,31.3643,1.742893,12.3419,27,55.5556,true
3.70,Legacy3,3,1.07025975,7.0260,0.530335,13.7927,20,45.0000,true
3.70,Legacy3,4,0.85657522,-14.3425,-0.811827,30.4966,32,46.8750,false
3.70,Legacy3,5,0.92802719,-7.1973,-1.041349,13.5688,27,29.6296,false
3.70,Legacy3,6,0.93634722,-6.3653,-0.807009,12.2705,34,47.0588,false
3.70,LowVolume5,0,1.63241353,63.2414,2.829308,8.2924,32,68.7500,true
3.70,LowVolume5,1,1.59688605,59.6886,2.879413,11.8818,41,46.3415,true
3.70,LowVolume5,2,1.50391894,50.3919,2.207604,12.5209,34,58.8235,true
3.70,LowVolume5,3,0.85176572,-14.8234,-0.588051,36.2976,31,41.9355,false
3.70,LowVolume5,4,0.85554718,-14.4453,-0.645963,38.8749,35,48.5714,false
3.70,LowVolume5,5,1.05667640,5.6676,0.623708,15.2937,37,37.8378,true
3.70,LowVolume5,6,0.80467057,-19.5329,-2.156963,20.4262,36,36.1111,false
3.70,OldGuard4,0,1.31603268,31.6033,1.752920,8.4385,28,60.7143,true
3.70,OldGuard4,1,1.26397604,26.3976,1.873911,8.9309,41,46.3415,true
3.70,OldGuard4,2,1.45076520,45.0765,1.987320,13.4250,35,54.2857,true
3.70,OldGuard4,3,1.14624018,14.6240,0.819662,19.5894,30,43.3333,true
3.70,OldGuard4,4,0.82563418,-17.4366,-0.870678,34.6806,38,44.7368,false
3.70,OldGuard4,5,0.92132538,-7.8675,-1.073220,15.2686,34,35.2941,false
3.70,OldGuard4,6,0.88051283,-11.9487,-1.303480,16.9181,40,40.0000,false
3.75,Base5,0,1.67490781,67.4908,1.978100,18.9543,35,65.7143,true
3.75,Base5,1,1.81519094,81.5191,3.537934,6.6579,48,52.0833,true
3.75,Base5,2,1.88340852,88.3409,3.446616,8.4415,42,61.9048,true
3.75,Base5,3,1.03175038,3.1750,0.314397,20.5822,30,56.6667,true
3.75,Base5,4,1.01610111,1.6101,0.240662,33.8172,43,48.8372,true
3.75,Base5,5,1.14234756,14.2348,1.268697,8.8233,42,42.8571,true
3.75,NoDOGE,0,1.42850029,42.8500,2.158580,11.9390,28,71.4286,true
3.75,NoDOGE,1,1.76498751,76.4988,3.350860,6.4138,46,52.1739,true
3.75,NoDOGE,2,1.70030053,70.0301,3.133492,11.7342,36,61.1111,true
3.75,NoDOGE,3,0.99544724,-0.4553,0.084838,21.6770,26,53.8462,false
3.75,NoDOGE,4,0.89211260,-10.7887,-0.363133,35.6112,39,46.1538,false
3.75,NoDOGE,5,1.10051656,10.0517,1.079519,6.6349,33,45.4545,true
3.75,Legacy4,0,1.61511656,61.5117,2.739603,8.2137,30,66.6667,true
3.75,Legacy4,1,1.37557069,37.5571,2.138755,8.5623,46,50.0000,true
3.75,Legacy4,2,1.43651425,43.6514,2.016220,14.1393,34,52.9412,true
3.75,Legacy4,3,1.08155927,8.1559,0.581448,16.0039,25,52.0000,true
3.75,Legacy4,4,0.88857190,-11.1428,-0.351643,35.8878,38,52.6316,false
3.75,Legacy4,5,0.91303870,-8.6961,-1.090830,13.9237,31,35.4839,false
3.75,Legacy4,6,0.97172608,-2.8274,-0.277811,12.5851,37,48.6486,false
3.75,Legacy5BNB,0,1.58331601,58.3316,2.597232,9.9964,34,64.7059,true
3.75,Legacy5BNB,1,1.35614005,35.6140,1.996014,8.5623,49,51.0204,true
3.75,Legacy5BNB,2,2.51815144,151.8151,4.281864,9.2328,40,62.5000,true
3.75,Legacy5BNB,3,1.08703130,8.7031,0.573067,16.0039,29,55.1724,true
3.75,Legacy5BNB,4,1.01878013,1.8780,0.248604,33.1769,41,56.0976,true
3.75,Legacy5BNB,5,0.88013931,-11.9861,-1.479917,15.8561,35,34.2857,false
3.75,Legacy5BNB,6,1.01603783,1.6038,0.238008,11.9912,42,57.1429,true
3.75,OldGuardNoBNB,0,1.57916503,57.9165,2.451558,8.2121,31,64.5161,true
3.75,OldGuardNoBNB,1,1.43064525,43.0645,2.532447,9.3960,45,51.1111,true
3.75,OldGuardNoBNB,2,1.55775490,55.7755,2.252433,12.1842,41,51.2195,true
3.75,OldGuardNoBNB,3,1.22752618,22.7526,1.146970,20.5479,34,50.0000,true
3.75,OldGuardNoBNB,4,0.83259141,-16.7409,-0.558226,37.2143,44,50.0000,false
3.75,OldGuardNoBNB,5,0.91968343,-8.0317,-0.935868,14.1703,37,40.5405,false
3.75,OldGuardNoBNB,6,0.92199859,-7.8001,-0.769487,16.5484,40,45.0000,false
3.75,LargeCaps5,0,1.44251721,44.2517,2.287147,12.7374,33,69.6970,true
3.75,LargeCaps5,1,1.65439839,65.4398,2.997660,8.8541,52,50.0000,true
3.75,LargeCaps5,2,2.75631673,175.6317,4.815882,6.3315,43,65.1163,true
3.75,LargeCaps5,3,1.00990779,0.9908,0.178938,19.1940,29,58.6207,true
3.75,LargeCaps5,4,1.01565241,1.5652,0.230162,33.6964,41,51.2195,true
3.75,LargeCaps5,5,1.08583691,8.5837,0.929562,7.4401,37,45.9459,true
3.75,Legacy3,0,1.33318498,33.3185,1.933771,6.5377,26,61.5385,true
3.75,Legacy3,1,1.45453415,45.4534,3.014321,7.1606,38,52.6316,true
3.75,Legacy3,2,1.31364323,31.3643,1.742893,12.3419,27,55.5556,true
3.75,Legacy3,3,1.07025975,7.0260,0.530335,13.7927,20,45.0000,true
3.75,Legacy3,4,0.87500684,-12.4993,-0.653043,29.5143,32,46.8750,false
3.75,Legacy3,5,0.92704784,-7.2952,-1.056987,13.6600,27,29.6296,false
3.75,Legacy3,6,0.93991920,-6.0081,-0.748058,11.9358,34,47.0588,false
3.75,LowVolume5,0,1.63241353,63.2414,2.829308,8.2924,32,68.7500,true
3.75,LowVolume5,1,1.60485771,60.4858,2.911733,11.6321,41,46.3415,true
3.75,LowVolume5,2,1.50391894,50.3919,2.207604,12.5209,34,58.8235,true
3.75,LowVolume5,3,0.85176572,-14.8234,-0.588051,36.2976,31,41.9355,false
3.75,LowVolume5,4,0.84958551,-15.0414,-0.650882,39.3009,35,48.5714,false
3.75,LowVolume5,5,1.05556129,5.5561,0.613100,15.3831,37,37.8378,true
3.75,LowVolume5,6,0.84538076,-15.4619,-1.664291,16.4003,35,37.1429,false
3.75,OldGuard4,0,1.31603268,31.6033,1.752920,8.4385,28,60.7143,true
3.75,OldGuard4,1,1.26364774,26.3648,1.889851,8.9309,40,47.5000,true
3.75,OldGuard4,2,1.45076520,45.0765,1.987320,13.4250,35,54.2857,true
3.75,OldGuard4,3,1.14624018,14.6240,0.819662,19.5894,30,43.3333,true
3.75,OldGuard4,4,0.81988096,-18.0119,-0.859435,35.1357,38,44.7368,false
3.75,OldGuard4,5,0.92035310,-7.9647,-1.087930,15.3580,34,35.2941,false
3.75,OldGuard4,6,0.88387181,-11.6128,-1.252515,16.6011,40,40.0000,false
3.80,Base5,0,1.75538951,75.5390,2.137761,18.9543,35,68.5714,true
3.80,Base5,1,1.81519094,81.5191,3.537934,6.6579,48,52.0833,true
3.80,Base5,2,1.90940536,90.9405,3.484882,8.4415,42,61.9048,true
3.80,Base5,3,1.03175038,3.1750,0.314397,20.5822,30,56.6667,true
3.80,Base5,4,0.95602601,-4.3974,-0.015825,36.3887,42,47.6190,false
3.80,Base5,5,1.15327417,15.3274,1.352821,7.9512,42,42.8571,true
3.80,NoDOGE,0,1.49714176,49.7142,2.419122,12.4795,28,75.0000,true
3.80,NoDOGE,1,1.76498751,76.4988,3.350860,6.4138,46,52.1739,true
3.80,NoDOGE,2,1.72376991,72.3770,3.176472,11.7342,36,61.1111,true
3.80,NoDOGE,3,0.99544724,-0.4553,0.084838,21.6770,26,53.8462,false
3.80,NoDOGE,4,0.87196918,-12.8031,-0.475698,37.0651,38,47.3684,false
3.80,NoDOGE,5,1.10716002,10.7160,1.143108,6.4032,33,45.4545,true
3.80,Legacy4,0,1.61511656,61.5117,2.739603,8.2137,30,66.6667,true
3.80,Legacy4,1,1.37557069,37.5571,2.138755,8.5623,46,50.0000,true
3.80,Legacy4,2,1.49044957,49.0450,2.329965,14.1393,32,53.1250,true
3.80,Legacy4,3,1.08155927,8.1559,0.581448,16.0039,25,52.0000,true
3.80,Legacy4,4,0.88482421,-11.5176,-0.367262,36.1582,38,52.6316,false
3.80,Legacy4,5,0.93123896,-6.8761,-0.835310,12.6604,31,35.4839,false
3.80,Legacy4,6,0.96353886,-3.6461,-0.380904,12.5479,37,45.9459,false
3.80,Legacy5BNB,0,1.57905474,57.9055,2.582371,9.9964,34,64.7059,true
3.80,Legacy5BNB,1,1.36090944,36.0909,2.017608,8.5623,49,51.0204,true
3.80,Legacy5BNB,2,2.46422473,146.4225,4.227207,9.2328,39,64.1026,true
3.80,Legacy5BNB,3,1.08703130,8.7031,0.573067,16.0039,29,55.1724,true
3.80,Legacy5BNB,4,1.01448326,1.4483,0.230982,33.4587,41,56.0976,true
3.80,Legacy5BNB,5,0.89768377,-10.2316,-1.229488,14.6212,35,34.2857,false
3.80,Legacy5BNB,6,1.01351171,1.3512,0.211394,11.9912,42,57.1429,true
3.80,OldGuardNoBNB,0,1.57916503,57.9165,2.451558,8.2121,31,64.5161,true
3.80,OldGuardNoBNB,1,1.43064525,43.0645,2.532447,9.3960,45,51.1111,true
3.80,OldGuardNoBNB,2,1.52928174,52.9282,2.191179,12.1842,39,51.2821,true
3.80,OldGuardNoBNB,3,1.22752618,22.7526,1.146970,20.5479,34,50.0000,true
3.80,OldGuardNoBNB,4,0.82907983,-17.0920,-0.572008,37.4791,44,50.0000,false
3.80,OldGuardNoBNB,5,0.93714027,-6.2860,-0.701303,12.9920,37,40.5405,false
3.80,OldGuardNoBNB,6,0.91423034,-8.5770,-0.861727,16.5129,40,42.5000,false
3.80,LargeCaps5,0,1.43863488,43.8635,2.271783,12.7374,33,69.6970,true
3.80,LargeCaps5,1,1.70588702,70.5887,3.186611,8.8541,51,50.9804,true
3.80,LargeCaps5,2,2.79436239,179.4362,4.860167,5.2556,43,65.1163,true
3.80,LargeCaps5,3,1.00990779,0.9908,0.178938,19.1940,29,58.6207,true
3.80,LargeCaps5,4,0.95560384,-4.4396,-0.050390,34.9351,40,50.0000,false
3.80,LargeCaps5,5,1.07351947,7.3519,0.815045,8.4901,36,44.4444,true
3.80,Legacy3,0,1.33318498,33.3185,1.933771,6.5377,26,61.5385,true
3.80,Legacy3,1,1.45453415,45.4534,3.014321,7.1606,38,52.6316,true
3.80,Legacy3,2,1.30472892,30.4729,1.690323,12.4840,27,55.5556,true
3.80,Legacy3,3,1.07025975,7.0260,0.530335,13.7927,20,45.0000,true
3.80,Legacy3,4,0.87131636,-12.8684,-0.677255,29.8116,32,46.8750,false
3.80,Legacy3,5,0.93747660,-6.2523,-0.884063,13.1388,27,29.6296,false
3.80,Legacy3,6,0.93977595,-6.0224,-0.747791,11.9492,33,45.4545,false
3.80,LowVolume5,0,1.63241353,63.2414,2.829308,8.2924,32,68.7500,true
3.80,LowVolume5,1,1.60485771,60.4858,2.911733,11.6321,41,46.3415,true
3.80,LowVolume5,2,1.43376548,43.3765,2.011905,12.6443,33,57.5758,true
3.80,LowVolume5,3,0.85176572,-14.8234,-0.588051,36.2976,31,41.9355,false
3.80,LowVolume5,4,0.84958551,-15.0414,-0.650882,39.3009,35,48.5714,false
3.80,LowVolume5,5,1.06643902,6.6439,0.709720,14.9518,37,37.8378,true
3.80,LowVolume5,6,0.85243406,-14.7566,-1.567902,15.7028,34,38.2353,false
3.80,OldGuard4,0,1.31603268,31.6033,1.752920,8.4385,28,60.7143,true
3.80,OldGuard4,1,1.26364774,26.3648,1.889851,8.9309,40,47.5000,true
3.80,OldGuard4,2,1.38309120,38.3091,1.765146,13.2337,34,52.9412,true
3.80,OldGuard4,3,1.14624018,14.6240,0.819662,19.5894,30,43.3333,true
3.80,OldGuard4,4,0.81642298,-18.3577,-0.880411,35.4093,38,44.7368,false
3.80,OldGuard4,5,0.92983749,-7.0163,-0.928575,14.9265,34,35.2941,false
3.80,OldGuard4,6,0.88373711,-11.6263,-1.245622,16.6138,39,38.4615,false
3.85,Base5,0,1.74286803,74.2868,2.113554,18.9543,35,68.5714,true
3.85,Base5,1,1.83178323,83.1783,3.582109,7.4214,47,53.1915,true
3.85,Base5,2,1.93605471,93.6055,3.538542,7.1636,42,61.9048,true
3.85,Base5,3,1.02940329,2.9403,0.300003,20.7628,30,56.6667,true
3.85,Base5,4,0.91274757,-8.7252,-0.194807,37.6981,41,48.7805,false
3.85,Base5,5,1.16094919,16.0949,1.409906,7.3386,42,42.8571,true
3.85,NoDOGE,0,1.48646241,48.6462,2.377217,12.5055,28,75.0000,true
3.85,NoDOGE,1,1.77414340,77.4143,3.366168,6.8598,45,53.3333,true
3.85,NoDOGE,2,1.74782837,74.7828,3.249917,10.5023,36,61.1111,true
3.85,NoDOGE,3,0.99318273,-0.6817,0.070120,21.8552,26,53.8462,false
3.85,NoDOGE,4,0.83249591,-16.7504,-0.660014,38.3606,37,48.6486,false
3.85,NoDOGE,5,1.11452816,11.4528,1.210985,6.4032,33,45.4545,true
3.85,Legacy4,0,1.61511656,61.5117,2.739603,8.2137,30,66.6667,true
3.85,Legacy4,1,1.40066458,40.0665,2.250110,8.5623,44,52.2727,true
3.85,Legacy4,2,1.51125160,51.1252,2.408120,14.1393,32,53.1250,true
3.85,Legacy4,3,1.07394969,7.3950,0.540368,16.5550,25,52.0000,true
3.85,Legacy4,4,0.89267068,-10.7329,-0.330368,36.1582,37,51.3514,false
3.85,Legacy4,5,0.93123896,-6.8761,-0.835310,12.6604,31,35.4839,false
3.85,Legacy4,6,0.96353886,-3.6461,-0.380904,12.5479,37,45.9459,false
3.85,Legacy5BNB,0,1.56650427,56.6504,2.531139,10.7118,34,64.7059,true
3.85,Legacy5BNB,1,1.38196585,38.1966,2.127170,8.5623,48,52.0833,true
3.85,Legacy5BNB,2,2.49861763,149.8618,4.293598,9.2328,39,64.1026,true
3.85,Legacy5BNB,3,1.07938322,7.9383,0.536764,16.5550,29,55.1724,true
3.85,Legacy5BNB,4,1.03277209,3.2772,0.307103,33.4587,40,57.5000,true
3.85,Legacy5BNB,5,0.89768377,-10.2316,-1.229488,14.6212,35,34.2857,false
3.85,Legacy5BNB,6,1.01351171,1.3512,0.211394,11.9912,42,57.1429,true
3.85,OldGuardNoBNB,0,1.57916503,57.9165,2.451558,8.2121,31,64.5161,true
3.85,OldGuardNoBNB,1,1.45674384,45.6744,2.650345,9.0397,43,53.4884,true
3.85,OldGuardNoBNB,2,1.55062575,55.0626,2.259138,12.1842,39,51.2821,true
3.85,OldGuardNoBNB,3,1.21888961,21.8890,1.112274,21.1069,34,50.0000,true
3.85,OldGuardNoBNB,4,0.83643197,-16.3568,-0.538396,37.4791,43,48.8372,false
3.85,OldGuardNoBNB,5,0.93714027,-6.2860,-0.701303,12.9920,37,40.5405,false
3.85,OldGuardNoBNB,6,0.91423034,-8.5770,-0.861727,16.5129,40,42.5000,false
3.85,LargeCaps5,0,1.41702002,41.7020,2.176470,14.0484,33,69.6970,true
3.85,LargeCaps5,1,1.71473632,71.4736,3.204440,9.5393,50,52.0000,true
3.85,LargeCaps5,2,2.79436239,179.4362,4.860167,5.2556,43,65.1163,true
3.85,LargeCaps5,3,1.00761039,0.7610,0.164408,19.3778,29,58.6207,true
3.85,LargeCaps5,4,0.89884479,-10.1155,-0.307531,36.2745,39,48.7179,false
3.85,LargeCaps5,5,1.09913183,9.9132,1.060412,6.4032,36,47.2222,true
3.85,Legacy3,0,1.33318498,33.3185,1.933771,6.5377,26,61.5385,true
3.85,Legacy3,1,1.46561761,46.5618,3.038964,6.7955,37,54.0541,true
3.85,Legacy3,2,1.30472892,30.4729,1.690323,12.4840,27,55.5556,true
3.85,Legacy3,3,1.06515275,6.5153,0.501509,14.1768,20,45.0000,true
3.85,Legacy3,4,0.87131636,-12.8684,-0.677255,29.8116,32,46.8750,false
3.85,Legacy3,5,0.93747660,-6.2523,-0.884063,13.1388,27,29.6296,false
3.85,Legacy3,6,0.93977595,-6.0224,-0.747791,11.9492,33,45.4545,false
3.85,LowVolume5,0,1.63241353,63.2414,2.829308,8.2924,32,68.7500,true
3.85,LowVolume5,1,1.62547528,62.5475,2.955877,12.3724,39,48.7179,true
3.85,LowVolume5,2,1.43376548,43.3765,2.011905,12.6443,33,57.5758,true
3.85,LowVolume5,3,0.84770132,-15.2299,-0.610116,36.6016,31,41.9355,false
3.85,LowVolume5,4,0.84958551,-15.0414,-0.650882,39.3009,35,48.5714,false
3.85,LowVolume5,5,1.06643902,6.6439,0.709720,14.9518,37,37.8378,true
3.85,LowVolume5,6,0.84586186,-15.4138,-1.644966,16.3528,34,38.2353,false
3.85,OldGuard4,0,1.31603268,31.6033,1.752920,8.4385,28,60.7143,true
3.85,OldGuard4,1,1.27327666,27.3277,1.927397,8.5727,39,48.7179,true
3.85,OldGuard4,2,1.38309120,38.3091,1.765146,13.2337,34,52.9412,true
3.85,OldGuard4,3,1.14077062,14.0771,0.795930,19.9731,30,43.3333,true
3.85,OldGuard4,4,0.81642298,-18.3577,-0.880411,35.4093,38,44.7368,false
3.85,OldGuard4,5,0.92983749,-7.0163,-0.928575,14.9265,34,35.2941,false
3.85,OldGuard4,6,0.88373711,-11.6263,-1.245622,16.6138,39,38.4615,false
3.90,Base5,0,1.73981329,73.9813,2.109099,18.9543,34,67.6471,true
3.90,Base5,1,1.84125563,84.1256,3.605467,7.4214,47,53.1915,true
3.90,Base5,2,1.83953009,83.9530,3.390825,7.1636,42,59.5238,true
3.90,Base5,3,1.02940329,2.9403,0.300003,20.7628,30,56.6667,true
3.90,Base5,4,0.91274757,-8.7252,-0.194807,37.6981,41,48.7805,false
3.90,Base5,5,1.21982089,21.9821,1.879753,7.3386,41,46.3415,true
3.90,NoDOGE,0,1.48385707,48.3857,2.372703,12.5055,27,74.0741,true
3.90,NoDOGE,1,1.77611468,77.6115,3.371023,6.8598,45,53.3333,true
3.90,NoDOGE,2,1.74626870,74.6269,3.242322,10.5023,36,61.1111,true
3.90,NoDOGE,3,0.99318273,-0.6817,0.070120,21.8552,26,53.8462,false
3.90,NoDOGE,4,0.83249591,-16.7504,-0.660014,38.3606,37,48.6486,false
3.90,NoDOGE,5,1.12185826,12.1858,1.215840,7.2904,32,46.8750,true
3.90,Legacy4,0,1.56844076,56.8441,2.602784,9.1730,28,64.2857,true
3.90,Legacy4,1,1.40222089,40.2221,2.255749,8.5623,44,52.2727,true
3.90,Legacy4,2,1.50990304,50.9903,2.401004,14.2159,32,53.1250,true
3.90,Legacy4,3,1.07394969,7.3950,0.540368,16.5550,25,52.0000,true
3.90,Legacy4,4,0.89267068,-10.7329,-0.330368,36.1582,37,51.3514,false
3.90,Legacy4,5,0.92344595,-7.6554,-0.946734,12.6604,31,35.4839,false
3.90,Legacy4,6,0.97871904,-2.1281,-0.199451,11.9758,36,47.2222,false
3.90,Legacy5BNB,0,1.76176684,76.1767,2.913619,8.4155,33,66.6667,true
3.90,Legacy5BNB,1,1.38350138,38.3501,2.132808,8.5623,48,52.0833,true
3.90,Legacy5BNB,2,2.66420636,166.4206,4.311892,9.3138,38,63.1579,true
3.90,Legacy5BNB,3,1.07938322,7.9383,0.536764,16.5550,29,55.1724,true
3.90,Legacy5BNB,4,1.03277209,3.2772,0.307103,33.4587,40,57.5000,true
3.90,Legacy5BNB,5,0.89087665,-10.9123,-1.328150,14.6212,35,34.2857,false
3.90,Legacy5BNB,6,1.02055431,2.0554,0.285419,11.3796,42,57.1429,true
3.90,OldGuardNoBNB,0,1.63127824,63.1278,2.615833,5.9605,30,63.3333,true
3.90,OldGuardNoBNB,1,1.45836246,45.8362,2.655946,9.0397,43,53.4884,true
3.90,OldGuardNoBNB,2,1.54924205,54.9242,2.253323,12.2625,39,51.2821,true
3.90,OldGuardNoBNB,3,1.21888961,21.8890,1.112274,21.1069,34,50.0000,true
3.90,OldGuardNoBNB,4,0.83643197,-16.3568,-0.538396,37.4791,43,48.8372,false
3.90,OldGuardNoBNB,5,0.92929787,-7.0702,-0.804058,12.9920,37,40.5405,false
3.90,OldGuardNoBNB,6,0.92863368,-7.1366,-0.708220,15.9667,39,43.5897,false
3.90,LargeCaps5,0,1.36369278,36.3693,1.894117,18.3173,33,69.6970,true
3.90,LargeCaps5,1,1.71473632,71.4736,3.204440,9.5393,50,52.0000,true
3.90,LargeCaps5,2,2.97955076,197.9551,4.860362,5.2556,42,64.2857,true
3.90,LargeCaps5,3,1.00761039,0.7610,0.164408,19.3778,29,58.6207,true
3.90,LargeCaps5,4,0.89884479,-10.1155,-0.307531,36.2745,39,48.7179,false
3.90,LargeCaps5,5,1.10723701,10.7237,1.081775,7.2904,35,48.5714,true
3.90,Legacy3,0,1.34623095,34.6231,2.031300,6.0776,25,64.0000,true
3.90,Legacy3,1,1.46561761,46.5618,3.038964,6.7955,37,54.0541,true
3.90,Legacy3,2,1.30356465,30.3565,1.683396,12.4840,27,55.5556,true
3.90,Legacy3,3,1.06515275,6.5153,0.501509,14.1768,20,45.0000,true
3.90,Legacy3,4,0.87131636,-12.8684,-0.677255,29.8116,32,46.8750,false
3.90,Legacy3,5,0.92963139,-7.0369,-0.997858,13.1388,27,29.6296,false
3.90,Legacy3,6,0.95458175,-4.5418,-0.553782,10.5792,32,46.8750,false
3.90,LowVolume5,0,1.67360091,67.3601,3.069740,6.3207,31,70.9677,true
3.90,LowVolume5,1,1.62547528,62.5475,2.955877,12.3724,39,48.7179,true
3.90,LowVolume5,2,1.43248606,43.2486,2.012121,12.6443,33,57.5758,true
3.90,LowVolume5,3,0.84770132,-15.2299,-0.610116,36.6016,31,41.9355,false
3.90,LowVolume5,4,0.84958551,-15.0414,-0.650882,39.3009,35,48.5714,false
3.90,LowVolume5,5,1.05740755,5.7408,0.623837,14.9518,37,37.8378,true
3.90,LowVolume5,6,0.84586186,-15.4138,-1.644966,16.3528,34,38.2353,false
3.90,OldGuard4,0,1.33342355,33.3424,1.881856,5.1897,27,62.9630,true
3.90,OldGuard4,1,1.27327666,27.3277,1.927397,8.5727,39,48.7179,true
3.90,OldGuard4,2,1.38185701,38.1857,1.759451,13.2337,34,52.9412,true
3.90,OldGuard4,3,1.14077062,14.0771,0.795930,19.9731,30,43.3333,true
3.90,OldGuard4,4,0.81642298,-18.3577,-0.880411,35.4093,38,44.7368,false
3.90,OldGuard4,5,0.92205621,-7.7944,-1.033911,14.9265,34,35.2941,false
3.90,OldGuard4,6,0.89766004,-10.2340,-1.086391,15.3001,38,39.4737,false
3.95,Base5,0,1.75713498,75.7135,2.141713,18.9543,34,67.6471,true
3.95,Base5,1,1.83704150,83.7041,3.594684,7.4214,47,53.1915,true
3.95,Base5,2,1.91559233,91.5592,3.538212,7.1636,41,60.9756,true
3.95,Base5,3,1.02940329,2.9403,0.300003,20.7628,30,56.6667,true
3.95,Base5,4,0.93077564,-6.9224,-0.112649,37.6981,40,47.5000,false
3.95,Base5,5,1.21804999,21.8050,1.866114,7.3386,41,46.3415,true
3.95,NoDOGE,0,1.49863045,49.8630,2.429861,12.4795,27,74.0741,true
3.95,NoDOGE,1,1.77204964,77.2050,3.360184,6.8598,45,53.3333,true
3.95,NoDOGE,2,1.81315114,81.3151,3.378411,10.5023,35,62.8571,true
3.95,NoDOGE,3,0.99318273,-0.6817,0.070120,21.8552,26,53.8462,false
3.95,NoDOGE,4,0.84893889,-15.1061,-0.566793,38.3606,36,47.2222,false
3.95,NoDOGE,5,1.12022957,12.0230,1.201260,7.2904,32,46.8750,true
3.95,Legacy4,0,1.56844076,56.8441,2.602784,9.1730,28,64.2857,true
3.95,Legacy4,1,1.40222089,40.2221,2.255749,8.5623,44,52.2727,true
3.95,Legacy4,2,1.54402892,54.4029,2.527226,12.2770,31,51.6129,true
3.95,Legacy4,3,1.07394969,7.3950,0.540368,16.5550,25,52.0000,true
3.95,Legacy4,4,0.90279004,-9.7210,-0.277212,36.3619,36,50.0000,false
3.95,Legacy4,5,0.92210531,-7.7895,-0.964477,12.7872,31,35.4839,false
3.95,Legacy4,6,0.97716635,-2.2834,-0.213174,13.0465,36,47.2222,false
3.95,Legacy5BNB,0,1.76176684,76.1767,2.913619,8.4155,33,66.6667,true
3.95,Legacy5BNB,1,1.38137047,38.1370,2.121493,8.5623,48,52.0833,true
3.95,Legacy5BNB,2,2.72442108,172.4421,4.412428,7.7178,37,62.1622,true
3.95,Legacy5BNB,3,1.07938322,7.9383,0.536764,16.5550,29,55.1724,true
3.95,Legacy5BNB,4,1.04447966,4.4480,0.355110,33.6710,39,56.4103,true
3.95,Legacy5BNB,5,0.87313621,-12.6864,-1.557291,16.6862,35,31.4286,false
3.95,Legacy5BNB,6,1.02029535,2.0295,0.282341,11.3796,42,57.1429,true
3.95,OldGuardNoBNB,0,1.63127824,63.1278,2.615833,5.9605,30,63.3333,true
3.95,OldGuardNoBNB,1,1.45836246,45.8362,2.655946,9.0397,43,53.4884,true
3.95,OldGuardNoBNB,2,1.58425705,58.4257,2.365825,10.2796,38,50.0000,true
3.95,OldGuardNoBNB,3,1.17352331,17.3523,0.925978,21.1069,34,50.0000,true
3.95,OldGuardNoBNB,4,0.84591381,-15.4086,-0.488438,37.6786,42,47.6190,false
3.95,OldGuardNoBNB,5,0.92929787,-7.0702,-0.804058,12.9920,37,40.5405,false
3.95,OldGuardNoBNB,6,0.92716046,-7.2840,-0.714379,16.9888,39,43.5897,false
3.95,LargeCaps5,0,1.37726979,37.7270,1.951055,18.2533,33,69.6970,true
3.95,LargeCaps5,1,1.70817672,70.8177,3.188746,9.6786,50,52.0000,true
3.95,LargeCaps5,2,3.06755960,206.7560,4.980156,5.2556,41,63.4146,true
3.95,LargeCaps5,3,1.00761039,0.7610,0.164408,19.3778,29,58.6207,true
3.95,LargeCaps5,4,0.91715279,-8.2847,-0.219261,36.2745,38,47.3684,false
3.95,LargeCaps5,5,1.10562955,10.5630,1.066917,7.2904,35,48.5714,true
3.95,Legacy3,0,1.34623095,34.6231,2.031300,6.0776,25,64.0000,true
3.95,Legacy3,1,1.46561761,46.5618,3.038964,6.7955,37,54.0541,true
3.95,Legacy3,2,1.33302700,33.3027,1.816896,12.4840,26,53.8462,true
3.95,Legacy3,3,1.06515275,6.5153,0.501509,14.1768,20,45.0000,true
3.95,Legacy3,4,0.88119365,-11.8806,-0.605004,30.0355,31,45.1613,false
3.95,Legacy3,5,0.92828177,-7.1718,-1.019639,13.2649,27,29.6296,false
3.95,Legacy3,6,0.95458175,-4.5418,-0.553782,10.5792,32,46.8750,false
3.95,LowVolume5,0,1.67360091,67.3601,3.069740,6.3207,31,70.9677,true
3.95,LowVolume5,1,1.62547528,62.5475,2.955877,12.3724,39,48.7179,true
3.95,LowVolume5,2,1.46486221,46.4862,2.130140,12.6443,32,56.2500,true
3.95,LowVolume5,3,0.81615041,-18.3850,-0.784607,38.8504,31,41.9355,false
3.95,LowVolume5,4,0.84257441,-15.7426,-0.692697,39.4945,35,48.5714,false
3.95,LowVolume5,5,1.05587243,5.5872,0.609661,15.0753,37,37.8378,true
3.95,LowVolume5,6,0.84394064,-15.6059,-1.666486,16.5427,34,38.2353,false
3.95,OldGuard4,0,1.33342355,33.3424,1.881856,5.1897,27,62.9630,true
3.95,OldGuard4,1,1.27327666,27.3277,1.927397,8.5727,39,48.7179,true
3.95,OldGuard4,2,1.41308887,41.3089,1.875094,13.2337,33,51.5152,true
3.95,OldGuard4,3,1.09831187,9.8312,0.608076,19.9731,30,43.3333,true
3.95,OldGuard4,4,0.82567800,-17.4322,-0.817035,35.6154,37,43.2432,false
3.95,OldGuard4,5,0.92071759,-7.9282,-1.052424,15.0500,34,35.2941,false
3.95,OldGuard4,6,0.89562118,-10.4379,-1.111064,15.4925,38,39.4737,false
4.00,Base5,0,1.74979297,74.9793,2.127229,18.9543,34,67.6471,true
4.00,Base5,1,1.83744997,83.7450,3.587102,7.2460,47,53.1915,true
4.00,Base5,2,2.00740546,100.7405,3.740940,7.1636,40,62.5000,true
4.00,Base5,3,1.02940329,2.9403,0.300003,20.7628,30,56.6667,true
4.00,Base5,4,0.93077564,-6.9224,-0.112649,37.6981,40,47.5000,false
4.00,Base5,5,1.22057268,22.0573,1.885564,7.3386,41,46.3415,true
4.00,NoDOGE,0,1.49236857,49.2369,2.405806,12.8028,27,74.0741,true
4.00,NoDOGE,1,2.00254018,100.2540,4.024788,6.8598,44,54.5455,true
4.00,NoDOGE,2,1.90005433,90.0054,3.589058,10.5023,34,64.7059,true
4.00,NoDOGE,3,0.99318273,-0.6817,0.070120,21.8552,26,53.8462,false
4.00,NoDOGE,4,0.84893889,-15.1061,-0.566793,38.3606,36,47.2222,false
4.00,NoDOGE,5,1.12254967,12.2550,1.222319,7.2904,32,46.8750,true
4.00,Legacy4,0,1.56844076,56.8441,2.602784,9.1730,28,64.2857,true
4.00,Legacy4,1,1.44742732,44.7427,2.486153,7.4133,43,53.4884,true
4.00,Legacy4,2,1.47991074,47.9911,2.369545,12.2770,30,53.3333,true
4.00,Legacy4,3,1.09659113,9.6591,0.662976,15.1539,24,54.1667,true
4.00,Legacy4,4,0.93135259,-6.8647,-0.140534,35.0150,36,50.0000,false
4.00,Legacy4,5,0.92210531,-7.7895,-0.964477,12.7872,31,35.4839,false
4.00,Legacy4,6,0.99171335,-0.8287,-0.036448,11.9570,36,47.2222,false
4.00,Legacy5BNB,0,1.76176684,76.1767,2.913619,8.4155,33,66.6667,true
4.00,Legacy5BNB,1,1.41371850,41.3718,2.252871,7.4594,48,52.0833,true
4.00,Legacy5BNB,2,2.71177857,171.1779,4.443177,7.7178,34,67.6471,true
4.00,Legacy5BNB,3,1.10213921,10.2139,0.644872,15.1539,28,57.1429,true
4.00,Legacy5BNB,4,1.07752499,7.7525,0.486943,32.2671,39,56.4103,true
4.00,Legacy5BNB,5,0.87313621,-12.6864,-1.557291,16.6862,35,31.4286,false
4.00,Legacy5BNB,6,1.02267042,2.2670,0.307131,11.3796,42,57.1429,true
4.00,OldGuardNoBNB,0,1.63127824,63.1278,2.615833,5.9605,30,63.3333,true
4.00,OldGuardNoBNB,1,1.45613180,45.6132,2.644877,9.1788,43,53.4884,true
4.00,OldGuardNoBNB,2,1.74492888,74.4929,2.896368,10.2796,36,55.5556,true
4.00,OldGuardNoBNB,3,1.19418342,19.4183,1.013267,19.8067,33,51.5152,true
4.00,OldGuardNoBNB,4,0.87267690,-12.7323,-0.364068,35.7068,42,47.6190,false
4.00,OldGuardNoBNB,5,0.92929787,-7.0702,-0.804058,12.9920,37,40.5405,false
4.00,OldGuardNoBNB,6,0.93737528,-6.2625,-0.592259,16.2692,39,43.5897,false
4.00,LargeCaps5,0,1.37858356,37.8584,1.952594,18.1753,33,69.6970,true
4.00,LargeCaps5,1,1.71390567,71.3906,3.211109,9.6786,49,53.0612,true
4.00,LargeCaps5,2,3.21075480,221.0755,5.127374,5.2556,39,69.2308,true
4.00,LargeCaps5,3,1.00761039,0.7610,0.164408,19.3778,29,58.6207,true
4.00,LargeCaps5,4,0.91715279,-8.2847,-0.219261,36.2745,38,47.3684,false
4.00,LargeCaps5,5,1.10791941,10.7919,1.086272,7.2904,35,48.5714,true
4.00,Legacy3,0,1.34623095,34.6231,2.031300,6.0776,25,64.0000,true
4.00,Legacy3,1,1.46337585,46.3376,3.026070,6.9380,37,54.0541,true
4.00,Legacy3,2,1.40365308,40.3653,2.001690,8.1529,25,56.0000,true
4.00,Legacy3,3,1.08760872,8.7609,0.628438,12.7358,19,47.3684,true
4.00,Legacy3,4,0.90907293,-9.0927,-0.421406,28.5547,31,45.1613,false
4.00,Legacy3,5,0.92828177,-7.1718,-1.019639,13.2649,27,29.6296,false
4.00,Legacy3,6,0.95680386,-4.3196,-0.523317,10.5792,32,46.8750,false
4.00,LowVolume5,0,1.67360091,67.3601,3.069740,6.3207,31,70.9677,true
4.00,LowVolume5,1,1.62276206,62.2762,2.921254,12.3724,39,48.7179,true
4.00,LowVolume5,2,1.46486221,46.4862,2.130140,12.6443,32,56.2500,true
4.00,LowVolume5,3,0.83051890,-16.9481,-0.706589,37.7739,30,43.3333,false
4.00,LowVolume5,4,0.86923185,-13.0768,-0.539029,37.7094,35,48.5714,false
4.00,LowVolume5,5,1.04659779,4.6598,0.521010,15.9952,37,37.8378,true
4.00,LowVolume5,6,0.84262455,-15.7375,-1.656570,16.8664,34,38.2353,false
4.00,OldGuard4,0,1.33342355,33.3424,1.881856,5.1897,27,62.9630,true
4.00,OldGuard4,1,1.27132910,27.1329,1.915197,8.7126,39,48.7179,true
4.00,OldGuard4,2,1.40725207,40.7252,1.858349,13.2072,33,51.5152,true
4.00,OldGuard4,3,1.11764786,11.7648,0.695367,18.6542,29,44.8276,true
4.00,OldGuard4,4,0.85180087,-14.8199,-0.661076,33.5784,37,43.2432,false
4.00,OldGuard4,5,0.92071759,-7.9282,-1.052424,15.0500,34,35.2941,false
4.00,OldGuard4,6,0.89422449,-10.5776,-1.121251,15.8202,38,39.4737,false
4.05,Base5,0,1.74979297,74.9793,2.127229,18.9543,34,67.6471,true
4.05,Base5,1,1.79384674,79.3847,3.410382,7.2460,47,51.0638,true
4.05,Base5,2,2.15009729,115.0097,3.905993,7.1636,39,64.1026,true
4.05,Base5,3,1.02940329,2.9403,0.300003,20.7628,30,56.6667,true
4.05,Base5,4,0.93077564,-6.9224,-0.112649,37.6981,40,47.5000,false
4.05,Base5,5,1.21942377,21.9424,1.876911,7.4258,41,46.3415,true
4.05,NoDOGE,0,1.49236857,49.2369,2.405806,12.8028,27,74.0741,true
4.05,NoDOGE,1,1.97591135,97.5911,3.892054,6.8598,43,53.4884,true
4.05,NoDOGE,2,1.90005433,90.0054,3.589058,10.5023,34,64.7059,true
4.05,NoDOGE,3,0.99318273,-0.6817,0.070120,21.8552,26,53.8462,false
4.05,NoDOGE,4,0.84893889,-15.1061,-0.566793,38.3606,36,47.2222,false
4.05,NoDOGE,5,1.12149303,12.1493,1.212882,7.2904,32,46.8750,true
4.05,Legacy4,0,1.56844076,56.8441,2.602784,9.1730,28,64.2857,true
4.05,Legacy4,1,1.41554217,41.5542,2.295960,9.1110,42,52.3810,true
4.05,Legacy4,2,1.47991074,47.9911,2.369545,12.2770,30,53.3333,true
4.05,Legacy4,3,1.09659113,9.6591,0.662976,15.1539,24,54.1667,true
4.05,Legacy4,4,0.93135259,-6.8647,-0.140534,35.0150,36,50.0000,false
4.05,Legacy4,5,0.92210531,-7.7895,-0.964477,12.7872,31,35.4839,false
4.05,Legacy4,6,0.99171335,-0.8287,-0.036448,11.9570,36,47.2222,false
4.05,Legacy5BNB,0,1.76176684,76.1767,2.913619,8.4155,33,66.6667,true
4.05,Legacy5BNB,1,1.38257591,38.2576,2.062128,10.0256,47,51.0638,true
4.05,Legacy5BNB,2,2.71177857,171.1779,4.443177,7.7178,34,67.6471,true
4.05,Legacy5BNB,3,1.10213921,10.2139,0.644872,15.1539,28,57.1429,true
4.05,Legacy5BNB,4,1.07752499,7.7525,0.486943,32.2671,39,56.4103,true
4.05,Legacy5BNB,5,0.87313621,-12.6864,-1.557291,16.6862,35,31.4286,false
4.05,Legacy5BNB,6,1.02267042,2.2670,0.307131,11.3796,42,57.1429,true
4.05,OldGuardNoBNB,0,1.63127824,63.1278,2.615833,5.9605,30,63.3333,true
4.05,OldGuardNoBNB,1,1.42732097,42.7321,2.432376,9.1788,43,51.1628,true
4.05,OldGuardNoBNB,2,1.74492888,74.4929,2.896368,10.2796,36,55.5556,true
4.05,OldGuardNoBNB,3,1.19543392,19.5434,1.018377,19.7227,33,51.5152,true
4.05,OldGuardNoBNB,4,0.87267690,-12.7323,-0.364068,35.7068,42,47.6190,false
4.05,OldGuardNoBNB,5,0.92929787,-7.0702,-0.804058,12.9920,37,40.5405,false
4.05,OldGuardNoBNB,6,0.93737528,-6.2625,-0.592259,16.2692,39,43.5897,false
4.05,LargeCaps5,0,1.37858356,37.8584,1.952594,18.1753,33,69.6970,true
4.05,LargeCaps5,1,1.67323419,67.3234,3.021232,9.4923,49,51.0204,true
4.05,LargeCaps5,2,3.21075480,221.0755,5.127374,5.2556,39,69.2308,true
4.05,LargeCaps5,3,1.00761039,0.7610,0.164408,19.3778,29,58.6207,true
4.05,LargeCaps5,4,0.91715279,-8.2847,-0.219261,36.2745,38,47.3684,false
4.05,LargeCaps5,5,1.10687654,10.6877,1.076912,7.2904,35,48.5714,true
4.05,Legacy3,0,1.34623095,34.6231,2.031300,6.0776,25,64.0000,true
4.05,Legacy3,1,1.48410748,48.4107,3.067684,6.9380,36,52.7778,true
4.05,Legacy3,2,1.40365308,40.3653,2.001690,8.1529,25,56.0000,true
4.05,Legacy3,3,1.08760872,8.7609,0.628438,12.7358,19,47.3684,true
4.05,Legacy3,4,0.90907293,-9.0927,-0.421406,28.5547,31,45.1613,false
4.05,Legacy3,5,0.92828177,-7.1718,-1.019639,13.2649,27,29.6296,false
4.05,Legacy3,6,0.95680386,-4.3196,-0.523317,10.5792,32,46.8750,false
4.05,LowVolume5,0,1.67360091,67.3601,3.069740,6.3207,31,70.9677,true
4.05,LowVolume5,1,1.62276206,62.2762,2.921254,12.3724,39,48.7179,true
4.05,LowVolume5,2,1.46486221,46.4862,2.130140,12.6443,32,56.2500,true
4.05,LowVolume5,3,0.83138859,-16.8611,-0.701711,37.7087,30,43.3333,false
4.05,LowVolume5,4,0.86923185,-13.0768,-0.539029,37.7094,35,48.5714,false
4.05,LowVolume5,5,1.04659779,4.6598,0.521010,15.9952,37,37.8378,true
4.05,LowVolume5,6,0.84262455,-15.7375,-1.656570,16.8664,34,38.2353,false
4.05,OldGuard4,0,1.33342355,33.3424,1.881856,5.1897,27,62.9630,true
4.05,OldGuard4,1,1.28934000,28.9340,1.973804,8.7126,38,47.3684,true
4.05,OldGuard4,2,1.40725207,40.7252,1.858349,13.2072,33,51.5152,true
4.05,OldGuard4,3,1.11881822,11.8818,0.700538,18.5690,29,44.8276,true
4.05,OldGuard4,4,0.85180087,-14.8199,-0.661076,33.5784,37,43.2432,false
4.05,OldGuard4,5,0.92071759,-7.9282,-1.052424,15.0500,34,35.2941,false
4.05,OldGuard4,6,0.89422449,-10.5776,-1.121251,15.8202,38,39.4737,false
4.10,Base5,0,1.74979297,74.9793,2.127229,18.9543,34,67.6471,true
4.10,Base5,1,1.79384674,79.3847,3.410382,7.2460,47,51.0638,true
4.10,Base5,2,2.13560713,113.5607,3.884825,7.1636,39,64.1026,true
4.10,Base5,3,1.00922339,0.9223,0.175224,22.3162,30,56.6667,true
4.10,Base5,4,0.92733064,-7.2669,-0.127822,37.6981,40,47.5000,false
4.10,Base5,5,1.21543436,21.5434,1.843630,7.4258,41,46.3415,true
4.10,NoDOGE,0,1.49236857,49.2369,2.405806,12.8028,27,74.0741,true
4.10,NoDOGE,1,1.97591135,97.5911,3.892054,6.8598,43,53.4884,true
4.10,NoDOGE,2,1.88724928,88.7249,3.566203,10.5023,34,64.7059,true
4.10,NoDOGE,3,0.97371288,-2.6287,-0.056680,23.3871,26,53.8462,false
4.10,NoDOGE,4,0.84579679,-15.4203,-0.583604,38.3606,36,47.2222,false
4.10,NoDOGE,5,1.12149303,12.1493,1.212882,7.2904,32,46.8750,true
4.10,Legacy4,0,1.56844076,56.8441,2.602784,9.1730,28,64.2857,true
4.10,Legacy4,1,1.42406559,42.4066,2.332228,9.1110,42,52.3810,true
4.10,Legacy4,2,1.49696751,49.6968,2.430401,12.8682,30,53.3333,true
4.10,Legacy4,3,1.06214514,6.2145,0.510626,15.1539,24,50.0000,true
4.10,Legacy4,4,0.92234028,-7.7660,-0.182754,35.0150,36,50.0000,false
4.10,Legacy4,5,0.92210531,-7.7895,-0.964477,12.7872,31,35.4839,false
4.10,Legacy4,6,0.99171335,-0.8287,-0.036448,11.9570,36,47.2222,false
4.10,Legacy5BNB,0,1.76176684,76.1767,2.913619,8.4155,33,66.6667,true
4.10,Legacy5BNB,1,1.39090083,39.0901,2.100584,10.0256,47,51.0638,true
4.10,Legacy5BNB,2,2.74303328,174.3033,4.486627,7.7178,34,67.6471,true
4.10,Legacy5BNB,3,1.06751894,6.7519,0.502571,15.1539,28,53.5714,true
4.10,Legacy5BNB,4,1.06709823,6.7098,0.445785,32.2671,39,56.4103,true
4.10,Legacy5BNB,5,0.87313621,-12.6864,-1.557291,16.6862,35,31.4286,false
4.10,Legacy5BNB,6,1.02267042,2.2670,0.307131,11.3796,42,57.1429,true
4.10,OldGuardNoBNB,0,1.63127824,63.1278,2.615833,5.9605,30,63.3333,true
4.10,OldGuardNoBNB,1,1.43591531,43.5915,2.469927,9.1788,43,51.1628,true
4.10,OldGuardNoBNB,2,1.76504012,76.5040,2.952834,10.8842,36,55.5556,true
4.10,OldGuardNoBNB,3,1.15706276,15.7063,0.906357,19.7227,32,50.0000,true
4.10,OldGuardNoBNB,4,0.86423237,-13.5768,-0.402936,35.7068,42,47.6190,false
4.10,OldGuardNoBNB,5,0.92929787,-7.0702,-0.804058,12.9920,37,40.5405,false
4.10,OldGuardNoBNB,6,0.93737528,-6.2625,-0.592259,16.2692,39,43.5897,false
4.10,LargeCaps5,0,1.37858356,37.8584,1.952594,18.1753,33,69.6970,true
4.10,LargeCaps5,1,1.67323419,67.3234,3.021232,9.4923,49,51.0204,true
4.10,LargeCaps5,2,3.26192465,226.1925,5.209364,5.2556,38,71.0526,true
4.10,LargeCaps5,3,0.98785770,-1.2142,0.038897,20.9583,29,58.6207,false
4.10,LargeCaps5,4,0.91375822,-8.6242,-0.235865,36.2745,38,47.3684,false
4.10,LargeCaps5,5,1.10687654,10.6877,1.076912,7.2904,35,48.5714,true
4.10,Legacy3,0,1.34623095,34.6231,2.031300,6.0776,25,64.0000,true
4.10,Legacy3,1,1.49304375,49.3044,3.110144,6.9380,36,52.7778,true
4.10,Legacy3,2,1.41983093,41.9831,2.063653,8.4285,25,56.0000,true
4.10,Legacy3,3,1.05344489,5.3445,0.467702,12.7358,19,42.1053,true
4.10,Legacy3,4,0.90027621,-9.9724,-0.477606,28.5547,31,45.1613,false
4.10,Legacy3,5,0.92828177,-7.1718,-1.019639,13.2649,27,29.6296,false
4.10,Legacy3,6,0.95680386,-4.3196,-0.523317,10.5792,32,46.8750,false
4.10,LowVolume5,0,1.67360091,67.3601,3.069740,6.3207,31,70.9677,true
4.10,LowVolume5,1,1.63253321,63.2533,2.955959,11.8448,39,48.7179,true
4.10,LowVolume5,2,1.49179923,49.1799,2.222138,12.6443,32,56.2500,true
4.10,LowVolume5,3,0.80470259,-19.5297,-0.942061,37.7087,29,41.3793,false
4.10,LowVolume5,4,0.86401857,-13.5981,-0.568315,37.7094,35,48.5714,false
4.10,LowVolume5,5,1.04659779,4.6598,0.521010,15.9952,37,37.8378,true
4.10,LowVolume5,6,0.84262455,-15.7375,-1.656570,16.8664,34,38.2353,false
4.10,OldGuard4,0,1.33342355,33.3424,1.881856,5.1897,27,62.9630,true
4.10,OldGuard4,1,1.29710351,29.7104,2.016255,8.7126,38,47.3684,true
4.10,OldGuard4,2,1.42347141,42.3471,1.915522,13.2072,33,51.5152,true
4.10,OldGuard4,3,1.08290628,8.2906,0.561436,18.5690,28,42.8571,true
4.10,OldGuard4,4,0.84355834,-15.6442,-0.709844,33.8336,37,43.2432,false
4.10,OldGuard4,5,0.92071759,-7.9282,-1.052424,15.0500,34,35.2941,false
4.10,OldGuard4,6,0.89422449,-10.5776,-1.121251,15.8202,38,39.4737,false
4.15,Base5,0,1.74979297,74.9793,2.127229,18.9543,34,67.6471,true
4.15,Base5,1,1.77429131,77.4291,3.352045,7.2460,47,53.1915,true
4.15,Base5,2,2.13560713,113.5607,3.884825,7.1636,39,64.1026,true
4.15,Base5,3,1.01377277,1.3773,0.203534,22.3162,30,56.6667,true
4.15,Base5,4,0.96128447,-3.8716,0.038985,37.6981,40,47.5000,false
4.15,Base5,5,1.21543436,21.5434,1.843630,7.4258,41,46.3415,true
4.15,NoDOGE,0,1.49236857,49.2369,2.405806,12.8028,27,74.0741,true
4.15,NoDOGE,1,1.95437115,95.4371,3.834790,6.8598,43,55.8140,true
4.15,NoDOGE,2,1.88724928,88.7249,3.566203,10.5023,34,64.7059,true
4.15,NoDOGE,3,0.97810218,-2.1898,-0.027548,23.3871,26,53.8462,false
4.15,NoDOGE,4,0.84579679,-15.4203,-0.583604,38.3606,36,47.2222,false
4.15,NoDOGE,5,1.12149303,12.1493,1.212882,7.2904,32,46.8750,true
4.15,Legacy4,0,1.56844076,56.8441,2.602784,9.1730,28,64.2857,true
4.15,Legacy4,1,1.49028137,49.0281,2.596948,8.0371,42,57.1429,true
4.15,Legacy4,2,1.49696751,49.6968,2.430401,12.8682,30,53.3333,true
4.15,Legacy4,3,1.06214514,6.2145,0.510626,15.1539,24,50.0000,true
4.15,Legacy4,4,0.92234028,-7.7660,-0.182754,35.0150,36,50.0000,false
4.15,Legacy4,5,0.92433307,-7.5667,-0.934591,12.5765,31,35.4839,false
4.15,Legacy4,6,0.99090134,-0.9099,-0.046089,12.0290,36,47.2222,false
4.15,Legacy5BNB,0,1.74712994,74.7130,2.870519,8.4155,33,66.6667,true
4.15,Legacy5BNB,1,1.36638813,36.6388,1.974661,8.9625,48,54.1667,true
4.15,Legacy5BNB,2,2.74303328,174.3033,4.486627,7.7178,34,67.6471,true
4.15,Legacy5BNB,3,1.05848045,5.8480,0.452561,15.1539,28,53.5714,true
4.15,Legacy5BNB,4,1.06709823,6.7098,0.445785,32.2671,39,56.4103,true
4.15,Legacy5BNB,5,0.87524567,-12.4754,-1.527312,16.4849,35,31.4286,false
4.15,Legacy5BNB,6,1.02267042,2.2670,0.307131,11.3796,42,57.1429,true
4.15,OldGuardNoBNB,0,1.63127824,63.1278,2.615833,5.9605,30,63.3333,true
4.15,OldGuardNoBNB,1,1.50268208,50.2682,2.740399,8.5497,43,55.8140,true
4.15,OldGuardNoBNB,2,1.76504012,76.5040,2.952834,10.8842,36,55.5556,true
4.15,OldGuardNoBNB,3,1.15706276,15.7063,0.906357,19.7227,32,50.0000,true
4.15,OldGuardNoBNB,4,0.86423237,-13.5768,-0.402936,35.7068,42,47.6190,false
4.15,OldGuardNoBNB,5,0.93154301,-6.8457,-0.775965,12.7818,37,40.5405,false
4.15,OldGuardNoBNB,6,0.93660776,-6.3392,-0.600644,16.3378,39,43.5897,false
4.15,LargeCaps5,0,1.36713019,36.7130,1.902911,18.1753,33,69.6970,true
4.15,LargeCaps5,1,1.64076455,64.0765,2.906014,9.4923,49,53.0612,true
4.15,LargeCaps5,2,3.26192465,226.1925,5.209364,5.2556,38,71.0526,true
4.15,LargeCaps5,3,0.97949369,-2.0506,-0.005911,20.9583,29,58.6207,false
4.15,LargeCaps5,4,0.91375822,-8.6242,-0.235865,36.2745,38,47.3684,false
4.15,LargeCaps5,5,1.10687654,10.6877,1.076912,7.2904,35,48.5714,true
4.15,Legacy3,0,1.34623095,34.6231,2.031300,6.0776,25,64.0000,true
4.15,Legacy3,1,1.56152654,56.1527,3.433933,6.2935,35,57.1429,true
4.15,Legacy3,2,1.41983093,41.9831,2.063653,8.4285,25,56.0000,true
4.15,Legacy3,3,1.05344489,5.3445,0.467702,12.7358,19,42.1053,true
4.15,Legacy3,4,0.90027621,-9.9724,-0.477606,28.5547,31,45.1613,false
4.15,Legacy3,5,0.93052446,-6.9476,-0.985659,13.0553,27,29.6296,false
4.15,Legacy3,6,0.95680386,-4.3196,-0.523317,10.5792,32,46.8750,false
4.15,LowVolume5,0,1.67360091,67.3601,3.069740,6.3207,31,70.9677,true
4.15,LowVolume5,1,1.68246384,68.2464,3.076316,11.8448,38,50.0000,true
4.15,LowVolume5,2,1.49179923,49.1799,2.222138,12.6443,32,56.2500,true
4.15,LowVolume5,3,0.80833003,-19.1670,-0.919279,37.4279,29,41.3793,false
4.15,LowVolume5,4,0.86401857,-13.5981,-0.568315,37.7094,35,48.5714,false
4.15,LowVolume5,5,1.04912632,4.9126,0.544985,15.7923,37,37.8378,true
4.15,LowVolume5,6,0.84262455,-15.7375,-1.656570,16.8664,34,38.2353,false
4.15,OldGuard4,0,1.33342355,33.3424,1.881856,5.1897,27,62.9630,true
4.15,OldGuard4,1,1.35659894,35.6599,2.336426,8.0803,37,51.3514,true
4.15,OldGuard4,2,1.42347141,42.3471,1.915522,13.2072,33,51.5152,true
4.15,OldGuard4,3,1.08290628,8.2906,0.561436,18.5690,28,42.8571,true
4.15,OldGuard4,4,0.84355834,-15.6442,-0.709844,33.8336,37,43.2432,false
4.15,OldGuard4,5,0.92294200,-7.7058,-1.020737,14.8448,34,35.2941,false
4.15,OldGuard4,6,0.89422449,-10.5776,-1.121251,15.8202,38,39.4737,false
4.20,Base5,0,2.15007247,115.0072,2.505647,18.9543,33,69.6970,true
4.20,Base5,1,1.77429131,77.4291,3.352045,7.2460,47,53.1915,true
4.20,Base5,2,2.13560713,113.5607,3.884825,7.1636,39,64.1026,true
4.20,Base5,3,1.03077256,3.0773,0.308164,21.0135,29,55.1724,true
4.20,Base5,4,0.99518717,-0.4813,0.169415,37.4212,39,48.7179,false
4.20,Base5,5,1.21543436,21.5434,1.843630,7.4258,41,46.3415,true
4.20,NoDOGE,0,1.49236857,49.2369,2.405806,12.8028,27,74.0741,true
4.20,NoDOGE,1,1.95437115,95.4371,3.834790,6.8598,43,55.8140,true
4.20,NoDOGE,2,1.88724928,88.7249,3.566203,10.5023,34,64.7059,true
4.20,NoDOGE,3,0.98716426,-1.2836,0.032546,22.6773,26,53.8462,false
4.20,NoDOGE,4,0.87562646,-12.4374,-0.433890,38.0867,35,48.5714,false
4.20,NoDOGE,5,1.12149303,12.1493,1.212882,7.2904,32,46.8750,true
4.20,Legacy4,0,1.56844076,56.8441,2.602784,9.1730,28,64.2857,true
4.20,Legacy4,1,1.49028137,49.0281,2.596948,8.0371,42,57.1429,true
4.20,Legacy4,2,1.49696751,49.6968,2.430401,12.8682,30,53.3333,true
4.20,Legacy4,3,1.06214514,6.2145,0.510626,15.1539,24,50.0000,true
4.20,Legacy4,4,0.92643940,-7.3561,-0.163025,34.7262,36,50.0000,false
4.20,Legacy4,5,0.92433307,-7.5667,-0.934591,12.5765,31,35.4839,false
4.20,Legacy4,6,0.99090134,-0.9099,-0.046089,12.0290,36,47.2222,false
4.20,Legacy5BNB,0,1.74712994,74.7130,2.870519,8.4155,33,66.6667,true
4.20,Legacy5BNB,1,1.36638813,36.6388,1.974661,8.9625,48,54.1667,true
4.20,Legacy5BNB,2,2.74303328,174.3033,4.486627,7.7178,34,67.6471,true
4.20,Legacy5BNB,3,1.05848045,5.8480,0.452561,15.1539,28,53.5714,true
4.20,Legacy5BNB,4,1.14803201,14.8032,0.757978,27.1300,38,57.8947,true
4.20,Legacy5BNB,5,0.87524567,-12.4754,-1.527312,16.4849,35,31.4286,false
4.20,Legacy5BNB,6,1.02267042,2.2670,0.307131,11.3796,42,57.1429,true
4.20,OldGuardNoBNB,0,1.63127824,63.1278,2.615833,5.9605,30,63.3333,true
4.20,OldGuardNoBNB,1,1.50268208,50.2682,2.740399,8.5497,43,55.8140,true
4.20,OldGuardNoBNB,2,1.76504012,76.5040,2.952834,10.8842,36,55.5556,true
4.20,OldGuardNoBNB,3,1.15706276,15.7063,0.906357,19.7227,32,50.0000,true
4.20,OldGuardNoBNB,4,0.86807324,-13.1927,-0.384532,35.4211,42,47.6190,false
4.20,OldGuardNoBNB,5,0.93154301,-6.8457,-0.775965,12.7818,37,40.5405,false
4.20,OldGuardNoBNB,6,0.93660776,-6.3392,-0.600644,16.3378,39,43.5897,false
4.20,LargeCaps5,0,1.36713019,36.7130,1.902911,18.1753,33,69.6970,true
4.20,LargeCaps5,1,1.64076455,64.0765,2.906014,9.4923,49,53.0612,true
4.20,LargeCaps5,2,3.26192465,226.1925,5.209364,5.2556,38,71.0526,true
4.20,LargeCaps5,3,0.98856866,-1.1431,0.051132,20.2260,29,58.6207,false
4.20,LargeCaps5,4,1.01322966,1.3230,0.220188,31.4412,36,50.0000,true
4.20,LargeCaps5,5,1.10687654,10.6877,1.076912,7.2904,35,48.5714,true
4.20,Legacy3,0,1.34623095,34.6231,2.031300,6.0776,25,64.0000,true
4.20,Legacy3,1,1.56152654,56.1527,3.433933,6.2935,35,57.1429,true
4.20,Legacy3,2,1.41983093,41.9831,2.063653,8.4285,25,56.0000,true
4.20,Legacy3,3,1.05344489,5.3445,0.467702,12.7358,19,42.1053,true
4.20,Legacy3,4,0.90427727,-9.5723,-0.452545,28.2371,31,45.1613,false
4.20,Legacy3,5,0.93052446,-6.9476,-0.985659,13.0553,27,29.6296,false
4.20,Legacy3,6,0.93297368,-6.7026,-0.816642,12.7895,32,46.8750,false
4.20,LowVolume5,0,1.63788993,63.7890,2.917303,6.3207,31,70.9677,true
4.20,LowVolume5,1,1.68246384,68.2464,3.076316,11.8448,38,50.0000,true
4.20,LowVolume5,2,1.49179923,49.1799,2.222138,12.6443,32,56.2500,true
4.20,LowVolume5,3,0.81581918,-18.4181,-0.869669,36.8482,29,41.3793,false
4.20,LowVolume5,4,0.90076422,-9.9236,-0.364451,37.7094,35,51.4286,false
4.20,LowVolume5,5,1.04912632,4.9126,0.544985,15.7923,37,37.8378,true
4.20,LowVolume5,6,0.81805888,-18.1941,-1.902499,19.2901,34,38.2353,false
4.20,OldGuard4,0,1.30497122,30.4971,1.741857,6.8079,27,62.9630,true
4.20,OldGuard4,1,1.35659894,35.6599,2.336426,8.0803,37,51.3514,true
4.20,OldGuard4,2,1.42347141,42.3471,1.915522,13.2072,33,51.5152,true
4.20,OldGuard4,3,1.08290628,8.2906,0.561436,18.5690,28,42.8571,true
4.20,OldGuard4,4,0.84730734,-15.2693,-0.688025,33.5395,37,43.2432,false
4.20,OldGuard4,5,0.92294200,-7.7058,-1.020737,14.8448,34,35.2941,false
4.20,OldGuard4,6,0.86815449,-13.1846,-1.396801,18.2744,38,39.4737,false
4.25,Base5,0,2.15007247,115.0072,2.505647,18.9543,33,69.6970,true
4.25,Base5,1,1.77429131,77.4291,3.352045,7.2460,47,53.1915,true
4.25,Base5,2,2.13560713,113.5607,3.884825,7.1636,39,64.1026,true
4.25,Base5,3,1.04676198,4.6762,0.399190,20.7292,29,55.1724,true
4.25,Base5,4,0.99518717,-0.4813,0.169415,37.4212,39,48.7179,false
4.25,Base5,5,1.21543436,21.5434,1.843630,7.4258,41,46.3415,true
4.25,NoDOGE,0,1.49236857,49.2369,2.405806,12.8028,27,74.0741,true
4.25,NoDOGE,1,1.95437115,95.4371,3.834790,6.8598,43,55.8140,true
4.25,NoDOGE,2,1.88724928,88.7249,3.566203,10.5023,34,64.7059,true
4.25,NoDOGE,3,1.00247723,0.2477,0.134847,22.3990,26,53.8462,true
4.25,NoDOGE,4,0.87562646,-12.4374,-0.433890,38.0867,35,48.5714,false
4.25,NoDOGE,5,1.12149303,12.1493,1.212882,7.2904,32,46.8750,true
4.25,Legacy4,0,1.56844076,56.8441,2.602784,9.1730,28,64.2857,true
4.25,Legacy4,1,1.49028137,49.0281,2.596948,8.0371,42,57.1429,true
4.25,Legacy4,2,1.50885682,50.8857,2.466823,12.1762,30,53.3333,true
4.25,Legacy4,3,1.06214514,6.2145,0.510626,15.1539,24,50.0000,true
4.25,Legacy4,4,0.92643940,-7.3561,-0.163025,34.7262,36,50.0000,false
4.25,Legacy4,5,0.92433307,-7.5667,-0.934591,12.5765,31,35.4839,false
4.25,Legacy4,6,0.99090134,-0.9099,-0.046089,12.0290,36,47.2222,false
4.25,Legacy5BNB,0,1.74712994,74.7130,2.870519,8.4155,33,66.6667,true
4.25,Legacy5BNB,1,1.37556092,37.5561,2.013447,8.9625,48,54.1667,true
4.25,Legacy5BNB,2,2.76481918,176.4819,4.512334,7.7178,34,67.6471,true
4.25,Legacy5BNB,3,1.05848045,5.8480,0.452561,15.1539,28,53.5714,true
4.25,Legacy5BNB,4,1.14803201,14.8032,0.757978,27.1300,38,57.8947,true
4.25,Legacy5BNB,5,0.87524567,-12.4754,-1.527312,16.4849,35,31.4286,false
4.25,Legacy5BNB,6,1.02267042,2.2670,0.307131,11.3796,42,57.1429,true
4.25,OldGuardNoBNB,0,1.63127824,63.1278,2.615833,5.9605,30,63.3333,true
4.25,OldGuardNoBNB,1,1.50268208,50.2682,2.740399,8.5497,43,55.8140,true
4.25,OldGuardNoBNB,2,1.77905854,77.9059,2.985438,10.1764,36,55.5556,true
4.25,OldGuardNoBNB,3,1.15706276,15.7063,0.906357,19.7227,32,50.0000,true
4.25,OldGuardNoBNB,4,0.86807324,-13.1927,-0.384532,35.4211,42,47.6190,false
4.25,OldGuardNoBNB,5,0.93154301,-6.8457,-0.775965,12.7818,37,40.5405,false
4.25,OldGuardNoBNB,6,0.93660776,-6.3392,-0.600644,16.3378,39,43.5897,false
4.25,LargeCaps5,0,1.36713019,36.7130,1.902911,18.1753,33,69.6970,true
4.25,LargeCaps5,1,1.65177927,65.1779,2.938711,9.4923,49,53.0612,true
4.25,LargeCaps5,2,3.26192465,226.1925,5.209364,5.2556,38,71.0526,true
4.25,LargeCaps5,3,1.00390341,0.3903,0.148958,19.9389,29,58.6207,true
4.25,LargeCaps5,4,1.01322966,1.3230,0.220188,31.4412,36,50.0000,true
4.25,LargeCaps5,5,1.10687654,10.6877,1.076912,7.2904,35,48.5714,true
4.25,Legacy3,0,1.34623095,34.6231,2.031300,6.0776,25,64.0000,true
4.25,Legacy3,1,1.56152654,56.1527,3.433933,6.2935,35,57.1429,true
4.25,Legacy3,2,1.43110761,43.1108,2.100436,8.1529,25,56.0000,true
4.25,Legacy3,3,1.05344489,5.3445,0.467702,12.7358,19,42.1053,true
4.25,Legacy3,4,0.90427727,-9.5723,-0.452545,28.2371,31,45.1613,false
4.25,Legacy3,5,0.93052446,-6.9476,-0.985659,13.0553,27,29.6296,false
4.25,Legacy3,6,0.93297368,-6.7026,-0.816642,12.7895,32,46.8750,false
4.25,LowVolume5,0,1.63788993,63.7890,2.917303,6.3207,31,70.9677,true
4.25,LowVolume5,1,1.68246384,68.2464,3.076316,11.8448,38,50.0000,true
4.25,LowVolume5,2,1.50364750,50.3647,2.256515,12.6443,32,56.2500,true
4.25,LowVolume5,3,0.81581918,-18.4181,-0.869669,36.8482,29,41.3793,false
4.25,LowVolume5,4,0.90076422,-9.9236,-0.364451,37.7094,35,51.4286,false
4.25,LowVolume5,5,1.04912632,4.9126,0.544985,15.7923,37,37.8378,true
4.25,LowVolume5,6,0.81805888,-18.1941,-1.902499,19.2901,34,38.2353,false
4.25,OldGuard4,0,1.30497122,30.4971,1.741857,6.8079,27,62.9630,true
4.25,OldGuard4,1,1.35659894,35.6599,2.336426,8.0803,37,51.3514,true
4.25,OldGuard4,2,1.43477700,43.4777,1.950912,13.2072,33,51.5152,true
4.25,OldGuard4,3,1.08290628,8.2906,0.561436,18.5690,28,42.8571,true
4.25,OldGuard4,4,0.84730734,-15.2693,-0.688025,33.5395,37,43.2432,false
4.25,OldGuard4,5,0.92294200,-7.7058,-1.020737,14.8448,34,35.2941,false
4.25,OldGuard4,6,0.86815449,-13.1846,-1.396801,18.2744,38,39.4737,false
4.30,Base5,0,2.15007247,115.0072,2.505647,18.9543,33,69.6970,true
4.30,Base5,1,1.74865519,74.8655,3.321795,7.2460,47,53.1915,true
4.30,Base5,2,2.06152213,106.1522,3.703268,7.1636,39,61.5385,true
4.30,Base5,3,1.03746110,3.7461,0.344939,20.7292,29,55.1724,true
4.30,Base5,4,1.00383251,0.3833,0.203339,37.3613,39,48.7179,true
4.30,Base5,5,1.21543436,21.5434,1.843630,7.4258,41,46.3415,true
4.30,NoDOGE,0,1.49236857,49.2369,2.405806,12.8028,27,74.0741,true
4.30,NoDOGE,1,1.92613313,92.6133,3.811571,6.8598,43,55.8140,true
4.30,NoDOGE,2,1.82177991,82.1780,3.368268,10.5023,34,61.7647,true
4.30,NoDOGE,3,0.99356983,-0.6430,0.079665,22.3990,26,53.8462,false
4.30,NoDOGE,4,0.88323315,-11.6767,-0.392362,37.5488,35,48.5714,false
4.30,NoDOGE,5,1.12149303,12.1493,1.212882,7.2904,32,46.8750,true
4.30,Legacy4,0,1.55213733,55.2137,2.536282,9.1730,28,64.2857,true
4.30,Legacy4,1,1.47081367,47.0814,2.556822,8.0371,42,57.1429,true
4.30,Legacy4,2,1.50770554,50.7706,2.456972,12.2432,30,53.3333,true
4.30,Legacy4,3,1.06214514,6.2145,0.510626,15.1539,24,50.0000,true
4.30,Legacy4,4,0.93886775,-6.1132,-0.104174,34.1591,36,50.0000,false
4.30,Legacy4,5,0.92433307,-7.5667,-0.934591,12.5765,31,35.4839,false
4.30,Legacy4,6,0.99635326,-0.3647,0.019889,11.5450,36,47.2222,false
4.30,Legacy5BNB,0,1.65192148,65.1921,2.584480,8.6418,33,63.6364,true
4.30,Legacy5BNB,1,1.39741690,39.7417,2.146873,8.9625,47,55.3191,true
4.30,Legacy5BNB,2,2.76270959,176.2710,4.503104,7.7178,34,67.6471,true
4.30,Legacy5BNB,3,1.05848045,5.8480,0.452561,15.1539,28,53.5714,true
4.30,Legacy5BNB,4,1.16343307,16.3433,0.813659,26.4969,38,57.8947,true
4.30,Legacy5BNB,5,0.87524567,-12.4754,-1.527312,16.4849,35,31.4286,false
4.30,Legacy5BNB,6,1.02829713,2.8297,0.363283,10.8921,42,57.1429,true
4.30,OldGuardNoBNB,0,1.54238303,54.2383,2.314526,7.1360,30,60.0000,true
4.30,OldGuardNoBNB,1,1.48305239,48.3052,2.703368,8.5497,43,55.8140,true
4.30,OldGuardNoBNB,2,1.77770110,77.7701,2.976605,10.2450,36,55.5556,true
4.30,OldGuardNoBNB,3,1.15706276,15.7063,0.906357,19.7227,32,50.0000,true
4.30,OldGuardNoBNB,4,0.88131936,-11.8681,-0.310584,34.8161,42,47.6190,false
4.30,OldGuardNoBNB,5,0.93154301,-6.8457,-0.775965,12.7818,37,40.5405,false
4.30,OldGuardNoBNB,6,0.94176096,-5.8239,-0.537639,15.8774,39,43.5897,false
4.30,LargeCaps5,0,1.36713019,36.7130,1.902911,18.1753,33,69.6970,true
4.30,LargeCaps5,1,1.65177927,65.1779,2.938711,9.4923,49,53.0612,true
4.30,LargeCaps5,2,3.14876729,214.8767,5.047272,5.4050,38,68.4211,true
4.30,LargeCaps5,3,1.00390341,0.3903,0.148958,19.9389,29,58.6207,true
4.30,LargeCaps5,4,1.02203174,2.2032,0.259762,30.8456,36,50.0000,true
4.30,LargeCaps5,5,1.10687654,10.6877,1.076912,7.2904,35,48.5714,true
4.30,Legacy3,0,1.33223732,33.2237,1.952823,6.0776,25,64.0000,true
4.30,Legacy3,1,1.57089822,57.0898,3.480364,6.2935,35,57.1429,true
4.30,Legacy3,2,1.43001566,43.0016,2.091980,8.1529,25,56.0000,true
4.30,Legacy3,3,1.05344489,5.3445,0.467702,12.7358,19,42.1053,true
4.30,Legacy3,4,0.90851590,-9.1484,-0.424842,28.2371,31,45.1613,false
4.30,Legacy3,5,0.93052446,-6.9476,-0.985659,13.0553,27,29.6296,false
4.30,Legacy3,6,0.93297368,-6.7026,-0.816642,12.7895,32,46.8750,false
4.30,LowVolume5,0,1.56054047,56.0540,2.615480,6.3207,30,70.0000,true
4.30,LowVolume5,1,1.69256133,69.2561,3.109518,11.8448,38,50.0000,true
4.30,LowVolume5,2,1.49549705,49.5497,2.220350,12.6443,32,56.2500,true
4.30,LowVolume5,3,0.80857031,-19.1430,-0.913829,37.4093,29,41.3793,false
4.30,LowVolume5,4,0.90663313,-9.3367,-0.316130,37.5961,35,51.4286,false
4.30,LowVolume5,5,1.04912632,4.9126,0.544985,15.7923,37,37.8378,true
4.30,LowVolume5,6,0.81805888,-18.1941,-1.902499,19.2901,34,38.2353,false
4.30,OldGuard4,0,1.29140647,29.1406,1.666308,6.8079,27,62.9630,true
4.30,OldGuard4,1,1.36474071,36.4741,2.381101,8.0803,37,51.3514,true
4.30,OldGuard4,2,1.43368225,43.3682,1.943876,13.2072,33,51.5152,true
4.30,OldGuard4,3,1.08290628,8.2906,0.561436,18.5690,28,42.8571,true
4.30,OldGuard4,4,0.85282795,-14.7172,-0.629108,33.1618,37,43.2432,false
4.30,OldGuard4,5,0.92294200,-7.7058,-1.020737,14.8448,34,35.2941,false
4.30,OldGuard4,6,0.86815449,-13.1846,-1.396801,18.2744,38,39.4737,false
4.35,Base5,0,2.15007247,115.0072,2.505647,18.9543,33,69.6970,true
4.35,Base5,1,1.74865519,74.8655,3.321795,7.2460,47,53.1915,true
4.35,Base5,2,2.16126322,116.1263,3.933246,6.2892,38,63.1579,true
4.35,Base5,3,1.03746110,3.7461,0.344939,20.7292,29,55.1724,true
4.35,Base5,4,1.00383251,0.3833,0.203339,37.3613,39,48.7179,true
4.35,Base5,5,1.21677492,21.6775,1.853545,7.4258,41,46.3415,true
4.35,NoDOGE,0,1.49236857,49.2369,2.405806,12.8028,27,74.0741,true
4.35,NoDOGE,1,1.92613313,92.6133,3.811571,6.8598,43,55.8140,true
4.35,NoDOGE,2,1.90992173,90.9922,3.615696,8.5366,33,63.6364,true
4.35,NoDOGE,3,0.99356983,-0.6430,0.079665,22.3990,26,53.8462,false
4.35,NoDOGE,4,0.88323315,-11.6767,-0.392362,37.5488,35,48.5714,false
4.35,NoDOGE,5,1.12272998,12.2730,1.223876,7.2904,32,46.8750,true
4.35,Legacy4,0,1.55213733,55.2137,2.536282,9.1730,28,64.2857,true
4.35,Legacy4,1,1.50217554,50.2176,2.654385,8.0371,42,59.5238,true
4.35,Legacy4,2,1.50770554,50.7706,2.456972,12.2432,30,53.3333,true
4.35,Legacy4,3,1.06214514,6.2145,0.510626,15.1539,24,50.0000,true
4.35,Legacy4,4,0.92911845,-7.0882,-0.149375,34.8428,36,50.0000,false
4.35,Legacy4,5,0.92535256,-7.4647,-0.920380,12.4801,31,35.4839,false
4.35,Legacy4,6,0.99635326,-0.3647,0.019889,11.5450,36,47.2222,false
4.35,Legacy5BNB,0,1.65192148,65.1921,2.584480,8.6418,33,63.6364,true
4.35,Legacy5BNB,1,1.47019129,47.0191,2.406273,8.9625,46,56.5217,true
4.35,Legacy5BNB,2,2.76270959,176.2710,4.503104,7.7178,34,67.6471,true
4.35,Legacy5BNB,3,1.05848045,5.8480,0.452561,15.1539,28,53.5714,true
4.35,Legacy5BNB,4,1.15135185,15.1352,0.769350,27.2602,38,57.8947,true
4.35,Legacy5BNB,5,0.87621102,-12.3789,-1.513924,16.3928,35,31.4286,false
4.35,Legacy5BNB,6,1.04339187,4.3392,0.519306,10.8921,41,56.0976,true
4.35,OldGuardNoBNB,0,1.54238303,54.2383,2.314526,7.1360,30,60.0000,true
4.35,OldGuardNoBNB,1,1.51467522,51.4675,2.800871,8.5497,43,58.1395,true
4.35,OldGuardNoBNB,2,1.77770110,77.7701,2.976605,10.2450,36,55.5556,true
4.35,OldGuardNoBNB,3,1.15706276,15.7063,0.906357,19.7227,32,50.0000,true
4.35,OldGuardNoBNB,4,0.87216765,-12.7832,-0.351688,35.4930,42,47.6190,false
4.35,OldGuardNoBNB,5,0.93154301,-6.8457,-0.775965,12.7818,37,40.5405,false
4.35,OldGuardNoBNB,6,0.94176096,-5.8239,-0.537639,15.8774,39,43.5897,false
4.35,LargeCaps5,0,1.36713019,36.7130,1.902911,18.1753,33,69.6970,true
4.35,LargeCaps5,1,1.65177927,65.1779,2.938711,9.4923,49,53.0612,true
4.35,LargeCaps5,2,3.30111175,230.1112,5.248301,5.4050,37,70.2703,true
4.35,LargeCaps5,3,1.00390341,0.3903,0.148958,19.9389,29,58.6207,true
4.35,LargeCaps5,4,1.02203174,2.2032,0.259762,30.8456,36,50.0000,true
4.35,LargeCaps5,5,1.10809736,10.8097,1.087810,7.2904,35,48.5714,true
4.35,Legacy3,0,1.33223732,33.2237,1.952823,6.0776,25,64.0000,true
4.35,Legacy3,1,1.60689032,60.6890,3.602276,6.2935,35,60.0000,true
4.35,Legacy3,2,1.43001566,43.0016,2.091980,8.1529,25,56.0000,true
4.35,Legacy3,3,1.05344489,5.3445,0.467702,12.7358,19,42.1053,true
4.35,Legacy3,4,0.89908177,-10.0918,-0.485271,28.9823,31,45.1613,false
4.35,Legacy3,5,0.93155078,-6.8449,-0.969697,12.9594,27,29.6296,false
4.35,Legacy3,6,0.93297368,-6.7026,-0.816642,12.7895,32,46.8750,false
4.35,LowVolume5,0,1.56054047,56.0540,2.615480,6.3207,30,70.0000,true
4.35,LowVolume5,1,1.69256133,69.2561,3.109518,11.8448,38,50.0000,true
4.35,LowVolume5,2,1.49549705,49.5497,2.220350,12.6443,32,56.2500,true
4.35,LowVolume5,3,0.80857031,-19.1430,-0.913829,37.4093,29,41.3793,false
4.35,LowVolume5,4,0.89721855,-10.2781,-0.366267,38.1933,35,51.4286,false
4.35,LowVolume5,5,1.05028346,5.0283,0.555815,15.6994,37,37.8378,true
4.35,LowVolume5,6,0.81805888,-18.1941,-1.902499,19.2901,34,38.2353,false
4.35,OldGuard4,0,1.29140647,29.1406,1.666308,6.8079,27,62.9630,true
4.35,OldGuard4,1,1.39600938,39.6009,2.515075,8.0803,37,54.0541,true
4.35,OldGuard4,2,1.43368225,43.3682,1.943876,13.2072,33,51.5152,true
4.35,OldGuard4,3,1.08290628,8.2906,0.561436,18.5690,28,42.8571,true
4.35,OldGuard4,4,0.84397209,-15.6028,-0.680503,33.8558,37,43.2432,false
4.35,OldGuard4,5,0.92395996,-7.6040,-1.005866,14.7509,34,35.2941,false
4.35,OldGuard4,6,0.86815449,-13.1846,-1.396801,18.2744,38,39.4737,false
4.40,Base5,0,2.17032843,117.0328,2.532045,18.9543,33,69.6970,true
4.40,Base5,1,1.74865519,74.8655,3.321795,7.2460,47,53.1915,true
4.40,Base5,2,2.16126322,116.1263,3.933246,6.2892,38,63.1579,true
4.40,Base5,3,1.03746110,3.7461,0.344939,20.7292,29,55.1724,true
4.40,Base5,4,1.01306538,1.3065,0.238520,36.7852,39,48.7179,true
4.40,Base5,5,1.21677492,21.6775,1.853545,7.4258,41,46.3415,true
4.40,NoDOGE,0,1.50642826,50.6428,2.452611,12.6536,27,74.0741,true
4.40,NoDOGE,1,1.92613313,92.6133,3.811571,6.8598,43,55.8140,true
4.40,NoDOGE,2,1.90992173,90.9922,3.615696,8.5366,33,63.6364,true
4.40,NoDOGE,3,0.99356983,-0.6430,0.079665,22.3990,26,53.8462,false
4.40,NoDOGE,4,0.89135680,-10.8643,-0.352126,36.9744,35,48.5714,false
4.40,NoDOGE,5,1.12272998,12.2730,1.223876,7.2904,32,46.8750,true
4.40,Legacy4,0,1.55213733,55.2137,2.536282,9.1730,28,64.2857,true
4.40,Legacy4,1,1.50217554,50.2176,2.654385,8.0371,42,59.5238,true
4.40,Legacy4,2,1.50770554,50.7706,2.456972,12.2432,30,53.3333,true
4.40,Legacy4,3,1.05403858,5.4039,0.459763,15.8015,24,50.0000,true
4.40,Legacy4,4,0.93766413,-6.2336,-0.110424,34.2435,36,50.0000,false
4.40,Legacy4,5,0.92535256,-7.4647,-0.920380,12.4801,31,35.4839,false
4.40,Legacy4,6,0.99635326,-0.3647,0.019889,11.5450,36,47.2222,false
4.40,Legacy5BNB,0,1.65192148,65.1921,2.584480,8.6418,33,63.6364,true
4.40,Legacy5BNB,1,1.47019129,47.0191,2.406273,8.9625,46,56.5217,true
4.40,Legacy5BNB,2,2.76270959,176.2710,4.503104,7.7178,34,67.6471,true
4.40,Legacy5BNB,3,1.05040186,5.0402,0.409486,15.8015,28,53.5714,true
4.40,Legacy5BNB,4,1.16194156,16.1942,0.808050,26.5912,38,57.8947,true
4.40,Legacy5BNB,5,0.87621102,-12.3789,-1.513924,16.3928,35,31.4286,false
4.40,Legacy5BNB,6,1.04339187,4.3392,0.519306,10.8921,41,56.0976,true
4.40,OldGuardNoBNB,0,1.54238303,54.2383,2.314526,7.1360,30,60.0000,true
4.40,OldGuardNoBNB,1,1.51467522,51.4675,2.800871,8.5497,43,58.1395,true
4.40,OldGuardNoBNB,2,1.77770110,77.7701,2.976605,10.2450,36,55.5556,true
4.40,OldGuardNoBNB,3,1.14848464,14.8485,0.866683,20.3179,32,50.0000,true
4.40,OldGuardNoBNB,4,0.88018952,-11.9810,-0.316503,34.8997,42,47.6190,false
4.40,OldGuardNoBNB,5,0.93154301,-6.8457,-0.775965,12.7818,37,40.5405,false
4.40,OldGuardNoBNB,6,0.94176096,-5.8239,-0.537639,15.8774,39,43.5897,false
4.40,LargeCaps5,0,1.36873780,36.8738,1.883968,19.2174,33,66.6667,true
4.40,LargeCaps5,1,1.65177927,65.1779,2.938711,9.4923,49,53.0612,true
4.40,LargeCaps5,2,3.30111175,230.1112,5.248301,5.4050,37,70.2703,true
4.40,LargeCaps5,3,1.00390341,0.3903,0.148958,19.9389,29,58.6207,true
4.40,LargeCaps5,4,1.03143200,3.1432,0.301256,30.2096,36,50.0000,true
4.40,LargeCaps5,5,1.10809736,10.8097,1.087810,7.2904,35,48.5714,true
4.40,Legacy3,0,1.33223732,33.2237,1.952823,6.0776,25,64.0000,true
4.40,Legacy3,1,1.60689032,60.6890,3.602276,6.2935,35,60.0000,true
4.40,Legacy3,2,1.43001566,43.0016,2.091980,8.1529,25,56.0000,true
4.40,Legacy3,3,1.04540474,4.5405,0.414467,13.4018,19,42.1053,true
4.40,Legacy3,4,0.89908177,-10.0918,-0.485271,28.9823,31,45.1613,false
4.40,Legacy3,5,0.93155078,-6.8449,-0.969697,12.9594,27,29.6296,false
4.40,Legacy3,6,0.93297368,-6.7026,-0.816642,12.7895,32,46.8750,false
4.40,LowVolume5,0,1.56054047,56.0540,2.615480,6.3207,30,70.0000,true
4.40,LowVolume5,1,1.69256133,69.2561,3.109518,11.8448,38,50.0000,true
4.40,LowVolume5,2,1.49549705,49.5497,2.220350,12.6443,32,56.2500,true
4.40,LowVolume5,3,0.80257580,-19.7424,-0.950366,37.8734,29,41.3793,false
4.40,LowVolume5,4,0.89721855,-10.2781,-0.366267,38.1933,35,51.4286,false
4.40,LowVolume5,5,1.05028346,5.0283,0.555815,15.6994,37,37.8378,true
4.40,LowVolume5,6,0.81805888,-18.1941,-1.902499,19.2901,34,38.2353,false
4.40,OldGuard4,0,1.29140647,29.1406,1.666308,6.8079,27,62.9630,true
4.40,OldGuard4,1,1.39600938,39.6009,2.515075,8.0803,37,54.0541,true
4.40,OldGuard4,2,1.43368225,43.3682,1.943876,13.2072,33,51.5152,true
4.40,OldGuard4,3,1.07487793,7.4878,0.521414,19.1727,28,42.8571,true
4.40,OldGuard4,4,0.84397209,-15.6028,-0.680503,33.8558,37,43.2432,false
4.40,OldGuard4,5,0.92395996,-7.6040,-1.005866,14.7509,34,35.2941,false
4.40,OldGuard4,6,0.86815449,-13.1846,-1.396801,18.2744,38,39.4737,false
4.45,Base5,0,2.19740422,119.7404,2.570827,18.9543,32,71.8750,true
4.45,Base5,1,1.74865519,74.8655,3.321795,7.2460,47,53.1915,true
4.45,Base5,2,2.16126322,116.1263,3.933246,6.2892,38,63.1579,true
4.45,Base5,3,1.03746110,3.7461,0.344939,20.7292,29,55.1724,true
4.45,Base5,4,1.01306538,1.3065,0.238520,36.7852,39,48.7179,true
4.45,Base5,5,1.26869189,26.8692,2.265360,7.4258,39,51.2821,true
4.45,NoDOGE,0,1.52522161,52.5222,2.523581,12.6536,26,76.9231,true
4.45,NoDOGE,1,1.92613313,92.6133,3.811571,6.8598,43,55.8140,true
4.45,NoDOGE,2,1.90992173,90.9922,3.615696,8.5366,33,63.6364,true
4.45,NoDOGE,3,0.99356983,-0.6430,0.079665,22.3990,26,53.8462,false
4.45,NoDOGE,4,0.89135680,-10.8643,-0.352126,36.9744,35,48.5714,false
4.45,NoDOGE,5,1.12272998,12.2730,1.223876,7.2904,32,46.8750,true
4.45,Legacy4,0,1.57150092,57.1501,2.600009,9.1730,27,66.6667,true
4.45,Legacy4,1,1.50217554,50.2176,2.654385,8.0371,42,59.5238,true
4.45,Legacy4,2,1.50770554,50.7706,2.456972,12.2432,30,53.3333,true
4.45,Legacy4,3,1.05403858,5.4039,0.459763,15.8015,24,50.0000,true
4.45,Legacy4,4,0.93766413,-6.2336,-0.110424,34.2435,36,50.0000,false
4.45,Legacy4,5,0.92535256,-7.4647,-0.920380,12.4801,31,35.4839,false
4.45,Legacy4,6,0.99635326,-0.3647,0.019889,11.5450,36,47.2222,false
4.45,Legacy5BNB,0,1.68006683,68.0067,2.664067,8.6418,32,65.6250,true
4.45,Legacy5BNB,1,1.47019129,47.0191,2.406273,8.9625,46,56.5217,true
4.45,Legacy5BNB,2,2.76270959,176.2710,4.503104,7.7178,34,67.6471,true
4.45,Legacy5BNB,3,1.05040186,5.0402,0.409486,15.8015,28,53.5714,true
4.45,Legacy5BNB,4,1.16194156,16.1942,0.808050,26.5912,38,57.8947,true
4.45,Legacy5BNB,5,0.87621102,-12.3789,-1.513924,16.3928,35,31.4286,false
4.45,Legacy5BNB,6,1.04339187,4.3392,0.519306,10.8921,41,56.0976,true
4.45,OldGuardNoBNB,0,1.54238303,54.2383,2.314526,7.1360,30,60.0000,true
4.45,OldGuardNoBNB,1,1.51467522,51.4675,2.800871,8.5497,43,58.1395,true
4.45,OldGuardNoBNB,2,1.77770110,77.7701,2.976605,10.2450,36,55.5556,true
4.45,OldGuardNoBNB,3,1.16019292,16.0193,0.919260,20.3179,32,50.0000,true
4.45,OldGuardNoBNB,4,0.88018952,-11.9810,-0.316503,34.8997,42,47.6190,false
4.45,OldGuardNoBNB,5,0.93154301,-6.8457,-0.775965,12.7818,37,40.5405,false
4.45,OldGuardNoBNB,6,0.94176096,-5.8239,-0.537639,15.8774,39,43.5897,false
4.45,LargeCaps5,0,1.49118347,49.1183,2.283591,19.2174,32,71.8750,true
4.45,LargeCaps5,1,1.65177927,65.1779,2.938711,9.4923,49,53.0612,true
4.45,LargeCaps5,2,3.30111175,230.1112,5.248301,5.4050,37,70.2703,true
4.45,LargeCaps5,3,1.00390341,0.3903,0.148958,19.9389,29,58.6207,true
4.45,LargeCaps5,4,1.03143200,3.1432,0.301256,30.2096,36,50.0000,true
4.45,LargeCaps5,5,1.10809736,10.8097,1.087810,7.2904,35,48.5714,true
4.45,Legacy3,0,1.34885756,34.8858,2.026682,6.0776,24,66.6667,true
4.45,Legacy3,1,1.60689032,60.6890,3.602276,6.2935,35,60.0000,true
4.45,Legacy3,2,1.43001566,43.0016,2.091980,8.1529,25,56.0000,true
4.45,Legacy3,3,1.04540474,4.5405,0.414467,13.4018,19,42.1053,true
4.45,Legacy3,4,0.89908177,-10.0918,-0.485271,28.9823,31,45.1613,false
4.45,Legacy3,5,0.93155078,-6.8449,-0.969697,12.9594,27,29.6296,false
4.45,Legacy3,6,0.93297368,-6.7026,-0.816642,12.7895,32,46.8750,false
4.45,LowVolume5,0,1.56054047,56.0540,2.615480,6.3207,30,70.0000,true
4.45,LowVolume5,1,1.69256133,69.2561,3.109518,11.8448,38,50.0000,true
4.45,LowVolume5,2,1.49549705,49.5497,2.220350,12.6443,32,56.2500,true
4.45,LowVolume5,3,0.81075770,-18.9242,-0.898307,37.2400,29,41.3793,false
4.45,LowVolume5,4,0.89721855,-10.2781,-0.366267,38.1933,35,51.4286,false
4.45,LowVolume5,5,1.05028346,5.0283,0.555815,15.6994,37,37.8378,true
4.45,LowVolume5,6,0.81805888,-18.1941,-1.902499,19.2901,34,38.2353,false
4.45,OldGuard4,0,1.29140647,29.1406,1.666308,6.8079,27,62.9630,true
4.45,OldGuard4,1,1.39600938,39.6009,2.515075,8.0803,37,54.0541,true
4.45,OldGuard4,2,1.43368225,43.3682,1.943876,13.2072,33,51.5152,true
4.45,OldGuard4,3,1.08583582,8.5836,0.575339,18.3487,28,42.8571,true
4.45,OldGuard4,4,0.84397209,-15.6028,-0.680503,33.8558,37,43.2432,false
4.45,OldGuard4,5,0.92395996,-7.6040,-1.005866,14.7509,34,35.2941,false
4.45,OldGuard4,6,0.86815449,-13.1846,-1.396801,18.2744,38,39.4737,false
4.50,Base5,0,2.17913600,117.9136,2.544983,18.9543,32,71.8750,true
4.50,Base5,1,1.74865519,74.8655,3.321795,7.2460,47,53.1915,true
4.50,Base5,2,2.16126322,116.1263,3.933246,6.2892,38,63.1579,true
4.50,Base5,3,1.03746110,3.7461,0.344939,20.7292,29,55.1724,true
4.50,Base5,4,1.01687443,1.6874,0.253002,36.5475,39,48.7179,true
4.50,Base5,5,1.31255312,31.2553,2.434306,7.4258,38,50.0000,true
4.50,NoDOGE,0,1.51254161,51.2542,2.472791,12.7131,26,76.9231,true
4.50,NoDOGE,1,1.92613313,92.6133,3.811571,6.8598,43,55.8140,true
4.50,NoDOGE,2,1.90992173,90.9922,3.615696,8.5366,33,63.6364,true
4.50,NoDOGE,3,0.99356983,-0.6430,0.079665,22.3990,26,53.8462,false
4.50,NoDOGE,4,0.89470823,-10.5292,-0.335302,36.7375,35,48.5714,false
4.50,NoDOGE,5,1.12272998,12.2730,1.223876,7.2904,32,46.8750,true
4.50,Legacy4,0,1.57150092,57.1501,2.600009,9.1730,27,66.6667,true
4.50,Legacy4,1,1.50217554,50.2176,2.654385,8.0371,42,59.5238,true
4.50,Legacy4,2,1.50770554,50.7706,2.456972,12.2432,30,53.3333,true
4.50,Legacy4,3,1.05403858,5.4039,0.459763,15.8015,24,50.0000,true
4.50,Legacy4,4,0.90646992,-9.3530,-0.251111,36.4311,36,47.2222,false
4.50,Legacy4,5,0.92535256,-7.4647,-0.920380,12.4801,31,35.4839,false
4.50,Legacy4,6,0.99635326,-0.3647,0.019889,11.5450,36,47.2222,false
4.50,Legacy5BNB,0,1.68006683,68.0067,2.664067,8.6418,32,65.6250,true
4.50,Legacy5BNB,1,1.47019129,47.0191,2.406273,8.9625,46,56.5217,true
4.50,Legacy5BNB,2,2.76270959,176.2710,4.503104,7.7178,34,67.6471,true
4.50,Legacy5BNB,3,1.05040186,5.0402,0.409486,15.8015,28,53.5714,true
4.50,Legacy5BNB,4,1.12328608,12.3286,0.661566,29.0333,38,55.2632,true
4.50,Legacy5BNB,5,0.87621102,-12.3789,-1.513924,16.3928,35,31.4286,false
4.50,Legacy5BNB,6,1.04339187,4.3392,0.519306,10.8921,41,56.0976,true
4.50,OldGuardNoBNB,0,1.54238303,54.2383,2.314526,7.1360,30,60.0000,true
4.50,OldGuardNoBNB,1,1.51467522,51.4675,2.800871,8.5497,43,58.1395,true
4.50,OldGuardNoBNB,2,1.77770110,77.7701,2.976605,10.2450,36,55.5556,true
4.50,OldGuardNoBNB,3,1.16019292,16.0193,0.919260,20.3179,32,50.0000,true
4.50,OldGuardNoBNB,4,0.85090737,-14.9093,-0.443028,37.0655,42,45.2381,false
4.50,OldGuardNoBNB,5,0.93154301,-6.8457,-0.775965,12.7818,37,40.5405,false
4.50,OldGuardNoBNB,6,0.94257708,-5.7423,-0.528588,15.8045,39,43.5897,false
4.50,LargeCaps5,0,1.47878645,47.8786,2.238820,19.8890,32,71.8750,true
4.50,LargeCaps5,1,1.65177927,65.1779,2.938711,9.4923,49,53.0612,true
4.50,LargeCaps5,2,3.30111175,230.1112,5.248301,5.4050,37,70.2703,true
4.50,LargeCaps5,3,1.00390341,0.3903,0.148958,19.9389,29,58.6207,true
4.50,LargeCaps5,4,1.03531011,3.5310,0.318243,29.9472,36,50.0000,true
4.50,LargeCaps5,5,1.10809736,10.8097,1.087810,7.2904,35,48.5714,true
4.50,Legacy3,0,1.34885756,34.8858,2.026682,6.0776,24,66.6667,true
4.50,Legacy3,1,1.60689032,60.6890,3.602276,6.2935,35,60.0000,true
4.50,Legacy3,2,1.43001566,43.0016,2.091980,8.1529,25,56.0000,true
4.50,Legacy3,3,1.04540474,4.5405,0.414467,13.4018,19,42.1053,true
4.50,Legacy3,4,0.90246225,-9.7538,-0.464487,28.7153,31,45.1613,false
4.50,Legacy3,5,0.93155078,-6.8449,-0.969697,12.9594,27,29.6296,false
4.50,Legacy3,6,0.93297368,-6.7026,-0.816642,12.7895,32,46.8750,false
4.50,LowVolume5,0,1.56054047,56.0540,2.615480,6.3207,30,70.0000,true
4.50,LowVolume5,1,1.69256133,69.2561,3.109518,11.8448,38,50.0000,true
4.50,LowVolume5,2,1.49549705,49.5497,2.220350,12.6443,32,56.2500,true
4.50,LowVolume5,3,0.81075770,-18.9242,-0.898307,37.2400,29,41.3793,false
4.50,LowVolume5,4,0.89721855,-10.2781,-0.366267,38.1933,35,51.4286,false
4.50,LowVolume5,5,1.05028346,5.0283,0.555815,15.6994,37,37.8378,true
4.50,LowVolume5,6,0.81876780,-18.1232,-1.893174,19.2201,34,38.2353,false
4.50,OldGuard4,0,1.29140647,29.1406,1.666308,6.8079,27,62.9630,true
4.50,OldGuard4,1,1.39600938,39.6009,2.515075,8.0803,37,54.0541,true
4.50,OldGuard4,2,1.43368225,43.3682,1.943876,13.2072,33,51.5152,true
4.50,OldGuard4,3,1.08583582,8.5836,0.575339,18.3487,28,42.8571,true
4.50,OldGuard4,4,0.84714536,-15.2855,-0.662925,33.6071,37,43.2432,false
4.50,OldGuard4,5,0.92395996,-7.6040,-1.005866,14.7509,34,35.2941,false
4.50,OldGuard4,6,0.86890682,-13.1093,-1.387171,18.2036,38,39.4737,false
4.55,Base5,0,2.17913600,117.9136,2.544983,18.9543,32,71.8750,true
4.55,Base5,1,1.74865519,74.8655,3.321795,7.2460,47,53.1915,true
4.55,Base5,2,2.12655738,112.6557,3.820541,6.2892,38,63.1579,true
4.55,Base5,3,1.03154185,3.1542,0.310237,20.7292,29,55.1724,true
4.55,Base5,4,1.01740569,1.7406,0.255018,36.5144,39,48.7179,true
4.55,Base5,5,1.34603976,34.6040,2.619264,7.4258,37,48.6486,true
4.55,NoDOGE,0,1.51254161,51.2542,2.472791,12.7131,26,76.9231,true
4.55,NoDOGE,1,1.92613313,92.6133,3.811571,6.8598,43,55.8140,true
4.55,NoDOGE,2,1.87925196,87.9252,3.494412,8.5366,33,63.6364,true
4.55,NoDOGE,3,0.98935390,-1.0646,0.053216,22.3990,26,53.8462,false
4.55,NoDOGE,4,0.89517567,-10.4824,-0.332958,36.7044,35,48.5714,false
4.55,NoDOGE,5,1.15137374,15.1374,1.450009,7.2904,31,45.1613,true
4.55,Legacy4,0,1.53718612,53.7186,2.466734,9.1730,27,66.6667,true
4.55,Legacy4,1,1.50217554,50.2176,2.654385,8.0371,42,59.5238,true
4.55,Legacy4,2,1.42020196,42.0202,2.056324,17.3364,30,53.3333,true
4.55,Legacy4,3,1.05403858,5.4039,0.459763,15.8015,24,50.0000,true
4.55,Legacy4,4,0.90646992,-9.3530,-0.251111,36.4311,36,47.2222,false
4.55,Legacy4,5,0.92493855,-7.5061,-0.926101,12.5192,31,35.4839,false
4.55,Legacy4,6,0.98865214,-1.1348,-0.067496,11.5837,36,47.2222,false
4.55,Legacy5BNB,0,1.64338142,64.3381,2.546467,8.6418,32,65.6250,true
4.55,Legacy5BNB,1,1.47019129,47.0191,2.406273,8.9625,46,56.5217,true
4.55,Legacy5BNB,2,2.60236861,160.2369,4.185832,12.2412,34,67.6471,true
4.55,Legacy5BNB,3,1.05040186,5.0402,0.409486,15.8015,28,53.5714,true
4.55,Legacy5BNB,4,1.12328608,12.3286,0.661566,29.0333,38,55.2632,true
4.55,Legacy5BNB,5,0.87581899,-12.4181,-1.519381,16.4302,35,31.4286,false
4.55,Legacy5BNB,6,1.03532718,3.5327,0.432607,10.9310,41,56.0976,true
4.55,OldGuardNoBNB,0,1.50280108,50.2801,2.169715,8.0772,30,60.0000,true
4.55,OldGuardNoBNB,1,1.51467522,51.4675,2.800871,8.5497,43,58.1395,true
4.55,OldGuardNoBNB,2,1.67452763,67.4528,2.630700,15.4541,36,55.5556,true
4.55,OldGuardNoBNB,3,1.16019292,16.0193,0.919260,20.3179,32,50.0000,true
4.55,OldGuardNoBNB,4,0.85090737,-14.9093,-0.443028,37.0655,42,45.2381,false
4.55,OldGuardNoBNB,5,0.93112623,-6.8874,-0.781303,12.8208,37,40.5405,false
4.55,OldGuardNoBNB,6,0.93529161,-6.4708,-0.601886,15.8413,39,43.5897,false
4.55,LargeCaps5,0,1.47878645,47.8786,2.238820,19.8890,32,71.8750,true
4.55,LargeCaps5,1,1.65177927,65.1779,2.938711,9.4923,49,53.0612,true
4.55,LargeCaps5,2,3.24810207,224.8102,5.145413,5.4846,37,70.2703,true
4.55,LargeCaps5,3,1.01509204,1.5092,0.213593,19.9389,28,60.7143,true
4.55,LargeCaps5,4,1.03585100,3.5851,0.320604,29.9106,36,50.0000,true
4.55,LargeCaps5,5,1.13636781,13.6368,1.314958,7.2904,34,47.0588,true
4.55,Legacy3,0,1.31940433,31.9404,1.873079,6.2048,24,66.6667,true
4.55,Legacy3,1,1.60689032,60.6890,3.602276,6.2935,35,60.0000,true
4.55,Legacy3,2,1.40705228,40.7052,1.999718,9.2527,25,56.0000,true
4.55,Legacy3,3,1.04540474,4.5405,0.414467,13.4018,19,42.1053,true
4.55,Legacy3,4,0.90246225,-9.7538,-0.464487,28.7153,31,45.1613,false
4.55,Legacy3,5,0.93113399,-6.8866,-0.976225,12.9984,27,29.6296,false
4.55,Legacy3,6,0.92576244,-7.4238,-0.897290,13.3082,32,46.8750,false
4.55,LowVolume5,0,1.52646500,52.6465,2.478741,6.3207,30,70.0000,true
4.55,LowVolume5,1,1.69256133,69.2561,3.109518,11.8448,38,50.0000,true
4.55,LowVolume5,2,1.49549705,49.5497,2.220350,12.6443,32,56.2500,true
4.55,LowVolume5,3,0.80731748,-19.2683,-0.919634,37.5063,29,41.3793,false
4.55,LowVolume5,4,0.89768730,-10.2313,-0.361372,38.1610,35,51.4286,false
4.55,LowVolume5,5,1.07902422,7.9024,0.823759,15.7371,36,36.1111,true
4.55,LowVolume5,6,0.81243929,-18.7561,-1.960819,19.6263,34,38.2353,false
4.55,OldGuard4,0,1.25826530,25.8265,1.494509,6.8079,27,62.9630,true
4.55,OldGuard4,1,1.39600938,39.6009,2.515075,8.0803,37,54.0541,true
4.55,OldGuard4,2,1.35047480,35.0475,1.615949,16.3480,33,51.5152,true
4.55,OldGuard4,3,1.08583582,8.5836,0.575339,18.3487,28,42.8571,true
4.55,OldGuard4,4,0.84714536,-15.2855,-0.662925,33.6071,37,43.2432,false
4.55,OldGuard4,5,0.92354656,-7.6453,-1.011935,14.7890,34,35.2941,false
4.55,OldGuard4,6,0.88221728,-11.7783,-1.227260,16.7950,37,43.2432,false
4.60,Base5,0,2.17913600,117.9136,2.544983,18.9543,32,71.8750,true
4.60,Base5,1,1.77302978,77.3030,3.380411,7.2460,46,52.1739,true
4.60,Base5,2,2.12655738,112.6557,3.820541,6.2892,38,63.1579,true
4.60,Base5,3,1.03154185,3.1542,0.310237,20.7292,29,55.1724,true
4.60,Base5,4,1.01740569,1.7406,0.255018,36.5144,39,48.7179,true
4.60,Base5,5,1.34312486,34.3125,2.599973,7.4258,37,48.6486,true
4.60,NoDOGE,0,1.51254161,51.2542,2.472791,12.7131,26,76.9231,true
4.60,NoDOGE,1,1.95298159,95.2982,3.866905,6.8598,42,54.7619,true
4.60,NoDOGE,2,1.87925196,87.9252,3.494412,8.5366,33,63.6364,true
4.60,NoDOGE,3,0.98935390,-1.0646,0.053216,22.3990,26,53.8462,false
4.60,NoDOGE,4,0.89517567,-10.4824,-0.332958,36.7044,35,48.5714,false
4.60,NoDOGE,5,1.15137374,15.1374,1.450009,7.2904,31,45.1613,true
4.60,Legacy4,0,1.53718612,53.7186,2.466734,9.1730,27,66.6667,true
4.60,Legacy4,1,1.53319373,53.3194,2.779473,8.0371,41,58.5366,true
4.60,Legacy4,2,1.42020196,42.0202,2.056324,17.3364,30,53.3333,true
4.60,Legacy4,3,1.07234268,7.2343,0.571454,15.8015,24,50.0000,true
4.60,Legacy4,4,0.90646992,-9.3530,-0.251111,36.4311,36,47.2222,false
4.60,Legacy4,5,0.92452453,-7.5475,-0.931816,12.5584,31,35.4839,false
4.60,Legacy4,6,0.98865214,-1.1348,-0.067496,11.5837,36,47.2222,false
4.60,Legacy5BNB,0,1.64338142,64.3381,2.546467,8.6418,32,65.6250,true
4.60,Legacy5BNB,1,1.50054904,50.0549,2.525387,8.9625,45,55.5556,true
4.60,Legacy5BNB,2,2.60236861,160.2369,4.185832,12.2412,34,67.6471,true
4.60,Legacy5BNB,3,1.06864281,6.8643,0.500194,15.8015,28,53.5714,true
4.60,Legacy5BNB,4,1.12328608,12.3286,0.661566,29.0333,38,55.2632,true
4.60,Legacy5BNB,5,0.87542696,-12.4573,-1.524831,16.4676,35,31.4286,false
4.60,Legacy5BNB,6,1.03532718,3.5327,0.432607,10.9310,41,56.0976,true
4.60,OldGuardNoBNB,0,1.50280108,50.2801,2.169715,8.0772,30,60.0000,true
4.60,OldGuardNoBNB,1,1.51467522,51.4675,2.800871,8.5497,43,58.1395,true
4.60,OldGuardNoBNB,2,1.67452763,67.4528,2.630700,15.4541,36,55.5556,true
4.60,OldGuardNoBNB,3,1.18034046,18.0340,1.007415,20.3179,32,50.0000,true
4.60,OldGuardNoBNB,4,0.85090737,-14.9093,-0.443028,37.0655,42,45.2381,false
4.60,OldGuardNoBNB,5,0.92043397,-7.9566,-0.929302,13.4446,37,40.5405,false
4.60,OldGuardNoBNB,6,0.93529161,-6.4708,-0.601886,15.8413,39,43.5897,false
4.60,LargeCaps5,0,1.47878645,47.8786,2.238820,19.8890,32,71.8750,true
4.60,LargeCaps5,1,1.67480351,67.4804,2.998766,9.4923,48,52.0833,true
4.60,LargeCaps5,2,3.24810207,224.8102,5.145413,5.4846,37,70.2703,true
4.60,LargeCaps5,3,1.01509204,1.5092,0.213593,19.9389,28,60.7143,true
4.60,LargeCaps5,4,1.03585100,3.5851,0.320604,29.9106,36,50.0000,true
4.60,LargeCaps5,5,1.13636781,13.6368,1.314958,7.2904,34,47.0588,true
4.60,Legacy3,0,1.31940433,31.9404,1.873079,6.2048,24,66.6667,true
4.60,Legacy3,1,1.60689032,60.6890,3.602276,6.2935,35,60.0000,true
4.60,Legacy3,2,1.40705228,40.7052,1.999718,9.2527,25,56.0000,true
4.60,Legacy3,3,1.06355890,6.3559,0.531499,13.4018,19,42.1053,true
4.60,Legacy3,4,0.90246225,-9.7538,-0.464487,28.7153,31,45.1613,false
4.60,Legacy3,5,0.93071720,-6.9283,-0.982671,13.0373,27,29.6296,false
4.60,Legacy3,6,0.92576244,-7.4238,-0.897290,13.3082,32,46.8750,false
4.60,LowVolume5,0,1.52646500,52.6465,2.478741,6.3207,30,70.0000,true
4.60,LowVolume5,1,1.69256133,69.2561,3.109518,11.8448,38,50.0000,true
4.60,LowVolume5,2,1.49549705,49.5497,2.220350,12.6443,32,56.2500,true
4.60,LowVolume5,3,0.82133709,-17.8663,-0.830165,36.4211,29,41.3793,false
4.60,LowVolume5,4,0.89768730,-10.2313,-0.361372,38.1610,35,51.4286,false
4.60,LowVolume5,5,1.07854123,7.8541,0.819317,15.7748,36,36.1111,true
4.60,LowVolume5,6,0.84374983,-15.6250,-1.598288,16.5288,33,39.3939,false
4.60,OldGuard4,0,1.25826530,25.8265,1.494509,6.8079,27,62.9630,true
4.60,OldGuard4,1,1.39600938,39.6009,2.515075,8.0803,37,54.0541,true
4.60,OldGuard4,2,1.35047480,35.0475,1.615949,16.3480,33,51.5152,true
4.60,OldGuard4,3,1.10469210,10.4692,0.665928,18.3487,28,42.8571,true
4.60,OldGuard4,4,0.84714536,-15.2855,-0.662925,33.6071,37,43.2432,false
4.60,OldGuard4,5,0.92313317,-7.6867,-1.017895,14.8272,34,35.2941,false
4.60,OldGuard4,6,0.88221728,-11.7783,-1.227260,16.7950,37,43.2432,false
4.65,Base5,0,2.17913600,117.9136,2.544983,18.9543,32,71.8750,true
4.65,Base5,1,1.77302978,77.3030,3.380411,7.2460,46,52.1739,true
4.65,Base5,2,2.12655738,112.6557,3.820541,6.2892,38,63.1579,true
4.65,Base5,3,1.03154185,3.1542,0.310237,20.7292,29,55.1724,true
4.65,Base5,4,1.01740569,1.7406,0.255018,36.5144,39,48.7179,true
4.65,Base5,5,1.32509353,32.5094,2.453690,7.4258,37,48.6486,true
4.65,NoDOGE,0,1.51254161,51.2542,2.472791,12.7131,26,76.9231,true
4.65,NoDOGE,1,1.95298159,95.2982,3.866905,6.8598,42,54.7619,true
4.65,NoDOGE,2,1.87925196,87.9252,3.494412,8.5366,33,63.6364,true
4.65,NoDOGE,3,0.98935390,-1.0646,0.053216,22.3990,26,53.8462,false
4.65,NoDOGE,4,0.89517567,-10.4824,-0.332958,36.7044,35,48.5714,false
4.65,NoDOGE,5,1.13591665,13.5917,1.308526,7.2904,31,45.1613,true
4.65,Legacy4,0,1.53718612,53.7186,2.466734,9.1730,27,66.6667,true
4.65,Legacy4,1,1.53319373,53.3194,2.779473,8.0371,41,58.5366,true
4.65,Legacy4,2,1.42020196,42.0202,2.056324,17.3364,30,53.3333,true
4.65,Legacy4,3,1.05666147,5.6661,0.473903,17.0328,24,50.0000,true
4.65,Legacy4,4,0.90646992,-9.3530,-0.251111,36.4311,36,47.2222,false
4.65,Legacy4,5,0.92452453,-7.5475,-0.931816,12.5584,31,35.4839,false
4.65,Legacy4,6,0.98865214,-1.1348,-0.067496,11.5837,36,47.2222,false
4.65,Legacy5BNB,0,1.64338142,64.3381,2.546467,8.6418,32,65.6250,true
4.65,Legacy5BNB,1,1.54421222,54.4212,2.690947,8.9625,45,57.7778,true
4.65,Legacy5BNB,2,2.60236861,160.2369,4.185832,12.2412,34,67.6471,true
4.65,Legacy5BNB,3,1.05301571,5.3016,0.419324,17.0328,28,53.5714,true
4.65,Legacy5BNB,4,1.12328608,12.3286,0.661566,29.0333,38,55.2632,true
4.65,Legacy5BNB,5,0.87542696,-12.4573,-1.524831,16.4676,35,31.4286,false
4.65,Legacy5BNB,6,1.03532718,3.5327,0.432607,10.9310,41,56.0976,true
4.65,OldGuardNoBNB,0,1.50280108,50.2801,2.169715,8.0772,30,60.0000,true
4.65,OldGuardNoBNB,1,1.51467522,51.4675,2.800871,8.5497,43,58.1395,true
4.65,OldGuardNoBNB,2,1.67452763,67.4528,2.630700,15.4541,36,55.5556,true
4.65,OldGuardNoBNB,3,1.16307997,16.3080,0.928668,21.4831,32,50.0000,true
4.65,OldGuardNoBNB,4,0.85090737,-14.9093,-0.443028,37.0655,42,45.2381,false
4.65,OldGuardNoBNB,5,0.92043397,-7.9566,-0.929302,13.4446,37,40.5405,false
4.65,OldGuardNoBNB,6,0.93529161,-6.4708,-0.601886,15.8413,39,43.5897,false
4.65,LargeCaps5,0,1.47878645,47.8786,2.238820,19.8890,32,71.8750,true
4.65,LargeCaps5,1,1.72353717,72.3537,3.158439,8.5716,48,54.1667,true
4.65,LargeCaps5,2,3.24810207,224.8102,5.145413,5.4846,37,70.2703,true
4.65,LargeCaps5,3,1.01509204,1.5092,0.213593,19.9389,28,60.7143,true
4.65,LargeCaps5,4,1.03585100,3.5851,0.320604,29.9106,36,50.0000,true
4.65,LargeCaps5,5,1.12111218,12.1112,1.175625,7.6840,34,47.0588,true
4.65,Legacy3,0,1.31940433,31.9404,1.873079,6.2048,24,66.6667,true
4.65,Legacy3,1,1.60689032,60.6890,3.602276,6.2935,35,60.0000,true
4.65,Legacy3,2,1.40705228,40.7052,1.999718,9.2527,25,56.0000,true
4.65,Legacy3,3,1.04800614,4.8006,0.429502,14.6682,19,42.1053,true
4.65,Legacy3,4,0.90246225,-9.7538,-0.464487,28.7153,31,45.1613,false
4.65,Legacy3,5,0.93071720,-6.9283,-0.982671,13.0373,27,29.6296,false
4.65,Legacy3,6,0.92576244,-7.4238,-0.897290,13.3082,32,46.8750,false
4.65,LowVolume5,0,1.52646500,52.6465,2.478741,6.3207,30,70.0000,true
4.65,LowVolume5,1,1.69256133,69.2561,3.109518,11.8448,38,50.0000,true
4.65,LowVolume5,2,1.49549705,49.5497,2.220350,12.6443,32,56.2500,true
4.65,LowVolume5,3,0.80932642,-19.0674,-0.898024,37.3508,29,41.3793,false
4.65,LowVolume5,4,0.89768730,-10.2313,-0.361372,38.1610,35,51.4286,false
4.65,LowVolume5,5,1.06406191,6.4062,0.681677,16.9055,36,36.1111,true
4.65,LowVolume5,6,0.84374983,-15.6250,-1.598288,16.5288,33,39.3939,false
4.65,OldGuard4,0,1.25826530,25.8265,1.494509,6.8079,27,62.9630,true
4.65,OldGuard4,1,1.39600938,39.6009,2.515075,8.0803,37,54.0541,true
4.65,OldGuard4,2,1.35047480,35.0475,1.615949,16.3480,33,51.5152,true
4.65,OldGuard4,3,1.08853784,8.8538,0.586766,19.5427,28,42.8571,true
4.65,OldGuard4,4,0.84714536,-15.2855,-0.662925,33.6071,37,43.2432,false
4.65,OldGuard4,5,0.92313317,-7.6867,-1.017895,14.8272,34,35.2941,false
4.65,OldGuard4,6,0.88221728,-11.7783,-1.227260,16.7950,37,43.2432,false
4.70,Base5,0,2.17913600,117.9136,2.544983,18.9543,32,71.8750,true
4.70,Base5,1,1.77302978,77.3030,3.380411,7.2460,46,52.1739,true
4.70,Base5,2,2.12655738,112.6557,3.820541,6.2892,38,63.1579,true
4.70,Base5,3,1.03154185,3.1542,0.310237,20.7292,29,55.1724,true
4.70,Base5,4,1.01740569,1.7406,0.255018,36.5144,39,48.7179,true
4.70,Base5,5,1.31124284,31.1243,2.359020,8.3934,37,48.6486,true
4.70,NoDOGE,0,1.51254161,51.2542,2.472791,12.7131,26,76.9231,true
4.70,NoDOGE,1,1.95298159,95.2982,3.866905,6.8598,42,54.7619,true
4.70,NoDOGE,2,1.87925196,87.9252,3.494412,8.5366,33,63.6364,true
4.70,NoDOGE,3,0.98935390,-1.0646,0.053216,22.3990,26,53.8462,false
4.70,NoDOGE,4,0.89517567,-10.4824,-0.332958,36.7044,35,48.5714,false
4.70,NoDOGE,5,1.12404335,12.4043,1.203190,7.8098,31,45.1613,true
4.70,Legacy4,0,1.53718612,53.7186,2.466734,9.1730,27,66.6667,true
4.70,Legacy4,1,1.53319373,53.3194,2.779473,8.0371,41,58.5366,true
4.70,Legacy4,2,1.42020196,42.0202,2.056324,17.3364,30,53.3333,true
4.70,Legacy4,3,1.05666147,5.6661,0.473903,17.0328,24,50.0000,true
4.70,Legacy4,4,0.90646992,-9.3530,-0.251111,36.4311,36,47.2222,false
4.70,Legacy4,5,0.92452453,-7.5475,-0.931816,12.5584,31,35.4839,false
4.70,Legacy4,6,0.98865214,-1.1348,-0.067496,11.5837,36,47.2222,false
4.70,Legacy5BNB,0,1.64338142,64.3381,2.546467,8.6418,32,65.6250,true
4.70,Legacy5BNB,1,1.54421222,54.4212,2.690947,8.9625,45,57.7778,true
4.70,Legacy5BNB,2,2.60236861,160.2369,4.185832,12.2412,34,67.6471,true
4.70,Legacy5BNB,3,1.05301571,5.3016,0.419324,17.0328,28,53.5714,true
4.70,Legacy5BNB,4,1.12328608,12.3286,0.661566,29.0333,38,55.2632,true
4.70,Legacy5BNB,5,0.87542696,-12.4573,-1.524831,16.4676,35,31.4286,false
4.70,Legacy5BNB,6,1.03532718,3.5327,0.432607,10.9310,41,56.0976,true
4.70,OldGuardNoBNB,0,1.50280108,50.2801,2.169715,8.0772,30,60.0000,true
4.70,OldGuardNoBNB,1,1.51467522,51.4675,2.800871,8.5497,43,58.1395,true
4.70,OldGuardNoBNB,2,1.67452763,67.4528,2.630700,15.4541,36,55.5556,true
4.70,OldGuardNoBNB,3,1.16307997,16.3080,0.928668,21.4831,32,50.0000,true
4.70,OldGuardNoBNB,4,0.85090737,-14.9093,-0.443028,37.0655,42,45.2381,false
4.70,OldGuardNoBNB,5,0.92043397,-7.9566,-0.929302,13.4446,37,40.5405,false
4.70,OldGuardNoBNB,6,0.93529161,-6.4708,-0.601886,15.8413,39,43.5897,false
4.70,LargeCaps5,0,1.47878645,47.8786,2.238820,19.8890,32,71.8750,true
4.70,LargeCaps5,1,1.72353717,72.3537,3.158439,8.5716,48,54.1667,true
4.70,LargeCaps5,2,3.24810207,224.8102,5.145413,5.4846,37,70.2703,true
4.70,LargeCaps5,3,1.01509204,1.5092,0.213593,19.9389,28,60.7143,true
4.70,LargeCaps5,4,1.03585100,3.5851,0.320604,29.9106,36,50.0000,true
4.70,LargeCaps5,5,1.10939362,10.9394,1.071484,8.6489,34,47.0588,true
4.70,Legacy3,0,1.31229266,31.2293,1.836488,6.2048,24,66.6667,true
4.70,Legacy3,1,1.60689032,60.6890,3.602276,6.2935,35,60.0000,true
4.70,Legacy3,2,1.40705228,40.7052,1.999718,9.2527,25,56.0000,true
4.70,Legacy3,3,1.04800614,4.8006,0.429502,14.6682,19,42.1053,true
4.70,Legacy3,4,0.90246225,-9.7538,-0.464487,28.7153,31,45.1613,false
4.70,Legacy3,5,0.93071720,-6.9283,-0.982671,13.0373,27,29.6296,false
4.70,Legacy3,6,0.92576244,-7.4238,-0.897290,13.3082,32,46.8750,false
4.70,LowVolume5,0,1.54180213,54.1802,2.518763,6.3207,30,70.0000,true
4.70,LowVolume5,1,1.69256133,69.2561,3.109518,11.8448,38,50.0000,true
4.70,LowVolume5,2,1.49549705,49.5497,2.220350,12.6443,32,56.2500,true
4.70,LowVolume5,3,0.80932642,-19.0674,-0.898024,37.3508,29,41.3793,false
4.70,LowVolume5,4,0.89768730,-10.2313,-0.361372,38.1610,35,51.4286,false
4.70,LowVolume5,5,1.06406191,6.4062,0.681677,16.9055,36,36.1111,true
4.70,LowVolume5,6,0.84374983,-15.6250,-1.598288,16.5288,33,39.3939,false
4.70,OldGuard4,0,1.27090770,27.0908,1.551110,5.9388,27,62.9630,true
4.70,OldGuard4,1,1.39600938,39.6009,2.515075,8.0803,37,54.0541,true
4.70,OldGuard4,2,1.35047480,35.0475,1.615949,16.3480,33,51.5152,true
4.70,OldGuard4,3,1.08853784,8.8538,0.586766,19.5427,28,42.8571,true
4.70,OldGuard4,4,0.84714536,-15.2855,-0.662925,33.6071,37,43.2432,false
4.70,OldGuard4,5,0.92313317,-7.6867,-1.017895,14.8272,34,35.2941,false
4.70,OldGuard4,6,0.88221728,-11.7783,-1.227260,16.7950,37,43.2432,false
4.75,Base5,0,2.18378923,118.3789,2.551524,18.9543,32,71.8750,true
4.75,Base5,1,1.77302978,77.3030,3.380411,7.2460,46,52.1739,true
4.75,Base5,2,2.12655738,112.6557,3.820541,6.2892,38,63.1579,true
4.75,Base5,3,1.03154185,3.1542,0.310237,20.7292,29,55.1724,true
4.75,Base5,4,1.04155354,4.1554,0.346279,34.9976,38,50.0000,true
4.75,Base5,5,1.30789014,30.7890,2.338943,8.3934,37,48.6486,true
4.75,NoDOGE,0,1.51577142,51.5771,2.485517,12.6536,26,76.9231,true
4.75,NoDOGE,1,1.95298159,95.2982,3.866905,6.8598,42,54.7619,true
4.75,NoDOGE,2,1.87925196,87.9252,3.494412,8.5366,33,63.6364,true
4.75,NoDOGE,3,0.98935390,-1.0646,0.053216,22.3990,26,53.8462,false
4.75,NoDOGE,4,0.91642242,-8.3578,-0.215408,35.2021,34,50.0000,false
4.75,NoDOGE,5,1.12404335,12.4043,1.203190,7.8098,31,45.1613,true
4.75,Legacy4,0,1.53718612,53.7186,2.466734,9.1730,27,66.6667,true
4.75,Legacy4,1,1.53319373,53.3194,2.779473,8.0371,41,58.5366,true
4.75,Legacy4,2,1.42020196,42.0202,2.056324,17.3364,30,53.3333,true
4.75,Legacy4,3,1.18110216,18.1102,1.108305,17.0328,23,56.5217,true
4.75,Legacy4,4,0.90646992,-9.3530,-0.251111,36.4311,36,47.2222,false
4.75,Legacy4,5,0.92216063,-7.7839,-0.963834,12.5584,31,35.4839,false
4.75,Legacy4,6,0.98865214,-1.1348,-0.067496,11.5837,36,47.2222,false
4.75,Legacy5BNB,0,1.64338142,64.3381,2.546467,8.6418,32,65.6250,true
4.75,Legacy5BNB,1,1.54421222,54.4212,2.690947,8.9625,45,57.7778,true
4.75,Legacy5BNB,2,2.60236861,160.2369,4.185832,12.2412,34,67.6471,true
4.75,Legacy5BNB,3,1.17702703,17.7027,0.973376,17.0328,27,59.2593,true
4.75,Legacy5BNB,4,1.12328608,12.3286,0.661566,29.0333,38,55.2632,true
4.75,Legacy5BNB,5,0.87318860,-12.6811,-1.555064,16.4676,35,31.4286,false
4.75,Legacy5BNB,6,1.07925016,7.9250,0.867423,9.8645,40,57.5000,true
4.75,OldGuardNoBNB,0,1.50280108,50.2801,2.169715,8.0772,30,60.0000,true
4.75,OldGuardNoBNB,1,1.51467522,51.4675,2.800871,8.5497,43,58.1395,true
4.75,OldGuardNoBNB,2,1.67139856,67.1399,2.620123,15.6121,36,55.5556,true
4.75,OldGuardNoBNB,3,1.30005332,30.0053,1.437120,21.4831,31,54.8387,true
4.75,OldGuardNoBNB,4,0.85090737,-14.9093,-0.443028,37.0655,42,45.2381,false
4.75,OldGuardNoBNB,5,0.91808052,-8.1919,-0.955542,13.4446,37,40.5405,false
4.75,OldGuardNoBNB,6,0.93529161,-6.4708,-0.601886,15.8413,39,43.5897,false
4.75,LargeCaps5,0,1.48194418,48.1944,2.251047,19.7179,32,71.8750,true
4.75,LargeCaps5,1,1.72353717,72.3537,3.158439,8.5716,48,54.1667,true
4.75,LargeCaps5,2,3.24810207,224.8102,5.145413,5.4846,37,70.2703,true
4.75,LargeCaps5,3,1.01509204,1.5092,0.213593,19.9389,28,60.7143,true
4.75,LargeCaps5,4,1.06043664,6.0437,0.424601,28.2470,35,51.4286,true
4.75,LargeCaps5,5,1.10939362,10.9394,1.071484,8.6489,34,47.0588,true
4.75,Legacy3,0,1.31229266,31.2293,1.836488,6.2048,24,66.6667,true
4.75,Legacy3,1,1.60689032,60.6890,3.602276,6.2935,35,60.0000,true
4.75,Legacy3,2,1.40705228,40.7052,1.999718,9.2527,25,56.0000,true
4.75,Legacy3,3,1.17142751,17.1428,1.090071,14.6682,18,50.0000,true
4.75,Legacy3,4,0.90246225,-9.7538,-0.464487,28.7153,31,45.1613,false
4.75,Legacy3,5,0.93071720,-6.9283,-0.982671,13.0373,27,29.6296,false
4.75,Legacy3,6,0.93480438,-6.5196,-0.770498,12.4615,32,46.8750,false
4.75,LowVolume5,0,1.54180213,54.1802,2.518763,6.3207,30,70.0000,true
4.75,LowVolume5,1,1.69256133,69.2561,3.109518,11.8448,38,50.0000,true
4.75,LowVolume5,2,1.49270252,49.2703,2.208701,12.6443,32,56.2500,true
4.75,LowVolume5,3,0.90463900,-9.5361,-0.312793,37.3508,28,46.4286,false
4.75,LowVolume5,4,0.90343688,-9.6563,-0.319589,37.7649,35,51.4286,false
4.75,LowVolume5,5,1.06406191,6.4062,0.681677,16.9055,36,36.1111,true
4.75,LowVolume5,6,0.85199074,-14.8009,-1.495509,15.7136,33,39.3939,false
4.75,OldGuard4,0,1.27090770,27.0908,1.551110,5.9388,27,62.9630,true
4.75,OldGuard4,1,1.39600938,39.6009,2.515075,8.0803,37,54.0541,true
4.75,OldGuard4,2,1.34795126,34.7951,1.605918,16.5043,33,51.5152,true
4.75,OldGuard4,3,1.21673253,21.6733,1.121921,19.5427,27,48.1481,true
4.75,OldGuard4,4,0.84714536,-15.2855,-0.662925,33.6071,37,43.2432,false
4.75,OldGuard4,5,0.92313317,-7.6867,-1.017895,14.8272,34,35.2941,false
4.75,OldGuard4,6,0.89083391,-10.9166,-1.120199,15.9824,37,43.2432,false
4.80,Base5,0,2.17017424,117.0174,2.533685,18.9543,32,71.8750,true
4.80,Base5,1,1.77302978,77.3030,3.380411,7.2460,46,52.1739,true
4.80,Base5,2,2.10007332,110.0073,3.751096,6.2892,38,60.5263,true
4.80,Base5,3,1.03154185,3.1542,0.310237,20.7292,29,55.1724,true
4.80,Base5,4,1.04942735,4.9427,0.374877,34.9976,38,50.0000,true
4.80,Base5,5,1.30789014,30.7890,2.338943,8.3934,37,48.6486,true
4.80,NoDOGE,0,1.50632124,50.6321,2.453490,13.0720,26,76.9231,true
4.80,NoDOGE,1,1.95298159,95.2982,3.866905,6.8598,42,54.7619,true
4.80,NoDOGE,2,1.85584784,85.5848,3.418895,8.5366,33,60.6061,true
4.80,NoDOGE,3,0.98935390,-1.0646,0.053216,22.3990,26,53.8462,false
4.80,NoDOGE,4,0.92335028,-7.6650,-0.182114,35.2021,34,50.0000,false
4.80,NoDOGE,5,1.12404335,12.4043,1.203190,7.8098,31,45.1613,true
4.80,Legacy4,0,1.53718612,53.7186,2.466734,9.1730,27,66.6667,true
4.80,Legacy4,1,1.53319373,53.3194,2.779473,8.0371,41,58.5366,true
4.80,Legacy4,2,1.42020196,42.0202,2.056324,17.3364,30,53.3333,true
4.80,Legacy4,3,1.18110216,18.1102,1.108305,17.0328,23,56.5217,true
4.80,Legacy4,4,0.91332254,-8.6677,-0.219100,36.4311,36,47.2222,false
4.80,Legacy4,5,0.92216063,-7.7839,-0.963834,12.5584,31,35.4839,false
4.80,Legacy4,6,0.98865214,-1.1348,-0.067496,11.5837,36,47.2222,false
4.80,Legacy5BNB,0,1.64338142,64.3381,2.546467,8.6418,32,65.6250,true
4.80,Legacy5BNB,1,1.54421222,54.4212,2.690947,8.9625,45,57.7778,true
4.80,Legacy5BNB,2,2.60236861,160.2369,4.185832,12.2412,34,67.6471,true
4.80,Legacy5BNB,3,1.17702703,17.7027,0.973376,17.0328,27,59.2593,true
4.80,Legacy5BNB,4,1.13177777,13.1778,0.693478,29.0333,38,55.2632,true
4.80,Legacy5BNB,5,0.87318860,-12.6811,-1.555064,16.4676,35,31.4286,false
4.80,Legacy5BNB,6,1.07925016,7.9250,0.867423,9.8645,40,57.5000,true
4.80,OldGuardNoBNB,0,1.50280108,50.2801,2.169715,8.0772,30,60.0000,true
4.80,OldGuardNoBNB,1,1.51467522,51.4675,2.800871,8.5497,43,58.1395,true
4.80,OldGuardNoBNB,2,1.67139856,67.1399,2.620123,15.6121,36,55.5556,true
4.80,OldGuardNoBNB,3,1.30005332,30.0053,1.437120,21.4831,31,54.8387,true
4.80,OldGuardNoBNB,4,0.84760208,-15.2398,-0.460399,37.0655,41,43.9024,false
4.80,OldGuardNoBNB,5,0.91808052,-8.1919,-0.955542,13.4446,37,40.5405,false
4.80,OldGuardNoBNB,6,0.93529161,-6.4708,-0.601886,15.8413,39,43.5897,false
4.80,LargeCaps5,0,1.47270490,47.2705,2.218193,20.2184,32,71.8750,true
4.80,LargeCaps5,1,1.72353717,72.3537,3.158439,8.5716,48,54.1667,true
4.80,LargeCaps5,2,3.20765034,220.7650,5.095239,5.4846,37,67.5676,true
4.80,LargeCaps5,3,1.01509204,1.5092,0.213593,19.9389,28,60.7143,true
4.80,LargeCaps5,4,1.06845320,6.8453,0.457834,28.2470,35,51.4286,true
4.80,LargeCaps5,5,1.10939362,10.9394,1.071484,8.6489,34,47.0588,true
4.80,Legacy3,0,1.31229266,31.2293,1.836488,6.2048,24,66.6667,true
4.80,Legacy3,1,1.60689032,60.6890,3.602276,6.2935,35,60.0000,true
4.80,Legacy3,2,1.40705228,40.7052,1.999718,9.2527,25,56.0000,true
4.80,Legacy3,3,1.17142751,17.1428,1.090071,14.6682,18,50.0000,true
4.80,Legacy3,4,0.90928458,-9.0715,-0.421645,28.7153,31,45.1613,false
4.80,Legacy3,5,0.93071720,-6.9283,-0.982671,13.0373,27,29.6296,false
4.80,Legacy3,6,0.93480438,-6.5196,-0.770498,12.4615,32,46.8750,false
4.80,LowVolume5,0,1.54180213,54.1802,2.518763,6.3207,30,70.0000,true
4.80,LowVolume5,1,1.69256133,69.2561,3.109518,11.8448,38,50.0000,true
4.80,LowVolume5,2,1.47411246,47.4112,2.139434,13.7455,32,53.1250,true
4.80,LowVolume5,3,0.90463900,-9.5361,-0.312793,37.3508,28,46.4286,false
4.80,LowVolume5,4,0.90343688,-9.6563,-0.319589,37.7649,35,51.4286,false
4.80,LowVolume5,5,1.06406191,6.4062,0.681677,16.9055,36,36.1111,true
4.80,LowVolume5,6,0.85199074,-14.8009,-1.495509,15.7136,33,39.3939,false
4.80,OldGuard4,0,1.27090770,27.0908,1.551110,5.9388,27,62.9630,true
4.80,OldGuard4,1,1.39600938,39.6009,2.515075,8.0803,37,54.0541,true
4.80,OldGuard4,2,1.34795126,34.7951,1.605918,16.5043,33,51.5152,true
4.80,OldGuard4,3,1.21673253,21.6733,1.121921,19.5427,27,48.1481,true
4.80,OldGuard4,4,0.84385468,-15.6145,-0.686075,33.8103,36,41.6667,false
4.80,OldGuard4,5,0.92313317,-7.6867,-1.017895,14.8272,34,35.2941,false
4.80,OldGuard4,6,0.89083391,-10.9166,-1.120199,15.9824,37,43.2432,false
4.85,Base5,0,2.17017424,117.0174,2.533685,18.9543,32,71.8750,true
4.85,Base5,1,1.73493784,73.4938,3.249869,7.2460,46,52.1739,true
4.85,Base5,2,2.10007332,110.0073,3.751096,6.2892,38,60.5263,true
4.85,Base5,3,1.03105879,3.1059,0.307415,20.7292,29,55.1724,true
4.85,Base5,4,1.04942735,4.9427,0.374877,34.9976,38,50.0000,true
4.85,Base5,5,1.30789014,30.7890,2.338943,8.3934,37,48.6486,true
4.85,NoDOGE,0,1.50632124,50.6321,2.453490,13.0720,26,76.9231,true
4.85,NoDOGE,1,1.91102355,91.1024,3.736969,6.8598,42,54.7619,true
4.85,NoDOGE,2,1.85584784,85.5848,3.418895,8.5366,33,60.6061,true
4.85,NoDOGE,3,0.98935390,-1.0646,0.053216,22.3990,26,53.8462,false
4.85,NoDOGE,4,0.92335028,-7.6650,-0.182114,35.2021,34,50.0000,false
4.85,NoDOGE,5,1.12404335,12.4043,1.203190,7.8098,31,45.1613,true
4.85,Legacy4,0,1.53718612,53.7186,2.466734,9.1730,27,66.6667,true
4.85,Legacy4,1,1.53319373,53.3194,2.779473,8.0371,41,58.5366,true
4.85,Legacy4,2,1.42020196,42.0202,2.056324,17.3364,30,53.3333,true
4.85,Legacy4,3,1.18110216,18.1102,1.108305,17.0328,23,56.5217,true
4.85,Legacy4,4,0.91332254,-8.6677,-0.219100,36.4311,36,47.2222,false
4.85,Legacy4,5,0.92216063,-7.7839,-0.963834,12.5584,31,35.4839,false
4.85,Legacy4,6,0.98865214,-1.1348,-0.067496,11.5837,36,47.2222,false
4.85,Legacy5BNB,0,1.64338142,64.3381,2.546467,8.6418,32,65.6250,true
4.85,Legacy5BNB,1,1.54421222,54.4212,2.690947,8.9625,45,57.7778,true
4.85,Legacy5BNB,2,2.60236861,160.2369,4.185832,12.2412,34,67.6471,true
4.85,Legacy5BNB,3,1.17702703,17.7027,0.973376,17.0328,27,59.2593,true
4.85,Legacy5BNB,4,1.13177777,13.1778,0.693478,29.0333,38,55.2632,true
4.85,Legacy5BNB,5,0.87318860,-12.6811,-1.555064,16.4676,35,31.4286,false
4.85,Legacy5BNB,6,1.07925016,7.9250,0.867423,9.8645,40,57.5000,true
4.85,OldGuardNoBNB,0,1.50280108,50.2801,2.169715,8.0772,30,60.0000,true
4.85,OldGuardNoBNB,1,1.51467522,51.4675,2.800871,8.5497,43,58.1395,true
4.85,OldGuardNoBNB,2,1.67139856,67.1399,2.620123,15.6121,36,55.5556,true
4.85,OldGuardNoBNB,3,1.30005332,30.0053,1.437120,21.4831,31,54.8387,true
4.85,OldGuardNoBNB,4,0.84760208,-15.2398,-0.460399,37.0655,41,43.9024,false
4.85,OldGuardNoBNB,5,0.91808052,-8.1919,-0.955542,13.4446,37,40.5405,false
4.85,OldGuardNoBNB,6,0.93529161,-6.4708,-0.601886,15.8413,39,43.5897,false
4.85,LargeCaps5,0,1.47270490,47.2705,2.218193,20.2184,32,71.8750,true
4.85,LargeCaps5,1,1.72353717,72.3537,3.158439,8.5716,48,54.1667,true
4.85,LargeCaps5,2,3.20765034,220.7650,5.095239,5.4846,37,67.5676,true
4.85,LargeCaps5,3,1.01509204,1.5092,0.213593,19.9389,28,60.7143,true
4.85,LargeCaps5,4,1.06845320,6.8453,0.457834,28.2470,35,51.4286,true
4.85,LargeCaps5,5,1.10939362,10.9394,1.071484,8.6489,34,47.0588,true
4.85,Legacy3,0,1.31229266,31.2293,1.836488,6.2048,24,66.6667,true
4.85,Legacy3,1,1.60689032,60.6890,3.602276,6.2935,35,60.0000,true
4.85,Legacy3,2,1.40705228,40.7052,1.999718,9.2527,25,56.0000,true
4.85,Legacy3,3,1.17142751,17.1428,1.090071,14.6682,18,50.0000,true
4.85,Legacy3,4,0.90928458,-9.0715,-0.421645,28.7153,31,45.1613,false
4.85,Legacy3,5,0.93071720,-6.9283,-0.982671,13.0373,27,29.6296,false
4.85,Legacy3,6,0.93480438,-6.5196,-0.770498,12.4615,32,46.8750,false
4.85,LowVolume5,0,1.54180213,54.1802,2.518763,6.3207,30,70.0000,true
4.85,LowVolume5,1,1.69256133,69.2561,3.109518,11.8448,38,50.0000,true
4.85,LowVolume5,2,1.47411246,47.4112,2.139434,13.7455,32,53.1250,true
4.85,LowVolume5,3,0.90463900,-9.5361,-0.312793,37.3508,28,46.4286,false
4.85,LowVolume5,4,0.90343688,-9.6563,-0.319589,37.7649,35,51.4286,false
4.85,LowVolume5,5,1.06406191,6.4062,0.681677,16.9055,36,36.1111,true
4.85,LowVolume5,6,0.85416368,-14.5836,-1.465392,15.4986,33,39.3939,false
4.85,OldGuard4,0,1.27090770,27.0908,1.551110,5.9388,27,62.9630,true
4.85,OldGuard4,1,1.39600938,39.6009,2.515075,8.0803,37,54.0541,true
4.85,OldGuard4,2,1.34795126,34.7951,1.605918,16.5043,33,51.5152,true
4.85,OldGuard4,3,1.21673253,21.6733,1.121921,19.5427,27,48.1481,true
4.85,OldGuard4,4,0.84385468,-15.6145,-0.686075,33.8103,36,41.6667,false
4.85,OldGuard4,5,0.92313317,-7.6867,-1.017895,14.8272,34,35.2941,false
4.85,OldGuard4,6,0.89083391,-10.9166,-1.120199,15.9824,37,43.2432,false
4.90,Base5,0,2.17017424,117.0174,2.533685,18.9543,32,71.8750,true
4.90,Base5,1,1.73493784,73.4938,3.249869,7.2460,46,52.1739,true
4.90,Base5,2,2.10007332,110.0073,3.751096,6.2892,38,60.5263,true
4.90,Base5,3,1.04418145,4.4181,0.385872,19.7203,29,58.6207,true
4.90,Base5,4,1.02105143,2.1051,0.271069,36.2766,38,50.0000,true
4.90,Base5,5,1.30789014,30.7890,2.338943,8.3934,37,48.6486,true
4.90,NoDOGE,0,1.50632124,50.6321,2.453490,13.0720,26,76.9231,true
4.90,NoDOGE,1,1.91102355,91.1024,3.736969,6.8598,42,54.7619,true
4.90,NoDOGE,2,1.85584784,85.5848,3.418895,8.5366,33,60.6061,true
4.90,NoDOGE,3,1.00939522,0.9395,0.176377,20.8271,25,56.0000,true
4.90,NoDOGE,4,0.89838341,-10.1617,-0.300636,36.9542,34,50.0000,false
4.90,NoDOGE,5,1.12404335,12.4043,1.203190,7.8098,31,45.1613,true
4.90,Legacy4,0,1.53718612,53.7186,2.466734,9.1730,27,66.6667,true
4.90,Legacy4,1,1.53319373,53.3194,2.779473,8.0371,41,58.5366,true
4.90,Legacy4,2,1.42020196,42.0202,2.056324,17.3364,30,53.3333,true
4.90,Legacy4,3,1.18110216,18.1102,1.108305,17.0328,23,56.5217,true
4.90,Legacy4,4,0.88862682,-11.1373,-0.334584,38.1500,36,47.2222,false
4.90,Legacy4,5,0.92360598,-7.6394,-0.944408,12.4213,31,35.4839,false
4.90,Legacy4,6,0.98865214,-1.1348,-0.067496,11.5837,36,47.2222,false
4.90,Legacy5BNB,0,1.64338142,64.3381,2.546467,8.6418,32,65.6250,true
4.90,Legacy5BNB,1,1.54421222,54.4212,2.690947,8.9625,45,57.7778,true
4.90,Legacy5BNB,2,2.60236861,160.2369,4.185832,12.2412,34,67.6471,true
4.90,Legacy5BNB,3,1.17702703,17.7027,0.973376,17.0328,27,59.2593,true
4.90,Legacy5BNB,4,1.10117514,10.1175,0.577208,30.9522,38,55.2632,true
4.90,Legacy5BNB,5,0.87455719,-12.5443,-1.536793,16.3367,35,31.4286,false
4.90,Legacy5BNB,6,1.07925016,7.9250,0.867423,9.8645,40,57.5000,true
4.90,OldGuardNoBNB,0,1.50280108,50.2801,2.169715,8.0772,30,60.0000,true
4.90,OldGuardNoBNB,1,1.51467522,51.4675,2.800871,8.5497,43,58.1395,true
4.90,OldGuardNoBNB,2,1.67139856,67.1399,2.620123,15.6121,36,55.5556,true
4.90,OldGuardNoBNB,3,1.29956713,29.9567,1.434770,21.5125,31,54.8387,true
4.90,OldGuardNoBNB,4,0.82468341,-17.5317,-0.565263,38.7672,41,43.9024,false
4.90,OldGuardNoBNB,5,0.91951948,-8.0481,-0.938092,13.3089,37,40.5405,false
4.90,OldGuardNoBNB,6,0.93529161,-6.4708,-0.601886,15.8413,39,43.5897,false
4.90,LargeCaps5,0,1.47270490,47.2705,2.218193,20.2184,32,71.8750,true
4.90,LargeCaps5,1,1.72353717,72.3537,3.158439,8.5716,48,54.1667,true
4.90,LargeCaps5,2,3.20765034,220.7650,5.095239,5.4846,37,67.5676,true
4.90,LargeCaps5,3,1.03565475,3.5655,0.332365,18.3171,27,62.9630,true
4.90,LargeCaps5,4,1.03956284,3.9563,0.336691,30.1872,35,51.4286,true
4.90,LargeCaps5,5,1.10939362,10.9394,1.071484,8.6489,34,47.0588,true
4.90,Legacy3,0,1.31229266,31.2293,1.836488,6.2048,24,66.6667,true
4.90,Legacy3,1,1.60689032,60.6890,3.602276,6.2935,35,60.0000,true
4.90,Legacy3,2,1.40705228,40.7052,1.999718,9.2527,25,56.0000,true
4.90,Legacy3,3,1.17142751,17.1428,1.090071,14.6682,18,50.0000,true
4.90,Legacy3,4,0.90928458,-9.0715,-0.421645,28.7153,31,45.1613,false
4.90,Legacy3,5,0.93217596,-6.7824,-0.960253,12.9010,27,29.6296,false
4.90,Legacy3,6,0.93480438,-6.5196,-0.770498,12.4615,32,46.8750,false
4.90,LowVolume5,0,1.54180213,54.1802,2.518763,6.3207,30,70.0000,true
4.90,LowVolume5,1,1.69256133,69.2561,3.109518,11.8448,38,50.0000,true
4.90,LowVolume5,2,1.47411246,47.4112,2.139434,13.7455,32,53.1250,true
4.90,LowVolume5,3,0.90430069,-9.5699,-0.314290,37.3742,28,46.4286,false
4.90,LowVolume5,4,0.90343688,-9.6563,-0.319589,37.7649,35,51.4286,false
4.90,LowVolume5,5,1.06572967,6.5730,0.697393,16.7753,36,36.1111,true
4.90,LowVolume5,6,0.85416368,-14.5836,-1.465392,15.4986,33,39.3939,false
4.90,OldGuard4,0,1.27090770,27.0908,1.551110,5.9388,27,62.9630,true
4.90,OldGuard4,1,1.39600938,39.6009,2.515075,8.0803,37,54.0541,true
4.90,OldGuard4,2,1.34795126,34.7951,1.605918,16.5043,33,51.5152,true
4.90,OldGuard4,3,1.21627750,21.6277,1.119679,19.5728,27,48.1481,true
4.90,OldGuard4,4,0.84385468,-15.6145,-0.686075,33.8103,36,41.6667,false
4.90,OldGuard4,5,0.92458004,-7.5420,-0.998602,14.6937,34,35.2941,false
4.90,OldGuard4,6,0.89083391,-10.9166,-1.120199,15.9824,37,43.2432,false
4.95,Base5,0,2.17017424,117.0174,2.533685,18.9543,32,71.8750,true
4.95,Base5,1,1.71385698,71.3857,3.140348,7.2460,45,48.8889,true
4.95,Base5,2,2.10007332,110.0073,3.751096,6.2892,38,60.5263,true
4.95,Base5,3,1.04418145,4.4181,0.385872,19.7203,29,58.6207,true
4.95,Base5,4,1.02105143,2.1051,0.271069,36.2766,38,50.0000,true
4.95,Base5,5,1.30789014,30.7890,2.338943,8.3934,37,48.6486,true
4.95,NoDOGE,0,1.50632124,50.6321,2.453490,13.0720,26,76.9231,true
4.95,NoDOGE,1,1.88780311,88.7803,3.623252,6.8598,41,51.2195,true
4.95,NoDOGE,2,1.85584784,85.5848,3.418895,8.5366,33,60.6061,true
4.95,NoDOGE,3,1.00939522,0.9395,0.176377,20.8271,25,56.0000,true
4.95,NoDOGE,4,0.89838341,-10.1617,-0.300636,36.9542,34,50.0000,false
4.95,NoDOGE,5,1.12404335,12.4043,1.203190,7.8098,31,45.1613,true
4.95,Legacy4,0,1.54302824,54.3028,2.485173,9.1730,27,66.6667,true
4.95,Legacy4,1,1.51963841,51.9638,2.699672,8.0371,40,57.5000,true
4.95,Legacy4,2,1.42020196,42.0202,2.056324,17.3364,30,53.3333,true
4.95,Legacy4,3,1.18110216,18.1102,1.108305,17.0328,23,56.5217,true
4.95,Legacy4,4,0.88862682,-11.1373,-0.334584,38.1500,36,47.2222,false
4.95,Legacy4,5,0.92360598,-7.6394,-0.944408,12.4213,31,35.4839,false
4.95,Legacy4,6,0.98865214,-1.1348,-0.067496,11.5837,36,47.2222,false
4.95,Legacy5BNB,0,1.64962714,64.9627,2.563387,8.6418,32,65.6250,true
4.95,Legacy5BNB,1,1.56588125,56.5881,2.727773,8.9625,44,59.0909,true
4.95,Legacy5BNB,2,2.60236861,160.2369,4.185832,12.2412,34,67.6471,true
4.95,Legacy5BNB,3,1.17702703,17.7027,0.973376,17.0328,27,59.2593,true
4.95,Legacy5BNB,4,1.10117514,10.1175,0.577208,30.9522,38,55.2632,true
4.95,Legacy5BNB,5,0.87455719,-12.5443,-1.536793,16.3367,35,31.4286,false
4.95,Legacy5BNB,6,1.07925016,7.9250,0.867423,9.8645,40,57.5000,true
4.95,OldGuardNoBNB,0,1.50851253,50.8513,2.187267,7.7278,30,60.0000,true
4.95,OldGuardNoBNB,1,1.50128364,50.1284,2.716720,8.5497,42,57.1429,true
4.95,OldGuardNoBNB,2,1.67139856,67.1399,2.620123,15.6121,36,55.5556,true
4.95,OldGuardNoBNB,3,1.29956713,29.9567,1.434770,21.5125,31,54.8387,true
4.95,OldGuardNoBNB,4,0.82468341,-17.5317,-0.565263,38.7672,41,43.9024,false
4.95,OldGuardNoBNB,5,0.91951948,-8.0481,-0.938092,13.3089,37,40.5405,false
4.95,OldGuardNoBNB,6,0.93529161,-6.4708,-0.601886,15.8413,39,43.5897,false
4.95,LargeCaps5,0,1.47270490,47.2705,2.218193,20.2184,32,71.8750,true
4.95,LargeCaps5,1,1.75439882,75.4399,3.250051,8.5716,48,54.1667,true
4.95,LargeCaps5,2,3.20765034,220.7650,5.095239,5.4846,37,67.5676,true
4.95,LargeCaps5,3,1.03565475,3.5655,0.332365,18.3171,27,62.9630,true
4.95,LargeCaps5,4,1.03956284,3.9563,0.336691,30.1872,35,51.4286,true
4.95,LargeCaps5,5,1.10939362,10.9394,1.071484,8.6489,34,47.0588,true
4.95,Legacy3,0,1.31728007,31.7280,1.858519,6.2048,24,66.6667,true
4.95,Legacy3,1,1.60689032,60.6890,3.602276,6.2935,35,60.0000,true
4.95,Legacy3,2,1.40705228,40.7052,1.999718,9.2527,25,56.0000,true
4.95,Legacy3,3,1.17142751,17.1428,1.090071,14.6682,18,50.0000,true
4.95,Legacy3,4,0.90928458,-9.0715,-0.421645,28.7153,31,45.1613,false
4.95,Legacy3,5,0.93217596,-6.7824,-0.960253,12.9010,27,29.6296,false
4.95,Legacy3,6,0.93480438,-6.5196,-0.770498,12.4615,32,46.8750,false
4.95,LowVolume5,0,1.54766180,54.7662,2.545584,6.3207,30,70.0000,true
4.95,LowVolume5,1,1.69256133,69.2561,3.109518,11.8448,38,50.0000,true
4.95,LowVolume5,2,1.47411246,47.4112,2.139434,13.7455,32,53.1250,true
4.95,LowVolume5,3,0.90430069,-9.5699,-0.314290,37.3742,28,46.4286,false
4.95,LowVolume5,4,0.90343688,-9.6563,-0.319589,37.7649,35,51.4286,false
4.95,LowVolume5,5,1.06572967,6.5730,0.697393,16.7753,36,36.1111,true
4.95,LowVolume5,6,0.84792822,-15.2072,-1.548402,16.1155,33,39.3939,false
4.95,OldGuard4,0,1.27573782,27.5738,1.572849,5.9388,27,62.9630,true
4.95,OldGuard4,1,1.39600938,39.6009,2.515075,8.0803,37,54.0541,true
4.95,OldGuard4,2,1.34795126,34.7951,1.605918,16.5043,33,51.5152,true
4.95,OldGuard4,3,1.21627750,21.6277,1.119679,19.5728,27,48.1481,true
4.95,OldGuard4,4,0.84385468,-15.6145,-0.686075,33.8103,36,41.6667,false
4.95,OldGuard4,5,0.92458004,-7.5420,-0.998602,14.6937,34,35.2941,false
4.95,OldGuard4,6,0.89083391,-10.9166,-1.120199,15.9824,37,43.2432,false
5.00,Base5,0,2.17017424,117.0174,2.533685,18.9543,32,71.8750,true
5.00,Base5,1,1.71385698,71.3857,3.140348,7.2460,45,48.8889,true
5.00,Base5,2,2.10007332,110.0073,3.751096,6.2892,38,60.5263,true
5.00,Base5,3,1.04418145,4.4181,0.385872,19.7203,29,58.6207,true
5.00,Base5,4,1.02105143,2.1051,0.271069,36.2766,38,50.0000,true
5.00,Base5,5,1.30789014,30.7890,2.338943,8.3934,37,48.6486,true
5.00,NoDOGE,0,1.50632124,50.6321,2.453490,13.0720,26,76.9231,true
5.00,NoDOGE,1,1.88780311,88.7803,3.623252,6.8598,41,51.2195,true
5.00,NoDOGE,2,1.85584784,85.5848,3.418895,8.5366,33,60.6061,true
5.00,NoDOGE,3,1.00939522,0.9395,0.176377,20.8271,25,56.0000,true
5.00,NoDOGE,4,0.89838341,-10.1617,-0.300636,36.9542,34,50.0000,false
5.00,NoDOGE,5,1.12404335,12.4043,1.203190,7.8098,31,45.1613,true
5.00,Legacy4,0,1.54302824,54.3028,2.485173,9.1730,27,66.6667,true
5.00,Legacy4,1,1.51963841,51.9638,2.699672,8.0371,40,57.5000,true
5.00,Legacy4,2,1.42020196,42.0202,2.056324,17.3364,30,53.3333,true
5.00,Legacy4,3,1.18110216,18.1102,1.108305,17.0328,23,56.5217,true
5.00,Legacy4,4,0.88862682,-11.1373,-0.334584,38.1500,36,47.2222,false
5.00,Legacy4,5,0.92360598,-7.6394,-0.944408,12.4213,31,35.4839,false
5.00,Legacy4,6,0.98865214,-1.1348,-0.067496,11.5837,36,47.2222,false
5.00,Legacy5BNB,0,1.64962714,64.9627,2.563387,8.6418,32,65.6250,true
5.00,Legacy5BNB,1,1.56588125,56.5881,2.727773,8.9625,44,59.0909,true
5.00,Legacy5BNB,2,2.60236861,160.2369,4.185832,12.2412,34,67.6471,true
5.00,Legacy5BNB,3,1.17702703,17.7027,0.973376,17.0328,27,59.2593,true
5.00,Legacy5BNB,4,1.10117514,10.1175,0.577208,30.9522,38,55.2632,true
5.00,Legacy5BNB,5,0.87455719,-12.5443,-1.536793,16.3367,35,31.4286,false
5.00,Legacy5BNB,6,1.07925016,7.9250,0.867423,9.8645,40,57.5000,true
5.00,OldGuardNoBNB,0,1.50851253,50.8513,2.187267,7.7278,30,60.0000,true
5.00,OldGuardNoBNB,1,1.50128364,50.1284,2.716720,8.5497,42,57.1429,true
5.00,OldGuardNoBNB,2,1.67139856,67.1399,2.620123,15.6121,36,55.5556,true
5.00,OldGuardNoBNB,3,1.29956713,29.9567,1.434770,21.5125,31,54.8387,true
5.00,OldGuardNoBNB,4,0.82468341,-17.5317,-0.565263,38.7672,41,43.9024,false
5.00,OldGuardNoBNB,5,0.91951948,-8.0481,-0.938092,13.3089,37,40.5405,false
5.00,OldGuardNoBNB,6,0.93497668,-6.5023,-0.605303,15.8697,39,43.5897,false
5.00,LargeCaps5,0,1.47270490,47.2705,2.218193,20.2184,32,71.8750,true
5.00,LargeCaps5,1,1.75439882,75.4399,3.250051,8.5716,48,54.1667,true
5.00,LargeCaps5,2,3.20765034,220.7650,5.095239,5.4846,37,67.5676,true
5.00,LargeCaps5,3,1.03565475,3.5655,0.332365,18.3171,27,62.9630,true
5.00,LargeCaps5,4,1.03956284,3.9563,0.336691,30.1872,35,51.4286,true
5.00,LargeCaps5,5,1.10939362,10.9394,1.071484,8.6489,34,47.0588,true
5.00,Legacy3,0,1.31728007,31.7280,1.858519,6.2048,24,66.6667,true
5.00,Legacy3,1,1.60689032,60.6890,3.602276,6.2935,35,60.0000,true
5.00,Legacy3,2,1.40705228,40.7052,1.999718,9.2527,25,56.0000,true
5.00,Legacy3,3,1.17142751,17.1428,1.090071,14.6682,18,50.0000,true
5.00,Legacy3,4,0.90928458,-9.0715,-0.421645,28.7153,31,45.1613,false
5.00,Legacy3,5,0.93217596,-6.7824,-0.960253,12.9010,27,29.6296,false
5.00,Legacy3,6,0.93480438,-6.5196,-0.770498,12.4615,32,46.8750,false
5.00,LowVolume5,0,1.54766180,54.7662,2.545584,6.3207,30,70.0000,true
5.00,LowVolume5,1,1.69256133,69.2561,3.109518,11.8448,38,50.0000,true
5.00,LowVolume5,2,1.47411246,47.4112,2.139434,13.7455,32,53.1250,true
5.00,LowVolume5,3,0.90430069,-9.5699,-0.314290,37.3742,28,46.4286,false
5.00,LowVolume5,4,0.90343688,-9.6563,-0.319589,37.7649,35,51.4286,false
5.00,LowVolume5,5,1.06572967,6.5730,0.697393,16.7753,36,36.1111,true
5.00,LowVolume5,6,0.84764271,-15.2357,-1.551781,16.1437,33,39.3939,false
5.00,OldGuard4,0,1.27573782,27.5738,1.572849,5.9388,27,62.9630,true
5.00,OldGuard4,1,1.39600938,39.6009,2.515075,8.0803,37,54.0541,true
5.00,OldGuard4,2,1.34795126,34.7951,1.605918,16.5043,33,51.5152,true
5.00,OldGuard4,3,1.21627750,21.6277,1.119679,19.5728,27,48.1481,true
5.00,OldGuard4,4,0.84385468,-15.6145,-0.686075,33.8103,36,41.6667,false
5.00,OldGuard4,5,0.92458004,-7.5420,-0.998602,14.6937,34,35.2941,false
5.00,OldGuard4,6,0.89053395,-10.9466,-1.123716,16.0107,37,43.2432,false
