universe,window,bar,equity
Base5,0,0,1
Base5,0,1,1
Base5,0,2,1.3071081111900196
Base5,0,3,1.3071081111900196
Base5,0,4,1.3071081111900196
Base5,0,5,1.3071081111900196
Base5,0,6,1.3071081111900196
Base5,0,7,1.3071081111900196
Base5,0,8,1.3071081111900196
Base5,0,9,1.3071081111900196
Base5,0,10,1.3071081111900196
Base5,0,11,1.3071081111900196
Base5,0,12,1.3071081111900196
Base5,0,13,1.3071081111900196
Base5,0,14,1.3071081111900196
Base5,0,15,1.3071081111900196
Base5,0,16,0.7632109721893177
Base5,0,17,0.7632109721893177
Base5,0,18,0.7632109721893177
Base5,0,19,0.7632109721893177
Base5,0,20,0.7632109721893177
Base5,0,21,0.7632109721893177
Base5,0,22,0.7632109721893177
Base5,0,23,0.7632109721893177
Base5,0,24,0.7632109721893177
Base5,0,25,0.7632109721893177
Base5,0,26,0.7632109721893177
Base5,0,27,0.7632109721893177
Base5,0,28,0.7632109721893177
Base5,0,29,0.7632109721893177
Base5,0,30,0.7632109721893177
Base5,0,31,0.7632109721893177
Base5,0,32,0.9021815303723925
Base5,0,33,0.9021815303723925
Base5,0,34,0.9021815303723925
Base5,0,35,0.9021815303723925
Base5,0,36,0.9021815303723925
Base5,0,37,0.9021815303723925
Base5,0,38,0.9021815303723925
Base5,0,39,0.9021815303723925
Base5,0,40,0.9021815303723925
Base5,0,41,0.9021815303723925
Base5,0,42,0.9021815303723925
Base5,0,43,0.9021815303723925
Base5,0,44,0.9021815303723925
Base5,0,45,0.9021815303723925
Base5,0,46,0.9021815303723925
Base5,0,47,0.9021815303723925
Base5,0,48,0.9021815303723925
Base5,0,49,0.9021815303723925
Base5,0,50,0.9021815303723925
Base5,0,51,0.9021815303723925
Base5,0,52,0.9021815303723925
Base5,0,53,0.9021815303723925
Base5,0,54,0.9021815303723925
Base5,0,55,0.9021815303723925
Base5,0,56,0.9021815303723925
Base5,0,57,0.9021815303723925
Base5,0,58,0.9021815303723925
Base5,0,59,0.9021815303723925
Base5,0,60,0.9021815303723925
Base5,0,61,0.9021815303723925
Base5,0,62,0.9021815303723925
Base5,0,63,0.9021815303723925
Base5,0,64,0.9021815303723925
Base5,0,65,0.9021815303723925
Base5,0,66,0.9021815303723925
Base5,0,67,0.9021815303723925
Base5,0,68,1.0074684942584458
Base5,0,69,1.498158272916115
Base5,0,70,2.1457122862189877
Base5,0,71,2.1457122862189877
Base5,0,72,2.1457122862189877
Base5,0,73,2.1457122862189877
Base5,0,74,2.1457122862189877
Base5,0,75,2.1457122862189877
Base5,0,76,2.1457122862189877
Base5,0,77,2.6320950884260275
Base5,0,78,2.6320950884260275
Base5,0,79,2.6320950884260275
Base5,0,80,2.6320950884260275
Base5,0,81,2.6320950884260275
Base5,0,82,2.6320950884260275
Base5,0,83,2.6320950884260275
Base5,0,84,2.6320950884260275
Base5,0,85,2.6320950884260275
Base5,0,86,2.6320950884260275
Base5,0,87,2.8320349003636984
Base5,0,88,2.8320349003636984
Base5,0,89,3.837648943775391
Base5,0,90,3.837648943775391
Base5,0,91,3.837648943775391
Base5,0,92,3.837648943775391
Base5,0,93,3.837648943775391
Base5,0,94,3.837648943775391
Base5,0,95,3.5095087076002387
Base5,0,96,3.5095087076002387
Base5,0,97,3.5095087076002387
Base5,0,98,3.5095087076002387
Base5,0,99,3.5095087076002387
Base5,0,100,3.5095087076002387
Base5,0,101,3.5095087076002387
Base5,0,102,4.930712327594756
Base5,0,103,4.930712327594756
Base5,0,104,4.930712327594756
Base5,0,105,4.930712327594756
Base5,0,106,4.930712327594756
Base5,0,107,4.930712327594756
Base5,1,0,1
Base5,1,1,1
Base5,1,2,1
Base5,1,3,1
Base5,1,4,1
Base5,1,5,1
Base5,1,6,1
Base5,1,7,1
Base5,1,8,1
Base5,1,9,1
Base5,1,10,1
Base5,1,11,1
Base5,1,12,1
Base5,1,13,1
Base5,1,14,1
Base5,1,15,1
Base5,1,16,1
Base5,1,17,1
Base5,1,18,1
Base5,1,19,1
Base5,1,20,1
Base5,1,21,1
Base5,1,22,1
Base5,1,23,1
Base5,1,24,1
Base5,1,25,1
Base5,1,26,1
Base5,1,27,1
Base5,1,28,1
Base5,1,29,1
Base5,1,30,1
Base5,1,31,1
Base5,1,32,1
Base5,1,33,0.8967835971618009
Base5,1,34,0.8967835971618009
Base5,1,35,0.8967835971618009
Base5,1,36,0.8967835971618009
Base5,1,37,0.8967835971618009
Base5,1,38,0.8967835971618009
Base5,1,39,0.8967835971618009
Base5,1,40,0.8967835971618009
Base5,1,41,0.8967835971618009
Base5,1,42,0.8967835971618009
Base5,1,43,0.8967835971618009
Base5,1,44,0.8967835971618009
Base5,1,45,0.8967835971618009
Base5,1,46,0.8967835971618009
Base5,1,47,0.8967835971618009
Base5,1,48,0.8967835971618009
Base5,1,49,0.8967835971618009
Base5,1,50,0.8967835971618009
Base5,1,51,0.8967835971618009
Base5,1,52,0.8967835971618009
Base5,1,53,0.8967835971618009
Base5,1,54,0.8967835971618009
Base5,1,55,0.8967835971618009
Base5,1,56,0.8967835971618009
Base5,1,57,0.8967835971618009
Base5,1,58,0.8967835971618009
Base5,1,59,0.8967835971618009
Base5,1,60,0.8967835971618009
Base5,1,61,0.8967835971618009
Base5,1,62,0.8967835971618009
Base5,1,63,0.8967835971618009
Base5,1,64,0.8967835971618009
Base5,1,65,0.8967835971618009
Base5,1,66,0.8967835971618009
Base5,1,67,0.8967835971618009
Base5,1,68,0.6370510847260494
Base5,1,69,0.4762665387692605
Base5,1,70,0.4338343985220164
Base5,1,71,0.4338343985220164
Base5,1,72,0.4338343985220164
Base5,1,73,0.4338343985220164
Base5,1,74,0.4338343985220164
Base5,1,75,0.4338343985220164
Base5,1,76,0.4338343985220164
Base5,1,77,0.4338343985220164
Base5,1,78,0.4338343985220164
Base5,1,79,0.4338343985220164
Base5,1,80,0.4338343985220164
Base5,1,81,0.4338343985220164
Base5,1,82,0.4338343985220164
Base5,1,83,0.4338343985220164
Base5,1,84,0.4338343985220164
Base5,1,85,0.4338343985220164
Base5,1,86,0.4338343985220164
Base5,1,87,0.4338343985220164
Base5,1,88,0.4338343985220164
Base5,1,89,0.4338343985220164
Base5,1,90,0.4338343985220164
Base5,1,91,1.5727330964924153
Base5,1,92,1.5727330964924153
Base5,1,93,1.5727330964924153
Base5,1,94,1.5727330964924153
Base5,1,95,1.5727330964924153
Base5,1,96,1.5727330964924153
Base5,1,97,1.5727330964924153
Base5,1,98,1.5727330964924153
Base5,1,99,1.5727330964924153
Base5,1,100,1.5727330964924153
Base5,1,101,1.4208331816649806
Base5,1,102,1.4208331816649806
Base5,1,103,1.4208331816649806
Base5,1,104,1.4208331816649806
Base5,1,105,1.4208331816649806
Base5,1,106,1.4208331816649806
Base5,1,107,1.4208331816649806
Base5,1,108,1.5045282060786587
Base5,1,109,1.5045282060786587
Base5,1,110,1.5045282060786587
Base5,1,111,1.5045282060786587
Base5,1,112,1.461154947026865
Base5,1,113,1.4259451665504832
Base5,1,114,1.4259451665504832
Base5,1,115,1.4259451665504832
Base5,1,116,1.4259451665504832
Base5,1,117,1.4259451665504832
Base5,1,118,1.4259451665504832
Base5,1,119,1.4259451665504832
Base5,1,120,1.4259451665504832
Base5,1,121,1.4259451665504832
Base5,1,122,1.4259451665504832
Base5,1,123,1.4259451665504832
Base5,1,124,1.4259451665504832
Base5,1,125,1.4259451665504832
Base5,1,126,1.4259451665504832
Base5,1,127,1.4259451665504832
Base5,1,128,1.4259451665504832
Base5,1,129,1.4259451665504832
Base5,1,130,1.4259451665504832
Base5,1,131,1.4259451665504832
Base5,1,132,1.4259451665504832
Base5,1,133,1.4259451665504832
Base5,2,0,1
Base5,2,1,1
Base5,2,2,1
Base5,2,3,1
Base5,2,4,1
Base5,2,5,1
Base5,2,6,1
Base5,2,7,0.8620562130177517
Base5,2,8,0.8620562130177517
Base5,2,9,0.8817336699769744
Base5,2,10,0.8817336699769744
Base5,2,11,0.8817336699769744
Base5,2,12,0.8817336699769744
Base5,2,13,0.8817336699769744
Base5,2,14,0.8817336699769744
Base5,2,15,1.0752598130046345
Base5,2,16,1.022072454578533
Base5,2,17,0.9851060540137487
Base5,2,18,1.0568345612243775
Base5,2,19,1.0568345612243775
Base5,2,20,1.0568345612243775
Base5,2,21,1.0568345612243775
Base5,2,22,1.0568345612243775
Base5,2,23,1.0568345612243775
Base5,2,24,1.0568345612243775
Base5,2,25,1.0568345612243775
Base5,2,26,1.0568345612243775
Base5,2,27,1.0568345612243775
Base5,2,28,1.0568345612243775
Base5,2,29,1.0568345612243775
Base5,2,30,1.0568345612243775
Base5,2,31,1.0568345612243775
Base5,2,32,1.0568345612243775
Base5,2,33,1.0568345612243775
Base5,2,34,1.0568345612243775
Base5,2,35,1.0568345612243775
Base5,2,36,1.0568345612243775
Base5,2,37,1.0568345612243775
Base5,2,38,1.0568345612243775
Base5,2,39,1.0489144461175748
Base5,2,40,1.230906354891085
Base5,2,41,1.2935296773246894
Base5,2,42,1.2935296773246894
Base5,2,43,1.2935296773246894
Base5,2,44,1.2935296773246894
Base5,2,45,1.2935296773246894
Base5,2,46,1.2935296773246894
Base5,2,47,1.2935296773246894
Base5,2,48,1.2935296773246894
Base5,2,49,1.2935296773246894
Base5,2,50,1.2935296773246894
Base5,2,51,1.2935296773246894
Base5,2,52,1.2935296773246894
Base5,2,53,1.2935296773246894
Base5,2,54,1.2935296773246894
Base5,2,55,1.024066585498587
Base5,2,56,1.024066585498587
Base5,2,57,1.024066585498587
Base5,2,58,1.024066585498587
Base5,2,59,1.024066585498587
Base5,2,60,1.024066585498587
Base5,2,61,1.024066585498587
Base5,2,62,1.024066585498587
Base5,2,63,1.024066585498587
Base5,2,64,1.024066585498587
Base5,2,65,1.024066585498587
Base5,2,66,1.024066585498587
Base5,2,67,1.024066585498587
Base5,2,68,1.024066585498587
Base5,2,69,1.024066585498587
Base5,2,70,1.024066585498587
Base5,2,71,1.024066585498587
Base5,2,72,1.024066585498587
Base5,2,73,1.024066585498587
Base5,2,74,1.024066585498587
Base5,2,75,1.024066585498587
Base5,2,76,1.024066585498587
Base5,2,77,1.024066585498587
Base5,2,78,1.024066585498587
Base5,2,79,1.024066585498587
Base5,2,80,1.024066585498587
Base5,2,81,1.024066585498587
Base5,2,82,1.024066585498587
Base5,2,83,1.1550522698900576
Base5,2,84,1.1550522698900576
Base5,2,85,1.295799327056756
Base5,2,86,1.295799327056756
Base5,2,87,1.5797974663562018
Base5,3,0,1
Base5,3,1,0.995159070551237
Base5,3,2,0.995159070551237
Base5,3,3,0.995159070551237
Base5,3,4,0.995159070551237
Base5,3,5,0.995159070551237
Base5,3,6,0.995159070551237
Base5,3,7,0.995159070551237
Base5,3,8,0.995159070551237
Base5,3,9,0.995159070551237
Base5,3,10,1.0167512264751142
Base5,3,11,1.0167512264751142
Base5,3,12,1.429557695919469
Base5,3,13,1.429557695919469
Base5,3,14,1.429557695919469
Base5,3,15,1.429557695919469
Base5,3,16,1.429557695919469
Base5,3,17,1.429557695919469
Base5,3,18,1.429557695919469
Base5,3,19,1.2556319565922367
Base5,3,20,1.2556319565922367
Base5,3,21,1.2556319565922367
Base5,3,22,1.4747428391011257
Base5,3,23,1.4853833239902308
Base5,3,24,1.4853833239902308
Base5,3,25,1.4853833239902308
Base5,3,26,1.4853833239902308
Base5,3,27,1.4853833239902308
Base5,3,28,1.4853833239902308
Base5,3,29,1.4853833239902308
Base5,3,30,1.318092222736277
Base5,3,31,1.318092222736277
Base5,3,32,1.318092222736277
Base5,3,33,1.318092222736277
Base5,3,34,1.318092222736277
Base5,3,35,1.318092222736277
Base5,3,36,1.318092222736277
Base5,3,37,1.318092222736277
Base5,3,38,1.318092222736277
Base5,3,39,1.318092222736277
Base5,3,40,1.318092222736277
Base5,3,41,1.318092222736277
Base5,3,42,1.318092222736277
Base5,3,43,1.318092222736277
Base5,3,44,1.318092222736277
Base5,3,45,1.318092222736277
Base5,3,46,1.318092222736277
Base5,3,47,1.318092222736277
Base5,3,48,1.318092222736277
Base5,3,49,1.318092222736277
Base5,3,50,1.318092222736277
Base5,3,51,1.318092222736277
Base5,3,52,1.318092222736277
Base5,3,53,1.318092222736277
Base5,3,54,1.441742920643472
Base5,3,55,2.1850420378995654
Base5,3,56,2.1850420378995654
Base5,3,57,2.1850420378995654
Base5,3,58,2.1850420378995654
Base5,3,59,2.1850420378995654
Base5,3,60,2.1850420378995654
Base5,3,61,2.1850420378995654
Base5,3,62,2.1850420378995654
Base5,3,63,2.1850420378995654
Base5,3,64,2.1850420378995654
Base5,3,65,2.1850420378995654
Base5,3,66,2.1850420378995654
Base5,3,67,3.3741437441187796
Base5,3,68,3.3741437441187796
Base5,3,69,3.3741437441187796
Base5,3,70,3.3741437441187796
Base5,3,71,3.3741437441187796
Base5,3,72,3.3741437441187796
Base5,3,73,3.3741437441187796
Base5,3,74,3.3741437441187796
Base5,3,75,3.3741437441187796
Base5,3,76,3.3741437441187796
Base5,3,77,3.3741437441187796
Base5,3,78,3.3741437441187796
Base5,3,79,3.3741437441187796
Base5,3,80,3.3741437441187796
Base5,3,81,3.3741437441187796
Base5,3,82,3.3741437441187796
Base5,3,83,3.9576735515006907
Base5,3,84,3.9576735515006907
Base5,3,85,3.9576735515006907
Base5,3,86,3.9576735515006907
Base5,3,87,3.9576735515006907
Base5,3,88,3.9576735515006907
Base5,3,89,3.9576735515006907
Base5,3,90,3.9576735515006907
Base5,3,91,3.9576735515006907
Base5,3,92,3.9576735515006907
Base5,3,93,3.9576735515006907
Base5,3,94,3.9576735515006907
Base5,3,95,3.9576735515006907
Base5,3,96,3.9576735515006907
Base5,3,97,3.9576735515006907
Base5,3,98,3.9576735515006907
Base5,3,99,3.9576735515006907
Base5,3,100,3.9576735515006907
Base5,3,101,3.9576735515006907
Base5,3,102,3.9576735515006907
Base5,3,103,3.9576735515006907
Base5,3,104,4.975862991245445
Base5,4,0,1
Base5,4,1,1.3100025673147502
Base5,4,2,1.3100025673147502
Base5,4,3,1.3100025673147502
Base5,4,4,1.336265720222004
Base5,4,5,1.336265720222004
Base5,4,6,1.2776534335102172
Base5,4,7,1.5804238409050435
Base5,4,8,1.5804238409050435
Base5,4,9,1.5804238409050435
Base5,4,10,1.5804238409050435
Base5,4,11,1.5804238409050435
Base5,4,12,1.5804238409050435
Base5,4,13,1.5804238409050435
Base5,4,14,1.9714915291155
Base5,4,15,1.9450231419112138
Base5,4,16,1.9450231419112138
Base5,4,17,1.9300946503602974
Base5,4,18,1.9300946503602974
Base5,4,19,1.9300946503602974
Base5,4,20,1.9300946503602974
Base5,4,21,1.9300946503602974
Base5,4,22,1.9300946503602974
Base5,4,23,2.0496964381641085
Base5,4,24,2.0496964381641085
Base5,4,25,2.0496964381641085
Base5,4,26,2.0496964381641085
Base5,4,27,2.0496964381641085
Base5,4,28,2.0496964381641085
Base5,4,29,2.0496964381641085
Base5,4,30,2.0496964381641085
Base5,4,31,2.0496964381641085
Base5,4,32,2.0496964381641085
Base5,4,33,2.0496964381641085
Base5,4,34,2.0496964381641085
Base5,4,35,2.0496964381641085
Base5,4,36,2.0496964381641085
Base5,4,37,2.0496964381641085
Base5,4,38,2.0496964381641085
Base5,4,39,2.0496964381641085
Base5,4,40,2.0496964381641085
Base5,4,41,2.0496964381641085
Base5,4,42,2.0496964381641085
Base5,4,43,2.0496964381641085
Base5,4,44,2.0496964381641085
Base5,4,45,2.0496964381641085
Base5,4,46,2.0496964381641085
Base5,4,47,2.0496964381641085
Base5,4,48,2.0496964381641085
Base5,4,49,2.0496964381641085
Base5,4,50,2.0496964381641085
Base5,4,51,2.0496964381641085
Base5,4,52,2.0496964381641085
Base5,4,53,2.0496964381641085
Base5,4,54,2.0496964381641085
Base5,4,55,2.0496964381641085
Base5,4,56,2.0496964381641085
Base5,4,57,2.0496964381641085
Base5,4,58,2.0496964381641085
Base5,4,59,2.0496964381641085
Base5,4,60,2.0496964381641085
Base5,4,61,2.0496964381641085
Base5,4,62,2.0496964381641085
Base5,4,63,2.0496964381641085
Base5,4,64,2.0496964381641085
Base5,4,65,2.0496964381641085
Base5,4,66,2.0496964381641085
Base5,4,67,2.0496964381641085
Base5,4,68,2.0496964381641085
Base5,4,69,2.0496964381641085
Base5,4,70,2.0496964381641085
Base5,4,71,2.373143750120674
Base5,4,72,2.373143750120674
Base5,4,73,2.373143750120674
Base5,4,74,2.373143750120674
Base5,4,75,2.073805100938496
Base5,4,76,2.073805100938496
Base5,4,77,2.073805100938496
Base5,4,78,2.073805100938496
Base5,4,79,2.073805100938496
Base5,4,80,2.073805100938496
Base5,4,81,2.073805100938496
Base5,4,82,2.073805100938496
Base5,4,83,2.073805100938496
Base5,4,84,2.073805100938496
Base5,4,85,2.073805100938496
Base5,4,86,2.073805100938496
Base5,4,87,2.073805100938496
Base5,4,88,2.073805100938496
Base5,4,89,2.073805100938496
Base5,4,90,2.073805100938496
Base5,4,91,2.073805100938496
Base5,4,92,2.073805100938496
Base5,4,93,2.073805100938496
Base5,4,94,2.073805100938496
Base5,4,95,2.073805100938496
Base5,4,96,2.073805100938496
Base5,4,97,2.073805100938496
Base5,4,98,2.073805100938496
Base5,4,99,2.073805100938496
Base5,4,100,2.073805100938496
Base5,4,101,2.073805100938496
Base5,4,102,2.073805100938496
Base5,4,103,2.073805100938496
Base5,4,104,2.073805100938496
Base5,4,105,2.073805100938496
Base5,4,106,2.3225680142010825
Base5,4,107,2.3225680142010825
Base5,5,0,1
Base5,5,1,1
Base5,5,2,1
Base5,5,3,1
Base5,5,4,1
Base5,5,5,1
Base5,5,6,1
Base5,5,7,1
Base5,5,8,1
Base5,5,9,1
Base5,5,10,1
Base5,5,11,1
Base5,5,12,1
Base5,5,13,1
Base5,5,14,1
Base5,5,15,1
Base5,5,16,1
Base5,5,17,1
Base5,5,18,1
Base5,5,19,1.0374124279875578
Base5,5,20,1.0374124279875578
Base5,5,21,1.0374124279875578
Base5,5,22,1.0374124279875578
Base5,5,23,1.0374124279875578
Base5,5,24,1.318547441879203
Base5,5,25,1.318547441879203
Base5,5,26,1.318547441879203
Base5,5,27,1.318547441879203
Base5,5,28,1.318547441879203
Base5,5,29,1.318547441879203
Base5,5,30,1.318547441879203
Base5,5,31,1.318547441879203
Base5,5,32,1.318547441879203
Base5,5,33,1.318547441879203
Base5,5,34,1.318547441879203
Base5,5,35,1.318547441879203
Base5,5,36,1.318547441879203
Base5,5,37,1.318547441879203
Base5,5,38,1.318547441879203
Base5,5,39,1.318547441879203
Base5,5,40,1.318547441879203
Base5,5,41,1.318547441879203
Base5,5,42,1.318547441879203
Base5,5,43,1.318547441879203
Base5,5,44,1.318547441879203
Base5,5,45,1.318547441879203
Base5,5,46,1.318547441879203
Base5,5,47,1.318547441879203
Base5,5,48,1.318547441879203
Base5,5,49,1.318547441879203
Base5,5,50,1.318547441879203
Base5,5,51,1.318547441879203
Base5,5,52,1.318547441879203
Base5,5,53,1.318547441879203
Base5,5,54,1.318547441879203
Base5,5,55,1.318547441879203
Base5,5,56,1.318547441879203
Base5,5,57,1.318547441879203
Base5,5,58,1.318547441879203
Base5,5,59,1.318547441879203
Base5,5,60,1.318547441879203
Base5,5,61,1.318547441879203
Base5,5,62,1.318547441879203
Base5,5,63,1.318547441879203
Base5,5,64,1.318547441879203
Base5,5,65,1.318547441879203
Base5,5,66,1.318547441879203
Base5,5,67,1.318547441879203
Base5,5,68,1.318547441879203
Base5,5,69,1.318547441879203
Base5,5,70,1.318547441879203
Base5,5,71,1.318547441879203
Base5,5,72,1.318547441879203
Base5,5,73,1.6709673355555106
Base5,5,74,1.6709673355555106
Base5,5,75,1.6709673355555106
Base5,5,76,1.6709673355555106
Base5,5,77,1.6709673355555106
Base5,5,78,1.6709673355555106
Base5,5,79,1.6709673355555106
Base5,5,80,1.7728439082509626
Base5,5,81,1.7728439082509626
Base5,5,82,1.7728439082509626
Base5,5,83,1.7728439082509626
Base5,5,84,1.7728439082509626
Base5,5,85,1.7728439082509626
Base5,5,86,1.7728439082509626
Base5,5,87,1.7728439082509626
Base5,5,88,1.7728439082509626
Base5,5,89,1.7728439082509626
Base5,5,90,1.7728439082509626
Base5,5,91,1.7728439082509626
Base5,5,92,1.7728439082509626
Base5,5,93,1.7728439082509626
Base5,5,94,1.7728439082509626
Base5,5,95,1.7728439082509626
Base5,5,96,1.7728439082509626
Base5,5,97,1.7728439082509626
Base5,5,98,1.7728439082509626
Base5,5,99,1.7728439082509626
Base5,5,100,1.7728439082509626
Base5,5,101,1.7728439082509626
Base5,5,102,1.3658869976615713
Base5,5,103,1.3658869976615713
Base5,5,104,1.3658869976615713
Base5,5,105,1.3658869976615713
Base5,5,106,1.3658869976615713
Base5,5,107,1.3658869976615713
Base5,5,108,1.3658869976615713
Base5,5,109,1.3658869976615713
Base5,5,110,1.3658869976615713
Base5,5,111,1.3658869976615713
Base5,5,112,1.3658869976615713
Base5,5,113,1.3658869976615713
Base5,5,114,1.3103443305816729
Base5,5,115,1.3103443305816729
Base5,5,116,1.3103443305816729
Base5,5,117,1.3103443305816729
Base5,5,118,1.3103443305816729
Base5,5,119,1.3103443305816729
Base5,5,120,1.3103443305816729
Base5,5,121,1.3103443305816729
Base5,5,122,1.4048019156096594
Base5,5,123,1.4048019156096594
Base5,5,124,1.4048019156096594
Base5,5,125,1.4048019156096594
Base5,5,126,1.4048019156096594
Base5,5,127,1.4048019156096594
Base5,5,128,1.4048019156096594
Base5,5,129,1.479315413634939
Base5,5,130,1.479315413634939
Base5,5,131,1.479315413634939
Base5,5,132,1.479315413634939
Base5,5,133,1.479315413634939
Base5,5,134,1.479315413634939
Base5,5,135,1.479315413634939
Base5,5,136,1.479315413634939
Base5,5,137,1.479315413634939
Base5,5,138,1.479315413634939
Base5,5,139,1.479315413634939
Base5,5,140,1.479315413634939
Base5,5,141,1.479315413634939
Base5,5,142,1.479315413634939
Base5,5,143,1.479315413634939
Base5,5,144,1.479315413634939
Base5,5,145,1.4053180191895707
Base5,6,0,1
Base5,6,1,1
Base5,6,2,1
Base5,6,3,1
Base5,6,4,1
Base5,6,5,1
Base5,6,6,1
Base5,6,7,1
Base5,6,8,1
Base5,6,9,1
Base5,6,10,1
Base5,6,11,1
Base5,6,12,1
Base5,6,13,1
Base5,6,14,1
Base5,6,15,1
Base5,6,16,1
Base5,6,17,1
Base5,6,18,1
Base5,6,19,1
Base5,6,20,1
Base5,6,21,1
Base5,6,22,1
Base5,6,23,1
Base5,6,24,1
Base5,6,25,1.3113415941319246
Base5,6,26,1.2713674530121204
Base5,6,27,1.2933073638690011
Base5,6,28,1.2933073638690011
Base5,6,29,1.2933073638690011
Base5,6,30,1.2933073638690011
Base5,6,31,1.2933073638690011
Base5,6,32,1.2933073638690011
Base5,6,33,1.2933073638690011
Base5,6,34,1.2933073638690011
Base5,6,35,1.2933073638690011
Base5,6,36,1.285791599068531
Base5,6,37,1.285791599068531
Base5,6,38,1.455173563264245
Base5,6,39,1.455173563264245
Base5,6,40,1.5496343230846292
Base5,6,41,1.4960733887261177
Base5,6,42,1.4960733887261177
Base5,6,43,1.4960733887261177
Base5,6,44,1.4960733887261177
Base5,6,45,1.4960733887261177
Base5,6,46,1.4960733887261177
Base5,6,47,1.4960733887261177
Base5,6,48,1.4960733887261177
Base5,6,49,1.4960733887261177
Base5,6,50,1.4960733887261177
Base5,6,51,1.4960733887261177
Base5,6,52,1.4960733887261177
Base5,6,53,1.4960733887261177
Base5,6,54,1.4960733887261177
Base5,6,55,1.4960733887261177
Base5,6,56,1.4960733887261177
Base5,6,57,1.4960733887261177
Base5,6,58,1.4960733887261177
Base5,6,59,1.4960733887261177
Base5,6,60,1.4960733887261177
Base5,6,61,1.4960733887261177
Base5,6,62,1.4960733887261177
Base5,6,63,1.4960733887261177
Base5,6,64,1.4960733887261177
Base5,6,65,1.4960733887261177
Base5,6,66,1.4960733887261177
Base5,6,67,1.4960733887261177
Base5,6,68,1.4960733887261177
Base5,6,69,1.4960733887261177
Base5,6,70,1.4960733887261177
Base5,6,71,1.4960733887261177
Base5,6,72,1.4960733887261177
Base5,6,73,1.4960733887261177
Base5,6,74,1.4960733887261177
Base5,6,75,1.4960733887261177
Base5,6,76,1.4960733887261177
Base5,6,77,1.4960733887261177
Base5,6,78,1.4960733887261177
Base5,6,79,1.4960733887261177
Base5,6,80,1.4960733887261177
Base5,6,81,1.4960733887261177
Base5,6,82,1.4960733887261177
Base5,6,83,1.4960733887261177
Base5,6,84,1.4960733887261177
Base5,6,85,1.4960733887261177
Base5,6,86,1.4960733887261177
Base5,6,87,1.4960733887261177
Base5,6,88,1.4960733887261177
Base5,6,89,1.4960733887261177
Base5,6,90,1.4960733887261177
Base5,6,91,1.4960733887261177
Base5,6,92,1.4960733887261177
Base5,6,93,1.4960733887261177
Base5,6,94,1.4960733887261177
Base5,6,95,1.6433109846793659
Base5,6,96,1.6433109846793659
Base5,6,97,1.6433109846793659
Base5,6,98,1.6433109846793659
Base5,6,99,1.6433109846793659
Base5,6,100,1.6958514424170354
Base5,6,101,1.6958514424170354
Base5,6,102,1.6958514424170354
Base5,6,103,1.6958514424170354
Base5,6,104,1.6958514424170354
Base5,6,105,1.6958514424170354
Base5,6,106,1.6958514424170354
Base5,6,107,1.6958514424170354
Base5,6,108,1.6958514424170354
Base5,6,109,1.6958514424170354
Base5,6,110,1.6958514424170354
Base5,6,111,1.6958514424170354
Base5,6,112,1.6958514424170354
Base5,6,113,1.6958514424170354
Base5,6,114,1.6958514424170354
Base5,6,115,1.6958514424170354
Base5,6,116,1.6958514424170354
Base5,6,117,1.6958514424170354
Base5,6,118,1.6958514424170354
Base5,6,119,1.6958514424170354
Base5,6,120,1.6958514424170354
Base5,6,121,1.6958514424170354
Base5,6,122,1.6958514424170354
Base5,6,123,1.6958514424170354
Base5,6,124,1.6958514424170354
Base5,6,125,1.6958514424170354
Base5,6,126,1.6958514424170354
Base5,6,127,1.6958514424170354
Base5,6,128,1.6958514424170354
Base5,6,129,1.6958514424170354
Base5,6,130,1.6958514424170354
Base5,6,131,1.6958514424170354
Base5,6,132,1.6958514424170354
Base5,6,133,1.6958514424170354
NoDOGE,0,0,1
NoDOGE,0,1,1
NoDOGE,0,2,1.3071081111900196
NoDOGE,0,3,1.3071081111900196
NoDOGE,0,4,1.3071081111900196
NoDOGE,0,5,1.3071081111900196
NoDOGE,0,6,1.3071081111900196
NoDOGE,0,7,1.3071081111900196
NoDOGE,0,8,1.3071081111900196
NoDOGE,0,9,1.3071081111900196
NoDOGE,0,10,1.3071081111900196
NoDOGE,0,11,1.3071081111900196
NoDOGE,0,12,1.3071081111900196
NoDOGE,0,13,1.3071081111900196
NoDOGE,0,14,1.3071081111900196
NoDOGE,0,15,1.3071081111900196
NoDOGE,0,16,0.7632109721893177
NoDOGE,0,17,0.7632109721893177
NoDOGE,0,18,0.7632109721893177
NoDOGE,0,19,0.7632109721893177
NoDOGE,0,20,0.7632109721893177
NoDOGE,0,21,0.7632109721893177
NoDOGE,0,22,0.7632109721893177
NoDOGE,0,23,0.7632109721893177
NoDOGE,0,24,0.7632109721893177
NoDOGE,0,25,0.7632109721893177
NoDOGE,0,26,0.7632109721893177
NoDOGE,0,27,0.7632109721893177
NoDOGE,0,28,0.7632109721893177
NoDOGE,0,29,0.7632109721893177
NoDOGE,0,30,0.7632109721893177
NoDOGE,0,31,0.7632109721893177
NoDOGE,0,32,0.9021815303723925
NoDOGE,0,33,0.9021815303723925
NoDOGE,0,34,0.9021815303723925
NoDOGE,0,35,0.9021815303723925
NoDOGE,0,36,0.9021815303723925
NoDOGE,0,37,0.9021815303723925
NoDOGE,0,38,0.9021815303723925
NoDOGE,0,39,0.9021815303723925
NoDOGE,0,40,0.9021815303723925
NoDOGE,0,41,0.9021815303723925
NoDOGE,0,42,0.9021815303723925
NoDOGE,0,43,0.9021815303723925
NoDOGE,0,44,0.9021815303723925
NoDOGE,0,45,0.9021815303723925
NoDOGE,0,46,0.9021815303723925
NoDOGE,0,47,0.9021815303723925
NoDOGE,0,48,0.9021815303723925
NoDOGE,0,49,0.9021815303723925
NoDOGE,0,50,0.9021815303723925
NoDOGE,0,51,0.9021815303723925
NoDOGE,0,52,0.9021815303723925
NoDOGE,0,53,0.9021815303723925
NoDOGE,0,54,0.9021815303723925
NoDOGE,0,55,0.9021815303723925
NoDOGE,0,56,0.9021815303723925
NoDOGE,0,57,0.9021815303723925
NoDOGE,0,58,0.9021815303723925
NoDOGE,0,59,0.9021815303723925
NoDOGE,0,60,0.9021815303723925
NoDOGE,0,61,0.9021815303723925
NoDOGE,0,62,0.9021815303723925
NoDOGE,0,63,0.9021815303723925
NoDOGE,0,64,0.9021815303723925
NoDOGE,0,65,0.9021815303723925
NoDOGE,0,66,0.9021815303723925
NoDOGE,0,67,0.9021815303723925
NoDOGE,0,68,1.0074684942584458
NoDOGE,0,69,1.498158272916115
NoDOGE,0,70,2.1457122862189877
NoDOGE,0,71,2.1457122862189877
NoDOGE,0,72,2.1457122862189877
NoDOGE,0,73,2.1457122862189877
NoDOGE,0,74,2.1457122862189877
NoDOGE,0,75,2.1457122862189877
NoDOGE,0,76,2.1457122862189877
NoDOGE,0,77,2.6320950884260275
NoDOGE,0,78,2.6320950884260275
NoDOGE,0,79,2.6320950884260275
NoDOGE,0,80,2.6320950884260275
NoDOGE,0,81,2.6320950884260275
NoDOGE,0,82,2.6320950884260275
NoDOGE,0,83,2.6320950884260275
NoDOGE,0,84,2.6320950884260275
NoDOGE,0,85,2.6320950884260275
NoDOGE,0,86,2.6320950884260275
NoDOGE,0,87,2.8320349003636984
NoDOGE,0,88,2.8320349003636984
NoDOGE,0,89,3.837648943775391
NoDOGE,0,90,3.837648943775391
NoDOGE,0,91,3.837648943775391
NoDOGE,0,92,3.837648943775391
NoDOGE,0,93,3.837648943775391
NoDOGE,0,94,3.837648943775391
NoDOGE,0,95,3.5095087076002387
NoDOGE,0,96,3.5095087076002387
NoDOGE,0,97,3.5095087076002387
NoDOGE,0,98,3.5095087076002387
NoDOGE,0,99,3.5095087076002387
NoDOGE,0,100,3.5095087076002387
NoDOGE,0,101,3.5095087076002387
NoDOGE,0,102,4.930712327594756
NoDOGE,0,103,4.930712327594756
NoDOGE,0,104,4.930712327594756
NoDOGE,0,105,4.930712327594756
NoDOGE,0,106,4.930712327594756
NoDOGE,0,107,4.930712327594756
NoDOGE,1,0,1
NoDOGE,1,1,1
NoDOGE,1,2,1
NoDOGE,1,3,1
NoDOGE,1,4,1
NoDOGE,1,5,1
NoDOGE,1,6,1
NoDOGE,1,7,1
NoDOGE,1,8,1
NoDOGE,1,9,1
NoDOGE,1,10,1
NoDOGE,1,11,1
NoDOGE,1,12,1
NoDOGE,1,13,1
NoDOGE,1,14,1
NoDOGE,1,15,1
NoDOGE,1,16,1
NoDOGE,1,17,1
NoDOGE,1,18,1
NoDOGE,1,19,1
NoDOGE,1,20,1
NoDOGE,1,21,1
NoDOGE,1,22,1
NoDOGE,1,23,1
NoDOGE,1,24,1
NoDOGE,1,25,1
NoDOGE,1,26,1
NoDOGE,1,27,1
NoDOGE,1,28,1
NoDOGE,1,29,1
NoDOGE,1,30,1
NoDOGE,1,31,1
NoDOGE,1,32,1
NoDOGE,1,33,0.8967835971618009
NoDOGE,1,34,0.8967835971618009
NoDOGE,1,35,0.8967835971618009
NoDOGE,1,36,0.8967835971618009
NoDOGE,1,37,0.8967835971618009
NoDOGE,1,38,0.8967835971618009
NoDOGE,1,39,0.8967835971618009
NoDOGE,1,40,0.8967835971618009
NoDOGE,1,41,0.8967835971618009
NoDOGE,1,42,0.8967835971618009
NoDOGE,1,43,0.8967835971618009
NoDOGE,1,44,0.8967835971618009
NoDOGE,1,45,0.8967835971618009
NoDOGE,1,46,0.8967835971618009
NoDOGE,1,47,0.8967835971618009
NoDOGE,1,48,0.8967835971618009
NoDOGE,1,49,0.8967835971618009
NoDOGE,1,50,0.8967835971618009
NoDOGE,1,51,0.8967835971618009
NoDOGE,1,52,0.8967835971618009
NoDOGE,1,53,0.8967835971618009
NoDOGE,1,54,0.8967835971618009
NoDOGE,1,55,0.8967835971618009
NoDOGE,1,56,0.8967835971618009
NoDOGE,1,57,0.8967835971618009
NoDOGE,1,58,0.8967835971618009
NoDOGE,1,59,0.8967835971618009
NoDOGE,1,60,0.8967835971618009
NoDOGE,1,61,0.8967835971618009
NoDOGE,1,62,0.8967835971618009
NoDOGE,1,63,0.8967835971618009
NoDOGE,1,64,0.8967835971618009
NoDOGE,1,65,0.8967835971618009
NoDOGE,1,66,0.8967835971618009
NoDOGE,1,67,0.8967835971618009
NoDOGE,1,68,0.8967835971618009
NoDOGE,1,69,0.8967835971618009
NoDOGE,1,70,0.8967835971618009
NoDOGE,1,71,0.8967835971618009
NoDOGE,1,72,0.8967835971618009
NoDOGE,1,73,0.8967835971618009
NoDOGE,1,74,0.9879723051784611
NoDOGE,1,75,0.9879723051784611
NoDOGE,1,76,0.9879723051784611
NoDOGE,1,77,0.9879723051784611
NoDOGE,1,78,0.9879723051784611
NoDOGE,1,79,0.9879723051784611
NoDOGE,1,80,0.9879723051784611
NoDOGE,1,81,0.9879723051784611
NoDOGE,1,82,0.9879723051784611
NoDOGE,1,83,0.9879723051784611
NoDOGE,1,84,0.9879723051784611
NoDOGE,1,85,0.9879723051784611
NoDOGE,1,86,1.0499291568102642
NoDOGE,1,87,1.0499291568102642
NoDOGE,1,88,1.0499291568102642
NoDOGE,1,89,1.0499291568102642
NoDOGE,1,90,1.0499291568102642
NoDOGE,1,91,1.0499291568102642
NoDOGE,1,92,1.0499291568102642
NoDOGE,1,93,1.0499291568102642
NoDOGE,1,94,1.0499291568102642
NoDOGE,1,95,1.0499291568102642
NoDOGE,1,96,1.0499291568102642
NoDOGE,1,97,1.0499291568102642
NoDOGE,1,98,1.0499291568102642
NoDOGE,1,99,1.0499291568102642
NoDOGE,1,100,1.0499291568102642
NoDOGE,1,101,1.0499291568102642
NoDOGE,1,102,1.0499291568102642
NoDOGE,1,103,1.0499291568102642
NoDOGE,1,104,1.0499291568102642
NoDOGE,1,105,1.0499291568102642
NoDOGE,1,106,1.0499291568102642
NoDOGE,1,107,1.0499291568102642
NoDOGE,1,108,1.0499291568102642
NoDOGE,1,109,1.0499291568102642
NoDOGE,1,110,1.0499291568102642
NoDOGE,1,111,1.0499291568102642
NoDOGE,1,112,1.0499291568102642
NoDOGE,1,113,1.0499291568102642
NoDOGE,1,114,1.0499291568102642
NoDOGE,1,115,1.0499291568102642
NoDOGE,1,116,1.0499291568102642
NoDOGE,1,117,1.0499291568102642
NoDOGE,1,118,1.0499291568102642
NoDOGE,1,119,1.0499291568102642
NoDOGE,1,120,1.0499291568102642
NoDOGE,1,121,1.0499291568102642
NoDOGE,1,122,1.0499291568102642
NoDOGE,1,123,1.0499291568102642
NoDOGE,1,124,1.0499291568102642
NoDOGE,1,125,1.0499291568102642
NoDOGE,1,126,1.0499291568102642
NoDOGE,1,127,1.0499291568102642
NoDOGE,1,128,1.0499291568102642
NoDOGE,1,129,1.0499291568102642
NoDOGE,1,130,1.0499291568102642
NoDOGE,1,131,1.0499291568102642
NoDOGE,1,132,1.0499291568102642
NoDOGE,1,133,1.0499291568102642
NoDOGE,1,134,1.0499291568102642
NoDOGE,1,135,1.0499291568102642
NoDOGE,1,136,1.0499291568102642
NoDOGE,1,137,1.0499291568102642
NoDOGE,1,138,1.0499291568102642
NoDOGE,1,139,1.0499291568102642
NoDOGE,1,140,1.0499291568102642
NoDOGE,1,141,1.0499291568102642
NoDOGE,1,142,1.0499291568102642
NoDOGE,1,143,1.0499291568102642
NoDOGE,1,144,1.0499291568102642
NoDOGE,1,145,1.0499291568102642
NoDOGE,1,146,1.0499291568102642
NoDOGE,1,147,1.1117758588339979
NoDOGE,1,148,1.1117758588339979
NoDOGE,1,149,1.1117758588339979
NoDOGE,1,150,1.1117758588339979
NoDOGE,1,151,1.0797250523832371
NoDOGE,1,152,1.0537066741498953
NoDOGE,1,153,1.0537066741498953
NoDOGE,1,154,1.0537066741498953
NoDOGE,1,155,1.0537066741498953
NoDOGE,1,156,1.0537066741498953
NoDOGE,1,157,1.0537066741498953
NoDOGE,1,158,1.0537066741498953
NoDOGE,1,159,1.0537066741498953
NoDOGE,1,160,1.0537066741498953
NoDOGE,1,161,1.0537066741498953
NoDOGE,1,162,1.0537066741498953
NoDOGE,1,163,1.0537066741498953
NoDOGE,1,164,1.0537066741498953
NoDOGE,1,165,1.0537066741498953
NoDOGE,1,166,1.0537066741498953
NoDOGE,1,167,1.0537066741498953
NoDOGE,1,168,1.0537066741498953
NoDOGE,1,169,1.0537066741498953
NoDOGE,1,170,1.0537066741498953
NoDOGE,1,171,1.0537066741498953
NoDOGE,1,172,1.0537066741498953
NoDOGE,2,0,1
NoDOGE,2,1,1
NoDOGE,2,2,1
NoDOGE,2,3,1
NoDOGE,2,4,1
NoDOGE,2,5,1
NoDOGE,2,6,1
NoDOGE,2,7,0.8620562130177517
NoDOGE,2,8,1.0489485129256677
NoDOGE,2,9,1.0489485129256677
NoDOGE,2,10,1.0489485129256677
NoDOGE,2,11,1.0489485129256677
NoDOGE,2,12,1.0489485129256677
NoDOGE,2,13,1.0489485129256677
NoDOGE,2,14,1.0489485129256677
NoDOGE,2,15,1.2791755835856835
NoDOGE,2,16,1.215901601399021
NoDOGE,2,17,1.215901601399021
NoDOGE,2,18,1.215901601399021
NoDOGE,2,19,1.215901601399021
NoDOGE,2,20,1.215901601399021
NoDOGE,2,21,1.215901601399021
NoDOGE,2,22,1.215901601399021
NoDOGE,2,23,1.1734230814992954
NoDOGE,2,24,1.1734230814992954
NoDOGE,2,25,1.1734230814992954
NoDOGE,2,26,1.1734230814992954
NoDOGE,2,27,1.1734230814992954
NoDOGE,2,28,1.1734230814992954
NoDOGE,2,29,1.1734230814992954
NoDOGE,2,30,1.1734230814992954
NoDOGE,2,31,1.1734230814992954
NoDOGE,2,32,1.1734230814992954
NoDOGE,2,33,1.1734230814992954
NoDOGE,2,34,1.1734230814992954
NoDOGE,2,35,1.1734230814992954
NoDOGE,2,36,1.1734230814992954
NoDOGE,2,37,1.1734230814992954
NoDOGE,2,38,1.1734230814992954
NoDOGE,2,39,1.1734230814992954
NoDOGE,2,40,1.1734230814992954
NoDOGE,2,41,1.1734230814992954
NoDOGE,2,42,1.1734230814992954
NoDOGE,2,43,1.1734230814992954
NoDOGE,2,44,1.1734230814992954
NoDOGE,2,45,1.1734230814992954
NoDOGE,2,46,1.1734230814992954
NoDOGE,2,47,1.1734230814992954
NoDOGE,2,48,1.1734230814992954
NoDOGE,2,49,1.1734230814992954
NoDOGE,2,50,1.1734230814992954
NoDOGE,2,51,1.1734230814992954
NoDOGE,2,52,1.164629230299268
NoDOGE,2,53,1.366698233562695
NoDOGE,2,54,1.4362300739092395
NoDOGE,2,55,1.4362300739092395
NoDOGE,2,56,1.4362300739092395
NoDOGE,2,57,1.4362300739092395
NoDOGE,2,58,1.4362300739092395
NoDOGE,2,59,1.4362300739092395
NoDOGE,2,60,1.4362300739092395
NoDOGE,2,61,1.4362300739092395
NoDOGE,2,62,1.4362300739092395
NoDOGE,2,63,1.4362300739092395
NoDOGE,2,64,1.1446142169036932
NoDOGE,2,65,1.1446142169036932
NoDOGE,2,66,1.1446142169036932
NoDOGE,2,67,1.1446142169036932
NoDOGE,2,68,1.1446142169036932
NoDOGE,2,69,1.1446142169036932
NoDOGE,2,70,1.1446142169036932
NoDOGE,2,71,1.1446142169036932
NoDOGE,2,72,1.1446142169036932
NoDOGE,2,73,1.1446142169036932
NoDOGE,2,74,1.1446142169036932
NoDOGE,2,75,1.1446142169036932
NoDOGE,2,76,1.1446142169036932
NoDOGE,2,77,1.1446142169036932
NoDOGE,2,78,1.1446142169036932
NoDOGE,2,79,1.1446142169036932
NoDOGE,2,80,1.1446142169036932
NoDOGE,2,81,1.1446142169036932
NoDOGE,2,82,1.1446142169036932
NoDOGE,2,83,1.1446142169036932
NoDOGE,2,84,1.1446142169036932
NoDOGE,2,85,1.1446142169036932
NoDOGE,2,86,1.1446142169036932
NoDOGE,2,87,1.1446142169036932
NoDOGE,2,88,1.1446142169036932
NoDOGE,2,89,1.1446142169036932
NoDOGE,2,90,1.1446142169036932
NoDOGE,2,91,1.1446142169036932
NoDOGE,2,92,1.1446142169036932
NoDOGE,2,93,1.1446142169036932
NoDOGE,2,94,1.1446142169036932
NoDOGE,2,95,1.1446142169036932
NoDOGE,2,96,1.2910188342287883
NoDOGE,2,97,1.2910188342287883
NoDOGE,2,98,1.448333880829908
NoDOGE,2,99,1.448333880829908
NoDOGE,2,100,1.7657627594004115
NoDOGE,3,0,1
NoDOGE,3,1,0.995159070551237
NoDOGE,3,2,0.995159070551237
NoDOGE,3,3,0.995159070551237
NoDOGE,3,4,0.995159070551237
NoDOGE,3,5,0.995159070551237
NoDOGE,3,6,0.995159070551237
NoDOGE,3,7,0.995159070551237
NoDOGE,3,8,0.995159070551237
NoDOGE,3,9,0.995159070551237
NoDOGE,3,10,1.0167512264751142
NoDOGE,3,11,1.0167512264751142
NoDOGE,3,12,1.429557695919469
NoDOGE,3,13,1.429557695919469
NoDOGE,3,14,1.429557695919469
NoDOGE,3,15,1.429557695919469
NoDOGE,3,16,1.429557695919469
NoDOGE,3,17,1.429557695919469
NoDOGE,3,18,1.429557695919469
NoDOGE,3,19,1.2556319565922367
NoDOGE,3,20,1.2556319565922367
NoDOGE,3,21,1.2556319565922367
NoDOGE,3,22,1.4747428391011257
NoDOGE,3,23,1.4853833239902308
NoDOGE,3,24,1.4853833239902308
NoDOGE,3,25,1.4853833239902308
NoDOGE,3,26,1.4853833239902308
NoDOGE,3,27,1.4853833239902308
NoDOGE,3,28,1.4853833239902308
NoDOGE,3,29,1.4853833239902308
NoDOGE,3,30,1.318092222736277
NoDOGE,3,31,1.318092222736277
NoDOGE,3,32,1.318092222736277
NoDOGE,3,33,1.318092222736277
NoDOGE,3,34,1.318092222736277
NoDOGE,3,35,1.318092222736277
NoDOGE,3,36,1.318092222736277
NoDOGE,3,37,1.318092222736277
NoDOGE,3,38,1.318092222736277
NoDOGE,3,39,1.318092222736277
NoDOGE,3,40,1.318092222736277
NoDOGE,3,41,1.318092222736277
NoDOGE,3,42,1.318092222736277
NoDOGE,3,43,1.318092222736277
NoDOGE,3,44,1.318092222736277
NoDOGE,3,45,1.318092222736277
NoDOGE,3,46,1.318092222736277
NoDOGE,3,47,1.318092222736277
NoDOGE,3,48,1.318092222736277
NoDOGE,3,49,1.318092222736277
NoDOGE,3,50,1.318092222736277
NoDOGE,3,51,1.318092222736277
NoDOGE,3,52,1.318092222736277
NoDOGE,3,53,1.318092222736277
NoDOGE,3,54,1.441742920643472
NoDOGE,3,55,2.1850420378995654
NoDOGE,3,56,2.1850420378995654
NoDOGE,3,57,2.1850420378995654
NoDOGE,3,58,2.1850420378995654
NoDOGE,3,59,2.1850420378995654
NoDOGE,3,60,2.1850420378995654
NoDOGE,3,61,2.1850420378995654
NoDOGE,3,62,2.1850420378995654
NoDOGE,3,63,2.1850420378995654
NoDOGE,3,64,2.1850420378995654
NoDOGE,3,65,2.1850420378995654
NoDOGE,3,66,2.1850420378995654
NoDOGE,3,67,3.3741437441187796
NoDOGE,3,68,3.3741437441187796
NoDOGE,3,69,3.3741437441187796
NoDOGE,3,70,3.3741437441187796
NoDOGE,3,71,3.3741437441187796
NoDOGE,3,72,3.3741437441187796
NoDOGE,3,73,3.3741437441187796
NoDOGE,3,74,3.3741437441187796
NoDOGE,3,75,3.3741437441187796
NoDOGE,3,76,3.3741437441187796
NoDOGE,3,77,3.3741437441187796
NoDOGE,3,78,3.3741437441187796
NoDOGE,3,79,3.3741437441187796
NoDOGE,3,80,3.3741437441187796
NoDOGE,3,81,3.3741437441187796
NoDOGE,3,82,3.3741437441187796
NoDOGE,3,83,3.9576735515006907
NoDOGE,3,84,3.9576735515006907
NoDOGE,3,85,3.9576735515006907
NoDOGE,3,86,3.9576735515006907
NoDOGE,3,87,3.9576735515006907
NoDOGE,3,88,3.9576735515006907
NoDOGE,3,89,3.9576735515006907
NoDOGE,3,90,3.9576735515006907
NoDOGE,3,91,3.9576735515006907
NoDOGE,3,92,3.9576735515006907
NoDOGE,3,93,3.9576735515006907
NoDOGE,3,94,3.9576735515006907
NoDOGE,3,95,3.9576735515006907
NoDOGE,3,96,3.9576735515006907
NoDOGE,3,97,3.9576735515006907
NoDOGE,3,98,3.9576735515006907
NoDOGE,3,99,3.9576735515006907
NoDOGE,3,100,3.9576735515006907
NoDOGE,3,101,3.9576735515006907
NoDOGE,3,102,3.9576735515006907
NoDOGE,3,103,3.9576735515006907
NoDOGE,3,104,4.975862991245445
NoDOGE,4,0,1
NoDOGE,4,1,1.3100025673147502
NoDOGE,4,2,1.3100025673147502
NoDOGE,4,3,1.3100025673147502
NoDOGE,4,4,1.336265720222004
NoDOGE,4,5,1.336265720222004
NoDOGE,4,6,1.2776534335102172
NoDOGE,4,7,1.5804238409050435
NoDOGE,4,8,1.5804238409050435
NoDOGE,4,9,1.5804238409050435
NoDOGE,4,10,1.5804238409050435
NoDOGE,4,11,1.5804238409050435
NoDOGE,4,12,1.5804238409050435
NoDOGE,4,13,1.5804238409050435
NoDOGE,4,14,1.9714915291155
NoDOGE,4,15,1.9450231419112138
NoDOGE,4,16,1.9450231419112138
NoDOGE,4,17,1.9300946503602974
NoDOGE,4,18,1.9300946503602974
NoDOGE,4,19,1.9300946503602974
NoDOGE,4,20,1.9300946503602974
NoDOGE,4,21,1.9300946503602974
NoDOGE,4,22,1.9300946503602974
NoDOGE,4,23,2.0496964381641085
NoDOGE,4,24,2.0496964381641085
NoDOGE,4,25,2.0496964381641085
NoDOGE,4,26,2.0496964381641085
NoDOGE,4,27,2.0496964381641085
NoDOGE,4,28,2.0496964381641085
NoDOGE,4,29,2.0496964381641085
NoDOGE,4,30,2.0496964381641085
NoDOGE,4,31,2.0496964381641085
NoDOGE,4,32,2.0496964381641085
NoDOGE,4,33,2.0496964381641085
NoDOGE,4,34,2.0496964381641085
NoDOGE,4,35,2.0496964381641085
NoDOGE,4,36,2.0496964381641085
NoDOGE,4,37,2.0496964381641085
NoDOGE,4,38,2.0496964381641085
NoDOGE,4,39,2.0496964381641085
NoDOGE,4,40,2.0496964381641085
NoDOGE,4,41,2.0496964381641085
NoDOGE,4,42,2.0496964381641085
NoDOGE,4,43,2.0496964381641085
NoDOGE,4,44,2.0496964381641085
NoDOGE,4,45,2.0496964381641085
NoDOGE,4,46,2.0496964381641085
NoDOGE,4,47,2.0496964381641085
NoDOGE,4,48,2.0496964381641085
NoDOGE,4,49,2.0496964381641085
NoDOGE,4,50,2.0496964381641085
NoDOGE,4,51,2.0496964381641085
NoDOGE,4,52,2.0496964381641085
NoDOGE,4,53,2.0496964381641085
NoDOGE,4,54,2.0496964381641085
NoDOGE,4,55,2.0496964381641085
NoDOGE,4,56,2.0496964381641085
NoDOGE,4,57,2.0496964381641085
NoDOGE,4,58,2.0496964381641085
NoDOGE,4,59,2.0496964381641085
NoDOGE,4,60,2.0496964381641085
NoDOGE,4,61,2.0496964381641085
NoDOGE,4,62,2.0496964381641085
NoDOGE,4,63,2.0496964381641085
NoDOGE,4,64,2.0496964381641085
NoDOGE,4,65,2.0496964381641085
NoDOGE,4,66,2.0496964381641085
NoDOGE,4,67,2.0496964381641085
NoDOGE,4,68,2.0496964381641085
NoDOGE,4,69,2.0496964381641085
NoDOGE,4,70,2.0496964381641085
NoDOGE,4,71,2.373143750120674
NoDOGE,4,72,2.373143750120674
NoDOGE,4,73,2.373143750120674
NoDOGE,4,74,2.373143750120674
NoDOGE,4,75,2.073805100938496
NoDOGE,4,76,2.073805100938496
NoDOGE,4,77,2.073805100938496
NoDOGE,4,78,2.073805100938496
NoDOGE,4,79,2.073805100938496
NoDOGE,4,80,2.073805100938496
NoDOGE,4,81,2.073805100938496
NoDOGE,4,82,2.073805100938496
NoDOGE,4,83,2.073805100938496
NoDOGE,4,84,2.073805100938496
NoDOGE,4,85,2.073805100938496
NoDOGE,4,86,2.073805100938496
NoDOGE,4,87,2.073805100938496
NoDOGE,4,88,2.073805100938496
NoDOGE,4,89,2.073805100938496
NoDOGE,4,90,2.073805100938496
NoDOGE,4,91,2.073805100938496
NoDOGE,4,92,2.073805100938496
NoDOGE,4,93,2.073805100938496
NoDOGE,4,94,2.073805100938496
NoDOGE,4,95,2.073805100938496
NoDOGE,4,96,2.073805100938496
NoDOGE,4,97,2.073805100938496
NoDOGE,4,98,2.073805100938496
NoDOGE,4,99,2.073805100938496
NoDOGE,4,100,2.073805100938496
NoDOGE,4,101,2.073805100938496
NoDOGE,4,102,2.073805100938496
NoDOGE,4,103,2.073805100938496
NoDOGE,4,104,2.073805100938496
NoDOGE,4,105,2.073805100938496
NoDOGE,4,106,2.3225680142010825
NoDOGE,4,107,2.3225680142010825
NoDOGE,5,0,1
NoDOGE,5,1,1
NoDOGE,5,2,1
NoDOGE,5,3,1
NoDOGE,5,4,1
NoDOGE,5,5,1
NoDOGE,5,6,1
NoDOGE,5,7,1
NoDOGE,5,8,1
NoDOGE,5,9,1
NoDOGE,5,10,1
NoDOGE,5,11,1
NoDOGE,5,12,1
NoDOGE,5,13,1
NoDOGE,5,14,1
NoDOGE,5,15,1
NoDOGE,5,16,1
NoDOGE,5,17,1
NoDOGE,5,18,1
NoDOGE,5,19,1.0374124279875578
NoDOGE,5,20,1.0374124279875578
NoDOGE,5,21,1.0374124279875578
NoDOGE,5,22,1.0374124279875578
NoDOGE,5,23,1.0374124279875578
NoDOGE,5,24,1.318547441879203
NoDOGE,5,25,1.318547441879203
NoDOGE,5,26,1.318547441879203
NoDOGE,5,27,1.318547441879203
NoDOGE,5,28,1.318547441879203
NoDOGE,5,29,1.318547441879203
NoDOGE,5,30,1.318547441879203
NoDOGE,5,31,1.318547441879203
NoDOGE,5,32,1.318547441879203
NoDOGE,5,33,1.318547441879203
NoDOGE,5,34,1.318547441879203
NoDOGE,5,35,1.318547441879203
NoDOGE,5,36,1.318547441879203
NoDOGE,5,37,1.318547441879203
NoDOGE,5,38,1.318547441879203
NoDOGE,5,39,1.318547441879203
NoDOGE,5,40,1.318547441879203
NoDOGE,5,41,1.318547441879203
NoDOGE,5,42,1.318547441879203
NoDOGE,5,43,1.318547441879203
NoDOGE,5,44,1.318547441879203
NoDOGE,5,45,1.318547441879203
NoDOGE,5,46,1.318547441879203
NoDOGE,5,47,1.318547441879203
NoDOGE,5,48,1.318547441879203
NoDOGE,5,49,1.318547441879203
NoDOGE,5,50,1.318547441879203
NoDOGE,5,51,1.318547441879203
NoDOGE,5,52,1.318547441879203
NoDOGE,5,53,1.318547441879203
NoDOGE,5,54,1.318547441879203
NoDOGE,5,55,1.318547441879203
NoDOGE,5,56,1.318547441879203
NoDOGE,5,57,1.318547441879203
NoDOGE,5,58,1.318547441879203
NoDOGE,5,59,1.318547441879203
NoDOGE,5,60,1.318547441879203
NoDOGE,5,61,1.318547441879203
NoDOGE,5,62,1.318547441879203
NoDOGE,5,63,1.318547441879203
NoDOGE,5,64,1.318547441879203
NoDOGE,5,65,1.318547441879203
NoDOGE,5,66,1.318547441879203
NoDOGE,5,67,1.318547441879203
NoDOGE,5,68,1.318547441879203
NoDOGE,5,69,1.318547441879203
NoDOGE,5,70,1.318547441879203
NoDOGE,5,71,1.318547441879203
NoDOGE,5,72,1.318547441879203
NoDOGE,5,73,1.6709673355555106
NoDOGE,5,74,1.6709673355555106
NoDOGE,5,75,1.6709673355555106
NoDOGE,5,76,1.6709673355555106
NoDOGE,5,77,1.6709673355555106
NoDOGE,5,78,1.6709673355555106
NoDOGE,5,79,1.6709673355555106
NoDOGE,5,80,1.7728439082509626
NoDOGE,5,81,1.7728439082509626
NoDOGE,5,82,1.7728439082509626
NoDOGE,5,83,1.7728439082509626
NoDOGE,5,84,1.7728439082509626
NoDOGE,5,85,1.7728439082509626
NoDOGE,5,86,1.7728439082509626
NoDOGE,5,87,1.7728439082509626
NoDOGE,5,88,1.7728439082509626
NoDOGE,5,89,1.7728439082509626
NoDOGE,5,90,1.7728439082509626
NoDOGE,5,91,1.7728439082509626
NoDOGE,5,92,1.7728439082509626
NoDOGE,5,93,1.7728439082509626
NoDOGE,5,94,1.7728439082509626
NoDOGE,5,95,1.7728439082509626
NoDOGE,5,96,1.7728439082509626
NoDOGE,5,97,1.7728439082509626
NoDOGE,5,98,1.7728439082509626
NoDOGE,5,99,1.7728439082509626
NoDOGE,5,100,1.7728439082509626
NoDOGE,5,101,1.7728439082509626
NoDOGE,5,102,1.3658869976615713
NoDOGE,5,103,1.3658869976615713
NoDOGE,5,104,1.3658869976615713
NoDOGE,5,105,1.3658869976615713
NoDOGE,5,106,1.3658869976615713
NoDOGE,5,107,1.3658869976615713
NoDOGE,5,108,1.3658869976615713
NoDOGE,5,109,1.3658869976615713
NoDOGE,5,110,1.3658869976615713
NoDOGE,5,111,1.3658869976615713
NoDOGE,5,112,1.3658869976615713
NoDOGE,5,113,1.3658869976615713
NoDOGE,5,114,1.3103443305816729
NoDOGE,5,115,1.3103443305816729
NoDOGE,5,116,1.3103443305816729
NoDOGE,5,117,1.3103443305816729
NoDOGE,5,118,1.3103443305816729
NoDOGE,5,119,1.3103443305816729
NoDOGE,5,120,1.3103443305816729
NoDOGE,5,121,1.3103443305816729
NoDOGE,5,122,1.4048019156096594
NoDOGE,5,123,1.4048019156096594
NoDOGE,5,124,1.4048019156096594
NoDOGE,5,125,1.4048019156096594
NoDOGE,5,126,1.4048019156096594
NoDOGE,5,127,1.4048019156096594
NoDOGE,5,128,1.4048019156096594
NoDOGE,5,129,1.479315413634939
NoDOGE,5,130,1.479315413634939
NoDOGE,5,131,1.479315413634939
NoDOGE,5,132,1.479315413634939
NoDOGE,5,133,1.479315413634939
NoDOGE,5,134,1.479315413634939
NoDOGE,5,135,1.479315413634939
NoDOGE,5,136,1.479315413634939
NoDOGE,5,137,1.479315413634939
NoDOGE,5,138,1.479315413634939
NoDOGE,5,139,1.479315413634939
NoDOGE,5,140,1.479315413634939
NoDOGE,5,141,1.479315413634939
NoDOGE,5,142,1.479315413634939
NoDOGE,5,143,1.479315413634939
NoDOGE,5,144,1.479315413634939
NoDOGE,5,145,1.4053180191895707
NoDOGE,6,0,1
NoDOGE,6,1,1
NoDOGE,6,2,1
NoDOGE,6,3,1
NoDOGE,6,4,1
NoDOGE,6,5,1
NoDOGE,6,6,1
NoDOGE,6,7,1
NoDOGE,6,8,1
NoDOGE,6,9,1
NoDOGE,6,10,1
NoDOGE,6,11,1
NoDOGE,6,12,1
NoDOGE,6,13,1
NoDOGE,6,14,1
NoDOGE,6,15,1
NoDOGE,6,16,1
NoDOGE,6,17,1
NoDOGE,6,18,1
NoDOGE,6,19,1
NoDOGE,6,20,1
NoDOGE,6,21,1
NoDOGE,6,22,1
NoDOGE,6,23,1
NoDOGE,6,24,1
NoDOGE,6,25,1.3113415941319246
NoDOGE,6,26,1.2713674530121204
NoDOGE,6,27,1.2933073638690011
NoDOGE,6,28,1.2933073638690011
NoDOGE,6,29,1.2933073638690011
NoDOGE,6,30,1.2933073638690011
NoDOGE,6,31,1.2933073638690011
NoDOGE,6,32,1.2933073638690011
NoDOGE,6,33,1.2933073638690011
NoDOGE,6,34,1.2933073638690011
NoDOGE,6,35,1.2933073638690011
NoDOGE,6,36,1.285791599068531
NoDOGE,6,37,1.285791599068531
NoDOGE,6,38,1.455173563264245
NoDOGE,6,39,1.455173563264245
NoDOGE,6,40,1.5496343230846292
NoDOGE,6,41,1.4960733887261177
NoDOGE,6,42,1.4960733887261177
NoDOGE,6,43,1.4960733887261177
NoDOGE,6,44,1.4960733887261177
NoDOGE,6,45,1.4960733887261177
NoDOGE,6,46,1.4960733887261177
NoDOGE,6,47,1.4960733887261177
NoDOGE,6,48,1.4960733887261177
NoDOGE,6,49,1.4960733887261177
NoDOGE,6,50,1.4960733887261177
NoDOGE,6,51,1.4960733887261177
NoDOGE,6,52,1.4960733887261177
NoDOGE,6,53,1.4960733887261177
NoDOGE,6,54,1.4960733887261177
NoDOGE,6,55,1.4960733887261177
NoDOGE,6,56,1.4960733887261177
NoDOGE,6,57,1.4960733887261177
NoDOGE,6,58,1.4960733887261177
NoDOGE,6,59,1.4960733887261177
NoDOGE,6,60,1.4960733887261177
NoDOGE,6,61,1.4960733887261177
NoDOGE,6,62,1.4960733887261177
NoDOGE,6,63,1.4960733887261177
NoDOGE,6,64,1.4960733887261177
NoDOGE,6,65,1.4960733887261177
NoDOGE,6,66,1.4960733887261177
NoDOGE,6,67,1.4960733887261177
NoDOGE,6,68,1.4960733887261177
NoDOGE,6,69,1.4960733887261177
NoDOGE,6,70,1.4960733887261177
NoDOGE,6,71,1.4960733887261177
NoDOGE,6,72,1.4960733887261177
NoDOGE,6,73,1.4960733887261177
NoDOGE,6,74,1.4960733887261177
NoDOGE,6,75,1.4960733887261177
NoDOGE,6,76,1.4960733887261177
NoDOGE,6,77,1.4960733887261177
NoDOGE,6,78,1.4960733887261177
NoDOGE,6,79,1.4960733887261177
NoDOGE,6,80,1.4960733887261177
NoDOGE,6,81,1.4960733887261177
NoDOGE,6,82,1.4960733887261177
NoDOGE,6,83,1.4960733887261177
NoDOGE,6,84,1.4960733887261177
NoDOGE,6,85,1.4960733887261177
NoDOGE,6,86,1.4960733887261177
NoDOGE,6,87,1.4960733887261177
NoDOGE,6,88,1.4960733887261177
NoDOGE,6,89,1.4960733887261177
NoDOGE,6,90,1.4960733887261177
NoDOGE,6,91,1.4960733887261177
NoDOGE,6,92,1.4960733887261177
NoDOGE,6,93,1.4960733887261177
NoDOGE,6,94,1.4960733887261177
NoDOGE,6,95,1.6433109846793659
NoDOGE,6,96,1.6433109846793659
NoDOGE,6,97,1.6433109846793659
NoDOGE,6,98,1.6433109846793659
NoDOGE,6,99,1.6433109846793659
NoDOGE,6,100,1.6433109846793659
NoDOGE,6,101,1.6433109846793659
NoDOGE,6,102,1.6433109846793659
NoDOGE,6,103,1.6433109846793659
NoDOGE,6,104,1.7816870783233645
NoDOGE,6,105,1.7816870783233645
NoDOGE,6,106,1.7816870783233645
NoDOGE,6,107,1.7816870783233645
NoDOGE,6,108,1.7816870783233645
NoDOGE,6,109,1.7816870783233645
NoDOGE,6,110,1.7816870783233645
NoDOGE,6,111,1.7816870783233645
NoDOGE,6,112,1.7816870783233645
NoDOGE,6,113,1.7816870783233645
NoDOGE,6,114,1.7816870783233645
NoDOGE,6,115,1.7816870783233645
NoDOGE,6,116,1.7816870783233645
NoDOGE,6,117,1.7816870783233645
NoDOGE,6,118,1.7816870783233645
NoDOGE,6,119,1.7816870783233645
NoDOGE,6,120,1.7816870783233645
NoDOGE,6,121,1.7816870783233645
NoDOGE,6,122,1.7816870783233645
NoDOGE,6,123,1.7816870783233645
NoDOGE,6,124,1.7816870783233645
NoDOGE,6,125,1.7816870783233645
NoDOGE,6,126,1.7816870783233645
NoDOGE,6,127,1.7816870783233645
NoDOGE,6,128,1.7816870783233645
NoDOGE,6,129,1.7816870783233645
NoDOGE,6,130,1.7816870783233645
NoDOGE,6,131,1.7816870783233645
NoDOGE,6,132,1.7816870783233645
NoDOGE,6,133,1.7816870783233645
Legacy4,0,0,1
Legacy4,0,1,1
Legacy4,0,2,1
Legacy4,0,3,1
Legacy4,0,4,1
Legacy4,0,5,1
Legacy4,0,6,1
Legacy4,0,7,1
Legacy4,0,8,1
Legacy4,0,9,1
Legacy4,0,10,1
Legacy4,0,11,1
Legacy4,0,12,1
Legacy4,0,13,1
Legacy4,0,14,1
Legacy4,0,15,1
Legacy4,0,16,0.9157512655411816
Legacy4,0,17,0.9157512655411816
Legacy4,0,18,0.9157512655411816
Legacy4,0,19,0.9157512655411816
Legacy4,0,20,0.9157512655411816
Legacy4,0,21,0.9157512655411816
Legacy4,0,22,0.9157512655411816
Legacy4,0,23,0.9157512655411816
Legacy4,0,24,0.9157512655411816
Legacy4,0,25,0.9157512655411816
Legacy4,0,26,0.9157512655411816
Legacy4,0,27,0.9157512655411816
Legacy4,0,28,0.9157512655411816
Legacy4,0,29,0.9157512655411816
Legacy4,0,30,0.9157512655411816
Legacy4,0,31,0.9157512655411816
Legacy4,0,32,0.9157512655411816
Legacy4,0,33,0.9157512655411816
Legacy4,0,34,0.9157512655411816
Legacy4,0,35,0.9157512655411816
Legacy4,0,36,0.9157512655411816
Legacy4,0,37,0.9157512655411816
Legacy4,0,38,0.9157512655411816
Legacy4,0,39,1.1866006132131088
Legacy4,0,40,1.0345412894620398
Legacy4,0,41,1.0345412894620398
Legacy4,0,42,1.0345412894620398
Legacy4,0,43,1.0345412894620398
Legacy4,0,44,1.0345412894620398
Legacy4,0,45,1.0345412894620398
Legacy4,0,46,1.0345412894620398
Legacy4,0,47,1.0345412894620398
Legacy4,0,48,1.0345412894620398
Legacy4,0,49,1.0345412894620398
Legacy4,0,50,1.0345412894620398
Legacy4,0,51,1.0345412894620398
Legacy4,0,52,1.0345412894620398
Legacy4,0,53,1.0345412894620398
Legacy4,0,54,1.0345412894620398
Legacy4,0,55,1.0345412894620398
Legacy4,0,56,1.0345412894620398
Legacy4,0,57,1.0345412894620398
Legacy4,0,58,1.0345412894620398
Legacy4,0,59,1.0345412894620398
Legacy4,0,60,1.0345412894620398
Legacy4,0,61,1.0345412894620398
Legacy4,0,62,1.0345412894620398
Legacy4,0,63,1.0345412894620398
Legacy4,0,64,1.0345412894620398
Legacy4,0,65,1.0345412894620398
Legacy4,0,66,1.0345412894620398
Legacy4,0,67,1.0345412894620398
Legacy4,0,68,1.155274986301589
Legacy4,0,69,1.155274986301589
Legacy4,0,70,1.155274986301589
Legacy4,0,71,1.155274986301589
Legacy4,0,72,1.155274986301589
Legacy4,0,73,1.155274986301589
Legacy4,0,74,1.155274986301589
Legacy4,0,75,1.155274986301589
Legacy4,0,76,1.155274986301589
Legacy4,0,77,1.155274986301589
Legacy4,0,78,1.155274986301589
Legacy4,0,79,1.155274986301589
Legacy4,0,80,1.155274986301589
Legacy4,0,81,1.155274986301589
Legacy4,0,82,1.155274986301589
Legacy4,0,83,1.155274986301589
Legacy4,0,84,1.155274986301589
Legacy4,0,85,1.155274986301589
Legacy4,0,86,1.155274986301589
Legacy4,0,87,1.155274986301589
Legacy4,0,88,1.155274986301589
Legacy4,0,89,1.155274986301589
Legacy4,0,90,1.155274986301589
Legacy4,0,91,1.155274986301589
Legacy4,0,92,1.190014730528227
Legacy4,0,93,1.2286309729723648
Legacy4,0,94,1.2286309729723648
Legacy4,0,95,1.2286309729723648
Legacy4,0,96,1.2286309729723648
Legacy4,0,97,1.2286309729723648
Legacy4,0,98,1.2286309729723648
Legacy4,0,99,1.2286309729723648
Legacy4,0,100,1.3219605212691135
Legacy4,0,101,1.3219605212691135
Legacy4,0,102,1.7913693074579202
Legacy4,0,103,1.7913693074579202
Legacy4,0,104,1.7913693074579202
Legacy4,0,105,1.7913693074579202
Legacy4,0,106,1.7913693074579202
Legacy4,0,107,2.0324662787197263
Legacy4,0,108,2.3768146740501463
Legacy4,0,109,2.4253966506947657
Legacy4,1,0,1
Legacy4,1,1,1
Legacy4,1,2,1
Legacy4,1,3,1
Legacy4,1,4,1
Legacy4,1,5,1
Legacy4,1,6,1
Legacy4,1,7,1
Legacy4,1,8,1
Legacy4,1,9,1
Legacy4,1,10,1
Legacy4,1,11,1
Legacy4,1,12,1
Legacy4,1,13,1
Legacy4,1,14,1
Legacy4,1,15,1
Legacy4,1,16,1
Legacy4,1,17,1
Legacy4,1,18,1
Legacy4,1,19,1
Legacy4,1,20,1
Legacy4,1,21,1
Legacy4,1,22,1
Legacy4,1,23,1
Legacy4,1,24,1
Legacy4,1,25,1
Legacy4,1,26,1
Legacy4,1,27,1
Legacy4,1,28,1
Legacy4,1,29,1
Legacy4,1,30,1
Legacy4,1,31,1
Legacy4,1,32,1
Legacy4,1,33,0.8967835971618009
Legacy4,1,34,0.8967835971618009
Legacy4,1,35,0.733045318734112
Legacy4,1,36,0.733045318734112
Legacy4,1,37,0.733045318734112
Legacy4,1,38,0.733045318734112
Legacy4,1,39,0.733045318734112
Legacy4,1,40,0.733045318734112
Legacy4,1,41,0.733045318734112
Legacy4,1,42,0.733045318734112
Legacy4,1,43,0.733045318734112
Legacy4,1,44,0.733045318734112
Legacy4,1,45,0.733045318734112
Legacy4,1,46,0.733045318734112
Legacy4,1,47,0.733045318734112
Legacy4,1,48,0.733045318734112
Legacy4,1,49,0.733045318734112
Legacy4,1,50,0.733045318734112
Legacy4,1,51,0.733045318734112
Legacy4,1,52,0.733045318734112
Legacy4,1,53,0.733045318734112
Legacy4,1,54,0.733045318734112
Legacy4,1,55,0.733045318734112
Legacy4,1,56,0.733045318734112
Legacy4,1,57,0.733045318734112
Legacy4,1,58,0.733045318734112
Legacy4,1,59,0.733045318734112
Legacy4,1,60,0.733045318734112
Legacy4,1,61,0.733045318734112
Legacy4,1,62,0.733045318734112
Legacy4,1,63,0.8746340391868724
Legacy4,1,64,0.8746340391868724
Legacy4,1,65,0.8746340391868724
Legacy4,1,66,0.8746340391868724
Legacy4,1,67,0.8746340391868724
Legacy4,1,68,1.0580822280897497
Legacy4,1,69,0.8299121861677281
Legacy4,1,70,0.8299121861677281
Legacy4,1,71,0.8299121861677281
Legacy4,1,72,0.8299121861677281
Legacy4,1,73,0.8299121861677281
Legacy4,1,74,0.8299121861677281
Legacy4,1,75,0.8299121861677281
Legacy4,1,76,0.8299121861677281
Legacy4,1,77,0.8299121861677281
Legacy4,1,78,0.8299121861677281
Legacy4,1,79,0.8299121861677281
Legacy4,1,80,0.8299121861677281
Legacy4,1,81,0.6862147299836312
Legacy4,1,82,0.6862147299836312
Legacy4,1,83,0.6862147299836312
Legacy4,1,84,0.6862147299836312
Legacy4,1,85,0.6862147299836312
Legacy4,1,86,0.6862147299836312
Legacy4,1,87,0.6862147299836312
Legacy4,1,88,0.6862147299836312
Legacy4,1,89,0.6862147299836312
Legacy4,1,90,0.6862147299836312
Legacy4,1,91,0.6862147299836312
Legacy4,1,92,0.6862147299836312
Legacy4,1,93,0.6862147299836312
Legacy4,1,94,0.6862147299836312
Legacy4,1,95,0.6862147299836312
Legacy4,1,96,0.7595517761690985
Legacy4,1,97,0.7595517761690985
Legacy4,1,98,0.7772231264828707
Legacy4,1,99,0.7772231264828707
Legacy4,1,100,0.7772231264828707
Legacy4,1,101,0.7772231264828707
Legacy4,1,102,0.7772231264828707
Legacy4,1,103,0.8151909625227912
Legacy4,1,104,0.7684438013377255
Legacy4,1,105,0.7684438013377255
Legacy4,1,106,0.7684438013377255
Legacy4,1,107,0.7684438013377255
Legacy4,1,108,0.7684438013377255
Legacy4,1,109,0.7684438013377255
Legacy4,1,110,0.7684438013377255
Legacy4,1,111,0.7684438013377255
Legacy4,1,112,0.7684438013377255
Legacy4,1,113,0.7684438013377255
Legacy4,1,114,0.7684438013377255
Legacy4,1,115,0.7684438013377255
Legacy4,1,116,0.7684438013377255
Legacy4,1,117,0.7684438013377255
Legacy4,1,118,0.7684438013377255
Legacy4,1,119,0.7684438013377255
Legacy4,1,120,0.7684438013377255
Legacy4,2,0,1
Legacy4,2,1,1
Legacy4,2,2,1
Legacy4,2,3,1
Legacy4,2,4,0.8997153557343132
Legacy4,2,5,0.8997153557343132
Legacy4,2,6,0.8997153557343132
Legacy4,2,7,0.8750735921894327
Legacy4,2,8,0.8750735921894327
Legacy4,2,9,0.8750735921894327
Legacy4,2,10,0.8750735921894327
Legacy4,2,11,0.8750735921894327
Legacy4,2,12,0.8750735921894327
Legacy4,2,13,0.8750735921894327
Legacy4,2,14,0.8750735921894327
Legacy4,2,15,1.0671379568928956
Legacy4,2,16,1.0143523432980206
Legacy4,2,17,1.0143523432980206
Legacy4,2,18,1.0143523432980206
Legacy4,2,19,1.0143523432980206
Legacy4,2,20,1.0143523432980206
Legacy4,2,21,1.0143523432980206
Legacy4,2,22,1.0143523432980206
Legacy4,2,23,1.0143523432980206
Legacy4,2,24,1.1390674962327585
Legacy4,2,25,1.1390674962327585
Legacy4,2,26,1.1390674962327585
Legacy4,2,27,1.1390674962327585
Legacy4,2,28,1.1390674962327585
Legacy4,2,29,1.1390674962327585
Legacy4,2,30,1.1390674962327585
Legacy4,2,31,1.1390674962327585
Legacy4,2,32,1.1390674962327585
Legacy4,2,33,1.1390674962327585
Legacy4,2,34,1.1390674962327585
Legacy4,2,35,1.1390674962327585
Legacy4,2,36,1.1390674962327585
Legacy4,2,37,1.1390674962327585
Legacy4,2,38,1.1390674962327585
Legacy4,2,39,1.1390674962327585
Legacy4,2,40,1.1390674962327585
Legacy4,2,41,1.1390674962327585
Legacy4,2,42,1.1390674962327585
Legacy4,2,43,1.1390674962327585
Legacy4,2,44,1.1390674962327585
Legacy4,2,45,1.1390674962327585
Legacy4,2,46,1.1390674962327585
Legacy4,2,47,1.1390674962327585
Legacy4,2,48,1.1390674962327585
Legacy4,2,49,1.1390674962327585
Legacy4,2,50,1.1390674962327585
Legacy4,2,51,1.1390674962327585
Legacy4,2,52,1.130531112189707
Legacy4,2,53,1.326683921216976
Legacy4,2,54,1.3941800021623056
Legacy4,2,55,1.3941800021623056
Legacy4,2,56,1.3941800021623056
Legacy4,2,57,1.3941800021623056
Legacy4,2,58,1.6332193495379703
Legacy4,2,59,3.1148560803526113
Legacy4,2,60,3.1148560803526113
Legacy4,2,61,3.1148560803526113
Legacy4,2,62,3.1148560803526113
Legacy4,2,63,3.1148560803526113
Legacy4,2,64,3.1148560803526113
Legacy4,2,65,3.1148560803526113
Legacy4,2,66,3.1148560803526113
Legacy4,2,67,3.1148560803526113
Legacy4,2,68,3.1148560803526113
Legacy4,2,69,3.1148560803526113
Legacy4,2,70,3.1148560803526113
Legacy4,2,71,3.1148560803526113
Legacy4,2,72,3.1148560803526113
Legacy4,2,73,3.1148560803526113
Legacy4,2,74,3.1148560803526113
Legacy4,2,75,3.1148560803526113
Legacy4,2,76,3.1148560803526113
Legacy4,2,77,3.1148560803526113
Legacy4,2,78,3.1148560803526113
Legacy4,2,79,3.1148560803526113
Legacy4,2,80,3.1148560803526113
Legacy4,2,81,3.1148560803526113
Legacy4,2,82,3.1148560803526113
Legacy4,2,83,3.513269192589133
Legacy4,2,84,3.513269192589133
Legacy4,2,85,3.941373021984152
Legacy4,2,86,3.941373021984152
Legacy4,2,87,4.805197057972022
Legacy4,3,0,1
Legacy4,3,1,0.995159070551237
Legacy4,3,2,0.995159070551237
Legacy4,3,3,0.995159070551237
Legacy4,3,4,0.995159070551237
Legacy4,3,5,0.995159070551237
Legacy4,3,6,0.995159070551237
Legacy4,3,7,0.995159070551237
Legacy4,3,8,0.995159070551237
Legacy4,3,9,0.995159070551237
Legacy4,3,10,0.995159070551237
Legacy4,3,11,0.995159070551237
Legacy4,3,12,0.995159070551237
Legacy4,3,13,1.2747746825558233
Legacy4,3,14,1.5002638936933341
Legacy4,3,15,1.5002638936933341
Legacy4,3,16,4.7194817451676006
Legacy4,3,17,3.5984913905720726
Legacy4,3,18,3.7190752297010774
Legacy4,3,19,3.7190752297010774
Legacy4,3,20,3.7190752297010774
Legacy4,3,21,3.7190752297010774
Legacy4,3,22,3.7190752297010774
Legacy4,3,23,3.7190752297010774
Legacy4,3,24,3.7190752297010774
Legacy4,3,25,3.7190752297010774
Legacy4,3,26,3.7190752297010774
Legacy4,3,27,3.7190752297010774
Legacy4,3,28,3.7190752297010774
Legacy4,3,29,3.7190752297010774
Legacy4,3,30,3.7190752297010774
Legacy4,3,31,3.7190752297010774
Legacy4,3,32,3.7190752297010774
Legacy4,3,33,3.360255097236214
Legacy4,3,34,3.360255097236214
Legacy4,3,35,3.360255097236214
Legacy4,3,36,3.360255097236214
Legacy4,3,37,3.360255097236214
Legacy4,3,38,3.360255097236214
Legacy4,3,39,3.360255097236214
Legacy4,3,40,3.360255097236214
Legacy4,3,41,3.360255097236214
Legacy4,3,42,3.360255097236214
Legacy4,3,43,3.360255097236214
Legacy4,3,44,3.360255097236214
Legacy4,3,45,3.360255097236214
Legacy4,3,46,3.360255097236214
Legacy4,3,47,3.360255097236214
Legacy4,3,48,3.360255097236214
Legacy4,3,49,3.360255097236214
Legacy4,3,50,3.360255097236214
Legacy4,3,51,3.360255097236214
Legacy4,3,52,3.360255097236214
Legacy4,3,53,3.360255097236214
Legacy4,3,54,3.6754818171518506
Legacy4,3,55,5.570398276294558
Legacy4,3,56,5.570398276294558
Legacy4,3,57,6.457613639235534
Legacy4,3,58,7.240653889267071
Legacy4,3,59,7.240653889267071
Legacy4,3,60,7.240653889267071
Legacy4,3,61,7.240653889267071
Legacy4,3,62,7.240653889267071
Legacy4,3,63,7.240653889267071
Legacy4,3,64,7.240653889267071
Legacy4,3,65,7.240653889267071
Legacy4,3,66,7.240653889267071
Legacy4,3,67,7.240653889267071
Legacy4,3,68,7.240653889267071
Legacy4,3,69,7.240653889267071
Legacy4,3,70,5.941322801819377
Legacy4,3,71,5.941322801819377
Legacy4,3,72,5.941322801819377
Legacy4,3,73,5.941322801819377
Legacy4,3,74,5.941322801819377
Legacy4,3,75,5.941322801819377
Legacy4,3,76,5.941322801819377
Legacy4,3,77,5.941322801819377
Legacy4,3,78,5.941322801819377
Legacy4,3,79,5.941322801819377
Legacy4,3,80,5.941322801819377
Legacy4,3,81,5.941322801819377
Legacy4,3,82,5.941322801819377
Legacy4,3,83,5.941322801819377
Legacy4,3,84,5.941322801819377
Legacy4,3,85,5.941322801819377
Legacy4,3,86,5.941322801819377
Legacy4,3,87,5.941322801819377
Legacy4,3,88,5.941322801819377
Legacy4,3,89,5.941322801819377
Legacy4,3,90,5.941322801819377
Legacy4,3,91,7.469845065267146
Legacy4,4,0,1
Legacy4,4,1,1.3100025673147502
Legacy4,4,2,1.3100025673147502
Legacy4,4,3,1.3100025673147502
Legacy4,4,4,1.3100025673147502
Legacy4,4,5,1.3100025673147502
Legacy4,4,6,1.3100025673147502
Legacy4,4,7,1.1751449134914218
Legacy4,4,8,1.1751449134914218
Legacy4,4,9,1.1197546743221547
Legacy4,4,10,1.1197546743221547
Legacy4,4,11,1.1197546743221547
Legacy4,4,12,1.1197546743221547
Legacy4,4,13,1.1197546743221547
Legacy4,4,14,1.1197546743221547
Legacy4,4,15,1.1197546743221547
Legacy4,4,16,1.1197546743221547
Legacy4,4,17,1.1197546743221547
Legacy4,4,18,1.1197546743221547
Legacy4,4,19,1.1197546743221547
Legacy4,4,20,1.1197546743221547
Legacy4,4,21,1.1197546743221547
Legacy4,4,22,1.1197546743221547
Legacy4,4,23,1.1197546743221547
Legacy4,4,24,1.1197546743221547
Legacy4,4,25,1.1197546743221547
Legacy4,4,26,1.1197546743221547
Legacy4,4,27,1.396832164876366
Legacy4,4,28,1.3780789041834651
Legacy4,4,29,1.3780789041834651
Legacy4,4,30,1.3675018376003991
Legacy4,4,31,1.3675018376003991
Legacy4,4,32,1.3675018376003991
Legacy4,4,33,1.3675018376003991
Legacy4,4,34,1.3675018376003991
Legacy4,4,35,1.3675018376003991
Legacy4,4,36,1.3675018376003991
Legacy4,4,37,1.3675018376003991
Legacy4,4,38,1.2753060812823436
Legacy4,4,39,1.2753060812823436
Legacy4,4,40,1.2753060812823436
Legacy4,4,41,1.2753060812823436
Legacy4,4,42,1.2753060812823436
Legacy4,4,43,1.2753060812823436
Legacy4,4,44,1.2753060812823436
Legacy4,4,45,1.2753060812823436
Legacy4,4,46,1.2753060812823436
Legacy4,4,47,1.2753060812823436
Legacy4,4,48,1.2753060812823436
Legacy4,4,49,1.2753060812823436
Legacy4,4,50,1.2753060812823436
Legacy4,4,51,1.2753060812823436
Legacy4,4,52,1.2753060812823436
Legacy4,4,53,1.2753060812823436
Legacy4,4,54,1.2753060812823436
Legacy4,4,55,1.2753060812823436
Legacy4,4,56,1.2753060812823436
Legacy4,4,57,1.2753060812823436
Legacy4,4,58,1.2753060812823436
Legacy4,4,59,1.2753060812823436
Legacy4,4,60,1.2753060812823436
Legacy4,4,61,1.2753060812823436
Legacy4,4,62,1.2753060812823436
Legacy4,4,63,1.2753060812823436
Legacy4,4,64,1.2753060812823436
Legacy4,4,65,1.2753060812823436
Legacy4,4,66,1.2753060812823436
Legacy4,4,67,1.2753060812823436
Legacy4,4,68,1.2753060812823436
Legacy4,4,69,1.2405439890507612
Legacy4,4,70,1.2405439890507612
Legacy4,4,71,1.2405439890507612
Legacy4,4,72,1.2405439890507612
Legacy4,4,73,1.2405439890507612
Legacy4,4,74,1.2405439890507612
Legacy4,4,75,1.2405439890507612
Legacy4,4,76,1.2405439890507612
Legacy4,4,77,1.2405439890507612
Legacy4,4,78,1.2405439890507612
Legacy4,4,79,1.2405439890507612
Legacy4,4,80,1.2405439890507612
Legacy4,4,81,1.2405439890507612
Legacy4,4,82,1.2405439890507612
Legacy4,4,83,1.2405439890507612
Legacy4,4,84,1.2405439890507612
Legacy4,4,85,1.2405439890507612
Legacy4,4,86,1.2405439890507612
Legacy4,4,87,1.2405439890507612
Legacy4,4,88,1.084066842685463
Legacy4,4,89,1.084066842685463
Legacy4,4,90,1.084066842685463
Legacy4,4,91,1.084066842685463
Legacy4,4,92,1.084066842685463
Legacy4,4,93,1.084066842685463
Legacy4,4,94,1.084066842685463
Legacy4,4,95,1.084066842685463
Legacy4,4,96,1.084066842685463
Legacy4,4,97,1.084066842685463
Legacy4,4,98,1.084066842685463
Legacy4,4,99,1.084066842685463
Legacy4,4,100,1.084066842685463
Legacy4,4,101,1.084066842685463
Legacy4,4,102,1.084066842685463
Legacy4,4,103,1.084066842685463
Legacy4,4,104,1.084066842685463
Legacy4,4,105,1.084066842685463
Legacy4,4,106,1.084066842685463
Legacy4,4,107,1.084066842685463
Legacy4,4,108,1.084066842685463
Legacy4,4,109,1.084066842685463
Legacy4,4,110,1.084066842685463
Legacy4,4,111,1.084066842685463
Legacy4,4,112,1.084066842685463
Legacy4,4,113,1.084066842685463
Legacy4,4,114,1.084066842685463
Legacy4,4,115,1.084066842685463
Legacy4,4,116,1.084066842685463
Legacy4,4,117,1.084066842685463
Legacy4,4,118,1.084066842685463
Legacy4,4,119,1.2141058834013763
Legacy4,4,120,1.2141058834013763
Legacy4,5,0,1
Legacy4,5,1,1
Legacy4,5,2,1
Legacy4,5,3,1
Legacy4,5,4,1
Legacy4,5,5,1
Legacy4,5,6,1
Legacy4,5,7,1
Legacy4,5,8,1
Legacy4,5,9,1
Legacy4,5,10,1
Legacy4,5,11,1
Legacy4,5,12,1
Legacy4,5,13,1
Legacy4,5,14,1
Legacy4,5,15,1
Legacy4,5,16,1
Legacy4,5,17,1
Legacy4,5,18,1
Legacy4,5,19,1
Legacy4,5,20,1
Legacy4,5,21,1
Legacy4,5,22,1
Legacy4,5,23,1
Legacy4,5,24,1
Legacy4,5,25,1.035976889248173
Legacy4,5,26,1.035976889248173
Legacy4,5,27,1.035976889248173
Legacy4,5,28,1.035976889248173
Legacy4,5,29,1.035976889248173
Legacy4,5,30,1.035976889248173
Legacy4,5,31,1.035976889248173
Legacy4,5,32,1.035976889248173
Legacy4,5,33,1.035976889248173
Legacy4,5,34,1.035976889248173
Legacy4,5,35,1.035976889248173
Legacy4,5,36,1.035976889248173
Legacy4,5,37,1.035976889248173
Legacy4,5,38,1.035976889248173
Legacy4,5,39,1.035976889248173
Legacy4,5,40,1.035976889248173
Legacy4,5,41,1.035976889248173
Legacy4,5,42,1.035976889248173
Legacy4,5,43,1.035976889248173
Legacy4,5,44,1.035976889248173
Legacy4,5,45,1.035976889248173
Legacy4,5,46,1.035976889248173
Legacy4,5,47,1.035976889248173
Legacy4,5,48,1.035976889248173
Legacy4,5,49,1.035976889248173
Legacy4,5,50,1.035976889248173
Legacy4,5,51,1.035976889248173
Legacy4,5,52,1.035976889248173
Legacy4,5,53,1.035976889248173
Legacy4,5,54,1.035976889248173
Legacy4,5,55,1.035976889248173
Legacy4,5,56,1.035976889248173
Legacy4,5,57,1.035976889248173
Legacy4,5,58,1.035976889248173
Legacy4,5,59,1.035976889248173
Legacy4,5,60,1.035976889248173
Legacy4,5,61,1.035976889248173
Legacy4,5,62,1.035976889248173
Legacy4,5,63,1.035976889248173
Legacy4,5,64,1.035976889248173
Legacy4,5,65,1.4088721580798949
Legacy4,5,66,1.4088721580798949
Legacy4,5,67,1.4088721580798949
Legacy4,5,68,1.4088721580798949
Legacy4,5,69,1.4088721580798949
Legacy4,5,70,1.4088721580798949
Legacy4,5,71,1.4088721580798949
Legacy4,5,72,1.4088721580798949
Legacy4,5,73,1.7854339414362757
Legacy4,5,74,1.7854339414362757
Legacy4,5,75,1.7854339414362757
Legacy4,5,76,1.7854339414362757
Legacy4,5,77,1.7854339414362757
Legacy4,5,78,1.7854339414362757
Legacy4,5,79,1.7854339414362757
Legacy4,5,80,1.894289385140799
Legacy4,5,81,1.894289385140799
Legacy4,5,82,1.425718213597394
Legacy4,5,83,1.425718213597394
Legacy4,5,84,1.425718213597394
Legacy4,5,85,1.425718213597394
Legacy4,5,86,1.425718213597394
Legacy4,5,87,1.425718213597394
Legacy4,5,88,1.425718213597394
Legacy4,5,89,1.0984441220226677
Legacy4,5,90,1.0984441220226677
Legacy4,5,91,1.0984441220226677
Legacy4,5,92,1.0984441220226677
Legacy4,5,93,1.0984441220226677
Legacy4,5,94,1.0984441220226677
Legacy4,5,95,1.0984441220226677
Legacy4,5,96,1.0984441220226677
Legacy4,5,97,1.0984441220226677
Legacy4,5,98,1.0984441220226677
Legacy4,5,99,1.0984441220226677
Legacy4,5,100,1.0984441220226677
Legacy4,5,101,1.0537767986790618
Legacy4,5,102,1.0537767986790618
Legacy4,5,103,1.0537767986790618
Legacy4,5,104,1.0537767986790618
Legacy4,5,105,1.0537767986790618
Legacy4,5,106,1.0537767986790618
Legacy4,5,107,1.0537767986790618
Legacy4,5,108,1.0537767986790618
Legacy4,5,109,1.1297394363145918
Legacy4,5,110,1.0609091032640143
Legacy4,5,111,1.0609091032640143
Legacy4,5,112,1.0609091032640143
Legacy4,5,113,1.0609091032640143
Legacy4,5,114,1.0609091032640143
Legacy4,5,115,1.0609091032640143
Legacy4,5,116,1.0609091032640143
Legacy4,5,117,1.0609091032640143
Legacy4,5,118,1.0609091032640143
Legacy4,5,119,1.0609091032640143
Legacy4,5,120,1.0609091032640143
Legacy4,5,121,1.0609091032640143
Legacy4,5,122,1.0609091032640143
Legacy4,5,123,1.0609091032640143
Legacy4,5,124,1.0609091032640143
Legacy4,5,125,1.0609091032640143
Legacy4,5,126,1.0609091032640143
Legacy4,5,127,1.0609091032640143
Legacy4,5,128,1.0609091032640143
Legacy4,5,129,1.0609091032640143
Legacy4,5,130,1.0609091032640143
Legacy4,5,131,1.0609091032640143
Legacy4,5,132,1.007840968732779
Legacy4,6,0,1
Legacy4,6,1,1
Legacy4,6,2,1
Legacy4,6,3,1
Legacy4,6,4,1
Legacy4,6,5,1
Legacy4,6,6,1
Legacy4,6,7,1
Legacy4,6,8,1
Legacy4,6,9,1
Legacy4,6,10,1
Legacy4,6,11,1
Legacy4,6,12,1
Legacy4,6,13,1
Legacy4,6,14,1
Legacy4,6,15,1
Legacy4,6,16,1
Legacy4,6,17,1
Legacy4,6,18,1
Legacy4,6,19,1
Legacy4,6,20,1
Legacy4,6,21,1
Legacy4,6,22,1
Legacy4,6,23,1
Legacy4,6,24,1
Legacy4,6,25,1.3113415941319246
Legacy4,6,26,1.3113415941319246
Legacy4,6,27,1.3189093936544638
Legacy4,6,28,1.3189093936544638
Legacy4,6,29,1.3189093936544638
Legacy4,6,30,1.3189093936544638
Legacy4,6,31,1.3189093936544638
Legacy4,6,32,1.3189093936544638
Legacy4,6,33,1.3189093936544638
Legacy4,6,34,1.3189093936544638
Legacy4,6,35,1.252285362473944
Legacy4,6,36,1.252285362473944
Legacy4,6,37,1.252285362473944
Legacy4,6,38,1.252285362473944
Legacy4,6,39,1.252285362473944
Legacy4,6,40,1.252285362473944
Legacy4,6,41,1.252285362473944
Legacy4,6,42,1.252285362473944
Legacy4,6,43,1.252285362473944
Legacy4,6,44,1.252285362473944
Legacy4,6,45,1.252285362473944
Legacy4,6,46,1.252285362473944
Legacy4,6,47,1.4263542895076307
Legacy4,6,48,1.4263542895076307
Legacy4,6,49,1.4263542895076307
Legacy4,6,50,1.4263542895076307
Legacy4,6,51,1.5164922317729437
Legacy4,6,52,1.4729773054006627
Legacy4,6,53,1.4729773054006627
Legacy4,6,54,1.4729773054006627
Legacy4,6,55,1.2911708055822713
Legacy4,6,56,1.2911708055822713
Legacy4,6,57,1.2911708055822713
Legacy4,6,58,1.2911708055822713
Legacy4,6,59,1.2911708055822713
Legacy4,6,60,1.2911708055822713
Legacy4,6,61,1.2911708055822713
Legacy4,6,62,1.2911708055822713
Legacy4,6,63,1.2911708055822713
Legacy4,6,64,1.2911708055822713
Legacy4,6,65,1.2911708055822713
Legacy4,6,66,1.2911708055822713
Legacy4,6,67,1.2911708055822713
Legacy4,6,68,1.2911708055822713
Legacy4,6,69,1.2911708055822713
Legacy4,6,70,1.2911708055822713
Legacy4,6,71,1.2911708055822713
Legacy4,6,72,1.2911708055822713
Legacy4,6,73,1.2911708055822713
Legacy4,6,74,1.2911708055822713
Legacy4,6,75,1.2911708055822713
Legacy4,6,76,1.2911708055822713
Legacy4,6,77,1.2911708055822713
Legacy4,6,78,1.2911708055822713
Legacy4,6,79,1.2911708055822713
Legacy4,6,80,1.2911708055822713
Legacy4,6,81,1.2911708055822713
Legacy4,6,82,1.2911708055822713
Legacy4,6,83,1.2911708055822713
Legacy4,6,84,1.2911708055822713
Legacy4,6,85,1.2911708055822713
Legacy4,6,86,1.2911708055822713
Legacy4,6,87,1.2911708055822713
Legacy4,6,88,1.2911708055822713
Legacy4,6,89,1.2911708055822713
Legacy4,6,90,1.2911708055822713
Legacy4,6,91,1.2911708055822713
Legacy4,6,92,1.2911708055822713
Legacy4,6,93,1.2911708055822713
Legacy4,6,94,1.2911708055822713
Legacy4,6,95,1.4182427038003307
Legacy4,6,96,1.4182427038003307
Legacy4,6,97,1.4182427038003307
Legacy4,6,98,1.4182427038003307
Legacy4,6,99,1.4182427038003307
Legacy4,6,100,1.4182427038003307
Legacy4,6,101,1.4182427038003307
Legacy4,6,102,1.4182427038003307
Legacy4,6,103,1.4182427038003307
Legacy4,6,104,1.4182427038003307
Legacy4,6,105,1.320808993869749
Legacy4,6,106,1.320808993869749
Legacy4,6,107,1.320808993869749
Legacy4,6,108,1.320808993869749
Legacy4,6,109,1.320808993869749
Legacy4,6,110,1.320808993869749
Legacy4,6,111,1.320808993869749
Legacy4,6,112,1.320808993869749
Legacy4,6,113,1.320808993869749
Legacy4,6,114,1.320808993869749
Legacy4,6,115,1.320808993869749
Legacy4,6,116,1.320808993869749
Legacy4,6,117,1.320808993869749
Legacy4,6,118,1.5907121987555706
Legacy4,6,119,1.3898695404864512
Legacy4,7,0,1
Legacy4,7,1,1
Legacy4,7,2,1
Legacy4,7,3,1
Legacy4,7,4,1
Legacy4,7,5,1
Legacy4,7,6,1
Legacy4,7,7,1
Legacy4,7,8,1
Legacy4,7,9,1
Legacy4,7,10,1
Legacy4,7,11,1
Legacy4,7,12,1
Legacy4,7,13,1
Legacy4,7,14,1
Legacy4,7,15,1
Legacy4,7,16,1
Legacy4,7,17,1
Legacy4,7,18,1
Legacy4,7,19,1
Legacy4,7,20,1
Legacy4,7,21,1
Legacy4,7,22,1
Legacy4,7,23,1
Legacy4,7,24,1
Legacy4,7,25,1
Legacy4,7,26,1
Legacy4,7,27,1
Legacy4,7,28,0.9575047154338199
Legacy4,7,29,0.9575047154338199
Legacy4,7,30,0.9575047154338199
Legacy4,7,31,0.9575047154338199
Legacy4,7,32,0.9575047154338199
Legacy4,7,33,0.9575047154338199
Legacy4,7,34,0.9575047154338199
Legacy4,7,35,0.9575047154338199
Legacy4,7,36,0.9575047154338199
Legacy4,7,37,0.9575047154338199
Legacy4,7,38,0.9575047154338199
Legacy4,7,39,1.1576051997855457
Legacy4,7,40,1.3057771329727255
Legacy4,7,41,1.3057771329727255
Legacy4,7,42,1.3057771329727255
Legacy4,7,43,1.3018143566506175
Legacy4,7,44,1.3018143566506175
Legacy4,7,45,1.4158961177136253
Legacy4,7,46,1.4158961177136253
Legacy4,7,47,1.6596975901237725
Legacy4,7,48,1.6596975901237725
Legacy4,7,49,1.6596975901237725
Legacy4,7,50,1.6596975901237725
Legacy4,7,51,1.5646309876747295
Legacy4,7,52,1.5646309876747295
Legacy4,7,53,1.5646309876747295
Legacy4,7,54,1.5646309876747295
Legacy4,7,55,1.5646309876747295
Legacy4,7,56,1.5646309876747295
Legacy4,7,57,1.5646309876747295
Legacy4,7,58,1.5646309876747295
Legacy4,7,59,1.5646309876747295
Legacy4,7,60,1.5646309876747295
Legacy4,7,61,1.5646309876747295
Legacy4,7,62,1.5646309876747295
Legacy4,7,63,1.5646309876747295
Legacy4,7,64,1.5646309876747295
Legacy4,7,65,1.5646309876747295
Legacy4,7,66,1.5646309876747295
Legacy4,7,67,1.5646309876747295
Legacy4,7,68,1.5646309876747295
Legacy4,7,69,1.5646309876747295
Legacy4,7,70,1.5646309876747295
Legacy4,7,71,1.5646309876747295
Legacy4,7,72,1.5646309876747295
Legacy4,7,73,1.5646309876747295
Legacy4,7,74,1.5646309876747295
Legacy4,7,75,1.8399805405501608
Legacy4,7,76,1.8399805405501608
Legacy4,7,77,1.8399805405501608
Legacy4,7,78,1.8399805405501608
Legacy4,7,79,1.8399805405501608
Legacy4,7,80,2.3039185188580955
Legacy4,7,81,2.133729684600792
Legacy4,7,82,2.133729684600792
Legacy4,7,83,2.133729684600792
Legacy4,7,84,2.133729684600792
Legacy4,7,85,2.133729684600792
Legacy4,7,86,2.133729684600792
Legacy4,7,87,2.133729684600792
Legacy4,7,88,2.133729684600792
Legacy4,7,89,2.133729684600792
Legacy4,7,90,2.133729684600792
Legacy4,7,91,2.133729684600792
Legacy4,7,92,2.133729684600792
Legacy4,7,93,2.133729684600792
Legacy4,7,94,2.133729684600792
Legacy4,7,95,2.133729684600792
Legacy4,7,96,2.133729684600792
Legacy4,7,97,1.930885264520534
Legacy4,7,98,1.930885264520534
Legacy4,7,99,1.930885264520534
Legacy4,7,100,1.930885264520534
Legacy4,7,101,1.930885264520534
Legacy4,7,102,1.930885264520534
Legacy4,7,103,1.930885264520534
Legacy4,7,104,2.2118476396023206
Legacy4,8,0,1
Legacy4,8,1,1
Legacy4,8,2,1
Legacy4,8,3,1
Legacy4,8,4,1
Legacy4,8,5,1
Legacy4,8,6,1
Legacy4,8,7,1
Legacy4,8,8,1
Legacy4,8,9,1
Legacy4,8,10,1
Legacy4,8,11,1
Legacy4,8,12,1.031042720580606
Legacy4,8,13,1.031042720580606
Legacy4,8,14,1.031042720580606
Legacy4,8,15,1.031042720580606
Legacy4,8,16,1.031042720580606
Legacy4,8,17,1.031042720580606
Legacy4,8,18,1.031042720580606
Legacy4,8,19,1.031042720580606
Legacy4,8,20,1.031042720580606
Legacy4,8,21,1.031042720580606
Legacy4,8,22,1.031042720580606
Legacy4,8,23,1.031042720580606
Legacy4,8,24,1.031042720580606
Legacy4,8,25,1.031042720580606
Legacy4,8,26,1.031042720580606
Legacy4,8,27,1.031042720580606
Legacy4,8,28,1.031042720580606
Legacy4,8,29,1.031042720580606
Legacy4,8,30,1.031042720580606
Legacy4,8,31,1.031042720580606
Legacy4,8,32,1.031042720580606
Legacy4,8,33,1.031042720580606
Legacy4,8,34,1.031042720580606
Legacy4,8,35,1.031042720580606
Legacy4,8,36,1.031042720580606
Legacy4,8,37,1.031042720580606
Legacy4,8,38,1.031042720580606
Legacy4,8,39,1.031042720580606
Legacy4,8,40,1.031042720580606
Legacy4,8,41,1.031042720580606
Legacy4,8,42,1.031042720580606
Legacy4,8,43,1.031042720580606
Legacy4,8,44,1.031042720580606
Legacy4,8,45,1.031042720580606
Legacy4,8,46,1.031042720580606
Legacy4,8,47,1.031042720580606
Legacy4,8,48,1.031042720580606
Legacy4,8,49,1.031042720580606
Legacy4,8,50,1.031042720580606
Legacy4,8,51,1.031042720580606
Legacy4,8,52,0.9194724886513312
Legacy4,8,53,0.8171106190674886
Legacy4,8,54,0.8171106190674886
Legacy4,8,55,0.8171106190674886
Legacy4,8,56,0.8171106190674886
Legacy4,8,57,0.8171106190674886
Legacy4,8,58,0.8171106190674886
Legacy4,8,59,0.8171106190674886
Legacy4,8,60,0.8171106190674886
Legacy4,8,61,0.8171106190674886
Legacy4,8,62,0.8171106190674886
Legacy4,8,63,0.8171106190674886
Legacy4,8,64,0.8171106190674886
Legacy4,8,65,0.8171106190674886
Legacy4,8,66,0.8171106190674886
Legacy4,8,67,0.8171106190674886
Legacy4,8,68,0.8171106190674886
Legacy4,8,69,0.8171106190674886
Legacy4,8,70,0.8171106190674886
Legacy4,8,71,0.8171106190674886
Legacy4,8,72,0.8171106190674886
Legacy4,8,73,0.715420523259332
Legacy4,8,74,1.3497695641888328
Legacy4,8,75,1.2948885884438295
Legacy4,8,76,1.2948885884438295
Legacy4,8,77,1.2948885884438295
Legacy4,8,78,1.2948885884438295
Legacy4,8,79,1.2948885884438295
Legacy4,8,80,1.2948885884438295
Legacy4,8,81,1.2948885884438295
Legacy4,8,82,1.2948885884438295
Legacy4,8,83,1.2948885884438295
Legacy4,8,84,1.2948885884438295
Legacy4,8,85,1.2948885884438295
Legacy4,8,86,1.330194167080675
Legacy4,8,87,1.5250249624051364
Legacy4,8,88,1.6808243831871243
Legacy4,8,89,1.9671534709809242
Legacy4,8,90,1.9671534709809242
Legacy4,8,91,1.9671534709809242
Legacy4,8,92,1.9154375162790014
Legacy4,8,93,1.9154375162790014
Legacy4,8,94,1.9154375162790014
Legacy4,8,95,1.9154375162790014
Legacy4,8,96,1.9154375162790014
Legacy4,8,97,1.9154375162790014
Legacy4,8,98,1.9154375162790014
Legacy4,8,99,1.9154375162790014
Legacy4,8,100,1.9154375162790014
Legacy4,8,101,1.9154375162790014
Legacy4,8,102,1.9154375162790014
Legacy4,8,103,1.9154375162790014
Legacy4,8,104,1.9154375162790014
Legacy4,8,105,1.9154375162790014
Legacy4,8,106,1.9154375162790014
Legacy4,8,107,1.9154375162790014
Legacy5BNB,0,0,1
Legacy5BNB,0,1,1
Legacy5BNB,0,2,1
Legacy5BNB,0,3,1
Legacy5BNB,0,4,1
Legacy5BNB,0,5,1
Legacy5BNB,0,6,1
Legacy5BNB,0,7,1
Legacy5BNB,0,8,1
Legacy5BNB,0,9,1
Legacy5BNB,0,10,1
Legacy5BNB,0,11,1
Legacy5BNB,0,12,1
Legacy5BNB,0,13,1
Legacy5BNB,0,14,1
Legacy5BNB,0,15,1
Legacy5BNB,0,16,0.9157512655411816
Legacy5BNB,0,17,0.9157512655411816
Legacy5BNB,0,18,0.9157512655411816
Legacy5BNB,0,19,0.9157512655411816
Legacy5BNB,0,20,0.9157512655411816
Legacy5BNB,0,21,0.9157512655411816
Legacy5BNB,0,22,0.9157512655411816
Legacy5BNB,0,23,0.9157512655411816
Legacy5BNB,0,24,0.9157512655411816
Legacy5BNB,0,25,0.9157512655411816
Legacy5BNB,0,26,0.9157512655411816
Legacy5BNB,0,27,0.9157512655411816
Legacy5BNB,0,28,0.9157512655411816
Legacy5BNB,0,29,0.9157512655411816
Legacy5BNB,0,30,0.9157512655411816
Legacy5BNB,0,31,0.9157512655411816
Legacy5BNB,0,32,0.9157512655411816
Legacy5BNB,0,33,0.9157512655411816
Legacy5BNB,0,34,0.9157512655411816
Legacy5BNB,0,35,0.9157512655411816
Legacy5BNB,0,36,0.9157512655411816
Legacy5BNB,0,37,0.9157512655411816
Legacy5BNB,0,38,0.9157512655411816
Legacy5BNB,0,39,1.1866006132131088
Legacy5BNB,0,40,1.0345412894620398
Legacy5BNB,0,41,1.0345412894620398
Legacy5BNB,0,42,1.0345412894620398
Legacy5BNB,0,43,1.0345412894620398
Legacy5BNB,0,44,1.0345412894620398
Legacy5BNB,0,45,1.0345412894620398
Legacy5BNB,0,46,1.0345412894620398
Legacy5BNB,0,47,1.0345412894620398
Legacy5BNB,0,48,1.0345412894620398
Legacy5BNB,0,49,1.0345412894620398
Legacy5BNB,0,50,1.0345412894620398
Legacy5BNB,0,51,1.0345412894620398
Legacy5BNB,0,52,1.0345412894620398
Legacy5BNB,0,53,1.0345412894620398
Legacy5BNB,0,54,1.0345412894620398
Legacy5BNB,0,55,1.0345412894620398
Legacy5BNB,0,56,1.0345412894620398
Legacy5BNB,0,57,1.0345412894620398
Legacy5BNB,0,58,1.0345412894620398
Legacy5BNB,0,59,1.0345412894620398
Legacy5BNB,0,60,1.0345412894620398
Legacy5BNB,0,61,1.0345412894620398
Legacy5BNB,0,62,1.0345412894620398
Legacy5BNB,0,63,1.0345412894620398
Legacy5BNB,0,64,1.0345412894620398
Legacy5BNB,0,65,1.0345412894620398
Legacy5BNB,0,66,1.0345412894620398
Legacy5BNB,0,67,1.0345412894620398
Legacy5BNB,0,68,1.155274986301589
Legacy5BNB,0,69,1.155274986301589
Legacy5BNB,0,70,1.155274986301589
Legacy5BNB,0,71,1.155274986301589
Legacy5BNB,0,72,1.155274986301589
Legacy5BNB,0,73,1.155274986301589
Legacy5BNB,0,74,1.155274986301589
Legacy5BNB,0,75,1.155274986301589
Legacy5BNB,0,76,1.155274986301589
Legacy5BNB,0,77,1.155274986301589
Legacy5BNB,0,78,1.155274986301589
Legacy5BNB,0,79,1.155274986301589
Legacy5BNB,0,80,1.155274986301589
Legacy5BNB,0,81,1.155274986301589
Legacy5BNB,0,82,1.155274986301589
Legacy5BNB,0,83,1.155274986301589
Legacy5BNB,0,84,1.155274986301589
Legacy5BNB,0,85,1.155274986301589
Legacy5BNB,0,86,1.155274986301589
Legacy5BNB,0,87,1.155274986301589
Legacy5BNB,0,88,1.155274986301589
Legacy5BNB,0,89,1.155274986301589
Legacy5BNB,0,90,1.155274986301589
Legacy5BNB,0,91,1.155274986301589
Legacy5BNB,0,92,1.190014730528227
Legacy5BNB,0,93,1.2286309729723648
Legacy5BNB,0,94,1.2286309729723648
Legacy5BNB,0,95,1.2286309729723648
Legacy5BNB,0,96,1.2256159815540033
Legacy5BNB,0,97,1.2256159815540033
Legacy5BNB,0,98,1.6668407364777111
Legacy5BNB,0,99,1.6668407364777111
Legacy5BNB,0,100,1.8984052952896187
Legacy5BNB,0,101,1.8984052952896187
Legacy5BNB,0,102,1.8984052952896187
Legacy5BNB,0,103,1.8984052952896187
Legacy5BNB,0,104,1.8984052952896187
Legacy5BNB,0,105,1.8984052952896187
Legacy5BNB,0,106,1.8984052952896187
Legacy5BNB,0,107,1.8984052952896187
Legacy5BNB,0,108,1.8984052952896187
Legacy5BNB,0,109,1.8984052952896187
Legacy5BNB,0,110,1.8984052952896187
Legacy5BNB,0,111,1.8984052952896187
Legacy5BNB,0,112,1.8984052952896187
Legacy5BNB,0,113,1.9412587273444315
Legacy5BNB,0,114,1.9412587273444315
Legacy5BNB,0,115,1.9412587273444315
Legacy5BNB,0,116,1.9412587273444315
Legacy5BNB,0,117,1.9412587273444315
Legacy5BNB,0,118,1.9412587273444315
Legacy5BNB,0,119,1.9412587273444315
Legacy5BNB,0,120,1.9412587273444315
Legacy5BNB,1,0,1
Legacy5BNB,1,1,1
Legacy5BNB,1,2,1
Legacy5BNB,1,3,1
Legacy5BNB,1,4,1
Legacy5BNB,1,5,1
Legacy5BNB,1,6,1
Legacy5BNB,1,7,1
Legacy5BNB,1,8,1
Legacy5BNB,1,9,1
Legacy5BNB,1,10,1
Legacy5BNB,1,11,1
Legacy5BNB,1,12,1
Legacy5BNB,1,13,1
Legacy5BNB,1,14,1
Legacy5BNB,1,15,1
Legacy5BNB,1,16,1
Legacy5BNB,1,17,1
Legacy5BNB,1,18,1
Legacy5BNB,1,19,1
Legacy5BNB,1,20,1
Legacy5BNB,1,21,1
Legacy5BNB,1,22,1
Legacy5BNB,1,23,1
Legacy5BNB,1,24,1
Legacy5BNB,1,25,1
Legacy5BNB,1,26,1
Legacy5BNB,1,27,1
Legacy5BNB,1,28,1
Legacy5BNB,1,29,1
Legacy5BNB,1,30,1
Legacy5BNB,1,31,1
Legacy5BNB,1,32,1
Legacy5BNB,1,33,0.8967835971618009
Legacy5BNB,1,34,0.8967835971618009
Legacy5BNB,1,35,0.8967835971618009
Legacy5BNB,1,36,0.8967835971618009
Legacy5BNB,1,37,0.8967835971618009
Legacy5BNB,1,38,0.8967835971618009
Legacy5BNB,1,39,0.8967835971618009
Legacy5BNB,1,40,0.8967835971618009
Legacy5BNB,1,41,0.8967835971618009
Legacy5BNB,1,42,0.8967835971618009
Legacy5BNB,1,43,0.8967835971618009
Legacy5BNB,1,44,0.8967835971618009
Legacy5BNB,1,45,0.8967835971618009
Legacy5BNB,1,46,0.8967835971618009
Legacy5BNB,1,47,0.8967835971618009
Legacy5BNB,1,48,0.8967835971618009
Legacy5BNB,1,49,0.8967835971618009
Legacy5BNB,1,50,0.8967835971618009
Legacy5BNB,1,51,0.8967835971618009
Legacy5BNB,1,52,0.8967835971618009
Legacy5BNB,1,53,0.8967835971618009
Legacy5BNB,1,54,0.8967835971618009
Legacy5BNB,1,55,0.8967835971618009
Legacy5BNB,1,56,0.8967835971618009
Legacy5BNB,1,57,0.8967835971618009
Legacy5BNB,1,58,0.8967835971618009
Legacy5BNB,1,59,0.8967835971618009
Legacy5BNB,1,60,0.8967835971618009
Legacy5BNB,1,61,0.8967835971618009
Legacy5BNB,1,62,0.8967835971618009
Legacy5BNB,1,63,0.8967835971618009
Legacy5BNB,1,64,0.8967835971618009
Legacy5BNB,1,65,0.8967835971618009
Legacy5BNB,1,66,0.8967835971618009
Legacy5BNB,1,67,0.8967835971618009
Legacy5BNB,1,68,0.8967835971618009
Legacy5BNB,1,69,0.8967835971618009
Legacy5BNB,1,70,0.8967835971618009
Legacy5BNB,1,71,0.8967835971618009
Legacy5BNB,1,72,0.8967835971618009
Legacy5BNB,1,73,0.8967835971618009
Legacy5BNB,1,74,0.8967835971618009
Legacy5BNB,1,75,0.8967835971618009
Legacy5BNB,1,76,0.8967835971618009
Legacy5BNB,1,77,0.8967835971618009
Legacy5BNB,1,78,0.8967835971618009
Legacy5BNB,1,79,0.8967835971618009
Legacy5BNB,1,80,0.9313317783895173
Legacy5BNB,1,81,1.1266719096426863
Legacy5BNB,1,82,0.883710852334643
Legacy5BNB,1,83,0.883710852334643
Legacy5BNB,1,84,0.883710852334643
Legacy5BNB,1,85,0.883710852334643
Legacy5BNB,1,86,0.883710852334643
Legacy5BNB,1,87,0.883710852334643
Legacy5BNB,1,88,0.883710852334643
Legacy5BNB,1,89,0.883710852334643
Legacy5BNB,1,90,0.883710852334643
Legacy5BNB,1,91,0.883710852334643
Legacy5BNB,1,92,0.883710852334643
Legacy5BNB,1,93,0.883710852334643
Legacy5BNB,1,94,0.7306982763063838
Legacy5BNB,1,95,0.7306982763063838
Legacy5BNB,1,96,0.7306982763063838
Legacy5BNB,1,97,0.7306982763063838
Legacy5BNB,1,98,0.7306982763063838
Legacy5BNB,1,99,0.7306982763063838
Legacy5BNB,1,100,0.7306982763063838
Legacy5BNB,1,101,0.7306982763063838
Legacy5BNB,1,102,0.7306982763063838
Legacy5BNB,1,103,0.7306982763063838
Legacy5BNB,1,104,0.7306982763063838
Legacy5BNB,1,105,0.7306982763063838
Legacy5BNB,1,106,0.7306982763063838
Legacy5BNB,1,107,0.7306982763063838
Legacy5BNB,1,108,0.7306982763063838
Legacy5BNB,1,109,0.8087893619326001
Legacy5BNB,1,110,0.8087893619326001
Legacy5BNB,1,111,0.8276062491984675
Legacy5BNB,1,112,0.8276062491984675
Legacy5BNB,1,113,0.8276062491984675
Legacy5BNB,1,114,0.8276062491984675
Legacy5BNB,1,115,0.8276062491984675
Legacy5BNB,1,116,0.8680353323079412
Legacy5BNB,1,117,0.8182578084402168
Legacy5BNB,1,118,0.8182578084402168
Legacy5BNB,1,119,0.8182578084402168
Legacy5BNB,1,120,0.8182578084402168
Legacy5BNB,1,121,0.8182578084402168
Legacy5BNB,1,122,0.8182578084402168
Legacy5BNB,1,123,0.8182578084402168
Legacy5BNB,1,124,0.8182578084402168
Legacy5BNB,1,125,0.8182578084402168
Legacy5BNB,1,126,0.8182578084402168
Legacy5BNB,1,127,0.8182578084402168
Legacy5BNB,1,128,0.8182578084402168
Legacy5BNB,1,129,0.8182578084402168
Legacy5BNB,1,130,0.8182578084402168
Legacy5BNB,1,131,0.8182578084402168
Legacy5BNB,1,132,0.8182578084402168
Legacy5BNB,1,133,0.8182578084402168
Legacy5BNB,2,0,1
Legacy5BNB,2,1,1
Legacy5BNB,2,2,1
Legacy5BNB,2,3,1
Legacy5BNB,2,4,0.8997153557343132
Legacy5BNB,2,5,0.8997153557343132
Legacy5BNB,2,6,0.8997153557343132
Legacy5BNB,2,7,0.8750735921894327
Legacy5BNB,2,8,0.8750735921894327
Legacy5BNB,2,9,0.8750735921894327
Legacy5BNB,2,10,0.8750735921894327
Legacy5BNB,2,11,0.8750735921894327
Legacy5BNB,2,12,0.8750735921894327
Legacy5BNB,2,13,0.8750735921894327
Legacy5BNB,2,14,0.8750735921894327
Legacy5BNB,2,15,1.0671379568928956
Legacy5BNB,2,16,1.0143523432980206
Legacy5BNB,2,17,1.0143523432980206
Legacy5BNB,2,18,1.0143523432980206
Legacy5BNB,2,19,1.0143523432980206
Legacy5BNB,2,20,1.0143523432980206
Legacy5BNB,2,21,1.0143523432980206
Legacy5BNB,2,22,1.0143523432980206
Legacy5BNB,2,23,1.0143523432980206
Legacy5BNB,2,24,1.1390674962327585
Legacy5BNB,2,25,1.1390674962327585
Legacy5BNB,2,26,1.1390674962327585
Legacy5BNB,2,27,1.1390674962327585
Legacy5BNB,2,28,1.1390674962327585
Legacy5BNB,2,29,1.1390674962327585
Legacy5BNB,2,30,1.1390674962327585
Legacy5BNB,2,31,1.1390674962327585
Legacy5BNB,2,32,1.1390674962327585
Legacy5BNB,2,33,1.1390674962327585
Legacy5BNB,2,34,1.1390674962327585
Legacy5BNB,2,35,1.1390674962327585
Legacy5BNB,2,36,1.1390674962327585
Legacy5BNB,2,37,1.1390674962327585
Legacy5BNB,2,38,1.1390674962327585
Legacy5BNB,2,39,1.1390674962327585
Legacy5BNB,2,40,1.1390674962327585
Legacy5BNB,2,41,1.1390674962327585
Legacy5BNB,2,42,1.1390674962327585
Legacy5BNB,2,43,1.1390674962327585
Legacy5BNB,2,44,1.1390674962327585
Legacy5BNB,2,45,1.1390674962327585
Legacy5BNB,2,46,1.1390674962327585
Legacy5BNB,2,47,1.1390674962327585
Legacy5BNB,2,48,1.1390674962327585
Legacy5BNB,2,49,1.1390674962327585
Legacy5BNB,2,50,1.1390674962327585
Legacy5BNB,2,51,1.1390674962327585
Legacy5BNB,2,52,1.130531112189707
Legacy5BNB,2,53,1.326683921216976
Legacy5BNB,2,54,1.3941800021623056
Legacy5BNB,2,55,1.3941800021623056
Legacy5BNB,2,56,1.3941800021623056
Legacy5BNB,2,57,1.3941800021623056
Legacy5BNB,2,58,1.6332193495379703
Legacy5BNB,2,59,3.1148560803526113
Legacy5BNB,2,60,3.1148560803526113
Legacy5BNB,2,61,3.1148560803526113
Legacy5BNB,2,62,3.1148560803526113
Legacy5BNB,2,63,3.1148560803526113
Legacy5BNB,2,64,3.1148560803526113
Legacy5BNB,2,65,3.1148560803526113
Legacy5BNB,2,66,3.1148560803526113
Legacy5BNB,2,67,3.1148560803526113
Legacy5BNB,2,68,3.1148560803526113
Legacy5BNB,2,69,3.1148560803526113
Legacy5BNB,2,70,3.1148560803526113
Legacy5BNB,2,71,3.1148560803526113
Legacy5BNB,2,72,3.1148560803526113
Legacy5BNB,2,73,3.1148560803526113
Legacy5BNB,2,74,3.1148560803526113
Legacy5BNB,2,75,3.1148560803526113
Legacy5BNB,2,76,3.1148560803526113
Legacy5BNB,2,77,3.1148560803526113
Legacy5BNB,2,78,3.1148560803526113
Legacy5BNB,2,79,3.1148560803526113
Legacy5BNB,2,80,3.1148560803526113
Legacy5BNB,2,81,3.1148560803526113
Legacy5BNB,2,82,3.1148560803526113
Legacy5BNB,2,83,3.513269192589133
Legacy5BNB,2,84,3.513269192589133
Legacy5BNB,2,85,3.941373021984152
Legacy5BNB,2,86,3.941373021984152
Legacy5BNB,2,87,4.805197057972022
Legacy5BNB,3,0,1
Legacy5BNB,3,1,0.995159070551237
Legacy5BNB,3,2,0.995159070551237
Legacy5BNB,3,3,0.995159070551237
Legacy5BNB,3,4,0.995159070551237
Legacy5BNB,3,5,0.995159070551237
Legacy5BNB,3,6,0.995159070551237
Legacy5BNB,3,7,0.995159070551237
Legacy5BNB,3,8,0.995159070551237
Legacy5BNB,3,9,0.995159070551237
Legacy5BNB,3,10,0.995159070551237
Legacy5BNB,3,11,0.995159070551237
Legacy5BNB,3,12,0.995159070551237
Legacy5BNB,3,13,1.2747746825558233
Legacy5BNB,3,14,1.5002638936933341
Legacy5BNB,3,15,1.5002638936933341
Legacy5BNB,3,16,4.7194817451676006
Legacy5BNB,3,17,3.5984913905720726
Legacy5BNB,3,18,3.7190752297010774
Legacy5BNB,3,19,3.7190752297010774
Legacy5BNB,3,20,3.7190752297010774
Legacy5BNB,3,21,3.7190752297010774
Legacy5BNB,3,22,3.7190752297010774
Legacy5BNB,3,23,3.7190752297010774
Legacy5BNB,3,24,3.7190752297010774
Legacy5BNB,3,25,3.7190752297010774
Legacy5BNB,3,26,3.7190752297010774
Legacy5BNB,3,27,3.7190752297010774
Legacy5BNB,3,28,3.7190752297010774
Legacy5BNB,3,29,3.7190752297010774
Legacy5BNB,3,30,3.7190752297010774
Legacy5BNB,3,31,3.7190752297010774
Legacy5BNB,3,32,3.7190752297010774
Legacy5BNB,3,33,3.360255097236214
Legacy5BNB,3,34,3.360255097236214
Legacy5BNB,3,35,3.360255097236214
Legacy5BNB,3,36,3.360255097236214
Legacy5BNB,3,37,3.360255097236214
Legacy5BNB,3,38,3.360255097236214
Legacy5BNB,3,39,6.428260194116238
Legacy5BNB,3,40,6.428260194116238
Legacy5BNB,3,41,7.031297557982505
Legacy5BNB,3,42,10.65632473389589
Legacy5BNB,3,43,10.65632473389589
Legacy5BNB,3,44,10.65632473389589
Legacy5BNB,3,45,10.65632473389589
Legacy5BNB,3,46,10.65632473389589
Legacy5BNB,3,47,10.65632473389589
Legacy5BNB,3,48,10.65632473389589
Legacy5BNB,3,49,10.65632473389589
Legacy5BNB,3,50,10.65632473389589
Legacy5BNB,3,51,10.65632473389589
Legacy5BNB,3,52,10.65632473389589
Legacy5BNB,3,53,10.65632473389589
Legacy5BNB,3,54,10.65632473389589
Legacy5BNB,3,55,10.65632473389589
Legacy5BNB,3,56,10.65632473389589
Legacy5BNB,3,57,10.65632473389589
Legacy5BNB,3,58,10.65632473389589
Legacy5BNB,3,59,10.65632473389589
Legacy5BNB,3,60,10.65632473389589
Legacy5BNB,3,61,10.65632473389589
Legacy5BNB,3,62,10.65632473389589
Legacy5BNB,3,63,10.65632473389589
Legacy5BNB,3,64,10.65632473389589
Legacy5BNB,3,65,10.65632473389589
Legacy5BNB,3,66,10.65632473389589
Legacy5BNB,3,67,10.65632473389589
Legacy5BNB,3,68,10.65632473389589
Legacy5BNB,3,69,10.65632473389589
Legacy5BNB,3,70,10.65632473389589
Legacy5BNB,3,71,10.65632473389589
Legacy5BNB,3,72,10.65632473389589
Legacy5BNB,3,73,10.65632473389589
Legacy5BNB,3,74,10.65632473389589
Legacy5BNB,3,75,10.65632473389589
Legacy5BNB,3,76,10.65632473389589
Legacy5BNB,3,77,10.65632473389589
Legacy5BNB,3,78,10.65632473389589
Legacy5BNB,3,79,10.65632473389589
Legacy5BNB,3,80,10.65632473389589
Legacy5BNB,3,81,10.65632473389589
Legacy5BNB,3,82,10.65632473389589
Legacy5BNB,3,83,10.65632473389589
Legacy5BNB,3,84,10.65632473389589
Legacy5BNB,3,85,10.65632473389589
Legacy5BNB,3,86,10.65632473389589
Legacy5BNB,3,87,10.65632473389589
Legacy5BNB,3,88,10.65632473389589
Legacy5BNB,3,89,10.65632473389589
Legacy5BNB,3,90,10.65632473389589
Legacy5BNB,3,91,10.65632473389589
Legacy5BNB,3,92,10.65632473389589
Legacy5BNB,3,93,10.65632473389589
Legacy5BNB,3,94,10.65632473389589
Legacy5BNB,3,95,10.65632473389589
Legacy5BNB,3,96,10.65632473389589
Legacy5BNB,3,97,10.65632473389589
Legacy5BNB,3,98,10.65632473389589
Legacy5BNB,3,99,10.65632473389589
Legacy5BNB,3,100,10.65632473389589
Legacy5BNB,3,101,10.65632473389589
Legacy5BNB,3,102,10.65632473389589
Legacy5BNB,3,103,10.65632473389589
Legacy5BNB,3,104,10.65632473389589
Legacy5BNB,3,105,10.65632473389589
Legacy5BNB,3,106,10.65632473389589
Legacy5BNB,3,107,10.65632473389589
Legacy5BNB,3,108,10.65632473389589
Legacy5BNB,3,109,10.65632473389589
Legacy5BNB,3,110,10.65632473389589
Legacy5BNB,3,111,10.65632473389589
Legacy5BNB,3,112,10.65632473389589
Legacy5BNB,3,113,10.65632473389589
Legacy5BNB,3,114,10.65632473389589
Legacy5BNB,3,115,10.65632473389589
Legacy5BNB,3,116,10.65632473389589
Legacy5BNB,3,117,13.397874073262045
Legacy5BNB,4,0,1
Legacy5BNB,4,1,1.3100025673147502
Legacy5BNB,4,2,1.3100025673147502
Legacy5BNB,4,3,1.5352026912351098
Legacy5BNB,4,4,1.5352026912351098
Legacy5BNB,4,5,1.5352026912351098
Legacy5BNB,4,6,1.4678644822713796
Legacy5BNB,4,7,1.4678644822713796
Legacy5BNB,4,8,1.4678644822713796
Legacy5BNB,4,9,1.4678644822713796
Legacy5BNB,4,10,1.4678644822713796
Legacy5BNB,4,11,1.4678644822713796
Legacy5BNB,4,12,1.4678644822713796
Legacy5BNB,4,13,1.4678644822713796
Legacy5BNB,4,14,1.4678644822713796
Legacy5BNB,4,15,1.4678644822713796
Legacy5BNB,4,16,1.4678644822713796
Legacy5BNB,4,17,1.4678644822713796
Legacy5BNB,4,18,1.4678644822713796
Legacy5BNB,4,19,1.4678644822713796
Legacy5BNB,4,20,1.4678644822713796
Legacy5BNB,4,21,1.4678644822713796
Legacy5BNB,4,22,1.4678644822713796
Legacy5BNB,4,23,1.4678644822713796
Legacy5BNB,4,24,1.4678644822713796
Legacy5BNB,4,25,1.4678644822713796
Legacy5BNB,4,26,1.4678644822713796
Legacy5BNB,4,27,1.8310799405748819
Legacy5BNB,4,28,1.8064966582460549
Legacy5BNB,4,29,2.1282768694417245
Legacy5BNB,4,30,2.1282768694417245
Legacy5BNB,4,31,2.1282768694417245
Legacy5BNB,4,32,2.1282768694417245
Legacy5BNB,4,33,2.1282768694417245
Legacy5BNB,4,34,2.1282768694417245
Legacy5BNB,4,35,2.1282768694417245
Legacy5BNB,4,36,2.1282768694417245
Legacy5BNB,4,37,2.1282768694417245
Legacy5BNB,4,38,2.1282768694417245
Legacy5BNB,4,39,2.1282768694417245
Legacy5BNB,4,40,2.1282768694417245
Legacy5BNB,4,41,2.1282768694417245
Legacy5BNB,4,42,2.1282768694417245
Legacy5BNB,4,43,2.1282768694417245
Legacy5BNB,4,44,2.1282768694417245
Legacy5BNB,4,45,2.1282768694417245
Legacy5BNB,4,46,2.1282768694417245
Legacy5BNB,4,47,2.1282768694417245
Legacy5BNB,4,48,2.1282768694417245
Legacy5BNB,4,49,2.1282768694417245
Legacy5BNB,4,50,2.1282768694417245
Legacy5BNB,4,51,2.1282768694417245
Legacy5BNB,4,52,2.1282768694417245
Legacy5BNB,4,53,2.1282768694417245
Legacy5BNB,4,54,2.1282768694417245
Legacy5BNB,4,55,2.1282768694417245
Legacy5BNB,4,56,2.1282768694417245
Legacy5BNB,4,57,2.1282768694417245
Legacy5BNB,4,58,2.1282768694417245
Legacy5BNB,4,59,2.1282768694417245
Legacy5BNB,4,60,2.1282768694417245
Legacy5BNB,4,61,2.1282768694417245
Legacy5BNB,4,62,2.1282768694417245
Legacy5BNB,4,63,2.1282768694417245
Legacy5BNB,4,64,2.1282768694417245
Legacy5BNB,4,65,2.1282768694417245
Legacy5BNB,4,66,2.1282768694417245
Legacy5BNB,4,67,2.1282768694417245
Legacy5BNB,4,68,2.1282768694417245
Legacy5BNB,4,69,2.1282768694417245
Legacy5BNB,4,70,2.1282768694417245
Legacy5BNB,4,71,2.1282768694417245
Legacy5BNB,4,72,2.1282768694417245
Legacy5BNB,4,73,2.1282768694417245
Legacy5BNB,4,74,2.1282768694417245
Legacy5BNB,4,75,2.1282768694417245
Legacy5BNB,4,76,2.1282768694417245
Legacy5BNB,4,77,2.1282768694417245
Legacy5BNB,4,78,2.1282768694417245
Legacy5BNB,4,79,2.1282768694417245
Legacy5BNB,4,80,2.1282768694417245
Legacy5BNB,4,81,2.1282768694417245
Legacy5BNB,4,82,2.1282768694417245
Legacy5BNB,4,83,2.1282768694417245
Legacy5BNB,4,84,2.1282768694417245
Legacy5BNB,4,85,2.1282768694417245
Legacy5BNB,4,86,2.1282768694417245
Legacy5BNB,4,87,2.1282768694417245
Legacy5BNB,4,88,2.1282768694417245
Legacy5BNB,4,89,2.1282768694417245
Legacy5BNB,4,90,2.1282768694417245
Legacy5BNB,4,91,2.1282768694417245
Legacy5BNB,4,92,2.1282768694417245
Legacy5BNB,4,93,2.1282768694417245
Legacy5BNB,4,94,2.1282768694417245
Legacy5BNB,4,95,2.1282768694417245
Legacy5BNB,4,96,2.1282768694417245
Legacy5BNB,4,97,2.1282768694417245
Legacy5BNB,4,98,2.1282768694417245
Legacy5BNB,4,99,2.1282768694417245
Legacy5BNB,4,100,2.1282768694417245
Legacy5BNB,4,101,2.1282768694417245
Legacy5BNB,4,102,2.1282768694417245
Legacy5BNB,4,103,2.1282768694417245
Legacy5BNB,4,104,2.1282768694417245
Legacy5BNB,4,105,2.1282768694417245
Legacy5BNB,4,106,2.1282768694417245
Legacy5BNB,4,107,2.1282768694417245
Legacy5BNB,4,108,2.1282768694417245
Legacy5BNB,4,109,2.1282768694417245
Legacy5BNB,4,110,2.1282768694417245
Legacy5BNB,4,111,2.1282768694417245
Legacy5BNB,4,112,2.1282768694417245
Legacy5BNB,4,113,2.1282768694417245
Legacy5BNB,4,114,1.859824727361429
Legacy5BNB,4,115,1.859824727361429
Legacy5BNB,4,116,1.859824727361429
Legacy5BNB,4,117,1.859824727361429
Legacy5BNB,4,118,1.859824727361429
Legacy5BNB,4,119,1.859824727361429
Legacy5BNB,4,120,1.859824727361429
Legacy5BNB,4,121,1.859824727361429
Legacy5BNB,4,122,1.859824727361429
Legacy5BNB,4,123,1.859824727361429
Legacy5BNB,4,124,1.859824727361429
Legacy5BNB,4,125,1.859824727361429
Legacy5BNB,4,126,1.859824727361429
Legacy5BNB,4,127,1.859824727361429
Legacy5BNB,4,128,1.859824727361429
Legacy5BNB,4,129,1.859824727361429
Legacy5BNB,4,130,1.859824727361429
Legacy5BNB,4,131,1.859824727361429
Legacy5BNB,4,132,1.859824727361429
Legacy5BNB,4,133,1.859824727361429
Legacy5BNB,4,134,1.859824727361429
Legacy5BNB,4,135,1.859824727361429
Legacy5BNB,4,136,1.859824727361429
Legacy5BNB,4,137,1.859824727361429
Legacy5BNB,4,138,1.859824727361429
Legacy5BNB,4,139,1.859824727361429
Legacy5BNB,4,140,1.859824727361429
Legacy5BNB,4,141,1.859824727361429
Legacy5BNB,4,142,1.859824727361429
Legacy5BNB,4,143,1.859824727361429
Legacy5BNB,4,144,1.859824727361429
Legacy5BNB,4,145,2.082919663875401
Legacy5BNB,4,146,2.082919663875401
Legacy5BNB,5,0,1
Legacy5BNB,5,1,1
Legacy5BNB,5,2,1
Legacy5BNB,5,3,1
Legacy5BNB,5,4,1
Legacy5BNB,5,5,1
Legacy5BNB,5,6,1
Legacy5BNB,5,7,1
Legacy5BNB,5,8,1
Legacy5BNB,5,9,1
Legacy5BNB,5,10,1
Legacy5BNB,5,11,1
Legacy5BNB,5,12,1
Legacy5BNB,5,13,1
Legacy5BNB,5,14,1
Legacy5BNB,5,15,1
Legacy5BNB,5,16,1
Legacy5BNB,5,17,1
Legacy5BNB,5,18,1
Legacy5BNB,5,19,1
Legacy5BNB,5,20,1
Legacy5BNB,5,21,1
Legacy5BNB,5,22,1
Legacy5BNB,5,23,1
Legacy5BNB,5,24,1
Legacy5BNB,5,25,1
Legacy5BNB,5,26,1
Legacy5BNB,5,27,1
Legacy5BNB,5,28,1
Legacy5BNB,5,29,1
Legacy5BNB,5,30,1
Legacy5BNB,5,31,1
Legacy5BNB,5,32,1
Legacy5BNB,5,33,1
Legacy5BNB,5,34,1
Legacy5BNB,5,35,1
Legacy5BNB,5,36,1
Legacy5BNB,5,37,1
Legacy5BNB,5,38,1
Legacy5BNB,5,39,1
Legacy5BNB,5,40,1
Legacy5BNB,5,41,1
Legacy5BNB,5,42,1
Legacy5BNB,5,43,1
Legacy5BNB,5,44,1
Legacy5BNB,5,45,1
Legacy5BNB,5,46,1
Legacy5BNB,5,47,1
Legacy5BNB,5,48,1
Legacy5BNB,5,49,1
Legacy5BNB,5,50,1
Legacy5BNB,5,51,1
Legacy5BNB,5,52,1
Legacy5BNB,5,53,1
Legacy5BNB,5,54,1
Legacy5BNB,5,55,1
Legacy5BNB,5,56,1
Legacy5BNB,5,57,1
Legacy5BNB,5,58,1
Legacy5BNB,5,59,1
Legacy5BNB,5,60,1
Legacy5BNB,5,61,1
Legacy5BNB,5,62,1
Legacy5BNB,5,63,1
Legacy5BNB,5,64,1
Legacy5BNB,5,65,1
Legacy5BNB,5,66,1
Legacy5BNB,5,67,1
Legacy5BNB,5,68,1
Legacy5BNB,5,69,1
Legacy5BNB,5,70,1
Legacy5BNB,5,71,1
Legacy5BNB,5,72,1
Legacy5BNB,5,73,1
Legacy5BNB,5,74,1
Legacy5BNB,5,75,1
Legacy5BNB,5,76,1
Legacy5BNB,5,77,1
Legacy5BNB,5,78,1
Legacy5BNB,5,79,1
Legacy5BNB,5,80,1
Legacy5BNB,5,81,1
Legacy5BNB,5,82,1
Legacy5BNB,5,83,1
Legacy5BNB,5,84,1
Legacy5BNB,5,85,1
Legacy5BNB,5,86,1
Legacy5BNB,5,87,1
Legacy5BNB,5,88,1
Legacy5BNB,5,89,1
Legacy5BNB,5,90,1
Legacy5BNB,5,91,1
Legacy5BNB,5,92,1
Legacy5BNB,5,93,1
Legacy5BNB,5,94,1
Legacy5BNB,5,95,1
Legacy5BNB,5,96,1
Legacy5BNB,5,97,1
Legacy5BNB,5,98,1
Legacy5BNB,5,99,1.2672788877236274
Legacy5BNB,5,100,1.2672788877236274
Legacy5BNB,5,101,1.2672788877236274
Legacy5BNB,5,102,1.2672788877236274
Legacy5BNB,5,103,1.2672788877236274
Legacy5BNB,5,104,1.3438201111595272
Legacy5BNB,5,105,1.3438201111595272
Legacy5BNB,5,106,1.3438201111595272
Legacy5BNB,5,107,1.3438201111595272
Legacy5BNB,5,108,1.3438201111595272
Legacy5BNB,5,109,1.3438201111595272
Legacy5BNB,5,110,1.3438201111595272
Legacy5BNB,5,111,1.3438201111595272
Legacy5BNB,5,112,1.3438201111595272
Legacy5BNB,5,113,1.3438201111595272
Legacy5BNB,5,114,1.3438201111595272
Legacy5BNB,5,115,1.3438201111595272
Legacy5BNB,5,116,1.3438201111595272
Legacy5BNB,5,117,1.3438201111595272
Legacy5BNB,5,118,1.3438201111595272
Legacy5BNB,5,119,1.3438201111595272
Legacy5BNB,5,120,1.3438201111595272
Legacy5BNB,5,121,1.3438201111595272
Legacy5BNB,5,122,1.3438201111595272
Legacy5BNB,5,123,1.3438201111595272
Legacy5BNB,5,124,1.3438201111595272
Legacy5BNB,5,125,1.3438201111595272
Legacy5BNB,5,126,1.3438201111595272
Legacy5BNB,5,127,1.3438201111595272
Legacy5BNB,5,128,1.03534575632199
Legacy5BNB,5,129,1.03534575632199
Legacy5BNB,5,130,1.03534575632199
Legacy5BNB,5,131,1.03534575632199
Legacy5BNB,5,132,1.03534575632199
Legacy5BNB,5,133,1.03534575632199
Legacy5BNB,5,134,1.03534575632199
Legacy5BNB,5,135,1.03534575632199
Legacy5BNB,5,136,1.03534575632199
Legacy5BNB,5,137,1.03534575632199
Legacy5BNB,5,138,1.03534575632199
Legacy5BNB,5,139,1.03534575632199
Legacy5BNB,5,140,0.9932442759254204
Legacy5BNB,5,141,0.9932442759254204
Legacy5BNB,5,142,0.9932442759254204
Legacy5BNB,5,143,0.9932442759254204
Legacy5BNB,5,144,0.9932442759254204
Legacy5BNB,5,145,0.9932442759254204
Legacy5BNB,5,146,0.9932442759254204
Legacy5BNB,5,147,0.9932442759254204
Legacy5BNB,5,148,1.0648433613392054
Legacy5BNB,5,149,0.999966876681141
Legacy5BNB,5,150,0.999966876681141
Legacy5BNB,5,151,0.999966876681141
Legacy5BNB,5,152,0.999966876681141
Legacy5BNB,5,153,0.999966876681141
Legacy5BNB,5,154,0.999966876681141
Legacy5BNB,5,155,0.999966876681141
Legacy5BNB,5,156,0.999966876681141
Legacy5BNB,5,157,0.999966876681141
Legacy5BNB,5,158,0.999966876681141
Legacy5BNB,5,159,0.999966876681141
Legacy5BNB,5,160,0.999966876681141
Legacy5BNB,5,161,0.999966876681141
Legacy5BNB,5,162,0.999966876681141
Legacy5BNB,5,163,0.999966876681141
Legacy5BNB,5,164,0.999966876681141
Legacy5BNB,5,165,0.999966876681141
Legacy5BNB,5,166,0.999966876681141
Legacy5BNB,5,167,0.999966876681141
Legacy5BNB,5,168,0.999966876681141
Legacy5BNB,5,169,0.999966876681141
Legacy5BNB,5,170,0.999966876681141
Legacy5BNB,5,171,0.9499471562590719
Legacy5BNB,6,0,1
Legacy5BNB,6,1,1
Legacy5BNB,6,2,1
Legacy5BNB,6,3,1
Legacy5BNB,6,4,1
Legacy5BNB,6,5,1
Legacy5BNB,6,6,1
Legacy5BNB,6,7,1
Legacy5BNB,6,8,1
Legacy5BNB,6,9,1
Legacy5BNB,6,10,1
Legacy5BNB,6,11,1
Legacy5BNB,6,12,1
Legacy5BNB,6,13,1
Legacy5BNB,6,14,1
Legacy5BNB,6,15,1
Legacy5BNB,6,16,1
Legacy5BNB,6,17,1
Legacy5BNB,6,18,1
Legacy5BNB,6,19,1
Legacy5BNB,6,20,1
Legacy5BNB,6,21,1
Legacy5BNB,6,22,1
Legacy5BNB,6,23,1
Legacy5BNB,6,24,1
Legacy5BNB,6,25,1.3113415941319246
Legacy5BNB,6,26,1.3113415941319246
Legacy5BNB,6,27,1.3189093936544638
Legacy5BNB,6,28,1.3189093936544638
Legacy5BNB,6,29,1.3189093936544638
Legacy5BNB,6,30,1.3189093936544638
Legacy5BNB,6,31,1.3189093936544638
Legacy5BNB,6,32,1.3189093936544638
Legacy5BNB,6,33,1.3189093936544638
Legacy5BNB,6,34,1.3189093936544638
Legacy5BNB,6,35,1.252285362473944
Legacy5BNB,6,36,1.252285362473944
Legacy5BNB,6,37,1.252285362473944
Legacy5BNB,6,38,1.252285362473944
Legacy5BNB,6,39,1.252285362473944
Legacy5BNB,6,40,1.252285362473944
Legacy5BNB,6,41,1.252285362473944
Legacy5BNB,6,42,1.252285362473944
Legacy5BNB,6,43,1.252285362473944
Legacy5BNB,6,44,1.252285362473944
Legacy5BNB,6,45,1.252285362473944
Legacy5BNB,6,46,1.252285362473944
Legacy5BNB,6,47,1.4263542895076307
Legacy5BNB,6,48,1.4263542895076307
Legacy5BNB,6,49,1.4263542895076307
Legacy5BNB,6,50,1.4263542895076307
Legacy5BNB,6,51,1.5164922317729437
Legacy5BNB,6,52,1.4729773054006627
Legacy5BNB,6,53,1.4729773054006627
Legacy5BNB,6,54,1.4729773054006627
Legacy5BNB,6,55,1.2911708055822713
Legacy5BNB,6,56,1.2911708055822713
Legacy5BNB,6,57,1.2911708055822713
Legacy5BNB,6,58,1.2911708055822713
Legacy5BNB,6,59,1.2911708055822713
Legacy5BNB,6,60,1.2911708055822713
Legacy5BNB,6,61,1.2911708055822713
Legacy5BNB,6,62,1.2911708055822713
Legacy5BNB,6,63,1.2911708055822713
Legacy5BNB,6,64,1.2911708055822713
Legacy5BNB,6,65,1.2911708055822713
Legacy5BNB,6,66,1.2911708055822713
Legacy5BNB,6,67,1.2911708055822713
Legacy5BNB,6,68,1.2911708055822713
Legacy5BNB,6,69,1.2911708055822713
Legacy5BNB,6,70,1.2911708055822713
Legacy5BNB,6,71,1.2911708055822713
Legacy5BNB,6,72,1.2911708055822713
Legacy5BNB,6,73,1.2911708055822713
Legacy5BNB,6,74,1.2911708055822713
Legacy5BNB,6,75,1.2911708055822713
Legacy5BNB,6,76,1.2911708055822713
Legacy5BNB,6,77,1.2911708055822713
Legacy5BNB,6,78,1.2911708055822713
Legacy5BNB,6,79,1.2911708055822713
Legacy5BNB,6,80,1.2911708055822713
Legacy5BNB,6,81,1.2911708055822713
Legacy5BNB,6,82,1.2911708055822713
Legacy5BNB,6,83,1.2911708055822713
Legacy5BNB,6,84,1.2911708055822713
Legacy5BNB,6,85,1.2911708055822713
Legacy5BNB,6,86,1.2911708055822713
Legacy5BNB,6,87,1.2911708055822713
Legacy5BNB,6,88,1.2911708055822713
Legacy5BNB,6,89,1.2911708055822713
Legacy5BNB,6,90,1.2911708055822713
Legacy5BNB,6,91,1.2911708055822713
Legacy5BNB,6,92,1.2911708055822713
Legacy5BNB,6,93,1.2911708055822713
Legacy5BNB,6,94,1.2911708055822713
Legacy5BNB,6,95,1.4182427038003307
Legacy5BNB,6,96,1.4182427038003307
Legacy5BNB,6,97,1.4182427038003307
Legacy5BNB,6,98,1.4182427038003307
Legacy5BNB,6,99,1.4182427038003307
Legacy5BNB,6,100,1.4182427038003307
Legacy5BNB,6,101,1.4182427038003307
Legacy5BNB,6,102,1.4182427038003307
Legacy5BNB,6,103,1.4182427038003307
Legacy5BNB,6,104,1.4182427038003307
Legacy5BNB,6,105,1.320808993869749
Legacy5BNB,6,106,1.320808993869749
Legacy5BNB,6,107,1.320808993869749
Legacy5BNB,6,108,1.320808993869749
Legacy5BNB,6,109,1.320808993869749
Legacy5BNB,6,110,1.320808993869749
Legacy5BNB,6,111,1.320808993869749
Legacy5BNB,6,112,1.320808993869749
Legacy5BNB,6,113,1.320808993869749
Legacy5BNB,6,114,1.320808993869749
Legacy5BNB,6,115,1.320808993869749
Legacy5BNB,6,116,1.320808993869749
Legacy5BNB,6,117,1.320808993869749
Legacy5BNB,6,118,1.5907121987555706
Legacy5BNB,6,119,1.3898695404864512
Legacy5BNB,7,0,1
Legacy5BNB,7,1,1
Legacy5BNB,7,2,1
Legacy5BNB,7,3,1
Legacy5BNB,7,4,1
Legacy5BNB,7,5,1
Legacy5BNB,7,6,1
Legacy5BNB,7,7,1
Legacy5BNB,7,8,1
Legacy5BNB,7,9,1
Legacy5BNB,7,10,1
Legacy5BNB,7,11,1
Legacy5BNB,7,12,1
Legacy5BNB,7,13,1
Legacy5BNB,7,14,1
Legacy5BNB,7,15,1
Legacy5BNB,7,16,1
Legacy5BNB,7,17,1
Legacy5BNB,7,18,1
Legacy5BNB,7,19,1
Legacy5BNB,7,20,1
Legacy5BNB,7,21,1
Legacy5BNB,7,22,1
Legacy5BNB,7,23,1
Legacy5BNB,7,24,1
Legacy5BNB,7,25,1
Legacy5BNB,7,26,1
Legacy5BNB,7,27,1
Legacy5BNB,7,28,0.9575047154338199
Legacy5BNB,7,29,0.9575047154338199
Legacy5BNB,7,30,0.9575047154338199
Legacy5BNB,7,31,0.9575047154338199
Legacy5BNB,7,32,0.9575047154338199
Legacy5BNB,7,33,0.9575047154338199
Legacy5BNB,7,34,0.9575047154338199
Legacy5BNB,7,35,0.9575047154338199
Legacy5BNB,7,36,0.9575047154338199
Legacy5BNB,7,37,0.9575047154338199
Legacy5BNB,7,38,0.9575047154338199
Legacy5BNB,7,39,1.1576051997855457
Legacy5BNB,7,40,1.3057771329727255
Legacy5BNB,7,41,1.3057771329727255
Legacy5BNB,7,42,1.3057771329727255
Legacy5BNB,7,43,1.3018143566506175
Legacy5BNB,7,44,1.3018143566506175
Legacy5BNB,7,45,1.4158961177136253
Legacy5BNB,7,46,1.4158961177136253
Legacy5BNB,7,47,1.6596975901237725
Legacy5BNB,7,48,1.6596975901237725
Legacy5BNB,7,49,1.6596975901237725
Legacy5BNB,7,50,1.6596975901237725
Legacy5BNB,7,51,1.5646309876747295
Legacy5BNB,7,52,1.5646309876747295
Legacy5BNB,7,53,1.5646309876747295
Legacy5BNB,7,54,1.5646309876747295
Legacy5BNB,7,55,1.5646309876747295
Legacy5BNB,7,56,1.5646309876747295
Legacy5BNB,7,57,1.5646309876747295
Legacy5BNB,7,58,1.5646309876747295
Legacy5BNB,7,59,1.5646309876747295
Legacy5BNB,7,60,1.5646309876747295
Legacy5BNB,7,61,1.5646309876747295
Legacy5BNB,7,62,1.5646309876747295
Legacy5BNB,7,63,1.5646309876747295
Legacy5BNB,7,64,1.5646309876747295
Legacy5BNB,7,65,1.5646309876747295
Legacy5BNB,7,66,1.5646309876747295
Legacy5BNB,7,67,1.5646309876747295
Legacy5BNB,7,68,1.5646309876747295
Legacy5BNB,7,69,1.5646309876747295
Legacy5BNB,7,70,1.5646309876747295
Legacy5BNB,7,71,1.5646309876747295
Legacy5BNB,7,72,1.5646309876747295
Legacy5BNB,7,73,1.5646309876747295
Legacy5BNB,7,74,1.5646309876747295
Legacy5BNB,7,75,1.8399805405501608
Legacy5BNB,7,76,1.9084586160142276
Legacy5BNB,7,77,1.5754740623278822
Legacy5BNB,7,78,1.5754740623278822
Legacy5BNB,7,79,1.5754740623278822
Legacy5BNB,7,80,1.5754740623278822
Legacy5BNB,7,81,1.5754740623278822
Legacy5BNB,7,82,1.5754740623278822
Legacy5BNB,7,83,1.5754740623278822
Legacy5BNB,7,84,1.5754740623278822
Legacy5BNB,7,85,1.5754740623278822
Legacy5BNB,7,86,1.5754740623278822
Legacy5BNB,7,87,1.5754740623278822
Legacy5BNB,7,88,1.5754740623278822
Legacy5BNB,7,89,1.5754740623278822
Legacy5BNB,7,90,1.5754740623278822
Legacy5BNB,7,91,1.5754740623278822
Legacy5BNB,7,92,1.5754740623278822
Legacy5BNB,7,93,1.5754740623278822
Legacy5BNB,7,94,1.5754740623278822
Legacy5BNB,7,95,1.5754740623278822
Legacy5BNB,7,96,1.5754740623278822
Legacy5BNB,7,97,1.4257005812581947
Legacy5BNB,7,98,1.4257005812581947
Legacy5BNB,7,99,1.4257005812581947
Legacy5BNB,7,100,1.4257005812581947
Legacy5BNB,7,101,1.3657708807279558
Legacy5BNB,8,0,1
Legacy5BNB,8,1,1
Legacy5BNB,8,2,1
Legacy5BNB,8,3,1
Legacy5BNB,8,4,1
Legacy5BNB,8,5,1
Legacy5BNB,8,6,1
Legacy5BNB,8,7,1
Legacy5BNB,8,8,1
Legacy5BNB,8,9,1
Legacy5BNB,8,10,1
Legacy5BNB,8,11,1
Legacy5BNB,8,12,1.031042720580606
Legacy5BNB,8,13,1.031042720580606
Legacy5BNB,8,14,1.031042720580606
Legacy5BNB,8,15,1.031042720580606
Legacy5BNB,8,16,1.031042720580606
Legacy5BNB,8,17,1.031042720580606
Legacy5BNB,8,18,1.031042720580606
Legacy5BNB,8,19,0.9068313295728821
Legacy5BNB,8,20,0.9068313295728821
Legacy5BNB,8,21,0.9068313295728821
Legacy5BNB,8,22,0.9068313295728821
Legacy5BNB,8,23,0.9068313295728821
Legacy5BNB,8,24,0.9068313295728821
Legacy5BNB,8,25,0.9068313295728821
Legacy5BNB,8,26,0.9068313295728821
Legacy5BNB,8,27,0.9068313295728821
Legacy5BNB,8,28,0.9068313295728821
Legacy5BNB,8,29,0.9068313295728821
Legacy5BNB,8,30,0.9068313295728821
Legacy5BNB,8,31,0.9068313295728821
Legacy5BNB,8,32,0.9068313295728821
Legacy5BNB,8,33,0.9068313295728821
Legacy5BNB,8,34,0.9068313295728821
Legacy5BNB,8,35,0.9068313295728821
Legacy5BNB,8,36,0.9068313295728821
Legacy5BNB,8,37,0.9068313295728821
Legacy5BNB,8,38,0.9068313295728821
Legacy5BNB,8,39,0.9068313295728821
Legacy5BNB,8,40,0.9068313295728821
Legacy5BNB,8,41,0.9068313295728821
Legacy5BNB,8,42,0.9068313295728821
Legacy5BNB,8,43,0.9068313295728821
Legacy5BNB,8,44,0.9068313295728821
Legacy5BNB,8,45,0.9068313295728821
Legacy5BNB,8,46,0.9068313295728821
Legacy5BNB,8,47,0.9543189113573812
Legacy5BNB,8,48,0.9543189113573812
Legacy5BNB,8,49,0.9543189113573812
Legacy5BNB,8,50,0.9543189113573812
Legacy5BNB,8,51,0.9543189113573812
Legacy5BNB,8,52,0.9543189113573812
Legacy5BNB,8,53,0.9543189113573812
Legacy5BNB,8,54,0.9543189113573812
Legacy5BNB,8,55,0.9543189113573812
Legacy5BNB,8,56,0.9543189113573812
Legacy5BNB,8,57,0.9543189113573812
Legacy5BNB,8,58,0.9543189113573812
Legacy5BNB,8,59,0.9543189113573812
Legacy5BNB,8,60,0.9543189113573812
Legacy5BNB,8,61,0.9543189113573812
Legacy5BNB,8,62,0.9543189113573812
Legacy5BNB,8,63,0.9543189113573812
Legacy5BNB,8,64,0.9543189113573812
Legacy5BNB,8,65,0.9543189113573812
Legacy5BNB,8,66,0.9543189113573812
Legacy5BNB,8,67,0.9543189113573812
Legacy5BNB,8,68,0.9543189113573812
Legacy5BNB,8,69,0.9543189113573812
Legacy5BNB,8,70,0.9543189113573812
Legacy5BNB,8,71,0.9543189113573812
Legacy5BNB,8,72,0.8293779768449115
Legacy5BNB,8,73,0.8293779768449115
Legacy5BNB,8,74,1.564770808158626
Legacy5BNB,8,75,1.5011479861248134
Legacy5BNB,8,76,1.5011479861248134
Legacy5BNB,8,77,1.5011479861248134
Legacy5BNB,8,78,1.5011479861248134
Legacy5BNB,8,79,1.5011479861248134
Legacy5BNB,8,80,1.5011479861248134
Legacy5BNB,8,81,1.5011479861248134
Legacy5BNB,8,82,1.5011479861248134
Legacy5BNB,8,83,1.5011479861248134
Legacy5BNB,8,84,1.5011479861248134
Legacy5BNB,8,85,1.5011479861248134
Legacy5BNB,8,86,1.5420772975286345
Legacy5BNB,8,87,1.7679421778330437
Legacy5BNB,8,88,1.9485584785970835
Legacy5BNB,8,89,2.280496173736686
Legacy5BNB,8,90,2.280496173736686
Legacy5BNB,8,91,2.280496173736686
Legacy5BNB,8,92,2.2205425206238636
Legacy5BNB,8,93,2.2205425206238636
Legacy5BNB,8,94,2.2205425206238636
Legacy5BNB,8,95,2.2205425206238636
Legacy5BNB,8,96,2.2205425206238636
Legacy5BNB,8,97,2.2205425206238636
Legacy5BNB,8,98,2.2205425206238636
Legacy5BNB,8,99,2.2205425206238636
Legacy5BNB,8,100,2.2205425206238636
Legacy5BNB,8,101,2.2205425206238636
Legacy5BNB,8,102,2.2205425206238636
Legacy5BNB,8,103,2.2205425206238636
Legacy5BNB,8,104,2.2205425206238636
Legacy5BNB,8,105,2.2205425206238636
Legacy5BNB,8,106,2.2205425206238636
Legacy5BNB,8,107,2.2205425206238636
OldGuardNoBNB,0,0,1
OldGuardNoBNB,0,1,1
OldGuardNoBNB,0,2,1
OldGuardNoBNB,0,3,1
OldGuardNoBNB,0,4,1
OldGuardNoBNB,0,5,1
OldGuardNoBNB,0,6,1
OldGuardNoBNB,0,7,1
OldGuardNoBNB,0,8,1
OldGuardNoBNB,0,9,1
OldGuardNoBNB,0,10,1
OldGuardNoBNB,0,11,1
OldGuardNoBNB,0,12,1
OldGuardNoBNB,0,13,1
OldGuardNoBNB,0,14,1
OldGuardNoBNB,0,15,1
OldGuardNoBNB,0,16,1
OldGuardNoBNB,0,17,1
OldGuardNoBNB,0,18,1
OldGuardNoBNB,0,19,1
OldGuardNoBNB,0,20,0.8439405823858123
OldGuardNoBNB,0,21,0.8439405823858123
OldGuardNoBNB,0,22,0.8439405823858123
OldGuardNoBNB,0,23,0.8439405823858123
OldGuardNoBNB,0,24,0.8439405823858123
OldGuardNoBNB,0,25,0.8439405823858123
OldGuardNoBNB,0,26,0.8439405823858123
OldGuardNoBNB,0,27,0.8439405823858123
OldGuardNoBNB,0,28,0.8439405823858123
OldGuardNoBNB,0,29,0.8439405823858123
OldGuardNoBNB,0,30,0.8439405823858123
OldGuardNoBNB,0,31,0.8439405823858123
OldGuardNoBNB,0,32,0.8439405823858123
OldGuardNoBNB,0,33,0.8439405823858123
OldGuardNoBNB,0,34,0.8439405823858123
OldGuardNoBNB,0,35,0.8439405823858123
OldGuardNoBNB,0,36,0.8439405823858123
OldGuardNoBNB,0,37,0.8439405823858123
OldGuardNoBNB,0,38,0.8439405823858123
OldGuardNoBNB,0,39,1.0935506728266693
OldGuardNoBNB,0,40,0.9534154209601797
OldGuardNoBNB,0,41,0.9534154209601797
OldGuardNoBNB,0,42,0.9534154209601797
OldGuardNoBNB,0,43,0.9534154209601797
OldGuardNoBNB,0,44,0.9534154209601797
OldGuardNoBNB,0,45,0.9534154209601797
OldGuardNoBNB,0,46,0.9534154209601797
OldGuardNoBNB,0,47,0.9534154209601797
OldGuardNoBNB,0,48,0.9534154209601797
OldGuardNoBNB,0,49,0.9534154209601797
OldGuardNoBNB,0,50,0.9534154209601797
OldGuardNoBNB,0,51,0.9534154209601797
OldGuardNoBNB,0,52,0.9534154209601797
OldGuardNoBNB,0,53,0.9534154209601797
OldGuardNoBNB,0,54,0.9534154209601797
OldGuardNoBNB,0,55,0.9534154209601797
OldGuardNoBNB,0,56,0.9534154209601797
OldGuardNoBNB,0,57,0.9534154209601797
OldGuardNoBNB,0,58,0.9534154209601797
OldGuardNoBNB,0,59,0.9534154209601797
OldGuardNoBNB,0,60,0.9534154209601797
OldGuardNoBNB,0,61,0.9534154209601797
OldGuardNoBNB,0,62,0.9534154209601797
OldGuardNoBNB,0,63,0.9534154209601797
OldGuardNoBNB,0,64,0.9534154209601797
OldGuardNoBNB,0,65,0.9534154209601797
OldGuardNoBNB,0,66,0.9534154209601797
OldGuardNoBNB,0,67,0.9534154209601797
OldGuardNoBNB,0,68,1.0646815149951643
OldGuardNoBNB,0,69,1.0646815149951643
OldGuardNoBNB,0,70,1.0646815149951643
OldGuardNoBNB,0,71,1.0646815149951643
OldGuardNoBNB,0,72,1.0646815149951643
OldGuardNoBNB,0,73,1.0646815149951643
OldGuardNoBNB,0,74,1.0646815149951643
OldGuardNoBNB,0,75,1.0646815149951643
OldGuardNoBNB,0,76,1.0646815149951643
OldGuardNoBNB,0,77,1.0646815149951643
OldGuardNoBNB,0,78,1.0646815149951643
OldGuardNoBNB,0,79,1.0646815149951643
OldGuardNoBNB,0,80,1.0646815149951643
OldGuardNoBNB,0,81,1.0646815149951643
OldGuardNoBNB,0,82,1.0646815149951643
OldGuardNoBNB,0,83,1.0646815149951643
OldGuardNoBNB,0,84,1.14171228510127
OldGuardNoBNB,0,85,1.14171228510127
OldGuardNoBNB,0,86,1.14171228510127
OldGuardNoBNB,0,87,1.14171228510127
OldGuardNoBNB,0,88,1.14171228510127
OldGuardNoBNB,0,89,1.14171228510127
OldGuardNoBNB,0,90,1.400511763534738
OldGuardNoBNB,0,91,1.400511763534738
OldGuardNoBNB,0,92,1.400511763534738
OldGuardNoBNB,0,93,1.400511763534738
OldGuardNoBNB,0,94,1.400511763534738
OldGuardNoBNB,0,95,1.400511763534738
OldGuardNoBNB,0,96,1.400511763534738
OldGuardNoBNB,0,97,1.400511763534738
OldGuardNoBNB,0,98,1.400511763534738
OldGuardNoBNB,0,99,1.400511763534738
OldGuardNoBNB,0,100,1.506897759940772
OldGuardNoBNB,0,101,1.0901886637859008
OldGuardNoBNB,0,102,1.0901886637859008
OldGuardNoBNB,0,103,1.0901886637859008
OldGuardNoBNB,0,104,1.0901886637859008
OldGuardNoBNB,0,105,1.0901886637859008
OldGuardNoBNB,0,106,1.0901886637859008
OldGuardNoBNB,0,107,1.0901886637859008
OldGuardNoBNB,0,108,0.9969714959700641
OldGuardNoBNB,0,109,0.9969714959700641
OldGuardNoBNB,0,110,0.9969714959700641
OldGuardNoBNB,0,111,0.9969714959700641
OldGuardNoBNB,0,112,0.9969714959700641
OldGuardNoBNB,0,113,0.9969714959700641
OldGuardNoBNB,0,114,0.9969714959700641
OldGuardNoBNB,0,115,1.4007030769846796
OldGuardNoBNB,0,116,1.4007030769846796
OldGuardNoBNB,0,117,1.4007030769846796
OldGuardNoBNB,0,118,1.7431542673871734
OldGuardNoBNB,1,0,1
OldGuardNoBNB,1,1,1.0506474631263607
OldGuardNoBNB,1,2,1.0506474631263607
OldGuardNoBNB,1,3,1.0506474631263607
OldGuardNoBNB,1,4,1.0506474631263607
OldGuardNoBNB,1,5,1.0506474631263607
OldGuardNoBNB,1,6,1.0506474631263607
OldGuardNoBNB,1,7,1.0506474631263607
OldGuardNoBNB,1,8,0.7858358837278789
OldGuardNoBNB,1,9,0.7858358837278789
OldGuardNoBNB,1,10,0.7858358837278789
OldGuardNoBNB,1,11,0.7858358837278789
OldGuardNoBNB,1,12,0.7858358837278789
OldGuardNoBNB,1,13,0.7858358837278789
OldGuardNoBNB,1,14,0.7858358837278789
OldGuardNoBNB,1,15,0.7858358837278789
OldGuardNoBNB,1,16,0.7858358837278789
OldGuardNoBNB,1,17,0.7858358837278789
OldGuardNoBNB,1,18,0.7858358837278789
OldGuardNoBNB,1,19,0.7858358837278789
OldGuardNoBNB,1,20,0.7858358837278789
OldGuardNoBNB,1,21,0.7858358837278789
OldGuardNoBNB,1,22,0.7858358837278789
OldGuardNoBNB,1,23,0.7858358837278789
OldGuardNoBNB,1,24,0.7858358837278789
OldGuardNoBNB,1,25,0.7858358837278789
OldGuardNoBNB,1,26,0.7858358837278789
OldGuardNoBNB,1,27,0.7858358837278789
OldGuardNoBNB,1,28,0.7858358837278789
OldGuardNoBNB,1,29,0.7858358837278789
OldGuardNoBNB,1,30,0.7858358837278789
OldGuardNoBNB,1,31,0.7858358837278789
OldGuardNoBNB,1,32,0.7858358837278789
OldGuardNoBNB,1,33,0.7858358837278789
OldGuardNoBNB,1,34,0.7858358837278789
OldGuardNoBNB,1,35,0.7858358837278789
OldGuardNoBNB,1,36,0.7858358837278789
OldGuardNoBNB,1,37,0.7858358837278789
OldGuardNoBNB,1,38,0.7858358837278789
OldGuardNoBNB,1,39,0.7858358837278789
OldGuardNoBNB,1,40,0.7858358837278789
OldGuardNoBNB,1,41,0.7858358837278789
OldGuardNoBNB,1,42,0.7858358837278789
OldGuardNoBNB,1,43,0.7858358837278789
OldGuardNoBNB,1,44,0.7858358837278789
OldGuardNoBNB,1,45,0.7858358837278789
OldGuardNoBNB,1,46,0.7858358837278789
OldGuardNoBNB,1,47,0.7858358837278789
OldGuardNoBNB,1,48,0.7858358837278789
OldGuardNoBNB,1,49,0.7858358837278789
OldGuardNoBNB,1,50,0.7858358837278789
OldGuardNoBNB,1,51,0.7858358837278789
OldGuardNoBNB,1,52,0.7858358837278789
OldGuardNoBNB,1,53,0.7858358837278789
OldGuardNoBNB,1,54,0.7858358837278789
OldGuardNoBNB,1,55,0.7858358837278789
OldGuardNoBNB,1,56,0.7858358837278789
OldGuardNoBNB,1,57,0.7858358837278789
OldGuardNoBNB,1,58,0.7858358837278789
OldGuardNoBNB,1,59,0.7858358837278789
OldGuardNoBNB,1,60,0.7858358837278789
OldGuardNoBNB,1,61,0.7858358837278789
OldGuardNoBNB,1,62,0.7858358837278789
OldGuardNoBNB,1,63,0.7858358837278789
OldGuardNoBNB,1,64,0.7858358837278789
OldGuardNoBNB,1,65,0.7858358837278789
OldGuardNoBNB,1,66,0.7858358837278789
OldGuardNoBNB,1,67,0.7858358837278789
OldGuardNoBNB,1,68,0.7858358837278789
OldGuardNoBNB,1,69,0.7858358837278789
OldGuardNoBNB,1,70,0.7858358837278789
OldGuardNoBNB,1,71,0.7858358837278789
OldGuardNoBNB,1,72,0.7858358837278789
OldGuardNoBNB,1,73,0.7858358837278789
OldGuardNoBNB,1,74,0.7858358837278789
OldGuardNoBNB,1,75,0.7858358837278789
OldGuardNoBNB,1,76,0.7858358837278789
OldGuardNoBNB,1,77,0.7858358837278789
OldGuardNoBNB,1,78,0.7858358837278789
OldGuardNoBNB,1,79,0.7858358837278789
OldGuardNoBNB,1,80,0.7858358837278789
OldGuardNoBNB,1,81,0.8600860389381824
OldGuardNoBNB,1,82,0.7949645398489903
OldGuardNoBNB,1,83,0.7949645398489903
OldGuardNoBNB,1,84,0.7949645398489903
OldGuardNoBNB,1,85,0.7949645398489903
OldGuardNoBNB,1,86,0.7949645398489903
OldGuardNoBNB,1,87,0.7949645398489903
OldGuardNoBNB,1,88,0.7949645398489903
OldGuardNoBNB,1,89,0.7949645398489903
OldGuardNoBNB,1,90,0.7105591515638673
OldGuardNoBNB,1,91,0.7105591515638673
OldGuardNoBNB,1,92,0.7105591515638673
OldGuardNoBNB,1,93,0.7105591515638673
OldGuardNoBNB,1,94,0.7105591515638673
OldGuardNoBNB,1,95,0.7105591515638673
OldGuardNoBNB,1,96,0.7105591515638673
OldGuardNoBNB,1,97,0.7105591515638673
OldGuardNoBNB,1,98,0.7105591515638673
OldGuardNoBNB,1,99,0.7105591515638673
OldGuardNoBNB,1,100,0.7105591515638673
OldGuardNoBNB,1,101,0.7105591515638673
OldGuardNoBNB,1,102,0.7105591515638673
OldGuardNoBNB,1,103,0.7105591515638673
OldGuardNoBNB,1,104,0.7105591515638673
OldGuardNoBNB,1,105,0.7105591515638673
OldGuardNoBNB,1,106,0.7105591515638673
OldGuardNoBNB,1,107,0.7105591515638673
OldGuardNoBNB,1,108,0.7105591515638673
OldGuardNoBNB,1,109,0.7105591515638673
OldGuardNoBNB,1,110,0.7105591515638673
OldGuardNoBNB,1,111,0.7105591515638673
OldGuardNoBNB,1,112,0.7105591515638673
OldGuardNoBNB,1,113,0.7105591515638673
OldGuardNoBNB,1,114,0.7105591515638673
OldGuardNoBNB,1,115,0.7105591515638673
OldGuardNoBNB,1,116,0.7105591515638673
OldGuardNoBNB,1,117,0.7105591515638673
OldGuardNoBNB,1,118,0.7105591515638673
OldGuardNoBNB,1,119,0.7105591515638673
OldGuardNoBNB,1,120,0.7105591515638673
OldGuardNoBNB,1,121,0.7524150613954571
OldGuardNoBNB,1,122,0.7524150613954571
OldGuardNoBNB,1,123,0.7524150613954571
OldGuardNoBNB,1,124,0.7524150613954571
OldGuardNoBNB,1,125,0.7524150613954571
OldGuardNoBNB,1,126,0.7524150613954571
OldGuardNoBNB,1,127,0.7524150613954571
OldGuardNoBNB,1,128,0.7524150613954571
OldGuardNoBNB,1,129,0.7891710079333641
OldGuardNoBNB,1,130,0.7439159621754073
OldGuardNoBNB,1,131,0.7439159621754073
OldGuardNoBNB,1,132,0.7439159621754073
OldGuardNoBNB,1,133,0.7439159621754073
OldGuardNoBNB,1,134,0.7439159621754073
OldGuardNoBNB,1,135,0.7439159621754073
OldGuardNoBNB,1,136,0.7439159621754073
OldGuardNoBNB,1,137,0.7439159621754073
OldGuardNoBNB,1,138,0.7439159621754073
OldGuardNoBNB,1,139,0.7439159621754073
OldGuardNoBNB,1,140,0.7439159621754073
OldGuardNoBNB,1,141,0.7439159621754073
OldGuardNoBNB,1,142,0.7439159621754073
OldGuardNoBNB,1,143,0.7439159621754073
OldGuardNoBNB,1,144,0.7439159621754073
OldGuardNoBNB,1,145,0.7439159621754073
OldGuardNoBNB,1,146,0.7439159621754073
OldGuardNoBNB,2,0,1
OldGuardNoBNB,2,1,1
OldGuardNoBNB,2,2,1
OldGuardNoBNB,2,3,1
OldGuardNoBNB,2,4,1
OldGuardNoBNB,2,5,1
OldGuardNoBNB,2,6,1
OldGuardNoBNB,2,7,1
OldGuardNoBNB,2,8,1
OldGuardNoBNB,2,9,1
OldGuardNoBNB,2,10,1
OldGuardNoBNB,2,11,1
OldGuardNoBNB,2,12,1
OldGuardNoBNB,2,13,1
OldGuardNoBNB,2,14,1
OldGuardNoBNB,2,15,1
OldGuardNoBNB,2,16,1
OldGuardNoBNB,2,17,1
OldGuardNoBNB,2,18,1
OldGuardNoBNB,2,19,1
OldGuardNoBNB,2,20,0.972611600560303
OldGuardNoBNB,2,21,0.972611600560303
OldGuardNoBNB,2,22,0.972611600560303
OldGuardNoBNB,2,23,0.972611600560303
OldGuardNoBNB,2,24,0.972611600560303
OldGuardNoBNB,2,25,0.972611600560303
OldGuardNoBNB,2,26,0.972611600560303
OldGuardNoBNB,2,27,0.972611600560303
OldGuardNoBNB,2,28,1.1860839654358666
OldGuardNoBNB,2,29,1.1274147282616347
OldGuardNoBNB,2,30,1.1274147282616347
OldGuardNoBNB,2,31,1.1274147282616347
OldGuardNoBNB,2,32,1.1274147282616347
OldGuardNoBNB,2,33,1.1274147282616347
OldGuardNoBNB,2,34,1.1274147282616347
OldGuardNoBNB,2,35,1.1274147282616347
OldGuardNoBNB,2,36,1.1274147282616347
OldGuardNoBNB,2,37,1.2660309607621352
OldGuardNoBNB,2,38,1.2660309607621352
OldGuardNoBNB,2,39,1.2660309607621352
OldGuardNoBNB,2,40,1.2660309607621352
OldGuardNoBNB,2,41,1.2660309607621352
OldGuardNoBNB,2,42,1.2660309607621352
OldGuardNoBNB,2,43,1.2660309607621352
OldGuardNoBNB,2,44,1.2660309607621352
OldGuardNoBNB,2,45,1.2660309607621352
OldGuardNoBNB,2,46,1.2660309607621352
OldGuardNoBNB,2,47,1.2660309607621352
OldGuardNoBNB,2,48,1.2660309607621352
OldGuardNoBNB,2,49,1.2660309607621352
OldGuardNoBNB,2,50,1.2660309607621352
OldGuardNoBNB,2,51,1.2660309607621352
OldGuardNoBNB,2,52,1.2660309607621352
OldGuardNoBNB,2,53,1.2660309607621352
OldGuardNoBNB,2,54,1.2660309607621352
OldGuardNoBNB,2,55,1.2660309607621352
OldGuardNoBNB,2,56,1.2660309607621352
OldGuardNoBNB,2,57,1.2660309607621352
OldGuardNoBNB,2,58,1.2660309607621352
OldGuardNoBNB,2,59,1.2660309607621352
OldGuardNoBNB,2,60,1.2660309607621352
OldGuardNoBNB,2,61,1.2660309607621352
OldGuardNoBNB,2,62,1.2660309607621352
OldGuardNoBNB,2,63,1.2660309607621352
OldGuardNoBNB,2,64,1.2660309607621352
OldGuardNoBNB,2,65,1.2565430888606
OldGuardNoBNB,2,66,1.4745596068371956
OldGuardNoBNB,2,67,1.5495789788142826
OldGuardNoBNB,2,68,1.5495789788142826
OldGuardNoBNB,2,69,1.5495789788142826
OldGuardNoBNB,2,70,1.5495789788142826
OldGuardNoBNB,2,71,1.815262281707974
OldGuardNoBNB,2,72,3.4620461465953154
OldGuardNoBNB,2,73,3.4620461465953154
OldGuardNoBNB,2,74,3.4620461465953154
OldGuardNoBNB,2,75,3.4620461465953154
OldGuardNoBNB,2,76,3.4620461465953154
OldGuardNoBNB,2,77,3.4620461465953154
OldGuardNoBNB,2,78,3.4620461465953154
OldGuardNoBNB,2,79,3.4620461465953154
OldGuardNoBNB,2,80,3.4620461465953154
OldGuardNoBNB,2,81,3.4620461465953154
OldGuardNoBNB,2,82,3.4620461465953154
OldGuardNoBNB,2,83,3.4620461465953154
OldGuardNoBNB,2,84,3.4620461465953154
OldGuardNoBNB,2,85,3.4620461465953154
OldGuardNoBNB,2,86,3.4620461465953154
OldGuardNoBNB,2,87,3.4620461465953154
OldGuardNoBNB,2,88,3.4620461465953154
OldGuardNoBNB,2,89,3.4620461465953154
OldGuardNoBNB,2,90,3.4620461465953154
OldGuardNoBNB,2,91,3.4620461465953154
OldGuardNoBNB,2,92,3.4620461465953154
OldGuardNoBNB,2,93,3.4620461465953154
OldGuardNoBNB,2,94,3.4620461465953154
OldGuardNoBNB,2,95,3.4620461465953154
OldGuardNoBNB,2,96,3.904867434125028
OldGuardNoBNB,2,97,3.904867434125028
OldGuardNoBNB,2,98,4.380688844381628
OldGuardNoBNB,2,99,4.380688844381628
OldGuardNoBNB,2,100,5.340796983563992
OldGuardNoBNB,3,0,1
OldGuardNoBNB,3,1,0.995159070551237
OldGuardNoBNB,3,2,0.995159070551237
OldGuardNoBNB,3,3,0.995159070551237
OldGuardNoBNB,3,4,0.995159070551237
OldGuardNoBNB,3,5,0.995159070551237
OldGuardNoBNB,3,6,0.995159070551237
OldGuardNoBNB,3,7,0.995159070551237
OldGuardNoBNB,3,8,0.995159070551237
OldGuardNoBNB,3,9,0.995159070551237
OldGuardNoBNB,3,10,0.995159070551237
OldGuardNoBNB,3,11,0.995159070551237
OldGuardNoBNB,3,12,0.995159070551237
OldGuardNoBNB,3,13,1.2747746825558233
OldGuardNoBNB,3,14,1.5002638936933341
OldGuardNoBNB,3,15,1.5002638936933341
OldGuardNoBNB,3,16,4.7194817451676006
OldGuardNoBNB,3,17,3.5984913905720726
OldGuardNoBNB,3,18,3.7190752297010774
OldGuardNoBNB,3,19,3.7190752297010774
OldGuardNoBNB,3,20,3.7190752297010774
OldGuardNoBNB,3,21,3.7190752297010774
OldGuardNoBNB,3,22,3.7190752297010774
OldGuardNoBNB,3,23,3.7190752297010774
OldGuardNoBNB,3,24,3.7190752297010774
OldGuardNoBNB,3,25,3.7190752297010774
OldGuardNoBNB,3,26,3.7190752297010774
OldGuardNoBNB,3,27,3.7190752297010774
OldGuardNoBNB,3,28,3.7190752297010774
OldGuardNoBNB,3,29,3.7190752297010774
OldGuardNoBNB,3,30,3.7190752297010774
OldGuardNoBNB,3,31,3.7190752297010774
OldGuardNoBNB,3,32,3.7190752297010774
OldGuardNoBNB,3,33,3.360255097236214
OldGuardNoBNB,3,34,3.360255097236214
OldGuardNoBNB,3,35,3.360255097236214
OldGuardNoBNB,3,36,3.360255097236214
OldGuardNoBNB,3,37,3.360255097236214
OldGuardNoBNB,3,38,3.360255097236214
OldGuardNoBNB,3,39,3.360255097236214
OldGuardNoBNB,3,40,3.360255097236214
OldGuardNoBNB,3,41,3.360255097236214
OldGuardNoBNB,3,42,3.360255097236214
OldGuardNoBNB,3,43,3.360255097236214
OldGuardNoBNB,3,44,3.360255097236214
OldGuardNoBNB,3,45,3.360255097236214
OldGuardNoBNB,3,46,3.360255097236214
OldGuardNoBNB,3,47,3.360255097236214
OldGuardNoBNB,3,48,3.360255097236214
OldGuardNoBNB,3,49,3.360255097236214
OldGuardNoBNB,3,50,3.360255097236214
OldGuardNoBNB,3,51,3.360255097236214
OldGuardNoBNB,3,52,3.360255097236214
OldGuardNoBNB,3,53,3.360255097236214
OldGuardNoBNB,3,54,3.6754818171518506
OldGuardNoBNB,3,55,5.570398276294558
OldGuardNoBNB,3,56,5.570398276294558
OldGuardNoBNB,3,57,6.457613639235534
OldGuardNoBNB,3,58,7.240653889267071
OldGuardNoBNB,3,59,7.240653889267071
OldGuardNoBNB,3,60,7.240653889267071
OldGuardNoBNB,3,61,7.240653889267071
OldGuardNoBNB,3,62,7.240653889267071
OldGuardNoBNB,3,63,7.240653889267071
OldGuardNoBNB,3,64,7.240653889267071
OldGuardNoBNB,3,65,7.240653889267071
OldGuardNoBNB,3,66,7.240653889267071
OldGuardNoBNB,3,67,7.240653889267071
OldGuardNoBNB,3,68,7.240653889267071
OldGuardNoBNB,3,69,7.240653889267071
OldGuardNoBNB,3,70,5.941322801819377
OldGuardNoBNB,3,71,5.941322801819377
OldGuardNoBNB,3,72,5.941322801819377
OldGuardNoBNB,3,73,5.941322801819377
OldGuardNoBNB,3,74,5.941322801819377
OldGuardNoBNB,3,75,5.941322801819377
OldGuardNoBNB,3,76,5.941322801819377
OldGuardNoBNB,3,77,5.941322801819377
OldGuardNoBNB,3,78,5.941322801819377
OldGuardNoBNB,3,79,5.941322801819377
OldGuardNoBNB,3,80,5.941322801819377
OldGuardNoBNB,3,81,5.941322801819377
OldGuardNoBNB,3,82,5.941322801819377
OldGuardNoBNB,3,83,5.941322801819377
OldGuardNoBNB,3,84,5.941322801819377
OldGuardNoBNB,3,85,5.941322801819377
OldGuardNoBNB,3,86,5.941322801819377
OldGuardNoBNB,3,87,5.941322801819377
OldGuardNoBNB,3,88,5.941322801819377
OldGuardNoBNB,3,89,5.941322801819377
OldGuardNoBNB,3,90,5.941322801819377
OldGuardNoBNB,3,91,7.469845065267146
OldGuardNoBNB,4,0,1
OldGuardNoBNB,4,1,1.3100025673147502
OldGuardNoBNB,4,2,1.3100025673147502
OldGuardNoBNB,4,3,1.3100025673147502
OldGuardNoBNB,4,4,1.3100025673147502
OldGuardNoBNB,4,5,1.3100025673147502
OldGuardNoBNB,4,6,1.3100025673147502
OldGuardNoBNB,4,7,1.1751449134914218
OldGuardNoBNB,4,8,1.1751449134914218
OldGuardNoBNB,4,9,1.1197546743221547
OldGuardNoBNB,4,10,1.1197546743221547
OldGuardNoBNB,4,11,1.1197546743221547
OldGuardNoBNB,4,12,1.1197546743221547
OldGuardNoBNB,4,13,1.1197546743221547
OldGuardNoBNB,4,14,1.1197546743221547
OldGuardNoBNB,4,15,1.1197546743221547
OldGuardNoBNB,4,16,1.1197546743221547
OldGuardNoBNB,4,17,1.1197546743221547
OldGuardNoBNB,4,18,1.1197546743221547
OldGuardNoBNB,4,19,1.1197546743221547
OldGuardNoBNB,4,20,1.1197546743221547
OldGuardNoBNB,4,21,1.1197546743221547
OldGuardNoBNB,4,22,1.1197546743221547
OldGuardNoBNB,4,23,1.1197546743221547
OldGuardNoBNB,4,24,1.1197546743221547
OldGuardNoBNB,4,25,1.1197546743221547
OldGuardNoBNB,4,26,1.1197546743221547
OldGuardNoBNB,4,27,1.396832164876366
OldGuardNoBNB,4,28,1.3780789041834651
OldGuardNoBNB,4,29,1.3780789041834651
OldGuardNoBNB,4,30,1.3675018376003991
OldGuardNoBNB,4,31,1.3675018376003991
OldGuardNoBNB,4,32,1.3675018376003991
OldGuardNoBNB,4,33,1.3675018376003991
OldGuardNoBNB,4,34,1.3675018376003991
OldGuardNoBNB,4,35,1.3675018376003991
OldGuardNoBNB,4,36,1.3675018376003991
OldGuardNoBNB,4,37,1.3675018376003991
OldGuardNoBNB,4,38,1.2753060812823436
OldGuardNoBNB,4,39,1.2753060812823436
OldGuardNoBNB,4,40,1.2753060812823436
OldGuardNoBNB,4,41,1.2753060812823436
OldGuardNoBNB,4,42,1.2753060812823436
OldGuardNoBNB,4,43,1.2753060812823436
OldGuardNoBNB,4,44,1.2753060812823436
OldGuardNoBNB,4,45,1.2753060812823436
OldGuardNoBNB,4,46,1.2753060812823436
OldGuardNoBNB,4,47,1.2753060812823436
OldGuardNoBNB,4,48,1.2753060812823436
OldGuardNoBNB,4,49,1.2753060812823436
OldGuardNoBNB,4,50,1.2753060812823436
OldGuardNoBNB,4,51,1.2753060812823436
OldGuardNoBNB,4,52,1.2753060812823436
OldGuardNoBNB,4,53,1.2753060812823436
OldGuardNoBNB,4,54,1.2753060812823436
OldGuardNoBNB,4,55,1.2753060812823436
OldGuardNoBNB,4,56,1.2753060812823436
OldGuardNoBNB,4,57,1.2753060812823436
OldGuardNoBNB,4,58,1.2753060812823436
OldGuardNoBNB,4,59,1.2753060812823436
OldGuardNoBNB,4,60,1.2753060812823436
OldGuardNoBNB,4,61,1.2753060812823436
OldGuardNoBNB,4,62,1.2753060812823436
OldGuardNoBNB,4,63,1.2753060812823436
OldGuardNoBNB,4,64,1.2753060812823436
OldGuardNoBNB,4,65,1.2753060812823436
OldGuardNoBNB,4,66,1.2753060812823436
OldGuardNoBNB,4,67,1.2753060812823436
OldGuardNoBNB,4,68,1.2753060812823436
OldGuardNoBNB,4,69,1.2405439890507612
OldGuardNoBNB,4,70,1.2405439890507612
OldGuardNoBNB,4,71,1.2405439890507612
OldGuardNoBNB,4,72,1.2405439890507612
OldGuardNoBNB,4,73,1.2405439890507612
OldGuardNoBNB,4,74,1.2405439890507612
OldGuardNoBNB,4,75,1.2405439890507612
OldGuardNoBNB,4,76,1.2405439890507612
OldGuardNoBNB,4,77,1.2405439890507612
OldGuardNoBNB,4,78,1.2405439890507612
OldGuardNoBNB,4,79,1.2405439890507612
OldGuardNoBNB,4,80,1.2405439890507612
OldGuardNoBNB,4,81,1.2405439890507612
OldGuardNoBNB,4,82,1.2405439890507612
OldGuardNoBNB,4,83,1.2405439890507612
OldGuardNoBNB,4,84,1.2405439890507612
OldGuardNoBNB,4,85,1.2405439890507612
OldGuardNoBNB,4,86,1.2405439890507612
OldGuardNoBNB,4,87,1.2405439890507612
OldGuardNoBNB,4,88,1.084066842685463
OldGuardNoBNB,4,89,1.084066842685463
OldGuardNoBNB,4,90,1.084066842685463
OldGuardNoBNB,4,91,1.084066842685463
OldGuardNoBNB,4,92,1.084066842685463
OldGuardNoBNB,4,93,1.084066842685463
OldGuardNoBNB,4,94,1.084066842685463
OldGuardNoBNB,4,95,1.084066842685463
OldGuardNoBNB,4,96,1.084066842685463
OldGuardNoBNB,4,97,1.084066842685463
OldGuardNoBNB,4,98,1.084066842685463
OldGuardNoBNB,4,99,1.084066842685463
OldGuardNoBNB,4,100,1.084066842685463
OldGuardNoBNB,4,101,1.084066842685463
OldGuardNoBNB,4,102,1.084066842685463
OldGuardNoBNB,4,103,1.084066842685463
OldGuardNoBNB,4,104,1.084066842685463
OldGuardNoBNB,4,105,1.084066842685463
OldGuardNoBNB,4,106,1.084066842685463
OldGuardNoBNB,4,107,1.084066842685463
OldGuardNoBNB,4,108,1.084066842685463
OldGuardNoBNB,4,109,1.084066842685463
OldGuardNoBNB,4,110,1.084066842685463
OldGuardNoBNB,4,111,1.084066842685463
OldGuardNoBNB,4,112,1.084066842685463
OldGuardNoBNB,4,113,1.084066842685463
OldGuardNoBNB,4,114,1.084066842685463
OldGuardNoBNB,4,115,1.084066842685463
OldGuardNoBNB,4,116,1.084066842685463
OldGuardNoBNB,4,117,1.084066842685463
OldGuardNoBNB,4,118,1.084066842685463
OldGuardNoBNB,4,119,1.2141058834013763
OldGuardNoBNB,4,120,1.2141058834013763
OldGuardNoBNB,5,0,1
OldGuardNoBNB,5,1,1
OldGuardNoBNB,5,2,1
OldGuardNoBNB,5,3,1
OldGuardNoBNB,5,4,1
OldGuardNoBNB,5,5,1
OldGuardNoBNB,5,6,1
OldGuardNoBNB,5,7,1
OldGuardNoBNB,5,8,1
OldGuardNoBNB,5,9,1
OldGuardNoBNB,5,10,1
OldGuardNoBNB,5,11,1
OldGuardNoBNB,5,12,1
OldGuardNoBNB,5,13,1
OldGuardNoBNB,5,14,1
OldGuardNoBNB,5,15,1
OldGuardNoBNB,5,16,1
OldGuardNoBNB,5,17,1
OldGuardNoBNB,5,18,1
OldGuardNoBNB,5,19,1
OldGuardNoBNB,5,20,1
OldGuardNoBNB,5,21,1
OldGuardNoBNB,5,22,1
OldGuardNoBNB,5,23,1
OldGuardNoBNB,5,24,1
OldGuardNoBNB,5,25,1.035976889248173
OldGuardNoBNB,5,26,1.035976889248173
OldGuardNoBNB,5,27,1.035976889248173
OldGuardNoBNB,5,28,1.035976889248173
OldGuardNoBNB,5,29,1.035976889248173
OldGuardNoBNB,5,30,1.035976889248173
OldGuardNoBNB,5,31,1.035976889248173
OldGuardNoBNB,5,32,1.035976889248173
OldGuardNoBNB,5,33,1.035976889248173
OldGuardNoBNB,5,34,1.035976889248173
OldGuardNoBNB,5,35,1.035976889248173
OldGuardNoBNB,5,36,1.035976889248173
OldGuardNoBNB,5,37,1.035976889248173
OldGuardNoBNB,5,38,1.035976889248173
OldGuardNoBNB,5,39,1.035976889248173
OldGuardNoBNB,5,40,1.035976889248173
OldGuardNoBNB,5,41,1.035976889248173
OldGuardNoBNB,5,42,1.035976889248173
OldGuardNoBNB,5,43,1.035976889248173
OldGuardNoBNB,5,44,1.035976889248173
OldGuardNoBNB,5,45,1.035976889248173
OldGuardNoBNB,5,46,1.035976889248173
OldGuardNoBNB,5,47,1.035976889248173
OldGuardNoBNB,5,48,1.035976889248173
OldGuardNoBNB,5,49,1.035976889248173
OldGuardNoBNB,5,50,1.035976889248173
OldGuardNoBNB,5,51,1.035976889248173
OldGuardNoBNB,5,52,1.035976889248173
OldGuardNoBNB,5,53,1.035976889248173
OldGuardNoBNB,5,54,1.035976889248173
OldGuardNoBNB,5,55,1.035976889248173
OldGuardNoBNB,5,56,1.035976889248173
OldGuardNoBNB,5,57,1.035976889248173
OldGuardNoBNB,5,58,1.035976889248173
OldGuardNoBNB,5,59,1.0232447352371312
OldGuardNoBNB,5,60,1.0232447352371312
OldGuardNoBNB,5,61,1.0232447352371312
OldGuardNoBNB,5,62,1.0232447352371312
OldGuardNoBNB,5,63,1.0232447352371312
OldGuardNoBNB,5,64,1.0232447352371312
OldGuardNoBNB,5,65,1.0232447352371312
OldGuardNoBNB,5,66,1.0232447352371312
OldGuardNoBNB,5,67,1.0232447352371312
OldGuardNoBNB,5,68,1.0232447352371312
OldGuardNoBNB,5,69,1.0232447352371312
OldGuardNoBNB,5,70,1.0232447352371312
OldGuardNoBNB,5,71,1.0232447352371312
OldGuardNoBNB,5,72,1.0232447352371312
OldGuardNoBNB,5,73,1.2967364499403693
OldGuardNoBNB,5,74,1.2967364499403693
OldGuardNoBNB,5,75,1.2967364499403693
OldGuardNoBNB,5,76,1.2967364499403693
OldGuardNoBNB,5,77,1.2967364499403693
OldGuardNoBNB,5,78,1.2967364499403693
OldGuardNoBNB,5,79,1.2967364499403693
OldGuardNoBNB,5,80,1.3757966819378271
OldGuardNoBNB,5,81,1.3757966819378271
OldGuardNoBNB,5,82,1.0354797968209206
OldGuardNoBNB,5,83,1.0354797968209206
OldGuardNoBNB,5,84,1.0354797968209206
OldGuardNoBNB,5,85,1.0354797968209206
OldGuardNoBNB,5,86,1.0354797968209206
OldGuardNoBNB,5,87,1.0354797968209206
OldGuardNoBNB,5,88,1.0354797968209206
OldGuardNoBNB,5,89,0.7977850640072972
OldGuardNoBNB,5,90,0.7977850640072972
OldGuardNoBNB,5,91,0.7977850640072972
OldGuardNoBNB,5,92,0.7977850640072972
OldGuardNoBNB,5,93,0.7977850640072972
OldGuardNoBNB,5,94,0.7977850640072972
OldGuardNoBNB,5,95,0.7977850640072972
OldGuardNoBNB,5,96,0.7977850640072972
OldGuardNoBNB,5,97,0.7977850640072972
OldGuardNoBNB,5,98,0.7977850640072972
OldGuardNoBNB,5,99,0.7977850640072972
OldGuardNoBNB,5,100,0.7977850640072972
OldGuardNoBNB,5,101,0.7653437930329527
OldGuardNoBNB,5,102,0.7653437930329527
OldGuardNoBNB,5,103,0.7653437930329527
OldGuardNoBNB,5,104,0.7653437930329527
OldGuardNoBNB,5,105,0.7653437930329527
OldGuardNoBNB,5,106,0.7653437930329527
OldGuardNoBNB,5,107,0.7653437930329527
OldGuardNoBNB,5,108,0.7653437930329527
OldGuardNoBNB,5,109,0.8205144262160341
OldGuardNoBNB,5,110,0.7705238890940508
OldGuardNoBNB,5,111,0.7705238890940508
OldGuardNoBNB,5,112,0.7705238890940508
OldGuardNoBNB,5,113,0.7705238890940508
OldGuardNoBNB,5,114,0.7705238890940508
OldGuardNoBNB,5,115,0.7705238890940508
OldGuardNoBNB,5,116,0.7705238890940508
OldGuardNoBNB,5,117,0.7705238890940508
OldGuardNoBNB,5,118,0.7705238890940508
OldGuardNoBNB,5,119,0.7705238890940508
OldGuardNoBNB,5,120,0.7705238890940508
OldGuardNoBNB,5,121,0.7705238890940508
OldGuardNoBNB,5,122,0.7705238890940508
OldGuardNoBNB,5,123,0.7705238890940508
OldGuardNoBNB,5,124,0.7705238890940508
OldGuardNoBNB,5,125,0.7705238890940508
OldGuardNoBNB,5,126,0.7705238890940508
OldGuardNoBNB,5,127,0.7705238890940508
OldGuardNoBNB,5,128,0.7705238890940508
OldGuardNoBNB,5,129,0.7705238890940508
OldGuardNoBNB,5,130,0.7705238890940508
OldGuardNoBNB,5,131,0.7705238890940508
OldGuardNoBNB,5,132,0.7319812229220196
OldGuardNoBNB,6,0,1
OldGuardNoBNB,6,1,1
OldGuardNoBNB,6,2,1
OldGuardNoBNB,6,3,1
OldGuardNoBNB,6,4,1
OldGuardNoBNB,6,5,1
OldGuardNoBNB,6,6,1
OldGuardNoBNB,6,7,1
OldGuardNoBNB,6,8,1
OldGuardNoBNB,6,9,1
OldGuardNoBNB,6,10,1
OldGuardNoBNB,6,11,1
OldGuardNoBNB,6,12,1
OldGuardNoBNB,6,13,1
OldGuardNoBNB,6,14,1
OldGuardNoBNB,6,15,1
OldGuardNoBNB,6,16,1
OldGuardNoBNB,6,17,1
OldGuardNoBNB,6,18,1
OldGuardNoBNB,6,19,1
OldGuardNoBNB,6,20,1
OldGuardNoBNB,6,21,1
OldGuardNoBNB,6,22,1
OldGuardNoBNB,6,23,1
OldGuardNoBNB,6,24,1
OldGuardNoBNB,6,25,1.3113415941319246
OldGuardNoBNB,6,26,1.3113415941319246
OldGuardNoBNB,6,27,1.3189093936544638
OldGuardNoBNB,6,28,1.3189093936544638
OldGuardNoBNB,6,29,1.3189093936544638
OldGuardNoBNB,6,30,1.3189093936544638
OldGuardNoBNB,6,31,1.3189093936544638
OldGuardNoBNB,6,32,1.3189093936544638
OldGuardNoBNB,6,33,1.3189093936544638
OldGuardNoBNB,6,34,1.3189093936544638
OldGuardNoBNB,6,35,1.252285362473944
OldGuardNoBNB,6,36,1.252285362473944
OldGuardNoBNB,6,37,1.252285362473944
OldGuardNoBNB,6,38,1.252285362473944
OldGuardNoBNB,6,39,1.252285362473944
OldGuardNoBNB,6,40,1.252285362473944
OldGuardNoBNB,6,41,1.252285362473944
OldGuardNoBNB,6,42,1.252285362473944
OldGuardNoBNB,6,43,1.252285362473944
OldGuardNoBNB,6,44,1.252285362473944
OldGuardNoBNB,6,45,1.252285362473944
OldGuardNoBNB,6,46,1.252285362473944
OldGuardNoBNB,6,47,1.4263542895076307
OldGuardNoBNB,6,48,1.4263542895076307
OldGuardNoBNB,6,49,1.4263542895076307
OldGuardNoBNB,6,50,1.4263542895076307
OldGuardNoBNB,6,51,1.5164922317729437
OldGuardNoBNB,6,52,1.4729773054006627
OldGuardNoBNB,6,53,1.4729773054006627
OldGuardNoBNB,6,54,1.4729773054006627
OldGuardNoBNB,6,55,1.2911708055822713
OldGuardNoBNB,6,56,1.2911708055822713
OldGuardNoBNB,6,57,1.2911708055822713
OldGuardNoBNB,6,58,1.2911708055822713
OldGuardNoBNB,6,59,1.2911708055822713
OldGuardNoBNB,6,60,1.2911708055822713
OldGuardNoBNB,6,61,1.2911708055822713
OldGuardNoBNB,6,62,1.2911708055822713
OldGuardNoBNB,6,63,1.2911708055822713
OldGuardNoBNB,6,64,1.2911708055822713
OldGuardNoBNB,6,65,1.2911708055822713
OldGuardNoBNB,6,66,1.2911708055822713
OldGuardNoBNB,6,67,1.2911708055822713
OldGuardNoBNB,6,68,1.2911708055822713
OldGuardNoBNB,6,69,1.2911708055822713
OldGuardNoBNB,6,70,1.2911708055822713
OldGuardNoBNB,6,71,1.2911708055822713
OldGuardNoBNB,6,72,1.2911708055822713
OldGuardNoBNB,6,73,1.2911708055822713
OldGuardNoBNB,6,74,1.2911708055822713
OldGuardNoBNB,6,75,1.2911708055822713
OldGuardNoBNB,6,76,1.2911708055822713
OldGuardNoBNB,6,77,1.2911708055822713
OldGuardNoBNB,6,78,1.2911708055822713
OldGuardNoBNB,6,79,1.2911708055822713
OldGuardNoBNB,6,80,1.2911708055822713
OldGuardNoBNB,6,81,1.2911708055822713
OldGuardNoBNB,6,82,1.2911708055822713
OldGuardNoBNB,6,83,1.2911708055822713
OldGuardNoBNB,6,84,1.2911708055822713
OldGuardNoBNB,6,85,1.2911708055822713
OldGuardNoBNB,6,86,1.2911708055822713
OldGuardNoBNB,6,87,1.2911708055822713
OldGuardNoBNB,6,88,1.2911708055822713
OldGuardNoBNB,6,89,1.2911708055822713
OldGuardNoBNB,6,90,1.2911708055822713
OldGuardNoBNB,6,91,1.2911708055822713
OldGuardNoBNB,6,92,1.2911708055822713
OldGuardNoBNB,6,93,1.2911708055822713
OldGuardNoBNB,6,94,1.2911708055822713
OldGuardNoBNB,6,95,1.4182427038003307
OldGuardNoBNB,6,96,1.4182427038003307
OldGuardNoBNB,6,97,1.4182427038003307
OldGuardNoBNB,6,98,1.4182427038003307
OldGuardNoBNB,6,99,1.4182427038003307
OldGuardNoBNB,6,100,1.4182427038003307
OldGuardNoBNB,6,101,1.4182427038003307
OldGuardNoBNB,6,102,1.4182427038003307
OldGuardNoBNB,6,103,1.4182427038003307
OldGuardNoBNB,6,104,1.4182427038003307
OldGuardNoBNB,6,105,1.320808993869749
OldGuardNoBNB,6,106,1.320808993869749
OldGuardNoBNB,6,107,1.320808993869749
OldGuardNoBNB,6,108,1.320808993869749
OldGuardNoBNB,6,109,1.320808993869749
OldGuardNoBNB,6,110,1.320808993869749
OldGuardNoBNB,6,111,1.320808993869749
OldGuardNoBNB,6,112,1.320808993869749
OldGuardNoBNB,6,113,1.320808993869749
OldGuardNoBNB,6,114,1.320808993869749
OldGuardNoBNB,6,115,1.320808993869749
OldGuardNoBNB,6,116,1.320808993869749
OldGuardNoBNB,6,117,1.320808993869749
OldGuardNoBNB,6,118,1.5907121987555706
OldGuardNoBNB,6,119,1.3898695404864512
OldGuardNoBNB,7,0,1
OldGuardNoBNB,7,1,1
OldGuardNoBNB,7,2,1
OldGuardNoBNB,7,3,1
OldGuardNoBNB,7,4,1
OldGuardNoBNB,7,5,1
OldGuardNoBNB,7,6,1
OldGuardNoBNB,7,7,1
OldGuardNoBNB,7,8,1
OldGuardNoBNB,7,9,1
OldGuardNoBNB,7,10,1
OldGuardNoBNB,7,11,1
OldGuardNoBNB,7,12,1
OldGuardNoBNB,7,13,1
OldGuardNoBNB,7,14,1
OldGuardNoBNB,7,15,1
OldGuardNoBNB,7,16,1
OldGuardNoBNB,7,17,1
OldGuardNoBNB,7,18,1
OldGuardNoBNB,7,19,1
OldGuardNoBNB,7,20,1
OldGuardNoBNB,7,21,1
OldGuardNoBNB,7,22,1
OldGuardNoBNB,7,23,1
OldGuardNoBNB,7,24,1
OldGuardNoBNB,7,25,1
OldGuardNoBNB,7,26,1
OldGuardNoBNB,7,27,1
OldGuardNoBNB,7,28,0.9575047154338199
OldGuardNoBNB,7,29,0.9575047154338199
OldGuardNoBNB,7,30,0.9575047154338199
OldGuardNoBNB,7,31,0.9575047154338199
OldGuardNoBNB,7,32,0.9575047154338199
OldGuardNoBNB,7,33,0.9575047154338199
OldGuardNoBNB,7,34,0.9575047154338199
OldGuardNoBNB,7,35,0.9575047154338199
OldGuardNoBNB,7,36,0.9575047154338199
OldGuardNoBNB,7,37,0.9575047154338199
OldGuardNoBNB,7,38,0.9575047154338199
OldGuardNoBNB,7,39,1.1576051997855457
OldGuardNoBNB,7,40,1.3057771329727255
OldGuardNoBNB,7,41,1.3057771329727255
OldGuardNoBNB,7,42,1.3057771329727255
OldGuardNoBNB,7,43,1.3018143566506175
OldGuardNoBNB,7,44,1.3018143566506175
OldGuardNoBNB,7,45,1.4158961177136253
OldGuardNoBNB,7,46,1.4158961177136253
OldGuardNoBNB,7,47,1.6596975901237725
OldGuardNoBNB,7,48,1.6596975901237725
OldGuardNoBNB,7,49,1.6596975901237725
OldGuardNoBNB,7,50,1.6596975901237725
OldGuardNoBNB,7,51,1.5646309876747295
OldGuardNoBNB,7,52,1.5646309876747295
OldGuardNoBNB,7,53,1.5646309876747295
OldGuardNoBNB,7,54,1.5646309876747295
OldGuardNoBNB,7,55,1.5646309876747295
OldGuardNoBNB,7,56,1.5646309876747295
OldGuardNoBNB,7,57,1.5646309876747295
OldGuardNoBNB,7,58,1.5646309876747295
OldGuardNoBNB,7,59,1.5646309876747295
OldGuardNoBNB,7,60,1.5646309876747295
OldGuardNoBNB,7,61,1.5646309876747295
OldGuardNoBNB,7,62,1.5646309876747295
OldGuardNoBNB,7,63,1.5646309876747295
OldGuardNoBNB,7,64,1.5646309876747295
OldGuardNoBNB,7,65,1.5646309876747295
OldGuardNoBNB,7,66,1.5646309876747295
OldGuardNoBNB,7,67,1.5646309876747295
OldGuardNoBNB,7,68,1.5646309876747295
OldGuardNoBNB,7,69,1.5646309876747295
OldGuardNoBNB,7,70,1.5646309876747295
OldGuardNoBNB,7,71,1.5646309876747295
OldGuardNoBNB,7,72,1.5646309876747295
OldGuardNoBNB,7,73,1.5646309876747295
OldGuardNoBNB,7,74,1.5646309876747295
OldGuardNoBNB,7,75,1.8399805405501608
OldGuardNoBNB,7,76,1.8399805405501608
OldGuardNoBNB,7,77,1.8399805405501608
OldGuardNoBNB,7,78,1.8399805405501608
OldGuardNoBNB,7,79,1.8399805405501608
OldGuardNoBNB,7,80,2.3039185188580955
OldGuardNoBNB,7,81,2.133729684600792
OldGuardNoBNB,7,82,2.133729684600792
OldGuardNoBNB,7,83,2.133729684600792
OldGuardNoBNB,7,84,2.133729684600792
OldGuardNoBNB,7,85,2.133729684600792
OldGuardNoBNB,7,86,2.133729684600792
OldGuardNoBNB,7,87,2.133729684600792
OldGuardNoBNB,7,88,2.133729684600792
OldGuardNoBNB,7,89,2.133729684600792
OldGuardNoBNB,7,90,2.133729684600792
OldGuardNoBNB,7,91,2.133729684600792
OldGuardNoBNB,7,92,2.133729684600792
OldGuardNoBNB,7,93,2.133729684600792
OldGuardNoBNB,7,94,2.133729684600792
OldGuardNoBNB,7,95,2.133729684600792
OldGuardNoBNB,7,96,2.133729684600792
OldGuardNoBNB,7,97,1.930885264520534
OldGuardNoBNB,7,98,1.930885264520534
OldGuardNoBNB,7,99,1.930885264520534
OldGuardNoBNB,7,100,1.930885264520534
OldGuardNoBNB,7,101,1.930885264520534
OldGuardNoBNB,7,102,1.930885264520534
OldGuardNoBNB,7,103,1.930885264520534
OldGuardNoBNB,7,104,2.2118476396023206
LargeCaps5,0,0,1
LargeCaps5,0,1,1
LargeCaps5,0,2,1.3071081111900196
LargeCaps5,0,3,1.3071081111900196
LargeCaps5,0,4,1.3071081111900196
LargeCaps5,0,5,1.3071081111900196
LargeCaps5,0,6,1.3071081111900196
LargeCaps5,0,7,1.3071081111900196
LargeCaps5,0,8,1.3071081111900196
LargeCaps5,0,9,1.3071081111900196
LargeCaps5,0,10,1.3071081111900196
LargeCaps5,0,11,1.3071081111900196
LargeCaps5,0,12,1.3071081111900196
LargeCaps5,0,13,1.3071081111900196
LargeCaps5,0,14,1.3071081111900196
LargeCaps5,0,15,1.3071081111900196
LargeCaps5,0,16,0.7632109721893177
LargeCaps5,0,17,0.7632109721893177
LargeCaps5,0,18,0.7632109721893177
LargeCaps5,0,19,0.7632109721893177
LargeCaps5,0,20,0.7632109721893177
LargeCaps5,0,21,0.7632109721893177
LargeCaps5,0,22,0.7632109721893177
LargeCaps5,0,23,0.7632109721893177
LargeCaps5,0,24,0.7632109721893177
LargeCaps5,0,25,0.7632109721893177
LargeCaps5,0,26,0.7632109721893177
LargeCaps5,0,27,0.7632109721893177
LargeCaps5,0,28,0.7632109721893177
LargeCaps5,0,29,0.7632109721893177
LargeCaps5,0,30,0.7632109721893177
LargeCaps5,0,31,0.7632109721893177
LargeCaps5,0,32,0.9021815303723925
LargeCaps5,0,33,0.9021815303723925
LargeCaps5,0,34,0.9021815303723925
LargeCaps5,0,35,0.9021815303723925
LargeCaps5,0,36,0.9021815303723925
LargeCaps5,0,37,0.9021815303723925
LargeCaps5,0,38,0.9021815303723925
LargeCaps5,0,39,0.9021815303723925
LargeCaps5,0,40,0.9021815303723925
LargeCaps5,0,41,0.9021815303723925
LargeCaps5,0,42,0.9021815303723925
LargeCaps5,0,43,0.9021815303723925
LargeCaps5,0,44,0.9021815303723925
LargeCaps5,0,45,0.9021815303723925
LargeCaps5,0,46,0.9021815303723925
LargeCaps5,0,47,0.9021815303723925
LargeCaps5,0,48,0.9021815303723925
LargeCaps5,0,49,0.9021815303723925
LargeCaps5,0,50,0.9021815303723925
LargeCaps5,0,51,0.9021815303723925
LargeCaps5,0,52,0.9021815303723925
LargeCaps5,0,53,0.9021815303723925
LargeCaps5,0,54,0.9021815303723925
LargeCaps5,0,55,0.9021815303723925
LargeCaps5,0,56,0.9021815303723925
LargeCaps5,0,57,0.9021815303723925
LargeCaps5,0,58,0.9021815303723925
LargeCaps5,0,59,0.9021815303723925
LargeCaps5,0,60,0.9021815303723925
LargeCaps5,0,61,0.9021815303723925
LargeCaps5,0,62,0.9021815303723925
LargeCaps5,0,63,0.9021815303723925
LargeCaps5,0,64,0.9021815303723925
LargeCaps5,0,65,0.9021815303723925
LargeCaps5,0,66,0.9021815303723925
LargeCaps5,0,67,0.9021815303723925
LargeCaps5,0,68,1.0074684942584458
LargeCaps5,0,69,1.498158272916115
LargeCaps5,0,70,2.1457122862189877
LargeCaps5,0,71,2.1457122862189877
LargeCaps5,0,72,2.1457122862189877
LargeCaps5,0,73,2.1457122862189877
LargeCaps5,0,74,2.1457122862189877
LargeCaps5,0,75,2.1457122862189877
LargeCaps5,0,76,2.1457122862189877
LargeCaps5,0,77,2.6320950884260275
LargeCaps5,0,78,2.6320950884260275
LargeCaps5,0,79,2.6320950884260275
LargeCaps5,0,80,2.6320950884260275
LargeCaps5,0,81,2.6320950884260275
LargeCaps5,0,82,2.6320950884260275
LargeCaps5,0,83,2.625636074874776
LargeCaps5,0,84,3.3502206599349327
LargeCaps5,0,85,3.4014771612126675
LargeCaps5,0,86,3.4014771612126675
LargeCaps5,0,87,3.4014771612126675
LargeCaps5,0,88,3.4014771612126675
LargeCaps5,0,89,3.4014771612126675
LargeCaps5,0,90,3.4014771612126675
LargeCaps5,0,91,3.4014771612126675
LargeCaps5,0,92,3.4014771612126675
LargeCaps5,0,93,3.4014771612126675
LargeCaps5,0,94,3.4014771612126675
LargeCaps5,0,95,3.4014771612126675
LargeCaps5,0,96,3.4014771612126675
LargeCaps5,0,97,3.4014771612126675
LargeCaps5,0,98,3.4014771612126675
LargeCaps5,0,99,3.4014771612126675
LargeCaps5,0,100,3.4014771612126675
LargeCaps5,0,101,3.4014771612126675
LargeCaps5,0,102,4.778932542467351
LargeCaps5,0,103,4.778932542467351
LargeCaps5,0,104,4.778932542467351
LargeCaps5,0,105,4.778932542467351
LargeCaps5,0,106,4.778932542467351
LargeCaps5,0,107,4.778932542467351
LargeCaps5,1,0,1
LargeCaps5,1,1,1
LargeCaps5,1,2,1
LargeCaps5,1,3,1
LargeCaps5,1,4,1
LargeCaps5,1,5,1
LargeCaps5,1,6,1
LargeCaps5,1,7,1
LargeCaps5,1,8,1
LargeCaps5,1,9,1
LargeCaps5,1,10,1
LargeCaps5,1,11,1
LargeCaps5,1,12,1
LargeCaps5,1,13,1
LargeCaps5,1,14,1
LargeCaps5,1,15,1
LargeCaps5,1,16,1
LargeCaps5,1,17,1
LargeCaps5,1,18,1
LargeCaps5,1,19,1
LargeCaps5,1,20,1
LargeCaps5,1,21,1
LargeCaps5,1,22,1
LargeCaps5,1,23,1
LargeCaps5,1,24,1
LargeCaps5,1,25,1
LargeCaps5,1,26,1
LargeCaps5,1,27,1
LargeCaps5,1,28,1
LargeCaps5,1,29,1
LargeCaps5,1,30,1
LargeCaps5,1,31,1
LargeCaps5,1,32,1
LargeCaps5,1,33,0.8967835971618009
LargeCaps5,1,34,0.8967835971618009
LargeCaps5,1,35,0.8967835971618009
LargeCaps5,1,36,0.8967835971618009
LargeCaps5,1,37,0.8967835971618009
LargeCaps5,1,38,0.8967835971618009
LargeCaps5,1,39,0.8967835971618009
LargeCaps5,1,40,0.8967835971618009
LargeCaps5,1,41,0.8967835971618009
LargeCaps5,1,42,0.8967835971618009
LargeCaps5,1,43,0.8967835971618009
LargeCaps5,1,44,0.8967835971618009
LargeCaps5,1,45,0.8967835971618009
LargeCaps5,1,46,0.8967835971618009
LargeCaps5,1,47,0.8967835971618009
LargeCaps5,1,48,0.8967835971618009
LargeCaps5,1,49,0.8967835971618009
LargeCaps5,1,50,0.8967835971618009
LargeCaps5,1,51,0.8967835971618009
LargeCaps5,1,52,0.8967835971618009
LargeCaps5,1,53,0.8967835971618009
LargeCaps5,1,54,0.8967835971618009
LargeCaps5,1,55,0.8967835971618009
LargeCaps5,1,56,0.8967835971618009
LargeCaps5,1,57,0.8967835971618009
LargeCaps5,1,58,0.8967835971618009
LargeCaps5,1,59,0.8967835971618009
LargeCaps5,1,60,0.8967835971618009
LargeCaps5,1,61,0.8967835971618009
LargeCaps5,1,62,0.8967835971618009
LargeCaps5,1,63,0.8967835971618009
LargeCaps5,1,64,0.8967835971618009
LargeCaps5,1,65,0.8967835971618009
LargeCaps5,1,66,0.8967835971618009
LargeCaps5,1,67,0.8967835971618009
LargeCaps5,1,68,0.8967835971618009
LargeCaps5,1,69,0.8967835971618009
LargeCaps5,1,70,0.8967835971618009
LargeCaps5,1,71,0.8967835971618009
LargeCaps5,1,72,0.8967835971618009
LargeCaps5,1,73,0.8967835971618009
LargeCaps5,1,74,0.9879723051784611
LargeCaps5,1,75,0.9879723051784611
LargeCaps5,1,76,0.9879723051784611
LargeCaps5,1,77,0.9879723051784611
LargeCaps5,1,78,0.9879723051784611
LargeCaps5,1,79,0.9879723051784611
LargeCaps5,1,80,0.9879723051784611
LargeCaps5,1,81,0.9879723051784611
LargeCaps5,1,82,0.9879723051784611
LargeCaps5,1,83,0.9879723051784611
LargeCaps5,1,84,0.9879723051784611
LargeCaps5,1,85,0.9879723051784611
LargeCaps5,1,86,1.0499291568102642
LargeCaps5,1,87,1.0499291568102642
LargeCaps5,1,88,1.0499291568102642
LargeCaps5,1,89,1.0499291568102642
LargeCaps5,1,90,1.0499291568102642
LargeCaps5,1,91,1.0499291568102642
LargeCaps5,1,92,1.0499291568102642
LargeCaps5,1,93,1.0499291568102642
LargeCaps5,1,94,1.0499291568102642
LargeCaps5,1,95,1.0499291568102642
LargeCaps5,1,96,1.0499291568102642
LargeCaps5,1,97,1.0499291568102642
LargeCaps5,1,98,1.0499291568102642
LargeCaps5,1,99,1.0499291568102642
LargeCaps5,1,100,1.0499291568102642
LargeCaps5,1,101,1.0499291568102642
LargeCaps5,1,102,1.0499291568102642
LargeCaps5,1,103,1.0499291568102642
LargeCaps5,1,104,1.0499291568102642
LargeCaps5,1,105,1.0499291568102642
LargeCaps5,1,106,1.0499291568102642
LargeCaps5,1,107,1.0499291568102642
LargeCaps5,1,108,1.0499291568102642
LargeCaps5,1,109,1.0499291568102642
LargeCaps5,1,110,1.0499291568102642
LargeCaps5,1,111,1.0499291568102642
LargeCaps5,1,112,1.0499291568102642
LargeCaps5,1,113,1.0499291568102642
LargeCaps5,1,114,1.0499291568102642
LargeCaps5,1,115,1.0499291568102642
LargeCaps5,1,116,1.0499291568102642
LargeCaps5,1,117,1.0499291568102642
LargeCaps5,1,118,1.0499291568102642
LargeCaps5,1,119,1.0499291568102642
LargeCaps5,1,120,1.0499291568102642
LargeCaps5,1,121,1.0499291568102642
LargeCaps5,1,122,1.0499291568102642
LargeCaps5,1,123,1.0499291568102642
LargeCaps5,1,124,1.0499291568102642
LargeCaps5,1,125,1.0499291568102642
LargeCaps5,1,126,1.0499291568102642
LargeCaps5,1,127,1.0499291568102642
LargeCaps5,1,128,1.0499291568102642
LargeCaps5,1,129,1.0499291568102642
LargeCaps5,1,130,1.0499291568102642
LargeCaps5,1,131,1.0499291568102642
LargeCaps5,1,132,1.0499291568102642
LargeCaps5,1,133,1.0499291568102642
LargeCaps5,1,134,1.0499291568102642
LargeCaps5,1,135,1.0499291568102642
LargeCaps5,1,136,1.0499291568102642
LargeCaps5,1,137,1.0499291568102642
LargeCaps5,1,138,1.0499291568102642
LargeCaps5,1,139,1.0499291568102642
LargeCaps5,1,140,1.0499291568102642
LargeCaps5,1,141,1.0499291568102642
LargeCaps5,1,142,1.0499291568102642
LargeCaps5,1,143,1.0499291568102642
LargeCaps5,1,144,1.0499291568102642
LargeCaps5,1,145,1.0499291568102642
LargeCaps5,1,146,1.0499291568102642
LargeCaps5,1,147,1.1117758588339979
LargeCaps5,1,148,1.1117758588339979
LargeCaps5,1,149,1.1117758588339979
LargeCaps5,1,150,1.1117758588339979
LargeCaps5,1,151,1.0797250523832371
LargeCaps5,1,152,1.0537066741498953
LargeCaps5,1,153,1.0537066741498953
LargeCaps5,1,154,1.0537066741498953
LargeCaps5,1,155,1.0537066741498953
LargeCaps5,1,156,1.0537066741498953
LargeCaps5,1,157,1.0537066741498953
LargeCaps5,1,158,1.0537066741498953
LargeCaps5,1,159,1.0537066741498953
LargeCaps5,1,160,1.0537066741498953
LargeCaps5,1,161,1.0537066741498953
LargeCaps5,1,162,1.0537066741498953
LargeCaps5,1,163,1.0537066741498953
LargeCaps5,1,164,1.0537066741498953
LargeCaps5,1,165,1.0537066741498953
LargeCaps5,1,166,1.0537066741498953
LargeCaps5,1,167,1.0537066741498953
LargeCaps5,1,168,1.0537066741498953
LargeCaps5,1,169,1.0537066741498953
LargeCaps5,1,170,1.0537066741498953
LargeCaps5,1,171,1.0537066741498953
LargeCaps5,1,172,1.0537066741498953
LargeCaps5,2,0,1
LargeCaps5,2,1,1
LargeCaps5,2,2,1
LargeCaps5,2,3,1
LargeCaps5,2,4,1
LargeCaps5,2,5,1
LargeCaps5,2,6,1
LargeCaps5,2,7,0.8620562130177517
LargeCaps5,2,8,1.0489485129256677
LargeCaps5,2,9,1.0489485129256677
LargeCaps5,2,10,1.0489485129256677
LargeCaps5,2,11,1.0489485129256677
LargeCaps5,2,12,1.0489485129256677
LargeCaps5,2,13,1.0489485129256677
LargeCaps5,2,14,1.0489485129256677
LargeCaps5,2,15,1.2791755835856835
LargeCaps5,2,16,1.215901601399021
LargeCaps5,2,17,1.215901601399021
LargeCaps5,2,18,1.215901601399021
LargeCaps5,2,19,1.215901601399021
LargeCaps5,2,20,1.215901601399021
LargeCaps5,2,21,1.215901601399021
LargeCaps5,2,22,1.215901601399021
LargeCaps5,2,23,1.1734230814992954
LargeCaps5,2,24,1.1734230814992954
LargeCaps5,2,25,1.1734230814992954
LargeCaps5,2,26,1.1734230814992954
LargeCaps5,2,27,1.1734230814992954
LargeCaps5,2,28,1.1734230814992954
LargeCaps5,2,29,1.1734230814992954
LargeCaps5,2,30,1.1734230814992954
LargeCaps5,2,31,1.1734230814992954
LargeCaps5,2,32,1.1734230814992954
LargeCaps5,2,33,1.1734230814992954
LargeCaps5,2,34,1.1734230814992954
LargeCaps5,2,35,1.1734230814992954
LargeCaps5,2,36,1.1734230814992954
LargeCaps5,2,37,1.1734230814992954
LargeCaps5,2,38,1.1734230814992954
LargeCaps5,2,39,1.1734230814992954
LargeCaps5,2,40,1.1734230814992954
LargeCaps5,2,41,1.1734230814992954
LargeCaps5,2,42,1.1734230814992954
LargeCaps5,2,43,1.1734230814992954
LargeCaps5,2,44,1.1734230814992954
LargeCaps5,2,45,1.1734230814992954
LargeCaps5,2,46,1.1734230814992954
LargeCaps5,2,47,1.1734230814992954
LargeCaps5,2,48,1.1734230814992954
LargeCaps5,2,49,1.1734230814992954
LargeCaps5,2,50,1.1734230814992954
LargeCaps5,2,51,1.1734230814992954
LargeCaps5,2,52,1.164629230299268
LargeCaps5,2,53,1.366698233562695
LargeCaps5,2,54,1.4362300739092395
LargeCaps5,2,55,1.4362300739092395
LargeCaps5,2,56,1.4362300739092395
LargeCaps5,2,57,1.4362300739092395
LargeCaps5,2,58,1.4362300739092395
LargeCaps5,2,59,1.4362300739092395
LargeCaps5,2,60,1.4362300739092395
LargeCaps5,2,61,1.4362300739092395
LargeCaps5,2,62,1.4362300739092395
LargeCaps5,2,63,1.4362300739092395
LargeCaps5,2,64,1.1446142169036932
LargeCaps5,2,65,1.1446142169036932
LargeCaps5,2,66,1.1446142169036932
LargeCaps5,2,67,1.1446142169036932
LargeCaps5,2,68,1.1446142169036932
LargeCaps5,2,69,1.1446142169036932
LargeCaps5,2,70,1.1446142169036932
LargeCaps5,2,71,1.1446142169036932
LargeCaps5,2,72,1.1446142169036932
LargeCaps5,2,73,1.1446142169036932
LargeCaps5,2,74,1.1446142169036932
LargeCaps5,2,75,1.1446142169036932
LargeCaps5,2,76,1.1446142169036932
LargeCaps5,2,77,1.1446142169036932
LargeCaps5,2,78,1.1446142169036932
LargeCaps5,2,79,1.1446142169036932
LargeCaps5,2,80,1.1446142169036932
LargeCaps5,2,81,1.1446142169036932
LargeCaps5,2,82,1.1446142169036932
LargeCaps5,2,83,1.1446142169036932
LargeCaps5,2,84,1.1446142169036932
LargeCaps5,2,85,1.1446142169036932
LargeCaps5,2,86,1.1446142169036932
LargeCaps5,2,87,1.1446142169036932
LargeCaps5,2,88,1.1446142169036932
LargeCaps5,2,89,1.1446142169036932
LargeCaps5,2,90,1.1446142169036932
LargeCaps5,2,91,1.1446142169036932
LargeCaps5,2,92,1.1446142169036932
LargeCaps5,2,93,1.1446142169036932
LargeCaps5,2,94,1.1446142169036932
LargeCaps5,2,95,1.1446142169036932
LargeCaps5,2,96,1.2910188342287883
LargeCaps5,2,97,1.2910188342287883
LargeCaps5,2,98,1.448333880829908
LargeCaps5,2,99,1.448333880829908
LargeCaps5,2,100,1.7657627594004115
LargeCaps5,3,0,1
LargeCaps5,3,1,0.995159070551237
LargeCaps5,3,2,0.995159070551237
LargeCaps5,3,3,0.995159070551237
LargeCaps5,3,4,0.995159070551237
LargeCaps5,3,5,0.995159070551237
LargeCaps5,3,6,0.995159070551237
LargeCaps5,3,7,0.995159070551237
LargeCaps5,3,8,0.995159070551237
LargeCaps5,3,9,0.995159070551237
LargeCaps5,3,10,1.0167512264751142
LargeCaps5,3,11,1.0167512264751142
LargeCaps5,3,12,1.429557695919469
LargeCaps5,3,13,1.429557695919469
LargeCaps5,3,14,1.429557695919469
LargeCaps5,3,15,1.429557695919469
LargeCaps5,3,16,1.429557695919469
LargeCaps5,3,17,1.429557695919469
LargeCaps5,3,18,1.429557695919469
LargeCaps5,3,19,1.2556319565922367
LargeCaps5,3,20,1.2556319565922367
LargeCaps5,3,21,1.2556319565922367
LargeCaps5,3,22,1.4747428391011257
LargeCaps5,3,23,1.4853833239902308
LargeCaps5,3,24,1.4853833239902308
LargeCaps5,3,25,1.4853833239902308
LargeCaps5,3,26,1.4853833239902308
LargeCaps5,3,27,1.4853833239902308
LargeCaps5,3,28,1.4853833239902308
LargeCaps5,3,29,1.4853833239902308
LargeCaps5,3,30,1.4853833239902308
LargeCaps5,3,31,1.4853833239902308
LargeCaps5,3,32,1.4853833239902308
LargeCaps5,3,33,1.3420720414383818
LargeCaps5,3,34,1.3420720414383818
LargeCaps5,3,35,1.3420720414383818
LargeCaps5,3,36,1.3420720414383818
LargeCaps5,3,37,1.3420720414383818
LargeCaps5,3,38,1.3420720414383818
LargeCaps5,3,39,2.5674206368172667
LargeCaps5,3,40,2.5674206368172667
LargeCaps5,3,41,2.808271275405177
LargeCaps5,3,42,4.256092194194693
LargeCaps5,3,43,4.256092194194693
LargeCaps5,3,44,4.256092194194693
LargeCaps5,3,45,4.256092194194693
LargeCaps5,3,46,4.256092194194693
LargeCaps5,3,47,4.256092194194693
LargeCaps5,3,48,4.256092194194693
LargeCaps5,3,49,4.256092194194693
LargeCaps5,3,50,4.256092194194693
LargeCaps5,3,51,4.256092194194693
LargeCaps5,3,52,4.256092194194693
LargeCaps5,3,53,4.256092194194693
LargeCaps5,3,54,4.256092194194693
LargeCaps5,3,55,4.256092194194693
LargeCaps5,3,56,4.256092194194693
LargeCaps5,3,57,4.256092194194693
LargeCaps5,3,58,4.256092194194693
LargeCaps5,3,59,4.256092194194693
LargeCaps5,3,60,4.256092194194693
LargeCaps5,3,61,4.256092194194693
LargeCaps5,3,62,4.256092194194693
LargeCaps5,3,63,4.256092194194693
LargeCaps5,3,64,4.256092194194693
LargeCaps5,3,65,4.256092194194693
LargeCaps5,3,66,4.256092194194693
LargeCaps5,3,67,4.256092194194693
LargeCaps5,3,68,4.256092194194693
LargeCaps5,3,69,4.256092194194693
LargeCaps5,3,70,4.256092194194693
LargeCaps5,3,71,4.256092194194693
LargeCaps5,3,72,4.256092194194693
LargeCaps5,3,73,4.256092194194693
LargeCaps5,3,74,4.256092194194693
LargeCaps5,3,75,4.256092194194693
LargeCaps5,3,76,4.256092194194693
LargeCaps5,3,77,4.256092194194693
LargeCaps5,3,78,4.256092194194693
LargeCaps5,3,79,4.256092194194693
LargeCaps5,3,80,4.256092194194693
LargeCaps5,3,81,4.256092194194693
LargeCaps5,3,82,4.256092194194693
LargeCaps5,3,83,4.256092194194693
LargeCaps5,3,84,4.256092194194693
LargeCaps5,3,85,4.256092194194693
LargeCaps5,3,86,4.256092194194693
LargeCaps5,3,87,4.256092194194693
LargeCaps5,3,88,4.256092194194693
LargeCaps5,3,89,4.256092194194693
LargeCaps5,3,90,4.256092194194693
LargeCaps5,3,91,4.256092194194693
LargeCaps5,3,92,4.256092194194693
LargeCaps5,3,93,4.256092194194693
LargeCaps5,3,94,4.256092194194693
LargeCaps5,3,95,4.256092194194693
LargeCaps5,3,96,4.256092194194693
LargeCaps5,3,97,4.256092194194693
LargeCaps5,3,98,4.256092194194693
LargeCaps5,3,99,4.256092194194693
LargeCaps5,3,100,4.256092194194693
LargeCaps5,3,101,4.256092194194693
LargeCaps5,3,102,4.256092194194693
LargeCaps5,3,103,4.256092194194693
LargeCaps5,3,104,4.256092194194693
LargeCaps5,3,105,4.256092194194693
LargeCaps5,3,106,4.256092194194693
LargeCaps5,3,107,4.256092194194693
LargeCaps5,3,108,4.256092194194693
LargeCaps5,3,109,4.256092194194693
LargeCaps5,3,110,4.256092194194693
LargeCaps5,3,111,4.256092194194693
LargeCaps5,3,112,4.256092194194693
LargeCaps5,3,113,4.256092194194693
LargeCaps5,3,114,4.256092194194693
LargeCaps5,3,115,4.256092194194693
LargeCaps5,3,116,4.256092194194693
LargeCaps5,3,117,5.351055705034518
LargeCaps5,4,0,1
LargeCaps5,4,1,1.3100025673147502
LargeCaps5,4,2,1.3100025673147502
LargeCaps5,4,3,1.5352026912351098
LargeCaps5,4,4,1.5352026912351098
LargeCaps5,4,5,1.5352026912351098
LargeCaps5,4,6,1.4678644822713796
LargeCaps5,4,7,1.8157099273986144
LargeCaps5,4,8,1.8157099273986144
LargeCaps5,4,9,1.8157099273986144
LargeCaps5,4,10,1.8157099273986144
LargeCaps5,4,11,1.8157099273986144
LargeCaps5,4,12,1.8157099273986144
LargeCaps5,4,13,1.8157099273986144
LargeCaps5,4,14,2.2649979382412795
LargeCaps5,4,15,2.234589061732854
LargeCaps5,4,16,2.234589061732854
LargeCaps5,4,17,2.217438086400463
LargeCaps5,4,18,2.217438086400463
LargeCaps5,4,19,2.217438086400463
LargeCaps5,4,20,2.217438086400463
LargeCaps5,4,21,2.217438086400463
LargeCaps5,4,22,2.217438086400463
LargeCaps5,4,23,2.354845627231815
LargeCaps5,4,24,2.354845627231815
LargeCaps5,4,25,2.354845627231815
LargeCaps5,4,26,2.354845627231815
LargeCaps5,4,27,2.354845627231815
LargeCaps5,4,28,2.354845627231815
LargeCaps5,4,29,2.354845627231815
LargeCaps5,4,30,2.354845627231815
LargeCaps5,4,31,2.354845627231815
LargeCaps5,4,32,2.354845627231815
LargeCaps5,4,33,2.354845627231815
LargeCaps5,4,34,2.354845627231815
LargeCaps5,4,35,2.354845627231815
LargeCaps5,4,36,2.354845627231815
LargeCaps5,4,37,2.354845627231815
LargeCaps5,4,38,2.354845627231815
LargeCaps5,4,39,2.354845627231815
LargeCaps5,4,40,2.354845627231815
LargeCaps5,4,41,2.354845627231815
LargeCaps5,4,42,2.354845627231815
LargeCaps5,4,43,2.354845627231815
LargeCaps5,4,44,2.354845627231815
LargeCaps5,4,45,2.354845627231815
LargeCaps5,4,46,2.354845627231815
LargeCaps5,4,47,2.354845627231815
LargeCaps5,4,48,2.354845627231815
LargeCaps5,4,49,2.354845627231815
LargeCaps5,4,50,2.354845627231815
LargeCaps5,4,51,2.354845627231815
LargeCaps5,4,52,2.354845627231815
LargeCaps5,4,53,2.354845627231815
LargeCaps5,4,54,2.354845627231815
LargeCaps5,4,55,2.354845627231815
LargeCaps5,4,56,2.354845627231815
LargeCaps5,4,57,2.354845627231815
LargeCaps5,4,58,2.354845627231815
LargeCaps5,4,59,2.354845627231815
LargeCaps5,4,60,2.354845627231815
LargeCaps5,4,61,2.354845627231815
LargeCaps5,4,62,2.354845627231815
LargeCaps5,4,63,2.354845627231815
LargeCaps5,4,64,2.354845627231815
LargeCaps5,4,65,2.354845627231815
LargeCaps5,4,66,2.354845627231815
LargeCaps5,4,67,2.354845627231815
LargeCaps5,4,68,2.354845627231815
LargeCaps5,4,69,2.354845627231815
LargeCaps5,4,70,2.354845627231815
LargeCaps5,4,71,2.726446257461246
LargeCaps5,4,72,2.726446257461246
LargeCaps5,4,73,2.726446257461246
LargeCaps5,4,74,2.726446257461246
LargeCaps5,4,75,2.3825434746084357
LargeCaps5,4,76,2.3825434746084357
LargeCaps5,4,77,2.3825434746084357
LargeCaps5,4,78,2.3825434746084357
LargeCaps5,4,79,2.3825434746084357
LargeCaps5,4,80,2.3825434746084357
LargeCaps5,4,81,2.3825434746084357
LargeCaps5,4,82,2.3825434746084357
LargeCaps5,4,83,2.3825434746084357
LargeCaps5,4,84,2.3825434746084357
LargeCaps5,4,85,2.3825434746084357
LargeCaps5,4,86,2.3825434746084357
LargeCaps5,4,87,2.3825434746084357
LargeCaps5,4,88,2.3825434746084357
LargeCaps5,4,89,2.3825434746084357
LargeCaps5,4,90,2.3825434746084357
LargeCaps5,4,91,2.3825434746084357
LargeCaps5,4,92,2.3825434746084357
LargeCaps5,4,93,2.3825434746084357
LargeCaps5,4,94,2.3825434746084357
LargeCaps5,4,95,2.3825434746084357
LargeCaps5,4,96,2.3825434746084357
LargeCaps5,4,97,2.3825434746084357
LargeCaps5,4,98,2.3825434746084357
LargeCaps5,4,99,2.3825434746084357
LargeCaps5,4,100,2.3825434746084357
LargeCaps5,4,101,2.3825434746084357
LargeCaps5,4,102,2.3825434746084357
LargeCaps5,4,103,2.3825434746084357
LargeCaps5,4,104,2.3825434746084357
LargeCaps5,4,105,2.3825434746084357
LargeCaps5,4,106,2.6683410432662327
LargeCaps5,4,107,2.6683410432662327
LargeCaps5,5,0,1
LargeCaps5,5,1,1
LargeCaps5,5,2,1
LargeCaps5,5,3,1
LargeCaps5,5,4,1
LargeCaps5,5,5,1
LargeCaps5,5,6,1
LargeCaps5,5,7,1
LargeCaps5,5,8,1
LargeCaps5,5,9,1
LargeCaps5,5,10,1
LargeCaps5,5,11,1
LargeCaps5,5,12,1
LargeCaps5,5,13,1
LargeCaps5,5,14,1
LargeCaps5,5,15,1
LargeCaps5,5,16,1
LargeCaps5,5,17,1
LargeCaps5,5,18,1
LargeCaps5,5,19,1.0374124279875578
LargeCaps5,5,20,1.0374124279875578
LargeCaps5,5,21,1.0374124279875578
LargeCaps5,5,22,1.0374124279875578
LargeCaps5,5,23,1.0374124279875578
LargeCaps5,5,24,1.318547441879203
LargeCaps5,5,25,1.318547441879203
LargeCaps5,5,26,1.318547441879203
LargeCaps5,5,27,1.318547441879203
LargeCaps5,5,28,1.318547441879203
LargeCaps5,5,29,1.318547441879203
LargeCaps5,5,30,1.318547441879203
LargeCaps5,5,31,1.318547441879203
LargeCaps5,5,32,1.318547441879203
LargeCaps5,5,33,1.318547441879203
LargeCaps5,5,34,1.318547441879203
LargeCaps5,5,35,1.318547441879203
LargeCaps5,5,36,1.318547441879203
LargeCaps5,5,37,1.318547441879203
LargeCaps5,5,38,1.318547441879203
LargeCaps5,5,39,1.318547441879203
LargeCaps5,5,40,1.318547441879203
LargeCaps5,5,41,1.318547441879203
LargeCaps5,5,42,1.318547441879203
LargeCaps5,5,43,1.318547441879203
LargeCaps5,5,44,1.318547441879203
LargeCaps5,5,45,1.318547441879203
LargeCaps5,5,46,1.318547441879203
LargeCaps5,5,47,1.318547441879203
LargeCaps5,5,48,1.318547441879203
LargeCaps5,5,49,1.318547441879203
LargeCaps5,5,50,1.318547441879203
LargeCaps5,5,51,1.318547441879203
LargeCaps5,5,52,1.318547441879203
LargeCaps5,5,53,1.318547441879203
LargeCaps5,5,54,1.318547441879203
LargeCaps5,5,55,1.318547441879203
LargeCaps5,5,56,1.318547441879203
LargeCaps5,5,57,1.318547441879203
LargeCaps5,5,58,1.318547441879203
LargeCaps5,5,59,1.318547441879203
LargeCaps5,5,60,1.318547441879203
LargeCaps5,5,61,1.318547441879203
LargeCaps5,5,62,1.318547441879203
LargeCaps5,5,63,1.318547441879203
LargeCaps5,5,64,1.318547441879203
LargeCaps5,5,65,1.318547441879203
LargeCaps5,5,66,1.318547441879203
LargeCaps5,5,67,1.318547441879203
LargeCaps5,5,68,1.318547441879203
LargeCaps5,5,69,1.318547441879203
LargeCaps5,5,70,1.318547441879203
LargeCaps5,5,71,1.318547441879203
LargeCaps5,5,72,1.318547441879203
LargeCaps5,5,73,1.6709673355555106
LargeCaps5,5,74,1.6709673355555106
LargeCaps5,5,75,1.6709673355555106
LargeCaps5,5,76,1.6709673355555106
LargeCaps5,5,77,1.6709673355555106
LargeCaps5,5,78,1.6709673355555106
LargeCaps5,5,79,1.6709673355555106
LargeCaps5,5,80,1.7728439082509626
LargeCaps5,5,81,1.7728439082509626
LargeCaps5,5,82,1.7728439082509626
LargeCaps5,5,83,1.7728439082509626
LargeCaps5,5,84,1.7728439082509626
LargeCaps5,5,85,1.7728439082509626
LargeCaps5,5,86,1.7728439082509626
LargeCaps5,5,87,1.7728439082509626
LargeCaps5,5,88,1.7728439082509626
LargeCaps5,5,89,1.7728439082509626
LargeCaps5,5,90,1.7728439082509626
LargeCaps5,5,91,1.7728439082509626
LargeCaps5,5,92,1.7728439082509626
LargeCaps5,5,93,1.7728439082509626
LargeCaps5,5,94,1.7728439082509626
LargeCaps5,5,95,1.7728439082509626
LargeCaps5,5,96,1.7728439082509626
LargeCaps5,5,97,1.7728439082509626
LargeCaps5,5,98,1.7728439082509626
LargeCaps5,5,99,1.7728439082509626
LargeCaps5,5,100,1.7728439082509626
LargeCaps5,5,101,1.7728439082509626
LargeCaps5,5,102,1.3658869976615713
LargeCaps5,5,103,1.3658869976615713
LargeCaps5,5,104,1.3658869976615713
LargeCaps5,5,105,1.3658869976615713
LargeCaps5,5,106,1.3658869976615713
LargeCaps5,5,107,1.3658869976615713
LargeCaps5,5,108,1.3658869976615713
LargeCaps5,5,109,1.3658869976615713
LargeCaps5,5,110,1.3658869976615713
LargeCaps5,5,111,1.3658869976615713
LargeCaps5,5,112,1.3658869976615713
LargeCaps5,5,113,1.3658869976615713
LargeCaps5,5,114,1.3103443305816729
LargeCaps5,5,115,1.3103443305816729
LargeCaps5,5,116,1.3103443305816729
LargeCaps5,5,117,1.3103443305816729
LargeCaps5,5,118,1.3103443305816729
LargeCaps5,5,119,1.3103443305816729
LargeCaps5,5,120,1.3103443305816729
LargeCaps5,5,121,1.3103443305816729
LargeCaps5,5,122,1.4048019156096594
LargeCaps5,5,123,1.4048019156096594
LargeCaps5,5,124,1.4048019156096594
LargeCaps5,5,125,1.4048019156096594
LargeCaps5,5,126,1.4048019156096594
LargeCaps5,5,127,1.4048019156096594
LargeCaps5,5,128,1.4048019156096594
LargeCaps5,5,129,1.479315413634939
LargeCaps5,5,130,1.479315413634939
LargeCaps5,5,131,1.479315413634939
LargeCaps5,5,132,1.479315413634939
LargeCaps5,5,133,1.479315413634939
LargeCaps5,5,134,1.479315413634939
LargeCaps5,5,135,1.479315413634939
LargeCaps5,5,136,1.479315413634939
LargeCaps5,5,137,1.479315413634939
LargeCaps5,5,138,1.479315413634939
LargeCaps5,5,139,1.479315413634939
LargeCaps5,5,140,1.479315413634939
LargeCaps5,5,141,1.479315413634939
LargeCaps5,5,142,1.479315413634939
LargeCaps5,5,143,1.479315413634939
LargeCaps5,5,144,1.479315413634939
LargeCaps5,5,145,1.4053180191895707
LargeCaps5,6,0,1
LargeCaps5,6,1,1
LargeCaps5,6,2,1
LargeCaps5,6,3,1
LargeCaps5,6,4,1
LargeCaps5,6,5,1
LargeCaps5,6,6,1
LargeCaps5,6,7,1
LargeCaps5,6,8,1
LargeCaps5,6,9,1
LargeCaps5,6,10,1
LargeCaps5,6,11,1
LargeCaps5,6,12,1
LargeCaps5,6,13,1
LargeCaps5,6,14,1
LargeCaps5,6,15,1
LargeCaps5,6,16,1
LargeCaps5,6,17,1
LargeCaps5,6,18,1
LargeCaps5,6,19,1
LargeCaps5,6,20,1
LargeCaps5,6,21,1
LargeCaps5,6,22,1
LargeCaps5,6,23,1
LargeCaps5,6,24,1
LargeCaps5,6,25,1.3113415941319246
LargeCaps5,6,26,1.2713674530121204
LargeCaps5,6,27,1.2933073638690011
LargeCaps5,6,28,1.2933073638690011
LargeCaps5,6,29,1.2933073638690011
LargeCaps5,6,30,1.2933073638690011
LargeCaps5,6,31,1.2933073638690011
LargeCaps5,6,32,1.2933073638690011
LargeCaps5,6,33,1.2933073638690011
LargeCaps5,6,34,1.2933073638690011
LargeCaps5,6,35,1.2933073638690011
LargeCaps5,6,36,1.285791599068531
LargeCaps5,6,37,1.285791599068531
LargeCaps5,6,38,1.455173563264245
LargeCaps5,6,39,1.455173563264245
LargeCaps5,6,40,1.5496343230846292
LargeCaps5,6,41,1.4960733887261177
LargeCaps5,6,42,1.4960733887261177
LargeCaps5,6,43,1.4960733887261177
LargeCaps5,6,44,1.4960733887261177
LargeCaps5,6,45,1.4960733887261177
LargeCaps5,6,46,1.4960733887261177
LargeCaps5,6,47,1.4960733887261177
LargeCaps5,6,48,1.4960733887261177
LargeCaps5,6,49,1.4960733887261177
LargeCaps5,6,50,1.4960733887261177
LargeCaps5,6,51,1.4960733887261177
LargeCaps5,6,52,1.4960733887261177
LargeCaps5,6,53,1.4960733887261177
LargeCaps5,6,54,1.4960733887261177
LargeCaps5,6,55,1.4960733887261177
LargeCaps5,6,56,1.4960733887261177
LargeCaps5,6,57,1.4960733887261177
LargeCaps5,6,58,1.4960733887261177
LargeCaps5,6,59,1.4960733887261177
LargeCaps5,6,60,1.4960733887261177
LargeCaps5,6,61,1.4960733887261177
LargeCaps5,6,62,1.4960733887261177
LargeCaps5,6,63,1.4960733887261177
LargeCaps5,6,64,1.4960733887261177
LargeCaps5,6,65,1.4960733887261177
LargeCaps5,6,66,1.4960733887261177
LargeCaps5,6,67,1.4960733887261177
LargeCaps5,6,68,1.4960733887261177
LargeCaps5,6,69,1.4960733887261177
LargeCaps5,6,70,1.4960733887261177
LargeCaps5,6,71,1.4960733887261177
LargeCaps5,6,72,1.4960733887261177
LargeCaps5,6,73,1.4960733887261177
LargeCaps5,6,74,1.4960733887261177
LargeCaps5,6,75,1.4960733887261177
LargeCaps5,6,76,1.4960733887261177
LargeCaps5,6,77,1.4960733887261177
LargeCaps5,6,78,1.4960733887261177
LargeCaps5,6,79,1.4960733887261177
LargeCaps5,6,80,1.4960733887261177
LargeCaps5,6,81,1.4960733887261177
LargeCaps5,6,82,1.4960733887261177
LargeCaps5,6,83,1.4960733887261177
LargeCaps5,6,84,1.4960733887261177
LargeCaps5,6,85,1.4960733887261177
LargeCaps5,6,86,1.4960733887261177
LargeCaps5,6,87,1.4960733887261177
LargeCaps5,6,88,1.4960733887261177
LargeCaps5,6,89,1.4960733887261177
LargeCaps5,6,90,1.4960733887261177
LargeCaps5,6,91,1.4960733887261177
LargeCaps5,6,92,1.4960733887261177
LargeCaps5,6,93,1.4960733887261177
LargeCaps5,6,94,1.4960733887261177
LargeCaps5,6,95,1.6433109846793659
LargeCaps5,6,96,1.6433109846793659
LargeCaps5,6,97,1.6433109846793659
LargeCaps5,6,98,1.6433109846793659
LargeCaps5,6,99,1.6433109846793659
LargeCaps5,6,100,1.6433109846793659
LargeCaps5,6,101,1.6433109846793659
LargeCaps5,6,102,1.6433109846793659
LargeCaps5,6,103,1.6433109846793659
LargeCaps5,6,104,1.7816870783233645
LargeCaps5,6,105,1.7816870783233645
LargeCaps5,6,106,1.7816870783233645
LargeCaps5,6,107,1.7816870783233645
LargeCaps5,6,108,1.7816870783233645
LargeCaps5,6,109,1.7816870783233645
LargeCaps5,6,110,1.7816870783233645
LargeCaps5,6,111,1.7816870783233645
LargeCaps5,6,112,1.7816870783233645
LargeCaps5,6,113,1.7816870783233645
LargeCaps5,6,114,1.7816870783233645
LargeCaps5,6,115,1.7816870783233645
LargeCaps5,6,116,1.7816870783233645
LargeCaps5,6,117,1.7816870783233645
LargeCaps5,6,118,1.7816870783233645
LargeCaps5,6,119,1.7816870783233645
LargeCaps5,6,120,1.7816870783233645
LargeCaps5,6,121,1.7816870783233645
LargeCaps5,6,122,1.7816870783233645
LargeCaps5,6,123,1.7816870783233645
LargeCaps5,6,124,1.7816870783233645
LargeCaps5,6,125,1.7816870783233645
LargeCaps5,6,126,1.7816870783233645
LargeCaps5,6,127,1.7816870783233645
LargeCaps5,6,128,1.7816870783233645
LargeCaps5,6,129,1.7816870783233645
LargeCaps5,6,130,1.7816870783233645
LargeCaps5,6,131,1.7816870783233645
LargeCaps5,6,132,1.7816870783233645
LargeCaps5,6,133,1.7816870783233645
Legacy3,0,0,1
Legacy3,0,1,1
Legacy3,0,2,1
Legacy3,0,3,1
Legacy3,0,4,1
Legacy3,0,5,1.3945775375291523
Legacy3,0,6,1.3945775375291523
Legacy3,0,7,1.1769405792045247
Legacy3,0,8,1.1769405792045247
Legacy3,0,9,1.1769405792045247
Legacy3,0,10,1.1769405792045247
Legacy3,0,11,1.1769405792045247
Legacy3,0,12,1.1769405792045247
Legacy3,0,13,1.1351855528514543
Legacy3,0,14,1.1351855528514543
Legacy3,0,15,1.3898911475620075
Legacy3,0,16,1.3898911475620075
Legacy3,0,17,1.3898911475620075
Legacy3,0,18,1.3898911475620075
Legacy3,0,19,1.3898911475620075
Legacy3,0,20,1.3898911475620075
Legacy3,0,21,1.3898911475620075
Legacy3,0,22,1.3898911475620075
Legacy3,0,23,1.3898911475620075
Legacy3,0,24,1.3898911475620075
Legacy3,0,25,1.3898911475620075
Legacy3,0,26,1.3898911475620075
Legacy3,0,27,1.3898911475620075
Legacy3,0,28,1.3898911475620075
Legacy3,0,29,1.3898911475620075
Legacy3,0,30,1.3898911475620075
Legacy3,0,31,1.3898911475620075
Legacy3,0,32,1.3898911475620075
Legacy3,0,33,1.3898911475620075
Legacy3,0,34,1.3898911475620075
Legacy3,0,35,1.3898911475620075
Legacy3,0,36,1.3898911475620075
Legacy3,0,37,1.3898911475620075
Legacy3,0,38,1.3898911475620075
Legacy3,0,39,1.3898911475620075
Legacy3,0,40,1.3898911475620075
Legacy3,0,41,1.3898911475620075
Legacy3,0,42,1.3898911475620075
Legacy3,0,43,1.3898911475620075
Legacy3,0,44,1.3898911475620075
Legacy3,0,45,1.3898911475620075
Legacy3,0,46,1.3898911475620075
Legacy3,0,47,1.3898911475620075
Legacy3,0,48,1.3898911475620075
Legacy3,0,49,1.3898911475620075
Legacy3,0,50,1.3898911475620075
Legacy3,0,51,1.3898911475620075
Legacy3,0,52,1.3898911475620075
Legacy3,0,53,1.3898911475620075
Legacy3,0,54,1.3898911475620075
Legacy3,0,55,1.552095109993496
Legacy3,0,56,1.552095109993496
Legacy3,0,57,1.552095109993496
Legacy3,0,58,1.9295870471247651
Legacy3,0,59,1.9295870471247651
Legacy3,0,60,1.9295870471247651
Legacy3,0,61,1.9295870471247651
Legacy3,0,62,1.9295870471247651
Legacy3,0,63,1.9295870471247651
Legacy3,0,64,1.9295870471247651
Legacy3,0,65,1.9295870471247651
Legacy3,0,66,1.987610774181077
Legacy3,0,67,2.052109185479135
Legacy3,0,68,2.052109185479135
Legacy3,0,69,2.052109185479135
Legacy3,0,70,2.052109185479135
Legacy3,0,71,2.052109185479135
Legacy3,0,72,2.052109185479135
Legacy3,0,73,2.052109185479135
Legacy3,0,74,2.2079919749818577
Legacy3,0,75,2.2079919749818577
Legacy3,0,76,2.9920175311276966
Legacy3,0,77,2.9920175311276966
Legacy3,0,78,2.9920175311276966
Legacy3,0,79,2.9920175311276966
Legacy3,0,80,2.9920175311276966
Legacy3,0,81,3.3947074520244573
Legacy3,0,82,3.9698520809711098
Legacy3,0,83,4.0509956649391805
Legacy3,1,0,1
Legacy3,1,1,1
Legacy3,1,2,1
Legacy3,1,3,1
Legacy3,1,4,1
Legacy3,1,5,1
Legacy3,1,6,1
Legacy3,1,7,1
Legacy3,1,8,1
Legacy3,1,9,1
Legacy3,1,10,1
Legacy3,1,11,1
Legacy3,1,12,1
Legacy3,1,13,1
Legacy3,1,14,1.0459514344613952
Legacy3,1,15,1.0197780967428756
Legacy3,1,16,1.0197780967428756
Legacy3,1,17,1.0197780967428756
Legacy3,1,18,1.0197780967428756
Legacy3,1,19,1.0197780967428756
Legacy3,1,20,1.0197780967428756
Legacy3,1,21,1.0197780967428756
Legacy3,1,22,0.8335829985414785
Legacy3,1,23,0.8335829985414785
Legacy3,1,24,0.8335829985414785
Legacy3,1,25,0.8335829985414785
Legacy3,1,26,0.8335829985414785
Legacy3,1,27,0.8335829985414785
Legacy3,1,28,0.8335829985414785
Legacy3,1,29,0.8335829985414785
Legacy3,1,30,0.8335829985414785
Legacy3,1,31,0.8335829985414785
Legacy3,1,32,0.8335829985414785
Legacy3,1,33,0.8335829985414785
Legacy3,1,34,0.8335829985414785
Legacy3,1,35,0.8335829985414785
Legacy3,1,36,0.8335829985414785
Legacy3,1,37,0.8335829985414785
Legacy3,1,38,0.8335829985414785
Legacy3,1,39,0.8335829985414785
Legacy3,1,40,0.8335829985414785
Legacy3,1,41,0.8335829985414785
Legacy3,1,42,0.8335829985414785
Legacy3,1,43,0.8335829985414785
Legacy3,1,44,0.8335829985414785
Legacy3,1,45,1.1782478646234915
Legacy3,1,46,1.1782478646234915
Legacy3,1,47,1.1782478646234915
Legacy3,1,48,1.1782478646234915
Legacy3,1,49,1.1782478646234915
Legacy3,1,50,1.1782478646234915
Legacy3,1,51,1.1782478646234915
Legacy3,1,52,1.1782478646234915
Legacy3,1,53,1.1782478646234915
Legacy3,1,54,1.1782478646234915
Legacy3,1,55,1.4253768661940336
Legacy3,1,56,1.1180016068048497
Legacy3,1,57,1.1180016068048497
Legacy3,1,58,1.1180016068048497
Legacy3,1,59,1.2810748940804086
Legacy3,1,60,1.2810748940804086
Legacy3,1,61,1.2810748940804086
Legacy3,1,62,1.2810748940804086
Legacy3,1,63,1.2810748940804086
Legacy3,1,64,1.2810748940804086
Legacy3,1,65,1.2810748940804086
Legacy3,1,66,1.2810748940804086
Legacy3,1,67,1.2810748940804086
Legacy3,1,68,1.2810748940804086
Legacy3,1,69,1.2810748940804086
Legacy3,1,70,1.2810748940804086
Legacy3,1,71,1.2810748940804086
Legacy3,1,72,1.2810748940804086
Legacy3,1,73,1.2810748940804086
Legacy3,1,74,1.2810748940804086
Legacy3,1,75,1.2810748940804086
Legacy3,1,76,1.2810748940804086
Legacy3,1,77,1.2810748940804086
Legacy3,1,78,1.2810748940804086
Legacy3,1,79,1.2810748940804086
Legacy3,1,80,1.2810748940804086
Legacy3,1,81,1.2810748940804086
Legacy3,1,82,1.2810748940804086
Legacy3,1,83,1.4179857538581617
Legacy3,1,84,1.4179857538581617
Legacy3,1,85,1.4509758985494796
Legacy3,1,86,1.4509758985494796
Legacy3,1,87,1.4509758985494796
Legacy3,1,88,1.4509758985494796
Legacy3,1,89,1.4509758985494796
Legacy3,1,90,1.521856979074323
Legacy3,1,91,1.4345860244488717
Legacy3,1,92,1.4345860244488717
Legacy3,1,93,1.4345860244488717
Legacy3,1,94,1.4345860244488717
Legacy3,1,95,1.4345860244488717
Legacy3,1,96,1.4345860244488717
Legacy3,1,97,1.4345860244488717
Legacy3,1,98,1.4345860244488717
Legacy3,1,99,1.4345860244488717
Legacy3,1,100,1.4345860244488717
Legacy3,1,101,1.4345860244488717
Legacy3,1,102,1.4345860244488717
Legacy3,1,103,1.4345860244488717
Legacy3,1,104,1.4345860244488717
Legacy3,1,105,1.4345860244488717
Legacy3,1,106,1.4345860244488717
Legacy3,1,107,1.4345860244488717
Legacy3,2,0,1
Legacy3,2,1,1
Legacy3,2,2,1
Legacy3,2,3,1
Legacy3,2,4,0.8997153557343132
Legacy3,2,5,0.8997153557343132
Legacy3,2,6,0.8997153557343132
Legacy3,2,7,0.8750735921894327
Legacy3,2,8,0.8750735921894327
Legacy3,2,9,0.8750735921894327
Legacy3,2,10,0.8750735921894327
Legacy3,2,11,0.8750735921894327
Legacy3,2,12,0.8750735921894327
Legacy3,2,13,0.8750735921894327
Legacy3,2,14,0.8750735921894327
Legacy3,2,15,1.0671379568928956
Legacy3,2,16,1.0143523432980206
Legacy3,2,17,1.0143523432980206
Legacy3,2,18,1.0143523432980206
Legacy3,2,19,1.0143523432980206
Legacy3,2,20,1.0143523432980206
Legacy3,2,21,1.0143523432980206
Legacy3,2,22,1.0143523432980206
Legacy3,2,23,1.0143523432980206
Legacy3,2,24,1.0143523432980206
Legacy3,2,25,1.0143523432980206
Legacy3,2,26,1.0143523432980206
Legacy3,2,27,1.0143523432980206
Legacy3,2,28,0.9271111492270108
Legacy3,2,29,0.9271111492270108
Legacy3,2,30,0.9271111492270108
Legacy3,2,31,0.9271111492270108
Legacy3,2,32,0.9271111492270108
Legacy3,2,33,0.9271111492270108
Legacy3,2,34,0.9271111492270108
Legacy3,2,35,0.9271111492270108
Legacy3,2,36,0.9271111492270108
Legacy3,2,37,0.9271111492270108
Legacy3,2,38,0.9271111492270108
Legacy3,2,39,0.9271111492270108
Legacy3,2,40,0.9271111492270108
Legacy3,2,41,0.9271111492270108
Legacy3,2,42,0.9271111492270108
Legacy3,2,43,0.9271111492270108
Legacy3,2,44,0.9271111492270108
Legacy3,2,45,0.9271111492270108
Legacy3,2,46,0.9271111492270108
Legacy3,2,47,0.9271111492270108
Legacy3,2,48,0.9271111492270108
Legacy3,2,49,0.9271111492270108
Legacy3,2,50,0.9271111492270108
Legacy3,2,51,0.9271111492270108
Legacy3,2,52,0.9271111492270108
Legacy3,2,53,0.9271111492270108
Legacy3,2,54,0.9271111492270108
Legacy3,2,55,0.9271111492270108
Legacy3,2,56,0.9271111492270108
Legacy3,2,57,0.9271111492270108
Legacy3,2,58,0.9271111492270108
Legacy3,2,59,0.9271111492270108
Legacy3,2,60,0.9271111492270108
Legacy3,2,61,0.9271111492270108
Legacy3,2,62,0.9271111492270108
Legacy3,2,63,0.9271111492270108
Legacy3,2,64,0.9271111492270108
Legacy3,2,65,0.9271111492270108
Legacy3,2,66,1.0879695760677768
Legacy3,2,67,1.0879695760677768
Legacy3,2,68,1.0879695760677768
Legacy3,2,69,1.0033971321389346
Legacy3,2,70,1.0033971321389346
Legacy3,2,71,1.1754347422417237
Legacy3,2,72,2.2417748448578596
Legacy3,2,73,2.2417748448578596
Legacy3,2,74,2.2417748448578596
Legacy3,2,75,2.2417748448578596
Legacy3,2,76,2.2417748448578596
Legacy3,2,77,2.2417748448578596
Legacy3,2,78,2.2417748448578596
Legacy3,2,79,2.2417748448578596
Legacy3,2,80,2.2417748448578596
Legacy3,2,81,2.2417748448578596
Legacy3,2,82,2.2417748448578596
Legacy3,2,83,2.2417748448578596
Legacy3,2,84,2.2417748448578596
Legacy3,2,85,2.2417748448578596
Legacy3,2,86,2.2417748448578596
Legacy3,2,87,2.2417748448578596
Legacy3,2,88,2.2417748448578596
Legacy3,2,89,2.2417748448578596
Legacy3,2,90,2.2417748448578596
Legacy3,2,91,2.2417748448578596
Legacy3,2,92,2.2417748448578596
Legacy3,2,93,2.2417748448578596
Legacy3,2,94,2.2417748448578596
Legacy3,2,95,2.2417748448578596
Legacy3,2,96,2.528514414787607
Legacy3,2,97,3.8221835921983236
Legacy3,2,98,3.8221835921983236
Legacy3,2,99,3.8221835921983236
Legacy3,2,100,4.659885083146583
Legacy3,3,0,1
Legacy3,3,1,0.995159070551237
Legacy3,3,2,0.995159070551237
Legacy3,3,3,0.995159070551237
Legacy3,3,4,0.995159070551237
Legacy3,3,5,0.995159070551237
Legacy3,3,6,0.995159070551237
Legacy3,3,7,1.4355973480398538
Legacy3,3,8,1.4355973480398538
Legacy3,3,9,2.2861240477630598
Legacy3,3,10,1.7343873067195692
Legacy3,3,11,1.7343873067195692
Legacy3,3,12,1.7343873067195692
Legacy3,3,13,1.4761380463535632
Legacy3,3,14,1.4761380463535632
Legacy3,3,15,1.8236958450052014
Legacy3,3,16,1.8236958450052014
Legacy3,3,17,1.8236958450052014
Legacy3,3,18,1.8236958450052014
Legacy3,3,19,1.8236958450052014
Legacy3,3,20,1.8236958450052014
Legacy3,3,21,1.8236958450052014
Legacy3,3,22,1.8236958450052014
Legacy3,3,23,1.8236958450052014
Legacy3,3,24,1.8236958450052014
Legacy3,3,25,1.8236958450052014
Legacy3,3,26,1.8236958450052014
Legacy3,3,27,1.8236958450052014
Legacy3,3,28,1.8236958450052014
Legacy3,3,29,1.8236958450052014
Legacy3,3,30,1.8236958450052014
Legacy3,3,31,1.8236958450052014
Legacy3,3,32,1.8236958450052014
Legacy3,3,33,1.6477438289087205
Legacy3,3,34,1.6477438289087205
Legacy3,3,35,1.6477438289087205
Legacy3,3,36,1.6477438289087205
Legacy3,3,37,1.6477438289087205
Legacy3,3,38,1.6477438289087205
Legacy3,3,39,1.6477438289087205
Legacy3,3,40,1.6477438289087205
Legacy3,3,41,1.6477438289087205
Legacy3,3,42,1.6477438289087205
Legacy3,3,43,1.6477438289087205
Legacy3,3,44,1.6477438289087205
Legacy3,3,45,1.6477438289087205
Legacy3,3,46,1.6477438289087205
Legacy3,3,47,1.6477438289087205
Legacy3,3,48,1.6477438289087205
Legacy3,3,49,1.6477438289087205
Legacy3,3,50,1.6477438289087205
Legacy3,3,51,1.6477438289087205
Legacy3,3,52,1.6477438289087205
Legacy3,3,53,1.6477438289087205
Legacy3,3,54,1.53187693043234
Legacy3,3,55,1.53187693043234
Legacy3,3,56,1.53187693043234
Legacy3,3,57,1.53187693043234
Legacy3,3,58,1.53187693043234
Legacy3,3,59,1.53187693043234
Legacy3,3,60,1.53187693043234
Legacy3,3,61,1.53187693043234
Legacy3,3,62,1.262334000199584
Legacy3,3,63,1.262334000199584
Legacy3,3,64,1.262334000199584
Legacy3,3,65,1.262334000199584
Legacy3,3,66,1.262334000199584
Legacy3,3,67,1.9492972198632077
Legacy3,3,68,1.9492972198632077
Legacy3,3,69,1.9492972198632077
Legacy3,3,70,1.9492972198632077
Legacy3,3,71,1.9492972198632077
Legacy3,3,72,1.9492972198632077
Legacy3,3,73,1.9492972198632077
Legacy3,3,74,1.9492972198632077
Legacy3,3,75,1.9492972198632077
Legacy3,3,76,1.9492972198632077
Legacy3,3,77,1.9492972198632077
Legacy3,3,78,1.9492972198632077
Legacy3,3,79,1.9492972198632077
Legacy3,3,80,1.9492972198632077
Legacy3,3,81,1.9492972198632077
Legacy3,3,82,1.9492972198632077
Legacy3,3,83,1.599496978727803
Legacy3,3,84,1.599496978727803
Legacy3,3,85,1.599496978727803
Legacy3,3,86,1.599496978727803
Legacy3,3,87,1.599496978727803
Legacy3,3,88,1.599496978727803
Legacy3,3,89,1.599496978727803
Legacy3,3,90,1.599496978727803
Legacy3,3,91,1.599496978727803
Legacy3,3,92,1.599496978727803
Legacy3,3,93,1.599496978727803
Legacy3,3,94,1.599496978727803
Legacy3,3,95,1.599496978727803
Legacy3,3,96,1.599496978727803
Legacy3,3,97,1.599496978727803
Legacy3,3,98,1.599496978727803
Legacy3,3,99,1.599496978727803
Legacy3,3,100,1.599496978727803
Legacy3,3,101,1.599496978727803
Legacy3,3,102,1.599496978727803
Legacy3,3,103,1.599496978727803
Legacy3,3,104,2.0109990673795446
Legacy3,4,0,1
Legacy3,4,1,1
Legacy3,4,2,1
Legacy3,4,3,1
Legacy3,4,4,1
Legacy3,4,5,1
Legacy3,4,6,1
Legacy3,4,7,1.0894164813585165
Legacy3,4,8,1.0855682665122823
Legacy3,4,9,1.034400206108538
Legacy3,4,10,1.034400206108538
Legacy3,4,11,1.034400206108538
Legacy3,4,12,1.034400206108538
Legacy3,4,13,1.034400206108538
Legacy3,4,14,1.034400206108538
Legacy3,4,15,1.034400206108538
Legacy3,4,16,1.034400206108538
Legacy3,4,17,1.034400206108538
Legacy3,4,18,1.034400206108538
Legacy3,4,19,1.034400206108538
Legacy3,4,20,1.034400206108538
Legacy3,4,21,1.034400206108538
Legacy3,4,22,1.034400206108538
Legacy3,4,23,1.034400206108538
Legacy3,4,24,1.034400206108538
Legacy3,4,25,1.034400206108538
Legacy3,4,26,1.034400206108538
Legacy3,4,27,1.2903571758892731
Legacy3,4,28,1.2730334020566818
Legacy3,4,29,1.2730334020566818
Legacy3,4,30,1.2730334020566818
Legacy3,4,31,1.2730334020566818
Legacy3,4,32,1.2730334020566818
Legacy3,4,33,1.2730334020566818
Legacy3,4,34,1.2730334020566818
Legacy3,4,35,1.2730334020566818
Legacy3,4,36,1.102965829274448
Legacy3,4,37,1.102965829274448
Legacy3,4,38,1.0286048551046685
Legacy3,4,39,1.0286048551046685
Legacy3,4,40,1.0286048551046685
Legacy3,4,41,1.0286048551046685
Legacy3,4,42,1.0286048551046685
Legacy3,4,43,1.0286048551046685
Legacy3,4,44,1.0286048551046685
Legacy3,4,45,1.0286048551046685
Legacy3,4,46,1.0286048551046685
Legacy3,4,47,1.0286048551046685
Legacy3,4,48,1.0286048551046685
Legacy3,4,49,1.0286048551046685
Legacy3,4,50,1.0286048551046685
Legacy3,4,51,1.0286048551046685
Legacy3,4,52,1.0286048551046685
Legacy3,4,53,1.0286048551046685
Legacy3,4,54,1.0286048551046685
Legacy3,4,55,1.0286048551046685
Legacy3,4,56,1.0286048551046685
Legacy3,4,57,1.0286048551046685
Legacy3,4,58,1.0286048551046685
Legacy3,4,59,1.0286048551046685
Legacy3,4,60,1.0286048551046685
Legacy3,4,61,1.0286048551046685
Legacy3,4,62,1.0286048551046685
Legacy3,4,63,1.0286048551046685
Legacy3,4,64,1.0286048551046685
Legacy3,4,65,1.0286048551046685
Legacy3,4,66,1.0286048551046685
Legacy3,4,67,1.0286048551046685
Legacy3,4,68,1.0286048551046685
Legacy3,4,69,1.0005673060270006
Legacy3,4,70,1.0005673060270006
Legacy3,4,71,1.0005673060270006
Legacy3,4,72,1.0005673060270006
Legacy3,4,73,1.0005673060270006
Legacy3,4,74,1.0005673060270006
Legacy3,4,75,1.0005673060270006
Legacy3,4,76,1.0005673060270006
Legacy3,4,77,1.0005673060270006
Legacy3,4,78,1.0005673060270006
Legacy3,4,79,1.0005673060270006
Legacy3,4,80,1.0005673060270006
Legacy3,4,81,1.0005673060270006
Legacy3,4,82,1.0005673060270006
Legacy3,4,83,1.0005673060270006
Legacy3,4,84,1.0005673060270006
Legacy3,4,85,1.0005673060270006
Legacy3,4,86,1.0005673060270006
Legacy3,4,87,1.0005673060270006
Legacy3,4,88,0.8743598372267043
Legacy3,4,89,0.8743598372267043
Legacy3,4,90,0.8743598372267043
Legacy3,4,91,0.8743598372267043
Legacy3,4,92,0.8743598372267043
Legacy3,4,93,0.8743598372267043
Legacy3,4,94,0.8743598372267043
Legacy3,4,95,0.8743598372267043
Legacy3,4,96,0.8743598372267043
Legacy3,4,97,0.8743598372267043
Legacy3,4,98,0.8743598372267043
Legacy3,4,99,0.8743598372267043
Legacy3,4,100,0.8743598372267043
Legacy3,4,101,0.8743598372267043
Legacy3,4,102,0.8743598372267043
Legacy3,4,103,0.8743598372267043
Legacy3,4,104,0.8743598372267043
Legacy3,4,105,0.8743598372267043
Legacy3,4,106,0.8743598372267043
Legacy3,4,107,0.8743598372267043
Legacy3,4,108,0.8743598372267043
Legacy3,4,109,0.8743598372267043
Legacy3,4,110,0.8743598372267043
Legacy3,4,111,0.8743598372267043
Legacy3,4,112,0.8743598372267043
Legacy3,4,113,0.8743598372267043
Legacy3,4,114,0.8743598372267043
Legacy3,4,115,0.9323808689444701
Legacy3,4,116,0.9323808689444701
Legacy3,4,117,0.9323808689444701
Legacy3,4,118,0.9323808689444701
Legacy3,4,119,0.9323808689444701
Legacy3,4,120,0.9323808689444701
Legacy3,5,0,1
Legacy3,5,1,1
Legacy3,5,2,1
Legacy3,5,3,1
Legacy3,5,4,1
Legacy3,5,5,1
Legacy3,5,6,1
Legacy3,5,7,1
Legacy3,5,8,1
Legacy3,5,9,1
Legacy3,5,10,1
Legacy3,5,11,1
Legacy3,5,12,1
Legacy3,5,13,1
Legacy3,5,14,1
Legacy3,5,15,1
Legacy3,5,16,1
Legacy3,5,17,1
Legacy3,5,18,1
Legacy3,5,19,1
Legacy3,5,20,1
Legacy3,5,21,1
Legacy3,5,22,1
Legacy3,5,23,1
Legacy3,5,24,1
Legacy3,5,25,1.035976889248173
Legacy3,5,26,1.035976889248173
Legacy3,5,27,1.035976889248173
Legacy3,5,28,1.035976889248173
Legacy3,5,29,1.035976889248173
Legacy3,5,30,1.035976889248173
Legacy3,5,31,1.035976889248173
Legacy3,5,32,1.035976889248173
Legacy3,5,33,1.035976889248173
Legacy3,5,34,1.035976889248173
Legacy3,5,35,1.035976889248173
Legacy3,5,36,1.035976889248173
Legacy3,5,37,1.035976889248173
Legacy3,5,38,1.035976889248173
Legacy3,5,39,1.035976889248173
Legacy3,5,40,1.035976889248173
Legacy3,5,41,1.035976889248173
Legacy3,5,42,1.035976889248173
Legacy3,5,43,1.035976889248173
Legacy3,5,44,1.035976889248173
Legacy3,5,45,1.035976889248173
Legacy3,5,46,1.035976889248173
Legacy3,5,47,1.035976889248173
Legacy3,5,48,1.035976889248173
Legacy3,5,49,1.035976889248173
Legacy3,5,50,1.035976889248173
Legacy3,5,51,1.035976889248173
Legacy3,5,52,1.035976889248173
Legacy3,5,53,1.035976889248173
Legacy3,5,54,1.035976889248173
Legacy3,5,55,1.035976889248173
Legacy3,5,56,1.035976889248173
Legacy3,5,57,1.035976889248173
Legacy3,5,58,1.035976889248173
Legacy3,5,59,1.035976889248173
Legacy3,5,60,1.035976889248173
Legacy3,5,61,1.035976889248173
Legacy3,5,62,1.035976889248173
Legacy3,5,63,1.035976889248173
Legacy3,5,64,1.035976889248173
Legacy3,5,65,1.4088721580798949
Legacy3,5,66,1.4088721580798949
Legacy3,5,67,1.4088721580798949
Legacy3,5,68,1.4088721580798949
Legacy3,5,69,1.4088721580798949
Legacy3,5,70,1.4088721580798949
Legacy3,5,71,1.4088721580798949
Legacy3,5,72,1.4088721580798949
Legacy3,5,73,1.4088721580798949
Legacy3,5,74,1.4088721580798949
Legacy3,5,75,1.4600077639871145
Legacy3,5,76,1.4600077639871145
Legacy3,5,77,1.4600077639871145
Legacy3,5,78,1.4600077639871145
Legacy3,5,79,1.4600077639871145
Legacy3,5,80,1.4600077639871145
Legacy3,5,81,1.4600077639871145
Legacy3,5,82,1.4600077639871145
Legacy3,5,83,1.4600077639871145
Legacy3,5,84,1.4600077639871145
Legacy3,5,85,1.3095856354006439
Legacy3,5,86,1.3095856354006439
Legacy3,5,87,1.3095856354006439
Legacy3,5,88,1.3095856354006439
Legacy3,5,89,1.3095856354006439
Legacy3,5,90,1.3095856354006439
Legacy3,5,91,1.3095856354006439
Legacy3,5,92,1.3095856354006439
Legacy3,5,93,1.3095856354006439
Legacy3,5,94,1.3095856354006439
Legacy3,5,95,1.3095856354006439
Legacy3,5,96,1.3095856354006439
Legacy3,5,97,1.3095856354006439
Legacy3,5,98,1.3095856354006439
Legacy3,5,99,1.3095856354006439
Legacy3,5,100,1.3095856354006439
Legacy3,5,101,1.3095856354006439
Legacy3,5,102,1.145335083465922
Legacy3,5,103,1.145335083465922
Legacy3,5,104,1.145335083465922
Legacy3,5,105,1.145335083465922
Legacy3,5,106,1.145335083465922
Legacy3,5,107,1.145335083465922
Legacy3,5,108,1.145335083465922
Legacy3,5,109,1.145335083465922
Legacy3,5,110,1.145335083465922
Legacy3,5,111,1.145335083465922
Legacy3,5,112,1.145335083465922
Legacy3,5,113,1.145335083465922
Legacy3,5,114,1.098760977888531
Legacy3,5,115,1.098760977888531
Legacy3,5,116,1.098760977888531
Legacy3,5,117,1.098760977888531
Legacy3,5,118,1.098760977888531
Legacy3,5,119,1.098760977888531
Legacy3,5,120,1.098760977888531
Legacy3,5,121,1.098760977888531
Legacy3,5,122,1.3220753971371175
Legacy3,5,123,1.2415268325939723
Legacy3,5,124,1.4061579330520166
Legacy3,5,125,1.4061579330520166
Legacy3,5,126,1.4061579330520166
Legacy3,5,127,1.4061579330520166
Legacy3,5,128,1.4061579330520166
Legacy3,5,129,1.4061579330520166
Legacy3,5,130,1.4061579330520166
Legacy3,5,131,1.4061579330520166
Legacy3,5,132,1.3358199765449188
Legacy3,6,0,1
Legacy3,6,1,1
Legacy3,6,2,1
Legacy3,6,3,1
Legacy3,6,4,1
Legacy3,6,5,1
Legacy3,6,6,1
Legacy3,6,7,1
Legacy3,6,8,1
Legacy3,6,9,1
Legacy3,6,10,1
Legacy3,6,11,1
Legacy3,6,12,1
Legacy3,6,13,1
Legacy3,6,14,1
Legacy3,6,15,1
Legacy3,6,16,1
Legacy3,6,17,1
Legacy3,6,18,1
Legacy3,6,19,1
Legacy3,6,20,1
Legacy3,6,21,1
Legacy3,6,22,1
Legacy3,6,23,1
Legacy3,6,24,1
Legacy3,6,25,1.3113415941319246
Legacy3,6,26,1.3113415941319246
Legacy3,6,27,1.3189093936544638
Legacy3,6,28,1.3189093936544638
Legacy3,6,29,1.3189093936544638
Legacy3,6,30,1.3189093936544638
Legacy3,6,31,1.3189093936544638
Legacy3,6,32,1.3189093936544638
Legacy3,6,33,1.3189093936544638
Legacy3,6,34,1.3189093936544638
Legacy3,6,35,1.252285362473944
Legacy3,6,36,1.252285362473944
Legacy3,6,37,1.252285362473944
Legacy3,6,38,1.252285362473944
Legacy3,6,39,1.252285362473944
Legacy3,6,40,1.252285362473944
Legacy3,6,41,1.252285362473944
Legacy3,6,42,1.252285362473944
Legacy3,6,43,1.252285362473944
Legacy3,6,44,1.252285362473944
Legacy3,6,45,1.252285362473944
Legacy3,6,46,1.252285362473944
Legacy3,6,47,1.4263542895076307
Legacy3,6,48,1.4263542895076307
Legacy3,6,49,1.4263542895076307
Legacy3,6,50,1.4263542895076307
Legacy3,6,51,1.5164922317729437
Legacy3,6,52,1.5164922317729437
Legacy3,6,53,1.4158719974989769
Legacy3,6,54,1.4158719974989769
Legacy3,6,55,1.2411138860790971
Legacy3,6,56,1.2411138860790971
Legacy3,6,57,1.2411138860790971
Legacy3,6,58,1.2411138860790971
Legacy3,6,59,1.2411138860790971
Legacy3,6,60,1.2411138860790971
Legacy3,6,61,1.2171282406856663
Legacy3,6,62,1.2171282406856663
Legacy3,6,63,0.943359622385793
Legacy3,6,64,0.943359622385793
Legacy3,6,65,0.943359622385793
Legacy3,6,66,0.943359622385793
Legacy3,6,67,0.943359622385793
Legacy3,6,68,0.943359622385793
Legacy3,6,69,1.0362013265201855
Legacy3,6,70,1.0362013265201855
Legacy3,6,71,1.0362013265201855
Legacy3,6,72,1.0362013265201855
Legacy3,6,73,1.0362013265201855
Legacy3,6,74,1.0362013265201855
Legacy3,6,75,1.0362013265201855
Legacy3,6,76,1.0362013265201855
Legacy3,6,77,1.0362013265201855
Legacy3,6,78,1.0362013265201855
Legacy3,6,79,0.965013976705294
Legacy3,6,80,0.965013976705294
Legacy3,6,81,0.965013976705294
Legacy3,6,82,0.965013976705294
Legacy3,6,83,0.965013976705294
Legacy3,6,84,0.965013976705294
Legacy3,6,85,0.965013976705294
Legacy3,6,86,0.965013976705294
Legacy3,6,87,0.965013976705294
Legacy3,6,88,0.965013976705294
Legacy3,6,89,0.965013976705294
Legacy3,6,90,0.965013976705294
Legacy3,6,91,0.965013976705294
Legacy3,6,92,1.1622115777825437
Legacy3,6,93,1.015471229066037
Legacy3,7,0,1
Legacy3,7,1,1
Legacy3,7,2,1
Legacy3,7,3,1
Legacy3,7,4,1
Legacy3,7,5,1
Legacy3,7,6,1
Legacy3,7,7,1
Legacy3,7,8,1
Legacy3,7,9,1
Legacy3,7,10,1
Legacy3,7,11,1
Legacy3,7,12,1
Legacy3,7,13,1
Legacy3,7,14,1
Legacy3,7,15,1
Legacy3,7,16,1
Legacy3,7,17,1
Legacy3,7,18,1
Legacy3,7,19,1
Legacy3,7,20,1
Legacy3,7,21,1
Legacy3,7,22,1
Legacy3,7,23,1
Legacy3,7,24,1
Legacy3,7,25,1
Legacy3,7,26,1
Legacy3,7,27,1
Legacy3,7,28,0.9575047154338199
Legacy3,7,29,0.9575047154338199
Legacy3,7,30,0.9575047154338199
Legacy3,7,31,0.9575047154338199
Legacy3,7,32,0.9575047154338199
Legacy3,7,33,0.9575047154338199
Legacy3,7,34,0.9575047154338199
Legacy3,7,35,0.9575047154338199
Legacy3,7,36,0.9575047154338199
Legacy3,7,37,0.9575047154338199
Legacy3,7,38,0.9575047154338199
Legacy3,7,39,1.1576051997855457
Legacy3,7,40,1.2499391358905758
Legacy3,7,41,1.2499391358905758
Legacy3,7,42,1.2499391358905758
Legacy3,7,43,1.246145816887886
Legacy3,7,44,1.246145816887886
Legacy3,7,45,1.3553491826409219
Legacy3,7,46,1.3553491826409219
Legacy3,7,47,1.588725150145749
Legacy3,7,48,1.588725150145749
Legacy3,7,49,1.588725150145749
Legacy3,7,50,1.588725150145749
Legacy3,7,51,1.4977238116197116
Legacy3,7,52,1.4977238116197116
Legacy3,7,53,1.4977238116197116
Legacy3,7,54,1.4977238116197116
Legacy3,7,55,1.4977238116197116
Legacy3,7,56,1.4977238116197116
Legacy3,7,57,1.4977238116197116
Legacy3,7,58,1.4977238116197116
Legacy3,7,59,1.4977238116197116
Legacy3,7,60,1.4977238116197116
Legacy3,7,61,1.4977238116197116
Legacy3,7,62,1.4977238116197116
Legacy3,7,63,1.4977238116197116
Legacy3,7,64,1.4977238116197116
Legacy3,7,65,1.4977238116197116
Legacy3,7,66,1.4977238116197116
Legacy3,7,67,1.4977238116197116
Legacy3,7,68,1.4977238116197116
Legacy3,7,69,1.4977238116197116
Legacy3,7,70,1.4977238116197116
Legacy3,7,71,1.4977238116197116
Legacy3,7,72,1.4977238116197116
Legacy3,7,73,1.4977238116197116
Legacy3,7,74,1.4977238116197116
Legacy3,7,75,1.7612987919882503
Legacy3,7,76,1.7612987919882503
Legacy3,7,77,1.7612987919882503
Legacy3,7,78,1.7612987919882503
Legacy3,7,79,1.7612987919882503
Legacy3,7,80,1.7612987919882503
Legacy3,7,81,2.2249835018559927
Legacy3,7,82,2.07056422763004
Legacy3,7,83,2.07056422763004
Legacy3,7,84,2.07056422763004
Legacy3,7,85,2.07056422763004
Legacy3,7,86,2.07056422763004
Legacy3,7,87,1.8716457215156939
Legacy3,7,88,1.8716457215156939
Legacy3,7,89,1.8716457215156939
Legacy3,7,90,1.8716457215156939
Legacy3,7,91,1.8716457215156939
Legacy3,7,92,1.8716457215156939
Legacy3,7,93,1.8716457215156939
Legacy3,7,94,1.8716457215156939
Legacy3,7,95,1.8716457215156939
Legacy3,7,96,1.8716457215156939
Legacy3,7,97,1.8716457215156939
Legacy3,7,98,1.8716457215156939
Legacy3,7,99,1.8716457215156939
Legacy3,7,100,1.8716457215156939
Legacy3,7,101,1.8716457215156939
Legacy3,7,102,1.8716457215156939
Legacy3,7,103,1.8716457215156939
Legacy3,7,104,2.143988173390633
Legacy3,8,0,1
Legacy3,8,1,1
Legacy3,8,2,1
Legacy3,8,3,1
Legacy3,8,4,1
Legacy3,8,5,1
Legacy3,8,6,1
Legacy3,8,7,1
Legacy3,8,8,1
Legacy3,8,9,1
Legacy3,8,10,1
Legacy3,8,11,1
Legacy3,8,12,1.031042720580606
Legacy3,8,13,1.031042720580606
Legacy3,8,14,1.031042720580606
Legacy3,8,15,1.031042720580606
Legacy3,8,16,1.031042720580606
Legacy3,8,17,1.031042720580606
Legacy3,8,18,1.031042720580606
Legacy3,8,19,1.031042720580606
Legacy3,8,20,1.031042720580606
Legacy3,8,21,1.031042720580606
Legacy3,8,22,1.031042720580606
Legacy3,8,23,1.031042720580606
Legacy3,8,24,1.031042720580606
Legacy3,8,25,1.031042720580606
Legacy3,8,26,1.031042720580606
Legacy3,8,27,1.031042720580606
Legacy3,8,28,1.031042720580606
Legacy3,8,29,1.031042720580606
Legacy3,8,30,1.031042720580606
Legacy3,8,31,1.031042720580606
Legacy3,8,32,1.031042720580606
Legacy3,8,33,1.031042720580606
Legacy3,8,34,1.031042720580606
Legacy3,8,35,1.031042720580606
Legacy3,8,36,1.031042720580606
Legacy3,8,37,1.031042720580606
Legacy3,8,38,1.031042720580606
Legacy3,8,39,1.031042720580606
Legacy3,8,40,1.031042720580606
Legacy3,8,41,1.031042720580606
Legacy3,8,42,1.031042720580606
Legacy3,8,43,1.031042720580606
Legacy3,8,44,1.031042720580606
Legacy3,8,45,1.031042720580606
Legacy3,8,46,1.031042720580606
Legacy3,8,47,1.031042720580606
Legacy3,8,48,1.031042720580606
Legacy3,8,49,1.031042720580606
Legacy3,8,50,1.031042720580606
Legacy3,8,51,1.031042720580606
Legacy3,8,52,0.9194724886513312
Legacy3,8,53,0.8171106190674886
Legacy3,8,54,0.8171106190674886
Legacy3,8,55,0.8171106190674886
Legacy3,8,56,0.8171106190674886
Legacy3,8,57,0.8171106190674886
Legacy3,8,58,0.8171106190674886
Legacy3,8,59,0.8171106190674886
Legacy3,8,60,0.8171106190674886
Legacy3,8,61,0.8171106190674886
Legacy3,8,62,0.8171106190674886
Legacy3,8,63,0.8171106190674886
Legacy3,8,64,0.8171106190674886
Legacy3,8,65,0.8171106190674886
Legacy3,8,66,0.8171106190674886
Legacy3,8,67,0.8171106190674886
Legacy3,8,68,0.8171106190674886
Legacy3,8,69,0.8171106190674886
Legacy3,8,70,0.8171106190674886
Legacy3,8,71,0.8171106190674886
Legacy3,8,72,0.8171106190674886
Legacy3,8,73,0.715420523259332
Legacy3,8,74,1.3497695641888328
Legacy3,8,75,1.2948885884438295
Legacy3,8,76,1.2948885884438295
Legacy3,8,77,1.2948885884438295
Legacy3,8,78,1.2948885884438295
Legacy3,8,79,1.2948885884438295
Legacy3,8,80,1.2948885884438295
Legacy3,8,81,1.0045409167076471
Legacy3,8,82,1.0045409167076471
Legacy3,8,83,1.0045409167076471
Legacy3,8,84,1.0045409167076471
Legacy3,8,85,1.0045409167076471
Legacy3,8,86,1.2066283148966095
Legacy3,8,87,1.4634664140287348
Legacy3,8,88,1.4634664140287348
Legacy3,8,89,1.4634664140287348
Legacy3,8,90,1.4634664140287348
Legacy3,8,91,1.4634664140287348
Legacy3,8,92,1.4634664140287348
Legacy3,8,93,1.6622609181748627
Legacy3,8,94,1.566809612559355
Legacy3,8,95,1.566809612559355
Legacy3,8,96,1.566809612559355
Legacy3,8,97,1.566809612559355
Legacy3,8,98,1.566809612559355
Legacy3,8,99,1.566809612559355
Legacy3,8,100,1.566809612559355
Legacy3,8,101,1.566809612559355
Legacy3,8,102,1.566809612559355
Legacy3,8,103,1.566809612559355
Legacy3,8,104,1.566809612559355
Legacy3,8,105,1.566809612559355
Legacy3,8,106,1.566809612559355
Legacy3,8,107,1.566809612559355
LowVolume5,0,0,1
LowVolume5,0,1,1
LowVolume5,0,2,1
LowVolume5,0,3,1
LowVolume5,0,4,1
LowVolume5,0,5,1.3945775375291523
LowVolume5,0,6,1.3945775375291523
LowVolume5,0,7,1.1769405792045247
LowVolume5,0,8,1.1769405792045247
LowVolume5,0,9,1.1769405792045247
LowVolume5,0,10,1.1769405792045247
LowVolume5,0,11,1.1769405792045247
LowVolume5,0,12,1.1769405792045247
LowVolume5,0,13,1.1351855528514543
LowVolume5,0,14,1.1351855528514543
LowVolume5,0,15,1.3898911475620075
LowVolume5,0,16,1.5691417637962486
LowVolume5,0,17,1.5691417637962486
LowVolume5,0,18,1.5691417637962486
LowVolume5,0,19,1.5691417637962486
LowVolume5,0,20,1.5691417637962486
LowVolume5,0,21,1.5691417637962486
LowVolume5,0,22,1.5691417637962486
LowVolume5,0,23,1.5691417637962486
LowVolume5,0,24,1.5691417637962486
LowVolume5,0,25,1.5691417637962486
LowVolume5,0,26,1.5691417637962486
LowVolume5,0,27,1.5691417637962486
LowVolume5,0,28,1.5691417637962486
LowVolume5,0,29,1.5691417637962486
LowVolume5,0,30,1.5691417637962486
LowVolume5,0,31,1.5691417637962486
LowVolume5,0,32,1.5691417637962486
LowVolume5,0,33,1.5691417637962486
LowVolume5,0,34,1.5691417637962486
LowVolume5,0,35,1.5691417637962486
LowVolume5,0,36,1.5691417637962486
LowVolume5,0,37,1.5691417637962486
LowVolume5,0,38,1.5691417637962486
LowVolume5,0,39,1.5691417637962486
LowVolume5,0,40,1.5691417637962486
LowVolume5,0,41,1.5691417637962486
LowVolume5,0,42,1.5691417637962486
LowVolume5,0,43,1.4351039448173686
LowVolume5,0,44,1.4351039448173686
LowVolume5,0,45,1.7841419416680284
LowVolume5,0,46,1.8078052009929337
LowVolume5,0,47,1.8078052009929337
LowVolume5,0,48,1.8078052009929337
LowVolume5,0,49,1.8078052009929337
LowVolume5,0,50,1.8078052009929337
LowVolume5,0,51,1.8078052009929337
LowVolume5,0,52,1.8078052009929337
LowVolume5,0,53,1.8078052009929337
LowVolume5,0,54,1.2971378710439394
LowVolume5,0,55,1.2971378710439394
LowVolume5,0,56,1.2971378710439394
LowVolume5,0,57,1.2971378710439394
LowVolume5,0,58,1.2971378710439394
LowVolume5,0,59,1.2971378710439394
LowVolume5,0,60,1.2971378710439394
LowVolume5,0,61,1.2971378710439394
LowVolume5,0,62,1.2971378710439394
LowVolume5,0,63,1.2971378710439394
LowVolume5,0,64,1.2971378710439394
LowVolume5,0,65,1.2971378710439394
LowVolume5,0,66,1.2971378710439394
LowVolume5,0,67,1.2971378710439394
LowVolume5,0,68,1.2971378710439394
LowVolume5,0,69,1.2971378710439394
LowVolume5,0,70,1.2971378710439394
LowVolume5,0,71,1.58283826579526
LowVolume5,0,72,1.58283826579526
LowVolume5,0,73,1.58283826579526
LowVolume5,0,74,1.58283826579526
LowVolume5,0,75,1.58283826579526
LowVolume5,0,76,1.58283826579526
LowVolume5,0,77,1.58283826579526
LowVolume5,0,78,1.58283826579526
LowVolume5,0,79,1.58283826579526
LowVolume5,0,80,1.58283826579526
LowVolume5,0,81,1.795869442723299
LowVolume5,0,82,2.1001326756730943
LowVolume5,0,83,1.743667210504558
LowVolume5,1,0,1
LowVolume5,1,1,1.0506474631263607
LowVolume5,1,2,1.0506474631263607
LowVolume5,1,3,1.0593351668605537
LowVolume5,1,4,1.0593351668605537
LowVolume5,1,5,1.0593351668605537
LowVolume5,1,6,1.0593351668605537
LowVolume5,1,7,1.0593351668605537
LowVolume5,1,8,1.0593351668605537
LowVolume5,1,9,1.0593351668605537
LowVolume5,1,10,1.0593351668605537
LowVolume5,1,11,1.0593351668605537
LowVolume5,1,12,1.0593351668605537
LowVolume5,1,13,1.0593351668605537
LowVolume5,1,14,0.960257883760918
LowVolume5,1,15,0.960257883760918
LowVolume5,1,16,0.960257883760918
LowVolume5,1,17,0.960257883760918
LowVolume5,1,18,0.960257883760918
LowVolume5,1,19,0.960257883760918
LowVolume5,1,20,0.960257883760918
LowVolume5,1,21,0.960257883760918
LowVolume5,1,22,0.960257883760918
LowVolume5,1,23,0.960257883760918
LowVolume5,1,24,0.960257883760918
LowVolume5,1,25,0.960257883760918
LowVolume5,1,26,0.960257883760918
LowVolume5,1,27,0.960257883760918
LowVolume5,1,28,0.960257883760918
LowVolume5,1,29,0.960257883760918
LowVolume5,1,30,0.960257883760918
LowVolume5,1,31,0.960257883760918
LowVolume5,1,32,0.960257883760918
LowVolume5,1,33,0.960257883760918
LowVolume5,1,34,0.960257883760918
LowVolume5,1,35,0.960257883760918
LowVolume5,1,36,0.960257883760918
LowVolume5,1,37,0.960257883760918
LowVolume5,1,38,0.960257883760918
LowVolume5,1,39,0.960257883760918
LowVolume5,1,40,0.960257883760918
LowVolume5,1,41,0.960257883760918
LowVolume5,1,42,0.960257883760918
LowVolume5,1,43,0.960257883760918
LowVolume5,1,44,0.960257883760918
LowVolume5,1,45,1.3572995166753943
LowVolume5,1,46,1.3572995166753943
LowVolume5,1,47,1.3572995166753943
LowVolume5,1,48,1.3572995166753943
LowVolume5,1,49,1.3572995166753943
LowVolume5,1,50,1.3572995166753943
LowVolume5,1,51,1.3572995166753943
LowVolume5,1,52,1.3572995166753943
LowVolume5,1,53,1.3572995166753943
LowVolume5,1,54,1.3572995166753943
LowVolume5,1,55,1.4855447417495347
LowVolume5,1,56,1.3730665754183757
LowVolume5,1,57,1.3730665754183757
LowVolume5,1,58,1.3730665754183757
LowVolume5,1,59,1.5733439978646504
LowVolume5,1,60,1.5733439978646504
LowVolume5,1,61,1.5733439978646504
LowVolume5,1,62,1.5733439978646504
LowVolume5,1,63,1.5733439978646504
LowVolume5,1,64,1.5733439978646504
LowVolume5,1,65,1.5733439978646504
LowVolume5,1,66,1.5733439978646504
LowVolume5,1,67,1.5733439978646504
LowVolume5,1,68,1.5733439978646504
LowVolume5,1,69,1.5733439978646504
LowVolume5,1,70,1.5733439978646504
LowVolume5,1,71,1.5733439978646504
LowVolume5,1,72,1.5733439978646504
LowVolume5,1,73,1.5733439978646504
LowVolume5,1,74,1.5733439978646504
LowVolume5,1,75,1.5733439978646504
LowVolume5,1,76,1.5733439978646504
LowVolume5,1,77,1.5733439978646504
LowVolume5,1,78,1.5733439978646504
LowVolume5,1,79,1.5733439978646504
LowVolume5,1,80,1.5733439978646504
LowVolume5,1,81,1.5733439978646504
LowVolume5,1,82,1.5733439978646504
LowVolume5,1,83,1.7414902010797577
LowVolume5,1,84,1.7414902010797577
LowVolume5,1,85,1.6131931177087235
LowVolume5,1,86,1.6131931177087235
LowVolume5,1,87,1.6131931177087235
LowVolume5,1,88,1.6131931177087235
LowVolume5,1,89,1.6131931177087235
LowVolume5,1,90,1.6131931177087235
LowVolume5,1,91,1.6131931177087235
LowVolume5,1,92,1.249605948065504
LowVolume5,1,93,1.0853837022866235
LowVolume5,1,94,1.0853837022866235
LowVolume5,1,95,1.0853837022866235
LowVolume5,1,96,1.0853837022866235
LowVolume5,1,97,1.0853837022866235
LowVolume5,1,98,1.0853837022866235
LowVolume5,1,99,1.0853837022866235
LowVolume5,1,100,1.0853837022866235
LowVolume5,1,101,1.0853837022866235
LowVolume5,1,102,1.0853837022866235
LowVolume5,1,103,1.0853837022866235
LowVolume5,1,104,1.0853837022866235
LowVolume5,1,105,1.0853837022866235
LowVolume5,1,106,1.0853837022866235
LowVolume5,1,107,1.0853837022866235
LowVolume5,2,0,1
LowVolume5,2,1,1
LowVolume5,2,2,1
LowVolume5,2,3,1
LowVolume5,2,4,0.8997153557343132
LowVolume5,2,5,0.8997153557343132
LowVolume5,2,6,0.8997153557343132
LowVolume5,2,7,0.8997153557343132
LowVolume5,2,8,0.8478793076160341
LowVolume5,2,9,0.8478793076160341
LowVolume5,2,10,0.8478793076160341
LowVolume5,2,11,0.8478793076160341
LowVolume5,2,12,0.8478793076160341
LowVolume5,2,13,0.8478793076160341
LowVolume5,2,14,0.8478793076160341
LowVolume5,2,15,0.8351206500208517
LowVolume5,2,16,0.6975806725150244
LowVolume5,2,17,0.6975806725150244
LowVolume5,2,18,0.6975806725150244
LowVolume5,2,19,0.6975806725150244
LowVolume5,2,20,0.6975806725150244
LowVolume5,2,21,0.6975806725150244
LowVolume5,2,22,0.6975806725150244
LowVolume5,2,23,0.6732101194661606
LowVolume5,2,24,0.6732101194661606
LowVolume5,2,25,0.6732101194661606
LowVolume5,2,26,0.6732101194661606
LowVolume5,2,27,0.6732101194661606
LowVolume5,2,28,0.6732101194661606
LowVolume5,2,29,0.6732101194661606
LowVolume5,2,30,0.6732101194661606
LowVolume5,2,31,0.6732101194661606
LowVolume5,2,32,0.6732101194661606
LowVolume5,2,33,0.6732101194661606
LowVolume5,2,34,0.6732101194661606
LowVolume5,2,35,0.6732101194661606
LowVolume5,2,36,0.6732101194661606
LowVolume5,2,37,0.6732101194661606
LowVolume5,2,38,0.6732101194661606
LowVolume5,2,39,0.6732101194661606
LowVolume5,2,40,0.6732101194661606
LowVolume5,2,41,0.6732101194661606
LowVolume5,2,42,0.6732101194661606
LowVolume5,2,43,0.6732101194661606
LowVolume5,2,44,0.6732101194661606
LowVolume5,2,45,0.6732101194661606
LowVolume5,2,46,0.6732101194661606
LowVolume5,2,47,0.6732101194661606
LowVolume5,2,48,0.6732101194661606
LowVolume5,2,49,0.6732101194661606
LowVolume5,2,50,0.6732101194661606
LowVolume5,2,51,0.6732101194661606
LowVolume5,2,52,0.6732101194661606
LowVolume5,2,53,0.6732101194661606
LowVolume5,2,54,0.6732101194661606
LowVolume5,2,55,0.6732101194661606
LowVolume5,2,56,0.6732101194661606
LowVolume5,2,57,0.6732101194661606
LowVolume5,2,58,0.6732101194661606
LowVolume5,2,59,0.6732101194661606
LowVolume5,2,60,0.6732101194661606
LowVolume5,2,61,0.6732101194661606
LowVolume5,2,62,0.6732101194661606
LowVolume5,2,63,0.6732101194661606
LowVolume5,2,64,0.6732101194661606
LowVolume5,2,65,0.6732101194661606
LowVolume5,2,66,0.6732101194661606
LowVolume5,2,67,0.6732101194661606
LowVolume5,2,68,0.6732101194661606
LowVolume5,2,69,0.6732101194661606
LowVolume5,2,70,0.6736900458005759
LowVolume5,2,71,0.8073227281864
LowVolume5,2,72,0.8073227281864
LowVolume5,2,73,0.6946400283949996
LowVolume5,2,74,0.6946400283949996
LowVolume5,2,75,0.6991963238256527
LowVolume5,2,76,0.9674089772904606
LowVolume5,2,77,0.9674089772904606
LowVolume5,2,78,0.9674089772904606
LowVolume5,2,79,0.9674089772904606
LowVolume5,2,80,0.9674089772904606
LowVolume5,2,81,0.9674089772904606
LowVolume5,2,82,0.9674089772904606
LowVolume5,2,83,0.9674089772904606
LowVolume5,2,84,0.9674089772904606
LowVolume5,2,85,0.9674089772904606
LowVolume5,2,86,0.9674089772904606
LowVolume5,2,87,0.9674089772904606
LowVolume5,2,88,0.9674089772904606
LowVolume5,2,89,0.9674089772904606
LowVolume5,2,90,0.9674089772904606
LowVolume5,2,91,0.9674089772904606
LowVolume5,2,92,0.9674089772904606
LowVolume5,2,93,0.9674089772904606
LowVolume5,2,94,0.9674089772904606
LowVolume5,2,95,1.6012365683979977
LowVolume5,2,96,2.292889826654242
LowVolume5,3,0,1
LowVolume5,3,1,1
LowVolume5,3,2,1
LowVolume5,3,3,1
LowVolume5,3,4,1
LowVolume5,3,5,1
LowVolume5,3,6,0.941599814847351
LowVolume5,3,7,1.5859037834716128
LowVolume5,3,8,1.5859037834716128
LowVolume5,3,9,1.962263942978025
LowVolume5,3,10,1.962263942978025
LowVolume5,3,11,3.6694483011252452
LowVolume5,3,12,3.6694483011252452
LowVolume5,3,13,3.1230695851109718
LowVolume5,3,14,3.1230695851109718
LowVolume5,3,15,4.231979474801793
LowVolume5,3,16,4.231979474801793
LowVolume5,3,17,4.231979474801793
LowVolume5,3,18,4.231979474801793
LowVolume5,3,19,4.231979474801793
LowVolume5,3,20,4.231979474801793
LowVolume5,3,21,4.231979474801793
LowVolume5,3,22,4.231979474801793
LowVolume5,3,23,4.231979474801793
LowVolume5,3,24,4.231979474801793
LowVolume5,3,25,4.231979474801793
LowVolume5,3,26,4.231979474801793
LowVolume5,3,27,4.231979474801793
LowVolume5,3,28,4.231979474801793
LowVolume5,3,29,5.71851103460478
LowVolume5,3,30,5.71851103460478
LowVolume5,3,31,5.71851103460478
LowVolume5,3,32,5.71851103460478
LowVolume5,3,33,5.71851103460478
LowVolume5,3,34,5.71851103460478
LowVolume5,3,35,5.71851103460478
LowVolume5,3,36,5.71851103460478
LowVolume5,3,37,5.71851103460478
LowVolume5,3,38,5.71851103460478
LowVolume5,3,39,5.71851103460478
LowVolume5,3,40,5.71851103460478
LowVolume5,3,41,5.71851103460478
LowVolume5,3,42,5.71851103460478
LowVolume5,3,43,5.71851103460478
LowVolume5,3,44,5.71851103460478
LowVolume5,3,45,5.71851103460478
LowVolume5,3,46,5.71851103460478
LowVolume5,3,47,5.71851103460478
LowVolume5,3,48,5.71851103460478
LowVolume5,3,49,5.71851103460478
LowVolume5,3,50,5.71851103460478
LowVolume5,3,51,5.71851103460478
LowVolume5,3,52,5.71851103460478
LowVolume5,3,53,5.71851103460478
LowVolume5,3,54,5.316393832975546
LowVolume5,3,55,5.316393832975546
LowVolume5,3,56,5.316393832975546
LowVolume5,3,57,5.316393832975546
LowVolume5,3,58,5.316393832975546
LowVolume5,3,59,5.316393832975546
LowVolume5,3,60,5.316393832975546
LowVolume5,3,61,5.316393832975546
LowVolume5,3,62,4.380942463780275
LowVolume5,3,63,4.380942463780275
LowVolume5,3,64,4.380942463780275
LowVolume5,3,65,4.380942463780275
LowVolume5,3,66,4.380942463780275
LowVolume5,3,67,6.765055020048074
LowVolume5,3,68,9.436458248411537
LowVolume5,3,69,9.436458248411537
LowVolume5,3,70,11.068414407262482
LowVolume5,3,71,11.068414407262482
LowVolume5,3,72,11.068414407262482
LowVolume5,3,73,11.068414407262482
LowVolume5,3,74,11.068414407262482
LowVolume5,3,75,11.068414407262482
LowVolume5,3,76,11.068414407262482
LowVolume5,3,77,11.068414407262482
LowVolume5,3,78,11.068414407262482
LowVolume5,3,79,11.068414407262482
LowVolume5,3,80,11.068414407262482
LowVolume5,3,81,11.068414407262482
LowVolume5,3,82,11.068414407262482
LowVolume5,3,83,11.068414407262482
LowVolume5,3,84,11.068414407262482
LowVolume5,3,85,11.068414407262482
LowVolume5,3,86,11.068414407262482
LowVolume5,3,87,11.068414407262482
LowVolume5,3,88,11.068414407262482
LowVolume5,3,89,11.068414407262482
LowVolume5,3,90,11.068414407262482
LowVolume5,3,91,10.361855580840142
LowVolume5,4,0,1
LowVolume5,4,1,1
LowVolume5,4,2,1
LowVolume5,4,3,1
LowVolume5,4,4,1
LowVolume5,4,5,1
LowVolume5,4,6,1
LowVolume5,4,7,1.1844486031035544
LowVolume5,4,8,1.1844486031035544
LowVolume5,4,9,1.1844486031035544
LowVolume5,4,10,1.3473357600317255
LowVolume5,4,11,1.0504667604698716
LowVolume5,4,12,1.0504667604698716
LowVolume5,4,13,1.0504667604698716
LowVolume5,4,14,1.0504667604698716
LowVolume5,4,15,1.0504667604698716
LowVolume5,4,16,1.0504667604698716
LowVolume5,4,17,1.0504667604698716
LowVolume5,4,18,1.0504667604698716
LowVolume5,4,19,1.0504667604698716
LowVolume5,4,20,1.0504667604698716
LowVolume5,4,21,1.0504667604698716
LowVolume5,4,22,1.0504667604698716
LowVolume5,4,23,1.0504667604698716
LowVolume5,4,24,1.0504667604698716
LowVolume5,4,25,1.0504667604698716
LowVolume5,4,26,1.0504667604698716
LowVolume5,4,27,1.0504667604698716
LowVolume5,4,28,1.0504667604698716
LowVolume5,4,29,1.0504667604698716
LowVolume5,4,30,1.0504667604698716
LowVolume5,4,31,0.8147762392721289
LowVolume5,4,32,0.8147762392721289
LowVolume5,4,33,0.8147762392721289
LowVolume5,4,34,0.8147762392721289
LowVolume5,4,35,0.8147762392721289
LowVolume5,4,36,0.8147762392721289
LowVolume5,4,37,0.8147762392721289
LowVolume5,4,38,0.8147762392721289
LowVolume5,4,39,0.6275616940766638
LowVolume5,4,40,0.6275616940766638
LowVolume5,4,41,0.6275616940766638
LowVolume5,4,42,0.4374960851101736
LowVolume5,4,43,0.4374960851101736
LowVolume5,4,44,0.4374960851101736
LowVolume5,4,45,0.4374960851101736
LowVolume5,4,46,0.4374960851101736
LowVolume5,4,47,0.4374960851101736
LowVolume5,4,48,0.4374960851101736
LowVolume5,4,49,0.4374960851101736
LowVolume5,4,50,0.4374960851101736
LowVolume5,4,51,0.4374960851101736
LowVolume5,4,52,0.4374960851101736
LowVolume5,4,53,0.4374960851101736
LowVolume5,4,54,0.4374960851101736
LowVolume5,4,55,0.4374960851101736
LowVolume5,4,56,0.4374960851101736
LowVolume5,4,57,0.4374960851101736
LowVolume5,4,58,0.4374960851101736
LowVolume5,4,59,0.4374960851101736
LowVolume5,4,60,0.4374960851101736
LowVolume5,4,61,0.4374960851101736
LowVolume5,4,62,0.4374960851101736
LowVolume5,4,63,0.4374960851101736
LowVolume5,4,64,0.4374960851101736
LowVolume5,4,65,0.4374960851101736
LowVolume5,4,66,0.4374960851101736
LowVolume5,4,67,0.4374960851101736
LowVolume5,4,68,0.4374960851101736
LowVolume5,4,69,0.4374960851101736
LowVolume5,4,70,0.4374960851101736
LowVolume5,4,71,0.4374960851101736
LowVolume5,4,72,0.4374960851101736
LowVolume5,4,73,0.4374960851101736
LowVolume5,4,74,0.4374960851101736
LowVolume5,4,75,0.4374960851101736
LowVolume5,4,76,0.4374960851101736
LowVolume5,4,77,0.4374960851101736
LowVolume5,4,78,0.4374960851101736
LowVolume5,4,79,0.4374960851101736
LowVolume5,4,80,0.4374960851101736
LowVolume5,4,81,0.4374960851101736
LowVolume5,4,82,0.42557088575233487
LowVolume5,4,83,0.42557088575233487
LowVolume5,4,84,0.42557088575233487
LowVolume5,4,85,0.5279603694954257
LowVolume5,4,86,0.5279603694954257
LowVolume5,4,87,0.5279603694954257
LowVolume5,4,88,0.5279603694954257
LowVolume5,4,89,0.5279603694954257
LowVolume5,4,90,0.40392327686678003
LowVolume5,4,91,0.40392327686678003
LowVolume5,4,92,0.40392327686678003
LowVolume5,4,93,0.40392327686678003
LowVolume5,4,94,0.40392327686678003
LowVolume5,4,95,0.40392327686678003
LowVolume5,4,96,0.40392327686678003
LowVolume5,4,97,0.40392327686678003
LowVolume5,4,98,0.40392327686678003
LowVolume5,4,99,0.40392327686678003
LowVolume5,4,100,0.40392327686678003
LowVolume5,4,101,0.40392327686678003
LowVolume5,4,102,0.40392327686678003
LowVolume5,4,103,0.40392327686678003
LowVolume5,4,104,0.40392327686678003
LowVolume5,4,105,0.40392327686678003
LowVolume5,4,106,0.40392327686678003
LowVolume5,4,107,0.40392327686678003
LowVolume5,4,108,0.40392327686678003
LowVolume5,4,109,0.40392327686678003
LowVolume5,4,110,0.40392327686678003
LowVolume5,4,111,0.40392327686678003
LowVolume5,4,112,0.40392327686678003
LowVolume5,4,113,0.40392327686678003
LowVolume5,4,114,0.40392327686678003
LowVolume5,4,115,0.43072693854109234
LowVolume5,4,116,0.43072693854109234
LowVolume5,4,117,0.43072693854109234
LowVolume5,4,118,0.43072693854109234
LowVolume5,4,119,0.43072693854109234
LowVolume5,4,120,0.43072693854109234
LowVolume5,5,0,1
LowVolume5,5,1,1
LowVolume5,5,2,0.7495917004343972
LowVolume5,5,3,0.7495917004343972
LowVolume5,5,4,0.7495917004343972
LowVolume5,5,5,0.7495917004343972
LowVolume5,5,6,0.7495917004343972
LowVolume5,5,7,0.7495917004343972
LowVolume5,5,8,0.7495917004343972
LowVolume5,5,9,0.7495917004343972
LowVolume5,5,10,0.7495917004343972
LowVolume5,5,11,0.7495917004343972
LowVolume5,5,12,0.7765596780222752
LowVolume5,5,13,0.7765596780222752
LowVolume5,5,14,0.7765596780222752
LowVolume5,5,15,0.7765596780222752
LowVolume5,5,16,0.8156233395019926
LowVolume5,5,17,0.8156233395019926
LowVolume5,5,18,0.8156233395019926
LowVolume5,5,19,0.8156233395019926
LowVolume5,5,20,0.8156233395019926
LowVolume5,5,21,0.8156233395019926
LowVolume5,5,22,0.8156233395019926
LowVolume5,5,23,0.8156233395019926
LowVolume5,5,24,0.7010863824255584
LowVolume5,5,25,0.7010863824255584
LowVolume5,5,26,0.9534393043508377
LowVolume5,5,27,0.9534393043508377
LowVolume5,5,28,0.9534393043508377
LowVolume5,5,29,0.9534393043508377
LowVolume5,5,30,0.9534393043508377
LowVolume5,5,31,0.8580717709911015
LowVolume5,5,32,0.8580717709911015
LowVolume5,5,33,0.8580717709911015
LowVolume5,5,34,0.8580717709911015
LowVolume5,5,35,0.8580717709911015
LowVolume5,5,36,0.8580717709911015
LowVolume5,5,37,0.8580717709911015
LowVolume5,5,38,0.8580717709911015
LowVolume5,5,39,0.8580717709911015
LowVolume5,5,40,0.8580717709911015
LowVolume5,5,41,0.8580717709911015
LowVolume5,5,42,0.8580717709911015
LowVolume5,5,43,0.8580717709911015
LowVolume5,5,44,0.8580717709911015
LowVolume5,5,45,0.8580717709911015
LowVolume5,5,46,0.7578076265356128
LowVolume5,5,47,0.7578076265356128
LowVolume5,5,48,0.7578076265356128
LowVolume5,5,49,0.7578076265356128
LowVolume5,5,50,0.7578076265356128
LowVolume5,5,51,0.7578076265356128
LowVolume5,5,52,0.7578076265356128
LowVolume5,5,53,0.7578076265356128
LowVolume5,5,54,0.7578076265356128
LowVolume5,5,55,0.7578076265356128
LowVolume5,5,56,0.7578076265356128
LowVolume5,5,57,0.7578076265356128
LowVolume5,5,58,0.7578076265356128
LowVolume5,5,59,0.7578076265356128
LowVolume5,5,60,0.7578076265356128
LowVolume5,5,61,0.7578076265356128
LowVolume5,5,62,0.7578076265356128
LowVolume5,5,63,0.7578076265356128
LowVolume5,5,64,0.7578076265356128
LowVolume5,5,65,0.7578076265356128
LowVolume5,5,66,0.7578076265356128
LowVolume5,5,67,0.7578076265356128
LowVolume5,5,68,0.7578076265356128
LowVolume5,5,69,0.7578076265356128
LowVolume5,5,70,0.7578076265356128
LowVolume5,5,71,0.7578076265356128
LowVolume5,5,72,0.7578076265356128
LowVolume5,5,73,0.7578076265356128
LowVolume5,5,74,0.7578076265356128
LowVolume5,5,75,0.7578076265356128
LowVolume5,5,76,0.7578076265356128
LowVolume5,5,77,0.7578076265356128
LowVolume5,5,78,0.7578076265356128
LowVolume5,5,79,0.7578076265356128
LowVolume5,5,80,0.7578076265356128
LowVolume5,5,81,0.7578076265356128
LowVolume5,5,82,0.7578076265356128
LowVolume5,5,83,0.7578076265356128
LowVolume5,5,84,0.7578076265356128
LowVolume5,5,85,0.7578076265356128
LowVolume5,5,86,0.7578076265356128
LowVolume5,5,87,0.7578076265356128
LowVolume5,5,88,0.7578076265356128
LowVolume5,5,89,0.7578076265356128
LowVolume5,5,90,0.7578076265356128
LowVolume5,5,91,0.7578076265356128
LowVolume5,5,92,0.7578076265356128
LowVolume5,5,93,0.7578076265356128
LowVolume5,5,94,0.7578076265356128
LowVolume5,5,95,0.7578076265356128
LowVolume5,5,96,0.7578076265356128
LowVolume5,5,97,0.7578076265356128
LowVolume5,5,98,0.7578076265356128
LowVolume5,5,99,0.7578076265356128
LowVolume5,5,100,0.7578076265356128
LowVolume5,5,101,0.7578076265356128
LowVolume5,5,102,0.7578076265356128
LowVolume5,5,103,0.7578076265356128
LowVolume5,5,104,0.7578076265356128
LowVolume5,5,105,0.7578076265356128
LowVolume5,5,106,0.7578076265356128
LowVolume5,5,107,0.7578076265356128
LowVolume5,5,108,0.7578076265356128
LowVolume5,5,109,0.9118259921560912
LowVolume5,5,110,0.8562722204571803
LowVolume5,5,111,0.9698171187587227
LowVolume5,5,112,0.9698171187587227
LowVolume5,5,113,0.9698171187587227
LowVolume5,5,114,0.9698171187587227
LowVolume5,5,115,0.9698171187587227
LowVolume5,5,116,0.9698171187587227
LowVolume5,5,117,0.9698171187587227
LowVolume5,5,118,0.9698171187587227
LowVolume5,5,119,0.9698171187587227
LowVolume5,5,120,0.9698171187587227
LowVolume5,6,0,1
LowVolume5,6,1,1
LowVolume5,6,2,0.8377023930723216
LowVolume5,6,3,0.8377023930723216
LowVolume5,6,4,0.8377023930723216
LowVolume5,6,5,0.8377023930723216
LowVolume5,6,6,0.8377023930723216
LowVolume5,6,7,0.8377023930723216
LowVolume5,6,8,0.8377023930723216
LowVolume5,6,9,0.8377023930723216
LowVolume5,6,10,0.8377023930723216
LowVolume5,6,11,0.8377023930723216
LowVolume5,6,12,0.882106233368495
LowVolume5,6,13,0.882106233368495
LowVolume5,6,14,0.882106233368495
LowVolume5,6,15,0.882106233368495
LowVolume5,6,16,0.882106233368495
LowVolume5,6,17,0.882106233368495
LowVolume5,6,18,0.8751456336398706
LowVolume5,6,19,0.8513841175342031
LowVolume5,6,20,0.6025799453535354
LowVolume5,6,21,0.6863391648436457
LowVolume5,6,22,0.6863391648436457
LowVolume5,6,23,0.6863391648436457
LowVolume5,6,24,0.6863391648436457
LowVolume5,6,25,0.6863391648436457
LowVolume5,6,26,0.6863391648436457
LowVolume5,6,27,0.6863391648436457
LowVolume5,6,28,0.6863391648436457
LowVolume5,6,29,0.6863391648436457
LowVolume5,6,30,0.6863391648436457
LowVolume5,6,31,0.6863391648436457
LowVolume5,6,32,0.6863391648436457
LowVolume5,6,33,0.6863391648436457
LowVolume5,6,34,0.6863391648436457
LowVolume5,6,35,0.6863391648436457
LowVolume5,6,36,0.6084093334588894
LowVolume5,6,37,0.6084093334588894
LowVolume5,6,38,0.6084093334588894
LowVolume5,6,39,0.6084093334588894
LowVolume5,6,40,0.6084093334588894
LowVolume5,6,41,0.6084093334588894
LowVolume5,6,42,0.5333146453279588
LowVolume5,6,43,0.5333146453279588
LowVolume5,6,44,0.5333146453279588
LowVolume5,6,45,0.5333146453279588
LowVolume5,6,46,0.4579401265583293
LowVolume5,6,47,0.4579401265583293
LowVolume5,6,48,0.4579401265583293
LowVolume5,6,49,0.4579401265583293
LowVolume5,6,50,0.3549356677666113
LowVolume5,6,51,0.3549356677666113
LowVolume5,6,52,0.3549356677666113
LowVolume5,6,53,0.3549356677666113
LowVolume5,6,54,0.3549356677666113
LowVolume5,6,55,0.3549356677666113
LowVolume5,6,56,0.3549356677666113
LowVolume5,6,57,0.3549356677666113
LowVolume5,6,58,0.3549356677666113
LowVolume5,6,59,0.3549356677666113
LowVolume5,6,60,0.3549356677666113
LowVolume5,6,61,0.3549356677666113
LowVolume5,6,62,0.3549356677666113
LowVolume5,6,63,0.3549356677666113
LowVolume5,6,64,0.3549356677666113
LowVolume5,6,65,0.3549356677666113
LowVolume5,6,66,0.3319040441092241
LowVolume5,6,67,0.3319040441092241
LowVolume5,6,68,0.30678687305302654
LowVolume5,6,69,0.30678687305302654
LowVolume5,6,70,0.30678687305302654
LowVolume5,6,71,0.30678687305302654
LowVolume5,6,72,0.30678687305302654
LowVolume5,6,73,0.30678687305302654
LowVolume5,6,74,0.30678687305302654
LowVolume5,6,75,0.30678687305302654
LowVolume5,6,76,0.30678687305302654
LowVolume5,6,77,0.30678687305302654
LowVolume5,6,78,0.30678687305302654
LowVolume5,6,79,0.3694778152242434
LowVolume5,6,80,0.32282770049000276
LowVolume5,7,0,1
LowVolume5,7,1,1
LowVolume5,7,2,1
LowVolume5,7,3,1
LowVolume5,7,4,1
LowVolume5,7,5,1
LowVolume5,7,6,1
LowVolume5,7,7,1
LowVolume5,7,8,1
LowVolume5,7,9,1.0880824101238633
LowVolume5,7,10,1.0880824101238633
LowVolume5,7,11,1.0880824101238633
LowVolume5,7,12,1.0880824101238633
LowVolume5,7,13,1.0880824101238633
LowVolume5,7,14,1.0880824101238633
LowVolume5,7,15,1.0418440384741947
LowVolume5,7,16,1.4834761935470928
LowVolume5,7,17,1.552518136834144
LowVolume5,7,18,1.552518136834144
LowVolume5,7,19,1.552518136834144
LowVolume5,7,20,1.552518136834144
LowVolume5,7,21,1.552518136834144
LowVolume5,7,22,1.552518136834144
LowVolume5,7,23,1.552518136834144
LowVolume5,7,24,1.552518136834144
LowVolume5,7,25,1.552518136834144
LowVolume5,7,26,1.4561547701628792
LowVolume5,7,27,1.4561547701628792
LowVolume5,7,28,1.4953961915658702
LowVolume5,7,29,1.4953961915658702
LowVolume5,7,30,1.6848682920965414
LowVolume5,7,31,1.6848682920965414
LowVolume5,7,32,1.4710234655473315
LowVolume5,7,33,1.4710234655473315
LowVolume5,7,34,1.4710234655473315
LowVolume5,7,35,1.4710234655473315
LowVolume5,7,36,1.224602737394793
LowVolume5,7,37,1.224602737394793
LowVolume5,7,38,1.224602737394793
LowVolume5,7,39,1.224602737394793
LowVolume5,7,40,1.224602737394793
LowVolume5,7,41,1.224602737394793
LowVolume5,7,42,1.224602737394793
LowVolume5,7,43,1.224602737394793
LowVolume5,7,44,1.224602737394793
LowVolume5,7,45,1.224602737394793
LowVolume5,7,46,1.224602737394793
LowVolume5,7,47,1.224602737394793
LowVolume5,7,48,1.224602737394793
LowVolume5,7,49,1.224602737394793
LowVolume5,7,50,1.224602737394793
LowVolume5,7,51,1.224602737394793
LowVolume5,7,52,1.224602737394793
LowVolume5,7,53,1.224602737394793
LowVolume5,7,54,1.1775125441375853
LowVolume5,7,55,1.1775125441375853
LowVolume5,7,56,1.650021688211687
LowVolume5,7,57,1.650021688211687
LowVolume5,7,58,1.650021688211687
LowVolume5,7,59,1.650021688211687
LowVolume5,7,60,1.650021688211687
LowVolume5,7,61,1.650021688211687
LowVolume5,7,62,1.650021688211687
LowVolume5,7,63,1.650021688211687
LowVolume5,7,64,1.5241763814600238
LowVolume5,7,65,1.5241763814600238
LowVolume5,7,66,1.5241763814600238
LowVolume5,7,67,1.5241763814600238
LowVolume5,7,68,1.5241763814600238
LowVolume5,7,69,1.5241763814600238
LowVolume5,7,70,1.5241763814600238
LowVolume5,7,71,1.5241763814600238
LowVolume5,7,72,1.5241763814600238
LowVolume5,7,73,1.5241763814600238
LowVolume5,7,74,1.5241763814600238
LowVolume5,7,75,1.5241763814600238
LowVolume5,7,76,1.5241763814600238
LowVolume5,7,77,1.5241763814600238
LowVolume5,7,78,1.5241763814600238
LowVolume5,7,79,1.5241763814600238
LowVolume5,7,80,1.5241763814600238
LowVolume5,7,81,1.5241763814600238
LowVolume5,7,82,1.5241763814600238
LowVolume5,7,83,1.5241763814600238
LowVolume5,7,84,1.5241763814600238
LowVolume5,7,85,1.5241763814600238
LowVolume5,7,86,1.5241763814600238
LowVolume5,7,87,1.5241763814600238
LowVolume5,7,88,1.5241763814600238
LowVolume5,7,89,1.5241763814600238
LowVolume5,7,90,1.5241763814600238
LowVolume5,7,91,1.7459587027855266
OldGuard4,0,0,1
OldGuard4,0,1,1
OldGuard4,0,2,1
OldGuard4,0,3,1
OldGuard4,0,4,1
OldGuard4,0,5,1
OldGuard4,0,6,1
OldGuard4,0,7,1
OldGuard4,0,8,1
OldGuard4,0,9,1
OldGuard4,0,10,1
OldGuard4,0,11,1
OldGuard4,0,12,1
OldGuard4,0,13,1
OldGuard4,0,14,1
OldGuard4,0,15,1
OldGuard4,0,16,0.9157512655411816
OldGuard4,0,17,0.9157512655411816
OldGuard4,0,18,0.9157512655411816
OldGuard4,0,19,0.9157512655411816
OldGuard4,0,20,0.9157512655411816
OldGuard4,0,21,0.9157512655411816
OldGuard4,0,22,0.9157512655411816
OldGuard4,0,23,0.9157512655411816
OldGuard4,0,24,0.9157512655411816
OldGuard4,0,25,0.9157512655411816
OldGuard4,0,26,0.8832626090183744
OldGuard4,0,27,0.8832626090183744
OldGuard4,0,28,1.0814433624207733
OldGuard4,0,29,1.22091427672682
OldGuard4,0,30,1.22091427672682
OldGuard4,0,31,1.22091427672682
OldGuard4,0,32,1.22091427672682
OldGuard4,0,33,1.22091427672682
OldGuard4,0,34,1.22091427672682
OldGuard4,0,35,1.22091427672682
OldGuard4,0,36,1.22091427672682
OldGuard4,0,37,1.22091427672682
OldGuard4,0,38,1.22091427672682
OldGuard4,0,39,1.22091427672682
OldGuard4,0,40,1.22091427672682
OldGuard4,0,41,1.22091427672682
OldGuard4,0,42,1.22091427672682
OldGuard4,0,43,1.22091427672682
OldGuard4,0,44,1.22091427672682
OldGuard4,0,45,1.22091427672682
OldGuard4,0,46,1.22091427672682
OldGuard4,0,47,1.22091427672682
OldGuard4,0,48,1.22091427672682
OldGuard4,0,49,1.22091427672682
OldGuard4,0,50,1.22091427672682
OldGuard4,0,51,1.22091427672682
OldGuard4,0,52,1.22091427672682
OldGuard4,0,53,1.22091427672682
OldGuard4,0,54,1.22091427672682
OldGuard4,0,55,1.3633981926950882
OldGuard4,0,56,1.3633981926950882
OldGuard4,0,57,1.3633981926950882
OldGuard4,0,58,1.3633981926950882
OldGuard4,0,59,1.3633981926950882
OldGuard4,0,60,1.3633981926950882
OldGuard4,0,61,1.3633981926950882
OldGuard4,0,62,1.3633981926950882
OldGuard4,0,63,1.3633981926950882
OldGuard4,0,64,1.3633981926950882
OldGuard4,0,65,1.3633981926950882
OldGuard4,0,66,1.3633981926950882
OldGuard4,0,67,1.3633981926950882
OldGuard4,0,68,1.3633981926950882
OldGuard4,0,69,1.3633981926950882
OldGuard4,0,70,1.3633981926950882
OldGuard4,0,71,1.4620414125363308
OldGuard4,0,72,1.4620414125363308
OldGuard4,0,73,1.4620414125363308
OldGuard4,0,74,1.4620414125363308
OldGuard4,0,75,1.4620414125363308
OldGuard4,0,76,1.4620414125363308
OldGuard4,0,77,1.7934520139199983
OldGuard4,0,78,1.7934520139199983
OldGuard4,0,79,1.7934520139199983
OldGuard4,0,80,1.7934520139199983
OldGuard4,0,81,1.7934520139199983
OldGuard4,0,82,1.7934520139199983
OldGuard4,0,83,1.7934520139199983
OldGuard4,0,84,1.7934520139199983
OldGuard4,0,85,1.7934520139199983
OldGuard4,0,86,1.7934520139199983
OldGuard4,0,87,1.9296866279197649
OldGuard4,0,88,1.3960618579060433
OldGuard4,0,89,1.3960618579060433
OldGuard4,0,90,1.3960618579060433
OldGuard4,0,91,1.3960618579060433
OldGuard4,0,92,1.3960618579060433
OldGuard4,0,93,1.3960618579060433
OldGuard4,0,94,1.583955155080436
OldGuard4,0,95,1.8523150396394403
OldGuard4,0,96,1.8901762691987887
OldGuard4,1,0,1
OldGuard4,1,1,1.0506474631263607
OldGuard4,1,2,1.0506474631263607
OldGuard4,1,3,1.0506474631263607
OldGuard4,1,4,1.0506474631263607
OldGuard4,1,5,1.0506474631263607
OldGuard4,1,6,1.0506474631263607
OldGuard4,1,7,1.0506474631263607
OldGuard4,1,8,0.7858358837278789
OldGuard4,1,9,0.7858358837278789
OldGuard4,1,10,0.7858358837278789
OldGuard4,1,11,0.7858358837278789
OldGuard4,1,12,0.7858358837278789
OldGuard4,1,13,0.7858358837278789
OldGuard4,1,14,0.7858358837278789
OldGuard4,1,15,0.7858358837278789
OldGuard4,1,16,0.7858358837278789
OldGuard4,1,17,0.7858358837278789
OldGuard4,1,18,0.7858358837278789
OldGuard4,1,19,0.7858358837278789
OldGuard4,1,20,0.7858358837278789
OldGuard4,1,21,0.7858358837278789
OldGuard4,1,22,0.6423548754494804
OldGuard4,1,23,0.6423548754494804
OldGuard4,1,24,0.6423548754494804
OldGuard4,1,25,0.6423548754494804
OldGuard4,1,26,0.6423548754494804
OldGuard4,1,27,0.6423548754494804
OldGuard4,1,28,0.6423548754494804
OldGuard4,1,29,0.6423548754494804
OldGuard4,1,30,0.6423548754494804
OldGuard4,1,31,0.6423548754494804
OldGuard4,1,32,0.6423548754494804
OldGuard4,1,33,0.6423548754494804
OldGuard4,1,34,0.6423548754494804
OldGuard4,1,35,0.6423548754494804
OldGuard4,1,36,0.6423548754494804
OldGuard4,1,37,0.6423548754494804
OldGuard4,1,38,0.6423548754494804
OldGuard4,1,39,0.6423548754494804
OldGuard4,1,40,0.6423548754494804
OldGuard4,1,41,0.6423548754494804
OldGuard4,1,42,0.6423548754494804
OldGuard4,1,43,0.6423548754494804
OldGuard4,1,44,0.6423548754494804
OldGuard4,1,45,0.6423548754494804
OldGuard4,1,46,0.6423548754494804
OldGuard4,1,47,0.6423548754494804
OldGuard4,1,48,0.6423548754494804
OldGuard4,1,49,0.6423548754494804
OldGuard4,1,50,0.7664266109440132
OldGuard4,1,51,0.7664266109440132
OldGuard4,1,52,0.7664266109440132
OldGuard4,1,53,0.7664266109440132
OldGuard4,1,54,0.7664266109440132
OldGuard4,1,55,0.8388428698579492
OldGuard4,1,56,0.7753297994064523
OldGuard4,1,57,0.7753297994064523
OldGuard4,1,58,0.7753297994064523
OldGuard4,1,59,0.7753297994064523
OldGuard4,1,60,0.7753297994064523
OldGuard4,1,61,0.7753297994064523
OldGuard4,1,62,0.7753297994064523
OldGuard4,1,63,0.7753297994064523
OldGuard4,1,64,0.6930091303859708
OldGuard4,1,65,0.6930091303859708
OldGuard4,1,66,0.6930091303859708
OldGuard4,1,67,0.6930091303859708
OldGuard4,1,68,0.6930091303859708
OldGuard4,1,69,0.6930091303859708
OldGuard4,1,70,0.6930091303859708
OldGuard4,1,71,0.6930091303859708
OldGuard4,1,72,0.6930091303859708
OldGuard4,1,73,0.6930091303859708
OldGuard4,1,74,0.6930091303859708
OldGuard4,1,75,0.6930091303859708
OldGuard4,1,76,0.6930091303859708
OldGuard4,1,77,0.6930091303859708
OldGuard4,1,78,0.6930091303859708
OldGuard4,1,79,0.6930091303859708
OldGuard4,1,80,0.6930091303859708
OldGuard4,1,81,0.6930091303859708
OldGuard4,1,82,0.6930091303859708
OldGuard4,1,83,0.7670723067961869
OldGuard4,1,84,0.7670723067961869
OldGuard4,1,85,0.7849186260000682
OldGuard4,1,86,0.7849186260000682
OldGuard4,1,87,0.7849186260000682
OldGuard4,1,88,0.7849186260000682
OldGuard4,1,89,0.7849186260000682
OldGuard4,1,90,0.8232623920065048
OldGuard4,1,91,0.7760523743468023
OldGuard4,1,92,0.7760523743468023
OldGuard4,1,93,0.7760523743468023
OldGuard4,1,94,0.7760523743468023
OldGuard4,1,95,0.7760523743468023
OldGuard4,1,96,0.7760523743468023
OldGuard4,1,97,0.7760523743468023
OldGuard4,1,98,0.7760523743468023
OldGuard4,1,99,0.7760523743468023
OldGuard4,1,100,0.7760523743468023
OldGuard4,1,101,0.7760523743468023
OldGuard4,1,102,0.7760523743468023
OldGuard4,1,103,0.7760523743468023
OldGuard4,1,104,0.7760523743468023
OldGuard4,1,105,0.7760523743468023
OldGuard4,1,106,0.7760523743468023
OldGuard4,1,107,0.7760523743468023
OldGuard4,2,0,1
OldGuard4,2,1,1
OldGuard4,2,2,1
OldGuard4,2,3,1
OldGuard4,2,4,0.8997153557343132
OldGuard4,2,5,0.8997153557343132
OldGuard4,2,6,0.8997153557343132
OldGuard4,2,7,0.8750735921894327
OldGuard4,2,8,0.8750735921894327
OldGuard4,2,9,0.8750735921894327
OldGuard4,2,10,0.8750735921894327
OldGuard4,2,11,0.8750735921894327
OldGuard4,2,12,0.8750735921894327
OldGuard4,2,13,0.8750735921894327
OldGuard4,2,14,0.8750735921894327
OldGuard4,2,15,1.0671379568928956
OldGuard4,2,16,1.0143523432980206
OldGuard4,2,17,1.0143523432980206
OldGuard4,2,18,1.0143523432980206
OldGuard4,2,19,1.0143523432980206
OldGuard4,2,20,1.0143523432980206
OldGuard4,2,21,1.0143523432980206
OldGuard4,2,22,1.0143523432980206
OldGuard4,2,23,1.0143523432980206
OldGuard4,2,24,1.0143523432980206
OldGuard4,2,25,1.0143523432980206
OldGuard4,2,26,1.0143523432980206
OldGuard4,2,27,1.0143523432980206
OldGuard4,2,28,0.9271111492270108
OldGuard4,2,29,0.9271111492270108
OldGuard4,2,30,0.9271111492270108
OldGuard4,2,31,0.9271111492270108
OldGuard4,2,32,0.9271111492270108
OldGuard4,2,33,0.9271111492270108
OldGuard4,2,34,0.9271111492270108
OldGuard4,2,35,0.9271111492270108
OldGuard4,2,36,0.9271111492270108
OldGuard4,2,37,0.9271111492270108
OldGuard4,2,38,0.9271111492270108
OldGuard4,2,39,0.9271111492270108
OldGuard4,2,40,0.9271111492270108
OldGuard4,2,41,0.9271111492270108
OldGuard4,2,42,0.9271111492270108
OldGuard4,2,43,0.9271111492270108
OldGuard4,2,44,0.9271111492270108
OldGuard4,2,45,0.9271111492270108
OldGuard4,2,46,0.9271111492270108
OldGuard4,2,47,0.9271111492270108
OldGuard4,2,48,0.9271111492270108
OldGuard4,2,49,0.9271111492270108
OldGuard4,2,50,0.9271111492270108
OldGuard4,2,51,0.9271111492270108
OldGuard4,2,52,0.9271111492270108
OldGuard4,2,53,0.9271111492270108
OldGuard4,2,54,0.9271111492270108
OldGuard4,2,55,0.9271111492270108
OldGuard4,2,56,0.9271111492270108
OldGuard4,2,57,0.9271111492270108
OldGuard4,2,58,0.9271111492270108
OldGuard4,2,59,0.9271111492270108
OldGuard4,2,60,0.9271111492270108
OldGuard4,2,61,0.9271111492270108
OldGuard4,2,62,0.9271111492270108
OldGuard4,2,63,0.9271111492270108
OldGuard4,2,64,0.9271111492270108
OldGuard4,2,65,0.9271111492270108
OldGuard4,2,66,1.0879695760677768
OldGuard4,2,67,1.0879695760677768
OldGuard4,2,68,1.0879695760677768
OldGuard4,2,69,1.0033971321389346
OldGuard4,2,70,1.0033971321389346
OldGuard4,2,71,1.1754347422417237
OldGuard4,2,72,2.2417748448578596
OldGuard4,2,73,2.2417748448578596
OldGuard4,2,74,2.2417748448578596
OldGuard4,2,75,2.2417748448578596
OldGuard4,2,76,2.2417748448578596
OldGuard4,2,77,2.2417748448578596
OldGuard4,2,78,2.2417748448578596
OldGuard4,2,79,2.2417748448578596
OldGuard4,2,80,2.2417748448578596
OldGuard4,2,81,2.2417748448578596
OldGuard4,2,82,2.2417748448578596
OldGuard4,2,83,2.2417748448578596
OldGuard4,2,84,2.2417748448578596
OldGuard4,2,85,2.2417748448578596
OldGuard4,2,86,2.2417748448578596
OldGuard4,2,87,2.2417748448578596
OldGuard4,2,88,2.2417748448578596
OldGuard4,2,89,2.2417748448578596
OldGuard4,2,90,2.2417748448578596
OldGuard4,2,91,2.2417748448578596
OldGuard4,2,92,2.2417748448578596
OldGuard4,2,93,2.2417748448578596
OldGuard4,2,94,2.2417748448578596
OldGuard4,2,95,2.2417748448578596
OldGuard4,2,96,2.528514414787607
OldGuard4,2,97,3.8221835921983236
OldGuard4,2,98,3.8221835921983236
OldGuard4,2,99,3.8221835921983236
OldGuard4,2,100,4.659885083146583
OldGuard4,3,0,1
OldGuard4,3,1,0.995159070551237
OldGuard4,3,2,0.995159070551237
OldGuard4,3,3,0.995159070551237
OldGuard4,3,4,0.995159070551237
OldGuard4,3,5,0.995159070551237
OldGuard4,3,6,0.995159070551237
OldGuard4,3,7,1.4355973480398538
OldGuard4,3,8,1.4355973480398538
OldGuard4,3,9,2.2861240477630598
OldGuard4,3,10,1.7343873067195692
OldGuard4,3,11,1.7343873067195692
OldGuard4,3,12,1.7343873067195692
OldGuard4,3,13,1.4761380463535632
OldGuard4,3,14,1.4761380463535632
OldGuard4,3,15,1.8236958450052014
OldGuard4,3,16,1.8236958450052014
OldGuard4,3,17,1.8236958450052014
OldGuard4,3,18,1.8236958450052014
OldGuard4,3,19,1.8236958450052014
OldGuard4,3,20,1.8236958450052014
OldGuard4,3,21,1.8236958450052014
OldGuard4,3,22,1.8236958450052014
OldGuard4,3,23,1.8236958450052014
OldGuard4,3,24,1.8236958450052014
OldGuard4,3,25,1.8236958450052014
OldGuard4,3,26,1.8236958450052014
OldGuard4,3,27,1.8236958450052014
OldGuard4,3,28,1.8236958450052014
OldGuard4,3,29,1.8236958450052014
OldGuard4,3,30,1.8236958450052014
OldGuard4,3,31,1.8236958450052014
OldGuard4,3,32,1.8236958450052014
OldGuard4,3,33,1.6477438289087205
OldGuard4,3,34,1.6477438289087205
OldGuard4,3,35,1.6477438289087205
OldGuard4,3,36,1.6477438289087205
OldGuard4,3,37,1.6477438289087205
OldGuard4,3,38,1.6477438289087205
OldGuard4,3,39,1.6477438289087205
OldGuard4,3,40,1.6477438289087205
OldGuard4,3,41,1.6477438289087205
OldGuard4,3,42,1.6477438289087205
OldGuard4,3,43,1.6477438289087205
OldGuard4,3,44,1.6477438289087205
OldGuard4,3,45,1.6477438289087205
OldGuard4,3,46,1.6477438289087205
OldGuard4,3,47,1.6477438289087205
OldGuard4,3,48,1.6477438289087205
OldGuard4,3,49,1.6477438289087205
OldGuard4,3,50,1.6477438289087205
OldGuard4,3,51,1.6477438289087205
OldGuard4,3,52,1.6477438289087205
OldGuard4,3,53,1.6477438289087205
OldGuard4,3,54,1.53187693043234
OldGuard4,3,55,1.53187693043234
OldGuard4,3,56,1.53187693043234
OldGuard4,3,57,1.53187693043234
OldGuard4,3,58,1.53187693043234
OldGuard4,3,59,1.53187693043234
OldGuard4,3,60,1.53187693043234
OldGuard4,3,61,1.53187693043234
OldGuard4,3,62,1.262334000199584
OldGuard4,3,63,1.262334000199584
OldGuard4,3,64,1.262334000199584
OldGuard4,3,65,1.262334000199584
OldGuard4,3,66,1.262334000199584
OldGuard4,3,67,1.9492972198632077
OldGuard4,3,68,1.9492972198632077
OldGuard4,3,69,1.9492972198632077
OldGuard4,3,70,1.9492972198632077
OldGuard4,3,71,1.9492972198632077
OldGuard4,3,72,1.9492972198632077
OldGuard4,3,73,1.9492972198632077
OldGuard4,3,74,1.9492972198632077
OldGuard4,3,75,1.9492972198632077
OldGuard4,3,76,1.9492972198632077
OldGuard4,3,77,1.9492972198632077
OldGuard4,3,78,1.9492972198632077
OldGuard4,3,79,1.9492972198632077
OldGuard4,3,80,1.9492972198632077
OldGuard4,3,81,1.9492972198632077
OldGuard4,3,82,1.9492972198632077
OldGuard4,3,83,1.599496978727803
OldGuard4,3,84,1.599496978727803
OldGuard4,3,85,1.599496978727803
OldGuard4,3,86,1.599496978727803
OldGuard4,3,87,1.599496978727803
OldGuard4,3,88,1.599496978727803
OldGuard4,3,89,1.599496978727803
OldGuard4,3,90,1.599496978727803
OldGuard4,3,91,1.599496978727803
OldGuard4,3,92,1.599496978727803
OldGuard4,3,93,1.599496978727803
OldGuard4,3,94,1.599496978727803
OldGuard4,3,95,1.599496978727803
OldGuard4,3,96,1.599496978727803
OldGuard4,3,97,1.599496978727803
OldGuard4,3,98,1.599496978727803
OldGuard4,3,99,1.599496978727803
OldGuard4,3,100,1.599496978727803
OldGuard4,3,101,1.599496978727803
OldGuard4,3,102,1.599496978727803
OldGuard4,3,103,1.599496978727803
OldGuard4,3,104,2.0109990673795446
OldGuard4,4,0,1
OldGuard4,4,1,1
OldGuard4,4,2,1
OldGuard4,4,3,1
OldGuard4,4,4,1
OldGuard4,4,5,1
OldGuard4,4,6,1
OldGuard4,4,7,1.0894164813585165
OldGuard4,4,8,1.0855682665122823
OldGuard4,4,9,1.034400206108538
OldGuard4,4,10,1.034400206108538
OldGuard4,4,11,1.034400206108538
OldGuard4,4,12,1.034400206108538
OldGuard4,4,13,1.034400206108538
OldGuard4,4,14,1.034400206108538
OldGuard4,4,15,1.034400206108538
OldGuard4,4,16,1.034400206108538
OldGuard4,4,17,1.034400206108538
OldGuard4,4,18,1.034400206108538
OldGuard4,4,19,1.034400206108538
OldGuard4,4,20,1.034400206108538
OldGuard4,4,21,1.034400206108538
OldGuard4,4,22,1.034400206108538
OldGuard4,4,23,1.034400206108538
OldGuard4,4,24,1.034400206108538
OldGuard4,4,25,1.034400206108538
OldGuard4,4,26,1.034400206108538
OldGuard4,4,27,1.2903571758892731
OldGuard4,4,28,1.2730334020566818
OldGuard4,4,29,1.2730334020566818
OldGuard4,4,30,1.2730334020566818
OldGuard4,4,31,1.2730334020566818
OldGuard4,4,32,1.2730334020566818
OldGuard4,4,33,1.2730334020566818
OldGuard4,4,34,1.2730334020566818
OldGuard4,4,35,1.2730334020566818
OldGuard4,4,36,1.102965829274448
OldGuard4,4,37,1.102965829274448
OldGuard4,4,38,1.0286048551046685
OldGuard4,4,39,1.0286048551046685
OldGuard4,4,40,1.0286048551046685
OldGuard4,4,41,1.0286048551046685
OldGuard4,4,42,1.0286048551046685
OldGuard4,4,43,1.0286048551046685
OldGuard4,4,44,1.0286048551046685
OldGuard4,4,45,1.0286048551046685
OldGuard4,4,46,1.0286048551046685
OldGuard4,4,47,1.0286048551046685
OldGuard4,4,48,1.0286048551046685
OldGuard4,4,49,1.0286048551046685
OldGuard4,4,50,1.0286048551046685
OldGuard4,4,51,1.0286048551046685
OldGuard4,4,52,1.0286048551046685
OldGuard4,4,53,1.0286048551046685
OldGuard4,4,54,1.0286048551046685
OldGuard4,4,55,1.0286048551046685
OldGuard4,4,56,1.0286048551046685
OldGuard4,4,57,1.0286048551046685
OldGuard4,4,58,1.0286048551046685
OldGuard4,4,59,1.0286048551046685
OldGuard4,4,60,1.0286048551046685
OldGuard4,4,61,1.0286048551046685
OldGuard4,4,62,1.0286048551046685
OldGuard4,4,63,1.0286048551046685
OldGuard4,4,64,1.0286048551046685
OldGuard4,4,65,1.0286048551046685
OldGuard4,4,66,1.0286048551046685
OldGuard4,4,67,1.0286048551046685
OldGuard4,4,68,1.0286048551046685
OldGuard4,4,69,1.0005673060270006
OldGuard4,4,70,1.0005673060270006
OldGuard4,4,71,1.0005673060270006
OldGuard4,4,72,1.0005673060270006
OldGuard4,4,73,1.0005673060270006
OldGuard4,4,74,1.0005673060270006
OldGuard4,4,75,1.0005673060270006
OldGuard4,4,76,1.0005673060270006
OldGuard4,4,77,1.0005673060270006
OldGuard4,4,78,1.0005673060270006
OldGuard4,4,79,1.0005673060270006
OldGuard4,4,80,1.0005673060270006
OldGuard4,4,81,1.0005673060270006
OldGuard4,4,82,1.0005673060270006
OldGuard4,4,83,1.0005673060270006
OldGuard4,4,84,1.0005673060270006
OldGuard4,4,85,1.0005673060270006
OldGuard4,4,86,1.0005673060270006
OldGuard4,4,87,1.0005673060270006
OldGuard4,4,88,0.8743598372267043
OldGuard4,4,89,0.8743598372267043
OldGuard4,4,90,0.8743598372267043
OldGuard4,4,91,0.8743598372267043
OldGuard4,4,92,0.8743598372267043
OldGuard4,4,93,0.8743598372267043
OldGuard4,4,94,0.8743598372267043
OldGuard4,4,95,0.8743598372267043
OldGuard4,4,96,0.8743598372267043
OldGuard4,4,97,0.8743598372267043
OldGuard4,4,98,0.8743598372267043
OldGuard4,4,99,0.8743598372267043
OldGuard4,4,100,0.8743598372267043
OldGuard4,4,101,0.8743598372267043
OldGuard4,4,102,0.8743598372267043
OldGuard4,4,103,0.8743598372267043
OldGuard4,4,104,0.8743598372267043
OldGuard4,4,105,0.8743598372267043
OldGuard4,4,106,0.8743598372267043
OldGuard4,4,107,0.8743598372267043
OldGuard4,4,108,0.8743598372267043
OldGuard4,4,109,0.8743598372267043
OldGuard4,4,110,0.8743598372267043
OldGuard4,4,111,0.8743598372267043
OldGuard4,4,112,0.8743598372267043
OldGuard4,4,113,0.8743598372267043
OldGuard4,4,114,0.8743598372267043
OldGuard4,4,115,0.9323808689444701
OldGuard4,4,116,0.9323808689444701
OldGuard4,4,117,0.9323808689444701
OldGuard4,4,118,0.9323808689444701
OldGuard4,4,119,0.9323808689444701
OldGuard4,4,120,0.9323808689444701
OldGuard4,5,0,1
OldGuard4,5,1,1
OldGuard4,5,2,1
OldGuard4,5,3,1
OldGuard4,5,4,1
OldGuard4,5,5,1
OldGuard4,5,6,1
OldGuard4,5,7,1
OldGuard4,5,8,1
OldGuard4,5,9,1
OldGuard4,5,10,1
OldGuard4,5,11,1
OldGuard4,5,12,1
OldGuard4,5,13,1
OldGuard4,5,14,1
OldGuard4,5,15,1
OldGuard4,5,16,1
OldGuard4,5,17,1
OldGuard4,5,18,1
OldGuard4,5,19,1
OldGuard4,5,20,1
OldGuard4,5,21,1
OldGuard4,5,22,1
OldGuard4,5,23,1
OldGuard4,5,24,1
OldGuard4,5,25,1.035976889248173
OldGuard4,5,26,1.035976889248173
OldGuard4,5,27,1.035976889248173
OldGuard4,5,28,1.035976889248173
OldGuard4,5,29,1.035976889248173
OldGuard4,5,30,1.035976889248173
OldGuard4,5,31,1.035976889248173
OldGuard4,5,32,0.8597666117158915
OldGuard4,5,33,0.8597666117158915
OldGuard4,5,34,0.8597666117158915
OldGuard4,5,35,0.8597666117158915
OldGuard4,5,36,0.8597666117158915
OldGuard4,5,37,0.8597666117158915
OldGuard4,5,38,0.8597666117158915
OldGuard4,5,39,0.8597666117158915
OldGuard4,5,40,0.8597666117158915
OldGuard4,5,41,1.2273759219914027
OldGuard4,5,42,1.6739714984913074
OldGuard4,5,43,1.6739714984913074
OldGuard4,5,44,1.6739714984913074
OldGuard4,5,45,1.6739714984913074
OldGuard4,5,46,1.6739714984913074
OldGuard4,5,47,1.6739714984913074
OldGuard4,5,48,1.6739714984913074
OldGuard4,5,49,1.7347289961505914
OldGuard4,5,50,1.7347289961505914
OldGuard4,5,51,1.7347289961505914
OldGuard4,5,52,1.7347289961505914
OldGuard4,5,53,1.7347289961505914
OldGuard4,5,54,1.7347289961505914
OldGuard4,5,55,1.7347289961505914
OldGuard4,5,56,1.7347289961505914
OldGuard4,5,57,1.7347289961505914
OldGuard4,5,58,1.7347289961505914
OldGuard4,5,59,1.5560028040315566
OldGuard4,5,60,1.5560028040315566
OldGuard4,5,61,1.5560028040315566
OldGuard4,5,62,1.5560028040315566
OldGuard4,5,63,1.5560028040315566
OldGuard4,5,64,1.5560028040315566
OldGuard4,5,65,1.5560028040315566
OldGuard4,5,66,1.5560028040315566
OldGuard4,5,67,1.5560028040315566
OldGuard4,5,68,1.5560028040315566
OldGuard4,5,69,1.5560028040315566
OldGuard4,5,70,1.5560028040315566
OldGuard4,5,71,1.5560028040315566
OldGuard4,5,72,1.5560028040315566
OldGuard4,5,73,1.5560028040315566
OldGuard4,5,74,1.5560028040315566
OldGuard4,5,75,1.5560028040315566
OldGuard4,5,76,1.5560028040315566
OldGuard4,5,77,1.3837173525432018
OldGuard4,5,78,1.3837173525432018
OldGuard4,5,79,1.3837173525432018
OldGuard4,5,80,1.3837173525432018
OldGuard4,5,81,1.3837173525432018
OldGuard4,5,82,1.3837173525432018
OldGuard4,5,83,1.3837173525432018
OldGuard4,5,84,1.3837173525432018
OldGuard4,5,85,1.3837173525432018
OldGuard4,5,86,1.3837173525432018
OldGuard4,5,87,1.3837173525432018
OldGuard4,5,88,1.3274496288028312
OldGuard4,5,89,1.3274496288028312
OldGuard4,5,90,1.3274496288028312
OldGuard4,5,91,1.3274496288028312
OldGuard4,5,92,1.3274496288028312
OldGuard4,5,93,1.3274496288028312
OldGuard4,5,94,1.3274496288028312
OldGuard4,5,95,1.3274496288028312
OldGuard4,5,96,1.5972431952867054
OldGuard4,5,97,1.4999297993296765
OldGuard4,5,98,1.6988260994261686
OldGuard4,5,99,1.6988260994261686
OldGuard4,5,100,1.6988260994261686
OldGuard4,5,101,1.6988260994261686
OldGuard4,5,102,1.6988260994261686
OldGuard4,5,103,1.6988260994261686
OldGuard4,5,104,1.6988260994261686
OldGuard4,5,105,1.6988260994261686
OldGuard4,5,106,1.6138484781463118
OldGuard4,6,0,1
OldGuard4,6,1,1
OldGuard4,6,2,1
OldGuard4,6,3,1
OldGuard4,6,4,1
OldGuard4,6,5,1
OldGuard4,6,6,1
OldGuard4,6,7,1
OldGuard4,6,8,1
OldGuard4,6,9,1
OldGuard4,6,10,1
OldGuard4,6,11,1
OldGuard4,6,12,1
OldGuard4,6,13,1
OldGuard4,6,14,1
OldGuard4,6,15,1
OldGuard4,6,16,1
OldGuard4,6,17,1
OldGuard4,6,18,1
OldGuard4,6,19,1
OldGuard4,6,20,1
OldGuard4,6,21,1
OldGuard4,6,22,1
OldGuard4,6,23,1
OldGuard4,6,24,1
OldGuard4,6,25,1.3113415941319246
OldGuard4,6,26,1.3113415941319246
OldGuard4,6,27,1.3189093936544638
OldGuard4,6,28,1.3189093936544638
OldGuard4,6,29,1.3189093936544638
OldGuard4,6,30,1.3189093936544638
OldGuard4,6,31,1.3189093936544638
OldGuard4,6,32,1.3189093936544638
OldGuard4,6,33,1.3189093936544638
OldGuard4,6,34,1.3189093936544638
OldGuard4,6,35,1.252285362473944
OldGuard4,6,36,1.252285362473944
OldGuard4,6,37,1.252285362473944
OldGuard4,6,38,1.252285362473944
OldGuard4,6,39,1.252285362473944
OldGuard4,6,40,1.252285362473944
OldGuard4,6,41,1.252285362473944
OldGuard4,6,42,1.252285362473944
OldGuard4,6,43,1.252285362473944
OldGuard4,6,44,1.252285362473944
OldGuard4,6,45,1.252285362473944
OldGuard4,6,46,1.252285362473944
OldGuard4,6,47,1.4263542895076307
OldGuard4,6,48,1.4263542895076307
OldGuard4,6,49,1.4263542895076307
OldGuard4,6,50,1.4263542895076307
OldGuard4,6,51,1.5164922317729437
OldGuard4,6,52,1.5164922317729437
OldGuard4,6,53,1.4158719974989769
OldGuard4,6,54,1.4158719974989769
OldGuard4,6,55,1.2411138860790971
OldGuard4,6,56,1.2411138860790971
OldGuard4,6,57,1.2411138860790971
OldGuard4,6,58,1.2411138860790971
OldGuard4,6,59,1.2411138860790971
OldGuard4,6,60,1.2411138860790971
OldGuard4,6,61,1.2171282406856663
OldGuard4,6,62,1.2171282406856663
OldGuard4,6,63,0.943359622385793
OldGuard4,6,64,0.943359622385793
OldGuard4,6,65,0.943359622385793
OldGuard4,6,66,0.943359622385793
OldGuard4,6,67,0.943359622385793
OldGuard4,6,68,0.943359622385793
OldGuard4,6,69,1.0362013265201855
OldGuard4,6,70,1.0362013265201855
OldGuard4,6,71,1.0362013265201855
OldGuard4,6,72,1.0362013265201855
OldGuard4,6,73,1.0362013265201855
OldGuard4,6,74,1.0362013265201855
OldGuard4,6,75,1.0362013265201855
OldGuard4,6,76,1.0362013265201855
OldGuard4,6,77,1.0362013265201855
OldGuard4,6,78,1.0362013265201855
OldGuard4,6,79,0.965013976705294
OldGuard4,6,80,0.965013976705294
OldGuard4,6,81,0.965013976705294
OldGuard4,6,82,0.965013976705294
OldGuard4,6,83,0.965013976705294
OldGuard4,6,84,0.965013976705294
OldGuard4,6,85,0.965013976705294
OldGuard4,6,86,0.965013976705294
OldGuard4,6,87,0.965013976705294
OldGuard4,6,88,0.965013976705294
OldGuard4,6,89,0.965013976705294
OldGuard4,6,90,0.965013976705294
OldGuard4,6,91,0.965013976705294
OldGuard4,6,92,1.1622115777825437
OldGuard4,6,93,1.015471229066037
OldGuard4,7,0,1
OldGuard4,7,1,1
OldGuard4,7,2,1
OldGuard4,7,3,1
OldGuard4,7,4,1
OldGuard4,7,5,1
OldGuard4,7,6,1
OldGuard4,7,7,1
OldGuard4,7,8,1
OldGuard4,7,9,1
OldGuard4,7,10,1
OldGuard4,7,11,1
OldGuard4,7,12,1
OldGuard4,7,13,1
OldGuard4,7,14,1
OldGuard4,7,15,1
OldGuard4,7,16,1
OldGuard4,7,17,1
OldGuard4,7,18,1
OldGuard4,7,19,1
OldGuard4,7,20,1
OldGuard4,7,21,1
OldGuard4,7,22,1
OldGuard4,7,23,1
OldGuard4,7,24,1
OldGuard4,7,25,1
OldGuard4,7,26,1
OldGuard4,7,27,1
OldGuard4,7,28,0.9575047154338199
OldGuard4,7,29,0.9575047154338199
OldGuard4,7,30,0.9575047154338199
OldGuard4,7,31,0.9575047154338199
OldGuard4,7,32,0.9575047154338199
OldGuard4,7,33,0.9575047154338199
OldGuard4,7,34,0.9575047154338199
OldGuard4,7,35,0.9575047154338199
OldGuard4,7,36,0.9575047154338199
OldGuard4,7,37,0.9575047154338199
OldGuard4,7,38,0.9982871714329893
OldGuard4,7,39,1.0714378088067502
OldGuard4,7,40,1.0714378088067502
OldGuard4,7,41,1.0714378088067502
OldGuard4,7,42,1.0714378088067502
OldGuard4,7,43,1.0681862061617533
OldGuard4,7,44,1.0681862061617533
OldGuard4,7,45,1.1617944560013662
OldGuard4,7,46,1.1617944560013662
OldGuard4,7,47,1.3618424647977063
OldGuard4,7,48,1.3618424647977063
OldGuard4,7,49,1.3618424647977063
OldGuard4,7,50,1.3618424647977063
OldGuard4,7,51,1.283836846804676
OldGuard4,7,52,1.283836846804676
OldGuard4,7,53,1.283836846804676
OldGuard4,7,54,1.283836846804676
OldGuard4,7,55,1.283836846804676
OldGuard4,7,56,1.283836846804676
OldGuard4,7,57,1.283836846804676
OldGuard4,7,58,1.283836846804676
OldGuard4,7,59,1.283836846804676
OldGuard4,7,60,1.283836846804676
OldGuard4,7,61,1.283836846804676
OldGuard4,7,62,1.283836846804676
OldGuard4,7,63,1.283836846804676
OldGuard4,7,64,1.283836846804676
OldGuard4,7,65,1.283836846804676
OldGuard4,7,66,1.283836846804676
OldGuard4,7,67,1.283836846804676
OldGuard4,7,68,1.283836846804676
OldGuard4,7,69,1.283836846804676
OldGuard4,7,70,1.283836846804676
OldGuard4,7,71,1.283836846804676
OldGuard4,7,72,1.283836846804676
OldGuard4,7,73,1.283836846804676
OldGuard4,7,74,1.283836846804676
OldGuard4,7,75,1.5097712073774712
OldGuard4,7,76,1.5097712073774712
OldGuard4,7,77,1.5097712073774712
OldGuard4,7,78,1.5097712073774712
OldGuard4,7,79,1.5097712073774712
OldGuard4,7,80,1.5097712073774712
OldGuard4,7,81,1.907238024162845
OldGuard4,7,82,1.7748710599935853
OldGuard4,7,83,1.7748710599935853
OldGuard4,7,84,1.7748710599935853
OldGuard4,7,85,1.7748710599935853
OldGuard4,7,86,1.7748710599935853
OldGuard4,7,87,1.604359710918645
OldGuard4,7,88,1.604359710918645
OldGuard4,7,89,1.604359710918645
OldGuard4,7,90,1.604359710918645
OldGuard4,7,91,1.604359710918645
OldGuard4,7,92,1.604359710918645
OldGuard4,7,93,1.604359710918645
OldGuard4,7,94,1.604359710918645
OldGuard4,7,95,1.604359710918645
OldGuard4,7,96,1.604359710918645
OldGuard4,7,97,1.604359710918645
OldGuard4,7,98,1.604359710918645
OldGuard4,7,99,1.604359710918645
OldGuard4,7,100,1.604359710918645
OldGuard4,7,101,1.604359710918645
OldGuard4,7,102,1.604359710918645
OldGuard4,7,103,1.604359710918645
OldGuard4,7,104,1.8378094777939245
