step,vl_2,vl_7,vl_8,vl_9
0,1.00000000,1.00000000,1.00000000,1.00000000
1,1.00000000,1.00000000,1.00000000,1.00000000
2,1.30972494,1.30972494,1.30972494,1.30972494
3,1.30972494,1.30972494,1.30972494,1.30972494
4,1.30972494,1.30972494,1.30972494,1.30972494
5,1.30972494,1.30972494,1.30972494,1.30972494
6,1.30972494,1.30972494,1.30972494,1.30972494
7,1.24505156,1.24505156,1.24505156,1.24505156
8,1.24505156,1.24505156,1.24505156,1.24505156
9,0.75060748,0.75060748,0.75060748,0.75060748
10,0.75060748,0.75060748,0.75060748,0.75060748
11,0.75060748,0.75060748,0.75060748,0.75060748
12,0.75060748,0.75060748,0.75060748,0.75060748
13,0.75060748,0.75060748,0.75060748,0.75060748
14,0.75060748,0.75060748,0.75060748,0.75060748
15,0.75060748,0.75060748,0.75060748,0.75060748
16,0.75060748,0.75060748,0.75060748,0.75060748
17,0.75060748,0.75060748,0.75060748,0.75060748
18,0.75060748,0.75060748,0.75060748,0.75060748
19,0.75060748,0.75060748,0.75060748,0.75060748
20,0.75060748,0.75060748,0.75060748,0.75060748
21,0.75060748,0.75060748,0.75060748,0.75060748
22,0.75060748,0.75060748,0.75060748,0.75060748
23,0.75060748,0.75060748,0.75060748,0.75060748
24,0.75060748,0.75060748,0.75060748,0.75060748
25,0.75060748,0.75060748,0.75060748,0.75060748
26,0.75060748,0.75060748,0.75060748,0.75060748
27,0.75060748,0.75060748,0.75060748,0.75060748
28,0.75060748,0.75060748,0.75060748,0.75060748
29,0.75060748,0.75060748,0.75060748,0.75060748
30,0.75060748,0.75060748,0.75060748,0.75060748
31,0.75060748,0.75060748,0.75060748,0.75060748
32,0.75060748,0.75060748,0.75060748,0.75060748
33,0.75060748,0.75060748,0.75060748,0.75060748
34,0.75060748,0.75060748,0.75060748,0.75060748
35,0.75060748,0.75060748,0.75060748,0.75060748
36,0.75060748,0.75060748,0.75060748,0.75060748
37,0.75060748,0.75060748,0.75060748,0.75060748
38,0.66200986,0.66200986,0.66200986,0.66200986
39,0.66200986,0.66200986,0.66200986,0.66200986
40,0.66200986,0.66200986,0.66200986,0.66200986
41,0.66200986,0.66200986,0.66200986,0.66200986
42,0.66200986,0.66200986,0.66200986,0.66200986
43,0.59466665,0.59466665,0.59466665,0.59466665
44,0.59466665,0.59466665,0.59466665,0.59466665
45,0.59466665,0.59466665,0.59466665,0.59466665
46,0.59466665,0.59466665,0.59466665,0.59466665
47,0.59466665,0.59466665,0.59466665,0.59466665
48,0.59466665,0.59466665,0.59466665,0.59466665
49,0.59466665,0.59466665,0.59466665,0.59466665
50,0.59466665,0.59466665,0.59466665,0.59466665
51,0.59466665,0.59466665,0.59466665,0.59466665
52,0.59466665,0.59466665,0.59466665,0.59466665
53,0.59466665,0.59466665,0.59466665,0.59466665
54,0.59466665,0.59466665,0.59466665,0.59466665
55,0.59466665,0.59466665,0.59466665,0.59466665
56,0.59466665,0.59466665,0.59466665,0.59466665
57,0.56794006,0.59466665,0.59466665,0.59466665
58,1.05682410,0.59466665,0.59466665,0.59466665
59,1.05682410,0.59466665,0.59466665,0.59466665
60,1.05682410,0.75545493,0.75545493,0.75545493
61,0.98038596,1.26251803,1.26251803,1.26251803
62,1.06335714,2.69637574,2.69637574,2.69637574
63,1.08917673,2.69637574,2.69637574,2.69637574
64,1.33874244,2.69637574,2.69637574,2.69637574
65,1.33874244,2.69637574,2.69637574,2.69637574
66,1.33874244,2.69637574,2.69637574,2.69637574
67,1.33874244,2.69637574,2.69637574,2.69637574
68,1.33874244,2.69637574,2.69637574,2.69637574
69,1.33874244,2.76184698,2.76184698,2.76184698
70,1.33874244,3.39467568,3.39467568,3.39467568
71,1.67282201,3.39467568,3.39467568,3.39467568
72,1.50558792,3.39467568,3.39467568,3.39467568
73,1.50558792,3.39467568,3.39467568,3.39467568
74,1.50558792,3.39467568,3.39467568,3.39467568
75,1.50558792,3.39467568,3.39467568,3.39467568
76,1.50558792,3.39467568,3.39467568,3.39467568
77,1.50558792,4.24180785,4.24180785,4.24180785
78,1.50558792,3.81774907,3.81774907,3.81774907
79,1.50558792,3.81774907,3.81774907,3.81774907
80,1.50558792,3.81774907,3.81774907,3.81774907
81,1.50558792,3.81774907,3.81774907,3.81774907
82,1.34350149,3.81774907,3.81774907,3.81774907
83,1.34350149,3.81774907,3.81774907,3.81774907
84,1.34350149,3.81774907,3.81774907,3.81774907
85,1.34350149,3.81774907,3.81774907,3.81774907
86,1.34350149,3.81774907,3.81774907,3.81774907
87,1.34350149,3.81774907,3.81774907,3.81774907
88,1.34350149,3.40674330,3.40674330,3.40674330
89,1.34350149,3.40674330,3.40674330,3.40674330
90,1.34350149,3.40674330,3.40674330,3.40674330
91,1.34350149,3.40674330,3.40674330,3.40674330
92,1.34350149,3.40674330,3.40674330,3.40674330
93,1.89134207,3.40674330,3.40674330,3.40674330
94,1.89134207,3.40674330,3.40674330,3.40674330
95,1.89134207,3.40674330,3.40674330,3.40674330
96,1.89134207,3.40674330,3.40674330,3.40674330
97,1.89134207,3.40674330,3.40674330,3.40674330
98,1.89134207,3.40674330,3.40674330,3.40674330
99,1.89134207,4.79591349,4.79591349,4.79591349
100,1.89134207,4.79591349,4.79591349,4.79591349
101,1.89134207,4.79591349,4.79591349,4.79591349
102,1.89134207,4.79591349,4.79591349,4.79591349
103,1.89134207,4.79591349,4.79591349,4.79591349
104,1.89134207,4.79591349,4.79591349,4.79591349
105,1.89134207,4.79591349,4.79591349,4.79591349
106,1.89134207,4.79591349,4.79591349,4.79591349
107,1.89134207,4.79591349,4.79591349,4.79591349
108,1.89134207,4.79591349,4.79591349,4.79591349
109,1.89134207,4.79591349,4.79591349,4.79591349
110,1.89134207,4.79591349,4.79591349,4.79591349
111,1.89134207,4.79591349,4.79591349,4.79591349
112,1.89134207,4.79591349,4.79591349,4.79591349
113,1.89134207,4.79591349,4.79591349,4.79591349
114,1.89134207,4.79591349,4.79591349,4.79591349
115,1.89134207,4.79591349,4.79591349,4.79591349
116,1.89134207,4.79591349,4.79591349,4.79591349
117,1.89134207,4.79591349,4.79591349,4.79591349
118,1.89134207,4.79591349,4.79591349,4.79591349
119,1.89134207,4.79591349,4.79591349,4.79591349
120,1.89134207,4.79591349,4.79591349,4.79591349
121,1.89134207,4.79591349,4.79591349,4.79591349
122,1.89134207,4.79591349,4.79591349,4.79591349
123,1.89134207,4.79591349,4.79591349,4.79591349
124,1.89134207,4.79591349,4.79591349,4.79591349
125,1.89134207,4.79591349,4.79591349,4.79591349
126,1.89134207,4.79591349,4.79591349,4.79591349
127,1.89134207,4.79591349,4.79591349,4.79591349
128,1.89134207,4.79591349,4.79591349,4.79591349
129,1.89134207,4.79591349,4.79591349,4.79591349
130,1.89134207,4.79591349,4.79591349,4.79591349
131,1.89134207,4.79591349,4.79591349,4.79591349
132,1.88502215,4.79591349,4.79591349,4.79591349
133,1.88502215,4.79591349,4.79591349,4.79591349
134,1.88502215,4.79591349,4.79591349,4.79591349
135,1.88502215,4.79591349,4.79591349,4.79591349
136,1.88502215,4.79591349,4.79591349,4.79591349
137,1.88502215,4.79591349,4.79591349,4.79591349
138,1.88502215,4.77988795,4.77988795,4.77988795
139,1.88502215,4.77988795,4.77988795,4.77988795
140,1.88502215,4.77988795,4.77988795,4.77988795
141,1.88502215,4.77988795,4.77988795,4.77988795
142,1.88502215,4.77988795,4.77988795,4.77988795
143,1.88502215,4.77988795,4.77988795,4.77988795
144,1.88502215,4.77988795,4.77988795,4.77988795
145,1.88502215,4.77988795,4.77988795,4.77988795
146,1.88502215,4.77988795,4.77988795,4.77988795
147,1.88502215,4.77988795,4.77988795,4.77988795
148,1.88502215,4.77988795,4.77988795,4.77988795
149,1.88502215,4.77988795,4.77988795,4.77988795
150,1.88502215,4.77988795,4.77988795,4.77988795
151,1.88502215,4.77988795,4.77988795,4.77988795
152,1.88502215,4.77988795,4.77988795,4.77988795
153,1.88502215,4.77988795,4.77988795,4.77988795
154,2.37081709,4.77988795,4.77988795,4.77988795
155,2.37081709,4.77988795,4.77988795,4.77988795
156,2.37081709,4.77988795,4.77988795,4.77988795
157,2.37081709,4.77988795,4.77988795,4.77988795
158,2.37081709,4.77988795,4.77988795,4.77988795
159,2.37081709,4.77988795,4.77988795,4.77988795
160,2.53177048,6.01172779,6.01172779,6.01172779
161,2.53177048,6.01172779,6.01172779,6.01172779
162,2.67155713,6.01172779,6.01172779,6.01172779
163,2.67155713,6.01172779,6.01172779,6.01172779
164,2.67155713,6.01172779,6.01172779,6.01172779
165,2.67155713,6.01172779,6.01172779,6.01172779
166,2.67155713,6.41986047,6.41986047,6.41986047
167,2.67155713,6.41986047,6.41986047,6.41986047
168,2.67155713,6.77432026,6.77432026,6.77432026
169,2.67155713,6.77432026,6.77432026,6.77432026
170,2.67155713,6.77432026,6.77432026,6.77432026
171,2.43841134,6.77432026,6.77432026,6.77432026
172,2.35813763,6.77432026,6.77432026,6.77432026
173,2.35813763,6.77432026,6.77432026,6.77432026
174,2.35813763,6.77432026,6.77432026,6.77432026
175,2.35813763,6.77432026,6.77432026,6.77432026
176,14.97172649,6.77432026,6.77432026,6.77432026
177,14.97172649,6.18312786,6.18312786,6.18312786
178,14.97172649,5.97957624,5.97957624,5.97957624
179,14.97172649,5.97957624,5.97957624,5.97957624
180,14.97172649,5.97957624,5.97957624,5.97957624
181,14.97172649,5.97957624,5.97957624,5.97957624
182,14.97172649,37.96410298,37.96410298,37.96410298
183,14.97172649,37.96410298,37.96410298,37.96410298
184,14.97172649,37.96410298,37.96410298,37.96410298
185,14.97172649,37.96410298,37.96410298,37.96410298
186,14.97172649,37.96410298,37.96410298,37.96410298
187,14.97172649,37.96410298,37.96410298,37.96410298
188,14.97172649,37.96410298,37.96410298,37.96410298
189,14.97172649,37.96410298,37.96410298,37.96410298
190,17.42326106,37.96410298,37.96410298,37.96410298
191,17.42326106,37.96410298,37.96410298,37.96410298
192,17.42326106,37.96410298,37.96410298,37.96410298
193,17.42326106,37.96410298,37.96410298,37.96410298
194,17.42326106,37.96410298,37.96410298,37.96410298
195,17.42326106,37.96410298,37.96410298,37.96410298
196,17.42326106,44.18050768,44.18050768,44.18050768
197,17.42326106,44.18050768,44.18050768,44.18050768
198,17.42326106,44.18050768,44.18050768,44.18050768
199,17.42326106,44.18050768,44.18050768,44.18050768
200,17.42326106,44.18050768,44.18050768,44.18050768
201,17.42326106,44.18050768,44.18050768,44.18050768
202,17.42326106,44.18050768,44.18050768,44.18050768
203,17.42326106,44.18050768,44.18050768,44.18050768
204,17.42326106,44.18050768,44.18050768,44.18050768
205,17.42326106,44.18050768,44.18050768,44.18050768
206,19.54266444,44.18050768,44.18050768,44.18050768
207,19.54266444,44.18050768,44.18050768,44.18050768
208,19.54266444,44.18050768,44.18050768,44.18050768
209,19.54266444,44.18050768,44.18050768,44.18050768
210,19.54266444,44.18050768,44.18050768,44.18050768
211,19.54266444,44.18050768,44.18050768,44.18050768
212,19.54266444,49.55472077,49.55472077,49.55472077
213,19.54266444,49.55472077,49.55472077,49.55472077
214,19.54266444,49.55472077,49.55472077,49.55472077
215,20.53837154,49.55472077,49.55472077,49.55472077
216,19.39935768,49.55472077,49.55472077,49.55472077
217,19.39935768,49.55472077,49.55472077,49.55472077
218,19.39935768,49.55472077,49.55472077,49.55472077
219,19.39935768,49.55472077,49.55472077,49.55472077
220,19.39935768,49.55472077,49.55472077,49.55472077
221,19.39935768,52.07955494,52.07955494,52.07955494
222,19.39935768,49.19133498,49.19133498,49.19133498
223,19.39935768,49.19133498,49.19133498,49.19133498
224,19.39935768,49.19133498,49.19133498,49.19133498
225,19.39935768,49.19133498,49.19133498,49.19133498
226,19.39935768,49.19133498,49.19133498,49.19133498
227,19.39935768,49.19133498,49.19133498,49.19133498
228,19.39935768,49.19133498,49.19133498,49.19133498
229,19.39935768,49.19133498,49.19133498,49.19133498
230,19.39935768,49.19133498,49.19133498,49.19133498
231,19.39935768,49.19133498,49.19133498,49.19133498
232,24.24678969,49.19133498,49.19133498,49.19133498
233,24.24678969,49.19133498,49.19133498,49.19133498
234,24.24678969,49.19133498,49.19133498,49.19133498
235,24.24678969,49.19133498,49.19133498,49.19133498
236,24.24678969,49.19133498,49.19133498,49.19133498
237,24.24678969,49.19133498,49.19133498,49.19133498
238,24.24678969,61.48306419,61.48306419,61.48306419
239,23.62992156,61.48306419,61.48306419,61.48306419
240,23.62992156,61.48306419,61.48306419,61.48306419
241,23.62992156,61.48306419,61.48306419,61.48306419
242,26.73434348,61.48306419,61.48306419,61.48306419
243,27.76047529,61.48306419,61.48306419,61.48306419
244,27.76047529,61.48306419,61.48306419,61.48306419
245,27.76047529,59.91885947,59.91885947,59.91885947
246,27.76047529,59.91885947,59.91885947,59.91885947
247,27.76047529,59.91885947,59.91885947,59.91885947
248,27.76047529,67.79080354,67.79080354,67.79080354
249,27.76047529,70.39278626,70.39278626,70.39278626
250,27.76047529,70.39278626,70.39278626,70.39278626
251,27.76047529,70.39278626,70.39278626,70.39278626
252,24.31539141,70.39278626,70.39278626,70.39278626
253,24.31539141,70.39278626,70.39278626,70.39278626
254,21.24047205,70.39278626,70.39278626,70.39278626
255,21.24047205,70.39278626,70.39278626,70.39278626
256,21.24047205,70.39278626,70.39278626,70.39278626
257,21.24047205,70.39278626,70.39278626,70.39278626
258,21.24047205,70.39278626,70.39278626,70.39278626
259,21.24047205,70.39278626,70.39278626,70.39278626
260,21.24047205,75.66948256,75.66948256,75.66948256
261,21.24047205,75.66948256,75.66948256,75.66948256
262,21.24047205,75.66948256,75.66948256,75.66948256
263,21.24047205,75.66948256,75.66948256,75.66948256
264,21.24047205,75.66948256,75.66948256,75.66948256
265,21.24047205,75.66948256,75.66948256,75.66948256
266,21.24047205,75.66948256,75.66948256,75.66948256
267,21.24047205,75.66948256,75.66948256,75.66948256
268,21.24047205,75.66948256,75.66948256,75.66948256
269,21.24047205,75.66948256,75.66948256,75.66948256
270,21.24047205,75.66948256,75.66948256,75.66948256
271,21.24047205,75.66948256,75.66948256,75.66948256
272,21.24047205,75.66948256,75.66948256,75.66948256
273,21.24047205,75.66948256,75.66948256,75.66948256
274,21.24047205,75.66948256,75.66948256,75.66948256
275,21.24047205,75.66948256,75.66948256,75.66948256
276,21.24047205,75.66948256,75.66948256,75.66948256
277,33.67008161,75.66948256,75.66948256,75.66948256
278,32.09942708,75.66948256,75.66948256,75.66948256
279,32.09942708,75.66948256,75.66948256,75.66948256
280,32.09942708,75.66948256,75.66948256,75.66948256
281,35.50042898,75.66948256,75.66948256,75.66948256
282,35.50042898,75.66948256,75.66948256,75.66948256
283,35.50042898,75.66948256,75.66948256,75.66948256
284,35.50042898,75.66948256,75.66948256,75.66948256
285,35.50042898,75.66948256,75.66948256,75.66948256
286,35.50042898,75.66948256,75.66948256,75.66948256
287,35.50042898,119.95014272,119.95014272,119.95014272
288,35.50042898,114.35466370,114.35466370,114.35466370
289,35.50042898,114.35466370,114.35466370,114.35466370
290,73.63900829,114.35466370,114.35466370,114.35466370
291,73.63900829,126.47078115,126.47078115,126.47078115
292,73.63900829,126.47078115,126.47078115,126.47078115
293,73.63900829,126.47078115,126.47078115,126.47078115
294,73.63900829,126.47078115,126.47078115,126.47078115
295,73.63900829,126.47078115,126.47078115,126.47078115
296,73.63900829,126.47078115,126.47078115,126.47078115
297,73.63900829,126.47078115,126.47078115,126.47078115
298,73.63900829,126.47078115,126.47078115,126.47078115
299,73.63900829,126.47078115,126.47078115,126.47078115
300,73.63900829,126.47078115,126.47078115,126.47078115
301,73.63900829,126.47078115,126.47078115,126.47078115
302,73.63900829,151.29329861,151.29329861,151.29329861
303,73.63900829,151.29329861,151.29329861,151.29329861
304,73.63900829,151.29329861,151.29329861,151.29329861
305,73.63900829,151.29329861,151.29329861,151.29329861
306,73.63900829,151.29329861,151.29329861,151.29329861
307,73.63900829,151.29329861,151.29329861,151.29329861
308,73.63900829,151.29329861,151.29329861,151.29329861
309,73.63900829,151.29329861,151.29329861,151.29329861
310,73.63900829,151.29329861,151.29329861,151.29329861
311,73.63900829,151.29329861,151.29329861,151.29329861
312,73.63900829,151.29329861,151.29329861,151.29329861
313,73.63900829,151.29329861,151.29329861,151.29329861
314,73.63900829,151.29329861,151.29329861,151.29329861
315,73.63900829,151.29329861,151.29329861,151.29329861
316,73.63900829,151.29329861,151.29329861,151.29329861
317,73.63900829,151.29329861,151.29329861,151.29329861
318,73.63900829,151.29329861,151.29329861,151.29329861
319,73.63900829,151.29329861,151.29329861,151.29329861
320,73.63900829,151.29329861,151.29329861,151.29329861
321,73.63900829,151.29329861,151.29329861,151.29329861
322,84.26667141,151.29329861,151.29329861,151.29329861
323,100.12927350,151.29329861,151.29329861,151.29329861
324,75.04790883,151.29329861,151.29329861,151.29329861
325,59.96879802,151.29329861,151.29329861,151.29329861
326,68.90327604,151.29329861,151.29329861,151.29329861
327,68.90327604,151.29329861,151.29329861,151.29329861
328,68.90327604,151.29329861,151.29329861,151.29329861
329,68.90327604,151.29329861,151.29329861,151.29329861
330,68.90327604,151.29329861,151.29329861,151.29329861
331,63.09830464,151.29329861,151.29329861,151.29329861
332,63.09830464,173.12811479,173.12811479,173.12811479
333,63.09830464,205.71825214,205.71825214,205.71825214
334,65.55283140,154.18792219,154.18792219,154.18792219
335,92.35215350,154.18792219,154.18792219,154.18792219
336,110.27468462,177.15967828,177.15967828,177.15967828
337,110.27468462,177.15967828,177.15967828,177.15967828
338,110.27468462,177.15967828,177.15967828,177.15967828
339,110.27468462,177.15967828,177.15967828,177.15967828
340,110.27468462,177.15967828,177.15967828,177.15967828
341,110.27468462,162.23430862,162.23430862,162.23430862
342,110.27468462,162.23430862,162.23430862,162.23430862
343,110.27468462,162.23430862,162.23430862,162.23430862
344,110.27468462,168.54523021,168.54523021,168.54523021
345,129.77718496,237.44992610,237.44992610,237.44992610
346,130.97523507,283.53118712,283.53118712,283.53118712
347,130.97523507,283.53118712,283.53118712,283.53118712
348,130.97523507,283.53118712,283.53118712,283.53118712
349,130.97523507,283.53118712,283.53118712,283.53118712
350,130.97523507,283.53118712,283.53118712,283.53118712
351,89.18343769,283.53118712,283.53118712,283.53118712
352,89.18343769,283.53118712,283.53118712,283.53118712
353,89.18343769,283.53118712,283.53118712,283.53118712
354,89.18343769,283.53118712,283.53118712,283.53118712
355,89.18343769,333.67476349,333.67476349,333.67476349
356,89.18343769,336.75511301,336.75511301,336.75511301
357,89.18343769,336.75511301,336.75511301,336.75511301
358,89.18343769,336.75511301,336.75511301,336.75511301
359,89.18343769,336.75511301,336.75511301,336.75511301
360,89.18343769,336.75511301,336.75511301,336.75511301
361,89.18343769,229.30272750,229.30272750,229.30272750
362,89.18343769,229.30272750,229.30272750,229.30272750
363,89.18343769,229.30272750,229.30272750,229.30272750
364,89.18343769,229.30272750,229.30272750,229.30272750
365,89.18343769,229.30272750,229.30272750,229.30272750
366,89.18343769,229.30272750,229.30272750,229.30272750
367,110.23481645,229.30272750,229.30272750,229.30272750
368,120.50394265,229.30272750,229.30272750,229.30272750
369,167.10380646,229.30272750,229.30272750,229.30272750
370,169.33930889,229.30272750,229.30272750,229.30272750
371,169.33930889,229.30272750,229.30272750,229.30272750
372,169.33930889,229.30272750,229.30272750,229.30272750
373,169.33930889,229.30272750,229.30272750,229.30272750
374,169.33930889,229.30272750,229.30272750,229.30272750
375,169.33930889,229.30272750,229.30272750,229.30272750
376,169.33930889,229.30272750,229.30272750,229.30272750
377,169.33930889,283.42868063,283.42868063,283.42868063
378,169.33930889,309.83199840,309.83199840,309.83199840
379,169.33930889,429.64657553,429.64657553,429.64657553
380,154.69457398,435.39435581,435.39435581,435.39435581
381,135.92437967,435.39435581,435.39435581,435.39435581
382,124.13116319,435.39435581,435.39435581,435.39435581
383,124.13116319,435.39435581,435.39435581,435.39435581
384,124.13116319,435.39435581,435.39435581,435.39435581
385,124.13116319,435.39435581,435.39435581,435.39435581
386,124.13116319,435.39435581,435.39435581,435.39435581
387,124.13116319,435.39435581,435.39435581,435.39435581
388,124.13116319,435.39435581,435.39435581,435.39435581
389,124.13116319,435.39435581,435.39435581,435.39435581
390,124.13116319,435.39435581,435.39435581,435.39435581
391,124.13116319,435.39435581,435.39435581,435.39435581
392,124.13116319,381.75086076,381.75086076,381.75086076
393,124.13116319,335.43031021,335.43031021,335.43031021
394,124.13116319,335.43031021,335.43031021,335.43031021
395,124.13116319,335.43031021,335.43031021,335.43031021
396,124.13116319,260.13812082,260.13812082,335.43031021
397,124.13116319,260.13812082,260.13812082,335.43031021
398,124.13116319,260.13812082,260.13812082,335.43031021
399,124.13116319,260.13812082,260.13812082,335.43031021
400,124.13116319,260.13812082,260.13812082,335.43031021
401,124.13116319,260.13812082,260.13812082,335.43031021
402,124.13116319,260.13812082,260.13812082,335.43031021
403,156.37879396,260.13812082,260.13812082,335.43031021
404,148.80405903,260.13812082,260.13812082,335.43031021
405,148.80405903,260.13812082,260.13812082,335.43031021
406,155.62361677,260.13812082,260.13812082,335.43031021
407,132.53596543,260.13812082,260.13812082,335.43031021
408,139.79862122,260.13812082,260.13812082,335.43031021
409,139.79862122,260.13812082,260.13812082,335.43031021
410,139.79862122,260.13812082,260.13812082,335.43031021
411,139.79862122,260.13812082,260.13812082,335.43031021
412,139.79862122,260.13812082,260.13812082,335.43031021
413,139.79862122,260.13812082,260.13812082,335.43031021
414,139.79862122,327.71855633,327.71855633,335.43031021
415,139.79862122,327.71855633,327.71855633,335.43031021
416,139.79862122,335.75256141,335.75256141,335.43031021
417,139.79862122,351.13980282,351.13980282,335.43031021
418,174.74019673,299.04620990,299.04620990,335.43031021
419,164.60574640,315.43323120,315.43323120,335.43031021
420,177.76953604,315.43323120,315.43323120,335.43031021
421,177.76953604,315.43323120,315.43323120,335.43031021
422,189.16329383,315.43323120,315.43323120,335.43031021
423,189.16329383,268.64409841,268.64409841,335.43031021
424,189.16329383,268.64409841,268.64409841,335.43031021
425,189.16329383,268.64409841,268.64409841,335.43031021
426,189.16329383,268.64409841,268.64409841,422.57065848
427,189.16329383,284.44763831,284.44763831,422.57065848
428,189.16329383,310.88277379,310.88277379,432.92995841
429,189.16329383,276.50556974,276.50556974,452.77075353
430,189.16329383,247.15184509,247.15184509,385.59962930
431,189.16329383,247.15184509,247.15184509,406.72957219
432,189.16329383,247.15184509,247.15184509,406.72957219
433,189.16329383,247.15184509,247.15184509,406.72957219
434,189.16329383,247.15184509,247.15184509,406.72957219
435,189.16329383,247.15184509,247.15184509,346.39818640
436,189.16329383,247.15184509,247.15184509,346.39818640
437,189.16329383,247.15184509,247.15184509,346.39818640
438,189.16329383,247.15184509,247.15184509,346.39818640
439,189.16329383,247.15184509,247.15184509,366.77576995
440,189.16329383,247.15184509,247.15184509,400.86206866
441,189.16329383,247.15184509,247.15184509,356.53501586
442,189.16329383,247.15184509,247.15184509,318.68539607
443,189.16329383,247.15184509,247.15184509,318.68539607
444,189.16329383,247.15184509,247.15184509,318.68539607
445,189.16329383,247.15184509,247.15184509,318.68539607
446,189.16329383,247.15184509,247.15184509,318.68539607
447,189.16329383,247.15184509,247.15184509,318.68539607
448,189.16329383,247.15184509,247.15184509,318.68539607
449,189.16329383,247.15184509,247.15184509,318.68539607
450,189.16329383,247.15184509,247.15184509,318.68539607
451,189.16329383,247.15184509,247.15184509,318.68539607
452,189.16329383,247.15184509,247.15184509,318.68539607
453,189.16329383,247.15184509,247.15184509,318.68539607
454,189.16329383,247.15184509,247.15184509,318.68539607
455,189.16329383,247.15184509,247.15184509,318.68539607
456,189.16329383,247.15184509,247.15184509,318.68539607
457,189.16329383,247.15184509,247.15184509,318.68539607
458,189.16329383,247.15184509,247.15184509,318.68539607
459,189.16329383,247.15184509,247.15184509,318.68539607
460,189.16329383,247.15184509,247.15184509,318.68539607
461,189.16329383,247.15184509,247.15184509,318.68539607
462,189.16329383,247.15184509,247.15184509,318.68539607
463,189.16329383,247.15184509,247.15184509,318.68539607
464,189.16329383,247.15184509,247.15184509,318.68539607
465,189.16329383,247.15184509,247.15184509,318.68539607
466,189.16329383,247.15184509,247.15184509,318.68539607
467,189.16329383,247.15184509,247.15184509,318.68539607
468,189.16329383,247.15184509,247.15184509,318.68539607
469,189.16329383,247.15184509,247.15184509,318.68539607
470,219.45220874,247.15184509,247.15184509,318.68539607
471,219.45220874,247.15184509,247.15184509,318.68539607
472,219.45220874,247.15184509,247.15184509,318.68539607
473,219.45220874,247.15184509,247.15184509,318.68539607
474,219.45220874,247.15184509,247.15184509,318.68539607
475,219.45220874,247.15184509,247.15184509,318.68539607
476,219.45220874,286.72591389,286.72591389,318.68539607
477,219.45220874,286.72591389,286.72591389,318.68539607
478,219.45220874,286.72591389,286.72591389,318.68539607
479,219.45220874,286.72591389,286.72591389,318.68539607
480,219.45220874,286.72591389,286.72591389,318.68539607
481,219.45220874,286.72591389,286.72591389,318.68539607
482,209.79417963,286.72591389,286.72591389,318.68539607
483,209.79417963,286.72591389,286.72591389,318.68539607
484,209.79417963,286.72591389,286.72591389,318.68539607
485,209.79417963,286.72591389,286.72591389,318.68539607
486,209.79417963,286.72591389,286.72591389,318.68539607
487,209.79417963,286.72591389,286.72591389,318.68539607
488,209.79417963,274.10718821,274.10718821,369.71345045
489,209.79417963,274.10718821,274.10718821,369.71345045
490,209.79417963,274.10718821,274.10718821,369.71345045
491,209.79417963,274.10718821,274.10718821,369.71345045
492,209.79417963,274.10718821,274.10718821,369.71345045
493,209.79417963,274.10718821,274.10718821,369.71345045
494,209.79417963,274.10718821,274.10718821,369.71345045
495,209.79417963,274.10718821,274.10718821,369.71345045
496,209.79417963,274.10718821,274.10718821,369.71345045
497,209.79417963,274.10718821,274.10718821,369.71345045
498,209.79417963,274.10718821,274.10718821,369.71345045
499,209.79417963,274.10718821,274.10718821,369.71345045
500,209.79417963,274.10718821,274.10718821,353.44246695
501,209.79417963,274.10718821,274.10718821,353.44246695
502,209.79417963,274.10718821,274.10718821,353.44246695
503,209.79417963,274.10718821,274.10718821,353.44246695
504,209.79417963,274.10718821,274.10718821,353.44246695
505,209.79417963,274.10718821,274.10718821,353.44246695
506,209.79417963,274.10718821,274.10718821,353.44246695
507,209.79417963,274.10718821,274.10718821,353.44246695
508,209.79417963,274.10718821,274.10718821,353.44246695
509,209.79417963,274.10718821,274.10718821,353.44246695
510,209.79417963,274.10718821,274.10718821,353.44246695
511,209.79417963,274.10718821,274.10718821,353.44246695
512,205.81529919,274.10718821,274.10718821,353.44246695
513,205.81529919,274.10718821,274.10718821,353.44246695
514,190.15999114,274.10718821,274.10718821,353.44246695
515,190.15999114,274.10718821,274.10718821,353.44246695
516,190.15999114,274.10718821,274.10718821,353.44246695
517,190.15999114,274.10718821,274.10718821,353.44246695
518,190.15999114,268.90857053,268.90857053,353.44246695
519,190.15999114,268.90857053,268.90857053,353.44246695
520,190.15999114,248.45408281,248.45408281,353.44246695
521,190.15999114,248.45408281,248.45408281,353.44246695
522,190.15999114,248.45408281,248.45408281,353.44246695
523,190.15999114,248.45408281,248.45408281,353.44246695
524,197.66928173,248.45408281,248.45408281,353.44246695
525,197.66928173,248.45408281,248.45408281,353.44246695
526,197.66928173,248.45408281,248.45408281,353.44246695
527,197.66928173,248.45408281,248.45408281,353.44246695
528,197.66928173,248.45408281,248.45408281,353.44246695
529,251.73991863,248.45408281,248.45408281,353.44246695
530,251.73991863,258.26536802,258.26536802,346.73920511
531,221.64346232,258.26536802,258.26536802,346.73920511
532,221.64346232,258.26536802,258.26536802,320.36454253
533,221.64346232,258.26536802,258.26536802,320.36454253
534,221.64346232,258.26536802,258.26536802,320.36454253
535,221.64346232,328.91151402,328.91151402,320.36454253
536,221.64346232,328.91151402,328.91151402,320.36454253
537,221.64346232,289.58890254,289.58890254,320.36454253
538,221.64346232,289.58890254,289.58890254,320.36454253
539,221.64346232,289.58890254,289.58890254,320.36454253
540,221.64346232,289.58890254,289.58890254,320.36454253
541,221.64346232,289.58890254,289.58890254,320.36454253
542,221.64346232,289.58890254,289.58890254,333.01552359
543,221.64346232,289.58890254,289.58890254,333.01552359
544,221.64346232,289.58890254,289.58890254,333.01552359
545,221.64346232,289.58890254,289.58890254,333.01552359
546,221.64346232,289.58890254,289.58890254,333.01552359
547,221.64346232,289.58890254,289.58890254,424.10889581
548,221.64346232,289.58890254,289.58890254,424.10889581
549,221.64346232,289.58890254,289.58890254,373.40507845
550,221.64346232,289.58890254,289.58890254,373.40507845
551,221.64346232,289.58890254,289.58890254,373.40507845
552,221.64346232,289.58890254,289.58890254,373.40507845
553,221.64346232,289.58890254,289.58890254,373.40507845
554,221.64346232,289.58890254,289.58890254,373.40507845
555,221.64346232,289.58890254,289.58890254,373.40507845
556,221.64346232,289.58890254,289.58890254,373.40507845
557,240.11375084,289.58890254,289.58890254,373.40507845
558,240.11375084,289.58890254,289.58890254,373.40507845
559,240.11375084,289.58890254,289.58890254,373.40507845
560,233.03149547,289.58890254,289.58890254,373.40507845
561,233.03149547,289.58890254,289.58890254,373.40507845
562,233.03149547,289.58890254,289.58890254,373.40507845
563,242.57932754,289.58890254,289.58890254,373.40507845
564,234.85405186,289.58890254,289.58890254,373.40507845
565,234.85405186,267.13414807,289.58890254,373.40507845
566,234.85405186,267.13414807,281.87643424,373.40507845
567,234.85405186,267.13414807,281.87643424,373.40507845
568,234.85405186,267.13414807,281.87643424,373.40507845
569,234.85405186,267.13414807,357.93120131,373.40507845
570,234.85405186,267.13414807,357.93120131,373.40507845
571,234.85405186,267.13414807,357.93120131,373.40507845
572,234.85405186,339.21121071,357.93120131,373.40507845
573,234.85405186,339.21121071,357.93120131,373.40507845
574,234.85405186,339.21121071,357.93120131,373.40507845
575,234.85405186,339.21121071,357.93120131,373.40507845
576,234.85405186,339.21121071,380.51404056,373.40507845
577,234.85405186,339.21121071,380.51404056,373.40507845
578,234.85405186,339.21121071,380.51404056,363.46037820
579,234.85405186,360.61295556,380.51404056,363.46037820
580,234.85405186,360.61295556,380.51404056,363.46037820
581,234.85405186,360.61295556,380.51404056,461.52779728
582,234.85405186,360.61295556,380.51404056,461.52779728
583,234.85405186,360.61295556,380.51404056,461.52779728
584,234.85405186,360.61295556,380.51404056,461.52779728
585,234.85405186,360.61295556,380.51404056,461.52779728
586,201.30093461,360.61295556,380.51404056,461.52779728
587,201.30093461,360.61295556,380.51404056,461.52779728
588,201.30093461,360.61295556,380.51404056,490.64682355
589,201.30093461,360.61295556,380.51404056,490.64682355
590,201.30093461,360.61295556,380.51404056,490.64682355
591,201.30093461,360.61295556,380.51404056,490.64682355
592,201.30093461,360.61295556,380.51404056,490.64682355
593,201.30093461,360.61295556,380.51404056,490.64682355
594,201.30093461,360.61295556,380.51404056,490.64682355
595,201.30093461,360.61295556,380.51404056,490.64682355
596,201.30093461,360.61295556,380.51404056,490.64682355
597,201.30093461,360.61295556,380.51404056,490.64682355
598,201.30093461,360.61295556,326.15077914,490.64682355
599,201.30093461,360.61295556,326.15077914,490.64682355
600,201.30093461,360.61295556,326.15077914,490.64682355
601,201.30093461,309.09292138,326.15077914,490.64682355
602,201.30093461,309.09292138,326.15077914,490.64682355
603,201.30093461,309.09292138,326.15077914,490.64682355
604,201.30093461,309.09292138,326.15077914,490.64682355
605,188.65324866,309.09292138,326.15077914,490.64682355
606,188.65324866,309.09292138,326.15077914,490.64682355
607,188.65324866,309.09292138,326.15077914,490.64682355
608,188.65324866,309.09292138,326.15077914,490.64682355
609,206.43699701,309.09292138,326.15077914,490.64682355
610,183.99304093,309.09292138,326.15077914,420.54911705
611,183.99304093,309.09292138,326.15077914,420.54911705
612,175.14134851,309.09292138,326.15077914,420.54911705
613,175.14134851,309.09292138,326.15077914,420.54911705
614,175.14134851,309.09292138,326.15077914,420.54911705
615,175.14134851,309.09292138,326.15077914,420.54911705
616,175.14134851,309.09292138,326.15077914,420.54911705
617,175.14134851,309.09292138,305.65880957,420.54911705
618,175.14134851,309.09292138,305.65880957,420.54911705
619,175.14134851,309.09292138,305.65880957,420.54911705
620,175.14134851,289.67269263,305.65880957,420.54911705
621,171.21429121,289.67269263,334.47230411,420.54911705
622,171.21429121,289.67269263,298.10827144,420.54911705
623,224.24362801,289.67269263,298.10827144,420.54911705
624,224.24362801,289.67269263,283.76662726,420.54911705
625,224.24362801,205.01505240,283.76662726,420.54911705
626,224.24362801,220.23381128,283.76662726,420.54911705
627,224.24362801,220.23381128,283.76662726,420.54911705
628,213.17062110,220.23381128,283.76662726,420.54911705
629,213.17062110,209.63861731,283.76662726,394.12612418
630,128.51472837,209.63861731,283.76662726,394.12612418
631,128.51472837,209.63861731,283.76662726,394.12612418
632,128.51472837,209.63861731,283.76662726,394.12612418
633,128.51472837,209.63861731,277.40395039,431.27915421
634,128.51472837,209.63861731,277.40395039,384.39022182
635,128.51472837,209.63861731,363.32287346,384.39022182
636,128.51472837,209.63861731,363.32287346,365.89765278
637,128.51472837,209.63861731,363.32287346,365.89765278
638,128.51472837,204.93805476,363.32287346,365.89765278
639,128.51472837,204.93805476,363.32287346,365.89765278
640,128.51472837,268.41248234,345.38222237,365.89765278
641,128.51472837,268.41248234,345.38222237,365.89765278
642,128.51472837,268.41248234,208.22148129,365.89765278
643,128.51472837,268.41248234,208.22148129,365.89765278
644,128.51472837,268.41248234,208.22148129,365.89765278
645,128.51472837,255.15844566,208.22148129,357.69341625
646,128.51472837,255.15844566,208.22148129,357.69341625
647,128.51472837,153.82803769,208.22148129,468.47998965
648,128.51472837,153.82803769,208.22148129,468.47998965
649,128.51472837,153.82803769,208.22148129,468.47998965
650,128.51472837,153.82803769,208.22148129,468.47998965
651,128.51472837,153.82803769,208.22148129,468.47998965
652,128.51472837,153.82803769,208.22148129,445.34674743
653,128.51472837,153.82803769,208.22148129,445.34674743
654,128.51472837,153.82803769,208.22148129,268.48735526
655,128.51472837,153.82803769,208.22148129,268.48735526
656,128.51472837,153.82803769,208.22148129,268.48735526
657,128.51472837,153.82803769,208.22148129,268.48735526
658,128.51472837,153.82803769,208.22148129,268.48735526
659,113.34554824,153.82803769,208.22148129,268.48735526
660,113.34554824,153.82803769,208.22148129,268.48735526
661,113.34554824,153.82803769,208.22148129,268.48735526
662,113.34554824,153.82803769,208.22148129,268.48735526
663,113.34554824,153.82803769,208.22148129,268.48735526
664,101.81542956,153.82803769,208.22148129,268.48735526
665,101.81542956,153.82803769,208.22148129,268.48735526
666,101.81542956,153.82803769,208.22148129,268.48735526
667,101.81542956,153.82803769,208.22148129,268.48735526
668,101.81542956,153.82803769,208.22148129,268.48735526
669,101.81542956,153.82803769,208.22148129,268.48735526
670,101.81542956,153.82803769,208.22148129,268.48735526
671,101.81542956,153.82803769,183.64414920,268.48735526
672,101.81542956,153.82803769,183.64414920,268.48735526
673,101.81542956,153.82803769,183.64414920,268.48735526
674,101.81542956,153.82803769,183.64414920,268.48735526
675,101.81542956,153.82803769,183.64414920,268.48735526
676,101.81542956,135.67101208,164.96287881,268.48735526
677,101.81542956,135.67101208,164.96287881,268.48735526
678,97.23945520,135.67101208,164.96287881,268.48735526
679,180.94338879,135.67101208,164.96287881,268.48735526
680,180.94338879,135.67101208,164.96287881,268.48735526
681,180.94338879,121.86982717,164.96287881,268.48735526
682,167.85608660,121.86982717,164.96287881,268.48735526
683,182.06193983,121.86982717,164.96287881,236.79656692
684,186.48262213,121.86982717,164.96287881,236.79656692
685,229.21183776,121.86982717,164.96287881,236.79656692
686,229.21183776,121.86982717,164.96287881,236.79656692
687,229.21183776,121.86982717,164.96287881,236.79656692
688,229.21183776,121.86982717,164.96287881,212.70834677
689,229.21183776,121.86982717,164.96287881,212.70834677
690,229.21183776,121.86982717,164.96287881,212.70834677
691,229.21183776,121.86982717,164.96287881,212.70834677
692,286.41103449,121.86982717,164.96287881,212.70834677
693,257.77816902,121.86982717,209.56618177,212.70834677
694,257.77816902,121.86982717,350.22748913,212.70834677
695,257.77816902,121.86982717,747.98528311,212.70834677
696,257.77816902,121.86982717,747.98528311,212.70834677
697,257.77816902,121.86982717,747.98528311,212.70834677
698,257.77816902,154.82146370,747.98528311,212.70834677
699,257.77816902,258.73798929,747.98528311,212.70834677
700,257.77816902,552.58999987,747.98528311,212.70834677
701,257.77816902,552.58999987,747.98528311,212.70834677
702,292.00666644,552.58999987,766.14726307,212.70834677
703,292.00666644,552.58999987,941.69644421,212.70834677
704,292.00666644,552.58999987,941.69644421,212.70834677
705,292.00666644,552.58999987,941.69644421,270.22125453
706,292.00666644,552.58999987,941.69644421,451.59438745
707,292.00666644,566.00754795,941.69644421,964.47585135
708,292.00666644,695.69823061,941.69644421,964.47585135
709,292.00666644,695.69823061,941.69644421,964.47585135
710,411.07843701,695.69823061,1176.69425537,964.47585135
711,411.07843701,695.69823061,1059.05867485,964.47585135
712,411.07843701,695.69823061,1059.05867485,964.47585135
713,411.07843701,695.69823061,1059.05867485,964.47585135
714,411.07843701,695.69823061,1059.05867485,987.89448201
715,411.07843701,869.30785017,1059.05867485,1214.25314140
716,411.07843701,782.40206887,1059.05867485,1214.25314140
717,411.07843701,782.40206887,1059.05867485,1214.25314140
718,411.07843701,782.40206887,1059.05867485,1214.25314140
719,411.07843701,782.40206887,1059.05867485,1214.25314140
720,411.07843701,782.40206887,1059.05867485,1214.25314140
721,411.07843701,782.40206887,945.04404880,1214.25314140
722,411.07843701,782.40206887,945.04404880,1517.26674221
723,411.07843701,782.40206887,945.04404880,1365.58370882
724,411.07843701,782.40206887,945.04404880,1365.58370882
725,411.07843701,782.40206887,945.04404880,1365.58370882
726,411.07843701,698.17134453,945.04404880,1365.58370882
727,411.07843701,698.17134453,945.04404880,1365.58370882
728,411.07843701,698.17134453,945.04404880,1365.58370882
729,411.07843701,698.17134453,945.04404880,1365.58370882
730,411.07843701,698.17134453,945.04404880,1365.58370882
731,411.07843701,698.17134453,945.04404880,1365.58370882
732,411.07843701,698.17134453,1330.40534731,1365.58370882
733,411.07843701,698.17134453,1330.40534731,1218.56964851
734,411.07843701,698.17134453,1330.40534731,1218.56964851
735,411.07843701,698.17134453,1330.40534731,1218.56964851
736,411.07843701,698.17134453,1330.40534731,1218.56964851
737,411.07843701,982.86518103,1330.40534731,1218.56964851
738,411.07843701,982.86518103,1330.40534731,1218.56964851
739,411.07843701,982.86518103,1330.40534731,1218.56964851
740,411.07843701,982.86518103,1330.40534731,1218.56964851
741,411.07843701,982.86518103,1330.40534731,1218.56964851
742,411.07843701,982.86518103,1330.40534731,1218.56964851
743,411.07843701,982.86518103,1330.40534731,1218.56964851
744,411.07843701,982.86518103,1330.40534731,1715.46667957
745,411.07843701,982.86518103,1330.40534731,1715.46667957
746,411.07843701,982.86518103,1330.40534731,1715.46667957
747,411.07843701,982.86518103,1330.40534731,1715.46667957
748,411.07843701,982.86518103,1330.40534731,1715.46667957
749,409.70481924,982.86518103,1330.40534731,1715.46667957
750,409.70481924,982.86518103,1330.40534731,1715.46667957
751,409.70481924,982.86518103,1330.40534731,1715.46667957
752,409.70481924,982.86518103,1330.40534731,1715.46667957
753,409.70481924,982.86518103,1330.40534731,1715.46667957
754,409.70481924,982.86518103,1330.40534731,1715.46667957
755,409.70481924,982.86518103,1330.40534731,1715.46667957
756,409.70481924,982.86518103,1330.40534731,1715.46667957
757,409.70481924,982.86518103,1330.40534731,1715.46667957
758,409.70481924,982.86518103,1330.40534731,1715.46667957
759,409.70481924,982.86518103,1330.40534731,1715.46667957
760,409.70481924,982.86518103,1330.40534731,1715.46667957
761,409.70481924,982.86518103,1330.40534731,1715.46667957
762,409.70481924,982.86518103,1330.40534731,1715.46667957
763,409.70481924,982.86518103,1330.40534731,1715.46667957
764,409.70481924,982.86518103,1330.40534731,1715.46667957
765,409.70481924,982.86518103,1330.40534731,1715.46667957
766,409.70481924,982.86518103,1330.40534731,1715.46667957
767,409.70481924,982.86518103,1330.40534731,1715.46667957
768,409.70481924,982.86518103,1330.40534731,1715.46667957
769,409.70481924,982.86518103,1330.40534731,1715.46667957
770,409.70481924,982.86518103,1330.40534731,1715.46667957
771,409.70481924,982.86518103,1325.95980053,1715.46667957
772,409.70481924,982.86518103,1325.95980053,1715.46667957
773,409.70481924,982.86518103,1325.95980053,1715.46667957
774,409.70481924,982.86518103,1325.95980053,1715.46667957
775,409.70481924,982.86518103,1325.95980053,1715.46667957
776,409.70481924,979.58093901,1325.95980053,1715.46667957
777,409.70481924,979.58093901,1325.95980053,1715.46667957
778,409.70481924,979.58093901,1325.95980053,1715.46667957
779,409.70481924,979.58093901,1325.95980053,1715.46667957
780,409.70481924,979.58093901,1325.95980053,1715.46667957
781,409.70481924,979.58093901,1325.95980053,1715.46667957
782,359.37764417,979.58093901,1325.95980053,1715.46667957
783,359.37764417,979.58093901,1325.95980053,1709.73445112
784,363.65978238,979.58093901,1325.95980053,1709.73445112
785,363.65978238,979.58093901,1325.95980053,1709.73445112
786,363.65978238,979.58093901,1325.95980053,1709.73445112
787,363.65978238,979.58093901,1325.95980053,1709.73445112
788,363.65978238,979.58093901,1325.95980053,1709.73445112
789,363.65978238,979.58093901,1325.95980053,1709.73445112
790,363.65978238,979.58093901,1325.95980053,1709.73445112
791,363.65978238,979.58093901,1325.95980053,1709.73445112
792,363.65978238,979.58093901,1325.95980053,1709.73445112
793,363.65978238,979.58093901,1325.95980053,1709.73445112
794,363.65978238,979.58093901,1325.95980053,1709.73445112
795,363.65978238,979.58093901,1325.95980053,1709.73445112
796,363.65978238,979.58093901,1325.95980053,1709.73445112
797,363.65978238,979.58093901,1325.95980053,1709.73445112
798,363.65978238,979.58093901,1325.95980053,1709.73445112
799,363.65978238,979.58093901,1325.95980053,1709.73445112
800,363.65978238,979.58093901,1325.95980053,1709.73445112
801,363.65978238,979.58093901,1325.95980053,1709.73445112
802,363.65978238,979.58093901,1325.95980053,1709.73445112
803,363.65978238,979.58093901,1325.95980053,1709.73445112
804,363.65978238,979.58093901,1163.08202151,1709.73445112
805,390.31970136,979.58093901,1163.08202151,1709.73445112
806,377.96957449,979.58093901,1176.94064083,1709.73445112
807,377.96957449,979.58093901,1176.94064083,1709.73445112
808,377.96957449,979.58093901,1176.94064083,1709.73445112
809,341.21235324,859.25152356,1176.94064083,1709.73445112
810,341.21235324,859.25152356,1176.94064083,1709.73445112
811,341.21235324,869.48987265,1176.94064083,1709.73445112
812,341.21235324,869.48987265,1176.94064083,1709.73445112
813,341.21235324,869.48987265,1176.94064083,1709.73445112
814,341.21235324,869.48987265,1176.94064083,1709.73445112
815,341.21235324,869.48987265,1176.94064083,1709.73445112
816,341.21235324,869.48987265,1176.94064083,1499.71469788
817,289.43672020,869.48987265,1176.94064083,1499.71469788
818,289.43672020,869.48987265,1176.94064083,1517.58443940
819,289.43672020,869.48987265,1176.94064083,1517.58443940
820,289.43672020,869.48987265,1176.94064083,1517.58443940
821,289.43672020,869.48987265,1176.94064083,1517.58443940
822,289.43672020,869.48987265,1176.94064083,1517.58443940
823,289.43672020,869.48987265,1176.94064083,1517.58443940
824,289.43672020,869.48987265,1176.94064083,1517.58443940
825,289.43672020,869.48987265,1176.94064083,1517.58443940
826,289.43672020,869.48987265,1176.94064083,1517.58443940
827,289.43672020,869.48987265,1263.22222500,1517.58443940
828,289.43672020,869.48987265,1263.22222500,1517.58443940
829,289.43672020,869.48987265,1263.22222500,1517.58443940
830,289.43672020,869.48987265,1263.22222500,1517.58443940
831,289.43672020,869.48987265,1162.64552347,1517.58443940
832,289.43672020,933.23222382,976.35351856,1517.58443940
833,289.43672020,933.23222382,976.35351856,1517.58443940
834,289.43672020,933.23222382,976.35351856,1517.58443940
835,289.43672020,933.23222382,976.35351856,1517.58443940
836,289.43672020,858.92905137,976.35351856,1517.58443940
837,289.43672020,721.30187969,976.35351856,1517.58443940
838,324.64443261,721.30187969,976.35351856,1517.58443940
839,324.64443261,721.30187969,976.35351856,1628.83863948
840,324.64443261,721.30187969,976.35351856,1628.83863948
841,324.64443261,721.30187969,976.35351856,1628.83863948
842,324.64443261,721.30187969,976.35351856,1628.83863948
843,324.64443261,721.30187969,976.35351856,1499.15186352
844,324.64443261,721.30187969,976.35351856,1258.94106782
845,324.64443261,721.30187969,976.35351856,1258.94106782
846,324.64443261,721.30187969,976.35351856,1258.94106782
847,341.18520499,721.30187969,976.35351856,1258.94106782
848,322.26380831,721.30187969,976.35351856,1258.94106782
849,322.26380831,721.30187969,976.35351856,1258.94106782
850,322.26380831,721.30187969,976.35351856,1258.94106782
851,322.26380831,721.30187969,976.35351856,1258.94106782
852,322.26380831,721.30187969,976.35351856,1258.94106782
853,322.26380831,721.30187969,976.35351856,1258.94106782
854,322.26380831,721.30187969,976.35351856,1258.94106782
855,322.26380831,721.30187969,976.35351856,1258.94106782
856,322.26380831,721.30187969,976.35351856,1258.94106782
857,322.26380831,721.30187969,976.35351856,1258.94106782
858,322.26380831,721.30187969,976.35351856,1258.94106782
859,322.26380831,721.30187969,976.35351856,1258.94106782
860,322.26380831,721.30187969,976.35351856,1258.94106782
861,322.26380831,721.30187969,976.35351856,1258.94106782
862,277.59102078,721.30187969,976.35351856,1258.94106782
863,277.59102078,721.30187969,976.35351856,1258.94106782
864,277.59102078,721.30187969,976.35351856,1258.94106782
865,277.59102078,721.30187969,976.35351856,1258.94106782
866,277.59102078,721.30187969,976.35351856,1258.94106782
867,277.59102078,721.30187969,976.35351856,1258.94106782
868,277.59102078,721.30187969,976.35351856,1258.94106782
869,277.59102078,721.30187969,976.35351856,1258.94106782
870,277.59102078,721.30187969,1095.11928493,1258.94106782
871,277.59102078,721.30187969,1095.11928493,1258.94106782
872,258.17714240,721.30187969,1095.11928493,1258.94106782
873,258.17714240,721.30187969,1095.11928493,1258.94106782
874,233.21639072,721.30187969,1095.11928493,1258.94106782
875,233.21639072,809.04260976,1095.11928493,1258.94106782
876,233.21639072,809.04260976,1095.11928493,1258.94106782
877,263.85559851,809.04260976,1095.11928493,1258.94106782
878,273.98304457,809.04260976,1095.11928493,1258.94106782
879,273.98304457,809.04260976,1150.91607984,1258.94106782
880,273.98304457,809.04260976,1087.08875271,1258.94106782
881,273.98304457,809.04260976,1087.08875271,1258.94106782
882,271.15999886,809.04260976,1087.08875271,1412.08139853
883,271.15999886,809.04260976,1087.08875271,1412.08139853
884,271.15999886,850.26367599,1087.08875271,1412.08139853
885,271.15999886,803.10988368,1087.08875271,1412.08139853
886,271.15999886,803.10988368,1087.08875271,1412.08139853
887,271.15999886,803.10988368,1087.08875271,1412.08139853
888,271.15999886,803.10988368,1087.08875271,1412.08139853
889,271.15999886,803.10988368,1087.08875271,1412.08139853
890,271.15999886,803.10988368,1087.08875271,1412.08139853
891,271.15999886,803.10988368,1087.08875271,1484.02754840
892,271.15999886,803.10988368,1087.08875271,1401.72657662
893,271.15999886,803.10988368,1087.08875271,1401.72657662
894,271.15999886,803.10988368,936.39455862,1401.72657662
895,271.15999886,803.10988368,936.39455862,1401.72657662
896,271.15999886,803.10988368,936.39455862,1401.72657662
897,271.15999886,803.10988368,936.39455862,1401.72657662
898,271.15999886,803.10988368,936.39455862,1401.72657662
899,271.15999886,691.78135013,936.39455862,1401.72657662
900,271.15999886,691.78135013,936.39455862,1401.72657662
901,271.15999886,691.78135013,936.39455862,1401.72657662
902,271.15999886,691.78135013,936.39455862,1401.72657662
903,271.15999886,691.78135013,936.39455862,1401.72657662
904,271.15999886,691.78135013,936.39455862,1401.72657662
905,271.15999886,691.78135013,936.39455862,1401.72657662
906,271.15999886,691.78135013,936.39455862,1207.41672265
907,271.15999886,691.78135013,936.39455862,1207.41672265
908,271.15999886,691.78135013,936.39455862,1207.41672265
909,271.15999886,691.78135013,936.39455862,1207.41672265
910,271.15999886,691.78135013,936.39455862,1207.41672265
911,271.15999886,691.78135013,936.39455862,1207.41672265
912,271.15999886,691.78135013,912.57153016,1207.41672265
913,271.15999886,691.78135013,912.57153016,1207.41672265
914,271.15999886,691.78135013,912.57153016,1207.41672265
915,271.15999886,691.78135013,1032.46219757,1207.41672265
916,429.83881300,691.78135013,1072.09071134,1207.41672265
917,409.78753164,674.18158233,1072.09071134,1207.41672265
918,409.78753164,674.18158233,1072.09071134,1207.41672265
919,409.78753164,674.18158233,1072.09071134,1207.41672265
920,453.20538361,762.75335692,1072.09071134,1207.41672265
921,453.20538361,792.02976237,1072.09071134,1207.41672265
922,391.42033893,792.02976237,1072.09071134,1207.41672265
923,748.00662872,792.02976237,1072.09071134,1207.41672265
924,748.00662872,792.02976237,1072.09071134,1176.69855723
925,748.00662872,792.02976237,939.04391074,1176.69855723
926,748.00662872,792.02976237,939.04391074,1176.69855723
927,748.00662872,792.02976237,939.04391074,1331.28937089
928,748.00662872,792.02976237,939.04391074,1382.38762832
929,748.00662872,792.02976237,939.04391074,1382.38762832
930,748.00662872,693.73861522,939.04391074,1382.38762832
931,748.00662872,693.73861522,939.04391074,1382.38762832
932,748.00662872,693.73861522,939.04391074,1382.38762832
933,553.44108681,693.73861522,939.04391074,1382.38762832
934,553.44108681,693.73861522,939.04391074,1382.38762832
935,553.44108681,693.73861522,939.04391074,1382.38762832
936,553.44108681,693.73861522,939.04391074,1382.38762832
937,553.44108681,693.73861522,939.04391074,1210.83288096
938,553.44108681,693.73861522,939.04391074,1210.83288096
939,553.44108681,693.73861522,939.04391074,1210.83288096
940,553.44108681,693.73861522,939.04391074,1210.83288096
941,553.44108681,693.73861522,939.04391074,1210.83288096
942,553.44108681,693.73861522,939.04391074,1210.83288096
943,553.44108681,693.73861522,939.04391074,1210.83288096
944,553.44108681,693.73861522,939.04391074,1210.83288096
945,553.44108681,693.73861522,939.04391074,1210.83288096
946,553.44108681,693.73861522,939.04391074,1210.83288096
947,633.31431653,693.73861522,939.04391074,1210.83288096
948,752.53123626,693.73861522,939.04391074,1210.83288096
949,564.02981503,693.73861522,939.04391074,1210.83288096
950,564.02981503,693.73861522,939.04391074,1210.83288096
951,648.06204760,693.73861522,939.04391074,1210.83288096
952,648.06204760,693.73861522,939.04391074,1210.83288096
953,648.06204760,693.73861522,939.04391074,1210.83288096
954,648.06204760,693.73861522,939.04391074,1210.83288096
955,648.06204760,693.73861522,939.04391074,1210.83288096
956,593.46403908,693.73861522,939.04391074,1210.83288096
957,593.46403908,693.73861522,939.04391074,1210.83288096
958,593.46403908,693.73861522,939.04391074,1210.83288096
959,616.54981573,693.73861522,1488.55849554,1210.83288096
960,868.60783899,693.73861522,1419.11966333,1210.83288096
961,1037.17619868,693.73861522,1419.11966333,1210.83288096
962,1037.17619868,693.73861522,1419.11966333,1210.83288096
963,1037.17619868,693.73861522,1569.47838026,1210.83288096
964,1037.17619868,1099.70417524,1569.47838026,1210.83288096
965,1037.17619868,1048.40476447,1355.51293466,1210.83288096
966,1037.17619868,1048.40476447,2590.39339452,1210.83288096
967,1037.17619868,1048.40476447,2590.39339452,1210.83288096
968,1037.17619868,1159.48545716,2590.39339452,1210.83288096
969,1037.17619868,1159.48545716,2590.39339452,1210.83288096
970,1220.60478183,1001.41394396,2590.39339452,1210.83288096
971,1231.87290807,1913.70808738,2590.39339452,1919.39434463
972,1231.87290807,1913.70808738,2590.39339452,1829.85772094
973,1231.87290807,1913.70808738,2590.39339452,1829.85772094
974,1231.87290807,1913.70808738,2590.39339452,1829.85772094
975,1231.87290807,1913.70808738,2590.39339452,2023.73500007
976,838.80483722,1913.70808738,2590.39339452,2023.73500007
977,838.80483722,1913.70808738,2590.39339452,1747.84119580
978,838.80483722,1913.70808738,2590.39339452,1747.84119580
979,838.80483722,1913.70808738,2590.39339452,2090.89133132
980,838.80483722,1913.70808738,2590.39339452,2090.89133132
981,838.80483722,1913.70808738,2590.39339452,2090.89133132
982,838.80483722,1913.70808738,2590.39339452,2090.89133132
983,838.80483722,1913.70808738,2590.39339452,2090.89133132
984,838.80483722,1913.70808738,2590.39339452,2090.89133132
985,838.80483722,1913.70808738,2590.39339452,2090.89133132
986,838.80483722,1913.70808738,2590.39339452,2090.89133132
987,838.80483722,1913.70808738,2590.39339452,2090.89133132
988,838.80483722,1913.70808738,2590.39339452,2090.89133132
989,838.80483722,1913.70808738,2590.39339452,2090.89133132
990,838.80483722,1913.70808738,2590.39339452,2090.89133132
991,838.80483722,1913.70808738,2590.39339452,2090.89133132
992,1036.80122305,1913.70808738,2590.39339452,2090.89133132
993,1133.38633961,1913.70808738,2590.39339452,2090.89133132
994,1571.67614089,1913.70808738,2590.39339452,2090.89133132
995,1571.67614089,1913.70808738,2590.39339452,2090.89133132
996,1571.67614089,1913.70808738,2590.39339452,2090.89133132
997,1571.67614089,1913.70808738,2964.24183403,2090.89133132
998,1571.67614089,1913.70808738,3522.23929526,2090.89133132
999,1571.67614089,1913.70808738,2639.95417395,2090.89133132
1000,1571.67614089,1913.70808738,2639.95417395,2090.89133132
1001,1571.67614089,1913.70808738,3033.26891940,2090.89133132
1002,1571.67614089,2189.89655500,3033.26891940,2090.89133132
1003,1571.67614089,2602.12901998,3033.26891940,2090.89133132
1004,1571.67614089,1950.32216485,3033.26891940,2090.89133132
1005,1571.67614089,1950.32216485,3033.26891940,2090.89133132
1006,1571.67614089,2240.89177904,2777.72171845,2090.89133132
1007,1571.67614089,2240.89177904,2777.72171845,2090.89133132
1008,1571.67614089,2240.89177904,2777.72171845,2090.89133132
1009,1571.67614089,2240.89177904,2885.77521281,2392.65108066
1010,1571.67614089,2240.89177904,4065.53843249,2843.05064431
1011,1571.67614089,2052.10086173,4854.52641312,2130.89537253
1012,1571.67614089,2052.10086173,4854.52641312,2130.89537253
1013,1571.67614089,2052.10086173,4854.52641312,2448.36776629
1014,1571.67614089,2131.92767354,4854.52641312,2448.36776629
1015,1571.67614089,3003.50278621,4854.52641312,2448.36776629
1016,1571.67614089,3586.38439893,4854.52641312,2448.36776629
1017,1571.67614089,3586.38439893,4854.52641312,2448.36776629
1018,1571.67614089,3586.38439893,4854.52641312,2242.09738730
1019,1571.67614089,3586.38439893,4854.52641312,2242.09738730
1020,1571.67614089,3586.38439893,5713.06800224,2242.09738730
1021,1571.67614089,3586.38439893,5765.80871930,2329.31507213
1022,1571.67614089,3586.38439893,5765.80871930,3281.58614195
1023,1571.67614089,3586.38439893,5765.80871930,3918.43463481
1024,1571.67614089,3586.38439893,5765.80871930,3918.43463481
1025,1847.17498186,4220.65021583,5765.80871930,3918.43463481
1026,1847.17498186,4259.61353969,5765.80871930,3918.43463481
1027,1847.17498186,4259.61353969,5765.80871930,3918.43463481
1028,1847.17498186,4259.61353969,3484.03977018,3918.43463481
1029,1847.17498186,4259.61353969,3484.03977018,3918.43463481
1030,1847.17498186,4259.61353969,3484.03977018,3918.43463481
1031,1847.17498186,4259.61353969,3484.03977018,3918.43463481
1032,1847.17498186,4259.61353969,3484.03977018,4611.42480768
1033,1847.17498186,2573.90831025,3484.03977018,4653.99560343
1034,1847.17498186,2573.90831025,3484.03977018,4653.99560343
1035,1847.17498186,2573.90831025,3484.03977018,4653.99560343
1036,1847.17498186,2573.90831025,3484.03977018,4653.99560343
1037,1847.17498186,2573.90831025,3484.03977018,4653.99560343
1038,1847.17498186,2573.90831025,3484.03977018,4653.99560343
1039,1847.17498186,2573.90831025,3484.03977018,4653.99560343
1040,1847.17498186,2573.90831025,3484.03977018,4653.99560343
1041,1847.17498186,2573.90831025,3484.03977018,3061.86051068
1042,1847.17498186,2573.90831025,3484.03977018,3061.86051068
1043,1847.17498186,2573.90831025,3484.03977018,3061.86051068
1044,1847.17498186,2573.90831025,4306.43283704,3061.86051068
1045,1847.17498186,2573.90831025,4811.16625562,3061.86051068
1046,1847.17498186,2573.90831025,6671.68374058,3061.86051068
1047,1847.17498186,2573.90831025,6671.68374058,3061.86051068
1048,1847.17498186,2573.90831025,6671.68374058,3061.86051068
1049,1847.17498186,3181.46863927,6671.68374058,3061.86051068
1050,1847.17498186,3554.35116249,6671.68374058,3061.86051068
1051,1847.17498186,4928.84793400,6671.68374058,3061.86051068
1052,1847.17498186,4928.84793400,6671.68374058,3784.59992291
1053,2327.04655677,4928.84793400,6671.68374058,4228.17216223
1054,2214.32819914,4928.84793400,6671.68374058,5863.24104560
1055,2214.32819914,4928.84793400,6671.68374058,5863.24104560
1056,2315.80889198,4928.84793400,6671.68374058,5863.24104560
1057,1972.24543171,4928.84793400,6671.68374058,5863.24104560
1058,2080.31979220,4928.84793400,6671.68374058,5863.24104560
1059,2080.31979220,4928.84793400,6671.68374058,5863.24104560
1060,2080.31979220,4928.84793400,6671.68374058,5863.24104560
1061,2080.31979220,4928.84793400,6671.68374058,5863.24104560
1062,2080.31979220,4928.84793400,6671.68374058,5863.24104560
1063,2080.31979220,4928.84793400,6671.68374058,5863.24104560
1064,2080.31979220,4928.84793400,6671.68374058,5863.24104560
1065,2080.31979220,4928.84793400,6671.68374058,5863.24104560
1066,2080.31979220,4928.84793400,6671.68374058,5863.24104560
1067,2080.31979220,4928.84793400,6671.68374058,5863.24104560
1068,2600.27950628,4928.84793400,6671.68374058,5863.24104560
1069,2449.47045377,4928.84793400,6671.68374058,5863.24104560
1070,2645.35859539,4928.84793400,6671.68374058,5863.24104560
1071,2397.70623826,4928.84793400,6671.68374058,5863.24104560
1072,2397.70623826,4928.84793400,6671.68374058,5863.24104560
1073,2397.70623826,4928.84793400,6671.68374058,5863.24104560
1074,2397.70623826,4928.84793400,6671.68374058,5863.24104560
1075,2397.70623826,4928.84793400,6671.68374058,5863.24104560
1076,2397.70623826,4928.84793400,6671.68374058,5863.24104560
1077,2397.70623826,4928.84793400,6671.68374058,5863.24104560
1078,2397.70623826,4928.84793400,6671.68374058,5863.24104560
1079,2397.70623826,4928.84793400,5862.16084035,5863.24104560
1080,2397.70623826,4928.84793400,5862.16084035,5863.24104560
1081,2397.70623826,4928.84793400,5862.16084035,5863.24104560
1082,2397.70623826,4928.84793400,4546.31396906,5863.24104560
1083,2397.70623826,4928.84793400,4546.31396906,5863.24104560
1084,2397.70623826,4330.79571367,4546.31396906,5863.24104560
1085,2397.70623826,4330.79571367,4546.31396906,5863.24104560
1086,2397.70623826,4330.79571367,4546.31396906,5863.24104560
1087,2397.70623826,3358.68591573,4546.31396906,5151.81225482
1088,2397.70623826,3358.68591573,4546.31396906,5151.81225482
1089,2397.70623826,3358.68591573,4546.31396906,5151.81225482
1090,2397.70623826,3358.68591573,4546.31396906,5151.81225482
1091,2397.70623826,3358.68591573,4546.31396906,5151.81225482
1092,2397.70623826,3358.68591573,4546.31396906,5151.81225482
1093,2397.70623826,3358.68591573,4546.31396906,5151.81225482
1094,2397.70623826,3358.68591573,4546.31396906,5151.81225482
1095,2397.70623826,3358.68591573,4546.31396906,5151.81225482
1096,2397.70623826,3358.68591573,4546.31396906,5151.81225482
1097,2397.70623826,3358.68591573,4546.31396906,5151.81225482
1098,2397.70623826,3358.68591573,4546.31396906,5151.81225482
1099,2397.70623826,3358.68591573,4546.31396906,5151.81225482
1100,2397.70623826,3358.68591573,5727.38607419,5151.81225482
1101,2397.70623826,3358.68591573,5727.38607419,5151.81225482
1102,2397.70623826,3358.68591573,5867.79267596,5151.81225482
1103,2397.70623826,3358.68591573,6136.70839784,5151.81225482
1104,2397.70623826,3358.68591573,5226.29269856,5151.81225482
1105,2397.70623826,4231.22799530,5512.68111250,5151.81225482
1106,2397.70623826,4231.22799530,5512.68111250,5151.81225482
1107,2397.70623826,4334.95635174,5512.68111250,5151.81225482
1108,2397.70623826,4533.62354757,5512.68111250,5151.81225482
1109,2397.70623826,3861.03463104,4694.96901663,5151.81225482
1110,2397.70623826,4072.61014890,4694.96901663,5151.81225482
1111,2397.70623826,4072.61014890,4694.96901663,5151.81225482
1112,2397.70623826,4072.61014890,4694.96901663,5151.81225482
1113,2397.70623826,4072.61014890,4971.16019535,5151.81225482
1114,2397.70623826,3468.50798653,5433.15486687,5151.81225482
1115,2397.70623826,3468.50798653,4832.36032551,5151.81225482
1116,2397.70623826,3468.50798653,4832.36032551,5151.81225482
1117,2397.70623826,3468.50798653,4832.36032551,5151.81225482
1118,2397.70623826,3672.55008048,4832.36032551,5151.81225482
1119,2397.70623826,4013.85844742,4832.36032551,5151.81225482
1120,2397.70623826,3570.00873135,4832.36032551,6490.18478836
1121,2397.70623826,3570.00873135,4832.36032551,6490.18478836
1122,2397.70623826,3570.00873135,4832.36032551,6649.29136493
1123,2725.37185854,3570.00873135,4832.36032551,6954.02247698
1124,2725.37185854,3570.00873135,4832.36032551,5922.35357148
1125,2725.37185854,3570.00873135,4832.36032551,6246.88446631
1126,2725.37185854,3570.00873135,4832.36032551,6246.88446631
1127,2725.37185854,3570.00873135,4832.36032551,6246.88446631
1128,2725.37185854,3570.00873135,4832.36032551,6246.88446631
1129,2725.37185854,3570.00873135,4832.36032551,5320.26584184
1130,2725.37185854,3570.00873135,4832.36032551,5320.26584184
1131,2725.37185854,3570.00873135,4832.36032551,5320.26584184
1132,2725.37185854,3570.00873135,4832.36032551,5320.26584184
1133,2725.37185854,3570.00873135,4832.36032551,5633.24138839
1134,2605.42902043,3570.00873135,4832.36032551,6156.76656209
1135,2605.42902043,3570.00873135,4832.36032551,5475.95553543
1136,2605.42902043,3570.00873135,4832.36032551,5475.95553543
1137,2605.42902043,3570.00873135,4832.36032551,5475.95553543
1138,2605.42902043,3570.00873135,4832.36032551,5475.95553543
1139,2605.42902043,3570.00873135,4832.36032551,5475.95553543
1140,2605.42902043,3570.00873135,4832.36032551,5475.95553543
1141,2605.42902043,3570.00873135,4832.36032551,5475.95553543
1142,2605.42902043,3570.00873135,4832.36032551,5475.95553543
1143,2605.42902043,3570.00873135,4832.36032551,5475.95553543
1144,2605.42902043,3570.00873135,4832.36032551,5475.95553543
1145,2605.42902043,3570.00873135,4832.36032551,5475.95553543
1146,2605.42902043,3570.00873135,4832.36032551,5475.95553543
1147,2605.42902043,3570.00873135,4832.36032551,5475.95553543
1148,2605.42902043,3570.00873135,4832.36032551,5475.95553543
1149,2605.42902043,3570.00873135,4832.36032551,5475.95553543
1150,2605.42902043,3570.00873135,4832.36032551,5475.95553543
1151,2605.42902043,3570.00873135,4832.36032551,5475.95553543
1152,2605.42902043,3570.00873135,4832.36032551,5475.95553543
1153,2605.42902043,3570.00873135,4832.36032551,5475.95553543
1154,2605.42902043,3570.00873135,4832.36032551,5475.95553543
1155,2605.42902043,3570.00873135,4832.36032551,5475.95553543
1156,2605.42902043,3570.00873135,4832.36032551,5475.95553543
1157,2605.42902043,3570.00873135,4832.36032551,5475.95553543
1158,2605.42902043,3570.00873135,4832.36032551,5475.95553543
1159,2605.42902043,3570.00873135,4832.36032551,5475.95553543
1160,2605.42902043,3570.00873135,4832.36032551,5475.95553543
1161,2605.42902043,3570.00873135,4832.36032551,5475.95553543
1162,2605.42902043,3570.00873135,4832.36032551,5475.95553543
1163,2605.42902043,3570.00873135,4832.36032551,5475.95553543
1164,2556.01539704,3570.00873135,4832.36032551,5475.95553543
1165,2556.01539704,3570.00873135,4832.36032551,5475.95553543
1166,2361.59249173,3570.00873135,4832.36032551,5475.95553543
1167,2361.59249173,3570.00873135,4832.36032551,5475.95553543
1168,2361.59249173,3570.00873135,4832.36032551,5475.95553543
1169,2361.59249173,3570.00873135,4832.36032551,5475.95553543
1170,2361.59249173,3570.00873135,4832.36032551,5475.95553543
1171,2361.59249173,3570.00873135,4832.36032551,5475.95553543
1172,2361.59249173,3570.00873135,5606.12011662,5475.95553543
1173,2361.59249173,3570.00873135,5606.12011662,5475.95553543
1174,2361.59249173,3570.00873135,5606.12011662,5475.95553543
1175,2361.59249173,3570.00873135,5606.12011662,5475.95553543
1176,2361.59249173,3570.00873135,5606.12011662,5475.95553543
1177,2344.24028884,4141.64019593,5606.12011662,5475.95553543
1178,2344.24028884,4141.64019593,5606.12011662,5475.95553543
1179,2344.24028884,4141.64019593,5606.12011662,5475.95553543
1180,2344.24028884,4141.64019593,5606.12011662,5475.95553543
1181,2985.48593085,4141.64019593,5606.12011662,5475.95553543
1182,2985.48593085,4141.64019593,5606.12011662,5475.95553543
1183,2628.55983271,4141.64019593,5606.12011662,5475.95553543
1184,2628.55983271,4141.64019593,5359.39636937,5475.95553543
1185,2628.55983271,4141.64019593,5359.39636937,5475.95553543
1186,2628.55983271,4141.64019593,5359.39636937,5475.95553543
1187,2628.55983271,4141.64019593,5359.39636937,5475.95553543
1188,2628.55983271,4141.64019593,5359.39636937,5475.95553543
1189,2628.55983271,3959.36779227,5359.39636937,5475.95553543
1190,2628.55983271,3959.36779227,5359.39636937,5475.95553543
1191,2628.55983271,3959.36779227,5359.39636937,5475.95553543
1192,2628.55983271,3959.36779227,5359.39636937,6352.76809199
1193,2628.55983271,3959.36779227,5359.39636937,6352.76809199
1194,2628.55983271,3959.36779227,5359.39636937,6352.76809199
1195,2628.55983271,3959.36779227,5359.39636937,6352.76809199
1196,2628.55983271,3959.36779227,5359.39636937,6352.76809199
1197,2628.55983271,3959.36779227,5359.39636937,6352.76809199
1198,2628.55983271,3959.36779227,5359.39636937,6352.76809199
1199,2628.55983271,3959.36779227,5359.39636937,6352.76809199
1200,2628.55983271,3959.36779227,5359.39636937,6352.76809199
1201,2628.55983271,3959.36779227,5359.39636937,6352.76809199
1202,2628.55983271,3959.36779227,5359.39636937,6352.76809199
1203,2628.55983271,3959.36779227,5359.39636937,6352.76809199
1204,2628.55983271,3959.36779227,5359.39636937,6073.18458032
1205,2628.55983271,3959.36779227,5359.39636937,6073.18458032
1206,2628.55983271,3959.36779227,5359.39636937,6073.18458032
1207,2628.55983271,3959.36779227,5359.39636937,6073.18458032
1208,2628.55983271,3959.36779227,5359.39636937,6073.18458032
1209,2847.60648543,3959.36779227,5359.39636937,6073.18458032
1210,2847.60648543,3959.36779227,5359.39636937,6073.18458032
1211,2847.60648543,3959.36779227,5359.39636937,6073.18458032
1212,2847.60648543,3959.36779227,5359.39636937,6073.18458032
1213,2847.60648543,3959.36779227,5359.39636937,6073.18458032
1214,2847.60648543,3959.36779227,5257.75199845,6073.18458032
1215,2847.60648543,3959.36779227,5257.75199845,6073.18458032
1216,3615.93622734,3959.36779227,4857.82192756,6073.18458032
1217,3615.93622734,3959.36779227,4857.82192756,6073.18458032
1218,3615.93622734,3959.36779227,4857.82192756,6073.18458032
1219,3615.93622734,3884.27585639,4857.82192756,6073.18458032
1220,3615.93622734,3884.27585639,4857.82192756,6073.18458032
1221,3615.93622734,3588.81903016,4857.82192756,6073.18458032
1222,3615.93622734,3588.81903016,4857.82192756,6073.18458032
1223,3844.07533973,3588.81903016,4857.82192756,6073.18458032
1224,3844.07533973,3588.81903016,4857.82192756,6073.18458032
1225,3844.07533973,3588.81903016,4857.82192756,6073.18458032
1226,3844.07533973,3588.81903016,5049.65405951,6073.18458032
1227,3844.07533973,3588.81903016,5049.65405951,6073.18458032
1228,3844.07533973,3588.81903016,5049.65405951,6073.18458032
1229,3844.07533973,3588.81903016,5049.65405951,6073.18458032
1230,3844.07533973,3588.81903016,5049.65405951,6073.18458032
1231,3844.07533973,3730.53908824,6430.94106951,6073.18458032
1232,3844.07533973,3730.53908824,6430.94106951,6073.18458032
1233,3844.07533973,3730.53908824,5662.09782038,6073.18458032
1234,3844.07533973,3730.53908824,5662.09782038,5958.00276065
1235,3844.07533973,3730.53908824,5662.09782038,5958.00276065
1236,3844.07533973,4750.99417727,5662.09782038,5504.80822673
1237,3844.07533973,4750.99417727,5662.09782038,5504.80822673
1238,3844.07533973,4182.99491241,5662.09782038,5504.80822673
1239,3844.07533973,4182.99491241,5662.09782038,5504.80822673
1240,3844.07533973,4182.99491241,5662.09782038,5504.80822673
1241,3844.07533973,4182.99491241,5662.09782038,5504.80822673
1242,3844.07533973,4182.99491241,5662.09782038,5504.80822673
1243,3844.07533973,4182.99491241,5662.09782038,5504.80822673
1244,3844.07533973,4182.99491241,5662.09782038,5504.80822673
1245,3294.88017121,4182.99491241,5662.09782038,5504.80822673
1246,3294.88017121,4182.99491241,5662.09782038,5722.18941398
1247,3294.88017121,4182.99491241,5662.09782038,5722.18941398
1248,3294.88017121,4182.99491241,5662.09782038,5722.18941398
1249,3294.88017121,4182.99491241,5662.09782038,5722.18941398
1250,3294.88017121,4182.99491241,5662.09782038,5722.18941398
1251,3294.88017121,4182.99491241,5662.09782038,7287.44236263
1252,3294.88017121,4182.99491241,5662.09782038,7287.44236263
1253,3294.88017121,4182.99491241,5662.09782038,6416.20115494
1254,3294.88017121,4182.99491241,5662.09782038,6416.20115494
1255,3294.88017121,4182.99491241,5662.09782038,6416.20115494
1256,3294.88017121,4182.99491241,5662.09782038,6416.20115494
1257,3294.88017121,4182.99491241,5662.09782038,6416.20115494
1258,3294.88017121,4182.99491241,5662.09782038,6416.20115494
1259,3294.88017121,4182.99491241,5662.09782038,6416.20115494
1260,3294.88017121,4182.99491241,5662.09782038,6416.20115494
1261,3294.88017121,4182.99491241,5662.09782038,6416.20115494
1262,3294.88017121,4182.99491241,5511.30215935,6416.20115494
1263,3294.88017121,4182.99491241,5511.30215935,6416.20115494
1264,3087.86369745,4182.99491241,5511.30215935,6416.20115494
1265,3087.86369745,4182.99491241,6998.33956685,6416.20115494
1266,3087.86369745,3858.64503952,6998.33956685,6416.20115494
1267,3087.86369745,3858.64503952,6998.33956685,6416.20115494
1268,3378.94689552,3858.64503952,6998.33956685,6416.20115494
1269,3011.58573052,3858.64503952,6998.33956685,6416.20115494
1270,3011.58573052,3858.64503952,6998.33956685,6416.20115494
1271,2866.70182381,3858.64503952,6998.33956685,6416.20115494
1272,2866.70182381,3858.64503952,7439.88357554,6416.20115494
1273,2866.70182381,4899.76914234,7439.88357554,6416.20115494
1274,2866.70182381,4899.76914234,7439.88357554,6416.20115494
1275,2866.70182381,4899.76914234,7439.88357554,6416.20115494
1276,2866.70182381,4899.76914234,7439.88357554,6416.20115494
1277,2866.70182381,4899.76914234,7439.88357554,6416.20115494
1278,2866.70182381,4899.76914234,7439.88357554,6416.20115494
1279,2866.70182381,4899.76914234,7439.88357554,6416.20115494
1280,2802.42401372,5208.90871582,7439.88357554,6416.20115494
1281,2802.42401372,5208.90871582,7439.88357554,6416.20115494
1282,2802.42401372,5208.90871582,7439.88357554,6245.32185806
1283,2802.42401372,5208.90871582,7439.88357554,6245.32185806
1284,2802.42401372,5208.90871582,7439.88357554,6245.32185806
1285,3916.02179954,5208.90871582,7439.88357554,7930.40951181
1286,3916.02179954,5208.90871582,7439.88357554,7930.40951181
1287,3205.97186336,5208.90871582,7439.88357554,7930.40951181
1288,3205.97186336,5208.90871582,7439.88357554,7930.40951181
1289,3205.97186336,5208.90871582,7439.88357554,7930.40951181
1290,3205.97186336,5208.90871582,7439.88357554,7930.40951181
1291,3205.97186336,5208.90871582,7439.88357554,7930.40951181
1292,3205.97186336,5208.90871582,7439.88357554,8430.76031259
1293,3205.97186336,5208.90871582,7439.88357554,8430.76031259
1294,3205.97186336,5208.90871582,6376.96265103,8430.76031259
1295,3205.97186336,5208.90871582,6376.96265103,8430.76031259
1296,3205.97186336,5208.90871582,6376.96265103,8430.76031259
1297,3205.97186336,5208.90871582,6376.96265103,8430.76031259
1298,3205.97186336,5208.90871582,6376.96265103,8430.76031259
1299,3098.42233200,5208.90871582,6376.96265103,8430.76031259
1300,3098.42233200,5208.90871582,6376.96265103,8430.76031259
1301,3801.22114920,5208.90871582,6376.96265103,8430.76031259
1302,3801.22114920,4464.72259897,6376.96265103,8430.76031259
1303,3801.22114920,4464.72259897,6376.96265103,8430.76031259
1304,3801.22114920,4464.72259897,6376.96265103,8430.76031259
1305,3801.22114920,4464.72259897,6376.96265103,8430.76031259
1306,3801.22114920,4464.72259897,6376.96265103,8430.76031259
1307,3801.22114920,4464.72259897,6376.96265103,8430.76031259
1308,3801.22114920,4464.72259897,6376.96265103,8430.76031259
1309,3801.22114920,4464.72259897,6376.96265103,8430.76031259
1310,3801.22114920,4464.72259897,6376.96265103,8430.76031259
1311,3801.22114920,4464.72259897,6376.96265103,8430.76031259
1312,3801.22114920,4464.72259897,6376.96265103,8430.76031259
1313,3801.22114920,4464.72259897,5976.29972773,8430.76031259
1314,3801.22114920,4464.72259897,5976.29972773,7226.27485864
1315,3801.22114920,4464.72259897,5976.29972773,7226.27485864
1316,3505.69111691,4464.72259897,5976.29972773,7226.27485864
1317,3505.69111691,4464.72259897,6539.66670495,7226.27485864
1318,3505.69111691,4464.72259897,5828.67015672,7226.27485864
1319,3505.69111691,4464.72259897,5828.67015672,7226.27485864
1320,3505.69111691,4464.72259897,5548.25957612,7226.27485864
1321,4149.44287693,4184.20522634,5548.25957612,7226.27485864
1322,4149.44287693,4184.20522634,5548.25957612,7226.27485864
1323,3852.12397803,4184.20522634,5548.25957612,7226.27485864
1324,3774.39181947,4184.20522634,5548.25957612,7226.27485864
1325,3774.39181947,4578.63709185,5548.25957612,7226.27485864
1326,3774.39181947,4080.84487784,5548.25957612,7226.27485864
1327,3774.39181947,4080.84487784,5548.25957612,7226.27485864
1328,3774.39181947,3884.52015011,5548.25957612,7226.27485864
1329,3774.39181947,3884.52015011,5423.85529646,7226.27485864
1330,3774.39181947,3884.52015011,5423.85529646,7226.27485864
1331,3774.39181947,3884.52015011,5423.85529646,7226.27485864
1332,3774.39181947,3884.52015011,5423.85529646,7226.27485864
1333,3774.39181947,3884.52015011,5423.85529646,6772.24986777
1334,3774.39181947,3884.52015011,5423.85529646,6772.24986777
1335,3774.39181947,3884.52015011,5423.85529646,6772.24986777
1336,3774.39181947,3884.52015011,8109.13455199,6772.24986777
1337,3774.39181947,3797.42059674,8109.13455199,7410.64856108
1338,3866.03858063,3797.42059674,8109.13455199,6604.95833483
1339,4751.87337999,3797.42059674,8109.13455199,6604.95833483
1340,4751.87337999,3797.42059674,8109.13455199,6287.20142773
1341,4751.87337999,3797.42059674,8109.13455199,6287.20142773
1342,4751.87337999,3797.42059674,8109.13455199,6287.20142773
1343,4751.87337999,5262.38265897,8109.13455199,6287.20142773
1344,4751.87337999,4308.21165011,8109.13455199,6287.20142773
1345,4751.87337999,4308.21165011,8109.13455199,6287.20142773
1346,4751.87337999,4308.21165011,8109.13455199,6287.20142773
1347,4751.87337999,4308.21165011,8109.13455199,6287.20142773
1348,4751.87337999,4308.21165011,8109.13455199,6287.20142773
1349,5123.07218608,4308.21165011,8109.13455199,6146.22843359
1350,5123.07218608,4308.21165011,8109.13455199,6146.22843359
1351,6956.09825531,4308.21165011,8109.13455199,6146.22843359
1352,6956.09825531,4308.21165011,8109.13455199,6146.22843359
1353,7359.11029708,4308.21165011,8109.13455199,6146.22843359
1354,7359.11029708,4308.21165011,8109.13455199,6146.22843359
1355,7359.11029708,4308.21165011,7837.10046749,6146.22843359
1356,7359.11029708,4163.68569552,7837.10046749,9189.14510639
1357,7359.11029708,4163.68569552,9614.74868604,9189.14510639
1358,7359.11029708,5108.11259037,9614.74868604,9189.14510639
1359,7359.11029708,5108.11259037,9614.74868604,9189.14510639
1360,7359.11029708,5108.11259037,9614.74868604,9189.14510639
1361,8541.38532125,5108.11259037,9614.74868604,9189.14510639
1362,6965.31780626,5108.11259037,9614.74868604,9189.14510639
1363,6965.31780626,5108.11259037,9614.74868604,9189.14510639
1364,6965.31780626,5108.11259037,9614.74868604,9189.14510639
1365,6965.31780626,5108.11259037,9614.74868604,9189.14510639
1366,6965.31780626,5108.11259037,9614.74868604,9189.14510639
1367,6965.31780626,5108.11259037,9614.74868604,9189.14510639
1368,6965.31780626,5108.11259037,9614.74868604,9189.14510639
1369,6965.31780626,5108.11259037,9614.74868604,9189.14510639
1370,7299.96950459,5108.11259037,9614.74868604,9189.14510639
1371,7131.54775979,5108.11259037,9614.74868604,9189.14510639
1372,5985.34564495,5108.11259037,8867.23969404,9189.14510639
1373,5985.34564495,4710.97687543,8867.23969404,9189.14510639
1374,5985.34564495,4710.97687543,8867.23969404,9189.14510639
1375,5985.34564495,4710.97687543,8867.23969404,8880.88031435
1376,5985.34564495,4710.97687543,8867.23969404,8880.88031435
1377,5985.34564495,4710.97687543,10495.53521957,10895.28361764
1378,5985.34564495,5576.05584384,10495.53521957,10895.28361764
1379,5985.34564495,5576.05584384,9743.50149662,10895.28361764
1380,5985.34564495,5176.51623505,9546.88700354,10895.28361764
1381,5985.34564495,5072.05911398,9546.88700354,10895.28361764
1382,5985.34564495,5072.05911398,9546.88700354,10895.28361764
1383,5985.34564495,5072.05911398,9546.88700354,10895.28361764
1384,5985.34564495,5072.05911398,9546.88700354,10895.28361764
1385,5985.34564495,5072.05911398,9546.88700354,10895.28361764
1386,5985.34564495,5072.05911398,9546.88700354,10895.28361764
1387,5985.34564495,5072.05911398,9546.88700354,10895.28361764
1388,5985.34564495,5072.05911398,9546.88700354,10895.28361764
1389,5985.34564495,5072.05911398,9546.88700354,10895.28361764
1390,5985.34564495,5072.05911398,9546.88700354,10895.28361764
1391,5985.34564495,5072.05911398,9546.88700354,10895.28361764
1392,5985.34564495,5072.05911398,9546.88700354,10048.21805821
1393,5985.34564495,5072.05911398,9546.88700354,10048.21805821
1394,5985.34564495,5072.05911398,9778.69687249,10048.21805821
1395,5985.34564495,5195.21479374,12019.31341093,10048.21805821
1396,5985.34564495,6385.60696352,12019.31341093,10048.21805821
1397,5985.34564495,6385.60696352,12019.31341093,11893.37721351
1398,5985.34564495,6385.60696352,12019.31341093,11893.37721351
1399,5985.34564495,6385.60696352,12019.31341093,11041.18429936
1400,5985.34564495,6385.60696352,12019.31341093,10818.38381487
1401,5985.34564495,6385.60696352,12019.31341093,10818.38381487
1402,5985.34564495,6385.60696352,12019.31341093,10818.38381487
1403,5985.34564495,6385.60696352,12019.31341093,10818.38381487
1404,5985.34564495,6385.60696352,12019.31341093,10818.38381487
1405,5985.34564495,6385.60696352,12958.21780324,10818.38381487
1406,5985.34564495,6884.42700595,12958.21780324,10818.38381487
1407,8477.06742768,6884.42700595,17594.64496673,10818.38381487
1408,8477.06742768,9347.66268080,17594.64496673,10818.38381487
1409,8477.06742768,9347.66268080,18614.01725449,10818.38381487
1410,8477.06742768,9889.23361389,18614.01725449,10818.38381487
1411,8477.06742768,9889.23361389,18614.01725449,10818.38381487
1412,8477.06742768,9889.23361389,18614.01725449,10818.38381487
1413,8477.06742768,9889.23361389,18614.01725449,10818.38381487
1414,8477.06742768,9889.23361389,18614.01725449,11081.06715170
1415,8477.06742768,9889.23361389,18614.01725449,13620.09895190
1416,10714.41284002,9889.23361389,18614.01725449,13620.09895190
1417,9829.79407998,9889.23361389,21604.44501150,13620.09895190
1418,9829.79407998,11477.98462289,17617.96475316,13620.09895190
1419,9829.79407998,9360.05199003,17617.96475316,13620.09895190
1420,9829.79407998,9360.05199003,17617.96475316,13620.09895190
1421,9829.79407998,9360.05199003,17617.96475316,13620.09895190
1422,12269.90254642,9360.05199003,17617.96475316,13620.09895190
1423,10303.88220811,9360.05199003,17617.96475316,13620.09895190
1424,10303.88220811,9360.05199003,17617.96475316,13620.09895190
1425,10303.88220811,9360.05199003,17617.96475316,14684.05080109
1426,10303.88220811,9360.05199003,18464.42746883,14684.05080109
1427,10303.88220811,9809.75972514,18038.42416992,19937.97792579
1428,10303.88220811,9583.43318393,15139.23865950,19937.97792579
1429,10303.88220811,8043.15725044,15139.23865950,21093.11474213
1430,10303.88220811,8043.15725044,15139.23865950,21093.11474213
1431,10303.88220811,8043.15725044,15139.23865950,21093.11474213
1432,10303.88220811,8043.15725044,15139.23865950,21093.11474213
1433,10303.88220811,8043.15725044,15139.23865950,21093.11474213
1434,10303.88220811,8043.15725044,15139.23865950,21093.11474213
1435,10303.88220811,8043.15725044,15139.23865950,21093.11474213
1436,10303.88220811,8043.15725044,15139.23865950,21093.11474213
1437,10303.88220811,8043.15725044,15139.23865950,24481.82094909
1438,10303.88220811,8043.15725044,15139.23865950,19964.40354495
1439,10303.88220811,8043.15725044,15139.23865950,19964.40354495
1440,10303.88220811,8043.15725044,15139.23865950,19964.40354495
1441,10503.32065146,8043.15725044,15139.23865950,19964.40354495
1442,10503.32065146,8043.15725044,15139.23865950,19964.40354495
1443,10503.32065146,8043.15725044,15139.23865950,19964.40354495
1444,10503.32065146,8043.15725044,15139.23865950,19964.40354495
1445,10503.32065146,8043.15725044,15139.23865950,19964.40354495
1446,10503.32065146,8043.15725044,15139.23865950,20923.60192445
1447,10503.32065146,8043.15725044,15139.23865950,20440.86161420
1448,10503.32065146,8043.15725044,15139.23865950,17155.54970146
1449,10503.32065146,8043.15725044,15139.23865950,17155.54970146
1450,11780.96742882,8043.15725044,15139.23865950,17155.54970146
1451,11780.96742882,8043.15725044,15139.23865950,17155.54970146
1452,11780.96742882,8043.15725044,15139.23865950,17155.54970146
1453,10280.83440814,8043.15725044,15139.23865950,17155.54970146
1454,10280.83440814,8043.15725044,15139.23865950,17155.54970146
1455,10280.83440814,8043.15725044,15139.23865950,17155.54970146
1456,10280.83440814,8043.15725044,15139.23865950,17155.54970146
1457,9458.02201668,8043.15725044,15139.23865950,17155.54970146
1458,9458.02201668,8043.15725044,15139.23865950,17155.54970146
1459,8270.67146414,8043.15725044,15139.23865950,17155.54970146
1460,8270.67146414,8043.15725044,15139.23865950,17155.54970146
1461,8270.67146414,8043.15725044,15139.23865950,17155.54970146
1462,8041.34121823,8043.15725044,15139.23865950,17155.54970146
1463,8041.34121823,8043.15725044,15139.23865950,17155.54970146
1464,8041.34121823,11391.55370266,19180.29903135,17155.54970146
1465,7684.95449528,11391.55370266,19180.29903135,17155.54970146
1466,7684.95449528,11391.55370266,19180.29903135,17155.54970146
1467,7684.95449528,11391.55370266,19180.29903135,17155.54970146
1468,7489.43980758,11391.55370266,19180.29903135,17155.54970146
1469,7489.43980758,11391.55370266,19180.29903135,17155.54970146
1470,7489.43980758,11391.55370266,19180.29903135,17155.54970146
1471,7489.43980758,11391.55370266,19180.29903135,17155.54970146
1472,7489.43980758,11391.55370266,24242.53953036,17155.54970146
1473,7489.43980758,14398.11707302,22240.99212128,17155.54970146
1474,7489.43980758,13209.35902699,22240.99212128,17155.54970146
1475,7489.43980758,13209.35902699,22240.99212128,17155.54970146
1476,9151.53433670,13209.35902699,22240.99212128,17155.54970146
1477,8716.27195347,13209.35902699,22240.99212128,17155.54970146
1478,8716.27195347,13209.35902699,22240.99212128,17155.54970146
1479,8716.27195347,13209.35902699,22240.99212128,17155.54970146
1480,8716.27195347,13209.35902699,22240.99212128,17155.54970146
1481,7634.57981276,13209.35902699,27236.41839935,17155.54970146
1482,7634.57981276,16176.24012833,27236.41839935,17155.54970146
1483,7634.57981276,16176.24012833,27236.41839935,17155.54970146
1484,7634.57981276,16176.24012833,27236.41839935,21734.81644104
1485,7634.57981276,16176.24012833,27236.41839935,21734.81644104
1486,7257.99328520,16176.24012833,27236.41839935,21734.81644104
1487,7257.99328520,16176.24012833,27236.41839935,21734.81644104
1488,7257.99328520,16176.24012833,27236.41839935,21734.81644104
1489,7257.99328520,16176.24012833,27236.41839935,21734.81644104
1490,7257.99328520,16176.24012833,27236.41839935,21734.81644104
1491,7257.99328520,16176.24012833,27236.41839935,21734.81644104
1492,7257.99328520,16176.24012833,27236.41839935,27471.26861243
1493,7257.99328520,16176.24012833,27236.41839935,25203.14623003
1494,7257.99328520,16176.24012833,27236.41839935,25203.14623003
1495,7257.99328520,16176.24012833,27236.41839935,25203.14623003
1496,7257.99328520,16176.24012833,27236.41839935,25203.14623003
1497,7257.99328520,16176.24012833,27236.41839935,25203.14623003
1498,7257.99328520,16176.24012833,27236.41839935,25203.14623003
1499,7257.99328520,16176.24012833,27236.41839935,25203.14623003
1500,7257.99328520,16176.24012833,27236.41839935,25203.14623003
1501,7257.99328520,16176.24012833,27236.41839935,30863.88556579
1502,7257.99328520,16176.24012833,27236.41839935,30863.88556579
1503,7257.99328520,16176.24012833,27236.41839935,30863.88556579
1504,7257.99328520,16176.24012833,27236.41839935,30863.88556579
1505,7257.99328520,16176.24012833,27236.41839935,30863.88556579
1506,7257.99328520,16176.24012833,27763.59726051,30863.88556579
1507,7257.99328520,16489.34193650,27763.59726051,30863.88556579
1508,7257.99328520,16489.34193650,27763.59726051,30863.88556579
1509,7257.99328520,16489.34193650,27763.59726051,30863.88556579
1510,6522.38223495,16489.34193650,27763.59726051,30863.88556579
1511,6177.03131353,16489.34193650,27763.59726051,30863.88556579
1512,7382.97122869,16489.34193650,27763.59726051,30863.88556579
1513,7382.97122869,16489.34193650,27763.59726051,30863.88556579
1514,7382.97122869,16489.34193650,27763.59726051,30863.88556579
1515,7231.00875631,16489.34193650,31140.82163983,30863.88556579
1516,15878.00140733,18495.14136747,31140.82163983,30863.88556579
1517,15878.00140733,18495.14136747,31140.82163983,30863.88556579
1518,15878.00140733,18495.14136747,27175.49577714,30863.88556579
1519,15878.00140733,16140.05699472,27175.49577714,30863.88556579
1520,15878.00140733,16140.05699472,27175.49577714,30863.88556579
1521,15878.00140733,16140.05699472,27175.49577714,30863.88556579
1522,15878.00140733,16140.05699472,25000.54248231,30863.88556579
1523,15878.00140733,14848.30981088,25000.54248231,30863.88556579
1524,15878.00140733,14848.30981088,21861.99957367,30863.88556579
1525,15878.00140733,12984.26796078,21861.99957367,30863.88556579
1526,15878.00140733,12984.26796078,21861.99957367,31461.27644902
1527,15878.00140733,12984.26796078,21255.80722763,31461.27644902
1528,15878.00140733,12624.23850281,21255.80722763,31461.27644902
1529,12983.68445892,12624.23850281,21255.80722763,31461.27644902
1530,12983.68445892,12624.23850281,20313.76444197,31461.27644902
1531,12983.68445892,12064.74091805,20313.76444197,31461.27644902
1532,12983.68445892,12064.74091805,20313.76444197,31461.27644902
1533,12983.68445892,12064.74091805,19796.95730757,31461.27644902
1534,12983.68445892,11757.79908070,19796.95730757,31461.27644902
1535,12983.68445892,11757.79908070,19796.95730757,35288.29457031
1536,12983.68445892,11757.79908070,19796.95730757,35288.29457031
1537,12983.68445892,11757.79908070,19796.95730757,35288.29457031
1538,12983.68445892,11757.79908070,19796.95730757,30794.84899818
1539,12983.68445892,11757.79908070,19796.95730757,30794.84899818
1540,12983.68445892,11757.79908070,19796.95730757,30794.84899818
1541,14857.50415918,11757.79908070,24190.39864355,30794.84899818
1542,17654.32373910,14367.14958335,23039.86255009,28330.22576402
1543,13232.09519185,13683.82375646,23039.86255009,28330.22576402
1544,13232.09519185,13683.82375646,23039.86255009,24773.67777171
1545,15203.48477256,13683.82375646,23039.86255009,24773.67777171
1546,13874.00859667,13683.82375646,20180.60822937,24773.67777171
1547,13874.00859667,11985.65684620,20180.60822937,24086.75003677
1548,13874.00859667,11985.65684620,20180.60822937,24086.75003677
1549,21326.58250707,11985.65684620,20180.60822937,24086.75003677
1550,32668.24841343,11985.65684620,20180.60822937,24086.75003677
1551,79173.42925721,11985.65684620,20180.60822937,24086.75003677
1552,79173.42925721,11985.65684620,20180.60822937,22423.98323323
1553,79173.42925721,11985.65684620,20180.60822937,22423.98323323
1554,79173.42925721,11985.65684620,20180.60822937,22423.98323323
1555,79173.42925721,11985.65684620,20180.60822937,21853.48953918
1556,79173.42925721,11985.65684620,20180.60822937,21853.48953918
1557,79173.42925721,11985.65684620,20180.60822937,21853.48953918
1558,79173.42925721,11985.65684620,20180.60822937,21853.48953918
1559,79173.42925721,11985.65684620,20180.60822937,21853.48953918
1560,79173.42925721,11985.65684620,20180.60822937,21853.48953918
1561,79173.42925721,11985.65684620,20180.60822937,21853.48953918
1562,79173.42925721,11985.65684620,20180.60822937,21853.48953918
1563,79173.42925721,11985.65684620,20180.60822937,26703.32695536
1564,79173.42925721,11985.65684620,20180.60822937,25433.27175990
1565,106596.25348718,11985.65684620,20180.60822937,25433.27175990
1566,92362.03281372,11985.65684620,20180.60822937,25433.27175990
1567,92362.03281372,11985.65684620,20180.60822937,25433.27175990
1568,92362.03281372,11985.65684620,20180.60822937,22276.99458978
1569,92362.03281372,11985.65684620,20180.60822937,22276.99458978
1570,92362.03281372,11985.65684620,20180.60822937,22276.99458978
1571,92362.03281372,11985.65684620,20180.60822937,22276.99458978
1572,92362.03281372,11985.65684620,20180.60822937,22276.99458978
1573,92362.03281372,11985.65684620,20180.60822937,22276.99458978
1574,92362.03281372,11985.65684620,20180.60822937,22276.99458978
1575,83617.91942101,11985.65684620,20180.60822937,22276.99458978
1576,83617.91942101,11985.65684620,20180.60822937,22276.99458978
1577,83617.91942101,11985.65684620,20180.60822937,22276.99458978
1578,83617.91942101,11985.65684620,20180.60822937,22276.99458978
1579,83617.91942101,11985.65684620,20180.60822937,22276.99458978
1580,83617.91942101,11985.65684620,20180.60822937,22276.99458978
1581,83617.91942101,11985.65684620,20180.60822937,22276.99458978
1582,83617.91942101,11985.65684620,20180.60822937,22276.99458978
1583,83617.91942101,11985.65684620,18135.26624144,22276.99458978
1584,83617.91942101,10770.88834557,17175.02952406,22276.99458978
1585,83617.91942101,10200.58502990,20528.10523243,22276.99458978
1586,83617.91942101,12192.04209418,20528.10523243,22276.99458978
1587,79403.81880107,12192.04209418,20528.10523243,22276.99458978
1588,63996.30020634,12192.04209418,20105.57864688,22276.99458978
1589,63996.30020634,11941.09531372,44148.25328098,22276.99458978
1590,63996.30020634,26220.50872653,44148.25328098,22276.99458978
1591,63996.30020634,26220.50872653,44148.25328098,22276.99458978
1592,63996.30020634,26220.50872653,44148.25328098,22276.99458978
1593,74337.72499743,26220.50872653,44148.25328098,22276.99458978
1594,83518.67312180,26220.50872653,44148.25328098,22276.99458978
1595,83518.67312180,26220.50872653,44148.25328098,22276.99458978
1596,83518.67312180,26220.50872653,44148.25328098,22276.99458978
1597,83518.67312180,26220.50872653,44148.25328098,22276.99458978
1598,83518.67312180,26220.50872653,44148.25328098,22276.99458978
1599,83518.67312180,26220.50872653,44148.25328098,22276.99458978
1600,83518.67312180,26220.50872653,44148.25328098,22276.99458978
1601,83518.67312180,26220.50872653,44148.25328098,22276.99458978
1602,83518.67312180,26220.50872653,36100.70154974,22276.99458978
1603,83518.67312180,21440.91078744,36100.70154974,22276.99458978
1604,70939.42925810,21440.91078744,36100.70154974,22276.99458978
1605,63263.78301238,21440.91078744,36100.70154974,20019.17996489
1606,63263.78301238,21440.91078744,36100.70154974,18959.19267835
1607,63263.78301238,21440.91078744,36100.70154974,22660.59000817
1608,63263.78301238,21440.91078744,36100.70154974,22660.59000817
1609,63263.78301238,21440.91078744,36100.70154974,22660.59000817
1610,63263.78301238,21440.91078744,36100.70154974,22194.17084214
1611,63263.78301238,21440.91078744,36100.70154974,48734.42803657
1612,63263.78301238,21440.91078744,36100.70154974,48734.42803657
1613,63263.78301238,21440.91078744,36100.70154974,48734.42803657
1614,63263.78301238,21440.91078744,41310.79472254,48734.42803657
1615,63263.78301238,24535.28674460,49087.25827283,48734.42803657
1616,63263.78301238,29153.88012550,36791.39930659,48734.42803657
1617,63263.78301238,21851.12965716,36791.39930659,48734.42803657
1618,63263.78301238,21851.12965716,42272.78227741,48734.42803657
1619,59343.87091432,25106.62991682,38576.21811682,48734.42803657
1620,52846.45594695,22911.16836109,38576.21811682,48734.42803657
1621,52846.45594695,22911.16836109,38576.21811682,48734.42803657
1622,52846.45594695,22911.16836109,38576.21811682,48734.42803657
1623,52846.45594695,22911.16836109,52852.59747780,48734.42803657
1624,63741.55390660,31390.18852153,61682.41021577,39850.88675080
1625,63741.55390660,36634.38653037,94827.68072098,39850.88675080
1626,58313.55949014,56320.00917536,94827.68072098,39850.88675080
1627,58313.55949014,56320.00917536,94827.68072098,39850.88675080
1628,58313.55949014,56320.00917536,94827.68072098,39850.88675080
1629,52309.22388809,56320.00917536,94827.68072098,39850.88675080
1630,52309.22388809,56320.00917536,94827.68072098,39850.88675080
1631,52309.22388809,56320.00917536,94827.68072098,39850.88675080
1632,52309.22388809,56320.00917536,94827.68072098,39850.88675080
1633,52309.22388809,56320.00917536,94827.68072098,39850.88675080
1634,52309.22388809,56320.00917536,94827.68072098,39850.88675080
1635,52309.22388809,56320.00917536,94827.68072098,39850.88675080
1636,52309.22388809,56320.00917536,94827.68072098,45602.21079928
1637,52309.22388809,56320.00917536,94827.68072098,54186.50293103
1638,52309.22388809,56320.00917536,127672.57382394,40613.33503866
1639,52309.22388809,75827.23182235,110623.94847073,40613.33503866
1640,52309.22388809,65701.72069501,110623.94847073,46664.13080247
1641,52309.22388809,65701.72069501,110623.94847073,42583.56301827
1642,52309.22388809,65701.72069501,110623.94847073,42583.56301827
1643,52309.22388809,65701.72069501,110623.94847073,42583.56301827
1644,52309.22388809,65701.72069501,110623.94847073,42583.56301827
1645,52309.22388809,65701.72069501,110623.94847073,58342.99019566
1646,52309.22388809,65701.72069501,110623.94847073,68090.05472201
1647,52309.22388809,65701.72069501,110623.94847073,104678.49662271
1648,44805.65752008,65701.72069501,100150.94002874,104678.49662271
1649,53978.71063300,59481.59670736,100150.94002874,104678.49662271
1650,49051.85491979,59481.59670736,100150.94002874,104678.49662271
1651,49051.85491979,59481.59670736,100150.94002874,104678.49662271
1652,49051.85491979,59481.59670736,100150.94002874,104678.49662271
1653,49051.85491979,59481.59670736,100150.94002874,104678.49662271
1654,49051.85491979,59481.59670736,100150.94002874,104678.49662271
1655,49051.85491979,59481.59670736,100150.94002874,104678.49662271
1656,49051.85491979,59481.59670736,100150.94002874,104678.49662271
1657,49051.85491979,59481.59670736,100150.94002874,104678.49662271
1658,49051.85491979,59481.59670736,100150.94002874,104678.49662271
1659,49051.85491979,59481.59670736,100150.94002874,104678.49662271
1660,49051.85491979,59481.59670736,95103.62312125,140935.35754783
1661,49051.85491979,56483.89674908,76649.71418096,122115.70006080
1662,43627.73442231,45523.76028959,76649.71418096,122115.70006080
1663,43627.73442231,45523.76028959,76649.71418096,122115.70006080
1664,43627.73442231,45523.76028959,76649.71418096,122115.70006080
1665,31896.82552466,45523.76028959,76649.71418096,122115.70006080
1666,31896.82552466,45523.76028959,89035.85606580,122115.70006080
1667,31896.82552466,52880.13154425,100032.07064968,122115.70006080
1668,31896.82552466,59410.99786461,100032.07064968,122115.70006080
1669,31896.82552466,59410.99786461,100032.07064968,122115.70006080
1670,31896.82552466,59410.99786461,100032.07064968,110554.74264321
1671,31896.82552466,59410.99786461,100032.07064968,110554.74264321
1672,31896.82552466,59410.99786461,100032.07064968,110554.74264321
1673,31896.82552466,59410.99786461,100032.07064968,110554.74264321
1674,31896.82552466,59410.99786461,100032.07064968,110554.74264321
1675,31896.82552466,59410.99786461,100032.07064968,110554.74264321
1676,31896.82552466,59410.99786461,100032.07064968,110554.74264321
1677,31896.82552466,59410.99786461,84965.64581486,110554.74264321
1678,31896.82552466,50462.75428757,75772.36293770,110554.74264321
1679,31896.82552466,45002.68427366,75772.36293770,110554.74264321
1680,31896.82552466,45002.68427366,75772.36293770,110554.74264321
1681,31896.82552466,45002.68427366,75772.36293770,110554.74264321
1682,31896.82552466,45002.68427366,75772.36293770,104983.10425833
1683,31896.82552466,45002.68427366,75772.36293770,84612.18059979
1684,31896.82552466,45002.68427366,75772.36293770,84612.18059979
1685,31896.82552466,45002.68427366,75772.36293770,84612.18059979
1686,31896.82552466,45002.68427366,75772.36293770,84612.18059979
1687,31896.82552466,45002.68427366,75772.36293770,84612.18059979
1688,31896.82552466,45002.68427366,75772.36293770,98285.01011121
1689,31896.82552466,45002.68427366,75772.36293770,110423.52496710
1690,31896.82552466,45002.68427366,75772.36293770,110423.52496710
1691,31896.82552466,45002.68427366,75772.36293770,110423.52496710
1692,31896.82552466,45002.68427366,71077.40180772,110423.52496710
1693,31896.82552466,42214.25528428,63295.31130315,110423.52496710
1694,31896.82552466,37592.31994548,63295.31130315,110423.52496710
1695,31896.82552466,37592.31994548,63295.31130315,110423.52496710
1696,31717.76109042,37592.31994548,63295.31130315,110423.52496710
1697,31717.76109042,37592.31994548,63295.31130315,110423.52496710
1698,31717.76109042,37592.31994548,63295.31130315,110423.52496710
1699,31717.76109042,37592.31994548,63295.31130315,93791.98142205
1700,31717.76109042,37592.31994548,69093.00328498,83643.68903218
1701,31717.76109042,41035.68229632,68986.77741189,83643.68903218
1702,31717.76109042,40972.59267838,61883.45929331,83643.68903218
1703,31717.76109042,36753.79349894,61883.45929331,83643.68903218
1704,31717.76109042,36753.79349894,61883.45929331,83643.68903218
1705,31717.76109042,36753.79349894,61883.45929331,83643.68903218
1706,31717.76109042,36753.79349894,61883.45929331,83643.68903218
1707,31717.76109042,36753.79349894,61883.45929331,83643.68903218
1708,31717.76109042,36753.79349894,61883.45929331,83643.68903218
1709,31717.76109042,36753.79349894,61883.45929331,83643.68903218
1710,31717.76109042,36753.79349894,61883.45929331,83643.68903218
1711,31717.76109042,36753.79349894,61883.45929331,83643.68903218
1712,31717.76109042,36753.79349894,61883.45929331,83643.68903218
1713,31717.76109042,36753.79349894,61883.45929331,83643.68903218
1714,31717.76109042,36753.79349894,61883.45929331,78461.00957560
1715,31717.76109042,36753.79349894,61883.45929331,69870.50595465
1716,31717.76109042,36753.79349894,61883.45929331,69870.50595465
1717,31717.76109042,36753.79349894,61883.45929331,69870.50595465
1718,31717.76109042,36753.79349894,61883.45929331,69870.50595465
1719,31717.76109042,36753.79349894,61883.45929331,69870.50595465
1720,31717.76109042,36753.79349894,61883.45929331,79411.61621043
1721,31717.76109042,36753.79349894,53006.50396163,72649.21738306
1722,31717.76109042,31481.59658419,63858.51469158,72649.21738306
1723,31717.76109042,37926.81742304,58029.88921579,72649.21738306
1724,31717.76109042,34465.08306678,58029.88921579,65168.79111157
1725,31717.76109042,34465.08306678,58029.88921579,65168.79111157
1726,31717.76109042,34465.08306678,58029.88921579,65168.79111157
1727,31717.76109042,34465.08306678,58029.88921579,65168.79111157
1728,30321.87147199,34465.08306678,58029.88921579,65168.79111157
1729,30321.87147199,34465.08306678,58029.88921579,65168.79111157
1730,30321.87147199,34465.08306678,58029.88921579,65168.79111157
1731,30321.87147199,34465.08306678,58029.88921579,65168.79111157
1732,30321.87147199,34465.08306678,58029.88921579,65168.79111157
1733,30321.87147199,34465.08306678,58029.88921579,65168.79111157
1734,30321.87147199,34465.08306678,58029.88921579,65168.79111157
1735,30321.87147199,34465.08306678,51612.98383930,65168.79111157
1736,30321.87147199,30653.95780321,51612.98383930,65168.79111157
1737,30321.87147199,30653.95780321,51612.98383930,65168.79111157
1738,30321.87147199,30653.95780321,37734.94915856,65168.79111157
1739,30321.87147199,22411.52231799,37734.94915856,65168.79111157
1740,30321.87147199,22411.52231799,37734.94915856,65168.79111157
1741,30321.87147199,22411.52231799,37734.94915856,65168.79111157
1742,30321.87147199,22411.52231799,37734.94915856,65168.79111157
1743,30321.87147199,22411.52231799,37734.94915856,55820.56697666
1744,30321.87147199,22411.52231799,37734.94915856,67248.70025294
1745,30321.87147199,22411.52231799,37734.94915856,61110.63879941
1746,30321.87147199,22411.52231799,37734.94915856,61110.63879941
1747,30321.87147199,22411.52231799,37734.94915856,61110.63879941
1748,30321.87147199,22411.52231799,37734.94915856,61110.63879941
1749,30321.87147199,22411.52231799,37734.94915856,61110.63879941
1750,30321.87147199,22411.52231799,37734.94915856,61110.63879941
1751,30321.87147199,22411.52231799,37734.94915856,61110.63879941
1752,30321.87147199,22411.52231799,37734.94915856,61110.63879941
1753,30321.87147199,22411.52231799,37734.94915856,61110.63879941
1754,30321.87147199,22411.52231799,37734.94915856,61110.63879941
1755,30321.87147199,22411.52231799,37734.94915856,61110.63879941
1756,30321.87147199,22411.52231799,37734.94915856,61110.63879941
1757,30321.87147199,22411.52231799,37734.94915856,54353.06624548
1758,30321.87147199,22411.52231799,37734.94915856,54353.06624548
1759,30321.87147199,22411.52231799,37734.94915856,54353.06624548
1760,30321.87147199,22411.52231799,37734.94915856,39738.26039143
1761,30321.87147199,22411.52231799,37734.94915856,39738.26039143
1762,32170.75727846,22411.52231799,37734.94915856,39738.26039143
1763,32170.75727846,22411.52231799,37734.94915856,39738.26039143
1764,27706.04154205,22411.52231799,37734.94915856,39738.26039143
1765,27706.04154205,22411.52231799,37734.94915856,39738.26039143
1766,27706.04154205,22411.52231799,37734.94915856,39738.26039143
1767,27706.04154205,22411.52231799,37734.94915856,39738.26039143
1768,27706.04154205,22411.52231799,37734.94915856,39738.26039143
1769,27706.04154205,22411.52231799,37523.11029338,39738.26039143
1770,27706.04154205,22285.70708409,37523.11029338,39738.26039143
1771,27706.04154205,22285.70708409,37523.11029338,39738.26039143
1772,27706.04154205,22285.70708409,37523.11029338,39738.26039143
1773,27706.04154205,22285.70708409,37523.11029338,39738.26039143
1774,27706.04154205,22285.70708409,37523.11029338,39738.26039143
1775,27706.04154205,22285.70708409,37523.11029338,39738.26039143
1776,27706.04154205,22285.70708409,37523.11029338,39738.26039143
1777,25498.96295220,22285.70708409,37523.11029338,39738.26039143
1778,25498.96295220,22285.70708409,37523.11029338,39738.26039143
1779,25498.96295220,22285.70708409,37523.11029338,39738.26039143
1780,25335.28948045,22285.70708409,37523.11029338,39738.26039143
1781,25335.28948045,22285.70708409,37523.11029338,39738.26039143
1782,25335.28948045,22285.70708409,37523.11029338,39738.26039143
1783,25335.28948045,22285.70708409,37523.11029338,39738.26039143
1784,25335.28948045,22285.70708409,37523.11029338,39738.26039143
1785,25335.28948045,22285.70708409,37523.11029338,39738.26039143
1786,25335.28948045,22285.70708409,37523.11029338,39738.26039143
1787,25335.28948045,22285.70708409,37523.11029338,39738.26039143
1788,25335.28948045,22285.70708409,37523.11029338,39738.26039143
1789,25335.28948045,22285.70708409,37523.11029338,39738.26039143
1790,25335.28948045,22285.70708409,37523.11029338,39738.26039143
1791,25335.28948045,22285.70708409,37523.11029338,39515.17520983
1792,25335.28948045,22285.70708409,37523.11029338,39515.17520983
1793,25335.28948045,22285.70708409,37523.11029338,39515.17520983
1794,25335.28948045,22285.70708409,37523.11029338,39515.17520983
1795,25335.28948045,22285.70708409,37523.11029338,39515.17520983
1796,25335.28948045,22285.70708409,37523.11029338,39515.17520983
1797,23225.75444837,22285.70708409,37523.11029338,39515.17520983
1798,23225.75444837,22285.70708409,37523.11029338,39515.17520983
1799,23225.75444837,22285.70708409,37523.11029338,39515.17520983
1800,23225.75444837,22285.70708409,37523.11029338,39515.17520983
1801,23225.75444837,22285.70708409,35871.72891244,39515.17520983
1802,23225.75444837,21304.91947208,35871.72891244,39515.17520983
1803,31648.99611210,21304.91947208,35871.72891244,39515.17520983
1804,30806.10511286,21304.91947208,35871.72891244,39515.17520983
1805,28360.42050761,21304.91947208,35871.72891244,39515.17520983
1806,28360.42050761,21304.91947208,35871.72891244,39515.17520983
1807,28360.42050761,21304.91947208,35871.72891244,39515.17520983
1808,28360.42050761,21304.91947208,35871.72891244,39515.17520983
1809,28360.42050761,21304.91947208,35871.72891244,39515.17520983
1810,28492.59427681,21304.91947208,35871.72891244,39515.17520983
1811,22837.96211879,21304.91947208,35871.72891244,39515.17520983
1812,22837.96211879,21304.91947208,35871.72891244,39515.17520983
1813,22837.96211879,21304.91947208,35871.72891244,39515.17520983
1814,19326.35697169,21304.91947208,35871.72891244,39515.17520983
1815,19326.35697169,21304.91947208,35871.72891244,39515.17520983
1816,19326.35697169,21304.91947208,35871.72891244,39515.17520983
1817,19326.35697169,21304.91947208,35871.72891244,39515.17520983
1818,19326.35697169,21304.91947208,35871.72891244,39515.17520983
1819,19326.35697169,21304.91947208,35871.72891244,39515.17520983
1820,19326.35697169,21304.91947208,35871.72891244,39515.17520983
1821,19326.35697169,21304.91947208,35871.72891244,39515.17520983
1822,19326.35697169,21304.91947208,35871.72891244,39515.17520983
1823,19326.35697169,21304.91947208,35871.72891244,37776.12362014
1824,19326.35697169,21304.91947208,35871.72891244,37776.12362014
1825,19326.35697169,21304.91947208,35871.72891244,37776.12362014
1826,19326.35697169,21304.91947208,35871.72891244,37776.12362014
1827,19326.35697169,21304.91947208,35871.72891244,37776.12362014
1828,19326.35697169,21304.91947208,35871.72891244,37776.12362014
1829,19326.35697169,21304.91947208,35871.72891244,37776.12362014
1830,19326.35697169,21304.91947208,35871.72891244,37776.12362014
1831,17588.67266004,21304.91947208,35871.72891244,37776.12362014
1832,17588.67266004,21304.91947208,35871.72891244,37776.12362014
1833,17588.67266004,21304.91947208,35871.72891244,37776.12362014
1834,17588.67266004,21304.91947208,35871.72891244,37776.12362014
1835,17588.67266004,21304.91947208,38059.01905055,37776.12362014
1836,17588.67266004,22603.99374777,38059.01905055,37776.12362014
1837,17588.67266004,22603.99374777,32777.11972203,37776.12362014
1838,17588.67266004,19466.97071415,32777.11972203,37776.12362014
1839,17588.67266004,19466.97071415,32777.11972203,37776.12362014
1840,17588.67266004,19466.97071415,32777.11972203,37776.12362014
1841,17588.67266004,19466.97071415,32777.11972203,37776.12362014
1842,17588.67266004,19466.97071415,32777.11972203,37776.12362014
1843,17588.67266004,19466.97071415,32777.11972203,37776.12362014
1844,17588.67266004,19466.97071415,32777.11972203,37776.12362014
1845,17588.67266004,19466.97071415,32777.11972203,37776.12362014
1846,17588.67266004,19466.97071415,32777.11972203,37776.12362014
1847,17588.67266004,19466.97071415,32777.11972203,37776.12362014
1848,17588.67266004,19466.97071415,32777.11972203,37776.12362014
1849,17588.67266004,19466.97071415,32777.11972203,37776.12362014
1850,16483.58088037,19466.97071415,30166.07624020,37776.12362014
1851,16483.58088037,17916.22106241,30166.07624020,37776.12362014
1852,16483.58088037,17916.22106241,30166.07624020,37776.12362014
1853,16483.58088037,17916.22106241,29972.44536837,37776.12362014
1854,16483.58088037,17801.21991090,29972.44536837,37776.12362014
1855,16483.58088037,17801.21991090,29972.44536837,37776.12362014
1856,16483.58088037,17801.21991090,29972.44536837,37776.12362014
1857,18031.12736860,17801.21991090,29972.44536837,40079.53483436
1858,16309.70905995,17801.21991090,29972.44536837,40079.53483436
1859,13366.36570437,17801.21991090,29972.44536837,34517.22468001
1860,13366.36570437,17801.21991090,29972.44536837,34517.22468001
1861,13366.36570437,17801.21991090,29972.44536837,34517.22468001
1862,13366.36570437,17801.21991090,29972.44536837,34517.22468001
1863,13366.36570437,17801.21991090,29972.44536837,34517.22468001
1864,13366.36570437,17801.21991090,29972.44536837,34517.22468001
1865,13366.36570437,17801.21991090,29972.44536837,34517.22468001
1866,13366.36570437,17801.21991090,29972.44536837,34517.22468001
1867,13366.36570437,17801.21991090,29972.44536837,34517.22468001
1868,13366.36570437,17801.21991090,29972.44536837,34517.22468001
1869,13366.36570437,17801.21991090,29972.44536837,34517.22468001
1870,13366.36570437,17801.21991090,27476.79898744,34517.22468001
1871,13366.36570437,16319.00684817,27476.79898744,34517.22468001
1872,15169.10367724,16319.00684817,27476.79898744,31767.56347501
1873,15169.10367724,16319.00684817,27476.79898744,31767.56347501
1874,15169.10367724,16319.00684817,27476.79898744,31767.56347501
1875,15169.10367724,16319.00684817,27476.79898744,31563.65293117
1876,15169.10367724,16319.00684817,37441.75915834,31563.65293117
1877,15169.10367724,22237.39105825,36444.59256012,31563.65293117
1878,21021.01310868,21645.15436603,33551.27064739,31563.65293117
1879,17209.49984843,19926.75404838,33551.27064739,31563.65293117
1880,17209.49984843,19926.75404838,33551.27064739,31563.65293117
1881,17209.49984843,19926.75404838,33551.27064739,31563.65293117
1882,17209.49984843,19926.75404838,33551.27064739,31563.65293117
1883,17209.49984843,19926.75404838,33707.63637904,31563.65293117
1884,17209.49984843,20019.62270630,27018.02844837,31563.65293117
1885,17209.49984843,16046.53407679,27018.02844837,31563.65293117
1886,17209.49984843,16046.53407679,27018.02844837,31563.65293117
1887,17209.49984843,16046.53407679,22863.68896438,31563.65293117
1888,17209.49984843,13579.19082768,22863.68896438,31563.65293117
1889,17209.49984843,13579.19082768,22863.68896438,31563.65293117
1890,17209.49984843,13579.19082768,22863.68896438,31563.65293117
1891,16632.17923477,13579.19082768,22863.68896438,31563.65293117
1892,16632.17923477,13579.19082768,22863.68896438,28935.51514533
1893,20404.76884362,13579.19082768,22863.68896438,28935.51514533
1894,22744.89411200,13579.19082768,22863.68896438,28935.51514533
1895,20976.56782226,13579.19082768,22863.68896438,28935.51514533
1896,20976.56782226,13579.19082768,22863.68896438,28935.51514533
1897,20976.56782226,13579.19082768,22863.68896438,28935.51514533
1898,20976.56782226,13579.19082768,22863.68896438,39429.50522327
1899,20976.56782226,13579.19082768,22863.68896438,38379.40003385
1900,24828.50514486,13579.19082768,22863.68896438,35332.47451446
1901,24828.50514486,13579.19082768,22863.68896438,35332.47451446
1902,23049.47503647,13579.19082768,22863.68896438,35332.47451446
1903,22584.35878932,13579.19082768,22863.68896438,35332.47451446
1904,22584.35878932,13579.19082768,20807.95369684,35332.47451446
1905,22584.35878932,12358.24955558,20807.95369684,35497.14154858
1906,22584.35878932,12358.24955558,20807.95369684,28452.38893083
1907,22584.35878932,12358.24955558,20807.95369684,28452.38893083
1908,22584.35878932,12358.24955558,20807.95369684,28452.38893083
1909,22584.35878932,12358.24955558,20807.95369684,24077.49966105
1910,22584.35878932,12358.24955558,20807.95369684,24077.49966105
1911,22584.35878932,12358.24955558,20807.95369684,24077.49966105
1912,22584.35878932,12358.24955558,20807.95369684,24077.49966105
1913,22584.35878932,12358.24955558,20807.95369684,24077.49966105
1914,22584.35878932,12358.24955558,20807.95369684,24077.49966105
1915,22584.35878932,12358.24955558,20807.95369684,24077.49966105
1916,22584.35878932,12358.24955558,20807.95369684,24077.49966105
1917,23132.73411307,12358.24955558,20807.95369684,24077.49966105
1918,28433.19360262,12358.24955558,20807.95369684,24077.49966105
1919,28433.19360262,12358.24955558,20807.95369684,24077.49966105
1920,28433.19360262,12358.24955558,20807.95369684,24077.49966105
1921,28433.19360262,12358.24955558,20807.95369684,24077.49966105
1922,28433.19360262,12358.24955558,20807.95369684,24077.49966105
1923,28433.19360262,12358.24955558,19500.59531758,24077.49966105
1924,28433.19360262,11581.78391437,19500.59531758,24077.49966105
1925,28433.19360262,11581.78391437,19500.59531758,24077.49966105
1926,28433.19360262,11581.78391437,19500.59531758,21912.62743574
1927,28433.19360262,11581.78391437,19500.59531758,21912.62743574
1928,30654.28972085,11581.78391437,19500.59531758,21912.62743574
1929,30654.28972085,11581.78391437,19500.59531758,21912.62743574
1930,41622.33977968,11581.78391437,21331.39155180,21912.62743574
1931,41622.33977968,12669.12950719,19294.89947808,21912.62743574
1932,41622.33977968,11459.61714323,15812.83159038,21912.62743574
1933,41622.33977968,9391.54910768,15812.83159038,21912.62743574
1934,41622.33977968,9391.54910768,15812.83159038,21912.62743574
1935,41622.33977968,9391.54910768,15812.83159038,21912.62743574
1936,37141.42137746,9391.54910768,15812.83159038,21912.62743574
1937,37141.42137746,9391.54910768,15812.83159038,21912.62743574
1938,37141.42137746,9391.54910768,15812.83159038,21912.62743574
1939,37141.42137746,9391.54910768,15812.83159038,21912.62743574
1940,37141.42137746,9391.54910768,15812.83159038,21912.62743574
1941,37141.42137746,9391.54910768,15812.83159038,21912.62743574
1942,37141.42137746,9391.54910768,15812.83159038,21912.62743574
1943,37141.42137746,9391.54910768,15812.83159038,21912.62743574
1944,43108.36209228,9391.54910768,15812.83159038,21912.62743574
1945,35153.95111996,9391.54910768,17945.52738795,20535.86268957
1946,35153.95111996,10658.19873967,17945.52738795,20535.86268957
1947,35153.95111996,10658.19873967,17945.52738795,20535.86268957
1948,35153.95111996,10658.19873967,17945.52738795,20535.86268957
1949,35153.95111996,10658.19873967,17945.52738795,20535.86268957
1950,35153.95111996,10658.19873967,17945.52738795,20535.86268957
1951,35153.95111996,10658.19873967,17945.52738795,20535.86268957
1952,35153.95111996,10658.19873967,17945.52738795,22463.85409014
1953,36842.93786437,10658.19873967,17945.52738795,20319.24666083
1954,36842.93786437,10658.19873967,17945.52738795,16652.31922333
1955,36842.93786437,12827.09606338,17945.52738795,16652.31922333
1956,36842.93786437,12827.09606338,17945.52738795,16652.31922333
1957,36842.93786437,12827.09606338,17945.52738795,16652.31922333
1958,36842.93786437,12827.09606338,17945.52738795,16652.31922333
1959,36842.93786437,12827.09606338,17945.52738795,16652.31922333
1960,36842.93786437,12827.09606338,17939.84907702,16652.31922333
1961,36842.93786437,12827.09606338,17939.84907702,16652.31922333
1962,36842.93786437,12827.09606338,17939.84907702,16652.31922333
1963,36842.93786437,12827.09606338,17939.84907702,16652.31922333
1964,36842.93786437,12827.09606338,17939.84907702,16652.31922333
1965,36719.82726181,12827.09606338,17939.84907702,16652.31922333
1966,36719.82726181,12827.09606338,17939.84907702,16652.31922333
1967,36719.82726181,12827.09606338,17939.84907702,18898.23773732
1968,36719.82726181,12827.09606338,17939.84907702,18898.23773732
1969,36719.82726181,12827.09606338,17939.84907702,18898.23773732
1970,36719.82726181,12827.09606338,17939.84907702,18898.23773732
1971,36719.82726181,12827.09606338,17939.84907702,18898.23773732
1972,36719.82726181,12827.09606338,17939.84907702,18898.23773732
1973,36719.82726181,12018.98662406,17939.84907702,18898.23773732
1974,36719.82726181,14745.19005218,16347.18012276,18898.23773732
1975,36719.82726181,16436.24531934,20055.12488422,18898.23773732
1976,36719.82726181,16436.24531934,22355.15116052,18898.23773732
1977,36719.82726181,16436.24531934,22355.15116052,18898.23773732
1978,36719.82726181,16436.24531934,22355.15116052,18898.23773732
1979,36719.82726181,14705.27622329,22355.15116052,18898.23773732
1980,36719.82726181,14705.27622329,20000.83756611,18898.23773732
1981,36719.82726181,14705.27622329,20000.83756611,18898.23773732
1982,36719.82726181,14705.27622329,20000.83756611,18892.25797046
1983,36719.82726181,14705.27622329,20000.83756611,18892.25797046
1984,36719.82726181,17405.61322806,20000.83756611,18892.25797046
1985,36719.82726181,17405.61322806,23673.60106855,18892.25797046
1986,36719.82726181,16158.45356996,23673.60106855,18892.25797046
1987,36719.82726181,15832.39151118,21977.32298700,18892.25797046
1988,36719.82726181,15832.39151118,21533.84173747,18892.25797046
1989,36719.82726181,15832.39151118,21533.84173747,18892.25797046
1990,36719.82726181,15832.39151118,21533.84173747,18892.25797046
1991,36719.82726181,15832.39151118,21533.84173747,18892.25797046
1992,36719.82726181,15832.39151118,21533.84173747,18892.25797046
1993,36719.82726181,15832.39151118,21533.84173747,18892.25797046
1994,36719.82726181,15832.39151118,21533.84173747,18892.25797046
1995,36719.82726181,15832.39151118,21533.84173747,18892.25797046
1996,36719.82726181,15832.39151118,21533.84173747,21393.09146611
1997,36719.82726181,15832.39151118,21533.84173747,21393.09146611
1998,32209.25016284,15832.39151118,21533.84173747,21393.09146611
1999,32209.25016284,15832.39151118,21533.84173747,21393.09146611
2000,32209.25016284,15832.39151118,21533.84173747,22671.60039630
2001,29571.64227549,16216.82096971,21533.84173747,22671.60039630
2002,29571.64227549,19932.62050205,22056.70924700,22671.60039630
2003,37376.46142374,19932.62050205,27110.61654844,22671.60039630
2004,37376.46142374,19932.62050205,27110.61654844,22671.60039630
2005,40116.53189999,19932.62050205,27110.61654844,20365.32328913
2006,40116.53189999,19932.62050205,27110.61654844,20365.32328913
2007,40116.53189999,19932.62050205,27110.61654844,20365.32328913
2008,40116.53189999,19932.62050205,27110.61654844,20365.32328913
2009,36922.48703957,19932.62050205,27110.61654844,20365.32328913
2010,31006.35525400,19932.62050205,27110.61654844,20365.32328913
2011,31006.35525400,19932.62050205,27110.61654844,20365.32328913
2012,31006.35525400,21489.68323099,27110.61654844,20365.32328913
2013,31006.35525400,21489.68323099,29228.39782972,20365.32328913
2014,31006.35525400,29178.65347210,29228.39782972,20365.32328913
2015,31006.35525400,29178.65347210,39686.26631909,20365.32328913
2016,31006.35525400,29178.65347210,39686.26631909,20365.32328913
2017,31006.35525400,29178.65347210,39686.26631909,24105.01748166
2018,31006.35525400,29178.65347210,39686.26631909,24105.01748166
2019,31006.35525400,29178.65347210,39686.26631909,22377.82723750
2020,31006.35525400,26037.37967569,39686.26631909,21926.26419724
2021,31006.35525400,26037.37967569,35413.77894798,21926.26419724
2022,31006.35525400,26037.37967569,35413.77894798,21926.26419724
2023,31006.35525400,26037.37967569,35413.77894798,21926.26419724
2024,31006.35525400,26037.37967569,35413.77894798,21926.26419724
2025,31006.35525400,26037.37967569,35413.77894798,21926.26419724
2026,31006.35525400,26037.37967569,35413.77894798,21926.26419724
2027,31006.35525400,26037.37967569,35413.77894798,21926.26419724
2028,31006.35525400,30220.40485707,35413.77894798,21926.26419724
2029,31006.35525400,24644.09649563,41103.16593517,21926.26419724
2030,31006.35525400,24644.09649563,33518.75636257,21926.26419724
2031,31006.35525400,24644.09649563,33518.75636257,21926.26419724
2032,31006.35525400,24644.09649563,33518.75636257,21926.26419724
2033,31006.35525400,24644.09649563,33518.75636257,21926.26419724
2034,31006.35525400,24644.09649563,33518.75636257,22458.66019484
2035,31006.35525400,24644.09649563,33518.75636257,27604.66749212
2036,31006.35525400,24644.09649563,33518.75636257,27604.66749212
2037,31006.35525400,24644.09649563,33518.75636257,27604.66749212
2038,31006.35525400,24644.09649563,33518.75636257,27604.66749212
2039,31006.35525400,24897.62167856,33518.75636257,27604.66749212
2040,31006.35525400,24897.62167856,33863.57926325,27604.66749212
2041,31006.35525400,24897.62167856,33863.57926325,27604.66749212
2042,31006.35525400,24897.62167856,33863.57926325,27604.66749212
2043,31006.35525400,24897.62167856,33863.57926325,27604.66749212
2044,31006.35525400,24897.62167856,33863.57926325,27604.66749212
2045,31006.35525400,24897.62167856,33863.57926325,29761.04220925
2046,31006.35525400,24897.62167856,33863.57926325,29761.04220925
2047,39886.58272831,24897.62167856,33863.57926325,40409.48990537
2048,36375.41582946,24897.62167856,33863.57926325,40409.48990537
2049,36375.41582946,24814.42632594,33863.57926325,40409.48990537
2050,36375.41582946,24814.42632594,33750.42418145,40409.48990537
2051,51130.97083904,24814.42632594,33750.42418145,40409.48990537
2052,51130.97083904,24814.42632594,33750.42418145,40409.48990537
2053,44712.04028773,24814.42632594,33750.42418145,36059.14276247
2054,44712.04028773,24814.42632594,33750.42418145,36059.14276247
2055,44712.04028773,24814.42632594,33750.42418145,36059.14276247
2056,44712.04028773,24814.42632594,33750.42418145,36059.14276247
2057,44712.04028773,24814.42632594,33750.42418145,36059.14276247
2058,44712.04028773,24814.42632594,33750.42418145,36059.14276247
2059,44712.04028773,24814.42632594,33750.42418145,36059.14276247
2060,44712.04028773,24814.42632594,33750.42418145,36059.14276247
2061,44712.04028773,24814.42632594,33750.42418145,41852.21042416
2062,44712.04028773,24814.42632594,33750.42418145,34129.58618942
2063,44712.04028773,24814.42632594,33750.42418145,34129.58618942
2064,44712.04028773,24814.42632594,33750.42418145,34129.58618942
2065,44712.04028773,24814.42632594,33750.42418145,34129.58618942
2066,44712.04028773,24814.42632594,33750.42418145,34129.58618942
2067,44712.04028773,24814.42632594,33750.42418145,34129.58618942
2068,44712.04028773,24814.42632594,33750.42418145,34129.58618942
2069,44712.04028773,24814.42632594,33750.42418145,34129.58618942
2070,44712.04028773,24814.42632594,33750.42418145,34129.58618942
2071,44712.04028773,24814.42632594,33750.42418145,34129.58618942
2072,44712.04028773,24814.42632594,33750.42418145,34129.58618942
2073,44712.04028773,24814.42632594,33750.42418145,34129.58618942
2074,44712.04028773,24814.42632594,33750.42418145,34129.58618942
2075,44712.04028773,24814.42632594,33750.42418145,34129.58618942
2076,44712.04028773,24814.42632594,33750.42418145,34129.58618942
2077,44712.04028773,24814.42632594,33750.42418145,34129.58618942
2078,44712.04028773,24814.42632594,33750.42418145,33710.65991333
2079,44712.04028773,24814.42632594,33750.42418145,33710.65991333
2080,44712.04028773,24814.42632594,33750.42418145,33710.65991333
2081,44712.04028773,24814.42632594,33750.42418145,33710.65991333
2082,44712.04028773,21766.28063855,33750.42418145,33598.01581123
2083,43574.51102866,23713.97192937,29604.60156338,33598.01581123
2084,43574.51102866,23713.97192937,32253.68183533,33598.01581123
2085,43574.51102866,29972.78097593,32253.68183533,33598.01581123
2086,49299.18798451,29972.78097593,40766.36947185,33598.01581123
2087,51191.41566561,32170.08722470,40766.36947185,33598.01581123
2088,51191.41566561,32170.08722470,43754.95429659,33598.01581123
2089,51191.41566561,32170.08722470,43754.95429659,33598.01581123
2090,51191.41566561,32170.08722470,43754.95429659,33598.01581123
2091,51191.41566561,29608.73167145,43754.95429659,33598.01581123
2092,51191.41566561,24864.49116608,40271.22127507,33598.01581123
2093,51191.41566561,24864.49116608,33818.51802206,33598.01581123
2094,51191.41566561,24864.49116608,33818.51802206,33598.01581123
2095,51191.41566561,24864.49116608,33818.51802206,33598.01581123
2096,44838.54458805,24864.49116608,33818.51802206,33598.01581123
2097,44838.54458805,24864.49116608,33818.51802206,33598.01581123
2098,44838.54458805,24864.49116608,33818.51802206,33598.01581123
2099,44838.54458805,24864.49116608,33818.51802206,33598.01581123
2100,44838.54458805,24864.49116608,33818.51802206,33598.01581123
2101,44838.54458805,24864.49116608,33818.51802206,33598.01581123
2102,44838.54458805,24864.49116608,33818.51802206,33598.01581123
2103,44838.54458805,24864.49116608,33818.51802206,33598.01581123
2104,44838.54458805,24864.49116608,33818.51802206,33598.01581123
2105,44838.54458805,24864.49116608,33818.51802206,33598.01581123
2106,44838.54458805,24864.49116608,33818.51802206,33598.01581123
2107,44838.54458805,24864.49116608,33818.51802206,33598.01581123
2108,44838.54458805,24864.49116608,33818.51802206,33598.01581123
2109,44838.54458805,24864.49116608,33818.51802206,33598.01581123
2110,44838.54458805,24864.49116608,33818.51802206,33598.01581123
2111,44838.54458805,24864.49116608,33818.51802206,33598.01581123
2112,44838.54458805,24864.49116608,33818.51802206,33598.01581123
2113,44838.54458805,24864.49116608,33818.51802206,33598.01581123
2114,44838.54458805,24864.49116608,33818.51802206,33598.01581123
2115,44838.54458805,24864.49116608,33818.51802206,29470.91467841
2116,44838.54458805,24864.49116608,33818.51802206,32108.03237458
2117,44838.54458805,24864.49116608,33818.51802206,32108.03237458
2118,44838.54458805,24864.49116608,33818.51802206,40582.27886909
2119,44838.54458805,24864.49116608,33818.51802206,40582.27886909
2120,44838.54458805,24864.49116608,33818.51802206,43557.36800146
2121,44838.54458805,24864.49116608,33818.51802206,43557.36800146
2122,44838.54458805,24864.49116608,33818.51802206,43557.36800146
2123,44838.54458805,24864.49116608,33818.51802206,43557.36800146
2124,44838.54458805,24864.49116608,33818.51802206,40089.36663620
2125,44838.54458805,24864.49116608,33818.51802206,33665.80215730
2126,44838.54458805,24864.49116608,33818.51802206,33665.80215730
2127,44838.54458805,24864.49116608,33818.51802206,33665.80215730
2128,44838.54458805,24864.49116608,33818.51802206,33665.80215730
2129,44838.54458805,31985.68731374,33818.51802206,33665.80215730
2130,44838.54458805,29170.02653634,43504.14957791,33665.80215730
2131,44838.54458805,29170.02653634,39674.53271149,33665.80215730
2132,44838.54458805,29170.02653634,39674.53271149,33665.80215730
2133,42245.73463981,41002.74160977,39674.53271149,33665.80215730
2134,39786.47190064,41002.74160977,55768.36247410,33665.80215730
2135,47553.97251918,35855.29874906,55768.36247410,33665.80215730
2136,47553.97251918,35855.29874906,48767.25845031,33665.80215730
2137,47553.97251918,35855.29874906,48767.25845031,33665.80215730
2138,46575.17698932,35855.29874906,48767.25845031,33665.80215730
2139,102270.75511951,35855.29874906,48767.25845031,33665.80215730
2140,102270.75511951,35855.29874906,48767.25845031,33665.80215730
2141,102270.75511951,35855.29874906,48767.25845031,33665.80215730
2142,102270.75511951,35855.29874906,48767.25845031,33665.80215730
2143,102270.75511951,35855.29874906,48767.25845031,33665.80215730
2144,102270.75511951,35855.29874906,48767.25845031,33665.80215730
2145,102270.75511951,35855.29874906,48767.25845031,33665.80215730
2146,102270.75511951,35855.29874906,48767.25845031,33665.80215730
2147,102270.75511951,35855.29874906,48767.25845031,33665.80215730
2148,102270.75511951,35855.29874906,48767.25845031,33665.80215730
2149,102270.75511951,35855.29874906,48767.25845031,33665.80215730
2150,102270.75511951,35855.29874906,48767.25845031,33665.80215730
2151,102270.75511951,35855.29874906,48767.25845031,33665.80215730
2152,102270.75511951,35855.29874906,48767.25845031,33665.80215730
2153,102270.75511951,35855.29874906,48767.25845031,33665.80215730
2154,102270.75511951,35855.29874906,48767.25845031,33665.80215730
2155,102270.75511951,35855.29874906,48767.25845031,33665.80215730
2156,102270.75511951,35855.29874906,48767.25845031,33665.80215730
2157,102270.75511951,35855.29874906,48767.25845031,33665.80215730
2158,102270.75511951,35855.29874906,48767.25845031,33665.80215730
2159,102270.75511951,35855.29874906,48767.25845031,33665.80215730
2160,102270.75511951,35855.29874906,48767.25845031,33665.80215730
2161,102270.75511951,35855.29874906,48767.25845031,33665.80215730
2162,102270.75511951,35855.29874906,48767.25845031,43307.69585338
2163,102270.75511951,35855.29874906,48767.25845031,39495.37256710
2164,102270.75511951,35855.29874906,48767.25845031,39495.37256710
2165,102270.75511951,34943.09588028,48767.25845031,39495.37256710
2166,102270.75511951,34943.09588028,47526.55945705,55516.52666935
2167,102270.75511951,34943.09588028,47526.55945705,55516.52666935
2168,102270.75511951,39533.80570190,47526.55945705,48547.03785870
2169,102270.75511951,41051.21328095,53770.44362905,48547.03785870
2170,102270.75511951,41051.21328095,55834.28942488,48547.03785870
2171,102270.75511951,41051.21328095,55834.28942488,48547.03785870
2172,102270.75511951,41051.21328095,55834.28942488,48547.03785870
2173,117030.58360346,41051.21328095,55834.28942488,48547.03785870
2174,139060.75934261,41051.21328095,55834.28942488,48547.03785870
2175,104227.45341400,41051.21328095,55834.28942488,48547.03785870
2176,104227.45341400,41051.21328095,55834.28942488,48547.03785870
2177,119755.82686547,41051.21328095,55834.28942488,48547.03785870
2178,119755.82686547,35956.74456661,55834.28942488,48547.03785870
2179,119755.82686547,35956.74456661,48905.23622697,48547.03785870
2180,119755.82686547,35956.74456661,48905.23622697,48547.03785870
2181,119755.82686547,35956.74456661,48905.23622697,48547.03785870
2182,109666.62371014,35956.74456661,48905.23622697,48547.03785870
2183,168575.23782903,35956.74456661,48905.23622697,48547.03785870
2184,258225.04585183,35956.74456661,48905.23622697,48547.03785870
2185,249446.20377577,35956.74456661,48905.23622697,48547.03785870
2186,249446.20377577,35956.74456661,48905.23622697,48547.03785870
2187,300291.66303978,35956.74456661,48905.23622697,48547.03785870
2188,300291.66303978,35956.74456661,48905.23622697,48547.03785870
2189,371738.29183856,35956.74456661,48905.23622697,48547.03785870
2190,371738.29183856,35956.74456661,48905.23622697,48547.03785870
2191,371738.29183856,35956.74456661,48905.23622697,48547.03785870
2192,371738.29183856,35956.74456661,48905.23622697,48547.03785870
2193,371738.29183856,35956.74456661,48905.23622697,48547.03785870
2194,371738.29183856,35956.74456661,48905.23622697,48547.03785870
2195,371738.29183856,35956.74456661,48905.23622697,48547.03785870
2196,371738.29183856,35956.74456661,48905.23622697,48547.03785870
2197,371738.29183856,35956.74456661,48905.23622697,48547.03785870
2198,371738.29183856,35956.74456661,48905.23622697,47311.94154795
2199,371738.29183856,35956.74456661,48905.23622697,47311.94154795
2200,371738.29183856,35956.74456661,48905.23622697,47311.94154795
2201,371738.29183856,35956.74456661,48905.23622697,53527.62991994
2202,371738.29183856,35956.74456661,48905.23622697,55582.15591071
2203,371738.29183856,35956.74456661,48905.23622697,55582.15591071
2204,371738.29183856,35956.74456661,48905.23622697,55582.15591071
2205,371738.29183856,35956.74456661,48905.23622697,55582.15591071
2206,371738.29183856,35956.74456661,48905.23622697,55582.15591071
2207,336545.02381248,35956.74456661,48905.23622697,55582.15591071
2208,336545.02381248,35956.74456661,48905.23622697,55582.15591071
2209,336545.02381248,35956.74456661,48905.23622697,55582.15591071
2210,336545.02381248,35956.74456661,48905.23622697,55582.15591071
2211,336545.02381248,35956.74456661,48905.23622697,48684.39256265
2212,336545.02381248,35956.74456661,48905.23622697,48684.39256265
2213,336545.02381248,35956.74456661,48905.23622697,48684.39256265
2214,336545.02381248,35956.74456661,48905.23622697,48684.39256265
2215,415985.07402059,33877.52888565,48905.23622697,48684.39256265
2216,454736.92535773,31905.40684318,46077.26792034,48684.39256265
2217,630587.42723970,38134.28956513,43394.95906513,48684.39256265
2218,630587.42723970,38134.28956513,51866.94351809,48684.39256265
2219,457785.65856316,38134.28956513,51866.94351809,48684.39256265
2220,457785.65856316,37349.37780733,51866.94351809,48684.39256265
2221,457785.65856316,37349.37780733,50799.37482143,48684.39256265
2222,457785.65856316,37349.37780733,111546.33773647,48684.39256265
2223,457785.65856316,77474.30724300,111546.33773647,48684.39256265
2224,457785.65856316,77474.30724300,111546.33773647,48684.39256265
2225,457785.65856316,77474.30724300,111546.33773647,48684.39256265
2226,457785.65856316,77474.30724300,111546.33773647,48684.39256265
2227,457785.65856316,77474.30724300,111546.33773647,48684.39256265
2228,457785.65856316,77474.30724300,111546.33773647,48684.39256265
2229,457785.65856316,77474.30724300,111546.33773647,48684.39256265
2230,457785.65856316,77474.30724300,111546.33773647,48684.39256265
2231,457785.65856316,77474.30724300,111546.33773647,48684.39256265
2232,457785.65856316,77474.30724300,111546.33773647,48684.39256265
2233,457785.65856316,77474.30724300,111546.33773647,48684.39256265
2234,457785.65856316,77474.30724300,111546.33773647,48684.39256265
2235,457785.65856316,77474.30724300,111546.33773647,48684.39256265
2236,457785.65856316,77474.30724300,111546.33773647,48684.39256265
2237,457785.65856316,77474.30724300,111546.33773647,48684.39256265
2238,388835.83906624,77474.30724300,111546.33773647,48684.39256265
2239,388835.83906624,77474.30724300,111546.33773647,48684.39256265
2240,388835.83906624,77474.30724300,111546.33773647,48684.39256265
2241,388835.83906624,77474.30724300,111546.33773647,48684.39256265
2242,388835.83906624,77474.30724300,111546.33773647,48684.39256265
2243,388835.83906624,77474.30724300,111546.33773647,48684.39256265
2244,388835.83906624,77474.30724300,111546.33773647,48684.39256265
2245,388835.83906624,77474.30724300,111546.33773647,48684.39256265
2246,388835.83906624,77474.30724300,111546.33773647,48684.39256265
2247,388835.83906624,77474.30724300,111546.33773647,48684.39256265
2248,388835.83906624,77474.30724300,111546.33773647,45869.19464488
2249,388835.83906624,77474.30724300,111546.33773647,43198.99841731
2250,388835.83906624,77474.30724300,111546.33773647,51632.72553353
2251,388835.83906624,77474.30724300,111546.33773647,51632.72553353
2252,388835.83906624,77474.30724300,111546.33773647,51632.72553353
2253,388835.83906624,77474.30724300,111546.33773647,50569.97770681
2254,388835.83906624,77474.30724300,111546.33773647,111042.62271805
2255,388835.83906624,88655.48494608,111546.33773647,111042.62271805
2256,388835.83906624,105344.24999761,127644.82856192,111042.62271805
2257,388835.83906624,78956.58675362,151673.06048923,111042.62271805
2258,388835.83906624,78956.58675362,113680.50139401,111042.62271805
2259,388835.83906624,90719.96890874,113680.50139401,111042.62271805
2260,388835.83906624,90719.96890874,130617.24139845,111042.62271805
2261,388835.83906624,90719.96890874,130617.24139845,111042.62271805
2262,388835.83906624,90719.96890874,130617.24139845,111042.62271805
2263,364743.02897587,90719.96890874,130617.24139845,111042.62271805
2264,364743.02897587,83076.98217045,130617.24139845,111042.62271805
2265,364743.02897587,83076.98217045,119612.98449880,111042.62271805
2266,364743.02897587,83076.98217045,119612.98449880,111042.62271805
2267,459498.43302279,83076.98217045,119612.98449880,111042.62271805
2268,459498.43302279,83076.98217045,119612.98449880,111042.62271805
2269,489160.67647491,106632.65562488,119612.98449880,111042.62271805
2270,511578.47541478,125745.67085222,153528.08745695,111042.62271805
2271,435682.89015370,125745.67085222,181046.71818216,111042.62271805
2272,435682.89015370,125745.67085222,181046.71818216,111042.62271805
2273,435682.89015370,118250.21030018,181046.71818216,111042.62271805
2274,435682.89015370,118250.21030018,170254.86725789,111042.62271805
2275,435682.89015370,118250.21030018,170254.86725789,111042.62271805
2276,435682.89015370,118250.21030018,170254.86725789,111042.62271805
2277,435682.89015370,118250.21030018,170254.86725789,111042.62271805
2278,435682.89015370,118250.21030018,170254.86725789,111042.62271805
2279,435682.89015370,118250.21030018,170254.86725789,111042.62271805
2280,435682.89015370,139163.21289304,170254.86725789,111042.62271805
2281,435682.89015370,140447.91099798,200365.09261285,111042.62271805
2282,435682.89015370,140447.91099798,202214.78154590,111042.62271805
2283,435682.89015370,140447.91099798,202214.78154590,111042.62271805
2284,435682.89015370,140447.91099798,202214.78154590,111042.62271805
2285,435682.89015370,140447.91099798,202214.78154590,111042.62271805
2286,435682.89015370,140447.91099798,202214.78154590,111042.62271805
2287,435682.89015370,140447.91099798,202214.78154590,111042.62271805
2288,435682.89015370,140447.91099798,202214.78154590,127068.41683497
2289,435682.89015370,140447.91099798,202214.78154590,150988.14335068
2290,373185.77705047,140447.91099798,202214.78154590,113167.14903287
2291,449588.02496611,127151.40352491,202214.78154590,113167.14903287
2292,408552.30359703,127151.40352491,183070.67085829,130027.40700772
2293,441224.89672094,127151.40352491,183070.67085829,130027.40700772
2294,441224.89672094,127151.40352491,183070.67085829,130027.40700772
2295,441224.89672094,127151.40352491,183070.67085829,130027.40700772
2296,442380.94448527,127151.40352491,183070.67085829,130027.40700772
2297,442380.94448527,127151.40352491,183070.67085829,119072.84254602
2298,442380.94448527,127151.40352491,183070.67085829,119072.84254602
2299,442380.94448527,157164.96238139,183070.67085829,119072.84254602
2300,442380.94448527,171805.95225814,226283.73970675,119072.84254602
2301,442380.94448527,238244.72431768,247363.61585801,119072.84254602
2302,442380.94448527,238244.72431768,343021.15666965,152834.79348630
2303,442380.94448527,172957.80618143,343021.15666965,180229.15704269
2304,442380.94448527,172957.80618143,249022.03774422,180229.15704269
2305,442380.94448527,172957.80618143,249022.03774422,180229.15704269
2306,442380.94448527,172957.80618143,249022.03774422,169486.03938476
2307,442380.94448527,172957.80618143,249022.03774422,169486.03938476
2308,442380.94448527,172957.80618143,249022.03774422,169486.03938476
2309,442380.94448527,172957.80618143,249022.03774422,169486.03938476
2310,442380.94448527,172957.80618143,249022.03774422,169486.03938476
2311,442380.94448527,172957.80618143,249022.03774422,169486.03938476
2312,442380.94448527,172957.80618143,249022.03774422,169486.03938476
2313,442380.94448527,172957.80618143,249022.03774422,199460.29458573
2314,442380.94448527,172957.80618143,249022.03774422,201301.63079189
2315,442380.94448527,172957.80618143,249022.03774422,201301.63079189
2316,442380.94448527,172957.80618143,249022.03774422,201301.63079189
2317,442380.94448527,172957.80618143,249022.03774422,201301.63079189
2318,442380.94448527,172957.80618143,249022.03774422,201301.63079189
2319,442380.94448527,172957.80618143,249022.03774422,201301.63079189
2320,442380.94448527,172957.80618143,249022.03774422,201301.63079189
2321,442380.94448527,172957.80618143,249022.03774422,201301.63079189
2322,442380.94448527,146907.60278663,249022.03774422,201301.63079189
2323,442380.94448527,146907.60278663,211515.34824435,201301.63079189
2324,442380.94448527,146907.60278663,211515.34824435,182243.97006098
2325,442380.94448527,146907.60278663,211515.34824435,182243.97006098
2326,442380.94448527,146907.60278663,211515.34824435,182243.97006098
2327,442380.94448527,146907.60278663,211515.34824435,182243.97006098
2328,439897.47811399,146907.60278663,211515.34824435,182243.97006098
2329,439897.47811399,146907.60278663,211515.34824435,182243.97006098
2330,439897.47811399,146907.60278663,211515.34824435,182243.97006098
2331,439897.47811399,146907.60278663,211515.34824435,182243.97006098
2332,439897.47811399,146907.60278663,211515.34824435,225261.89963178
2333,439897.47811399,146907.60278663,211515.34824435,246246.58439963
2334,439897.47811399,146907.60278663,211515.34824435,341472.15997683
2335,439897.47811399,146907.60278663,211515.34824435,341472.15997683
2336,439897.47811399,146907.60278663,211515.34824435,247897.51727251
2337,439897.47811399,146907.60278663,211515.34824435,247897.51727251
2338,439897.47811399,146907.60278663,211515.34824435,247897.51727251
2339,439897.47811399,146907.60278663,211515.34824435,247897.51727251
2340,439897.47811399,146907.60278663,211515.34824435,247897.51727251
2341,439897.47811399,146907.60278663,211515.34824435,247897.51727251
2342,439897.47811399,146907.60278663,211515.34824435,247897.51727251
2343,439897.47811399,146907.60278663,211515.34824435,247897.51727251
2344,439897.47811399,146907.60278663,211515.34824435,247897.51727251
2345,439897.47811399,146907.60278663,211515.34824435,247897.51727251
2346,439897.47811399,146907.60278663,211515.34824435,247897.51727251
2347,439897.47811399,137805.00313103,211515.34824435,247897.51727251
2348,439897.47811399,137805.00313103,198409.56270594,247897.51727251
2349,439897.47811399,137805.00313103,198409.56270594,247897.51727251
2350,439897.47811399,137805.00313103,198409.56270594,247897.51727251
2351,439897.47811399,173604.91625899,198409.56270594,247897.51727251
2352,439897.47811399,173604.91625899,249953.73706279,247897.51727251
2353,439897.47811399,177860.83266254,249953.73706279,247897.51727251
2354,439897.47811399,186012.03650550,256081.34123793,247897.51727251
2355,439897.47811399,158416.08973557,267817.32145101,210560.19848597
2356,439897.47811399,158416.08973557,228085.09397975,210560.19848597
2357,439897.47811399,158416.08973557,228085.09397975,210560.19848597
2358,439897.47811399,158416.08973557,228085.09397975,210560.19848597
2359,439897.47811399,158416.08973557,228085.09397975,210560.19848597
2360,420537.71557835,158416.08973557,228085.09397975,210560.19848597
2361,420537.71557835,158416.08973557,228085.09397975,210560.19848597
2362,420537.71557835,158416.08973557,228085.09397975,210560.19848597
2363,420537.71557835,158416.08973557,228085.09397975,210560.19848597
2364,420537.71557835,158416.08973557,228085.09397975,210560.19848597
2365,420537.71557835,158416.08973557,228085.09397975,210560.19848597
2366,420537.71557835,158416.08973557,228085.09397975,210560.19848597
2367,420537.71557835,158416.08973557,228085.09397975,210560.19848597
2368,420537.71557835,158416.08973557,228085.09397975,210560.19848597
2369,420537.71557835,158416.08973557,228085.09397975,210560.19848597
2370,420537.71557835,158416.08973557,228085.09397975,210560.19848597
2371,420537.71557835,158416.08973557,228085.09397975,210560.19848597
2372,420537.71557835,158416.08973557,228085.09397975,210560.19848597
2373,420537.71557835,158416.08973557,228085.09397975,210560.19848597
2374,420537.71557835,135691.88251669,228085.09397975,210560.19848597
2375,420537.71557835,163472.05391046,195367.12355272,210560.19848597
2376,420537.71557835,148551.29694322,235364.59485565,210560.19848597
2377,420537.71557835,160431.18610385,213881.91427187,210560.19848597
2378,420537.71557835,160431.18610385,230986.39930363,210560.19848597
2379,420537.71557835,160431.18610385,230986.39930363,210560.19848597
2380,420537.71557835,160851.52982290,230986.39930363,197513.59535676
2381,420537.71557835,160851.52982290,231591.60384329,197513.59535676
2382,420537.71557835,160851.52982290,231591.60384329,197513.59535676
2383,420537.71557835,160851.52982290,231591.60384329,197513.59535676
2384,420537.71557835,160851.52982290,231591.60384329,248825.00927285
2385,420537.71557835,160851.52982290,231591.60384329,248825.00927285
2386,420537.71557835,160851.52982290,231591.60384329,254924.94273901
2387,420537.71557835,160851.52982290,231591.60384329,266607.92623692
2388,420537.71557835,160851.52982290,231591.60384329,227055.11944498
2389,420537.71557835,160851.52982290,231591.60384329,227055.11944498
2390,420537.71557835,160851.52982290,231591.60384329,227055.11944498
2391,420537.71557835,160851.52982290,231591.60384329,227055.11944498
2392,420537.71557835,160851.52982290,231591.60384329,227055.11944498
2393,498404.68540900,160851.52982290,231591.60384329,227055.11944498
2394,498404.68540900,160851.52982290,231591.60384329,227055.11944498
2395,460493.61215464,160851.52982290,231591.60384329,227055.11944498
2396,460493.61215464,160851.52982290,231591.60384329,227055.11944498
2397,460493.61215464,160851.52982290,231591.60384329,227055.11944498
2398,460493.61215464,160851.52982290,231591.60384329,227055.11944498
2399,460493.61215464,160851.52982290,231591.60384329,227055.11944498
2400,460493.61215464,160851.52982290,231591.60384329,227055.11944498
2401,460493.61215464,160851.52982290,231591.60384329,227055.11944498
2402,460493.61215464,160851.52982290,231591.60384329,227055.11944498
2403,460493.61215464,160851.52982290,231591.60384329,227055.11944498
2404,460493.61215464,160851.52982290,231591.60384329,227055.11944498
2405,460493.61215464,160851.52982290,231591.60384329,227055.11944498
2406,460493.61215464,160851.52982290,231591.60384329,227055.11944498
2407,460493.61215464,160851.52982290,231591.60384329,194484.89508842
2408,460493.61215464,160851.52982290,231591.60384329,234301.74793805
2409,460493.61215464,160851.52982290,231591.60384329,212916.07770051
2410,460493.61215464,160851.52982290,231591.60384329,229943.32320861
2411,423810.43637118,160851.52982290,231591.60384329,229943.32320861
2412,423810.43637118,159948.53124200,231591.60384329,229943.32320861
2413,423810.43637118,159948.53124200,230291.48012144,230545.79479780
2414,421090.06983657,159948.53124200,230291.48012144,230545.79479780
2415,421090.06983657,159948.53124200,230291.48012144,230545.79479780
2416,421090.06983657,159948.53124200,230291.48012144,230545.79479780
2417,421090.06983657,159948.53124200,230291.48012144,230545.79479780
2418,421090.06983657,159948.53124200,230291.48012144,230545.79479780
2419,421090.06983657,159948.53124200,230291.48012144,230545.79479780
2420,421090.06983657,159948.53124200,230291.48012144,230545.79479780
2421,421090.06983657,159948.53124200,230291.48012144,230545.79479780
2422,421090.06983657,159948.53124200,230291.48012144,230545.79479780
2423,421090.06983657,159948.53124200,230291.48012144,230545.79479780
2424,421090.06983657,159948.53124200,230291.48012144,230545.79479780
2425,421090.06983657,159948.53124200,230291.48012144,230545.79479780
2426,421090.06983657,159948.53124200,230291.48012144,230545.79479780
2427,421090.06983657,159948.53124200,230291.48012144,230545.79479780
2428,421090.06983657,159948.53124200,230291.48012144,230545.79479780
2429,421090.06983657,159948.53124200,230291.48012144,230545.79479780
2430,421090.06983657,159948.53124200,230291.48012144,230545.79479780
2431,386028.13558603,159948.53124200,230291.48012144,230545.79479780
2432,386028.13558603,159948.53124200,230291.48012144,230545.79479780
2433,386028.13558603,159948.53124200,230291.48012144,230545.79479780
2434,386028.13558603,159948.53124200,230291.48012144,230545.79479780
2435,386028.13558603,159948.53124200,230291.48012144,230545.79479780
2436,386028.13558603,159948.53124200,230291.48012144,230545.79479780
2437,526028.24978119,159948.53124200,230291.48012144,230545.79479780
2438,512018.81720663,159948.53124200,230291.48012144,230545.79479780
2439,471369.84408090,159948.53124200,230291.48012144,230545.79479780
2440,498778.15509993,159948.53124200,230291.48012144,230545.79479780
2441,498778.15509993,159948.53124200,230291.48012144,230545.79479780
2442,451613.08873546,159948.53124200,230291.48012144,230545.79479780
2443,451613.08873546,159948.53124200,230291.48012144,230545.79479780
2444,451613.08873546,152909.24200569,230291.48012144,230545.79479780
2445,451613.08873546,152909.24200569,220156.41776954,229251.54210550
2446,451613.08873546,152909.24200569,220156.41776954,229251.54210550
2447,451613.08873546,152909.24200569,220156.41776954,229251.54210550
2448,451613.08873546,152909.24200569,220156.41776954,229251.54210550
2449,451613.08873546,152909.24200569,220156.41776954,229251.54210550
2450,451613.08873546,152909.24200569,220156.41776954,229251.54210550
2451,451613.08873546,152909.24200569,220156.41776954,229251.54210550
2452,451613.08873546,152909.24200569,220156.41776954,229251.54210550
2453,451613.08873546,152909.24200569,220156.41776954,229251.54210550
2454,451613.08873546,152909.24200569,220156.41776954,229251.54210550
2455,451613.08873546,152909.24200569,220156.41776954,229251.54210550
2456,451613.08873546,152909.24200569,220156.41776954,229251.54210550
2457,451613.08873546,152909.24200569,220156.41776954,229251.54210550
2458,451613.08873546,152909.24200569,220156.41776954,229251.54210550
2459,451613.08873546,152909.24200569,220156.41776954,229251.54210550
2460,451613.08873546,152909.24200569,220156.41776954,229251.54210550
2461,451613.08873546,152909.24200569,220156.41776954,229251.54210550
2462,451613.08873546,152909.24200569,220156.41776954,229251.54210550
2463,387092.05195762,152909.24200569,220156.41776954,229251.54210550
2464,387092.05195762,152909.24200569,220156.41776954,229251.54210550
2465,387092.05195762,152909.24200569,220156.41776954,229251.54210550
2466,387092.05195762,152909.24200569,220156.41776954,229251.54210550
2467,387092.05195762,152909.24200569,220156.41776954,229251.54210550
2468,387092.05195762,152909.24200569,220156.41776954,229251.54210550
2469,387092.05195762,152909.24200569,220156.41776954,229251.54210550
2470,387092.05195762,152909.24200569,220156.41776954,229251.54210550
2471,387092.05195762,152909.24200569,220156.41776954,229251.54210550
2472,387092.05195762,152909.24200569,220156.41776954,229251.54210550
2473,387092.05195762,152909.24200569,220156.41776954,229251.54210550
2474,387092.05195762,152909.24200569,220156.41776954,229251.54210550
2475,387092.05195762,152909.24200569,220156.41776954,229251.54210550
2476,387092.05195762,152909.24200569,220156.41776954,229251.54210550
2477,387092.05195762,181221.99230850,220156.41776954,219162.24712904
2478,387092.05195762,181221.99230850,260920.68814398,219162.24712904
2479,387092.05195762,167437.37023965,260920.68814398,219162.24712904
2480,387092.05195762,167437.37023965,241073.79743169,219162.24712904
2481,387092.05195762,167437.37023965,241073.79743169,219162.24712904
2482,362771.15788773,167437.37023965,241073.79743169,219162.24712904
2483,362771.15788773,167437.37023965,241073.79743169,219162.24712904
2484,362771.15788773,167437.37023965,241073.79743169,219162.24712904
2485,362771.15788773,167437.37023965,241073.79743169,219162.24712904
2486,362771.15788773,167437.37023965,241073.79743169,219162.24712904
2487,362771.15788773,167437.37023965,241073.79743169,219162.24712904
2488,362771.15788773,167437.37023965,241073.79743169,219162.24712904
2489,396829.60886968,167437.37023965,241073.79743169,219162.24712904
2490,396829.60886968,167437.37023965,241073.79743169,219162.24712904
2491,396829.60886968,167437.37023965,241073.79743169,219162.24712904
2492,396829.60886968,167437.37023965,241073.79743169,219162.24712904
2493,348019.15342142,167437.37023965,241073.79743169,219162.24712904
2494,348019.15342142,167437.37023965,241073.79743169,219162.24712904
2495,348019.15342142,154099.21673849,241073.79743169,219162.24712904
2496,348019.15342142,154099.21673849,221869.72542167,219162.24712904
2497,348019.15342142,154099.21673849,221869.72542167,219162.24712904
2498,348019.15342142,153110.08028443,221869.72542167,219162.24712904
2499,348019.15342142,153110.08028443,220445.58169069,219162.24712904
2500,348019.15342142,153110.08028443,220445.58169069,219162.24712904
2501,348019.15342142,153110.08028443,220445.58169069,219162.24712904
2502,348019.15342142,153110.08028443,220445.58169069,219162.24712904
2503,348019.15342142,153110.08028443,220445.58169069,219162.24712904
2504,348019.15342142,153110.08028443,220445.58169069,219162.24712904
2505,348019.15342142,153110.08028443,220445.58169069,219162.24712904
2506,348019.15342142,153110.08028443,220445.58169069,219162.24712904
2507,348019.15342142,153110.08028443,220445.58169069,219162.24712904
2508,348019.15342142,153110.08028443,220445.58169069,219162.24712904
2509,348019.15342142,153110.08028443,220445.58169069,219162.24712904
2510,348019.15342142,153110.08028443,220445.58169069,259742.43637972
2511,348019.15342142,153110.08028443,220445.58169069,259742.43637972
2512,348019.15342142,153110.08028443,220445.58169069,239985.16920079
2513,351806.75747030,153110.08028443,220445.58169069,239985.16920079
2514,351806.75747030,153110.08028443,220445.58169069,239985.16920079
2515,351806.75747030,140361.41686876,220445.58169069,239985.16920079
2516,351806.75747030,140361.41686876,202090.24860468,239985.16920079
2517,351806.75747030,140361.41686876,202090.24860468,239985.16920079
2518,351806.75747030,140361.41686876,202090.24860468,239985.16920079
2519,487526.13324164,140361.41686876,202090.24860468,239985.16920079
2520,399128.28524256,140361.41686876,202090.24860468,239985.16920079
2521,399128.28524256,191266.03386097,202090.24860468,239985.16920079
2522,399128.28524256,186172.14659105,275381.94751008,239985.16920079
2523,399128.28524256,171392.01287482,268047.84553457,239985.16920079
2524,399128.28524256,181357.78742327,246767.63218423,239985.16920079
2525,399128.28524256,181357.78742327,261116.20389977,239985.16920079
2526,399128.28524256,164208.37542102,261116.20389977,239985.16920079
2527,399128.28524256,164208.37542102,236424.73944839,239985.16920079
2528,399128.28524256,164208.37542102,236424.73944839,220867.81791761
2529,399128.28524256,164208.37542102,236424.73944839,220867.81791761
2530,399128.28524256,164208.37542102,236424.73944839,220867.81791761
2531,399128.28524256,164208.37542102,236424.73944839,219450.10525914
2532,385738.87889163,164208.37542102,236424.73944839,219450.10525914
2533,385738.87889163,164208.37542102,236424.73944839,219450.10525914
2534,473233.99698146,164208.37542102,236424.73944839,219450.10525914
2535,527506.93889420,164208.37542102,236424.73944839,219450.10525914
2536,486495.34378759,164208.37542102,236424.73944839,219450.10525914
2537,486495.34378759,164208.37542102,236424.73944839,219450.10525914
2538,486495.34378759,164208.37542102,236424.73944839,219450.10525914
2539,486495.34378759,164208.37542102,236424.73944839,219450.10525914
2540,486495.34378759,164208.37542102,236424.73944839,219450.10525914
2541,575830.71971193,164208.37542102,236424.73944839,219450.10525914
2542,575830.71971193,164208.37542102,236424.73944839,219450.10525914
2543,534570.87818187,164208.37542102,236424.73944839,219450.10525914
2544,523783.75178097,164208.37542102,236424.73944839,219450.10525914
2545,523783.75178097,164208.37542102,236424.73944839,219450.10525914
2546,523783.75178097,164208.37542102,236424.73944839,219450.10525914
2547,523783.75178097,140748.26123470,236424.73944839,219450.10525914
2548,523783.75178097,140748.26123470,202647.22128156,201177.66020991
2549,523783.75178097,140748.26123470,202647.22128156,201177.66020991
2550,523783.75178097,140748.26123470,202647.22128156,201177.66020991
2551,523783.75178097,140748.26123470,202647.22128156,201177.66020991
2552,597447.75063856,140748.26123470,202647.22128156,201177.66020991
2553,597447.75063856,140748.26123470,202647.22128156,201177.66020991
2554,597447.75063856,140748.26123470,202647.22128156,274138.39236002
2555,597447.75063856,140748.26123470,202647.22128156,266837.40933209
2556,597447.75063856,140748.26123470,202647.22128156,245653.29203723
2557,597447.75063856,140748.26123470,202647.22128156,259937.06923586
2558,495943.34430430,140748.26123470,202647.22128156,259937.06923586
2559,507594.04699472,140748.26123470,202647.22128156,235357.10518623
2560,507594.04699472,140748.26123470,202647.22128156,235357.10518623
2561,547245.42007557,140748.26123470,202647.22128156,235357.10518623
2562,547245.42007557,140748.26123470,202647.22128156,235357.10518623
2563,743048.85302136,140748.26123470,202647.22128156,235357.10518623
2564,743048.85302136,140748.26123470,202647.22128156,235357.10518623
2565,743048.85302136,140748.26123470,202647.22128156,235357.10518623
2566,847970.58656947,131905.08417979,202647.22128156,235357.10518623
2567,847970.58656947,131905.08417979,189914.94848645,235357.10518623
2568,847970.58656947,131905.08417979,189914.94848645,235357.10518623
2569,847970.58656947,131905.08417979,189914.94848645,235357.10518623
2570,847970.58656947,131905.08417979,189914.94848645,235357.10518623
2571,847970.58656947,131905.08417979,189914.94848645,235357.10518623
2572,847970.58656947,131905.08417979,189914.94848645,235357.10518623
2573,847970.58656947,144288.87695418,189914.94848645,235357.10518623
2574,847970.58656947,144288.87695418,207744.94633255,235357.10518623
2575,847970.58656947,144288.87695418,207744.94633255,235357.10518623
2576,1193748.16884795,144288.87695418,207744.94633255,235357.10518623
2577,1193748.16884795,126541.19471769,207744.94633255,235357.10518623
2578,1193748.16884795,126541.19471769,182192.10143156,235357.10518623
2579,1193748.16884795,126541.19471769,182192.10143156,235357.10518623
2580,1193748.16884795,126541.19471769,182192.10143156,201732.11773920
2581,1193748.16884795,126541.19471769,182192.10143156,201732.11773920
2582,1193748.16884795,126541.19471769,182192.10143156,201732.11773920
2583,1193748.16884795,126541.19471769,182192.10143156,201732.11773920
2584,1193748.16884795,126541.19471769,182192.10143156,201732.11773920
2585,1193748.16884795,126541.19471769,182192.10143156,201732.11773920
2586,1193748.16884795,126541.19471769,182192.10143156,201732.11773920
2587,1193748.16884795,126541.19471769,182192.10143156,201732.11773920
2588,1193748.16884795,126541.19471769,182192.10143156,201732.11773920
2589,1193748.16884795,126541.19471769,182192.10143156,201732.11773920
2590,1251102.31451628,126541.19471769,182192.10143156,201732.11773920
2591,1251102.31451628,126541.19471769,182192.10143156,201732.11773920
2592,1251102.31451628,126541.19471769,182192.10143156,201732.11773920
2593,1251102.31451628,126541.19471769,182192.10143156,201732.11773920
2594,1251102.31451628,126541.19471769,182192.10143156,201732.11773920
2595,1251102.31451628,126541.19471769,182192.10143156,201732.11773920
2596,1251102.31451628,126541.19471769,182192.10143156,201732.11773920
2597,1251102.31451628,126541.19471769,182192.10143156,201732.11773920
2598,1251102.31451628,126541.19471769,182192.10143156,201732.11773920
2599,1251102.31451628,126541.19471769,182192.10143156,189057.34066430
2600,1251102.31451628,126541.19471769,182192.10143156,189057.34066430
2601,1251102.31451628,123703.86060231,182192.10143156,189057.34066430
2602,1246921.75865589,123703.86060231,178106.95061488,189057.34066430
2603,1246921.75865589,123703.86060231,178106.95061488,189057.34066430
2604,1246921.75865589,123703.86060231,178106.95061488,189057.34066430
2605,1246921.75865589,123703.86060231,178106.95061488,189057.34066430
2606,1246921.75865589,123703.86060231,178106.95061488,206806.82275456
2607,1246921.75865589,123703.86060231,178106.95061488,206806.82275456
2608,1246921.75865589,123703.86060231,178106.95061488,206806.82275456
2609,1246921.75865589,123703.86060231,178106.95061488,206806.82275456
2610,1246921.75865589,148877.06094751,178106.95061488,181369.36803134
2611,1246921.75865589,148877.06094751,178106.95061488,181369.36803134
2612,1246921.75865589,148877.06094751,178106.95061488,181369.36803134
2613,1246921.75865589,148877.06094751,178106.95061488,181369.36803134
2614,1246921.75865589,148877.06094751,178106.95061488,181369.36803134
2615,1246921.75865589,148877.06094751,178106.95061488,181369.36803134
2616,1246921.75865589,148877.06094751,178106.95061488,181369.36803134
2617,1246921.75865589,148877.06094751,178050.59414103,181369.36803134
2618,1246921.75865589,148877.06094751,178050.59414103,181369.36803134
2619,1246921.75865589,148877.06094751,178050.59414103,181369.36803134
2620,1246921.75865589,148877.06094751,178050.59414103,181369.36803134
2621,1246921.75865589,148877.06094751,178050.59414103,181369.36803134
2622,1246921.75865589,148877.06094751,178050.59414103,181369.36803134
2623,1246921.75865589,148877.06094751,178050.59414103,181369.36803134
2624,1246921.75865589,148877.06094751,178050.59414103,181369.36803134
2625,1246921.75865589,148877.06094751,178050.59414103,181369.36803134
2626,1246921.75865589,148877.06094751,178050.59414103,181369.36803134
2627,1246921.75865589,148877.06094751,178050.59414103,181369.36803134
2628,1246921.75865589,139497.77839945,178050.59414103,181369.36803134
2629,1246921.75865589,171139.32469470,178050.59414103,181369.36803134
2630,1246921.75865589,190766.47466150,178050.59414103,181369.36803134
2631,1246921.75865589,190766.47466150,162243.56854353,181369.36803134
2632,1246921.75865589,190766.47466150,199044.42260787,181369.36803134
2633,1246921.75865589,190766.47466150,221871.87468266,181369.36803134
2634,1246921.75865589,170676.06679859,221871.87468266,177302.66472141
2635,1093752.82654993,170676.06679859,221871.87468266,177302.66472141
2636,1093752.82654993,170676.06679859,221871.87468266,177302.66472141
2637,1093752.82654993,170676.06679859,198505.62826230,177302.66472141
2638,1004185.66595056,170676.06679859,198505.62826230,177302.66472141
2639,1004185.66595056,202017.39572073,198505.62826230,177302.66472141
2640,1269219.56028069,202017.39572073,198505.62826230,177302.66472141
2641,1269219.56028069,187542.29835545,198505.62826230,177302.66472141
2642,1362266.11719195,183757.87507232,234957.31305304,177302.66472141
2643,1319162.58098479,183757.87507232,234957.31305304,177302.66472141
2644,1319162.58098479,183757.87507232,218121.98077388,177302.66472141
2645,1319162.58098479,183757.87507232,213720.48889796,177302.66472141
2646,1190875.13637527,183757.87507232,213720.48889796,177302.66472141
2647,1190875.13637527,183757.87507232,213720.48889796,177302.66472141
2648,1190875.13637527,183757.87507232,213720.48889796,177302.66472141
2649,1190875.13637527,183757.87507232,213720.48889796,177246.56273913
2650,1190875.13637527,183757.87507232,213720.48889796,177246.56273913
2651,1190875.13637527,183757.87507232,213720.48889796,177246.56273913
2652,1190875.13637527,184108.35366848,213720.48889796,177246.56273913
2653,1190875.13637527,184108.35366848,213720.48889796,177246.56273913
2654,1190875.13637527,184108.35366848,213720.48889796,177246.56273913
2655,1190875.13637527,184108.35366848,214128.11473109,177246.56273913
2656,1190875.13637527,225123.92139051,214128.11473109,177246.56273913
2657,1190875.13637527,225123.92139051,214128.11473109,177246.56273913
2658,1190875.13637527,225123.92139051,214128.11473109,177246.56273913
2659,1190875.13637527,225123.92139051,261831.46993440,177246.56273913
2660,1190875.13637527,225123.92139051,261831.46993440,177246.56273913
2661,1190875.13637527,225123.92139051,261831.46993440,177246.56273913
2662,1190875.13637527,225123.92139051,261831.46993440,177246.56273913
2663,1190875.13637527,225123.92139051,261831.46993440,200709.30296747
2664,1190875.13637527,225123.92139051,261831.46993440,200709.30296747
2665,1190875.13637527,225123.92139051,261831.46993440,200709.30296747
2666,1190875.13637527,225123.92139051,261831.46993440,200709.30296747
2667,1190875.13637527,242709.77104602,261831.46993440,212704.23304209
2668,1190875.13637527,242709.77104602,261831.46993440,212704.23304209
2669,1190875.13637527,329550.89321335,261831.46993440,212704.23304209
2670,1190875.13637527,329550.89321335,282284.77776995,212704.23304209
2671,1190875.13637527,329550.89321335,282284.77776995,212704.23304209
2672,1190875.13637527,376084.91431799,383285.76659150,191066.81465571
2673,1190875.13637527,376084.91431799,383285.76659150,191066.81465571
2674,1190875.13637527,376084.91431799,383285.76659150,191066.81465571
2675,1190875.13637527,376084.91431799,437407.38579806,191066.81465571
2676,1190875.13637527,376084.91431799,437407.38579806,191066.81465571
2677,1190875.13637527,376084.91431799,437407.38579806,191066.81465571
2678,1190875.13637527,376084.91431799,437407.38579806,191066.81465571
2679,1190875.13637527,376084.91431799,437407.38579806,191066.81465571
2680,1190875.13637527,376084.91431799,437407.38579806,191066.81465571
2681,1190875.13637527,376084.91431799,437407.38579806,191066.81465571
2682,1190875.13637527,529441.33311829,437407.38579806,191066.81465571
2683,1531942.05694311,529441.33311829,437407.38579806,191066.81465571
2684,1397087.07881865,529441.33311829,437407.38579806,226152.50649614
2685,1397087.07881865,529441.33311829,615769.31335487,226152.50649614
2686,1397087.07881865,529441.33311829,615769.31335487,209948.06262013
2687,1963810.36636321,529441.33311829,615769.31335487,205711.51255438
2688,1678948.08036942,529441.33311829,615769.31335487,205711.51255438
2689,1678948.08036942,529441.33311829,615769.31335487,205711.51255438
2690,1678948.08036942,529441.33311829,615769.31335487,205711.51255438
2691,1678948.08036942,529441.33311829,615769.31335487,205711.51255438
2692,1678948.08036942,529441.33311829,615769.31335487,205711.51255438
2693,1678948.08036942,529441.33311829,615769.31335487,205711.51255438
2694,1678948.08036942,529441.33311829,615769.31335487,205711.51255438
2695,1678948.08036942,529441.33311829,615769.31335487,234642.40736407
2696,1678948.08036942,529441.33311829,615769.31335487,234642.40736407
2697,1678948.08036942,529441.33311829,615769.31335487,234642.40736407
2698,1678948.08036942,529441.33311829,615769.31335487,234642.40736407
2699,1678948.08036942,529441.33311829,615769.31335487,234642.40736407
2700,1678948.08036942,529441.33311829,615769.31335487,234642.40736407
2701,1678948.08036942,529441.33311829,615769.31335487,286915.92650613
2702,1678948.08036942,529441.33311829,615769.31335487,286915.92650613
2703,1678948.08036942,529441.33311829,615769.31335487,286915.92650613
2704,1678948.08036942,529441.33311829,615769.31335487,286915.92650613
2705,1678948.08036942,529441.33311829,615769.31335487,286915.92650613
2706,1678948.08036942,529441.33311829,615769.31335487,286915.92650613
2707,1678948.08036942,529441.33311829,615769.31335487,286915.92650613
2708,1678948.08036942,529441.33311829,615769.31335487,286915.92650613
2709,1678948.08036942,529441.33311829,615769.31335487,286915.92650613
2710,1678948.08036942,529441.33311829,615769.31335487,286915.92650613
2711,1678948.08036942,529441.33311829,615769.31335487,286915.92650613
2712,1678948.08036942,529441.33311829,615769.31335487,309328.73948549
2713,1678948.08036942,529441.33311829,615769.31335487,309328.73948549
2714,1678948.08036942,529441.33311829,615769.31335487,420006.00946007
2715,1678948.08036942,529441.33311829,615769.31335487,420006.00946007
2716,1678948.08036942,529441.33311829,615769.31335487,420006.00946007
2717,1678948.08036942,529441.33311829,615769.31335487,479312.68685279
2718,1678948.08036942,529441.33311829,615769.31335487,479312.68685279
2719,1678948.08036942,529441.33311829,615769.31335487,479312.68685279
2720,1678948.08036942,529441.33311829,615769.31335487,479312.68685279
2721,1636233.57766312,527672.20597160,615769.31335487,479312.68685279
2722,1636233.57766312,527672.20597160,615769.31335487,479312.68685279
2723,1636233.57766312,527672.20597160,615769.31335487,479312.68685279
2724,1851196.60158022,527672.20597160,613711.72143634,479312.68685279
2725,1922250.21515641,527672.20597160,613711.72143634,479312.68685279
2726,1922250.21515641,527672.20597160,613711.72143634,479312.68685279
2727,1922250.21515641,527672.20597160,613711.72143634,674762.36947193
2728,1922250.21515641,527672.20597160,613711.72143634,674762.36947193
2729,1922250.21515641,527672.20597160,613711.72143634,674762.36947193
2730,1922250.21515641,527672.20597160,613711.72143634,674762.36947193
2731,1922250.21515641,527672.20597160,613711.72143634,674762.36947193
2732,1922250.21515641,527672.20597160,613711.72143634,674762.36947193
2733,1922250.21515641,527672.20597160,613711.72143634,674762.36947193
2734,1683698.34787710,527672.20597160,613711.72143634,674762.36947193
2735,1683698.34787710,527672.20597160,613711.72143634,674762.36947193
2736,1683698.34787710,527672.20597160,613711.72143634,674762.36947193
2737,1683698.34787710,527672.20597160,613711.72143634,674762.36947193
2738,1683698.34787710,527672.20597160,613711.72143634,674762.36947193
2739,1522539.79319777,527672.20597160,613711.72143634,674762.36947193
2740,1522539.79319777,527672.20597160,613711.72143634,674762.36947193
2741,1522539.79319777,527672.20597160,613711.72143634,674762.36947193
2742,1522539.79319777,527672.20597160,613711.72143634,674762.36947193
2743,1522539.79319777,527672.20597160,613711.72143634,674762.36947193
2744,1522539.79319777,527672.20597160,613711.72143634,674762.36947193
2745,1522539.79319777,527672.20597160,613711.72143634,674762.36947193
2746,1522539.79319777,527672.20597160,613711.72143634,674762.36947193
2747,1522539.79319777,527672.20597160,613711.72143634,674762.36947193
2748,1522539.79319777,527672.20597160,613711.72143634,674762.36947193
2749,1522539.79319777,527672.20597160,613711.72143634,674762.36947193
2750,1522539.79319777,527672.20597160,613711.72143634,674762.36947193
2751,1522539.79319777,527672.20597160,613711.72143634,674762.36947193
2752,1522539.79319777,527672.20597160,613711.72143634,674762.36947193
2753,1522539.79319777,527672.20597160,613711.72143634,674762.36947193
2754,1522539.79319777,462854.19495398,613711.72143634,674762.36947193
2755,1522539.79319777,462854.19495398,613711.72143634,674762.36947193
2756,1522539.79319777,462854.19495398,613711.72143634,674762.36947193
2757,1522539.79319777,424951.17426483,538324.81897773,674762.36947193
2758,1522539.79319777,424951.17426483,538324.81897773,674762.36947193
2759,1522539.79319777,537108.18709070,538324.81897773,674762.36947193
2760,1522539.79319777,537108.18709070,494241.52671498,674762.36947193
2761,1434498.21293106,576483.61830970,494241.52671498,674762.36947193
2762,1524217.67941797,576483.61830970,624686.28509634,674762.36947193
2763,1518969.98242566,576483.61830970,624686.28509634,674762.36947193
2764,1518969.98242566,576483.61830970,670482.07157559,674762.36947193
2765,1443400.23746841,530584.47272133,670482.07157559,674762.36947193
2766,2994064.15949209,445568.32360235,670482.07157559,672507.65237538
2767,2994064.15949209,445568.32360235,670482.07157559,672507.65237538
2768,2994064.15949209,445568.32360235,617098.84742106,672507.65237538
2769,2994064.15949209,445568.32360235,518220.40236515,672507.65237538
2770,2994064.15949209,445568.32360235,518220.40236515,672507.65237538
2771,2994064.15949209,445568.32360235,518220.40236515,672507.65237538
2772,2994064.15949209,445568.32360235,518220.40236515,672507.65237538
2773,2994064.15949209,445568.32360235,518220.40236515,672507.65237538
2774,2994064.15949209,445568.32360235,518220.40236515,672507.65237538
2775,2994064.15949209,445568.32360235,518220.40236515,672507.65237538
2776,2994064.15949209,445568.32360235,518220.40236515,672507.65237538
2777,2215271.97591113,445568.32360235,518220.40236515,672507.65237538
2778,2215271.97591113,445568.32360235,518220.40236515,672507.65237538
2779,2215271.97591113,445568.32360235,518220.40236515,672507.65237538
2780,2215271.97591113,445568.32360235,518220.40236515,672507.65237538
2781,2215271.97591113,445568.32360235,518220.40236515,672507.65237538
2782,2215271.97591113,445568.32360235,518220.40236515,672507.65237538
2783,2215271.97591113,445568.32360235,518220.40236515,672507.65237538
2784,2215271.97591113,445568.32360235,518220.40236515,672507.65237538
2785,2215271.97591113,445568.32360235,518220.40236515,672507.65237538
2786,2215271.97591113,445568.32360235,518220.40236515,672507.65237538
2787,2215271.97591113,445568.32360235,518220.40236515,672507.65237538
2788,2215271.97591113,445568.32360235,518220.40236515,672507.65237538
2789,2215271.97591113,445568.32360235,518220.40236515,672507.65237538
2790,2215271.97591113,445568.32360235,518220.40236515,672507.65237538
2791,2534982.47742786,445568.32360235,518220.40236515,672507.65237538
2792,3012174.91511249,445568.32360235,518220.40236515,672507.65237538
2793,2257655.73353594,445568.32360235,518220.40236515,672507.65237538
2794,2257655.73353594,445568.32360235,518220.40236515,672507.65237538
2795,2594013.57599378,445568.32360235,518220.40236515,672507.65237538
2796,2594013.57599378,445568.32360235,518220.40236515,672507.65237538
2797,2594013.57599378,445568.32360235,518220.40236515,672507.65237538
2798,2594013.57599378,445568.32360235,518220.40236515,672507.65237538
2799,2594013.57599378,445568.32360235,518220.40236515,589898.39623531
2800,2375472.81149901,445568.32360235,518220.40236515,589898.39623531
2801,3651483.74781057,445568.32360235,518220.40236515,589898.39623531
2802,5593375.22134707,445568.32360235,518220.40236515,541591.75591368
2803,5403217.99791287,573179.19680959,518220.40236515,541591.75591368
2804,5403217.99791287,522722.93594983,518220.40236515,684533.62122205
2805,6504574.10776313,522722.93594983,518220.40236515,684533.62122205
2806,6504574.10776313,522722.93594983,666638.84810421,734716.81925803
2807,8052169.15941128,734763.59198891,607955.44890476,734716.81925803
2808,8052169.15941128,628181.79566884,607955.44890476,734716.81925803
2809,8052169.15941128,628181.79566884,607955.44890476,734716.81925803
2810,5081420.53922762,628181.79566884,854570.36354220,676219.27798838
2811,5081420.53922762,628181.79566884,730609.88779016,567867.89959292
2812,5081420.53922762,628181.79566884,730609.88779016,567867.89959292
2813,5081420.53922762,628181.79566884,730609.88779016,567867.89959292
2814,5081420.53922762,628181.79566884,730609.88779016,567867.89959292
2815,5081420.53922762,628181.79566884,730609.88779016,567867.89959292
2816,4600351.46747335,628181.79566884,730609.88779016,567867.89959292
2817,4600351.46747335,628181.79566884,730609.88779016,567867.89959292
2818,4600351.46747335,628181.79566884,730609.88779016,567867.89959292
2819,4600351.46747335,628181.79566884,730609.88779016,567867.89959292
2820,4600351.46747335,628181.79566884,730609.88779016,567867.89959292
2821,4600351.46747335,628181.79566884,730609.88779016,567867.89959292
2822,4600351.46747335,628181.79566884,730609.88779016,567867.89959292
2823,4600351.46747335,628181.79566884,730609.88779016,567867.89959292
2824,5686245.25788250,628181.79566884,730609.88779016,567867.89959292
2825,6215957.84773632,628181.79566884,730609.88779016,567867.89959292
2826,8619719.77303339,628181.79566884,730609.88779016,567867.89959292
2827,8619719.77303339,628181.79566884,730609.88779016,567867.89959292
2828,8619719.77303339,628181.79566884,730609.88779016,567867.89959292
2829,8619719.77303339,628181.79566884,730609.88779016,567867.89959292
2830,8619719.77303339,628181.79566884,730609.88779016,567867.89959292
2831,8619719.77303339,628181.79566884,730609.88779016,567867.89959292
2832,8619719.77303339,628181.79566884,730609.88779016,567867.89959292
2833,8619719.77303339,628181.79566884,730609.88779016,567867.89959292
2834,8619719.77303339,628181.79566884,730609.88779016,567867.89959292
2835,8619719.77303339,628181.79566884,730609.88779016,567867.89959292
2836,8619719.77303339,628181.79566884,730609.88779016,567867.89959292
2837,8619719.77303339,628181.79566884,730609.88779016,567867.89959292
2838,8619719.77303339,628181.79566884,730609.88779016,567867.89959292
2839,8619719.77303339,628181.79566884,730609.88779016,567867.89959292
2840,8619719.77303339,628181.79566884,730609.88779016,567867.89959292
2841,8619719.77303339,612200.07870875,730609.88779016,567867.89959292
2842,8619719.77303339,612200.07870875,730609.88779016,567867.89959292
2843,8619719.77303339,612200.07870875,730609.88779016,567867.89959292
2844,8619719.77303339,692628.92576217,712022.27427540,567867.89959292
2845,8619719.77303339,719213.77796035,712022.27427540,567867.89959292
2846,8619719.77303339,719213.77796035,712022.27427540,567867.89959292
2847,8619719.77303339,719213.77796035,805565.43538885,567867.89959292
2848,8619719.77303339,719213.77796035,836485.07682919,730505.40027414
2849,8619719.77303339,719213.77796035,836485.07682919,666199.90691211
2850,8619719.77303339,719213.77796035,836485.07682919,666199.90691211
2851,8619719.77303339,719213.77796035,836485.07682919,666199.90691211
2852,8619719.77303339,719213.77796035,836485.07682919,936441.47390617
2853,8619719.77303339,719213.77796035,836485.07682919,800605.11031150
2854,8619719.77303339,629959.11779558,836485.07682919,800605.11031150
2855,8619719.77303339,629959.11779558,836485.07682919,800605.11031150
2856,8619719.77303339,629959.11779558,836485.07682919,800605.11031150
2857,8619719.77303339,629959.11779558,732677.01092002,800605.11031150
2858,8619719.77303339,629959.11779558,732677.01092002,800605.11031150
2859,7573827.78816008,629959.11779558,732677.01092002,800605.11031150
2860,7573827.78816008,629959.11779558,732677.01092002,800605.11031150
2861,7573827.78816008,629959.11779558,732677.01092002,800605.11031150
2862,7573827.78816008,629959.11779558,732677.01092002,800605.11031150
2863,7573827.78816008,629959.11779558,732677.01092002,800605.11031150
2864,7573827.78816008,629959.11779558,732677.01092002,800605.11031150
2865,7573827.78816008,629959.11779558,732677.01092002,800605.11031150
2866,7573827.78816008,629959.11779558,732677.01092002,800605.11031150
2867,7573827.78816008,629959.11779558,732677.01092002,800605.11031150
2868,7573827.78816008,629959.11779558,732677.01092002,800605.11031150
2869,7573827.78816008,629959.11779558,732677.01092002,800605.11031150
2870,7573827.78816008,629959.11779558,732677.01092002,800605.11031150
2871,7573827.78816008,629959.11779558,732677.01092002,800605.11031150
2872,7573827.78816008,629959.11779558,732677.01092002,800605.11031150
2873,7573827.78816008,629959.11779558,732677.01092002,800605.11031150
2874,7573827.78816008,629959.11779558,732677.01092002,800605.11031150
2875,7573827.78816008,629959.11779558,732677.01092002,800605.11031150
2876,7573827.78816008,629959.11779558,732677.01092002,800605.11031150
2877,7573827.78816008,629959.11779558,732677.01092002,800605.11031150
2878,7573827.78816008,629959.11779558,732677.01092002,800605.11031150
2879,7573827.78816008,629959.11779558,732677.01092002,800605.11031150
2880,7573827.78816008,629959.11779558,732677.01092002,800605.11031150
2881,7573827.78816008,629959.11779558,732677.01092002,800605.11031150
2882,7573827.78816008,629959.11779558,732677.01092002,800605.11031150
2883,7573827.78816008,629959.11779558,732677.01092002,800605.11031150
2884,7573827.78816008,629959.11779558,732677.01092002,800605.11031150
2885,7104542.87091713,629959.11779558,732677.01092002,800605.11031150
2886,7104542.87091713,629959.11779558,732677.01092002,780236.73230689
2887,7104542.87091713,629959.11779558,732677.01092002,780236.73230689
2888,7104542.87091713,629959.11779558,732677.01092002,780236.73230689
2889,8950208.93393319,629959.11779558,732677.01092002,882741.68614571
2890,8950208.93393319,629959.11779558,732677.01092002,916623.54753280
2891,9527976.46754405,593531.43526016,732677.01092002,916623.54753280
2892,9964635.15869738,558980.02419565,732677.01092002,916623.54753280
2893,8486324.68703556,668109.52164236,732677.01092002,916623.54753280
2894,8486324.68703556,668109.52164236,690309.61786095,916623.54753280
2895,8486324.68703556,668109.52164236,650124.43144695,916623.54753280
2896,8486324.68703556,654357.93415982,777048.02336549,916623.54753280
2897,8486324.68703556,654357.93415982,777048.02336549,916623.54753280
2898,8486324.68703556,654357.93415982,777048.02336549,916623.54753280
2899,8486324.68703556,1357343.29764517,761054.17276870,802870.27174589
2900,8486324.68703556,1357343.29764517,1671138.79038512,802870.27174589
2901,8486324.68703556,1357343.29764517,1671138.79038512,802870.27174589
2902,8486324.68703556,1357343.29764517,1671138.79038512,802870.27174589
2903,8486324.68703556,1357343.29764517,1671138.79038512,802870.27174589
2904,8486324.68703556,1357343.29764517,1671138.79038512,802870.27174589
2905,8486324.68703556,1357343.29764517,1671138.79038512,802870.27174589
2906,8486324.68703556,1357343.29764517,1671138.79038512,802870.27174589
2907,8486324.68703556,1357343.29764517,1671138.79038512,802870.27174589
2908,8486324.68703556,1357343.29764517,1671138.79038512,802870.27174589
2909,8486324.68703556,1357343.29764517,1671138.79038512,802870.27174589
2910,8486324.68703556,1357343.29764517,1671138.79038512,802870.27174589
2911,8486324.68703556,1357343.29764517,1671138.79038512,802870.27174589
2912,8486324.68703556,1357343.29764517,1671138.79038512,802870.27174589
2913,8486324.68703556,1357343.29764517,1671138.79038512,802870.27174589
2914,8486324.68703556,1357343.29764517,1671138.79038512,802870.27174589
2915,8486324.68703556,1357343.29764517,1671138.79038512,802870.27174589
2916,8486324.68703556,1357343.29764517,1671138.79038512,802870.27174589
2917,10607415.38397143,1357343.29764517,1671138.79038512,802870.27174589
2918,9992214.49509775,1357343.29764517,1671138.79038512,802870.27174589
2919,10791308.16249540,1357343.29764517,1671138.79038512,802870.27174589
2920,9781050.83569444,1357343.29764517,1671138.79038512,802870.27174589
2921,9781050.83569444,1357343.29764517,1671138.79038512,802870.27174589
2922,9781050.83569444,1357343.29764517,1671138.79038512,802870.27174589
2923,9781050.83569444,1357343.29764517,1671138.79038512,802870.27174589
2924,9781050.83569444,1357343.29764517,1671138.79038512,802870.27174589
2925,9781050.83569444,1357343.29764517,1671138.79038512,802870.27174589
2926,9781050.83569444,1357343.29764517,1671138.79038512,802870.27174589
2927,9781050.83569444,1357343.29764517,1671138.79038512,802870.27174589
2928,9781050.83569444,1357343.29764517,1671138.79038512,802870.27174589
2929,9781050.83569444,1357343.29764517,1671138.79038512,802870.27174589
2930,9781050.83569444,1357343.29764517,1671138.79038512,802870.27174589
2931,9781050.83569444,1553236.58349871,1671138.79038512,802870.27174589
2932,9781050.83569444,1845622.33297843,1671138.79038512,802870.27174589
2933,9781050.83569444,1383312.70906130,1671138.79038512,802870.27174589
2934,9781050.83569444,1383312.70906130,1912319.38878922,802870.27174589
2935,9781050.83569444,1589406.16757795,2272299.92470749,802870.27174589
2936,9781050.83569444,1589406.16757795,1703111.90349236,756443.92033657
2937,9781050.83569444,1589406.16757795,1703111.90349236,712408.83931791
2938,9781050.83569444,1589406.16757795,1956850.78706685,851492.19694456
2939,9781050.83569444,1589406.16757795,1956850.78706685,851492.19694456
2940,9781050.83569444,1455501.68759769,1956850.78706685,851492.19694456
2941,9781050.83569444,1455501.68759769,1956850.78706685,833966.07426905
2942,9781050.83569444,1455501.68759769,1956850.78706685,1831240.28018406
2943,9781050.83569444,1455501.68759769,1791989.78904993,1831240.28018406
2944,9781050.83569444,1455501.68759769,1791989.78904993,1831240.28018406
2945,9781050.83569444,1868195.09038742,1791989.78904993,1831240.28018406
2946,9781050.83569444,2203053.49751394,1791989.78904993,1831240.28018406
2947,9781050.83569444,2203053.49751394,1791989.78904993,1831240.28018406
2948,9781050.83569444,2203053.49751394,2300091.13314943,1831240.28018406
2949,9781050.83569444,2071733.66381525,2712363.30807123,1831240.28018406
2950,9781050.83569444,2071733.66381525,2712363.30807123,1831240.28018406
2951,9781050.83569444,2071733.66381525,2712363.30807123,1831240.28018406
2952,9781050.83569444,2071733.66381525,2550684.48413513,1831240.28018406
2953,9781050.83569444,2071733.66381525,2550684.48413513,1831240.28018406
2954,9781050.83569444,2071733.66381525,2550684.48413513,1831240.28018406
2955,9781050.83569444,2071733.66381525,2550684.48413513,1831240.28018406
2956,9781050.83569444,2438127.69705285,2550684.48413513,1831240.28018406
2957,9781050.83569444,2460635.49898471,2550684.48413513,1831240.28018406
2958,9781050.83569444,2460635.49898471,2550684.48413513,1831240.28018406
2959,9781050.83569444,2460635.49898471,3001782.80433995,1831240.28018406
2960,9781050.83569444,2460635.49898471,3029494.04066454,1831240.28018406
2961,9781050.83569444,2460635.49898471,3029494.04066454,1831240.28018406
2962,9781050.83569444,2460635.49898471,3029494.04066454,1831240.28018406
2963,9781050.83569444,2460635.49898471,3029494.04066454,1831240.28018406
2964,9781050.83569444,2460635.49898471,3029494.04066454,1831240.28018406
2965,9781050.83569444,2460635.49898471,3029494.04066454,1831240.28018406
2966,9781050.83569444,2460635.49898471,3029494.04066454,1831240.28018406
2967,9781050.83569444,2227681.81481629,3029494.04066454,1831240.28018406
2968,9781050.83569444,2227681.81481629,3029494.04066454,1831240.28018406
2969,9781050.83569444,2227681.81481629,3029494.04066454,1831240.28018406
2970,9781050.83569444,2227681.81481629,2742685.28811656,1831240.28018406
2971,9781050.83569444,2227681.81481629,2742685.28811656,1831240.28018406
2972,9781050.83569444,2227681.81481629,2742685.28811656,1831240.28018406
2973,9781050.83569444,2227681.81481629,2742685.28811656,1831240.28018406
2974,9781050.83569444,2227681.81481629,2742685.28811656,1831240.28018406
2975,9781050.83569444,2753516.82260212,2742685.28811656,1831240.28018406
2976,9781050.83569444,3076241.45608789,2742685.28811656,2095526.90265825
2977,9781050.83569444,4265849.27941915,2742685.28811656,2489994.95118213
2978,9781050.83569444,4265849.27941915,3390084.71932742,1866276.53985425
2979,9781050.83569444,4265849.27941915,3787417.99129078,1866276.53985425
2980,9781050.83569444,4265849.27941915,5252043.61869354,2144324.57926542
2981,9781050.83569444,4265849.27941915,5252043.61869354,2144324.57926542
2982,9781050.83569444,4265849.27941915,5252043.61869354,2144324.57926542
2983,9781050.83569444,4265849.27941915,5252043.61869354,2144324.57926542
2984,9781050.83569444,4265849.27941915,5252043.61869354,2144324.57926542
2985,9781050.83569444,4265849.27941915,5252043.61869354,1963669.26688986
2986,9781050.83569444,4265849.27941915,5252043.61869354,1963669.26688986
2987,9781050.83569444,4265849.27941915,5252043.61869354,1963669.26688986
2988,9781050.83569444,4265849.27941915,5252043.61869354,1963669.26688986
2989,9781050.83569444,4265849.27941915,5252043.61869354,1963669.26688986
2990,9781050.83569444,4265849.27941915,5252043.61869354,2520448.66372035
2991,9781050.83569444,4265849.27941915,5252043.61869354,2972218.09032908
2992,9781050.83569444,4265849.27941915,5252043.61869354,2972218.09032908
2993,9781050.83569444,4265849.27941915,5252043.61869354,2972218.09032908
2994,9781050.83569444,4265849.27941915,5252043.61869354,2795049.81648611
2995,9781050.83569444,4265849.27941915,5252043.61869354,2795049.81648611
2996,9350589.57835800,4265849.27941915,5252043.61869354,2795049.81648611
2997,9350589.57835800,4265849.27941915,5252043.61869354,2795049.81648611
2998,9350589.57835800,4265849.27941915,5252043.61869354,2795049.81648611
2999,9350589.57835800,4265849.27941915,5252043.61869354,2795049.81648611
3000,9350589.57835800,4265849.27941915,5252043.61869354,2795049.81648611
3001,9350589.57835800,4265849.27941915,5252043.61869354,3289365.08164255
3002,9350589.57835800,4265849.27941915,5252043.61869354,3319731.16042862
3003,9350589.57835800,4265849.27941915,5252043.61869354,3319731.16042862
3004,9350589.57835800,4265849.27941915,5252043.61869354,3319731.16042862
3005,9350589.57835800,4265849.27941915,5252043.61869354,3319731.16042862
3006,9350589.57835800,4265849.27941915,5252043.61869354,3319731.16042862
3007,9350589.57835800,4265849.27941915,5252043.61869354,3319731.16042862
3008,9350589.57835800,4265849.27941915,5252043.61869354,3319731.16042862
3009,9350589.57835800,4265849.27941915,5252043.61869354,3319731.16042862
3010,9350589.57835800,3748243.40736051,5252043.61869354,3319731.16042862
3011,9350589.57835800,3748243.40736051,5252043.61869354,3319731.16042862
3012,9350589.57835800,3748243.40736051,5252043.61869354,3005445.03207289
3013,9350589.57835800,3748243.40736051,4614775.76432761,3005445.03207289
3014,9350589.57835800,3748243.40736051,4614775.76432761,3005445.03207289
3015,9350589.57835800,3748243.40736051,4614775.76432761,3005445.03207289
3016,9350589.57835800,3748243.40736051,4614775.76432761,3005445.03207289
3017,9350589.57835800,3748243.40736051,4614775.76432761,3005445.03207289
3018,9350589.57835800,3748243.40736051,4614775.76432761,3005445.03207289
3019,9350589.57835800,3748243.40736051,4614775.76432761,3005445.03207289
3020,9350589.57835800,3748243.40736051,4614775.76432761,3714867.80570642
3021,9350589.57835800,3748243.40736051,4614775.76432761,4150267.12529791
3022,9350589.57835800,3748243.40736051,4614775.76432761,5755209.49137852
3023,9350589.57835800,3748243.40736051,4614775.76432761,5755209.49137852
3024,9350589.57835800,3748243.40736051,4614775.76432761,5755209.49137852
3025,9350589.57835800,3748243.40736051,4614775.76432761,5755209.49137852
3026,9350589.57835800,3748243.40736051,4614775.76432761,5755209.49137852
3027,9350589.57835800,3748243.40736051,4614775.76432761,5755209.49137852
3028,9350589.57835800,3748243.40736051,4614775.76432761,5755209.49137852
3029,11081949.33427317,3748243.40736051,4614775.76432761,5755209.49137852
3030,11233866.38863911,3748243.40736051,4614775.76432761,5755209.49137852
3031,11233866.38863911,3748243.40736051,4614775.76432761,5755209.49137852
3032,11233866.38863911,3748243.40736051,4614775.76432761,5755209.49137852
3033,11233866.38863911,3748243.40736051,4614775.76432761,5755209.49137852
3034,11233866.38863911,3748243.40736051,4614775.76432761,5755209.49137852
3035,11233866.38863911,3748243.40736051,4614775.76432761,5755209.49137852
3036,11233866.38863911,3515997.02594960,4614775.76432761,5755209.49137852
3037,11233866.38863911,3515997.02594960,4614775.76432761,5755209.49137852
3038,11233866.38863911,3515997.02594960,4614775.76432761,5755209.49137852
3039,11233866.38863911,3515997.02594960,4328837.83132592,5755209.49137852
3040,11233866.38863911,4429406.44670559,4328837.83132592,5755209.49137852
3041,11233866.38863911,4429406.44670559,4328837.83132592,5755209.49137852
3042,11233866.38863911,4537993.13860780,4328837.83132592,5755209.49137852
3043,11233866.38863911,4745965.32988233,5453412.51864101,5755209.49137852
3044,11233866.38863911,4041874.29859301,5453412.51864101,5755209.49137852
3045,11233866.38863911,4041874.29859301,5587102.67150962,5755209.49137852
3046,11233866.38863911,4041874.29859301,5843154.62002053,5755209.49137852
3047,11233866.38863911,4041874.29859301,4976289.29833577,5755209.49137852
3048,11233866.38863911,4041874.29859301,4976289.29833577,5755209.49137852
3049,11233866.38863911,4041874.29859301,4976289.29833577,5755209.49137852
3050,11233866.38863911,4041874.29859301,4976289.29833577,5755209.49137852
3051,11233866.38863911,4041874.29859301,4976289.29833577,5755209.49137852
3052,11233866.38863911,4041874.29859301,4976289.29833577,5755209.49137852
3053,11233866.38863911,4041874.29859301,4976289.29833577,5755209.49137852
3054,11233866.38863911,4041874.29859301,4976289.29833577,5755209.49137852
3055,11233866.38863911,4041874.29859301,4976289.29833577,5056888.93841450
3056,11233866.38863911,4041874.29859301,4976289.29833577,5056888.93841450
3057,11233866.38863911,4041874.29859301,4976289.29833577,5056888.93841450
3058,11233866.38863911,4041874.29859301,4976289.29833577,5056888.93841450
3059,11233866.38863911,4041874.29859301,4976289.29833577,5056888.93841450
3060,11233866.38863911,4041874.29859301,4976289.29833577,5056888.93841450
3061,11233866.38863911,4041874.29859301,4976289.29833577,5056888.93841450
3062,11233866.38863911,4041874.29859301,4976289.29833577,5056888.93841450
3063,11233866.38863911,4041874.29859301,4976289.29833577,5056888.93841450
3064,11233866.38863911,4041874.29859301,4976289.29833577,5056888.93841450
3065,11233866.38863911,4041874.29859301,4976289.29833577,5056888.93841450
3066,11233866.38863911,4041874.29859301,4976289.29833577,5056888.93841450
3067,11233866.38863911,4041874.29859301,4976289.29833577,5056888.93841450
3068,11233866.38863911,5052109.26945466,4976289.29833577,5056888.93841450
3069,11233866.38863911,4759100.84084613,4976289.29833577,5056888.93841450
3070,11233866.38863911,5139693.88619085,4976289.29833577,5056888.93841450
3071,11233866.38863911,4658527.62461708,6220074.01377171,5056888.93841450
3072,11233866.38863911,4658527.62461708,5859326.84552988,5056888.93841450
3073,11233866.38863911,4658527.62461708,6327906.75639680,5056888.93841450
3074,11233866.38863911,4658527.62461708,5735502.75238725,5056888.93841450
3075,11233866.38863911,4658527.62461708,5735502.75238725,5056888.93841450
3076,11233866.38863911,4658527.62461708,5735502.75238725,5056888.93841450
3077,10298481.98299256,4658527.62461708,5735502.75238725,5056888.93841450
3078,10298481.98299256,4658527.62461708,5735502.75238725,5056888.93841450
3079,10298481.98299256,4658527.62461708,5735502.75238725,5056888.93841450
3080,10298481.98299256,4658527.62461708,5735502.75238725,5056888.93841450
3081,10298481.98299256,4658527.62461708,5735502.75238725,4743557.05744931
3082,10298481.98299256,4658527.62461708,5735502.75238725,4743557.05744931
3083,10298481.98299256,4658527.62461708,5735502.75238725,4743557.05744931
3084,10298481.98299256,4658527.62461708,5735502.75238725,4743557.05744931
3085,10298481.98299256,4658527.62461708,5735502.75238725,5975870.30236668
3086,10298481.98299256,4658527.62461708,5735502.75238725,5975870.30236668
3087,10298481.98299256,4658527.62461708,5735502.75238725,6122368.48337088
3088,10298481.98299256,4658527.62461708,5735502.75238725,6402951.18818902
3089,10298481.98299256,4658527.62461708,5735502.75238725,5453036.85211044
3090,10298481.98299256,4658527.62461708,5735502.75238725,5453036.85211044
3091,10298481.98299256,4658527.62461708,5735502.75238725,5453036.85211044
3092,10298481.98299256,4658527.62461708,5735502.75238725,5453036.85211044
3093,12003298.25720417,4658527.62461708,5735502.75238725,5453036.85211044
3094,12003298.25720417,4658527.62461708,5735502.75238725,5453036.85211044
3095,12003298.25720417,4658527.62461708,5735502.75238725,5453036.85211044
3096,12003298.25720417,4658527.62461708,5735502.75238725,5453036.85211044
3097,12003298.25720417,4658527.62461708,5735502.75238725,5453036.85211044
3098,11050361.11528589,4658527.62461708,5735502.75238725,5453036.85211044
3099,11692896.35194488,4658527.62461708,5735502.75238725,5453036.85211044
3100,11692896.35194488,4658527.62461708,5735502.75238725,5453036.85211044
3101,10587201.91285717,4658527.62461708,5735502.75238725,5453036.85211044
3102,10587201.91285717,4658527.62461708,5735502.75238725,5453036.85211044
3103,10587201.91285717,4658527.62461708,5735502.75238725,5453036.85211044
3104,10587201.91285717,4658527.62461708,5735502.75238725,5453036.85211044
3105,10587201.91285717,4658527.62461708,5735502.75238725,5453036.85211044
3106,10587201.91285717,4658527.62461708,5735502.75238725,5453036.85211044
3107,10587201.91285717,4658527.62461708,5735502.75238725,5453036.85211044
3108,10587201.91285717,4658527.62461708,5735502.75238725,5453036.85211044
3109,10587201.91285717,4658527.62461708,5735502.75238725,5453036.85211044
3110,10587201.91285717,4658527.62461708,5735502.75238725,5453036.85211044
3111,10587201.91285717,4658527.62461708,5735502.75238725,5453036.85211044
3112,10587201.91285717,4658527.62461708,5735502.75238725,5453036.85211044
3113,10587201.91285717,4658527.62461708,5735502.75238725,6815980.90193330
3114,10587201.91285717,4658527.62461708,5735502.75238725,6420672.77477617
3115,10587201.91285717,4658527.62461708,5735502.75238725,6934144.43386369
3116,10587201.91285717,4658527.62461708,5735502.75238725,6284985.85976668
3117,10587201.91285717,4658527.62461708,5735502.75238725,6284985.85976668
3118,10587201.91285717,4658527.62461708,5735502.75238725,6284985.85976668
3119,10587201.91285717,4658527.62461708,5735502.75238725,6284985.85976668
3120,10587201.91285717,4658527.62461708,5735502.75238725,6284985.85976668
3121,10587201.91285717,4658527.62461708,5735502.75238725,6284985.85976668
3122,9074630.06533491,4658527.62461708,5735502.75238725,6284985.85976668
3123,9074630.06533491,4658527.62461708,5735502.75238725,6284985.85976668
3124,9074630.06533491,4658527.62461708,5735502.75238725,6284985.85976668
3125,9074630.06533491,4658527.62461708,5735502.75238725,6284985.85976668
3126,9074630.06533491,4658527.62461708,5735502.75238725,6284985.85976668
3127,9074630.06533491,4658527.62461708,5735502.75238725,6284985.85976668
3128,9074630.06533491,4658527.62461708,5735502.75238725,6284985.85976668
3129,9074630.06533491,4658527.62461708,5735502.75238725,6284985.85976668
3130,9074630.06533491,4658527.62461708,5735502.75238725,6284985.85976668
3131,9074630.06533491,4658527.62461708,5735502.75238725,6284985.85976668
3132,9074630.06533491,4658527.62461708,5735502.75238725,6284985.85976668
3133,9074630.06533491,4658527.62461708,5735502.75238725,6284985.85976668
3134,9074630.06533491,4658527.62461708,5735502.75238725,6284985.85976668
3135,9074630.06533491,4658527.62461708,5735502.75238725,6284985.85976668
3136,9074630.06533491,4658527.62461708,5735502.75238725,6284985.85976668
3137,9074630.06533491,4658527.62461708,5735502.75238725,6284985.85976668
3138,9074630.06533491,4658527.62461708,5735502.75238725,6284985.85976668
3139,9074630.06533491,4658527.62461708,5735502.75238725,6284985.85976668
3140,9074630.06533491,4658527.62461708,5735502.75238725,6284985.85976668
3141,8504473.39219658,4658527.62461708,5735502.75238725,6284985.85976668
3142,8504473.39219658,4658527.62461708,5735502.75238725,6284985.85976668
3143,8504473.39219658,4658527.62461708,5735502.75238725,6284985.85976668
3144,8504473.39219658,4658527.62461708,5735502.75238725,6284985.85976668
3145,8504473.39219658,4658527.62461708,5735502.75238725,6284985.85976668
3146,8504473.39219658,4658527.62461708,5735502.75238725,6284985.85976668
3147,8504473.39219658,4453507.15265397,5735502.75238725,6284985.85976668
3148,9302908.39414636,4453507.15265397,5735502.75238725,6284985.85976668
3149,9302908.39414636,4453507.15265397,5735502.75238725,6284985.85976668
3150,9302908.39414636,4453507.15265397,5483084.91224687,6284985.85976668
3151,8169078.23178490,4453507.15265397,5483084.91224687,6284985.85976668
3152,8169078.23178490,4453507.15265397,5483084.91224687,6284985.85976668
3153,8169078.23178490,4453507.15265397,5483084.91224687,6284985.85976668
3154,8169078.23178490,4453507.15265397,5483084.91224687,6284985.85976668
3155,8169078.23178490,4453507.15265397,5483084.91224687,6284985.85976668
3156,8169078.23178490,4453507.15265397,5483084.91224687,6284985.85976668
3157,8169078.23178490,4453507.15265397,5483084.91224687,6284985.85976668
3158,8169078.23178490,4453507.15265397,5483084.91224687,6284985.85976668
3159,8169078.23178490,4453507.15265397,5483084.91224687,6284985.85976668
3160,8169078.23178490,4453507.15265397,5483084.91224687,6284985.85976668
3161,8169078.23178490,4453507.15265397,5483084.91224687,6284985.85976668
3162,8169078.23178490,4453507.15265397,5483084.91224687,6284985.85976668
3163,8169078.23178490,4453507.15265397,5483084.91224687,6284985.85976668
3164,8169078.23178490,4453507.15265397,5483084.91224687,6284985.85976668
3165,8169078.23178490,4453507.15265397,5483084.91224687,6284985.85976668
3166,8169078.23178490,4453507.15265397,5483084.91224687,6284985.85976668
3167,8169078.23178490,4453507.15265397,5483084.91224687,6284985.85976668
3168,8169078.23178490,4453507.15265397,5483084.91224687,6284985.85976668
3169,7985909.38775758,4453507.15265397,5483084.91224687,6284985.85976668
3170,7985909.38775758,4453507.15265397,5483084.91224687,6284985.85976668
3171,7985909.38775758,4453507.15265397,5483084.91224687,6284985.85976668
3172,7985909.38775758,4453507.15265397,5483084.91224687,6284985.85976668
3173,7985909.38775758,4453507.15265397,5483084.91224687,6284985.85976668
3174,11159266.08484366,4453507.15265397,5483084.91224687,6284985.85976668
3175,11159266.08484366,4453507.15265397,5483084.91224687,6284985.85976668
3176,9135876.89626788,4453507.15265397,5483084.91224687,6284985.85976668
3177,9135876.89626788,4453507.15265397,5483084.91224687,6284985.85976668
3178,9135876.89626788,4453507.15265397,5483084.91224687,6284985.85976668
3179,9135876.89626788,4453507.15265397,5483084.91224687,6284985.85976668
3180,9135876.89626788,5278120.72297169,5483084.91224687,6284985.85976668
3181,9135876.89626788,5350475.91325774,5483084.91224687,6284985.85976668
3182,9135876.89626788,5350475.91325774,5483084.91224687,6284985.85976668
3183,9135876.89626788,5350475.91325774,6498335.60588248,6284985.85976668
3184,9135876.89626788,5350475.91325774,6587418.12861825,6284985.85976668
3185,9135876.89626788,5350475.91325774,6587418.12861825,6284985.85976668
3186,9135876.89626788,5350475.91325774,6587418.12861825,6284985.85976668
3187,9135876.89626788,5350475.91325774,6587418.12861825,6284985.85976668
3188,8829399.07282348,5350475.91325774,6587418.12861825,6284985.85976668
3189,8829399.07282348,5350475.91325774,6587418.12861825,6284985.85976668
3190,10832125.15726354,5350475.91325774,6587418.12861825,6284985.85976668
3191,12253598.64552165,5350475.91325774,6587418.12861825,6284985.85976668
3192,11300929.42129778,5350475.91325774,6587418.12861825,6008385.42480484
3193,11300929.42129778,5350475.91325774,6587418.12861825,6008385.42480484
3194,11300929.42129778,5350475.91325774,6587418.12861825,6008385.42480484
3195,13183887.99332223,5350475.91325774,6587418.12861825,6008385.42480484
3196,13183887.99332223,5350475.91325774,6587418.12861825,6008385.42480484
3197,11914527.82268864,5350475.91325774,6587418.12861825,6008385.42480484
3198,13088410.55965369,5350475.91325774,6587418.12861825,6008385.42480484
3199,13088410.55965369,5350475.91325774,6587418.12861825,6008385.42480484
3200,11333716.84837456,5350475.91325774,6587418.12861825,6008385.42480484
3201,11333716.84837456,5350475.91325774,6587418.12861825,6008385.42480484
3202,11333716.84837456,5350475.91325774,6587418.12861825,6008385.42480484
3203,11333716.84837456,5350475.91325774,6587418.12861825,6008385.42480484
3204,11333716.84837456,5350475.91325774,6587418.12861825,6008385.42480484
3205,18848583.40407398,5350475.91325774,6587418.12861825,6008385.42480484
3206,18848583.40407398,5350475.91325774,6587418.12861825,6008385.42480484
3207,18848583.40407398,5350475.91325774,6587418.12861825,6008385.42480484
3208,18848583.40407398,5350475.91325774,6587418.12861825,6008385.42480484
3209,18848583.40407398,5350475.91325774,6587418.12861825,6008385.42480484
3210,15646271.12383270,5350475.91325774,6587418.12861825,6008385.42480484
3211,15646271.12383270,5350475.91325774,6587418.12861825,6008385.42480484
3212,14255940.42295920,5350475.91325774,6587418.12861825,6008385.42480484
3213,11238863.97518192,5350475.91325774,6587418.12861825,6008385.42480484
3214,8047103.98223008,5350475.91325774,6587418.12861825,6008385.42480484
3215,8047103.98223008,5350475.91325774,6587418.12861825,6008385.42480484
3216,8047103.98223008,5350475.91325774,6587418.12861825,6008385.42480484
3217,8047103.98223008,5350475.91325774,6587418.12861825,6008385.42480484
3218,8047103.98223008,5350475.91325774,6587418.12861825,6008385.42480484
3219,8047103.98223008,5350475.91325774,6587418.12861825,6008385.42480484
3220,8047103.98223008,5350475.91325774,6587418.12861825,6008385.42480484
3221,8047103.98223008,5350475.91325774,6587418.12861825,6008385.42480484
3222,8047103.98223008,5350475.91325774,6587418.12861825,6008385.42480484
3223,8234829.47067107,5350475.91325774,6587418.12861825,6008385.42480484
3224,7459083.20156975,5350475.91325774,6587418.12861825,6008385.42480484
3225,7459083.20156975,5350475.91325774,6587418.12861825,7120901.01918099
3226,7459083.20156975,5350475.91325774,6587418.12861825,7218517.98841940
3227,7459083.20156975,5350475.91325774,6587418.12861825,7218517.98841940
3228,7459083.20156975,4904970.19341848,6587418.12861825,7218517.98841940
3229,7459083.20156975,4904970.19341848,6587418.12861825,7218517.98841940
3230,8657419.33411566,4904970.19341848,6587418.12861825,7218517.98841940
3231,7712312.88498884,4904970.19341848,6038918.79830626,7218517.98841940
3232,7712312.88498884,4904970.19341848,6038918.79830626,7218517.98841940
3233,7712312.88498884,4904970.19341848,6038918.79830626,7218517.98841940
3234,7712312.88498884,4904970.19341848,6038918.79830626,7218517.98841940
3235,8082854.28407832,4904970.19341848,6038918.79830626,7218517.98841940
3236,7896370.15964704,4904970.19341848,6038918.79830626,7218517.98841940
3237,7896370.15964704,4904970.19341848,6038918.79830626,7218517.98841940
3238,7896370.15964704,4904970.19341848,6038918.79830626,7218517.98841940
3239,7896370.15964704,4904970.19341848,6038918.79830626,7218517.98841940
3240,7896370.15964704,4904970.19341848,6038918.79830626,7218517.98841940
3241,7896370.15964704,4904970.19341848,6038918.79830626,7218517.98841940
3242,7896370.15964704,4904970.19341848,6038918.79830626,7218517.98841940
3243,7014779.86351695,4904970.19341848,6038918.79830626,7218517.98841940
3244,7014779.86351695,4904970.19341848,6038918.79830626,7218517.98841940
3245,7014779.86351695,5313717.70953669,6038918.79830626,7218517.98841940
3246,7014779.86351695,5313717.70953669,6038918.79830626,7218517.98841940
3247,7014779.86351695,5313717.70953669,6038918.79830626,7218517.98841940
3248,7014779.86351695,5313717.70953669,6038918.79830626,7218517.98841940
3249,7014779.86351695,5313717.70953669,6038918.79830626,7218517.98841940
3250,7014779.86351695,4891863.74418618,5570660.38881193,7218517.98841940
3251,7014779.86351695,5176306.46925027,5570660.38881193,7218517.98841940
3252,7014779.86351695,5176306.46925027,5570660.38881193,7218517.98841940
3253,7014779.86351695,4686828.66103282,5570660.38881193,7218517.98841940
3254,7014779.86351695,4686828.66103282,5570660.38881193,7218517.98841940
3255,7014779.86351695,4686828.66103282,5128407.84490586,7218517.98841940
3256,7014779.86351695,4686828.66103282,5426604.68335598,7218517.98841940
3257,7014779.86351695,4686828.66103282,5426604.68335598,7218517.98841940
3258,7014779.86351695,4686828.66103282,4913458.37290262,7218517.98841940
3259,7014779.86351695,4686828.66103282,4913458.37290262,7218517.98841940
3260,7014779.86351695,4686828.66103282,4913458.37290262,7218517.98841940
3261,7014779.86351695,4686828.66103282,4913458.37290262,7218517.98841940
3262,7014779.86351695,4686828.66103282,4913458.37290262,7218517.98841940
3263,7014779.86351695,4686828.66103282,4913458.37290262,7218517.98841940
3264,7014779.86351695,4686828.66103282,4913458.37290262,7218517.98841940
3265,7014779.86351695,4686828.66103282,4913458.37290262,7218517.98841940
3266,7014779.86351695,4686828.66103282,4913458.37290262,7218517.98841940
3267,7014779.86351695,4686828.66103282,4913458.37290262,7218517.98841940
3268,7014779.86351695,4686828.66103282,4913458.37290262,7218517.98841940
3269,7014779.86351695,4686828.66103282,4913458.37290262,7218517.98841940
3270,7014779.86351695,4686828.66103282,4913458.37290262,7218517.98841940
3271,7014779.86351695,4686828.66103282,4913458.37290262,7218517.98841940
3272,7014779.86351695,4686828.66103282,4913458.37290262,7218517.98841940
3273,7014779.86351695,4686828.66103282,4913458.37290262,6617470.32373692
3274,7014779.86351695,4017231.05203383,4913458.37290262,6617470.32373692
3275,7014779.86351695,4017231.05203383,4913458.37290262,6617470.32373692
3276,7014779.86351695,4017231.05203383,4913458.37290262,6617470.32373692
3277,9935058.96247744,4017231.05203383,4913458.37290262,6617470.32373692
3278,9935058.96247744,4017231.05203383,4913458.37290262,6617470.32373692
3279,9935058.96247744,4017231.05203383,4211482.64126010,6617470.32373692
3280,9935058.96247744,4017231.05203383,4211482.64126010,6617470.32373692
3281,9935058.96247744,4017231.05203383,4211482.64126010,6617470.32373692
3282,9935058.96247744,4017231.05203383,4211482.64126010,6617470.32373692
3283,9935058.96247744,4017231.05203383,4211482.64126010,6617470.32373692
3284,9935058.96247744,4017231.05203383,4211482.64126010,6617470.32373692
3285,11501830.25229149,4017231.05203383,4211482.64126010,6617470.32373692
3286,11798660.05118438,4017231.05203383,4211482.64126010,6617470.32373692
3287,14727511.87140578,4017231.05203383,4211482.64126010,6617470.32373692
3288,12367706.01619658,4017231.05203383,4211482.64126010,6617470.32373692
3289,12367706.01619658,4017231.05203383,4211482.64126010,6617470.32373692
3290,12367706.01619658,4017231.05203383,4211482.64126010,6617470.32373692
3291,12367706.01619658,4017231.05203383,4211482.64126010,6617470.32373692
3292,12367706.01619658,4017231.05203383,4211482.64126010,6104350.96708352
3293,12367706.01619658,3764829.45820962,4211482.64126010,6104350.96708352
3294,12367706.01619658,3764829.45820962,4211482.64126010,6104350.96708352
3295,12367706.01619658,3764829.45820962,4211482.64126010,6104350.96708352
3296,10491027.74782949,3764829.45820962,4211482.64126010,6104350.96708352
3297,10694088.51666561,3764829.45820962,4211482.64126010,5619728.93743868
3298,10694088.51666561,3764829.45820962,3946876.27004357,5946494.17389613
3299,10694088.51666561,3764829.45820962,3946876.27004357,5946494.17389613
3300,10694088.51666561,4118287.15949003,3946876.27004357,5384186.48363333
3301,9096693.25661458,4118287.15949003,3946876.27004357,5384186.48363333
3302,9143805.38407825,4118287.15949003,3946876.27004357,5384186.48363333
3303,7979476.18325413,4118287.15949003,3946876.27004357,5384186.48363333
3304,7979476.18325413,3611733.54698619,3946876.27004357,5384186.48363333
3305,7979476.18325413,2722550.41486015,4317425.27608307,5384186.48363333
3306,7979476.18325413,2722550.41486015,4317425.27608307,5384186.48363333
3307,7340849.82081027,2722550.41486015,4317425.27608307,5384186.48363333
3308,7340849.82081027,2722550.41486015,4317425.27608307,5384186.48363333
3309,6419286.93213149,2722550.41486015,3786377.46770583,5384186.48363333
3310,6419286.93213149,2722550.41486015,2854198.24342292,5384186.48363333
3311,6419286.93213149,2722550.41486015,2854198.24342292,5384186.48363333
3312,6241292.11550217,2722550.41486015,2854198.24342292,5384186.48363333
3313,6241292.11550217,2722550.41486015,2854198.24342292,5384186.48363333
3314,6241292.11550217,2722550.41486015,2854198.24342292,5384186.48363333
3315,5964682.33316723,2722550.41486015,2854198.24342292,5384186.48363333
3316,5964682.33316723,2722550.41486015,2854198.24342292,5384186.48363333
3317,5964682.33316723,2722550.41486015,2854198.24342292,5384186.48363333
3318,5964682.33316723,2722550.41486015,2854198.24342292,5384186.48363333
3319,5964682.33316723,2722550.41486015,2854198.24342292,5384186.48363333
3320,5964682.33316723,2722550.41486015,2854198.24342292,5384186.48363333
3321,5964682.33316723,2722550.41486015,2854198.24342292,4614958.79118103
3322,5964682.33316723,2722550.41486015,2854198.24342292,4614958.79118103
3323,6579969.83977670,2661504.79892325,2854198.24342292,4614958.79118103
3324,6579969.83977670,2661504.79892325,2854198.24342292,4614958.79118103
3325,6579969.83977670,2661504.79892325,2854198.24342292,4614958.79118103
3326,6579969.83977670,2661504.79892325,2854198.24342292,4614958.79118103
3327,9009821.31970664,2661504.79892325,2854198.24342292,4614958.79118103
3328,9290439.35799102,2661504.79892325,2790200.79131891,4614958.79118103
3329,9290439.35799102,3688255.31537055,2790200.79131891,4614958.79118103
3330,9290439.35799102,3019503.81566720,2790200.79131891,4614958.79118103
3331,8137492.85850857,3019503.81566720,2790200.79131891,4614958.79118103
3332,8154834.34568707,3019503.81566720,2790200.79131891,4614958.79118103
3333,8154834.34568707,3019503.81566720,2790200.79131891,4614958.79118103
3334,8154834.34568707,3019503.81566720,2790200.79131891,4614958.79118103
3335,8154834.34568707,3019503.81566720,4171592.42036727,4614958.79118103
3336,8154834.34568707,3019503.81566720,4171592.42036727,4614958.79118103
3337,8154834.34568707,3019503.81566720,4171592.42036727,4614958.79118103
3338,8154834.34568707,3019503.81566720,4171592.42036727,4614958.79118103
3339,8154834.34568707,3019503.81566720,4171592.42036727,4614958.79118103
3340,8154834.34568707,3019503.81566720,4171592.42036727,4325002.11723334
3341,8154834.34568707,3019503.81566720,4171592.42036727,4325002.11723334
3342,8154834.34568707,2918209.65772098,4171592.42036727,4325002.11723334
3343,8154834.34568707,2918209.65772098,4171592.42036727,4325002.11723334
3344,8154834.34568707,3580131.78324496,4171592.42036727,4325002.11723334
3345,8154834.34568707,4049943.78601160,4171592.42036727,4325002.11723334
3346,8154834.34568707,3735076.54444579,4171592.42036727,4325002.11723334
3347,8154834.34568707,4622415.17102684,4171592.42036727,4731051.13575041
3348,8154834.34568707,4622415.17102684,4171592.42036727,4731051.13575041
3349,8154834.34568707,4426039.04627594,4171592.42036727,4731051.13575041
3350,8154834.34568707,4862115.98586415,4171592.42036727,4731051.13575041
3351,8154834.34568707,4862115.98586415,4171592.42036727,4149126.91557254
3352,8154834.34568707,4210277.91087246,4171592.42036727,3127641.35513971
3353,8154834.34568707,4210277.91087246,4171592.42036727,3127641.35513971
3354,8154834.34568707,4210277.91087246,4031649.57965171,3127641.35513971
3355,8154834.34568707,4210277.91087246,4031649.57965171,3127641.35513971
3356,8154834.34568707,4210277.91087246,4946127.41782562,3127641.35513971
3357,8154834.34568707,7001919.61905163,5595195.71161939,3127641.35513971
3358,8154834.34568707,7001919.61905163,5160191.19481018,3127641.35513971
3359,8154834.34568707,7001919.61905163,5160191.19481018,3127641.35513971
3360,7534455.54761385,7001919.61905163,5160191.19481018,3127641.35513971
3361,7534455.54761385,7001919.61905163,6019981.20688134,3127641.35513971
3362,8120947.79574599,5812316.52259267,6019981.20688134,3127641.35513971
3363,6897400.98860633,5812316.52259267,5440370.36857261,3127641.35513971
3364,6897400.98860633,5295832.94381551,5976384.63228536,3127641.35513971
3365,6897400.98860633,5295832.94381551,5976384.63228536,3127641.35513971
3366,6897400.98860633,5295832.94381551,5175162.47603801,3127641.35513971
3367,6897400.98860633,5295832.94381551,5175162.47603801,3127641.35513971
3368,13917756.77482828,5295832.94381551,5175162.47603801,3127641.35513971
3369,13917756.77482828,6475201.20718689,5175162.47603801,3127641.35513971
3370,13917756.77482828,6475201.20718689,5175162.47603801,3057512.70227359
3371,13917756.77482828,6475201.20718689,8606574.77720787,3057512.70227359
3372,13917756.77482828,6475201.20718689,8606574.77720787,3057512.70227359
3373,13917756.77482828,6475201.20718689,8606574.77720787,3057512.70227359
3374,13917756.77482828,6475201.20718689,8606574.77720787,3057512.70227359
3375,13917756.77482828,6475201.20718689,8606574.77720787,3057512.70227359
3376,13917756.77482828,6475201.20718689,7144346.05110050,3057512.70227359
3377,13917756.77482828,6475201.20718689,7144346.05110050,4571246.93450900
3378,13917756.77482828,6475201.20718689,6509498.06886279,4571246.93450900
3379,19295178.86317502,6626256.83068288,6509498.06886279,4571246.93450900
3380,19295178.86317502,6002043.05275137,6509498.06886279,4571246.93450900
3381,19295178.86317502,6002043.05275137,6509498.06886279,4571246.93450900
3382,19295178.86317502,6002043.05275137,6509498.06886279,4571246.93450900
3383,19295178.86317502,6002043.05275137,7959146.40829151,4571246.93450900
3384,19295178.86317502,6002043.05275137,7959146.40829151,4571246.93450900
3385,19295178.86317502,6002043.05275137,7959146.40829151,4571246.93450900
3386,19295178.86317502,6966298.96260560,7959146.40829151,4571246.93450900
3387,19295178.86317502,6205807.43250732,7959146.40829151,4571246.93450900
3388,19295178.86317502,6205807.43250732,7959146.40829151,4571246.93450900
3389,19295178.86317502,6205807.43250732,7959146.40829151,4571246.93450900
3390,19295178.86317502,6205807.43250732,7959146.40829151,4571246.93450900
3391,16632493.71838515,6503968.12733558,7959146.40829151,4571246.93450900
3392,16632493.71838515,6353911.38266009,7959146.40829151,4571246.93450900
3393,25192546.41245181,6353911.38266009,8144819.99351785,4571246.93450900
3394,25192546.41245181,6353911.38266009,7377552.89406225,4571246.93450900
3395,25192546.41245181,6353911.38266009,7377552.89406225,4571246.93450900
3396,25192546.41245181,6353911.38266009,7377552.89406225,4417897.03423970
3397,25192546.41245181,6353911.38266009,7377552.89406225,4417897.03423970
3398,25192546.41245181,6353911.38266009,7377552.89406225,5419985.34804982
3399,25192546.41245181,5644528.90638645,7377552.89406225,6131236.86768666
3400,21067218.67800498,5644528.90638645,8562790.80652620,5654557.25386509
3401,20875594.75059249,5644528.90638645,7628014.69121418,5654557.25386509
3402,20875594.75059249,5644528.90638645,7628014.69121418,5654557.25386509
3403,20875594.75059249,5644528.90638645,7628014.69121418,6596718.43859936
3404,20875594.75059249,5644528.90638645,7628014.69121418,6596718.43859936
3405,20875594.75059249,5644528.90638645,7994505.94722366,5961578.66442322
3406,20875594.75059249,5644528.90638645,7810060.15747766,6548945.14535912
3407,19695808.41655476,5644528.90638645,7810060.15747766,6548945.14535912
3408,33239376.68726166,5644528.90638645,7810060.15747766,5670962.84111380
3409,33239376.68726166,5644528.90638645,7810060.15747766,5670962.84111380
3410,41209946.32951442,5644528.90638645,7810060.15747766,5670962.84111380
3411,41209946.32951442,5644528.90638645,7810060.15747766,5670962.84111380
3412,77217189.03508691,5644528.90638645,7810060.15747766,5670962.84111380
3413,56508032.05253004,5644528.90638645,6938105.94208253,9431117.56912009
3414,56508032.05253004,5644528.90638645,6938105.94208253,9431117.56912009
3415,56508032.05253004,5644528.90638645,6938105.94208253,9431117.56912009
3416,56508032.05253004,5644528.90638645,6938105.94208253,9431117.56912009
3417,56508032.05253004,5644528.90638645,6938105.94208253,9431117.56912009
3418,56508032.05253004,5644528.90638645,6938105.94208253,7828801.73664938
3419,56508032.05253004,5644528.90638645,6938105.94208253,7828801.73664938
3420,51161559.62810681,5644528.90638645,6938105.94208253,7133132.88882175
3421,58724866.94433418,5644528.90638645,6938105.94208253,7133132.88882175
3422,63968539.27402790,5644528.90638645,6938105.94208253,7133132.88882175
3423,63968539.27402790,5644528.90638645,6938105.94208253,7133132.88882175
3424,63968539.27402790,5644528.90638645,6938105.94208253,7133132.88882175
3425,63968539.27402790,5644528.90638645,6938105.94208253,8721663.08543817
3426,63968539.27402790,5644528.90638645,6938105.94208253,8721663.08543817
3427,63968539.27402790,5644528.90638645,6938105.94208253,8721663.08543817
3428,63968539.27402790,5644528.90638645,6938105.94208253,8721663.08543817
3429,63968539.27402790,5644528.90638645,6938105.94208253,8721663.08543817
3430,63968539.27402790,5644528.90638645,6938105.94208253,8721663.08543817
3431,63968539.27402790,5644528.90638645,6938105.94208253,8721663.08543817
3432,63968539.27402790,5644528.90638645,6938105.94208253,8721663.08543817
3433,63968539.27402790,7994367.40588491,6938105.94208253,8721663.08543817
3434,63968539.27402790,7994367.40588491,6938105.94208253,8721663.08543817
3435,63968539.27402790,7994367.40588491,6938105.94208253,8925124.91050556
3436,63968539.27402790,7994367.40588491,6938105.94208253,8084350.68740271
3437,63968539.27402790,7994367.40588491,6938105.94208253,8084350.68740271
3438,63968539.27402790,7994367.40588491,6938105.94208253,8084350.68740271
3439,63968539.27402790,7994367.40588491,6938105.94208253,8084350.68740271
3440,63968539.27402790,7994367.40588491,6938105.94208253,8084350.68740271
3441,63968539.27402790,9255089.19717686,6938105.94208253,8084350.68740271
3442,63968539.27402790,9493936.94617633,6938105.94208253,9383138.92653218
3443,63968539.27402790,9493936.94617633,6938105.94208253,8358807.68297410
3444,63968539.27402790,9493936.94617633,6938105.94208253,8358807.68297410
3445,63968539.27402790,9493936.94617633,6938105.94208253,8358807.68297410
3446,63968539.27402790,11626317.63515931,6938105.94208253,8358807.68297410
3447,63968539.27402790,11626317.63515931,6938105.94208253,8760410.20348357
3448,63968539.27402790,11626317.63515931,8790068.62058200,8558293.80140101
3449,63968539.27402790,11626317.63515931,8790068.62058200,8558293.80140101
3450,78952681.48793691,11626317.63515931,8790068.62058200,8558293.80140101
3451,78952681.48793691,11626317.63515931,8790068.62058200,8558293.80140101
3452,78952681.48793691,11626317.63515931,8790068.62058200,8558293.80140101
3453,78952681.48793691,11626317.63515931,8790068.62058200,8558293.80140101
3454,78952681.48793691,11626317.63515931,8790068.62058200,8558293.80140101
3455,78952681.48793691,11626317.63515931,10176273.49387337,7602803.03612479
3456,78952681.48793691,11626317.63515931,10438894.41144983,7602803.03612479
3457,78952681.48793691,11626317.63515931,10438894.41144983,7602803.03612479
3458,78952681.48793691,11626317.63515931,10438894.41144983,7602803.03612479
3459,78952681.48793691,11626317.63515931,10438894.41144983,7602803.03612479
3460,78952681.48793691,11626317.63515931,12783516.77238441,7602803.03612479
3461,91710969.31129126,11626317.63515931,12783516.77238441,7602803.03612479
3462,103037568.98476890,11626317.63515931,12783516.77238441,7602803.03612479
3463,103037568.98476890,11626317.63515931,12783516.77238441,7602803.03612479
3464,189017511.25595215,11626317.63515931,12783516.77238441,7602803.03612479
3465,188680350.49218601,11626317.63515931,12783516.77238441,7602803.03612479
3466,188680350.49218601,11626317.63515931,12783516.77238441,7602803.03612479
3467,188680350.49218601,11626317.63515931,12783516.77238441,7602803.03612479
3468,188680350.49218601,11626317.63515931,12783516.77238441,7602803.03612479
3469,188680350.49218601,11626317.63515931,12783516.77238441,7602803.03612479
3470,188680350.49218601,11626317.63515931,12783516.77238441,7602803.03612479
3471,188680350.49218601,11851352.68934805,12783516.77238441,7602803.03612479
3472,188680350.49218601,11851352.68934805,12783516.77238441,7602803.03612479
3473,188680350.49218601,11851352.68934805,12783516.77238441,7602803.03612479
3474,188680350.49218601,11851352.68934805,12783516.77238441,7602803.03612479
3475,188680350.49218601,10081094.79577861,12783516.77238441,7602803.03612479
3476,188680350.49218601,10133305.17702311,12783516.77238441,7602803.03612479
3477,188680350.49218601,8842977.72331171,12783516.77238441,7602803.03612479
3478,188680350.49218601,8842977.72331171,12783516.77238441,7602803.03612479
3479,188680350.49218601,8842977.72331171,12783516.77238441,7602803.03612479
3480,188680350.49218601,8842977.72331171,12783516.77238441,7602803.03612479
3481,188680350.49218601,8135242.20698017,12783516.77238441,7602803.03612479
3482,176989453.21505037,8135242.20698017,12783516.77238441,7602803.03612479
3483,157611311.80521154,7113952.09869967,12783516.77238441,7602803.03612479
3484,157611311.80521154,7113952.09869967,12783516.77238441,7602803.03612479
3485,157611311.80521154,7113952.09869967,13030950.17992323,7602803.03612479
3486,157611311.80521154,6916695.51666723,13030950.17992323,7602803.03612479
3487,190105272.86460048,6916695.51666723,13030950.17992323,7602803.03612479
3488,190105272.86460048,6916695.51666723,13030950.17992323,7602803.03612479
3489,173916612.62011617,6610152.31921132,11084493.68492307,7602803.03612479
3490,173916612.62011617,6610152.31921132,11141900.70796132,9632190.82472626
3491,143576974.47140869,6610152.31921132,9723143.43983842,9632190.82472626
3492,129275914.88401985,6610152.31921132,9723143.43983842,9632190.82472626
3493,129275914.88401985,6610152.31921132,9723143.43983842,9632190.82472626
3494,129275914.88401985,6610152.31921132,9723143.43983842,9632190.82472626
3495,129275914.88401985,6610152.31921132,8944965.07525665,9632190.82472626
3496,129275914.88401985,6610152.31921132,8944965.07525665,9632190.82472626
3497,129275914.88401985,6610152.31921132,7822023.17410025,11151199.42841835
3498,110731758.90126035,6610152.31921132,7822023.17410025,11438980.43467103
3499,110731758.90126035,7028046.18597798,7822023.17410025,11438980.43467103
3500,110731758.90126035,7028046.18597798,7605133.10589419,11438980.43467103
3501,110731758.90126035,9623363.31384403,7605133.10589419,11438980.43467103
3502,110731758.90126035,9923090.60465303,7605133.10589419,14008226.58817225
3503,110731758.90126035,9923090.60465303,7268078.82704950,14008226.58817225
3504,110731758.90126035,9923090.60465303,7268078.82704950,14008226.58817225
3505,110731758.90126035,8691631.88286058,7268078.82704950,14008226.58817225
3506,110731758.90126035,8710154.27366050,7268078.82704950,14008226.58817225
3507,110731758.90126035,8710154.27366050,7268078.82704950,14008226.58817225
3508,117564013.06359491,8710154.27366050,7268078.82704950,14008226.58817225
3509,117564013.06359491,8710154.27366050,7268078.82704950,14008226.58817225
3510,117564013.06359491,8710154.27366050,7268078.82704950,14008226.58817225
3511,117564013.06359491,8710154.27366050,7268078.82704950,14008226.58817225
3512,117564013.06359491,8710154.27366050,7268078.82704950,14008226.58817225
3513,117564013.06359491,8710154.27366050,7727566.81133895,14008226.58817225
3514,117564013.06359491,8710154.27366050,7727566.81133895,14008226.58817225
3515,117564013.06359491,8710154.27366050,10581202.93886056,14008226.58817225
3516,117564013.06359491,8710154.27366050,10910762.90526050,14008226.58817225
3517,117564013.06359491,8710154.27366050,10910762.90526050,14008226.58817225
3518,117564013.06359491,8710154.27366050,10910762.90526050,14008226.58817225
3519,117564013.06359491,8710154.27366050,9556733.73467203,14008226.58817225
3520,117564013.06359491,8710154.27366050,9577099.70959941,14008226.58817225
3521,117564013.06359491,8710154.27366050,9577099.70959941,14008226.58817225
3522,92335054.55213100,8710154.27366050,9577099.70959941,14008226.58817225
3523,80916521.08843234,8710154.27366050,9577099.70959941,14008226.58817225
3524,80916521.08843234,8710154.27366050,9577099.70959941,14008226.58817225
3525,80916521.08843234,8710154.27366050,9577099.70959941,14008226.58817225
3526,80916521.08843234,8710154.27366050,9577099.70959941,14008226.58817225
3527,80916521.08843234,8710154.27366050,9577099.70959941,14279365.06281915
3528,80916521.08843234,8710154.27366050,9577099.70959941,14279365.06281915
3529,80916521.08843234,7827364.02002511,9577099.70959941,14279365.06281915
3530,80916521.08843234,7412916.15737911,9577099.70959941,14279365.06281915
3531,80916521.08843234,7412916.15737911,9577099.70959941,12146430.58856836
3532,80916521.08843234,7412916.15737911,9577099.70959941,12209337.42404961
3533,80916521.08843234,7412916.15737911,9577099.70959941,10654657.78155755
3534,80916521.08843234,7412916.15737911,9577099.70959941,10654657.78155755
3535,80916521.08843234,6782606.35458512,9577099.70959941,10654657.78155755
3536,80916521.08843234,6782606.35458512,9577099.70959941,10654657.78155755
3537,80916521.08843234,6782606.35458512,9577099.70959941,9801926.95238359
3538,80916521.08843234,6782606.35458512,9577099.70959941,9801926.95238359
3539,80916521.08843234,7961426.11887619,9577099.70959941,8571402.92078585
3540,80916521.08843234,15214333.33608161,9577099.70959941,8571402.92078585
3541,67831195.63252829,15214333.33608161,9577099.70959941,8571402.92078585
3542,67831195.63252829,15214333.33608161,9577099.70959941,8333733.95423684
3543,67831195.63252829,15214333.33608161,8606442.93176308,8333733.95423684
3544,67831195.63252829,15214333.33608161,8150743.94179295,8333733.95423684
3545,67831195.63252829,16865386.30873124,8150743.94179295,8333733.95423684
3546,67831195.63252829,16865386.30873124,8150743.94179295,8333733.95423684
3547,67450400.53866738,16865386.30873124,8150743.94179295,10715167.00360196
3548,67450400.53866738,16865386.30873124,8150743.94179295,10715167.00360196
3549,67450400.53866738,16865386.30873124,7457697.68341031,10715167.00360196
3550,67450400.53866738,16865386.30873124,7457697.68341031,10715167.00360196
3551,67450400.53866738,16865386.30873124,7457697.68341031,10715167.00360196
3552,67450400.53866738,16865386.30873124,7457697.68341031,10715167.00360196
3553,67450400.53866738,16865386.30873124,8753848.59733867,11392579.92178416
3554,67450400.53866738,16865386.30873124,16728657.47227467,11392579.92178416
3555,83846036.36191268,16865386.30873124,16728657.47227467,11392579.92178416
3556,83846036.36191268,16865386.30873124,16728657.47227467,11392579.92178416
3557,83846036.36191268,16865386.30873124,16728657.47227467,11392579.92178416
3558,83846036.36191268,16865386.30873124,16728657.47227467,13919330.03137327
3559,83846036.36191268,16865386.30873124,18544044.25511414,13919330.03137327
3560,83846036.36191268,16865386.30873124,18544044.25511414,13919330.03137327
3561,83846036.36191268,16865386.30873124,18544044.25511414,13919330.03137327
3562,83846036.36191268,16865386.30873124,18544044.25511414,13919330.03137327
3563,83846036.36191268,27971146.58279821,18544044.25511414,13919330.03137327
3564,83846036.36191268,40133454.74406594,18544044.25511414,13919330.03137327
3565,83846036.36191268,40133454.74406594,18544044.25511414,13919330.03137327
3566,83846036.36191268,40133454.74406594,18544044.25511414,13459939.80474251
3567,83846036.36191268,40133454.74406594,18544044.25511414,13459939.80474251
3568,83846036.36191268,40133454.74406594,18544044.25511414,13459939.80474251
3569,83846036.36191268,40133454.74406594,18544044.25511414,13459939.80474251
3570,83846036.36191268,37865308.51827150,18544044.25511414,13459939.80474251
3571,83846036.36191268,63902898.86046552,18544044.25511414,13459939.80474251
3572,83846036.36191268,63902898.86046552,18544044.25511414,13459939.80474251
3573,83846036.36191268,79226366.27988829,18544044.25511414,11830164.83104028
3574,69602384.21763344,79226366.27988829,18544044.25511414,11830164.83104028
3575,69602384.21763344,148450503.97980592,18544044.25511414,11830164.83104028
3576,69602384.21763344,108637026.83211343,18544044.25511414,11830164.83104028
3577,69602384.21763344,108637026.83211343,30755191.17099404,11830164.83104028
3578,69602384.21763344,108637026.83211343,44128047.06994982,11830164.83104028
3579,69602384.21763344,108637026.83211343,44128047.06994982,11830164.83104028
3580,69602384.21763344,108637026.83211343,44128047.06994982,11830164.83104028
3581,69602384.21763344,108637026.83211343,44128047.06994982,11830164.83104028
3582,69602384.21763344,108637026.83211343,44128047.06994982,11830164.83104028
3583,69602384.21763344,98358401.88036701,44128047.06994982,11830164.83104028
3584,69602384.21763344,98358401.88036701,41634146.05764823,11830164.83104028
3585,69602384.21763344,96072257.04706040,70263328.85627824,11830164.83104028
3586,69602384.21763344,96072257.04706040,70263328.85627824,11830164.83104028
3587,69602384.21763344,79569781.37017760,87111982.82517463,11830164.83104028
3588,69602384.21763344,79569781.37017760,87111982.82517463,11830164.83104028
3589,69602384.21763344,79569781.37017760,163226187.95101967,11830164.83104028
3590,69602384.21763344,79569781.37017760,119449966.72123589,11830164.83104028
3591,69602384.21763344,79569781.37017760,119449966.72123589,11830164.83104028
3592,66720511.00788300,79569781.37017760,119449966.72123589,11830164.83104028
3593,66720511.00788300,79569781.37017760,119449966.72123589,11830164.83104028
3594,67862426.84420374,79569781.37017760,119449966.72123589,10631155.73388528
3595,67862426.84420374,79569781.37017760,119449966.72123589,10068251.06251784
3596,51934666.23657539,79569781.37017760,119449966.72123589,10068251.06251784
3597,51934666.23657539,79569781.37017760,108148282.16461068,10068251.06251784
3598,51934666.23657539,79569781.37017760,108148282.16461068,10068251.06251784
3599,51934666.23657539,79569781.37017760,105634591.09425017,10068251.06251784
3600,51934666.23657539,79569781.37017760,105634591.09425017,9212161.87885982
3601,51934666.23657539,79569781.37017760,87489578.95701671,9212161.87885982
3602,51934666.23657539,79569781.37017760,87489578.95701671,9212161.87885982
3603,51934666.23657539,79569781.37017760,87489578.95701671,9212161.87885982
3604,51934666.23657539,79569781.37017760,87489578.95701671,10813239.38902782
3605,51934666.23657539,79569781.37017760,87489578.95701671,20664165.69733103
3606,51934666.23657539,79569781.37017760,87489578.95701671,20664165.69733103
3607,51934666.23657539,79569781.37017760,87489578.95701671,20664165.69733103
3608,51934666.23657539,79569781.37017760,87489578.95701671,20664165.69733103
3609,51934666.23657539,79569781.37017760,87489578.95701671,20664165.69733103
3610,51934666.23657539,79569781.37017760,87489578.95701671,22906632.15631094
3611,51934666.23657539,79569781.37017760,87489578.95701671,22906632.15631094
3612,51934666.23657539,79569781.37017760,87489578.95701671,22906632.15631094
3613,51934666.23657539,98208395.50005306,87489578.95701671,22906632.15631094
3614,51934666.23657539,98208395.50005306,87489578.95701671,22906632.15631094
3615,47797522.00584903,98208395.50005306,87489578.95701671,22906632.15631094
3616,47797522.00584903,98208395.50005306,87489578.95701671,22906632.15631094
3617,47797522.00584903,98208395.50005306,87489578.95701671,22906632.15631094
3618,47490717.90631963,98208395.50005306,87489578.95701671,22906632.15631094
3619,39491882.16236956,98208395.50005306,87489578.95701671,22906632.15631094
3620,39491882.16236956,98208395.50005306,87489578.95701671,22906632.15631094
3621,39491882.16236956,98208395.50005306,87489578.95701671,22906632.15631094
3622,39491882.16236956,98208395.50005306,87489578.95701671,22906632.15631094
3623,38316706.74548328,98208395.50005306,87489578.95701671,22906632.15631094
3624,30102354.55531411,114078293.17605454,87489578.95701671,22906632.15631094
3625,30102354.55531411,128167329.28527929,87489578.95701671,22906632.15631094
3626,35085514.59994381,128167329.28527929,87489578.95701671,22906632.15631094
3627,35085514.59994381,235116859.26331094,107983345.23970601,22906632.15631094
3628,35085514.59994381,234697468.59777540,107983345.23970601,37990518.21485453
3629,35085514.59994381,234697468.59777540,107983345.23970601,54509411.65268986
3630,35085514.59994381,234697468.59777540,107983345.23970601,54509411.65268986
3631,32300089.35355074,234697468.59777540,107983345.23970601,54509411.65268986
3632,32300089.35355074,234697468.59777540,107983345.23970601,54509411.65268986
3633,32300089.35355074,234697468.59777540,107983345.23970601,54509411.65268986
3634,32300089.35355074,234697468.59777540,107983345.23970601,54509411.65268986
3635,32300089.35355074,234697468.59777540,107983345.23970601,51428806.77830873
3636,32300089.35355074,234697468.59777540,107983345.23970601,86793161.51571418
3637,32300089.35355074,234697468.59777540,107983345.23970601,86793161.51571418
3638,31960374.48866274,234697468.59777540,125432817.16052108,107605553.54222915
3639,31960374.48866274,234697468.59777540,140924173.50058344,142612306.24805528
3640,25617527.65590088,234697468.59777540,140924173.50058344,107437530.44019823
3641,25617527.65590088,234697468.59777540,258518682.19852710,107437530.44019823
3642,25617527.65590088,234697468.59777540,258057548.43500066,107437530.44019823
3643,21678531.63232114,234697468.59777540,258057548.43500066,107437530.44019823
3644,21678531.63232114,234697468.59777540,258057548.43500066,107437530.44019823
3645,21678531.63232114,220155286.59830967,258057548.43500066,107437530.44019823
3646,21678531.63232114,196051023.89604566,258057548.43500066,107437530.44019823
3647,16325744.29141832,196051023.89604566,258057548.43500066,97272395.09602846
3648,16325744.29141832,196051023.89604566,258057548.43500066,97272395.09602846
3649,16325744.29141832,196051023.89604566,258057548.43500066,95011492.32391325
3650,16325744.29141832,196051023.89604566,258057548.43500066,95011492.32391325
3651,16325744.29141832,196051023.89604566,258057548.43500066,78691225.79440226
3652,16325744.29141832,196051023.89604566,258057548.43500066,78691225.79440226
3653,16325744.29141832,196051023.89604566,258057548.43500066,78691225.79440226
3654,16325744.29141832,196051023.89604566,258057548.43500066,78691225.79440226
3655,16325744.29141832,196051023.89604566,258057548.43500066,78691225.79440226
3656,16325744.29141832,196051023.89604566,258057548.43500066,78691225.79440226
3657,16325744.29141832,176220724.47874460,258057548.43500066,78691225.79440226
3658,16325744.29141832,176220724.47874460,258057548.43500066,78691225.79440226
3659,15046498.17403089,176220724.47874460,242067943.35703051,78691225.79440226
3660,15046498.17403089,176220724.47874460,215564517.57684112,78691225.79440226
3661,15046498.17403089,176220724.47874460,215564517.57684112,78691225.79440226
3662,15046498.17403089,218803551.80987376,215564517.57684112,78691225.79440226
3663,15046498.17403089,218803551.80987376,215564517.57684112,78691225.79440226
3664,15046498.17403089,218803551.80987376,215564517.57684112,78691225.79440226
3665,15046498.17403089,218803551.80987376,215564517.57684112,78691225.79440226
3666,15046498.17403089,218803551.80987376,215564517.57684112,78691225.79440226
3667,15046498.17403089,218803551.80987376,215564517.57684112,78691225.79440226
3668,15046498.17403089,218803551.80987376,215564517.57684112,78691225.79440226
3669,15046498.17403089,218803551.80987376,215564517.57684112,78691225.79440226
3670,15046498.17403089,218803551.80987376,215564517.57684112,78691225.79440226
3671,15046498.17403089,218803551.80987376,193760454.31644496,78691225.79440226
3672,15046498.17403089,218803551.80987376,193760454.31644496,78691225.79440226
3673,15046498.17403089,218803551.80987376,193760454.31644496,78691225.79440226
3674,15046498.17403089,218803551.80987376,193760454.31644496,78691225.79440226
3675,15046498.17403089,218803551.80987376,220847938.62435958,78691225.79440226
3676,15046498.17403089,218803551.80987376,198850264.26433951,78691225.79440226
3677,15046498.17403089,218803551.80987376,198850264.26433951,97124044.98445821
3678,13775776.63917991,218803551.80987376,198850264.26433951,97124044.98445821
3679,13775776.63917991,218803551.80987376,198850264.26433951,97124044.98445821
3680,13775776.63917991,218803551.80987376,198850264.26433951,97124044.98445821
3681,13775776.63917991,187416984.57510063,198850264.26433951,97124044.98445821
3682,15069103.30863082,187416984.57510063,170325922.96658799,97124044.98445821
3683,13630467.23224050,187416984.57510063,170325922.96658799,97124044.98445821
3684,11170635.17674561,187416984.57510063,170325922.96658799,97124044.98445821
3685,11853219.15407066,187416984.57510063,170325922.96658799,97124044.98445821
3686,11853219.15407066,187416984.57510063,170325922.96658799,97124044.98445821
3687,11853219.15407066,187416984.57510063,170325922.96658799,97124044.98445821
3688,11853219.15407066,187416984.57510063,170325922.96658799,112818718.01047139
3689,11853219.15407066,187416984.57510063,170325922.96658799,126752192.53566368
3690,11853219.15407066,187416984.57510063,170325922.96658799,126752192.53566368
3691,11853219.15407066,198980789.62670493,170325922.96658799,232520858.31788182
3692,11414488.32888841,198980789.62670493,180835193.36641639,232106098.27971873
3693,11414488.32888841,198980789.62670493,180835193.36641639,232106098.27971873
3694,14949840.09014377,198980789.62670493,180835193.36641639,232106098.27971873
3695,14949840.09014377,198980789.62670493,180835193.36641639,232106098.27971873
3696,14949840.09014377,198980789.62670493,180835193.36641639,232106098.27971873
3697,14949840.09014377,198980789.62670493,180835193.36641639,232106098.27971873
3698,14949840.09014377,198980789.62670493,180835193.36641639,232106098.27971873
3699,14211626.54940549,198980789.62670493,180835193.36641639,232106098.27971873
3700,14211626.54940549,198980789.62670493,180835193.36641639,232106098.27971873
3701,8567800.36734350,198980789.62670493,180835193.36641639,232106098.27971873
3702,8567800.36734350,198980789.62670493,180835193.36641639,232106098.27971873
3703,8567800.36734350,198980789.62670493,180835193.36641639,232106098.27971873
3704,8567800.36734350,198980789.62670493,180835193.36641639,232106098.27971873
3705,8567800.36734350,156279983.86776140,180835193.36641639,232106098.27971873
3706,8567800.36734350,136953756.85510695,142028389.54979303,232106098.27971873
3707,8567800.36734350,136953756.85510695,124464573.43752855,232106098.27971873
3708,8567800.36734350,136953756.85510695,124464573.43752855,232106098.27971873
3709,8567800.36734350,136953756.85510695,124464573.43752855,217724481.19396228
3710,8567800.36734350,136953756.85510695,124464573.43752855,193886361.41722056
3711,8567800.36734350,136953756.85510695,124464573.43752855,193886361.41722056
3712,8567800.36734350,136953756.85510695,124464573.43752855,193886361.41722056
3713,8567800.36734350,136953756.85510695,124464573.43752855,193886361.41722056
3714,8567800.36734350,136953756.85510695,124464573.43752855,193886361.41722056
3715,8567800.36734350,136953756.85510695,124464573.43752855,220362356.20355952
3716,8567800.36734350,136953756.85510695,124464573.43752855,201597114.91646352
3717,8567800.36734350,136953756.85510695,124464573.43752855,201597114.91646352
3718,8567800.36734350,136953756.85510695,124464573.43752855,166428631.43323907
3719,8567800.36734350,136953756.85510695,124464573.43752855,149851420.61000714
3720,8567800.36734350,136953756.85510695,124464573.43752855,149851420.61000714
3721,8567800.36734350,136953756.85510695,124464573.43752855,149851420.61000714
3722,8567800.36734350,136953756.85510695,124464573.43752855,149851420.61000714
3723,8567800.36734350,136953756.85510695,124464573.43752855,149851420.61000714
3724,8567800.36734350,136953756.85510695,124464573.43752855,149851420.61000714
3725,8567800.36734350,136953756.85510695,124464573.43752855,128355783.77368584
3726,8567800.36734350,136953756.85510695,124464573.43752855,128355783.77368584
3727,8567800.36734350,136953756.85510695,124464573.43752855,128355783.77368584
3728,8567800.36734350,136953756.85510695,124464573.43752855,128355783.77368584
3729,8567800.36734350,136953756.85510695,124464573.43752855,128355783.77368584
3730,7556503.77279463,136953756.85510695,124464573.43752855,128355783.77368584
3731,7556503.77279463,136953756.85510695,124464573.43752855,128355783.77368584
3732,7556503.77279463,136953756.85510695,124464573.43752855,128355783.77368584
3733,7556503.77279463,136953756.85510695,124464573.43752855,128355783.77368584
3734,7556503.77279463,136953756.85510695,124464573.43752855,128355783.77368584
3735,6787815.57448374,136953756.85510695,124464573.43752855,136275456.92481378
3736,6787815.57448374,136953756.85510695,124464573.43752855,136275456.92481378
3737,6787815.57448374,136953756.85510695,124464573.43752855,136275456.92481378
3738,6787815.57448374,136184917.11684299,124464573.43752855,136275456.92481378
3739,6787815.57448374,136184917.11684299,123765846.27397883,136275456.92481378
3740,6787815.57448374,136184917.11684299,123765846.27397883,136275456.92481378
3741,6787815.57448374,136184917.11684299,123765846.27397883,136275456.92481378
3742,6787815.57448374,136184917.11684299,123765846.27397883,136275456.92481378
3743,6787815.57448374,136184917.11684299,123765846.27397883,136275456.92481378
3744,6787815.57448374,136184917.11684299,123765846.27397883,136275456.92481378
3745,6787815.57448374,136184917.11684299,123765846.27397883,136275456.92481378
3746,6787815.57448374,169288327.73909095,123765846.27397883,136275456.92481378
3747,6787815.57448374,169288327.73909095,153850467.36826906,136275456.92481378
3748,6787815.57448374,169288327.73909095,153850467.36826906,136275456.92481378
3749,6482745.21158560,169288327.73909095,153850467.36826906,107031066.91724300
3750,12063106.32715890,169288327.73909095,153850467.36826906,93795163.98549233
3751,12063106.32715890,169288327.73909095,153850467.36826906,93795163.98549233
3752,12063106.32715890,169288327.73909095,153850467.36826906,93795163.98549233
3753,11190604.05470550,169288327.73909095,153850467.36826906,93795163.98549233
3754,12137677.71753200,169288327.73909095,153850467.36826906,93795163.98549233
3755,12432395.09295184,169288327.73909095,153850467.36826906,93795163.98549233
3756,15281059.94277333,169288327.73909095,153850467.36826906,93795163.98549233
3757,15281059.94277333,169288327.73909095,153850467.36826906,93795163.98549233
3758,15281059.94277333,169288327.73909095,153850467.36826906,93795163.98549233
3759,15281059.94277333,169288327.73909095,153850467.36826906,93795163.98549233
3760,15281059.94277333,169288327.73909095,153850467.36826906,93795163.98549233
3761,15281059.94277333,169288327.73909095,153850467.36826906,93795163.98549233
3762,15281059.94277333,169288327.73909095,153850467.36826906,93795163.98549233
3763,19094407.29155277,169288327.73909095,153850467.36826906,93795163.98549233
3764,17185515.77080872,169288327.73909095,153850467.36826906,93795163.98549233
3765,17185515.77080872,140529853.79055157,153850467.36826906,93795163.98549233
3766,17185515.77080872,140529853.79055157,127714556.42348103,93795163.98549233
3767,17185515.77080872,140529853.79055157,127714556.42348103,93795163.98549233
3768,17185515.77080872,140529853.79055157,127714556.42348103,93795163.98549233
3769,17185515.77080872,140529853.79055157,127714556.42348103,93795163.98549233
3770,17185515.77080872,140529853.79055157,127714556.42348103,93795163.98549233
3771,17185515.77080872,140529853.79055157,127714556.42348103,93795163.98549233
3772,17185515.77080872,140529853.79055157,127714556.42348103,93795163.98549233
3773,17185515.77080872,140529853.79055157,127714556.42348103,93795163.98549233
3774,15335382.06192165,140529853.79055157,127714556.42348103,93795163.98549233
3775,15335382.06192165,140529853.79055157,127714556.42348103,93795163.98549233
3776,15335382.06192165,140529853.79055157,127714556.42348103,93795163.98549233
3777,15335382.06192165,140529853.79055157,127714556.42348103,93795163.98549233
3778,15335382.06192165,140529853.79055157,127714556.42348103,93795163.98549233
3779,15335382.06192165,140529853.79055157,127714556.42348103,93795163.98549233
3780,15335382.06192165,140529853.79055157,127714556.42348103,93795163.98549233
3781,15335382.06192165,140529853.79055157,127714556.42348103,93795163.98549233
3782,15335382.06192165,140529853.79055157,127714556.42348103,93268610.70951812
3783,15335382.06192165,134711242.46909440,127714556.42348103,93268610.70951812
3784,15335382.06192165,134711242.46909440,122426560.00225005,93268610.70951812
3785,21588701.94904214,137016813.85609600,122426560.00225005,93268610.70951812
3786,21588701.94904214,137016813.85609600,124521880.10008806,93268610.70951812
3787,21588701.94904214,104858061.04093239,124521880.10008806,93268610.70951812
3788,21588701.94904214,104858061.04093239,95295770.91305116,93268610.70951812
3789,21588701.94904214,104858061.04093239,95295770.91305116,93268610.70951812
3790,21588701.94904214,104858061.04093239,95295770.91305116,115940057.62044713
3791,21588701.94904214,104858061.04093239,95295770.91305116,115940057.62044713
3792,21588701.94904214,104858061.04093239,95295770.91305116,115940057.62044713
3793,21588701.94904214,104858061.04093239,95295770.91305116,115940057.62044713
3794,21588701.94904214,104858061.04093239,95295770.91305116,115940057.62044713
3795,21588701.94904214,104858061.04093239,95295770.91305116,115940057.62044713
3796,21588701.94904214,104858061.04093239,95295770.91305116,115940057.62044713
3797,21588701.94904214,104858061.04093239,95295770.91305116,115940057.62044713
3798,21588701.94904214,104858061.04093239,95295770.91305116,115940057.62044713
3799,21588701.94904214,104858061.04093239,95295770.91305116,115940057.62044713
3800,21588701.94904214,104858061.04093239,95295770.91305116,115940057.62044713
3801,21588701.94904214,104858061.04093239,95295770.91305116,115940057.62044713
3802,21588701.94904214,104858061.04093239,95295770.91305116,115940057.62044713
3803,21588701.94904214,104858061.04093239,95295770.91305116,115940057.62044713
3804,21588701.94904214,104858061.04093239,95295770.91305116,115940057.62044713
3805,21588701.94904214,104858061.04093239,95295770.91305116,115940057.62044713
3806,21588701.94904214,96505009.91503277,95295770.91305116,115940057.62044713
3807,21588701.94904214,96505009.91503277,87704457.10639967,115940057.62044713
3808,21588701.94904214,96505009.91503277,87704457.10639967,115940057.62044713
3809,21588701.94904214,95885560.80084158,87704457.10639967,96244316.21169166
3810,21588701.94904214,79735608.03374712,87141497.23195365,96244316.21169166
3811,21588701.94904214,79735608.03374712,72464302.32798859,96244316.21169166
3812,21588701.94904214,79735608.03374712,72464302.32798859,96244316.21169166
3813,21588701.94904214,79735608.03374712,72464302.32798859,96244316.21169166
3814,21588701.94904214,77362884.29203025,72464302.32798859,96244316.21169166
3815,21588701.94904214,60777795.64536692,70307953.68024519,96244316.21169166
3816,21588701.94904214,60777795.64536692,55235304.11419883,96244316.21169166
3817,21588701.94904214,70838984.78936347,55235304.11419883,96244316.21169166
3818,21588701.94904214,70838984.78936347,64378986.21418444,96244316.21169166
3819,21588701.94904214,70838984.78936347,64378986.21418444,96244316.21169166
3820,21588701.94904214,70838984.78936347,64378986.21418444,96244316.21169166
3821,21588701.94904214,70838984.78936347,64378986.21418444,96244316.21169166
3822,21588701.94904214,65215105.56424692,64378986.21418444,96244316.21169166
3823,21588701.94904214,65215105.56424692,59267963.74286325,96244316.21169166
3824,21516563.34502529,65215105.56424692,59267963.74286325,96244316.21169166
3825,21516563.34502529,65215105.56424692,59267963.74286325,96244316.21169166
3826,21516563.34502529,65215105.56424692,59267963.74286325,96244316.21169166
3827,21516563.34502529,65215105.56424692,59267963.74286325,92259338.97852737
3828,21516563.34502529,65215105.56424692,59267963.74286325,92259338.97852737
3829,21516563.34502529,65215105.56424692,59267963.74286325,93838349.67009142
3830,21516563.34502529,63264973.51499639,59267963.74286325,93838349.67009142
3831,21516563.34502529,63264973.51499639,57495669.50844065,71813868.09958307
3832,21516563.34502529,50709424.86125007,57495669.50844065,71813868.09958307
3833,21516563.34502529,50709424.86125007,46085095.28727500,71813868.09958307
3834,21516563.34502529,50709424.86125007,46085095.28727500,71813868.09958307
3835,21516563.34502529,42912254.67490426,46085095.28727500,71813868.09958307
3836,21516563.34502529,42912254.67490426,38998970.13416893,71813868.09958307
3837,21516563.34502529,42912254.67490426,38998970.13416893,71813868.09958307
3838,21516563.34502529,42912254.67490426,38998970.13416893,71813868.09958307
3839,21516563.34502529,32316510.57704484,38998970.13416893,71813868.09958307
3840,21516563.34502529,32316510.57704484,29369480.59202713,71813868.09958307
3841,21516563.34502529,32316510.57704484,29369480.59202713,71813868.09958307
3842,21516563.34502529,32316510.57704484,29369480.59202713,71813868.09958307
3843,21516563.34502529,32316510.57704484,29369480.59202713,71813868.09958307
3844,21516563.34502529,32316510.57704484,29369480.59202713,71813868.09958307
3845,21516563.34502529,32316510.57704484,29369480.59202713,71813868.09958307
3846,21516563.34502529,32316510.57704484,29369480.59202713,71813868.09958307
3847,21516563.34502529,32316510.57704484,29369480.59202713,71813868.09958307
3848,21516563.34502529,32316510.57704484,29369480.59202713,71813868.09958307
3849,21516563.34502529,32316510.57704484,29369480.59202713,71813868.09958307
3850,21516563.34502529,32316510.57704484,29369480.59202713,66093135.65584405
3851,21516563.34502529,29784266.41437439,29369480.59202713,66093135.65584405
3852,21516563.34502529,29784266.41437439,27068158.62186829,66093135.65584405
3853,21516563.34502529,29784266.41437439,27068158.62186829,65668895.14882604
3854,21516563.34502529,29784266.41437439,27068158.62186829,54608318.91541770
3855,21516563.34502529,29784266.41437439,27068158.62186829,54608318.91541770
3856,21516563.34502529,29784266.41437439,27068158.62186829,54608318.91541770
3857,18873519.37913899,29784266.41437439,27068158.62186829,54608318.91541770
3858,18873519.37913899,29784266.41437439,27068158.62186829,52983317.76497786
3859,19098405.42800349,29784266.41437439,27068158.62186829,41624731.15115102
3860,19098405.42800349,29784266.41437439,27068158.62186829,41624731.15115102
3861,19098405.42800349,29784266.41437439,27068158.62186829,48515311.64576724
3862,19098405.42800349,29784266.41437439,27068158.62186829,48515311.64576724
3863,19098405.42800349,28322143.19393289,27068158.62186829,48515311.64576724
3864,19098405.42800349,28322143.19393289,25739370.37155480,48515311.64576724
3865,19098405.42800349,28322143.19393289,25739370.37155480,48515311.64576724
3866,19098405.42800349,28322143.19393289,25739370.37155480,44663700.07798468
3867,19098405.42800349,30981142.68907144,25739370.37155480,44663700.07798468
3868,19098405.42800349,38408699.76281317,28155888.51266107,44663700.07798468
3869,19098405.42800349,40755671.32111473,34906106.57235419,44663700.07798468
3870,19098405.42800349,40755671.32111473,37039051.44792312,44663700.07798468
3871,19098405.42800349,40755671.32111473,37039051.44792312,44663700.07798468
3872,19098405.42800349,40755671.32111473,37039051.44792312,44663700.07798468
3873,19098405.42800349,40755671.32111473,37039051.44792312,44663700.07798468
3874,19098405.42800349,40755671.32111473,37039051.44792312,44663700.07798468
3875,19098405.42800349,40755671.32111473,37039051.44792312,40567299.70396601
3876,19098405.42800349,39247155.44225084,37039051.44792312,40567299.70396601
3877,19098405.42800349,39247155.44225084,35668101.21115690,32516324.94044195
3878,19098405.42800349,51402978.47339469,35668101.21115690,32516324.94044195
3879,19098405.42800349,51402978.47339469,46715401.87012371,32516324.94044195
3880,20498510.59749682,51402978.47339469,46715401.87012371,27516557.73564986
3881,20498510.59749682,51402978.47339469,46715401.87012371,27516557.73564986
3882,20498510.59749682,51402978.47339469,46715401.87012371,27516557.73564986
3883,20498510.59749682,48864732.27714570,46715401.87012371,27516557.73564986
3884,18866436.25509307,48864732.27714570,44408625.20805816,20722265.37255415
3885,15843445.87284528,29459208.60633539,44408625.20805816,20722265.37255415
3886,15843445.87284528,29459208.60633539,26772743.71431729,20722265.37255415
3887,15843445.87284528,29459208.60633539,26772743.71431729,20722265.37255415
3888,15843445.87284528,29459208.60633539,26772743.71431729,20722265.37255415
3889,15843445.87284528,29459208.60633539,26772743.71431729,20722265.37255415
3890,15843445.87284528,29459208.60633539,26772743.71431729,20722265.37255415
3891,15843445.87284528,29459208.60633539,26772743.71431729,20722265.37255415
3892,15843445.87284528,29459208.60633539,26772743.71431729,20722265.37255415
3893,13439358.11989570,29459208.60633539,26772743.71431729,20722265.37255415
3894,13439358.11989570,29459208.60633539,26772743.71431729,20722265.37255415
3895,13439358.11989570,29459208.60633539,26772743.71431729,20722265.37255415
3896,13439358.11989570,29459208.60633539,26772743.71431729,19098518.42122855
3897,13439358.11989570,29459208.60633539,26772743.71431729,19098518.42122855
3898,13439358.11989570,29459208.60633539,26772743.71431729,19098518.42122855
3899,13439358.11989570,29459208.60633539,26772743.71431729,19098518.42122855
3900,13439358.11989570,29459208.60633539,26772743.71431729,19098518.42122855
3901,13439358.11989570,29459208.60633539,26772743.71431729,19098518.42122855
3902,13439358.11989570,29459208.60633539,26772743.71431729,19098518.42122855
3903,13439358.11989570,29459208.60633539,26772743.71431729,19098518.42122855
3904,13439358.11989570,29459208.60633539,26772743.71431729,19098518.42122855
3905,13439358.11989570,29459208.60633539,26772743.71431729,19098518.42122855
3906,13439358.11989570,29459208.60633539,26772743.71431729,19098518.42122855
3907,13439358.11989570,29459208.60633539,26772743.71431729,19098518.42122855
3908,13439358.11989570,29459208.60633539,26772743.71431729,18160963.44266338
3909,13439358.11989570,29459208.60633539,26772743.71431729,18160963.44266338
3910,13439358.11989570,29459208.60633539,26772743.71431729,18160963.44266338
3911,13439358.11989570,29459208.60633539,26772743.71431729,18160963.44266338
3912,13439358.11989570,29459208.60633539,26772743.71431729,19865989.51694776
3913,13439358.11989570,29459208.60633539,26772743.71431729,24628750.28546954
3914,15074150.88320397,25982003.71542251,26772743.71431729,26133695.17538930
3915,15074150.88320397,25982003.71542251,23612634.53994659,26133695.17538930
3916,15074150.88320397,25982003.71542251,23612634.53994659,26133695.17538930
3917,15074150.88320397,25982003.71542251,23612634.53994659,26133695.17538930
3918,15074150.88320397,25982003.71542251,23612634.53994659,26133695.17538930
3919,15074150.88320397,23338974.58117932,23612634.53994659,26133695.17538930
3920,15074150.88320397,23338974.58117932,21210630.37934095,26133695.17538930
3921,15074150.88320397,23338974.58117932,21210630.37934095,25166391.90525426
3922,15074150.88320397,23338974.58117932,21210630.37934095,25166391.90525426
3923,15842185.30368697,23338974.58117932,21210630.37934095,32961051.23496841
3924,14963611.82505574,23338974.58117932,21210630.37934095,32961051.23496841
3925,14963611.82505574,23338974.58117932,21210630.37934095,32961051.23496841
3926,14963611.82505574,23338974.58117932,21210630.37934095,32961051.23496841
3927,14963611.82505574,23338974.58117932,21210630.37934095,32961051.23496841
3928,14963611.82505574,23338974.58117932,21210630.37934095,31333455.60906845
3929,14963611.82505574,23338974.58117932,21210630.37934095,31333455.60906845
3930,14963611.82505574,23338974.58117932,21210630.37934095,18890082.11299700
3931,14963611.82505574,23338974.58117932,21210630.37934095,18890082.11299700
3932,14963611.82505574,23338974.58117932,21210630.37934095,18890082.11299700
3933,14963611.82505574,23338974.58117932,21210630.37934095,18890082.11299700
3934,14963611.82505574,23338974.58117932,21210630.37934095,18890082.11299700
3935,14963611.82505574,23338974.58117932,21210630.37934095,18890082.11299700
3936,14963611.82505574,29649457.04505262,21210630.37934095,18890082.11299700
3937,14963611.82505574,49550241.39672858,26945642.88346640,18890082.11299700
3938,12889329.09610170,105825077.95459536,45031620.89737458,18890082.11299700
3939,12889329.09610170,105825077.95459536,96174602.93949400,18890082.11299700
3940,12889329.09610170,105825077.95459536,96174602.93949400,18890082.11299700
3941,12889329.09610170,105825077.95459536,96174602.93949400,18890082.11299700
3942,12889329.09610170,105825077.95459536,96174602.93949400,18890082.11299700
3943,12889329.09610170,105825077.95459536,96174602.93949400,18890082.11299700
3944,12889329.09610170,105825077.95459536,96174602.93949400,18890082.11299700
3945,12889329.09610170,108394637.79579362,96174602.93949400,18890082.11299700
3946,12889329.09610170,133231364.12964888,98509837.67055221,18890082.11299700
3947,12889329.09610170,133231364.12964888,121081635.77024525,18890082.11299700
3948,11987888.31167151,133231364.12964888,121081635.77024525,18890082.11299700
3949,11987888.31167151,133231364.12964888,121081635.77024525,18890082.11299700
3950,10828890.65400235,133231364.12964888,121081635.77024525,18890082.11299700
3951,10828890.65400235,133231364.12964888,121081635.77024525,18890082.11299700
3952,10828890.65400235,133231364.12964888,121081635.77024525,18890082.11299700
3953,12251554.94376509,166478892.18599513,121081635.77024525,18890082.11299700
3954,12721800.64859113,149835791.36467260,151297231.84011742,18890082.11299700
3955,12721800.64859113,149835791.36467260,136171860.38648689,18890082.11299700
3956,12721800.64859113,149835791.36467260,136171860.38648689,18890082.11299700
3957,12721800.64859113,149835791.36467260,136171860.38648689,18890082.11299700
3958,12590718.72393395,149835791.36467260,136171860.38648689,18890082.11299700
3959,12590718.72393395,149835791.36467260,136171860.38648689,16660399.47654855
3960,12590718.72393395,149835791.36467260,136171860.38648689,16660399.47654855
3961,12590718.72393395,149835791.36467260,136171860.38648689,16660399.47654855
3962,12590718.72393395,149835791.36467260,136171860.38648689,16660399.47654855
3963,12590718.72393395,149835791.36467260,136171860.38648689,16660399.47654855
3964,12590718.72393395,133704983.76491295,136171860.38648689,14965614.05172352
3965,12590718.72393395,133704983.76491295,121512064.75027788,14965614.05172352
3966,12590718.72393395,133704983.76491295,121512064.75027788,14965614.05172352
3967,12590718.72393395,133704983.76491295,121512064.75027788,14965614.05172352
3968,12590718.72393395,133704983.76491295,121512064.75027788,14965614.05172352
3969,12590718.72393395,133704983.76491295,121512064.75027788,14965614.05172352
3970,12590718.72393395,133704983.76491295,121512064.75027788,14965614.05172352
3971,12590718.72393395,133704983.76491295,121512064.75027788,14965614.05172352
3972,12590718.72393395,133704983.76491295,121512064.75027788,14965614.05172352
3973,12590718.72393395,133704983.76491295,121512064.75027788,14965614.05172352
3974,12590718.72393395,133704983.76491295,121512064.75027788,14965614.05172352
3975,12590718.72393395,188225962.15385833,121512064.75027788,14965614.05172352
3976,12590718.72393395,188225962.15385833,171061127.69242203,14965614.05172352
3977,12590718.72393395,188225962.15385833,171061127.69242203,14965614.05172352
3978,12590718.72393395,188225962.15385833,171061127.69242203,14965614.05172352
3979,12590718.72393395,188225962.15385833,171061127.69242203,14965614.05172352
3980,12590718.72393395,188225962.15385833,171061127.69242203,14965614.05172352
3981,12590718.72393395,188225962.15385833,171061127.69242203,19012074.82085492
3982,12590718.72393395,188225962.15385833,171061127.69242203,31773023.54625140
3983,12590718.72393395,188225962.15385833,171061127.69242203,67858048.69675650
3984,12590718.72393395,188225962.15385833,171061127.69242203,67858048.69675650
3985,12590718.72393395,188225962.15385833,171061127.69242203,67858048.69675650
3986,12590718.72393395,188225962.15385833,171061127.69242203,67858048.69675650
3987,12590718.72393395,188225962.15385833,171061127.69242203,67858048.69675650
3988,12590718.72393395,188225962.15385833,171061127.69242203,67858048.69675650
3989,12590718.72393395,188225962.15385833,171061127.69242203,67858048.69675650
3990,12590718.72393395,188225962.15385833,171061127.69242203,69505723.52207603
3991,12590718.72393395,188225962.15385833,171061127.69242203,85431738.58018805
3992,19958620.79201382,188225962.15385833,171061127.69242203,85431738.58018805
3993,19027583.60101043,188225962.15385833,171061127.69242203,85431738.58018805
3994,19027583.60101043,188225962.15385833,171061127.69242203,85431738.58018805
3995,19027583.60101043,188225962.15385833,171061127.69242203,85431738.58018805
3996,21043596.15471724,188225962.15385833,171061127.69242203,85431738.58018805
3997,21043596.15471724,188225962.15385833,171061127.69242203,85431738.58018805
3998,18174743.36591725,188225962.15385833,171061127.69242203,106750998.83022363
3999,34732044.20137671,188225962.15385833,171061127.69242203,96078969.40367417
4000,34732044.20137671,188225962.15385833,171061127.69242203,96078969.40367417
4001,34732044.20137671,188225962.15385833,171061127.69242203,96078969.40367417
4002,34732044.20137671,188225962.15385833,171061127.69242203,96078969.40367417
4003,34732044.20137671,188225962.15385833,171061127.69242203,96078969.40367417
4004,34732044.20137671,188225962.15385833,171061127.69242203,96078969.40367417
4005,34732044.20137671,188225962.15385833,171061127.69242203,96078969.40367417
4006,34732044.20137671,188225962.15385833,171061127.69242203,96078969.40367417
4007,34732044.20137671,188225962.15385833,171061127.69242203,96078969.40367417
4008,34732044.20137671,188225962.15385833,171061127.69242203,96078969.40367417
4009,34732044.20137671,188225962.15385833,171061127.69242203,85735436.95579688
4010,34732044.20137671,188225962.15385833,171061127.69242203,85735436.95579688
4011,34732044.20137671,188225962.15385833,171061127.69242203,85735436.95579688
4012,34732044.20137671,188225962.15385833,171061127.69242203,85735436.95579688
4013,34732044.20137671,188225962.15385833,171061127.69242203,85735436.95579688
4014,34732044.20137671,187597005.48098576,171061127.69242203,85735436.95579688
4015,34732044.20137671,187597005.48098576,170489527.27927974,85735436.95579688
4016,34732044.20137671,187597005.48098576,170489527.27927974,85735436.95579688
4017,34732044.20137671,187597005.48098576,170489527.27927974,85735436.95579688
4018,34732044.20137671,187597005.48098576,170489527.27927974,85735436.95579688
4019,34732044.20137671,187597005.48098576,170489527.27927974,85735436.95579688
4020,34732044.20137671,187597005.48098576,170489527.27927974,120695838.38445663
4021,34732044.20137671,187597005.48098576,170489527.27927974,120695838.38445663
4022,34732044.20137671,187597005.48098576,170489527.27927974,120695838.38445663
4023,34732044.20137671,187597005.48098576,170489527.27927974,120695838.38445663
4024,34732044.20137671,187597005.48098576,170489527.27927974,120695838.38445663
4025,34732044.20137671,187597005.48098576,170489527.27927974,120695838.38445663
4026,34732044.20137671,187597005.48098576,170489527.27927974,120695838.38445663
4027,34732044.20137671,187597005.48098576,170489527.27927974,120695838.38445663
4028,34732044.20137671,187597005.48098576,170489527.27927974,120695838.38445663
4029,34732044.20137671,187597005.48098576,170489527.27927974,120695838.38445663
4030,39744611.23200340,187597005.48098576,170489527.27927974,120695838.38445663
4031,47226251.86956370,187597005.48098576,170489527.27927974,120695838.38445663
4032,35396556.08039329,187597005.48098576,170489527.27927974,120695838.38445663
4033,35396556.08039329,187597005.48098576,170489527.27927974,120695838.38445663
4034,40670127.71347475,187597005.48098576,170489527.27927974,120695838.38445663
4035,40670127.71347475,187597005.48098576,170489527.27927974,120695838.38445663
4036,40670127.71347475,187597005.48098576,170489527.27927974,120695838.38445663
4037,40670127.71347475,187597005.48098576,170489527.27927974,120695838.38445663
4038,40670127.71347475,187597005.48098576,170489527.27927974,120695838.38445663
4039,37243745.95323378,187597005.48098576,170489527.27927974,120695838.38445663
4040,37243745.95323378,187597005.48098576,170489527.27927974,120695838.38445663
4041,37243745.95323378,187597005.48098576,170489527.27927974,120695838.38445663
4042,38692529.27315558,187597005.48098576,170489527.27927974,120695838.38445663
4043,54510817.09762031,187597005.48098576,170489527.27927974,120695838.38445663
4044,65089583.03938330,187597005.48098576,170489527.27927974,120695838.38445663
4045,65089583.03938330,187597005.48098576,170489527.27927974,120695838.38445663
4046,65089583.03938330,187597005.48098576,170489527.27927974,120695838.38445663
4047,65089583.03938330,164553031.15273902,170489527.27927974,120695838.38445663
4048,65089583.03938330,164553031.15273902,149546995.28211063,120695838.38445663
4049,65089583.03938330,166513750.83947206,149546995.28211063,120695838.38445663
4050,65089583.03938330,166513750.83947206,151328911.63872421,120695838.38445663
4051,65089583.03938330,166513750.83947206,151328911.63872421,120695838.38445663
4052,65089583.03938330,166513750.83947206,151328911.63872421,120695838.38445663
4053,76600925.09463295,166513750.83947206,151328911.63872421,120695838.38445663
4054,77308073.63812876,166513750.83947206,151328911.63872421,120695838.38445663
4055,77308073.63812876,166513750.83947206,151328911.63872421,120695838.38445663
4056,77308073.63812876,166513750.83947206,151328911.63872421,120695838.38445663
4057,77308073.63812876,166513750.83947206,151328911.63872421,120695838.38445663
4058,77308073.63812876,166513750.83947206,151328911.63872421,120695838.38445663
4059,52640484.01385644,166513750.83947206,151328911.63872421,120292533.48394668
4060,52640484.01385644,166513750.83947206,151328911.63872421,120292533.48394668
4061,52640484.01385644,166513750.83947206,151328911.63872421,120292533.48394668
4062,52640484.01385644,166513750.83947206,151328911.63872421,120292533.48394668
4063,52640484.01385644,166513750.83947206,151328911.63872421,120292533.48394668
4064,52640484.01385644,166513750.83947206,151328911.63872421,120292533.48394668
4065,52640484.01385644,166513750.83947206,151328911.63872421,120292533.48394668
4066,52640484.01385644,166513750.83947206,151328911.63872421,120292533.48394668
4067,52640484.01385644,166513750.83947206,151328911.63872421,120292533.48394668
4068,52640484.01385644,166513750.83947206,151328911.63872421,120292533.48394668
4069,52640484.01385644,166513750.83947206,151328911.63872421,120292533.48394668
4070,52640484.01385644,178720883.22133192,151328911.63872421,120292533.48394668
4071,52640484.01385644,178720883.22133192,162422842.60997215,120292533.48394668
4072,52640484.01385644,178720883.22133192,162422842.60997215,120292533.48394668
4073,52640484.01385644,178720883.22133192,162422842.60997215,120292533.48394668
4074,52640484.01385644,164491275.33982602,162422842.60997215,120292533.48394668
4075,65066050.86868076,138134652.57373628,149490871.14876807,120292533.48394668
4076,71127397.98863311,138134652.57373628,125537780.08237366,120292533.48394668
4077,98632946.66168135,138134652.57373628,125537780.08237366,120292533.48394668
4078,99952450.96484765,138134652.57373628,125537780.08237366,120292533.48394668
4079,99952450.96484765,138134652.57373628,125537780.08237366,120292533.48394668
4080,99952450.96484765,138134652.57373628,125537780.08237366,120292533.48394668
4081,99952450.96484765,138134652.57373628,125537780.08237366,120292533.48394668
4082,99952450.96484765,138134652.57373628,125537780.08237366,120292533.48394668
4083,99952450.96484765,138134652.57373628,125537780.08237366,120292533.48394668
4084,99952450.96484765,138134652.57373628,125537780.08237366,120292533.48394668
4085,99952450.96484765,138134652.57373628,125537780.08237366,120292533.48394668
4086,99952450.96484765,138134652.57373628,125537780.08237366,120292533.48394668
4087,99952450.96484765,138134652.57373628,125537780.08237366,120292533.48394668
4088,151522654.42072675,138134652.57373628,125537780.08237366,120292533.48394668
4089,151522654.42072675,138134652.57373628,125537780.08237366,120292533.48394668
4090,151522654.42072675,138134652.57373628,125537780.08237366,120292533.48394668
4091,129509179.84772231,138134652.57373628,125537780.08237366,120292533.48394668
4092,129509179.84772231,138134652.57373628,125537780.08237366,105516081.98155425
4093,129509179.84772231,138134652.57373628,125537780.08237366,105516081.98155425
4094,129509179.84772231,138134652.57373628,125537780.08237366,106773351.18989925
4095,129509179.84772231,138134652.57373628,125537780.08237366,106773351.18989925
4096,129509179.84772231,138134652.57373628,125537780.08237366,106773351.18989925
4097,129509179.84772231,138134652.57373628,125537780.08237366,106773351.18989925
4098,129509179.84772231,138134652.57373628,125537780.08237366,106773351.18989925
4099,129509179.84772231,138134652.57373628,125537780.08237366,106773351.18989925
4100,129509179.84772231,138134652.57373628,125537780.08237366,106773351.18989925
4101,129509179.84772231,138134652.57373628,125537780.08237366,106773351.18989925
4102,129509179.84772231,138134652.57373628,125537780.08237366,106773351.18989925
4103,129509179.84772231,138134652.57373628,125537780.08237366,106773351.18989925
4104,129509179.84772231,138134652.57373628,125537780.08237366,106773351.18989925
4105,129509179.84772231,138134652.57373628,125537780.08237366,106773351.18989925
4106,129509179.84772231,138134652.57373628,125537780.08237366,106773351.18989925
4107,129509179.84772231,138134652.57373628,125537780.08237366,106773351.18989925
4108,129509179.84772231,138134652.57373628,125537780.08237366,106773351.18989925
4109,129509179.84772231,138134652.57373628,125537780.08237366,106773351.18989925
4110,129509179.84772231,138134652.57373628,125537780.08237366,106773351.18989925
4111,163153948.05265075,138134652.57373628,125537780.08237366,106773351.18989925
4112,155251035.66334149,138134652.57373628,125537780.08237366,106773351.18989925
4113,155251035.66334149,154937652.26873949,125537780.08237366,106773351.18989925
4114,162366052.60989669,154937652.26873949,140808468.79901922,106773351.18989925
4115,138278122.44557926,154937652.26873949,140808468.79901922,114600911.53406841
4116,145855434.78791273,154937652.26873949,140808468.79901922,114600911.53406841
4117,145855434.78791273,154937652.26873949,140808468.79901922,114600911.53406841
4118,145855434.78791273,154937652.26873949,140808468.79901922,114600911.53406841
4119,145855434.78791273,154937652.26873949,140808468.79901922,105476482.39853524
4120,145855434.78791273,154937652.26873949,140808468.79901922,88575866.53590648
4121,145855434.78791273,154937652.26873949,140808468.79901922,88575866.53590648
4122,145855434.78791273,162831791.77239853,140808468.79901922,88575866.53590648
4123,145855434.78791273,153801491.28121963,147982720.37518272,88575866.53590648
4124,145855434.78791273,153801491.28121963,139775917.40418866,88575866.53590648
4125,145855434.78791273,153801491.28121963,139775917.40418866,88575866.53590648
4126,182310863.63790742,153801491.28121963,139775917.40418866,88575866.53590648
4127,171737335.46903339,153801491.28121963,139775917.40418866,88575866.53590648
4128,185471449.89345646,153801491.28121963,139775917.40418866,88575866.53590648
4129,185471449.89345646,153801491.28121963,139775917.40418866,88575866.53590648
4130,197358845.36984760,153801491.28121963,139775917.40418866,88575866.53590648
4131,197358845.36984760,153801491.28121963,139775917.40418866,88575866.53590648
4132,197358845.36984760,153801491.28121963,139775917.40418866,88575866.53590648
4133,197358845.36984760,153801491.28121963,139775917.40418866,88575866.53590648
4134,197358845.36984760,153801491.28121963,139775917.40418866,88575866.53590648
4135,197358845.36984760,153801491.28121963,139775917.40418866,88575866.53590648
4136,197358845.36984760,153801491.28121963,139775917.40418866,88575866.53590648
4137,197358845.36984760,132481252.50585826,139775917.40418866,88575866.53590648
4138,197358845.36984760,132481252.50585826,120399928.85376829,88575866.53590648
4139,197358845.36984760,132481252.50585826,120399928.85376829,88575866.53590648
4140,197358845.36984760,132481252.50585826,120399928.85376829,88575866.53590648
4141,197358845.36984760,132481252.50585826,120399928.85376829,88575866.53590648
4142,197358845.36984760,132481252.50585826,120399928.85376829,88575866.53590648
4143,197358845.36984760,132481252.50585826,120399928.85376829,88575866.53590648
4144,197358845.36984760,132481252.50585826,120399928.85376829,88575866.53590648
4145,197358845.36984760,132481252.50585826,120399928.85376829,88575866.53590648
4146,197358845.36984760,132481252.50585826,120399928.85376829,88575866.53590648
4147,197358845.36984760,132481252.50585826,120399928.85376829,88575866.53590648
4148,197358845.36984760,132481252.50585826,120399928.85376829,88575866.53590648
4149,197358845.36984760,132481252.50585826,120399928.85376829,88575866.53590648
4150,197358845.36984760,132481252.50585826,120399928.85376829,88575866.53590648
4151,197358845.36984760,132481252.50585826,120399928.85376829,88575866.53590648
4152,197358845.36984760,132481252.50585826,120399928.85376829,88575866.53590648
4153,197358845.36984760,132481252.50585826,120399928.85376829,88575866.53590648
4154,197358845.36984760,132481252.50585826,120399928.85376829,88575866.53590648
4155,197358845.36984760,129110766.61361404,120399928.85376829,88575866.53590648
4156,197358845.36984760,129110766.61361404,117336806.68400401,88575866.53590648
4157,197358845.36984760,129110766.61361404,117336806.68400401,88575866.53590648
4158,197358845.36984760,146072917.48889247,117336806.68400401,99350427.66634409
4159,197358845.36984760,151679565.98011246,132752133.15444252,99350427.66634409
4160,197358845.36984760,151679565.98011246,137847496.20908397,99350427.66634409
4161,197358845.36984760,151679565.98011246,137847496.20908397,99350427.66634409
4162,197358845.36984760,151679565.98011246,137847496.20908397,99350427.66634409
4163,197358845.36984760,151679565.98011246,137847496.20908397,99350427.66634409
4164,197358845.36984760,151679565.98011246,137847496.20908397,99350427.66634409
4165,197358845.36984760,151679565.98011246,137847496.20908397,99350427.66634409
4166,197358845.36984760,151679565.98011246,137847496.20908397,99350427.66634409
4167,197358845.36984760,151679565.98011246,137847496.20908397,104412374.35433161
4168,197358845.36984760,132856083.26835370,137847496.20908397,98621888.93895891
4169,197358845.36984760,132856083.26835370,120740577.78547022,98621888.93895891
4170,197358845.36984760,132856083.26835370,120740577.78547022,98621888.93895891
4171,197358845.36984760,132856083.26835370,120740577.78547022,98621888.93895891
4172,197358845.36984760,132856083.26835370,120740577.78547022,98621888.93895891
4173,197358845.36984760,132856083.26835370,120740577.78547022,98621888.93895891
4174,197358845.36984760,132856083.26835370,120740577.78547022,98621888.93895891
4175,197358845.36984760,132856083.26835370,120740577.78547022,98621888.93895891
4176,197358845.36984760,132856083.26835370,120740577.78547022,98621888.93895891
4177,197358845.36984760,132856083.26835370,120740577.78547022,98621888.93895891
4178,228960035.81933001,132856083.26835370,120740577.78547022,98621888.93895891
4179,228960035.81933001,132856083.26835370,120740577.78547022,98621888.93895891
4180,228960035.81933001,132856083.26835370,120740577.78547022,98621888.93895891
4181,228960035.81933001,132856083.26835370,120740577.78547022,98621888.93895891
4182,228960035.81933001,132856083.26835370,120740577.78547022,84950745.68059362
4183,228960035.81933001,132856083.26835370,120740577.78547022,84950745.68059362
4184,228960035.81933001,132856083.26835370,120740577.78547022,84950745.68059362
4185,228960035.81933001,132856083.26835370,120740577.78547022,84950745.68059362
4186,228960035.81933001,132856083.26835370,120740577.78547022,84950745.68059362
4187,228960035.81933001,132856083.26835370,120740577.78547022,84950745.68059362
4188,228960035.81933001,132856083.26835370,120740577.78547022,84950745.68059362
4189,228960035.81933001,132856083.26835370,120740577.78547022,84950745.68059362
4190,218883569.95137727,132856083.26835370,120740577.78547022,84950745.68059362
4191,218883569.95137727,132856083.26835370,120740577.78547022,84950745.68059362
4192,218883569.95137727,132856083.26835370,120740577.78547022,84950745.68059362
4193,218883569.95137727,132856083.26835370,120740577.78547022,84950745.68059362
4194,218883569.95137727,132856083.26835370,120740577.78547022,84950745.68059362
4195,218883569.95137727,132856083.26835370,120740577.78547022,84950745.68059362
4196,218883569.95137727,132856083.26835370,120740577.78547022,84950745.68059362
4197,218883569.95137727,132856083.26835370,120740577.78547022,84950745.68059362
4198,218883569.95137727,132856083.26835370,120740577.78547022,84950745.68059362
4199,218883569.95137727,132856083.26835370,120740577.78547022,84950745.68059362
4200,218883569.95137727,132856083.26835370,120740577.78547022,82789494.30021882
4201,218883569.95137727,132856083.26835370,120740577.78547022,82789494.30021882
4202,218883569.95137727,210601494.95872366,120740577.78547022,82789494.30021882
4203,218883569.95137727,200777277.82815209,191396175.15622687,93666107.69227532
4204,218883569.95137727,200777277.82815209,182467854.95097756,97261250.10744120
4205,218883569.95137727,200777277.82815209,182467854.95097756,97261250.10744120
4206,218883569.95137727,222050053.24137586,182467854.95097756,97261250.10744120
4207,218883569.95137727,222050053.24137586,201800708.45159706,97261250.10744120
4208,218883569.95137727,191778187.64335126,201800708.45159706,97261250.10744120
4209,218883569.95137727,366489273.38252026,174289416.13412875,97261250.10744120
4210,218883569.95137727,366489273.38252026,333068125.53703380,97261250.10744120
4211,218883569.95137727,366489273.38252026,333068125.53703380,97261250.10744120
4212,218883569.95137727,366489273.38252026,333068125.53703380,97261250.10744120
4213,218883569.95137727,366489273.38252026,333068125.53703380,85191097.82231726
4214,218883569.95137727,366489273.38252026,333068125.53703380,85191097.82231726
4215,218883569.95137727,366489273.38252026,333068125.53703380,85191097.82231726
4216,218883569.95137727,366489273.38252026,333068125.53703380,85191097.82231726
4217,218883569.95137727,366489273.38252026,333068125.53703380,85191097.82231726
4218,218883569.95137727,366489273.38252026,333068125.53703380,85191097.82231726
4219,218883569.95137727,366489273.38252026,333068125.53703380,85191097.82231726
4220,214732303.42070174,366489273.38252026,333068125.53703380,85191097.82231726
4221,214732303.42070174,366489273.38252026,333068125.53703380,85191097.82231726
4222,198398724.85817474,366489273.38252026,333068125.53703380,85191097.82231726
4223,198398724.85817474,366489273.38252026,333068125.53703380,85191097.82231726
4224,198398724.85817474,366489273.38252026,333068125.53703380,85191097.82231726
4225,198398724.85817474,366489273.38252026,333068125.53703380,85191097.82231726
4226,198398724.85817474,366489273.38252026,333068125.53703380,85191097.82231726
4227,198398724.85817474,366489273.38252026,333068125.53703380,85191097.82231726
4228,198398724.85817474,366489273.38252026,333068125.53703380,85191097.82231726
4229,198398724.85817474,366489273.38252026,333068125.53703380,85191097.82231726
4230,198398724.85817474,366489273.38252026,333068125.53703380,85191097.82231726
4231,198398724.85817474,366489273.38252026,333068125.53703380,85191097.82231726
4232,206233357.52514440,366489273.38252026,333068125.53703380,85191097.82231726
4233,206233357.52514440,366489273.38252026,333068125.53703380,85191097.82231726
4234,206233357.52514440,366489273.38252026,333068125.53703380,85191097.82231726
4235,206233357.52514440,366489273.38252026,333068125.53703380,85191097.82231726
4236,206233357.52514440,366489273.38252026,333068125.53703380,85191097.82231726
4237,262646619.58679488,366489273.38252026,333068125.53703380,85191097.82231726
4238,262646619.58679488,366489273.38252026,333068125.53703380,85191097.82231726
4239,231246226.05270252,366489273.38252026,333068125.53703380,85191097.82231726
4240,231246226.05270252,419381410.63146257,333068125.53703380,85191097.82231726
4241,231246226.05270252,498326981.04104775,381136885.76720148,85191097.82231726
4242,231246226.05270252,373501140.41467106,452883196.13827759,85191097.82231726
4243,231246226.05270252,373501140.41467106,339440561.45407575,85191097.82231726
4244,231246226.05270252,429147373.75276190,339440561.45407575,85191097.82231726
4245,231246226.05270252,429147373.75276190,390012264.30380589,85191097.82231726
4246,231246226.05270252,429147373.75276190,390012264.30380589,85191097.82231726
4247,231246226.05270252,429147373.75276190,390012264.30380589,135043666.17759922
4248,231246226.05270252,429147373.75276190,390012264.30380589,128744098.84120789
4249,231246226.05270252,392992514.73090053,390012264.30380589,128744098.84120789
4250,231246226.05270252,392992514.73090053,357154464.64073551,128744098.84120789
4251,231246226.05270252,392992514.73090053,357154464.64073551,142384807.24233994
4252,231246226.05270252,408279940.46168453,357154464.64073551,142384807.24233994
4253,231246226.05270252,575193030.21048355,371047788.68114841,122973626.36162490
4254,231246226.05270252,686819176.39415085,522739622.43422520,122973626.36162490
4255,231246226.05270252,686819176.39415085,624186278.50459695,147109754.57001677
4256,231246226.05270252,686819176.39415085,624186278.50459695,147109754.57001677
4257,231246226.05270252,686819176.39415085,624186278.50459695,147109754.57001677
4258,231246226.05270252,686819176.39415085,624186278.50459695,147109754.57001677
4259,231246226.05270252,686819176.39415085,624186278.50459695,147109754.57001677
4260,231246226.05270252,686819176.39415085,624186278.50459695,147109754.57001677
4261,231246226.05270252,686819176.39415085,624186278.50459695,147109754.57001677
4262,231246226.05270252,686819176.39415085,624186278.50459695,147109754.57001677
4263,231246226.05270252,808285778.27411938,624186278.50459695,147109754.57001677
4264,231246226.05270252,815747543.39156127,734576012.50722897,147109754.57001677
4265,250516744.89042777,815747543.39156127,741357319.08661687,147109754.57001677
4266,250516744.89042777,815747543.39156127,741357319.08661687,147109754.57001677
4267,250516744.89042777,815747543.39156127,741357319.08661687,147109754.57001677
4268,250516744.89042777,815747543.39156127,741357319.08661687,147109754.57001677
4269,250516744.89042777,555457450.90286720,741357319.08661687,147109754.57001677
4270,250516744.89042777,555457450.90286720,504803783.96968597,147109754.57001677
4271,250516744.89042777,555457450.90286720,504803783.96968597,147109754.57001677
4272,318110166.56927514,555457450.90286720,504803783.96968597,147109754.57001677
4273,318110166.56927514,555457450.90286720,504803783.96968597,147109754.57001677
4274,318110166.56927514,555457450.90286720,504803783.96968597,147109754.57001677
4275,318110166.56927514,555457450.90286720,504803783.96968597,147109754.57001677
4276,318110166.56927514,555457450.90286720,504803783.96968597,147109754.57001677
4277,318110166.56927514,555457450.90286720,504803783.96968597,147109754.57001677
4278,318110166.56927514,555457450.90286720,504803783.96968597,147109754.57001677
4279,338180589.96196705,555457450.90286720,504803783.96968597,147109754.57001677
4280,338180589.96196705,555457450.90286720,504803783.96968597,147109754.57001677
4281,338180589.96196705,555457450.90286720,504803783.96968597,147109754.57001677
4282,338180589.96196705,555457450.90286720,504803783.96968597,147109754.57001677
4283,338180589.96196705,555457450.90286720,504803783.96968597,147109754.57001677
4284,338180589.96196705,555457450.90286720,504803783.96968597,147109754.57001677
4285,338180589.96196705,686570867.13564932,504803783.96968597,168340797.04381448
4286,338180589.96196705,750529633.53680789,623960613.23881912,200029755.85059077
4287,338180589.96196705,1040765603.77588248,682086806.78408134,149924336.36843318
4288,338180589.96196705,1054688889.44512498,945855374.08415091,149924336.36843318
4289,338180589.96196705,1054688889.44512498,958508957.68393886,172260880.22839016
4290,338180589.96196705,1054688889.44512498,958508957.68393886,172260880.22839016
4291,338180589.96196705,1054688889.44512498,958508957.68393886,172260880.22839016
4292,338180589.96196705,1054688889.44512498,958508957.68393886,172260880.22839016
4293,338180589.96196705,1054688889.44512498,958508957.68393886,172260880.22839016
4294,338180589.96196705,1054688889.44512498,958508957.68393886,157748225.08809033
4295,338180589.96196705,1054688889.44512498,958508957.68393886,157748225.08809033
4296,338180589.96196705,1054688889.44512498,958508957.68393886,157748225.08809033
4297,338180589.96196705,1054688889.44512498,958508957.68393886,163884637.83083299
4298,338180589.96196705,1054688889.44512498,958508957.68393886,230883989.38304171
4299,338180589.96196705,1054688889.44512498,958508957.68393886,275691016.93153018
4300,338180589.96196705,1246728473.07457042,958508957.68393886,275691016.93153018
4301,289865421.89723557,1065601593.75484324,1133035932.39736176,275691016.93153018
4302,289865421.89723557,1065601593.75484324,968426502.97914350,275691016.93153018
4303,289865421.89723557,1065601593.75484324,968426502.97914350,275691016.93153018
4304,289865421.89723557,1065601593.75484324,968426502.97914350,275691016.93153018
4305,289865421.89723557,1065601593.75484324,968426502.97914350,275691016.93153018
4306,289865421.89723557,1065601593.75484324,968426502.97914350,275691016.93153018
4307,289865421.89723557,1065601593.75484324,968426502.97914350,275691016.93153018
4308,289865421.89723557,1065601593.75484324,968426502.97914350,324448029.17937726
4309,289865421.89723557,1065601593.75484324,968426502.97914350,327443201.24800223
4310,289865421.89723557,1065601593.75484324,968426502.97914350,327443201.24800223
4311,289865421.89723557,1065601593.75484324,968426502.97914350,327443201.24800223
4312,289865421.89723557,1065601593.75484324,968426502.97914350,327443201.24800223
4313,289865421.89723557,1065601593.75484324,968426502.97914350,327443201.24800223
4314,289865421.89723557,1065601593.75484324,968426502.97914350,222962076.14000320
4315,289865421.89723557,1065601593.75484324,968426502.97914350,222962076.14000320
4316,289865421.89723557,1065601593.75484324,968426502.97914350,222962076.14000320
4317,289865421.89723557,1065601593.75484324,968426502.97914350,222962076.14000320
4318,289865421.89723557,1065601593.75484324,968426502.97914350,222962076.14000320
4319,289865421.89723557,1065601593.75484324,968426502.97914350,222962076.14000320
4320,271653251.98872399,1065601593.75484324,968426502.97914350,222962076.14000320
4321,271653251.98872399,1342430762.64340353,968426502.97914350,222962076.14000320
4322,271653251.98872399,1342430762.64340353,1220010871.39652848,222962076.14000320
4323,271653251.98872399,1375340390.01156163,1220010871.39652848,222962076.14000320
4324,297261149.58404160,1438371017.41062045,1249919380.85566902,222962076.14000320
4325,264942736.30478635,1224980471.41385603,1307202074.90416837,222962076.14000320
4326,264942736.30478635,1292106488.75484753,1113271189.81579661,222962076.14000320
4327,252196647.65752479,1292106488.75484753,1174275804.12327981,222962076.14000320
4328,252196647.65752479,1292106488.75484753,1174275804.12327981,222962076.14000320
4329,252196647.65752479,1292106488.75484753,1174275804.12327981,222962076.14000320
4330,252196647.65752479,1100444558.11860132,1174275804.12327981,275591344.94457549
4331,252196647.65752479,1100444558.11860132,1000092043.20541322,301264561.35561883
4332,252196647.65752479,1100444558.11860132,1000092043.20541322,417766040.25346577
4333,252196647.65752479,1100444558.11860132,1000092043.20541322,423354883.60133821
4334,252196647.65752479,1165180465.54389143,1000092043.20541322,423354883.60133821
4335,252196647.65752479,1273466488.37971520,1058924508.18338740,423354883.60133821
4336,246541839.72102398,1132647436.91345692,1157335635.78586984,423354883.60133821
4337,246541839.72102398,1012406021.81102145,1029358254.40473509,423354883.60133821
4338,246541839.72102398,1012406021.81102145,920081979.08442533,423354883.60133821
4339,246541839.72102398,1012406021.81102145,920081979.08442533,423354883.60133821
4340,246541839.72102398,1012406021.81102145,920081979.08442533,423354883.60133821
4341,246541839.72102398,1012406021.81102145,920081979.08442533,423354883.60133821
4342,341652305.56043917,1012406021.81102145,920081979.08442533,423354883.60133821
4343,279704183.15999860,1012406021.81102145,920081979.08442533,423354883.60133821
4344,279704183.15999860,1012406021.81102145,920081979.08442533,423354883.60133821
4345,279704183.15999860,1012406021.81102145,920081979.08442533,500440075.63087213
4346,279704183.15999860,1012406021.81102145,920081979.08442533,427735271.70350850
4347,279704183.15999860,1012406021.81102145,920081979.08442533,427735271.70350850
4348,279704183.15999860,1012406021.81102145,920081979.08442533,427735271.70350850
4349,279704183.15999860,1012406021.81102145,920081979.08442533,427735271.70350850
4350,279704183.15999860,1012406021.81102145,920081979.08442533,427735271.70350850
4351,279704183.15999860,1012406021.81102145,920081979.08442533,427735271.70350850
4352,279704183.15999860,1012406021.81102145,920081979.08442533,427735271.70350850
4353,279704183.15999860,1012406021.81102145,920081979.08442533,427735271.70350850
4354,279704183.15999860,1012406021.81102145,920081979.08442533,427735271.70350850
4355,270321052.20973468,1012406021.81102145,920081979.08442533,427735271.70350850
4356,270321052.20973468,1012406021.81102145,920081979.08442533,427735271.70350850
4357,331636552.61565274,1012406021.81102145,920081979.08442533,427735271.70350850
4358,375156412.33259457,1012406021.81102145,920081979.08442533,427735271.70350850
4359,345989473.00003195,1012406021.81102145,920081979.08442533,427735271.70350850
4360,345989473.00003195,1012406021.81102145,920081979.08442533,427735271.70350850
4361,345989473.00003195,1012406021.81102145,920081979.08442533,427735271.70350850
4362,345989473.00003195,1012406021.81102145,920081979.08442533,427735271.70350850
4363,345989473.00003195,1012406021.81102145,920081979.08442533,427735271.70350850
4364,409523687.72792697,1012406021.81102145,920081979.08442533,427735271.70350850
4365,343681747.93233192,1012406021.81102145,920081979.08442533,427735271.70350850
4366,343681747.93233192,1012406021.81102145,920081979.08442533,538855225.41225505
4367,343681747.93233192,1012406021.81102145,920081979.08442533,538855225.41225505
4368,402504996.28250158,1012406021.81102145,920081979.08442533,552065236.06396472
4369,402504996.28250158,1012406021.81102145,920081979.08442533,577365895.04775918
4370,402504996.28250158,1012406021.81102145,920081979.08442533,491710370.78257579
4371,348543288.51696956,1012406021.81102145,920081979.08442533,518654930.01934534
4372,348543288.51696956,1012406021.81102145,920081979.08442533,518654930.01934534
4373,348543288.51696956,1012406021.81102145,920081979.08442533,518654930.01934534
4374,348543288.51696956,1012406021.81102145,920081979.08442533,518654930.01934534
4375,348543288.51696956,1012406021.81102145,920081979.08442533,441721328.89076573
4376,579646318.27594149,1012406021.81102145,920081979.08442533,441721328.89076573
4377,579646318.27594149,1012406021.81102145,920081979.08442533,441721328.89076573
4378,579646318.27594149,1012406021.81102145,920081979.08442533,441721328.89076573
4379,579646318.27594149,1012406021.81102145,920081979.08442533,467706491.74507362
4380,579646318.27594149,1012406021.81102145,920081979.08442533,511172785.03031951
4381,481166316.70667315,1012406021.81102145,920081979.08442533,454647648.81340814
4382,492469877.41572547,1012406021.81102145,920081979.08442533,406382429.74816048
4383,492469877.41572547,1174512946.62352800,920081979.08442533,406382429.74816048
4384,530939806.20252812,1174512946.62352800,1067405935.07786584,406382429.74816048
4385,530939806.20252812,1174512946.62352800,1067405935.07786584,406382429.74816048
4386,720909119.65547657,1174512946.62352800,1067405935.07786584,406382429.74816048
4387,720909119.65547657,1174512946.62352800,1067405935.07786584,406382429.74816048
4388,720909119.65547657,1174512946.62352800,1067405935.07786584,406382429.74816048
4389,720909119.65547657,1174512946.62352800,1067405935.07786584,406382429.74816048
4390,720909119.65547657,1174512946.62352800,1067405935.07786584,406382429.74816048
4391,720909119.65547657,1174512946.62352800,1067405935.07786584,406382429.74816048
4392,643298515.40557384,1174512946.62352800,1067405935.07786584,406382429.74816048
4393,643298515.40557384,1174512946.62352800,1067405935.07786584,406382429.74816048
4394,643298515.40557384,1174512946.62352800,1067405935.07786584,406382429.74816048
4395,643298515.40557384,1122822966.86016273,1067405935.07786584,406382429.74816048
4396,643298515.40557384,1122822966.86016273,1020429704.34147012,406382429.74816048
4397,643298515.40557384,1122822966.86016273,1020429704.34147012,406382429.74816048
4398,643298515.40557384,1122822966.86016273,1020429704.34147012,406382429.74816048
4399,643298515.40557384,1122822966.86016273,1020429704.34147012,406382429.74816048
4400,746647390.08516026,1122822966.86016273,1020429704.34147012,406382429.74816048
4401,665137966.04554510,1122822966.86016273,1020429704.34147012,406382429.74816048
4402,665137966.04554510,1122822966.86016273,1020429704.34147012,406382429.74816048
4403,665137966.04554510,1122822966.86016273,1020429704.34147012,406382429.74816048
4404,665137966.04554510,1122822966.86016273,1020429704.34147012,406382429.74816048
4405,697094806.51628900,1122822966.86016273,1020429704.34147012,406382429.74816048
4406,697094806.51628900,1122822966.86016273,1020429704.34147012,406382429.74816048
4407,697094806.51628900,1122822966.86016273,1020429704.34147012,406382429.74816048
4408,697094806.51628900,1122822966.86016273,1020429704.34147012,406382429.74816048
4409,697094806.51628900,1122822966.86016273,1020429704.34147012,406382429.74816048
4410,697094806.51628900,1122822966.86016273,1020429704.34147012,406382429.74816048
4411,697094806.51628900,1122822966.86016273,1020429704.34147012,406382429.74816048
4412,697094806.51628900,1122822966.86016273,1020429704.34147012,406382429.74816048
4413,697094806.51628900,1122822966.86016273,1020429704.34147012,406382429.74816048
4414,697094806.51628900,1122822966.86016273,1020429704.34147012,406382429.74816048
4415,697094806.51628900,1122822966.86016273,1020429704.34147012,406382429.74816048
4416,697094806.51628900,1122822966.86016273,1020429704.34147012,406382429.74816048
4417,694765465.62640238,1122822966.86016273,1020429704.34147012,406382429.74816048
4418,694765465.62640238,1122822966.86016273,1020429704.34147012,406382429.74816048
4419,694765465.62640238,1122822966.86016273,1020429704.34147012,406382429.74816048
4420,694765465.62640238,1122822966.86016273,1020429704.34147012,406382429.74816048
4421,694765465.62640238,1122822966.86016273,1020429704.34147012,406382429.74816048
4422,694765465.62640238,1122822966.86016273,1020429704.34147012,406382429.74816048
4423,694765465.62640238,1122822966.86016273,1020429704.34147012,406382429.74816048
4424,694765465.62640238,1122822966.86016273,1020429704.34147012,406382429.74816048
4425,694765465.62640238,1101527913.04120398,1020429704.34147012,406382429.74816048
4426,694765465.62640238,1101527913.04120398,1001076604.06317663,406382429.74816048
4427,694765465.62640238,1017740367.24645066,1001076604.06317663,406382429.74816048
4428,694765465.62640238,1017740367.24645066,924929871.13525498,471452574.10236466
4429,694765465.62640238,1017740367.24645066,924929871.13525498,471452574.10236466
4430,694765465.62640238,1017740367.24645066,924929871.13525498,471452574.10236466
4431,694765465.62640238,1017740367.24645066,924929871.13525498,471452574.10236466
4432,694765465.62640238,1017740367.24645066,924929871.13525498,471452574.10236466
4433,694765465.62640238,1017740367.24645066,924929871.13525498,471452574.10236466
4434,694765465.62640238,1017740367.24645066,924929871.13525498,471452574.10236466
4435,694765465.62640238,1017740367.24645066,924929871.13525498,471452574.10236466
4436,694765465.62640238,1017740367.24645066,924929871.13525498,471452574.10236466
4437,694765465.62640238,1057930252.20373893,924929871.13525498,471452574.10236466
4438,694765465.62640238,1057930252.20373893,961454731.80778408,471452574.10236466
4439,694765465.62640238,1057930252.20373893,961454731.80778408,471452574.10236466
4440,694765465.62640238,1057930252.20373893,961454731.80778408,450704080.79303640
4441,694765465.62640238,1057930252.20373893,961454731.80778408,450704080.79303640
4442,694765465.62640238,1347317465.19735479,961454731.80778408,450704080.79303640
4443,694765465.62640238,1347317465.19735479,1224451942.33069134,450704080.79303640
4444,694765465.62640238,1186240582.92447233,1224451942.33069134,450704080.79303640
4445,694765465.62640238,1186240582.92447233,1078064096.51239896,450704080.79303640
4446,694765465.62640238,1186240582.92447233,1078064096.51239896,450704080.79303640
4447,694765465.62640238,1186240582.92447233,1078064096.51239896,450704080.79303640
4448,694765465.62640238,1186240582.92447233,1078064096.51239896,450704080.79303640
4449,694765465.62640238,1186240582.92447233,1078064096.51239896,450704080.79303640
4450,694765465.62640238,1186240582.92447233,1078064096.51239896,450704080.79303640
4451,694765465.62640238,1186240582.92447233,1078064096.51239896,450704080.79303640
4452,694765465.62640238,1186240582.92447233,1078064096.51239896,450704080.79303640
4453,983998928.03346312,1186240582.92447233,1078064096.51239896,450704080.79303640
4454,983998928.03346312,1186240582.92447233,1078064096.51239896,450704080.79303640
4455,983998928.03346312,1186240582.92447233,1078064096.51239896,450704080.79303640
4456,983998928.03346312,1186240582.92447233,1078064096.51239896,450704080.79303640
4457,983998928.03346312,1186240582.92447233,1078064096.51239896,450704080.79303640
4458,983998928.03346312,1186240582.92447233,1078064096.51239896,450704080.79303640
4459,983998928.03346312,1186240582.92447233,1078064096.51239896,450704080.79303640
4460,983998928.03346312,1186240582.92447233,1078064096.51239896,450704080.79303640
4461,1139176796.17428684,1186240582.92447233,1078064096.51239896,450704080.79303640
4462,1168575736.33378887,1186240582.92447233,1078064096.51239896,450704080.79303640
4463,1168575736.33378887,1186240582.92447233,1078064096.51239896,450704080.79303640
4464,1168575736.33378887,1186240582.92447233,1078064096.51239896,450704080.79303640
4465,1168575736.33378887,1186240582.92447233,1078064096.51239896,450704080.79303640
4466,1168575736.33378887,1186240582.92447233,1078064096.51239896,450704080.79303640
4467,1168575736.33378887,1186240582.92447233,1078064096.51239896,450704080.79303640
4468,1255944659.43403339,1186240582.92447233,1078064096.51239896,450704080.79303640
4469,1255944659.43403339,1186240582.92447233,1078064096.51239896,450704080.79303640
4470,1255944659.43403339,1186240582.92447233,1078064096.51239896,442156190.39518410
4471,1255944659.43403339,1186240582.92447233,1078064096.51239896,442156190.39518410
4472,1255944659.43403339,1094259361.25385809,1078064096.51239896,408523649.98239809
4473,1255944659.43403339,1094259361.25385809,1078064096.51239896,408523649.98239809
4474,1255944659.43403339,1094259361.25385809,1049352584.76862800,408523649.98239809
4475,1255944659.43403339,1094259361.25385809,1049352584.76862800,408523649.98239809
4476,1255944659.43403339,1094259361.25385809,1049352584.76862800,408523649.98239809
4477,1255944659.43403339,1094259361.25385809,1332484683.51547122,408523649.98239809
4478,1255944659.43403339,1094259361.25385809,1332484683.51547122,408523649.98239809
4479,1255944659.43403339,1389508026.02319002,1332484683.51547122,408523649.98239809
4480,1255944659.43403339,1389508026.02319002,1332484683.51547122,408523649.98239809
4481,1255944659.43403339,1389508026.02319002,1332484683.51547122,408523649.98239809
4482,1255944659.43403339,1389508026.02319002,1332484683.51547122,424655975.10530263
4483,1255944659.43403339,1389508026.02319002,1332484683.51547122,424655975.10530263
4484,1255944659.43403339,1389508026.02319002,1416554715.13644648,424655975.10530263
4485,1255944659.43403339,1389508026.02319002,1416554715.13644648,424655975.10530263
4486,1255944659.43403339,1477175813.22594786,1416554715.13644648,424655975.10530263
4487,1255944659.43403339,1477175813.22594786,1416554715.13644648,540816760.62100363
4488,1255944659.43403339,1477175813.22594786,1416554715.13644648,540816760.62100363
4489,1255944659.43403339,1477175813.22594786,1416554715.13644648,476160078.04100692
4490,1255944659.43403339,1477175813.22594786,1416554715.13644648,476160078.04100692
4491,1255944659.43403339,1477175813.22594786,1416554715.13644648,476160078.04100692
4492,1255944659.43403339,1477175813.22594786,1416554715.13644648,476160078.04100692
4493,1255944659.43403339,1477175813.22594786,1416554715.13644648,476160078.04100692
4494,1255944659.43403339,1477175813.22594786,1416554715.13644648,476160078.04100692
4495,1255944659.43403339,1477175813.22594786,1416554715.13644648,476160078.04100692
4496,1255944659.43403339,1477175813.22594786,1416554715.13644648,476160078.04100692
4497,1255944659.43403339,1477175813.22594786,1416554715.13644648,476160078.04100692
4498,1255944659.43403339,1477175813.22594786,1416554715.13644648,476160078.04100692
4499,1255944659.43403339,1477175813.22594786,1416554715.13644648,476160078.04100692
4500,1255944659.43403339,1477175813.22594786,1416554715.13644648,476160078.04100692
4501,1100783204.78443956,1477175813.22594786,1416554715.13644648,476160078.04100692
4502,1106484203.72885966,1477175813.22594786,1416554715.13644648,476160078.04100692
4503,965589705.81058311,1477175813.22594786,1416554715.13644648,476160078.04100692
4504,965589705.81058311,1477175813.22594786,1416554715.13644648,476160078.04100692
4505,965589705.81058311,1477175813.22594786,1416554715.13644648,476160078.04100692
4506,965589705.81058311,1477175813.22594786,1214174445.04938316,476160078.04100692
4507,888310066.48674393,1477175813.22594786,1214174445.04938316,476160078.04100692
4508,888310066.48674393,1266134731.04794741,1214174445.04938316,476160078.04100692
4509,776792515.94467270,1266134731.04794741,1214174445.04938316,476160078.04100692
4510,776792515.94467270,1266134731.04794741,1214174445.04938316,476160078.04100692
4511,776792515.94467270,1266134731.04794741,1214174445.04938316,476160078.04100692
4512,755253512.79737341,1266134731.04794741,1214174445.04938316,476160078.04100692
4513,755253512.79737341,1266134731.04794741,1214174445.04938316,476160078.04100692
4514,755253512.79737341,1266134731.04794741,1214174445.04938316,476160078.04100692
4515,755253512.79737341,1266134731.04794741,1214174445.04938316,476160078.04100692
4516,755253512.79737341,1266134731.04794741,1214174445.04938316,476160078.04100692
4517,755253512.79737341,1266134731.04794741,1214174445.04938316,476160078.04100692
4518,755253512.79737341,1266134731.04794741,1214174445.04938316,463478758.14841741
4519,755253512.79737341,1266134731.04794741,1214174445.04938316,463478758.14841741
4520,755253512.79737341,1266134731.04794741,1214174445.04938316,463478758.14841741
4521,755253512.79737341,1266134731.04794741,1214174445.04938316,588532734.68965399
4522,755253512.79737341,1266134731.04794741,1214174445.04938316,588532734.68965399
4523,755253512.79737341,1266134731.04794741,1214174445.04938316,588532734.68965399
4524,755253512.79737341,1266134731.04794741,1214174445.04938316,588532734.68965399
4525,755253512.79737341,1266134731.04794741,1137888176.93544555,588532734.68965399
4526,755253512.79737341,1266134731.04794741,1137888176.93544555,588532734.68965399
4527,755253512.79737341,1186583811.52817154,1137888176.93544555,588532734.68965399
4528,755253512.79737341,1186583811.52817154,1137888176.93544555,625664843.01888549
4529,736038935.17372906,1186583811.52817154,1245153316.21342158,625664843.01888549
4530,736038935.17372906,1186583811.52817154,1109779489.10641360,625664843.01888549
4531,736038935.17372906,1298439335.10988951,1109779489.10641360,625664843.01888549
4532,736038935.17372906,1157272219.56572104,1056389281.30396068,625664843.01888549
4533,736038935.17372906,1157272219.56572104,1056389281.30396068,625664843.01888549
4534,736038935.17372906,1101597191.42443681,1056389281.30396068,625664843.01888549
4535,736038935.17372906,1101597191.42443681,1056389281.30396068,625664843.01888549
4536,736038935.17372906,1101597191.42443681,1056389281.30396068,625664843.01888549
4537,899384434.81007946,1101597191.42443681,1056389281.30396068,625664843.01888549
4538,856608196.62597477,1101597191.42443681,1056389281.30396068,625664843.01888549
4539,856608196.62597477,1101597191.42443681,1056389281.30396068,625664843.01888549
4540,856608196.62597477,1101597191.42443681,1056389281.30396068,625664843.01888549
4541,856608196.62597477,1101597191.42443681,1032702691.70240462,625664843.01888549
4542,750302845.10582304,1101597191.42443681,1032702691.70240462,625664843.01888549
4543,751901785.63881373,1076896940.25633574,1032702691.70240462,625664843.01888549
4544,751901785.63881373,1076896940.25633574,1032702691.70240462,625664843.01888549
4545,751901785.63881373,1076896940.25633574,1032702691.70240462,625664843.01888549
4546,751901785.63881373,1076896940.25633574,1032702691.70240462,625664843.01888549
4547,751901785.63881373,1076896940.25633574,1032702691.70240462,625664843.01888549
4548,751901785.63881373,1076896940.25633574,1032702691.70240462,625664843.01888549
4549,751901785.63881373,1076896940.25633574,1032702691.70240462,625664843.01888549
4550,751901785.63881373,1076896940.25633574,1032702691.70240462,536277388.68257660
4551,751901785.63881373,1076896940.25633574,1032702691.70240462,536277388.68257660
4552,751901785.63881373,1296040807.68470812,1032702691.70240462,536277388.68257660
4553,751901785.63881373,1296040807.68470812,1032702691.70240462,536277388.68257660
4554,751901785.63881373,1296040807.68470812,1032702691.70240462,536277388.68257660
4555,751901785.63881373,1296040807.68470812,1032702691.70240462,536277388.68257660
4556,751901785.63881373,1296040807.68470812,1032375924.65578377,536277388.68257660
4557,751901785.63881373,1296040807.68470812,1032375924.65578377,536277388.68257660
4558,751901785.63881373,1296040807.68470812,1032375924.65578377,536277388.68257660
4559,751901785.63881373,1296040807.68470812,1032375924.65578377,536277388.68257660
4560,751901785.63881373,1296040807.68470812,1032375924.65578377,536277388.68257660
4561,751901785.63881373,1296040807.68470812,1032375924.65578377,536277388.68257660
4562,751901785.63881373,1296040807.68470812,1032375924.65578377,536277388.68257660
4563,751901785.63881373,1296040807.68470812,1032375924.65578377,536277388.68257660
4564,751901785.63881373,1296040807.68470812,1032375924.65578377,536277388.68257660
4565,751901785.63881373,1296040807.68470812,1032375924.65578377,536277388.68257660
4566,751901785.63881373,1296040807.68470812,1032375924.65578377,536277388.68257660
4567,751901785.63881373,1296040807.68470812,1032375924.65578377,536277388.68257660
4568,751901785.63881373,1296040807.68470812,1032375924.65578377,536277388.68257660
4569,751901785.63881373,1296040807.68470812,1032375924.65578377,502583218.27461898
4570,751901785.63881373,1214389995.58694673,940723365.19086766,502583218.27461898
4571,751901785.63881373,1489843681.70822597,1154102691.02844310,502583218.27461898
4572,751901785.63881373,1685352251.30567122,1305552785.46574807,502583218.27461898
4573,718106430.72962713,1685352251.30567122,1305552785.46574807,549960157.41479850
4574,718106430.72962713,1685352251.30567122,1305552785.46574807,490168154.05570936
4575,858302127.36751235,1685352251.30567122,1305552785.46574807,490168154.05570936
4576,858302127.36751235,1507860822.68075895,1168059612.23859119,466586731.02521968
4577,858302127.36751235,1507860822.68075895,1168059612.23859119,466586731.02521968
4578,840635837.02348459,1507860822.68075895,1168059612.23859119,466586731.02521968
4579,1845885885.79326129,1507860822.68075895,1168059612.23859119,466586731.02521968
4580,1845885885.79326129,1507860822.68075895,1168059612.23859119,466586731.02521968
4581,1845885885.79326129,1784750036.84471393,1382550965.32938766,466586731.02521968
4582,1845885885.79326129,1497803498.71384525,1160268738.07020092,466586731.02521968
4583,1845885885.79326129,1497803498.71384525,1160268738.07020092,466586731.02521968
4584,1845885885.79326129,1497803498.71384525,1160268738.07020092,466586731.02521968
4585,1845885885.79326129,1497803498.71384525,1160268738.07020092,456124822.13715899
4586,1845885885.79326129,1467579264.05427051,1136855630.38436937,456124822.13715899
4587,1845885885.79326129,1157723821.37301493,896827092.74730420,456124822.13715899
4588,1845885885.79326129,1157723821.37301493,896827092.74730420,456124822.13715899
4589,1845885885.79326129,1157723821.37301493,896827092.74730420,456124822.13715899
4590,1845885885.79326129,1157723821.37301493,896827092.74730420,456124822.13715899
4591,1845885885.79326129,1157723821.37301493,896827092.74730420,456124822.13715899
4592,1509409104.67731714,1925357259.04975915,1491471904.83279562,456124822.13715899
4593,1509409104.67731714,1925357259.04975915,1491471904.83279562,456124822.13715899
4594,1509409104.67731714,1925357259.04975915,1491471904.83279562,456124822.13715899
4595,1509409104.67731714,1925357259.04975915,1491471904.83279562,456124822.13715899
4596,1509409104.67731714,1925357259.04975915,1491471904.83279562,456124822.13715899
4597,1509409104.67731714,2354287394.34314060,1823741276.09843993,456124822.13715899
4598,1509409104.67731714,2354287394.34314060,1823741276.09843993,456124822.13715899
4599,1509409104.67731714,2354287394.34314060,1823741276.09843993,456124822.13715899
4600,1509409104.67731714,2354287394.34314060,1823741276.09843993,455980495.44737905
4601,1509409104.67731714,2354287394.34314060,1823741276.09843993,455980495.44737905
4602,1301114523.47986960,2354287394.34314060,1823741276.09843993,455980495.44737905
4603,1301114523.47986960,2354287394.34314060,1823741276.09843993,455980495.44737905
4604,1970744049.30929446,2354287394.34314060,1823741276.09843993,455980495.44737905
4605,2332240041.00951338,2354287394.34314060,1823741276.09843993,455980495.44737905
4606,2679709859.65148163,2354287394.34314060,1823741276.09843993,455980495.44737905
4607,2445381317.87337399,2354287394.34314060,1823741276.09843993,455980495.44737905
4608,2445381317.87337399,2538195634.33401489,1966205211.93391800,455980495.44737905
4609,2445381317.87337399,2538195634.33401489,1966205211.93391800,455980495.44737905
4610,3758944365.17650509,3446357494.55019045,2669709921.61133814,455980495.44737905
4611,5757984349.02172661,3446357494.55019045,2669709921.61133814,455980495.44737905
4612,13954815108.29996490,3446357494.55019045,2669709921.61133814,455980495.44737905
4613,13954815108.29996490,3446357494.55019045,2669709921.61133814,455980495.44737905
4614,13954815108.29996490,3446357494.55019045,2669709921.61133814,516340209.89566594
4615,13954815108.29996490,3446357494.55019045,2669709921.61133814,516340209.89566594
4616,13954815108.29996490,3075334462.21423197,2382298104.31148672,516340209.89566594
4617,13954815108.29996490,3075334462.21423197,2382298104.31148672,516340209.89566594
4618,13954815108.29996490,3075334462.21423197,2382298104.31148672,547198095.50855792
4619,13954815108.29996490,3075334462.21423197,2382298104.31148672,547198095.50855792
4620,13954815108.29996490,3075334462.21423197,2382298104.31148672,547198095.50855792
4621,13954815108.29996490,3075334462.21423197,2382298104.31148672,547198095.50855792
4622,13954815108.29996490,3075334462.21423197,2382298104.31148672,547198095.50855792
4623,13954815108.29996490,3075334462.21423197,2382298104.31148672,547198095.50855792
4624,13954815108.29996490,3569401133.16373873,2765025286.69380569,547198095.50855792
4625,13954815108.29996490,3179739514.58185053,2463175147.57033253,492410899.54447746
4626,18788260437.96395111,3179739514.58185053,2463175147.57033253,492410899.54447746
4627,16279389474.90892982,3179739514.58185053,2463175147.57033253,492410899.54447746
4628,16279389474.90892982,3179739514.58185053,2463175147.57033253,492410899.54447746
4629,16279389474.90892982,3179739514.58185053,2463175147.57033253,492410899.54447746
4630,16279389474.90892982,3179739514.58185053,2463175147.57033253,492410899.54447746
4631,16279389474.90892982,3212450961.00192070,2488514965.97164917,582832551.84143019
4632,16279389474.90892982,3212450961.00192070,2488514965.97164917,489126554.02195525
4633,16279389474.90892982,3212450961.00192070,2488514965.97164917,489126554.02195525
4634,16279389474.90892982,3212450961.00192070,2488514965.97164917,489126554.02195525
4635,16279389474.90892982,3212450961.00192070,2488514965.97164917,489126554.02195525
4636,14738184466.78908348,3212450961.00192070,2488514965.97164917,479256450.39375359
4637,14738184466.78908348,3212450961.00192070,2488514965.97164917,378069261.91824764
4638,14738184466.78908348,3212450961.00192070,2488514965.97164917,378069261.91824764
4639,14738184466.78908348,3212450961.00192070,2488514965.97164917,378069261.91824764
4640,14738184466.78908348,3212450961.00192070,2488514965.97164917,378069261.91824764
4641,14738184466.78908348,3201716562.59546471,2480199598.23235846,378069261.91824764
4642,14738184466.78908348,3201716562.59546471,2480199598.23235846,628749607.13393652
4643,14738184466.78908348,3201716562.59546471,2480199598.23235846,628749607.13393652
4644,14738184466.78908348,3201716562.59546471,2480199598.23235846,628749607.13393652
4645,14738184466.78908348,3201716562.59546471,2480199598.23235846,628749607.13393652
4646,14738184466.78908348,3201716562.59546471,2480199598.23235846,628749607.13393652
4647,14738184466.78908348,3201716562.59546471,2480199598.23235846,768822132.78391492
4648,13995422715.14085770,3201716562.59546471,2480199598.23235846,768822132.78391492
4649,11279750610.44218636,3201716562.59546471,2480199598.23235846,768822132.78391492
4650,11279750610.44218636,3201716562.59546471,2480199598.23235846,768822132.78391492
4651,11279750610.44218636,3201716562.59546471,2480199598.23235846,768822132.78391492
4652,11279750610.44218636,3201716562.59546471,2480199598.23235846,768822132.78391492
4653,11279750610.44218636,3201716562.59546471,2480199598.23235846,768822132.78391492
4654,13102491803.66772842,3201716562.59546471,2480199598.23235846,768822132.78391492
4655,14720691682.04252434,3201716562.59546471,2480199598.23235846,768822132.78391492
4656,14720691682.04252434,3201716562.59546471,2480199598.23235846,768822132.78391492
4657,14720691682.04252434,3201716562.59546471,2480199598.23235846,768822132.78391492
4658,14720691682.04252434,3201716562.59546471,2480199598.23235846,828879679.55839014
4659,14720691682.04252434,3201716562.59546471,2480199598.23235846,828879679.55839014
4660,14720691682.04252434,3201716562.59546471,2480199598.23235846,1125451347.04557633
4661,14720691682.04252434,3201716562.59546471,2480199598.23235846,1125451347.04557633
4662,14720691682.04252434,3201716562.59546471,2480199598.23235846,1125451347.04557633
4663,14720691682.04252434,3201716562.59546471,2480199598.23235846,1125451347.04557633
4664,14720691682.04252434,3201716562.59546471,2480199598.23235846,1125451347.04557633
4665,12503520795.71025085,3201716562.59546471,2480199598.23235846,1125451347.04557633
4666,11150639845.61439896,3201716562.59546471,2480199598.23235846,1004289113.53156924
4667,11150639845.61439896,3201716562.59546471,2480199598.23235846,1004289113.53156924
4668,11150639845.61439896,3201716562.59546471,2480199598.23235846,1004289113.53156924
4669,11150639845.61439896,3201716562.59546471,2480199598.23235846,1004289113.53156924
4670,11150639845.61439896,3201716562.59546471,2480199598.23235846,1004289113.53156924
4671,11150639845.61439896,3201716562.59546471,2480199598.23235846,1004289113.53156924
4672,11150639845.61439896,3201716562.59546471,2480199598.23235846,1004289113.53156924
4673,11150639845.61439896,3201716562.59546471,2480199598.23235846,1004289113.53156924
4674,11150639845.61439896,3201716562.59546471,2480199598.23235846,1165632793.41090226
4675,11150639845.61439896,3201716562.59546471,2480199598.23235846,1038383895.34434128
4676,11150639845.61439896,3201716562.59546471,2480199598.23235846,1038383895.34434128
4677,11150639845.61439896,3201716562.59546471,2480199598.23235846,1038383895.34434128
4678,11150639845.61439896,3201716562.59546471,2480199598.23235846,1038383895.34434128
4679,11150639845.61439896,3201716562.59546471,2480199598.23235846,1038383895.34434128
4680,10459730672.14001465,3201716562.59546471,2480199598.23235846,1038383895.34434128
4681,9314520398.91949844,3201716562.59546471,2480199598.23235846,1038383895.34434128
4682,9314520398.91949844,3827780472.24381113,2965178023.65514612,1038383895.34434128
4683,9314520398.91949844,3827780472.24381113,2965178023.65514612,1038383895.34434128
4684,9314520398.91949844,3827780472.24381113,2965178023.65514612,1038383895.34434128
4685,11234849972.11302567,4431426265.41653538,3432790326.12828398,1038383895.34434128
4686,11234849972.11302567,4545788878.87192249,3521380962.55705023,764230086.34779453
4687,10278131800.35652351,4545788878.87192249,3521380962.55705023,764230086.34779453
4688,10278131800.35652351,4545788878.87192249,3521380962.55705023,764230086.34779453
4689,10278131800.35652351,4545788878.87192249,3521380962.55705023,764230086.34779453
4690,9219829867.99229813,4545788878.87192249,3521380962.55705023,764230086.34779453
4691,9219829867.99229813,4545788878.87192249,3521380962.55705023,764230086.34779453
4692,9219829867.99229813,4545788878.87192249,3521380962.55705023,761676413.05576730
4693,9219829867.99229813,4545788878.87192249,3521380962.55705023,761676413.05576730
4694,9219829867.99229813,4407930709.51796150,3414589568.14093399,761676413.05576730
4695,9219829867.99229813,4407930709.51796150,3414589568.14093399,761676413.05576730
4696,9219829867.99229813,4407930709.51796150,3414589568.14093399,761676413.05576730
4697,9219829867.99229813,4407930709.51796150,3414589568.14093399,761676413.05576730
4698,9219829867.99229813,4407930709.51796150,3414589568.14093399,761676413.05576730
4699,9219829867.99229813,4407930709.51796150,3414589568.14093399,761676413.05576730
4700,9219829867.99229813,4407930709.51796150,3414589568.14093399,761676413.05576730
4701,9219829867.99229813,4407930709.51796150,3414589568.14093399,761676413.05576730
4702,9219829867.99229813,4407930709.51796150,3414589568.14093399,761676413.05576730
4703,9219829867.99229813,4407930709.51796150,3414589568.14093399,761676413.05576730
4704,9219829867.99229813,4407930709.51796150,3414589568.14093399,761676413.05576730
4705,9219829867.99229813,4407930709.51796150,3414589568.14093399,761676413.05576730
4706,9219829867.99229813,4407930709.51796150,3414589568.14093399,761676413.05576730
4707,9219829867.99229813,4407930709.51796150,3414589568.14093399,761676413.05576730
4708,9219829867.99229813,4407930709.51796150,3414589568.14093399,761676413.05576730
4709,7897279079.16250134,4407930709.51796150,3414589568.14093399,761676413.05576730
4710,9514087412.08983803,4407930709.51796150,3414589568.14093399,761676413.05576730
4711,8645698090.21455956,4407930709.51796150,3414589568.14093399,761676413.05576730
4712,8645698090.21455956,4407930709.51796150,3414589568.14093399,761676413.05576730
4713,8645698090.21455956,4407930709.51796150,3414589568.14093399,761676413.05576730
4714,8645698090.21455956,4407930709.51796150,3414589568.14093399,761676413.05576730
4715,8645698090.21455956,4407930709.51796150,3414589568.14093399,761676413.05576730
4716,8645698090.21455956,4407930709.51796150,3414589568.14093399,761676413.05576730
4717,8645698090.21455956,4407930709.51796150,3414589568.14093399,761676413.05576730
4718,8645698090.21455956,4407930709.51796150,3414589568.14093399,761676413.05576730
4719,8645698090.21455956,4407930709.51796150,3414589568.14093399,761676413.05576730
4720,8645698090.21455956,4407930709.51796150,3414589568.14093399,761676413.05576730
4721,8645698090.21455956,4407930709.51796150,3414589568.14093399,761676413.05576730
4722,8645698090.21455956,4407930709.51796150,3414589568.14093399,761676413.05576730
4723,7689662721.05717945,4407930709.51796150,3414589568.14093399,761676413.05576730
4724,7689662721.05717945,4407930709.51796150,3414589568.14093399,761676413.05576730
4725,7689662721.05717945,3863367749.87957430,2992745595.60250616,761676413.05576730
4726,5622016210.66908550,3883376281.41261339,3008245141.20539188,761676413.05576730
4727,5622016210.66908550,3388885397.98790026,2625189343.97225666,761676413.05576730
4728,5622016210.66908550,3388885397.98790026,2625189343.97225666,761676413.05576730
4729,5622016210.66908550,3388885397.98790026,2625189343.97225666,761676413.05576730
4730,5622016210.66908550,3388885397.98790026,2625189343.97225666,761676413.05576730
4731,5622016210.66908550,3388885397.98790026,2625189343.97225666,761676413.05576730
4732,5622016210.66908550,4046422885.47628546,3134548676.82006645,761676413.05576730
4733,5622016210.66908550,4046422885.47628546,3134548676.82006645,910614679.05207348
4734,5622016210.66908550,2945994434.18185711,2282105261.10077763,910614679.05207348
4735,5622016210.66908550,2945994434.18185711,2282105261.10077763,910614679.05207348
4736,5622016210.66908550,2864307520.25400877,2282105261.10077763,1054219758.86191225
4737,5622016210.66908550,2864307520.25400877,2282105261.10077763,1081426197.50236726
4738,5622016210.66908550,2864307520.25400877,2176868843.13627243,1081426197.50236726
4739,5622016210.66908550,2864307520.25400877,2176868843.13627243,1081426197.50236726
4740,5622016210.66908550,2864307520.25400877,2176868843.13627243,1081426197.50236726
4741,5622016210.66908550,2864307520.25400877,2176868843.13627243,1081426197.50236726
4742,5622016210.66908550,2864307520.25400877,2176868843.13627243,1081426197.50236726
4743,5622016210.66908550,2864307520.25400877,2176868843.13627243,1081426197.50236726
4744,5622016210.66908550,2864307520.25400877,2176868843.13627243,1081426197.50236726
4745,5622016210.66908550,2864307520.25400877,2176868843.13627243,1048630253.86054814
4746,5622016210.66908550,2864307520.25400877,2176868843.13627243,1048630253.86054814
4747,5622016210.66908550,2864307520.25400877,2176868843.13627243,1048630253.86054814
4748,5622016210.66908550,2864307520.25400877,2176868843.13627243,1048630253.86054814
4749,5622016210.66908550,2864307520.25400877,2176868843.13627243,1048630253.86054814
4750,5622016210.66908550,2864307520.25400877,2176868843.13627243,1048630253.86054814
4751,5622016210.66908550,2864307520.25400877,2176868843.13627243,1048630253.86054814
4752,5622016210.66908550,2864307520.25400877,2176868843.13627243,1048630253.86054814
4753,5622016210.66908550,2791436016.50944471,2176868843.13627243,1048630253.86054814
4754,5622016210.66908550,2791436016.50944471,2176868843.13627243,1048630253.86054814
4755,5622016210.66908550,2791436016.50944471,2121486624.24660444,1048630253.86054814
4756,5622016210.66908550,2791436016.50944471,2121486624.24660444,1048630253.86054814
4757,5590454977.36535454,2791436016.50944471,2121486624.24660444,1048630253.86054814
4758,5590454977.36535454,2791436016.50944471,2121486624.24660444,1048630253.86054814
4759,5590454977.36535454,2791436016.50944471,2121486624.24660444,1048630253.86054814
4760,5590454977.36535454,2791436016.50944471,2121486624.24660444,1048630253.86054814
4761,5590454977.36535454,3410925678.03396130,2121486624.24660444,1048630253.86054814
4762,5590454977.36535454,3248696309.16271734,2121486624.24660444,1048630253.86054814
4763,5590454977.36535454,3248696309.16271734,2592297713.23825216,1048630253.86054814
4764,5590454977.36535454,3248696309.16271734,2469003668.85221004,1048630253.86054814
4765,5590454977.36535454,3248696309.16271734,2469003668.85221004,1048630253.86054814
4766,5590454977.36535454,2845532056.83820248,2469003668.85221004,1048630253.86054814
4767,5590454977.36535454,2851596056.95932865,2469003668.85221004,1048630253.86054814
4768,5590454977.36535454,2851596056.95932865,2162599522.87777996,1048630253.86054814
4769,5590454977.36535454,2851596056.95932865,2167208152.65482426,1048630253.86054814
4770,5590454977.36535454,2851596056.95932865,2167208152.65482426,1048630253.86054814
4771,5590454977.36535454,2851596056.95932865,2167208152.65482426,1048630253.86054814
4772,5590454977.36535454,2851596056.95932865,2167208152.65482426,1048630253.86054814
4773,5590454977.36535454,2851596056.95932865,2167208152.65482426,1048630253.86054814
4774,5590454977.36535454,2851596056.95932865,2167208152.65482426,1048630253.86054814
4775,5590454977.36535454,2851596056.95932865,2167208152.65482426,1048630253.86054814
4776,5590454977.36535454,2851596056.95932865,2167208152.65482426,919080759.49676287
4777,5590454977.36535454,2851596056.95932865,2167208152.65482426,923840714.42426729
4778,5590454977.36535454,2851596056.95932865,2167208152.65482426,806203179.99167871
4779,5590454977.36535454,2851596056.95932865,2167208152.65482426,806203179.99167871
4780,5590454977.36535454,2851596056.95932865,2167208152.65482426,806203179.99167871
4781,5590454977.36535454,2851596056.95932865,2167208152.65482426,806203179.99167871
4782,5590454977.36535454,2851596056.95932865,2167208152.65482426,741679821.26429093
4783,5590454977.36535454,2851596056.95932865,2167208152.65482426,741679821.26429093
4784,5590454977.36535454,2851596056.95932865,2167208152.65482426,648570083.93913233
4785,5590454977.36535454,2851596056.95932865,2167208152.65482426,648570083.93913233
4786,5590454977.36535454,2851596056.95932865,2167208152.65482426,648570083.93913233
4787,5590454977.36535454,2851596056.95932865,2167208152.65482426,648570083.93913233
4788,5590454977.36535454,2851596056.95932865,2167208152.65482426,648570083.93913233
4789,5344420648.43032837,2851596056.95932865,2167208152.65482426,618662089.07312405
4790,5344420648.43032837,2562581519.75402498,2167208152.65482426,618662089.07312405
4791,5344420648.43032837,2426896449.91428137,2167208152.65482426,618662089.07312405
4792,5344420648.43032837,2900698694.12764120,1947557595.99955225,618662089.07312405
4793,5344420648.43032837,2900698694.12764120,1844437173.72495174,618662089.07312405
4794,5344420648.43032837,2900698694.12764120,2204526073.37796116,618662089.07312405
4795,5344420648.43032837,2840994093.96758747,2204526073.37796116,618662089.07312405
4796,5344420648.43032837,6238314700.26929188,2204526073.37796116,618662089.07312405
4797,5344420648.43032837,6238314700.26929188,2159150678.81529760,618662089.07312405
4798,5344420648.43032837,6238314700.26929188,4741108560.67959213,618662089.07312405
4799,5344420648.43032837,6238314700.26929188,4741108560.67959213,618662089.07312405
4800,5344420648.43032837,6238314700.26929188,4741108560.67959213,618662089.07312405
4801,5344420648.43032837,6238314700.26929188,4741108560.67959213,618662089.07312405
4802,5344420648.43032837,6238314700.26929188,4741108560.67959213,618662089.07312405
4803,5344420648.43032837,6238314700.26929188,4741108560.67959213,618662089.07312405
4804,5344420648.43032837,6238314700.26929188,4741108560.67959213,618662089.07312405
4805,5344420648.43032837,6238314700.26929188,4741108560.67959213,618662089.07312405
4806,5344420648.43032837,6238314700.26929188,4741108560.67959213,602922565.14920044
4807,5344420648.43032837,6238314700.26929188,4741108560.67959213,602922565.14920044
4808,5344420648.43032837,6238314700.26929188,4741108560.67959213,602922565.14920044
4809,5344420648.43032837,5101165288.11436272,4741108560.67959213,602922565.14920044
4810,5344420648.43032837,5101165288.11436272,4741108560.67959213,602922565.14920044
4811,5344420648.43032837,5101165288.11436272,3876876941.76066065,602922565.14920044
4812,5123135948.75410175,5101165288.11436272,3876876941.76066065,602922565.14920044
4813,4968813219.25010300,5101165288.11436272,3876876941.76066065,602922565.14920044
4814,4968813219.25010300,5101165288.11436272,3876876941.76066065,736726203.70682740
4815,4279232356.13135386,5101165288.11436272,3876876941.76066065,701686264.89257681
4816,4279232356.13135386,5101165288.11436272,3876876941.76066065,701686264.89257681
4817,4279232356.13135386,5101165288.11436272,3876876941.76066065,701686264.89257681
4818,4279232356.13135386,5101165288.11436272,3876876941.76066065,701686264.89257681
4819,4279232356.13135386,5101165288.11436272,3876876941.76066065,614606774.71249688
4820,4279232356.13135386,5101165288.11436272,3876876941.76066065,614606774.71249688
4821,4279232356.13135386,5837371104.06704903,3876876941.76066065,614606774.71249688
4822,4279232356.13135386,6936214733.80524921,3876876941.76066065,614606774.71249688
4823,4279232356.13135386,5198763486.22573757,4436392109.58069897,614606774.71249688
4824,4279232356.13135386,5198763486.22573757,5271511399.02198505,614606774.71249688
4825,4279232356.13135386,5973303573.84872246,3951051406.30839634,540188110.54125440
4826,4279232356.13135386,5450965115.81880188,3951051406.30839634,540188110.54125440
4827,4279232356.13135386,5450965115.81880188,4539700555.39033318,540188110.54125440
4828,3938346340.35412312,5450965115.81880188,4142724215.79801798,540188110.54125440
4829,3938346340.35412312,5450965115.81880188,4142724215.79801798,540188110.54125440
4830,3938346340.35412312,7468271365.00156879,4142724215.79801798,540188110.54125440
4831,3913066770.37057066,8715957207.82208443,4142724215.79801798,540188110.54125440
4832,3253991066.08145428,13399508942.49788094,5675873533.68991375,540188110.54125440
4833,3253991066.08145428,13399508942.49788094,6624112651.88953304,540188110.54125440
4834,3253991066.08145428,13399508942.49788094,10183604003.40769958,540188110.54125440
4835,2983048507.74695969,13399508942.49788094,10183604003.40769958,540188110.54125440
4836,2983048507.74695969,13399508942.49788094,10183604003.40769958,540188110.54125440
4837,2343541276.45598841,13399508942.49788094,10183604003.40769958,540188110.54125440
4838,2343541276.45598841,13399508942.49788094,10183604003.40769958,540188110.54125440
4839,2731492366.13958120,13399508942.49788094,10183604003.40769958,540188110.54125440
4840,2731492366.13958120,13399508942.49788094,10183604003.40769958,540188110.54125440
4841,2731492366.13958120,13399508942.49788094,10183604003.40769958,540188110.54125440
4842,2731492366.13958120,13399508942.49788094,10183604003.40769958,540188110.54125440
4843,2731492366.13958120,13399508942.49788094,10183604003.40769958,540188110.54125440
4844,2514640258.26178169,13399508942.49788094,10183604003.40769958,540188110.54125440
4845,2514640258.26178169,18040616217.31847000,10183604003.40769958,540188110.54125440
4846,2514640258.26178169,15631581153.49780083,10183604003.40769958,485439045.92851883
4847,2514640258.26178169,15631581153.49780083,13710837637.63496399,459735734.50525069
4848,2514640258.26178169,15631581153.49780083,11879975086.95850563,549489799.93369484
4849,2526359741.79413462,15631581153.49780083,11879975086.95850563,549489799.93369484
4850,2024979105.83380580,15631581153.49780083,11879975086.95850563,549489799.93369484
4851,2024979105.83380580,15631581153.49780083,11879975086.95850563,538179742.51081049
4852,2024979105.83380580,15631581153.49780083,11879975086.95850563,1181746419.75536418
4853,1713614763.69854546,15631581153.49780083,11879975086.95850563,1181746419.75536418
4854,1713614763.69854546,15631581153.49780083,11879975086.95850563,1181746419.75536418
4855,1713614763.69854546,14151705560.14497375,11879975086.95850563,1181746419.75536418
4856,1713614763.69854546,14151705560.14497375,11879975086.95850563,1181746419.75536418
4857,1713614763.69854546,14151705560.14497375,10755272153.31474304,1181746419.75536418
4858,1713614763.69854546,14151705560.14497375,10755272153.31474304,1181746419.75536418
4859,1713614763.69854546,14151705560.14497375,10755272153.31474304,1181746419.75536418
4860,1713614763.69854546,14151705560.14497375,10755272153.31474304,1181746419.75536418
4861,1713614763.69854546,14151705560.14497375,10755272153.31474304,1181746419.75536418
4862,1713614763.69854546,14151705560.14497375,10755272153.31474304,1181746419.75536418
4863,1713614763.69854546,14151705560.14497375,10755272153.31474304,1181746419.75536418
4864,1713614763.69854546,14151705560.14497375,10755272153.31474304,1181746419.75536418
4865,1713614763.69854546,14151705560.14497375,10755272153.31474304,966332111.38727319
4866,1713614763.69854546,14151705560.14497375,10755272153.31474304,966332111.38727319
4867,1713614763.69854546,13438500644.41404533,10755272153.31474304,966332111.38727319
4868,1713614763.69854546,10830893709.50317955,10755272153.31474304,966332111.38727319
4869,1713614763.69854546,10830893709.50317955,10213237630.53814888,966332111.38727319
4870,1559539088.93786311,10830893709.50317955,8231460795.60872555,966332111.38727319
4871,1559539088.93786311,10830893709.50317955,8231460795.60872555,966332111.38727319
4872,1559539088.93786311,10830893709.50317955,8231460795.60872555,966332111.38727319
4873,1559539088.93786311,12581102273.99775696,8231460795.60872555,966332111.38727319
4874,1559539088.93786311,14134908868.54987907,8231460795.60872555,966332111.38727319
4875,1559539088.93786311,14134908868.54987907,9561616327.47725677,966332111.38727319
4876,1559539088.93786311,14134908868.54987907,10742506696.27405167,966332111.38727319
4877,1559539088.93786311,14134908868.54987907,10742506696.27405167,1105794230.40598941
4878,1559539088.93786311,14134908868.54987907,10742506696.27405167,1313952136.46001601
4879,1559539088.93786311,14134908868.54987907,10742506696.27405167,984820489.53653741
4880,1559539088.93786311,14134908868.54987907,10742506696.27405167,984820489.53653741
4881,1559539088.93786311,14134908868.54987907,10742506696.27405167,1131544407.69122052
4882,1559539088.93786311,14134908868.54987907,10742506696.27405167,1032595952.48572254
4883,1559539088.93786311,14134908868.54987907,10742506696.27405167,1032595952.48572254
4884,1559539088.93786311,12005966214.14056778,10742506696.27405167,1032595952.48572254
4885,1559539088.93786311,10706920669.77055740,10742506696.27405167,1032595952.48572254
4886,1559539088.93786311,10706920669.77055740,9124513900.30622482,1414741540.20654535
4887,1559539088.93786311,10706920669.77055740,8137241496.29308891,1651095162.71118593
4888,1559539088.93786311,10706920669.77055740,8137241496.29308891,2538317234.71618223
4889,1461553649.07132006,10706920669.77055740,8137241496.29308891,2538317234.71618223
4890,1461553649.07132006,10706920669.77055740,8137241496.29308891,2538317234.71618223
4891,1461553649.07132006,10706920669.77055740,8137241496.29308891,2538317234.71618223
4892,1461553649.07132006,10706920669.77055740,8137241496.29308891,2538317234.71618223
4893,1461553649.07132006,10706920669.77055740,8137241496.29308891,2538317234.71618223
4894,1461553649.07132006,10706920669.77055740,8137241496.29308891,2538317234.71618223
4895,1461553649.07132006,10706920669.77055740,8137241496.29308891,2538317234.71618223
4896,1598770327.49808002,10706920669.77055740,8137241496.29308891,2538317234.71618223
4897,1446136914.35505986,10706920669.77055740,8137241496.29308891,2538317234.71618223
4898,1185158777.80586076,10706920669.77055740,8137241496.29308891,2538317234.71618223
4899,1185158777.80586076,10043504954.36508942,8137241496.29308891,2538317234.71618223
4900,1185158777.80586076,8943866214.76388931,8137241496.29308891,2538317234.71618223
4901,1185158777.80586076,8943866214.76388931,7633046681.07120514,3417498899.83529663
4902,1185158777.80586076,8943866214.76388931,6797323109.48654079,2961146712.02208519
4903,1185158777.80586076,8943866214.76388931,6797323109.48654079,2961146712.02208519
4904,1185158777.80586076,8943866214.76388931,6797323109.48654079,2961146712.02208519
4905,1185158777.80586076,8943866214.76388931,6797323109.48654079,2961146712.02208519
4906,1185158777.80586076,8943866214.76388931,6797323109.48654079,2961146712.02208519
4907,1185158777.80586076,9763101958.64946938,6797323109.48654079,2961146712.02208519
4908,1185158777.80586076,9748091842.13412857,6797323109.48654079,2961146712.02208519
4909,1185158777.80586076,8744366200.76449394,7419940881.29965019,2961146712.02208519
4910,1185158777.80586076,8744366200.76449394,7408533218.28056526,2961146712.02208519
4911,1345002581.26594925,8744366200.76449394,6645703438.20137691,2680808548.88764811
4912,1345002581.26594925,8744366200.76449394,6645703438.20137691,2680808548.88764811
4913,1345002581.26594925,8744366200.76449394,6645703438.20137691,2680808548.88764811
4914,1345002581.26594925,8744366200.76449394,6645703438.20137691,2680808548.88764811
4915,1345002581.26594925,8744366200.76449394,6645703438.20137691,2680808548.88764811
4916,1345002581.26594925,8744366200.76449394,6645703438.20137691,2680808548.88764811
4917,1345002581.26594925,8744366200.76449394,6645703438.20137691,2680808548.88764811
4918,1345002581.26594925,8744366200.76449394,6645703438.20137691,2680808548.88764811
4919,1345002581.26594925,8744366200.76449394,6645703438.20137691,2680808548.88764811
4920,1618704786.50167441,8744366200.76449394,6645703438.20137691,2680808548.88764811
4921,1618704786.50167441,8744366200.76449394,6645703438.20137691,2680808548.88764811
4922,1618704786.50167441,8744366200.76449394,6645703438.20137691,2680808548.88764811
4923,1618704786.50167441,8744366200.76449394,6645703438.20137691,2545703573.23123121
4924,1618704786.50167441,8744366200.76449394,6645703438.20137691,2051735200.75923133
4925,1618704786.50167441,8744366200.76449394,6645703438.20137691,2051735200.75923133
4926,1618704786.50167441,8744366200.76449394,6645703438.20137691,2051735200.75923133
4927,1618704786.50167441,8744366200.76449394,6645703438.20137691,2051735200.75923133
4928,1618704786.50167441,7490018931.64768887,6645703438.20137691,2051735200.75923133
4929,1618704786.50167441,9023448977.75361061,6645703438.20137691,2383283512.16893911
4930,1618704786.50167441,8199842214.50164032,5692401647.34782600,2677626691.10875463
4931,1618704786.50167441,8199842214.50164032,6857805873.98651314,2677626691.10875463
4932,1618704786.50167441,8199842214.50164032,6231866134.89015579,2677626691.10875463
4933,1618704786.50167441,8199842214.50164032,6231866134.89015579,2677626691.10875463
4934,1618704786.50167441,8199842214.50164032,6231866134.89015579,2677626691.10875463
4935,1618704786.50167441,8199842214.50164032,6231866134.89015579,2677626691.10875463
4936,1618704786.50167441,8199842214.50164032,6231866134.89015579,2677626691.10875463
4937,1564402706.31835437,8199842214.50164032,6231866134.89015579,2677626691.10875463
4938,1564402706.31835437,8199842214.50164032,6231866134.89015579,2677626691.10875463
4939,1919247931.98675323,8199842214.50164032,6231866134.89015579,2677626691.10875463
4940,2139357290.55626893,8199842214.50164032,6231866134.89015579,2274333417.10895443
4941,1973030653.84397697,8199842214.50164032,6231866134.89015579,2028250541.37776542
4942,1973030653.84397697,7293109282.49628448,6231866134.89015579,2028250541.37776542
4943,1973030653.84397697,7293109282.49628448,6231866134.89015579,2028250541.37776542
4944,1973030653.84397697,7293109282.49628448,5542750648.94086170,2028250541.37776542
4945,1973030653.84397697,5332090639.04669094,5542750648.94086170,2028250541.37776542
4946,2335339229.70643044,5332090639.04669094,5542750648.94086170,2028250541.37776542
4947,1959870680.33456397,5332090639.04669094,4052379815.65959024,2028250541.37776542
4948,1959870680.33456397,5332090639.04669094,4052379815.65959024,2028250541.37776542
4949,1959870680.33456397,5332090639.04669094,4052379815.65959024,2028250541.37776542
4950,1935692836.42763257,5332090639.04669094,4052379815.65959024,2028250541.37776542
4951,1935692836.42763257,5332090639.04669094,4052379815.65959024,2028250541.37776542
4952,1935692836.42763257,5332090639.04669094,4052379815.65959024,2028250541.37776542
4953,1935692836.42763257,5332090639.04669094,4052379815.65959024,2028250541.37776542
4954,1935692836.42763257,5332090639.04669094,4052379815.65959024,2028250541.37776542
4955,1935692836.42763257,5332090639.04669094,4052379815.65959024,1902577313.24517179
4956,1676184775.34053421,5332090639.04669094,4052379815.65959024,1694268786.66636300
4957,1676184775.34053421,5332090639.04669094,4052379815.65959024,1694268786.66636300
4958,1676184775.34053421,5332090639.04669094,4052379815.65959024,1694268786.66636300
4959,1676184775.34053421,5332090639.04669094,4052379815.65959024,1694268786.66636300
4960,1676184775.34053421,5332090639.04669094,4052379815.65959024,1694268786.66636300
4961,2787585834.48960257,5332090639.04669094,4052379815.65959024,1925628286.29567170
4962,2787585834.48960257,5332090639.04669094,4052379815.65959024,1761648920.47233701
4963,2787585834.48960257,5332090639.04669094,4052379815.65959024,1761648920.47233701
4964,2787585834.48960257,5332090639.04669094,4052379815.65959024,1761648920.47233701
4965,2787585834.48960257,5332090639.04669094,4052379815.65959024,1580258324.11721396
4966,2313984176.54838896,5332090639.04669094,4052379815.65959024,1580258324.11721396
4967,2368344300.50392008,5332090639.04669094,4052379815.65959024,1580258324.11721396
4968,2368344300.50392008,5332090639.04669094,4052379815.65959024,1580258324.11721396
4969,2553350614.11059761,5332090639.04669094,4052379815.65959024,1580258324.11721396
4970,2553350614.11059761,5332090639.04669094,4052379815.65959024,1580258324.11721396
4971,3466934898.99698591,5332090639.04669094,4052379815.65959024,1580258324.11721396
4972,3466934898.99698591,5332090639.04669094,4052379815.65959024,1580258324.11721396
4973,3466934898.99698591,5332090639.04669094,4052379815.65959024,1580258324.11721396
4974,3466934898.99698591,5332090639.04669094,4052379815.65959024,1580258324.11721396
4975,3466934898.99698591,5332090639.04669094,4052379815.65959024,1580258324.11721396
4976,3466934898.99698591,5302157008.41499138,4052379815.65959024,1580258324.11721396
4977,3093696573.84607029,5302157008.41499138,4052379815.65959024,1580258324.11721396
4978,3093696573.84607029,5302157008.41499138,4029630307.29733229,1580258324.11721396
4979,3093696573.84607029,5302157008.41499138,4029630307.29733229,1580258324.11721396
4980,3093696573.84607029,5302157008.41499138,4029630307.29733229,1580258324.11721396
4981,3093696573.84607029,5302157008.41499138,4029630307.29733229,1580258324.11721396
4982,3093696573.84607029,5302157008.41499138,4029630307.29733229,1580258324.11721396
4983,3093696573.84607029,5302157008.41499138,4029630307.29733229,1580258324.11721396
4984,3093696573.84607029,5302157008.41499138,4029630307.29733229,1353576061.75013375
4985,3590713202.75202417,5302157008.41499138,4029630307.29733229,1630693412.41626573
4986,3198725004.66245794,5302157008.41499138,4029630307.29733229,1481853414.92000628
4987,3198725004.66245794,5302157008.41499138,4029630307.29733229,1481853414.92000628
4988,3198725004.66245794,5302157008.41499138,4029630307.29733229,1481853414.92000628
4989,3198725004.66245794,5302157008.41499138,4029630307.29733229,1481853414.92000628
4990,3198725004.66245794,5302157008.41499138,4029630307.29733229,1481853414.92000628
4991,3198725004.66245794,5302157008.41499138,4029630307.29733229,1481853414.92000628
4992,3198725004.66245794,5302157008.41499138,4029630307.29733229,1481853414.92000628
4993,3198725004.66245794,5302157008.41499138,4029630307.29733229,1481853414.92000628
4994,3198725004.66245794,5302157008.41499138,4029630307.29733229,1481853414.92000628
4995,3198725004.66245794,5302157008.41499138,4029630307.29733229,1481853414.92000628
4996,3198725004.66245794,5302157008.41499138,4029630307.29733229,1481853414.92000628
4997,2354198574.80107784,5302157008.41499138,4029630307.29733229,1481853414.92000628
4998,2354198574.80107784,5302157008.41499138,4029630307.29733229,1317991079.94284153
4999,2354198574.80107784,5302157008.41499138,4029630307.29733229,1317991079.94284153
5000,2354198574.80107784,5302157008.41499138,4029630307.29733229,1317991079.94284153
5001,2354198574.80107784,5302157008.41499138,4029630307.29733229,963601068.83039081
5002,2354198574.80107784,5302157008.41499138,4029630307.29733229,963601068.83039081
5003,2346332025.01195812,5302157008.41499138,4029630307.29733229,963601068.83039081
5004,2346332025.01195812,5302157008.41499138,4029630307.29733229,963601068.83039081
5005,2346332025.01195812,5302157008.41499138,4029630307.29733229,963601068.83039081
5006,2346332025.01195812,5302157008.41499138,4029630307.29733229,963601068.83039081
5007,2346332025.01195812,5302157008.41499138,4029630307.29733229,963601068.83039081
5008,2346332025.01195812,5068810590.85948944,4029630307.29733229,963601068.83039081
5009,2346332025.01195812,5068810590.85948944,4029630307.29733229,963601068.83039081
5010,2346332025.01195812,5068810590.85948944,3852287426.88308382,963601068.83039081
5011,2346332025.01195812,5068810590.85948944,3852287426.88308382,963601068.83039081
5012,2346332025.01195812,5068810590.85948944,3852287426.88308382,963601068.83039081
5013,2346332025.01195812,5068810590.85948944,3852287426.88308382,963601068.83039081
5014,2346332025.01195812,5068810590.85948944,3852287426.88308382,963601068.83039081
5015,2346332025.01195812,5068810590.85948944,3852287426.88308382,963601068.83039081
5016,2346332025.01195812,5068810590.85948944,3852287426.88308382,963601068.83039081
5017,2346332025.01195812,5068810590.85948944,3852287426.88308382,963601068.83039081
5018,2346332025.01195812,5068810590.85948944,3852287426.88308382,963601068.83039081
5019,2346332025.01195812,5068810590.85948944,3852287426.88308382,963601068.83039081
5020,2346332025.01195812,5068810590.85948944,3852287426.88308382,963601068.83039081
5021,2346332025.01195812,5068810590.85948944,3852287426.88308382,963601068.83039081
5022,2346332025.01195812,5068810590.85948944,3852287426.88308382,963601068.83039081
5023,2346332025.01195812,5068810590.85948944,3852287426.88308382,963601068.83039081
5024,2346332025.01195812,5068810590.85948944,3852287426.88308382,963601068.83039081
5025,2346332025.01195812,5068810590.85948944,3852287426.88308382,963601068.83039081
5026,2346332025.01195812,5068810590.85948944,3852287426.88308382,963601068.83039081
5027,2346332025.01195812,5068810590.85948944,3852287426.88308382,963601068.83039081
5028,2346332025.01195812,5068810590.85948944,3852287426.88308382,963601068.83039081
5029,2346332025.01195812,5068810590.85948944,3852287426.88308382,963601068.83039081
5030,2346332025.01195812,5068810590.85948944,3852287426.88308382,963601068.83039081
5031,2346332025.01195812,4858937472.12519646,3852287426.88308382,963601068.83039081
5032,2346332025.01195812,4712573116.25250626,3852287426.88308382,958191543.66976142
5033,2346332025.01195812,4712573116.25250626,3692784213.64430285,958191543.66976142
5034,2346332025.01195812,4058553716.92679310,3581547552.15038776,958191543.66976142
5035,2346332025.01195812,4058553716.92679310,3581547552.15038776,958191543.66976142
5036,2058114125.09777737,4058553716.92679310,3084493921.16575480,958191543.66976142
5037,2058114125.09777737,4058553716.92679310,3084493921.16575480,958191543.66976142
5038,2058114125.09777737,4058553716.92679310,3084493921.16575480,958191543.66976142
5039,1889575645.56221128,4058553716.92679310,3084493921.16575480,958191543.66976142
5040,2187564100.64637518,4058553716.92679310,3084493921.16575480,958191543.66976142
5041,2244018960.24846411,4058553716.92679310,3084493921.16575480,958191543.66976142
5042,2065352039.47538614,4058553716.92679310,3084493921.16575480,958191543.66976142
5043,1734418350.31061459,4058553716.92679310,3084493921.16575480,958191543.66976142
5044,1734418350.31061459,4058553716.92679310,3084493921.16575480,958191543.66976142
5045,1734418350.31061459,4058553716.92679310,3084493921.16575480,958191543.66976142
5046,1734418350.31061459,4058553716.92679310,3084493921.16575480,958191543.66976142
5047,1734418350.31061459,3735247083.57730007,3084493921.16575480,958191543.66976142
5048,1734418350.31061459,3735247083.57730007,3084493921.16575480,958191543.66976142
5049,1734418350.31061459,3735247083.57730007,2838781429.77258873,958191543.66976142
5050,1734418350.31061459,3711271172.90443087,2838781429.77258873,958191543.66976142
5051,1734418350.31061459,3086183791.15800524,2838781429.77258873,958191543.66976142
5052,1734418350.31061459,3086183791.15800524,2820559778.44481564,958191543.66976142
5053,1734418350.31061459,3086183791.15800524,2345494431.60637522,958191543.66976142
5054,1734418350.31061459,2829213653.59897709,2345494431.60637522,958191543.66976142
5055,1734418350.31061459,2829213653.59897709,2345494431.60637522,958191543.66976142
5056,1734418350.31061459,2222685604.97859859,2150197564.17396927,958191543.66976142
5057,1734418350.31061459,2222685604.97859859,2150197564.17396927,958191543.66976142
5058,1734418350.31061459,2590630181.47843409,1689237278.94144797,958191543.66976142
5059,1734418350.31061459,2590630181.47843409,1689237278.94144797,958191543.66976142
5060,1734418350.31061459,2590630181.47843409,1968874531.19864702,958191543.66976142
5061,1734418350.31061459,2590630181.47843409,1968874531.19864702,958191543.66976142
5062,1734418350.31061459,2590630181.47843409,1968874531.19864702,958191543.66976142
5063,1734418350.31061459,2384961067.20614576,1968874531.19864702,958191543.66976142
5064,1734418350.31061459,2384961067.20614576,1968874531.19864702,916021807.14697313
5065,1734418350.31061459,2384961067.20614576,1812566354.19987488,916021807.14697313
5066,1734418350.31061459,2384961067.20614576,1812566354.19987488,916021807.14697313
5067,1734418350.31061459,2384961067.20614576,1812566354.19987488,916021807.14697313
5068,1734418350.31061459,2396076180.73405266,1812566354.19987488,916021807.14697313
5069,1734418350.31061459,1920551583.25425005,1812566354.19987488,916021807.14697313
5070,1734418350.31061459,1920551583.25425005,1821013821.57400560,916021807.14697313
5071,1520145474.36525655,1920551583.25425005,1459615936.36826420,916021807.14697313
5072,1520145474.36525655,1625244200.31186485,1459615936.36826420,916021807.14697313
5073,1558626554.79824185,1625244200.31186485,1459615936.36826420,916021807.14697313
5074,1558626554.79824185,1625244200.31186485,1235182827.65709400,916021807.14697313
5075,1558626554.79824185,1625244200.31186485,1235182827.65709400,916021807.14697313
5076,1558626554.79824185,1625244200.31186485,1235182827.65709400,916021807.14697313
5077,1558626554.79824185,1625244200.31186485,1235182827.65709400,916021807.14697313
5078,1638039242.91838646,1625244200.31186485,1235182827.65709400,916021807.14697313
5079,1547197114.24751806,1625244200.31186485,1235182827.65709400,916021807.14697313
5080,1547197114.24751806,1625244200.31186485,1235182827.65709400,916021807.14697313
5081,1547197114.24751806,1625244200.31186485,1235182827.65709400,916021807.14697313
5082,1547197114.24751806,1625244200.31186485,1235182827.65709400,916021807.14697313
5083,1547197114.24751806,1625244200.31186485,1235182827.65709400,916021807.14697313
5084,1547197114.24751806,1625244200.31186485,1235182827.65709400,916021807.14697313
5085,1547197114.24751806,1625244200.31186485,1235182827.65709400,916021807.14697313
5086,1547197114.24751806,1625244200.31186485,1235182827.65709400,916021807.14697313
5087,1547197114.24751806,1625244200.31186485,1235182827.65709400,878094102.00817072
5088,1547197114.24751806,1625244200.31186485,1235182827.65709400,851643529.55825973
5089,1547197114.24751806,1479114158.64866877,1235182827.65709400,851643529.55825973
5090,1547197114.24751806,1479114158.64866877,1235182827.65709400,733450904.02203262
5091,1547197114.24751806,1479114158.64866877,1124124244.56382108,733450904.02203262
5092,1547197114.24751806,1479114158.64866877,1124124244.56382108,733450904.02203262
5093,1547197114.24751806,1479114158.64866877,1124124244.56382108,733450904.02203262
5094,1547197114.24751806,1479114158.64866877,1124124244.56382108,733450904.02203262
5095,1547197114.24751806,1479114158.64866877,1124124244.56382108,733450904.02203262
5096,1547197114.24751806,1479114158.64866877,1124124244.56382108,733450904.02203262
5097,1547197114.24751806,1479114158.64866877,1124124244.56382108,733450904.02203262
5098,1547197114.24751806,1479114158.64866877,1124124244.56382108,733450904.02203262
5099,1547197114.24751806,1479114158.64866877,1124124244.56382108,733450904.02203262
5100,1547197114.24751806,1479114158.64866877,1124124244.56382108,733450904.02203262
5101,1547197114.24751806,1479114158.64866877,1124124244.56382108,733450904.02203262
5102,1547197114.24751806,1479114158.64866877,1124124244.56382108,733450904.02203262
5103,1547197114.24751806,1479114158.64866877,1124124244.56382108,675023799.43117261
5104,1547197114.24751806,1479114158.64866877,1124124244.56382108,675023799.43117261
5105,1547197114.24751806,1479114158.64866877,1124124244.56382108,675023799.43117261
5106,1547197114.24751806,1479114158.64866877,1124124244.56382108,670690937.38614750
5107,1547197114.24751806,1479114158.64866877,1124124244.56382108,557726828.19558513
5108,1547197114.24751806,1386181796.46803999,1124124244.56382108,557726828.19558513
5109,1547197114.24751806,1386181796.46803999,1124124244.56382108,557726828.19558513
5110,1547197114.24751806,1386181796.46803999,1053495807.38675189,511287876.57760537
5111,1547197114.24751806,1386181796.46803999,1053495807.38675189,511287876.57760537
5112,1547197114.24751806,1386181796.46803999,1053495807.38675189,401677760.11666304
5113,1547197114.24751806,1386181796.46803999,1053495807.38675189,401677760.11666304
5114,1547197114.24751806,1386181796.46803999,1053495807.38675189,468171713.64948905
5115,1507834518.05028129,1516322254.82743192,1053495807.38675189,468171713.64948905
5116,1507834518.05028129,1371560097.81316280,1053495807.38675189,468171713.64948905
5117,1507834518.05028129,1124040520.00600076,1152402334.36780405,468171713.64948905
5118,1705928892.83362150,1124040520.00600076,1042383341.28091049,468171713.64948905
5119,1771406763.86923957,1124040520.00600076,854268883.18429065,431003744.88187462
5120,1771406763.86923957,1124040520.00600076,854268883.18429065,431003744.88187462
5121,1771406763.86923957,1124040520.00600076,854268883.18429065,431003744.88187462
5122,1771406763.86923957,1124040520.00600076,854268883.18429065,431003744.88187462
5123,1771406763.86923957,1124040520.00600076,854268883.18429065,431003744.88187462
5124,1771406763.86923957,1124040520.00600076,854268883.18429065,433012438.28202605
5125,1771406763.86923957,1124040520.00600076,854268883.18429065,347076912.91207421
5126,1771406763.86923957,1124040520.00600076,854268883.18429065,347076912.91207421
5127,1771406763.86923957,1124040520.00600076,854268883.18429065,347076912.91207421
5128,1551574617.20053720,1124040520.00600076,854268883.18429065,293709757.49408919
5129,1551574617.20053720,1124040520.00600076,854268883.18429065,293709757.49408919
5130,1551574617.20053720,1275641229.82283068,854268883.18429065,293709757.49408919
5131,1551574617.20053720,1275641229.82283068,854268883.18429065,293709757.49408919
5132,1551574617.20053720,1275641229.82283068,969485164.76858592,293709757.49408919
5133,1551574617.20053720,1275641229.82283068,969485164.76858592,293709757.49408919
5134,1551574617.20053720,1275641229.82283068,969485164.76858592,293709757.49408919
5135,1551574617.20053720,1275641229.82283068,969485164.76858592,293709757.49408919
5136,1551574617.20053720,1275641229.82283068,969485164.76858592,293709757.49408919
5137,1551574617.20053720,1275641229.82283068,969485164.76858592,293709757.49408919
5138,1551574617.20053720,1275641229.82283068,969485164.76858592,293709757.49408919
5139,1551574617.20053720,1275641229.82283068,969485164.76858592,293709757.49408919
5140,1551574617.20053720,1275641229.82283068,969485164.76858592,293709757.49408919
5141,1551574617.20053720,1275641229.82283068,969485164.76858592,293709757.49408919
5142,1551574617.20053720,1275641229.82283068,969485164.76858592,293709757.49408919
5143,1551574617.20053720,1275641229.82283068,969485164.76858592,293709757.49408919
5144,1551574617.20053720,1275641229.82283068,969485164.76858592,293709757.49408919
5145,1551574617.20053720,1275237592.33784461,969485164.76858592,267301529.67745546
5146,1551574617.20053720,1275237592.33784461,969485164.76858592,267301529.67745546
5147,1551574617.20053720,1275237592.33784461,969178400.96659374,267301529.67745546
5148,1551574617.20053720,1275237592.33784461,969178400.96659374,267301529.67745546
5149,1551574617.20053720,1275237592.33784461,969178400.96659374,267301529.67745546
5150,1551574617.20053720,1275237592.33784461,969178400.96659374,267301529.67745546
5151,1551574617.20053720,1275237592.33784461,969178400.96659374,267301529.67745546
5152,1551574617.20053720,1275237592.33784461,969178400.96659374,267301529.67745546
5153,1551574617.20053720,1275237592.33784461,969178400.96659374,267301529.67745546
5154,1551574617.20053720,1275237592.33784461,969178400.96659374,267301529.67745546
5155,1551574617.20053720,1275237592.33784461,969178400.96659374,267301529.67745546
5156,1551574617.20053720,1275237592.33784461,969178400.96659374,267301529.67745546
5157,1551574617.20053720,1275237592.33784461,969178400.96659374,267301529.67745546
5158,1551574617.20053720,1194897386.67874169,969178400.96659374,267301529.67745546
5159,1551574617.20053720,1465929666.99513364,969178400.96659374,267301529.67745546
5160,1551574617.20053720,1634050123.62436581,969178400.96659374,267301529.67745546
5161,1551574617.20053720,1634050123.62436581,883136408.98937857,267301529.67745546
5162,1551574617.20053720,1634050123.62436581,1083453588.88055396,267301529.67745546
5163,1551574617.20053720,1634050123.62436581,1207709694.88634372,267301529.67745546
5164,1551574617.20053720,1461961534.62932801,1207709694.88634372,250507043.31399834
5165,1461854084.56792474,1461961534.62932801,1207709694.88634372,250507043.31399834
5166,1376754764.81563449,1461961534.62932801,1207709694.88634372,250507043.31399834
5167,1645538172.25113678,1461961534.62932801,1080520782.92834377,250507043.31399834
5168,1645538172.25113678,1461961534.62932801,1080520782.92834377,250507043.31399834
5169,1645538172.25113678,1461961534.62932801,1080520782.92834377,250507043.31399834
5170,1611668332.95302010,1461961534.62932801,1080520782.92834377,250507043.31399834
5171,3538935288.44978809,1814994050.90132952,1080520782.92834377,274025676.67234045
5172,3538935288.44978809,1443976428.81800246,1080520782.92834377,247864649.28776431
5173,3538935288.44978809,1414838372.68115544,1080520782.92834377,203133577.39171883
5174,3538935288.44978809,1116118309.63089466,1080520782.92834377,203133577.39171883
5175,3538935288.44978809,1116118309.63089466,1439877874.89037728,203133577.39171883
5176,3538935288.44978809,1116118309.63089466,1134106657.57000351,203133577.39171883
5177,3538935288.44978809,1116118309.63089466,1111221475.51720715,203133577.39171883
5178,3538935288.44978809,1116118309.63089466,876605171.88935101,203133577.39171883
5179,3538935288.44978809,1856165045.35394931,876605171.88935101,203133577.39171883
5180,3538935288.44978809,1856165045.35394931,876605171.88935101,203133577.39171883
5181,3538935288.44978809,1856165045.35394931,876605171.88935101,203133577.39171883
5182,3538935288.44978809,1856165045.35394931,876605171.88935101,203133577.39171883
5183,3538935288.44978809,1856165045.35394931,1457841757.99033427,203133577.39171883
5184,3538935288.44978809,2269680573.59594154,1457841757.99033427,203133577.39171883
5185,3538935288.44978809,2269680573.59594154,1457841757.99033427,203133577.39171883
5186,3538935288.44978809,2269680573.59594154,1457841757.99033427,230530449.63263425
5187,3538935288.44978809,2269680573.59594154,1457841757.99033427,230530449.63263425
5188,3538935288.44978809,2269680573.59594154,1782619021.82123041,230530449.63263425
5189,3538935288.44978809,2269680573.59594154,1782619021.82123041,230530449.63263425
5190,3538935288.44978809,2269680573.59594154,1782619021.82123041,230530449.63263425
5191,3538935288.44978809,2269680573.59594154,1782619021.82123041,230530449.63263425
5192,3538935288.44978809,2269680573.59594154,1782619021.82123041,230530449.63263425
5193,3538935288.44978809,2269680573.59594154,1782619021.82123041,230530449.63263425
5194,3538935288.44978809,2269680573.59594154,1782619021.82123041,230530449.63263425
5195,3538935288.44978809,2446979641.09061718,1782619021.82123041,230530449.63263425
5196,3538935288.44978809,2446979641.09061718,1782619021.82123041,230530449.63263425
5197,3538935288.44978809,3322504581.99890566,1782619021.82123041,230530449.63263425
5198,3538935288.44978809,3322504581.99890566,1782619021.82123041,230530449.63263425
5199,3538935288.44978809,3322504581.99890566,1921870638.96241879,230530449.63263425
5200,3538935288.44978809,3322504581.99890566,1921870638.96241879,230530449.63263425
5201,3538935288.44978809,3322504581.99890566,2609512517.69132900,230457505.35274819
5202,3538935288.44978809,3322504581.99890566,2609512517.69132900,230457505.35274819
5203,3538935288.44978809,2964815129.60962534,2609512517.69132900,230457505.35274819
5204,3538935288.44978809,2964815129.60962534,2609512517.69132900,230457505.35274819
5205,4049678343.12151909,2964815129.60962534,2609512517.69132900,230457505.35274819
5206,4812001514.03101063,2964815129.60962534,2609512517.69132900,230457505.35274819
5207,3606644074.16395044,2964815129.60962534,2328581346.51610994,230457505.35274819
5208,3606644074.16395044,2964815129.60962534,2328581346.51610994,230457505.35274819
5209,4143981543.85829067,2964815129.60962534,2328581346.51610994,230457505.35274819
5210,4143981543.85829067,2964815129.60962534,2328581346.51610994,230457505.35274819
5211,4143981543.85829067,2964815129.60962534,2328581346.51610994,230457505.35274819
5212,4143981543.85829067,2964815129.60962534,2328581346.51610994,230457505.35274819
5213,4143981543.85829067,2964815129.60962534,2328581346.51610994,230457505.35274819
5214,3794858893.52673244,4173779949.44668341,2328581346.51610994,230457505.35274819
5215,5833308429.32403088,3718139972.31009865,2328581346.51610994,230457505.35274819
5216,8935513637.87931824,3718139972.31009865,2328581346.51610994,230457505.35274819
5217,8631734185.20595932,3718139972.31009865,2328581346.51610994,230457505.35274819
5218,8631734185.20595932,3718139972.31009865,3278108654.29042435,209675306.89408344
5219,10391169615.56470680,3718139972.31009865,2920246627.45066690,257234852.33044949
5220,10391169615.56470680,3718139972.31009865,2920246627.45066690,286735886.25344461
5221,12863479471.89974785,3718139972.31009865,2920246627.45066690,286735886.25344461
5222,12863479471.89974785,3718139972.31009865,2920246627.45066690,286735886.25344461
5223,12863479471.89974785,3718139972.31009865,2920246627.45066690,286735886.25344461
5224,12863479471.89974785,3718139972.31009865,2920246627.45066690,286735886.25344461
5225,12863479471.89974785,3718139972.31009865,2920246627.45066690,286735886.25344461
5226,12863479471.89974785,2736477756.28246880,2920246627.45066690,286735886.25344461
5227,12863479471.89974785,2736477756.28246880,2920246627.45066690,286735886.25344461
5228,12863479471.89974785,2736477756.28246880,2920246627.45066690,286735886.25344461
5229,12863479471.89974785,2736477756.28246880,2920246627.45066690,286735886.25344461
5230,12863479471.89974785,2736477756.28246880,2149243976.39411163,286735886.25344461
5231,12863479471.89974785,2736477756.28246880,2149243976.39411163,286735886.25344461
5232,12863479471.89974785,2727333821.37951231,2149243976.39411163,286735886.25344461
5233,12863479471.89974785,2727333821.37951231,2149243976.39411163,286735886.25344461
5234,12863479471.89974785,2727333821.37951231,2149243976.39411163,286735886.25344461
5235,12863479471.89974785,2727333821.37951231,2149243976.39411163,286735886.25344461
5236,12863479471.89974785,2727333821.37951231,2142062281.98216152,286735886.25344461
5237,12863479471.89974785,2727333821.37951231,2142062281.98216152,286735886.25344461
5238,12863479471.89974785,2727333821.37951231,2142062281.98216152,286735886.25344461
5239,11645666051.16336441,2727333821.37951231,2142062281.98216152,382097841.22291929
5240,11645666051.16336441,2727333821.37951231,2142062281.98216152,300955874.89114690
5241,11645666051.16336441,2727333821.37951231,2142062281.98216152,294882874.66601825
5242,11645666051.16336441,2727333821.37951231,2142062281.98216152,232623161.74506664
5243,11645666051.16336441,2727333821.37951231,2142062281.98216152,232623161.74506664
5244,11645666051.16336441,2727333821.37951231,2142062281.98216152,232623161.74506664
5245,11645666051.16336441,2727333821.37951231,2142062281.98216152,232623161.74506664
5246,11645666051.16336441,2727333821.37951231,2142062281.98216152,232623161.74506664
5247,14394576985.37130547,2727333821.37951231,2142062281.98216152,386864885.06196499
5248,15735530164.30798149,2727333821.37951231,2142062281.98216152,386864885.06196499
5249,21820588848.72323608,2727333821.37951231,2142062281.98216152,386864885.06196499
5250,21820588848.72323608,2727333821.37951231,2142062281.98216152,386864885.06196499
5251,15841027278.44521332,2727333821.37951231,2142062281.98216152,386864885.06196499
5252,15841027278.44521332,2727333821.37951231,2142062281.98216152,473050452.29107451
5253,15841027278.44521332,2727333821.37951231,2142062281.98216152,473050452.29107451
5254,15841027278.44521332,2727333821.37951231,2142062281.98216152,473050452.29107451
5255,15841027278.44521332,2727333821.37951231,2142062281.98216152,473050452.29107451
5256,15841027278.44521332,2727333821.37951231,2142062281.98216152,473050452.29107451
5257,15841027278.44521332,2727333821.37951231,2142062281.98216152,473050452.29107451
5258,15841027278.44521332,2727333821.37951231,2142062281.98216152,473050452.29107451
5259,15841027278.44521332,2727333821.37951231,2142062281.98216152,473050452.29107451
5260,15841027278.44521332,2727333821.37951231,2142062281.98216152,473050452.29107451
5261,15841027278.44521332,2727333821.37951231,2142062281.98216152,473050452.29107451
5262,15841027278.44521332,2727333821.37951231,2142062281.98216152,473050452.29107451
5263,15841027278.44521332,2727333821.37951231,2142062281.98216152,510003407.27727389
5264,15841027278.44521332,2727333821.37951231,2142062281.98216152,510003407.27727389
5265,15841027278.44521332,2392314558.12800598,2142062281.98216152,692481714.62455010
5266,15841027278.44521332,2392314558.12800598,2142062281.98216152,692481714.62455010
5267,15841027278.44521332,2392314558.12800598,2142062281.98216152,692481714.62455010
5268,15841027278.44521332,2196408484.07657862,2142062281.98216152,692481714.62455010
5269,15841027278.44521332,2542784863.57790995,1878936396.20939660,692481714.62455010
5270,13455115987.72719193,2608406969.20178270,1878936396.20939660,692481714.62455010
5271,13455115987.72719193,2608406969.20178270,1878936396.20939660,617931507.33947039
5272,13455115987.72719193,2608406969.20178270,1725070738.56705236,617931507.33947039
5273,13455115987.72719193,2608406969.20178270,1997116562.98470664,617931507.33947039
5274,13455115987.72719193,2608406969.20178270,2048656508.78057837,617931507.33947039
5275,13455115987.72719193,2608406969.20178270,1885544183.69352865,617931507.33947039
5276,13455115987.72719193,2608406969.20178270,1583421310.27221370,617931507.33947039
5277,13455115987.72719193,2608406969.20178270,1583421310.27221370,617931507.33947039
5278,13455115987.72719193,2529302941.43322754,1583421310.27221370,617931507.33947039
5279,13455115987.72719193,2529302941.43322754,1583421310.27221370,617931507.33947039
5280,13455115987.72719193,2529302941.43322754,1583421310.27221370,617931507.33947039
5281,13455115987.72719193,2529302941.43322754,1583421310.27221370,617931507.33947039
5282,13455115987.72719193,2529302941.43322754,1583421310.27221370,869905887.11830974
5283,13455115987.72719193,2529302941.43322754,1583421310.27221370,774940674.93214428
5284,13455115987.72719193,2529302941.43322754,1583421310.27221370,774940674.93214428
5285,13455115987.72719193,2529302941.43322754,1583421310.27221370,774940674.93214428
5286,13455115987.72719193,2529302941.43322754,1583421310.27221370,774940674.93214428
5287,13455115987.72719193,2529302941.43322754,1583421310.27221370,774940674.93214428
5288,13455115987.72719193,2529302941.43322754,1583421310.27221370,774940674.93214428
5289,13455115987.72719193,2529302941.43322754,1583421310.27221370,774940674.93214428
5290,13455115987.72719193,2529302941.43322754,1583421310.27221370,774940674.93214428
5291,13455115987.72719193,2529302941.43322754,1583421310.27221370,774940674.93214428
5292,13455115987.72719193,2529302941.43322754,1583421310.27221370,774940674.93214428
5293,13455115987.72719193,2529302941.43322754,1583421310.27221370,774940674.93214428
5294,13455115987.72719193,2529302941.43322754,1583421310.27221370,570341067.08812046
5295,12621418263.22048378,2529302941.43322754,1583421310.27221370,570341067.08812046
5296,12621418263.22048378,2529302941.43322754,1583421310.27221370,570341067.08812046
5297,12621418263.22048378,2529302941.43322754,1583421310.27221370,570341067.08812046
5298,12621418263.22048378,2529302941.43322754,1583421310.27221370,570341067.08812046
5299,15900295423.76465225,2529302941.43322754,1583421310.27221370,570341067.08812046
5300,15900295423.76465225,2529302941.43322754,1583421310.27221370,568435273.56286216
5301,16926715537.36030006,2529302941.43322754,1583421310.27221370,568435273.56286216
5302,17702451862.61738968,2529302941.43322754,1583421310.27221370,568435273.56286216
5303,15076192140.52861404,2529302941.43322754,1583421310.27221370,568435273.56286216
5304,15076192140.52861404,2529302941.43322754,1387802855.28732920,568435273.56286216
5305,15076192140.52861404,2529302941.43322754,1387802855.28732920,568435273.56286216
5306,15076192140.52861404,2529302941.43322754,1422933804.39714241,568435273.56286216
5307,15076192140.52861404,2529302941.43322754,1422933804.39714241,568435273.56286216
5308,15076192140.52861404,2529302941.43322754,1422933804.39714241,568435273.56286216
5309,15076192140.52861404,2216828724.75944042,1422933804.39714241,568435273.56286216
5310,15076192140.52861404,2216828724.75944042,1422933804.39714241,568435273.56286216
5311,15076192140.52861404,2272945699.02418327,1495432888.97666073,568435273.56286216
5312,15076192140.52861404,2272945699.02418327,1412499401.57312679,568435273.56286216
5313,15076192140.52861404,2272945699.02418327,1412499401.57312679,568435273.56286216
5314,15076192140.52861404,2272945699.02418327,1412499401.57312679,568435273.56286216
5315,15076192140.52861404,2272945699.02418327,1412499401.57312679,568435273.56286216
5316,15076192140.52861404,2388753252.38259268,1412499401.57312679,568435273.56286216
5317,15076192140.52861404,2256278141.51206160,1412499401.57312679,568435273.56286216
5318,15076192140.52861404,2256278141.51206160,1412499401.57312679,568435273.56286216
5319,15076192140.52861404,2256278141.51206160,1412499401.57312679,568435273.56286216
5320,15076192140.52861404,2256278141.51206160,1412499401.57312679,568435273.56286216
5321,15076192140.52861404,2256278141.51206160,1412499401.57312679,568435273.56286216
5322,12913567656.83544731,2256278141.51206160,1412499401.57312679,568435273.56286216
5323,15557359725.73706627,2256278141.51206160,1412499401.57312679,568435273.56286216
5324,14137376444.39415741,2256278141.51206160,1412499401.57312679,568435273.56286216
5325,15267965464.06287575,2256278141.51206160,1412499401.57312679,568435273.56286216
5326,15267965464.06287575,2256278141.51206160,1412499401.57312679,568435273.56286216
5327,15267965464.06287575,2256278141.51206160,1412499401.57312679,568435273.56286216
5328,15307968867.02548409,2256278141.51206160,1412499401.57312679,568435273.56286216
5329,15307968867.02548409,2256278141.51206160,1412499401.57312679,568435273.56286216
5330,15307968867.02548409,2256278141.51206160,1412499401.57312679,568435273.56286216
5331,15307968867.02548409,2256278141.51206160,1412499401.57312679,568435273.56286216
5332,15307968867.02548409,2256278141.51206160,1412499401.57312679,568435273.56286216
5333,15307968867.02548409,2256278141.51206160,1412499401.57312679,498610023.32676393
5334,15307968867.02548409,2256278141.51206160,1412499401.57312679,498610023.32676393
5335,15307968867.02548409,2256278141.51206160,1412499401.57312679,498610023.32676393
5336,15307968867.02548409,2256278141.51206160,1412499401.57312679,457778966.29843050
5337,15307968867.02548409,2256278141.51206160,1412499401.57312679,529971284.85295302
5338,15307968867.02548409,2256278141.51206160,1412499401.57312679,543648348.97677541
5339,15307968867.02548409,2256278141.51206160,1412499401.57312679,500363520.18714094
5340,15307968867.02548409,2256278141.51206160,1412499401.57312679,420189708.41359824
5341,15307968867.02548409,2256278141.51206160,1412499401.57312679,420189708.41359824
5342,15307968867.02548409,2256278141.51206160,1412499401.57312679,420189708.41359824
5343,15307968867.02548409,2256278141.51206160,1412499401.57312679,420189708.41359824
5344,15307968867.02548409,2256278141.51206160,1412499401.57312679,420189708.41359824
5345,15307968867.02548409,2256278141.51206160,1412499401.57312679,420189708.41359824
5346,15307968867.02548409,2256278141.51206160,1412499401.57312679,420189708.41359824
5347,15307968867.02548409,2256278141.51206160,1412499401.57312679,420189708.41359824
5348,15307968867.02548409,2256278141.51206160,1376563680.73900247,420189708.41359824
5349,15307968867.02548409,2256278141.51206160,1376563680.73900247,420189708.41359824
5350,15307968867.02548409,2256278141.51206160,1376563680.73900247,420189708.41359824
5351,15307968867.02548409,2256278141.51206160,1557412121.61303806,420189708.41359824
5352,15307968867.02548409,2256278141.51206160,1617189542.86234951,420189708.41359824
5353,15307968867.02548409,2198875652.47226954,1617189542.86234951,420189708.41359824
5354,15307968867.02548409,2198875652.47226954,1617189542.86234951,420189708.41359824
5355,15307968867.02548409,2198875652.47226954,1617189542.86234951,420189708.41359824
5356,15307968867.02548409,2487756754.73410130,1617189542.86234951,420189708.41359824
5357,15307968867.02548409,2583243159.02607346,1617189542.86234951,420189708.41359824
5358,15307968867.02548409,2583243159.02607346,1617189542.86234951,420189708.41359824
5359,15307968867.02548409,2583243159.02607346,1617189542.86234951,420189708.41359824
5360,15222032014.70876884,2583243159.02607346,1617189542.86234951,420189708.41359824
5361,15222032014.70876884,2583243159.02607346,1416495802.70688367,420189708.41359824
5362,15222032014.70876884,2583243159.02607346,1416495802.70688367,420189708.41359824
5363,15222032014.70876884,2583243159.02607346,1416495802.70688367,420189708.41359824
5364,15222032014.70876884,2583243159.02607346,1416495802.70688367,420189708.41359824
5365,15222032014.70876884,2583243159.02607346,1416495802.70688367,420189708.41359824
5366,15222032014.70876884,2262661855.73719168,1416495802.70688367,420189708.41359824
5367,15222032014.70876884,2262661855.73719168,1416495802.70688367,420189708.41359824
5368,15222032014.70876884,2262661855.73719168,1416495802.70688367,368278785.51065570
5369,15222032014.70876884,2262661855.73719168,1416495802.70688367,368278785.51065570
5370,15222032014.70876884,2262661855.73719168,1416495802.70688367,377601423.24893874
5371,15222032014.70876884,2262661855.73719168,1416495802.70688367,377601423.24893874
5372,15222032014.70876884,2262661855.73719168,1416495802.70688367,377601423.24893874
5373,15222032014.70876884,2262661855.73719168,1416495802.70688367,377601423.24893874
5374,15222032014.70876884,2262661855.73719168,1416495802.70688367,377601423.24893874
5375,15222032014.70876884,2262661855.73719168,1416495802.70688367,396840376.90713060
5376,15222032014.70876884,2262661855.73719168,1416495802.70688367,374832464.25385016
5377,15222032014.70876884,2262661855.73719168,1416495802.70688367,374832464.25385016
5378,15222032014.70876884,2262661855.73719168,1416495802.70688367,374832464.25385016
5379,15222032014.70876884,2262661855.73719168,1416495802.70688367,374832464.25385016
5380,15222032014.70876884,2262661855.73719168,1416495802.70688367,374832464.25385016
5381,15222032014.70876884,2262661855.73719168,1416495802.70688367,374832464.25385016
5382,15222032014.70876884,2262661855.73719168,1416495802.70688367,374832464.25385016
5383,15222032014.70876884,2262661855.73719168,1416495802.70688367,374832464.25385016
5384,15222032014.70876884,2262661855.73719168,1416495802.70688367,374832464.25385016
5385,15222032014.70876884,2262661855.73719168,1416495802.70688367,374832464.25385016
5386,15222032014.70876884,2262661855.73719168,1416495802.70688367,374832464.25385016
5387,15222032014.70876884,2262661855.73719168,1416495802.70688367,374832464.25385016
5388,15222032014.70876884,2262661855.73719168,1416495802.70688367,374832464.25385016
5389,15222032014.70876884,2262661855.73719168,1416495802.70688367,374832464.25385016
5390,15222032014.70876884,2262661855.73719168,1416495802.70688367,374832464.25385016
5391,15222032014.70876884,2262661855.73719168,1416495802.70688367,374832464.25385016
5392,14552114727.66689110,2262661855.73719168,1416495802.70688367,374832464.25385016
5393,14552114727.66689110,2262661855.73719168,1416495802.70688367,374832464.25385016
5394,14552114727.66689110,2262661855.73719168,1416495802.70688367,374832464.25385016
5395,14552114727.66689110,2262661855.73719168,1416495802.70688367,374832464.25385016
5396,14552114727.66689110,2262661855.73719168,1416495802.70688367,374832464.25385016
5397,14552114727.66689110,2262661855.73719168,1416495802.70688367,374832464.25385016
5398,14552114727.66689110,2262661855.73719168,1334586266.10978198,374832464.25385016
5399,14552114727.66689110,2262661855.73719168,1256895623.38721514,374832464.25385016
5400,14552114727.66689110,2262661855.73719168,1502278967.66786909,374832464.25385016
5401,14552114727.66689110,2262661855.73719168,1502278967.66786909,374832464.25385016
5402,14552114727.66689110,2262661855.73719168,1502278967.66786909,374832464.25385016
5403,14552114727.66689110,2131822368.79681039,1471357808.81912398,374832464.25385016
5404,14552114727.66689110,2007721998.36144972,3230838482.76985312,374832464.25385016
5405,14552114727.66689110,2399688943.88719988,3230838482.76985312,374832464.25385016
5406,14552114727.66689110,2399688943.88719988,3230838482.76985312,374832464.25385016
5407,14552114727.66689110,2399688943.88719988,3230838482.76985312,374832464.25385016
5408,14552114727.66689110,2350296544.32728100,3230838482.76985312,374832464.25385016
5409,14552114727.66689110,2350296544.32728100,3230838482.76985312,374832464.25385016
5410,14552114727.66689110,2350296544.32728100,3230838482.76985312,374832464.25385016
5411,14552114727.66689110,4875251136.08859348,3230838482.76985312,374832464.25385016
5412,14552114727.66689110,4875251136.08859348,3230838482.76985312,365296265.66856825
5413,14552114727.66689110,4875251136.08859348,3230838482.76985312,365296265.66856825
5414,14552114727.66689110,4875251136.08859348,3230838482.76985312,365296265.66856825
5415,13949587241.71543694,4875251136.08859348,3230838482.76985312,413287696.08884650
5416,13529387895.04004669,4875251136.08859348,3230838482.76985312,429150724.48281634
5417,13529387895.04004669,4875251136.08859348,3230838482.76985312,429150724.48281634
5418,12500277153.12438011,4875251136.08859348,3230838482.76985312,429150724.48281634
5419,12500277153.12438011,4875251136.08859348,3230838482.76985312,429150724.48281634
5420,12500277153.12438011,4875251136.08859348,3230838482.76985312,429150724.48281634
5421,12500277153.12438011,4875251136.08859348,3230838482.76985312,429150724.48281634
5422,12500277153.12438011,4875251136.08859348,3230838482.76985312,429150724.48281634
5423,12500277153.12438011,4875251136.08859348,3230838482.76985312,429150724.48281634
5424,12500277153.12438011,4875251136.08859348,3230838482.76985312,429150724.48281634
5425,12500277153.12438011,4875251136.08859348,3230838482.76985312,375892982.14394248
5426,12500277153.12438011,4875251136.08859348,3230838482.76985312,375892982.14394248
5427,12500277153.12438011,4875251136.08859348,3230838482.76985312,375892982.14394248
5428,12500277153.12438011,4875251136.08859348,3230838482.76985312,375892982.14394248
5429,12500277153.12438011,4875251136.08859348,3230838482.76985312,375892982.14394248
5430,12500277153.12438011,4875251136.08859348,3230838482.76985312,375892982.14394248
5431,12500277153.12438011,4875251136.08859348,3230838482.76985312,375892982.14394248
5432,12500277153.12438011,4875251136.08859348,3230838482.76985312,375892982.14394248
5433,12500277153.12438011,4875251136.08859348,3230838482.76985312,375892982.14394248
5434,11504498162.82621574,4875251136.08859348,3230838482.76985312,375892982.14394248
5435,11504498162.82621574,4875251136.08859348,3230838482.76985312,375892982.14394248
5436,11504498162.82621574,4875251136.08859348,3230838482.76985312,375892982.14394248
5437,11430652761.40662956,4875251136.08859348,3230838482.76985312,375892982.14394248
5438,9505394144.23895836,4875251136.08859348,3697116665.70992231,375892982.14394248
5439,9505394144.23895836,4875251136.08859348,4393072606.16465855,375892982.14394248
5440,9505394144.23895836,4875251136.08859348,3292652597.09426594,375892982.14394248
5441,8713930444.70298576,4875251136.08859348,3292652597.09426594,375892982.14394248
5442,8713930444.70298576,4875251136.08859348,3783209907.08201742,375892982.14394248
5443,6845834261.25774765,5578852771.77389812,3783209907.08201742,375892982.14394248
5444,6845834261.25774765,6629032162.49996090,3783209907.08201742,375892982.14394248
5445,7979097365.31730747,4968527024.89998531,3783209907.08201742,375892982.14394248
5446,7979097365.31730747,4968527024.89998531,3783209907.08201742,375892982.14394248
5447,7979097365.31730747,5708765231.04639626,3464481588.54531479,375892982.14394248
5448,7979097365.31730747,5708765231.04639626,3464481588.54531479,375892982.14394248
5449,7979097365.31730747,5708765231.04639626,3464481588.54531479,375892982.14394248
5450,7345639954.24034882,5708765231.04639626,3464481588.54531479,375892982.14394248
5451,7772760159.37831593,5708765231.04639626,3464481588.54531479,375892982.14394248
5452,7772760159.37831593,5227812498.39307690,4446801779.48854542,375892982.14394248
5453,7037758545.92797279,5227812498.39307690,5243853954.79327965,375892982.14394248
5454,7037758545.92797279,5227812498.39307690,5243853954.79327965,375892982.14394248
5455,7037758545.92797279,5227812498.39307690,5243853954.79327965,375892982.14394248
5456,7037758545.92797279,5227812498.39307690,4931277782.64822197,375892982.14394248
5457,7037758545.92797279,6710108085.88187313,4931277782.64822197,375892982.14394248
5458,7037758545.92797279,7912839062.34495640,4931277782.64822197,375892982.14394248
5459,7037758545.92797279,7912839062.34495640,4931277782.64822197,375892982.14394248
5460,7037758545.92797279,7912839062.34495640,4931277782.64822197,375892982.14394248
5461,7037758545.92797279,7441169758.38830662,4931277782.64822197,375892982.14394248
5462,7037758545.92797279,7441169758.38830662,4931277782.64822197,354156793.50245434
5463,7037758545.92797279,7441169758.38830662,5803393145.42708683,333540165.25558037
5464,7037758545.92797279,7441169758.38830662,5856967707.41902637,398657108.68304747
5465,7037758545.92797279,7441169758.38830662,5856967707.41902637,398657108.68304747
5466,7037758545.92797279,7441169758.38830662,5856967707.41902637,398657108.68304747
5467,7037758545.92797279,7441169758.38830662,5856967707.41902637,390451615.52959788
5468,7037758545.92797279,8757169130.02599144,5856967707.41902637,857361885.43092871
5469,7037758545.92797279,8838011748.93423462,5856967707.41902637,857361885.43092871
5470,7037758545.92797279,8838011748.93423462,5856967707.41902637,857361885.43092871
5471,7037758545.92797279,8838011748.93423462,5856967707.41902637,857361885.43092871
5472,7037758545.92797279,8838011748.93423462,5856967707.41902637,857361885.43092871
5473,7037758545.92797279,8838011748.93423462,5856967707.41902637,857361885.43092871
5474,6032288400.57234573,8838011748.93423462,5302475908.01934910,857361885.43092871
5475,6032288400.57234573,8838011748.93423462,5302475908.01934910,857361885.43092871
5476,6032288400.57234573,8838011748.93423462,5302475908.01934910,857361885.43092871
5477,6032288400.57234573,8838011748.93423462,5302475908.01934910,857361885.43092871
5478,6032288400.57234573,8838011748.93423462,5302475908.01934910,857361885.43092871
5479,6032288400.57234573,8001298063.18615818,5302475908.01934910,857361885.43092871
5480,6032288400.57234573,8001298063.18615818,5302475908.01934910,857361885.43092871
5481,6032288400.57234573,8001298063.18615818,5302475908.01934910,857361885.43092871
5482,6032288400.57234573,8001298063.18615818,6554103246.28330994,857361885.43092871
5483,6032288400.57234573,8001298063.18615818,7164662736.29920006,857361885.43092871
5484,6032288400.57234573,8001298063.18615818,9935296629.73568344,857361885.43092871
5485,6032288400.57234573,8001298063.18615818,9935296629.73568344,857361885.43092871
5486,6032288400.57234573,8001298063.18615818,7212697421.78825855,857361885.43092871
5487,6032288400.57234573,9889971122.94232750,7212697421.78825855,857361885.43092871
5488,6032288400.57234573,10811289493.76900101,7212697421.78825855,857361885.43092871
5489,6032288400.57234573,14992103888.76207161,7212697421.78825855,857361885.43092871
5490,6032288400.57234573,14992103888.76207161,7212697421.78825855,857361885.43092871
5491,6032288400.57234573,10883772583.29857254,7212697421.78825855,857361885.43092871
5492,6032288400.57234573,10883772583.29857254,7212697421.78825855,857361885.43092871
5493,5653281271.78374672,10883772583.29857254,7212697421.78825855,857361885.43092871
5494,5653281271.78374672,10883772583.29857254,7212697421.78825855,857361885.43092871
5495,5653281271.78374672,10883772583.29857254,7212697421.78825855,857361885.43092871
5496,5653281271.78374672,10883772583.29857254,7212697421.78825855,857361885.43092871
5497,5653281271.78374672,10883772583.29857254,7212697421.78825855,857361885.43092871
5498,5653281271.78374672,10883772583.29857254,7212697421.78825855,857361885.43092871
5499,5653281271.78374672,10883772583.29857254,7212697421.78825855,857361885.43092871
5500,6184034610.06816483,10883772583.29857254,7212697421.78825855,857361885.43092871
5501,6184034610.06816483,10883772583.29857254,7212697421.78825855,857361885.43092871
5502,6184034610.06816483,10883772583.29857254,7212697421.78825855,981097300.92532265
5503,6184034610.06816483,10883772583.29857254,7212697421.78825855,1165781896.10619307
5504,5423391908.31767654,10883772583.29857254,7212697421.78825855,873765387.45867050
5505,5423391908.31767654,10883772583.29857254,6126350184.78846264,873765387.45867050
5506,5423391908.31767654,10883772583.29857254,6126350184.78846264,1003943711.89240944
5507,5423391908.31767654,10883772583.29857254,6126350184.78846264,1003943711.89240944
5508,5423391908.31767654,10883772583.29857254,6126350184.78846264,1003943711.89240944
5509,5423391908.31767654,10883772583.29857254,6126350184.78846264,1003943711.89240944
5510,5423391908.31767654,9244502892.28343201,6126350184.78846264,1003943711.89240944
5511,5423391908.31767654,9244502892.28343201,6126350184.78846264,919363342.56160295
5512,5423391908.31767654,9244502892.28343201,6126350184.78846264,919363342.56160295
5513,5423391908.31767654,9244502892.28343201,6126350184.78846264,919363342.56160295
5514,5423391908.31767654,9244502892.28343201,6126350184.78846264,919363342.56160295
5515,5423391908.31767654,9244502892.28343201,6126350184.78846264,919363342.56160295
5516,5423391908.31767654,9244502892.28343201,6126350184.78846264,1180039911.66137505
5517,5423391908.31767654,9244502892.28343201,6126350184.78846264,1391552235.61395836
5518,5423391908.31767654,9244502892.28343201,6126350184.78846264,1391552235.61395836
5519,5423391908.31767654,9244502892.28343201,6126350184.78846264,1391552235.61395836
5520,5423391908.31767654,9244502892.28343201,6126350184.78846264,1308604450.47388673
5521,5423391908.31767654,9244502892.28343201,6126350184.78846264,1308604450.47388673
5522,5423391908.31767654,9244502892.28343201,6126350184.78846264,1308604450.47388673
5523,5423391908.31767654,9244502892.28343201,6126350184.78846264,1308604450.47388673
5524,5482416421.62004566,9244502892.28343201,6126350184.78846264,1308604450.47388673
5525,5482416421.62004566,9244502892.28343201,6126350184.78846264,1308604450.47388673
5526,5482416421.62004566,9244502892.28343201,6126350184.78846264,1308604450.47388673
5527,5482416421.62004566,9244502892.28343201,6126350184.78846264,1540036159.52804351
5528,5482416421.62004566,9244502892.28343201,6126350184.78846264,1554253146.14792728
5529,5482416421.62004566,9244502892.28343201,6126350184.78846264,1554253146.14792728
5530,5482416421.62004566,9244502892.28343201,5746752995.64136600,1554253146.14792728
5531,5482416421.62004566,9244502892.28343201,5746752995.64136600,1554253146.14792728
5532,5482416421.62004566,9244502892.28343201,5746752995.64136600,1554253146.14792728
5533,5482416421.62004566,9244502892.28343201,5746752995.64136600,1554253146.14792728
5534,5482416421.62004566,9244502892.28343201,7239683247.35535240,1554253146.14792728
5535,5482416421.62004566,8671700618.96804047,7239683247.35535240,1554253146.14792728
5536,5482416421.62004566,8671700618.96804047,7417163743.60441685,1554253146.14792728
5537,5482416421.62004566,8671700618.96804047,7757085764.12837505,1554253146.14792728
5538,5482416421.62004566,8671700618.96804047,6606277838.69411564,1407108639.50526571
5539,5482416421.62004566,10924493491.34020996,6606277838.69411564,1407108639.50526571
5540,5482416421.62004566,10924493491.34020996,6606277838.69411564,1407108639.50526571
5541,5482416421.62004566,11192306938.40241623,6606277838.69411564,1407108639.50526571
5542,5482416421.62004566,11705240415.44835091,6606277838.69411564,1407108639.50526571
5543,5482416421.62004566,9968701224.20931053,6606277838.69411564,1407108639.50526571
5544,5482416421.62004566,9968701224.20931053,6606277838.69411564,1407108639.50526571
5545,5482416421.62004566,9968701224.20931053,6606277838.69411564,1407108639.50526571
5546,5482416421.62004566,9968701224.20931053,6606277838.69411564,1739250769.26933217
5547,5482416421.62004566,9968701224.20931053,6606277838.69411564,1901273859.65885544
5548,5482416421.62004566,9968701224.20931053,6606277838.69411564,2636512068.37272310
5549,5482416421.62004566,9968701224.20931053,6606277838.69411564,2636512068.37272310
5550,5482416421.62004566,9968701224.20931053,6606277838.69411564,1914020739.06388021
5551,5482416421.62004566,9968701224.20931053,6606277838.69411564,1914020739.06388021
5552,5482416421.62004566,9968701224.20931053,6606277838.69411564,1914020739.06388021
5553,5482416421.62004566,9968701224.20931053,6606277838.69411564,1914020739.06388021
5554,5482416421.62004566,9968701224.20931053,6606277838.69411564,1914020739.06388021
5555,5482416421.62004566,9968701224.20931053,6606277838.69411564,1914020739.06388021
5556,5482416421.62004566,9968701224.20931053,6606277838.69411564,1914020739.06388021
5557,5482416421.62004566,9968701224.20931053,5658631505.53067112,1914020739.06388021
5558,5482416421.62004566,9968701224.20931053,6817121977.93238544,1914020739.06388021
5559,5482416421.62004566,9968701224.20931053,6194895622.93430710,1914020739.06388021
5560,5482416421.62004566,9968701224.20931053,6690311515.46792793,1914020739.06388021
5561,5482416421.62004566,9968701224.20931053,6690311515.46792793,1914020739.06388021
5562,5482416421.62004566,8538727585.16671276,6690311515.46792793,1914020739.06388021
5563,5482416421.62004566,10286859539.71809006,6707840715.94513607,1914020739.06388021
5564,5482416421.62004566,9347936173.45065498,6707840715.94513607,1914020739.06388021
5565,5482416421.62004566,10095505854.13621521,6707840715.94513607,1914020739.06388021
5566,5482416421.62004566,10095505854.13621521,6707840715.94513607,1914020739.06388021
5567,5482416421.62004566,10095505854.13621521,6707840715.94513607,1914020739.06388021
5568,5482416421.62004566,10121956961.17761993,6707840715.94513607,1914020739.06388021
5569,5482416421.62004566,10121956961.17761993,6707840715.94513607,1625738697.01381588
5570,5482416421.62004566,10121956961.17761993,6707840715.94513607,1625738697.01381588
5571,5482416421.62004566,10121956961.17761993,6707840715.94513607,1625738697.01381588
5572,5482416421.62004566,10121956961.17761993,6707840715.94513607,1625738697.01381588
5573,5482416421.62004566,10121956961.17761993,6707840715.94513607,1625738697.01381588
5574,5482416421.62004566,10121956961.17761993,6707840715.94513607,1625738697.01381588
5575,5482416421.62004566,10121956961.17761993,6707840715.94513607,1625738697.01381588
5576,5482416421.62004566,10121956961.17761993,6707840715.94513607,1625738697.01381588
5577,5482416421.62004566,10121956961.17761993,6707840715.94513607,1625738697.01381588
5578,5482416421.62004566,10121956961.17761993,6707840715.94513607,1625738697.01381588
5579,5482416421.62004566,10121956961.17761993,6707840715.94513607,1625738697.01381588
5580,5482416421.62004566,10121956961.17761993,6707840715.94513607,1625738697.01381588
5581,5482416421.62004566,10121956961.17761993,6707840715.94513607,1625738697.01381588
5582,5482416421.62004566,10121956961.17761993,6707840715.94513607,1625738697.01381588
5583,5482416421.62004566,10121956961.17761993,6707840715.94513607,1625738697.01381588
5584,5482416421.62004566,10121956961.17761993,6707840715.94513607,1625738697.01381588
5585,5482416421.62004566,10121956961.17761993,6707840715.94513607,1625738697.01381588
5586,5482416421.62004566,10121956961.17761993,6707840715.94513607,1625738697.01381588
5587,5482416421.62004566,10121956961.17761993,6707840715.94513607,1625738697.01381588
5588,5482416421.62004566,10121956961.17761993,6707840715.94513607,1625738697.01381588
5589,5482416421.62004566,10121956961.17761993,6707840715.94513607,1625738697.01381588
5590,5482416421.62004566,10121956961.17761993,6707840715.94513607,1625738697.01381588
5591,5482416421.62004566,10121956961.17761993,6707840715.94513607,1625738697.01381588
5592,5482416421.62004566,10121956961.17761993,6707840715.94513607,1625738697.01381588
5593,5482416421.62004566,10121956961.17761993,6707840715.94513607,1625738697.01381588
5594,5482416421.62004566,10121956961.17761993,6707840715.94513607,1525005663.30535889
5595,5482416421.62004566,10121956961.17761993,6670183811.75506115,1525005663.30535889
5596,5482416421.62004566,10121956961.17761993,6670183811.75506115,1525005663.30535889
5597,5482416421.62004566,10121956961.17761993,6670183811.75506115,1525005663.30535889
5598,5482416421.62004566,10121956961.17761993,6670183811.75506115,1921181919.79498196
5599,5482416421.62004566,10121956961.17761993,6670183811.75506115,1921181919.79498196
5600,5482416421.62004566,10065133673.37994194,6670183811.75506115,1968279604.71572781
5601,5482416421.62004566,10065133673.37994194,6670183811.75506115,2058484109.20276690
5602,5482416421.62004566,10065133673.37994194,6670183811.75506115,1753096248.44121838
5603,5482416421.62004566,10065133673.37994194,6670183811.75506115,1753096248.44121838
5604,5482416421.62004566,10065133673.37994194,6670183811.75506115,1753096248.44121838
5605,5482416421.62004566,10065133673.37994194,6670183811.75506115,1753096248.44121838
5606,5482416421.62004566,10065133673.37994194,6670183811.75506115,1753096248.44121838
5607,5482416421.62004566,10065133673.37994194,6670183811.75506115,1753096248.44121838
5608,5482416421.62004566,10065133673.37994194,6670183811.75506115,1753096248.44121838
5609,5482416421.62004566,10065133673.37994194,6670183811.75506115,1753096248.44121838
5610,5482416421.62004566,10065133673.37994194,6670183811.75506115,1753096248.44121838
5611,5482416421.62004566,10065133673.37994194,6670183811.75506115,1753096248.44121838
5612,5482416421.62004566,10065133673.37994194,6670183811.75506115,1753096248.44121838
5613,5482416421.62004566,10065133673.37994194,6670183811.75506115,1753096248.44121838
5614,5482416421.62004566,10065133673.37994194,6670183811.75506115,1753096248.44121838
5615,5482416421.62004566,10065133673.37994194,6670183811.75506115,1753096248.44121838
5616,5482416421.62004566,10065133673.37994194,6670183811.75506115,1753096248.44121838
5617,5482416421.62004566,10065133673.37994194,6670183811.75506115,1753096248.44121838
5618,5482416421.62004566,10065133673.37994194,6670183811.75506115,1753096248.44121838
5619,5482416421.62004566,10065133673.37994194,6670183811.75506115,1753096248.44121838
5620,5482416421.62004566,10065133673.37994194,6670183811.75506115,1753096248.44121838
5621,5482416421.62004566,10065133673.37994194,6670183811.75506115,1501621019.56312013
5622,5482416421.62004566,10065133673.37994194,6670183811.75506115,1809047584.20542765
5623,5482416421.62004566,10065133673.37994194,6670183811.75506115,1643928478.52094555
5624,5482416421.62004566,10065133673.37994194,6670183811.75506115,1775396116.39893889
5625,5482416421.62004566,10065133673.37994194,6670183811.75506115,1775396116.39893889
5626,5482416421.62004566,10065133673.37994194,6670183811.75506115,1775396116.39893889
5627,5482416421.62004566,10065133673.37994194,6376630924.79990292,1780047809.28033328
5628,5482416421.62004566,10065133673.37994194,6376630924.79990292,1780047809.28033328
5629,5482416421.62004566,10065133673.37994194,6376630924.79990292,1780047809.28033328
5630,5482416421.62004566,10065133673.37994194,6376630924.79990292,1780047809.28033328
5631,5482416421.62004566,10065133673.37994194,6376630924.79990292,1780047809.28033328
5632,5482416421.62004566,9622170011.38862038,6376630924.79990292,1780047809.28033328
5633,5482416421.62004566,9622170011.38862038,6376630924.79990292,1780047809.28033328
5634,5482416421.62004566,9622170011.38862038,6376630924.79990292,1780047809.28033328
5635,5482416421.62004566,9622170011.38862038,6376630924.79990292,1780047809.28033328
5636,5482416421.62004566,9622170011.38862038,6376630924.79990292,1780047809.28033328
5637,5482416421.62004566,9622170011.38862038,6376630924.79990292,1780047809.28033328
5638,5482416421.62004566,9622170011.38862038,6376630924.79990292,1780047809.28033328
5639,5482416421.62004566,9622170011.38862038,6376630924.79990292,1780047809.28033328
5640,5482416421.62004566,9622170011.38862038,6376630924.79990292,1780047809.28033328
5641,5482416421.62004566,9622170011.38862038,6376630924.79990292,1780047809.28033328
5642,5482416421.62004566,9622170011.38862038,6376630924.79990292,1780047809.28033328
5643,5482416421.62004566,9622170011.38862038,6376630924.79990292,1780047809.28033328
5644,5482416421.62004566,9622170011.38862038,6376630924.79990292,1780047809.28033328
5645,5482416421.62004566,9622170011.38862038,6376630924.79990292,1780047809.28033328
5646,5482416421.62004566,9622170011.38862038,6376630924.79990292,1780047809.28033328
5647,5482416421.62004566,9622170011.38862038,6376630924.79990292,1780047809.28033328
5648,5482416421.62004566,9622170011.38862038,6376630924.79990292,1780047809.28033328
5649,5482416421.62004566,9622170011.38862038,6376630924.79990292,1780047809.28033328
5650,5482416421.62004566,9622170011.38862038,6376630924.79990292,1780047809.28033328
5651,5482416421.62004566,9622170011.38862038,6376630924.79990292,1780047809.28033328
5652,5482416421.62004566,9622170011.38862038,6376630924.79990292,1780047809.28033328
5653,5482416421.62004566,9622170011.38862038,6376630924.79990292,1780047809.28033328
5654,5482416421.62004566,9622170011.38862038,6376630924.79990292,1780047809.28033328
5655,5482416421.62004566,9622170011.38862038,6376630924.79990292,1780047809.28033328
5656,5482416421.62004566,9622170011.38862038,6376630924.79990292,1780047809.28033328
5657,5482416421.62004566,9622170011.38862038,6376630924.79990292,1780047809.28033328
5658,5482416421.62004566,9622170011.38862038,6376630924.79990292,1780047809.28033328
5659,5482416421.62004566,9622170011.38862038,6376630924.79990292,1770054863.31659222
5660,5482416421.62004566,9622170011.38862038,7557331036.70251560,1770054863.31659222
5661,5482416421.62004566,9622170011.38862038,7557331036.70251560,1770054863.31659222
5662,5482416421.62004566,9622170011.38862038,6982483851.41821861,1770054863.31659222
5663,5482416421.62004566,9622170011.38862038,6982483851.41821861,1770054863.31659222
5664,5482416421.62004566,9622170011.38862038,6982483851.41821861,1770054863.31659222
5665,5482416421.62004566,11403815733.58462524,6982483851.41821861,1770054863.31659222
5666,5482416421.62004566,11403815733.58462524,6982483851.41821861,1770054863.31659222
5667,5482416421.62004566,10536386300.61218262,6982483851.41821861,1770054863.31659222
5668,5482416421.62004566,10536386300.61218262,6982483851.41821861,1770054863.31659222
5669,5482416421.62004566,10536386300.61218262,6982483851.41821861,1770054863.31659222
5670,5482416421.62004566,10536386300.61218262,6982483851.41821861,1770054863.31659222
5671,5482416421.62004566,10536386300.61218262,6982483851.41821861,1770054863.31659222
5672,5482416421.62004566,10536386300.61218262,6982483851.41821861,1770054863.31659222
5673,5482416421.62004566,10536386300.61218262,6982483851.41821861,1770054863.31659222
5674,5482416421.62004566,10536386300.61218262,6982483851.41821861,1770054863.31659222
5675,5482416421.62004566,10536386300.61218262,6982483851.41821861,1770054863.31659222
5676,5482416421.62004566,10536386300.61218262,6982483851.41821861,1770054863.31659222
5677,5482416421.62004566,10536386300.61218262,6982483851.41821861,1770054863.31659222
5678,5482416421.62004566,10536386300.61218262,6426255326.70901966,1770054863.31659222
5679,5482416421.62004566,10536386300.61218262,6426255326.70901966,1770054863.31659222
5680,5482416421.62004566,10536386300.61218262,6426255326.70901966,1770054863.31659222
5681,5482416421.62004566,10536386300.61218262,6385006295.45975018,1770054863.31659222
5682,5482416421.62004566,10536386300.61218262,5309583163.67606735,1770054863.31659222
5683,5482416421.62004566,9697051941.59818268,5309583163.67606735,1770054863.31659222
5684,5482416421.62004566,9697051941.59818268,5309583163.67606735,1770054863.31659222
5685,5482416421.62004566,9697051941.59818268,4867482365.96596622,1770054863.31659222
5686,5482416421.62004566,9634808227.61092186,4867482365.96596622,1770054863.31659222
5687,5482416421.62004566,8012022726.89177990,3823989387.84890795,1770054863.31659222
5688,5482416421.62004566,8012022726.89177990,3823989387.84890795,1770054863.31659222
5689,5482416421.62004566,8012022726.89177990,4457014658.13470745,1770054863.31659222
5690,5482416421.62004566,7344904135.91411400,4457014658.13470745,1770054863.31659222
5691,5482416421.62004566,7344904135.91411400,4457014658.13470745,1692155253.67166924
5692,5482416421.62004566,5770300405.58333111,4457014658.13470745,1692155253.67166924
5693,5482416421.62004566,5770300405.58333111,4457014658.13470745,1692155253.67166924
5694,5482416421.62004566,6725519053.80489540,4103174012.10546923,1692155253.67166924
5695,5482416421.62004566,6725519053.80489540,4341757516.97158813,1692155253.67166924
5696,5482416421.62004566,6725519053.80489540,4341757516.97158813,1692155253.67166924
5697,5482416421.62004566,6725519053.80489540,3931195668.31684828,1692155253.67166924
5698,5482416421.62004566,6725519053.80489540,3931195668.31684828,1692155253.67166924
5699,5482416421.62004566,6191582733.32704926,3931195668.31684828,1692155253.67166924
5700,5482416421.62004566,6551599029.20617771,3931195668.31684828,1692155253.67166924
5701,5482416421.62004566,6551599029.20617771,3931195668.31684828,1692155253.67166924
5702,5482416421.62004566,5932071891.04585171,3931195668.31684828,1692155253.67166924
5703,5482416421.62004566,5932071891.04585171,3931195668.31684828,1692155253.67166924
5704,5482416421.62004566,5932071891.04585171,3931195668.31684828,1692155253.67166924
5705,5482416421.62004566,5932071891.04585171,3931195668.31684828,1692155253.67166924
5706,5482416421.62004566,5932071891.04585171,3931195668.31684828,1692155253.67166924
5707,5482416421.62004566,5932071891.04585171,3931195668.31684828,1692155253.67166924
5708,5482416421.62004566,5932071891.04585171,3931195668.31684828,1692155253.67166924
5709,5482416421.62004566,5932071891.04585171,3931195668.31684828,1692155253.67166924
5710,5482416421.62004566,5932071891.04585171,3931195668.31684828,1692155253.67166924
5711,5482416421.62004566,5932071891.04585171,3931195668.31684828,1692155253.67166924
5712,5482416421.62004566,5932071891.04585171,3931195668.31684828,1692155253.67166924
5713,5482416421.62004566,5932071891.04585171,3931195668.31684828,1692155253.67166924
5714,5482416421.62004566,5932071891.04585171,3931195668.31684828,1692155253.67166924
5715,5482416421.62004566,5932071891.04585171,3931195668.31684828,1692155253.67166924
5716,5482416421.62004566,5932071891.04585171,3931195668.31684828,1692155253.67166924
5717,5482416421.62004566,5932071891.04585171,3931195668.31684828,1692155253.67166924
5718,5482416421.62004566,5932071891.04585171,3369553796.93849993,1692155253.67166924
5719,5482416421.62004566,5932071891.04585171,3369553796.93849993,1692155253.67166924
5720,5482416421.62004566,5932071891.04585171,3369553796.93849993,1692155253.67166924
5721,5482416421.62004566,5932071891.04585171,3369553796.93849993,1692155253.67166924
5722,5482416421.62004566,5932071891.04585171,3369553796.93849993,1692155253.67166924
5723,5482416421.62004566,5084568932.87730885,3369553796.93849993,1692155253.67166924
5724,5482416421.62004566,5084568932.87730885,3369553796.93849993,2005475551.00868773
5725,5482416421.62004566,5084568932.87730885,3369553796.93849993,2005475551.00868773
5726,5482416421.62004566,5084568932.87730885,3369553796.93849993,1852929371.66905165
5727,5482416421.62004566,5084568932.87730885,3369553796.93849993,1852929371.66905165
5728,5482416421.62004566,5084568932.87730885,3369553796.93849993,1852929371.66905165
5729,5482416421.62004566,5084568932.87730885,3369553796.93849993,1852929371.66905165
5730,5482416421.62004566,5084568932.87730885,3369553796.93849993,1852929371.66905165
5731,5482416421.62004566,5084568932.87730885,3369553796.93849993,1852929371.66905165
5732,5482416421.62004566,5084568932.87730885,3369553796.93849993,1852929371.66905165
5733,5482416421.62004566,5084568932.87730885,3369553796.93849993,1852929371.66905165
5734,5482416421.62004566,5084568932.87730885,3369553796.93849993,1852929371.66905165
5735,5482416421.62004566,5084568932.87730885,3369553796.93849993,1852929371.66905165
5736,5482416421.62004566,5084568932.87730885,3369553796.93849993,1852929371.66905165
5737,5482416421.62004566,5084568932.87730885,3157845598.47849035,1852929371.66905165
5738,5482416421.62004566,5084568932.87730885,3157845598.47849035,1852929371.66905165
5739,5482416421.62004566,5084568932.87730885,3157845598.47849035,1852929371.66905165
5740,5482416421.62004566,5084568932.87730885,3157845598.47849035,1852929371.66905165
5741,5482416421.62004566,5084568932.87730885,3157845598.47849035,1852929371.66905165
5742,5482416421.62004566,4765106774.50393009,3157845598.47849035,1705323993.30724120
5743,5482416421.62004566,4765106774.50393009,3157845598.47849035,1705323993.30724120
5744,5482416421.62004566,4765106774.50393009,3454317154.12963629,1705323993.30724120
5745,5482416421.62004566,4765106774.50393009,3454317154.12963629,1694377810.94848871
5746,5482416421.62004566,4765106774.50393009,3454317154.12963629,1408994679.34990072
5747,5482416421.62004566,4765106774.50393009,3454317154.12963629,1408994679.34990072
5748,5482416421.62004566,4765106774.50393009,3029432544.24365425,1408994679.34990072
5749,5482416421.62004566,5212474631.55231380,3029432544.24365425,1291675173.74889874
5750,5482416421.62004566,5212474631.55231380,3029432544.24365425,1291675173.74889874
5751,5482416421.62004566,5212474631.55231380,3029432544.24365425,1014765290.47136152
5752,5482416421.62004566,5212474631.55231380,3029432544.24365425,1014765290.47136152
5753,5482416421.62004566,4571334819.67371750,3029432544.24365425,1182750085.17776918
5754,5482416421.62004566,4571334819.67371750,3029432544.24365425,1182750085.17776918
5755,5482416421.62004566,4571334819.67371750,3029432544.24365425,1182750085.17776918
5756,5482416421.62004566,4571334819.67371750,3029432544.24365425,1182750085.17776918
5757,5482416421.62004566,4571334819.67371750,3029432544.24365425,1182750085.17776918
5758,5482416421.62004566,4571334819.67371750,3029432544.24365425,1088852019.69427252
5759,5482416421.62004566,4571334819.67371750,3029432544.24365425,1152164501.78077054
5760,5482416421.62004566,4571334819.67371750,3029432544.24365425,1152164501.78077054
5761,5482416421.62004566,4571334819.67371750,3029432544.24365425,1043214431.22606432
5762,5482416421.62004566,4571334819.67371750,3029432544.24365425,1043214431.22606432
5763,5482416421.62004566,4571334819.67371750,3029432544.24365425,1043214431.22606432
5764,5482416421.62004566,4571334819.67371750,3029432544.24365425,1043214431.22606432
5765,5482416421.62004566,4571334819.67371750,3029432544.24365425,1043214431.22606432
5766,5482416421.62004566,4571334819.67371750,3029432544.24365425,1043214431.22606432
5767,5482416421.62004566,4571334819.67371750,3029432544.24365425,1043214431.22606432
5768,5482416421.62004566,4571334819.67371750,3029432544.24365425,1043214431.22606432
5769,5482416421.62004566,4571334819.67371750,3029432544.24365425,1043214431.22606432
5770,5482416421.62004566,4571334819.67371750,3029432544.24365425,1043214431.22606432
5771,5482416421.62004566,4571334819.67371750,3029432544.24365425,1043214431.22606432
5772,5482416421.62004566,4571334819.67371750,2961505950.63743734,1043214431.22606432
5773,5482416421.62004566,4571334819.67371750,2961505950.63743734,1043214431.22606432
5774,5482416421.62004566,4571334819.67371750,2961505950.63743734,1043214431.22606432
5775,5482416421.62004566,4571334819.67371750,2961505950.63743734,1043214431.22606432
5776,5482416421.62004566,4571334819.67371750,2961505950.63743734,1043214431.22606432
5777,5482416421.62004566,4468835358.80143452,2961505950.63743734,1043214431.22606432
5778,5482416421.62004566,4468835358.80143452,2961505950.63743734,1043214431.22606432
5779,5482416421.62004566,4468835358.80143452,2961505950.63743734,1043214431.22606432
5780,5482416421.62004566,4468835358.80143452,2961505950.63743734,1043214431.22606432
5781,5482416421.62004566,4468835358.80143452,2961505950.63743734,1043214431.22606432
5782,5482416421.62004566,4468835358.80143452,2961505950.63743734,894172522.64725113
5783,5482416421.62004566,4468835358.80143452,2961505950.63743734,894172522.64725113
5784,5482416421.62004566,4468835358.80143452,2961505950.63743734,894172522.64725113
5785,5482416421.62004566,4468835358.80143452,2961505950.63743734,894172522.64725113
5786,5482416421.62004566,4468835358.80143452,2961505950.63743734,894172522.64725113
5787,5482416421.62004566,4468835358.80143452,2961505950.63743734,894172522.64725113
5788,5482416421.62004566,4468835358.80143452,2961505950.63743734,894172522.64725113
5789,5482416421.62004566,4468835358.80143452,2961505950.63743734,894172522.64725113
5790,5482416421.62004566,4468835358.80143452,2961505950.63743734,894172522.64725113
5791,5482416421.62004566,4468835358.80143452,2961505950.63743734,894172522.64725113
5792,5482416421.62004566,4468835358.80143452,2961505950.63743734,894172522.64725113
5793,5482416421.62004566,4468835358.80143452,2961505950.63743734,894172522.64725113
5794,5482416421.62004566,4468835358.80143452,2961505950.63743734,894172522.64725113
5795,5482416421.62004566,4468835358.80143452,2961505950.63743734,894172522.64725113
5796,5482416421.62004566,4468835358.80143452,2961505950.63743734,894172522.64725113
5797,5482416421.62004566,4468835358.80143452,2961505950.63743734,894172522.64725113
5798,5482416421.62004566,4468835358.80143452,2961505950.63743734,894172522.64725113
5799,5482416421.62004566,4468835358.80143452,2961505950.63743734,894172522.64725113
5800,5482416421.62004566,4468835358.80143452,2961505950.63743734,894172522.64725113
5801,5482416421.62004566,4468835358.80143452,2961505950.63743734,837991893.01786566
5802,5482416421.62004566,4468835358.80143452,2961505950.63743734,837991893.01786566
5803,5482416421.62004566,4468835358.80143452,2961505950.63743734,837991893.01786566
5804,5482416421.62004566,4468835358.80143452,2961505950.63743734,837991893.01786566
5805,5482416421.62004566,4468835358.80143452,2961505950.63743734,837991893.01786566
5806,5482416421.62004566,4468835358.80143452,2961505950.63743734,837991893.01786566
5807,5482416421.62004566,4468835358.80143452,2961505950.63743734,837991893.01786566
5808,5482416421.62004566,4468835358.80143452,2961505950.63743734,916666024.60484326
5809,5482416421.62004566,4468835358.80143452,2961505950.63743734,916666024.60484326
5810,5482416421.62004566,4468835358.80143452,2961505950.63743734,916666024.60484326
5811,5482416421.62004566,4468835358.80143452,2961505950.63743734,916666024.60484326
5812,5482416421.62004566,4468835358.80143452,2961505950.63743734,803915148.27192092
5813,5482416421.62004566,4468835358.80143452,2961505950.63743734,803915148.27192092
5814,5482416421.62004566,4468835358.80143452,2961505950.63743734,803915148.27192092
5815,5482416421.62004566,4468835358.80143452,2961505950.63743734,803915148.27192092
5816,5482416421.62004566,4468835358.80143452,2961505950.63743734,803915148.27192092
5817,5482416421.62004566,4468835358.80143452,2961505950.63743734,803915148.27192092
5818,5482416421.62004566,4468835358.80143452,2961505950.63743734,803915148.27192092
5819,5482416421.62004566,4468835358.80143452,2961505950.63743734,803915148.27192092
5820,5482416421.62004566,4468835358.80143452,2961505950.63743734,803915148.27192092
5821,5482416421.62004566,4468835358.80143452,2961505950.63743734,803915148.27192092
5822,5482416421.62004566,4468835358.80143452,2961505950.63743734,803915148.27192092
5823,5482416421.62004566,4468835358.80143452,2961505950.63743734,803915148.27192092
5824,5482416421.62004566,4468835358.80143452,2961505950.63743734,803915148.27192092
5825,5482416421.62004566,4468835358.80143452,2961505950.63743734,803915148.27192092
5826,5482416421.62004566,4468835358.80143452,2961505950.63743734,803915148.27192092
5827,5482416421.62004566,4468835358.80143452,2961505950.63743734,803915148.27192092
5828,5482416421.62004566,4468835358.80143452,2961505950.63743734,803915148.27192092
5829,5482416421.62004566,4468835358.80143452,2961505950.63743734,803915148.27192092
5830,5482416421.62004566,4468835358.80143452,2961505950.63743734,803915148.27192092
5831,5482416421.62004566,4468835358.80143452,2961505950.63743734,803915148.27192092
5832,5482416421.62004566,4468835358.80143452,2961505950.63743734,803915148.27192092
5833,5482416421.62004566,4468835358.80143452,2961505950.63743734,803915148.27192092
5834,5482416421.62004566,4468835358.80143452,2961505950.63743734,803915148.27192092
5835,5482416421.62004566,4468835358.80143452,2961505950.63743734,803915148.27192092
5836,5482416421.62004566,4468835358.80143452,2961505950.63743734,785889588.44412100
