bar,vl_8,vl_9,vl_2,vl_7,vl_78
0,1.0000000000,1.0000000000,1.0000000000,1.0000000000,1.0000000000
1,1.0000000000,1.0000000000,1.0000000000,1.0000000000,1.0000000000
2,1.0000000000,1.0000000000,1.0000000000,1.0000000000,1.0000000000
3,1.0000000000,1.0000000000,1.0000000000,1.0000000000,1.0000000000
4,1.0000000000,1.0000000000,1.0000000000,1.0000000000,1.0000000000
5,1.0000000000,1.0000000000,1.0000000000,1.0000000000,1.0000000000
6,1.0000000000,1.0000000000,1.0000000000,1.0000000000,1.0000000000
7,1.0000000000,1.0000000000,1.0000000000,1.0000000000,1.0000000000
8,1.0000000000,1.0000000000,1.0000000000,1.0000000000,1.0000000000
9,1.0000000000,1.0000000000,1.0000000000,1.0000000000,1.0000000000
10,1.0000000000,1.0000000000,1.0000000000,1.0000000000,1.0000000000
11,1.0000000000,1.0000000000,1.0000000000,1.0000000000,1.0000000000
12,1.0000000000,1.0000000000,1.0000000000,1.0000000000,1.0000000000
13,1.0000000000,1.0000000000,1.0000000000,1.0000000000,1.0000000000
14,1.0000000000,1.0000000000,1.0000000000,1.0000000000,1.0000000000
15,1.0000000000,1.0000000000,1.0000000000,1.0000000000,1.0000000000
16,1.0000000000,1.0000000000,1.0000000000,1.0000000000,1.0000000000
17,1.0000000000,1.0000000000,1.0000000000,1.0000000000,1.0000000000
18,1.0000000000,1.0000000000,1.0000000000,1.0000000000,1.0000000000
19,1.0000000000,1.0000000000,1.0000000000,1.0000000000,1.0000000000
20,1.0000000000,1.0000000000,1.0000000000,1.0000000000,1.0000000000
21,1.0000000000,1.0000000000,1.0000000000,1.0000000000,1.0000000000
22,1.0000000000,1.0000000000,1.0000000000,1.0000000000,1.0000000000
23,1.0000000000,1.0000000000,1.0000000000,1.0000000000,1.0000000000
24,1.0000000000,1.0000000000,1.0000000000,1.0000000000,1.0000000000
25,1.0000000000,1.0000000000,1.0000000000,1.0000000000,1.0000000000
26,1.0000000000,1.0000000000,1.0000000000,1.0000000000,1.0000000000
27,1.0000000000,1.0000000000,1.0000000000,1.0000000000,1.0000000000
28,1.0000000000,1.0000000000,1.0000000000,1.0000000000,1.0000000000
29,1.0000000000,1.0000000000,1.0000000000,1.0000000000,1.0000000000
30,1.0000000000,1.0000000000,1.0000000000,1.0000000000,1.0000000000
31,1.0000000000,1.0000000000,1.0000000000,1.0000000000,1.0000000000
32,1.0000000000,1.0000000000,1.0000000000,1.0000000000,1.0000000000
33,1.0000000000,1.0000000000,1.0000000000,1.0000000000,1.0000000000
34,1.0000000000,1.0000000000,1.0000000000,1.0000000000,1.0000000000
35,1.0000000000,1.0000000000,1.0000000000,1.0000000000,1.0000000000
36,1.0000000000,1.0000000000,1.0000000000,1.0000000000,1.0000000000
37,1.0000000000,1.0000000000,1.0000000000,1.0000000000,1.0000000000
38,1.0000000000,1.0000000000,1.0000000000,1.0000000000,1.0000000000
39,1.0000000000,1.0000000000,1.0000000000,1.0000000000,1.0000000000
40,1.0000000000,1.0000000000,1.0000000000,1.0000000000,1.0000000000
41,1.0000000000,1.0000000000,1.0000000000,1.0000000000,1.0000000000
42,1.0000000000,1.0000000000,1.0000000000,1.0000000000,1.0000000000
43,1.0000000000,1.0000000000,1.0000000000,1.0000000000,1.0000000000
44,1.0000000000,1.0000000000,1.0000000000,1.0000000000,1.0000000000
45,1.0000000000,1.0000000000,1.0000000000,1.0000000000,1.0000000000
46,1.0000000000,1.0000000000,1.0000000000,1.0000000000,1.0000000000
47,1.0000000000,1.0000000000,1.0000000000,1.0000000000,1.0000000000
48,1.0000000000,1.0000000000,1.0000000000,1.0000000000,1.0000000000
49,1.0000000000,1.0000000000,1.0000000000,1.0000000000,1.0000000000
50,1.0000000000,1.0000000000,1.0000000000,1.0000000000,1.0000000000
51,1.0000000000,1.0000000000,1.0000000000,1.0000000000,1.0000000000
52,1.0000000000,1.0000000000,1.0000000000,1.0000000000,1.0000000000
53,1.0000000000,1.0000000000,1.0000000000,1.0000000000,1.0000000000
54,1.0000000000,1.0000000000,1.0000000000,1.0000000000,1.0000000000
55,1.0000000000,1.0000000000,1.0000000000,1.0000000000,1.0000000000
56,1.0000000000,1.0000000000,1.0000000000,1.0000000000,1.0000000000
57,1.0000000000,1.0000000000,1.0000000000,1.0000000000,1.0000000000
58,1.0000000000,1.0000000000,1.0000000000,1.0000000000,1.0000000000
59,1.0000000000,1.0000000000,1.0000000000,1.0000000000,1.0000000000
60,1.0000000000,1.0000000000,1.0000000000,1.0000000000,1.0000000000
61,1.0000000000,1.0000000000,1.0000000000,1.0000000000,1.0000000000
62,1.0000000000,1.0000000000,1.0000000000,1.0000000000,1.0000000000
63,1.0000000000,1.0000000000,1.0000000000,1.0000000000,1.0000000000
64,1.0000000000,1.0000000000,1.0000000000,1.0000000000,1.0000000000
65,1.0000000000,1.0000000000,1.0000000000,1.0000000000,1.0000000000
66,1.0000000000,1.0000000000,1.0000000000,1.0000000000,1.0000000000
67,1.0000000000,1.0000000000,1.0000000000,1.0000000000,1.0000000000
68,1.0000000000,1.0000000000,1.0000000000,1.0000000000,1.0000000000
69,1.0000000000,1.0000000000,1.0000000000,1.0000000000,1.0000000000
70,1.0000000000,1.0000000000,1.0000000000,1.0000000000,1.0000000000
71,1.0000000000,1.0000000000,1.0000000000,1.0000000000,1.0000000000
72,1.0000000000,1.0000000000,1.0000000000,1.0000000000,1.0000000000
73,1.0000000000,1.0000000000,1.0000000000,1.0000000000,1.0000000000
74,1.0000000000,1.0000000000,1.0000000000,1.0000000000,1.0000000000
75,1.0000000000,1.0000000000,1.0000000000,1.0000000000,1.0000000000
76,1.0000000000,1.0000000000,1.0000000000,1.0000000000,1.0000000000
77,1.0000000000,1.0000000000,1.0000000000,1.0000000000,1.0000000000
78,1.0000000000,1.0000000000,1.0000000000,1.0000000000,1.0000000000
79,1.1188509874,1.1188509874,1.1188509874,1.1188509874,1.1188509874
80,1.1188509874,1.1188509874,1.1188509874,1.1188509874,1.1188509874
81,1.1188509874,1.1188509874,1.1188509874,1.1188509874,1.1188509874
82,1.1188509874,1.1188509874,1.1188509874,1.1188509874,1.1188509874
83,1.1188509874,1.1188509874,1.1188509874,1.1188509874,1.1188509874
84,1.1188509874,1.1188509874,1.1188509874,1.1188509874,1.1188509874
85,1.1188509874,1.1188509874,1.1188509874,1.1188509874,1.1188509874
86,1.1188509874,1.1188509874,1.1188509874,1.1188509874,1.1188509874
87,1.1188509874,1.1188509874,1.1188509874,1.1188509874,1.1188509874
88,1.1188509874,1.1188509874,1.1188509874,1.1188509874,1.1188509874
89,1.1188509874,1.1188509874,1.1188509874,1.1188509874,1.1188509874
90,1.1188509874,1.1188509874,1.1188509874,1.1188509874,1.1188509874
91,1.0330379855,1.0330379855,1.0330379855,1.0330379855,1.0330379855
92,1.0330379855,1.0330379855,1.0330379855,1.0330379855,1.0330379855
93,1.0330379855,1.0330379855,1.0330379855,1.0330379855,1.0330379855
94,1.0330379855,1.0330379855,1.0330379855,1.0330379855,1.0330379855
95,1.0330379855,1.0330379855,1.0330379855,1.0330379855,1.0330379855
96,1.0330379855,1.0330379855,1.0330379855,1.0330379855,1.0330379855
97,1.0330379855,1.0330379855,1.0330379855,1.0330379855,1.0330379855
98,1.0330379855,1.0330379855,1.0330379855,1.0330379855,1.0330379855
99,1.0330379855,1.0330379855,1.0330379855,1.0330379855,1.0330379855
100,1.0330379855,1.0330379855,1.0330379855,1.0330379855,1.0330379855
101,1.0330379855,1.0330379855,1.0330379855,1.0330379855,1.0330379855
102,1.0330379855,1.0330379855,1.0330379855,1.0330379855,1.0330379855
103,0.9308958040,0.9308958040,0.9308958040,0.9308958040,0.9308958040
104,0.9308958040,0.9308958040,0.9308958040,0.9308958040,0.9308958040
105,0.9308958040,0.9308958040,0.9308958040,0.9308958040,0.9308958040
106,0.9308958040,0.9308958040,0.9308958040,0.9308958040,0.9308958040
107,0.9308958040,0.9308958040,0.9308958040,0.9308958040,0.9308958040
108,0.9308958040,0.9308958040,0.9308958040,0.9308958040,0.9308958040
109,0.9308958040,0.9308958040,0.9308958040,0.9308958040,0.9308958040
110,0.9308958040,0.9308958040,0.9308958040,0.9308958040,0.9308958040
111,0.9308958040,0.9308958040,0.9308958040,0.9308958040,0.9308958040
112,0.9308958040,0.9308958040,0.9308958040,0.9308958040,0.9308958040
113,0.9308958040,0.9308958040,0.9308958040,0.9308958040,0.9308958040
114,0.9308958040,0.9308958040,0.9308958040,0.9308958040,0.9308958040
115,0.9308958040,0.9308958040,0.9308958040,0.9308958040,0.9308958040
116,0.9308958040,0.9308958040,0.9308958040,0.9308958040,0.9308958040
117,0.9308958040,0.9308958040,0.9308958040,0.9308958040,0.9308958040
118,0.9308958040,0.9308958040,0.9308958040,0.9308958040,0.9308958040
119,0.9308958040,0.9308958040,0.9308958040,0.9308958040,0.9308958040
120,0.9308958040,0.9308958040,0.9308958040,0.9308958040,0.9308958040
121,0.9308958040,0.9308958040,0.9308958040,0.9308958040,0.9308958040
122,0.9308958040,0.9308958040,0.9308958040,0.9308958040,0.9308958040
123,0.9308958040,0.9308958040,0.9308958040,0.9308958040,0.9308958040
124,0.9308958040,0.9308958040,0.9308958040,0.9308958040,0.9308958040
125,0.9308958040,0.9308958040,0.9308958040,0.9308958040,0.9308958040
126,0.9308958040,0.9308958040,0.9308958040,0.9308958040,0.9308958040
127,0.9308958040,0.9308958040,0.9308958040,0.9308958040,0.9308958040
128,0.9308958040,0.9308958040,0.9308958040,0.9308958040,0.9308958040
129,0.9308958040,0.9308958040,0.9308958040,0.9308958040,0.9308958040
130,0.9308958040,0.9308958040,0.9308958040,0.9308958040,0.9308958040
131,0.9308958040,0.9308958040,0.9308958040,0.9308958040,0.9308958040
132,0.9308958040,0.9308958040,0.9308958040,0.9308958040,0.9308958040
133,0.9308958040,0.9308958040,0.9308958040,0.9308958040,0.9308958040
134,0.9308958040,0.9308958040,0.9308958040,0.9308958040,0.9308958040
135,0.9308958040,0.9308958040,0.9308958040,0.9308958040,0.9308958040
136,0.9308958040,0.9308958040,0.9308958040,0.9308958040,0.9308958040
137,0.9308958040,0.9308958040,0.9308958040,0.9308958040,0.9308958040
138,0.9308958040,0.9308958040,0.9308958040,0.9308958040,0.9308958040
139,0.9308958040,0.9308958040,0.9308958040,0.9308958040,0.9308958040
140,1.1715383615,1.1715383615,1.1715383615,1.1715383615,1.1715383615
141,1.1715383615,1.1715383615,1.1715383615,1.1715383615,1.1715383615
142,1.1715383615,1.1715383615,1.1715383615,1.1715383615,1.1715383615
143,1.1715383615,1.1715383615,1.1715383615,1.1715383615,1.1715383615
144,1.1715383615,1.1715383615,1.1715383615,1.1715383615,1.1715383615
145,1.1715383615,1.1715383615,1.1715383615,1.1715383615,1.1715383615
146,1.1715383615,1.1715383615,1.1715383615,1.1715383615,1.1715383615
147,1.1715383615,1.1715383615,1.1715383615,1.1715383615,1.1715383615
148,1.1715383615,1.1715383615,1.1715383615,1.1715383615,1.1715383615
149,1.1715383615,1.1715383615,1.1715383615,1.1715383615,1.1715383615
150,1.1715383615,1.1715383615,1.1715383615,1.1715383615,1.1715383615
151,1.1715383615,1.1715383615,1.1715383615,1.1715383615,1.1715383615
152,1.1715383615,1.1715383615,1.1715383615,1.1715383615,1.1715383615
153,1.1715383615,1.1715383615,1.1715383615,1.1715383615,1.1715383615
154,1.0641623207,1.0641623207,1.0641623207,1.0641623207,1.0641623207
155,1.0641623207,1.0641623207,1.0641623207,1.0641623207,1.0641623207
156,1.0641623207,1.0641623207,1.0641623207,1.0641623207,1.0641623207
157,1.0641623207,1.0641623207,1.0641623207,1.0641623207,1.0641623207
158,1.0641623207,1.0641623207,1.0641623207,1.0641623207,1.0641623207
159,1.0641623207,1.0641623207,1.0641623207,1.0641623207,1.0641623207
160,1.0641623207,1.0641623207,1.0641623207,1.0641623207,1.0641623207
161,1.0641623207,1.0641623207,1.0641623207,1.0641623207,1.0641623207
162,1.0641623207,1.0641623207,1.0641623207,1.0641623207,1.0641623207
163,1.0641623207,1.0641623207,1.0641623207,1.0641623207,1.0641623207
164,1.0641623207,1.0641623207,1.0641623207,1.0641623207,1.0641623207
165,1.0641623207,1.0641623207,1.0641623207,1.0641623207,1.0641623207
166,1.0641623207,1.0641623207,1.0641623207,1.0641623207,1.0641623207
167,1.0641623207,1.0641623207,1.0641623207,1.0641623207,1.0641623207
168,1.0641623207,1.0641623207,1.0641623207,1.0641623207,1.0641623207
169,1.0641623207,1.0641623207,1.0641623207,1.0641623207,1.0641623207
170,1.0641623207,1.0641623207,1.0641623207,1.0641623207,1.0641623207
171,1.0641623207,1.0641623207,1.0641623207,1.0641623207,1.0641623207
172,1.1887186880,1.1887186880,1.1887186880,1.1887186880,1.1887186880
173,1.1887186880,1.1887186880,1.1887186880,1.1887186880,1.1887186880
174,1.1887186880,1.1887186880,1.1887186880,1.1887186880,1.1887186880
175,1.1887186880,1.1887186880,1.1887186880,1.1887186880,1.1887186880
176,1.1887186880,1.1887186880,1.1887186880,1.1887186880,1.1887186880
177,1.1887186880,1.1887186880,1.1887186880,1.1887186880,1.1887186880
178,1.1887186880,1.1887186880,1.1887186880,1.1887186880,1.1887186880
179,1.1887186880,1.1887186880,1.1887186880,1.1887186880,1.1887186880
180,1.1887186880,1.1887186880,1.1887186880,1.1887186880,1.1887186880
181,1.1887186880,1.1887186880,1.1887186880,1.1887186880,1.1887186880
182,1.1887186880,1.1887186880,1.1887186880,1.1887186880,1.1887186880
183,1.1887186880,1.1887186880,1.1887186880,1.1887186880,1.1887186880
184,1.1887186880,1.1887186880,1.1887186880,1.1887186880,1.1887186880
185,1.1887186880,1.1887186880,1.1887186880,1.1887186880,1.1887186880
186,1.1887186880,1.1887186880,1.1887186880,1.1887186880,1.1887186880
187,1.1887186880,1.1887186880,2.2450884852,1.1887186880,1.1887186880
188,1.1887186880,1.1887186880,2.2450884852,1.1887186880,1.1887186880
189,1.1887186880,1.7215897218,2.2450884852,1.7215897218,1.1887186880
190,1.5276477333,1.7215897218,2.2450884852,1.7215897218,1.1887186880
191,1.5276477333,1.7215897218,2.2450884852,1.7215897218,1.1887186880
192,1.5276477333,1.7215897218,2.2450884852,1.7215897218,1.1887186880
193,1.5276477333,1.7215897218,2.2450884852,1.7215897218,1.1887186880
194,1.5276477333,1.7215897218,2.2450884852,1.7215897218,1.1887186880
195,1.5276477333,1.7215897218,2.2450884852,1.7215897218,1.1887186880
196,1.5276477333,1.7215897218,2.2450884852,1.7215897218,1.1306082862
197,1.5276477333,1.7215897218,2.2450884852,1.7215897218,1.1306082862
198,1.5276477333,1.7215897218,2.2450884852,1.7215897218,1.1306082862
199,1.5276477333,1.7215897218,2.2450884852,1.7215897218,1.1306082862
200,1.5276477333,1.7215897218,2.2450884852,1.7215897218,1.1306082862
201,1.5276477333,1.7215897218,2.2450884852,1.7215897218,1.1306082862
202,1.5276477333,1.7215897218,2.2450884852,1.7215897218,1.1306082862
203,1.5276477333,1.7215897218,2.2450884852,1.7215897218,1.1306082862
204,1.5276477333,1.7215897218,2.2450884852,1.7215897218,1.1306082862
205,1.7349819896,1.9552460266,2.5497946952,1.9552460266,0.8594127020
206,1.7349819896,1.9552460266,2.5497946952,1.9552460266,0.8594127020
207,1.7349819896,1.9552460266,2.5497946952,1.9552460266,0.8594127020
208,1.7349819896,1.9552460266,2.5497946952,1.9552460266,0.8594127020
209,1.5919424008,1.7940468964,2.3395783432,1.7940468964,0.7885589178
210,1.5919424008,1.7940468964,2.3395783432,1.7940468964,0.7885589178
211,1.5919424008,1.7940468964,2.3395783432,1.7940468964,0.7885589178
212,1.5919424008,1.7940468964,2.3395783432,1.7940468964,0.7885589178
213,1.5919424008,1.7940468964,2.3395783432,1.7940468964,0.7885589178
214,1.5919424008,1.7940468964,2.3395783432,1.7940468964,0.7885589178
215,1.5919424008,1.7940468964,2.3395783432,1.7940468964,0.7885589178
216,1.5919424008,1.7940468964,2.3395783432,1.7940468964,0.7885589178
217,1.5919424008,1.7940468964,2.3395783432,1.7940468964,0.7885589178
218,1.5919424008,1.7940468964,2.3395783432,1.7940468964,0.7885589178
219,1.5919424008,1.7940468964,2.3395783432,1.7940468964,0.7885589178
220,1.5919424008,1.7940468964,2.3395783432,1.7940468964,0.7885589178
221,1.5919424008,1.7940468964,2.3395783432,1.7940468964,0.7885589178
222,1.5919424008,1.7940468964,2.3395783432,1.7940468964,0.7885589178
223,1.5919424008,1.7940468964,2.3395783432,1.7940468964,0.7885589178
224,1.5919424008,1.7940468964,2.3395783432,1.7940468964,0.7885589178
225,1.5919424008,1.7940468964,2.3395783432,1.7940468964,0.7885589178
226,1.5919424008,1.7940468964,2.3395783432,1.7940468964,0.7885589178
227,1.5919424008,1.7940468964,2.3395783432,1.7940468964,0.7885589178
228,1.5919424008,1.7940468964,2.3395783432,1.7940468964,0.7885589178
229,1.5919424008,1.7940468964,2.3395783432,1.7940468964,0.7885589178
230,1.5919424008,1.7940468964,2.3395783432,1.7940468964,0.7885589178
231,1.5919424008,1.7940468964,2.3395783432,1.7940468964,0.7885589178
232,1.5919424008,1.7940468964,2.3395783432,1.7940468964,0.7885589178
233,1.5919424008,1.7940468964,2.3395783432,1.7940468964,0.7885589178
234,1.5919424008,1.7940468964,2.3395783432,1.7940468964,0.7885589178
235,1.5919424008,1.7940468964,2.3395783432,1.7940468964,0.7885589178
236,1.5919424008,1.7940468964,2.3395783432,1.7940468964,0.7885589178
237,1.5919424008,1.7940468964,2.3395783432,1.7940468964,0.7885589178
238,1.5919424008,1.7940468964,2.3395783432,1.7940468964,0.7885589178
239,1.5919424008,1.7940468964,2.3395783432,1.7940468964,0.7885589178
240,1.5919424008,1.7940468964,2.3395783432,1.7940468964,0.7885589178
241,2.6711986628,3.0103197631,3.9256938812,3.0103197631,1.3231618969
242,2.6711986628,3.0103197631,3.9256938812,3.0103197631,1.3231618969
243,2.6711986628,3.0103197631,3.9256938812,3.0103197631,1.3231618969
244,2.6711986628,3.0103197631,3.9256938812,3.0103197631,1.3231618969
245,2.6711986628,3.0103197631,3.9256938812,3.0103197631,1.3231618969
246,2.6711986628,3.0103197631,3.9256938812,3.0103197631,1.3231618969
247,2.6711986628,3.0103197631,3.9256938812,3.0103197631,1.3231618969
248,2.6711986628,3.0103197631,3.9256938812,3.0103197631,1.3231618969
249,2.6711986628,3.0103197631,3.9256938812,3.0103197631,1.3231618969
250,2.6711986628,3.0103197631,3.9256938812,3.0103197631,1.3231618969
251,2.6711986628,3.0103197631,3.9256938812,3.0103197631,1.3231618969
252,2.6711986628,3.0103197631,3.9256938812,3.0103197631,1.3231618969
253,2.6711986628,3.0103197631,3.9256938812,3.0103197631,1.3231618969
254,2.6711986628,3.0103197631,3.9256938812,3.0103197631,1.3231618969
255,2.6711986628,3.0103197631,3.9256938812,3.0103197631,1.3231618969
256,3.9168891130,4.4141564126,5.7564073531,4.4141564126,1.9402070317
257,3.9168891130,4.4141564126,5.7564073531,4.4141564126,1.9402070317
258,3.9168891130,4.4141564126,5.7564073531,4.4141564126,1.9402070317
259,3.9168891130,4.4141564126,5.7564073531,4.4141564126,1.9402070317
260,3.9168891130,4.4141564126,5.7564073531,4.4141564126,1.9402070317
261,3.9168891130,4.4141564126,5.7564073531,4.4141564126,1.9402070317
262,3.9168891130,4.4141564126,5.7564073531,4.4141564126,1.9402070317
263,3.9168891130,4.4141564126,5.7564073531,4.4141564126,1.9402070317
264,3.9168891130,4.4141564126,5.7564073531,4.4141564126,1.9402070317
265,3.9168891130,4.4141564126,5.7564073531,4.4141564126,1.9402070317
266,3.9168891130,4.4141564126,5.7564073531,4.4141564126,1.9402070317
267,3.9168891130,4.4141564126,5.7564073531,4.4141564126,1.9402070317
268,3.9168891130,4.4141564126,5.7564073531,4.4141564126,1.9402070317
269,3.9168891130,4.4141564126,5.7564073531,4.4141564126,1.9402070317
270,3.7687405595,4.2471997108,5.5386826746,4.2471997108,1.8668225531
271,3.7687405595,4.2471997108,5.5386826746,4.2471997108,1.8668225531
272,3.7687405595,4.2471997108,5.5386826746,4.2471997108,1.8668225531
273,3.7687405595,4.2471997108,5.5386826746,4.2471997108,1.8668225531
274,3.7687405595,4.2471997108,5.5386826746,4.2471997108,1.8668225531
275,3.7687405595,4.2471997108,5.5386826746,4.2471997108,1.8668225531
276,3.7687405595,4.2471997108,5.5386826746,4.2471997108,1.8668225531
277,3.7687405595,4.2471997108,5.5386826746,4.2471997108,1.8668225531
278,3.5826425614,4.0374757059,5.2651860671,4.0374757059,1.7746400496
279,3.5826425614,4.0374757059,5.2651860671,4.0374757059,1.7746400496
280,3.5826425614,4.0374757059,5.2651860671,4.0374757059,1.7746400496
281,3.5826425614,4.0374757059,5.2651860671,4.0374757059,1.7746400496
282,3.5826425614,4.0374757059,5.2651860671,4.0374757059,1.7746400496
283,3.5826425614,4.0374757059,5.2651860671,4.0374757059,1.7746400496
284,3.5826425614,4.0374757059,5.2651860671,4.0374757059,1.7746400496
285,3.5826425614,4.0374757059,5.2651860671,4.0374757059,1.7746400496
286,3.5826425614,4.0374757059,5.2651860671,4.0374757059,1.7746400496
287,3.5826425614,4.0374757059,5.2651860671,4.0374757059,1.7746400496
288,3.5826425614,4.0374757059,5.2651860671,4.0374757059,1.7746400496
289,2.1598770659,2.4340835101,3.1742364579,2.4340835101,1.0698818757
290,2.1598770659,2.4340835101,3.1742364579,2.4340835101,1.0698818757
291,2.1598770659,2.4340835101,3.1742364579,2.4340835101,1.0698818757
292,2.1598770659,2.4340835101,3.1742364579,2.4340835101,1.0698818757
293,2.1598770659,2.4340835101,3.1742364579,2.4340835101,1.0698818757
294,2.1598770659,2.4340835101,3.1742364579,2.4340835101,1.0698818757
295,2.1598770659,2.4340835101,3.1742364579,2.4340835101,1.0698818757
296,2.1598770659,2.4340835101,3.1742364579,2.4340835101,1.0698818757
297,2.1598770659,2.4340835101,3.1742364579,2.4340835101,1.0698818757
298,2.1598770659,2.4340835101,3.1742364579,2.4340835101,1.0698818757
299,2.1598770659,2.4340835101,3.1742364579,2.4340835101,1.0698818757
300,2.1598770659,2.4340835101,3.1742364579,2.4340835101,1.0698818757
301,2.1598770659,2.4340835101,3.1742364579,2.4340835101,1.0698818757
302,2.1598770659,2.4340835101,3.1742364579,2.4340835101,1.0698818757
303,2.1598770659,2.4340835101,3.1742364579,2.4340835101,1.0698818757
304,2.1598770659,2.4340835101,3.1742364579,2.4340835101,1.0698818757
305,2.1598770659,2.4340835101,3.1742364579,2.4340835101,1.0698818757
306,2.1598770659,2.4340835101,3.1742364579,2.4340835101,1.0698818757
307,2.1598770659,2.4340835101,3.1742364579,2.4340835101,1.0698818757
308,2.1598770659,2.4340835101,3.1742364579,2.4340835101,1.0698818757
309,2.1598770659,2.4340835101,3.1742364579,2.4340835101,1.0698818757
310,2.1598770659,2.4340835101,3.1742364579,2.4340835101,1.0698818757
311,2.1598770659,2.4340835101,3.1742364579,2.4340835101,1.0698818757
312,2.1598770659,2.4340835101,3.1742364579,2.4340835101,1.0698818757
313,2.1598770659,2.4340835101,3.1742364579,2.4340835101,1.0698818757
314,2.1598770659,2.4340835101,3.1742364579,2.4340835101,1.0698818757
315,2.1598770659,2.4340835101,3.1742364579,2.4340835101,1.0698818757
316,2.1598770659,2.4340835101,3.1742364579,2.4340835101,1.0698818757
317,2.1598770659,2.4340835101,3.1742364579,2.4340835101,1.0698818757
318,2.1598770659,2.4340835101,3.1742364579,2.4340835101,1.0698818757
319,2.1598770659,2.4340835101,3.1742364579,2.4340835101,1.0698818757
320,2.1598770659,2.4340835101,3.1742364579,2.4340835101,1.0698818757
321,2.1598770659,2.4340835101,3.1742364579,2.4340835101,1.0698818757
322,1.9049369147,2.1467775204,2.7995668365,2.1467775204,0.9435988332
323,1.9049369147,2.1467775204,2.7995668365,2.1467775204,0.9435988332
324,1.9049369147,2.1467775204,2.7995668365,2.1467775204,0.9435988332
325,1.9049369147,2.1467775204,2.7995668365,2.1467775204,0.9435988332
326,1.9049369147,2.1467775204,2.7995668365,2.1467775204,0.9435988332
327,1.9049369147,2.1467775204,2.7995668365,2.1467775204,0.9435988332
328,1.9049369147,2.1467775204,2.7995668365,2.1467775204,0.9435988332
329,1.9049369147,2.1467775204,2.7995668365,2.1467775204,0.9435988332
330,1.9049369147,2.1467775204,2.7995668365,2.1467775204,0.9435988332
331,1.9049369147,2.1467775204,2.7995668365,2.1467775204,0.9435988332
332,1.9049369147,2.1467775204,2.7995668365,2.1467775204,0.9435988332
333,1.9049369147,2.1467775204,2.7995668365,2.1467775204,0.9435988332
334,1.9049369147,2.1467775204,2.7995668365,2.1467775204,0.9435988332
335,1.9049369147,2.1467775204,2.7995668365,2.1467775204,0.9435988332
336,1.7111564881,1.9283957669,2.5147798434,1.9283957669,0.8476108858
337,1.7111564881,1.9283957669,2.5147798434,1.9283957669,0.8476108858
338,1.7111564881,1.9283957669,2.5147798434,1.9283957669,0.8476108858
339,1.7111564881,1.9283957669,2.5147798434,1.9283957669,0.8476108858
340,1.7111564881,1.9283957669,2.5147798434,1.9283957669,0.8476108858
341,1.7111564881,1.9283957669,2.5147798434,1.9283957669,0.8476108858
342,1.7111564881,1.9283957669,2.5147798434,1.9283957669,0.8476108858
343,1.7111564881,1.9283957669,2.5147798434,1.9283957669,0.8476108858
344,1.7111564881,1.9283957669,2.5147798434,1.9283957669,0.8476108858
345,1.7111564881,1.9283957669,2.5147798434,1.9283957669,0.8476108858
346,1.7111564881,1.9283957669,2.5147798434,1.9283957669,0.8476108858
347,1.7111564881,1.9283957669,2.5147798434,1.9283957669,0.8476108858
348,1.7111564881,1.9283957669,2.5147798434,1.9283957669,0.8476108858
349,1.7111564881,1.9283957669,2.5147798434,1.9283957669,0.8476108858
350,1.7111564881,1.9283957669,2.5147798434,1.9283957669,0.8476108858
351,1.7111564881,1.9283957669,2.5147798434,1.9283957669,0.8476108858
352,1.7111564881,1.9283957669,2.5147798434,1.9283957669,0.8476108858
353,1.7111564881,1.9283957669,2.5147798434,1.9283957669,0.8476108858
354,1.7111564881,1.9283957669,2.5147798434,1.9283957669,0.8476108858
355,1.7111564881,1.9283957669,2.5147798434,1.9283957669,0.8476108858
356,1.7111564881,1.9283957669,2.5147798434,1.9283957669,0.8476108858
357,1.7111564881,1.9283957669,2.5147798434,1.9283957669,0.8476108858
358,1.7111564881,1.9283957669,2.5147798434,1.9283957669,0.8476108858
359,1.7111564881,1.9283957669,2.5147798434,1.9283957669,0.8476108858
360,1.7111564881,1.9283957669,2.5147798434,1.9283957669,0.8476108858
361,1.7111564881,1.9283957669,2.5147798434,1.9283957669,0.8476108858
362,1.7111564881,1.9283957669,2.5147798434,1.9283957669,0.8476108858
363,1.7111564881,1.9283957669,2.4017560302,1.9283957669,0.8476108858
364,1.7111564881,1.9283957669,2.4017560302,1.9283957669,0.8476108858
365,1.7111564881,1.9283957669,2.4017560302,1.9283957669,0.8476108858
366,2.1738256158,2.4498028933,2.4017560302,2.4498028933,1.0767912044
367,2.1738256158,2.4498028933,2.4017560302,2.4498028933,1.0767912044
368,2.1738256158,2.4498028933,2.4017560302,2.4498028933,1.0767912044
369,2.1738256158,2.4498028933,2.4017560302,2.4498028933,1.0767912044
370,2.1738256158,2.4498028933,2.4017560302,2.4498028933,1.0767912044
371,2.1738256158,2.4498028933,2.4017560302,2.4498028933,1.0767912044
372,2.1738256158,2.4498028933,2.4017560302,2.4498028933,1.0767912044
373,2.1738256158,2.4498028933,2.4017560302,2.4498028933,1.0767912044
374,2.1738256158,2.4498028933,2.4017560302,2.4498028933,1.0767912044
375,2.1738256158,2.4498028933,2.4017560302,2.4498028933,1.0767912044
376,2.1738256158,2.4498028933,2.4017560302,2.4498028933,1.0767912044
377,2.1738256158,2.4498028933,4.4691928217,2.4498028933,1.0767912044
378,2.1738256158,2.4498028933,4.4691928217,2.4498028933,1.0767912044
379,2.1738256158,2.4498028933,4.4691928217,2.4498028933,1.0767912044
380,3.6329024121,4.0941162785,4.4691928217,4.0941162785,1.7995359588
381,3.6329024121,4.0941162785,4.4691928217,4.0941162785,1.7995359588
382,3.6329024121,4.0941162785,4.4691928217,4.0941162785,1.7995359588
383,3.6329024121,4.0941162785,4.4691928217,4.0941162785,1.7995359588
384,3.6329024121,4.0941162785,4.4691928217,4.0941162785,1.7995359588
385,3.6329024121,4.0941162785,4.4691928217,4.0941162785,1.7995359588
386,3.6329024121,4.0941162785,4.4691928217,4.0941162785,1.7995359588
387,3.6329024121,4.0941162785,4.1459443327,4.0941162785,1.7995359588
388,3.6329024121,4.0941162785,4.1459443327,4.0941162785,1.7995359588
389,3.6329024121,4.0941162785,4.1459443327,4.0941162785,1.7995359588
390,3.6329024121,4.0941162785,4.1459443327,4.0941162785,1.7995359588
391,3.6329024121,4.0941162785,4.1459443327,4.0941162785,1.7995359588
392,3.6329024121,4.0941162785,4.1459443327,4.0941162785,1.7995359588
393,3.6329024121,4.0941162785,4.1459443327,4.0941162785,1.7995359588
394,7.7588356812,8.7438559755,4.1459443327,8.7438559755,3.8432917329
395,7.7588356812,8.7438559755,4.1459443327,8.7438559755,3.8432917329
396,7.7588356812,8.7438559755,4.1459443327,8.7438559755,3.8432917329
397,7.7588356812,8.7438559755,4.1459443327,8.7438559755,3.8432917329
398,7.7588356812,8.7438559755,4.1459443327,8.7438559755,3.8432917329
399,7.7588356812,8.7438559755,4.1459443327,8.7438559755,3.8432917329
400,7.7588356812,8.7438559755,4.4968203592,8.7438559755,3.8432917329
401,7.7588356812,8.7438559755,4.4968203592,8.7438559755,3.8432917329
402,7.7588356812,8.7438559755,4.4968203592,8.7438559755,3.8432917329
403,7.7588356812,8.7438559755,4.4968203592,8.7438559755,3.8432917329
404,7.7588356812,8.7438559755,4.4968203592,8.7438559755,3.8432917329
405,7.7588356812,8.7438559755,4.4968203592,8.7438559755,3.8432917329
406,7.7588356812,8.7438559755,4.4968203592,8.7438559755,3.8432917329
407,7.7588356812,8.7438559755,4.4968203592,8.7438559755,3.8432917329
408,7.7588356812,8.7438559755,4.4968203592,8.7438559755,3.8432917329
409,7.7588356812,8.7438559755,4.4968203592,8.7438559755,3.8432917329
410,7.7588356812,8.7438559755,4.4968203592,8.7438559755,3.8432917329
411,7.7588356812,8.7438559755,4.4968203592,8.7438559755,3.8432917329
412,7.7588356812,8.7438559755,4.4968203592,8.7438559755,3.8432917329
413,7.7588356812,8.7438559755,4.4968203592,8.7438559755,3.8432917329
414,7.9472295191,8.9561672878,4.6060085519,8.9561672878,3.9366114666
415,7.9472295191,8.9561672878,4.6060085519,8.9561672878,3.9366114666
416,7.9472295191,8.9561672878,4.6060085519,8.9561672878,3.9366114666
417,7.9472295191,8.9561672878,4.6060085519,8.9561672878,3.9366114666
418,7.9472295191,8.9561672878,4.6060085519,8.9561672878,3.9366114666
419,7.9472295191,8.9561672878,4.6060085519,8.9561672878,3.9366114666
420,7.9472295191,8.9561672878,4.6060085519,8.9561672878,3.9366114666
421,7.9472295191,8.9561672878,4.6060085519,8.9561672878,3.9366114666
422,7.9472295191,8.9561672878,4.6060085519,8.9561672878,3.9366114666
423,7.9472295191,8.9561672878,4.6060085519,8.9561672878,3.9366114666
424,7.9472295191,8.9561672878,4.6060085519,8.9561672878,3.9366114666
425,7.9472295191,8.9561672878,4.6060085519,8.9561672878,3.9366114666
426,7.9472295191,8.9561672878,4.6060085519,8.9561672878,3.9366114666
427,7.9472295191,8.9561672878,4.6060085519,8.9561672878,3.9366114666
428,9.7681974995,11.0083156270,5.6613944661,11.0083156270,4.8386168025
429,9.7681974995,11.0083156270,5.6613944661,11.0083156270,4.8386168025
430,9.7681974995,11.0083156270,5.6613944661,11.0083156270,4.8386168025
431,9.7681974995,11.0083156270,5.6613944661,11.0083156270,4.8386168025
432,9.7681974995,11.0083156270,5.6613944661,11.0083156270,4.8386168025
433,9.7681974995,11.0083156270,5.6613944661,11.0083156270,4.8386168025
434,9.7681974995,11.0083156270,5.6613944661,11.0083156270,4.8386168025
435,9.7681974995,11.0083156270,5.6613944661,11.0083156270,4.8386168025
436,9.7681974995,11.0083156270,5.6613944661,11.0083156270,4.8386168025
437,9.7681974995,11.0083156270,5.6613944661,11.0083156270,4.8386168025
438,9.7681974995,11.0083156270,5.6613944661,11.0083156270,4.8386168025
439,9.7681974995,11.0083156270,5.6613944661,11.0083156270,4.8386168025
440,9.7681974995,11.0083156270,5.6613944661,11.0083156270,4.8386168025
441,9.7681974995,11.0083156270,5.6613944661,11.0083156270,4.8386168025
442,9.7681974995,11.0083156270,5.6613944661,11.0083156270,4.8386168025
443,9.7681974995,11.0083156270,5.6613944661,11.0083156270,4.8386168025
444,9.7681974995,11.0083156270,5.6613944661,11.0083156270,4.8386168025
445,9.7681974995,11.0083156270,5.6613944661,11.0083156270,4.8386168025
446,9.7681974995,11.0083156270,5.6613944661,11.0083156270,4.8386168025
447,9.7681974995,11.0083156270,5.6613944661,11.0083156270,4.8386168025
448,12.2058248746,13.7554111405,7.0741802060,13.7554111405,6.0460805927
449,12.2058248746,13.7554111405,7.0741802060,13.7554111405,6.0460805927
450,12.2058248746,13.7554111405,7.0741802060,13.7554111405,6.0460805927
451,12.2058248746,13.7554111405,7.0741802060,13.7554111405,6.0460805927
452,12.2058248746,13.7554111405,7.0741802060,13.7554111405,6.0460805927
453,12.2058248746,13.7554111405,7.0741802060,13.7554111405,6.0460805927
454,12.2058248746,13.7554111405,7.0741802060,13.7554111405,6.0460805927
455,12.2058248746,13.7554111405,7.0741802060,13.7554111405,6.0460805927
456,12.2058248746,13.7554111405,7.0741802060,13.7554111405,6.0460805927
457,12.2058248746,13.7554111405,7.0741802060,13.7554111405,6.0460805927
458,12.2058248746,13.7554111405,7.0741802060,13.7554111405,6.0460805927
459,12.2058248746,13.7554111405,7.0741802060,13.7554111405,6.0460805927
460,12.2058248746,13.7554111405,7.0741802060,13.7554111405,6.0460805927
461,12.2058248746,13.7554111405,7.0741802060,13.7554111405,6.0460805927
462,10.9855934607,12.3802656704,6.3669656585,12.3802656704,5.4416464355
463,10.9855934607,12.3802656704,6.3669656585,12.3802656704,5.4416464355
464,10.9855934607,12.3802656704,6.3669656585,12.3802656704,5.4416464355
465,10.9855934607,12.3802656704,6.3669656585,12.3802656704,5.4416464355
466,10.9855934607,12.3802656704,6.3669656585,12.3802656704,5.4416464355
467,10.9855934607,12.3802656704,6.3669656585,12.3802656704,5.4416464355
468,10.9855934607,12.3802656704,6.3669656585,12.3802656704,5.4416464355
469,10.9855934607,12.3802656704,6.3669656585,12.3802656704,5.4416464355
470,10.9855934607,12.3802656704,6.3669656585,12.3802656704,5.4416464355
471,10.9855934607,12.3802656704,6.3669656585,12.3802656704,5.4416464355
472,10.9855934607,12.3802656704,6.3669656585,12.3802656704,5.4416464355
473,10.9855934607,12.3802656704,6.3669656585,12.3802656704,5.4416464355
474,10.9855934607,12.3802656704,6.3669656585,12.3802656704,5.4416464355
475,10.9855934607,12.3802656704,6.3669656585,12.3802656704,5.4416464355
476,10.9855934607,12.3802656704,6.3669656585,12.3802656704,5.4416464355
477,10.9855934607,12.3802656704,6.3669656585,12.3802656704,5.4416464355
478,10.9855934607,12.3802656704,6.3669656585,12.3802656704,5.4416464355
479,10.9855934607,12.3802656704,6.3669656585,12.3802656704,5.4416464355
480,10.9855934607,12.3802656704,6.3669656585,12.3802656704,5.4416464355
481,9.8029221318,11.0474487130,5.6815199643,11.0474487130,4.8558174365
482,9.8029221318,11.0474487130,5.6815199643,11.0474487130,4.8558174365
483,9.8029221318,11.0474487130,5.6815199643,11.0474487130,4.8558174365
484,9.8029221318,11.0474487130,5.6815199643,11.0474487130,4.8558174365
485,9.8029221318,11.0474487130,5.6815199643,11.0474487130,4.8558174365
486,9.8029221318,11.0474487130,5.6815199643,11.0474487130,4.8558174365
487,9.8029221318,11.0474487130,5.6815199643,11.0474487130,4.8558174365
488,9.8029221318,11.0474487130,5.6815199643,11.0474487130,4.8558174365
489,9.8029221318,11.0474487130,5.6815199643,11.0474487130,4.8558174365
490,9.8029221318,11.0474487130,5.6815199643,11.0474487130,4.8558174365
491,9.8029221318,11.0474487130,5.6815199643,11.0474487130,4.8558174365
492,9.8029221318,11.0474487130,5.6815199643,11.0474487130,4.8558174365
493,9.8029221318,11.0474487130,5.6815199643,11.0474487130,4.8558174365
494,9.8029221318,11.0474487130,5.6815199643,11.0474487130,4.8558174365
495,9.8029221318,11.0474487130,5.6815199643,11.0474487130,4.8558174365
496,9.8029221318,11.0474487130,5.6815199643,11.0474487130,4.8558174365
497,9.8029221318,11.0474487130,5.6815199643,11.0474487130,4.8558174365
498,9.8029221318,11.0474487130,5.6815199643,11.0474487130,4.8558174365
499,9.8029221318,11.0474487130,5.6815199643,11.0474487130,4.8558174365
500,9.8029221318,11.0474487130,5.6815199643,11.0474487130,4.8558174365
501,9.8029221318,11.0474487130,5.6815199643,11.0474487130,4.8558174365
502,9.8029221318,11.0474487130,5.6815199643,11.0474487130,4.8558174365
503,9.8029221318,11.0474487130,5.6815199643,11.0474487130,4.8558174365
504,9.8029221318,11.0474487130,5.6815199643,11.0474487130,4.8558174365
505,13.8002668130,15.5522749025,7.9982774887,15.5522749025,6.8358776411
506,13.8002668130,15.5522749025,7.9982774887,15.5522749025,6.8358776411
507,13.8002668130,15.5522749025,7.9982774887,15.5522749025,6.8358776411
508,13.8002668130,15.5522749025,7.9982774887,15.5522749025,6.8358776411
509,13.8002668130,15.5522749025,7.9982774887,15.5522749025,6.8358776411
510,13.8002668130,15.5522749025,7.9982774887,15.5522749025,6.8358776411
511,13.8002668130,15.5522749025,7.9982774887,15.5522749025,6.8358776411
512,13.8002668130,15.5522749025,7.9982774887,15.5522749025,6.8358776411
513,13.8002668130,15.5522749025,7.9982774887,15.5522749025,6.8358776411
514,13.8002668130,15.5522749025,7.9982774887,15.5522749025,6.8358776411
515,13.8002668130,15.5522749025,7.9982774887,15.5522749025,6.8358776411
516,13.8002668130,15.5522749025,7.9982774887,15.5522749025,6.8358776411
517,13.8002668130,15.5522749025,7.9982774887,15.5522749025,6.8358776411
518,13.8002668130,15.5522749025,7.9982774887,15.5522749025,6.8358776411
519,13.8002668130,15.5522749025,7.9982774887,15.5522749025,6.8358776411
520,13.8002668130,15.5522749025,7.9982774887,15.5522749025,6.8358776411
521,13.8002668130,15.5522749025,7.9982774887,15.5522749025,6.8358776411
522,13.8002668130,15.5522749025,7.9982774887,15.5522749025,6.8358776411
523,13.8002668130,15.5522749025,7.9982774887,15.5522749025,6.8358776411
524,13.8002668130,15.5522749025,7.9982774887,15.5522749025,6.8358776411
525,13.8002668130,15.5522749025,7.9982774887,15.5522749025,6.8358776411
526,13.8002668130,15.5522749025,7.9982774887,15.5522749025,6.8358776411
527,13.8002668130,15.5522749025,7.9982774887,15.5522749025,6.8358776411
528,13.8002668130,15.5522749025,7.9982774887,15.5522749025,6.8358776411
529,13.8002668130,15.5522749025,7.9982774887,15.5522749025,6.8358776411
530,13.8002668130,15.5522749025,7.9982774887,15.5522749025,6.8358776411
531,13.8002668130,15.5522749025,7.9982774887,15.5522749025,6.8358776411
532,13.8002668130,15.5522749025,7.9982774887,15.5522749025,6.8358776411
533,13.8002668130,15.5522749025,7.9982774887,15.5522749025,6.8358776411
534,13.8002668130,15.5522749025,7.9982774887,15.5522749025,6.8358776411
535,13.8002668130,15.5522749025,7.9982774887,15.5522749025,6.8358776411
536,13.8002668130,15.5522749025,7.9982774887,15.5522749025,6.8358776411
537,13.8002668130,15.5522749025,7.9982774887,15.5522749025,6.8358776411
538,13.8002668130,15.5522749025,7.9982774887,15.5522749025,6.8358776411
539,13.8002668130,15.5522749025,7.9982774887,15.5522749025,6.8358776411
540,13.8002668130,15.5522749025,7.9982774887,15.5522749025,6.8358776411
541,13.8002668130,15.5522749025,7.9982774887,15.5522749025,6.8358776411
542,13.8002668130,15.5522749025,7.9982774887,15.5522749025,6.8358776411
543,13.8002668130,15.5522749025,7.9982774887,15.5522749025,6.8358776411
544,13.8002668130,15.5522749025,7.9982774887,15.5522749025,6.8358776411
545,13.8002668130,15.5522749025,7.9982774887,15.5522749025,6.8358776411
546,13.8002668130,15.5522749025,7.9982774887,15.5522749025,6.8358776411
547,13.8002668130,15.5522749025,7.9982774887,15.5522749025,6.8358776411
548,13.8002668130,15.5522749025,7.9982774887,15.5522749025,6.8358776411
549,13.8002668130,15.5522749025,7.9982774887,15.5522749025,6.8358776411
550,13.8002668130,15.5522749025,7.9982774887,15.5522749025,6.8358776411
551,13.7541532493,15.5003070073,7.9715512606,15.5003070073,6.8130355698
552,13.7541532493,15.5003070073,7.9715512606,15.5003070073,6.8130355698
553,13.7541532493,15.5003070073,7.9715512606,15.5003070073,6.8130355698
554,13.7541532493,15.5003070073,7.9715512606,15.5003070073,6.8130355698
555,13.7541532493,15.5003070073,7.9715512606,15.5003070073,6.8130355698
556,13.7541532493,15.5003070073,7.9715512606,15.5003070073,6.8130355698
557,13.7541532493,15.5003070073,7.9715512606,15.5003070073,6.8130355698
558,13.7541532493,15.5003070073,7.9715512606,15.5003070073,6.8130355698
559,13.7541532493,15.5003070073,7.9715512606,15.5003070073,6.8130355698
560,13.7541532493,15.5003070073,7.9715512606,15.5003070073,6.8130355698
561,13.7541532493,15.5003070073,7.9715512606,15.5003070073,6.8130355698
562,13.7541532493,15.5003070073,7.9715512606,15.5003070073,6.8130355698
563,13.7541532493,15.5003070073,7.9715512606,15.5003070073,6.8130355698
564,13.7541532493,15.5003070073,7.9715512606,15.5003070073,6.8130355698
565,13.7541532493,15.5003070073,7.9715512606,15.5003070073,6.8130355698
566,13.7541532493,15.5003070073,7.9715512606,15.5003070073,6.8130355698
567,13.7541532493,15.5003070073,7.9715512606,15.5003070073,6.8130355698
568,13.7541532493,15.5003070073,7.9715512606,15.5003070073,6.8130355698
569,13.7541532493,15.5003070073,7.9715512606,15.5003070073,6.8130355698
570,13.7541532493,15.5003070073,7.9715512606,15.5003070073,6.8130355698
571,13.7541532493,15.5003070073,7.9715512606,15.5003070073,6.8130355698
572,13.7541532493,15.5003070073,7.9715512606,15.5003070073,6.8130355698
573,13.7541532493,15.5003070073,7.9715512606,15.5003070073,6.8130355698
574,17.2987789873,19.4949394771,10.0259246021,19.4949394771,8.5688442188
575,17.2987789873,19.4949394771,10.0259246021,19.4949394771,8.5688442188
576,17.2987789873,19.4949394771,10.0259246021,19.4949394771,8.5688442188
577,17.2987789873,19.4949394771,10.0259246021,19.4949394771,8.5688442188
578,17.2987789873,19.4949394771,10.0259246021,19.4949394771,8.5688442188
579,17.2987789873,19.4949394771,10.0259246021,19.4949394771,8.5688442188
580,17.2987789873,19.4949394771,10.0259246021,19.4949394771,8.5688442188
581,17.2987789873,19.4949394771,10.0259246021,19.4949394771,8.5688442188
582,17.2987789873,19.4949394771,10.0259246021,19.4949394771,8.5688442188
583,17.2987789873,19.4949394771,10.0259246021,19.4949394771,8.5688442188
584,17.2987789873,19.4949394771,10.0259246021,19.4949394771,8.5688442188
585,17.2987789873,19.4949394771,10.0259246021,19.4949394771,8.5688442188
586,17.2987789873,19.4949394771,10.0259246021,19.4949394771,8.5688442188
587,17.2987789873,19.4949394771,10.0259246021,19.4949394771,8.5688442188
588,17.2987789873,19.4949394771,10.0259246021,19.4949394771,8.5688442188
589,17.2987789873,19.4949394771,10.0259246021,19.4949394771,8.5688442188
590,17.2987789873,19.4949394771,10.0259246021,19.4949394771,8.5688442188
591,18.4731829868,20.8184395293,10.7065787662,20.8184395293,9.1505780468
592,18.4731829868,20.8184395293,10.7065787662,20.8184395293,9.1505780468
593,18.4731829868,20.8184395293,10.7065787662,20.8184395293,9.1505780468
594,18.4731829868,20.8184395293,10.7065787662,20.8184395293,9.1505780468
595,18.4731829868,20.8184395293,10.7065787662,20.8184395293,9.1505780468
596,18.4731829868,20.8184395293,10.7065787662,20.8184395293,9.1505780468
597,18.4731829868,20.8184395293,10.7065787662,20.8184395293,9.1505780468
598,18.4731829868,20.8184395293,10.7065787662,20.8184395293,9.1505780468
599,18.4731829868,20.8184395293,10.7065787662,20.8184395293,9.1505780468
600,18.4731829868,20.8184395293,10.7065787662,20.8184395293,9.1505780468
601,18.4731829868,20.8184395293,10.7065787662,20.8184395293,9.1505780468
602,18.4731829868,20.8184395293,10.7065787662,20.8184395293,9.1505780468
603,19.4931429219,21.9678881244,11.2977211476,21.9678881244,9.6558089536
604,19.4931429219,21.9678881244,11.2977211476,21.9678881244,9.6558089536
605,19.4931429219,21.9678881244,11.2977211476,21.9678881244,9.6558089536
606,19.4931429219,21.9678881244,11.2977211476,21.9678881244,9.6558089536
607,19.4931429219,21.9678881244,11.2977211476,21.9678881244,9.6558089536
608,19.4931429219,21.9678881244,11.2977211476,21.9678881244,9.6558089536
609,19.4931429219,21.9678881244,11.2977211476,21.9678881244,9.6558089536
610,19.4931429219,21.9678881244,11.2977211476,21.9678881244,9.6558089536
611,19.4931429219,21.9678881244,11.2977211476,21.9678881244,9.6558089536
612,19.4931429219,21.9678881244,11.2977211476,21.9678881244,9.6558089536
613,19.4931429219,21.9678881244,11.2977211476,21.9678881244,9.6558089536
614,19.4931429219,21.9678881244,11.2977211476,21.9678881244,9.6558089536
615,19.4931429219,21.9678881244,11.2977211476,21.9678881244,9.6558089536
616,19.4931429219,21.9678881244,11.2977211476,21.9678881244,9.6558089536
617,19.4931429219,21.9678881244,11.2977211476,21.9678881244,9.6558089536
618,19.4931429219,21.9678881244,11.2977211476,21.9678881244,9.6558089536
619,19.4931429219,21.9678881244,11.2977211476,21.9678881244,9.6558089536
620,19.4931429219,21.9678881244,11.2977211476,21.9678881244,9.6558089536
621,19.4931429219,21.9678881244,11.2977211476,21.9678881244,9.6558089536
622,19.4931429219,21.9678881244,11.2977211476,21.9678881244,9.6558089536
623,19.4931429219,21.9678881244,11.2977211476,21.9678881244,9.6558089536
624,19.4931429219,21.9678881244,11.2977211476,21.9678881244,9.6558089536
625,17.7919836214,20.0507587346,10.3117732437,20.0507587346,8.8131501134
626,17.7919836214,20.0507587346,10.3117732437,20.0507587346,8.8131501134
627,17.7919836214,20.0507587346,10.3117732437,20.0507587346,8.8131501134
628,17.7919836214,20.0507587346,10.3117732437,20.0507587346,8.8131501134
629,17.7919836214,20.0507587346,10.3117732437,20.0507587346,8.8131501134
630,17.7919836214,20.0507587346,10.3117732437,20.0507587346,8.8131501134
631,17.7919836214,20.0507587346,10.3117732437,20.0507587346,8.8131501134
632,17.7919836214,20.0507587346,10.3117732437,20.0507587346,8.8131501134
633,17.7919836214,20.0507587346,10.3117732437,20.0507587346,8.8131501134
634,17.7919836214,20.0507587346,10.3117732437,20.0507587346,8.8131501134
635,17.7919836214,20.0507587346,10.3117732437,20.0507587346,8.8131501134
636,17.7919836214,20.0507587346,10.3117732437,20.0507587346,8.8131501134
637,17.2062627377,19.3906778591,9.9723045782,19.3906778591,8.5230168611
638,17.2062627377,19.3906778591,9.9723045782,19.3906778591,8.5230168611
639,17.2062627377,19.3906778591,9.9723045782,19.3906778591,8.5230168611
640,17.2062627377,19.3906778591,9.9723045782,19.3906778591,8.5230168611
641,17.2062627377,19.3906778591,9.9723045782,19.3906778591,8.5230168611
642,17.2062627377,19.3906778591,9.9723045782,19.3906778591,8.5230168611
643,17.2062627377,19.3906778591,9.9723045782,19.3906778591,8.5230168611
644,17.2062627377,19.3906778591,9.9723045782,19.3906778591,8.5230168611
645,17.2062627377,19.3906778591,9.9723045782,19.3906778591,8.5230168611
646,17.2062627377,19.3906778591,9.9723045782,19.3906778591,8.5230168611
647,17.2062627377,19.3906778591,9.9723045782,19.3906778591,8.5230168611
648,17.2062627377,19.3906778591,9.9723045782,19.3906778591,8.5230168611
649,17.2062627377,19.3906778591,9.9723045782,19.3906778591,8.5230168611
650,17.2062627377,19.3906778591,9.9723045782,19.3906778591,8.5230168611
651,17.2062627377,19.3906778591,9.9723045782,19.3906778591,8.5230168611
652,17.2062627377,19.3906778591,9.9723045782,19.3906778591,8.5230168611
653,17.2062627377,19.3906778591,9.9723045782,19.3906778591,8.5230168611
654,109.2419101745,123.1106790129,63.3137839153,123.1106790129,54.1123111135
655,109.2419101745,123.1106790129,63.3137839153,123.1106790129,54.1123111135
656,109.2419101745,123.1106790129,63.3137839153,123.1106790129,54.1123111135
657,109.2419101745,123.1106790129,63.3137839153,123.1106790129,54.1123111135
658,109.2419101745,123.1106790129,63.3137839153,123.1106790129,54.1123111135
659,109.2419101745,123.1106790129,63.3137839153,123.1106790129,54.1123111135
660,109.2419101745,123.1106790129,63.3137839153,123.1106790129,54.1123111135
661,109.2419101745,123.1106790129,63.3137839153,123.1106790129,54.1123111135
662,109.2419101745,123.1106790129,63.3137839153,123.1106790129,54.1123111135
663,109.2419101745,123.1106790129,63.3137839153,123.1106790129,54.1123111135
664,109.2419101745,123.1106790129,63.3137839153,123.1106790129,54.1123111135
665,109.2419101745,123.1106790129,63.3137839153,123.1106790129,54.1123111135
666,109.2419101745,123.1106790129,63.3137839153,123.1106790129,54.1123111135
667,109.2419101745,123.1106790129,63.3137839153,123.1106790129,54.1123111135
668,109.2419101745,123.1106790129,63.3137839153,123.1106790129,54.1123111135
669,109.2419101745,123.1106790129,63.3137839153,123.1106790129,54.1123111135
670,109.2419101745,123.1106790129,63.3137839153,123.1106790129,54.1123111135
671,109.2419101745,123.1106790129,63.3137839153,123.1106790129,54.1123111135
672,109.2419101745,123.1106790129,63.3137839153,123.1106790129,54.1123111135
673,109.2419101745,123.1106790129,63.3137839153,123.1106790129,54.1123111135
674,109.2419101745,123.1106790129,63.3137839153,123.1106790129,54.1123111135
675,109.2419101745,123.1106790129,63.3137839153,123.1106790129,54.1123111135
676,109.2419101745,123.1106790129,63.3137839153,123.1106790129,54.1123111135
677,109.2419101745,123.1106790129,63.3137839153,123.1106790129,54.1123111135
678,109.2419101745,123.1106790129,63.3137839153,123.1106790129,54.1123111135
679,109.2419101745,123.1106790129,63.3137839153,123.1106790129,54.1123111135
680,109.2419101745,123.1106790129,63.3137839153,123.1106790129,54.1123111135
681,127.1296480827,143.2693484865,73.6810538655,143.2693484865,62.9728925264
682,127.1296480827,143.2693484865,73.6810538655,143.2693484865,62.9728925264
683,127.1296480827,143.2693484865,73.6810538655,143.2693484865,62.9728925264
684,127.1296480827,143.2693484865,73.6810538655,143.2693484865,62.9728925264
685,127.1296480827,143.2693484865,73.6810538655,143.2693484865,62.9728925264
686,127.1296480827,143.2693484865,73.6810538655,143.2693484865,62.9728925264
687,127.1296480827,143.2693484865,73.6810538655,143.2693484865,62.9728925264
688,127.1296480827,143.2693484865,73.6810538655,143.2693484865,62.9728925264
689,127.1296480827,143.2693484865,73.6810538655,143.2693484865,62.9728925264
690,127.1296480827,143.2693484865,73.6810538655,143.2693484865,62.9728925264
691,127.1296480827,143.2693484865,73.6810538655,143.2693484865,62.9728925264
692,127.1296480827,143.2693484865,73.6810538655,143.2693484865,62.9728925264
693,127.1296480827,143.2693484865,73.6810538655,143.2693484865,62.9728925264
694,127.1296480827,143.2693484865,73.6810538655,143.2693484865,62.9728925264
695,127.1296480827,143.2693484865,73.6810538655,143.2693484865,62.9728925264
696,127.1296480827,143.2693484865,73.6810538655,143.2693484865,62.9728925264
697,127.1296480827,143.2693484865,73.6810538655,143.2693484865,62.9728925264
698,127.1296480827,143.2693484865,73.6810538655,143.2693484865,62.9728925264
699,127.1296480827,143.2693484865,73.6810538655,143.2693484865,62.9728925264
700,127.1296480827,143.2693484865,73.6810538655,143.2693484865,62.9728925264
701,127.1296480827,143.2693484865,73.6810538655,143.2693484865,62.9728925264
702,127.1296480827,143.2693484865,73.6810538655,143.2693484865,62.9728925264
703,127.1296480827,143.2693484865,73.6810538655,143.2693484865,62.9728925264
704,127.1296480827,143.2693484865,73.6810538655,143.2693484865,62.9728925264
705,127.1296480827,143.2693484865,73.6810538655,143.2693484865,62.9728925264
706,127.1296480827,143.2693484865,73.6810538655,143.2693484865,62.9728925264
707,127.1296480827,143.2693484865,73.6810538655,143.2693484865,62.9728925264
708,127.1296480827,143.2693484865,73.6810538655,143.2693484865,62.9728925264
709,127.1296480827,143.2693484865,73.6810538655,143.2693484865,62.9728925264
710,142.5939750865,160.6969437645,82.6437775742,160.6969437645,70.6330521909
711,142.5939750865,160.6969437645,82.6437775742,160.6969437645,70.6330521909
712,142.5939750865,160.6969437645,82.6437775742,160.6969437645,70.6330521909
713,142.5939750865,160.6969437645,82.6437775742,160.6969437645,70.6330521909
714,142.5939750865,160.6969437645,82.6437775742,160.6969437645,70.6330521909
715,142.5939750865,160.6969437645,82.6437775742,160.6969437645,70.6330521909
716,142.5939750865,160.6969437645,82.6437775742,160.6969437645,70.6330521909
717,142.5939750865,160.6969437645,82.6437775742,160.6969437645,70.6330521909
718,142.5939750865,160.6969437645,82.6437775742,160.6969437645,70.6330521909
719,142.5939750865,160.6969437645,82.6437775742,160.6969437645,70.6330521909
720,142.5939750865,160.6969437645,82.6437775742,160.6969437645,70.6330521909
721,142.5939750865,160.6969437645,82.6437775742,160.6969437645,70.6330521909
722,142.5939750865,160.6969437645,82.6437775742,160.6969437645,70.6330521909
723,142.5939750865,160.6969437645,82.6437775742,160.6969437645,70.6330521909
724,142.5939750865,160.6969437645,82.6437775742,160.6969437645,70.6330521909
725,142.5939750865,160.6969437645,82.6437775742,160.6969437645,70.6330521909
726,142.5939750865,160.6969437645,82.6437775742,160.6969437645,70.6330521909
727,142.5939750865,160.6969437645,82.6437775742,160.6969437645,70.6330521909
728,142.5939750865,160.6969437645,82.6437775742,160.6969437645,70.6330521909
729,142.5939750865,160.6969437645,82.6437775742,160.6969437645,70.6330521909
730,142.5939750865,160.6969437645,82.6437775742,160.6969437645,70.6330521909
731,142.5939750865,160.6969437645,82.6437775742,160.6969437645,70.6330521909
732,149.8591989700,168.8845216277,86.8545133104,168.8845216277,74.2318363431
733,149.8591989700,168.8845216277,86.8545133104,168.8845216277,74.2318363431
734,149.8591989700,168.8845216277,86.8545133104,168.8845216277,74.2318363431
735,149.8591989700,168.8845216277,86.8545133104,168.8845216277,74.2318363431
736,149.8591989700,168.8845216277,86.8545133104,168.8845216277,74.2318363431
737,149.8591989700,168.8845216277,86.8545133104,168.8845216277,74.2318363431
738,149.8591989700,168.8845216277,86.8545133104,168.8845216277,74.2318363431
739,149.8591989700,168.8845216277,86.8545133104,168.8845216277,74.2318363431
740,149.8591989700,168.8845216277,86.8545133104,168.8845216277,74.2318363431
741,149.8591989700,168.8845216277,86.8545133104,168.8845216277,74.2318363431
742,149.8591989700,168.8845216277,86.8545133104,168.8845216277,74.2318363431
743,149.8591989700,168.8845216277,86.8545133104,168.8845216277,74.2318363431
744,149.8591989700,168.8845216277,86.8545133104,168.8845216277,74.2318363431
745,149.8591989700,168.8845216277,86.8545133104,168.8845216277,74.2318363431
746,141.5483305374,159.5185497741,82.0377490552,159.5185497741,70.1150985679
747,141.5483305374,159.5185497741,82.0377490552,159.5185497741,70.1150985679
748,141.5483305374,159.5185497741,82.0377490552,159.5185497741,70.1150985679
749,141.5483305374,159.5185497741,82.0377490552,159.5185497741,70.1150985679
750,141.5483305374,159.5185497741,82.0377490552,159.5185497741,70.1150985679
751,141.5483305374,159.5185497741,82.0377490552,159.5185497741,70.1150985679
752,141.5483305374,159.5185497741,82.0377490552,159.5185497741,70.1150985679
753,141.5483305374,159.5185497741,82.0377490552,159.5185497741,70.1150985679
754,141.5483305374,159.5185497741,82.0377490552,159.5185497741,70.1150985679
755,141.5483305374,159.5185497741,82.0377490552,159.5185497741,70.1150985679
756,141.5483305374,159.5185497741,82.0377490552,159.5185497741,70.1150985679
757,141.5483305374,159.5185497741,82.0377490552,159.5185497741,70.1150985679
758,141.5483305374,159.5185497741,82.0377490552,159.5185497741,70.1150985679
759,141.5483305374,159.5185497741,82.0377490552,159.5185497741,70.1150985679
760,141.5483305374,159.5185497741,82.0377490552,159.5185497741,70.1150985679
761,141.5483305374,159.5185497741,82.0377490552,159.5185497741,70.1150985679
762,141.5483305374,159.5185497741,82.0377490552,159.5185497741,70.1150985679
763,141.5483305374,159.5185497741,82.0377490552,159.5185497741,70.1150985679
764,141.5483305374,159.5185497741,82.0377490552,159.5185497741,70.1150985679
765,141.5483305374,159.5185497741,82.0377490552,159.5185497741,70.1150985679
766,141.5483305374,159.5185497741,82.0377490552,159.5185497741,60.3956177568
767,141.5483305374,159.5185497741,82.0377490552,159.5185497741,60.3956177568
768,141.5483305374,159.5185497741,82.0377490552,159.5185497741,60.3956177568
769,141.5483305374,159.5185497741,82.0377490552,159.5185497741,60.3956177568
770,141.5483305374,159.5185497741,82.0377490552,159.5185497741,60.3956177568
771,141.5483305374,159.5185497741,82.0377490552,159.5185497741,60.3956177568
772,141.5483305374,159.5185497741,82.0377490552,159.5185497741,60.3956177568
773,141.5483305374,159.5185497741,82.0377490552,159.5185497741,60.3956177568
774,141.5483305374,159.5185497741,82.0377490552,159.5185497741,60.3956177568
775,141.5483305374,159.5185497741,82.0377490552,159.5185497741,60.3956177568
776,141.5483305374,159.5185497741,82.0377490552,159.5185497741,60.3956177568
777,176.9178473206,199.3783913000,102.5370056064,199.3783913000,60.3956177568
778,176.9178473206,199.3783913000,102.5370056064,199.3783913000,60.3956177568
779,176.9178473206,199.3783913000,102.5370056064,199.3783913000,60.3956177568
780,176.9178473206,199.3783913000,102.5370056064,199.3783913000,60.3956177568
781,176.9178473206,199.3783913000,102.5370056064,199.3783913000,65.9201781408
782,176.9178473206,199.3783913000,102.5370056064,199.3783913000,65.9201781408
783,176.9178473206,199.3783913000,102.5370056064,199.3783913000,65.9201781408
784,176.9178473206,199.3783913000,102.5370056064,199.3783913000,65.9201781408
785,176.9178473206,199.3783913000,102.5370056064,199.3783913000,65.9201781408
786,176.9178473206,199.3783913000,102.5370056064,199.3783913000,65.9201781408
787,176.9178473206,199.3783913000,102.5370056064,199.3783913000,65.9201781408
788,176.9178473206,199.3783913000,102.5370056064,199.3783913000,65.9201781408
789,176.9178473206,199.3783913000,102.5370056064,199.3783913000,65.9201781408
790,176.9178473206,199.3783913000,102.5370056064,199.3783913000,65.9201781408
791,176.9178473206,199.3783913000,102.5370056064,199.3783913000,65.9201781408
792,176.9178473206,199.3783913000,102.5370056064,199.3783913000,65.9201781408
793,176.9178473206,199.3783913000,102.5370056064,199.3783913000,65.9201781408
794,176.9178473206,199.3783913000,102.5370056064,199.3783913000,65.9201781408
795,176.9178473206,199.3783913000,102.5370056064,199.3783913000,65.9201781408
796,176.9178473206,199.3783913000,102.5370056064,199.3783913000,65.9201781408
797,172.4168398407,194.3059599757,99.9283381588,194.3059599757,64.2430877885
798,172.4168398407,194.3059599757,99.9283381588,194.3059599757,64.2430877885
799,172.4168398407,194.3059599757,99.9283381588,194.3059599757,64.2430877885
800,172.4168398407,194.3059599757,99.9283381588,194.3059599757,64.2430877885
801,172.4168398407,194.3059599757,99.9283381588,194.3059599757,64.2430877885
802,172.4168398407,194.3059599757,99.9283381588,194.3059599757,64.2430877885
803,172.4168398407,194.3059599757,99.9283381588,194.3059599757,64.2430877885
804,172.4168398407,194.3059599757,99.9283381588,194.3059599757,64.2430877885
805,172.4168398407,194.3059599757,99.9283381588,194.3059599757,64.2430877885
806,172.4168398407,194.3059599757,99.9283381588,194.3059599757,64.2430877885
807,172.4168398407,194.3059599757,99.9283381588,194.3059599757,64.2430877885
808,172.4168398407,194.3059599757,99.9283381588,194.3059599757,64.2430877885
809,172.4168398407,194.3059599757,99.9283381588,194.3059599757,64.2430877885
810,172.4168398407,194.3059599757,99.9283381588,194.3059599757,64.2430877885
811,172.4168398407,194.3059599757,99.9283381588,194.3059599757,64.2430877885
812,172.4168398407,194.3059599757,99.9283381588,194.3059599757,64.2430877885
813,195.0684011901,219.8332424442,113.0565968859,219.8332424442,72.6831348608
814,195.0684011901,219.8332424442,113.0565968859,219.8332424442,72.6831348608
815,195.0684011901,219.8332424442,113.0565968859,219.8332424442,72.6831348608
816,195.0684011901,219.8332424442,113.0565968859,219.8332424442,72.6831348608
817,195.0684011901,219.8332424442,113.0565968859,219.8332424442,72.6831348608
818,195.0684011901,219.8332424442,113.0565968859,219.8332424442,72.6831348608
819,195.0684011901,219.8332424442,113.0565968859,219.8332424442,72.6831348608
820,195.0684011901,219.8332424442,113.0565968859,219.8332424442,72.6831348608
821,195.0684011901,219.8332424442,113.0565968859,219.8332424442,72.6831348608
822,195.0684011901,219.8332424442,113.0565968859,219.8332424442,72.6831348608
823,195.0684011901,219.8332424442,113.0565968859,219.8332424442,72.6831348608
824,195.0684011901,219.8332424442,113.0565968859,219.8332424442,72.6831348608
825,195.0684011901,219.8332424442,113.0565968859,219.8332424442,72.6831348608
826,195.0684011901,219.8332424442,113.0565968859,219.8332424442,72.6831348608
827,202.5556204229,228.2709989994,117.3959953812,228.2709989994,75.4728976410
828,202.5556204229,228.2709989994,117.3959953812,228.2709989994,75.4728976410
829,202.5556204229,228.2709989994,117.3959953812,228.2709989994,75.4728976410
830,202.5556204229,228.2709989994,117.3959953812,228.2709989994,75.4728976410
831,202.5556204229,228.2709989994,117.3959953812,228.2709989994,75.4728976410
832,202.5556204229,228.2709989994,117.3959953812,228.2709989994,75.4728976410
833,202.5556204229,228.2709989994,117.3959953812,228.2709989994,75.4728976410
834,202.5556204229,228.2709989994,117.3959953812,228.2709989994,75.4728976410
835,202.5556204229,228.2709989994,117.3959953812,228.2709989994,75.4728976410
836,202.5556204229,228.2709989994,117.3959953812,228.2709989994,75.4728976410
837,202.5556204229,228.2709989994,117.3959953812,228.2709989994,75.4728976410
838,202.5556204229,228.2709989994,117.3959953812,228.2709989994,75.4728976410
839,202.5556204229,228.2709989994,117.3959953812,228.2709989994,75.4728976410
840,202.5556204229,228.2709989994,117.3959953812,228.2709989994,75.4728976410
841,202.5556204229,228.2709989994,117.3959953812,228.2709989994,75.4728976410
842,202.5556204229,228.2709989994,117.3959953812,228.2709989994,75.4728976410
843,202.5556204229,228.2709989994,117.3959953812,228.2709989994,75.4728976410
844,202.5556204229,228.2709989994,102.8271147597,228.2709989994,75.4728976410
845,202.5556204229,228.2709989994,102.8271147597,228.2709989994,75.4728976410
846,202.5556204229,228.2709989994,102.8271147597,228.2709989994,75.4728976410
847,202.5556204229,228.2709989994,102.8271147597,228.2709989994,75.4728976410
848,202.5556204229,228.2709989994,102.8271147597,228.2709989994,75.4728976410
849,202.5556204229,228.2709989994,102.8271147597,228.2709989994,75.4728976410
850,202.5556204229,228.2709989994,102.8271147597,228.2709989994,75.4728976410
851,217.7393423620,245.3823650939,102.8271147597,245.3823650939,81.1304029194
852,217.7393423620,245.3823650939,102.8271147597,245.3823650939,81.1304029194
853,217.7393423620,245.3823650939,102.8271147597,245.3823650939,81.1304029194
854,217.7393423620,245.3823650939,102.8271147597,245.3823650939,81.1304029194
855,217.7393423620,245.3823650939,89.8236190994,245.3823650939,81.1304029194
856,217.7393423620,245.3823650939,89.8236190994,245.3823650939,81.1304029194
857,217.7393423620,245.3823650939,89.8236190994,245.3823650939,81.1304029194
858,217.7393423620,245.3823650939,89.8236190994,245.3823650939,81.1304029194
859,217.7393423620,245.3823650939,89.8236190994,245.3823650939,81.1304029194
860,217.7393423620,245.3823650939,89.8236190994,245.3823650939,81.1304029194
861,217.7393423620,245.3823650939,89.8236190994,245.3823650939,81.1304029194
862,217.7393423620,245.3823650939,89.8236190994,245.3823650939,81.1304029194
863,217.7393423620,245.3823650939,89.8236190994,245.3823650939,81.1304029194
864,217.7393423620,245.3823650939,89.8236190994,245.3823650939,81.1304029194
865,217.7393423620,245.3823650939,89.8236190994,245.3823650939,81.1304029194
866,217.7393423620,245.3823650939,89.8236190994,245.3823650939,81.1304029194
867,217.7393423620,245.3823650939,89.8236190994,245.3823650939,81.1304029194
868,217.7393423620,245.3823650939,89.8236190994,245.3823650939,81.1304029194
869,217.7393423620,245.3823650939,89.8236190994,245.3823650939,81.1304029194
870,217.7393423620,245.3823650939,89.8236190994,245.3823650939,81.1304029194
871,217.7393423620,245.3823650939,89.8236190994,245.3823650939,81.1304029194
872,217.7393423620,245.3823650939,89.8236190994,245.3823650939,81.1304029194
873,217.7393423620,245.3823650939,89.8236190994,245.3823650939,81.1304029194
874,217.7393423620,245.3823650939,89.8236190994,245.3823650939,81.1304029194
875,217.7393423620,245.3823650939,89.8236190994,245.3823650939,81.1304029194
876,217.7393423620,245.3823650939,89.8236190994,245.3823650939,81.1304029194
877,217.7393423620,245.3823650939,89.8236190994,245.3823650939,81.1304029194
878,217.7393423620,245.3823650939,89.8236190994,245.3823650939,81.1304029194
879,217.7393423620,245.3823650939,89.8236190994,245.3823650939,81.1304029194
880,217.7393423620,245.3823650939,89.8236190994,245.3823650939,81.1304029194
881,217.7393423620,245.3823650939,89.8236190994,245.3823650939,81.1304029194
882,217.7393423620,245.3823650939,89.8236190994,245.3823650939,81.1304029194
883,217.7393423620,245.3823650939,89.8236190994,245.3823650939,81.1304029194
884,217.7393423620,245.3823650939,89.8236190994,245.3823650939,81.1304029194
885,217.7393423620,245.3823650939,89.8236190994,245.3823650939,81.1304029194
886,217.7393423620,245.3823650939,89.8236190994,245.3823650939,81.1304029194
887,217.7393423620,245.3823650939,89.8236190994,245.3823650939,81.1304029194
888,217.7393423620,245.3823650939,89.8236190994,245.3823650939,81.1304029194
889,217.7393423620,245.3823650939,89.8236190994,245.3823650939,81.1304029194
890,217.7393423620,245.3823650939,89.8236190994,245.3823650939,76.4389991790
891,345.1571797442,388.9764898526,142.3870702761,388.9764898526,76.4389991790
892,345.1571797442,388.9764898526,142.3870702761,388.9764898526,76.4389991790
893,345.1571797442,388.9764898526,142.3870702761,388.9764898526,76.4389991790
894,345.1571797442,388.9764898526,142.3870702761,388.9764898526,76.4389991790
895,345.1571797442,388.9764898526,142.3870702761,388.9764898526,76.4389991790
896,345.1571797442,388.9764898526,142.3870702761,388.9764898526,76.4389991790
897,345.1571797442,388.9764898526,142.3870702761,388.9764898526,76.4389991790
898,345.1571797442,388.9764898526,142.3870702761,388.9764898526,76.4389991790
899,345.1571797442,388.9764898526,142.3870702761,388.9764898526,76.4389991790
900,345.1571797442,388.9764898526,142.3870702761,388.9764898526,76.4389991790
901,345.1571797442,388.9764898526,142.3870702761,388.9764898526,76.4389991790
902,345.1571797442,388.9764898526,142.3870702761,388.9764898526,76.4389991790
903,345.1571797442,388.9764898526,142.3870702761,388.9764898526,76.4389991790
904,345.1571797442,388.9764898526,142.3870702761,388.9764898526,76.4389991790
905,329.0561588153,370.8313693930,135.7449450848,370.8313693930,72.8732442193
906,329.0561588153,370.8313693930,135.7449450848,370.8313693930,72.8732442193
907,329.0561588153,370.8313693930,135.7449450848,370.8313693930,72.8732442193
908,329.0561588153,370.8313693930,135.7449450848,370.8313693930,72.8732442193
909,329.0561588153,370.8313693930,135.7449450848,370.8313693930,72.8732442193
910,329.0561588153,370.8313693930,135.7449450848,370.8313693930,72.8732442193
911,329.0561588153,370.8313693930,135.7449450848,370.8313693930,72.8732442193
912,329.0561588153,370.8313693930,135.7449450848,370.8313693930,72.8732442193
913,329.0561588153,370.8313693930,135.7449450848,370.8313693930,72.8732442193
914,329.0561588153,370.8313693930,135.7449450848,370.8313693930,72.8732442193
915,329.0561588153,370.8313693930,135.7449450848,370.8313693930,72.8732442193
916,329.0561588153,370.8313693930,135.7449450848,370.8313693930,72.8732442193
917,329.0561588153,370.8313693930,135.7449450848,370.8313693930,72.8732442193
918,329.0561588153,370.8313693930,135.7449450848,370.8313693930,72.8732442193
919,329.0561588153,370.8313693930,135.7449450848,370.8313693930,72.8732442193
920,329.0561588153,370.8313693930,135.7449450848,370.8313693930,72.8732442193
921,363.9203518183,410.1217339333,150.1274078889,410.1217339333,80.5943179119
922,363.9203518183,410.1217339333,150.1274078889,410.1217339333,80.5943179119
923,363.9203518183,410.1217339333,150.1274078889,410.1217339333,80.5943179119
924,363.9203518183,410.1217339333,150.1274078889,410.1217339333,80.5943179119
925,363.9203518183,410.1217339333,150.1274078889,410.1217339333,80.5943179119
926,363.9203518183,410.1217339333,150.1274078889,410.1217339333,80.5943179119
927,363.9203518183,410.1217339333,150.1274078889,410.1217339333,80.5943179119
928,363.9203518183,410.1217339333,150.1274078889,410.1217339333,80.5943179119
929,363.9203518183,410.1217339333,150.1274078889,410.1217339333,80.5943179119
930,363.9203518183,410.1217339333,150.1274078889,410.1217339333,80.5943179119
931,363.9203518183,410.1217339333,150.1274078889,410.1217339333,80.5943179119
932,363.9203518183,410.1217339333,150.1274078889,410.1217339333,80.5943179119
933,363.9203518183,410.1217339333,150.1274078889,410.1217339333,80.5943179119
934,363.9203518183,410.1217339333,150.1274078889,410.1217339333,80.5943179119
935,363.9203518183,410.1217339333,150.1274078889,410.1217339333,80.5943179119
936,363.9203518183,410.1217339333,150.1274078889,410.1217339333,80.5943179119
937,363.9203518183,410.1217339333,150.1274078889,410.1217339333,80.5943179119
938,363.9203518183,410.1217339333,150.1274078889,410.1217339333,80.5943179119
939,363.9203518183,410.1217339333,150.1274078889,410.1217339333,80.5943179119
940,363.9203518183,410.1217339333,150.1274078889,410.1217339333,80.5943179119
941,363.9203518183,410.1217339333,150.1274078889,410.1217339333,80.5943179119
942,363.9203518183,410.1217339333,150.1274078889,410.1217339333,80.5943179119
943,363.9203518183,410.1217339333,311.4112632447,410.1217339333,80.5943179119
944,363.9203518183,410.1217339333,311.4112632447,410.1217339333,80.5943179119
945,435.3472791116,490.6166420215,311.4112632447,490.6166420215,80.5943179119
946,435.3472791116,490.6166420215,311.4112632447,490.6166420215,80.5943179119
947,435.3472791116,490.6166420215,311.4112632447,490.6166420215,80.5943179119
948,435.3472791116,490.6166420215,311.4112632447,490.6166420215,70.6280292041
949,435.3472791116,490.6166420215,311.4112632447,490.6166420215,70.6280292041
950,435.3472791116,490.6166420215,311.4112632447,490.6166420215,70.6280292041
951,435.3472791116,490.6166420215,311.4112632447,490.6166420215,70.6280292041
952,435.3472791116,490.6166420215,311.4112632447,490.6166420215,70.6280292041
953,435.3472791116,490.6166420215,311.4112632447,490.6166420215,70.6280292041
954,435.3472791116,490.6166420215,311.4112632447,490.6166420215,70.6280292041
955,435.3472791116,490.6166420215,311.4112632447,490.6166420215,70.6280292041
956,435.3472791116,490.6166420215,311.4112632447,490.6166420215,70.6280292041
957,435.3472791116,490.6166420215,311.4112632447,490.6166420215,70.6280292041
958,435.3472791116,490.6166420215,311.4112632447,490.6166420215,70.6280292041
959,435.3472791116,490.6166420215,311.4112632447,490.6166420215,70.6280292041
960,435.3472791116,490.6166420215,311.4112632447,490.6166420215,70.6280292041
961,435.3472791116,490.6166420215,311.4112632447,490.6166420215,70.6280292041
962,435.3472791116,490.6166420215,311.4112632447,490.6166420215,70.6280292041
963,435.3472791116,490.6166420215,311.4112632447,490.6166420215,70.6280292041
964,435.3472791116,490.6166420215,311.4112632447,490.6166420215,70.6280292041
965,435.3472791116,490.6166420215,311.4112632447,490.6166420215,70.6280292041
966,435.3472791116,490.6166420215,311.4112632447,490.6166420215,70.6280292041
967,435.3472791116,490.6166420215,311.4112632447,490.6166420215,70.6280292041
968,435.3472791116,490.6166420215,311.4112632447,490.6166420215,70.6280292041
969,435.3472791116,490.6166420215,311.4112632447,490.6166420215,70.6280292041
970,435.3472791116,490.6166420215,311.4112632447,490.6166420215,70.6280292041
971,435.3472791116,490.6166420215,311.4112632447,490.6166420215,70.6280292041
972,435.3472791116,490.6166420215,311.4112632447,490.6166420215,70.6280292041
973,435.3472791116,490.6166420215,311.4112632447,490.6166420215,70.6280292041
974,435.3472791116,490.6166420215,311.4112632447,490.6166420215,70.6280292041
975,435.3472791116,490.6166420215,311.4112632447,490.6166420215,70.6280292041
976,435.3472791116,490.6166420215,311.4112632447,490.6166420215,70.6280292041
977,435.3472791116,490.6166420215,311.4112632447,490.6166420215,70.6280292041
978,435.3472791116,490.6166420215,311.4112632447,490.6166420215,70.6280292041
979,435.3472791116,490.6166420215,311.4112632447,490.6166420215,70.6280292041
980,435.3472791116,490.6166420215,311.4112632447,490.6166420215,70.6280292041
981,435.3472791116,490.6166420215,311.4112632447,490.6166420215,70.6280292041
982,435.3472791116,490.6166420215,311.4112632447,490.6166420215,70.6280292041
983,435.3472791116,490.6166420215,311.4112632447,490.6166420215,70.6280292041
984,435.3472791116,490.6166420215,311.4112632447,490.6166420215,70.6280292041
985,435.3472791116,490.6166420215,311.4112632447,490.6166420215,70.6280292041
986,435.3472791116,490.6166420215,311.4112632447,490.6166420215,70.6280292041
987,435.3472791116,490.6166420215,311.4112632447,490.6166420215,70.6280292041
988,498.1770799001,561.4229783896,356.3544811577,561.4229783896,80.8211444891
989,498.1770799001,561.4229783896,356.3544811577,561.4229783896,80.8211444891
990,498.1770799001,561.4229783896,356.3544811577,561.4229783896,80.8211444891
991,498.1770799001,561.4229783896,356.3544811577,561.4229783896,80.8211444891
992,498.1770799001,561.4229783896,356.3544811577,561.4229783896,80.8211444891
993,498.1770799001,561.4229783896,356.3544811577,561.4229783896,80.8211444891
994,498.1770799001,561.4229783896,356.3544811577,561.4229783896,80.8211444891
995,498.1770799001,561.4229783896,356.3544811577,561.4229783896,80.8211444891
996,498.1770799001,561.4229783896,356.3544811577,561.4229783896,80.8211444891
997,498.1770799001,561.4229783896,356.3544811577,561.4229783896,80.8211444891
998,498.1770799001,561.4229783896,356.3544811577,561.4229783896,80.8211444891
999,498.1770799001,561.4229783896,356.3544811577,561.4229783896,80.8211444891
1000,498.1770799001,561.4229783896,356.3544811577,561.4229783896,80.8211444891
1001,498.1770799001,561.4229783896,356.3544811577,561.4229783896,80.8211444891
1002,591.9553751242,667.1068645764,423.4356799658,667.1068645764,96.0351506207
1003,591.9553751242,667.1068645764,423.4356799658,667.1068645764,96.0351506207
1004,443.6765740069,500.0033796629,317.3693485934,500.0033796629,71.9793220945
1005,443.6765740069,500.0033796629,317.3693485934,500.0033796629,71.9793220945
1006,443.6765740069,500.0033796629,317.3693485934,500.0033796629,71.9793220945
1007,443.6765740069,500.0033796629,317.3693485934,500.0033796629,71.9793220945
1008,443.6765740069,500.0033796629,317.3693485934,500.0033796629,71.9793220945
1009,443.6765740069,500.0033796629,317.3693485934,500.0033796629,71.9793220945
1010,443.6765740069,500.0033796629,317.3693485934,500.0033796629,71.9793220945
1011,443.6765740069,500.0033796629,317.3693485934,500.0033796629,71.9793220945
1012,443.6765740069,500.0033796629,253.6014482101,500.0033796629,71.9793220945
1013,443.6765740069,500.0033796629,253.6014482101,500.0033796629,71.9793220945
1014,443.6765740069,500.0033796629,253.6014482101,500.0033796629,71.9793220945
1015,443.6765740069,500.0033796629,253.6014482101,500.0033796629,71.9793220945
1016,443.6765740069,500.0033796629,253.6014482101,500.0033796629,71.9793220945
1017,443.6765740069,500.0033796629,253.6014482101,500.0033796629,71.9793220945
1018,443.6765740069,500.0033796629,253.6014482101,500.0033796629,71.9793220945
1019,443.6765740069,500.0033796629,253.6014482101,500.0033796629,71.9793220945
1020,541.9993314778,610.8086687257,253.6014482101,610.8086687257,87.9305934571
1021,541.9993314778,610.8086687257,253.6014482101,610.8086687257,87.9305934571
1022,541.9993314778,610.8086687257,253.6014482101,610.8086687257,87.9305934571
1023,541.9993314778,610.8086687257,253.6014482101,610.8086687257,87.9305934571
1024,541.9993314778,610.8086687257,253.6014482101,610.8086687257,87.9305934571
1025,541.9993314778,610.8086687257,253.6014482101,610.8086687257,87.9305934571
1026,541.9993314778,610.8086687257,282.8469151101,610.8086687257,87.9305934571
1027,541.9993314778,610.8086687257,282.8469151101,610.8086687257,87.9305934571
1028,541.9993314778,610.8086687257,282.8469151101,610.8086687257,87.9305934571
1029,541.9993314778,610.8086687257,282.8469151101,610.8086687257,87.9305934571
1030,541.9993314778,610.8086687257,282.8469151101,610.8086687257,87.9305934571
1031,541.9993314778,610.8086687257,282.8469151101,610.8086687257,87.9305934571
1032,541.9993314778,610.8086687257,282.8469151101,610.8086687257,87.9305934571
1033,541.9993314778,610.8086687257,282.8469151101,610.8086687257,87.9305934571
1034,541.9993314778,610.8086687257,282.8469151101,610.8086687257,87.9305934571
1035,541.9993314778,610.8086687257,282.8469151101,610.8086687257,87.9305934571
1036,541.9993314778,610.8086687257,282.8469151101,610.8086687257,87.9305934571
1037,496.3369072896,559.3491873033,282.8469151101,559.3491873033,80.5226063539
1038,496.3369072896,559.3491873033,282.8469151101,559.3491873033,80.5226063539
1039,496.3369072896,559.3491873033,282.8469151101,559.3491873033,80.5226063539
1040,496.3369072896,559.3491873033,477.3429430941,559.3491873033,80.5226063539
1041,496.3369072896,559.3491873033,477.3429430941,559.3491873033,80.5226063539
1042,496.3369072896,559.3491873033,477.3429430941,559.3491873033,80.5226063539
1043,496.3369072896,559.3491873033,477.3429430941,559.3491873033,80.5226063539
1044,496.3369072896,559.3491873033,477.3429430941,559.3491873033,80.5226063539
1045,496.3369072896,559.3491873033,477.3429430941,559.3491873033,80.5226063539
1046,496.3369072896,559.3491873033,477.3429430941,559.3491873033,80.5226063539
1047,496.3369072896,559.3491873033,477.3429430941,559.3491873033,80.5226063539
1048,496.3369072896,559.3491873033,477.3429430941,559.3491873033,80.5226063539
1049,496.3369072896,559.3491873033,477.3429430941,559.3491873033,80.5226063539
1050,496.3369072896,559.3491873033,477.3429430941,559.3491873033,80.5226063539
1051,496.3369072896,559.3491873033,477.3429430941,559.3491873033,80.5226063539
1052,496.3369072896,559.3491873033,477.3429430941,559.3491873033,80.5226063539
1053,515.6444343372,581.1078947543,477.3429430941,581.1078947543,83.6549392054
1054,515.6444343372,581.1078947543,477.3429430941,581.1078947543,83.6549392054
1055,515.6444343372,581.1078947543,612.6889101663,581.1078947543,83.6549392054
1056,515.6444343372,581.1078947543,612.6889101663,581.1078947543,83.6549392054
1057,515.6444343372,581.1078947543,612.6889101663,581.1078947543,83.6549392054
1058,515.6444343372,581.1078947543,612.6889101663,581.1078947543,83.6549392054
1059,515.6444343372,581.1078947543,612.6889101663,581.1078947543,83.6549392054
1060,515.6444343372,581.1078947543,612.6889101663,581.1078947543,83.6549392054
1061,515.6444343372,581.1078947543,612.6889101663,581.1078947543,83.6549392054
1062,515.6444343372,581.1078947543,612.6889101663,581.1078947543,83.6549392054
1063,515.6444343372,581.1078947543,612.6889101663,581.1078947543,83.6549392054
1064,515.6444343372,581.1078947543,612.6889101663,581.1078947543,83.6549392054
1065,515.6444343372,581.1078947543,612.6889101663,581.1078947543,83.6549392054
1066,515.6444343372,581.1078947543,612.6889101663,581.1078947543,83.6549392054
1067,726.4502986901,818.6765445420,612.6889101663,818.6765445420,117.8547687628
1068,726.4502986901,818.6765445420,612.6889101663,818.6765445420,117.8547687628
1069,726.4502986901,818.6765445420,722.5082933657,818.6765445420,117.8547687628
1070,726.4502986901,818.6765445420,722.5082933657,818.6765445420,117.8547687628
1071,726.4502986901,818.6765445420,722.5082933657,818.6765445420,117.8547687628
1072,726.4502986901,818.6765445420,722.5082933657,818.6765445420,117.8547687628
1073,726.4502986901,818.6765445420,722.5082933657,818.6765445420,117.8547687628
1074,726.4502986901,818.6765445420,722.5082933657,818.6765445420,117.8547687628
1075,726.4502986901,818.6765445420,722.5082933657,818.6765445420,117.8547687628
1076,726.4502986901,818.6765445420,722.5082933657,818.6765445420,117.8547687628
1077,726.4502986901,818.6765445420,722.5082933657,818.6765445420,117.8547687628
1078,726.4502986901,818.6765445420,722.5082933657,818.6765445420,117.8547687628
1079,726.4502986901,818.6765445420,722.5082933657,818.6765445420,117.8547687628
1080,726.4502986901,818.6765445420,722.5082933657,818.6765445420,117.8547687628
1081,867.4305313731,977.5548737956,722.5082933657,977.5548737956,140.7265230355
1082,867.4305313731,977.5548737956,722.5082933657,977.5548737956,140.7265230355
1083,867.4305313731,977.5548737956,679.4409465955,977.5548737956,140.7265230355
1084,867.4305313731,977.5548737956,679.4409465955,977.5548737956,140.7265230355
1085,867.4305313731,977.5548737956,679.4409465955,977.5548737956,140.7265230355
1086,867.4305313731,977.5548737956,679.4409465955,977.5548737956,140.7265230355
1087,867.4305313731,977.5548737956,679.4409465955,977.5548737956,140.7265230355
1088,867.4305313731,977.5548737956,679.4409465955,977.5548737956,140.7265230355
1089,867.4305313731,977.5548737956,679.4409465955,977.5548737956,140.7265230355
1090,867.4305313731,977.5548737956,679.4409465955,977.5548737956,140.7265230355
1091,867.4305313731,977.5548737956,679.4409465955,977.5548737956,140.7265230355
1092,867.4305313731,977.5548737956,679.4409465955,977.5548737956,140.7265230355
1093,867.4305313731,977.5548737956,679.4409465955,977.5548737956,140.7265230355
1094,867.4305313731,977.5548737956,679.4409465955,977.5548737956,140.7265230355
1095,867.4305313731,977.5548737956,679.4409465955,977.5548737956,140.7265230355
1096,867.4305313731,977.5548737956,679.4409465955,977.5548737956,140.7265230355
1097,867.4305313731,977.5548737956,679.4409465955,977.5548737956,140.7265230355
1098,867.4305313731,977.5548737956,679.4409465955,977.5548737956,140.7265230355
1099,867.4305313731,977.5548737956,679.4409465955,977.5548737956,140.7265230355
1100,867.4305313731,977.5548737956,679.4409465955,977.5548737956,140.7265230355
1101,867.4305313731,977.5548737956,679.4409465955,977.5548737956,140.7265230355
1102,867.4305313731,977.5548737956,679.4409465955,977.5548737956,140.7265230355
1103,1020.8389431272,1150.4391972861,799.6026802768,1150.4391972861,165.6145476205
1104,1020.8389431272,1150.4391972861,799.6026802768,1150.4391972861,165.6145476205
1105,1020.8389431272,1150.4391972861,799.6026802768,1150.4391972861,165.6145476205
1106,1020.8389431272,1150.4391972861,799.6026802768,1150.4391972861,165.6145476205
1107,1020.8389431272,1150.4391972861,799.6026802768,1150.4391972861,165.6145476205
1108,1020.8389431272,1150.4391972861,799.6026802768,1150.4391972861,165.6145476205
1109,1020.8389431272,1150.4391972861,799.6026802768,1150.4391972861,165.6145476205
1110,1020.8389431272,1150.4391972861,799.6026802768,1150.4391972861,165.6145476205
1111,1020.8389431272,1150.4391972861,799.6026802768,1150.4391972861,165.6145476205
1112,1020.8389431272,1150.4391972861,799.6026802768,1150.4391972861,165.6145476205
1113,1020.8389431272,1150.4391972861,799.6026802768,1150.4391972861,165.6145476205
1114,1020.8389431272,1150.4391972861,799.6026802768,1150.4391972861,165.6145476205
1115,1020.8389431272,1150.4391972861,799.6026802768,1150.4391972861,165.6145476205
1116,1020.8389431272,1150.4391972861,799.6026802768,1150.4391972861,165.6145476205
1117,1030.2629124968,1161.0595834203,806.9842865698,1161.0595834203,167.1434336749
1118,1030.2629124968,1161.0595834203,806.9842865698,1161.0595834203,167.1434336749
1119,1030.2629124968,1161.0595834203,806.9842865698,1161.0595834203,167.1434336749
1120,1030.2629124968,1161.0595834203,806.9842865698,1161.0595834203,167.1434336749
1121,1030.2629124968,1161.0595834203,806.9842865698,1161.0595834203,167.1434336749
1122,1030.2629124968,1161.0595834203,806.9842865698,1161.0595834203,167.1434336749
1123,1030.2629124968,1161.0595834203,806.9842865698,1161.0595834203,167.1434336749
1124,1030.2629124968,1161.0595834203,806.9842865698,1161.0595834203,167.1434336749
1125,1030.2629124968,1161.0595834203,806.9842865698,1161.0595834203,167.1434336749
1126,1030.2629124968,1161.0595834203,806.9842865698,1161.0595834203,167.1434336749
1127,1030.2629124968,1161.0595834203,806.9842865698,1161.0595834203,167.1434336749
1128,1030.2629124968,1161.0595834203,806.9842865698,1161.0595834203,167.1434336749
1129,1030.2629124968,1161.0595834203,806.9842865698,1161.0595834203,167.1434336749
1130,1030.2629124968,1161.0595834203,806.9842865698,1161.0595834203,167.1434336749
1131,1030.2629124968,1161.0595834203,806.9842865698,1161.0595834203,167.1434336749
1132,701.5248967296,790.5867468159,549.4903887459,790.5867468159,167.1434336749
1133,701.5248967296,790.5867468159,549.4903887459,790.5867468159,167.1434336749
1134,701.5248967296,790.5867468159,549.4903887459,790.5867468159,167.1434336749
1135,701.5248967296,790.5867468159,549.4903887459,790.5867468159,167.1434336749
1136,701.5248967296,790.5867468159,549.4903887459,790.5867468159,167.1434336749
1137,701.5248967296,790.5867468159,549.4903887459,790.5867468159,167.1434336749
1138,701.5248967296,790.5867468159,549.4903887459,790.5867468159,167.1434336749
1139,701.5248967296,790.5867468159,549.4903887459,790.5867468159,167.1434336749
1140,701.5248967296,790.5867468159,549.4903887459,790.5867468159,151.3196033371
1141,701.5248967296,790.5867468159,549.4903887459,790.5867468159,151.3196033371
1142,701.5248967296,790.5867468159,549.4903887459,790.5867468159,151.3196033371
1143,701.5248967296,790.5867468159,549.4903887459,790.5867468159,151.3196033371
1144,701.5248967296,790.5867468159,549.4903887459,790.5867468159,151.3196033371
1145,701.5248967296,790.5867468159,549.4903887459,790.5867468159,151.3196033371
1146,701.5248967296,790.5867468159,549.4903887459,790.5867468159,151.3196033371
1147,701.5248967296,790.5867468159,549.4903887459,790.5867468159,151.3196033371
1148,701.5248967296,790.5867468159,549.4903887459,790.5867468159,151.3196033371
1149,701.5248967296,790.5867468159,549.4903887459,790.5867468159,151.3196033371
1150,701.5248967296,790.5867468159,549.4903887459,790.5867468159,151.3196033371
1151,701.5248967296,790.5867468159,549.4903887459,790.5867468159,151.3196033371
1152,701.5248967296,790.5867468159,549.4903887459,790.5867468159,151.3196033371
1153,701.5248967296,790.5867468159,549.4903887459,790.5867468159,151.3196033371
1154,701.5248967296,790.5867468159,549.4903887459,790.5867468159,151.3196033371
1155,701.5248967296,790.5867468159,549.4903887459,790.5867468159,151.3196033371
1156,701.5248967296,790.5867468159,549.4903887459,790.5867468159,151.3196033371
1157,701.5248967296,790.5867468159,549.4903887459,790.5867468159,151.3196033371
1158,701.5248967296,790.5867468159,549.4903887459,790.5867468159,151.3196033371
1159,701.5248967296,790.5867468159,549.4903887459,790.5867468159,151.3196033371
1160,701.5248967296,790.5867468159,549.4903887459,790.5867468159,151.3196033371
1161,867.1169247654,977.2014533697,679.1953048262,977.2014533697,187.0379650302
1162,867.1169247654,977.2014533697,679.1953048262,977.2014533697,187.0379650302
1163,867.1169247654,977.2014533697,679.1953048262,977.2014533697,187.0379650302
1164,867.1169247654,977.2014533697,679.1953048262,977.2014533697,187.0379650302
1165,867.1169247654,977.2014533697,679.1953048262,977.2014533697,187.0379650302
1166,867.1169247654,977.2014533697,679.1953048262,977.2014533697,187.0379650302
1167,867.1169247654,977.2014533697,679.1953048262,977.2014533697,187.0379650302
1168,867.1169247654,977.2014533697,679.1953048262,977.2014533697,187.0379650302
1169,867.1169247654,977.2014533697,679.1953048262,977.2014533697,187.0379650302
1170,867.1169247654,977.2014533697,679.1953048262,977.2014533697,187.0379650302
1171,867.1169247654,977.2014533697,679.1953048262,977.2014533697,187.0379650302
1172,867.1169247654,977.2014533697,679.1953048262,977.2014533697,187.0379650302
1173,867.1169247654,977.2014533697,679.1953048262,977.2014533697,187.0379650302
1174,867.1169247654,977.2014533697,679.1953048262,977.2014533697,187.0379650302
1175,947.8947897875,1068.2344442446,742.4669872141,1068.2344442446,204.4618291732
1176,947.8947897875,1068.2344442446,742.4669872141,1068.2344442446,204.4618291732
1177,947.8947897875,1068.2344442446,742.4669872141,1068.2344442446,204.4618291732
1178,947.8947897875,1068.2344442446,742.4669872141,1068.2344442446,204.4618291732
1179,947.8947897875,1068.2344442446,742.4669872141,1068.2344442446,204.4618291732
1180,947.8947897875,1068.2344442446,742.4669872141,1068.2344442446,204.4618291732
1181,947.8947897875,1068.2344442446,742.4669872141,1068.2344442446,204.4618291732
1182,947.8947897875,1068.2344442446,742.4669872141,1068.2344442446,204.4618291732
1183,947.8947897875,1068.2344442446,742.4669872141,1068.2344442446,204.4618291732
1184,947.8947897875,1068.2344442446,742.4669872141,1068.2344442446,204.4618291732
1185,947.8947897875,1068.2344442446,742.4669872141,1068.2344442446,204.4618291732
1186,947.8947897875,1068.2344442446,742.4669872141,1068.2344442446,204.4618291732
1187,947.8947897875,1068.2344442446,742.4669872141,1068.2344442446,204.4618291732
1188,947.8947897875,1068.2344442446,742.4669872141,1068.2344442446,204.4618291732
1189,1314.4534860805,1481.3294727608,1029.5850659355,1481.3294727608,283.5288969015
1190,1314.4534860805,1481.3294727608,1029.5850659355,1481.3294727608,283.5288969015
1191,1314.4534860805,1481.3294727608,1029.5850659355,1481.3294727608,283.5288969015
1192,1314.4534860805,1481.3294727608,1029.5850659355,1481.3294727608,283.5288969015
1193,1314.4534860805,1481.3294727608,1029.5850659355,1481.3294727608,283.5288969015
1194,1314.4534860805,1481.3294727608,1029.5850659355,1481.3294727608,283.5288969015
1195,1314.4534860805,1481.3294727608,1029.5850659355,1481.3294727608,283.5288969015
1196,1314.4534860805,1481.3294727608,1029.5850659355,1481.3294727608,283.5288969015
1197,1314.4534860805,1481.3294727608,1029.5850659355,1481.3294727608,283.5288969015
1198,1314.4534860805,1481.3294727608,1029.5850659355,1481.3294727608,283.5288969015
1199,1314.4534860805,1481.3294727608,1029.5850659355,1481.3294727608,283.5288969015
1200,1314.4534860805,1481.3294727608,1029.5850659355,1481.3294727608,283.5288969015
1201,1314.4534860805,1481.3294727608,1029.5850659355,1481.3294727608,283.5288969015
1202,1332.0381481016,1501.1465894533,1043.3587791921,1501.1465894533,283.5288969015
1203,1332.0381481016,1501.1465894533,1043.3587791921,1501.1465894533,283.5288969015
1204,1332.0381481016,1501.1465894533,1043.3587791921,1501.1465894533,283.5288969015
1205,1332.0381481016,1501.1465894533,1043.3587791921,1501.1465894533,283.5288969015
1206,1332.0381481016,1501.1465894533,1043.3587791921,1501.1465894533,283.5288969015
1207,1332.0381481016,1501.1465894533,1043.3587791921,1501.1465894533,283.5288969015
1208,1332.0381481016,1501.1465894533,1043.3587791921,1501.1465894533,283.5288969015
1209,1332.0381481016,1501.1465894533,1043.3587791921,1501.1465894533,283.5288969015
1210,1332.0381481016,1501.1465894533,1043.3587791921,1501.1465894533,278.6131128896
1211,1332.0381481016,1501.1465894533,1043.3587791921,1501.1465894533,278.6131128896
1212,1332.0381481016,1501.1465894533,1043.3587791921,1501.1465894533,278.6131128896
1213,1332.0381481016,1501.1465894533,1043.3587791921,1501.1465894533,278.6131128896
1214,1332.0381481016,1501.1465894533,1043.3587791921,1501.1465894533,278.6131128896
1215,1332.0381481016,1501.1465894533,1043.3587791921,1501.1465894533,278.6131128896
1216,1332.0381481016,1501.1465894533,1043.3587791921,1501.1465894533,278.6131128896
1217,1332.0381481016,1501.1465894533,1043.3587791921,1501.1465894533,278.6131128896
1218,1332.0381481016,1501.1465894533,1043.3587791921,1501.1465894533,278.6131128896
1219,1332.0381481016,1501.1465894533,1043.3587791921,1501.1465894533,278.6131128896
1220,1332.0381481016,1501.1465894533,1043.3587791921,1501.1465894533,278.6131128896
1221,1167.9221442010,1316.1952951670,953.1274393031,1316.1952951670,278.6131128896
1222,1167.9221442010,1316.1952951670,953.1274393031,1316.1952951670,278.6131128896
1223,1167.9221442010,1316.1952951670,953.1274393031,1316.1952951670,278.6131128896
1224,1167.9221442010,1316.1952951670,953.1274393031,1316.1952951670,278.6131128896
1225,1167.9221442010,1316.1952951670,953.1274393031,1316.1952951670,278.6131128896
1226,1167.9221442010,1316.1952951670,953.1274393031,1316.1952951670,278.6131128896
1227,1167.9221442010,1316.1952951670,953.1274393031,1316.1952951670,329.3434720775
1228,1026.2098331585,1156.4919467995,837.4776994532,1156.4919467995,329.3434720775
1229,1026.2098331585,1156.4919467995,837.4776994532,1156.4919467995,329.3434720775
1230,1026.2098331585,1156.4919467995,837.4776994532,1156.4919467995,329.3434720775
1231,1026.2098331585,1156.4919467995,837.4776994532,1156.4919467995,329.3434720775
1232,1026.2098331585,1156.4919467995,837.4776994532,1156.4919467995,329.3434720775
1233,1026.2098331585,1156.4919467995,837.4776994532,1156.4919467995,329.3434720775
1234,1026.2098331585,1156.4919467995,837.4776994532,1156.4919467995,329.3434720775
1235,1026.2098331585,1156.4919467995,837.4776994532,1156.4919467995,329.3434720775
1236,1026.2098331585,1156.4919467995,837.4776994532,1156.4919467995,329.3434720775
1237,1026.2098331585,1156.4919467995,837.4776994532,1156.4919467995,329.3434720775
1238,1026.2098331585,1156.4919467995,837.4776994532,1156.4919467995,329.3434720775
1239,1026.2098331585,1156.4919467995,837.4776994532,1156.4919467995,329.3434720775
1240,1026.2098331585,1156.4919467995,764.8155631269,1156.4919467995,329.3434720775
1241,1026.2098331585,1156.4919467995,764.8155631269,1156.4919467995,281.4958800716
1242,1026.2098331585,1156.4919467995,764.8155631269,1156.4919467995,281.4958800716
1243,795.8621789370,1156.4919467995,764.8155631269,896.9005859845,281.4958800716
1244,795.8621789370,1156.4919467995,764.8155631269,896.9005859845,281.4958800716
1245,795.8621789370,1156.4919467995,764.8155631269,896.9005859845,281.4958800716
1246,795.8621789370,1156.4919467995,764.8155631269,896.9005859845,281.4958800716
1247,795.8621789370,1156.4919467995,764.8155631269,896.9005859845,281.4958800716
1248,795.8621789370,1156.4919467995,764.8155631269,896.9005859845,281.4958800716
1249,795.8621789370,1156.4919467995,764.8155631269,896.9005859845,281.4958800716
1250,795.8621789370,1156.4919467995,764.8155631269,896.9005859845,281.4958800716
1251,795.8621789370,1156.4919467995,764.8155631269,896.9005859845,281.4958800716
1252,795.8621789370,1156.4919467995,764.8155631269,896.9005859845,281.4958800716
1253,795.8621789370,1156.4919467995,764.8155631269,896.9005859845,281.4958800716
1254,795.8621789370,1156.4919467995,764.8155631269,896.9005859845,281.4958800716
1255,795.8621789370,1156.4919467995,764.8155631269,896.9005859845,281.4958800716
1256,795.8621789370,1156.4919467995,764.8155631269,896.9005859845,281.4958800716
1257,795.8621789370,1156.4919467995,764.8155631269,896.9005859845,281.4958800716
1258,795.8621789370,1156.4919467995,764.8155631269,896.9005859845,281.4958800716
1259,795.8621789370,1156.4919467995,764.8155631269,896.9005859845,281.4958800716
1260,795.8621789370,1156.4919467995,764.8155631269,896.9005859845,281.4958800716
1261,795.8621789370,1156.4919467995,764.8155631269,896.9005859845,281.4958800716
1262,795.8621789370,1156.4919467995,764.8155631269,896.9005859845,281.4958800716
1263,795.8621789370,1156.4919467995,764.8155631269,896.9005859845,281.4958800716
1264,795.8621789370,1156.4919467995,764.8155631269,896.9005859845,281.4958800716
1265,795.8621789370,1156.4919467995,764.8155631269,896.9005859845,281.4958800716
1266,795.8621789370,1156.4919467995,764.8155631269,896.9005859845,281.4958800716
1267,795.8621789370,1156.4919467995,764.8155631269,896.9005859845,281.4958800716
1268,795.8621789370,1156.4919467995,764.8155631269,896.9005859845,281.4958800716
1269,795.8621789370,1156.4919467995,764.8155631269,896.9005859845,281.4958800716
1270,795.8621789370,1156.4919467995,764.8155631269,896.9005859845,281.4958800716
1271,795.8621789370,1156.4919467995,764.8155631269,896.9005859845,281.4958800716
1272,795.8621789370,1156.4919467995,764.8155631269,896.9005859845,281.4958800716
1273,795.8621789370,1156.4919467995,764.8155631269,896.9005859845,281.4958800716
1274,795.8621789370,1156.4919467995,764.8155631269,896.9005859845,281.4958800716
1275,795.8621789370,1156.4919467995,764.8155631269,896.9005859845,281.4958800716
1276,1002.6166234087,1456.9332246046,963.5045083521,1129.9034692843,354.6247783226
1277,1002.6166234087,1456.9332246046,963.5045083521,1129.9034692843,354.6247783226
1278,1002.6166234087,1456.9332246046,963.5045083521,1129.9034692843,354.6247783226
1279,1002.6166234087,1456.9332246046,963.5045083521,1129.9034692843,354.6247783226
1280,1002.6166234087,1456.9332246046,963.5045083521,1129.9034692843,354.6247783226
1281,1002.6166234087,1456.9332246046,963.5045083521,1129.9034692843,354.6247783226
1282,1002.6166234087,1456.9332246046,963.5045083521,1129.9034692843,354.6247783226
1283,1002.6166234087,1456.9332246046,963.5045083521,1129.9034692843,354.6247783226
1284,1002.6166234087,1456.9332246046,963.5045083521,1129.9034692843,354.6247783226
1285,1002.6166234087,1456.9332246046,963.5045083521,1129.9034692843,354.6247783226
1286,1002.6166234087,1456.9332246046,963.5045083521,1129.9034692843,354.6247783226
1287,1002.6166234087,1456.9332246046,963.5045083521,1129.9034692843,354.6247783226
1288,1002.6166234087,1456.9332246046,963.5045083521,1129.9034692843,354.6247783226
1289,1002.6166234087,1456.9332246046,963.5045083521,1129.9034692843,354.6247783226
1290,1002.6166234087,1456.9332246046,916.8339140631,1129.9034692843,337.4473297373
1291,1027.1957230447,1492.6498744731,916.8339140631,1157.6029999945,337.4473297373
1292,1027.1957230447,1492.6498744731,916.8339140631,1157.6029999945,337.4473297373
1293,1027.1957230447,1492.6498744731,916.8339140631,1157.6029999945,337.4473297373
1294,1027.1957230447,1492.6498744731,916.8339140631,1157.6029999945,337.4473297373
1295,1027.1957230447,1492.6498744731,916.8339140631,1157.6029999945,337.4473297373
1296,1027.1957230447,1492.6498744731,916.8339140631,1157.6029999945,337.4473297373
1297,1027.1957230447,1492.6498744731,916.8339140631,1157.6029999945,337.4473297373
1298,1027.1957230447,1492.6498744731,916.8339140631,1157.6029999945,337.4473297373
1299,1027.1957230447,1492.6498744731,916.8339140631,1157.6029999945,337.4473297373
1300,1027.1957230447,1492.6498744731,916.8339140631,1157.6029999945,337.4473297373
1301,1027.1957230447,1492.6498744731,916.8339140631,1157.6029999945,337.4473297373
1302,1027.1957230447,1492.6498744731,916.8339140631,1157.6029999945,337.4473297373
1303,1027.1957230447,1492.6498744731,916.8339140631,1157.6029999945,337.4473297373
1304,1027.1957230447,1492.6498744731,916.8339140631,1157.6029999945,337.4473297373
1305,1074.2711898567,1561.0566912571,958.8515972809,1210.6549163773,352.9122408691
1306,1074.2711898567,1561.0566912571,958.8515972809,1210.6549163773,352.9122408691
1307,1074.2711898567,1561.0566912571,958.8515972809,1210.6549163773,352.9122408691
1308,1074.2711898567,1561.0566912571,958.8515972809,1210.6549163773,352.9122408691
1309,1074.2711898567,1561.0566912571,958.8515972809,1210.6549163773,352.9122408691
1310,914.8969303803,1329.4650256526,816.6004928044,1031.0473530349,300.5556966559
1311,914.8969303803,1329.4650256526,816.6004928044,1031.0473530349,300.5556966559
1312,914.8969303803,1329.4650256526,816.6004928044,1031.0473530349,300.5556966559
1313,914.8969303803,1329.4650256526,816.6004928044,1031.0473530349,300.5556966559
1314,914.8969303803,1329.4650256526,816.6004928044,1031.0473530349,300.5556966559
1315,914.8969303803,1329.4650256526,816.6004928044,1031.0473530349,300.5556966559
1316,914.8969303803,1329.4650256526,816.6004928044,1031.0473530349,300.5556966559
1317,914.8969303803,1329.4650256526,816.6004928044,1031.0473530349,300.5556966559
1318,914.8969303803,1329.4650256526,816.6004928044,1031.0473530349,300.5556966559
1319,914.8969303803,1329.4650256526,816.6004928044,1031.0473530349,300.5556966559
1320,914.8969303803,1329.4650256526,816.6004928044,1031.0473530349,300.5556966559
1321,914.8969303803,1329.4650256526,816.6004928044,1031.0473530349,300.5556966559
1322,914.8969303803,1329.4650256526,816.6004928044,1031.0473530349,300.5556966559
1323,914.8969303803,1329.4650256526,816.6004928044,1031.0473530349,300.5556966559
1324,965.0311069219,1402.3165481452,861.3482582748,1087.5462965808,317.0254342366
1325,965.0311069219,1402.3165481452,861.3482582748,1087.5462965808,317.0254342366
1326,965.0311069219,1402.3165481452,861.3482582748,1087.5462965808,317.0254342366
1327,965.0311069219,1402.3165481452,861.3482582748,1087.5462965808,317.0254342366
1328,965.0311069219,1402.3165481452,861.3482582748,1087.5462965808,317.0254342366
1329,965.0311069219,1402.3165481452,861.3482582748,1087.5462965808,317.0254342366
1330,965.0311069219,1402.3165481452,861.3482582748,1087.5462965808,317.0254342366
1331,965.0311069219,1402.3165481452,861.3482582748,1087.5462965808,317.0254342366
1332,965.0311069219,1402.3165481452,861.3482582748,1087.5462965808,317.0254342366
1333,965.0311069219,1402.3165481452,861.3482582748,1087.5462965808,317.0254342366
1334,965.0311069219,1402.3165481452,861.3482582748,1087.5462965808,317.0254342366
1335,965.0311069219,1402.3165481452,861.3482582748,1087.5462965808,317.0254342366
1336,965.0311069219,1402.3165481452,861.3482582748,1087.5462965808,317.0254342366
1337,821.8852232921,1194.3068373979,861.3482582748,926.2273769151,270.0001253202
1338,821.8852232921,1194.3068373979,861.3482582748,926.2273769151,270.0001253202
1339,821.8852232921,1194.3068373979,861.3482582748,926.2273769151,270.0001253202
1340,821.8852232921,1194.3068373979,861.3482582748,926.2273769151,270.0001253202
1341,821.8852232921,1194.3068373979,861.3482582748,926.2273769151,270.0001253202
1342,821.8852232921,1194.3068373979,861.3482582748,926.2273769151,270.0001253202
1343,821.8852232921,1194.3068373979,861.3482582748,926.2273769151,270.0001253202
1344,821.8852232921,1194.3068373979,861.3482582748,926.2273769151,270.0001253202
1345,821.8852232921,1194.3068373979,861.3482582748,926.2273769151,270.0001253202
1346,821.8852232921,1194.3068373979,861.3482582748,926.2273769151,270.0001253202
1347,821.8852232921,1194.3068373979,1076.6355404406,926.2273769151,270.0001253202
1348,821.8852232921,1194.3068373979,1076.6355404406,926.2273769151,270.0001253202
1349,821.8852232921,1194.3068373979,1076.6355404406,926.2273769151,270.0001253202
1350,821.8852232921,1194.3068373979,1076.6355404406,926.2273769151,270.0001253202
1351,821.8852232921,1194.3068373979,1076.6355404406,926.2273769151,270.0001253202
1352,821.8852232921,1194.3068373979,1076.6355404406,926.2273769151,270.0001253202
1353,821.8852232921,1194.3068373979,1076.6355404406,926.2273769151,270.0001253202
1354,870.2343067027,1264.5643858521,1076.6355404406,980.7146014503,285.8834362863
1355,870.2343067027,1264.5643858521,1076.6355404406,980.7146014503,285.8834362863
1356,870.2343067027,1264.5643858521,1076.6355404406,980.7146014503,285.8834362863
1357,870.2343067027,1264.5643858521,1014.1936431927,980.7146014503,285.8834362863
1358,870.2343067027,1264.5643858521,1014.1936431927,980.7146014503,285.8834362863
1359,870.2343067027,1264.5643858521,1014.1936431927,980.7146014503,285.8834362863
1360,870.2343067027,1264.5643858521,1014.1936431927,980.7146014503,285.8834362863
1361,870.2343067027,1264.5643858521,1014.1936431927,980.7146014503,285.8834362863
1362,870.2343067027,1264.5643858521,1014.1936431927,980.7146014503,285.8834362863
1363,870.2343067027,1264.5643858521,1014.1936431927,980.7146014503,285.8834362863
1364,870.2343067027,1264.5643858521,1014.1936431927,980.7146014503,285.8834362863
1365,870.2343067027,1264.5643858521,1014.1936431927,980.7146014503,285.8834362863
1366,870.2343067027,1264.5643858521,1014.1936431927,980.7146014503,285.8834362863
1367,870.2343067027,1264.5643858521,1014.1936431927,980.7146014503,285.8834362863
1368,951.1095142734,1382.0866512978,1014.1936431927,1071.8572929633,312.4520076154
1369,951.1095142734,1382.0866512978,1014.1936431927,1071.8572929633,312.4520076154
1370,951.1095142734,1382.0866512978,1014.1936431927,1071.8572929633,312.4520076154
1371,951.1095142734,1382.0866512978,1095.3003606464,1071.8572929633,312.4520076154
1372,951.1095142734,1382.0866512978,1095.3003606464,1071.8572929633,312.4520076154
1373,951.1095142734,1382.0866512978,1095.3003606464,1071.8572929633,312.4520076154
1374,951.1095142734,1382.0866512978,1095.3003606464,1071.8572929633,312.4520076154
1375,951.1095142734,1382.0866512978,1095.3003606464,1071.8572929633,312.4520076154
1376,951.1095142734,1382.0866512978,1095.3003606464,1071.8572929633,312.4520076154
1377,845.9364760641,1229.2564566630,1095.3003606464,953.3320481456,277.9012787642
1378,845.9364760641,1229.2564566630,1095.3003606464,953.3320481456,277.9012787642
1379,845.9364760641,1229.2564566630,1095.3003606464,953.3320481456,277.9012787642
1380,845.9364760641,1229.2564566630,1095.3003606464,953.3320481456,277.9012787642
1381,845.9364760641,1229.2564566630,1095.3003606464,953.3320481456,277.9012787642
1382,845.9364760641,1229.2564566630,1095.3003606464,953.3320481456,277.9012787642
1383,845.9364760641,1229.2564566630,1095.3003606464,953.3320481456,277.9012787642
1384,845.9364760641,1229.2564566630,1095.3003606464,953.3320481456,277.9012787642
1385,845.9364760641,1229.2564566630,1095.3003606464,953.3320481456,277.9012787642
1386,845.9364760641,1229.2564566630,1165.5012921640,953.3320481456,277.9012787642
1387,845.9364760641,1229.2564566630,1165.5012921640,953.3320481456,277.9012787642
1388,756.1321859967,1098.7590652808,1165.5012921640,852.1266855626,248.3993861819
1389,756.1321859967,1098.7590652808,1165.5012921640,852.1266855626,248.3993861819
1390,756.1321859967,1098.7590652808,1165.5012921640,852.1266855626,248.3993861819
1391,756.1321859967,1098.7590652808,1165.5012921640,852.1266855626,248.3993861819
1392,756.1321859967,1098.7590652808,1165.5012921640,852.1266855626,248.3993861819
1393,756.1321859967,1098.7590652808,1165.5012921640,852.1266855626,248.3993861819
1394,756.1321859967,1098.7590652808,1165.5012921640,852.1266855626,248.3993861819
1395,756.1321859967,1098.7590652808,1165.5012921640,852.1266855626,248.3993861819
1396,756.1321859967,1098.7590652808,1165.5012921640,852.1266855626,248.3993861819
1397,756.1321859967,1098.7590652808,1165.5012921640,852.1266855626,248.3993861819
1398,756.1321859967,1098.7590652808,1165.5012921640,852.1266855626,248.3993861819
1399,756.1321859967,1098.7590652808,1165.5012921640,852.1266855626,248.3993861819
1400,756.1321859967,1098.7590652808,1165.5012921640,852.1266855626,248.3993861819
1401,756.1321859967,1098.7590652808,1165.5012921640,852.1266855626,248.3993861819
1402,756.1321859967,1098.7590652808,1165.5012921640,852.1266855626,248.3993861819
1403,756.1321859967,1098.7590652808,1165.5012921640,852.1266855626,248.3993861819
1404,756.1321859967,1098.7590652808,1165.5012921640,852.1266855626,248.3993861819
1405,756.1321859967,1098.7590652808,1165.5012921640,852.1266855626,248.3993861819
1406,756.1321859967,1098.7590652808,1165.5012921640,852.1266855626,248.3993861819
1407,756.1321859967,1098.7590652808,1165.5012921640,852.1266855626,248.3993861819
1408,756.1321859967,1098.7590652808,1165.5012921640,852.1266855626,248.3993861819
1409,756.1321859967,1098.7590652808,1165.5012921640,852.1266855626,248.3993861819
1410,756.1321859967,1098.7590652808,1165.5012921640,852.1266855626,248.3993861819
1411,756.1321859967,1098.7590652808,1165.5012921640,852.1266855626,248.3993861819
1412,756.1321859967,1098.7590652808,1165.5012921640,852.1266855626,248.3993861819
1413,756.1321859967,1098.7590652808,1165.5012921640,852.1266855626,248.3993861819
1414,756.1321859967,1098.7590652808,1165.5012921640,852.1266855626,248.3993861819
1415,756.1321859967,1098.7590652808,1165.5012921640,852.1266855626,248.3993861819
1416,756.1321859967,1098.7590652808,1165.5012921640,852.1266855626,248.3993861819
1417,756.1321859967,1098.7590652808,1165.5012921640,852.1266855626,248.3993861819
1418,756.1321859967,1098.7590652808,1165.5012921640,852.1266855626,248.3993861819
1419,756.1321859967,1098.7590652808,1165.5012921640,852.1266855626,248.3993861819
1420,756.1321859967,1098.7590652808,1165.5012921640,852.1266855626,248.3993861819
1421,756.1321859967,1098.7590652808,1165.5012921640,852.1266855626,248.3993861819
1422,756.1321859967,1098.7590652808,1165.5012921640,852.1266855626,248.3993861819
1423,756.1321859967,1098.7590652808,1165.5012921640,852.1266855626,248.3993861819
1424,756.1321859967,1098.7590652808,1165.5012921640,852.1266855626,248.3993861819
1425,756.1321859967,1098.7590652808,1165.5012921640,852.1266855626,248.3993861819
1426,756.1321859967,1098.7590652808,1165.5012921640,852.1266855626,248.3993861819
1427,756.1321859967,1098.7590652808,1165.5012921640,852.1266855626,248.3993861819
1428,756.1321859967,1098.7590652808,1165.5012921640,852.1266855626,248.3993861819
1429,756.1321859967,1098.7590652808,1165.5012921640,852.1266855626,248.3993861819
1430,756.1321859967,1098.7590652808,1165.5012921640,852.1266855626,248.3993861819
1431,756.1321859967,1098.7590652808,1165.5012921640,852.1266855626,248.3993861819
1432,756.1321859967,1098.7590652808,1165.5012921640,852.1266855626,248.3993861819
1433,756.1321859967,1098.7590652808,1165.5012921640,852.1266855626,248.3993861819
1434,756.1321859967,1098.7590652808,1165.5012921640,852.1266855626,248.3993861819
1435,756.1321859967,1098.7590652808,1165.5012921640,852.1266855626,248.3993861819
1436,756.1321859967,1098.7590652808,1165.5012921640,852.1266855626,248.3993861819
1437,756.1321859967,1098.7590652808,1165.5012921640,852.1266855626,248.3993861819
1438,756.1321859967,1098.7590652808,1165.5012921640,852.1266855626,248.3993861819
1439,756.1321859967,1098.7590652808,1165.5012921640,852.1266855626,248.3993861819
1440,756.1321859967,1098.7590652808,1165.5012921640,852.1266855626,248.3993861819
1441,756.1321859967,1098.7590652808,1165.5012921640,852.1266855626,248.3993861819
1442,756.1321859967,1098.7590652808,1165.5012921640,852.1266855626,248.3993861819
1443,756.1321859967,1098.7590652808,1165.5012921640,852.1266855626,248.3993861819
1444,756.1321859967,1098.7590652808,1165.5012921640,852.1266855626,248.3993861819
1445,756.1321859967,1098.7590652808,1165.5012921640,852.1266855626,248.3993861819
1446,756.1321859967,1098.7590652808,1165.5012921640,852.1266855626,248.3993861819
1447,877.2044245877,1274.6928797240,1352.1219031316,988.5696082352,288.1732118524
1448,877.2044245877,1274.6928797240,1352.1219031316,988.5696082352,288.1732118524
1449,877.2044245877,1274.6928797240,1352.1219031316,988.5696082352,288.1732118524
1450,877.2044245877,1274.6928797240,1352.1219031316,988.5696082352,288.1732118524
1451,877.2044245877,1274.6928797240,1352.1219031316,988.5696082352,288.1732118524
1452,877.2044245877,1274.6928797240,1352.1219031316,988.5696082352,288.1732118524
1453,877.2044245877,1274.6928797240,1352.1219031316,988.5696082352,288.1732118524
1454,877.2044245877,1274.6928797240,1352.1219031316,988.5696082352,288.1732118524
1455,877.2044245877,1274.6928797240,1352.1219031316,988.5696082352,288.1732118524
1456,877.2044245877,1274.6928797240,1352.1219031316,988.5696082352,288.1732118524
1457,877.2044245877,1274.6928797240,1352.1219031316,988.5696082352,288.1732118524
1458,877.2044245877,1274.6928797240,1352.1219031316,988.5696082352,288.1732118524
1459,877.2044245877,1274.6928797240,1352.1219031316,988.5696082352,288.1732118524
1460,877.2044245877,1274.6928797240,1352.1219031316,988.5696082352,288.1732118524
1461,877.2044245877,1274.6928797240,1352.1219031316,988.5696082352,288.1732118524
1462,877.2044245877,1274.6928797240,1352.1219031316,988.5696082352,288.1732118524
1463,877.2044245877,1274.6928797240,1352.1219031316,988.5696082352,288.1732118524
1464,877.2044245877,1274.6928797240,1352.1219031316,988.5696082352,288.1732118524
1465,877.2044245877,1274.6928797240,1352.1219031316,988.5696082352,288.1732118524
1466,877.2044245877,1274.6928797240,1352.1219031316,988.5696082352,288.1732118524
1467,877.2044245877,1274.6928797240,1352.1219031316,988.5696082352,288.1732118524
1468,877.2044245877,1274.6928797240,1352.1219031316,988.5696082352,288.1732118524
1469,877.2044245877,1274.6928797240,1352.1219031316,988.5696082352,288.1732118524
1470,838.5989080750,1218.5940096802,1292.6154038534,945.0629417559,275.4907909972
1471,838.5989080750,1218.5940096802,1292.6154038534,945.0629417559,275.4907909972
1472,838.5989080750,1218.5940096802,1292.6154038534,945.0629417559,275.4907909972
1473,838.5989080750,1218.5940096802,1292.6154038534,945.0629417559,275.4907909972
1474,838.5989080750,1218.5940096802,1292.6154038534,945.0629417559,275.4907909972
1475,838.5989080750,1218.5940096802,1292.6154038534,945.0629417559,275.4907909972
1476,838.5989080750,1218.5940096802,1292.6154038534,945.0629417559,275.4907909972
1477,838.5989080750,1218.5940096802,1292.6154038534,945.0629417559,275.4907909972
1478,838.5989080750,1218.5940096802,1292.6154038534,945.0629417559,275.4907909972
1479,838.5989080750,1218.5940096802,1292.6154038534,945.0629417559,275.4907909972
1480,838.5989080750,1218.5940096802,1292.6154038534,945.0629417559,275.4907909972
1481,838.5989080750,1218.5940096802,1292.6154038534,945.0629417559,275.4907909972
1482,838.5989080750,1218.5940096802,1292.6154038534,945.0629417559,275.4907909972
1483,838.5989080750,1218.5940096802,1292.6154038534,945.0629417559,275.4907909972
1484,838.5989080750,1218.5940096802,1292.6154038534,945.0629417559,275.4907909972
1485,838.5989080750,1218.5940096802,1292.6154038534,945.0629417559,275.4907909972
1486,838.5989080750,1218.5940096802,1292.6154038534,945.0629417559,275.4907909972
1487,838.5989080750,1218.5940096802,1292.6154038534,945.0629417559,275.4907909972
1488,838.5989080750,1218.5940096802,1292.6154038534,945.0629417559,275.4907909972
1489,838.5989080750,1218.5940096802,1292.6154038534,945.0629417559,275.4907909972
1490,838.5989080750,1218.5940096802,1292.6154038534,945.0629417559,275.4907909972
1491,838.5989080750,1218.5940096802,1292.6154038534,945.0629417559,275.4907909972
1492,838.5989080750,1218.5940096802,1292.6154038534,945.0629417559,275.4907909972
1493,838.5989080750,1218.5940096802,1292.6154038534,945.0629417559,275.4907909972
1494,838.5989080750,1218.5940096802,1292.6154038534,945.0629417559,275.4907909972
1495,838.5989080750,1218.5940096802,1292.6154038534,945.0629417559,275.4907909972
1496,838.5989080750,1218.5940096802,1292.6154038534,945.0629417559,275.4907909972
1497,838.5989080750,1218.5940096802,1292.6154038534,945.0629417559,275.4907909972
1498,838.5989080750,1218.5940096802,1292.6154038534,945.0629417559,275.4907909972
1499,838.5989080750,1218.5940096802,1292.6154038534,945.0629417559,275.4907909972
1500,838.5989080750,1218.5940096802,1292.6154038534,945.0629417559,275.4907909972
1501,838.5989080750,1218.5940096802,1292.6154038534,945.0629417559,275.4907909972
1502,838.5989080750,1218.5940096802,1292.6154038534,945.0629417559,275.4907909972
1503,838.5989080750,1218.5940096802,1292.6154038534,945.0629417559,275.4907909972
1504,838.5989080750,1218.5940096802,1292.6154038534,945.0629417559,275.4907909972
1505,838.5989080750,1218.5940096802,1292.6154038534,945.0629417559,275.4907909972
1506,838.5989080750,1218.5940096802,1292.6154038534,945.0629417559,275.4907909972
1507,838.5989080750,1218.5940096802,1292.6154038534,945.0629417559,275.4907909972
1508,838.5989080750,1218.5940096802,1292.6154038534,945.0629417559,275.4907909972
1509,838.5989080750,1218.5940096802,1292.6154038534,945.0629417559,275.4907909972
1510,838.5989080750,1218.5940096802,1292.6154038534,945.0629417559,275.4907909972
1511,838.5989080750,1218.5940096802,1292.6154038534,945.0629417559,275.4907909972
1512,838.5989080750,1218.5940096802,1292.6154038534,945.0629417559,275.4907909972
1513,822.6943448384,1195.4825969415,1268.1001281557,927.1392202068,270.2659324095
1514,822.6943448384,1195.4825969415,1268.1001281557,927.1392202068,270.2659324095
1515,822.6943448384,1195.4825969415,1268.1001281557,927.1392202068,270.2659324095
1516,822.6943448384,1195.4825969415,1268.1001281557,927.1392202068,270.2659324095
1517,822.6943448384,1195.4825969415,1268.1001281557,927.1392202068,270.2659324095
1518,822.6943448384,1195.4825969415,1268.1001281557,927.1392202068,270.2659324095
1519,822.6943448384,1195.4825969415,1268.1001281557,927.1392202068,270.2659324095
1520,745.7207025502,1083.6298166762,1149.4530434120,840.3934158442,244.9790766841
1521,745.7207025502,1083.6298166762,1149.4530434120,840.3934158442,244.9790766841
1522,745.7207025502,1083.6298166762,1149.4530434120,840.3934158442,244.9790766841
1523,745.7207025502,1083.6298166762,1149.4530434120,840.3934158442,244.9790766841
1524,745.7207025502,1083.6298166762,1149.4530434120,840.3934158442,244.9790766841
1525,745.7207025502,1083.6298166762,1149.4530434120,840.3934158442,244.9790766841
1526,745.7207025502,1083.6298166762,1149.4530434120,840.3934158442,244.9790766841
1527,745.7207025502,1083.6298166762,1149.4530434120,840.3934158442,244.9790766841
1528,745.7207025502,1083.6298166762,1149.4530434120,840.3934158442,244.9790766841
1529,745.7207025502,1083.6298166762,1149.4530434120,840.3934158442,244.9790766841
1530,745.7207025502,1083.6298166762,1149.4530434120,840.3934158442,244.9790766841
1531,745.7207025502,1083.6298166762,1149.4530434120,840.3934158442,244.9790766841
1532,745.7207025502,1083.6298166762,1149.4530434120,840.3934158442,244.9790766841
1533,745.7207025502,1083.6298166762,1149.4530434120,840.3934158442,244.9790766841
1534,745.7207025502,1083.6298166762,1149.4530434120,840.3934158442,244.9790766841
1535,745.7207025502,1083.6298166762,1149.4530434120,840.3934158442,244.9790766841
1536,745.7207025502,1083.6298166762,1149.4530434120,840.3934158442,244.9790766841
1537,745.7207025502,1083.6298166762,1149.4530434120,840.3934158442,244.9790766841
1538,745.7207025502,1083.6298166762,1149.4530434120,840.3934158442,244.9790766841
1539,745.7207025502,1083.6298166762,1149.4530434120,840.3934158442,244.9790766841
1540,745.7207025502,1083.6298166762,1149.4530434120,840.3934158442,244.9790766841
1541,745.7207025502,1083.6298166762,1149.4530434120,840.3934158442,244.9790766841
1542,745.7207025502,1083.6298166762,1149.4530434120,840.3934158442,244.9790766841
1543,775.1687132711,1126.4216318287,1194.8441736700,873.5799885583,254.6531362240
1544,775.1687132711,1126.4216318287,1194.8441736700,873.5799885583,254.6531362240
1545,775.1687132711,1126.4216318287,1194.8441736700,873.5799885583,254.6531362240
1546,775.1687132711,1126.4216318287,1194.8441736700,873.5799885583,254.6531362240
1547,775.1687132711,1126.4216318287,1194.8441736700,873.5799885583,254.6531362240
1548,775.1687132711,1126.4216318287,1194.8441736700,873.5799885583,254.6531362240
1549,775.1687132711,1126.4216318287,1194.8441736700,873.5799885583,254.6531362240
1550,775.1687132711,1126.4216318287,1194.8441736700,873.5799885583,254.6531362240
1551,775.1687132711,1126.4216318287,1194.8441736700,873.5799885583,254.6531362240
1552,775.1687132711,1126.4216318287,1194.8441736700,873.5799885583,254.6531362240
1553,775.1687132711,1126.4216318287,1194.8441736700,873.5799885583,254.6531362240
1554,775.1687132711,1126.4216318287,1194.8441736700,873.5799885583,254.6531362240
1555,775.1687132711,1126.4216318287,1194.8441736700,873.5799885583,254.6531362240
1556,775.1687132711,1126.4216318287,1194.8441736700,873.5799885583,254.6531362240
1557,775.1687132711,1126.4216318287,1194.8441736700,873.5799885583,254.6531362240
1558,775.1687132711,1126.4216318287,1194.8441736700,873.5799885583,254.6531362240
1559,775.1687132711,1126.4216318287,1194.8441736700,873.5799885583,254.6531362240
1560,775.1687132711,1126.4216318287,1194.8441736700,873.5799885583,254.6531362240
1561,987.2090751627,1434.5440397206,1521.6829465095,1112.5398610917,324.3111890290
1562,987.2090751627,1434.5440397206,1521.6829465095,1112.5398610917,324.3111890290
1563,987.2090751627,1434.5440397206,1521.6829465095,1112.5398610917,324.3111890290
1564,987.2090751627,1434.5440397206,1521.6829465095,1112.5398610917,324.3111890290
1565,987.2090751627,1434.5440397206,1521.6829465095,1112.5398610917,324.3111890290
1566,987.2090751627,1434.5440397206,1521.6829465095,1112.5398610917,324.3111890290
1567,987.2090751627,1434.5440397206,1521.6829465095,1112.5398610917,324.3111890290
1568,987.2090751627,1434.5440397206,1521.6829465095,1112.5398610917,324.3111890290
1569,987.2090751627,1434.5440397206,1521.6829465095,1112.5398610917,324.3111890290
1570,987.2090751627,1434.5440397206,1521.6829465095,1112.5398610917,324.3111890290
1571,987.2090751627,1434.5440397206,1521.6829465095,1112.5398610917,324.3111890290
1572,987.2090751627,1434.5440397206,1521.6829465095,1112.5398610917,324.3111890290
1573,987.2090751627,1434.5440397206,1521.6829465095,1112.5398610917,324.3111890290
1574,869.1845085062,1263.0388916243,1339.7600135980,979.5315264876,285.5385637462
1575,869.1845085062,1263.0388916243,1339.7600135980,979.5315264876,285.5385637462
1576,869.1845085062,1263.0388916243,1339.7600135980,979.5315264876,285.5385637462
1577,869.1845085062,1263.0388916243,1339.7600135980,979.5315264876,285.5385637462
1578,869.1845085062,1263.0388916243,1339.7600135980,979.5315264876,285.5385637462
1579,869.1845085062,1263.0388916243,1339.7600135980,979.5315264876,285.5385637462
1580,869.1845085062,1263.0388916243,1339.7600135980,979.5315264876,285.5385637462
1581,869.1845085062,1263.0388916243,1339.7600135980,979.5315264876,285.5385637462
1582,869.1845085062,1263.0388916243,1339.7600135980,979.5315264876,285.5385637462
1583,869.1845085062,1263.0388916243,1339.7600135980,979.5315264876,285.5385637462
1584,869.1845085062,1263.0388916243,1339.7600135980,979.5315264876,285.5385637462
1585,869.1845085062,1263.0388916243,1339.7600135980,979.5315264876,285.5385637462
1586,869.1845085062,1263.0388916243,1339.7600135980,979.5315264876,285.5385637462
1587,869.1845085062,1263.0388916243,1339.7600135980,979.5315264876,285.5385637462
1588,869.1845085062,1263.0388916243,1339.7600135980,979.5315264876,285.5385637462
1589,869.1845085062,1263.0388916243,1339.7600135980,979.5315264876,285.5385637462
1590,869.1845085062,1263.0388916243,1339.7600135980,979.5315264876,285.5385637462
1591,869.1845085062,1263.0388916243,1339.7600135980,979.5315264876,285.5385637462
1592,869.1845085062,1263.0388916243,1339.7600135980,979.5315264876,285.5385637462
1593,869.1845085062,1263.0388916243,1339.7600135980,979.5315264876,285.5385637462
1594,869.1845085062,1263.0388916243,1339.7600135980,979.5315264876,285.5385637462
1595,869.1845085062,1263.0388916243,1339.7600135980,979.5315264876,285.5385637462
1596,869.1845085062,1263.0388916243,1339.7600135980,979.5315264876,285.5385637462
1597,869.1845085062,1263.0388916243,1339.7600135980,979.5315264876,285.5385637462
1598,869.1845085062,1263.0388916243,1339.7600135980,979.5315264876,285.5385637462
1599,869.1845085062,1263.0388916243,1339.7600135980,979.5315264876,285.5385637462
1600,869.1845085062,1263.0388916243,1339.7600135980,979.5315264876,285.5385637462
1601,869.1845085062,1263.0388916243,1339.7600135980,979.5315264876,285.5385637462
1602,869.1845085062,1263.0388916243,1339.7600135980,979.5315264876,285.5385637462
1603,869.1845085062,1263.0388916243,1339.7600135980,979.5315264876,285.5385637462
1604,869.1845085062,1263.0388916243,1339.7600135980,979.5315264876,285.5385637462
1605,869.1845085062,1263.0388916243,1339.7600135980,979.5315264876,285.5385637462
1606,869.1845085062,1263.0388916243,1339.7600135980,979.5315264876,285.5385637462
1607,869.1845085062,1263.0388916243,1339.7600135980,979.5315264876,285.5385637462
1608,869.1845085062,1263.0388916243,1339.7600135980,979.5315264876,285.5385637462
1609,869.1845085062,1263.0388916243,1339.7600135980,979.5315264876,285.5385637462
1610,869.1845085062,1263.0388916243,1339.7600135980,979.5315264876,285.5385637462
1611,869.1845085062,1263.0388916243,1339.7600135980,979.5315264876,285.5385637462
1612,869.1845085062,1263.0388916243,1451.4066813978,903.5785471610,285.5385637462
1613,869.1845085062,1263.0388916243,1451.4066813978,903.5785471610,285.5385637462
1614,869.1845085062,1263.0388916243,1451.4066813978,903.5785471610,285.5385637462
1615,869.1845085062,1263.0388916243,1451.4066813978,903.5785471610,255.2188956480
1616,846.0359765179,1229.4010438498,1451.4066813978,903.5785471610,255.2188956480
1617,846.0359765179,1229.4010438498,1451.4066813978,903.5785471610,255.2188956480
1618,846.0359765179,1229.4010438498,1451.4066813978,903.5785471610,255.2188956480
1619,846.0359765179,1229.4010438498,1451.4066813978,903.5785471610,255.2188956480
1620,846.0359765179,1229.4010438498,1451.4066813978,903.5785471610,255.2188956480
1621,846.0359765179,1229.4010438498,1451.4066813978,903.5785471610,255.2188956480
1622,846.0359765179,1229.4010438498,1451.4066813978,903.5785471610,255.2188956480
1623,846.0359765179,1229.4010438498,1451.4066813978,903.5785471610,255.2188956480
1624,846.0359765179,1229.4010438498,1451.4066813978,903.5785471610,255.2188956480
1625,846.0359765179,1229.4010438498,1451.4066813978,903.5785471610,255.2188956480
1626,846.0359765179,1229.4010438498,1451.4066813978,903.5785471610,255.2188956480
1627,846.0359765179,1229.4010438498,1408.5968351120,903.5785471610,255.2188956480
1628,846.0359765179,1229.4010438498,1408.5968351120,903.5785471610,255.2188956480
1629,846.0359765179,1229.4010438498,1408.5968351120,903.5785471610,255.2188956480
1630,846.0359765179,1229.4010438498,1408.5968351120,903.5785471610,255.2188956480
1631,846.0359765179,1229.4010438498,1408.5968351120,903.5785471610,255.2188956480
1632,1074.3100048319,1561.1130944981,1408.5968351120,1147.3784807140,324.0810327538
1633,1074.3100048319,1561.1130944981,1408.5968351120,1147.3784807140,324.0810327538
1634,1074.3100048319,1561.1130944981,1408.5968351120,1147.3784807140,324.0810327538
1635,1074.3100048319,1561.1130944981,1408.5968351120,1147.3784807140,324.0810327538
1636,1074.3100048319,1561.1130944981,1408.5968351120,1147.3784807140,324.0810327538
1637,1074.3100048319,1561.1130944981,1408.5968351120,1147.3784807140,324.0810327538
1638,1074.3100048319,1561.1130944981,1408.5968351120,1147.3784807140,324.0810327538
1639,1074.3100048319,1561.1130944981,1408.5968351120,1147.3784807140,324.0810327538
1640,1074.3100048319,1561.1130944981,1408.5968351120,1147.3784807140,324.0810327538
1641,1074.3100048319,1561.1130944981,1408.5968351120,1147.3784807140,324.0810327538
1642,1074.3100048319,1561.1130944981,1408.5968351120,1147.3784807140,324.0810327538
1643,1074.3100048319,1561.1130944981,1466.3102613834,1147.3784807140,324.0810327538
1644,1074.3100048319,1561.1130944981,1466.3102613834,1147.3784807140,324.0810327538
1645,1074.3100048319,1561.1130944981,1466.3102613834,1147.3784807140,324.0810327538
1646,1074.3100048319,1561.1130944981,1466.3102613834,1147.3784807140,324.0810327538
1647,1074.3100048319,1561.1130944981,1466.3102613834,1147.3784807140,324.0810327538
1648,1074.3100048319,1561.1130944981,1466.3102613834,1147.3784807140,324.0810327538
1649,1074.3100048319,1561.1130944981,1466.3102613834,1147.3784807140,324.0810327538
1650,1074.3100048319,1561.1130944981,1466.3102613834,1147.3784807140,324.0810327538
1651,1074.3100048319,1561.1130944981,1466.3102613834,1147.3784807140,324.0810327538
1652,1142.0911037026,1659.6079056145,1419.6135740635,1219.7696656546,344.5281741044
1653,1142.0911037026,1659.6079056145,1419.6135740635,1219.7696656546,344.5281741044
1654,1142.0911037026,1659.6079056145,1419.6135740635,1219.7696656546,344.5281741044
1655,1142.0911037026,1659.6079056145,1419.6135740635,1219.7696656546,344.5281741044
1656,1142.0911037026,1659.6079056145,1419.6135740635,1219.7696656546,344.5281741044
1657,1142.0911037026,1659.6079056145,1419.6135740635,1219.7696656546,344.5281741044
1658,1142.0911037026,1659.6079056145,1419.6135740635,1219.7696656546,344.5281741044
1659,1142.0911037026,1659.6079056145,1419.6135740635,1219.7696656546,344.5281741044
1660,1142.0911037026,1659.6079056145,1419.6135740635,1219.7696656546,344.5281741044
1661,1142.0911037026,1659.6079056145,1419.6135740635,1219.7696656546,344.5281741044
1662,1142.0911037026,1659.6079056145,1419.6135740635,1219.7696656546,344.5281741044
1663,1142.0911037026,1659.6079056145,1419.6135740635,1219.7696656546,344.5281741044
1664,1142.0911037026,1659.6079056145,1419.6135740635,1219.7696656546,344.5281741044
1665,1142.0911037026,1659.6079056145,1419.6135740635,1219.7696656546,344.5281741044
1666,1142.0911037026,1659.6079056145,1419.6135740635,1219.7696656546,344.5281741044
1667,1142.0911037026,1659.6079056145,1419.6135740635,1219.7696656546,344.5281741044
1668,1142.0911037026,1659.6079056145,1419.6135740635,1219.7696656546,344.5281741044
1669,1142.0911037026,1659.6079056145,1419.6135740635,1219.7696656546,344.5281741044
1670,1142.0911037026,1659.6079056145,1419.6135740635,1219.7696656546,344.5281741044
1671,1142.0911037026,1659.6079056145,1419.6135740635,1219.7696656546,344.5281741044
1672,1142.0911037026,1659.6079056145,1419.6135740635,1219.7696656546,344.5281741044
1673,1142.0911037026,1659.6079056145,1419.6135740635,1219.7696656546,344.5281741044
1674,1142.0911037026,1659.6079056145,1419.6135740635,1219.7696656546,344.5281741044
1675,1142.0911037026,1659.6079056145,1419.6135740635,1219.7696656546,344.5281741044
1676,1142.0911037026,1659.6079056145,1419.6135740635,1219.7696656546,344.5281741044
1677,1142.0911037026,1659.6079056145,1419.6135740635,1219.7696656546,344.5281741044
1678,1142.0911037026,1659.6079056145,1419.6135740635,1219.7696656546,344.5281741044
1679,1142.0911037026,1659.6079056145,1419.6135740635,1219.7696656546,344.5281741044
1680,978.9228874935,1422.5031241416,1216.7962910681,1045.5036724378,295.3061396974
1681,978.9228874935,1422.5031241416,1216.7962910681,1045.5036724378,295.3061396974
1682,978.9228874935,1422.5031241416,1216.7962910681,1045.5036724378,295.3061396974
1683,978.9228874935,1422.5031241416,1216.7962910681,1045.5036724378,295.3061396974
1684,978.9228874935,1422.5031241416,1216.7962910681,1045.5036724378,295.3061396974
1685,978.9228874935,1422.5031241416,1216.7962910681,1045.5036724378,295.3061396974
1686,978.9228874935,1422.5031241416,1216.7962910681,1045.5036724378,295.3061396974
1687,978.9228874935,1422.5031241416,1216.7962910681,1045.5036724378,295.3061396974
1688,978.9228874935,1422.5031241416,1216.7962910681,1045.5036724378,295.3061396974
1689,978.9228874935,1422.5031241416,1216.7962910681,1045.5036724378,295.3061396974
1690,978.9228874935,1422.5031241416,1216.7962910681,1045.5036724378,295.3061396974
1691,978.9228874935,1422.5031241416,1216.7962910681,1045.5036724378,295.3061396974
1692,978.9228874935,1422.5031241416,1216.7962910681,1045.5036724378,295.3061396974
1693,978.9228874935,1422.5031241416,1216.7962910681,1045.5036724378,295.3061396974
1694,978.9228874935,1422.5031241416,1216.7962910681,1045.5036724378,295.3061396974
1695,978.9228874935,1422.5031241416,1216.7962910681,1045.5036724378,295.3061396974
1696,978.9228874935,1422.5031241416,1216.7962910681,1045.5036724378,295.3061396974
1697,978.9228874935,1422.5031241416,1216.7962910681,1045.5036724378,295.3061396974
1698,978.9228874935,1422.5031241416,1216.7962910681,1045.5036724378,295.3061396974
1699,978.9228874935,1422.5031241416,1216.7962910681,1045.5036724378,295.3061396974
1700,978.9228874935,1422.5031241416,1216.7962910681,1045.5036724378,295.3061396974
1701,978.9228874935,1422.5031241416,1216.7962910681,1045.5036724378,295.3061396974
1702,978.9228874935,1422.5031241416,1216.7962910681,1045.5036724378,295.3061396974
1703,978.9228874935,1422.5031241416,1216.7962910681,1045.5036724378,295.3061396974
1704,978.9228874935,1422.5031241416,1216.7962910681,1045.5036724378,295.3061396974
1705,978.9228874935,1422.5031241416,1216.7962910681,1045.5036724378,295.3061396974
1706,917.4174142374,1333.1276186995,1140.3452930431,979.8149455873,276.7521308888
1707,917.4174142374,1333.1276186995,1140.3452930431,979.8149455873,276.7521308888
1708,917.4174142374,1333.1276186995,1140.3452930431,979.8149455873,276.7521308888
1709,917.4174142374,1333.1276186995,1140.3452930431,979.8149455873,276.7521308888
1710,917.4174142374,1333.1276186995,1140.3452930431,979.8149455873,276.7521308888
1711,917.4174142374,1333.1276186995,1140.3452930431,979.8149455873,276.7521308888
1712,917.4174142374,1333.1276186995,1140.3452930431,979.8149455873,276.7521308888
1713,917.4174142374,1333.1276186995,1140.3452930431,979.8149455873,276.7521308888
1714,917.4174142374,1333.1276186995,1140.3452930431,979.8149455873,276.7521308888
1715,917.4174142374,1333.1276186995,1140.3452930431,979.8149455873,276.7521308888
1716,917.4174142374,1333.1276186995,1140.3452930431,979.8149455873,276.7521308888
1717,917.4174142374,1333.1276186995,1140.3452930431,979.8149455873,276.7521308888
1718,917.4174142374,1333.1276186995,1140.3452930431,979.8149455873,276.7521308888
1719,917.4174142374,1333.1276186995,1140.3452930431,693.4613359401,276.7521308888
1720,917.4174142374,1333.1276186995,1140.3452930431,693.4613359401,276.7521308888
1721,917.4174142374,1333.1276186995,1140.3452930431,693.4613359401,276.7521308888
1722,917.4174142374,1333.1276186995,1140.3452930431,693.4613359401,276.7521308888
1723,1003.8994681939,1458.7973660381,1247.8420569279,693.4613359401,302.8406837598
1724,1003.8994681939,1458.7973660381,1247.8420569279,693.4613359401,302.8406837598
1725,1003.8994681939,1458.7973660381,1247.8420569279,693.4613359401,302.8406837598
1726,1003.8994681939,1458.7973660381,1247.8420569279,693.4613359401,302.8406837598
1727,1003.8994681939,1458.7973660381,1247.8420569279,693.4613359401,302.8406837598
1728,1003.8994681939,1458.7973660381,1247.8420569279,693.4613359401,302.8406837598
1729,1003.8994681939,1458.7973660381,1247.8420569279,693.4613359401,302.8406837598
1730,1003.8994681939,1458.7973660381,1247.8420569279,693.4613359401,302.8406837598
1731,1003.8994681939,1458.7973660381,1247.8420569279,693.4613359401,302.8406837598
1732,1003.8994681939,1458.7973660381,1247.8420569279,693.4613359401,302.8406837598
1733,1003.8994681939,1458.7973660381,1247.8420569279,744.9386335154,302.8406837598
1734,894.7549064195,1300.1960276786,1112.1759082923,744.9386335154,269.9156601258
1735,894.7549064195,1300.1960276786,1112.1759082923,744.9386335154,269.9156601258
1736,894.7549064195,1300.1960276786,1112.1759082923,744.9386335154,269.9156601258
1737,894.7549064195,1300.1960276786,1112.1759082923,744.9386335154,269.9156601258
1738,894.7549064195,1300.1960276786,1112.1759082923,744.9386335154,269.9156601258
1739,894.7549064195,1300.1960276786,1112.1759082923,744.9386335154,269.9156601258
1740,894.7549064195,1300.1960276786,1112.1759082923,744.9386335154,269.9156601258
1741,894.7549064195,1300.1960276786,1112.1759082923,744.9386335154,269.9156601258
1742,894.7549064195,1300.1960276786,1112.1759082923,744.9386335154,269.9156601258
1743,894.7549064195,1300.1960276786,1112.1759082923,744.9386335154,269.9156601258
1744,894.7549064195,1300.1960276786,1112.1759082923,744.9386335154,269.9156601258
1745,894.7549064195,1300.1960276786,1112.1759082923,744.9386335154,269.9156601258
1746,894.7549064195,1300.1960276786,1112.1759082923,744.9386335154,269.9156601258
1747,894.7549064195,1300.1960276786,1112.1759082923,744.9386335154,269.9156601258
1748,894.7549064195,1300.1960276786,1112.1759082923,744.9386335154,269.9156601258
1749,851.7092826222,1237.6451004151,1058.6704115342,709.1004973506,256.9303298645
1750,851.7092826222,1237.6451004151,1058.6704115342,709.1004973506,256.9303298645
1751,851.7092826222,1237.6451004151,1058.6704115342,709.1004973506,256.9303298645
1752,851.7092826222,1237.6451004151,1058.6704115342,709.1004973506,256.9303298645
1753,851.7092826222,1237.6451004151,1058.6704115342,709.1004973506,256.9303298645
1754,851.7092826222,1237.6451004151,1058.6704115342,709.1004973506,256.9303298645
1755,851.7092826222,1237.6451004151,1058.6704115342,709.1004973506,256.9303298645
1756,851.7092826222,1237.6451004151,1058.6704115342,709.1004973506,256.9303298645
1757,851.7092826222,1237.6451004151,1058.6704115342,709.1004973506,256.9303298645
1758,851.7092826222,1237.6451004151,1058.6704115342,709.1004973506,256.9303298645
1759,851.7092826222,1237.6451004151,1058.6704115342,709.1004973506,256.9303298645
1760,851.7092826222,1237.6451004151,1058.6704115342,709.1004973506,256.9303298645
1761,851.7092826222,1237.6451004151,1058.6704115342,709.1004973506,256.9303298645
1762,851.7092826222,1237.6451004151,1058.6704115342,709.1004973506,256.9303298645
1763,851.7092826222,1237.6451004151,1058.6704115342,709.1004973506,256.9303298645
1764,851.7092826222,1237.6451004151,1058.6704115342,709.1004973506,256.9303298645
1765,851.7092826222,1237.6451004151,1058.6704115342,709.1004973506,256.9303298645
1766,851.7092826222,1237.6451004151,1058.6704115342,709.1004973506,256.9303298645
1767,851.7092826222,1237.6451004151,1058.6704115342,709.1004973506,256.9303298645
1768,851.7092826222,1237.6451004151,1058.6704115342,709.1004973506,256.9303298645
1769,851.7092826222,1237.6451004151,1058.6704115342,709.1004973506,256.9303298645
1770,851.7092826222,1237.6451004151,1058.6704115342,709.1004973506,256.9303298645
1771,832.6120723472,1209.8943535221,1034.9326739359,693.2008921915,251.1693822788
1772,832.6120723472,1209.8943535221,1034.9326739359,693.2008921915,251.1693822788
1773,832.6120723472,1209.8943535221,1034.9326739359,693.2008921915,251.1693822788
1774,832.6120723472,1209.8943535221,1034.9326739359,693.2008921915,251.1693822788
1775,832.6120723472,1209.8943535221,1034.9326739359,693.2008921915,251.1693822788
1776,832.6120723472,1209.8943535221,1034.9326739359,693.2008921915,251.1693822788
1777,832.6120723472,1209.8943535221,1034.9326739359,693.2008921915,251.1693822788
1778,832.6120723472,1209.8943535221,1034.9326739359,693.2008921915,251.1693822788
1779,832.6120723472,1209.8943535221,1034.9326739359,693.2008921915,251.1693822788
1780,832.6120723472,1209.8943535221,1034.9326739359,693.2008921915,251.1693822788
1781,832.6120723472,1209.8943535221,1034.9326739359,693.2008921915,251.1693822788
1782,832.6120723472,1209.8943535221,1034.9326739359,693.2008921915,251.1693822788
1783,832.6120723472,1209.8943535221,1034.9326739359,693.2008921915,251.1693822788
1784,832.6120723472,1209.8943535221,1034.9326739359,693.2008921915,251.1693822788
1785,832.6120723472,1209.8943535221,1034.9326739359,693.2008921915,251.1693822788
1786,832.6120723472,1209.8943535221,1034.9326739359,693.2008921915,251.1693822788
1787,832.6120723472,1209.8943535221,1034.9326739359,693.2008921915,251.1693822788
1788,832.6120723472,1209.8943535221,1034.9326739359,693.2008921915,251.1693822788
1789,832.6120723472,1209.8943535221,1034.9326739359,693.2008921915,251.1693822788
1790,832.6120723472,1209.8943535221,1034.9326739359,693.2008921915,251.1693822788
1791,832.6120723472,1209.8943535221,1034.9326739359,693.2008921915,251.1693822788
1792,832.6120723472,1209.8943535221,1034.9326739359,693.2008921915,251.1693822788
1793,832.6120723472,1209.8943535221,1034.9326739359,693.2008921915,251.1693822788
1794,832.6120723472,1209.8943535221,1034.9326739359,693.2008921915,238.0903273758
1795,832.6120723472,1209.8943535221,1092.8941929404,693.2008921915,238.0903273758
1796,832.6120723472,1209.8943535221,1092.8941929404,693.2008921915,238.0903273758
1797,878.6751619447,1276.8300536648,1092.8941929404,731.5512547032,238.0903273758
1798,878.6751619447,1276.8300536648,1092.8941929404,731.5512547032,238.0903273758
1799,878.6751619447,1276.8300536648,1092.8941929404,731.5512547032,238.0903273758
1800,878.6751619447,1276.8300536648,1092.8941929404,731.5512547032,238.0903273758
1801,878.6751619447,1276.8300536648,1092.8941929404,731.5512547032,238.0903273758
1802,878.6751619447,1276.8300536648,1092.8941929404,731.5512547032,238.0903273758
1803,878.6751619447,1276.8300536648,1092.8941929404,731.5512547032,238.0903273758
1804,878.6751619447,1276.8300536648,1092.8941929404,731.5512547032,238.0903273758
1805,878.6751619447,1276.8300536648,1092.8941929404,731.5512547032,238.0903273758
1806,878.6751619447,1276.8300536648,1092.8941929404,731.5512547032,238.0903273758
1807,878.6751619447,1276.8300536648,1092.8941929404,731.5512547032,238.0903273758
1808,878.6751619447,1276.8300536648,1092.8941929404,731.5512547032,316.7092899850
1809,878.6751619447,1276.8300536648,1444.6928959037,731.5512547032,316.7092899850
1810,878.6751619447,1276.8300536648,1444.6928959037,731.5512547032,316.7092899850
1811,1108.3247016444,1610.5409024496,1444.6928959037,922.7486575494,316.7092899850
1812,1108.3247016444,1610.5409024496,1444.6928959037,922.7486575494,316.7092899850
1813,1108.3247016444,1610.5409024496,1444.6928959037,922.7486575494,316.7092899850
1814,1108.3247016444,1610.5409024496,1444.6928959037,922.7486575494,316.7092899850
1815,1108.3247016444,1610.5409024496,1444.6928959037,922.7486575494,316.7092899850
1816,1108.3247016444,1610.5409024496,1444.6928959037,922.7486575494,316.7092899850
1817,1108.3247016444,1610.5409024496,1444.6928959037,922.7486575494,316.7092899850
1818,1108.3247016444,1610.5409024496,1444.6928959037,922.7486575494,316.7092899850
1819,1108.3247016444,1610.5409024496,1444.6928959037,922.7486575494,316.7092899850
1820,1108.3247016444,1610.5409024496,1444.6928959037,922.7486575494,316.7092899850
1821,1108.3247016444,1610.5409024496,1444.6928959037,922.7486575494,316.7092899850
1822,1108.3247016444,1610.5409024496,1444.6928959037,922.7486575494,316.7092899850
1823,1108.3247016444,1610.5409024496,1445.7305629536,922.7486575494,316.9367700228
1824,1108.3247016444,1610.5409024496,1445.7305629536,922.7486575494,316.9367700228
1825,1116.9525568159,1623.0783056434,1445.7305629536,929.9318790053,316.9367700228
1826,1116.9525568159,1623.0783056434,1445.7305629536,929.9318790053,316.9367700228
1827,1116.9525568159,1623.0783056434,1445.7305629536,929.9318790053,316.9367700228
1828,1116.9525568159,1623.0783056434,1309.0591345354,929.9318790053,286.9753081936
1829,1116.9525568159,1623.0783056434,1309.0591345354,929.9318790053,286.9753081936
1830,1116.9525568159,1623.0783056434,1309.0591345354,929.9318790053,286.9753081936
1831,1116.9525568159,1623.0783056434,1309.0591345354,929.9318790053,286.9753081936
1832,1116.9525568159,1623.0783056434,1309.0591345354,929.9318790053,286.9753081936
1833,1116.9525568159,1623.0783056434,1309.0591345354,929.9318790053,286.9753081936
1834,1026.3290205553,1491.3904422801,1309.0591345354,854.4821968835,286.9753081936
1835,1026.3290205553,1491.3904422801,1309.0591345354,854.4821968835,286.9753081936
1836,1026.3290205553,1491.3904422801,1309.0591345354,854.4821968835,286.9753081936
1837,1026.3290205553,1491.3904422801,1309.0591345354,854.4821968835,286.9753081936
1838,1026.3290205553,1491.3904422801,1309.0591345354,854.4821968835,286.9753081936
1839,1026.3290205553,1491.3904422801,1309.0591345354,854.4821968835,286.9753081936
1840,1026.3290205553,1491.3904422801,1309.0591345354,854.4821968835,286.9753081936
1841,1026.3290205553,1491.3904422801,1309.0591345354,854.4821968835,286.9753081936
1842,1026.3290205553,1491.3904422801,1309.0591345354,854.4821968835,286.9753081936
1843,1026.3290205553,1491.3904422801,1309.0591345354,854.4821968835,286.9753081936
1844,1026.3290205553,1491.3904422801,1309.0591345354,854.4821968835,286.9753081936
1845,1026.3290205553,1491.3904422801,1309.0591345354,854.4821968835,286.9753081936
1846,966.6623472561,1404.6869539262,1245.4210378613,804.8060120926,273.0244010695
1847,966.6623472561,1404.6869539262,1245.4210378613,804.8060120926,273.0244010695
1848,966.6623472561,1404.6869539262,1245.4210378613,804.8060120926,273.0244010695
1849,966.6623472561,1404.6869539262,1245.4210378613,804.8060120926,273.0244010695
1850,966.6623472561,1404.6869539262,1245.4210378613,804.8060120926,273.0244010695
1851,966.6623472561,1404.6869539262,1245.4210378613,804.8060120926,273.0244010695
1852,966.6623472561,1404.6869539262,1245.4210378613,804.8060120926,273.0244010695
1853,966.6623472561,1404.6869539262,1245.4210378613,804.8060120926,273.0244010695
1854,966.6623472561,1404.6869539262,1245.4210378613,804.8060120926,273.0244010695
1855,966.6623472561,1404.6869539262,1245.4210378613,804.8060120926,273.0244010695
1856,966.6623472561,1404.6869539262,1245.4210378613,804.8060120926,273.0244010695
1857,966.6623472561,1404.6869539262,1245.4210378613,804.8060120926,273.0244010695
1858,966.6623472561,1404.6869539262,1245.4210378613,804.8060120926,273.0244010695
1859,966.6623472561,1404.6869539262,1245.4210378613,804.8060120926,273.0244010695
1860,966.6623472561,1404.6869539262,1245.4210378613,804.8060120926,273.0244010695
1861,966.6623472561,1404.6869539262,1245.4210378613,804.8060120926,273.0244010695
1862,966.6623472561,1404.6869539262,1245.4210378613,804.8060120926,273.0244010695
1863,966.6623472561,1404.6869539262,1245.4210378613,804.8060120926,273.0244010695
1864,966.6623472561,1404.6869539262,1245.4210378613,804.8060120926,273.0244010695
1865,966.6623472561,1404.6869539262,1245.4210378613,804.8060120926,273.0244010695
1866,966.6623472561,1404.6869539262,1245.4210378613,804.8060120926,273.0244010695
1867,966.6623472561,1404.6869539262,1245.4210378613,804.8060120926,273.0244010695
1868,980.7699833723,1425.1871962904,1263.5969261262,816.5514890887,277.0089660130
1869,980.7699833723,1425.1871962904,1263.5969261262,816.5514890887,277.0089660130
1870,980.7699833723,1425.1871962904,1263.5969261262,816.5514890887,277.0089660130
1871,980.7699833723,1425.1871962904,1263.5969261262,816.5514890887,277.0089660130
1872,980.7699833723,1425.1871962904,1263.5969261262,816.5514890887,277.0089660130
1873,980.7699833723,1425.1871962904,1263.5969261262,816.5514890887,277.0089660130
1874,980.7699833723,1425.1871962904,1263.5969261262,816.5514890887,277.0089660130
1875,980.7699833723,1425.1871962904,1263.5969261262,816.5514890887,277.0089660130
1876,980.7699833723,1425.1871962904,1263.5969261262,816.5514890887,277.0089660130
1877,980.7699833723,1425.1871962904,1263.5969261262,816.5514890887,277.0089660130
1878,980.7699833723,1425.1871962904,1263.5969261262,816.5514890887,277.0089660130
1879,980.7699833723,1425.1871962904,1263.5969261262,816.5514890887,277.0089660130
1880,980.7699833723,1425.1871962904,1263.5969261262,816.5514890887,277.0089660130
1881,980.7699833723,1425.1871962904,1263.5969261262,816.5514890887,277.0089660130
1882,976.4233930273,1418.8710314278,1257.9968993184,812.9326845995,275.7813137423
1883,976.4233930273,1418.8710314278,1257.9968993184,812.9326845995,275.7813137423
1884,976.4233930273,1418.8710314278,1257.9968993184,812.9326845995,275.7813137423
1885,976.4233930273,1418.8710314278,1257.9968993184,812.9326845995,275.7813137423
1886,976.4233930273,1418.8710314278,1257.9968993184,812.9326845995,275.7813137423
1887,976.4233930273,1418.8710314278,1257.9968993184,812.9326845995,275.7813137423
1888,976.4233930273,1418.8710314278,1257.9968993184,812.9326845995,275.7813137423
1889,976.4233930273,1418.8710314278,1257.9968993184,812.9326845995,275.7813137423
1890,976.4233930273,1418.8710314278,1257.9968993184,812.9326845995,275.7813137423
1891,976.4233930273,1418.8710314278,1257.9968993184,812.9326845995,275.7813137423
1892,976.4233930273,1418.8710314278,1257.9968993184,812.9326845995,275.7813137423
1893,976.4233930273,1418.8710314278,1257.9968993184,812.9326845995,275.7813137423
1894,976.4233930273,1418.8710314278,1257.9968993184,812.9326845995,275.7813137423
1895,976.4233930273,1418.8710314278,1257.9968993184,812.9326845995,275.7813137423
1896,976.4233930273,1418.8710314278,1257.9968993184,812.9326845995,275.7813137423
1897,930.5072777947,1352.1489042804,1198.8398461345,774.7046873096,262.8127524898
1898,930.5072777947,1352.1489042804,1198.8398461345,774.7046873096,262.8127524898
1899,930.5072777947,1352.1489042804,1198.8398461345,774.7046873096,262.8127524898
1900,930.5072777947,1352.1489042804,1198.8398461345,774.7046873096,262.8127524898
1901,930.5072777947,1352.1489042804,1198.8398461345,774.7046873096,262.8127524898
1902,930.5072777947,1352.1489042804,1198.8398461345,774.7046873096,262.8127524898
1903,930.5072777947,1352.1489042804,1198.8398461345,774.7046873096,262.8127524898
1904,930.5072777947,1352.1489042804,1198.8398461345,774.7046873096,262.8127524898
1905,930.5072777947,1352.1489042804,1198.8398461345,774.7046873096,262.8127524898
1906,930.5072777947,1352.1489042804,1198.8398461345,774.7046873096,262.8127524898
1907,796.8156601288,1157.8774798089,1026.5952628016,663.3981716796,262.8127524898
1908,796.8156601288,1157.8774798089,1026.5952628016,663.3981716796,262.8127524898
1909,796.8156601288,1157.8774798089,1026.5952628016,663.3981716796,262.8127524898
1910,796.8156601288,1157.8774798089,1026.5952628016,663.3981716796,262.8127524898
1911,796.8156601288,1157.8774798089,1026.5952628016,663.3981716796,262.8127524898
1912,796.8156601288,1157.8774798089,1026.5952628016,663.3981716796,262.8127524898
1913,796.8156601288,1157.8774798089,1026.5952628016,663.3981716796,262.8127524898
1914,796.8156601288,1157.8774798089,1026.5952628016,663.3981716796,262.8127524898
1915,796.8156601288,1157.8774798089,1026.5952628016,663.3981716796,262.8127524898
1916,796.8156601288,1157.8774798089,1026.5952628016,663.3981716796,262.8127524898
1917,796.8156601288,1157.8774798089,1026.5952628016,663.3981716796,262.8127524898
1918,796.8156601288,1157.8774798089,1026.5952628016,663.3981716796,262.8127524898
1919,796.8156601288,1157.8774798089,1026.5952628016,663.3981716796,262.8127524898
1920,796.8156601288,1157.8774798089,1026.5952628016,663.3981716796,262.8127524898
1921,796.8156601288,1157.8774798089,1026.5952628016,663.3981716796,262.8127524898
1922,796.8156601288,1157.8774798089,1026.5952628016,663.3981716796,262.8127524898
1923,796.8156601288,1157.8774798089,1026.5952628016,663.3981716796,262.8127524898
1924,796.8156601288,1157.8774798089,1026.5952628016,663.3981716796,262.8127524898
1925,796.8156601288,1157.8774798089,1026.5952628016,663.3981716796,262.8127524898
1926,796.8156601288,1157.8774798089,1026.5952628016,663.3981716796,262.8127524898
1927,796.8156601288,1157.8774798089,1026.5952628016,663.3981716796,262.8127524898
1928,796.8156601288,1157.8774798089,1026.5952628016,663.3981716796,262.8127524898
1929,796.8156601288,1157.8774798089,1026.5952628016,663.3981716796,262.8127524898
1930,796.8156601288,1157.8774798089,1026.5952628016,663.3981716796,262.8127524898
1931,796.8156601288,1157.8774798089,1026.5952628016,663.3981716796,262.8127524898
1932,796.8156601288,1157.8774798089,1026.5952628016,663.3981716796,262.8127524898
1933,796.8156601288,1157.8774798089,1026.5952628016,663.3981716796,262.8127524898
1934,796.8156601288,1157.8774798089,1026.5952628016,663.3981716796,262.8127524898
1935,796.8156601288,1157.8774798089,1026.5952628016,663.3981716796,262.8127524898
1936,796.8156601288,1157.8774798089,1026.5952628016,663.3981716796,262.8127524898
1937,796.8156601288,1157.8774798089,1026.5952628016,663.3981716796,262.8127524898
1938,796.8156601288,1157.8774798089,1026.5952628016,663.3981716796,262.8127524898
1939,796.8156601288,1157.8774798089,1026.5952628016,663.3981716796,262.8127524898
1940,796.8156601288,1157.8774798089,1026.5952628016,663.3981716796,262.8127524898
1941,796.8156601288,1157.8774798089,1026.5952628016,663.3981716796,262.8127524898
1942,796.8156601288,1157.8774798089,1026.5952628016,663.3981716796,262.8127524898
1943,730.4697191137,1061.4681409592,941.1169870091,608.1610846466,240.9299504226
1944,730.4697191137,1061.4681409592,941.1169870091,608.1610846466,240.9299504226
1945,730.4697191137,1061.4681409592,941.1169870091,608.1610846466,240.9299504226
1946,730.4697191137,1061.4681409592,941.1169870091,608.1610846466,240.9299504226
1947,730.4697191137,1061.4681409592,941.1169870091,608.1610846466,240.9299504226
1948,730.4697191137,1061.4681409592,941.1169870091,608.1610846466,240.9299504226
1949,730.4697191137,1061.4681409592,941.1169870091,608.1610846466,240.9299504226
1950,730.4697191137,1061.4681409592,941.1169870091,608.1610846466,240.9299504226
1951,730.4697191137,1061.4681409592,941.1169870091,608.1610846466,240.9299504226
1952,730.4697191137,1061.4681409592,941.1169870091,608.1610846466,240.9299504226
1953,730.4697191137,1061.4681409592,941.1169870091,608.1610846466,240.9299504226
1954,730.4697191137,1061.4681409592,941.1169870091,608.1610846466,240.9299504226
1955,730.4697191137,1061.4681409592,941.1169870091,608.1610846466,240.9299504226
1956,730.4697191137,1061.4681409592,941.1169870091,608.1610846466,240.9299504226
1957,730.4697191137,1061.4681409592,941.1169870091,608.1610846466,240.9299504226
1958,730.4697191137,1061.4681409592,941.1169870091,608.1610846466,240.9299504226
1959,730.4697191137,1061.4681409592,941.1169870091,608.1610846466,240.9299504226
1960,730.4697191137,1061.4681409592,941.1169870091,608.1610846466,240.9299504226
1961,730.4697191137,1061.4681409592,941.1169870091,608.1610846466,240.9299504226
1962,730.4697191137,1061.4681409592,941.1169870091,608.1610846466,240.9299504226
1963,730.4697191137,1061.4681409592,941.1169870091,608.1610846466,240.9299504226
1964,1452.5735781643,2110.7795919195,1871.4556312474,1209.3570749205,240.9299504226
1965,1452.5735781643,2110.7795919195,1871.4556312474,1209.3570749205,240.9299504226
1966,1452.5735781643,2110.7795919195,1871.4556312474,1209.3570749205,240.9299504226
1967,1452.5735781643,2110.7795919195,1871.4556312474,1209.3570749205,240.9299504226
1968,1452.5735781643,2110.7795919195,1871.4556312474,1209.3570749205,240.9299504226
1969,1452.5735781643,2110.7795919195,1871.4556312474,1209.3570749205,295.0116477980
1970,1452.5735781643,2110.7795919195,1871.4556312474,1209.3570749205,295.0116477980
1971,1452.5735781643,2110.7795919195,1871.4556312474,1209.3570749205,295.0116477980
1972,1452.5735781643,2110.7795919195,1871.4556312474,1209.3570749205,295.0116477980
1973,1452.5735781643,2110.7795919195,1871.4556312474,1209.3570749205,295.0116477980
1974,1452.5735781643,2110.7795919195,1871.4556312474,1209.3570749205,295.0116477980
1975,1452.5735781643,2110.7795919195,1871.4556312474,1209.3570749205,295.0116477980
1976,1452.5735781643,2110.7795919195,1871.4556312474,1209.3570749205,295.0116477980
1977,1452.5735781643,2110.7795919195,1871.4556312474,1209.3570749205,295.0116477980
1978,1439.2809125796,2091.4636084401,1854.3297284795,1198.2901111459,295.0116477980
1979,1439.2809125796,2091.4636084401,1854.3297284795,1198.2901111459,295.0116477980
1980,1439.2809125796,2091.4636084401,1854.3297284795,1198.2901111459,295.0116477980
1981,1439.2809125796,2091.4636084401,1854.3297284795,1198.2901111459,295.0116477980
1982,1439.2809125796,2091.4636084401,1854.3297284795,1198.2901111459,295.0116477980
1983,1439.2809125796,2091.4636084401,1854.3297284795,1198.2901111459,294.0873953143
1984,1439.2809125796,2091.4636084401,1854.3297284795,1198.2901111459,294.0873953143
1985,1439.2809125796,2091.4636084401,1854.3297284795,1198.2901111459,294.0873953143
1986,1439.2809125796,2091.4636084401,1854.3297284795,1198.2901111459,294.0873953143
1987,1439.2809125796,2091.4636084401,1854.3297284795,1198.2901111459,294.0873953143
1988,1363.5867479468,1981.4700767279,1756.8074598771,1135.2700515050,294.0873953143
1989,1363.5867479468,1981.4700767279,1756.8074598771,1135.2700515050,294.0873953143
1990,1363.5867479468,1981.4700767279,1756.8074598771,1135.2700515050,294.0873953143
1991,1363.5867479468,1981.4700767279,1756.8074598771,1135.2700515050,294.0873953143
1992,1363.5867479468,1981.4700767279,1756.8074598771,1135.2700515050,294.0873953143
1993,1363.5867479468,1981.4700767279,1756.8074598771,1135.2700515050,294.0873953143
1994,1363.5867479468,1981.4700767279,1756.8074598771,1135.2700515050,294.0873953143
1995,1363.5867479468,1981.4700767279,1756.8074598771,1135.2700515050,294.0873953143
1996,1363.5867479468,1981.4700767279,1756.8074598771,1135.2700515050,294.0873953143
1997,1363.5867479468,1981.4700767279,1756.8074598771,1135.2700515050,294.0873953143
1998,1363.5867479468,1981.4700767279,1756.8074598771,1135.2700515050,294.0873953143
1999,1363.5867479468,1981.4700767279,1756.8074598771,1135.2700515050,294.0873953143
2000,1363.5867479468,1981.4700767279,1756.8074598771,1135.2700515050,294.0873953143
2001,1363.5867479468,1981.4700767279,1756.8074598771,1135.2700515050,294.0873953143
2002,1363.5867479468,1981.4700767279,1756.8074598771,1135.2700515050,294.0873953143
2003,1363.5867479468,1981.4700767279,1756.8074598771,1135.2700515050,294.0873953143
2004,1363.5867479468,1981.4700767279,1756.8074598771,1135.2700515050,294.0873953143
2005,1363.5867479468,1981.4700767279,1756.8074598771,1135.2700515050,294.0873953143
2006,1363.5867479468,1981.4700767279,1756.8074598771,1135.2700515050,294.0873953143
2007,1363.5867479468,1981.4700767279,1756.8074598771,1135.2700515050,294.0873953143
2008,1363.5867479468,1981.4700767279,1756.8074598771,1135.2700515050,294.0873953143
2009,1363.5867479468,1981.4700767279,1756.8074598771,1135.2700515050,294.0873953143
2010,1363.5867479468,1981.4700767279,1756.8074598771,1135.2700515050,294.0873953143
2011,1363.5867479468,1981.4700767279,1756.8074598771,1135.2700515050,294.0873953143
2012,1363.5867479468,1981.4700767279,1756.8074598771,1135.2700515050,294.0873953143
2013,1363.5867479468,1981.4700767279,1756.8074598771,1135.2700515050,294.0873953143
2014,1363.5867479468,1981.4700767279,1756.8074598771,1135.2700515050,294.0873953143
2015,1363.5867479468,1981.4700767279,1756.8074598771,1135.2700515050,294.0873953143
2016,1363.5867479468,1981.4700767279,1756.8074598771,1135.2700515050,294.0873953143
2017,1363.5867479468,1981.4700767279,1756.8074598771,1135.2700515050,294.0873953143
2018,1363.5867479468,1981.4700767279,1756.8074598771,1135.2700515050,294.0873953143
2019,1363.5867479468,1981.4700767279,1756.8074598771,1135.2700515050,294.0873953143
2020,1363.5867479468,1981.4700767279,1817.7255164151,1135.2700515050,294.0873953143
2021,1363.5867479468,1981.4700767279,1817.7255164151,1135.2700515050,294.0873953143
2022,1363.5867479468,1981.4700767279,1817.7255164151,971.8407170060,294.0873953143
2023,1363.5867479468,1981.4700767279,1817.7255164151,971.8407170060,294.0873953143
2024,1363.5867479468,1981.4700767279,1817.7255164151,971.8407170060,294.0873953143
2025,1363.5867479468,1981.4700767279,1817.7255164151,971.8407170060,294.0873953143
2026,1363.5867479468,1981.4700767279,1817.7255164151,971.8407170060,294.0873953143
2027,1363.5867479468,1981.4700767279,1817.7255164151,971.8407170060,294.0873953143
2028,1363.5867479468,1981.4700767279,1817.7255164151,971.8407170060,294.0873953143
2029,1363.5867479468,1981.4700767279,1817.7255164151,971.8407170060,294.0873953143
2030,1363.5867479468,1981.4700767279,1817.7255164151,971.8407170060,294.0873953143
2031,1363.5867479468,1981.4700767279,1817.7255164151,971.8407170060,294.0873953143
2032,1103.5119244974,1603.5473071268,1471.0334973903,786.4830173386,237.9965543537
2033,1103.5119244974,1603.5473071268,1471.0334973903,786.4830173386,237.9965543537
2034,1103.5119244974,1603.5473071268,1471.0334973903,786.4830173386,237.9965543537
2035,1103.5119244974,1603.5473071268,1471.0334973903,786.4830173386,237.9965543537
2036,1103.5119244974,1603.5473071268,1471.0334973903,786.4830173386,237.9965543537
2037,1103.5119244974,1603.5473071268,1471.0334973903,786.4830173386,237.9965543537
2038,1103.5119244974,1603.5473071268,1471.0334973903,786.4830173386,237.9965543537
2039,1103.5119244974,1603.5473071268,1471.0334973903,786.4830173386,237.9965543537
2040,1103.5119244974,1603.5473071268,1471.0334973903,786.4830173386,237.9965543537
2041,1103.5119244974,1603.5473071268,1471.0334973903,786.4830173386,237.9965543537
2042,1103.5119244974,1603.5473071268,1471.0334973903,786.4830173386,237.9965543537
2043,1103.5119244974,1603.5473071268,1471.0334973903,786.4830173386,237.9965543537
2044,1103.5119244974,1603.5473071268,1471.0334973903,786.4830173386,237.9965543537
2045,1103.5119244974,1603.5473071268,1471.0334973903,786.4830173386,237.9965543537
2046,1103.5119244974,1603.5473071268,1471.0334973903,786.4830173386,237.9965543537
2047,1103.5119244974,1603.5473071268,1471.0334973903,786.4830173386,237.9965543537
2048,1103.5119244974,1603.5473071268,1471.0334973903,786.4830173386,237.9965543537
2049,1103.5119244974,1603.5473071268,1318.1194124225,786.4830173386,237.9965543537
2050,1103.5119244974,1603.5473071268,1318.1194124225,786.4830173386,237.9965543537
2051,1103.5119244974,1603.5473071268,1318.1194124225,786.4830173386,237.9965543537
2052,1103.5119244974,1603.5473071268,1318.1194124225,786.4830173386,237.9965543537
2053,1103.5119244974,1603.5473071268,1318.1194124225,786.4830173386,237.9965543537
2054,1103.5119244974,1603.5473071268,1318.1194124225,786.4830173386,237.9965543537
2055,1103.5119244974,1603.5473071268,1318.1194124225,786.4830173386,237.9965543537
2056,1103.5119244974,1603.5473071268,1318.1194124225,786.4830173386,237.9965543537
2057,1103.5119244974,1603.5473071268,1318.1194124225,786.4830173386,237.9965543537
2058,1103.5119244974,1603.5473071268,1318.1194124225,786.4830173386,237.9965543537
2059,1103.5119244974,1603.5473071268,1318.1194124225,786.4830173386,237.9965543537
2060,1103.5119244974,1603.5473071268,1318.1194124225,786.4830173386,237.9965543537
2061,1103.5119244974,1603.5473071268,1318.1194124225,786.4830173386,237.9965543537
2062,1103.5119244974,1603.5473071268,1318.1194124225,786.4830173386,237.9965543537
2063,1103.5119244974,1603.5473071268,1318.1194124225,786.4830173386,237.9965543537
2064,1103.5119244974,1603.5473071268,1318.1194124225,786.4830173386,237.9965543537
2065,1076.0074076586,1563.5796430432,1285.2659046627,766.8802972288,232.0646019284
2066,1076.0074076586,1563.5796430432,1285.2659046627,766.8802972288,232.0646019284
2067,1076.0074076586,1563.5796430432,1285.2659046627,766.8802972288,232.0646019284
2068,1076.0074076586,1563.5796430432,1285.2659046627,766.8802972288,232.0646019284
2069,1076.0074076586,1563.5796430432,1285.2659046627,766.8802972288,232.0646019284
2070,1076.0074076586,1563.5796430432,1285.2659046627,766.8802972288,232.0646019284
2071,1076.0074076586,1563.5796430432,1285.2659046627,766.8802972288,232.0646019284
2072,1076.0074076586,1563.5796430432,1285.2659046627,766.8802972288,232.0646019284
2073,1076.0074076586,1563.5796430432,1285.2659046627,766.8802972288,232.0646019284
2074,1076.0074076586,1563.5796430432,1285.2659046627,766.8802972288,232.0646019284
2075,1076.0074076586,1563.5796430432,1285.2659046627,766.8802972288,232.0646019284
2076,1076.0074076586,1563.5796430432,1285.2659046627,766.8802972288,232.0646019284
2077,1076.0074076586,1563.5796430432,1285.2659046627,766.8802972288,232.0646019284
2078,1076.0074076586,1563.5796430432,1285.2659046627,766.8802972288,232.0646019284
2079,1076.0074076586,1563.5796430432,1285.2659046627,766.8802972288,232.0646019284
2080,1076.0074076586,1563.5796430432,1285.2659046627,766.8802972288,232.0646019284
2081,1076.0074076586,1563.5796430432,1285.2659046627,766.8802972288,232.0646019284
2082,1076.0074076586,1563.5796430432,1285.2659046627,766.8802972288,232.0646019284
2083,1076.0074076586,1563.5796430432,1285.2659046627,766.8802972288,232.0646019284
2084,1076.0074076586,1563.5796430432,1285.2659046627,766.8802972288,232.0646019284
2085,1076.0074076586,1563.5796430432,1224.2139700560,730.4524066361,221.0412075864
2086,1076.0074076586,1563.5796430432,1224.2139700560,730.4524066361,221.0412075864
2087,1279.5461941924,1859.3481488440,1224.2139700560,730.4524066361,221.0412075864
